0.640684,0.227175,0.742129,0.312153,0.72305
0.640684,0.748658,0.742129,0.377893,0.877849
0.640684,0.740936,0.726288,0.451852,1.051999
0.640684,0.725038,0.742129,0.52581,1.226148
0.640684,0.740936,0.742129,0.562676,1.317661
0.640684,0.740936,0.742129,0.556409,1.306115
0.640684,0.791707,0.785944,0.553175,1.295299
0.732354,0.798325,0.80025,0.55265,1.293652
0.772192,0.870348,0.931425,0.552925,1.293652
0.68836,0.740936,0.757912,0.555995,1.293874
0.640684,0.763639,0.75736,0.557407,1.299332
0.590057,0.740936,0.756807,0.557814,1.303684
0.590057,0.763639,0.756807,0.557914,1.3089
0.68836,0.784927,0.799769,0.560895,1.3135
0.590057,0.740936,0.756807,0.564448,1.31804
0.640684,0.748658,0.75736,0.569185,1.325984
0.68836,0.798325,0.799769,0.571375,1.336091
0.640684,0.740936,0.75736,0.576559,1.366038
0.640684,0.725038,0.726288,0.590409,1.403146
0.68836,0.725038,0.726885,0.609388,1.455069
0.640684,0.691487,0.709854,0.628375,1.518125
0.732354,0.700083,0.694129,0.642831,1.596346
0.68836,0.58908,0.601211,0.650746,1.681824
0.68836,0.682752,0.675965,0.652075,1.764591
0.68836,0.627773,0.620508,0.654557,1.85064
0.732354,0.56928,0.582325,0.661231,1.925067
0.732354,0.58908,0.582325,0.6735,2.0073
0.772192,0.529064,0.522921,0.699875,2.09425
0.772192,0.529064,0.522921,0.737486,2.16643
0.838755,0.498627,0.483849,0.829375,2.244351
0.807658,0.428033,0.442746,0.922328,2.300486
0.807658,0.388792,0.383763,1.022365,2.338775
0.807658,0.341743,0.328011,1.140153,2.369115
0.772192,0.314874,0.309727,1.232364,2.370365
0.772192,0.314874,0.327349,1.354424,2.370365
0.68836,0.213225,0.215079,1.498871,2.370273
0.68836,0.199912,0.188932,1.586014,2.357127
0.68836,0.14269,0.144088,1.660138,2.319342
0.483989,0.128419,0.142611,1.784148,2.256683
0.379345,0.119595,0.123231,1.908322,2.188078
0.330381,0.133036,0.122907,2.009006,2.115157
0.24329,0.163746,0.150893,2.12422,2.00698
0.206057,0.187231,0.140419,2.208329,1.883071
0.206057,0.206491,0.223835,2.259398,1.768373
0.173218,0.256962,0.237711,2.307965,1.638442
0.120124,0.249281,0.236623,2.338744,1.511426
0.173218,0.360248,0.373856,2.340406,1.379666
0.173218,0.398486,0.373856,2.340406,1.243806
0.173218,0.428033,0.412578,2.334925,1.136056
0.173218,0.44803,0.452412,2.300675,1.001783
0.173218,0.529064,0.51316,2.250955,0.916177
0.120124,0.529064,0.591802,2.192763,0.842519
0.144659,0.598879,0.611975,2.129605,0.7807
0.173218,0.637217,0.612689,2.046954,0.728549
0.173218,0.608599,0.612689,1.947922,0.692789
0.173218,0.637217,0.631771,1.830385,0.662316
0.206057,0.655786,0.651133,1.726832,0.650745
0.206057,0.691487,0.687061,1.630332,0.648656
0.284837,0.740936,0.73808,1.524069,0.648656
0.24329,0.733064,0.737498,1.448046,0.648656
0.284837,0.811092,0.808762,1.353496,0.663485
0.379345,0.791707,0.796864,1.237808,0.716165
0.483989,0.82323,0.822767,1.16354,0.767944
0.483989,0.798325,0.797835,1.084427,0.846232
0.430896,0.784927,0.783913,1.026942,0.921746
0.483989,0.791707,0.797835,0.966605,1.012365
0.590057,0.748658,0.756807,0.903986,1.10771
0.590057,0.740936,0.741553,0.837476,1.210958
0.483989,0.740936,0.740399,0.800796,1.331114
0.68836,0.700083,0.69349,0.7795,1.450125
0.640684,0.61823,0.6198,0.773,1.563861
0.68836,0.61823,0.620508,0.773,1.672295
0.732354,0.56928,0.562455,0.773,1.768059
0.732354,0.488471,0.501886,0.781356,1.883971
0.772192,0.478329,0.482347,0.815375,1.980875
0.772192,0.488471,0.482347,0.878317,2.060076
0.807658,0.428033,0.442746,0.949715,2.133706
0.732354,0.398486,0.42135,1.015092,2.183363
0.772192,0.350942,0.364054,1.0989,2.231306
0.772192,0.360248,0.364054,1.170798,2.265589
0.732354,0.289192,0.292019,1.255354,2.300417
0.732354,0.264796,0.259612,1.347293,2.327975
0.732354,0.234388,0.244312,1.42476,2.3441
0.640684,0.206491,0.214572,1.517949,2.348
0.732354,0.187231,0.189393,1.596582,2.348
0.68836,0.169386,0.176803,1.668046,2.3466
0.537447,0.152922,0.153219,1.769558,2.333204
0.330381,0.107345,0.106445,1.88131,2.284216
0.330381,0.137791,0.151665,1.974695,2.220486
0.330381,0.133036,0.151665,2.047867,2.158519
0.206057,0.227175,0.223835,2.120941,2.061645
0.206057,0.227175,0.223835,2.177655,1.954313
0.24329,0.280912,0.269559,2.224152,1.847051
0.173218,0.350942,0.373856,2.238,1.738654
0.144659,0.379182,0.373152,2.238,1.603164
0.173218,0.388792,0.373856,2.238,1.499442
0.206057,0.398486,0.393766,2.237625,1.41275
0.206057,0.360248,0.355741,2.207448,1.347512
0.173218,0.388792,0.393049,2.146244,1.307178
0.206057,0.408264,0.393766,2.076519,1.299
0.24329,0.418116,0.414036,1.992543,1.299
0.284837,0.438008,0.454648,1.908088,1.299
0.330381,0.438008,0.43534,1.796922,1.305176
0.330381,0.529064,0.536405,1.665,1.3355
0.379345,0.488471,0.476343,1.543349,1.367347
0.537447,0.508784,0.519169,1.427425,1.393128
0.590057,0.608599,0.599768,1.32516,1.425392
0.640684,0.57921,0.580861,1.215747,1.465741
0.68836,0.57921,0.620508,1.108343,1.50944
0.68836,0.637217,0.639432,1.006146,1.557234
0.68836,0.598879,0.601211,0.929673,1.600891
0.732354,0.608599,0.65861,0.873195,1.65823
0.732354,0.608599,0.582325,0.843341,1.726524
0.772192,0.518934,0.522921,0.843121,1.788655
0.772192,0.478329,0.482347,0.843121,1.86805
0.772192,0.478329,0.502638,0.847555,1.929943
0.732354,0.468201,0.481596,0.942716,1.98919
0.732354,0.458098,0.441263,1.041211,2.038948
0.68836,0.438008,0.460619,1.109085,2.065953
0.732354,0.408264,0.40169,1.173938,2.105113
0.68836,0.332663,0.344113,1.2563,2.147089
0.68836,0.280912,0.291398,1.352387,2.171683
0.732354,0.264796,0.275521,1.44846,2.1735
0.732354,0.256962,0.244312,1.511625,2.1735
0.68836,0.206491,0.201689,1.5748,2.170002
0.640684,0.199912,0.201205,1.664954,2.148187
0.24329,0.193493,0.197366,1.774314,2.107458
0.206057,0.206491,0.210046,1.885102,2.033012
0.24329,0.264796,0.253874,1.970115,1.947375
0.284837,0.249281,0.286456,2.049423,1.849771
0.173218,0.360248,0.355052,2.126117,1.72924
0.173218,0.458098,0.452412,2.175,1.61632
0.144659,0.44803,0.431648,2.181,1.512821
0.173218,0.428033,0.432385,2.181,1.393806
0.173218,0.498627,0.492865,2.180862,1.284858
0.24329,0.498627,0.494369,2.168805,1.197218
0.24329,0.58908,0.594704,2.1319,1.115273
0.24329,0.637217,0.614115,2.08075,1.044871
0.284837,0.627773,0.633867,2.000603,0.978996
0.330381,0.627773,0.634565,1.929032,0.925804
0.284837,0.716864,0.705499,1.853002,0.889212
0.379345,0.708545,0.706747,1.756174,0.867314
0.330381,0.708545,0.706123,1.667645,0.86
0.379345,0.740936,0.739241,1.573549,0.86
0.430896,0.691487,0.672663,1.484442,0.86
0.483989,0.691487,0.707992,1.387523,0.862186
0.537447,0.673887,0.691569,1.284332,0.90709
0.483989,0.708545,0.707992,1.193612,0.965246
0.537447,0.646557,0.63735,1.101545,1.051005
0.590057,0.646557,0.638045,1.03505,1.138981
0.590057,0.637217,0.638045,0.9789,1.2389
0.640684,0.637217,0.6198,0.934908,1.341725
0.68836,0.57921,0.581593,0.907029,1.444998
0.590057,0.56928,0.560233,0.903764,1.563238
0.68836,0.518934,0.541635,0.903764,1.67172
0.68836,0.529064,0.52142,0.904714,1.789254
0.68836,0.428033,0.440522,0.918415,1.894574
0.772192,0.379182,0.402413,0.942416,1.968908
0.732354,0.428033,0.42135,0.971669,2.087156
0.807658,0.341743,0.364751,1.003717,2.194034
0.807658,0.332663,0.364751,1.081528,2.274966
0.807658,0.280912,0.276723,1.12693,2.343511
0.807658,0.280912,0.276723,1.173943,2.389841
0.807658,0.17518,0.17812,1.229081,2.398
0.807658,0.17518,0.17812,1.296254,2.398
0.732354,0.181128,0.189393,1.361075,2.3965
0.68836,0.213225,0.201689,1.440061,2.369606
0.537447,0.17518,0.187553,1.49532,2.306903
0.537447,0.193493,0.187553,1.546522,2.230826
0.483989,0.193493,0.199759,1.594375,2.154625
0.537447,0.241758,0.242098,1.656271,2.060965
0.483989,0.234388,0.226986,1.706643,2.006972
0.430896,0.272781,0.322731,1.748601,1.943809
0.330381,0.323705,0.303971,1.803917,1.853347
0.284837,0.289192,0.286456,1.845787,1.781306
0.379345,0.272781,0.255586,1.893019,1.693841
0.206057,0.332663,0.355741,1.944429,1.601398
0.24329,0.418116,0.433862,1.995641,1.513436
0.24329,0.438008,0.433862,2.045152,1.409193
0.284837,0.488471,0.535657,2.061312,1.290024
0.206057,0.518934,0.513912,2.061312,1.196326
0.173218,0.549253,0.533412,2.061312,1.082691
0.144659,0.627773,0.611975,2.054987,0.983939
0.173218,0.655786,0.631771,2.023928,0.895951
0.206057,0.627773,0.613402,1.981586,0.822884
0.24329,0.646557,0.633169,1.917667,0.754379
0.284837,0.646557,0.652498,1.835798,0.697315
0.206057,0.740936,0.736916,1.743436,0.666479
0.24329,0.725038,0.737498,1.644883,0.664
0.284837,0.740936,0.73808,1.57062,0.664
0.284837,0.740936,0.73808,1.486,0.665625
0.284837,0.748658,0.73808,1.420361,0.686945
0.330381,0.733064,0.722686,1.347947,0.732057
0.430896,0.716864,0.72389,1.293129,0.787184
0.379345,0.708545,0.706747,1.219448,0.879856
0.379345,0.770891,0.706747,1.149601,0.976922
0.483989,0.733064,0.724491,1.107514,1.060862
0.430896,0.748658,0.73982,1.062442,1.137707
0.483989,0.664895,0.673325,1.02195,1.229555
0.537447,0.637217,0.63735,0.985348,1.334375
0.590057,0.637217,0.656578,0.968143,1.435641
0.537447,0.61823,0.599046,0.968143,1.537844
0.590057,0.57921,0.580129,0.968143,1.646595
0.590057,0.529064,0.560233,0.996521,1.75074
0.640684,0.539175,0.540889,1.034599,1.847295
0.640684,0.478329,0.500383,1.066064,1.938602
0.68836,0.438008,0.420617,1.102492,2.029716
0.732354,0.438008,0.42135,1.163165,2.121018
0.732354,0.360248,0.382341,1.229908,2.182346
0.772192,0.350942,0.345471,1.306173,2.228355
0.772192,0.306179,0.292641,1.371824,2.257605
0.732354,0.256962,0.275521,1.4223,2.266493
0.772192,0.264796,0.244868,1.505359,2.266493
0.772192,0.227175,0.26019,1.58568,2.266493
0.640684,0.163746,0.176365,1.679209,2.262398
0.590057,0.169386,0.164465,1.76105,2.226259
0.537447,0.152922,0.153219,1.839404,2.179033
0.379345,0.14269,0.141877,1.901529,2.133436
0.330381,0.14269,0.141511,1.953283,2.082446
0.284837,0.152922,0.162001,2.011222,2.001089
0.24329,0.206491,0.224358,2.062088,1.899309
0.284837,0.241758,0.23935,2.096647,1.780857
0.206057,0.332663,0.413307,2.099411,1.664726
0.144659,0.350942,0.336014,2.099411,1.563154
0.173218,0.388792,0.373856,2.099411,1.45387
0.173218,0.388792,0.393049,2.088081,1.354808
0.24329,0.458098,0.453902,2.065606,1.232764
0.24329,0.488471,0.433862,2.012033,1.14075
0.206057,0.518934,0.534161,1.951735,1.06941
0.379345,0.549253,0.557267,1.881867,1.008497
0.284837,0.598879,0.614827,1.808184,0.955562
0.206057,0.646557,0.63247,1.735137,0.900056
0.284837,0.655786,0.652498,1.672487,0.862329
0.330381,0.716864,0.706123,1.571584,0.8505
0.330381,0.716864,0.706123,1.496146,0.8505
0.330381,0.725038,0.706123,1.423877,0.8505
0.430896,0.708545,0.70737,1.361955,0.853412
0.483989,0.725038,0.724491,1.292875,0.872172
0.483989,0.725038,0.724491,1.21085,0.908956
0.483989,0.725038,0.707992,1.11496,0.966083
0.483989,0.708545,0.707992,1.052574,1.019104
0.483989,0.700083,0.690927,0.98461,1.096663
0.590057,0.682752,0.69221,0.92281,1.172974
0.483989,0.691487,0.690927,0.865105,1.236959
0.590057,0.691487,0.69221,0.828035,1.279647
0.640684,0.691487,0.69285,0.796152,1.314578
0.640684,0.559291,0.560974,0.777502,1.335706
0.640684,0.539175,0.560974,0.7765,1.340525
0.640684,0.708545,0.726288,0.7765,1.353092
0.537447,0.716864,0.691569,0.776748,1.373019
0.590057,0.627773,0.69221,0.789254,1.40569
0.537447,0.655786,0.6559,0.811869,1.455656
0.590057,0.61823,0.619091,0.832871,1.510073
0.590057,0.56928,0.560233,0.857003,1.590781
0.68836,0.58908,0.581593,0.874516,1.680841
0.68836,0.539175,0.52142,0.938714,1.787371
0.68836,0.498627,0.52142,1.041155,1.900064
0.732354,0.458098,0.461366,1.151704,1.988741
0.732354,0.44803,0.441263,1.210805,2.084238
0.772192,0.388792,0.383052,1.253338,2.17924
0.68836,0.350942,0.326026,1.295031,2.261516
0.772192,0.297616,0.292641,1.344488,2.338119
0.772192,0.249281,0.244868,1.374587,2.416047
0.772192,0.227175,0.230167,1.394358,2.462525
0.772192,0.199912,0.202659,1.407046,2.48875
0.807658,0.163746,0.203145,1.435486,2.525684
0.68836,0.147733,0.144088,1.486784,2.55
0.640684,0.137791,0.134011,1.5716,2.551
0.430896,0.12394,0.123557,1.666024,2.551
0.379345,0.079939,0.079486,1.741197,2.544503
0.330381,0.086123,0.085399,1.82425,2.508467
0.24329,0.14269,0.140782,1.896158,2.470097
0.24329,0.152922,0.140782,1.984187,2.397416
0.24329,0.17518,0.184819,2.058168,2.317282
0.24329,0.193493,0.197366,2.102216,2.247213
0.144659,0.234388,0.222792,2.151642,2.151119
0.173218,0.256962,0.223313,2.191358,2.035802
0.173218,0.306179,0.301432,2.232894,1.90607
0.144659,0.418116,0.411849,2.2745,1.8023
0.206057,0.398486,0.393766,2.27975,1.679797
0.206057,0.518934,0.493617,2.27975,1.55845
0.173218,0.488471,0.492865,2.27975,1.449949
0.173218,0.508784,0.492865,2.263549,1.311675
0.24329,0.57921,0.494369,2.232573,1.227161
0.206057,0.498627,0.493617,2.202344,1.184394
0.206057,0.478329,0.473343,2.154827,1.136085
0.24329,0.508784,0.494369,2.098,1.113226
0.284837,0.559291,0.555783,2.066721,1.113226
0.379345,0.559291,0.557267,1.962961,1.113226
0.483989,0.539175,0.538648,1.858319,1.126013
0.483989,0.518934,0.518418,1.758358,1.186796
0.430896,0.57921,0.5379,1.661422,1.258315
0.590057,0.539175,0.540142,1.5631,1.3273
0.483989,0.518934,0.518418,1.446313,1.40211
0.68836,0.518934,0.52142,1.323756,1.477073
0.732354,0.57921,0.582325,1.222727,1.552341
0.68836,0.57921,0.601211,1.140363,1.612451
0.68836,0.57921,0.581593,1.041278,1.652563
0.68836,0.598879,0.601211,0.958842,1.658
0.68836,0.608599,0.620508,0.890107,1.658
0.590057,0.61823,0.638045,0.853,1.658
0.590057,0.691487,0.69221,0.845,1.626322
0.590057,0.673887,0.69221,0.845,1.563538
0.537447,0.708545,0.708613,0.845,1.486636
0.537447,0.748658,0.708613,0.853718,1.410404
0.430896,0.829063,0.833883,0.89825,1.329375
0.379345,0.784927,0.833466,0.943903,1.238003
0.379345,0.748658,0.739241,0.990875,1.153629
0.430896,0.725038,0.72389,1.045725,1.081656
0.284837,0.637217,0.633867,1.078938,1.038167
0.284837,0.57921,0.575728,1.134971,0.975779
0.284837,0.61823,0.595429,1.204413,0.927245
0.24329,0.549253,0.534909,1.27923,0.905707
0.206057,0.559291,0.554298,1.356069,0.905109
0.173218,0.498627,0.492865,1.44831,0.905109
0.206057,0.478329,0.473343,1.547752,0.905109
0.24329,0.379182,0.394485,1.643716,0.921408
0.24329,0.388792,0.375265,1.736656,0.949292
0.284837,0.350942,0.338704,1.8218,0.989825
0.330381,0.306179,0.321418,1.884695,1.039776
0.284837,0.249281,0.270151,1.92702,1.090557
0.379345,0.163746,0.162819,1.946525,1.125981
0.330381,0.199912,0.198321,1.947,1.182207
0.379345,0.206491,0.212049,1.947,1.274754
0.379345,0.241758,0.225932,1.947,1.390757
0.640684,0.256962,0.258458,1.939352,1.500099
0.68836,0.227175,0.229103,1.901059,1.637686
0.732354,0.234388,0.229635,1.856455,1.757496
0.732354,0.256962,0.259612,1.813011,1.856645
0.732354,0.249281,0.259612,1.753458,1.956612
0.772192,0.341743,0.345471,1.693018,2.019506
0.772192,0.369665,0.383052,1.61811,2.07912
0.807658,0.438008,0.462861,1.529875,2.12775
0.807658,0.438008,0.442746,1.439127,2.159186
0.772192,0.428033,0.422084,1.357728,2.176518
0.807658,0.458098,0.462861,1.282774,2.184477
0.772192,0.468201,0.482347,1.222216,2.1875
0.772192,0.438008,0.442004,1.152369,2.18775
0.68836,0.44803,0.460619,1.078988,2.18775
0.68836,0.518934,0.52142,1.02075,2.178562
0.68836,0.539175,0.52142,0.974835,2.138694
0.640684,0.61823,0.60049,0.950269,2.099379
0.640684,0.608599,0.6198,0.932491,2.066114
0.640684,0.691487,0.69285,0.906843,2.010551
0.68836,0.716864,0.726885,0.901968,1.916666
0.537447,0.646557,0.63735,0.901968,1.819119
0.483989,0.691487,0.673325,0.901968,1.705805
0.483989,0.770891,0.784422,0.907875,1.602625
0.430896,0.748658,0.73982,0.917304,1.519957
0.330381,0.756227,0.754029,0.922315,1.474738
0.430896,0.756227,0.72389,0.942164,1.334585
0.330381,0.691487,0.688997,0.977625,1.20425
0.330381,0.691487,0.688997,1.028068,1.086582
0.379345,0.708545,0.723288,1.098485,0.971577
0.284837,0.725038,0.73808,1.171375,0.879375
0.206057,0.708545,0.704248,1.242349,0.810737
0.24329,0.708545,0.687707,1.328235,0.750208
0.206057,0.664895,0.651133,1.427665,0.734
0.24329,0.646557,0.633169,1.522386,0.734
0.206057,0.57921,0.574258,1.615602,0.734
0.144659,0.559291,0.532664,1.6988,0.7516
0.144659,0.518934,0.552811,1.778869,0.798313
0.206057,0.498627,0.493617,1.841604,0.854041
0.206057,0.44803,0.433124,1.906083,0.925776
0.206057,0.418116,0.413307,1.960439,1.00183
0.284837,0.369665,0.357121,1.993963,1.117597
0.284837,0.323705,0.338704,2.006,1.214703
0.24329,0.350942,0.320107,2.006,1.331392
0.24329,0.280912,0.269559,2.006,1.441543
0.24329,0.256962,0.238803,2.003896,1.549203
0.590057,0.234388,0.228043,1.982624,1.657554
0.483989,0.206491,0.163641,1.918724,1.772863
0.537447,0.199912,0.21356,1.864214,1.869777
0.590057,0.213225,0.200722,1.806471,1.948048
0.68836,0.199912,0.229103,1.7289,2.022071
0.68836,0.249281,0.259034,1.649351,2.089282
0.732354,0.297616,0.292019,1.584781,2.132479
0.732354,0.332663,0.326687,1.57046,2.151697
0.68836,0.369665,0.362663,1.559644,2.151697
0.732354,0.360248,0.382341,1.497826,2.151697
0.640684,0.428033,0.419884,1.434742,2.139879
0.640684,0.398486,0.419884,1.390079,2.096309
0.590057,0.458098,0.459125,1.355678,2.03652
0.537447,0.539175,0.559492,1.331879,1.968527
0.483989,0.61823,0.617672,1.261476,1.872912
0.379345,0.57921,0.577196,1.215109,1.760377
0.330381,0.58908,0.576462,1.211906,1.676788
0.379345,0.61823,0.616251,1.211906,1.628433
0.379345,0.637217,0.616251,1.211906,1.540724
0.379345,0.691487,0.689641,1.230172,1.427989
0.330381,0.740936,0.754029,1.267389,1.288283
0.284837,0.740936,0.722083,1.308254,1.145794
0.284837,0.700083,0.705499,1.35775,1.012208
0.24329,0.733064,0.721479,1.41475,0.907125
0.284837,0.682752,0.670674,1.487818,0.807347
0.24329,0.664895,0.651816,1.549811,0.745583
0.173218,0.646557,0.65045,1.615039,0.732167
0.173218,0.488471,0.492865,1.675939,0.732167
0.206057,0.468201,0.453157,1.745933,0.732167
0.206057,0.398486,0.393766,1.8045,0.747467
0.284837,0.332663,0.357121,1.851911,0.809946
0.379345,0.289192,0.287686,1.890901,0.891171
0.379345,0.256962,0.271339,1.922803,0.968762
0.379345,0.256962,0.255586,1.927852,1.019297
0.379345,0.213225,0.212049,1.927852,1.147164
0.483989,0.213225,0.226986,1.927852,1.290899
0.483989,0.199912,0.199759,1.918282,1.432787
0.483989,0.213225,0.213055,1.890273,1.562903
0.590057,0.199912,0.214065,1.864588,1.675662
0.590057,0.213225,0.214065,1.825016,1.784097
0.483989,0.272781,0.288921,1.774757,1.877267
0.537447,0.297616,0.289539,1.721261,1.963682
0.483989,0.360248,0.341403,1.668984,1.985784
0.483989,0.418116,0.437559,1.63298,1.985784
0.537447,0.438008,0.458378,1.606615,1.985784
0.430896,0.559291,0.5379,1.585623,1.966355
0.379345,0.56928,0.557267,1.553984,1.910531
0.379345,0.57921,0.596877,1.531655,1.821007
0.379345,0.655786,0.689641,1.510144,1.726517
0.379345,0.655786,0.653861,1.495875,1.622375
0.430896,0.708545,0.70737,1.48925,1.557
0.430896,0.756227,0.755142,1.474911,1.452293
0.330381,0.798325,0.796376,1.448708,1.332663
0.379345,0.791707,0.796864,1.419727,1.22043
0.379345,0.777988,0.783403,1.390976,1.116704
0.430896,0.770891,0.783913,1.354947,1.023621
0.430896,0.784927,0.769843,1.312482,0.929152
0.483989,0.756227,0.755698,1.256674,0.855054
0.537447,0.756227,0.770907,1.220684,0.8385
0.590057,0.740936,0.725689,1.173825,0.8385
0.640684,0.637217,0.657256,1.126217,0.8385
0.590057,0.598879,0.599768,1.085104,0.854935
0.640684,0.598879,0.6198,1.039906,0.916021
0.590057,0.61823,0.599768,0.997777,1.004026
0.68836,0.478329,0.480845,0.96975,1.102125
0.640684,0.478329,0.459872,0.9494,1.2103
0.68836,0.398486,0.400968,0.944,1.313916
0.68836,0.428033,0.440522,0.944,1.41974
0.640684,0.341743,0.343434,0.944266,1.517639
0.640684,0.341743,0.325366,0.967154,1.634603
0.68836,0.264796,0.274921,1.018284,1.72417
0.590057,0.213225,0.200722,1.072175,1.823163
0.590057,0.199912,0.188012,1.127648,1.904793
0.537447,0.187231,0.187553,1.182072,1.970734
0.483989,0.193493,0.187095,1.256662,2.037814
0.379345,0.17518,0.162819,1.340607,2.083319
0.206057,0.187231,0.161186,1.432535,2.111242
0.24329,0.206491,0.197366,1.532286,2.112492
0.173218,0.187231,0.183915,1.622322,2.112492
0.206057,0.314874,0.302066,1.726062,2.109232
0.206057,0.306179,0.302066,1.828056,2.085344
0.24329,0.379182,0.375265,1.923259,2.04385
0.24329,0.398486,0.394485,2.006078,2.003534
0.173218,0.458098,0.432385,2.072137,1.943878
0.173218,0.428033,0.432385,2.119707,1.875319
0.173218,0.44803,0.452412,2.167374,1.780277
0.206057,0.539175,0.554298,2.190468,1.691552
0.173218,0.549253,0.631771,2.196501,1.611489
0.206057,0.627773,0.613402,2.198611,1.515828
0.206057,0.673887,0.669344,2.198611,1.406363
0.206057,0.655786,0.651133,2.198611,1.295979
0.206057,0.691487,0.669344,2.19533,1.185935
0.24329,0.691487,0.687707,2.16281,1.093143
0.284837,0.646557,0.614827,2.127125,0.997875
0.206057,0.56928,0.574258,2.099732,0.918604
0.483989,0.498627,0.477843,2.043838,0.845309
0.430896,0.518934,0.517667,1.974698,0.820721
0.483989,0.458098,0.477843,1.894653,0.820721
0.590057,0.388792,0.380213,1.829567,0.820721
0.640684,0.388792,0.380922,1.778012,0.824494
0.640684,0.388792,0.380922,1.727625,0.8615
0.732354,0.306179,0.309085,1.683881,0.919442
0.772192,0.369665,0.383052,1.637054,1.000003
0.772192,0.369665,0.383052,1.58714,1.101009
0.807658,0.408264,0.403136,1.563521,1.226646
0.807658,0.44803,0.442746,1.53275,1.34425
0.772192,0.398486,0.402413,1.489875,1.460656
0.772192,0.468201,0.442004,1.47762,1.592684
0.807658,0.529064,0.563934,1.468709,1.712031
0.807658,0.608599,0.603372,1.438178,1.815874
0.807658,0.518934,0.543874,1.38194,1.931769
0.807658,0.539175,0.523671,1.334937,2.008152
0.772192,0.518934,0.522921,1.252433,2.075796
0.732354,0.518934,0.542382,1.186732,2.133162
0.732354,0.508784,0.522171,1.109039,2.175715
0.732354,0.468201,0.481596,0.959993,2.1875
0.68836,0.498627,0.501135,0.850444,2.1875
0.68836,0.56928,0.620508,0.795372,2.1875
0.68836,0.56928,0.581593,0.743761,2.1795
0.640684,0.549253,0.560974,0.700797,2.152003
0.590057,0.598879,0.540142,0.692547,2.116446
0.537447,0.56928,0.599046,0.692547,2.072869
0.537447,0.57921,0.559492,0.692547,2.024378
0.483989,0.539175,0.538648,0.701985,1.969279
0.483989,0.518934,0.538648,0.736589,1.901208
0.430896,0.559291,0.558009,0.784302,1.8192
0.430896,0.559291,0.558009,0.836582,1.726064
0.379345,0.539175,0.557267,0.889998,1.637924
0.330381,0.518934,0.536405,0.945383,1.584952
0.24329,0.518934,0.453902,1.004743,1.554989
0.24329,0.488471,0.494369,1.052523,1.522479
0.24329,0.529064,0.514663,1.110907,1.495129
0.206057,0.518934,0.513912,1.201294,1.474295
0.173218,0.549253,0.533412,1.299055,1.452129
0.24329,0.488471,0.494369,1.410029,1.44449
0.24329,0.379182,0.375265,1.506343,1.418215
0.206057,0.408264,0.393766,1.627678,1.380453
0.206057,0.306179,0.285228,1.737985,1.351
0.206057,0.234388,0.253304,1.844007,1.269932
0.206057,0.241758,0.238257,1.924953,1.233
0.173218,0.193493,0.196415,2.003115,1.233
0.330381,0.17518,0.17376,2.075306,1.233
0.379345,0.12394,0.132276,2.113725,1.263675
0.430896,0.115383,0.123557,2.139942,1.336246
0.379345,0.133036,0.152052,2.151,1.433442
0.430896,0.103513,0.099503,2.151,1.534653
0.430896,0.147733,0.15244,2.151,1.686392
0.483989,0.163746,0.163641,2.144531,1.818552
0.590057,0.17518,0.175929,2.099812,1.903581
0.590057,0.187231,0.188012,2.063864,2.025918
0.590057,0.187231,0.175929,2.036073,2.117216
0.640684,0.193493,0.214572,1.979859,2.207161
0.68836,0.249281,0.243758,1.908474,2.236375
0.732354,0.280912,0.292019,1.843959,2.241981
0.68836,0.341743,0.344113,1.80875,2.243363
0.732354,0.388792,0.382341,1.75836,2.242804
0.68836,0.388792,0.344113,1.6666,2.238804
0.68836,0.418116,0.400968,1.595732,2.234375
0.68836,0.458098,0.480845,1.486391,2.219429
0.640684,0.478329,0.500383,1.396365,2.193314
0.640684,0.549253,0.560974,1.317364,2.151217
0.590057,0.61823,0.599768,1.234009,2.095116
0.590057,0.598879,0.599768,1.175721,2.04111
0.590057,0.716864,0.638045,1.121641,1.963266
0.483989,0.691487,0.690927,1.075821,1.856913
0.483989,0.756227,0.755698,1.047149,1.787797
0.483989,0.725038,0.740399,1.038984,1.767606
0.430896,0.81724,0.810154,1.037814,1.741413
0.330381,0.811092,0.809227,1.037709,1.711119
0.330381,0.834745,0.821448,1.037709,1.698833
0.379345,0.725038,0.723288,1.038569,1.630907
0.430896,0.725038,0.72389,1.044935,1.492228
0.379345,0.733064,0.739241,1.063973,1.369732
0.284837,0.700083,0.688353,1.105319,1.257687
0.284837,0.673887,0.688353,1.156866,1.172274
0.206057,0.637217,0.63247,1.208722,0.877325
0.24329,0.58908,0.594704,1.275109,0.735
0.24329,0.598879,0.534909,1.344044,0.735
0.24329,0.549253,0.534909,1.443155,0.735
0.173218,0.468201,0.472594,1.529563,0.736875
0.24329,0.488471,0.474093,1.635017,0.762808
0.206057,0.468201,0.453157,1.730054,0.805754
0.206057,0.369665,0.37456,1.809343,0.857018
0.284837,0.350942,0.338704,1.882866,0.908021
0.206057,0.323705,0.319453,1.94422,0.981219
0.284837,0.314874,0.357121,1.990056,1.06161
0.206057,0.264796,0.253304,2.038939,1.15517
0.24329,0.249281,0.253874,2.062888,1.265154
0.206057,0.193493,0.223835,2.069,1.37465
0.483989,0.213225,0.213055,2.069,1.494668
0.430896,0.256962,0.240996,2.068775,1.605934
0.330381,0.241758,0.239898,2.065686,1.700982
0.537447,0.234388,0.242098,2.039109,1.794912
0.590057,0.272781,0.273723,1.986087,1.878759
0.68836,0.280912,0.274921,1.927176,1.94154
0.68836,0.272781,0.291398,1.86225,1.98625
0.732354,0.332663,0.326687,1.792325,2.02105
0.68836,0.44803,0.420617,1.711755,2.04491
0.68836,0.428033,0.440522,1.583076,2.064882
0.732354,0.478329,0.461366,1.471202,2.073732
0.772192,0.458098,0.482347,1.360875,2.074
0.732354,0.598879,0.601932,1.261779,2.074
0.772192,0.478329,0.482347,1.154634,2.074
0.772192,0.498627,0.502638,1.063028,2.066813
0.640684,0.518934,0.52067,0.978244,2.044651
0.68836,0.508784,0.52142,0.917037,2.010532
0.590057,0.56928,0.619091,0.869,1.958115
0.590057,0.627773,0.638045,0.854,1.899032
0.590057,0.655786,0.638045,0.854,1.835375
0.590057,0.708545,0.725689,0.854,1.751977
0.483989,0.708545,0.707992,0.854,1.71
0.430896,0.756227,0.755142,0.857054,1.691982
0.430896,0.725038,0.73982,0.874057,1.592165
0.430896,0.82323,0.822328,0.890921,1.504794
0.483989,0.798325,0.784422,0.910901,1.410548
0.379345,0.798325,0.796864,0.939334,1.286781
0.379345,0.834745,0.821889,0.965653,1.16577
0.379345,0.784927,0.796864,0.992071,1.04669
0.330381,0.763639,0.754029,1.016637,0.964296
0.284837,0.725038,0.722083,1.061873,0.847431
0.330381,0.716864,0.706123,1.120481,0.743041
0.379345,0.691487,0.689641,1.17482,0.692221
0.284837,0.61823,0.614827,1.259057,0.67
0.24329,0.58908,0.574993,1.339156,0.67
0.206057,0.549253,0.554298,1.459506,0.67
0.24329,0.529064,0.534909,1.568524,0.689627
0.206057,0.468201,0.473343,1.6631,0.7307
0.206057,0.418116,0.433124,1.753625,0.771
0.206057,0.438008,0.433124,1.836358,0.825274
0.24329,0.379182,0.356431,1.897084,0.892143
0.284837,0.458098,0.303335,1.947023,0.958062
0.284837,0.314874,0.320762,1.984795,1.054353
0.206057,0.220121,0.223835,1.99,1.075
0.206057,0.213225,0.19689,2.01169,1.141898
0.173218,0.187231,0.17204,2.044675,1.262925
0.284837,0.169386,0.173328,2.066862,1.384081
0.379345,0.158258,0.152052,2.08,1.462745
0.430896,0.227175,0.226458,2.08,1.60016
0.430896,0.206491,0.212552,2.08,1.709091
0.483989,0.199912,0.199759,2.07531,1.813556
0.590057,0.249281,0.242651,2.045662,1.90013
0.483989,0.280912,0.288921,2.0022,1.955443
0.537447,0.323705,0.342079,1.933702,1.972108
0.483989,0.398486,0.417689,1.854083,1.972108
0.537447,0.418116,0.41842,1.780474,1.972108
0.430896,0.438008,0.456886,1.707721,1.965047
0.483989,0.529064,0.518418,1.632643,1.930914
0.430896,0.57921,0.558009,1.584357,1.875375
0.483989,0.508784,0.518418,1.551246,1.812913
0.483989,0.646557,0.673325,1.514223,1.732423
0.379345,0.725038,0.706747,1.4895,1.6452
0.379345,0.725038,0.723288,1.476536,1.585759
0.430896,0.770891,0.769843,1.459017,1.481845
0.379345,0.770891,0.76931,1.443561,1.348426
0.430896,0.834745,0.844827,1.42318,1.232387
0.537447,0.860899,0.855919,1.387333,1.113331
0.483989,0.82323,0.834299,1.334625,1.002375
0.537447,0.798325,0.811077,1.295676,0.947235
0.483989,0.798325,0.797835,1.249585,0.87596
0.590057,0.784927,0.785438,1.218004,0.801895
0.590057,0.770891,0.785438,1.159202,0.791836
0.483989,0.770891,0.755698,1.075804,0.791836
0.430896,0.682752,0.672663,1.048368,0.792624
0.537447,0.655786,0.673986,1.03016,0.81819
0.590057,0.58908,0.638045,1.026453,0.844803
0.483989,0.539175,0.558751,1.027203,0.908767
0.483989,0.56928,0.578663,1.027203,0.997251
0.590057,0.488471,0.499631,1.030122,1.094239
0.537447,0.438008,0.438299,1.06675,1.18143
0.590057,0.341743,0.361274,1.117969,1.276053
0.640684,0.360248,0.361968,1.153475,1.381035
0.590057,0.297616,0.307161,1.18911,1.477371
0.537447,0.256962,0.242098,1.250232,1.594652
0.537447,0.199912,0.227514,1.31533,1.691956
0.537447,0.227175,0.175493,1.375793,1.774709
0.483989,0.163746,0.152829,1.442063,1.86437
0.379345,0.115383,0.114724,1.51092,1.947852
0.379345,0.137791,0.141877,1.603401,2.024622
0.284837,0.14269,0.141146,1.698659,2.070096
0.24329,0.137791,0.131244,1.791666,2.079
0.206057,0.14269,0.130901,1.889325,2.079
0.206057,0.206491,0.285228,1.975065,2.079
0.173218,0.199912,0.196415,2.05827,2.067092
0.24329,0.199912,0.197366,2.138374,2.022533
0.206057,0.280912,0.268967,2.220956,1.96179
0.144659,0.332663,0.318147,2.312042,1.894512
0.173218,0.350942,0.355052,2.37937,1.83132
0.144659,0.44803,0.431648,2.447269,1.742563
0.173218,0.438008,0.432385,2.479243,1.640927
0.144659,0.488471,0.492114,2.482653,1.547822
0.173218,0.508784,0.492865,2.482653,1.424748
0.144659,0.56928,0.572787,2.482403,1.345751
0.206057,0.559291,0.554298,2.450026,1.224873
0.144659,0.57921,0.572787,2.364023,1.10919
0.206057,0.56928,0.574258,2.281126,1.038882
0.173218,0.646557,0.686414,2.2115,0.955083
0.206057,0.691487,0.687061,2.144222,0.903542
0.24329,0.708545,0.687707,2.021551,0.843286
0.284837,0.691487,0.688353,1.90195,0.785294
0.284837,0.791707,0.808762,1.798336,0.774048
0.379345,0.700083,0.706747,1.693011,0.774048
0.430896,0.708545,0.72389,1.598817,0.774048
0.483989,0.756227,0.755698,1.489197,0.782887
0.430896,0.740936,0.73982,1.396359,0.804895
0.483989,0.725038,0.724491,1.299387,0.843818
0.537447,0.673887,0.6559,1.218932,0.912636
0.537447,0.61823,0.618382,1.175691,0.998438
0.590057,0.655786,0.619091,1.13325,1.066125
0.537447,0.61823,0.618382,1.087682,1.153712
0.483989,0.598879,0.598323,1.053392,1.243432
0.640684,0.549253,0.540889,1.02483,1.344155
0.68836,0.488471,0.501135,1.002453,1.460486
0.732354,0.458098,0.461366,0.99197,1.57524
0.732354,0.458098,0.481596,0.97797,1.663643
0.68836,0.428033,0.420617,0.977,1.77012
0.772192,0.360248,0.383052,0.977,1.878098
0.772192,0.341743,0.364054,0.9802,1.9846
0.732354,0.341743,0.363358,1.051219,2.072963
0.807658,0.314874,0.310371,1.125193,2.147177
0.640684,0.256962,0.258458,1.185401,2.20061
0.68836,0.234388,0.243758,1.246752,2.213729
0.590057,0.220121,0.214065,1.318906,2.213729
0.537447,0.227175,0.21356,1.403887,2.213729
0.483989,0.163746,0.163641,1.48882,2.206784
0.284837,0.256962,0.23935,1.558612,2.171113
0.330381,0.241758,0.239898,1.597572,2.121385
0.430896,0.289192,0.271934,1.673552,2.058383
0.379345,0.341743,0.340052,1.741609,1.984801
0.379345,0.350942,0.358503,1.783201,1.925026
0.330381,0.360248,0.357812,1.798679,1.894643
0.330381,0.398486,0.395922,1.799,1.889
0.24329,0.388792,0.394485,1.8236,1.817793
0.483989,0.478329,0.477843,1.829,1.75386
0.483989,0.518934,0.538648,1.829,1.639757
0.483989,0.539175,0.518418,1.829,1.607
0.483989,0.57921,0.673325,1.829,1.607
0.430896,0.637217,0.635959,1.815562,1.588589
0.483989,0.708545,0.724491,1.767849,1.522678
0.537447,0.708545,0.708613,1.6733,1.431003
0.590057,0.725038,0.725689,1.541576,1.333189
0.537447,0.798325,0.79832,1.396461,1.258687
0.537447,0.798325,0.79832,1.258761,1.179619
0.590057,0.798325,0.798804,1.129534,1.133685
0.537447,0.845652,0.845614,1.000783,1.078901
0.537447,0.850879,0.855919,0.884981,1.02094
0.537447,0.840274,0.845614,0.827556,0.973462
0.483989,0.883492,0.883127,0.808639,0.922089
0.537447,0.834745,0.845614,0.808639,0.865992
0.537447,0.834745,0.823205,0.808639,0.817323
0.483989,0.82323,0.822767,0.813178,0.778143
0.590057,0.811092,0.823643,0.843043,0.749929
0.537447,0.777988,0.78493,0.889421,0.728964
0.379345,0.770891,0.783403,0.952302,0.710049
0.483989,0.748658,0.784422,1.03422,0.689862
0.430896,0.708545,0.755142,1.125689,0.676665
0.24329,0.700083,0.704874,1.222594,0.667163
0.24329,0.700083,0.704874,1.297989,0.6602
0.173218,0.637217,0.65045,1.408877,0.658188
0.206057,0.627773,0.63247,1.524091,0.658188
0.173218,0.559291,0.573523,1.631203,0.658188
0.144659,0.559291,0.552811,1.748723,0.669935
0.144659,0.468201,0.492114,1.841858,0.702763
0.144659,0.44803,0.411849,1.937195,0.742684
0.173218,0.408264,0.412578,2.023091,0.794793
0.144659,0.398486,0.392332,2.081107,0.854858
0.206057,0.341743,0.285228,2.143482,0.942629
0.173218,0.306179,0.301432,2.189821,1.031505
0.24329,0.241758,0.253874,2.230272,1.143345
0.173218,0.206491,0.209547,2.252889,1.248531
0.206057,0.193493,0.19689,2.254462,1.345332
0.206057,0.187231,0.172468,2.254462,1.480088
0.537447,0.181128,0.187553,2.251721,1.590145
0.537447,0.17518,0.175493,2.220327,1.720687
0.590057,0.199912,0.200722,2.174347,1.840471
0.68836,0.234388,0.243758,2.102883,1.933379
0.732354,0.249281,0.259612,2.034342,2.014555
0.68836,0.323705,0.308443,1.977982,2.068179
0.640684,0.350942,0.361968,1.903591,2.114104
0.68836,0.388792,0.381631,1.786931,2.1274
0.640684,0.398486,0.400245,1.684858,2.1274
0.640684,0.508784,0.52067,1.584966,2.1274
0.640684,0.498627,0.52067,1.499404,2.117925
0.640684,0.559291,0.560974,1.408734,2.080398
0.590057,0.598879,0.599768,1.325339,2.033996
0.590057,0.637217,0.638045,1.240338,1.973039
0.590057,0.655786,0.674647,1.173045,1.894303
0.483989,0.708545,0.707992,1.154125,1.818631
0.537447,0.673887,0.691569,1.147848,1.711397
0.430896,0.740936,0.73982,1.135576,1.647395
0.430896,0.725038,0.73982,1.120059,1.543558
0.330381,0.716864,0.722686,1.1125,1.433739
0.379345,0.725038,0.723288,1.111316,1.318647
0.379345,0.716864,0.723288,1.109562,1.183214
0.379345,0.725038,0.706747,1.112841,1.059573
0.284837,0.725038,0.73808,1.126395,0.938842
0.206057,0.716864,0.704248,1.141878,0.846892
0.284837,0.673887,0.652498,1.180876,0.759137
0.330381,0.646557,0.671338,1.257228,0.698821
0.206057,0.57921,0.554298,1.331018,0.665416
0.206057,0.518934,0.493617,1.412597,0.6605
0.24329,0.478329,0.453902,1.501548,0.6605
0.206057,0.418116,0.393766,1.588241,0.6608
0.173218,0.398486,0.393049,1.676433,0.674817
0.206057,0.264796,0.253304,1.730081,0.702234
0.206057,0.272781,0.268967,1.803307,0.743142
0.284837,0.169386,0.162001,1.865541,0.808622
0.379345,0.163746,0.174192,1.92939,0.903761
0.284837,0.193493,0.162001,1.985544,1.00316
0.537447,0.152922,0.153219,2.022187,1.086242
0.640684,0.213225,0.201205,2.039848,1.180944
0.732354,0.181128,0.189393,2.05,1.278371
0.640684,0.227175,0.228572,2.05,1.406467
0.640684,0.234388,0.228572,2.05,1.51402
0.640684,0.234388,0.243204,2.041688,1.640568
0.640684,0.272781,0.274322,2.023688,1.750107
0.537447,0.280912,0.289539,1.982737,1.853694
0.537447,0.360248,0.36058,1.930867,1.962581
0.537447,0.398486,0.458378,1.877081,2.049915
0.537447,0.418116,0.41842,1.8168,2.1246
0.483989,0.559291,0.538648,1.752329,2.194725
0.430896,0.549253,0.5379,1.684692,2.230325
0.430896,0.58908,0.57793,1.610089,2.2305
0.430896,0.57921,0.5976,1.554357,2.2305
0.430896,0.655786,0.672663,1.516664,2.224256
0.430896,0.691487,0.690285,1.490118,2.174168
0.430896,0.682752,0.70737,1.47025,2.117625
0.483989,0.725038,0.724491,1.450501,2.023547
0.430896,0.811092,0.79735,1.43113,1.909489
0.483989,0.82323,0.822767,1.411521,1.786318
0.483989,0.840274,0.822767,1.397482,1.681199
0.483989,0.811092,0.810616,1.372347,1.556933
0.537447,0.804788,0.79832,1.339422,1.428172
0.537447,0.784927,0.78493,1.301895,1.336429
0.590057,0.763639,0.771437,1.255263,1.238724
0.590057,0.740936,0.756807,1.210214,1.144827
0.640684,0.777988,0.785944,1.179537,1.082421
0.68836,0.756227,0.772496,1.136514,1.017401
0.640684,0.733064,0.726288,1.07825,0.96225
0.732354,0.725038,0.711091,1.008061,0.927552
0.732354,0.637217,0.65861,0.9404,0.9255
0.772192,0.664895,0.677281,0.895727,0.9255
0.772192,0.608599,0.621924,0.8677,0.928379
0.772192,0.608599,0.621924,0.841666,0.97952
0.772192,0.598879,0.602652,0.780257,1.050067
0.772192,0.56928,0.583056,0.732932,1.140886
0.807658,0.529064,0.523671,0.6976,1.252
0.807658,0.488471,0.483098,0.668672,1.371526
0.807658,0.408264,0.403136,0.645486,1.469641
0.807658,0.360248,0.364751,0.621133,1.600977
0.807658,0.350942,0.383763,0.619722,1.727809
0.807658,0.241758,0.245424,0.619722,1.843604
0.807658,0.241758,0.245424,0.621472,1.945346
0.772192,0.234388,0.244868,0.653344,2.022252
0.68836,0.227175,0.229103,0.703125,2.094125
0.590057,0.213225,0.214065,0.751997,2.142992
0.590057,0.199912,0.188012,0.841035,2.204931
0.537447,0.199912,0.175493,0.925611,2.248799
0.284837,0.206491,0.185273,1.031552,2.2776
0.24329,0.187231,0.197366,1.133895,2.28325
0.284837,0.323705,0.320762,1.227604,2.28325
0.330381,0.350942,0.339377,1.333457,2.28325
0.284837,0.398486,0.395203,1.452797,2.266688
0.24329,0.398486,0.394485,1.548297,2.226823
0.330381,0.438008,0.43534,1.660162,2.163723
0.430896,0.488471,0.477093,1.777808,2.094461
0.330381,0.539175,0.576462,1.86981,2.002696
0.330381,0.559291,0.516165,1.920935,1.931103
0.379345,0.655786,0.689641,1.950778,1.867543
0.537447,0.708545,0.708613,1.958,1.753123
0.483989,0.748658,0.770375,1.958,1.64967
0.537447,0.770891,0.78493,1.956977,1.539204
0.483989,0.811092,0.784422,1.934833,1.472463
0.483989,0.81724,0.810616,1.826919,1.388149
0.590057,0.798325,0.811537,1.767267,1.339725
0.537447,0.845652,0.811077,1.694169,1.284843
0.537447,0.840274,0.855919,1.59439,1.227321
0.537447,0.834745,0.834714,1.535,1.193296
0.483989,0.804788,0.810616,1.513594,1.190875
0.537447,0.850879,0.855919,1.391865,1.167071
0.379345,0.784927,0.754586,1.246894,1.122177
0.379345,0.777988,0.76931,1.143228,1.078968
0.330381,0.770891,0.768775,1.047007,1.027446
0.284837,0.740936,0.73808,0.97267,0.978617
0.24329,0.756227,0.752911,0.902031,0.932189
0.24329,0.708545,0.737498,0.897578,0.888597
0.284837,0.725038,0.705499,0.897578,0.835288
0.173218,0.646557,0.65045,0.898878,0.795289
0.144659,0.637217,0.611975,0.922926,0.763132
0.206057,0.549253,0.554298,0.97304,0.728766
0.206057,0.559291,0.554298,1.029187,0.691891
0.206057,0.468201,0.473343,1.098548,0.660354
0.206057,0.428033,0.433124,1.197746,0.636936
0.144659,0.388792,0.373152,1.287368,0.62752
0.206057,0.289192,0.302066,1.371905,0.62435
0.24329,0.241758,0.238803,1.482656,0.62435
0.206057,0.213225,0.210046,1.593851,0.62435
0.284837,0.187231,0.185273,1.716848,0.628666
0.537447,0.128419,0.133315,1.821717,0.660433
0.640684,0.17518,0.176365,1.904208,0.704886
0.640684,0.213225,0.214572,1.9825,0.7629
0.772192,0.264796,0.276121,2.063229,0.83425
0.772192,0.272781,0.276121,2.141812,0.925182
0.732354,0.350942,0.344792,2.205228,1.028254
0.772192,0.369665,0.383052,2.236678,1.157507
0.807658,0.398486,0.403136,2.273304,1.285846
0.772192,0.418116,0.422084,2.274381,1.413928
0.838755,0.488471,0.483849,2.274381,1.566827
0.838755,0.44803,0.54462,2.271196,1.727108
0.807658,0.458098,0.442746,2.249571,1.863411
0.772192,0.408264,0.402413,2.215266,1.97674
0.732354,0.468201,0.461366,2.166455,2.051676
0.732354,0.468201,0.481596,2.0902,2.1381
0.732354,0.468201,0.441263,1.982818,2.213322
0.68836,0.498627,0.480845,1.924048,2.267912
0.68836,0.539175,0.541635,1.834355,2.307488
0.640684,0.498627,0.500383,1.733557,2.329194
0.590057,0.478329,0.459125,1.640947,2.365361
0.537447,0.458098,0.458378,1.51436,2.378361
0.430896,0.438008,0.436819,1.393796,2.381
0.379345,0.44803,0.456139,1.277639,2.381
0.379345,0.57921,0.577196,1.18475,2.381
0.330381,0.508784,0.495872,1.06645,2.374438
0.330381,0.539175,0.516165,0.967251,2.353411
0.206057,0.539175,0.554298,0.905439,2.324402
0.206057,0.559291,0.554298,0.865302,2.286167
0.173218,0.549253,0.553555,0.863808,2.238232
0.206057,0.637217,0.651133,0.863808,2.174498
0.144659,0.637217,0.631071,0.864683,2.102625
0.173218,0.655786,0.720269,0.890032,2.012056
0.173218,0.637217,0.612689,0.949181,1.901919
0.144659,0.646557,0.649766,1.015348,1.797384
0.206057,0.673887,0.669344,1.081911,1.700757
0.24329,0.627773,0.614115,1.146769,1.611084
0.24329,0.700083,0.687707,1.224389,1.511324
0.206057,0.673887,0.669344,1.30875,1.416375
0.284837,0.791707,0.782381,1.40368,1.325255
0.330381,0.770891,0.754029,1.499206,1.250003
0.330381,0.770891,0.768775,1.587423,1.181936
0.330381,0.791707,0.796376,1.684085,1.099893
0.379345,0.770891,0.76931,1.767283,1.020631
0.483989,0.834745,0.834299,1.854695,0.941487
0.379345,0.791707,0.796864,1.921248,0.882398
0.483989,0.784927,0.822767,1.979978,0.817199
0.483989,0.811092,0.810616,1.991113,0.766277
0.483989,0.770891,0.770375,1.991113,0.734325
0.483989,0.756227,0.770375,1.991113,0.715123
0.590057,0.770891,0.785438,1.975895,0.700033
0.590057,0.748658,0.69221,1.927552,0.685415
0.537447,0.655786,0.673986,1.864721,0.676768
0.640684,0.646557,0.657256,1.777225,0.676
0.640684,0.763639,0.75736,1.676249,0.673669
0.732354,0.57921,0.601932,1.570342,0.672
0.732354,0.559291,0.562455,1.495832,0.674745
0.68836,0.508784,0.52142,1.394197,0.676
0.772192,0.488471,0.502638,1.305252,0.679803
0.807658,0.458098,0.462861,1.227186,0.690914
0.807658,0.438008,0.442746,1.15263,0.732689
0.807658,0.408264,0.422817,1.092583,0.802825
0.807658,0.388792,0.383763,1.045746,0.874257
0.772192,0.350942,0.345471,0.999916,0.951054
0.732354,0.323705,0.309085,0.94776,1.060347
0.807658,0.249281,0.245424,0.908502,1.179493
0.807658,0.234388,0.245424,0.889874,1.302397
0.732354,0.193493,0.189393,0.883661,1.427443
0.732354,0.17518,0.177241,0.872521,1.541984
0.640684,0.147733,0.154001,0.853563,1.656591
0.590057,0.119595,0.124537,0.853563,1.759236
0.483989,0.14269,0.152829,0.853563,1.870031
0.284837,0.137791,0.122583,0.856061,1.982922
0.206057,0.199912,0.184367,0.888331,2.07897
0.24329,0.220121,0.197366,0.93151,2.145199
0.173218,0.264796,0.223313,0.979038,2.19961
0.24329,0.289192,0.3027,1.040069,2.245837
0.173218,0.314874,0.301432,1.121041,2.286915
0.144659,0.350942,0.354364,1.205572,2.318061
0.144659,0.408264,0.392332,1.305305,2.331444
0.144659,0.428033,0.392332,1.407776,2.333778
0.173218,0.488471,0.472594,1.49952,2.333778
0.144659,0.518934,0.492114,1.600026,2.333528
0.173218,0.488471,0.492865,1.705165,2.321067
0.206057,0.57921,0.574258,1.809875,2.293625
0.24329,0.58908,0.574993,1.921247,2.238606
0.173218,0.56928,0.472594,1.997893,2.166107
0.24329,0.518934,0.514663,2.059627,2.098013
0.24329,0.56928,0.555041,2.109869,2.019093
0.173218,0.529064,0.533412,2.144693,1.936525
0.379345,0.56928,0.557267,2.185676,1.819846
0.379345,0.56928,0.557267,2.217283,1.700772
0.430896,0.598879,0.616961,2.236658,1.583474
0.430896,0.655786,0.672663,2.246494,1.478487
0.430896,0.673887,0.690285,2.2525,1.377574
0.430896,0.708545,0.72389,2.2525,1.267341
0.483989,0.740936,0.740399,2.2525,1.169055
0.379345,0.770891,0.76931,2.249869,1.093092
0.483989,0.740936,0.755698,2.232752,1.039445
0.590057,0.784927,0.785438,2.209116,1.027921
0.537447,0.81724,0.811077,2.180361,1.027921
0.537447,0.791707,0.811077,2.132999,1.027921
0.68836,0.748658,0.757912,2.116402,1.038217
0.590057,0.708545,0.725689,2.097012,1.065657
0.640684,0.725038,0.726288,2.046776,1.089543
0.640684,0.691487,0.69285,1.966158,1.099053
0.68836,0.655786,0.675965,1.860761,1.099053
0.68836,0.637217,0.639432,1.798833,1.099053
0.732354,0.58908,0.601932,1.702995,1.085474
0.732354,0.57921,0.562455,1.614578,1.046387
0.772192,0.518934,0.502638,1.495733,1.003845
0.772192,0.478329,0.502638,1.347583,0.964215
0.838755,0.518934,0.504142,1.253166,0.936785
0.772192,0.332663,0.345471,1.188132,0.925495
0.772192,0.341743,0.345471,1.108845,0.923789
0.772192,0.256962,0.26019,1.031886,0.923789
0.772192,0.234388,0.230167,0.987233,0.923789
0.732354,0.181128,0.177241,0.974939,0.94712
0.68836,0.152922,0.154393,0.968017,1.000654
0.640684,0.12394,0.154001,0.963655,1.061448
0.590057,0.12394,0.124537,0.953312,1.141075
0.483989,0.12394,0.123883,0.932175,1.207217
0.379345,0.12394,0.132276,0.919988,1.309739
0.330381,0.147733,0.151665,0.916795,1.405579
0.24329,0.158258,0.161593,0.900543,1.516066
0.206057,0.193493,0.184367,0.889125,1.622637
0.173218,0.220121,0.209547,0.889,1.717747
0.173218,0.297616,0.301432,0.889,1.804091
0.173218,0.306179,0.301432,0.89875,1.903542
0.173218,0.332663,0.3188,0.954189,2.007831
0.206057,0.398486,0.393766,1.016745,2.072165
0.173218,0.408264,0.393049,1.082117,2.136233
0.173218,0.418116,0.412578,1.166972,2.200907
0.144659,0.478329,0.392332,1.262125,2.252875
0.173218,0.56928,0.553555,1.376545,2.281854
0.379345,0.398486,0.396642,1.478677,2.283594
0.483989,0.428033,0.398082,1.570677,2.283594
0.379345,0.379182,0.377382,1.637077,2.282697
0.430896,0.360248,0.359195,1.752994,2.256368
0.483989,0.379182,0.378797,1.873204,2.220573
0.590057,0.379182,0.380213,1.975941,2.159373
0.640684,0.360248,0.380922,2.051366,2.095714
0.68836,0.44803,0.460619,2.116679,2.015836
0.732354,0.478329,0.461366,2.169042,1.927108
0.68836,0.478329,0.480845,2.210859,1.837343
0.732354,0.498627,0.522171,2.232,1.753816
0.732354,0.488471,0.501886,2.232,1.656327
0.68836,0.508784,0.501135,2.232,1.552619
0.732354,0.508784,0.522171,2.23058,1.480395
0.68836,0.458098,0.460619,2.221516,1.4118
0.68836,0.468201,0.460619,2.215177,1.373754
0.640684,0.478329,0.480095,2.184314,1.371828
0.590057,0.478329,0.479344,2.136886,1.371828
0.640684,0.478329,0.500383,2.062275,1.372078
0.590057,0.488471,0.499631,1.984809,1.389445
0.640684,0.408264,0.459872,1.886786,1.445359
0.68836,0.379182,0.400968,1.794427,1.500046
0.590057,0.360248,0.361274,1.67779,1.560176
0.590057,0.323705,0.324706,1.55414,1.611976
0.483989,0.297616,0.288921,1.444594,1.655444
0.483989,0.272781,0.272529,1.334456,1.696985
0.430896,0.256962,0.240996,1.233395,1.738616
0.330381,0.163746,0.16241,1.152945,1.773417
0.330381,0.17518,0.16241,1.06618,1.800108
0.24329,0.187231,0.197366,1.00025,1.80975
0.206057,0.199912,0.19689,0.977667,1.81
0.206057,0.241758,0.238257,0.977667,1.81
0.24329,0.249281,0.238803,0.977667,1.807997
0.206057,0.341743,0.337358,0.989004,1.791109
0.206057,0.360248,0.319453,1.045701,1.757043
0.144659,0.379182,0.354364,1.102687,1.731656
0.144659,0.428033,0.411849,1.169161,1.718198
0.120124,0.398486,0.391615,1.229868,1.717898
0.173218,0.498627,0.472594,1.298456,1.717898
0.206057,0.518934,0.513912,1.369982,1.719253
0.173218,0.508784,0.492865,1.449431,1.738388
0.24329,0.598879,0.651816,1.535882,1.764669
0.206057,0.58908,0.593979,1.616852,1.796115
0.284837,0.646557,0.652498,1.719985,1.837267
0.379345,0.655786,0.653861,1.831267,1.854
0.379345,0.655786,0.653861,1.91549,1.854
0.430896,0.691487,0.672663,2.001271,1.854
0.379345,0.756227,0.754586,2.075055,1.846471
0.430896,0.770891,0.783913,2.127976,1.808163
0.430896,0.763639,0.769843,2.184728,1.756081
0.430896,0.770891,0.769843,2.218768,1.674991
0.430896,0.763639,0.755142,2.23765,1.570531
0.640684,0.784927,0.799287,2.23765,1.480813
0.590057,0.784927,0.785438,2.23765,1.372144
0.590057,0.770891,0.785438,2.227867,1.266055
0.590057,0.748658,0.771437,2.196827,1.168272
0.590057,0.733064,0.756807,2.147433,1.093157
0.537447,0.784927,0.78493,2.084454,1.024763
0.537447,0.798325,0.79832,1.99132,0.955253
0.537447,0.770891,0.770907,1.901625,0.904125
0.590057,0.733064,0.725689,1.811076,0.870702
0.590057,0.655786,0.656578,1.704785,0.846989
0.537447,0.664895,0.756253,1.597933,0.836144
0.590057,0.673887,0.69221,1.492026,0.835931
0.590057,0.646557,0.656578,1.4069,0.835931
0.537447,0.682752,0.691569,1.325553,0.837744
0.640684,0.58908,0.580861,1.217146,0.858292
0.732354,0.539175,0.562455,1.138,0.891383
0.732354,0.539175,0.562455,1.05816,0.912109
0.732354,0.508784,0.522171,1.013035,0.921
0.772192,0.57921,0.522921,0.9614,0.9277
0.772192,0.468201,0.482347,0.897203,0.936003
0.772192,0.438008,0.442004,0.855318,0.940358
0.732354,0.438008,0.441263,0.813022,0.943888
0.732354,0.398486,0.40169,0.802,0.944986
0.68836,0.341743,0.344113,0.802,0.946795
0.68836,0.272781,0.291398,0.802,0.956135
0.68836,0.280912,0.274921,0.818169,1.011758
0.772192,0.220121,0.216096,0.844333,1.079833
0.68836,0.199912,0.201689,0.855496,1.192006
0.640684,0.152922,0.143717,0.86739,1.306492
0.330381,0.086123,0.085399,0.876441,1.411965
0.330381,0.086123,0.085399,0.878469,1.542633
0.330381,0.12394,0.122907,0.883839,1.658708
0.330381,0.128419,0.122907,0.893002,1.781762
0.330381,0.137791,0.131931,0.896865,1.874002
0.284837,0.152922,0.162001,0.918715,1.931896
0.24329,0.169386,0.184819,1.017,1.986866
0.24329,0.249281,0.238803,1.067814,2.020431
0.206057,0.264796,0.253304,1.125492,2.04876
0.173218,0.280912,0.301432,1.198999,2.070568
0.173218,0.369665,0.393049,1.285008,2.083898
0.144659,0.306179,0.318147,1.358187,2.102504
0.24329,0.44803,0.433862,1.467178,2.123247
0.206057,0.488471,0.473343,1.521849,2.140652
0.144659,0.518934,0.532664,1.606437,2.166125
0.144659,0.539175,0.532664,1.69817,2.20072
0.206057,0.56928,0.554298,1.783784,2.218582
0.206057,0.539175,0.534161,1.831221,2.219
0.24329,0.559291,0.534909,1.883301,2.219
0.284837,0.61823,0.614827,1.925573,2.218029
0.206057,0.608599,0.593979,1.947412,2.187872
0.284837,0.61823,0.614827,1.965869,2.12847
0.330381,0.691487,0.706123,1.982621,2.053807
0.430896,0.725038,0.70737,2.010127,1.943047
0.483989,0.673887,0.673325,2.059493,1.780385
0.537447,0.673887,0.673986,2.086378,1.66187
0.483989,0.708545,0.690927,2.110836,1.535667
0.537447,0.733064,0.78493,2.138711,1.421853
0.483989,0.708545,0.707992,2.154324,1.311555
0.590057,0.763639,0.756807,2.154438,1.183431
0.640684,0.673887,0.675306,2.154438,1.081814
0.590057,0.655786,0.656578,2.150828,1.018729
0.68836,0.598879,0.620508,2.131172,0.982722
0.732354,0.664895,0.676624,2.09249,0.956273
0.68836,0.655786,0.675965,2.040492,0.933907
0.732354,0.673887,0.65861,1.977936,0.926197
0.732354,0.655786,0.65861,1.900869,0.926197
0.732354,0.627773,0.621216,1.800513,0.926197
0.732354,0.559291,0.582325,1.715325,0.927097
0.732354,0.56928,0.562455,1.62393,0.9325
0.772192,0.508784,0.522921,1.501828,0.939844
0.772192,0.44803,0.462114,1.390128,0.944792
0.732354,0.478329,0.481596,1.281165,0.967721
0.807658,0.379182,0.383763,1.166074,1.015072
0.732354,0.398486,0.40169,1.07925,1.060875
0.772192,0.306179,0.292641,0.9917,1.1213
0.772192,0.280912,0.292641,0.946596,1.181567
0.732354,0.256962,0.259612,0.8922,1.260439
0.68836,0.213225,0.215079,0.845544,1.355102
0.640684,0.206491,0.201205,0.807371,1.448567
0.640684,0.181128,0.176365,0.788814,1.552088
0.640684,0.169386,0.176365,0.785714,1.649378
0.430896,0.163746,0.15244,0.785714,1.736778
0.379345,0.17518,0.174192,0.785714,1.82375
0.284837,0.187231,0.173328,0.809176,1.886074
0.284837,0.17518,0.173328,0.892571,1.960618
0.206057,0.17518,0.184367,0.935976,2.011646
0.173218,0.187231,0.183915,1.003736,2.070131
0.120124,0.264796,0.267197,1.083375,2.122875
0.173218,0.280912,0.268376,1.152552,2.161267
0.144659,0.360248,0.392332,1.231194,2.192259
0.144659,0.360248,0.354364,1.281349,2.215141
0.120124,0.458098,0.491362,1.322556,2.227805
0.144659,0.428033,0.411849,1.399761,2.227805
0.099268,0.458098,0.450178,1.491953,2.227805
0.099268,0.478329,0.470346,1.582242,2.223902
0.206057,0.529064,0.534161,1.654807,2.205254
0.206057,0.549253,0.554298,1.746891,2.1679
0.206057,0.57921,0.63247,1.820003,2.135906
0.173218,0.608599,0.593254,1.892768,2.085117
0.173218,0.598879,0.593254,1.970949,2.020706
0.173218,0.57921,0.51316,2.03578,1.951051
0.24329,0.58908,0.574993,2.096227,1.872746
0.284837,0.539175,0.515414,2.156469,1.789656
0.206057,0.478329,0.473343,2.214161,1.714954
0.284837,0.458098,0.454648,2.294562,1.617513
0.330381,0.438008,0.43534,2.340071,1.51716
0.379345,0.418116,0.416226,2.366117,1.426441
0.430896,0.341743,0.340727,2.370156,1.33576
0.430896,0.323705,0.305245,2.370156,1.247992
0.430896,0.323705,0.305245,2.370156,1.159
0.590057,0.332663,0.324706,2.355054,1.085166
0.732354,0.323705,0.326687,2.297645,1.016774
0.772192,0.379182,0.364054,2.243872,0.970491
0.772192,0.369665,0.383052,2.193762,0.936967
0.807658,0.369665,0.383763,2.144999,0.934083
0.772192,0.438008,0.442004,2.113881,0.934083
0.807658,0.468201,0.462861,2.082602,0.938054
0.807658,0.518934,0.523671,2.062221,0.988123
0.807658,0.549253,0.543874,2.021093,1.068348
0.772192,0.57921,0.583056,1.976137,1.152831
0.772192,0.559291,0.563195,1.929545,1.262703
0.732354,0.627773,0.562455,1.8635,1.378875
0.772192,0.673887,0.677281,1.785947,1.50532
0.732354,0.637217,0.65861,1.69079,1.619439
0.68836,0.637217,0.639432,1.620022,1.717567
0.590057,0.691487,0.709234,1.521977,1.804272
0.640684,0.740936,0.742129,1.436344,1.904163
0.640684,0.740936,0.726288,1.3527,1.9864
0.590057,0.756227,0.756807,1.261617,2.049581
0.483989,0.770891,0.784422,1.167375,2.099125
0.537447,0.740936,0.740976,1.0665,2.131166
0.483989,0.740936,0.740399,0.982002,2.133944
0.537447,0.756227,0.756253,0.895032,2.133944
0.430896,0.791707,0.810154,0.819626,2.133569
0.379345,0.784927,0.783403,0.760097,2.107947
0.284837,0.725038,0.73808,0.70237,2.053572
0.284837,0.763639,0.75347,0.666653,1.979695
0.330381,0.691487,0.688997,0.650256,1.895624
0.284837,0.725038,0.705499,0.647,1.793983
0.206057,0.664895,0.669344,0.645712,1.686284
0.24329,0.691487,0.670009,0.639786,1.616868
0.206057,0.637217,0.63247,0.638038,1.511237
0.24329,0.655786,0.651816,0.638049,1.408605
0.173218,0.549253,0.553555,0.647329,1.310619
0.173218,0.56928,0.553555,0.660427,1.205723
0.144659,0.478329,0.512409,0.684352,1.088411
0.144659,0.428033,0.411849,0.745458,0.984094
0.144659,0.264796,0.237167,0.838013,0.869006
0.173218,0.17518,0.17204,0.938824,0.786223
0.173218,0.152922,0.16078,1.056357,0.727667
0.206057,0.115383,0.113508,1.30307,0.66834
0.330381,0.12394,0.131931,1.414827,0.645125
0.330381,0.133036,0.131931,1.538065,0.644
0.537447,0.152922,0.142979,1.658308,0.644
0.640684,0.14269,0.154001,1.77268,0.64734
0.732354,0.169386,0.177241,1.872838,0.681881
0.732354,0.17518,0.177241,1.963429,0.7425
0.772192,0.213225,0.230167,2.043615,0.811789
0.807658,0.227175,0.2307,2.111821,0.88352
0.772192,0.280912,0.327349,2.191099,1.009535
0.772192,0.428033,0.402413,2.24501,1.122434
0.732354,0.468201,0.461366,2.271379,1.227428
0.807658,0.398486,0.403136,2.30307,1.354061
0.807658,0.428033,0.422817,2.310877,1.461818
0.732354,0.468201,0.42135,2.310877,1.586669
0.807658,0.458098,0.462861,2.310877,1.717466
0.68836,0.518934,0.501135,2.285428,1.856708
0.640684,0.539175,0.60049,2.237513,1.973052
0.590057,0.549253,0.540142,2.197375,2.047625
0.640684,0.57921,0.60049,2.144729,2.11506
0.590057,0.673887,0.656578,2.065579,2.177163
0.537447,0.673887,0.673986,1.976124,2.232834
0.537447,0.655786,0.691569,1.86044,2.269426
0.483989,0.716864,0.724491,1.773023,2.280712
0.483989,0.798325,0.797835,1.668911,2.287288
0.483989,0.798325,0.784422,1.561506,2.295231
0.483989,0.770891,0.784422,1.456294,2.301525
0.537447,0.756227,0.756253,1.330386,2.301525
0.430896,0.725038,0.73982,1.22323,2.301525
0.483989,0.708545,0.724491,1.12929,2.288015
0.483989,0.673887,0.673325,1.0631,2.252475
0.483989,0.61823,0.598323,1.017444,2.197272
0.430896,0.61823,0.616961,0.991625,2.128125
0.379345,0.549253,0.537153,0.969696,2.039557
0.483989,0.498627,0.518418,0.965531,1.940721
0.430896,0.468201,0.436819,0.965531,1.862169
0.430896,0.44803,0.436819,0.965531,1.761388
0.284837,0.369665,0.357121,0.973625,1.667875
0.284837,0.332663,0.338704,0.982869,1.592275
0.206057,0.306179,0.302066,0.986338,1.511671
0.24329,0.272781,0.269559,0.988332,1.397744
0.24329,0.241758,0.238803,0.991119,1.286467
0.284837,0.227175,0.224882,1.000269,1.177411
0.284837,0.220121,0.224882,1.007359,1.149766
0.379345,0.181128,0.174192,1.037136,1.141885
0.330381,0.128419,0.122907,1.08687,1.141885
0.330381,0.107345,0.114419,1.095803,1.146221
0.284837,0.12394,0.131587,1.120787,1.152926
0.284837,0.14269,0.141146,1.173273,1.18198
0.284837,0.193493,0.185273,1.230262,1.217857
0.284837,0.206491,0.185273,1.281446,1.267333
0.330381,0.256962,0.239898,1.353614,1.300554
0.24329,0.289192,0.3027,1.468677,1.324688
0.24329,0.306179,0.3027,1.487992,1.348732
0.284837,0.306179,0.303335,1.511048,1.384085
0.284837,0.388792,0.357121,1.605576,1.407387
0.206057,0.418116,0.413307,1.733335,1.411456
0.173218,0.438008,0.432385,1.814484,1.46152
0.24329,0.508784,0.494369,1.899799,1.535828
0.284837,0.508784,0.515414,1.962516,1.605903
0.206057,0.549253,0.574258,2.018407,1.662883
0.173218,0.56928,0.573523,2.063959,1.74912
0.24329,0.549253,0.534909,2.09277,1.833712
0.284837,0.627773,0.633867,2.102916,1.912631
0.284837,0.627773,0.633867,2.104847,1.987954
0.330381,0.598879,0.596153,2.10493,2.066322
0.430896,0.58908,0.5976,2.104065,2.078629
0.330381,0.508784,0.536405,2.096237,2.078629
0.379345,0.559291,0.557267,2.08813,2.078629
0.430896,0.478329,0.477093,2.079968,2.047093
0.430896,0.518934,0.517667,2.068026,1.983003
0.379345,0.508784,0.496624,2.061206,1.947
0.640684,0.458098,0.459872,2.057898,1.858531
0.68836,0.44803,0.460619,2.050165,1.726261
0.68836,0.478329,0.501135,2.04864,1.6133
0.640684,0.598879,0.60049,2.042944,1.478678
0.640684,0.57921,0.60049,2.028313,1.380221
0.68836,0.637217,0.639432,2.00649,1.275236
0.640684,0.637217,0.638739,1.991127,1.177633
0.590057,0.725038,0.725689,1.970442,1.120649
0.640684,0.733064,0.726288,1.923173,1.051044
0.590057,0.770891,0.771437,1.870788,1.031143
0.640684,0.777988,0.785944,1.80996,1.031143
0.590057,0.798325,0.798804,1.764522,1.031143
0.590057,0.756227,0.771437,1.721022,1.061025
0.640684,0.756227,0.75736,1.674,1.104375
0.537447,0.740936,0.740976,1.62825,1.151
0.537447,0.791707,0.770907,1.553427,1.23237
0.430896,0.784927,0.79735,1.490939,1.307719
0.379345,0.798325,0.796864,1.421856,1.386087
0.430896,0.784927,0.783913,1.33789,1.453585
0.379345,0.756227,0.754586,1.254573,1.504165
0.330381,0.756227,0.768775,1.163385,1.538659
0.24329,0.740936,0.721479,1.080347,1.543247
0.284837,0.691487,0.688353,1.0024,1.543247
0.284837,0.691487,0.670674,0.931672,1.543247
0.206057,0.655786,0.669344,0.871693,1.529327
0.206057,0.61823,0.613402,0.818586,1.500191
0.284837,0.57921,0.575728,0.783413,1.47141
0.206057,0.57921,0.574258,0.783013,1.438193
0.206057,0.508784,0.513912,0.783013,1.405323
0.24329,0.488471,0.453902,0.786788,1.323037
0.206057,0.398486,0.393766,0.824405,1.234166
0.099268,0.297616,0.282782,0.865979,1.156334
0.24329,0.249281,0.269559,0.938879,1.059296
0.284837,0.14269,0.151278,1.021614,0.98289
0.284837,0.152922,0.141146,1.111705,0.802518
0.379345,0.128419,0.132276,1.20125,0.708625
0.430896,0.147733,0.132621,1.2995,0.678517
0.640684,0.169386,0.164879,1.406925,0.674783
0.732354,0.289192,0.292019,1.511349,0.674783
0.807658,0.256962,0.26077,1.636462,0.675783
0.772192,0.297616,0.292641,1.745078,0.703824
0.807658,0.408264,0.364751,1.837269,0.750943
0.807658,0.44803,0.442746,1.921353,0.804738
0.772192,0.438008,0.442004,2.0011,0.882578
0.807658,0.508784,0.50339,2.067188,0.99204
0.807658,0.529064,0.462861,2.1173,1.093893
0.772192,0.529064,0.522921,2.155494,1.224069
0.772192,0.529064,0.543128,2.169979,1.350823
0.772192,0.559291,0.563195,2.17,1.47998
0.732354,0.56928,0.562455,2.17,1.614459
0.68836,0.637217,0.620508,2.16975,1.764928
0.590057,0.61823,0.656578,2.150686,1.891606
0.68836,0.700083,0.710473,2.104115,2.010871
0.68836,0.725038,0.726885,2.057322,2.087668
0.483989,0.770891,0.755698,1.996644,2.15715
0.483989,0.756227,0.724491,1.910125,2.22575
0.483989,0.82323,0.822767,1.798846,2.287844
0.430896,0.811092,0.822328,1.694706,2.312004
0.430896,0.811092,0.810154,1.668241,2.314658
0.379345,0.763639,0.76931,1.652365,2.315
0.430896,0.770891,0.755142,1.568102,2.314888
0.330381,0.763639,0.722686,1.443891,2.31242
0.379345,0.740936,0.739241,1.330267,2.305558
0.430896,0.716864,0.72389,1.234271,2.283214
0.24329,0.708545,0.704874,1.143672,2.246796
0.206057,0.664895,0.669344,1.014326,2.204564
0.206057,0.646557,0.63247,0.8457,2.171999
0.173218,0.627773,0.612689,0.744304,2.100937
0.206057,0.637217,0.63247,0.715834,2.01119
0.173218,0.559291,0.553555,0.707542,1.906741
0.173218,0.498627,0.492865,0.707542,1.805033
0.173218,0.468201,0.533412,0.707542,1.738862
0.173218,0.518934,0.51316,0.709271,1.669667
0.206057,0.468201,0.473343,0.734085,1.521232
0.206057,0.438008,0.433124,0.775622,1.380913
0.430896,0.438008,0.456886,0.81157,1.24606
0.379345,0.458098,0.456139,0.858387,1.093339
0.330381,0.498627,0.475593,0.919625,0.949896
0.537447,0.598879,0.599046,0.997833,0.830543
0.483989,0.58908,0.578663,1.095152,0.732795
0.590057,0.627773,0.619091,1.172042,0.690642
0.640684,0.655786,0.638739,1.270694,0.635193
0.590057,0.598879,0.599768,1.373986,0.596446
0.68836,0.637217,0.620508,1.502322,0.594
0.640684,0.664895,0.60049,1.613062,0.594
0.640684,0.664895,0.657256,1.73899,0.608038
0.732354,0.637217,0.640126,1.860608,0.6409
0.732354,0.673887,0.676624,1.945958,0.676622
0.772192,0.664895,0.677281,2.038642,0.734417
0.772192,0.598879,0.621924,2.113699,0.818522
0.807658,0.608599,0.622631,2.1425,0.893452
0.807658,0.57921,0.583787,2.1425,0.958782
0.838755,0.57921,0.584518,2.1425,1.018411
0.807658,0.549253,0.523671,2.1366,1.080465
0.838755,0.508784,0.504142,2.108851,1.154387
0.807658,0.438008,0.442746,2.066064,1.211921
0.807658,0.44803,0.462861,1.98997,1.256478
0.807658,0.369665,0.403136,1.92392,1.285296
0.807658,0.341743,0.346152,1.801122,1.321408
0.807658,0.289192,0.293264,1.687949,1.356443
0.807658,0.264796,0.276723,1.563676,1.384224
0.807658,0.234388,0.245424,1.446694,1.411556
0.772192,0.193493,0.189855,1.302338,1.424975
0.68836,0.17518,0.176803,1.176462,1.435136
0.640684,0.17518,0.176365,1.078664,1.459674
0.590057,0.133036,0.124537,0.96017,1.506333
0.537447,0.119595,0.12421,0.868026,1.570412
0.24329,0.128419,0.131244,0.797182,1.638556
0.24329,0.181128,0.172898,0.731753,1.715898
0.24329,0.181128,0.184819,0.687875,1.78525
0.173218,0.187231,0.196415,0.665,1.864779
0.206057,0.234388,0.223835,0.665,1.947571
0.206057,0.272781,0.253304,0.665,2.02992
0.144659,0.408264,0.392332,0.671207,2.106453
0.206057,0.314874,0.302066,0.704099,2.164817
0.173218,0.350942,0.336686,0.746113,2.216437
0.206057,0.323705,0.319453,0.801375,2.25325
0.206057,0.369665,0.355741,0.876219,2.293384
0.284837,0.379182,0.37597,0.975855,2.331379
0.330381,0.418116,0.415496,1.062647,2.349452
0.330381,0.498627,0.495872,1.176431,2.350935
0.284837,0.518934,0.49512,1.287354,2.350935
0.430896,0.518934,0.517667,1.397729,2.34981
0.430896,0.478329,0.477093,1.515083,2.336281
0.430896,0.539175,0.558009,1.645145,2.304013
0.483989,0.57921,0.598323,1.769351,2.266079
0.537447,0.664895,0.63735,1.872827,2.214577
0.590057,0.655786,0.656578,1.972267,2.141209
0.640684,0.637217,0.657256,2.054487,2.059566
0.68836,0.673887,0.675965,2.134869,1.955973
0.68836,0.655786,0.657933,2.194827,1.852048
0.68836,0.725038,0.710473,2.219715,1.764842
0.640684,0.716864,0.726288,2.222,1.657522
0.590057,0.763639,0.771437,2.222,1.563089
0.590057,0.748658,0.756807,2.221314,1.494077
0.590057,0.82323,0.823643,2.208018,1.431661
0.537447,0.798325,0.79832,2.163752,1.396133
0.430896,0.860899,0.864945,2.089493,1.364943
0.483989,0.81724,0.810616,2.021578,1.343636
0.483989,0.834745,0.834299,1.933539,1.336195
0.430896,0.845652,0.844827,1.845052,1.333875
0.537447,0.798325,0.770907,1.739466,1.333
0.483989,0.777988,0.784422,1.622516,1.333
0.379345,0.784927,0.783403,1.511185,1.333625
0.379345,0.784927,0.783403,1.390723,1.33775
0.284837,0.756227,0.76824,1.27284,1.355419
0.284837,0.691487,0.688353,1.152916,1.364859
0.24329,0.708545,0.704874,1.034459,1.364859
0.206057,0.691487,0.687061,0.934005,1.364859
0.284837,0.61823,0.633867,0.855213,1.35938
0.206057,0.56928,0.574258,0.817053,1.340208
0.206057,0.56928,0.554298,0.771442,1.290122
0.144659,0.478329,0.471844,0.757523,1.229981
0.173218,0.44803,0.452412,0.757523,1.181715
0.144659,0.408264,0.411849,0.757523,1.091222
0.173218,0.379182,0.373856,0.772662,0.989606
0.173218,0.323705,0.355052,0.835968,0.86436
0.206057,0.314874,0.302066,0.901763,0.782437
0.144659,0.264796,0.252169,0.969192,0.718781
0.173218,0.213225,0.209547,1.031384,0.67062
0.173218,0.206491,0.209547,1.122643,0.63898
0.24329,0.220121,0.184819,1.226561,0.637231
0.284837,0.137791,0.131587,1.350579,0.637231
0.379345,0.137791,0.132276,1.477766,0.637585
0.483989,0.147733,0.175059,1.607494,0.648711
0.590057,0.163746,0.164465,1.727585,0.667932
0.640684,0.181128,0.176365,1.859777,0.703574
0.772192,0.220121,0.202659,1.976331,0.749674
0.772192,0.249281,0.244868,2.081099,0.822878
0.807658,0.272781,0.26077,2.159507,0.901829
0.772192,0.360248,0.345471,2.226673,0.981654
0.807658,0.341743,0.364751,2.31216,1.090231
0.807658,0.438008,0.462861,2.347205,1.189727
0.807658,0.458098,0.462861,2.36422,1.320484
0.807658,0.539175,0.523671,2.36422,1.422318
0.807658,0.57921,0.563934,2.36422,1.54131
0.807658,0.508784,0.50339,2.35861,1.663458
0.807658,0.549253,0.563934,2.327436,1.768613
0.772192,0.549253,0.543128,2.251152,1.897931
0.732354,0.598879,0.601932,2.18641,1.998646
0.772192,0.61823,0.621924,2.099857,2.104519
0.68836,0.691487,0.69349,2.008443,2.186354
0.732354,0.756227,0.743278,1.919783,2.244851
0.640684,0.733064,0.742129,1.799686,2.307056
0.590057,0.725038,0.725689,1.68675,2.349696
0.537447,0.784927,0.78493,1.569577,2.3768
0.537447,0.804788,0.811077,1.449873,2.3775
0.537447,0.784927,0.78493,1.347267,2.3775
0.483989,0.798325,0.810616,1.2351,2.377
0.483989,0.811092,0.810616,1.11632,2.375644
0.483989,0.82323,0.810616,1.034092,2.364462
0.379345,0.798325,0.809691,0.93725,2.333812
0.330381,0.798325,0.796376,0.847488,2.26741
0.330381,0.770891,0.754029,0.758013,2.205684
0.330381,0.756227,0.738661,0.719597,2.131089
0.330381,0.748658,0.754029,0.702375,2.05284
0.173218,0.637217,0.631771,0.701012,1.983014
0.24329,0.646557,0.633169,0.701012,1.868306
0.173218,0.529064,0.533412,0.702512,1.741063
0.206057,0.508784,0.493617,0.721954,1.620469
0.206057,0.498627,0.493617,0.758944,1.494254
0.173218,0.458098,0.432385,0.791397,1.344517
0.173218,0.428033,0.412578,0.809959,1.208017
0.206057,0.428033,0.413307,0.848625,1.07125
0.379345,0.297616,0.304608,0.886,0.9575
0.430896,0.289192,0.305245,0.94258,0.846834
0.483989,0.206491,0.199759,1.002425,0.766345
0.537447,0.249281,0.242098,1.071147,0.702024
0.640684,0.241758,0.258458,1.138508,0.658891
0.68836,0.227175,0.229103,1.225498,0.648103
0.732354,0.306179,0.309085,1.3375,0.648103
0.772192,0.256962,0.26019,1.452617,0.648103
0.772192,0.314874,0.292641,1.566145,0.656349
0.772192,0.314874,0.327349,1.659064,0.691827
0.807658,0.388792,0.403136,1.758994,0.75075
0.772192,0.408264,0.422084,1.840431,0.816185
0.838755,0.478329,0.483849,1.897325,0.883106
0.838755,0.478329,0.483849,1.942515,0.989816
0.807658,0.478329,0.483098,1.960625,1.089
0.772192,0.458098,0.462114,1.9722,1.160825
0.732354,0.488471,0.481596,1.973,1.251312
0.772192,0.478329,0.482347,1.973,1.348979
0.732354,0.488471,0.501886,1.971413,1.45864
0.732354,0.549253,0.562455,1.946239,1.573337
0.68836,0.627773,0.620508,1.894045,1.691799
0.732354,0.627773,0.621216,1.846186,1.781594
0.68836,0.682752,0.69349,1.799082,1.843884
0.68836,0.691487,0.657933,1.728432,1.942007
0.640684,0.756227,0.742129,1.640735,2.018077
0.590057,0.740936,0.741553,1.533188,2.122493
0.590057,0.770891,0.771437,1.448128,2.182552
0.483989,0.81724,0.834299,1.35244,2.210941
0.483989,0.855962,0.855548,1.267525,2.222828
0.483989,0.845652,0.834299,1.239394,2.227685
0.537447,0.798325,0.811077,1.160026,2.227685
0.483989,0.82323,0.822767,1.063522,2.222251
0.483989,0.784927,0.797835,0.991321,2.209809
0.430896,0.798325,0.783913,0.938104,2.178196
0.430896,0.811092,0.810154,0.909875,2.132125
0.430896,0.770891,0.755142,0.886311,2.075528
0.379345,0.777988,0.76931,0.809675,2.0354
0.379345,0.748658,0.739241,0.776246,1.969756
0.379345,0.708545,0.706747,0.771046,1.871028
0.330381,0.691487,0.688997,0.770127,1.757786
0.330381,0.682752,0.65318,0.77,1.64213
0.24329,0.655786,0.651816,0.77,1.524433
0.206057,0.646557,0.63247,0.770438,1.3967
0.173218,0.646557,0.631771,0.771483,1.294606
0.206057,0.627773,0.613402,0.78291,1.193679
0.206057,0.57921,0.574258,0.789966,1.078592
0.206057,0.559291,0.554298,0.805988,0.98319
0.206057,0.468201,0.473343,0.834941,0.89653
0.173218,0.468201,0.51316,0.87704,0.823036
0.206057,0.458098,0.453157,0.931532,0.765829
0.24329,0.332663,0.320107,0.994736,0.718917
0.284837,0.280912,0.303335,1.053648,0.681786
0.206057,0.241758,0.19689,1.141029,0.65754
0.24329,0.213225,0.210545,1.251875,0.654436
0.206057,0.206491,0.19689,1.363369,0.654436
0.173218,0.152922,0.16078,1.464975,0.654436
0.330381,0.115383,0.114419,1.564996,0.65779
0.330381,0.133036,0.122907,1.669939,0.675252
0.284837,0.193493,0.197843,1.7716,0.698631
0.330381,0.234388,0.239898,1.862163,0.73287
0.284837,0.272781,0.270151,1.946506,0.783125
0.330381,0.323705,0.303971,2.016274,0.866562
0.379345,0.341743,0.340052,2.077399,0.912396
0.379345,0.341743,0.322074,2.133192,0.994395
0.379345,0.438008,0.436079,2.175005,1.080191
0.379345,0.549253,0.537153,2.18975,1.173625
0.379345,0.559291,0.537153,2.195807,1.302214
0.379345,0.549253,0.557267,2.19818,1.435682
0.430896,0.61823,0.616961,2.19818,1.547635
0.537447,0.673887,0.673986,2.19818,1.662362
0.483989,0.682752,0.673325,2.190477,1.798679
0.430896,0.763639,0.755142,2.14859,1.923581
0.430896,0.81724,0.79735,2.119364,2.008413
0.537447,0.834745,0.823205,2.07589,2.079222
0.483989,0.811092,0.797835,2.046386,2.091
0.537447,0.804788,0.811077,2.037199,2.091
0.640684,0.82323,0.824079,2.02092,2.089103
0.590057,0.811092,0.823643,1.970833,2.045696
0.537447,0.81724,0.811077,1.948701,1.972096
0.590057,0.770891,0.785438,1.917627,1.887639
0.537447,0.784927,0.78493,1.879402,1.780295
0.537447,0.740936,0.756253,1.8433,1.6602
0.640684,0.725038,0.69285,1.764089,1.566855
0.640684,0.691487,0.709854,1.673768,1.48585
0.732354,0.682752,0.65861,1.645113,1.456829
0.68836,0.655786,0.675965,1.591185,1.393142
0.68836,0.598879,0.620508,1.506681,1.287853
0.732354,0.61823,0.601932,1.439492,1.180679
0.807658,0.56928,0.583787,1.371907,1.0954
0.807658,0.608599,0.603372,1.278353,1.022367
0.772192,0.529064,0.543128,1.191273,0.963496
0.807658,0.438008,0.442746,1.120368,0.925138
0.807658,0.438008,0.442746,1.03829,0.920806
0.807658,0.350942,0.364751,0.9899,0.920806
0.807658,0.341743,0.364751,0.935158,0.921007
0.807658,0.280912,0.293264,0.877964,0.949822
0.807658,0.306179,0.293264,0.827638,0.999978
0.772192,0.193493,0.189855,0.797748,1.09423
0.807658,0.181128,0.190318,0.769941,1.187133
0.807658,0.158258,0.155575,0.745312,1.293385
0.732354,0.14269,0.144459,0.733504,1.396264
0.640684,0.137791,0.143717,0.725951,1.507184
0.537447,0.119595,0.12421,0.721458,1.617165
0.483989,0.12394,0.115336,0.721458,1.720945
0.330381,0.152922,0.151665,0.721458,1.812
0.24329,0.14269,0.140782,0.728383,1.912758
0.24329,0.187231,0.172898,0.812222,2.006659
0.206057,0.213225,0.19689,0.902075,2.069648
0.206057,0.256962,0.238257,1.002069,2.132992
0.144659,0.272781,0.284003,1.091241,2.197034
0.144659,0.256962,0.252169,1.176334,2.259224
0.173218,0.323705,0.3188,1.291087,2.316389
0.206057,0.388792,0.355741,1.375036,2.348822
0.24329,0.478329,0.474093,1.461695,2.371517
0.144659,0.539175,0.512409,1.516875,2.373
0.206057,0.559291,0.513912,1.573202,2.373
0.206057,0.539175,0.534161,1.655383,2.37223
0.173218,0.61823,0.593254,1.744348,2.349036
0.206057,0.608599,0.593979,1.872793,2.3023
0.24329,0.646557,0.633169,1.974493,2.234931
0.284837,0.700083,0.670674,2.057434,2.142437
0.284837,0.748658,0.688353,2.136313,2.04715
0.206057,0.763639,0.752351,2.213252,1.937967
0.24329,0.770891,0.767705,2.282629,1.824994
0.330381,0.777988,0.782893,2.332223,1.725347
0.330381,0.777988,0.768775,2.357692,1.609467
0.537447,0.829063,0.845614,2.364,1.476722
0.430896,0.784927,0.769843,2.364,1.366809
0.483989,0.834745,0.822767,2.362,1.254068
0.430896,0.82323,0.822328,2.35525,1.16503
0.537447,0.81724,0.811077,2.333418,1.068537
0.483989,0.784927,0.797835,2.30507,0.974141
0.537447,0.784927,0.79832,2.243743,0.886539
0.590057,0.763639,0.756807,2.173391,0.821369
0.640684,0.740936,0.69285,2.088798,0.766305
0.590057,0.708545,0.69221,2.009295,0.715635
0.590057,0.691487,0.69221,1.917625,0.66575
0.537447,0.655786,0.708613,1.823648,0.621888
0.590057,0.56928,0.580129,1.717499,0.601585
0.590057,0.559291,0.560233,1.612172,0.586671
0.537447,0.478329,0.519169,1.514612,0.578767
0.537447,0.418116,0.438299,1.435393,0.578767
0.430896,0.408264,0.416957,1.343047,0.578767
0.537447,0.323705,0.324047,1.268117,0.583767
0.537447,0.314874,0.306522,1.188611,0.618169
0.483989,0.306179,0.305883,1.110984,0.654288
0.430896,0.249281,0.256159,1.052355,0.695902
0.379345,0.249281,0.240447,0.998908,0.753965
0.430896,0.193493,0.199279,0.978203,0.822507
0.330381,0.137791,0.141511,0.966121,0.901234
0.330381,0.119595,0.131931,0.966121,0.990917
0.330381,0.119595,0.122907,0.966121,1.072883
0.284837,0.107345,0.114114,0.971344,1.162156
0.379345,0.111301,0.132276,1.012161,1.24835
0.483989,0.115383,0.123883,1.067764,1.31528
0.590057,0.133036,0.124537,1.120125,1.38775
0.772192,0.169386,0.166125,1.181651,1.451284
0.772192,0.181128,0.17768,1.276295,1.508192
0.807658,0.17518,0.190318,1.38168,1.553062
0.807658,0.280912,0.293264,1.496246,1.596297
0.807658,0.280912,0.293264,1.611176,1.641524
0.772192,0.314874,0.309727,1.719499,1.701678
0.807658,0.369665,0.383763,1.81275,1.764367
0.807658,0.341743,0.364751,1.88625,1.820875
0.838755,0.388792,0.40386,1.967116,1.870568
0.838755,0.468201,0.463609,2.026458,1.937132
0.807658,0.468201,0.462861,2.043376,1.995213
0.807658,0.498627,0.483098,2.045074,2.060172
0.772192,0.498627,0.502638,2.045074,2.125366
0.772192,0.539175,0.563195,2.042435,2.180051
0.772192,0.56928,0.583056,1.999595,2.241766
0.772192,0.608599,0.602652,1.925916,2.291585
0.732354,0.637217,0.640126,1.833923,2.336227
0.732354,0.57921,0.601932,1.753639,2.372755
0.68836,0.61823,0.601211,1.669615,2.387865
0.68836,0.58908,0.581593,1.555495,2.399803
0.640684,0.57921,0.580861,1.438181,2.403
0.640684,0.61823,0.657256,1.337416,2.403
0.590057,0.655786,0.674647,1.223609,2.403
0.483989,0.664895,0.655221,1.118997,2.400523
0.483989,0.637217,0.655221,1.031722,2.383962
0.430896,0.664895,0.654541,0.948973,2.355063
0.379345,0.598879,0.596877,0.877841,2.313079
0.330381,0.627773,0.615539,0.830268,2.261358
0.206057,0.627773,0.613402,0.787137,2.20326
0.24329,0.549253,0.555041,0.758414,2.131942
0.206057,0.598879,0.574258,0.75619,2.03588
0.206057,0.559291,0.554298,0.75619,1.927494
0.206057,0.549253,0.554298,0.757452,1.826669
0.144659,0.498627,0.492114,0.775541,1.730985
0.173218,0.468201,0.452412,0.800162,1.654656
0.144659,0.478329,0.471844,0.837173,1.56711
0.173218,0.408264,0.393049,0.883888,1.477854
0.173218,0.388792,0.373856,0.947894,1.383838
0.173218,0.306179,0.301432,1.011772,1.306033
0.206057,0.272781,0.268967,1.082248,1.233948
0.173218,0.213225,0.209547,1.164045,1.160423
0.173218,0.193493,0.223313,1.227556,1.105354
0.206057,0.163746,0.161186,1.317126,1.038484
0.24329,0.169386,0.161593,1.415959,0.978132
0.330381,0.137791,0.151665,1.508295,0.935432
0.379345,0.158258,0.174192,1.619954,0.89511
0.430896,0.133036,0.132621,1.709917,0.882
0.537447,0.163746,0.187553,1.805091,0.882
0.590057,0.152922,0.15361,1.896671,0.882
0.640684,0.169386,0.164879,1.948036,0.887052
0.537447,0.206491,0.21356,2.027287,0.942032
0.590057,0.213225,0.228043,2.112619,1.00005
0.537447,0.272781,0.289539,2.170554,1.058129
0.537447,0.272781,0.273126,2.207875,1.120375
0.430896,0.379182,0.378089,2.236991,1.210231
0.483989,0.388792,0.378797,2.263005,1.312532
0.483989,0.379182,0.378797,2.2685,1.392627
0.379345,0.468201,0.476343,2.2685,1.483664
0.379345,0.518934,0.496624,2.2685,1.551895
0.430896,0.559291,0.5379,2.256507,1.675839
0.379345,0.57921,0.596877,2.206363,1.807679
0.379345,0.61823,0.616251,2.147947,1.92572
0.483989,0.655786,0.655221,2.086635,2.026576
0.430896,0.733064,0.72389,2.019846,2.056344
0.483989,0.716864,0.707992,1.923258,2.099199
0.430896,0.756227,0.755142,1.828997,2.143679
0.483989,0.811092,0.810616,1.771963,2.145357
0.430896,0.791707,0.783913,1.725797,2.145357
0.483989,0.784927,0.784422,1.692963,2.145088
0.590057,0.748658,0.756807,1.668107,2.128227
0.590057,0.763639,0.756807,1.637538,2.100726
0.537447,0.770891,0.770907,1.618974,2.072443
0.590057,0.770891,0.771437,1.615867,2.030124
0.68836,0.777988,0.772496,1.605594,1.945804
0.640684,0.740936,0.75736,1.584487,1.817528
0.732354,0.725038,0.758463,1.562325,1.691788
0.68836,0.673887,0.675965,1.544652,1.595369
0.732354,0.655786,0.676624,1.512008,1.457543
0.68836,0.61823,0.620508,1.483542,1.328565
0.732354,0.61823,0.640126,1.468752,1.265893
0.732354,0.57921,0.601932,1.456186,1.231841
0.772192,0.58908,0.583056,1.411779,1.169203
0.807658,0.518934,0.523671,1.34929,1.052272
0.772192,0.518934,0.502638,1.288859,1.01841
0.838755,0.438008,0.463609,1.243683,1.011181
0.807658,0.379182,0.403136,1.205081,1.006615
0.772192,0.350942,0.345471,1.156472,1.000622
0.807658,0.306179,0.293264,0.999144,1.001782
0.772192,0.272781,0.276121,0.921722,1.010778
0.732354,0.256962,0.275521,0.874155,1.046928
0.68836,0.227175,0.188932,0.834704,1.098069
0.590057,0.193493,0.188012,0.797124,1.174891
0.483989,0.199912,0.187095,0.755743,1.260418
0.537447,0.133036,0.133315,0.721732,1.391966
0.483989,0.137791,0.142611,0.717766,1.56175
0.537447,0.099803,0.100043,0.717766,1.675895
0.430896,0.111301,0.115029,0.718184,1.778443
0.430896,0.111301,0.115029,0.727407,1.862896
0.330381,0.158258,0.16241,0.753971,1.940987
0.379345,0.169386,0.174192,0.799492,2.025425
0.173218,0.193493,0.183915,0.864474,2.097096
0.144659,0.264796,0.267786,0.953762,2.156419
0.173218,0.249281,0.252736,1.045392,2.192458
0.173218,0.341743,0.336686,1.155371,2.22794
0.206057,0.379182,0.37456,1.250488,2.260164
0.173218,0.360248,0.373856,1.365569,2.295403
0.173218,0.438008,0.432385,1.476307,2.315312
0.144659,0.488471,0.492114,1.579284,2.317373
0.173218,0.468201,0.472594,1.686641,2.317373
0.173218,0.627773,0.631771,1.761418,2.317373
0.173218,0.488471,0.492865,1.851953,2.296965
0.206057,0.646557,0.613402,1.936145,2.250503
0.206057,0.549253,0.534161,1.994298,2.201202
0.206057,0.58908,0.574258,2.07289,2.113158
0.206057,0.61823,0.613402,2.1465,1.995024
0.24329,0.637217,0.633169,2.189131,1.887352
0.173218,0.637217,0.65045,2.239137,1.74657
0.284837,0.708545,0.705499,2.264529,1.63639
0.379345,0.763639,0.754586,2.299928,1.523591
0.379345,0.763639,0.76931,2.307458,1.418933
0.379345,0.770891,0.76931,2.307458,1.29
0.430896,0.740936,0.73982,2.307458,1.199561
0.379345,0.82323,0.833466,2.291913,1.122731
0.430896,0.82323,0.79735,2.258539,1.045326
0.483989,0.798325,0.797835,2.225561,0.982331
0.483989,0.784927,0.797835,2.173732,0.931329
0.537447,0.725038,0.72509,2.095459,0.892781
0.590057,0.770891,0.771437,2.017907,0.864753
0.640684,0.733064,0.742129,1.921718,0.835176
0.640684,0.740936,0.726288,1.847714,0.808839
0.640684,0.708545,0.709854,1.74902,0.78393
0.68836,0.708545,0.69349,1.655655,0.76441
0.68836,0.655786,0.675965,1.55629,0.747633
0.732354,0.608599,0.640126,1.471849,0.7465
0.732354,0.57921,0.582325,1.364853,0.7465
0.807658,0.58908,0.603372,1.257359,0.747951
0.807658,0.539175,0.543874,1.184481,0.7785
0.772192,0.518934,0.522921,1.101528,0.832664
0.807658,0.498627,0.483098,1.053028,0.870819
0.807658,0.468201,0.483098,0.987941,0.93826
0.772192,0.468201,0.462114,0.956672,1.023311
0.732354,0.529064,0.522171,0.913375,1.103125
0.732354,0.458098,0.461366,0.873448,1.209527
0.640684,0.428033,0.439781,0.846396,1.334037
0.590057,0.498627,0.499631,0.818281,1.442094
0.537447,0.498627,0.498879,0.811082,1.534232
0.537447,0.518934,0.498879,0.809134,1.637745
0.537447,0.539175,0.519169,0.809134,1.745286
0.430896,0.700083,0.70737,0.812019,1.841233
0.430896,0.691487,0.690285,0.822625,1.899492
0.330381,0.673887,0.671338,0.848943,1.92
0.330381,0.646557,0.65318,0.874905,1.92
0.379345,0.700083,0.672001,0.929971,1.92
0.284837,0.691487,0.652498,0.976342,1.907633
0.24329,0.708545,0.704874,1.022966,1.835684
0.24329,0.700083,0.687707,1.06229,1.755409
0.24329,0.691487,0.687707,1.089021,1.694484
0.24329,0.655786,0.651816,1.136965,1.586823
0.284837,0.61823,0.633867,1.198452,1.474582
0.24329,0.61823,0.614115,1.284418,1.364761
0.206057,0.58908,0.593979,1.359215,1.219046
0.173218,0.539175,0.533412,1.421579,1.085263
0.120124,0.498627,0.491362,1.51994,0.94821
0.206057,0.398486,0.413307,1.602352,0.85278
0.24329,0.379182,0.375265,1.696051,0.775725
0.24329,0.332663,0.33803,1.771072,0.7575
0.144659,0.234388,0.237167,1.832347,0.7575
0.173218,0.227175,0.223313,1.881983,0.7575
0.206057,0.206491,0.19689,1.933125,0.767
0.284837,0.213225,0.211045,1.998296,0.820641
0.24329,0.137791,0.150893,2.047171,0.898762
0.24329,0.133036,0.140782,2.093074,0.990633
0.330381,0.133036,0.122907,2.157226,1.088065
0.330381,0.119595,0.122907,2.181446,1.206407
0.330381,0.12394,0.122907,2.217085,1.313338
0.430896,0.111301,0.123557,2.245689,1.416219
0.537447,0.169386,0.153219,2.256755,1.549925
0.640684,0.137791,0.143717,2.256755,1.667
0.640684,0.133036,0.143717,2.256755,1.788255
0.732354,0.163746,0.165709,2.235601,1.883988
0.732354,0.199912,0.189393,2.185557,2.000398
0.732354,0.199912,0.202173,2.168382,2.092868
0.68836,0.187231,0.201689,2.130945,2.183068
0.732354,0.199912,0.189393,2.059663,2.2537
0.640684,0.213225,0.214572,1.977531,2.310842
0.537447,0.241758,0.227514,1.901994,2.350736
0.483989,0.234388,0.241547,1.838299,2.371833
0.483989,0.289192,0.305883,1.778583,2.375
0.483989,0.289192,0.272529,1.7129,2.375
0.430896,0.323705,0.305245,1.625809,2.374625
0.330381,0.341743,0.339377,1.578594,2.363245
0.379345,0.379182,0.377382,1.539602,2.340525
0.330381,0.398486,0.395922,1.526674,2.316559
0.330381,0.458098,0.415496,1.524174,2.26952
0.284837,0.559291,0.555783,1.524174,2.202317
0.24329,0.61823,0.614115,1.525104,2.1118
0.24329,0.637217,0.633169,1.54774,1.9681
0.206057,0.664895,0.63247,1.579316,1.885463
0.24329,0.716864,0.687707,1.639241,1.79035
0.24329,0.756227,0.752911,1.705207,1.668433
0.206057,0.811092,0.79491,1.742589,1.540687
0.24329,0.740936,0.737498,1.783167,1.407
0.284837,0.733064,0.73808,1.814011,1.296659
0.284837,0.804788,0.795888,1.834,1.1742
0.379345,0.798325,0.796864,1.834,1.064069
0.430896,0.763639,0.769843,1.834,0.950361
0.330381,0.756227,0.754029,1.823096,0.83926
0.430896,0.770891,0.755142,1.790842,0.7547
0.430896,0.740936,0.73982,1.754531,0.70443
0.430896,0.708545,0.70737,1.704511,0.669389
0.430896,0.673887,0.690285,1.643626,0.640141
0.430896,0.608599,0.5976,1.575316,0.637
0.537447,0.598879,0.618382,1.496287,0.637
0.483989,0.498627,0.477843,1.4435,0.6385
0.483989,0.398486,0.417689,1.397305,0.666538
0.483989,0.360248,0.359887,1.371145,0.702453
0.537447,0.323705,0.324047,1.357975,0.734644
0.590057,0.306179,0.307161,1.3532,0.812747
0.68836,0.264796,0.274921,1.3532,0.905125
0.732354,0.241758,0.229635,1.3532,0.993864
0.772192,0.241758,0.244868,1.360942,1.104818
0.732354,0.213225,0.244312,1.37896,1.224483
0.807658,0.264796,0.276723,1.390054,1.367573
0.807658,0.249281,0.26077,1.396802,1.518971
0.807658,0.297616,0.328011,1.456573,1.645213
0.807658,0.398486,0.328011,1.493753,1.776025
0.838755,0.408264,0.40386,1.504309,1.892511
0.807658,0.488471,0.383763,1.511125,2.020572
0.807658,0.44803,0.442746,1.512176,2.139339
0.838755,0.428033,0.443488,1.511733,2.213774
0.807658,0.518934,0.523671,1.49694,2.276594
0.807658,0.549253,0.563934,1.471405,2.335667
0.807658,0.549253,0.543874,1.320405,2.366
0.772192,0.58908,0.602652,1.222077,2.3665
0.772192,0.664895,0.677281,1.129558,2.3665
0.68836,0.664895,0.675965,1.043667,2.34575
0.68836,0.655786,0.657933,0.953547,2.327961
0.68836,0.708545,0.726885,0.806515,2.274573
0.640684,0.708545,0.726288,0.728543,2.206072
0.640684,0.733064,0.726288,0.686059,2.1231
0.640684,0.763639,0.785944,0.655508,2.020567
0.590057,0.784927,0.785438,0.653717,1.919544
0.590057,0.770891,0.785438,0.653717,1.801554
0.590057,0.840274,0.785438,0.653717,1.670722
0.537447,0.784927,0.770907,0.669373,1.53263
0.430896,0.770891,0.769843,0.680771,1.405669
0.430896,0.784927,0.783913,0.687833,1.33889
0.284837,0.733064,0.73808,0.713085,1.244563
0.24329,0.756227,0.767705,0.75755,1.144687
0.284837,0.784927,0.76824,0.822101,1.025936
0.206057,0.748658,0.752351,0.885247,0.919445
0.24329,0.763639,0.752911,0.955749,0.827249
0.206057,0.756227,0.752351,1.029838,0.746553
0.24329,0.756227,0.752911,1.102734,0.691921
0.284837,0.756227,0.75347,1.203434,0.652246
0.284837,0.740936,0.722083,1.305364,0.622575
0.284837,0.716864,0.73808,1.402196,0.600009
0.330381,0.708545,0.706123,1.479773,0.5942
0.330381,0.61823,0.615539,1.552026,0.5942
0.379345,0.57921,0.596877,1.617123,0.5942
0.284837,0.56928,0.555783,1.649067,0.596975
0.330381,0.559291,0.576462,1.649067,0.613448
0.430896,0.478329,0.456886,1.649067,0.642333
0.379345,0.458098,0.436079,1.647956,0.687459
0.430896,0.418116,0.378089,1.623763,0.74012
0.430896,0.360248,0.340727,1.614474,0.803158
0.379345,0.323705,0.322074,1.612,0.888537
0.483989,0.234388,0.241547,1.612,0.981067
0.430896,0.220121,0.226458,1.613147,1.085019
0.483989,0.213225,0.213055,1.633126,1.225991
0.590057,0.17518,0.164465,1.655175,1.319311
0.640684,0.158258,0.164879,1.69331,1.379376
0.68836,0.213225,0.215079,1.728275,1.443057
0.732354,0.193493,0.202173,1.74721,1.503862
0.732354,0.220121,0.229635,1.74721,1.55058
0.772192,0.264796,0.26019,1.74721,1.64751
0.807658,0.272781,0.276723,1.744314,1.769705
0.838755,0.297616,0.311015,1.73553,1.883756
0.807658,0.323705,0.328011,1.729027,1.950779
0.772192,0.332663,0.327349,1.709614,2.028871
0.838755,0.388792,0.40386,1.672155,2.114315
0.772192,0.379182,0.364054,1.600608,2.203373
0.732354,0.408264,0.363358,1.508145,2.274211
0.772192,0.478329,0.482347,1.457792,2.322244
0.732354,0.529064,0.441263,1.401789,2.36318
0.732354,0.539175,0.522171,1.309042,2.374
0.732354,0.559291,0.562455,1.226815,2.374
0.68836,0.637217,0.639432,1.161388,2.374
0.68836,0.627773,0.620508,1.106796,2.359553
0.640684,0.673887,0.657256,1.068619,2.309114
0.640684,0.664895,0.657256,1.0237,2.24209
0.68836,0.700083,0.799769,0.944169,2.15628
0.537447,0.811092,0.811077,0.924865,2.062111
0.483989,0.82323,0.822767,0.908566,1.947487
0.537447,0.82323,0.834714,0.90031,1.823793
0.483989,0.804788,0.810616,0.888344,1.693794
0.483989,0.770891,0.784422,0.877879,1.548888
0.483989,0.784927,0.770375,0.877508,1.414496
0.379345,0.770891,0.76931,0.877508,1.27382
0.330381,0.777988,0.782893,0.877633,1.126311
0.330381,0.748658,0.738661,0.891469,1.012534
0.284837,0.740936,0.75347,0.927407,0.906918
0.284837,0.664895,0.670674,0.973479,0.835531
0.284837,0.664895,0.670674,1.0335,0.773375
0.173218,0.673887,0.65045,1.091948,0.7147
0.173218,0.664895,0.65045,1.191457,0.66108
0.173218,0.61823,0.612689,1.297881,0.624388
0.24329,0.608599,0.594704,1.389992,0.615968
0.206057,0.627773,0.593979,1.503933,0.615968
0.24329,0.539175,0.514663,1.606396,0.615968
0.24329,0.529064,0.514663,1.715495,0.617612
0.173218,0.408264,0.412578,1.822187,0.642309
0.173218,0.369665,0.373856,1.916204,0.687593
0.206057,0.360248,0.355741,1.99495,0.738928
0.144659,0.297616,0.284003,2.045125,0.787875
0.173218,0.213225,0.209547,2.105208,0.864897
0.24329,0.220121,0.238803,2.148506,0.956349
0.206057,0.158258,0.161186,2.182239,1.052542
0.144659,0.14269,0.139694,2.209867,1.15216
0.330381,0.163746,0.151665,2.228076,1.259766
0.379345,0.133036,0.152052,2.247933,1.367299
0.483989,0.169386,0.132968,2.276313,1.477313
0.483989,0.158258,0.152829,2.310635,1.603953
0.590057,0.187231,0.200722,2.315,1.703406
0.590057,0.163746,0.164465,2.315,1.810042
0.68836,0.181128,0.176803,2.315,1.890724
0.732354,0.234388,0.244312,2.305775,1.951783
0.732354,0.280912,0.292019,2.256735,2.020355
0.732354,0.332663,0.344792,2.20375,2.063
0.772192,0.341743,0.327349,2.1056,2.0967
0.807658,0.398486,0.403136,2.008669,2.131625
0.772192,0.379182,0.402413,1.902654,2.155484
0.772192,0.408264,0.402413,1.781911,2.17927
0.772192,0.418116,0.422084,1.666398,2.200458
0.732354,0.428033,0.441263,1.556614,2.218564
0.732354,0.468201,0.461366,1.427703,2.222497
0.68836,0.478329,0.480845,1.324388,2.222497
0.68836,0.488471,0.501135,1.216509,2.222497
0.590057,0.58908,0.580129,1.150923,2.215354
0.640684,0.627773,0.638739,1.093979,2.177735
0.537447,0.725038,0.708613,1.050959,2.129338
0.590057,0.646557,0.656578,1.021253,2.060235
0.590057,0.725038,0.741553,0.99129,1.953089
0.537447,0.756227,0.756253,0.976625,1.854458
0.537447,0.740936,0.756253,0.970002,1.74229
0.430896,0.798325,0.79735,0.964458,1.624071
0.483989,0.855962,0.855548,0.958308,1.511588
0.483989,0.784927,0.797835,0.954949,1.364799
0.430896,0.82323,0.833883,0.954949,1.249755
0.430896,0.798325,0.783913,0.954949,1.116609
0.430896,0.791707,0.79735,0.959093,0.993738
0.483989,0.770891,0.770375,0.9704,0.8798
0.379345,0.784927,0.754586,0.98375,0.798909
0.330381,0.756227,0.768775,1.00954,0.741864
0.284837,0.763639,0.75347,1.05829,0.679025
0.24329,0.756227,0.767705,1.110992,0.635453
0.24329,0.733064,0.721479,1.187559,0.594848
0.330381,0.627773,0.634565,1.25001,0.572978
0.206057,0.646557,0.651133,1.346108,0.570637
0.206057,0.627773,0.613402,1.449675,0.570637
0.144659,0.637217,0.631071,1.527608,0.570637
0.206057,0.655786,0.651133,1.649092,0.577008
0.284837,0.655786,0.652498,1.770955,0.597187
0.144659,0.655786,0.649766,1.942337,0.6351
0.284837,0.518934,0.515414,2.029268,0.672414
0.330381,0.539175,0.536405,2.083827,0.697748
0.430896,0.56928,0.57793,2.102967,0.718189
0.537447,0.57921,0.539395,2.102967,0.744821
0.537447,0.57921,0.599046,2.102967,0.775167
0.590057,0.56928,0.580129,2.075225,0.821258
0.590057,0.539175,0.540142,1.962383,0.854912
0.68836,0.549253,0.541635,1.879039,0.907815
0.68836,0.57921,0.561714,1.799292,0.968005
0.772192,0.58908,0.583056,1.697885,1.048275
0.772192,0.61823,0.640818,1.629622,1.101324
0.807658,0.598879,0.622631,1.538783,1.178751
0.772192,0.57921,0.583056,1.441249,1.271834
0.772192,0.57921,0.583056,1.357,1.35
0.772192,0.608599,0.563195,1.2123,1.45682
0.807658,0.488471,0.462861,1.07436,1.53387
0.865661,0.508784,0.504894,0.958994,1.627205
0.838755,0.508784,0.524421,0.865163,1.725922
0.838755,0.458098,0.463609,0.806568,1.798041
0.807658,0.428033,0.422817,0.791148,1.823796
0.807658,0.398486,0.383763,0.791148,1.894657
0.807658,0.332663,0.328011,0.791148,1.970188
0.807658,0.289192,0.293264,0.820765,1.998136
0.807658,0.227175,0.245424,0.858193,2.033568
0.807658,0.199912,0.203145,0.896019,2.081633
0.838755,0.199912,0.203633,0.943653,2.126042
0.640684,0.163746,0.164879,1.009374,2.219004
0.537447,0.158258,0.175493,1.080597,2.277919
0.483989,0.092737,0.099773,1.137438,2.298171
0.430896,0.099803,0.099503,1.177182,2.309642
0.206057,0.133036,0.140419,1.221165,2.370067
0.206057,0.234388,0.223835,1.329886,2.370067
0.144659,0.241758,0.222792,1.453595,2.370067
0.120124,0.264796,0.267197,1.601764,2.364224
0.120124,0.289192,0.267197,1.744207,2.31601
0.144659,0.332663,0.373152,1.862458,2.254875
0.173218,0.428033,0.412578,1.975493,2.183402
0.144659,0.438008,0.431648,2.060792,2.11929
0.173218,0.408264,0.412578,2.149682,2.024622
0.144659,0.488471,0.471844,2.23714,1.91488
0.173218,0.498627,0.492865,2.302897,1.810758
0.24329,0.529064,0.534909,2.336341,1.709408
0.24329,0.549253,0.534909,2.353036,1.611732
0.284837,0.518934,0.535657,2.368658,1.499898
0.206057,0.539175,0.534161,2.374,1.402897
0.24329,0.58908,0.594704,2.374,1.311237
0.284837,0.627773,0.595429,2.374,1.218188
0.24329,0.691487,0.594704,2.366067,1.143305
0.379345,0.740936,0.723288,2.358,1.102
0.430896,0.811092,0.822328,2.352063,1.079444
0.430896,0.798325,0.769843,2.334686,1.038286
0.590057,0.770891,0.785438,2.293728,0.997476
0.590057,0.784927,0.785438,2.256358,0.968929
0.590057,0.756227,0.771437,2.19081,0.94262
0.590057,0.756227,0.741553,2.105616,0.924751
0.590057,0.725038,0.725689,2.015382,0.902424
0.68836,0.725038,0.726885,1.893344,0.879686
0.640684,0.708545,0.709854,1.845625,0.86675
0.732354,0.700083,0.694129,1.719292,0.837606
0.68836,0.664895,0.657933,1.603587,0.830844
0.772192,0.559291,0.583056,1.50246,0.830844
0.772192,0.608599,0.621924,1.366861,0.830844
0.772192,0.598879,0.602652,1.26475,0.837625
0.772192,0.608599,0.602652,1.179328,0.874904
0.807658,0.58908,0.583787,1.077002,0.928165
0.772192,0.518934,0.502638,0.994957,0.992491
0.807658,0.438008,0.462861,0.91955,1.091918
0.772192,0.458098,0.462114,0.867967,1.196659
0.807658,0.388792,0.383763,0.821801,1.303665
0.807658,0.369665,0.383763,0.784256,1.406036
0.807658,0.297616,0.293264,0.745536,1.510348
0.732354,0.289192,0.275521,0.730857,1.630132
0.732354,0.234388,0.229635,0.730857,1.748507
0.68836,0.206491,0.201689,0.730857,1.86919
0.68836,0.163746,0.188932,0.73508,1.952898
0.640684,0.14269,0.143717,0.762145,2.025336
0.537447,0.12394,0.133315,0.802027,2.09677
0.590057,0.099803,0.100315,0.866828,2.166826
0.284837,0.147733,0.131587,0.948894,2.214483
0.24329,0.163746,0.172898,1.031162,2.240232
0.24329,0.181128,0.184819,1.130574,2.254323
0.173218,0.213225,0.209547,1.224359,2.26665
0.206057,0.213225,0.223835,1.31369,2.29051
0.206057,0.241758,0.238257,1.420771,2.311024
0.24329,0.256962,0.253874,1.524597,2.316854
0.24329,0.264796,0.269559,1.618363,2.316854
0.284837,0.264796,0.254444,1.699102,2.316854
0.284837,0.289192,0.270151,1.787696,2.309584
0.330381,0.314874,0.303971,1.893771,2.261887
0.284837,0.323705,0.320762,1.982805,2.181402
0.379345,0.289192,0.304608,2.05481,2.117628
0.379345,0.360248,0.377382,2.123696,2.012863
0.483989,0.418116,0.417689,2.161622,1.918703
0.590057,0.438008,0.419152,2.167,1.836
0.640684,0.418116,0.419884,2.167,1.752849
0.68836,0.438008,0.440522,2.167,1.691221
0.640684,0.468201,0.439781,2.142362,1.639576
0.68836,0.529064,0.541635,2.077774,1.6155
0.68836,0.539175,0.541635,1.99754,1.6155
0.68836,0.61823,0.581593,1.894777,1.6155
0.732354,0.682752,0.694129,1.817173,1.620221
0.68836,0.691487,0.69349,1.729798,1.627096
0.68836,0.740936,0.757912,1.60315,1.63765
0.640684,0.725038,0.726288,1.472549,1.643513
0.68836,0.740936,0.742704,1.353653,1.670271
0.640684,0.756227,0.75736,1.240409,1.672371
0.590057,0.81724,0.811537,1.1344,1.672371
0.590057,0.798325,0.785438,1.027822,1.665686
0.537447,0.784927,0.78493,0.971593,1.635737
0.537447,0.81724,0.811077,0.915284,1.581016
0.430896,0.840274,0.72389,0.872745,1.498525
0.430896,0.708545,0.72389,0.863889,1.418168
0.430896,0.748658,0.755142,0.863889,1.326659
0.430896,0.708545,0.70737,0.863889,1.22875
0.430896,0.763639,0.769843,0.87315,1.12099
0.284837,0.716864,0.722083,0.907675,1.0238
0.24329,0.673887,0.687707,0.956263,0.945379
0.24329,0.637217,0.614115,1.018328,0.885717
0.206057,0.646557,0.669344,1.068218,0.845964
0.173218,0.627773,0.593254,1.141553,0.797085
0.206057,0.57921,0.593979,1.228375,0.7775
0.173218,0.57921,0.573523,1.307453,0.759688
0.144659,0.56928,0.552811,1.406462,0.747186
0.24329,0.488471,0.474093,1.520107,0.736503
0.206057,0.398486,0.413307,1.627789,0.7355
0.173218,0.369665,0.373856,1.729641,0.7355
0.24329,0.341743,0.356431,1.843452,0.7355
0.173218,0.280912,0.268376,1.955907,0.754042
0.24329,0.272781,0.269559,2.058026,0.800434
0.206057,0.199912,0.19689,2.141993,0.858493
0.173218,0.163746,0.16078,2.19763,0.920607
0.330381,0.147733,0.141511,2.245547,1.008219
0.430896,0.115383,0.107019,2.291906,1.108549
0.483989,0.107345,0.099773,2.323516,1.224872
0.537447,0.12394,0.12421,2.32587,1.349152
0.640684,0.128419,0.134011,2.32587,1.468914
0.640684,0.187231,0.188471,2.32587,1.614852
0.68836,0.206491,0.188932,2.312666,1.754071
0.732354,0.220121,0.215587,2.277273,1.864207
0.772192,0.227175,0.244868,2.23075,1.97775
0.732354,0.297616,0.292019,2.159577,2.104643
0.807658,0.289192,0.310371,2.095735,2.193918
0.772192,0.341743,0.422084,2.017473,2.256412
0.807658,0.323705,0.383763,1.926078,2.300394
0.807658,0.408264,0.422817,1.846349,2.319825
0.807658,0.468201,0.462861,1.758888,2.35881
0.838755,0.468201,0.463609,1.655246,2.390456
0.807658,0.539175,0.462861,1.583745,2.393
0.807658,0.508784,0.523671,1.472762,2.393
0.772192,0.468201,0.462114,1.358888,2.393
0.772192,0.44803,0.462114,1.277375,2.375799
0.772192,0.529064,0.522921,1.216649,2.328109
0.732354,0.559291,0.562455,1.133405,2.317918
0.772192,0.57921,0.563195,1.043783,2.298366
0.732354,0.673887,0.676624,0.96428,2.270579
0.68836,0.646557,0.639432,0.902075,2.232477
0.640684,0.700083,0.638739,0.863521,2.175944
0.68836,0.708545,0.726885,0.850175,2.147168
0.590057,0.770891,0.771437,0.814121,2.115382
0.590057,0.82323,0.835129,0.7885,2.04449
0.483989,0.845652,0.845221,0.787661,1.943368
0.483989,0.82323,0.834299,0.785168,1.83504
0.483989,0.834745,0.834299,0.784891,1.733811
0.483989,0.82323,0.810616,0.783723,1.612487
0.537447,0.811092,0.79832,0.783723,1.491144
0.483989,0.770891,0.770375,0.7853,1.407964
0.430896,0.81724,0.79735,0.7855,1.264865
0.379345,0.798325,0.783403,0.7855,1.137954
0.430896,0.784927,0.79735,0.796839,1.008614
0.330381,0.756227,0.782893,0.839391,0.909814
0.330381,0.770891,0.768775,0.879949,0.828806
0.284837,0.708545,0.722083,0.937166,0.75247
0.284837,0.691487,0.688353,1.013271,0.681453
0.24329,0.664895,0.670009,1.097551,0.638632
0.24329,0.664895,0.670009,1.193924,0.612244
0.206057,0.646557,0.651133,1.295119,0.599442
0.144659,0.627773,0.631071,1.396055,0.594129
0.144659,0.637217,0.611975,1.505337,0.594129
0.173218,0.539175,0.553555,1.599348,0.594129
0.173218,0.529064,0.51316,1.730862,0.597773
0.206057,0.478329,0.493617,1.842133,0.626992
0.144659,0.438008,0.431648,1.933625,0.670875
0.173218,0.360248,0.355052,2.020034,0.735034
0.173218,0.341743,0.336686,2.086735,0.804494
0.173218,0.360248,0.355052,2.145278,0.875828
0.206057,0.323705,0.302066,2.19069,0.977866
0.144659,0.256962,0.222792,2.215802,1.074547
0.24329,0.163746,0.161593,2.234032,1.200717
0.284837,0.158258,0.162001,2.239508,1.315557
0.284837,0.158258,0.162001,2.241,1.434507
0.537447,0.152922,0.164053,2.242,1.561453
0.640684,0.187231,0.188471,2.241625,1.657965
0.640684,0.199912,0.201205,2.2404,1.744884
0.68836,0.264796,0.274921,2.236625,1.816967
0.772192,0.280912,0.309727,2.213669,1.906137
0.772192,0.332663,0.327349,2.185019,1.964155
0.772192,0.350942,0.383052,2.14621,2.005255
0.772192,0.478329,0.462114,2.088067,2.034882
0.772192,0.478329,0.482347,2.02971,2.06554
0.772192,0.468201,0.462114,1.927417,2.103861
0.772192,0.478329,0.482347,1.836022,2.127922
0.772192,0.529064,0.543128,1.728312,2.144839
0.732354,0.518934,0.542382,1.595777,2.167422
0.732354,0.529064,0.562455,1.473009,2.18249
0.732354,0.549253,0.562455,1.366492,2.1825
0.68836,0.57921,0.581593,1.260989,2.1825
0.68836,0.691487,0.675965,1.151861,2.17941
0.640684,0.716864,0.709854,1.054275,2.159197
0.640684,0.673887,0.657256,0.973403,2.13069
0.68836,0.740936,0.726885,0.911333,2.087905
0.640684,0.691487,0.69285,0.865786,2.03275
0.590057,0.770891,0.771437,0.84039,1.972042
0.590057,0.811092,0.811537,0.818395,1.886106
0.68836,0.798325,0.799769,0.8115,1.80802
0.590057,0.770891,0.785438,0.8115,1.720205
0.537447,0.784927,0.78493,0.8115,1.612238
0.537447,0.784927,0.770907,0.813,1.5107
0.537447,0.770891,0.770907,0.818655,1.406218
0.640684,0.756227,0.75736,0.824822,1.355596
0.537447,0.756227,0.740976,0.834848,1.328068
0.483989,0.740936,0.740399,0.852494,1.27964
0.379345,0.700083,0.689641,0.877433,1.203934
0.430896,0.655786,0.654541,0.900706,1.129648
0.379345,0.655786,0.672001,0.922107,1.09391
0.483989,0.57921,0.578663,0.942,1.09391
0.430896,0.498627,0.497376,0.96269,1.09391
0.483989,0.438008,0.457632,1.005466,1.102551
0.430896,0.428033,0.436819,1.060076,1.129102
0.430896,0.428033,0.436819,1.126433,1.14791
0.379345,0.360248,0.358503,1.145,1.156
0.330381,0.332663,0.339377,1.145,1.156
0.330381,0.280912,0.287071,1.177965,1.193813
0.379345,0.256962,0.240447,1.282509,1.27102
0.430896,0.256962,0.256159,1.409667,1.332648
0.173218,0.14269,0.140056,1.517888,1.378313
0.24329,0.137791,0.140782,1.640466,1.41542
0.173218,0.115383,0.113205,1.766117,1.452157
0.206057,0.147733,0.140419,1.873915,1.503069
0.173218,0.199912,0.183915,1.982435,1.575824
0.173218,0.234388,0.223313,2.068069,1.690748
0.173218,0.234388,0.237711,2.128445,1.764762
0.144659,0.249281,0.252169,2.191951,1.850702
0.206057,0.332663,0.319453,2.229051,1.914359
0.206057,0.306179,0.302066,2.261306,1.956742
0.206057,0.428033,0.413307,2.283079,1.958
0.24329,0.408264,0.394485,2.284816,1.958
0.24329,0.478329,0.494369,2.284816,1.949237
0.206057,0.559291,0.554298,2.284816,1.897747
0.206057,0.61823,0.63247,2.278522,1.834246
0.173218,0.655786,0.668678,2.251956,1.736266
0.24329,0.664895,0.651816,2.229265,1.623816
0.284837,0.691487,0.688353,2.210648,1.505617
0.284837,0.725038,0.73808,2.178106,1.387537
0.24329,0.733064,0.721479,2.14634,1.264846
0.284837,0.756227,0.75347,2.111965,1.149879
0.330381,0.740936,0.738661,2.065577,1.043807
0.330381,0.708545,0.722686,2.007302,0.95094
0.330381,0.716864,0.706123,1.950019,0.868626
0.330381,0.708545,0.706123,1.886246,0.795241
0.430896,0.691487,0.672663,1.821366,0.744038
0.483989,0.673887,0.673325,1.746056,0.711398
0.483989,0.637217,0.636655,1.68706,0.708
0.537447,0.637217,0.6559,1.6262,0.708
0.537447,0.478329,0.498879,1.570286,0.708
0.640684,0.44803,0.459872,1.521367,0.726318
0.537447,0.458098,0.458378,1.480562,0.756033
0.640684,0.468201,0.459872,1.452087,0.792203
0.640684,0.341743,0.361968,1.408878,0.877103
0.640684,0.360248,0.343434,1.366055,0.98014
0.68836,0.264796,0.259034,1.325486,1.124125
0.732354,0.241758,0.229635,1.308901,1.233778
0.68836,0.241758,0.243758,1.308901,1.375532
0.732354,0.272781,0.275521,1.308901,1.475714
0.732354,0.264796,0.275521,1.313298,1.592682
0.732354,0.379182,0.42135,1.33191,1.705961
0.772192,0.379182,0.383052,1.338771,1.828033
0.772192,0.408264,0.422084,1.338771,1.92075
0.838755,0.478329,0.463609,1.338771,2.02059
0.838755,0.44803,0.483849,1.332943,2.100125
0.772192,0.438008,0.442004,1.304935,2.1469
0.807658,0.44803,0.442746,1.216295,2.203525
0.807658,0.508784,0.483098,1.152673,2.236219
0.807658,0.458098,0.483098,1.123526,2.251039
0.772192,0.458098,0.462114,1.04575,2.251148
0.772192,0.458098,0.462114,0.974264,2.251148
0.772192,0.468201,0.482347,0.920307,2.249375
0.732354,0.508784,0.501886,0.893968,2.23308
0.732354,0.529064,0.542382,0.885469,2.203825
0.640684,0.682752,0.675306,0.880889,2.151465
0.640684,0.655786,0.657256,0.865149,2.076622
0.590057,0.655786,0.656578,0.864238,1.983915
0.537447,0.725038,0.708613,0.864238,1.880478
0.590057,0.673887,0.69221,0.866869,1.75618
0.537447,0.784927,0.79832,0.877416,1.657921
0.537447,0.756227,0.756253,0.88409,1.537664
0.483989,0.784927,0.784422,0.88974,1.431487
0.537447,0.784927,0.78493,0.90841,1.325201
0.483989,0.798325,0.797835,0.937049,1.184916
0.483989,0.784927,0.784422,0.969044,1.07806
0.430896,0.784927,0.783913,1.009791,0.967517
0.330381,0.81724,0.782893,1.052889,0.881332
0.284837,0.770891,0.782381,1.110473,0.801455
0.330381,0.791707,0.782893,1.181666,0.735162
0.284837,0.733064,0.722083,1.2667,0.669885
0.24329,0.708545,0.721479,1.346686,0.622089
0.24329,0.733064,0.721479,1.460672,0.587896
0.24329,0.708545,0.704874,1.54453,0.568595
0.284837,0.682752,0.688353,1.643365,0.566
0.206057,0.664895,0.669344,1.75,0.566
0.24329,0.646557,0.633169,1.845236,0.566125
0.173218,0.646557,0.631771,1.91818,0.585023
0.24329,0.646557,0.633169,2.006866,0.639707
0.144659,0.498627,0.492114,2.075258,0.691208
0.206057,0.428033,0.453157,2.136812,0.75667
0.173218,0.418116,0.412578,2.178554,0.832004
0.173218,0.323705,0.3188,2.217187,0.931392
0.173218,0.314874,0.268376,2.252816,1.040461
0.206057,0.289192,0.268967,2.289855,1.149974
0.206057,0.234388,0.238257,2.319303,1.247178
0.206057,0.220121,0.223835,2.331992,1.363253
0.206057,0.213225,0.210046,2.333,1.45761
0.330381,0.14269,0.151665,2.333,1.574098
0.284837,0.158258,0.131587,2.332489,1.670388
0.284837,0.181128,0.131587,2.317022,1.769695
0.330381,0.17518,0.17376,2.279938,1.870984
0.206057,0.213225,0.19689,2.233313,1.946872
0.284837,0.256962,0.254444,2.182582,2.005438
0.379345,0.272781,0.287686,2.149995,2.017825
0.284837,0.306179,0.338704,2.091535,2.017825
0.330381,0.360248,0.339377,2.069088,2.017825
0.330381,0.418116,0.415496,2.056109,1.99579
0.379345,0.428033,0.436079,2.046366,1.939946
0.330381,0.458098,0.475593,2.022395,1.879016
0.330381,0.57921,0.576462,2.006474,1.81459
0.330381,0.627773,0.634565,1.980671,1.745673
0.379345,0.627773,0.672001,1.939919,1.6715
0.330381,0.646557,0.634565,1.906324,1.585774
0.330381,0.708545,0.706123,1.857624,1.505956
0.430896,0.784927,0.79735,1.7964,1.4062
0.483989,0.770891,0.770375,1.745483,1.300263
0.430896,0.811092,0.810154,1.694969,1.201275
0.483989,0.811092,0.822767,1.645916,1.117294
0.537447,0.845652,0.834714,1.595556,1.010542
0.430896,0.834745,0.822328,1.539358,0.932905
0.483989,0.82323,0.822767,1.477375,0.864125
0.483989,0.82323,0.810616,1.409163,0.812806
0.590057,0.756227,0.756807,1.33575,0.7585
0.590057,0.784927,0.785438,1.263673,0.741804
0.640684,0.798325,0.799287,1.198856,0.741604
0.640684,0.777988,0.785944,1.144648,0.741604
0.640684,0.777988,0.771967,1.083628,0.744589
0.68836,0.756227,0.742704,1.026125,0.769625
0.68836,0.740936,0.742704,0.991216,0.799381
0.68836,0.682752,0.675965,0.937893,0.861605
0.732354,0.700083,0.694129,0.890694,0.942377
0.772192,0.646557,0.640818,0.845313,1.0424
0.772192,0.627773,0.640818,0.793881,1.145044
0.807658,0.56928,0.603372,0.770409,1.249759
0.807658,0.598879,0.603372,0.762573,1.361411
0.807658,0.57921,0.583787,0.762573,1.458504
0.772192,0.539175,0.543128,0.763203,1.570512
0.772192,0.478329,0.482347,0.779574,1.671138
0.807658,0.438008,0.442746,0.800967,1.786858
0.807658,0.458098,0.442746,0.819635,1.88025
0.838755,0.332663,0.365448,0.899557,1.970408
0.807658,0.306179,0.310371,0.936536,2.009864
0.772192,0.272781,0.292641,0.971728,2.042309
0.772192,0.280912,0.276121,1.024482,2.102918
0.772192,0.249281,0.26019,1.071813,2.141986
0.732354,0.241758,0.244312,1.124275,2.153756
0.640684,0.323705,0.325366,1.201738,2.159236
0.483989,0.289192,0.272529,1.236097,2.159236
0.483989,0.360248,0.341403,1.281696,2.157542
0.379345,0.369665,0.377382,1.317676,2.142472
0.330381,0.408264,0.415496,1.385606,2.094128
0.330381,0.468201,0.455394,1.458443,2.00376
0.330381,0.468201,0.475593,1.515363,1.90587
0.330381,0.57921,0.576462,1.562382,1.784997
0.284837,0.559291,0.555783,1.607974,1.653543
0.284837,0.539175,0.535657,1.642943,1.554461
0.24329,0.56928,0.594704,1.684315,1.432419
0.24329,0.646557,0.651816,1.714948,1.335861
0.24329,0.61823,0.614115,1.745243,1.226909
0.206057,0.61823,0.613402,1.780305,1.118599
0.173218,0.637217,0.631771,1.812729,1.018726
0.24329,0.682752,0.670009,1.86475,0.914625
0.173218,0.598879,0.573523,1.918059,0.838869
0.24329,0.655786,0.651816,1.958817,0.784708
0.206057,0.58908,0.574258,1.983512,0.777774
0.173218,0.539175,0.533412,2.01408,0.777774
0.173218,0.508784,0.492865,2.049526,0.777774
0.173218,0.478329,0.472594,2.090799,0.80601
0.144659,0.408264,0.431648,2.14075,0.883125
0.206057,0.350942,0.355741,2.186895,0.969863
0.144659,0.306179,0.318147,2.236434,1.063836
0.173218,0.264796,0.284615,2.27423,1.174294
0.173218,0.264796,0.268376,2.32813,1.290797
0.173218,0.234388,0.237711,2.366876,1.412019
0.144659,0.181128,0.183464,2.371302,1.511722
0.173218,0.187231,0.183915,2.371302,1.633243
0.206057,0.163746,0.161186,2.371302,1.721886
0.206057,0.163746,0.161186,2.349732,1.809421
0.483989,0.133036,0.132968,2.308553,1.890743
0.379345,0.133036,0.152052,2.244315,1.98385
0.640684,0.158258,0.164879,2.156492,2.073871
0.68836,0.158258,0.165294,2.058065,2.139258
0.68836,0.234388,0.229103,1.951969,2.193099
0.68836,0.234388,0.274921,1.837408,2.244087
0.772192,0.264796,0.26019,1.718591,2.2857
0.807658,0.314874,0.310371,1.608808,2.303
0.772192,0.314874,0.327349,1.558068,2.303
0.772192,0.323705,0.327349,1.452025,2.303
0.772192,0.360248,0.345471,1.357085,2.29431
0.732354,0.398486,0.382341,1.294832,2.255728
0.732354,0.418116,0.42135,1.252536,2.194217
0.68836,0.408264,0.420617,1.220585,2.151295
0.590057,0.529064,0.499631,1.192764,2.080182
0.640684,0.539175,0.52067,1.112755,1.989998
0.640684,0.58908,0.60049,1.099046,1.888108
0.590057,0.637217,0.638045,1.088794,1.78178
0.590057,0.61823,0.656578,1.08,1.712
0.590057,0.691487,0.69221,1.065026,1.655381
0.590057,0.740936,0.756807,1.028057,1.526357
0.590057,0.740936,0.741553,0.980314,1.393272
0.590057,0.756227,0.846006,0.927762,1.24944
0.537447,0.840274,0.834714,0.8977,1.11149
0.590057,0.82323,0.823643,0.896,0.973181
0.430896,0.82323,0.833883,0.896,0.867921
0.483989,0.811092,0.770375,0.898452,0.776762
0.379345,0.770891,0.76931,0.937683,0.704517
0.330381,0.784927,0.768775,1.005699,0.647343
0.330381,0.777988,0.782893,1.099529,0.600683
0.330381,0.748658,0.738661,1.19375,0.575
0.284837,0.740936,0.73808,1.300859,0.560757
0.24329,0.691487,0.687707,1.404631,0.548604
0.284837,0.700083,0.73808,1.516255,0.5415
0.24329,0.664895,0.670009,1.632712,0.541036
0.206057,0.700083,0.687061,1.747022,0.541036
0.173218,0.682752,0.686414,1.86706,0.543902
0.173218,0.655786,0.65045,1.96575,0.568375
0.173218,0.673887,0.668678,2.062483,0.61158
0.206057,0.57921,0.554298,2.137155,0.662537
0.173218,0.559291,0.553555,2.199053,0.729284
0.173218,0.498627,0.492865,2.250129,0.804892
0.173218,0.488471,0.492865,2.33554,0.901848
0.173218,0.379182,0.373856,2.373094,1.021804
0.173218,0.350942,0.355052,2.378117,1.137944
0.24329,0.332663,0.33803,2.378117,1.25445
0.284837,0.169386,0.162001,2.377029,1.383508
0.206057,0.137791,0.130901,2.361681,1.503438
0.206057,0.133036,0.140419,2.344633,1.629823
0.284837,0.133036,0.141146,2.252673,1.783293
0.430896,0.14269,0.174625,2.2348,1.8801
0.640684,0.14269,0.154001,2.1955,1.954875
0.68836,0.152922,0.154393,2.153898,2.043811
0.537447,0.213225,0.342079,2.102275,2.126629
0.430896,0.241758,0.240996,2.037027,2.208438
0.430896,0.264796,0.271934,1.975355,2.25218
0.430896,0.272781,0.288303,1.900494,2.2695
0.483989,0.369665,0.378797,1.815825,2.2695
0.430896,0.379182,0.397361,1.738836,2.2695
0.379345,0.518934,0.516916,1.705413,2.265218
0.379345,0.498627,0.496624,1.674485,2.215032
0.379345,0.559291,0.537153,1.659583,2.144084
0.379345,0.539175,0.537153,1.659484,2.05105
0.330381,0.673887,0.671338,1.659484,1.932375
0.330381,0.673887,0.671338,1.657374,1.879674
0.379345,0.708545,0.689641,1.656398,1.736822
0.379345,0.770891,0.76931,1.656398,1.602715
0.330381,0.770891,0.768775,1.655772,1.447827
0.330381,0.855962,0.854429,1.645006,1.307267
0.430896,0.770891,0.769843,1.623068,1.194722
0.430896,0.811092,0.810154,1.599521,1.070267
0.430896,0.811092,0.810154,1.545559,0.954954
0.537447,0.82323,0.834714,1.488291,0.83896
0.537447,0.840274,0.845614,1.434438,0.76935
0.430896,0.850879,0.844827,1.377107,0.719061
0.483989,0.855962,0.845221,1.316764,0.686929
0.640684,0.798325,0.799287,1.265538,0.685
0.590057,0.770891,0.771437,1.220038,0.685
0.537447,0.756227,0.770907,1.147774,0.68525
0.430896,0.716864,0.755142,1.066209,0.701027
0.640684,0.716864,0.709854,0.988993,0.751725
0.68836,0.708545,0.710473,0.946663,0.791996
0.640684,0.655786,0.69285,0.901187,0.859003
0.640684,0.655786,0.657256,0.864318,0.939846
0.68836,0.646557,0.639432,0.815637,1.026586
0.68836,0.598879,0.601211,0.771407,1.119911
0.68836,0.539175,0.561714,0.769064,1.219216
0.640684,0.478329,0.500383,0.769064,1.321994
0.68836,0.428033,0.440522,0.769596,1.407718
0.590057,0.428033,0.43904,0.777202,1.486556
0.590057,0.438008,0.43904,0.801384,1.547664
0.483989,0.379182,0.398082,0.845699,1.596552
0.483989,0.388792,0.378797,0.904891,1.633794
0.537447,0.323705,0.324047,0.960257,1.658514
0.483989,0.280912,0.288921,1.049049,1.676593
0.379345,0.241758,0.255586,1.133875,1.68375
0.284837,0.256962,0.254444,1.239524,1.692098
0.330381,0.241758,0.225406,1.33654,1.699201
0.379345,0.241758,0.240447,1.416375,1.709
0.330381,0.227175,0.225406,1.497566,1.711546
0.206057,0.187231,0.184367,1.616903,1.722904
0.24329,0.152922,0.150893,1.731874,1.742612
0.24329,0.128419,0.131244,1.846528,1.773919
0.284837,0.115383,0.114114,1.929908,1.812538
0.24329,0.119595,0.113811,2.026677,1.866733
0.24329,0.103513,0.098431,2.103186,1.921992
0.379345,0.115383,0.114724,2.174593,1.995714
0.284837,0.119595,0.122583,2.2059,2.060118
0.772192,0.163746,0.15518,2.213583,2.093669
0.772192,0.163746,0.166125,2.213583,2.143557
0.772192,0.227175,0.216096,2.213583,2.18551
0.807658,0.193493,0.190318,2.1959,2.223173
0.807658,0.297616,0.293264,2.137347,2.25914
0.772192,0.323705,0.327349,2.070312,2.278515
0.807658,0.369665,0.383763,1.989946,2.297381
0.807658,0.388792,0.383763,1.909665,2.32188
0.838755,0.428033,0.443488,1.80845,2.35265
0.807658,0.478329,0.483098,1.704888,2.370963
0.807658,0.488471,0.483098,1.59779,2.383146
0.732354,0.518934,0.522171,1.490352,2.389676
0.772192,0.559291,0.563195,1.438034,2.389676
0.772192,0.539175,0.563195,1.367681,2.389676
0.772192,0.58908,0.583056,1.238719,2.386624
0.732354,0.61823,0.621216,1.140549,2.359471
0.732354,0.637217,0.640126,1.038571,2.314375
0.640684,0.691487,0.69285,0.969375,2.28075
0.640684,0.691487,0.675306,0.908798,2.219374
0.68836,0.708545,0.710473,0.829195,2.144603
0.590057,0.655786,0.656578,0.738272,2.052502
0.590057,0.673887,0.674647,0.724,1.95255
0.590057,0.691487,0.674647,0.724,1.842694
0.537447,0.691487,0.673986,0.724,1.727164
0.430896,0.673887,0.690285,0.733452,1.636505
0.330381,0.716864,0.706123,0.785448,1.528387
0.379345,0.682752,0.672001,0.822717,1.439054
0.330381,0.673887,0.671338,0.895839,1.33092
0.379345,0.763639,0.754586,0.967564,1.232605
0.330381,0.708545,0.706123,1.044269,1.143891
0.330381,0.673887,0.671338,1.134186,1.053628
0.24329,0.725038,0.721479,1.223855,0.96974
0.206057,0.664895,0.669344,1.298057,0.891558
0.24329,0.682752,0.687707,1.396145,0.801512
0.206057,0.691487,0.687061,1.474305,0.743359
0.173218,0.725038,0.720269,1.5577,0.6843
0.206057,0.725038,0.720874,1.651648,0.641252
0.206057,0.725038,0.720874,1.738019,0.612673
0.24329,0.725038,0.721479,1.820372,0.589066
0.206057,0.725038,0.704248,1.895782,0.568129
0.173218,0.725038,0.703621,1.972452,0.563
0.144659,0.646557,0.649766,2.01507,0.563
0.206057,0.700083,0.687061,2.046719,0.563
0.206057,0.598879,0.593979,2.056547,0.563375
0.24329,0.559291,0.555041,2.056547,0.566533
0.206057,0.549253,0.534161,2.056547,0.591303
0.284837,0.379182,0.395203,2.045512,0.640629
0.284837,0.398486,0.395203,2.026899,0.709063
0.206057,0.241758,0.253304,2.008044,0.792526
0.284837,0.206491,0.211045,1.9978,0.909256
0.483989,0.199912,0.199759,1.9975,1.043739
0.68836,0.227175,0.229103,1.9975,1.121225
0.68836,0.241758,0.229103,1.9981,1.242079
0.640684,0.227175,0.243204,2.003186,1.384593
0.68836,0.199912,0.188932,2.003581,1.494716
0.772192,0.272781,0.230167,2.003581,1.622055
0.772192,0.369665,0.230167,2.00349,1.722087
0.772192,0.360248,0.364054,1.984187,1.812943
0.772192,0.341743,0.482347,1.947875,1.917625
0.807658,0.468201,0.483098,1.90327,2.003407
0.838755,0.518934,0.524421,1.84949,2.064119
0.807658,0.488471,0.50339,1.777706,2.125016
0.838755,0.58908,0.564674,1.670282,2.186028
0.838755,0.56928,0.584518,1.578286,2.211239
0.772192,0.549253,0.543128,1.468729,2.221417
0.772192,0.58908,0.602652,1.374023,2.227568
0.772192,0.57921,0.583056,1.337588,2.229
0.732354,0.57921,0.582325,1.240832,2.225818
0.68836,0.627773,0.620508,1.127032,2.218272
0.68836,0.637217,0.639432,1.020041,2.208681
0.68836,0.61823,0.639432,0.925562,2.187008
0.68836,0.733064,0.726885,0.869441,2.150647
0.640684,0.716864,0.726288,0.830983,2.125412
0.640684,0.770891,0.785944,0.749801,2.099834
0.483989,0.834745,0.834299,0.73165,2.060533
0.537447,0.845652,0.845614,0.73165,1.9605
0.537447,0.845652,0.845614,0.73165,1.851772
0.590057,0.834745,0.835129,0.736704,1.737795
0.590057,0.834745,0.835129,0.748,1.597846
0.483989,0.840274,0.845221,0.748,1.467438
0.379345,0.798325,0.796864,0.750135,1.358159
0.430896,0.770891,0.755142,0.755099,1.219304
0.379345,0.770891,0.76931,0.75769,1.106871
0.430896,0.791707,0.769843,0.75799,1.017679
0.379345,0.777988,0.76931,0.771519,0.895489
0.430896,0.740936,0.769843,0.799311,0.815932
0.24329,0.708545,0.704874,0.851702,0.737131
0.206057,0.691487,0.704248,0.912321,0.6855
0.206057,0.725038,0.704248,0.996429,0.642616
0.206057,0.733064,0.720874,1.083,0.608
0.144659,0.716864,0.702994,1.164125,0.58325
0.173218,0.691487,0.686414,1.2716,0.5677
0.206057,0.682752,0.669344,1.375172,0.556573
0.206057,0.655786,0.63247,1.473771,0.544744
0.24329,0.58908,0.574993,1.587995,0.52887
0.173218,0.529064,0.51316,1.690807,0.528826
0.173218,0.428033,0.432385,1.797143,0.528826
0.206057,0.350942,0.355741,1.890745,0.530201
0.206057,0.341743,0.337358,1.989513,0.552066
0.284837,0.289192,0.286456,2.070667,0.588038
0.206057,0.249281,0.253304,2.117857,0.626817
0.206057,0.249281,0.253304,2.157095,0.698782
0.173218,0.169386,0.16078,2.174446,0.772446
0.24329,0.152922,0.131244,2.2001,0.8688
0.284837,0.137791,0.131587,2.24348,0.976524
0.284837,0.163746,0.162001,2.270151,1.087702
0.379345,0.163746,0.152052,2.27869,1.186458
0.430896,0.119595,0.123557,2.283202,1.294871
0.330381,0.133036,0.151665,2.285377,1.400868
0.590057,0.169386,0.164465,2.286387,1.516743
0.640684,0.193493,0.188471,2.285987,1.634498
0.590057,0.213225,0.242651,2.285887,1.740157
0.68836,0.264796,0.274921,2.281513,1.832459
0.772192,0.264796,0.276121,2.270414,1.91627
0.732354,0.280912,0.275521,2.258893,2.001003
0.807658,0.350942,0.328011,2.242266,2.08086
0.807658,0.379182,0.383763,2.20528,2.12612
0.807658,0.44803,0.442746,2.149747,2.166592
0.807658,0.458098,0.403136,2.083685,2.200486
0.772192,0.498627,0.482347,2.012553,2.216315
0.772192,0.56928,0.563195,1.933937,2.230876
0.772192,0.549253,0.563195,1.856186,2.245303
0.772192,0.529064,0.543128,1.749811,2.253483
0.772192,0.655786,0.659285,1.625903,2.255139
0.732354,0.58908,0.601932,1.509364,2.255139
0.732354,0.61823,0.621216,1.388564,2.254656
0.68836,0.627773,0.639432,1.265611,2.248194
0.68836,0.637217,0.639432,1.160128,2.231843
0.68836,0.700083,0.710473,1.05389,2.207486
0.640684,0.791707,0.799287,0.960968,2.179911
0.590057,0.740936,0.725689,0.873389,2.138521
0.640684,0.763639,0.771967,0.795351,2.078562
0.590057,0.740936,0.741553,0.74963,2.007444
0.537447,0.770891,0.770907,0.719371,1.928104
0.537447,0.740936,0.740976,0.7075,1.849206
0.537447,0.740936,0.756253,0.7075,1.753033
0.537447,0.798325,0.756253,0.7075,1.659679
0.379345,0.756227,0.754586,0.710795,1.54625
0.430896,0.770891,0.755142,0.72845,1.434975
0.379345,0.708545,0.706747,0.755341,1.326684
0.284837,0.770891,0.75347,0.789054,1.217144
0.24329,0.740936,0.752911,0.820091,1.133716
0.284837,0.763639,0.76824,0.866367,1.036815
0.206057,0.756227,0.752351,0.919375,0.942733
0.379345,0.756227,0.754586,0.981007,0.863524
0.379345,0.740936,0.739241,1.055292,0.795127
0.330381,0.725038,0.706123,1.122487,0.747187
0.284837,0.61823,0.595429,1.201393,0.703866
0.483989,0.539175,0.518418,1.281191,0.665407
0.483989,0.478329,0.498127,1.35047,0.631498
0.537447,0.498627,0.478594,1.4243,0.603475
0.590057,0.379182,0.399524,1.473204,0.6
0.590057,0.323705,0.342757,1.504372,0.6
0.640684,0.341743,0.343434,1.515079,0.6
0.640684,0.350942,0.343434,1.515095,0.610299
0.68836,0.323705,0.326026,1.515095,0.646286
0.732354,0.323705,0.326687,1.514144,0.701879
0.732354,0.306179,0.309085,1.503104,0.782348
0.772192,0.234388,0.276121,1.488956,0.870348
0.772192,0.213225,0.216096,1.480045,0.948834
0.732354,0.199912,0.215587,1.465672,1.029944
0.772192,0.17518,0.189855,1.457985,1.155986
0.640684,0.12394,0.124865,1.445791,1.292598
0.590057,0.115383,0.115951,1.436823,1.405685
0.430896,0.14269,0.142243,1.425107,1.542189
0.330381,0.163746,0.16241,1.416672,1.669842
0.330381,0.199912,0.198321,1.416271,1.797871
0.24329,0.199912,0.210545,1.421292,1.921792
0.284837,0.280912,0.320762,1.415694,2.019645
0.24329,0.249281,0.210545,1.412799,2.104842
0.24329,0.272781,0.269559,1.421568,2.177499
0.206057,0.289192,0.268967,1.437255,2.244941
0.24329,0.388792,0.394485,1.459559,2.281757
0.173218,0.398486,0.393049,1.535324,2.282132
0.173218,0.438008,0.432385,1.622872,2.282132
0.173218,0.488471,0.492865,1.693693,2.281013
0.173218,0.549253,0.533412,1.769151,2.25263
0.206057,0.539175,0.534161,1.871002,2.206238
0.206057,0.58908,0.593979,1.948488,2.139896
0.24329,0.673887,0.687707,2.009693,2.051251
0.24329,0.627773,0.633169,2.046115,1.973811
0.284837,0.61823,0.614827,2.083225,1.868316
0.284837,0.664895,0.614827,2.116862,1.760848
0.284837,0.748658,0.75347,2.145467,1.647512
0.24329,0.756227,0.767705,2.1475,1.539821
0.379345,0.748658,0.76931,2.1475,1.433476
0.379345,0.725038,0.723288,2.146825,1.303122
0.483989,0.725038,0.724491,2.132875,1.194097
0.483989,0.708545,0.707992,2.093618,1.09954
0.430896,0.655786,0.654541,2.043765,1.02015
0.483989,0.637217,0.636655,1.980826,0.962722
0.590057,0.559291,0.580129,1.913867,0.897967
0.68836,0.508784,0.501135,1.838037,0.859558
0.732354,0.559291,0.562455,1.738045,0.8272
0.732354,0.539175,0.542382,1.631268,0.824
0.732354,0.498627,0.501886,1.553598,0.824
0.732354,0.549253,0.542382,1.487417,0.8265
0.772192,0.529064,0.543128,1.414778,0.86192
0.772192,0.549253,0.543128,1.332792,0.91098
0.807658,0.518934,0.523671,1.253728,0.979843
0.807658,0.539175,0.543874,1.190923,1.075169
0.732354,0.498627,0.501886,1.145845,1.176548
0.772192,0.468201,0.482347,1.1085,1.275815
0.772192,0.438008,0.502638,1.064057,1.387671
0.807658,0.418116,0.442746,1.016394,1.507074
0.732354,0.360248,0.382341,0.98407,1.593079
0.732354,0.297616,0.309085,0.943447,1.683687
0.772192,0.280912,0.292641,0.905827,1.773061
0.68836,0.241758,0.243758,0.872195,1.840866
0.68836,0.227175,0.215079,0.841307,1.89279
0.640684,0.206491,0.201205,0.837125,1.929882
0.430896,0.12394,0.123557,0.837125,1.962048
0.379345,0.158258,0.132276,0.839125,1.995174
0.330381,0.147733,0.131931,0.874389,2.029401
0.284837,0.137791,0.141146,0.928332,2.05591
0.24329,0.169386,0.172898,1.013598,2.082858
0.206057,0.220121,0.223835,1.086244,2.114098
0.24329,0.241758,0.238803,1.181557,2.140295
0.173218,0.249281,0.252736,1.276,2.1645
0.144659,0.264796,0.252169,1.368812,2.176437
0.173218,0.306179,0.301432,1.467636,2.176437
0.173218,0.379182,0.373856,1.580071,2.176437
0.173218,0.438008,0.432385,1.661295,2.172562
0.173218,0.438008,0.432385,1.745225,2.150283
0.173218,0.468201,0.472594,1.835207,2.116248
0.144659,0.559291,0.552811,1.932342,2.070368
0.144659,0.58908,0.572787,2.006107,2.025523
0.144659,0.57921,0.592528,2.097887,1.951428
0.120124,0.58908,0.591802,2.151719,1.901225
0.206057,0.598879,0.613402,2.182909,1.855648
0.206057,0.627773,0.613402,2.229375,1.7535
0.24329,0.682752,0.670009,2.265191,1.642996
0.173218,0.682752,0.668678,2.297488,1.54617
0.206057,0.655786,0.651133,2.32401,1.429479
0.330381,0.56928,0.556525,2.351324,1.298318
0.379345,0.539175,0.557267,2.35932,1.16953
0.330381,0.57921,0.615539,2.35932,1.063465
0.430896,0.549253,0.497376,2.35932,0.956068
0.483989,0.478329,0.477843,2.347157,0.888949
0.590057,0.478329,0.479344,2.32238,0.839334
0.537447,0.379182,0.398803,2.284425,0.800068
0.640684,0.360248,0.380922,2.243594,0.7935
0.640684,0.388792,0.380922,2.174799,0.7935
0.807658,0.468201,0.462861,2.098343,0.7935
0.807658,0.379182,0.403136,2.03043,0.809946
0.807658,0.468201,0.462861,1.965033,0.843863
0.807658,0.418116,0.442746,1.9023,0.881
0.807658,0.44803,0.442746,1.839639,0.939428
0.807658,0.468201,0.483098,1.780548,1.013192
0.807658,0.508784,0.50339,1.715847,1.107792
0.807658,0.518934,0.523671,1.660733,1.2119
0.807658,0.518934,0.543874,1.599858,1.330552
0.807658,0.58908,0.659961,1.532284,1.450578
0.807658,0.646557,0.659961,1.456852,1.56168
0.807658,0.655786,0.64151,1.372604,1.679005
0.772192,0.673887,0.677281,1.289603,1.78536
0.732354,0.646557,0.65861,1.198338,1.902493
0.68836,0.691487,0.69349,1.117186,1.999208
0.68836,0.700083,0.69349,1.03764,2.076144
0.68836,0.708545,0.710473,0.961636,2.136225
0.640684,0.798325,0.799287,0.896312,2.165
0.590057,0.798325,0.798804,0.84302,2.165
0.640684,0.845652,0.846398,0.792653,2.165
0.537447,0.845652,0.845614,0.738494,2.156026
0.537447,0.791707,0.79832,0.705794,2.107329
0.483989,0.798325,0.797835,0.672643,2.036285
0.430896,0.883492,0.882816,0.643281,1.945933
0.330381,0.811092,0.809227,0.62567,1.832908
0.379345,0.811092,0.783403,0.624048,1.727413
0.284837,0.763639,0.782381,0.624048,1.612366
0.330381,0.770891,0.768775,0.624048,1.499238
0.330381,0.784927,0.782893,0.631289,1.353106
0.379345,0.777988,0.76931,0.648587,1.227863
0.24329,0.770891,0.767705,0.679535,1.100375
0.24329,0.756227,0.752911,0.715975,0.989144
0.206057,0.756227,0.736916,0.756524,0.897302
0.284837,0.798325,0.795888,0.807912,0.811447
0.24329,0.763639,0.721479,0.877488,0.721706
0.284837,0.733064,0.722083,0.953798,0.643042
0.379345,0.740936,0.739241,1.052241,0.582654
0.24329,0.637217,0.633169,1.132864,0.547894
0.330381,0.61823,0.615539,1.235509,0.518008
0.379345,0.539175,0.516916,1.325552,0.498189
0.430896,0.518934,0.517667,1.417554,0.493051
0.430896,0.518934,0.497376,1.507308,0.493
0.483989,0.428033,0.417689,1.577968,0.493
0.590057,0.341743,0.342757,1.595919,0.494911
0.537447,0.341743,0.342079,1.64175,0.50875
0.640684,0.323705,0.343434,1.677647,0.517871
0.68836,0.323705,0.308443,1.704221,0.536221
0.732354,0.323705,0.326687,1.71393,0.568147
0.732354,0.289192,0.292019,1.714,0.628222
0.732354,0.264796,0.259612,1.714,0.698026
0.732354,0.227175,0.229635,1.711614,0.78812
0.772192,0.220121,0.216096,1.699164,0.904395
0.68836,0.187231,0.201689,1.6884,1.03107
0.732354,0.181128,0.189393,1.676789,1.15877
0.732354,0.187231,0.189393,1.665127,1.277812
0.640684,0.163746,0.176365,1.632657,1.408072
0.640684,0.115383,0.164879,1.580415,1.540605
0.537447,0.12394,0.115643,1.519167,1.664025
0.379345,0.158258,0.152052,1.484375,1.785875
0.284837,0.17518,0.185273,1.452637,1.884977
0.24329,0.163746,0.161593,1.430309,1.953087
0.173218,0.264796,0.252736,1.429368,2.022572
0.206057,0.264796,0.285228,1.429368,2.095133
0.206057,0.297616,0.302066,1.429368,2.145674
0.173218,0.369665,0.452412,1.443295,2.190466
0.144659,0.332663,0.300799,1.474071,2.225578
0.144659,0.398486,0.392332,1.503745,2.245295
0.144659,0.44803,0.431648,1.543739,2.254352
0.206057,0.468201,0.473343,1.583447,2.254352
0.144659,0.57921,0.572787,1.635836,2.254352
0.173218,0.57921,0.553555,1.692669,2.249249
0.144659,0.559291,0.552811,1.74584,2.22827
0.144659,0.57921,0.572787,1.817883,2.182212
0.173218,0.627773,0.631771,1.874173,2.13429
0.144659,0.673887,0.631071,1.920403,2.078246
0.206057,0.56928,0.574258,1.958738,2.01858
0.206057,0.608599,0.593979,1.995478,1.950514
0.24329,0.655786,0.651816,2.030357,1.870808
0.24329,0.646557,0.670009,2.064398,1.788904
0.206057,0.691487,0.704248,2.10039,1.695474
0.206057,0.708545,0.704248,2.133754,1.597657
0.206057,0.763639,0.767168,2.168013,1.486427
0.24329,0.740936,0.737498,2.2006,1.380307
0.284837,0.740936,0.73808,2.231,1.282125
0.24329,0.756227,0.737498,2.269443,1.18031
0.284837,0.763639,0.76824,2.292712,1.0862
0.379345,0.791707,0.796864,2.295,0.993638
0.284837,0.804788,0.808762,2.295,0.922709
0.430896,0.81724,0.810154,2.295,0.869591
0.379345,0.784927,0.783403,2.284302,0.821997
0.379345,0.763639,0.76931,2.260392,0.784027
0.330381,0.763639,0.754029,2.216343,0.739801
0.430896,0.733064,0.73982,2.158064,0.699543
0.537447,0.708545,0.708613,2.10443,0.670676
0.537447,0.708545,0.708613,2.036061,0.649134
0.590057,0.637217,0.638045,1.956921,0.621973
0.430896,0.57921,0.57793,1.862843,0.609413
0.430896,0.518934,0.497376,1.765439,0.597928
0.430896,0.518934,0.5379,1.681957,0.597803
0.379345,0.478329,0.456139,1.591287,0.597803
0.483989,0.360248,0.359887,1.533991,0.599777
0.483989,0.289192,0.272529,1.47133,0.61102
0.430896,0.256962,0.240996,1.428258,0.624927
0.330381,0.213225,0.211547,1.399119,0.642271
0.430896,0.187231,0.174625,1.393443,0.65989
0.483989,0.187231,0.175059,1.393443,0.685684
0.430896,0.158258,0.174625,1.393443,0.7232
0.590057,0.17518,0.175929,1.394708,0.763397
0.68836,0.169386,0.176803,1.40107,0.823051
0.772192,0.199912,0.189855,1.412375,0.900375
0.732354,0.213225,0.215587,1.433628,0.987507
0.807658,0.213225,0.2307,1.486801,1.084567
0.772192,0.264796,0.26019,1.522733,1.184316
0.807658,0.332663,0.346152,1.561354,1.294218
0.807658,0.369665,0.364751,1.60809,1.403747
0.807658,0.379182,0.403136,1.67426,1.511975
0.772192,0.458098,0.462114,1.751457,1.606008
0.807658,0.518934,0.523671,1.810457,1.698508
0.807658,0.61823,0.622631,1.844623,1.800208
0.772192,0.539175,0.563195,1.853,1.904745
0.772192,0.57921,0.583056,1.853,1.986912
0.772192,0.598879,0.602652,1.853,2.072593
0.68836,0.655786,0.675965,1.845333,2.1257
0.732354,0.646557,0.65861,1.785034,2.195283
0.68836,0.664895,0.657933,1.698485,2.259788
0.732354,0.740936,0.727482,1.607633,2.299833
0.68836,0.655786,0.657933,1.491133,2.334802
0.640684,0.784927,0.785944,1.404369,2.348457
0.68836,0.791707,0.799769,1.310784,2.349164
0.590057,0.770891,0.785438,1.21,2.349164
0.590057,0.845652,0.846006,1.122426,2.347764
0.590057,0.829063,0.835129,1.028962,2.319917
0.537447,0.845652,0.855919,0.942721,2.27118
0.537447,0.855962,0.855919,0.857162,2.208992
0.483989,0.798325,0.810616,0.794254,2.143837
0.537447,0.798325,0.811077,0.74371,2.069961
0.537447,0.811092,0.823205,0.70783,1.977949
0.430896,0.798325,0.783913,0.680527,1.891355
0.483989,0.798325,0.797835,0.668484,1.782171
0.379345,0.756227,0.754586,0.668484,1.680904
0.284837,0.784927,0.76824,0.667393,1.560839
0.284837,0.763639,0.76824,0.664428,1.437
0.284837,0.798325,0.782381,0.663673,1.33514
0.284837,0.777988,0.782381,0.665798,1.221375
0.24329,0.756227,0.767705,0.668146,1.125167
0.330381,0.770891,0.768775,0.669999,1.016398
0.284837,0.763639,0.75347,0.671657,0.920295
0.284837,0.725038,0.722083,0.690648,0.832208
0.284837,0.691487,0.688353,0.725596,0.760544
0.379345,0.646557,0.653861,0.777261,0.699999
0.330381,0.627773,0.576462,0.848831,0.642571
0.330381,0.608599,0.615539,0.930619,0.59863
0.483989,0.539175,0.538648,1.0372,0.5631
0.590057,0.438008,0.419152,1.136013,0.545814
0.640684,0.379182,0.380922,1.246046,0.53405
0.640684,0.369665,0.361968,1.351142,0.5249
0.732354,0.341743,0.326687,1.442435,0.524
0.732354,0.314874,0.326687,1.526887,0.524
0.772192,0.280912,0.276121,1.59086,0.524
0.772192,0.264796,0.276121,1.648468,0.527316
0.732354,0.220121,0.229635,1.677173,0.538499
0.68836,0.163746,0.176803,1.677897,0.55152
0.68836,0.14269,0.144088,1.677897,0.577305
0.68836,0.119595,0.116569,1.677397,0.61549
0.640684,0.115383,0.124865,1.655091,0.677331
0.537447,0.107345,0.107595,1.614414,0.757263
0.379345,0.099803,0.106732,1.577528,0.831466
0.330381,0.115383,0.114419,1.543369,0.906289
0.24329,0.147733,0.131244,1.492228,1.035105
0.206057,0.152922,0.140419,1.459551,1.159143
0.24329,0.187231,0.184819,1.412304,1.336179
0.173218,0.227175,0.209547,1.373474,1.456505
0.206057,0.241758,0.238257,1.337556,1.591862
0.206057,0.280912,0.302066,1.331446,1.71125
0.144659,0.314874,0.300799,1.331446,1.836443
0.144659,0.388792,0.392332,1.331446,1.95264
0.206057,0.438008,0.413307,1.339261,2.056723
0.173218,0.438008,0.432385,1.375722,2.142256
0.144659,0.529064,0.512409,1.416697,2.206037
0.173218,0.549253,0.533412,1.4799,2.2758
0.144659,0.56928,0.552811,1.550725,2.325789
0.173218,0.598879,0.593254,1.631801,2.341129
0.24329,0.637217,0.651816,1.690976,2.341129
0.206057,0.682752,0.669344,1.745918,2.341129
0.206057,0.655786,0.651133,1.804675,2.334377
0.206057,0.716864,0.704248,1.896375,2.315125
0.173218,0.763639,0.751791,1.983695,2.272458
0.24329,0.756227,0.820564,2.072145,2.19668
0.284837,0.725038,0.73808,2.146175,2.113904
0.330381,0.740936,0.738661,2.217713,2.016669
0.379345,0.770891,0.76931,2.27672,1.917885
0.330381,0.82323,0.821448,2.356298,1.792542
0.379345,0.834745,0.833466,2.391179,1.673354
0.379345,0.81724,0.821889,2.3965,1.514161
0.379345,0.834745,0.833466,2.3965,1.387809
0.430896,0.829063,0.822328,2.3965,1.287588
0.379345,0.82323,0.821889,2.375224,1.221133
0.379345,0.82323,0.809691,2.327846,1.1079
0.330381,0.811092,0.809227,2.283578,0.997756
0.24329,0.784927,0.781869,2.217629,0.890457
0.379345,0.725038,0.706747,2.161469,0.822873
0.379345,0.673887,0.672001,2.084952,0.745474
0.330381,0.56928,0.576462,1.998544,0.685316
0.379345,0.559291,0.577196,1.904156,0.651771
0.379345,0.518934,0.496624,1.810073,0.616864
0.379345,0.518934,0.496624,1.709998,0.592707
0.430896,0.428033,0.416957,1.592484,0.579697
0.379345,0.398486,0.396642,1.513997,0.573289
0.330381,0.323705,0.321418,1.416555,0.573089
0.379345,0.306179,0.304608,1.343633,0.572789
0.379345,0.227175,0.212049,1.28733,0.573416
0.379345,0.234388,0.240447,1.280607,0.574667
0.430896,0.187231,0.186638,1.280607,0.576494
0.483989,0.17518,0.175059,1.280607,0.589968
0.537447,0.187231,0.187553,1.301162,0.616186
0.590057,0.152922,0.188012,1.349217,0.670275
0.640684,0.152922,0.154001,1.398683,0.723987
0.772192,0.187231,0.17768,1.452784,0.789881
0.772192,0.181128,0.189855,1.51912,0.88482
0.772192,0.256962,0.26019,1.598944,0.998912
0.807658,0.272781,0.276723,1.681042,1.120397
0.772192,0.280912,0.292641,1.712444,1.248134
0.807658,0.341743,0.346152,1.748185,1.349768
0.772192,0.388792,0.402413,1.783779,1.417821
0.807658,0.398486,0.403136,1.832786,1.552312
0.807658,0.468201,0.403136,1.837,1.68345
0.807658,0.398486,0.403136,1.837,1.802236
0.807658,0.428033,0.462861,1.836105,1.896336
0.772192,0.518934,0.522921,1.812696,1.996719
0.772192,0.539175,0.522921,1.802433,2.063894
0.772192,0.488471,0.482347,1.758346,2.155141
0.772192,0.488471,0.502638,1.686992,2.241279
0.68836,0.58908,0.601211,1.605556,2.30764
0.732354,0.655786,0.65861,1.514389,2.353889
0.68836,0.673887,0.675965,1.428476,2.373967
0.640684,0.646557,0.657256,1.378872,2.373967
0.640684,0.691487,0.709854,1.326392,2.373967
0.590057,0.740936,0.756807,1.2408,2.36578
0.537447,0.784927,0.770907,1.180084,2.354848
0.537447,0.784927,0.79832,1.112887,2.247797
0.537447,0.81724,0.823205,1.049744,1.931942
0.483989,0.829063,0.822767,0.983923,1.696297
0.537447,0.798325,0.79832,0.946231,1.637528
0.483989,0.850879,0.845221,0.85009,1.569797
0.483989,0.82323,0.797835,0.82684,1.545433
0.483989,0.81724,0.810616,0.82684,1.542664
0.590057,0.82323,0.835129,0.82684,1.542664
0.379345,0.770891,0.76931,0.82931,1.518791
0.483989,0.784927,0.784422,0.838258,1.514
0.379345,0.770891,0.783403,0.853198,1.514
0.284837,0.740936,0.73808,0.855481,1.495642
0.24329,0.691487,0.687707,0.856075,1.467383
0.24329,0.716864,0.721479,0.858187,1.423879
0.24329,0.716864,0.687707,0.85913,1.312876
0.206057,0.673887,0.669344,0.86186,1.171563
0.173218,0.673887,0.668678,0.888595,1.057205
0.144659,0.664895,0.649766,0.914321,0.971423
0.173218,0.627773,0.65045,0.94442,0.880788
0.144659,0.529064,0.532664,0.99289,0.81825
0.144659,0.559291,0.532664,1.053115,0.634754
0.173218,0.498627,0.492865,1.133171,0.597603
0.206057,0.44803,0.453157,1.223798,0.57724
0.144659,0.388792,0.392332,1.325194,0.556647
0.173218,0.369665,0.355052,1.399822,0.544839
0.173218,0.314874,0.3188,1.494898,0.536778
0.173218,0.280912,0.268376,1.59821,0.536
0.206057,0.249281,0.268967,1.702565,0.536
0.173218,0.241758,0.196415,1.817391,0.53675
0.24329,0.163746,0.224358,1.913467,0.551203
0.24329,0.137791,0.131244,2.024392,0.597853
0.284837,0.107345,0.098698,2.120401,0.64681
0.379345,0.115383,0.114724,2.193544,0.712944
0.483989,0.12394,0.123883,2.255964,0.79843
0.590057,0.12394,0.124537,2.308375,0.895
0.590057,0.12394,0.124537,2.358761,1.001927
0.68836,0.14269,0.144088,2.375681,1.112534
0.732354,0.187231,0.189393,2.377637,1.230882
0.772192,0.193493,0.202659,2.37873,1.358538
0.772192,0.234388,0.244868,2.378513,1.471713
0.772192,0.280912,0.26019,2.374876,1.590771
0.807658,0.323705,0.328011,2.360181,1.733547
0.807658,0.289192,0.293264,2.305508,1.873642
0.838755,0.408264,0.40386,2.254561,1.998477
0.807658,0.418116,0.422817,2.213132,2.10106
0.838755,0.418116,0.423551,2.156223,2.196412
0.838755,0.478329,0.483849,2.095195,2.267863
0.807658,0.488471,0.50339,2.0133,2.3356
0.807658,0.518934,0.523671,1.913746,2.388614
0.772192,0.518934,0.522921,1.816742,2.420137
0.807658,0.57921,0.583787,1.722886,2.435434
0.732354,0.637217,0.640126,1.622995,2.446172
0.772192,0.61823,0.602652,1.508027,2.459393
0.807658,0.691487,0.695404,1.392633,2.46372
0.732354,0.708545,0.711091,1.271578,2.46372
0.732354,0.740936,0.758463,1.165099,2.46372
0.732354,0.725038,0.727482,1.06927,2.45393
0.640684,0.708545,0.726288,0.99457,2.439321
0.590057,0.784927,0.771437,0.898424,2.406254
0.590057,0.829063,0.823643,0.816166,2.354166
0.640684,0.798325,0.799287,0.75905,2.296429
0.590057,0.804788,0.811537,0.703718,2.221703
0.590057,0.798325,0.785438,0.659835,2.140585
0.640684,0.791707,0.799287,0.634492,2.043414
0.640684,0.777988,0.785944,0.621402,1.931837
0.590057,0.756227,0.771437,0.620556,1.815979
0.590057,0.708545,0.709234,0.620556,1.686824
0.590057,0.646557,0.656578,0.620767,1.55375
0.590057,0.61823,0.638045,0.628451,1.435
0.640684,0.61823,0.6198,0.637856,1.307224
0.590057,0.57921,0.599768,0.65072,1.192529
0.640684,0.518934,0.500383,0.671569,1.087269
0.68836,0.498627,0.501135,0.68779,1.030629
0.640684,0.418116,0.419884,0.70624,0.991147
0.640684,0.438008,0.419884,0.729881,0.988529
0.732354,0.323705,0.344792,0.754946,0.988529
0.732354,0.341743,0.326687,0.786424,0.99504
0.772192,0.280912,0.276121,0.834076,1.034395
0.772192,0.256962,0.26019,0.876608,1.096607
0.68836,0.206491,0.201689,0.929166,1.179194
0.640684,0.199912,0.201205,0.968432,1.244243
0.68836,0.199912,0.201689,1.015265,1.329527
0.640684,0.158258,0.154001,1.063579,1.41989
0.537447,0.133036,0.133315,1.111425,1.502307
0.537447,0.119595,0.12421,1.148514,1.594167
0.430896,0.152922,0.142243,1.18499,1.678105
0.379345,0.14269,0.132276,1.225655,1.765604
0.379345,0.187231,0.186182,1.270005,1.858923
0.284837,0.169386,0.173328,1.331774,1.95931
0.284837,0.213225,0.23935,1.400683,2.034454
0.24329,0.199912,0.210545,1.460052,2.094133
0.24329,0.249281,0.253874,1.520538,2.14072
0.173218,0.332663,0.336686,1.5771,2.180033
0.173218,0.332663,0.3188,1.637384,2.187
0.206057,0.408264,0.393766,1.709629,2.187
0.24329,0.418116,0.414036,1.777922,2.187
0.173218,0.508784,0.492865,1.847161,2.164015
0.173218,0.498627,0.492865,1.90878,2.125312
0.173218,0.529064,0.51316,1.955321,2.074501
0.173218,0.598879,0.593254,2.025786,2.007984
0.173218,0.61823,0.612689,2.091777,1.92734
0.173218,0.627773,0.668678,2.132924,1.843665
0.24329,0.627773,0.614115,2.168162,1.753664
0.24329,0.664895,0.670009,2.200856,1.645908
0.206057,0.682752,0.669344,2.22737,1.556976
0.24329,0.691487,0.704874,2.242471,1.465081
0.284837,0.708545,0.705499,2.265,1.339551
0.284837,0.725038,0.705499,2.265,1.226891
0.330381,0.763639,0.768775,2.265,1.0978
0.483989,0.740936,0.755698,2.257125,0.98675
0.430896,0.756227,0.769843,2.225797,0.907579
0.379345,0.811092,0.821889,2.181037,0.833453
0.379345,0.834745,0.833466,2.12177,0.789522
0.379345,0.829063,0.821889,2.037327,0.738502
0.379345,0.855962,0.854803,1.95668,0.701619
0.430896,0.834745,0.844827,1.876801,0.677291
0.537447,0.855962,0.845614,1.7831,0.665548
0.430896,0.845652,0.844827,1.684877,0.658992
0.537447,0.874863,0.874812,1.593328,0.64653
0.537447,0.82323,0.823205,1.528824,0.634117
0.590057,0.845652,0.846006,1.454588,0.617609
0.590057,0.855962,0.846006,1.386906,0.610067
0.537447,0.82323,0.834714,1.336327,0.604834
0.68836,0.81724,0.812455,1.294091,0.595997
0.640684,0.791707,0.799287,1.261402,0.5925
0.590057,0.725038,0.741553,1.223367,0.5925
0.590057,0.740936,0.725689,1.177171,0.5925
0.640684,0.748658,0.75736,1.1287,0.5963
0.590057,0.716864,0.709234,1.07088,0.606632
0.68836,0.708545,0.710473,1.007036,0.62239
0.732354,0.655786,0.65861,0.941583,0.643813
0.772192,0.646557,0.659285,0.869979,0.684769
0.807658,0.598879,0.603372,0.8333,0.7313
0.807658,0.598879,0.622631,0.825431,0.790672
0.807658,0.598879,0.622631,0.817,0.879738
0.807658,0.598879,0.603372,0.812983,0.958094
0.807658,0.61823,0.603372,0.810392,1.046733
0.838755,0.627773,0.642201,0.808844,1.135281
0.807658,0.549253,0.563934,0.802185,1.244037
0.807658,0.529064,0.543874,0.790097,1.357571
0.807658,0.488471,0.483098,0.76775,1.464125
0.807658,0.468201,0.483098,0.728225,1.556598
0.807658,0.508784,0.483098,0.692164,1.6302
0.732354,0.418116,0.441263,0.679462,1.735791
0.68836,0.350942,0.460619,0.670171,1.823563
0.772192,0.360248,0.345471,0.668452,1.908578
0.732354,0.350942,0.363358,0.672707,1.954183
0.68836,0.388792,0.362663,0.674625,2.0061
0.640684,0.341743,0.343434,0.677714,2.040034
0.590057,0.408264,0.419152,0.70855,2.07084
0.430896,0.388792,0.359195,0.734543,2.09228
0.330381,0.398486,0.415496,0.770503,2.098575
0.379345,0.44803,0.396642,0.866496,2.098575
0.330381,0.468201,0.495872,0.966904,2.098575
0.284837,0.598879,0.614827,1.056486,2.091922
0.24329,0.57921,0.555041,1.125625,2.070159
0.330381,0.57921,0.596153,1.198234,2.032708
0.24329,0.608599,0.614115,1.279712,1.968626
0.24329,0.664895,0.670009,1.341167,1.897531
0.173218,0.664895,0.65045,1.410782,1.808597
0.173218,0.664895,0.65045,1.448,1.708645
0.173218,0.627773,0.631771,1.508314,1.604519
0.206057,0.61823,0.613402,1.577284,1.501192
0.144659,0.637217,0.611975,1.633368,1.413111
0.206057,0.608599,0.593979,1.695701,1.318053
0.206057,0.56928,0.574258,1.760022,1.218744
0.144659,0.549253,0.552811,1.828364,1.11945
0.120124,0.478329,0.471095,1.880637,1.023707
0.173218,0.458098,0.472594,1.936592,0.937072
0.206057,0.398486,0.393766,1.995309,0.869805
0.173218,0.369665,0.355052,2.041901,0.823243
0.206057,0.341743,0.337358,2.077695,0.812
0.24329,0.306179,0.320107,2.106962,0.812
0.173218,0.241758,0.237711,2.141018,0.812
0.24329,0.272781,0.269559,2.169353,0.8268
0.24329,0.17518,0.184819,2.189198,0.87538
0.284837,0.181128,0.173328,2.210648,0.95459
0.206057,0.158258,0.150508,2.227055,1.04451
0.24329,0.169386,0.161593,2.241544,1.136738
0.330381,0.147733,0.141511,2.267674,1.212454
0.379345,0.14269,0.123231,2.288147,1.298093
0.379345,0.119595,0.123231,2.29092,1.40834
0.430896,0.111301,0.115029,2.291,1.531265
0.483989,0.115383,0.115336,2.290811,1.650332
0.537447,0.12394,0.133315,2.290189,1.740739
0.590057,0.14269,0.143348,2.283305,1.812672
0.640684,0.17518,0.164879,2.251806,1.939744
0.732354,0.187231,0.189393,2.212807,2.041405
0.68836,0.213225,0.201689,2.165939,2.13308
0.772192,0.227175,0.230167,2.139143,2.190454
0.772192,0.241758,0.230167,2.097705,2.218788
0.732354,0.297616,0.326687,2.029875,2.24775
0.807658,0.360248,0.364751,1.965956,2.265578
0.807658,0.388792,0.403136,1.880413,2.294536
0.807658,0.438008,0.422817,1.795388,2.308074
0.807658,0.428033,0.422817,1.70155,2.314355
0.807658,0.478329,0.483098,1.586163,2.317467
0.807658,0.488471,0.483098,1.484269,2.318602
0.807658,0.598879,0.603372,1.370458,2.318602
0.807658,0.598879,0.603372,1.282419,2.318602
0.732354,0.56928,0.582325,1.176961,2.313543
0.772192,0.56928,0.563195,1.073157,2.295456
0.68836,0.61823,0.620508,0.982087,2.273598
0.68836,0.608599,0.620508,0.888588,2.232469
0.68836,0.700083,0.710473,0.82166,2.177123
0.640684,0.811092,0.811997,0.768296,2.112852
0.640684,0.733064,0.726288,0.716887,2.034867
0.537447,0.756227,0.756253,0.677815,1.956185
0.537447,0.829063,0.823205,0.670379,1.838116
0.537447,0.804788,0.811077,0.670379,1.710632
0.483989,0.81724,0.855548,0.671164,1.585627
0.537447,0.845652,0.855919,0.696167,1.442343
0.590057,0.860899,0.875141,0.711141,1.358579
0.483989,0.82323,0.822767,0.720683,1.232305
0.483989,0.784927,0.797835,0.731492,1.127267
0.483989,0.756227,0.755698,0.752823,1.009306
0.537447,0.770891,0.770907,0.787367,0.90978
0.430896,0.784927,0.783913,0.833608,0.842275
0.537447,0.756227,0.740976,0.896624,0.798909
0.483989,0.740936,0.755698,0.926933,0.784
0.483989,0.691487,0.690927,0.979469,0.784
0.483989,0.655786,0.655221,1.051507,0.784
0.379345,0.673887,0.672001,1.137952,0.791934
0.483989,0.518934,0.518418,1.196782,0.827379
0.537447,0.458098,0.478594,1.228875,0.872657
0.537447,0.498627,0.478594,1.246588,0.924746
0.590057,0.458098,0.459125,1.253435,0.985338
0.640684,0.44803,0.439781,1.265822,1.06191
0.732354,0.428033,0.481596,1.271906,1.15675
0.68836,0.350942,0.344113,1.273531,1.258956
0.68836,0.314874,0.308443,1.274008,1.37475
0.640684,0.323705,0.290777,1.277119,1.470793
0.732354,0.249281,0.259612,1.278,1.583588
0.68836,0.256962,0.259034,1.278264,1.690417
0.732354,0.17518,0.165709,1.287634,1.796189
0.772192,0.187231,0.17768,1.301089,1.890429
0.590057,0.14269,0.143348,1.320763,1.978515
0.483989,0.107345,0.107307,1.358356,2.066581
0.284837,0.115383,0.10616,1.404431,2.13524
0.330381,0.107345,0.114419,1.465049,2.205273
0.284837,0.14269,0.131587,1.530629,2.25718
0.206057,0.14269,0.150508,1.5855,2.2915
0.284837,0.249281,0.23935,1.647305,2.311958
0.173218,0.272781,0.252736,1.700562,2.313208
0.120124,0.360248,0.353676,1.75975,2.313208
0.173218,0.379182,0.373856,1.831303,2.311009
0.173218,0.388792,0.393049,1.912281,2.280681
0.173218,0.468201,0.472594,1.987055,2.227567
0.173218,0.529064,0.51316,2.043376,2.175371
0.173218,0.549253,0.51316,2.083015,2.134902
0.173218,0.559291,0.553555,2.129187,2.083287
0.173218,0.549253,0.553555,2.194529,1.997831
0.173218,0.559291,0.553555,2.248499,1.906563
0.206057,0.598879,0.574258,2.283041,1.820438
0.206057,0.664895,0.651133,2.30291,1.705901
0.144659,0.682752,0.668011,2.315975,1.595371
0.206057,0.673887,0.669344,2.332092,1.471946
0.24329,0.708545,0.721479,2.3555,1.371669
0.284837,0.748658,0.75347,2.358,1.257953
0.206057,0.770891,0.781355,2.358,1.141684
0.206057,0.784927,0.767168,2.358,1.045194
0.24329,0.829063,0.83221,2.340139,0.952405
0.430896,0.777988,0.783913,2.317768,0.879646
0.430896,0.784927,0.822328,2.290744,0.823489
0.483989,0.855962,0.845221,2.254291,0.783581
0.537447,0.834745,0.834714,2.193151,0.73946
0.537447,0.845652,0.855919,2.110915,0.698737
0.483989,0.860899,0.865296,2.027169,0.666812
0.590057,0.865694,0.865995,1.9399,0.6409
0.483989,0.874863,0.865296,1.835875,0.6165
0.590057,0.874863,0.875141,1.733474,0.598621
0.537447,0.883492,0.874812,1.626152,0.581477
0.483989,0.874863,0.865296,1.507698,0.564035
0.537447,0.865694,0.865646,1.396575,0.55198
0.640684,0.798325,0.799287,1.289125,0.55
0.537447,0.811092,0.79832,1.187625,0.55
0.537447,0.770891,0.770907,1.077203,0.55
0.640684,0.784927,0.771967,0.986542,0.550333
0.537447,0.725038,0.72509,0.906023,0.553744
0.590057,0.700083,0.709234,0.831669,0.564217
0.590057,0.627773,0.638045,0.768311,0.591186
0.483989,0.61823,0.617672,0.743678,0.62542
0.483989,0.57921,0.578663,0.742578,0.6665
0.379345,0.498627,0.496624,0.742578,0.702336
0.330381,0.408264,0.395922,0.745392,0.757195
0.284837,0.418116,0.414766,0.77257,0.826917
0.284837,0.379182,0.37597,0.789267,0.887631
0.24329,0.360248,0.33803,0.823148,0.938859
0.24329,0.341743,0.33803,0.886455,1.006493
0.206057,0.289192,0.302066,0.970124,1.065076
0.206057,0.249281,0.238257,1.051436,1.114716
0.206057,0.227175,0.238257,1.128309,1.152194
0.173218,0.193493,0.196415,1.228541,1.197719
0.173218,0.193493,0.196415,1.327789,1.248517
0.144659,0.187231,0.183464,1.402722,1.267125
0.120124,0.220121,0.195468,1.513175,1.298188
0.24329,0.360248,0.3027,1.634129,1.325241
0.483989,0.332663,0.288921,1.747409,1.362534
0.430896,0.360248,0.378089,1.855629,1.404825
0.430896,0.379182,0.378089,1.95655,1.46621
0.430896,0.398486,0.397361,2.043919,1.537561
0.430896,0.529064,0.477093,2.090105,1.593366
0.537447,0.498627,0.498879,2.131462,1.654192
0.483989,0.518934,0.518418,2.146866,1.733828
0.590057,0.498627,0.519919,2.169537,1.791184
0.590057,0.57921,0.560233,2.171246,1.828628
0.590057,0.549253,0.580129,2.171246,1.82916
0.590057,0.655786,0.656578,2.169793,1.82916
0.590057,0.655786,0.638045,2.150391,1.82887
0.640684,0.655786,0.657256,2.120951,1.8056
0.640684,0.646557,0.657256,2.080507,1.741579
0.640684,0.646557,0.60049,2.045954,1.698944
0.68836,0.608599,0.601211,1.971179,1.645629
0.68836,0.646557,0.620508,1.905368,1.599276
0.68836,0.608599,0.601211,1.842986,1.546988
0.732354,0.559291,0.562455,1.783078,1.515824
0.732354,0.58908,0.582325,1.670485,1.476548
0.772192,0.559291,0.563195,1.558696,1.446138
0.772192,0.508784,0.522921,1.461978,1.430379
0.732354,0.508784,0.522171,1.374501,1.419317
0.772192,0.478329,0.402413,1.281504,1.416322
0.807658,0.478329,0.483098,1.186589,1.416322
0.772192,0.438008,0.462114,1.089084,1.416322
0.807658,0.398486,0.422817,1.03025,1.420331
0.838755,0.388792,0.40386,0.9797,1.4345
0.838755,0.350942,0.384474,0.93861,1.456215
0.772192,0.306179,0.309727,0.904283,1.486213
0.838755,0.280912,0.277325,0.881749,1.53219
0.807658,0.241758,0.2307,0.863891,1.5985
0.732354,0.199912,0.202173,0.839744,1.683219
0.732354,0.193493,0.215587,0.820424,1.74543
0.68836,0.169386,0.201689,0.816475,1.824219
0.772192,0.128419,0.135062,0.816475,1.910796
0.590057,0.111301,0.115951,0.8166,1.985152
0.483989,0.119595,0.123883,0.8271,2.065555
0.430896,0.107345,0.107019,0.85265,2.142675
0.330381,0.137791,0.131931,0.89357,2.197541
0.284837,0.137791,0.131587,0.959119,2.246967
0.24329,0.133036,0.140782,1.026645,2.28734
0.144659,0.163746,0.171612,1.097538,2.319392
0.173218,0.213225,0.209547,1.184652,2.354988
0.173218,0.220121,0.223313,1.274015,2.381259
0.173218,0.227175,0.223313,1.390373,2.393966
0.206057,0.289192,0.302066,1.483125,2.394
0.144659,0.323705,0.336014,1.58719,2.394
0.206057,0.379182,0.393766,1.645861,2.394
0.173218,0.428033,0.432385,1.732562,2.390207
0.173218,0.478329,0.492865,1.829093,2.369276
0.144659,0.498627,0.492114,1.908851,2.339371
0.144659,0.559291,0.552811,1.99988,2.291589
0.206057,0.57921,0.574258,2.090375,2.223613
0.206057,0.627773,0.613402,2.1875,2.14129
0.24329,0.61823,0.633169,2.244504,2.057944
0.24329,0.655786,0.651816,2.302452,1.966518
0.24329,0.673887,0.670009,2.368897,1.863253
0.206057,0.700083,0.704248,2.3959,1.763341
0.330381,0.756227,0.738661,2.3965,1.6338
0.24329,0.748658,0.752911,2.3965,1.508271
0.379345,0.829063,0.833466,2.3945,1.391651
0.430896,0.850879,0.844827,2.381129,1.295018
0.379345,0.811092,0.809691,2.3613,1.215342
0.379345,0.804788,0.809691,2.31824,1.115315
0.430896,0.81724,0.822328,2.272851,1.019736
0.483989,0.834745,0.822767,2.21524,0.9309
0.483989,0.845652,0.845221,2.145589,0.879482
0.483989,0.845652,0.834299,2.069166,0.82477
0.537447,0.834745,0.834714,1.991588,0.773967
0.590057,0.81724,0.823643,1.896311,0.716751
0.640684,0.834745,0.835542,1.797396,0.664019
0.68836,0.811092,0.812455,1.717381,0.631794
0.640684,0.791707,0.771967,1.621707,0.618055
0.640684,0.763639,0.75736,1.515451,0.616063
0.68836,0.763639,0.757912,1.43045,0.61605
0.68836,0.725038,0.726885,1.330243,0.61605
0.68836,0.716864,0.726885,1.244398,0.616523
0.772192,0.664895,0.659285,1.164913,0.622125
0.732354,0.61823,0.640126,1.06314,0.64174
0.772192,0.637217,0.640818,0.980417,0.673988
0.772192,0.61823,0.640818,0.91097,0.721233
0.807658,0.627773,0.622631,0.851495,0.777354
0.807658,0.608599,0.622631,0.8003,0.839446
0.807658,0.598879,0.622631,0.771794,0.902407
0.807658,0.559291,0.583787,0.736286,0.992714
0.772192,0.539175,0.543128,0.718667,1.089259
0.772192,0.559291,0.563195,0.701548,1.206537
0.772192,0.518934,0.522921,0.68634,1.313814
0.732354,0.478329,0.481596,0.669466,1.418197
0.732354,0.428033,0.42135,0.650212,1.520523
0.640684,0.398486,0.380922,0.637732,1.61682
0.640684,0.398486,0.380922,0.636733,1.722574
0.590057,0.438008,0.399524,0.636733,1.799105
0.537447,0.518934,0.398803,0.638062,1.871156
0.430896,0.518934,0.517667,0.656716,1.915705
0.430896,0.498627,0.477093,0.685156,1.93022
0.430896,0.559291,0.558009,0.726379,1.93032
0.330381,0.518934,0.536405,0.775123,1.93032
0.379345,0.57921,0.577196,0.83975,1.92791
0.284837,0.539175,0.535657,0.926786,1.893898
0.284837,0.56928,0.555783,1.007162,1.846245
0.206057,0.646557,0.651133,1.082593,1.785279
0.206057,0.691487,0.687061,1.169092,1.696214
0.206057,0.61823,0.613402,1.242149,1.611747
0.206057,0.627773,0.63247,1.319645,1.524672
0.206057,0.646557,0.63247,1.406305,1.443477
0.206057,0.655786,0.669344,1.468777,1.334786
0.206057,0.673887,0.651133,1.521533,1.234677
0.206057,0.664895,0.651133,1.590924,1.125142
0.173218,0.646557,0.65045,1.659555,1.030557
0.173218,0.627773,0.631771,1.72937,0.94069
0.173218,0.57921,0.553555,1.802319,0.859244
0.24329,0.498627,0.494369,1.875885,0.791323
0.206057,0.488471,0.493617,1.945454,0.739
0.173218,0.428033,0.472594,2.008074,0.710526
0.330381,0.341743,0.339377,2.070375,0.708032
0.24329,0.289192,0.269559,2.127549,0.708032
0.173218,0.272781,0.252736,2.168157,0.710899
0.24329,0.227175,0.224358,2.194794,0.744269
0.330381,0.193493,0.17376,2.210832,0.793867
0.284837,0.181128,0.173328,2.227697,0.848227
0.537447,0.133036,0.142979,2.247724,0.927494
0.379345,0.14269,0.141877,2.276057,1.011551
0.483989,0.17518,0.199759,2.276557,1.102752
0.590057,0.169386,0.164465,2.276557,1.219
0.68836,0.17518,0.176803,2.275918,1.346356
0.68836,0.199912,0.188932,2.26951,1.469235
0.640684,0.206491,0.176365,2.252002,1.605193
0.807658,0.272781,0.293264,2.213256,1.726722
0.807658,0.323705,0.346152,2.151612,1.851176
0.807658,0.379182,0.383763,2.075216,1.959291
0.772192,0.458098,0.462114,2.04703,2.046225
0.807658,0.468201,0.483098,2.015072,2.112949
0.807658,0.468201,0.483098,1.973553,2.15974
0.807658,0.539175,0.543874,1.914234,2.201753
0.807658,0.539175,0.543874,1.865545,2.217143
0.807658,0.598879,0.603372,1.813767,2.22073
0.807658,0.57921,0.583787,1.731706,2.221968
0.732354,0.61823,0.621216,1.624288,2.221968
0.732354,0.725038,0.727482,1.510098,2.221597
0.68836,0.748658,0.742704,1.454365,2.206122
0.68836,0.763639,0.786449,1.391407,2.187533
0.640684,0.798325,0.799287,1.252709,2.185505
0.590057,0.770891,0.771437,1.139673,2.164646
0.590057,0.784927,0.785438,1.029486,2.092078
0.537447,0.829063,0.823205,0.937518,1.882625
0.483989,0.82323,0.822767,0.871415,1.791739
0.590057,0.845652,0.846006,0.786222,1.754463
0.537447,0.81724,0.811077,0.700026,1.704891
0.537447,0.82323,0.811077,0.675101,1.607679
0.483989,0.834745,0.822767,0.6745,1.541687
0.379345,0.811092,0.809691,0.6745,1.490659
0.430896,0.756227,0.755142,0.675,1.427281
0.379345,0.784927,0.76931,0.689505,1.382064
0.284837,0.791707,0.782381,0.699074,1.327374
0.284837,0.733064,0.73808,0.712654,1.24752
0.379345,0.733064,0.723288,0.730722,1.121249
0.24329,0.646557,0.651816,0.755383,1.021289
0.173218,0.691487,0.668678,0.8001,0.9027
0.173218,0.673887,0.65045,0.859364,0.806962
0.24329,0.655786,0.651816,0.9241,0.739675
0.173218,0.655786,0.65045,0.993628,0.685595
0.173218,0.646557,0.631771,1.06946,0.644524
0.173218,0.646557,0.631771,1.153709,0.610603
0.173218,0.56928,0.553555,1.253511,0.592538
0.173218,0.549253,0.533412,1.366766,0.592
0.173218,0.518934,0.533412,1.470283,0.592
0.206057,0.468201,0.473343,1.578656,0.592187
0.206057,0.44803,0.433124,1.682258,0.595689
0.206057,0.388792,0.37456,1.790558,0.600275
0.206057,0.360248,0.355741,1.88239,0.615132
0.206057,0.297616,0.285228,2.037568,0.647985
0.284837,0.272781,0.254444,2.123076,0.683887
0.24329,0.280912,0.285841,2.175891,0.729655
0.24329,0.193493,0.197366,2.207544,0.775352
0.173218,0.163746,0.16078,2.219915,0.841644
0.120124,0.158258,0.171185,2.221529,0.913818
0.24329,0.133036,0.131244,2.222512,0.9979
0.537447,0.163746,0.20024,2.232128,1.128093
0.483989,0.17518,0.175059,2.233256,1.224255
0.590057,0.199912,0.200722,2.233256,1.323093
0.68836,0.193493,0.201689,2.233381,1.425519
0.68836,0.206491,0.215079,2.272025,1.52211
0.772192,0.249281,0.230167,2.3065,1.62766
0.772192,0.264796,0.276121,2.3065,1.71925
0.772192,0.314874,0.309727,2.3065,1.831492
0.807658,0.369665,0.383763,2.288813,1.947409
0.732354,0.418116,0.363358,2.23878,2.049075
0.807658,0.398486,0.403136,2.209132,2.105635
0.772192,0.408264,0.402413,2.153977,2.152739
0.807658,0.388792,0.403136,2.016501,2.189602
0.732354,0.478329,0.481596,1.966,2.198
0.732354,0.498627,0.481596,1.881771,2.198
0.68836,0.478329,0.501135,1.797086,2.198
0.732354,0.518934,0.522171,1.73025,2.1944
0.640684,0.529064,0.560974,1.646337,2.187515
0.68836,0.58908,0.581593,1.550376,2.147834
0.68836,0.716864,0.710473,1.447069,2.131363
0.640684,0.682752,0.638739,1.347929,2.129235
0.640684,0.733064,0.742129,1.241811,2.127079
0.640684,0.725038,0.726288,1.155467,2.118642
0.590057,0.725038,0.741553,1.097092,2.089392
0.590057,0.798325,0.798804,1.050522,2.057894
0.483989,0.82323,0.810616,1.019882,2.037452
0.483989,0.811092,0.810616,0.999313,2.005796
0.590057,0.829063,0.785438,0.976709,1.93695
0.537447,0.834745,0.834714,0.971625,1.855875
0.483989,0.740936,0.755698,0.963165,1.749134
0.483989,0.756227,0.755698,0.956778,1.640935
0.430896,0.770891,0.769843,0.949422,1.52192
0.430896,0.770891,0.769843,0.93733,1.417073
0.483989,0.756227,0.770375,0.933,1.310416
0.379345,0.740936,0.754586,0.933,1.209216
0.430896,0.733064,0.72389,0.933,1.116565
0.330381,0.733064,0.722686,0.955306,1.036099
0.379345,0.664895,0.672001,0.995046,0.897824
0.430896,0.637217,0.635959,1.026812,0.818344
0.430896,0.61823,0.616961,1.06172,0.772027
0.430896,0.61823,0.635959,1.097895,0.736642
0.430896,0.518934,0.497376,1.147379,0.728
0.483989,0.488471,0.498127,1.230845,0.728
0.537447,0.458098,0.458378,1.305762,0.728
0.590057,0.418116,0.419152,1.360856,0.745388
0.640684,0.418116,0.419884,1.406325,0.773425
0.590057,0.428033,0.399524,1.446418,0.814594
0.590057,0.306179,0.399524,1.470466,0.877782
0.590057,0.332663,0.324706,1.473849,0.964346
0.68836,0.264796,0.274921,1.473849,1.07765
0.732354,0.280912,0.275521,1.473556,1.198978
0.732354,0.213225,0.229635,1.459252,1.321724
0.732354,0.199912,0.202173,1.439343,1.424973
0.732354,0.181128,0.177241,1.412107,1.55645
0.68836,0.169386,0.176803,1.394066,1.681974
0.590057,0.163746,0.164465,1.390679,1.794193
0.537447,0.199912,0.20024,1.390679,1.889125
0.430896,0.17518,0.174625,1.390679,1.938
0.430896,0.163746,0.174625,1.398127,1.976565
0.330381,0.199912,0.185727,1.428841,2.061653
0.330381,0.241758,0.225406,1.472148,2.126104
0.330381,0.272781,0.255015,1.531211,2.176154
0.379345,0.264796,0.271339,1.584595,2.188
0.173218,0.398486,0.393049,1.651827,2.188
0.206057,0.408264,0.393766,1.726922,2.188
0.144659,0.529064,0.532664,1.800718,2.17829
0.144659,0.57921,0.572787,1.831296,2.149375
0.206057,0.58908,0.593979,1.852282,2.106864
0.173218,0.655786,0.668678,1.874901,2.057773
0.206057,0.646557,0.651133,1.903883,1.979702
0.144659,0.700083,0.685766,1.94001,1.874028
0.206057,0.682752,0.687061,1.985591,1.756882
0.24329,0.664895,0.687707,2.0101,1.628825
0.173218,0.646557,0.65045,2.016523,1.502252
0.206057,0.673887,0.651133,2.018,1.387829
0.24329,0.637217,0.614115,2.018,1.258763
0.206057,0.61823,0.63247,2.0175,1.153453
0.173218,0.539175,0.533412,2.0138,1.041836
0.206057,0.549253,0.554298,1.992422,0.950058
0.24329,0.468201,0.453902,1.978131,0.877357
0.173218,0.379182,0.373856,1.975043,0.810813
0.173218,0.398486,0.393049,1.975043,0.763806
0.144659,0.323705,0.318147,1.975234,0.748355
0.144659,0.289192,0.284003,1.990858,0.748355
0.284837,0.272781,0.270151,2.006212,0.748355
0.206057,0.193493,0.184367,2.044865,0.761995
0.206057,0.169386,0.172468,2.085542,0.814437
0.24329,0.133036,0.131244,2.129383,0.89531
0.537447,0.152922,0.153219,2.1677,0.986317
0.537447,0.14269,0.115643,2.21167,1.078795
0.640684,0.133036,0.134011,2.233674,1.197853
0.68836,0.181128,0.176803,2.254452,1.298412
0.732354,0.193493,0.202173,2.264085,1.437949
0.807658,0.199912,0.216606,2.265591,1.564842
0.807658,0.220121,0.216606,2.265591,1.686824
0.772192,0.241758,0.244868,2.262045,1.802406
0.807658,0.323705,0.328011,2.250402,1.895962
0.838755,0.341743,0.346833,2.215603,2.008482
0.807658,0.428033,0.422817,2.168707,2.09873
0.807658,0.428033,0.422817,2.116267,2.157433
0.838755,0.488471,0.504142,2.043125,2.21225
0.838755,0.488471,0.483849,1.967229,2.255174
0.807658,0.529064,0.543874,1.870656,2.302424
0.772192,0.498627,0.502638,1.747349,2.355818
0.772192,0.539175,0.543128,1.633041,2.388229
0.772192,0.549253,0.543128,1.497825,2.417213
0.732354,0.598879,0.582325,1.384627,2.436026
0.732354,0.637217,0.640126,1.298679,2.44082
0.68836,0.748658,0.620508,1.20375,2.44082
0.68836,0.673887,0.69349,1.079686,2.44072
0.732354,0.733064,0.743278,0.968706,2.420685
0.68836,0.756227,0.757912,0.891828,2.38251
0.640684,0.770891,0.771967,0.825017,2.327887
0.537447,0.834745,0.834714,0.778173,2.277787
0.590057,0.804788,0.798804,0.737521,2.213932
0.590057,0.834745,0.835129,0.701502,2.118676
0.590057,0.845652,0.835129,0.6784,2.0189
0.537447,0.834745,0.823205,0.670802,1.901796
0.537447,0.834745,0.834714,0.67005,1.793003
0.537447,0.784927,0.78493,0.669351,1.674038
0.483989,0.82323,0.822767,0.668665,1.545601
0.430896,0.804788,0.79735,0.669183,1.423918
0.330381,0.763639,0.754029,0.66973,1.295108
0.330381,0.756227,0.754029,0.670938,1.161122
0.24329,0.784927,0.737498,0.683653,1.031274
0.24329,0.691487,0.704874,0.704132,0.939701
0.24329,0.716864,0.704874,0.740417,0.845461
0.206057,0.740936,0.736916,0.789233,0.765677
0.173218,0.691487,0.686414,0.855719,0.691949
0.173218,0.627773,0.631771,0.939044,0.623738
0.173218,0.598879,0.593254,1.017284,0.583782
0.206057,0.57921,0.574258,1.124107,0.555275
0.173218,0.549253,0.573523,1.231292,0.539554
0.173218,0.498627,0.492865,1.341742,0.527271
0.206057,0.468201,0.453157,1.450824,0.523
0.173218,0.438008,0.412578,1.555711,0.523
0.206057,0.220121,0.184367,1.687636,0.523
0.24329,0.187231,0.238803,1.807625,0.527875
0.206057,0.199912,0.223835,1.905168,0.556723
0.173218,0.158258,0.150124,1.993638,0.592911
0.120124,0.128419,0.149358,2.060245,0.632383
0.284837,0.133036,0.122583,2.135808,0.705327
0.330381,0.137791,0.141511,2.186436,0.790527
0.379345,0.133036,0.132276,2.223098,0.893907
0.640684,0.133036,0.134011,2.25296,1.006366
0.68836,0.128419,0.144088,2.278373,1.13003
0.68836,0.163746,0.188932,2.305909,1.259612
0.772192,0.17518,0.17768,2.325413,1.346637
0.807658,0.220121,0.216606,2.334691,1.456687
0.807658,0.249281,0.26077,2.335424,1.582116
0.807658,0.280912,0.293264,2.335424,1.709168
0.838755,0.323705,0.328675,2.331193,1.84075
0.838755,0.398486,0.40386,2.294745,1.950611
0.807658,0.379182,0.364751,2.259578,2.033488
0.807658,0.332663,0.346152,2.195379,2.134021
0.838755,0.332663,0.346833,2.139051,2.194324
0.838755,0.341743,0.365448,2.048404,2.256447
0.838755,0.379182,0.365448,1.950141,2.30899
0.807658,0.350942,0.346152,1.849667,2.340533
0.772192,0.360248,0.364054,1.753815,2.356415
0.772192,0.468201,0.462114,1.639047,2.37657
0.732354,0.398486,0.40169,1.517318,2.399669
0.68836,0.468201,0.480845,1.40245,2.4269
0.640684,0.478329,0.480095,1.293934,2.439332
0.537447,0.549253,0.579396,1.189781,2.439407
0.537447,0.598879,0.618382,1.099272,2.439407
0.537447,0.637217,0.618382,1.028615,2.43923
0.537447,0.708545,0.72509,0.983276,2.432626
0.537447,0.691487,0.691569,0.962552,2.413612
0.590057,0.716864,0.709234,0.961,2.379142
0.590057,0.708545,0.709234,0.961,2.319438
0.379345,0.770891,0.783403,0.961,2.2515
0.483989,0.81724,0.810616,0.969789,2.169357
0.430896,0.777988,0.783913,0.99425,2.059375
0.483989,0.784927,0.770375,1.005811,1.979308
0.430896,0.777988,0.783913,1.01619,1.862493
0.379345,0.784927,0.783403,1.016896,1.75087
0.330381,0.770891,0.754029,1.017211,1.633466
0.330381,0.756227,0.754029,1.018337,1.517624
0.24329,0.740936,0.737498,1.019,1.423957
0.206057,0.756227,0.736916,1.019122,1.350009
0.284837,0.740936,0.73808,1.020411,1.249854
0.24329,0.740936,0.737498,1.030248,1.111505
0.284837,0.725038,0.722083,1.046625,1.020363
0.284837,0.716864,0.722083,1.076995,0.9219
0.206057,0.627773,0.651133,1.118869,0.831343
0.173218,0.61823,0.631771,1.162389,0.766789
0.206057,0.549253,0.574258,1.237105,0.69713
0.24329,0.539175,0.534909,1.302367,0.659237
0.284837,0.488471,0.49512,1.380539,0.625794
0.379345,0.458098,0.456139,1.465071,0.601997
0.379345,0.488471,0.496624,1.535125,0.599539
0.330381,0.388792,0.395922,1.627178,0.599539
0.430896,0.289192,0.288303,1.698548,0.599539
0.483989,0.187231,0.187095,1.756645,0.61308
0.483989,0.163746,0.163641,1.806389,0.639933
0.590057,0.152922,0.143348,1.830503,0.678633
0.483989,0.137791,0.132968,1.854816,0.744677
0.483989,0.133036,0.132968,1.879441,0.833471
0.430896,0.12394,0.123557,1.907768,0.954306
0.379345,0.133036,0.132276,1.926267,1.088698
0.284837,0.133036,0.131587,1.932557,1.187054
0.24329,0.158258,0.161593,1.938946,1.281399
0.206057,0.181128,0.172468,1.94425,1.348125
0.173218,0.199912,0.196415,1.946,1.475374
0.173218,0.241758,0.237711,1.946,1.61563
0.173218,0.289192,0.284615,1.946358,1.735929
0.120124,0.323705,0.317495,1.94977,1.845345
0.144659,0.438008,0.431648,1.954,1.919008
0.206057,0.428033,0.453157,1.954049,1.984315
0.144659,0.508784,0.532664,1.954562,2.071291
0.144659,0.559291,0.532664,1.962966,2.113112
0.173218,0.56928,0.573523,1.969109,2.118727
0.206057,0.56928,0.554298,1.986258,2.118727
0.24329,0.637217,0.594704,2.030585,2.118727
0.173218,0.637217,0.612689,2.061616,2.099986
0.206057,0.664895,0.669344,2.108169,2.040765
0.284837,0.655786,0.670674,2.148527,1.97038
0.206057,0.708545,0.687061,2.247434,1.864231
0.284837,0.748658,0.73808,2.320705,1.752014
0.284837,0.770891,0.76824,2.358216,1.649821
0.330381,0.756227,0.754029,2.37,1.545679
0.379345,0.770891,0.754586,2.37,1.419729
0.430896,0.804788,0.79735,2.37,1.302279
0.379345,0.798325,0.796864,2.359875,1.195875
0.430896,0.804788,0.810154,2.298728,1.111861
0.379345,0.82323,0.821889,2.227458,1.016862
0.483989,0.811092,0.810616,2.175643,0.929311
0.483989,0.784927,0.784422,2.118427,0.850265
0.537447,0.770891,0.78493,2.034229,0.791845
0.537447,0.777988,0.770907,1.958886,0.754962
0.590057,0.770891,0.771437,1.864025,0.719263
0.590057,0.756227,0.756807,1.777272,0.684587
0.807658,0.784927,0.787961,1.678929,0.659417
0.732354,0.691487,0.711091,1.573293,0.636486
0.68836,0.700083,0.69349,1.49088,0.6325
0.772192,0.673887,0.677281,1.38575,0.6325
0.807658,0.655786,0.659961,1.306186,0.6325
0.772192,0.664895,0.659285,1.2538,0.654
0.807658,0.682752,0.677938,1.2106,0.700625
0.807658,0.637217,0.64151,1.157518,0.740871
0.807658,0.61823,0.622631,1.092586,0.815142
0.807658,0.56928,0.563934,1.033059,0.890181
0.807658,0.539175,0.563934,0.976473,0.973681
0.772192,0.478329,0.563195,0.9164,1.074884
0.807658,0.458098,0.462861,0.854296,1.17081
0.807658,0.408264,0.403136,0.774605,1.256258
0.838755,0.360248,0.365448,0.710454,1.348486
0.838755,0.369665,0.384474,0.663341,1.446516
0.807658,0.323705,0.328011,0.621371,1.546892
0.838755,0.297616,0.293888,0.59704,1.65689
0.807658,0.234388,0.245424,0.595,1.760591
0.772192,0.213225,0.216096,0.595,1.832615
0.732354,0.187231,0.177241,0.595622,1.904564
0.732354,0.128419,0.134711,0.628534,1.983613
0.732354,0.137791,0.144459,0.719601,2.070562
0.68836,0.115383,0.108464,0.817205,2.093258
0.430896,0.107345,0.107019,0.884395,2.130183
0.379345,0.152922,0.152052,0.963945,2.17519
0.330381,0.14269,0.141511,1.032932,2.204087
0.330381,0.14269,0.141511,1.125176,2.235472
0.173218,0.152922,0.150124,1.212319,2.258938
0.24329,0.17518,0.172898,1.28845,2.281607
0.24329,0.249281,0.224358,1.345699,2.333625
0.173218,0.272781,0.268376,1.416965,2.348
0.173218,0.256962,0.268376,1.523336,2.348
0.206057,0.350942,0.355741,1.614766,2.348
0.144659,0.379182,0.373152,1.705813,2.323545
0.144659,0.418116,0.471844,1.793447,2.27349
0.144659,0.44803,0.512409,1.891489,2.240636
0.206057,0.498627,0.473343,2.007855,2.191519
0.206057,0.539175,0.554298,2.082125,2.133125
0.24329,0.637217,0.651816,2.139305,2.060229
0.284837,0.664895,0.670674,2.186835,1.984406
0.206057,0.682752,0.687061,2.221263,1.907898
0.24329,0.748658,0.752911,2.248303,1.836592
0.430896,0.784927,0.783913,2.25175,1.772393
0.379345,0.777988,0.76931,2.252,1.670585
0.379345,0.770891,0.76931,2.25175,1.561125
0.430896,0.798325,0.79735,2.249136,1.452037
0.379345,0.784927,0.76931,2.236308,1.358506
0.483989,0.798325,0.784422,2.208328,1.278222
0.590057,0.770891,0.771437,2.185422,1.195432
0.537447,0.756227,0.770907,2.149411,1.093672
0.590057,0.784927,0.771437,2.101734,1.006235
0.537447,0.777988,0.770907,2.044375,0.92625
0.590057,0.740936,0.756807,1.985417,0.869278
0.68836,0.791707,0.786449,1.91975,0.815764
0.732354,0.798325,0.80025,1.85758,0.77162
0.68836,0.777988,0.757912,1.785267,0.725346
0.68836,0.691487,0.710473,1.710348,0.69103
0.732354,0.725038,0.727482,1.613374,0.659555
0.732354,0.700083,0.711091,1.531232,0.641
0.772192,0.673887,0.694767,1.461684,0.641
0.807658,0.655786,0.659961,1.39156,0.641
0.807658,0.655786,0.659961,1.342542,0.642243
0.807658,0.627773,0.64151,1.285515,0.665908
0.772192,0.57921,0.583056,1.212485,0.721257
0.807658,0.56928,0.563934,1.172305,0.754255
0.838755,0.57921,0.584518,1.103013,0.810963
0.838755,0.559291,0.564674,1.021435,0.8916
0.865661,0.458098,0.444231,0.941533,0.991891
0.838755,0.388792,0.40386,0.868437,1.099464
0.838755,0.388792,0.40386,0.804115,1.184883
0.807658,0.323705,0.328011,0.727971,1.293196
0.772192,0.272781,0.292641,0.668863,1.395133
0.807658,0.272781,0.26077,0.617757,1.515673
0.772192,0.234388,0.244868,0.595283,1.63035
0.772192,0.213225,0.216096,0.595283,1.732874
0.732354,0.220121,0.215587,0.595283,1.826308
0.68836,0.206491,0.201689,0.596906,1.916299
0.68836,0.17518,0.176803,0.619463,1.994524
0.68836,0.220121,0.215079,0.657145,2.062323
0.640684,0.220121,0.214572,0.716594,2.128397
0.732354,0.256962,0.275521,0.798265,2.180991
0.68836,0.264796,0.274921,0.889562,2.217763
0.590057,0.323705,0.324706,0.971719,2.251719
0.640684,0.379182,0.361968,1.061449,2.282793
0.537447,0.418116,0.438299,1.156103,2.308782
0.590057,0.438008,0.43904,1.250125,2.312
0.537447,0.508784,0.519169,1.330138,2.312
0.483989,0.61823,0.617672,1.404365,2.3119
0.590057,0.637217,0.638045,1.431293,2.305625
0.537447,0.682752,0.691569,1.455768,2.28139
0.537447,0.708545,0.708613,1.461,2.249887
0.483989,0.725038,0.740399,1.461,2.193759
0.483989,0.784927,0.784422,1.461,2.132416
0.483989,0.770891,0.797835,1.442879,2.057968
0.430896,0.798325,0.79735,1.401733,1.93769
0.483989,0.777988,0.770375,1.368188,1.854192
0.483989,0.740936,0.740399,1.336502,1.753091
0.430896,0.748658,0.73982,1.305981,1.636381
0.483989,0.756227,0.755698,1.270125,1.54225
0.379345,0.763639,0.76931,1.223748,1.44425
0.330381,0.748658,0.754029,1.190649,1.365951
0.24329,0.740936,0.737498,1.144567,1.255739
0.206057,0.829063,0.820121,1.113207,1.145229
0.284837,0.708545,0.705499,1.110424,1.040858
0.284837,0.716864,0.688353,1.110424,0.926439
0.24329,0.673887,0.670009,1.110424,0.830317
0.173218,0.637217,0.65045,1.125502,0.759447
0.206057,0.655786,0.651133,1.177623,0.693012
0.206057,0.637217,0.651133,1.237482,0.649377
0.144659,0.646557,0.631071,1.314838,0.612862
0.144659,0.646557,0.631071,1.410721,0.582877
0.173218,0.57921,0.573523,1.50188,0.571466
0.206057,0.559291,0.554298,1.596958,0.566
0.173218,0.478329,0.472594,1.688583,0.566
0.144659,0.418116,0.411849,1.776492,0.566
0.173218,0.398486,0.452412,1.858778,0.568418
0.173218,0.306179,0.3188,1.950315,0.595353
0.206057,0.234388,0.223835,2.027821,0.634325
0.24329,0.193493,0.184819,2.112392,0.694635
0.206057,0.17518,0.172468,2.175503,0.750058
0.24329,0.119595,0.131244,2.225902,0.812647
0.330381,0.128419,0.122907,2.29368,0.914921
0.379345,0.119595,0.099234,2.3517,1.027025
0.430896,0.115383,0.107019,2.366725,1.148667
0.430896,0.152922,0.15244,2.370125,1.259402
0.483989,0.14269,0.142611,2.37422,1.387107
0.640684,0.187231,0.188471,2.37589,1.4936
0.640684,0.193493,0.188471,2.37589,1.579486
0.68836,0.227175,0.201689,2.371378,1.719619
0.732354,0.234388,0.244312,2.324887,1.853116
0.732354,0.314874,0.309085,2.224199,2.007944
0.772192,0.360248,0.345471,2.170763,2.094023
0.772192,0.360248,0.364054,2.108383,2.146226
0.807658,0.468201,0.483098,2.060148,2.190526
0.838755,0.488471,0.483849,1.975365,2.200824
0.838755,0.418116,0.483849,1.846148,2.200824
0.807658,0.488471,0.483098,1.731511,2.200824
0.772192,0.408264,0.422084,1.641546,2.132965
0.732354,0.438008,0.42135,1.584225,2.069579
0.732354,0.478329,0.461366,1.549543,2.035181
0.732354,0.549253,0.542382,1.471111,2.013872
0.732354,0.559291,0.562455,1.367093,2.012337
0.68836,0.559291,0.561714,1.320875,2.012247
0.640684,0.58908,0.60049,1.241075,2.013193
0.640684,0.646557,0.580861,1.179221,2.017125
0.640684,0.673887,0.675306,1.1422,2.0285
0.590057,0.691487,0.69221,1.056185,2.0285
0.537447,0.740936,0.756253,0.958619,2.0285
0.483989,0.798325,0.784422,0.909124,2.006578
0.483989,0.81724,0.810616,0.894246,1.91576
0.483989,0.840274,0.865296,0.892611,1.80969
0.379345,0.865694,0.864593,0.890065,1.688865
0.430896,0.740936,0.755142,0.8875,1.616032
0.483989,0.798325,0.797835,0.8875,1.508006
0.483989,0.770891,0.770375,0.8875,1.444861
0.430896,0.770891,0.755142,0.89085,1.313907
0.379345,0.756227,0.754586,0.91502,1.17323
0.284837,0.740936,0.722083,0.949421,1.057116
0.379345,0.673887,0.689641,0.987674,0.964241
0.330381,0.682752,0.65318,1.027147,0.888774
0.284837,0.637217,0.633867,1.082176,0.813676
0.284837,0.57921,0.575728,1.157008,0.754563
0.24329,0.508784,0.514663,1.239631,0.74825
0.330381,0.498627,0.495872,1.316097,0.74825
0.284837,0.408264,0.414766,1.392617,0.74825
0.284837,0.398486,0.395203,1.465908,0.765098
0.330381,0.360248,0.303971,1.537014,0.83205
0.24329,0.264796,0.269559,1.632112,0.895302
0.284837,0.264796,0.254444,1.711558,0.968704
0.24329,0.213225,0.210545,1.779768,1.025638
0.24329,0.17518,0.172898,1.813125,1.0725
0.173218,0.158258,0.16078,1.845259,1.122038
0.144659,0.158258,0.160375,1.903293,1.248993
0.284837,0.158258,0.162001,1.963223,1.376347
0.379345,0.17518,0.174192,2.035097,1.502631
0.430896,0.163746,0.15244,2.083248,1.631387
0.430896,0.12394,0.132621,2.131593,1.720454
0.537447,0.181128,0.164053,2.152355,1.841942
0.772192,0.17518,0.17768,2.152355,1.919875
0.772192,0.199912,0.202659,2.152355,1.985905
0.807658,0.206491,0.203145,2.143895,2.03069
0.732354,0.323705,0.309085,2.097396,2.072965
0.732354,0.332663,0.326687,2.021826,2.117496
0.807658,0.408264,0.383763,1.936526,2.15831
0.807658,0.398486,0.403136,1.8229,2.1986
0.807658,0.408264,0.422817,1.717691,2.236852
0.772192,0.428033,0.442004,1.588996,2.276183
0.807658,0.428033,0.442746,1.470873,2.30768
0.807658,0.458098,0.483098,1.373024,2.326665
0.807658,0.488471,0.523671,1.249147,2.326665
0.732354,0.478329,0.461366,1.136902,2.326665
0.732354,0.549253,0.542382,1.031175,2.32009
0.732354,0.57921,0.601932,0.929938,2.291694
0.732354,0.646557,0.640126,0.883916,2.260012
0.68836,0.655786,0.710473,0.842487,2.20685
0.68836,0.700083,0.69349,0.805278,2.131382
0.68836,0.691487,0.69349,0.794718,2.047217
0.640684,0.725038,0.709854,0.794718,1.942375
0.590057,0.756227,0.756807,0.794718,1.839322
0.537447,0.791707,0.79832,0.802776,1.728418
0.590057,0.81724,0.798804,0.810047,1.674097
0.483989,0.829063,0.834299,0.817192,1.649669
0.537447,0.798325,0.79832,0.825566,1.549441
0.483989,0.81724,0.810616,0.83125,1.452437
0.537447,0.770891,0.770907,0.834682,1.330747
0.483989,0.784927,0.784422,0.849829,1.209308
0.483989,0.756227,0.770375,0.869896,1.104561
0.430896,0.784927,0.769843,0.90234,1.020041
0.430896,0.756227,0.755142,0.940758,0.815899
0.379345,0.763639,0.76931,0.993245,0.74225
0.430896,0.770891,0.769843,1.045194,0.699399
0.430896,0.784927,0.783913,1.124925,0.666472
0.330381,0.770891,0.768775,1.21475,0.647048
0.379345,0.791707,0.796864,1.288988,0.646181
0.379345,0.756227,0.76931,1.339463,0.646181
0.483989,0.691487,0.707992,1.378011,0.646181
0.379345,0.691487,0.689641,1.402024,0.657272
0.430896,0.655786,0.654541,1.408136,0.688312
0.537447,0.61823,0.63735,1.408136,0.738425
0.483989,0.61823,0.617672,1.408136,0.803
0.483989,0.598879,0.617672,1.405984,0.862254
0.640684,0.58908,0.60049,1.389432,0.935359
0.590057,0.57921,0.599768,1.357963,1.031105
0.68836,0.56928,0.581593,1.326979,1.114438
0.68836,0.549253,0.52142,1.284119,1.207495
0.68836,0.549253,0.541635,1.233046,1.304525
0.732354,0.518934,0.542382,1.184104,1.407511
0.772192,0.559291,0.563195,1.138074,1.492322
0.772192,0.529064,0.543128,1.066214,1.594662
0.807658,0.529064,0.543874,1.00948,1.684285
0.807658,0.458098,0.462861,0.965406,1.775912
0.772192,0.418116,0.442004,0.960575,1.8635
0.838755,0.388792,0.40386,0.960575,1.925375
0.838755,0.350942,0.346833,0.961204,1.989685
0.807658,0.306179,0.310371,1.028128,2.045867
0.772192,0.272781,0.26019,1.122147,2.11111
0.807658,0.234388,0.245424,1.175181,2.166722
0.807658,0.213225,0.2307,1.228265,2.212385
0.772192,0.193493,0.189855,1.298925,2.249131
0.732354,0.152922,0.154786,1.379625,2.288508
0.732354,0.133036,0.134711,1.441407,2.320502
0.640684,0.119595,0.11626,1.469628,2.335269
0.590057,0.137791,0.107884,1.491836,2.3366
0.483989,0.099803,0.099773,1.565397,2.336
0.430896,0.14269,0.099503,1.6565,2.336
0.379345,0.14269,0.141877,1.750708,2.327717
0.284837,0.181128,0.173328,1.84405,2.3001
0.24329,0.169386,0.161593,1.924543,2.255489
0.173218,0.213225,0.196415,1.990078,2.205499
0.206057,0.206491,0.210046,2.057612,2.140863
0.206057,0.234388,0.238257,2.107447,2.06888
0.206057,0.241758,0.238257,2.1455,1.98275
0.206057,0.272781,0.253304,2.156806,1.903975
0.284837,0.249281,0.23935,2.158377,1.838809
0.24329,0.272781,0.253874,2.158377,1.795111
0.284837,0.306179,0.286456,2.157824,1.760603
0.284837,0.332663,0.303335,2.135965,1.731015
0.330381,0.350942,0.321418,2.083755,1.707562
0.430896,0.369665,0.416957,2.014101,1.699734
0.483989,0.341743,0.359887,1.958125,1.677625
0.483989,0.388792,0.437559,1.885724,1.654803
0.537447,0.478329,0.498879,1.803788,1.631076
0.590057,0.508784,0.419152,1.717828,1.607154
0.640684,0.498627,0.52067,1.629613,1.590232
0.640684,0.529064,0.540889,1.540873,1.574853
0.640684,0.57921,0.580861,1.451567,1.557658
0.68836,0.646557,0.657933,1.367856,1.553063
0.732354,0.646557,0.676624,1.264379,1.551153
0.732354,0.673887,0.676624,1.177161,1.548711
0.68836,0.691487,0.69349,1.086656,1.537859
0.732354,0.708545,0.711091,0.992927,1.517267
0.68836,0.733064,0.726885,0.923211,1.494613
0.732354,0.740936,0.743278,0.885729,1.465159
0.640684,0.763639,0.75736,0.836297,1.431099
0.590057,0.845652,0.785438,0.800475,1.404176
0.537447,0.834745,0.845614,0.766952,1.334171
0.537447,0.860899,0.845614,0.751875,1.231749
0.590057,0.777988,0.785438,0.751875,1.136448
0.537447,0.798325,0.78493,0.751875,1.04336
0.430896,0.81724,0.79735,0.761375,0.962813
0.330381,0.791707,0.796376,0.800319,0.900629
0.430896,0.804788,0.79735,0.880155,0.843503
0.379345,0.770891,0.76931,0.939158,0.807102
0.379345,0.725038,0.739241,1.00273,0.779221
0.379345,0.708545,0.706747,1.082508,0.753185
0.430896,0.673887,0.672663,1.171136,0.724731
0.430896,0.673887,0.690285,1.25235,0.70193
0.330381,0.655786,0.65318,1.334688,0.696383
0.330381,0.61823,0.634565,1.374841,0.696383
0.284837,0.61823,0.614827,1.418073,0.696383
0.330381,0.559291,0.536405,1.4893,0.707625
0.24329,0.539175,0.534909,1.560524,0.738393
0.173218,0.44803,0.452412,1.636694,0.783898
0.173218,0.44803,0.452412,1.702969,0.835735
0.206057,0.379182,0.37456,1.767658,0.893152
0.206057,0.350942,0.355741,1.839847,0.96157
0.173218,0.306179,0.301432,1.909148,1.03069
0.206057,0.297616,0.302066,1.970746,1.088913
0.206057,0.249281,0.238257,2.018046,1.189958
0.173218,0.227175,0.223313,2.063375,1.290875
0.24329,0.193493,0.197366,2.104253,1.376615
0.173218,0.158258,0.16078,2.1481,1.4835
0.173218,0.14269,0.13056,2.174883,1.590622
0.24329,0.089375,0.091456,2.200118,1.690384
0.330381,0.099803,0.106445,2.240613,1.811665
0.379345,0.107345,0.106732,2.254424,1.898719
0.430896,0.103513,0.107019,2.254424,1.978655
0.590057,0.128419,0.133663,2.254424,2.073375
0.732354,0.199912,0.202173,2.243832,2.155694
0.732354,0.241758,0.229635,2.220135,2.215461
0.807658,0.314874,0.310371,2.18943,2.261821
0.807658,0.332663,0.328011,2.123112,2.297018
0.807658,0.314874,0.328011,2.016051,2.320605
0.807658,0.379182,0.364751,1.920635,2.350735
0.838755,0.44803,0.463609,1.843885,2.373372
0.838755,0.468201,0.463609,1.750891,2.382484
0.807658,0.428033,0.442746,1.638405,2.391669
0.807658,0.518934,0.523671,1.506657,2.397862
0.807658,0.488471,0.50339,1.403943,2.398725
0.838755,0.529064,0.564674,1.343743,2.398725
0.772192,0.539175,0.543128,1.2602,2.398625
0.807658,0.58908,0.583787,1.183729,2.386025
0.772192,0.598879,0.602652,1.103559,2.364109
0.772192,0.627773,0.659285,1.008338,2.325801
0.732354,0.627773,0.621216,0.93657,2.280237
0.732354,0.682752,0.694129,0.878798,2.2266
0.732354,0.700083,0.711091,0.81825,2.166875
0.640684,0.716864,0.709854,0.71625,2.096
0.640684,0.740936,0.742129,0.686337,2.005616
0.68836,0.725038,0.742704,0.676222,1.916274
0.590057,0.834745,0.823643,0.676097,1.816031
0.590057,0.829063,0.835129,0.676097,1.709688
0.590057,0.82323,0.823643,0.676141,1.615488
0.640684,0.855962,0.856659,0.679591,1.510629
0.537447,0.798325,0.79832,0.687671,1.405258
0.590057,0.784927,0.798804,0.722903,1.304436
0.640684,0.784927,0.785944,0.745701,1.214316
0.537447,0.798325,0.770907,0.748627,1.109434
0.537447,0.798325,0.79832,0.749878,1.028699
0.483989,0.784927,0.784422,0.755104,0.966307
0.483989,0.804788,0.797835,0.769229,0.909007
0.379345,0.664895,0.672001,0.806887,0.863493
0.330381,0.655786,0.671338,0.856308,0.823287
0.206057,0.682752,0.669344,0.886292,0.795175
0.206057,0.627773,0.613402,0.96055,0.763825
0.24329,0.627773,0.614115,1.05892,0.739514
0.173218,0.598879,0.593254,1.169625,0.715438
0.24329,0.58908,0.574993,1.280981,0.694664
0.24329,0.549253,0.555041,1.406686,0.673525
0.173218,0.559291,0.553555,1.465356,0.656163
0.206057,0.539175,0.534161,1.5615,0.640996
0.206057,0.518934,0.534161,1.672379,0.639
0.144659,0.549253,0.552811,1.774613,0.639
0.206057,0.529064,0.513912,1.866125,0.639
0.173218,0.529064,0.51316,1.94098,0.653662
0.206057,0.598879,0.669344,2.015376,0.681927
0.206057,0.498627,0.493617,2.069805,0.711307
0.284837,0.438008,0.454648,2.132683,0.768074
0.284837,0.549253,0.535657,2.166212,0.824187
0.379345,0.56928,0.537153,2.188806,0.879894
0.483989,0.608599,0.617672,2.197,0.924754
0.483989,0.539175,0.538648,2.197,0.954156
0.483989,0.57921,0.538648,2.197,0.979727
0.537447,0.57921,0.618382,2.194227,1.004182
0.537447,0.598879,0.618382,2.154383,1.025019
0.483989,0.673887,0.724491,2.096355,1.045109
0.590057,0.691487,0.69221,2.041601,1.065665
0.640684,0.691487,0.69285,1.970377,1.0907
0.640684,0.740936,0.742129,1.902963,1.110947
0.640684,0.700083,0.709854,1.844023,1.134962
0.640684,0.725038,0.726288,1.743062,1.162282
0.68836,0.673887,0.657933,1.645172,1.178801
0.68836,0.691487,0.726885,1.526842,1.202541
0.732354,0.664895,0.65861,1.412342,1.220213
0.772192,0.682752,0.677281,1.303995,1.231379
0.68836,0.655786,0.657933,1.197207,1.244277
0.772192,0.627773,0.640818,1.086332,1.263449
0.772192,0.664895,0.659285,0.995405,1.276983
0.772192,0.598879,0.583056,0.927938,1.299169
0.772192,0.57921,0.563195,0.8595,1.332278
0.807658,0.549253,0.523671,0.802,1.371625
0.772192,0.498627,0.482347,0.7684,1.420754
0.807658,0.44803,0.462861,0.731767,1.484502
0.807658,0.388792,0.403136,0.697446,1.543364
0.772192,0.360248,0.364054,0.683682,1.599996
0.772192,0.280912,0.292641,0.683682,1.696856
0.772192,0.272781,0.292641,0.684682,1.7616
0.732354,0.289192,0.292019,0.70825,1.822
0.772192,0.206491,0.202659,0.730875,1.873
0.732354,0.158258,0.165709,0.783559,1.93027
0.732354,0.14269,0.144459,0.849878,1.982129
0.68836,0.128419,0.134361,0.934799,2.032584
0.430896,0.12394,0.132621,1.024642,2.082565
0.330381,0.107345,0.106445,1.118375,2.128397
0.330381,0.137791,0.131931,1.221599,2.172647
0.330381,0.12394,0.131931,1.320094,2.218109
0.206057,0.14269,0.140419,1.440134,2.257446
0.173218,0.187231,0.16078,1.55592,2.267334
0.173218,0.193493,0.17204,1.662411,2.267334
0.120124,0.379182,0.353676,1.769962,2.267334
0.144659,0.379182,0.373152,1.863906,2.260119
0.173218,0.388792,0.393049,1.940963,2.244989
0.173218,0.418116,0.412578,2.016,2.219539
0.120124,0.508784,0.511658,2.089881,2.173284
0.173218,0.529064,0.51316,2.155469,2.116809
0.173218,0.539175,0.533412,2.206744,2.056256
0.173218,0.627773,0.612689,2.271919,1.974872
0.144659,0.637217,0.631071,2.338024,1.894226
0.206057,0.716864,0.687061,2.371653,1.798501
0.206057,0.708545,0.704248,2.40427,1.679644
0.24329,0.700083,0.704874,2.412549,1.549778
0.24329,0.682752,0.687707,2.412663,1.421423
0.206057,0.682752,0.651133,2.412663,1.31956
0.284837,0.682752,0.688353,2.403284,1.2087
0.206057,0.716864,0.736916,2.365375,1.087375
0.430896,0.784927,0.79735,2.341689,0.986994
0.379345,0.804788,0.796864,2.32918,0.897526
0.379345,0.798325,0.796864,2.298036,0.835585
0.483989,0.82323,0.810616,2.260996,0.791613
0.379345,0.850879,0.864593,2.212084,0.741326
0.430896,0.855962,0.864945,2.16005,0.704419
0.537447,0.845652,0.834714,2.077947,0.670067
0.430896,0.850879,0.844827,2.00169,0.644789
0.640684,0.798325,0.811997,1.908833,0.626757
0.590057,0.798325,0.798804,1.811905,0.619717
0.640684,0.784927,0.785944,1.731726,0.616093
0.68836,0.777988,0.772496,1.62225,0.616
0.640684,0.756227,0.771967,1.518476,0.616
0.68836,0.756227,0.742704,1.410236,0.616
0.732354,0.725038,0.727482,1.312405,0.61625
0.732354,0.664895,0.65861,1.200391,0.623086
0.732354,0.646557,0.65861,1.091819,0.640065
0.772192,0.627773,0.640818,1.004753,0.666349
0.772192,0.61823,0.621924,0.93055,0.704791
0.807658,0.608599,0.622631,0.874295,0.748912
0.807658,0.598879,0.603372,0.823348,0.801843
0.838755,0.58908,0.584518,0.756355,0.887256
0.838755,0.539175,0.54462,0.712429,0.985654
0.838755,0.508784,0.504142,0.687335,1.090796
0.838755,0.458098,0.463609,0.668839,1.190117
0.807658,0.478329,0.462861,0.6457,1.3272
0.838755,0.408264,0.423551,0.628183,1.447819
0.838755,0.341743,0.346833,0.617733,1.573145
0.807658,0.306179,0.310371,0.617733,1.701901
0.807658,0.280912,0.276723,0.617733,1.805564
0.807658,0.289192,0.293264,0.6204,1.91893
0.772192,0.206491,0.216096,0.634255,2.006877
0.772192,0.193493,0.189855,0.65268,2.070386
0.732354,0.17518,0.177241,0.6715,2.10975
0.640684,0.107345,0.108174,0.705638,2.152008
0.640684,0.107345,0.108174,0.759234,2.209064
0.537447,0.103513,0.107595,0.831556,2.26096
0.430896,0.107345,0.107019,0.913308,2.289693
0.483989,0.133036,0.107307,1.012421,2.312033
0.430896,0.14269,0.132621,1.121336,2.320011
0.24329,0.133036,0.113811,1.222428,2.330946
0.284837,0.12394,0.122583,1.320588,2.336906
0.284837,0.133036,0.122583,1.427928,2.336906
0.24329,0.12394,0.12226,1.533676,2.331642
0.537447,0.119595,0.115643,1.654833,2.305094
0.68836,0.133036,0.134361,1.75775,2.275878
0.68836,0.163746,0.176803,1.838005,2.27263
0.640684,0.169386,0.176365,1.91966,2.249229
0.772192,0.234388,0.230167,1.989422,2.225169
0.68836,0.234388,0.229103,2.042253,2.20092
0.640684,0.234388,0.228572,2.090131,2.192381
0.640684,0.241758,0.243204,2.099044,2.192381
0.640684,0.289192,0.274322,2.09918,2.192381
0.640684,0.272781,0.274322,2.09918,2.20702
0.590057,0.280912,0.273723,2.098054,2.229405
0.537447,0.341743,0.257307,2.076983,2.264442
0.590057,0.369665,0.361274,2.036111,2.299993
0.537447,0.379182,0.379505,1.980956,2.332374
0.483989,0.438008,0.437559,1.920826,2.35668
0.430896,0.458098,0.456886,1.8514,2.370272
0.430896,0.498627,0.497376,1.764135,2.37293
0.379345,0.478329,0.476343,1.687871,2.37293
0.430896,0.56928,0.558009,1.616495,2.37293
0.330381,0.655786,0.671338,1.578706,2.363536
0.430896,0.637217,0.635959,1.548469,2.33795
0.379345,0.691487,0.689641,1.533332,2.298576
0.379345,0.716864,0.723288,1.530251,2.244211
0.430896,0.770891,0.783913,1.53,2.172375
0.430896,0.770891,0.755142,1.53,2.102695
0.379345,0.784927,0.796864,1.530484,2.0153
0.330381,0.850879,0.854429,1.533874,1.913616
0.430896,0.811092,0.79735,1.548212,1.79694
0.379345,0.82323,0.809691,1.555875,1.687468
0.483989,0.834745,0.834299,1.557,1.54867
0.537447,0.855962,0.855919,1.557,1.437913
0.590057,0.840274,0.846006,1.557,1.315
0.483989,0.834745,0.845221,1.555007,1.215239
0.483989,0.855962,0.845221,1.547213,1.158123
0.537447,0.834745,0.834714,1.534496,1.068174
0.640684,0.811092,0.799287,1.480823,0.929437
0.640684,0.82323,0.811997,1.434712,0.841397
0.640684,0.804788,0.799287,1.3891,0.766238
0.640684,0.777988,0.785944,1.350245,0.705924
0.68836,0.791707,0.786449,1.290689,0.650542
0.640684,0.777988,0.785944,1.236494,0.606533
0.68836,0.748658,0.757912,1.171863,0.593
0.732354,0.725038,0.727482,1.092506,0.593
0.732354,0.708545,0.711091,1.01125,0.593
0.772192,0.646557,0.659285,0.943387,0.606578
0.772192,0.637217,0.640818,0.872411,0.65146
0.772192,0.637217,0.640818,0.819277,0.704225
0.838755,0.61823,0.623337,0.760829,0.784706
0.838755,0.598879,0.604091,0.718468,0.863817
0.807658,0.646557,0.603372,0.679168,0.956374
0.838755,0.56928,0.584518,0.64219,1.065307
0.807658,0.44803,0.462861,0.615394,1.162277
0.865661,0.458098,0.464357,0.591117,1.271645
0.838755,0.418116,0.423551,0.574482,1.359952
0.838755,0.314874,0.328675,0.555659,1.419712
0.838755,0.297616,0.311015,0.55,1.530603
0.838755,0.249281,0.26135,0.55,1.657314
0.838755,0.241758,0.245982,0.55,1.78539
0.807658,0.206491,0.203145,0.556574,1.898869
0.807658,0.193493,0.190318,0.571176,1.968234
0.732354,0.169386,0.165709,0.593467,2.035696
0.732354,0.163746,0.154786,0.635146,2.141609
0.772192,0.17518,0.17768,0.695307,2.262636
0.772192,0.181128,0.17768,0.771275,2.3245
0.772192,0.163746,0.166125,0.850515,2.362987
0.807658,0.169386,0.17812,0.930091,2.393026
0.807658,0.193493,0.203145,1.024273,2.420234
0.838755,0.249281,0.26135,1.11363,2.438474
0.807658,0.249281,0.245424,1.20949,2.452382
0.838755,0.323705,0.328675,1.291535,2.466477
0.838755,0.323705,0.328675,1.360865,2.47008
0.838755,0.398486,0.40386,1.427562,2.471545
0.838755,0.44803,0.443488,1.452095,2.473225
0.838755,0.438008,0.423551,1.452468,2.478576
0.807658,0.478329,0.483098,1.452468,2.482
0.807658,0.478329,0.50339,1.449968,2.482
0.772192,0.488471,0.522921,1.4098,2.482
0.772192,0.508784,0.522921,1.345607,2.4808
0.732354,0.488471,0.501886,1.27756,2.438145
0.732354,0.518934,0.542382,1.232298,2.384207
0.732354,0.627773,0.621216,1.174452,2.360013
0.807658,0.673887,0.64151,1.095708,2.322256
0.640684,0.740936,0.742129,1.025065,2.266717
0.640684,0.708545,0.709854,0.977691,2.203665
0.640684,0.733064,0.726288,0.942319,2.126838
0.537447,0.777988,0.770907,0.921392,2.081565
0.537447,0.798325,0.79832,0.873564,2.026062
0.483989,0.811092,0.822767,0.832097,1.941609
0.590057,0.804788,0.798804,0.831795,1.839769
0.590057,0.829063,0.811537,0.831,1.737375
0.483989,0.798325,0.797835,0.830148,1.682932
0.483989,0.811092,0.797835,0.828494,1.65464
0.483989,0.798325,0.784422,0.826741,1.629819
0.483989,0.756227,0.755698,0.825876,1.608191
0.379345,0.811092,0.809691,0.825876,1.558883
0.430896,0.798325,0.783913,0.825876,1.44751
0.330381,0.770891,0.768775,0.830369,1.340179
0.379345,0.784927,0.783403,0.854456,1.263724
0.284837,0.740936,0.705499,0.884697,1.16728
0.330381,0.733064,0.722686,0.920606,0.97659
0.24329,0.716864,0.721479,0.980312,0.868813
0.284837,0.716864,0.722083,1.051719,0.728457
0.330381,0.725038,0.722686,1.148229,0.689856
0.206057,0.655786,0.651133,1.240544,0.659844
0.24329,0.627773,0.633169,1.33093,0.635758
0.24329,0.627773,0.614115,1.413438,0.614104
0.206057,0.549253,0.534161,1.506153,0.595986
0.173218,0.529064,0.51316,1.582324,0.593467
0.173218,0.458098,0.452412,1.683514,0.593467
0.24329,0.44803,0.453902,1.763586,0.593887
0.24329,0.428033,0.414036,1.832305,0.614998
0.24329,0.478329,0.394485,1.896506,0.64133
0.24329,0.478329,0.474093,1.951106,0.684487
0.330381,0.44803,0.43534,1.985621,0.726412
0.330381,0.428033,0.43534,2.020679,0.774223
0.379345,0.438008,0.416226,2.0416,0.845798
0.430896,0.438008,0.436819,2.043,0.936656
0.430896,0.478329,0.477093,2.043,1.023507
0.537447,0.518934,0.438299,2.043,1.102174
0.483989,0.518934,0.518418,2.02896,1.17124
0.537447,0.598879,0.599046,1.986504,1.224829
0.590057,0.56928,0.560233,1.936186,1.2712
0.590057,0.61823,0.619091,1.860371,1.316366
0.590057,0.608599,0.619091,1.780625,1.345125
0.640684,0.559291,0.540889,1.690075,1.360228
0.68836,0.61823,0.639432,1.593517,1.370151
0.640684,0.549253,0.560974,1.483871,1.375164
0.732354,0.637217,0.640126,1.392346,1.381113
0.772192,0.655786,0.677281,1.311698,1.391276
0.732354,0.627773,0.640126,1.228667,1.404867
0.772192,0.627773,0.602652,1.162375,1.417375
0.772192,0.598879,0.602652,1.101101,1.435511
0.772192,0.637217,0.640818,1.04033,1.461202
0.772192,0.608599,0.602652,0.97688,1.501727
0.807658,0.58908,0.583787,0.921583,1.550109
0.838755,0.56928,0.584518,0.90275,1.569125
0.865661,0.57921,0.565413,0.864737,1.620258
0.807658,0.529064,0.543874,0.816,1.694
0.838755,0.498627,0.504142,0.769389,1.767799
0.807658,0.498627,0.50339,0.723639,1.839578
0.838755,0.458098,0.463609,0.690847,1.910754
0.838755,0.428033,0.423551,0.685,1.976321
0.807658,0.388792,0.422817,0.685,2.046862
0.807658,0.323705,0.328011,0.685,2.099309
0.807658,0.306179,0.310371,0.701523,2.141416
0.807658,0.314874,0.310371,0.736688,2.180274
0.838755,0.272781,0.277325,0.778433,2.214413
0.807658,0.297616,0.2307,0.838192,2.248927
0.772192,0.227175,0.230167,0.8824,2.27471
0.772192,0.199912,0.216096,0.952469,2.300666
0.68836,0.187231,0.188932,1.026522,2.324797
0.68836,0.133036,0.144088,1.109207,2.347149
0.590057,0.152922,0.164465,1.185383,2.354863
0.483989,0.193493,0.152829,1.271162,2.354863
0.379345,0.107345,0.114724,1.373359,2.354863
0.430896,0.133036,0.123557,1.473671,2.348654
0.330381,0.158258,0.16241,1.593942,2.326008
0.330381,0.152922,0.122907,1.701451,2.306266
0.284837,0.163746,0.173328,1.793869,2.288666
0.206057,0.227175,0.210046,1.846781,2.265665
0.206057,0.227175,0.238257,1.935579,2.220333
0.173218,0.249281,0.252736,2.00698,2.17353
0.206057,0.272781,0.268967,2.083125,2.108625
0.206057,0.332663,0.319453,2.146888,2.036197
0.173218,0.369665,0.355052,2.200102,1.948828
0.173218,0.398486,0.412578,2.275408,1.857282
0.144659,0.369665,0.373152,2.330704,1.749182
0.173218,0.478329,0.492865,2.378022,1.657299
0.206057,0.458098,0.473343,2.416806,1.55488
0.206057,0.608599,0.513912,2.429,1.439654
0.206057,0.529064,0.513912,2.429,1.344399
0.206057,0.56928,0.554298,2.429,1.235626
0.173218,0.57921,0.573523,2.40932,1.138292
0.173218,0.58908,0.593254,2.357034,1.054908
0.206057,0.627773,0.63247,2.32631,0.975371
0.206057,0.655786,0.651133,2.280767,0.917013
0.24329,0.716864,0.721479,2.224375,0.86575
0.24329,0.733064,0.721479,2.173625,0.833
0.330381,0.725038,0.722686,2.117157,0.79648
0.284837,0.708545,0.722083,2.032188,0.764375
0.284837,0.733064,0.722083,1.951177,0.731716
0.284837,0.733064,0.73808,1.846799,0.702227
0.330381,0.798325,0.796376,1.758224,0.683426
0.379345,0.784927,0.783403,1.659892,0.664829
0.483989,0.763639,0.770375,1.579125,0.656732
0.483989,0.756227,0.755698,1.481521,0.656732
0.590057,0.716864,0.725689,1.382367,0.656732
0.537447,0.682752,0.691569,1.306773,0.657854
0.590057,0.708545,0.709234,1.250627,0.686283
0.640684,0.716864,0.726288,1.1835,0.7345
0.590057,0.691487,0.69221,1.116194,0.800859
0.590057,0.700083,0.69221,1.063941,0.871588
0.640684,0.673887,0.675306,1.022263,0.959424
0.68836,0.627773,0.620508,1.007456,1.052624
0.640684,0.598879,0.6198,0.993406,1.13761
0.68836,0.58908,0.601211,0.964542,1.220979
0.732354,0.518934,0.522171,0.95414,1.302571
0.68836,0.529064,0.541635,0.95414,1.3795
0.772192,0.498627,0.482347,0.95414,1.464234
0.590057,0.379182,0.380213,0.963184,1.546354
0.537447,0.241758,0.242098,1.006952,1.626364
0.640684,0.220121,0.214572,1.047119,1.698171
0.590057,0.213225,0.214065,1.106563,1.753801
0.330381,0.152922,0.151665,1.159625,1.801
0.430896,0.14269,0.142243,1.221364,1.841246
0.379345,0.133036,0.132276,1.307423,1.879195
0.379345,0.12394,0.123231,1.403167,1.922988
0.379345,0.107345,0.106732,1.485228,1.956675
0.330381,0.115383,0.114419,1.548336,1.988747
0.640684,0.099803,0.100586,1.637026,2.026773
0.590057,0.115383,0.115951,1.72301,2.078611
0.68836,0.12394,0.134361,1.805284,2.131647
0.732354,0.187231,0.189393,1.891076,2.170081
0.772192,0.17518,0.189855,1.947786,2.19931
0.807658,0.193493,0.190318,2.005567,2.234391
0.838755,0.199912,0.217117,2.02,2.26914
0.807658,0.249281,0.26077,2.02,2.302318
0.807658,0.314874,0.310371,2.02,2.332291
0.838755,0.360248,0.346833,2.01126,2.345305
0.807658,0.323705,0.328011,1.970228,2.36495
0.807658,0.379182,0.383763,1.890369,2.391579
0.807658,0.388792,0.403136,1.833828,2.397244
0.807658,0.418116,0.442746,1.735106,2.409883
0.865661,0.44803,0.464357,1.645073,2.4115
0.838755,0.498627,0.504142,1.554097,2.4115
0.772192,0.468201,0.462114,1.44154,2.4115
0.772192,0.478329,0.482347,1.351873,2.407547
0.732354,0.468201,0.461366,1.246401,2.34554
0.68836,0.608599,0.501135,1.159942,2.325663
0.732354,0.646557,0.640126,1.060718,2.301479
0.640684,0.655786,0.69285,0.9866,2.26148
0.68836,0.673887,0.675965,0.938249,2.220437
0.640684,0.691487,0.675306,0.893733,2.178284
0.590057,0.725038,0.725689,0.877641,2.125125
0.537447,0.725038,0.72509,0.877521,2.084951
0.483989,0.798325,0.797835,0.877521,2.036325
0.537447,0.798325,0.811077,0.878258,1.931519
0.537447,0.82323,0.823205,0.881314,1.825729
0.590057,0.798325,0.798804,0.882,1.720106
0.483989,0.798325,0.797835,0.883305,1.6
0.483989,0.811092,0.797835,0.88566,1.533023
0.537447,0.777988,0.770907,0.888122,1.488172
0.483989,0.791707,0.784422,0.890953,1.365715
0.379345,0.770891,0.76931,0.899638,1.246079
0.379345,0.777988,0.76931,0.919093,1.11999
0.284837,0.756227,0.75347,0.953351,1.010141
0.206057,0.763639,0.79491,0.989838,0.935522
0.284837,0.725038,0.722083,1.037362,0.856303
0.206057,0.716864,0.704248,1.102057,0.653122
0.24329,0.691487,0.704874,1.179747,0.605162
0.24329,0.708545,0.704874,1.246937,0.586162
0.173218,0.700083,0.686414,1.339109,0.563186
0.206057,0.646557,0.63247,1.427207,0.547375
0.173218,0.627773,0.631771,1.506605,0.5465
0.173218,0.57921,0.593254,1.598504,0.5465
0.144659,0.478329,0.492114,1.675617,0.549377
0.206057,0.408264,0.393766,1.775249,0.569567
0.173218,0.379182,0.393049,1.858262,0.591035
0.206057,0.360248,0.355741,1.936784,0.644336
0.206057,0.306179,0.302066,1.995318,0.70683
0.284837,0.289192,0.286456,2.035223,0.761912
0.330381,0.187231,0.17376,2.077354,0.841262
0.284837,0.187231,0.162001,2.120297,0.938766
0.379345,0.12394,0.123231,2.148757,1.059396
0.430896,0.137791,0.142243,2.159199,1.175678
0.590057,0.199912,0.200722,2.163399,1.296303
0.590057,0.241758,0.257882,2.163399,1.430443
0.483989,0.323705,0.323388,2.163399,1.554775
0.483989,0.323705,0.305883,2.155495,1.675745
0.590057,0.360248,0.361274,2.135578,1.805394
0.640684,0.408264,0.400245,2.095318,1.904806
0.537447,0.398486,0.398803,2.053125,1.97975
0.483989,0.539175,0.538648,2.015813,2.028407
0.430896,0.598879,0.57793,1.96802,2.037129
0.483989,0.655786,0.636655,1.913671,2.037129
0.483989,0.673887,0.655221,1.867985,2.037129
0.379345,0.716864,0.723288,1.814833,2.013505
0.483989,0.725038,0.740399,1.755375,1.96
0.483989,0.756227,0.740399,1.696708,1.883684
0.430896,0.784927,0.783913,1.63875,1.787
0.537447,0.798325,0.79832,1.5897,1.6874
0.537447,0.811092,0.823205,1.553998,1.587861
0.590057,0.855962,0.85629,1.516133,1.479165
0.537447,0.834745,0.845614,1.490217,1.373534
0.537447,0.845652,0.855919,1.45725,1.253625
0.590057,0.865694,0.865995,1.416694,1.136131
0.590057,0.834745,0.846006,1.377293,1.038262
0.590057,0.82323,0.835129,1.330517,0.954141
0.640684,0.798325,0.799287,1.258509,0.868758
0.640684,0.791707,0.75736,1.207734,0.809084
0.640684,0.770891,0.771967,1.13195,0.747461
0.732354,0.740936,0.711091,1.051434,0.721511
0.732354,0.740936,0.727482,0.9716,0.721511
0.732354,0.733064,0.727482,0.901492,0.721511
0.732354,0.700083,0.711091,0.850644,0.724029
0.772192,0.627773,0.640818,0.808353,0.76541
0.838755,0.61823,0.642201,0.783875,0.801125
0.865661,0.637217,0.624043,0.74324,0.87018
0.807658,0.57921,0.622631,0.709111,0.963467
0.807658,0.57921,0.583787,0.683791,1.071953
0.807658,0.508784,0.50339,0.661432,1.197935
0.838755,0.488471,0.483849,0.636463,1.335865
0.838755,0.428033,0.463609,0.611735,1.4605
0.838755,0.369665,0.384474,0.58469,1.572956
0.838755,0.360248,0.365448,0.559882,1.697239
0.807658,0.350942,0.346152,0.558984,1.813783
0.807658,0.341743,0.346152,0.558984,1.908052
0.807658,0.280912,0.293264,0.559469,2.002428
0.772192,0.306179,0.309727,0.580105,2.075942
0.732354,0.297616,0.309085,0.617557,2.142004
0.732354,0.398486,0.382341,0.664596,2.209225
0.590057,0.323705,0.324706,0.723451,2.259105
0.537447,0.388792,0.398803,0.799652,2.287157
0.430896,0.379182,0.397361,0.873213,2.287947
0.430896,0.438008,0.436819,0.971488,2.287947
0.330381,0.56928,0.556525,1.04952,2.286126
0.379345,0.549253,0.537153,1.107925,2.262944
0.330381,0.57921,0.596153,1.182084,2.206481
0.284837,0.56928,0.575728,1.252148,2.132921
0.24329,0.598879,0.633169,1.325723,2.030816
0.206057,0.58908,0.669344,1.391992,1.916802
0.284837,0.655786,0.652498,1.430125,1.816417
0.206057,0.61823,0.613402,1.472838,1.689522
0.206057,0.627773,0.63247,1.536682,1.567585
0.206057,0.627773,0.63247,1.586782,1.455325
0.173218,0.646557,0.631771,1.640901,1.342556
0.24329,0.637217,0.633169,1.7046,1.2046
0.173218,0.646557,0.631771,1.756687,1.084962
0.206057,0.627773,0.613402,1.801273,0.999813
0.173218,0.539175,0.553555,1.867942,0.899204
0.173218,0.518934,0.533412,1.920894,0.830936
0.24329,0.44803,0.453902,1.972136,0.775431
0.173218,0.408264,0.412578,2.023348,0.744179
0.173218,0.398486,0.393049,2.077048,0.744179
0.173218,0.332663,0.355052,2.200963,0.744179
0.173218,0.272781,0.3188,2.394104,0.749665
0.206057,0.306179,0.302066,2.450637,0.781966
0.284837,0.234388,0.23935,2.499569,0.839468
0.24329,0.213225,0.197366,2.574259,0.900491
0.284837,0.199912,0.151278,2.583824,0.9854
0.284837,0.12394,0.114114,2.583824,1.090992
0.24329,0.115383,0.12226,2.583824,1.203152
0.379345,0.12394,0.123231,2.522887,1.324441
0.483989,0.115383,0.115336,2.476603,1.430379
0.483989,0.115383,0.123883,2.463448,1.550758
0.483989,0.14269,0.123883,2.433843,1.60793
0.640684,0.163746,0.176365,2.411329,1.717591
0.732354,0.193493,0.215587,2.398996,1.828174
0.68836,0.227175,0.291398,2.349144,1.940107
0.807658,0.306179,0.310371,2.254626,2.044633
0.807658,0.408264,0.310371,2.201318,2.117894
0.772192,0.369665,0.383052,2.128954,2.188246
0.732354,0.418116,0.481596,2.026912,2.250253
0.838755,0.498627,0.504142,1.947489,2.292779
0.838755,0.508784,0.524421,1.856529,2.309431
0.807658,0.518934,0.523671,1.776433,2.316877
0.772192,0.559291,0.563195,1.670712,2.32241
0.807658,0.58908,0.583787,1.566627,2.328825
0.772192,0.627773,0.621924,1.441301,2.328613
0.732354,0.637217,0.65861,1.325934,2.322915
0.772192,0.608599,0.602652,1.206803,2.319594
0.732354,0.700083,0.676624,1.08931,2.318935
0.68836,0.682752,0.675965,0.989259,2.298397
0.68836,0.784927,0.786449,0.869264,2.269448
0.590057,0.791707,0.785438,0.793,2.23425
0.640684,0.770891,0.75736,0.7356,2.1713
0.590057,0.804788,0.785438,0.693907,2.107386
0.590057,0.860899,0.846006,0.674812,2.014875
0.590057,0.81724,0.811537,0.673375,1.904498
0.483989,0.811092,0.822767,0.673375,1.800001
0.430896,0.82323,0.822328,0.673475,1.6837
0.537447,0.784927,0.78493,0.677324,1.560648
0.483989,0.770891,0.784422,0.692456,1.447186
0.379345,0.798325,0.796864,0.709085,1.313608
0.430896,0.82323,0.810154,0.722622,1.190375
0.430896,0.82323,0.810154,0.74959,1.105903
0.430896,0.811092,0.810154,0.772845,1.070826
0.379345,0.770891,0.76931,0.809485,1.040927
0.430896,0.770891,0.769843,0.856332,1.002998
0.379345,0.763639,0.754586,0.916125,0.943283
0.483989,0.740936,0.724491,0.974256,0.887712
0.379345,0.61823,0.635262,1.056683,0.843111
0.430896,0.637217,0.616961,1.120939,0.814324
0.483989,0.58908,0.598323,1.170792,0.796514
0.537447,0.559291,0.559492,1.19725,0.778379
0.537447,0.57921,0.559492,1.213567,0.778379
0.537447,0.498627,0.478594,1.241626,0.778379
0.590057,0.458098,0.459125,1.263268,0.857868
0.640684,0.418116,0.419884,1.280026,1.049829
0.68836,0.418116,0.400968,1.284353,1.104353
0.68836,0.398486,0.400968,1.305626,1.203907
0.732354,0.360248,0.344792,1.314402,1.320337
0.732354,0.323705,0.326687,1.314402,1.436415
0.772192,0.297616,0.309727,1.314402,1.547746
0.732354,0.289192,0.292019,1.311596,1.614748
0.772192,0.241758,0.244868,1.297499,1.661042
0.807658,0.234388,0.2307,1.275919,1.708838
0.772192,0.187231,0.202659,1.264131,1.778811
0.732354,0.158258,0.165709,1.264,1.88057
0.640684,0.158258,0.154001,1.264,2.019431
0.732354,0.133036,0.134711,1.2715,2.11025
0.772192,0.119595,0.11719,1.304324,2.173354
0.68836,0.119595,0.134361,1.336891,2.240686
0.483989,0.115383,0.115336,1.380054,2.290375
0.24329,0.17518,0.172898,1.445544,2.340438
0.206057,0.187231,0.184367,1.51749,2.363333
0.24329,0.193493,0.197366,1.59066,2.363958
0.24329,0.272781,0.253874,1.6756,2.363958
0.173218,0.297616,0.301432,1.769712,2.362469
0.206057,0.350942,0.355741,1.847363,2.341373
0.173218,0.369665,0.355052,1.918226,2.305891
0.206057,0.360248,0.355741,1.99225,2.249
0.173218,0.458098,0.432385,2.072621,2.166507
0.173218,0.468201,0.472594,2.131061,2.084152
0.206057,0.428033,0.433124,2.192766,1.977005
0.173218,0.56928,0.472594,2.226939,1.888443
0.330381,0.539175,0.495872,2.25715,1.801525
0.379345,0.57921,0.596877,2.264,1.734227
0.430896,0.61823,0.616961,2.264,1.633456
0.537447,0.673887,0.6559,2.264,1.53014
0.483989,0.655786,0.655221,2.243598,1.424527
0.430896,0.756227,0.73982,2.202524,1.350847
0.537447,0.756227,0.756253,2.140995,1.278622
0.537447,0.770891,0.770907,2.083485,1.217127
0.590057,0.82323,0.823643,2.000822,1.16664
0.537447,0.834745,0.845614,1.896455,1.116609
0.537447,0.855962,0.855919,1.762594,1.082335
0.537447,0.88761,0.883437,1.644703,1.060578
0.590057,0.906336,0.906529,1.587269,1.049538
0.537447,0.883492,0.874812,1.51991,1.033748
0.537447,0.865694,0.865646,1.397125,0.992868
0.537447,0.865694,0.874812,1.265811,0.948565
0.537447,0.811092,0.823205,1.136207,0.903211
0.537447,0.82323,0.823205,1.036844,0.856375
0.537447,0.834745,0.79832,0.945315,0.803335
0.379345,0.798325,0.796864,0.836571,0.745569
0.430896,0.804788,0.810154,0.79373,0.677251
0.379345,0.784927,0.783403,0.79373,0.638406
0.284837,0.748658,0.75347,0.796079,0.61572
0.284837,0.708545,0.705499,0.804863,0.595397
0.206057,0.700083,0.687061,0.856134,0.577048
0.206057,0.682752,0.704248,0.945469,0.555313
0.206057,0.708545,0.704248,1.0625,0.533125
0.173218,0.598879,0.631771,1.182652,0.520943
0.144659,0.61823,0.592528,1.29205,0.514925
0.206057,0.559291,0.554298,1.409112,0.513
0.206057,0.508784,0.513912,1.52852,0.513
0.206057,0.488471,0.493617,1.649312,0.513
0.173218,0.438008,0.452412,1.780653,0.52025
0.173218,0.428033,0.432385,1.888544,0.555378
0.144659,0.418116,0.411849,1.960038,0.590059
0.173218,0.428033,0.432385,2.047778,0.645044
0.206057,0.418116,0.413307,2.121787,0.705351
0.24329,0.428033,0.433862,2.200161,0.781281
0.284837,0.44803,0.434601,2.265056,0.863946
0.330381,0.458098,0.43534,2.302251,0.955441
0.284837,0.360248,0.357121,2.315934,1.028038
0.379345,0.508784,0.496624,2.315934,1.079715
0.330381,0.438008,0.43534,2.315934,1.123943
0.430896,0.549253,0.517667,2.313217,1.161879
0.483989,0.488471,0.498127,2.27368,1.190925
0.483989,0.498627,0.498127,2.203056,1.212376
0.590057,0.518934,0.540142,2.137569,1.237845
0.590057,0.518934,0.519919,2.065531,1.260823
0.590057,0.549253,0.580129,1.986406,1.278448
0.590057,0.56928,0.560233,1.902865,1.291904
0.68836,0.664895,0.69349,1.796164,1.311656
0.68836,0.637217,0.639432,1.7084,1.328833
0.68836,0.646557,0.639432,1.616675,1.3481
0.732354,0.637217,0.640126,1.520719,1.3735
0.732354,0.58908,0.582325,1.45489,1.387631
0.772192,0.58908,0.583056,1.343202,1.411136
0.772192,0.58908,0.602652,1.170202,1.46082
0.807658,0.559291,0.563934,1.05507,1.507712
0.807658,0.549253,0.563934,0.958058,1.570588
0.807658,0.529064,0.523671,0.869916,1.642075
0.807658,0.518934,0.523671,0.797091,1.713041
0.838755,0.428033,0.443488,0.745424,1.788976
0.838755,0.44803,0.443488,0.739971,1.8695
0.838755,0.360248,0.365448,0.739971,1.951463
0.838755,0.332663,0.328675,0.741071,2.034585
0.838755,0.280912,0.277325,0.759459,2.109772
0.865661,0.264796,0.24654,0.787698,2.175758
0.807658,0.206491,0.216606,0.829798,2.234163
0.807658,0.17518,0.17812,0.886073,2.282242
0.772192,0.158258,0.166125,0.965553,2.327956
0.68836,0.133036,0.134361,1.050894,2.360898
0.590057,0.103513,0.100315,1.144481,2.377331
0.590057,0.119595,0.124537,1.25178,2.3865
0.284837,0.12394,0.122583,1.35925,2.387
0.24329,0.128419,0.12226,1.469257,2.387
0.330381,0.163746,0.16241,1.585645,2.386702
0.24329,0.152922,0.150893,1.713165,2.363419
0.284837,0.181128,0.185273,1.827537,2.324857
0.24329,0.241758,0.210545,1.936256,2.273454
0.330381,0.234388,0.225406,2.02193,2.227075
0.206057,0.289192,0.268967,2.08685,2.174325
0.379345,0.360248,0.358503,2.1364,2.102865
0.430896,0.379182,0.378089,2.1415,2.025338
0.483989,0.438008,0.437559,2.1415,1.945287
0.379345,0.559291,0.557267,2.140375,1.87075
0.483989,0.598879,0.578663,2.119774,1.802611
0.537447,0.56928,0.579396,2.074033,1.729463
0.537447,0.61823,0.599046,2.006627,1.662042
0.640684,0.637217,0.638739,1.916539,1.592113
0.590057,0.655786,0.638045,1.822816,1.541943
0.590057,0.673887,0.656578,1.732544,1.494041
0.640684,0.770891,0.771967,1.6285,1.449643
0.640684,0.784927,0.785944,1.507395,1.41775
0.640684,0.82323,0.811997,1.396,1.38275
0.640684,0.82323,0.799287,1.282216,1.336102
0.640684,0.82323,0.824079,1.190081,1.302552
0.537447,0.845652,0.845614,1.102808,1.250571
0.483989,0.845652,0.845221,1.03402,1.199488
0.537447,0.798325,0.79832,0.950261,1.133431
0.537447,0.834745,0.834714,0.874401,1.054496
0.483989,0.798325,0.810616,0.8226,0.975997
0.483989,0.811092,0.810616,0.813,0.906296
0.430896,0.811092,0.810154,0.813,0.852837
0.483989,0.81724,0.797835,0.813,0.796291
0.330381,0.708545,0.706123,0.829,0.741
0.379345,0.716864,0.723288,0.8881,0.6863
0.330381,0.691487,0.706123,0.978507,0.637417
0.379345,0.708545,0.706747,1.065201,0.61621
0.24329,0.673887,0.687707,1.181035,0.598831
0.206057,0.673887,0.669344,1.290062,0.58525
0.173218,0.61823,0.612689,1.3962,0.578511
0.206057,0.627773,0.63247,1.511377,0.578389
0.206057,0.598879,0.574258,1.635968,0.578389
0.206057,0.539175,0.513912,1.745889,0.580042
0.173218,0.498627,0.51316,1.852371,0.596211
0.144659,0.44803,0.451667,1.950574,0.615118
0.144659,0.428033,0.411849,2.026134,0.651795
0.173218,0.468201,0.452412,2.094991,0.702912
0.24329,0.458098,0.453902,2.160058,0.775757
0.24329,0.518934,0.494369,2.201958,0.851396
0.284837,0.518934,0.535657,2.227398,0.938617
0.24329,0.498627,0.474093,2.235219,1.002631
0.24329,0.57921,0.670009,2.235219,1.05288
0.330381,0.559291,0.556525,2.235219,1.086318
0.430896,0.646557,0.654541,2.2205,1.089081
0.430896,0.655786,0.654541,2.179652,1.09075
0.537447,0.646557,0.63735,2.118,1.09075
0.590057,0.598879,0.619091,2.036762,1.085082
0.537447,0.539175,0.559492,1.923684,1.065087
0.590057,0.598879,0.599768,1.832792,1.060432
0.640684,0.608599,0.580861,1.744168,1.060432
0.68836,0.539175,0.541635,1.64405,1.060432
0.640684,0.518934,0.500383,1.538606,1.071824
0.68836,0.458098,0.440522,1.448644,1.099641
0.68836,0.438008,0.460619,1.370476,1.14316
0.732354,0.388792,0.382341,1.297435,1.210218
0.732354,0.369665,0.382341,1.241393,1.287585
0.772192,0.289192,0.309727,1.189462,1.391788
0.772192,0.306179,0.309727,1.149926,1.513547
0.68836,0.249281,0.259034,1.14,1.606176
0.732354,0.199912,0.202173,1.14,1.726318
0.732354,0.193493,0.177241,1.14,1.816652
0.732354,0.181128,0.189393,1.146553,1.926437
0.590057,0.115383,0.115951,1.188112,2.031843
0.483989,0.092737,0.099773,1.248402,2.117174
0.483989,0.092737,0.092714,1.321813,2.196923
0.330381,0.099803,0.098966,1.379897,2.247797
0.24329,0.193493,0.197366,1.462486,2.295979
0.206057,0.227175,0.210046,1.54988,2.329125
0.173218,0.289192,0.284615,1.640877,2.33
0.206057,0.314874,0.319453,1.755687,2.33
0.173218,0.369665,0.355052,1.850557,2.326418
0.206057,0.379182,0.393766,1.942796,2.293073
0.173218,0.418116,0.412578,2.020187,2.248875
0.206057,0.529064,0.493617,2.100161,2.18775
0.173218,0.559291,0.51316,2.173904,2.109769
0.206057,0.608599,0.613402,2.23077,2.026992
0.173218,0.673887,0.703621,2.280918,1.924202
0.206057,0.673887,0.669344,2.309194,1.832975
0.206057,0.725038,0.704248,2.337875,1.716351
0.24329,0.682752,0.670009,2.347,1.594907
0.284837,0.716864,0.722083,2.347,1.4877
0.284837,0.748658,0.73808,2.347,1.37608
0.284837,0.756227,0.76824,2.342668,1.260921
0.24329,0.855962,0.843244,2.315261,1.141016
0.284837,0.811092,0.795888,2.266349,0.994963
0.284837,0.791707,0.782381,2.215676,0.887083
0.483989,0.834745,0.822767,2.15162,0.786462
0.430896,0.845652,0.833883,2.097306,0.704402
0.483989,0.845652,0.845221,2.025049,0.634529
0.483989,0.82323,0.834299,1.940881,0.588033
0.537447,0.82323,0.834714,1.822916,0.546171
0.483989,0.82323,0.822767,1.71452,0.521133
0.483989,0.798325,0.784422,1.602952,0.5098
0.483989,0.770891,0.797835,1.497803,0.5095
0.483989,0.691487,0.707992,1.392188,0.5095
0.537447,0.673887,0.691569,1.270728,0.511967
0.483989,0.598879,0.598323,1.171375,0.529875
0.537447,0.58908,0.599046,1.097137,0.558358
0.330381,0.478329,0.475593,1.052738,0.600194
0.379345,0.468201,0.416226,1.047125,0.628403
0.330381,0.398486,0.376676,1.044,0.678731
0.284837,0.360248,0.37597,1.044,0.887824
0.24329,0.369665,0.356431,1.044,0.952
0.330381,0.297616,0.303971,1.066407,0.977963
0.24329,0.297616,0.269559,1.137744,1.053724
0.24329,0.241758,0.238803,1.237316,1.143498
0.284837,0.206491,0.23935,1.341514,1.240597
0.24329,0.14269,0.150893,1.427169,1.303188
0.284837,0.137791,0.131587,1.500934,1.363905
0.330381,0.14269,0.141511,1.600422,1.429964
0.430896,0.111301,0.132621,1.714072,1.460485
0.330381,0.115383,0.122907,1.780343,1.496355
0.379345,0.14269,0.141877,1.892865,1.532229
0.379345,0.152922,0.141877,1.97475,1.572625
0.330381,0.193493,0.211547,2.051613,1.651655
0.483989,0.206491,0.199759,2.125026,1.755025
0.732354,0.289192,0.344792,2.159459,1.849794
0.732354,0.264796,0.275521,2.1842,1.92083
0.732354,0.388792,0.40169,2.188,2.019732
0.772192,0.398486,0.422084,2.188,2.075012
0.772192,0.438008,0.422084,2.187125,2.113938
0.807658,0.498627,0.50339,2.161792,2.12875
0.807658,0.508784,0.523671,2.097456,2.13
0.807658,0.518934,0.543874,2.025,2.13
0.772192,0.539175,0.543128,1.933785,2.1293
0.807658,0.559291,0.563934,1.824509,2.118611
0.772192,0.58908,0.602652,1.720677,2.116802
0.732354,0.56928,0.582325,1.653595,2.114585
0.68836,0.57921,0.601211,1.525791,2.111131
0.68836,0.61823,0.639432,1.38679,2.105883
0.640684,0.627773,0.638739,1.252177,2.104334
0.640684,0.637217,0.657256,1.136297,2.099002
0.590057,0.708545,0.709234,1.033274,2.076806
0.483989,0.691487,0.690927,0.959421,2.04879
0.537447,0.664895,0.673986,0.859507,2.006679
0.537447,0.673887,0.673986,0.794032,1.953678
0.483989,0.725038,0.740399,0.78755,1.88432
0.483989,0.740936,0.724491,0.78755,1.80375
0.537447,0.700083,0.708613,0.78755,1.718167
0.483989,0.725038,0.707992,0.798504,1.620553
0.483989,0.539175,0.558751,0.827974,1.528113
0.430896,0.518934,0.5379,0.858963,1.492342
0.430896,0.518934,0.517667,0.87587,1.464885
0.379345,0.508784,0.516916,0.913919,1.438933
0.330381,0.398486,0.395922,0.964679,1.419142
0.284837,0.369665,0.37597,1.026167,1.365142
0.206057,0.379182,0.37456,1.08116,1.322147
0.206057,0.369665,0.37456,1.141245,1.310277
0.173218,0.360248,0.336686,1.22158,1.301524
0.144659,0.323705,0.318147,1.347367,1.296505
0.284837,0.234388,0.23935,1.428662,1.285578
0.284837,0.241758,0.23935,1.524814,1.236077
0.284837,0.181128,0.173328,1.615338,1.236077
0.284837,0.17518,0.173328,1.68555,1.236077
0.330381,0.152922,0.141511,1.760811,1.264553
0.379345,0.17518,0.174192,1.845315,1.301739
0.430896,0.206491,0.16323,1.939751,1.317713
0.483989,0.234388,0.187095,2.01375,1.339007
0.537447,0.206491,0.21356,2.081682,1.36474
0.483989,0.256962,0.199759,2.145128,1.400822
0.772192,0.280912,0.276121,2.197858,1.450534
0.807658,0.297616,0.293264,2.222,1.505602
0.807658,0.360248,0.403136,2.222,1.55464
0.772192,0.388792,0.345471,2.222,1.642338
0.772192,0.438008,0.422084,2.201336,1.73631
0.807658,0.529064,0.523671,2.1691,1.8131
0.807658,0.498627,0.523671,2.119185,1.886377
0.807658,0.539175,0.543874,2.067452,1.941476
0.838755,0.608599,0.623337,1.968404,1.999086
0.772192,0.559291,0.563195,1.930049,2.023127
0.732354,0.637217,0.640126,1.859709,2.060943
0.732354,0.637217,0.65861,1.757201,2.096182
0.732354,0.682752,0.694129,1.668513,2.129393
0.732354,0.748658,0.743278,1.589391,2.153466
0.68836,0.748658,0.742704,1.446177,2.185898
0.640684,0.716864,0.709854,1.318826,2.190839
0.68836,0.777988,0.786449,1.18914,2.190839
0.590057,0.770891,0.771437,1.084181,2.190839
0.537447,0.777988,0.770907,0.989477,2.175748
0.483989,0.791707,0.797835,0.901888,2.118027
0.483989,0.840274,0.822767,0.786537,2.049303
0.483989,0.845652,0.834299,0.751964,1.973975
0.537447,0.82323,0.823205,0.724609,1.870786
0.483989,0.82323,0.822767,0.720972,1.760327
0.430896,0.784927,0.783913,0.720972,1.653843
0.430896,0.763639,0.755142,0.720972,1.559453
0.430896,0.725038,0.72389,0.727572,1.463648
0.430896,0.740936,0.73982,0.753324,1.34135
0.330381,0.725038,0.722686,0.773272,1.235481
0.284837,0.733064,0.722083,0.788859,1.156785
0.284837,0.673887,0.670674,0.818536,1.059664
0.284837,0.655786,0.652498,0.86382,0.970942
0.206057,0.646557,0.63247,0.9328,0.884266
0.206057,0.637217,0.651133,1.021682,0.7855
0.24329,0.673887,0.651816,1.07956,0.741569
0.173218,0.646557,0.631771,1.138779,0.702875
0.173218,0.61823,0.612689,1.220654,0.665557
0.144659,0.637217,0.631071,1.334548,0.63458
0.173218,0.61823,0.612689,1.442625,0.619875
0.206057,0.598879,0.593979,1.5683,0.6181
0.330381,0.61823,0.615539,1.690383,0.6175
0.330381,0.559291,0.556525,1.796064,0.6175
0.430896,0.61823,0.654541,1.898053,0.6175
0.379345,0.708545,0.653861,1.993184,0.624184
0.483989,0.691487,0.724491,2.069729,0.639655
0.537447,0.673887,0.63735,2.115661,0.658219
0.590057,0.691487,0.69221,2.118167,0.675125
0.68836,0.691487,0.742704,2.118167,0.694218
0.68836,0.733064,0.742704,2.117559,0.727307
0.68836,0.740936,0.742704,2.096416,0.764123
0.640684,0.756227,0.742129,2.043689,0.798519
0.732354,0.708545,0.727482,1.97655,0.834218
0.68836,0.637217,0.639432,1.889508,0.871232
0.772192,0.637217,0.640818,1.786463,0.906915
0.772192,0.637217,0.640818,1.693771,0.942835
0.772192,0.61823,0.640818,1.602934,1.055586
0.807658,0.627773,0.622631,1.504866,1.202796
0.838755,0.61823,0.604091,1.402692,1.242758
0.838755,0.58908,0.604091,1.285754,1.274168
0.838755,0.518934,0.54462,1.169006,1.317994
0.807658,0.508784,0.50339,1.041329,1.377932
0.838755,0.498627,0.524421,0.934612,1.416107
0.838755,0.408264,0.423551,0.85139,1.460634
0.807658,0.332663,0.364751,0.777061,1.495335
0.838755,0.297616,0.311015,0.711983,1.525577
0.838755,0.323705,0.311015,0.669981,1.572433
0.807658,0.227175,0.245424,0.637489,1.67682
0.807658,0.241758,0.2307,0.634567,1.766557
0.772192,0.17518,0.189855,0.634567,1.846673
0.68836,0.169386,0.165294,0.63584,1.947165
0.68836,0.133036,0.134361,0.656588,2.010931
0.590057,0.107345,0.115951,0.692893,2.080145
0.537447,0.115383,0.115643,0.742194,2.148198
0.24329,0.163746,0.161593,0.792716,2.197199
0.206057,0.169386,0.172468,0.869465,2.24076
0.144659,0.193493,0.160375,0.9745,2.272375
0.173218,0.199912,0.209547,1.062894,2.293092
0.206057,0.213225,0.223835,1.164258,2.307639
0.206057,0.256962,0.253304,1.2702,2.312
0.206057,0.249281,0.253304,1.392194,2.312
0.173218,0.280912,0.284615,1.490731,2.312
0.24329,0.280912,0.285841,1.605686,2.307265
0.24329,0.350942,0.269559,1.72505,2.26345
0.206057,0.379182,0.413307,1.800525,2.226611
0.206057,0.418116,0.355741,1.913583,2.166145
0.379345,0.388792,0.396642,1.995012,2.115519
0.430896,0.360248,0.359195,2.084534,2.040626
0.430896,0.398486,0.397361,2.146347,1.966444
0.430896,0.418116,0.436819,2.197481,1.879062
0.483989,0.438008,0.417689,2.209669,1.809203
0.430896,0.498627,0.517667,2.209669,1.755994
0.640684,0.539175,0.540889,2.209669,1.686535
0.68836,0.539175,0.541635,2.203538,1.626466
0.68836,0.627773,0.620508,2.166296,1.568654
0.68836,0.61823,0.620508,2.124184,1.504531
0.68836,0.637217,0.657933,2.06525,1.4684
0.640684,0.716864,0.726288,2.008734,1.457117
0.640684,0.740936,0.742129,1.936983,1.453705
0.640684,0.740936,0.742129,1.861793,1.453705
0.640684,0.748658,0.75736,1.758273,1.453705
0.640684,0.784927,0.785944,1.644266,1.462039
0.590057,0.784927,0.771437,1.519665,1.490113
0.590057,0.784927,0.785438,1.408856,1.505904
0.590057,0.784927,0.785438,1.29617,1.5065
0.537447,0.770891,0.770907,1.191306,1.5065
0.590057,0.763639,0.756807,1.091008,1.506149
0.537447,0.798325,0.770907,0.974617,1.487846
0.483989,0.798325,0.810616,0.9188,1.451375
0.483989,0.798325,0.784422,0.870308,1.399115
0.483989,0.756227,0.755698,0.831835,1.3331
0.430896,0.756227,0.755142,0.815215,1.258638
0.330381,0.770891,0.754029,0.813008,1.201217
0.24329,0.700083,0.687707,0.813008,1.119558
0.24329,0.664895,0.670009,0.813008,1.042017
0.284837,0.708545,0.705499,0.827929,0.985089
0.24329,0.655786,0.651816,0.860787,0.912421
0.24329,0.646557,0.633169,0.900156,0.851236
0.206057,0.608599,0.613402,0.964589,0.79073
0.206057,0.58908,0.613402,1.036836,0.74115
0.206057,0.56928,0.554298,1.127711,0.71565
0.173218,0.498627,0.51316,1.2386,0.689
0.173218,0.539175,0.533412,1.351245,0.664337
0.206057,0.408264,0.413307,1.47907,0.635489
0.24329,0.398486,0.394485,1.600672,0.635189
0.206057,0.323705,0.319453,1.713992,0.635189
0.173218,0.314874,0.336686,1.822467,0.63838
0.24329,0.297616,0.285841,1.914275,0.656783
0.24329,0.227175,0.224358,1.99236,0.683841
0.284837,0.181128,0.185273,2.062917,0.730646
0.379345,0.169386,0.174192,2.102267,0.789474
0.284837,0.147733,0.141146,2.142803,0.895236
0.379345,0.133036,0.141877,2.170075,1.004745
0.284837,0.158258,0.151278,2.186335,1.124487
0.284837,0.199912,0.197843,2.204359,1.2365
0.284837,0.181128,0.185273,2.2076,1.373241
0.284837,0.227175,0.211045,2.216083,1.499743
0.24329,0.256962,0.238803,2.220654,1.620714
0.330381,0.289192,0.303971,2.22114,1.721312
0.379345,0.341743,0.340052,2.22114,1.81775
0.284837,0.360248,0.37597,2.220384,1.9002
0.24329,0.418116,0.414036,2.210691,1.954
0.330381,0.458098,0.455394,2.18925,1.954
0.284837,0.488471,0.474843,2.167583,1.954
0.330381,0.488471,0.536405,2.113576,1.948927
0.330381,0.61823,0.615539,2.070909,1.887292
0.330381,0.608599,0.615539,1.990309,1.788611
0.330381,0.700083,0.706123,1.940803,1.705425
0.379345,0.700083,0.689641,1.907841,1.572013
0.284837,0.740936,0.73808,1.88246,1.443064
0.379345,0.770891,0.76931,1.8438,1.314
0.430896,0.748658,0.755142,1.808899,1.210785
0.537447,0.82323,0.823205,1.764479,1.117825
0.483989,0.756227,0.755698,1.72022,1.033948
0.590057,0.798325,0.811537,1.66375,0.952625
0.537447,0.784927,0.78493,1.584136,0.875064
0.537447,0.777988,0.770907,1.492375,0.81825
0.590057,0.770891,0.771437,1.407717,0.792465
0.590057,0.725038,0.741553,1.343119,0.791831
0.590057,0.740936,0.741553,1.278828,0.791831
0.640684,0.708545,0.709854,1.180893,0.793706
0.732354,0.682752,0.676624,1.096439,0.829592
0.772192,0.646557,0.640818,1.024887,0.906504
0.732354,0.627773,0.640126,0.972827,0.988622
0.732354,0.61823,0.640126,0.930974,1.074738
0.732354,0.627773,0.621216,0.883512,1.180107
0.772192,0.57921,0.640818,0.828375,1.291375
0.772192,0.518934,0.522921,0.794123,1.406155
0.772192,0.468201,0.482347,0.777875,1.515304
0.807658,0.44803,0.442746,0.77675,1.623044
0.772192,0.428033,0.442004,0.77675,1.720348
0.838755,0.360248,0.365448,0.777105,1.801697
0.838755,0.379182,0.365448,0.79645,1.883529
0.838755,0.272781,0.26135,0.840375,1.979323
0.807658,0.241758,0.245424,0.887871,2.066652
0.838755,0.234388,0.231234,0.952792,2.147541
0.772192,0.181128,0.17768,1.018651,2.196353
0.838755,0.17518,0.17856,1.093203,2.250376
0.590057,0.115383,0.107884,1.182119,2.292275
0.590057,0.107345,0.107884,1.289295,2.340275
0.24329,0.133036,0.140782,1.376862,2.349136
0.206057,0.163746,0.172468,1.469375,2.349136
0.173218,0.193493,0.183915,1.580619,2.349136
0.144659,0.199912,0.195941,1.693003,2.320335
0.173218,0.289192,0.284615,1.793695,2.280379
0.206057,0.306179,0.285228,1.90873,2.240187
0.173218,0.388792,0.355052,1.995523,2.190484
0.173218,0.369665,0.355052,2.080973,2.122507
0.173218,0.418116,0.355052,2.147693,2.052442
0.173218,0.468201,0.452412,2.20339,1.966175
0.173218,0.408264,0.412578,2.247529,1.876887
0.120124,0.398486,0.391615,2.28857,1.796363
0.144659,0.408264,0.392332,2.315606,1.696246
0.173218,0.408264,0.393049,2.325379,1.603057
0.173218,0.379182,0.393049,2.33,1.51091
0.284837,0.369665,0.357121,2.32925,1.425087
0.330381,0.341743,0.321418,2.324,1.366894
0.379345,0.280912,0.287686,2.321843,1.34
0.483989,0.272781,0.288921,2.313875,1.34
0.483989,0.272781,0.272529,2.281363,1.34
0.537447,0.306179,0.306522,2.24178,1.343862
0.590057,0.398486,0.399524,2.211427,1.406165
0.640684,0.379182,0.400245,2.146765,1.470871
0.640684,0.438008,0.439781,2.063633,1.52755
0.68836,0.438008,0.440522,1.975936,1.583483
0.68836,0.508784,0.501135,1.872667,1.630405
0.732354,0.518934,0.542382,1.755899,1.648061
0.772192,0.518934,0.522921,1.649303,1.662028
0.732354,0.539175,0.522171,1.505981,1.6669
0.732354,0.637217,0.640126,1.365063,1.667
0.732354,0.673887,0.65861,1.271751,1.667
0.68836,0.691487,0.675965,1.161515,1.667
0.68836,0.716864,0.742704,1.074509,1.661987
0.68836,0.804788,0.812455,1.011667,1.642405
0.640684,0.798325,0.771967,0.95225,1.622075
0.640684,0.791707,0.785944,0.899365,1.585439
0.640684,0.81724,0.799287,0.830629,1.515283
0.590057,0.784927,0.85629,0.796318,1.439784
0.537447,0.845652,0.845614,0.770315,1.340219
0.537447,0.811092,0.823205,0.7647,1.267488
0.483989,0.82323,0.810616,0.7647,1.2005
0.537447,0.855962,0.855919,0.765012,1.10893
0.430896,0.834745,0.822328,0.768821,1.021125
0.379345,0.855962,0.844433,0.788171,0.931327
0.430896,0.855962,0.855176,0.832325,0.865638
0.483989,0.811092,0.810616,0.891485,0.834457
0.430896,0.770891,0.755142,0.953725,0.802035
0.379345,0.81724,0.809691,1.018148,0.775397
0.330381,0.770891,0.768775,1.110265,0.743076
0.24329,0.777988,0.767705,1.201838,0.730883
0.24329,0.655786,0.651816,1.298495,0.718573
0.24329,0.646557,0.633169,1.389702,0.709522
0.284837,0.598879,0.595429,1.475267,0.706742
0.330381,0.58908,0.576462,1.561244,0.70985
0.24329,0.44803,0.494369,1.636791,0.720751
0.206057,0.498627,0.493617,1.6999,0.744589
0.206057,0.408264,0.413307,1.761093,0.797772
0.284837,0.332663,0.338704,1.806126,0.883679
0.284837,0.264796,0.23935,1.844343,0.981133
0.379345,0.199912,0.198799,1.87387,1.082881
0.483989,0.163746,0.163641,1.895404,1.202583
0.590057,0.193493,0.175929,1.923932,1.311223
0.537447,0.181128,0.175493,1.928,1.364887
0.68836,0.169386,0.165294,1.928,1.492961
0.732354,0.249281,0.244312,1.928,1.612935
0.732354,0.272781,0.259612,1.921714,1.739248
0.772192,0.256962,0.26019,1.88675,1.860806
0.838755,0.264796,0.277325,1.839045,1.965567
0.772192,0.332663,0.327349,1.773032,2.055843
0.807658,0.341743,0.346152,1.712215,2.146645
0.807658,0.398486,0.383763,1.64307,2.264119
0.838755,0.44803,0.443488,1.608235,2.313709
0.807658,0.408264,0.422817,1.516675,2.353006
0.772192,0.488471,0.502638,1.429934,2.36275
0.807658,0.529064,0.543874,1.345512,2.363
0.807658,0.539175,0.543874,1.256536,2.363
0.838755,0.488471,0.483849,1.16631,2.362306
0.838755,0.44803,0.463609,1.077436,2.343251
0.838755,0.398486,0.423551,0.935474,2.311672
0.807658,0.488471,0.483098,0.851899,2.28198
0.807658,0.438008,0.442746,0.794169,2.256585
0.772192,0.408264,0.422084,0.753625,2.239875
0.807658,0.360248,0.364751,0.748,2.238057
0.838755,0.369665,0.365448,0.748,2.234812
0.772192,0.341743,0.327349,0.748,2.228102
0.772192,0.272781,0.292641,0.770126,2.222279
0.807658,0.227175,0.216606,0.824865,2.217633
0.732354,0.199912,0.215587,0.90704,2.21352
0.640684,0.181128,0.188471,1.007304,2.206467
0.732354,0.206491,0.202173,1.108419,2.200183
0.640684,0.158258,0.188471,1.215773,2.192604
0.206057,0.152922,0.161186,1.315124,2.18661
0.144659,0.163746,0.160375,1.415091,2.179597
0.144659,0.17518,0.160375,1.514909,2.174777
0.173218,0.17518,0.17204,1.6071,2.173491
0.24329,0.289192,0.285841,1.670869,2.168679
0.173218,0.306179,0.301432,1.770804,2.146984
0.173218,0.388792,0.393049,1.86644,2.110221
0.144659,0.408264,0.392332,1.974355,2.050008
0.173218,0.468201,0.393049,2.078843,1.983379
0.173218,0.549253,0.533412,2.143273,1.90565
0.173218,0.58908,0.573523,2.211306,1.810903
0.24329,0.518934,0.474093,2.271792,1.688623
0.206057,0.608599,0.593979,2.288065,1.581605
0.173218,0.655786,0.668678,2.288065,1.465457
0.206057,0.682752,0.669344,2.288065,1.361585
0.24329,0.682752,0.687707,2.281261,1.244438
0.330381,0.756227,0.768775,2.252275,1.160387
0.430896,0.756227,0.73982,2.209725,1.078305
0.430896,0.748658,0.73982,2.152187,0.9767
0.430896,0.784927,0.783913,2.088896,0.901558
0.537447,0.784927,0.78493,2.001705,0.8333
0.537447,0.784927,0.78493,1.906724,0.776036
0.590057,0.784927,0.785438,1.823804,0.738392
0.68836,0.733064,0.742704,1.721894,0.710714
0.590057,0.708545,0.725689,1.61925,0.71
0.590057,0.725038,0.725689,1.507717,0.71
0.68836,0.708545,0.726885,1.391693,0.7145
0.68836,0.691487,0.69349,1.292299,0.755048
0.732354,0.691487,0.694129,1.201362,0.815618
0.772192,0.673887,0.677281,1.109614,0.889382
0.772192,0.673887,0.677281,1.019451,0.978539
0.772192,0.627773,0.621924,0.951207,1.057894
0.772192,0.61823,0.621924,0.881294,1.148273
0.807658,0.56928,0.583787,0.811844,1.243656
0.807658,0.608599,0.603372,0.770352,1.310555
0.838755,0.57921,0.584518,0.731499,1.385526
0.838755,0.549253,0.564674,0.698504,1.458875
0.838755,0.498627,0.524421,0.659993,1.541857
0.807658,0.478329,0.483098,0.619502,1.648748
0.838755,0.488471,0.483849,0.606522,1.72044
0.807658,0.428033,0.383763,0.606453,1.823951
0.772192,0.438008,0.422084,0.606453,1.932838
0.732354,0.341743,0.363358,0.60844,2.021865
0.807658,0.332663,0.328011,0.626517,2.096983
0.772192,0.323705,0.327349,0.655,2.153875
0.732354,0.280912,0.275521,0.698346,2.206807
0.68836,0.297616,0.291398,0.769515,2.245756
0.68836,0.280912,0.291398,0.845341,2.251
0.640684,0.398486,0.419884,0.943374,2.251
0.590057,0.388792,0.380213,1.025808,2.250375
0.483989,0.369665,0.378797,1.104372,2.235433
0.430896,0.438008,0.456886,1.168334,2.207477
0.430896,0.458098,0.436819,1.286348,2.158115
0.430896,0.549253,0.558009,1.369015,2.086899
0.379345,0.655786,0.653861,1.415127,2.000427
0.330381,0.608599,0.596153,1.445188,1.906661
0.430896,0.61823,0.616961,1.471146,1.806274
0.379345,0.627773,0.635262,1.501746,1.661019
0.379345,0.637217,0.616251,1.519543,1.5415
0.430896,0.725038,0.755142,1.531159,1.412733
0.430896,0.725038,0.72389,1.54068,1.29183
0.24329,0.673887,0.670009,1.560504,1.174922
0.24329,0.664895,0.651816,1.596911,1.050043
0.24329,0.61823,0.614115,1.649808,0.930531
0.173218,0.61823,0.631771,1.699677,0.842356
0.173218,0.598879,0.593254,1.766385,0.768144
0.173218,0.559291,0.553555,1.816437,0.725656
0.144659,0.57921,0.552811,1.863949,0.721278
0.173218,0.418116,0.412578,1.926686,0.721278
0.173218,0.369665,0.373856,2.00044,0.721278
0.173218,0.360248,0.355052,2.072531,0.738373
0.206057,0.297616,0.285228,2.140167,0.79676
0.206057,0.234388,0.238257,2.197233,0.868041
0.284837,0.249281,0.254444,2.235852,0.938873
0.206057,0.181128,0.172468,2.279293,1.037573
0.24329,0.181128,0.184819,2.305349,1.119106
0.430896,0.181128,0.199279,2.307737,1.22106
0.537447,0.17518,0.175493,2.307737,1.341979
0.732354,0.17518,0.189393,2.307737,1.454163
0.68836,0.264796,0.259034,2.28911,1.585696
0.772192,0.256962,0.26019,2.261867,1.683797
0.732354,0.314874,0.309085,2.235065,1.751039
0.732354,0.314874,0.326687,2.182073,1.862684
0.772192,0.388792,0.402413,2.116035,1.955751
0.807658,0.438008,0.422817,2.034744,2.047653
0.772192,0.488471,0.482347,1.942417,2.12275
0.772192,0.478329,0.482347,1.842377,2.141659
0.68836,0.518934,0.52142,1.737843,2.158965
0.68836,0.518934,0.541635,1.635336,2.167256
0.640684,0.61823,0.6198,1.53086,2.167417
0.640684,0.598879,0.60049,1.430432,2.1655
0.68836,0.691487,0.675965,1.324879,2.164
0.640684,0.655786,0.657256,1.229125,2.128
0.68836,0.733064,0.726885,1.150831,2.069333
0.590057,0.784927,0.811537,1.093379,2.033181
0.640684,0.777988,0.785944,1.056383,1.989189
0.537447,0.840274,0.834714,1.01017,1.89255
0.590057,0.855962,0.846006,0.964925,1.785639
0.590057,0.834745,0.823643,0.937648,1.675255
0.537447,0.845652,0.834714,0.922594,1.598666
0.537447,0.811092,0.823205,0.907557,1.513035
0.537447,0.82323,0.834714,0.886339,1.403446
0.483989,0.82323,0.822767,0.85565,1.280288
0.483989,0.777988,0.770375,0.841,1.176694
0.430896,0.82323,0.822328,0.841,1.062581
0.330381,0.798325,0.796376,0.841,0.956332
0.330381,0.756227,0.796376,0.848322,0.881913
0.284837,0.740936,0.73808,0.874542,0.81475
0.284837,0.725038,0.722083,0.911033,0.763089
0.24329,0.664895,0.651816,0.97331,0.711388
0.206057,0.682752,0.687061,1.056,0.671117
0.24329,0.655786,0.651816,1.166,0.641396
0.206057,0.664895,0.651133,1.260826,0.625225
0.206057,0.608599,0.613402,1.364292,0.60476
0.206057,0.646557,0.651133,1.475303,0.591379
0.144659,0.56928,0.552811,1.598258,0.591379
0.206057,0.559291,0.554298,1.70821,0.591379
0.24329,0.529064,0.514663,1.811317,0.59644
0.206057,0.428033,0.433124,1.9355,0.6292
0.206057,0.438008,0.413307,2.091834,0.671498
0.144659,0.369665,0.354364,2.181863,0.727081
0.144659,0.323705,0.336014,2.25234,0.784746
0.144659,0.332663,0.20905,2.31072,0.877299
0.284837,0.181128,0.173328,2.320919,0.973
0.379345,0.115383,0.114724,2.320919,1.064941
0.430896,0.133036,0.123557,2.320919,1.1826
0.537447,0.152922,0.153219,2.31472,1.362692
0.590057,0.163746,0.15361,2.285631,1.481416
0.732354,0.187231,0.189393,2.254526,1.600317
0.807658,0.227175,0.2307,2.232518,1.678786
0.772192,0.272781,0.292641,2.210572,1.757468
0.772192,0.280912,0.292641,2.165969,1.854379
0.807658,0.289192,0.293264,2.100442,1.956112
0.772192,0.369665,0.383052,2.030125,2.036182
0.732354,0.388792,0.40169,1.965093,2.092241
0.807658,0.388792,0.403136,1.882925,2.14862
0.772192,0.468201,0.442004,1.803404,2.204477
0.732354,0.44803,0.461366,1.695227,2.253976
0.772192,0.549253,0.543128,1.600563,2.274719
0.772192,0.56928,0.563195,1.519,2.291
0.68836,0.655786,0.657933,1.449716,2.2945
0.68836,0.646557,0.639432,1.329871,2.2945
0.590057,0.691487,0.674647,1.245888,2.292574
0.640684,0.673887,0.675306,1.162336,2.252535
0.640684,0.756227,0.709854,1.093447,2.174574
0.590057,0.756227,0.771437,1.036132,2.086576
0.640684,0.829063,0.824079,0.991838,1.994506
0.537447,0.784927,0.79832,0.910148,1.869738
0.590057,0.770891,0.785438,0.876799,1.736179
0.537447,0.784927,0.770907,0.849131,1.617527
0.537447,0.770891,0.770907,0.825742,1.50625
0.537447,0.82323,0.823205,0.809658,1.466006
0.537447,0.834745,0.834714,0.808067,1.427027
0.483989,0.855962,0.855548,0.808067,1.390574
0.483989,0.865694,0.855548,0.808167,1.343277
0.537447,0.855962,0.855919,0.815016,1.274262
0.483989,0.82323,0.822767,0.829973,1.199283
0.537447,0.834745,0.811077,0.854133,1.139243
0.483989,0.784927,0.784422,0.887363,1.088913
0.590057,0.725038,0.725689,0.904704,0.96776
0.68836,0.708545,0.69349,0.907333,0.798554
0.68836,0.708545,0.710473,0.907333,0.797528
0.732354,0.700083,0.711091,0.904653,0.797528
0.68836,0.691487,0.69349,0.889586,0.801557
0.732354,0.673887,0.694129,0.870176,0.867041
0.732354,0.646557,0.640126,0.846514,0.953161
0.772192,0.61823,0.621924,0.8124,1.0629
0.807658,0.61823,0.622631,0.776955,1.175948
0.838755,0.627773,0.623337,0.748169,1.270661
0.807658,0.549253,0.543874,0.715964,1.390946
0.807658,0.56928,0.563934,0.690715,1.492262
0.838755,0.529064,0.54462,0.668966,1.589908
0.865661,0.518934,0.525171,0.650413,1.679639
0.838755,0.44803,0.443488,0.645076,1.761765
0.865661,0.468201,0.4846,0.645076,1.853892
0.838755,0.428033,0.423551,0.645076,1.946307
0.865661,0.332663,0.329339,0.653801,2.021674
0.807658,0.272781,0.276723,0.679609,2.08881
0.807658,0.256962,0.26077,0.712616,2.153941
0.772192,0.264796,0.276121,0.757228,2.211593
0.640684,0.323705,0.307802,0.805298,2.256037
0.68836,0.379182,0.381631,0.873752,2.294717
0.590057,0.341743,0.342757,0.985371,2.306
0.483989,0.398486,0.437559,1.06157,2.306
0.379345,0.458098,0.436079,1.139994,2.306
0.379345,0.438008,0.436079,1.199924,2.294947
0.483989,0.498627,0.518418,1.263741,2.255578
0.483989,0.58908,0.598323,1.318151,2.193193
0.330381,0.637217,0.65318,1.359357,2.114817
0.206057,0.608599,0.574258,1.378293,2.006724
0.24329,0.58908,0.594704,1.390883,1.91015
0.24329,0.61823,0.651816,1.414082,1.791322
0.206057,0.61823,0.613402,1.446534,1.653553
0.284837,0.598879,0.614827,1.485839,1.516843
0.206057,0.598879,0.574258,1.535275,1.381452
0.144659,0.549253,0.572787,1.586139,1.270871
0.173218,0.58908,0.573523,1.646075,1.175554
0.206057,0.559291,0.554298,1.704357,1.071939
0.173218,0.488471,0.472594,1.787587,0.9741
0.206057,0.438008,0.433124,1.873726,0.888417
0.173218,0.438008,0.432385,1.957161,0.818246
0.173218,0.341743,0.336686,2.017345,0.8038
0.206057,0.323705,0.319453,2.059553,0.8038
0.173218,0.206491,0.196415,2.102048,0.8038
0.144659,0.158258,0.160375,2.149832,0.816362
0.284837,0.14269,0.141146,2.1818,0.8774
0.379345,0.133036,0.132276,2.207575,0.971629
0.537447,0.17518,0.187553,2.223508,1.069885
0.807658,0.193493,0.190318,2.237559,1.184196
0.772192,0.199912,0.202659,2.239779,1.286077
0.807658,0.227175,0.2307,2.239779,1.415867
0.807658,0.289192,0.293264,2.239779,1.548709
0.807658,0.264796,0.276723,2.237023,1.678448
0.807658,0.341743,0.364751,2.222517,1.79461
0.807658,0.398486,0.403136,2.194589,1.88746
0.838755,0.438008,0.443488,2.150324,1.979214
0.807658,0.438008,0.422817,2.096803,2.060059
0.807658,0.408264,0.403136,2.023483,2.136874
0.807658,0.428033,0.483098,1.935812,2.196143
0.772192,0.360248,0.364054,1.846089,2.231944
0.772192,0.388792,0.383052,1.719879,2.266426
0.772192,0.388792,0.383052,1.59896,2.283464
0.772192,0.388792,0.345471,1.51224,2.291349
0.68836,0.408264,0.420617,1.428224,2.294
0.68836,0.428033,0.420617,1.338685,2.293279
0.640684,0.44803,0.439781,1.222114,2.28953
0.640684,0.549253,0.560974,1.133375,2.288016
0.640684,0.549253,0.580861,1.048448,2.288426
0.590057,0.559291,0.540142,0.977029,2.286633
0.537447,0.598879,0.599046,0.938734,2.284607
0.483989,0.58908,0.598323,0.919545,2.281541
0.379345,0.664895,0.672001,0.919545,2.26923
0.430896,0.708545,0.690285,0.919545,2.217927
0.483989,0.673887,0.655221,0.928892,2.14526
0.379345,0.655786,0.653861,0.966171,2.052932
0.330381,0.682752,0.706123,1.023559,1.92846
0.379345,0.673887,0.653861,1.062383,1.829963
0.379345,0.673887,0.672001,1.099914,1.737976
0.430896,0.646557,0.654541,1.135593,1.657269
0.284837,0.56928,0.575728,1.156868,1.608551
0.24329,0.559291,0.555041,1.183317,1.56102
0.206057,0.539175,0.534161,1.221352,1.475818
0.206057,0.458098,0.453157,1.264467,1.376889
0.24329,0.398486,0.394485,1.304346,1.282157
0.24329,0.398486,0.394485,1.363193,1.191502
0.173218,0.360248,0.393049,1.412459,1.116953
0.173218,0.314874,0.3188,1.470149,1.024335
0.144659,0.306179,0.300799,1.549544,0.809977
0.173218,0.187231,0.183915,1.635442,0.800922
0.24329,0.169386,0.172898,1.71017,0.800922
0.284837,0.147733,0.151278,1.766038,0.800922
0.590057,0.17518,0.175929,1.828311,0.821668
0.537447,0.163746,0.175493,1.927201,0.867166
0.772192,0.193493,0.189855,2.015787,0.92265
0.772192,0.314874,0.309727,2.101962,1.007621
0.838755,0.306179,0.311015,2.168312,1.101929
0.772192,0.341743,0.345471,2.237877,1.208485
0.807658,0.341743,0.346152,2.274094,1.318648
0.838755,0.398486,0.40386,2.283,1.400615
0.838755,0.428033,0.443488,2.283,1.507829
0.838755,0.438008,0.443488,2.283,1.611926
0.865661,0.44803,0.504894,2.272582,1.722188
0.865661,0.488471,0.504894,2.237427,1.830458
0.807658,0.44803,0.462861,2.205841,1.893185
0.772192,0.478329,0.462114,2.141276,1.967369
0.772192,0.508784,0.502638,2.077432,2.039411
0.772192,0.478329,0.482347,1.994145,2.107022
0.732354,0.56928,0.542382,1.894813,2.163656
0.772192,0.627773,0.640818,1.806076,2.20425
0.68836,0.61823,0.620508,1.70366,2.228825
0.640684,0.646557,0.60049,1.579112,2.258753
0.640684,0.691487,0.69285,1.483745,2.282699
0.640684,0.725038,0.726288,1.36525,2.295
0.590057,0.770891,0.785438,1.260105,2.295
0.640684,0.829063,0.811997,1.141241,2.295
0.640684,0.865694,0.866344,1.05751,2.29475
0.640684,0.829063,0.824079,0.969787,2.289468
0.640684,0.855962,0.866344,0.906927,2.274677
0.537447,0.811092,0.811077,0.866865,2.254364
0.483989,0.811092,0.822767,0.837984,2.214488
0.537447,0.798325,0.79832,0.822333,2.160458
0.430896,0.811092,0.79735,0.819744,2.089028
0.483989,0.784927,0.797835,0.817429,2.027221
0.483989,0.798325,0.770375,0.814456,1.942104
0.430896,0.784927,0.783913,0.813458,1.825833
0.379345,0.716864,0.706747,0.807375,1.727125
0.330381,0.682752,0.688997,0.781818,1.597383
0.284837,0.691487,0.670674,0.750725,1.47226
0.24329,0.627773,0.651816,0.721136,1.372159
0.206057,0.664895,0.651133,0.707678,1.252319
0.24329,0.655786,0.633169,0.707678,1.144587
0.284837,0.61823,0.614827,0.707678,1.046435
0.284837,0.57921,0.575728,0.710623,0.989122
0.330381,0.508784,0.495872,0.74534,0.918218
0.206057,0.428033,0.433124,0.792944,0.842549
0.206057,0.379182,0.393766,0.870255,0.773487
0.206057,0.323705,0.319453,0.962742,0.716177
0.24329,0.323705,0.320107,1.064143,0.694294
0.24329,0.249281,0.253874,1.177572,0.6905
0.24329,0.234388,0.3027,1.29116,0.6905
0.206057,0.187231,0.184367,1.385821,0.6905
0.284837,0.152922,0.151278,1.500365,0.698135
0.24329,0.14269,0.131244,1.603514,0.722694
0.24329,0.12394,0.12226,1.70983,0.761264
0.206057,0.12394,0.121938,1.797173,0.802427
0.284837,0.152922,0.151278,1.868366,0.846282
0.284837,0.181128,0.224882,1.942812,0.888934
0.284837,0.213225,0.211045,2.011766,0.957979
0.379345,0.341743,0.322074,2.081833,1.053831
0.284837,0.369665,0.37597,2.120339,1.112507
0.24329,0.418116,0.414036,2.136468,1.213479
0.330381,0.468201,0.475593,2.180409,1.338637
0.330381,0.508784,0.495872,2.260273,1.452349
0.330381,0.57921,0.596153,2.2785,1.583583
0.379345,0.57921,0.577196,2.299875,1.68875
0.430896,0.700083,0.672663,2.3397,1.8261
0.379345,0.708545,0.706747,2.35739,1.938083
0.379345,0.763639,0.76931,2.3575,2.0225
0.483989,0.756227,0.784422,2.3575,2.058263
0.537447,0.82323,0.823205,2.346941,2.059904
0.590057,0.770891,0.798804,2.335134,2.059904
0.537447,0.784927,0.79832,2.305492,2.058904
0.640684,0.850879,0.811997,2.240697,2.019575
0.640684,0.811092,0.811997,2.160604,1.945958
0.590057,0.770891,0.785438,2.104115,1.87449
0.483989,0.740936,0.740399,2.052503,1.76689
0.68836,0.700083,0.710473,2.001375,1.669625
0.68836,0.673887,0.69349,1.935811,1.566341
0.772192,0.700083,0.694767,1.877649,1.454049
0.772192,0.691487,0.677281,1.826649,1.33932
0.732354,0.655786,0.65861,1.764527,1.227233
0.732354,0.61823,0.621216,1.712928,1.152144
0.772192,0.56928,0.583056,1.635063,1.060844
0.772192,0.559291,0.563195,1.532792,0.978201
0.772192,0.498627,0.543128,1.444859,0.917326
0.807658,0.458098,0.462861,1.390811,0.874456
0.772192,0.428033,0.442004,1.357134,0.860685
0.772192,0.468201,0.482347,1.273795,0.860685
0.807658,0.280912,0.293264,1.208415,0.860685
0.772192,0.272781,0.292641,1.123209,0.869374
0.732354,0.227175,0.229635,1.045386,0.917375
0.590057,0.14269,0.133663,1.002405,0.9785
0.537447,0.14269,0.142979,0.953711,1.044509
0.379345,0.181128,0.174192,0.847913,1.117485
0.206057,0.187231,0.184367,0.79677,1.222039
0.206057,0.220121,0.210046,0.733608,1.330589
0.206057,0.234388,0.223835,0.706342,1.416215
0.24329,0.234388,0.238803,0.702,1.51465
0.173218,0.360248,0.355052,0.702,1.589559
0.173218,0.350942,0.336686,0.702,1.68413
0.24329,0.408264,0.394485,0.706202,1.778558
0.173218,0.438008,0.412578,0.727432,1.870012
0.144659,0.488471,0.431648,0.765951,1.947344
0.24329,0.559291,0.514663,0.833375,2.023167
0.206057,0.56928,0.574258,0.909362,2.083161
0.24329,0.664895,0.687707,0.991391,2.134062
0.206057,0.673887,0.687061,1.086912,2.186653
0.284837,0.691487,0.688353,1.197752,2.234239
0.284837,0.770891,0.76824,1.298181,2.244
0.379345,0.725038,0.723288,1.427649,2.244
0.379345,0.756227,0.754586,1.54372,2.244
0.379345,0.770891,0.783403,1.656295,2.232359
0.430896,0.784927,0.783913,1.74887,2.202528
0.537447,0.82323,0.823205,1.844946,2.178953
0.430896,0.804788,0.810154,1.921927,2.134204
0.537447,0.804788,0.811077,1.991937,2.070244
0.483989,0.784927,0.797835,2.059555,1.98485
0.483989,0.763639,0.770375,2.125841,1.887657
0.483989,0.740936,0.740399,2.172927,1.817
0.590057,0.716864,0.725689,2.215472,1.726319
0.537447,0.716864,0.708613,2.247606,1.628837
0.590057,0.716864,0.725689,2.252969,1.485191
0.640684,0.716864,0.726288,2.252969,1.371636
0.68836,0.700083,0.710473,2.251669,1.273657
0.772192,0.708545,0.711708,2.2235,1.1915
0.68836,0.646557,0.657933,2.176125,1.104875
0.732354,0.646557,0.640126,2.123726,1.007063
0.732354,0.61823,0.621216,2.055909,0.935051
0.772192,0.57921,0.583056,1.977362,0.882089
0.807658,0.58908,0.603372,1.888928,0.822395
0.772192,0.598879,0.583056,1.805082,0.77496
0.772192,0.559291,0.583056,1.69769,0.72144
0.772192,0.559291,0.563195,1.6005,0.677425
0.807658,0.539175,0.543874,1.516491,0.667
0.772192,0.498627,0.522921,1.427726,0.667
0.732354,0.518934,0.522171,1.348056,0.667
0.640684,0.498627,0.500383,1.281193,0.677693
0.68836,0.478329,0.480845,1.220624,0.70788
0.590057,0.478329,0.499631,1.160945,0.753897
0.590057,0.518934,0.519919,1.112493,0.826529
0.537447,0.518934,0.519169,1.053301,0.904693
0.430896,0.58908,0.5976,0.9925,1.005042
0.330381,0.61823,0.671338,0.949895,1.092552
0.430896,0.637217,0.616961,0.8885,1.19418
0.379345,0.637217,0.635262,0.82932,1.296999
0.379345,0.646557,0.653861,0.786226,1.394539
0.430896,0.61823,0.5976,0.746465,1.478135
0.24329,0.708545,0.704874,0.714089,1.553069
0.284837,0.700083,0.688353,0.702265,1.662329
0.24329,0.61823,0.633169,0.701784,1.742586
0.173218,0.740936,0.668678,0.701784,1.816336
0.206057,0.646557,0.63247,0.70298,1.875245
0.144659,0.673887,0.649766,0.714419,1.898712
0.173218,0.664895,0.65045,0.739297,1.899
0.144659,0.61823,0.611975,0.784429,1.899
0.120124,0.549253,0.531915,0.841248,1.8954
0.173218,0.539175,0.553555,0.919967,1.848362
0.144659,0.518934,0.512409,0.9906,1.7902
0.173218,0.488471,0.492865,1.072266,1.707488
0.206057,0.428033,0.433124,1.146115,1.626646
0.206057,0.428033,0.433124,1.227736,1.531002
0.144659,0.314874,0.318147,1.29452,1.440642
0.206057,0.272781,0.268967,1.354014,1.340707
0.173218,0.249281,0.237711,1.409065,1.235925
0.173218,0.227175,0.237711,1.453996,1.163258
0.206057,0.199912,0.184367,1.514584,1.062845
0.284837,0.158258,0.162001,1.571182,0.963401
0.284837,0.147733,0.173328,1.64121,0.888748
0.379345,0.133036,0.132276,1.713541,0.822761
0.330381,0.128419,0.131931,1.774104,0.776931
0.284837,0.107345,0.10616,1.842487,0.738283
0.24329,0.119595,0.105875,1.91168,0.736679
0.430896,0.12394,0.123557,1.994191,0.736679
0.772192,0.163746,0.166125,2.083047,0.736679
0.732354,0.181128,0.189393,2.138233,0.766054
0.807658,0.234388,0.2307,2.180056,0.810735
0.807658,0.264796,0.26077,2.21894,0.858558
0.772192,0.289192,0.292641,2.252127,0.937363
0.732354,0.297616,0.309085,2.2945,1.025625
0.772192,0.314874,0.327349,2.3522,1.1315
0.772192,0.323705,0.327349,2.365875,1.232256
0.732354,0.332663,0.326687,2.373256,1.321818
0.68836,0.388792,0.381631,2.380885,1.417856
0.68836,0.398486,0.400968,2.382,1.543218
0.590057,0.438008,0.419152,2.382,1.662088
0.640684,0.458098,0.459872,2.381125,1.782723
0.590057,0.458098,0.459125,2.353635,1.882134
0.590057,0.549253,0.540142,2.295097,1.979203
0.590057,0.559291,0.540142,2.250198,2.069991
0.537447,0.57921,0.539395,2.208736,2.127029
0.483989,0.539175,0.538648,2.156183,2.181
0.483989,0.468201,0.477843,2.09229,2.218181
0.430896,0.468201,0.477093,2.06182,2.232551
0.537447,0.398486,0.398803,1.983551,2.252162
0.537447,0.360248,0.398803,1.875293,2.273626
0.537447,0.388792,0.379505,1.762585,2.285323
0.430896,0.341743,0.359195,1.649501,2.291586
0.379345,0.428033,0.436079,1.540216,2.293131
0.379345,0.341743,0.340052,1.440979,2.293131
0.430896,0.350942,0.359195,1.320045,2.29039
0.379345,0.323705,0.304608,1.236,2.26477
0.430896,0.280912,0.288303,1.192818,2.209529
0.330381,0.360248,0.339377,1.158502,2.150164
0.430896,0.323705,0.322731,1.145,2.086757
0.379345,0.438008,0.416226,1.145,1.981743
0.430896,0.398486,0.416957,1.145,1.895706
0.537447,0.458098,0.458378,1.154376,1.796204
0.537447,0.559291,0.579396,1.176213,1.714562
0.590057,0.559291,0.560233,1.193857,1.648224
0.590057,0.56928,0.560233,1.227637,1.570844
0.590057,0.61823,0.619091,1.253498,1.53681
0.590057,0.61823,0.599768,1.300663,1.506249
0.640684,0.655786,0.657256,1.3595,1.484625
0.640684,0.664895,0.675306,1.426227,1.48
0.640684,0.740936,0.742129,1.489034,1.48
0.640684,0.756227,0.742129,1.533162,1.48
0.590057,0.798325,0.785438,1.595586,1.490163
0.640684,0.845652,0.846398,1.644323,1.512037
0.537447,0.850879,0.855919,1.690882,1.519417
0.590057,0.855962,0.85629,1.696,1.523278
0.590057,0.798325,0.798804,1.696,1.524983
0.590057,0.850879,0.85629,1.6946,1.529365
0.537447,0.845652,0.834714,1.670712,1.533561
0.483989,0.860899,0.855548,1.62415,1.540835
0.483989,0.855962,0.865296,1.55569,1.543
0.537447,0.865694,0.855919,1.4585,1.542321
0.430896,0.855962,0.855176,1.351094,1.536778
0.483989,0.804788,0.810616,1.272577,1.532875
0.379345,0.811092,0.809691,1.180365,1.52371
0.483989,0.784927,0.784422,1.090223,1.490662
0.430896,0.784927,0.769843,1.013741,1.445761
0.379345,0.756227,0.739241,0.939405,1.393798
0.379345,0.756227,0.754586,0.888123,1.332174
0.330381,0.740936,0.754029,0.853,1.2482
0.284837,0.725038,0.705499,0.809324,1.161007
0.330381,0.700083,0.706123,0.776733,1.077723
0.24329,0.708545,0.687707,0.76007,1.004256
0.206057,0.691487,0.687061,0.754617,0.955135
0.24329,0.682752,0.670009,0.754367,0.87569
0.24329,0.691487,0.687707,0.754367,0.807221
0.206057,0.646557,0.63247,0.763504,0.738288
0.173218,0.637217,0.631771,0.798097,0.692767
0.173218,0.559291,0.573523,0.845595,0.670762
0.173218,0.559291,0.553555,0.908514,0.654871
0.173218,0.498627,0.492865,0.971938,0.639812
0.206057,0.44803,0.433124,1.061521,0.632545
0.144659,0.438008,0.431648,1.158345,0.630167
0.173218,0.314874,0.301432,1.263541,0.629
0.24329,0.241758,0.238803,1.379453,0.629
0.284837,0.249281,0.23935,1.456266,0.628258
0.206057,0.169386,0.172468,1.560219,0.623192
0.284837,0.163746,0.162001,1.667375,0.621883
0.24329,0.152922,0.150893,1.771536,0.621883
0.330381,0.158258,0.16241,1.866601,0.622008
0.430896,0.14269,0.132621,1.9338,0.631116
0.379345,0.152922,0.141877,2.00287,0.674253
0.590057,0.17518,0.164465,2.052678,0.718934
0.537447,0.249281,0.324047,2.098982,0.774401
0.732354,0.249281,0.292019,2.148514,0.857619
0.807658,0.256962,0.245424,2.169286,0.944128
0.807658,0.332663,0.346152,2.184483,1.047402
0.772192,0.350942,0.364054,2.189496,1.158846
0.807658,0.369665,0.422817,2.190992,1.258896
0.772192,0.418116,0.422084,2.1955,1.379629
0.807658,0.438008,0.422817,2.193792,1.509095
0.807658,0.44803,0.442746,2.189746,1.621367
0.772192,0.428033,0.422084,2.184972,1.66925
0.772192,0.488471,0.482347,2.177085,1.767721
0.772192,0.498627,0.502638,2.136997,1.885603
0.732354,0.458098,0.481596,2.079111,1.98958
0.772192,0.559291,0.583056,2.03059,2.055191
0.732354,0.598879,0.562455,1.96559,2.108474
0.68836,0.56928,0.581593,1.856801,2.157314
0.640684,0.655786,0.60049,1.720335,2.215895
0.732354,0.725038,0.743278,1.599098,2.266135
0.640684,0.740936,0.726288,1.514559,2.275286
0.590057,0.740936,0.741553,1.42149,2.275286
0.590057,0.748658,0.741553,1.315201,2.275263
0.590057,0.784927,0.798804,1.23542,2.27064
0.537447,0.811092,0.811077,1.139957,2.266984
0.483989,0.811092,0.810616,1.056918,2.255586
0.379345,0.834745,0.821889,0.995717,2.224954
0.430896,0.811092,0.822328,0.944143,2.173362
0.483989,0.784927,0.784422,0.88616,2.126089
0.483989,0.756227,0.755698,0.862262,2.072849
0.483989,0.756227,0.755698,0.845,2.031723
0.430896,0.798325,0.769843,0.8332,1.9768
0.430896,0.748658,0.72389,0.83,1.875051
0.379345,0.725038,0.739241,0.829948,1.779703
0.330381,0.708545,0.722686,0.829948,1.660398
0.379345,0.708545,0.706747,0.829948,1.556464
0.430896,0.691487,0.690285,0.83649,1.440214
0.483989,0.708545,0.690927,0.843,1.335125
0.430896,0.61823,0.635959,0.84425,1.310535
0.483989,0.598879,0.578663,0.873872,1.196137
0.483989,0.518934,0.518418,0.909536,1.088722
0.537447,0.44803,0.458378,0.961045,0.999514
0.537447,0.458098,0.458378,1.015331,0.930962
0.430896,0.418116,0.397361,1.040296,0.889174
0.590057,0.350942,0.342757,1.078548,0.849467
0.640684,0.297616,0.290777,1.123166,0.80726
0.590057,0.256962,0.228043,1.190369,0.8008
0.590057,0.199912,0.214065,1.250847,0.8008
0.537447,0.193493,0.20024,1.311986,0.8008
0.640684,0.107345,0.108174,1.349611,0.80826
0.640684,0.111301,0.11626,1.369125,0.840875
0.330381,0.111301,0.106445,1.401391,0.894663
0.330381,0.107345,0.106445,1.419625,0.94175
0.24329,0.169386,0.161593,1.438865,1.040449
0.206057,0.169386,0.172468,1.446495,1.155315
0.206057,0.206491,0.285228,1.463049,1.234034
0.173218,0.280912,0.268376,1.4705,1.370707
0.173218,0.297616,0.284615,1.475377,1.504284
0.173218,0.350942,0.373856,1.485578,1.639796
0.173218,0.369665,0.373856,1.512142,1.767833
0.173218,0.408264,0.432385,1.534801,1.870201
0.173218,0.468201,0.472594,1.575402,1.970222
0.173218,0.508784,0.492865,1.605273,2.079631
0.144659,0.627773,0.631071,1.6373,2.1753
0.24329,0.58908,0.594704,1.702835,2.238093
0.24329,0.627773,0.614115,1.773452,2.273618
0.284837,0.708545,0.705499,1.839661,2.275697
0.330381,0.716864,0.722686,1.877224,2.275697
0.379345,0.716864,0.706747,1.929043,2.274197
0.330381,0.716864,0.722686,2.000046,2.233954
0.430896,0.725038,0.73982,2.080955,2.140246
0.430896,0.784927,0.79735,2.140856,2.035796
0.537447,0.798325,0.79832,2.178746,1.939578
0.483989,0.798325,0.755698,2.210888,1.832624
0.640684,0.708545,0.709854,2.257296,1.713895
0.732354,0.733064,0.727482,2.274266,1.569008
0.640684,0.756227,0.742129,2.274266,1.431105
0.640684,0.655786,0.675306,2.274266,1.333
0.732354,0.682752,0.694129,2.263906,1.215284
0.772192,0.664895,0.677281,2.235651,1.123609
0.772192,0.627773,0.640818,2.187326,1.019035
0.772192,0.608599,0.602652,2.130208,0.933154
0.772192,0.56928,0.583056,2.060012,0.840259
0.807658,0.56928,0.583787,1.972612,0.771433
0.772192,0.56928,0.543128,1.891335,0.733094
0.807658,0.539175,0.543874,1.788021,0.689251
0.807658,0.438008,0.462861,1.698875,0.66875
0.807658,0.478329,0.483098,1.604499,0.6685
0.807658,0.418116,0.422817,1.516032,0.6685
0.772192,0.388792,0.422084,1.424922,0.67175
0.772192,0.360248,0.383052,1.344858,0.712865
0.732354,0.369665,0.363358,1.298595,0.752503
0.640684,0.379182,0.380922,1.221438,0.8354
0.640684,0.369665,0.361968,1.158181,0.916598
0.537447,0.379182,0.379505,1.116683,1.021409
0.590057,0.418116,0.399524,1.008097,1.124589
0.537447,0.418116,0.438299,0.938596,1.201652
0.537447,0.478329,0.438299,0.865885,1.312832
0.430896,0.488471,0.57793,0.797668,1.413045
0.430896,0.518934,0.517667,0.763877,1.48804
0.430896,0.549253,0.5379,0.735707,1.575203
0.430896,0.529064,0.558009,0.72,1.665684
0.379345,0.637217,0.653861,0.72,1.753541
0.330381,0.691487,0.706123,0.72,1.846268
0.24329,0.691487,0.687707,0.729502,1.9365
0.24329,0.708545,0.704874,0.77159,2.011147
0.206057,0.700083,0.704248,0.811957,2.055829
0.173218,0.700083,0.703621,0.863029,2.083376
0.24329,0.655786,0.651816,0.914026,2.0845
0.24329,0.691487,0.670009,1.012607,2.0845
0.206057,0.682752,0.687061,1.088462,2.079649
0.206057,0.682752,0.669344,1.158632,2.033985
0.206057,0.655786,0.63247,1.223156,1.96109
0.173218,0.608599,0.612689,1.281,1.871625
0.173218,0.598879,0.573523,1.325074,1.778972
0.173218,0.539175,0.533412,1.368333,1.678968
0.173218,0.498627,0.492865,1.392064,1.58245
0.173218,0.468201,0.452412,1.4169,1.4872
0.173218,0.369665,0.373856,1.4295,1.445875
0.24329,0.379182,0.375265,1.470055,1.310662
0.206057,0.332663,0.337358,1.523,1.159
0.173218,0.264796,0.268376,1.583111,1.026155
0.144659,0.256962,0.252169,1.643862,0.924033
0.206057,0.181128,0.184367,1.712112,0.830816
0.206057,0.147733,0.150508,1.768454,0.757713
0.24329,0.128419,0.12226,1.83531,0.688685
0.379345,0.115383,0.114724,1.912129,0.678932
0.537447,0.14269,0.142979,1.976637,0.678932
0.590057,0.163746,0.164465,2.027083,0.678932
0.772192,0.163746,0.166125,2.150102,0.707236
0.772192,0.199912,0.202659,2.295536,0.752731
0.772192,0.220121,0.216096,2.348191,0.831306
0.772192,0.272781,0.276121,2.391976,0.920412
0.807658,0.280912,0.293264,2.409777,1.010246
0.838755,0.306179,0.311015,2.409777,1.126953
0.807658,0.379182,0.364751,2.409777,1.22505
0.838755,0.398486,0.423551,2.399443,1.321279
0.838755,0.438008,0.443488,2.368556,1.42425
0.807658,0.428033,0.442746,2.363183,1.552211
0.807658,0.458098,0.483098,2.357496,1.676877
0.732354,0.438008,0.441263,2.352,1.774623
0.732354,0.529064,0.562455,2.351514,1.861797
0.732354,0.539175,0.542382,2.316127,1.954183
0.732354,0.57921,0.582325,2.253446,2.035891
0.640684,0.673887,0.657256,2.182547,2.114965
0.68836,0.655786,0.657933,2.100617,2.177917
0.590057,0.708545,0.709234,1.996023,2.237583
0.640684,0.673887,0.675306,1.885784,2.281369
0.590057,0.740936,0.741553,1.766658,2.322995
0.590057,0.756227,0.756807,1.653248,2.354946
0.537447,0.82323,0.823205,1.559724,2.367956
0.537447,0.834745,0.823205,1.459094,2.372819
0.590057,0.845652,0.846006,1.353372,2.372819
0.537447,0.834745,0.845614,1.250229,2.372819
0.640684,0.845652,0.846398,1.156351,2.362858
0.537447,0.811092,0.811077,1.097554,2.33437
0.483989,0.804788,0.797835,1.037157,2.283933
0.483989,0.798325,0.784422,0.999967,2.23146
0.483989,0.791707,0.797835,0.968809,2.159079
0.537447,0.763639,0.78493,0.938124,2.077112
0.284837,0.740936,0.73808,0.924916,1.978753
0.379345,0.691487,0.706747,0.920199,1.864366
0.330381,0.700083,0.706123,0.915118,1.764149
0.24329,0.646557,0.651816,0.905526,1.638639
0.206057,0.682752,0.669344,0.893125,1.55575
0.144659,0.637217,0.685766,0.874552,1.424324
0.206057,0.655786,0.63247,0.858607,1.307123
0.206057,0.61823,0.593979,0.8495,1.173862
0.206057,0.598879,0.613402,0.849,1.038664
0.173218,0.56928,0.553555,0.849,0.943838
0.173218,0.539175,0.533412,0.853615,0.85231
0.173218,0.518934,0.533412,0.879166,0.781552
0.206057,0.508784,0.493617,0.924125,0.72275
0.206057,0.398486,0.393766,0.994627,0.67559
0.173218,0.388792,0.373856,1.085135,0.643445
0.206057,0.323705,0.319453,1.183556,0.63903
0.24329,0.323705,0.3027,1.294152,0.63903
0.24329,0.17518,0.172898,1.40185,0.639089
0.24329,0.158258,0.12226,1.515465,0.64114
0.206057,0.14269,0.130901,1.613426,0.644174
0.24329,0.133036,0.131244,1.742575,0.652612
0.24329,0.107345,0.098431,1.850577,0.667224
0.24329,0.158258,0.140782,1.941847,0.687139
0.24329,0.137791,0.140782,2.023375,0.710417
0.284837,0.147733,0.141146,2.087267,0.737187
0.206057,0.169386,0.210046,2.139783,0.766698
0.379345,0.256962,0.240447,2.1925,0.82575
0.430896,0.289192,0.271934,2.218633,0.901563
0.330381,0.297616,0.287071,2.229952,0.995154
0.430896,0.272781,0.288303,2.242876,1.093273
0.330381,0.468201,0.475593,2.267395,1.186434
0.330381,0.488471,0.475593,2.284885,1.296208
0.430896,0.539175,0.558009,2.2895,1.413129
0.430896,0.608599,0.5976,2.304125,1.52188
0.430896,0.673887,0.654541,2.313342,1.630953
0.430896,0.655786,0.654541,2.331525,1.739206
0.483989,0.733064,0.740399,2.352063,1.833847
0.379345,0.708545,0.754586,2.364255,1.909519
0.483989,0.740936,0.755698,2.365,1.980566
0.483989,0.725038,0.740399,2.365,2.012766
0.590057,0.798325,0.798804,2.361828,2.012766
0.483989,0.756227,0.740399,2.334249,2.012766
0.537447,0.756227,0.740976,2.28916,2.002401
0.590057,0.740936,0.756807,2.219012,1.942133
0.640684,0.748658,0.75736,2.167976,1.885791
0.537447,0.725038,0.740976,2.111125,1.8
0.68836,0.682752,0.69349,2.050189,1.709517
0.68836,0.655786,0.657933,2.002272,1.628477
0.732354,0.673887,0.694129,1.929792,1.524649
0.732354,0.61823,0.621216,1.852503,1.425037
0.772192,0.627773,0.621924,1.776464,1.315068
0.772192,0.608599,0.621924,1.703951,1.20277
0.772192,0.608599,0.602652,1.628759,1.103048
0.772192,0.58908,0.583056,1.545009,1.028736
0.807658,0.418116,0.523671,1.458539,0.954876
0.865661,0.498627,0.4846,1.383221,0.904452
0.838755,0.438008,0.443488,1.315226,0.881041
0.838755,0.428033,0.443488,1.252057,0.881041
0.865661,0.369665,0.366145,1.202414,0.881041
0.838755,0.297616,0.311015,1.133906,0.891847
0.838755,0.306179,0.311015,1.060678,0.948001
0.807658,0.241758,0.245424,0.994302,1.030575
0.807658,0.220121,0.2307,0.938352,1.115263
0.807658,0.181128,0.190318,0.891606,1.192436
0.772192,0.181128,0.189855,0.839693,1.286168
0.640684,0.133036,0.134011,0.801082,1.381073
0.590057,0.128419,0.133663,0.789738,1.482397
0.537447,0.181128,0.153219,0.781585,1.585312
0.379345,0.213225,0.225932,0.7805,1.675592
0.379345,0.289192,0.340052,0.782437,1.767762
0.330381,0.323705,0.287071,0.788,1.855458
0.379345,0.341743,0.340052,0.790685,1.950854
0.379345,0.350942,0.358503,0.85741,2.035052
0.284837,0.438008,0.414766,0.916947,2.12521
0.284837,0.478329,0.474843,0.939608,2.206644
0.284837,0.478329,0.49512,0.976437,2.253771
0.24329,0.58908,0.574993,1.093833,2.294975
0.24329,0.56928,0.574993,1.187782,2.323957
0.24329,0.637217,0.555041,1.28426,2.344661
0.284837,0.549253,0.535657,1.368122,2.344661
0.24329,0.518934,0.514663,1.432526,2.344661
0.24329,0.57921,0.594704,1.515981,2.329442
0.173218,0.56928,0.573523,1.611123,2.282492
0.206057,0.61823,0.613402,1.657432,2.2319
0.173218,0.549253,0.553555,1.712777,2.164844
0.206057,0.529064,0.513912,1.749573,2.092042
0.173218,0.468201,0.472594,1.7806,1.998564
0.173218,0.478329,0.472594,1.826542,1.877371
0.206057,0.438008,0.433124,1.85258,1.760113
0.144659,0.332663,0.373152,1.878247,1.637889
0.173218,0.297616,0.284615,1.888083,1.5152
0.173218,0.289192,0.284615,1.897652,1.36424
0.173218,0.314874,0.301432,1.912255,1.261467
0.206057,0.314874,0.302066,1.946288,1.149858
0.24329,0.323705,0.320107,1.972905,1.06105
0.330381,0.369665,0.376676,1.99318,0.982874
0.379345,0.428033,0.416226,2.024545,0.915713
0.330381,0.44803,0.395922,2.093078,0.901863
0.590057,0.549253,0.560233,2.193331,0.901863
0.537447,0.559291,0.559492,2.279487,0.901863
0.590057,0.549253,0.560233,2.36471,0.918384
0.68836,0.608599,0.581593,2.394311,0.969672
0.640684,0.655786,0.657256,2.407035,1.047218
0.68836,0.646557,0.657933,2.4085,1.160173
0.590057,0.637217,0.638045,2.4085,1.257154
0.68836,0.691487,0.69349,2.407317,1.358029
0.732354,0.682752,0.676624,2.393125,1.434302
0.772192,0.664895,0.659285,2.3168,1.4881
0.772192,0.627773,0.659285,2.274499,1.52247
0.772192,0.627773,0.621924,2.235294,1.527
0.772192,0.608599,0.602652,2.152767,1.528115
0.772192,0.58908,0.602652,2.064864,1.529179
0.807658,0.61823,0.603372,1.960909,1.530255
0.838755,0.58908,0.584518,1.849972,1.528537
0.807658,0.57921,0.583787,1.755389,1.527021
0.807658,0.559291,0.563934,1.644002,1.526114
0.838755,0.529064,0.524421,1.514927,1.52509
0.838755,0.458098,0.463609,1.41837,1.515055
0.807658,0.408264,0.422817,1.32836,1.50684
0.807658,0.428033,0.442746,1.2505,1.490557
0.838755,0.332663,0.346833,1.150332,1.484114
0.807658,0.323705,0.328011,1.043891,1.484114
0.838755,0.280912,0.277325,0.951072,1.484114
0.838755,0.264796,0.277325,0.88058,1.494066
0.807658,0.206491,0.2307,0.817645,1.523176
0.772192,0.193493,0.202659,0.763387,1.563899
0.732354,0.17518,0.177241,0.717087,1.611272
0.640684,0.147733,0.154001,0.683933,1.685366
0.640684,0.133036,0.134011,0.667099,1.769598
0.640684,0.12394,0.124865,0.6645,1.859711
0.537447,0.119595,0.115643,0.6645,1.937258
0.590057,0.107345,0.107884,0.6645,2.001557
0.284837,0.147733,0.162001,0.669748,2.05991
0.24329,0.199912,0.197366,0.690311,2.115469
0.24329,0.206491,0.197366,0.728346,2.157034
0.24329,0.193493,0.184819,0.753574,2.181198
0.206057,0.289192,0.285228,0.808383,2.220931
0.206057,0.306179,0.319453,0.879006,2.247725
0.206057,0.314874,0.319453,0.966337,2.274262
0.173218,0.418116,0.412578,1.057205,2.302977
0.173218,0.44803,0.432385,1.15732,2.327207
0.173218,0.428033,0.432385,1.258592,2.350557
0.173218,0.488471,0.472594,1.370101,2.363244
0.144659,0.58908,0.572787,1.482454,2.363244
0.206057,0.598879,0.574258,1.586492,2.363244
0.24329,0.549253,0.555041,1.687266,2.359653
0.173218,0.608599,0.668678,1.781193,2.330708
0.206057,0.637217,0.651133,1.868038,2.296923
0.24329,0.716864,0.670009,1.958454,2.242864
0.24329,0.708545,0.704874,2.035818,2.180785
0.206057,0.700083,0.704248,2.102204,2.105866
0.144659,0.777988,0.766092,2.164733,2.007761
0.206057,0.81724,0.820121,2.221167,1.905408
0.24329,0.748658,0.752911,2.266428,1.802157
0.330381,0.748658,0.754029,2.2952,1.7043
0.430896,0.756227,0.73982,2.338888,1.605698
0.430896,0.784927,0.783913,2.346484,1.503187
0.379345,0.777988,0.783403,2.346484,1.459389
0.330381,0.829063,0.873489,2.346484,1.394998
0.379345,0.756227,0.76931,2.337528,1.289105
0.379345,0.756227,0.739241,2.305811,1.20583
0.430896,0.716864,0.72389,2.269927,1.124971
0.379345,0.708545,0.706747,2.236409,1.038516
0.483989,0.673887,0.673325,2.178694,0.949757
0.483989,0.627773,0.636655,2.105286,0.870252
0.483989,0.57921,0.598323,2.052087,0.811126
0.483989,0.559291,0.578663,1.987229,0.752295
0.537447,0.508784,0.498879,1.919808,0.702811
0.537447,0.478329,0.498879,1.844657,0.660707
0.430896,0.418116,0.416957,1.780536,0.626708
0.430896,0.379182,0.378089,1.72225,0.6175
0.430896,0.306179,0.305245,1.635447,0.6175
0.537447,0.289192,0.289539,1.550925,0.6175
0.537447,0.289192,0.306522,1.470779,0.62441
0.537447,0.272781,0.289539,1.423354,0.644328
0.483989,0.187231,0.199759,1.397487,0.663254
0.590057,0.17518,0.188012,1.369354,0.699808
0.68836,0.187231,0.176803,1.354923,0.751514
0.68836,0.158258,0.165294,1.354923,0.794733
0.732354,0.193493,0.189393,1.354923,0.803
0.68836,0.169386,0.176803,1.361443,0.821196
0.772192,0.187231,0.189855,1.424327,0.938101
0.772192,0.220121,0.230167,1.507302,1.046138
0.772192,0.264796,0.26019,1.594946,1.157618
0.807658,0.289192,0.276723,1.67359,1.296306
0.807658,0.332663,0.328011,1.701021,1.416745
0.807658,0.379182,0.346152,1.734584,1.542395
0.732354,0.408264,0.382341,1.751836,1.643637
0.807658,0.398486,0.422817,1.751836,1.75045
0.772192,0.458098,0.462114,1.751836,1.865568
0.732354,0.428033,0.441263,1.740349,1.975715
0.68836,0.539175,0.541635,1.700859,2.073186
0.772192,0.61823,0.621924,1.6892,2.135097
0.732354,0.56928,0.582325,1.676604,2.156796
0.732354,0.61823,0.621216,1.664414,2.175174
0.732354,0.725038,0.727482,1.658419,2.19539
0.640684,0.700083,0.709854,1.645625,2.208
0.68836,0.777988,0.772496,1.619207,2.208761
0.640684,0.756227,0.742129,1.568901,2.210043
0.590057,0.784927,0.785438,1.485622,2.209793
0.590057,0.804788,0.835129,1.403891,2.199673
0.537447,0.834745,0.834714,1.314941,2.176119
0.537447,0.811092,0.79832,1.198178,2.157809
0.483989,0.829063,0.822767,1.04849,2.100943
0.590057,0.784927,0.771437,0.927179,2.006941
0.590057,0.770891,0.771437,0.839873,1.885031
0.483989,0.811092,0.797835,0.807143,1.768106
0.430896,0.811092,0.79735,0.78,1.6487
0.379345,0.798325,0.809691,0.763,1.522125
0.379345,0.784927,0.783403,0.762,1.416057
0.330381,0.748658,0.754029,0.762,1.275256
0.284837,0.748658,0.73808,0.762098,1.156175
0.284837,0.682752,0.688353,0.774344,1.03619
0.24329,0.708545,0.704874,0.798363,0.949726
0.24329,0.691487,0.687707,0.832416,0.887886
0.173218,0.691487,0.668678,0.877329,0.829866
0.206057,0.673887,0.669344,0.933671,0.775873
0.24329,0.627773,0.614115,1.002079,0.737461
0.173218,0.56928,0.573523,1.074457,0.711173
0.173218,0.559291,0.553555,1.154056,0.684269
0.173218,0.518934,0.533412,1.240981,0.652408
0.173218,0.478329,0.452412,1.318911,0.627875
0.173218,0.438008,0.432385,1.401494,0.612195
0.24329,0.408264,0.394485,1.497388,0.586901
0.206057,0.306179,0.302066,1.583012,0.581
0.173218,0.272781,0.284615,1.691488,0.581
0.206057,0.289192,0.268967,1.798326,0.581
0.24329,0.213225,0.3027,1.9039,0.6026
0.24329,0.181128,0.184819,2.001,0.636125
0.24329,0.152922,0.172898,2.077303,0.665772
0.173218,0.152922,0.150124,2.1426,0.714565
0.120124,0.147733,0.149358,2.189332,0.76968
0.379345,0.14269,0.132276,2.250781,0.863993
0.379345,0.137791,0.141877,2.29504,0.95221
0.483989,0.115383,0.123883,2.3219,1.0512
0.590057,0.12394,0.115951,2.3432,1.144226
0.590057,0.12394,0.133663,2.347586,1.246476
0.537447,0.147733,0.153219,2.350973,1.365886
0.483989,0.152922,0.152829,2.351091,1.476144
0.483989,0.14269,0.142611,2.350085,1.570347
0.379345,0.187231,0.186182,2.347872,1.646214
0.430896,0.17518,0.174625,2.331847,1.77171
0.379345,0.169386,0.174192,2.30325,1.8795
0.284837,0.241758,0.224882,2.259291,1.976793
0.379345,0.241758,0.240447,2.2317,2.051212
0.330381,0.234388,0.225406,2.206625,2.106875
0.284837,0.306179,0.303335,2.152522,2.174451
0.330381,0.350942,0.287071,2.07182,2.238077
0.24329,0.379182,0.375265,1.9965,2.277562
0.284837,0.398486,0.37597,1.933829,2.2905
0.206057,0.478329,0.453157,1.890687,2.2905
0.284837,0.539175,0.515414,1.856748,2.2905
0.284837,0.559291,0.555783,1.844921,2.280068
0.330381,0.559291,0.556525,1.844921,2.229703
0.24329,0.57921,0.594704,1.844921,2.14792
0.284837,0.627773,0.670674,1.85023,2.03455
0.330381,0.637217,0.634565,1.86895,1.92145
0.24329,0.725038,0.704874,1.889309,1.807378
0.330381,0.791707,0.768775,1.901207,1.698073
0.379345,0.763639,0.723288,1.919209,1.571714
0.430896,0.784927,0.769843,1.925,1.489238
0.430896,0.804788,0.79735,1.925,1.381961
0.379345,0.81724,0.809691,1.925,1.264465
0.430896,0.850879,0.855176,1.917732,1.17585
0.483989,0.865694,0.855548,1.88429,1.082537
0.483989,0.834745,0.834299,1.860998,1.010754
0.537447,0.82323,0.823205,1.806461,0.931344
0.640684,0.811092,0.824079,1.733506,0.852403
0.640684,0.784927,0.799287,1.660024,0.803862
0.640684,0.756227,0.771967,1.564445,0.755576
0.640684,0.791707,0.785944,1.498363,0.715305
0.68836,0.756227,0.742704,1.40314,0.684043
0.68836,0.733064,0.742704,1.313058,0.667892
0.732354,0.708545,0.694129,1.218871,0.667892
0.68836,0.682752,0.69349,1.137488,0.667892
0.772192,0.708545,0.711708,1.073603,0.675476
0.732354,0.646557,0.640126,1.030145,0.718063
0.732354,0.608599,0.621216,0.96725,0.767375
0.807658,0.61823,0.622631,0.908758,0.832877
0.838755,0.627773,0.642201,0.85708,0.921485
0.838755,0.608599,0.623337,0.820278,1.032356
0.807658,0.57921,0.583787,0.783074,1.147253
0.838755,0.559291,0.564674,0.756282,1.261415
0.807658,0.508784,0.50339,0.714773,1.365862
0.807658,0.508784,0.523671,0.683751,1.471919
0.838755,0.379182,0.40386,0.659083,1.599467
0.807658,0.379182,0.383763,0.648051,1.706769
0.772192,0.341743,0.345471,0.647426,1.805032
0.772192,0.306179,0.327349,0.647426,1.881133
0.772192,0.272781,0.276121,0.647944,1.94138
0.68836,0.264796,0.259034,0.665327,1.982391
0.68836,0.234388,0.229103,0.706481,2.014739
0.640684,0.234388,0.228572,0.752492,2.0354
0.590057,0.249281,0.257882,0.8272,2.0554
0.590057,0.306179,0.324706,0.912668,2.063177
0.537447,0.350942,0.342079,1.012419,2.072437
0.483989,0.379182,0.359887,1.098079,2.0805
0.537447,0.478329,0.478594,1.196822,2.0805
0.430896,0.478329,0.497376,1.272192,2.0805
0.537447,0.498627,0.498879,1.324968,2.078083
0.430896,0.58908,0.57793,1.368725,2.040121
0.430896,0.691487,0.672663,1.393385,1.988292
0.537447,0.682752,0.691569,1.403663,1.928693
0.379345,0.708545,0.689641,1.406,1.844188
0.430896,0.725038,0.690285,1.406,1.753246
0.284837,0.673887,0.688353,1.406,1.639961
0.24329,0.716864,0.704874,1.396955,1.503515
0.284837,0.682752,0.688353,1.392909,1.39626
0.284837,0.740936,0.722083,1.392909,1.295116
0.24329,0.733064,0.721479,1.392909,1.185412
0.24329,0.691487,0.704874,1.407217,1.046064
0.24329,0.673887,0.670009,1.440564,0.937155
0.206057,0.637217,0.651133,1.486574,0.833003
0.206057,0.646557,0.63247,1.527058,0.755211
0.206057,0.598879,0.593979,1.604605,0.682719
0.173218,0.539175,0.533412,1.7022,0.621694
0.173218,0.508784,0.492865,1.779829,0.597492
0.173218,0.488471,0.472594,1.863499,0.596242
0.24329,0.398486,0.394485,1.939571,0.596242
0.206057,0.379182,0.37456,2.011112,0.598705
0.173218,0.289192,0.268376,2.07575,0.628108
0.173218,0.220121,0.17204,2.135456,0.696222
0.206057,0.163746,0.161186,2.1801,0.7826
0.206057,0.152922,0.140419,2.215437,0.908125
0.284837,0.137791,0.141146,2.250249,1.01282
0.483989,0.092737,0.099773,2.29189,1.134858
0.537447,0.133036,0.133315,2.313076,1.25483
0.590057,0.12394,0.124537,2.320798,1.401744
0.590057,0.163746,0.164465,2.321787,1.547364
0.590057,0.169386,0.15361,2.321787,1.662432
0.68836,0.187231,0.188932,2.321431,1.77625
0.68836,0.241758,0.243758,2.306774,1.880396
0.68836,0.256962,0.259034,2.273783,1.968008
0.807658,0.264796,0.276723,2.224358,2.056023
0.807658,0.332663,0.346152,2.164117,2.134832
0.772192,0.369665,0.364054,2.116624,2.183602
0.807658,0.428033,0.442746,2.049078,2.220671
0.838755,0.518934,0.443488,1.982632,2.247174
0.807658,0.559291,0.563934,1.910149,2.27001
0.807658,0.498627,0.50339,1.829083,2.27779
0.807658,0.518934,0.50339,1.744229,2.278
0.807658,0.529064,0.523671,1.700964,2.278
0.807658,0.57921,0.583787,1.622889,2.276747
0.732354,0.608599,0.621216,1.527391,2.247781
0.772192,0.559291,0.583056,1.416751,2.21669
0.68836,0.655786,0.639432,1.287786,2.211045
0.732354,0.655786,0.676624,1.19251,2.205341
0.68836,0.682752,0.69349,1.089617,2.188875
0.640684,0.770891,0.75736,0.970021,2.154188
0.68836,0.733064,0.726885,0.871679,2.114
0.640684,0.784927,0.799287,0.825131,2.085767
0.590057,0.784927,0.798804,0.80279,2.051837
0.590057,0.798325,0.785438,0.788012,1.98127
0.537447,0.82323,0.823205,0.787,1.886904
0.483989,0.82323,0.845221,0.787,1.771859
0.483989,0.811092,0.822767,0.787,1.681826
0.537447,0.834745,0.834714,0.789654,1.606302
0.483989,0.798325,0.810616,0.795625,1.484625
0.537447,0.798325,0.79832,0.796421,1.364626
0.430896,0.798325,0.79735,0.798175,1.245643
0.430896,0.784927,0.783913,0.803674,1.148159
0.537447,0.756227,0.756253,0.834564,1.031324
0.430896,0.725038,0.73982,0.880138,0.937673
0.483989,0.708545,0.707992,0.903127,0.886692
0.430896,0.708545,0.690285,0.927362,0.849726
0.379345,0.655786,0.653861,0.955993,0.820239
0.379345,0.61823,0.616251,1.003914,0.805212
0.379345,0.627773,0.577196,1.072547,0.805212
0.537447,0.559291,0.559492,1.154243,0.805212
0.590057,0.44803,0.43904,1.219698,0.812739
0.640684,0.428033,0.419884,1.275789,0.845807
0.640684,0.379182,0.361968,1.301805,0.878266
0.590057,0.360248,0.342757,1.335492,0.936233
0.640684,0.306179,0.307802,1.351612,0.971077
0.732354,0.280912,0.292019,1.371543,1.057489
0.640684,0.272781,0.228572,1.376,1.161231
0.68836,0.227175,0.243758,1.376,1.250967
0.732354,0.193493,0.189393,1.378815,1.3985
0.732354,0.169386,0.154786,1.385903,1.560647
0.68836,0.107345,0.108464,1.387336,1.724571
0.590057,0.111301,0.107884,1.392249,1.864934
0.590057,0.137791,0.107884,1.415236,1.972222
0.284837,0.158258,0.173328,1.441534,2.069824
0.24329,0.17518,0.184819,1.484281,2.15786
0.206057,0.206491,0.19689,1.53991,2.219709
0.173218,0.220121,0.209547,1.62403,2.263618
0.144659,0.234388,0.222792,1.71163,2.272438
0.206057,0.314874,0.302066,1.783171,2.272438
0.206057,0.323705,0.319453,1.826,2.272438
0.173218,0.332663,0.336686,1.887248,2.268434
0.206057,0.408264,0.393766,2.008102,2.233515
0.206057,0.478329,0.453157,2.092761,2.177098
0.206057,0.468201,0.473343,2.172062,2.09743
0.173218,0.56928,0.593254,2.241863,1.997595
0.173218,0.559291,0.553555,2.282835,1.907738
0.144659,0.61823,0.592528,2.329817,1.794227
0.206057,0.664895,0.669344,2.36419,1.657002
0.206057,0.664895,0.669344,2.366262,1.547905
0.284837,0.691487,0.688353,2.366262,1.429201
0.284837,0.700083,0.705499,2.365506,1.325126
0.206057,0.733064,0.704248,2.360112,1.220597
0.24329,0.708545,0.704874,2.34999,1.124615
0.284837,0.682752,0.670674,2.333586,1.03412
0.24329,0.664895,0.670009,2.304682,0.94348
0.330381,0.682752,0.688997,2.269182,0.874047
0.379345,0.58908,0.596877,2.223064,0.803465
0.330381,0.608599,0.596153,2.1728,0.755541
0.330381,0.608599,0.596153,2.104971,0.717629
0.379345,0.559291,0.557267,2.050746,0.712661
0.379345,0.57921,0.557267,1.994137,0.712661
0.379345,0.539175,0.537153,1.935625,0.715661
0.483989,0.468201,0.477843,1.880858,0.736192
0.430896,0.369665,0.378089,1.815075,0.79904
0.483989,0.418116,0.398082,1.755018,0.890607
0.483989,0.360248,0.378797,1.714249,0.977915
0.732354,0.379182,0.363358,1.670699,1.073605
0.772192,0.369665,0.364054,1.632724,1.174341
0.772192,0.323705,0.327349,1.597031,1.278367
0.807658,0.369665,0.364751,1.5521,1.404875
0.807658,0.369665,0.364751,1.508165,1.533129
0.838755,0.438008,0.443488,1.465063,1.649112
0.807658,0.468201,0.523671,1.430375,1.72925
0.838755,0.56928,0.584518,1.368841,1.841556
0.838755,0.539175,0.54462,1.290076,1.957623
0.838755,0.529064,0.54462,1.201813,2.059431
0.838755,0.529064,0.54462,1.112589,2.138491
0.838755,0.529064,0.54462,1.026847,2.196425
0.838755,0.627773,0.642201,0.938695,2.244072
0.838755,0.539175,0.54462,0.869557,2.260917
0.865661,0.57921,0.565413,0.775226,2.260917
0.807658,0.539175,0.523671,0.695908,2.260917
0.772192,0.529064,0.522921,0.637501,2.255553
0.772192,0.56928,0.563195,0.601199,2.235945
0.732354,0.655786,0.65861,0.58796,2.211455
0.772192,0.637217,0.640818,0.58796,2.171998
0.732354,0.673887,0.694129,0.58796,2.110875
0.772192,0.763639,0.773551,0.59051,2.020032
0.732354,0.725038,0.743278,0.602125,1.936375
0.68836,0.763639,0.772496,0.611903,1.851069
0.640684,0.811092,0.811997,0.619747,1.741475
0.590057,0.811092,0.823643,0.623521,1.638877
0.537447,0.840274,0.834714,0.626249,1.523536
0.590057,0.845652,0.846006,0.628133,1.414375
0.537447,0.834745,0.834714,0.631386,1.305571
0.590057,0.798325,0.798804,0.639841,1.186852
0.590057,0.82323,0.823643,0.653769,1.09925
0.590057,0.834745,0.835129,0.680845,1.022646
0.537447,0.811092,0.811077,0.719774,0.931854
0.537447,0.82323,0.811077,0.774257,0.856877
0.483989,0.81724,0.822767,0.838522,0.792896
0.537447,0.811092,0.79832,0.90019,0.741872
0.284837,0.740936,0.73808,0.982403,0.670827
0.284837,0.708545,0.722083,1.080193,0.628981
0.206057,0.733064,0.704248,1.195663,0.595988
0.144659,0.725038,0.702994,1.288571,0.573122
0.206057,0.716864,0.720874,1.378877,0.548986
0.206057,0.673887,0.651133,1.487048,0.527005
0.206057,0.608599,0.613402,1.589746,0.524
0.206057,0.637217,0.63247,1.69284,0.524
0.284837,0.58908,0.595429,1.807547,0.524
0.24329,0.549253,0.555041,1.885125,0.53325
0.284837,0.438008,0.454648,1.958244,0.562183
0.24329,0.44803,0.453902,2.025016,0.6078
0.206057,0.379182,0.393766,2.072546,0.663729
0.206057,0.332663,0.337358,2.128987,0.74089
0.24329,0.341743,0.320107,2.179987,0.835013
0.24329,0.332663,0.320107,2.212074,0.933491
0.206057,0.249281,0.238257,2.225701,1.032067
0.206057,0.213225,0.210046,2.248151,1.146358
0.206057,0.206491,0.210046,2.265167,1.259173
0.284837,0.163746,0.162001,2.274869,1.371255
0.330381,0.181128,0.17376,2.274869,1.491464
0.379345,0.213225,0.212049,2.274869,1.558243
0.483989,0.213225,0.199759,2.27311,1.659724
0.379345,0.241758,0.212049,2.253045,1.753866
0.590057,0.227175,0.214065,2.215679,1.858336
0.68836,0.158258,0.165294,2.168181,1.929094
0.68836,0.206491,0.243758,2.124893,1.984374
0.732354,0.241758,0.244312,2.0565,2.049813
0.772192,0.264796,0.26019,1.985295,2.090628
0.732354,0.323705,0.326687,1.871199,2.154036
0.807658,0.272781,0.293264,1.782921,2.184894
0.807658,0.314874,0.328011,1.707437,2.208346
0.807658,0.350942,0.346152,1.622473,2.221071
0.807658,0.388792,0.364751,1.533528,2.229032
0.807658,0.418116,0.422817,1.438369,2.244382
0.807658,0.44803,0.442746,1.354466,2.250656
0.732354,0.428033,0.40169,1.263716,2.249466
0.772192,0.418116,0.422084,1.170094,2.243373
0.68836,0.408264,0.420617,1.11375,2.243248
0.732354,0.478329,0.461366,1.074797,2.224669
0.732354,0.539175,0.542382,1.049112,2.201137
0.68836,0.539175,0.541635,1.030952,2.17221
0.68836,0.58908,0.601211,1.008778,2.123273
0.68836,0.627773,0.639432,0.999125,2.046676
0.640684,0.682752,0.726288,0.993658,1.94621
0.68836,0.700083,0.710473,0.984875,1.83775
0.640684,0.725038,0.726288,0.965283,1.714413
0.537447,0.784927,0.78493,0.940889,1.602736
0.640684,0.763639,0.824079,0.913252,1.488286
0.640684,0.82323,0.824079,0.895808,1.408505
0.537447,0.81724,0.811077,0.884818,1.348996
0.537447,0.855962,0.823205,0.871535,1.246562
0.590057,0.804788,0.811537,0.871066,1.133771
0.537447,0.763639,0.756253,0.871066,1.039031
0.483989,0.829063,0.755698,0.873279,0.954066
0.537447,0.770891,0.770907,0.887238,0.888984
0.430896,0.756227,0.769843,0.92062,0.822751
0.330381,0.777988,0.768775,0.977045,0.7572
0.430896,0.784927,0.783913,1.041125,0.713358
0.430896,0.770891,0.769843,1.122836,0.680096
0.430896,0.770891,0.769843,1.194625,0.665125
0.379345,0.756227,0.754586,1.245594,0.6645
0.430896,0.708545,0.690285,1.28833,0.6645
0.430896,0.655786,0.654541,1.328307,0.6674
0.379345,0.637217,0.653861,1.358627,0.708504
0.430896,0.57921,0.57793,1.388242,0.779651
0.483989,0.539175,0.558751,1.404865,0.857351
0.590057,0.508784,0.499631,1.409142,0.951049
0.590057,0.488471,0.499631,1.408595,1.02358
0.590057,0.498627,0.499631,1.40823,1.048103
0.640684,0.418116,0.419884,1.408092,1.167767
0.640684,0.350942,0.361968,1.405429,1.299651
0.68836,0.323705,0.344113,1.401085,1.42677
0.68836,0.341743,0.326026,1.3924,1.5476
0.772192,0.280912,0.276121,1.3825,1.685104
0.838755,0.280912,0.277325,1.3825,1.826138
0.772192,0.206491,0.216096,1.3825,1.961534
0.772192,0.17518,0.189855,1.385776,2.054324
0.732354,0.169386,0.177241,1.417995,2.143567
0.640684,0.169386,0.164879,1.460369,2.20889
0.68836,0.158258,0.154393,1.513414,2.266537
0.640684,0.111301,0.108174,1.57558,2.304546
0.24329,0.119595,0.113811,1.644749,2.3075
0.24329,0.133036,0.131244,1.731017,2.3075
0.24329,0.158258,0.161593,1.816162,2.3075
0.206057,0.158258,0.161186,1.917886,2.277044
0.24329,0.163746,0.161593,2.008135,2.225245
0.206057,0.213225,0.223835,2.092684,2.163895
0.206057,0.241758,0.238257,2.168831,2.096129
0.206057,0.264796,0.253304,2.244225,2.010428
0.206057,0.323705,0.319453,2.298345,1.924116
0.173218,0.388792,0.373856,2.34946,1.813669
0.173218,0.379182,0.393049,2.367898,1.72292
0.173218,0.458098,0.452412,2.38075,1.611853
0.173218,0.468201,0.452412,2.3815,1.524027
0.173218,0.529064,0.51316,2.3815,1.405652
0.144659,0.56928,0.552811,2.380344,1.29704
0.173218,0.58908,0.573523,2.364033,1.187876
0.173218,0.57921,0.573523,2.341871,1.109438
0.206057,0.627773,0.613402,2.320845,1.003116
0.284837,0.691487,0.705499,2.288197,0.905322
0.284837,0.756227,0.782381,2.233058,0.809417
0.206057,0.708545,0.704248,2.183229,0.734992
0.24329,0.725038,0.721479,2.131027,0.689712
0.284837,0.725038,0.705499,2.073615,0.669627
0.284837,0.700083,0.688353,2.016172,0.669266
0.330381,0.655786,0.65318,1.951979,0.669266
0.379345,0.673887,0.653861,1.890857,0.674045
0.483989,0.598879,0.598323,1.83921,0.709842
0.430896,0.598879,0.57793,1.78358,0.757683
0.330381,0.57921,0.576462,1.728034,0.821435
0.640684,0.398486,0.419884,1.680486,0.902892
0.732354,0.408264,0.40169,1.642367,0.991107
0.68836,0.398486,0.400968,1.607709,1.091411
0.732354,0.388792,0.382341,1.567667,1.213329
0.732354,0.379182,0.363358,1.521706,1.329737
0.807658,0.350942,0.346152,1.473957,1.436054
0.838755,0.398486,0.40386,1.414745,1.563166
0.807658,0.398486,0.403136,1.358531,1.670347
0.807658,0.438008,0.442746,1.292485,1.780631
0.807658,0.498627,0.483098,1.221125,1.888875
0.838755,0.468201,0.483849,1.137296,1.986088
0.838755,0.559291,0.584518,1.051443,2.065966
0.838755,0.549253,0.564674,0.98252,2.116437
0.807658,0.56928,0.603372,0.896928,2.171034
0.807658,0.56928,0.543874,0.827889,2.205958
0.807658,0.58908,0.603372,0.7539,2.210389
0.732354,0.58908,0.562455,0.692428,2.210389
0.732354,0.598879,0.582325,0.657326,2.210389
0.732354,0.673887,0.676624,0.633202,2.187916
0.68836,0.61823,0.742704,0.62891,2.135082
0.68836,0.700083,0.69349,0.62891,2.072628
0.68836,0.716864,0.710473,0.62891,1.988669
0.640684,0.763639,0.771967,0.63375,1.898881
0.640684,0.740936,0.742129,0.651658,1.782245
0.68836,0.756227,0.812455,0.672041,1.664089
0.590057,0.798325,0.811537,0.689797,1.542323
0.640684,0.811092,0.799287,0.717495,1.429362
0.537447,0.845652,0.855919,0.738617,1.319275
0.537447,0.834745,0.845614,0.764229,1.203317
0.483989,0.82323,0.834299,0.804666,1.075317
0.483989,0.798325,0.784422,0.834666,0.962133
0.430896,0.804788,0.79735,0.88813,0.866523
0.430896,0.777988,0.769843,0.948766,0.790866
0.430896,0.784927,0.783913,1.027418,0.720068
0.284837,0.770891,0.75347,1.085287,0.670269
0.284837,0.740936,0.75347,1.174491,0.621237
0.24329,0.740936,0.721479,1.279923,0.585949
0.24329,0.637217,0.651816,1.388668,0.568015
0.206057,0.655786,0.651133,1.484211,0.560504
0.206057,0.637217,0.651133,1.582556,0.559672
0.173218,0.655786,0.65045,1.680173,0.559672
0.206057,0.655786,0.63247,1.795194,0.559672
0.206057,0.637217,0.63247,1.908182,0.573344
0.144659,0.608599,0.611975,2.01158,0.606879
0.206057,0.58908,0.574258,2.094664,0.647256
0.206057,0.57921,0.593979,2.160309,0.692538
0.24329,0.57921,0.574993,2.192,0.737075
0.206057,0.518934,0.513912,2.192,0.772735
0.206057,0.498627,0.493617,2.192,0.829139
0.24329,0.488471,0.494369,2.1824,0.883677
0.330381,0.529064,0.516165,2.133875,0.943625
0.330381,0.508784,0.516165,2.089434,0.990295
0.379345,0.549253,0.577196,2.024056,1.036279
0.430896,0.58908,0.57793,1.96622,1.063322
0.379345,0.627773,0.616251,1.894235,1.10086
0.430896,0.646557,0.635959,1.821722,1.123012
0.430896,0.61823,0.616961,1.736783,1.142342
0.483989,0.598879,0.617672,1.662648,1.1573
0.483989,0.57921,0.598323,1.577115,1.166247
0.483989,0.57921,0.578663,1.498159,1.177877
0.590057,0.598879,0.599768,1.419856,1.209277
0.537447,0.559291,0.579396,1.367781,1.250742
0.68836,0.478329,0.501135,1.309545,1.307929
0.732354,0.468201,0.481596,1.241572,1.40224
0.732354,0.428033,0.441263,1.199472,1.467802
0.732354,0.428033,0.441263,1.190383,1.554407
0.807658,0.398486,0.403136,1.190383,1.655924
0.772192,0.408264,0.402413,1.190538,1.765244
0.772192,0.341743,0.345471,1.191845,1.855742
0.772192,0.306179,0.309727,1.199526,1.967995
0.772192,0.306179,0.327349,1.221874,2.058007
0.772192,0.280912,0.292641,1.251797,2.139663
0.807658,0.220121,0.216606,1.294436,2.210177
0.807658,0.169386,0.166542,1.336065,2.258113
0.807658,0.163746,0.166542,1.366847,2.312792
0.772192,0.169386,0.166125,1.388125,2.352671
0.68836,0.119595,0.125194,1.460285,2.357
0.590057,0.111301,0.115951,1.547634,2.357
0.284837,0.119595,0.122583,1.620412,2.357
0.206057,0.137791,0.140419,1.702602,2.345386
0.206057,0.14269,0.140419,1.785774,2.322135
0.24329,0.187231,0.184819,1.883103,2.28501
0.330381,0.199912,0.198321,1.982875,2.235375
0.24329,0.323705,0.320107,2.10375,2.17525
0.24329,0.314874,0.3027,2.143402,2.130148
0.173218,0.341743,0.336686,2.188014,2.056793
0.144659,0.388792,0.373152,2.229632,1.979936
0.144659,0.468201,0.471844,2.267383,1.898185
0.173218,0.508784,0.492865,2.300077,1.795724
0.206057,0.508784,0.513912,2.312439,1.691595
0.206057,0.539175,0.513912,2.32085,1.595706
0.173218,0.56928,0.573523,2.328762,1.475075
0.173218,0.57921,0.573523,2.337092,1.378521
0.120124,0.691487,0.702365,2.337515,1.269397
0.173218,0.673887,0.668678,2.336,1.157876
0.206057,0.673887,0.687061,2.336,1.071878
0.173218,0.716864,0.703621,2.33157,1.00476
0.206057,0.725038,0.704248,2.299254,0.909975
0.206057,0.770891,0.767168,2.267266,0.839907
0.379345,0.784927,0.783403,2.21679,0.769658
0.379345,0.811092,0.796864,2.176796,0.713469
0.379345,0.798325,0.796864,2.10863,0.673086
0.330381,0.798325,0.809227,2.034947,0.643099
0.379345,0.834745,0.844433,1.956287,0.60891
0.483989,0.834745,0.822767,1.864727,0.584761
0.483989,0.860899,0.865296,1.770582,0.57341
0.537447,0.855962,0.845614,1.661393,0.565045
0.430896,0.855962,0.844827,1.571693,0.556795
0.430896,0.855962,0.844827,1.476577,0.555333
0.537447,0.840274,0.834714,1.389029,0.555333
0.537447,0.82323,0.834714,1.300803,0.555467
0.640684,0.874863,0.742129,1.203923,0.565218
0.590057,0.798325,0.798804,1.123587,0.585792
0.640684,0.784927,0.785944,1.048593,0.615086
0.68836,0.748658,0.772496,0.974007,0.664652
0.640684,0.756227,0.75736,0.904057,0.728596
0.640684,0.740936,0.75736,0.845399,0.804875
0.68836,0.725038,0.726885,0.810777,0.882412
0.640684,0.664895,0.675306,0.779557,0.973204
0.590057,0.637217,0.638045,0.763,1.053625
0.590057,0.627773,0.638045,0.763,1.116323
0.537447,0.57921,0.579396,0.763,1.175548
0.537447,0.559291,0.559492,0.772763,1.212542
0.483989,0.518934,0.538648,0.814835,1.253617
0.379345,0.559291,0.557267,0.867048,1.277009
0.330381,0.508784,0.516165,0.942641,1.290675
0.284837,0.458098,0.454648,1.028621,1.295
0.206057,0.379182,0.37456,1.146663,1.295484
0.206057,0.360248,0.355741,1.247297,1.295484
0.284837,0.332663,0.338704,1.366806,1.295363
0.206057,0.314874,0.355741,1.476484,1.294708
0.284837,0.264796,0.270151,1.60214,1.293
0.24329,0.256962,0.238803,1.721464,1.293
0.24329,0.227175,0.210545,1.801586,1.293
0.24329,0.163746,0.172898,1.881939,1.297914
0.144659,0.147733,0.139694,1.969565,1.330287
0.206057,0.137791,0.140419,2.041125,1.34975
0.284837,0.14269,0.131587,2.095227,1.393262
0.284837,0.133036,0.141146,2.156033,1.440132
0.330381,0.133036,0.131931,2.196831,1.516021
0.24329,0.147733,0.131244,2.252969,1.622875
0.330381,0.158258,0.16241,2.284018,1.721028
0.640684,0.163746,0.143717,2.291504,1.829561
0.640684,0.17518,0.176365,2.291504,1.917755
0.640684,0.169386,0.164879,2.291404,1.984117
0.68836,0.213225,0.215079,2.284589,2.034254
0.732354,0.264796,0.259612,2.260693,2.053355
0.772192,0.249281,0.244868,2.207683,2.074745
0.772192,0.323705,0.327349,2.15268,2.089455
0.807658,0.289192,0.293264,2.082429,2.10596
0.807658,0.332663,0.364751,2.005881,2.121117
0.772192,0.360248,0.383052,1.926865,2.143989
0.838755,0.398486,0.40386,1.829807,2.167545
0.838755,0.398486,0.40386,1.728419,2.191883
0.807658,0.478329,0.483098,1.631544,2.210003
0.807658,0.488471,0.483098,1.531023,2.22216
0.772192,0.478329,0.522921,1.438506,2.231994
0.807658,0.57921,0.583787,1.345417,2.242041
0.772192,0.598879,0.543128,1.24125,2.242984
0.772192,0.58908,0.583056,1.146243,2.242984
0.772192,0.57921,0.563195,1.060936,2.241738
0.732354,0.57921,0.582325,0.991102,2.226875
0.68836,0.559291,0.581593,0.930753,2.204305
0.68836,0.608599,0.601211,0.882089,2.172652
0.68836,0.637217,0.639432,0.8179,2.1161
0.640684,0.682752,0.675306,0.752983,2.04749
0.590057,0.655786,0.656578,0.728234,1.976434
0.590057,0.708545,0.725689,0.723122,1.901279
0.590057,0.725038,0.725689,0.723122,1.836041
0.537447,0.740936,0.740976,0.723122,1.739882
0.537447,0.770891,0.756253,0.727814,1.649663
0.483989,0.770891,0.770375,0.731468,1.634493
0.483989,0.740936,0.755698,0.749672,1.548113
0.483989,0.784927,0.784422,0.752725,1.521
0.430896,0.784927,0.783913,0.809241,1.438175
0.430896,0.777988,0.783913,0.86508,1.30184
0.379345,0.756227,0.76931,0.91196,1.176787
0.430896,0.740936,0.755142,0.967875,1.048625
0.379345,0.740936,0.739241,1.0207,0.9345
0.483989,0.725038,0.707992,1.073376,0.843194
0.430896,0.691487,0.690285,1.145643,0.762818
0.330381,0.673887,0.688997,1.222216,0.719595
0.284837,0.664895,0.670674,1.27968,0.709
0.24329,0.646557,0.633169,1.352388,0.709
0.24329,0.61823,0.594704,1.431612,0.709
0.284837,0.57921,0.555783,1.518477,0.711963
0.24329,0.549253,0.534909,1.606217,0.732401
0.173218,0.529064,0.452412,1.697356,0.762948
0.206057,0.468201,0.453157,1.795325,0.813044
0.206057,0.408264,0.413307,1.87837,0.855836
0.206057,0.458098,0.433124,1.945574,0.902464
0.24329,0.369665,0.356431,2.011134,0.958634
0.206057,0.369665,0.355741,2.067892,1.018752
0.284837,0.341743,0.338704,2.1094,1.08146
0.24329,0.297616,0.320107,2.138165,1.166172
0.284837,0.297616,0.303335,2.147529,1.240254
0.173218,0.234388,0.223313,2.1505,1.316569
0.24329,0.227175,0.238803,2.1505,1.417584
0.284837,0.272781,0.270151,2.1502,1.500125
0.379345,0.289192,0.271339,2.138944,1.599995
0.379345,0.379182,0.287686,2.112108,1.690996
0.430896,0.369665,0.340727,2.090863,1.750224
0.430896,0.323705,0.397361,2.079383,1.780917
0.537447,0.379182,0.379505,2.052814,1.784
0.590057,0.388792,0.361274,2.030218,1.784
0.537447,0.360248,0.36058,1.973119,1.7832
0.483989,0.418116,0.398082,1.918678,1.759975
0.537447,0.379182,0.379505,1.870875,1.723205
0.537447,0.369665,0.379505,1.802359,1.675425
0.537447,0.379182,0.379505,1.733767,1.632837
0.537447,0.379182,0.379505,1.663926,1.602626
0.537447,0.428033,0.498879,1.595344,1.581751
0.483989,0.398486,0.417689,1.561485,1.571557
0.379345,0.428033,0.456139,1.522821,1.556491
0.483989,0.418116,0.437559,1.489713,1.542681
0.537447,0.418116,0.41842,1.475183,1.53461
0.537447,0.44803,0.458378,1.475,1.52975
0.537447,0.559291,0.559492,1.475,1.518511
0.590057,0.518934,0.540142,1.474136,1.504308
0.537447,0.61823,0.559492,1.472522,1.489761
0.537447,0.691487,0.673986,1.472522,1.468147
0.590057,0.708545,0.725689,1.472022,1.437673
0.640684,0.708545,0.726288,1.457407,1.41765
0.68836,0.725038,0.726885,1.411045,1.390177
0.640684,0.673887,0.69285,1.364409,1.36796
0.68836,0.691487,0.69349,1.33,1.345324
0.772192,0.682752,0.677281,1.283998,1.332
0.68836,0.673887,0.675965,1.195023,1.332
0.772192,0.673887,0.677281,1.107466,1.332
0.772192,0.673887,0.677281,1.039746,1.332375
0.807658,0.664895,0.64151,0.977989,1.348619
0.772192,0.608599,0.602652,0.92325,1.384125
0.772192,0.61823,0.602652,0.847,1.4388
0.807658,0.598879,0.603372,0.750628,1.508514
0.807658,0.539175,0.583787,0.714069,1.575169
0.807658,0.498627,0.50339,0.69473,1.666828
0.807658,0.458098,0.442746,0.6935,1.737997
0.838755,0.418116,0.423551,0.6935,1.814569
0.838755,0.350942,0.384474,0.694018,1.882857
0.807658,0.323705,0.328011,0.715921,1.957886
0.807658,0.314874,0.310371,0.75659,2.0263
0.772192,0.249281,0.26019,0.805537,2.072824
0.807658,0.206491,0.203145,0.870218,2.116185
0.732354,0.213225,0.215587,0.946421,2.154002
0.640684,0.147733,0.154001,1.046978,2.191696
0.537447,0.152922,0.142979,1.155405,2.240909
0.483989,0.187231,0.187095,1.232243,2.255635
0.430896,0.133036,0.132621,1.32624,2.255635
0.24329,0.206491,0.210545,1.437822,2.255635
0.206057,0.193493,0.184367,1.560636,2.248934
0.24329,0.220121,0.210545,1.662661,2.220004
0.206057,0.220121,0.223835,1.751092,2.206013
0.330381,0.323705,0.321418,1.863016,2.163868
0.24329,0.379182,0.375265,1.9886,2.121725
0.24329,0.369665,0.375265,2.064049,2.050281
0.206057,0.438008,0.453157,2.12342,1.964018
0.173218,0.488471,0.492865,2.178508,1.876894
0.173218,0.508784,0.51316,2.250238,1.787976
0.173218,0.529064,0.51316,2.283738,1.689601
0.173218,0.539175,0.553555,2.298495,1.564636
0.173218,0.57921,0.573523,2.299671,1.438673
0.173218,0.56928,0.573523,2.299671,1.319609
0.24329,0.627773,0.614115,2.29933,1.199439
0.24329,0.608599,0.614115,2.286149,1.110294
0.206057,0.608599,0.593979,2.23487,1.033205
0.24329,0.598879,0.594704,2.174786,0.968168
0.24329,0.57921,0.574993,2.122143,0.926054
0.24329,0.529064,0.514663,2.063916,0.921678
0.173218,0.529064,0.533412,2.014592,0.921678
0.330381,0.398486,0.415496,2.005,0.921678
0.284837,0.341743,0.338704,2.005,0.941826
0.284837,0.297616,0.286456,2.005222,1.00152
0.284837,0.297616,0.286456,2.015455,1.084069
0.430896,0.256962,0.240996,2.034121,1.188966
0.483989,0.206491,0.213055,2.06034,1.300661
0.640684,0.193493,0.188471,2.062375,1.397455
0.640684,0.152922,0.154001,2.0625,1.50131
0.640684,0.163746,0.164879,2.0625,1.615681
0.640684,0.163746,0.164879,2.0609,1.716559
0.640684,0.17518,0.176365,2.029963,1.779573
0.590057,0.181128,0.164465,1.990127,1.844519
0.640684,0.169386,0.176365,1.938952,1.924502
0.68836,0.169386,0.176803,1.914333,2.022779
0.640684,0.133036,0.143717,1.852611,2.091557
0.640684,0.193493,0.188471,1.815625,2.151018
0.640684,0.206491,0.201205,1.796834,2.197886
0.640684,0.206491,0.188471,1.771132,2.232719
0.640684,0.213225,0.214572,1.751224,2.267177
0.732354,0.187231,0.189393,1.732702,2.278
0.68836,0.199912,0.215079,1.715391,2.278
0.68836,0.256962,0.259034,1.693366,2.278
0.732354,0.241758,0.244312,1.670359,2.275585
0.732354,0.227175,0.244312,1.644261,2.265051
0.68836,0.256962,0.308443,1.620426,2.258319
0.640684,0.341743,0.343434,1.596991,2.255066
0.640684,0.341743,0.343434,1.555283,2.253461
0.68836,0.379182,0.362663,1.498679,2.248206
0.732354,0.438008,0.441263,1.455346,2.227669
0.68836,0.458098,0.480845,1.404681,2.195549
0.640684,0.518934,0.52067,1.351398,2.15333
0.640684,0.56928,0.580861,1.309992,2.102032
0.590057,0.518934,0.519919,1.253216,2.03755
0.640684,0.61823,0.6198,1.20571,1.966601
0.640684,0.673887,0.657256,1.161942,1.89029
0.640684,0.700083,0.69285,1.11771,1.804686
0.590057,0.733064,0.725689,1.077617,1.726456
0.590057,0.740936,0.756807,1.032625,1.644994
0.640684,0.81724,0.824079,0.992875,1.573875
0.590057,0.763639,0.741553,0.951036,1.48556
0.537447,0.804788,0.845614,0.91848,1.40979
0.537447,0.708545,0.72509,0.8937,1.361302
0.537447,0.733064,0.72509,0.8905,1.32861
0.537447,0.740936,0.740976,0.8905,1.298991
0.379345,0.811092,0.796864,0.892835,1.282633
0.330381,0.770891,0.768775,0.920765,1.247787
0.330381,0.708545,0.706123,0.954387,1.174953
0.330381,0.708545,0.706123,0.999956,1.100391
0.330381,0.748658,0.738661,1.098016,1.002429
0.284837,0.725038,0.722083,1.174692,0.91272
0.24329,0.708545,0.704874,1.234156,0.777556
0.24329,0.691487,0.704874,1.322408,0.655513
0.173218,0.708545,0.703621,1.403286,0.616555
0.206057,0.673887,0.651133,1.488046,0.58679
0.206057,0.646557,0.651133,1.58951,0.581
0.173218,0.598879,0.612689,1.672924,0.581
0.173218,0.608599,0.593254,1.775333,0.581
0.206057,0.559291,0.554298,1.871417,0.584
0.173218,0.559291,0.553555,1.957707,0.602446
0.173218,0.44803,0.452412,2.025556,0.633084
0.206057,0.418116,0.393766,2.085209,0.680401
0.173218,0.428033,0.412578,2.145081,0.75466
0.206057,0.341743,0.337358,2.218685,0.823782
0.173218,0.297616,0.301432,2.31502,0.927552
0.173218,0.199912,0.183915,2.340843,1.031401
0.24329,0.158258,0.161593,2.376907,1.179469
0.379345,0.163746,0.152052,2.386767,1.308809
0.483989,0.187231,0.175059,2.386767,1.414582
0.537447,0.17518,0.175493,2.386767,1.531051
0.68836,0.17518,0.176803,2.370611,1.650969
0.772192,0.17518,0.17768,2.264617,1.781167
0.807658,0.272781,0.26077,2.191492,1.934555
0.807658,0.289192,0.293264,2.135231,2.022302
0.807658,0.297616,0.310371,2.083354,2.079754
0.807658,0.350942,0.364751,2.038744,2.138921
0.807658,0.360248,0.383763,1.967034,2.198993
0.838755,0.388792,0.40386,1.87467,2.264711
0.865661,0.398486,0.424286,1.775182,2.307868
0.807658,0.478329,0.483098,1.701938,2.31528
0.807658,0.438008,0.422817,1.634363,2.319807
0.807658,0.418116,0.403136,1.527596,2.343145
0.772192,0.418116,0.422084,1.413327,2.358788
0.772192,0.498627,0.482347,1.345931,2.359457
0.772192,0.498627,0.502638,1.255306,2.359457
0.772192,0.559291,0.543128,1.161975,2.357493
0.772192,0.549253,0.563195,1.056544,2.340998
0.732354,0.61823,0.601932,0.976076,2.315343
0.68836,0.61823,0.620508,0.93176,2.285896
0.68836,0.637217,0.620508,0.906442,2.263125
0.68836,0.691487,0.710473,0.841267,2.241345
0.68836,0.673887,0.69349,0.830583,2.181426
0.68836,0.708545,0.69349,0.829139,2.100667
0.68836,0.691487,0.675965,0.827014,2.01953
0.68836,0.655786,0.657933,0.82525,1.928486
0.68836,0.627773,0.639432,0.824352,1.852205
0.732354,0.61823,0.621216,0.818462,1.754916
0.68836,0.598879,0.601211,0.803252,1.66077
0.590057,0.598879,0.599768,0.797883,1.578869
0.590057,0.57921,0.580129,0.797883,1.506322
0.590057,0.56928,0.560233,0.797883,1.44614
0.640684,0.518934,0.540889,0.804362,1.408646
0.590057,0.529064,0.540142,0.822242,1.38907
0.483989,0.458098,0.457632,0.850565,1.380218
0.590057,0.418116,0.419152,0.906235,1.377971
0.430896,0.418116,0.416957,0.921,1.377971
0.430896,0.360248,0.378089,0.922154,1.377971
0.430896,0.428033,0.378089,0.944561,1.387132
0.24329,0.323705,0.320107,0.978925,1.411404
0.173218,0.306179,0.3188,1.005224,1.432235
0.206057,0.341743,0.319453,1.018533,1.440011
0.206057,0.350942,0.337358,1.103375,1.458745
0.206057,0.388792,0.337358,1.20475,1.468273
0.24329,0.388792,0.375265,1.297442,1.468273
0.206057,0.478329,0.493617,1.414206,1.468273
0.173218,0.488471,0.452412,1.823099,1.464346
0.206057,0.539175,0.554298,1.993156,1.445046
0.24329,0.539175,0.594704,2.034013,1.417417
0.206057,0.61823,0.613402,2.065791,1.386877
0.24329,0.61823,0.614115,2.087628,1.356033
0.284837,0.664895,0.633867,2.123997,1.295642
0.24329,0.748658,0.737498,2.16369,1.245476
0.24329,0.740936,0.721479,2.179445,1.193372
0.284837,0.725038,0.722083,2.180408,1.124525
0.284837,0.82323,0.832629,2.180408,1.090505
0.379345,0.777988,0.76931,2.178008,1.02995
0.379345,0.804788,0.796864,2.164,0.953375
0.483989,0.811092,0.810616,2.134537,0.88966
0.379345,0.834745,0.833466,2.090939,0.834247
0.430896,0.829063,0.844827,2.03678,0.778628
0.537447,0.834745,0.823205,1.9818,0.7266
0.590057,0.834745,0.835129,1.895978,0.676539
0.537447,0.811092,0.79832,1.806405,0.65266
0.640684,0.791707,0.785944,1.719192,0.632758
0.640684,0.756227,0.742129,1.632048,0.62085
0.590057,0.733064,0.725689,1.536101,0.619917
0.640684,0.740936,0.742129,1.449121,0.619917
0.68836,0.733064,0.726885,1.348485,0.620817
0.732354,0.691487,0.694129,1.242125,0.6375
0.772192,0.682752,0.677281,1.145374,0.673171
0.807658,0.637217,0.659961,1.09155,0.719623
0.732354,0.627773,0.621216,1.046087,0.775792
0.732354,0.598879,0.621216,0.989014,0.84235
0.772192,0.56928,0.583056,0.932152,0.926544
0.807658,0.56928,0.563934,0.882198,1.031986
0.807658,0.549253,0.543874,0.848388,1.129484
0.807658,0.518934,0.50339,0.8235,1.235625
0.807658,0.458098,0.442746,0.794566,1.357117
0.807658,0.408264,0.422817,0.746875,1.460438
0.838755,0.428033,0.423551,0.735906,1.566523
0.838755,0.379182,0.384474,0.735806,1.675644
0.772192,0.306179,0.309727,0.735806,1.77368
0.772192,0.306179,0.292641,0.737584,1.881482
0.807658,0.234388,0.2307,0.760281,1.976357
0.807658,0.213225,0.2307,0.803839,2.056938
0.772192,0.213225,0.216096,0.847189,2.117792
0.838755,0.17518,0.16696,0.94164,2.174197
0.537447,0.115383,0.115643,1.034697,2.21926
0.284837,0.099803,0.10616,1.103097,2.248772
0.330381,0.133036,0.131931,1.179108,2.272071
0.284837,0.152922,0.141146,1.259271,2.291688
0.206057,0.17518,0.184367,1.343321,2.303337
0.284837,0.193493,0.185273,1.435964,2.306
0.284837,0.241758,0.23935,1.483444,2.306
0.206057,0.369665,0.37456,1.531689,2.306
0.206057,0.272781,0.268967,1.614463,2.299277
0.206057,0.289192,0.285228,1.71118,2.275636
0.173218,0.341743,0.336686,1.801869,2.242118
0.173218,0.408264,0.412578,1.86039,2.202249
0.173218,0.428033,0.412578,1.928603,2.146248
0.206057,0.428033,0.433124,1.981289,2.080878
0.284837,0.518934,0.49512,2.034,2.008583
0.206057,0.508784,0.513912,2.082481,1.93059
0.206057,0.56928,0.554298,2.122691,1.844288
0.284837,0.57921,0.575728,2.148391,1.765387
0.206057,0.655786,0.704248,2.17898,1.675395
0.284837,0.637217,0.633867,2.200032,1.575352
0.284837,0.646557,0.633867,2.224668,1.479826
0.284837,0.673887,0.670674,2.232,1.382807
0.24329,0.708545,0.704874,2.232,1.280488
0.330381,0.756227,0.671338,2.232,1.189856
0.379345,0.770891,0.723288,2.225202,1.071278
0.330381,0.740936,0.738661,2.182666,0.989551
0.379345,0.708545,0.706747,2.135796,0.919956
0.379345,0.740936,0.739241,2.08352,0.860184
0.430896,0.740936,0.73982,2.025188,0.816938
0.483989,0.763639,0.740399,1.95396,0.773847
0.430896,0.725038,0.72389,1.876799,0.736731
0.483989,0.756227,0.755698,1.779859,0.718211
0.483989,0.740936,0.740399,1.68978,0.715789
0.590057,0.740936,0.741553,1.609718,0.715789
0.640684,0.725038,0.726288,1.531228,0.715789
0.640684,0.664895,0.675306,1.457906,0.723026
0.590057,0.598879,0.580129,1.387174,0.739388
0.590057,0.56928,0.560233,1.317134,0.774583
0.590057,0.61823,0.599768,1.241123,0.837287
0.68836,0.57921,0.581593,1.189593,0.896863
0.68836,0.598879,0.601211,1.155543,0.946553
0.68836,0.549253,0.541635,1.128113,1.007953
0.732354,0.488471,0.481596,1.105825,1.075622
0.772192,0.438008,0.422084,1.088963,1.160726
0.807658,0.418116,0.422817,1.077475,1.250544
0.772192,0.438008,0.442004,1.069164,1.324446
0.807658,0.428033,0.422817,1.056532,1.407708
0.807658,0.418116,0.422817,1.032237,1.508353
0.807658,0.398486,0.403136,1.004578,1.61428
0.807658,0.388792,0.403136,0.995967,1.720272
0.807658,0.350942,0.364751,0.995867,1.816118
0.807658,0.323705,0.310371,0.995867,1.925056
0.807658,0.297616,0.310371,0.996059,2.002859
0.772192,0.241758,0.244868,1.002859,2.082351
0.772192,0.249281,0.26019,1.087629,2.150404
0.732354,0.227175,0.229635,1.206394,2.207802
0.68836,0.213225,0.215079,1.242,2.2345
0.68836,0.199912,0.215079,1.281589,2.249742
0.590057,0.187231,0.200722,1.328794,2.259168
0.640684,0.213225,0.214572,1.361842,2.259754
0.379345,0.152922,0.152052,1.412869,2.259754
0.379345,0.147733,0.174192,1.4498,2.259071
0.379345,0.152922,0.152052,1.479017,2.250345
0.330381,0.220121,0.211547,1.506497,2.241492
0.430896,0.199912,0.199279,1.55458,2.237714
0.330381,0.220121,0.211547,1.617805,2.232752
0.379345,0.256962,0.240447,1.686183,2.227047
0.330381,0.256962,0.255015,1.739565,2.213722
0.379345,0.256962,0.271339,1.799817,2.181278
0.284837,0.264796,0.254444,1.850138,2.147742
0.284837,0.306179,0.37597,1.906999,2.098562
0.206057,0.360248,0.355741,1.948203,2.044846
0.330381,0.388792,0.395922,1.9788,1.9834
0.379345,0.388792,0.396642,1.996715,1.911431
0.379345,0.438008,0.436079,2.000754,1.848198
0.430896,0.488471,0.477093,2.001253,1.779983
0.330381,0.539175,0.576462,2.001253,1.715099
0.284837,0.539175,0.555783,2.000131,1.681074
0.330381,0.598879,0.615539,1.995662,1.629342
0.379345,0.708545,0.706747,1.990622,1.585167
0.284837,0.756227,0.76824,1.976431,1.50846
0.379345,0.733064,0.739241,1.953164,1.425416
0.379345,0.763639,0.754586,1.9346,1.33185
0.379345,0.756227,0.754586,1.904239,1.249726
0.483989,0.798325,0.822767,1.873956,1.184327
0.430896,0.82323,0.810154,1.83299,1.112039
0.430896,0.81724,0.822328,1.788386,1.036382
0.483989,0.834745,0.834299,1.745973,0.960318
0.537447,0.840274,0.845614,1.702563,0.878992
0.483989,0.791707,0.822767,1.634803,0.815056
0.590057,0.811092,0.798804,1.565323,0.765589
0.590057,0.791707,0.798804,1.50793,0.722234
0.640684,0.798325,0.799287,1.433284,0.680634
0.640684,0.804788,0.799287,1.350306,0.658229
0.590057,0.770891,0.771437,1.250193,0.65748
0.590057,0.748658,0.741553,1.152478,0.65748
0.590057,0.700083,0.709234,1.083818,0.65961
0.640684,0.700083,0.69285,1.015951,0.692532
0.590057,0.608599,0.619091,0.95825,0.740125
0.537447,0.56928,0.559492,0.904307,0.806279
0.537447,0.498627,0.498879,0.880105,0.863122
0.483989,0.438008,0.457632,0.880105,0.925803
0.537447,0.388792,0.398803,0.880105,0.969516
0.430896,0.360248,0.359195,0.881578,0.98698
0.430896,0.272781,0.288303,0.905606,1.022203
0.284837,0.249281,0.254444,0.97175,1.090925
0.330381,0.193493,0.198321,1.044152,1.150243
0.284837,0.181128,0.211045,1.121561,1.220681
0.284837,0.14269,0.141146,1.209769,1.279282
0.330381,0.115383,0.114419,1.344201,1.328691
0.330381,0.14269,0.141511,1.466769,1.432837
0.379345,0.14269,0.152052,1.5501,1.511043
0.483989,0.133036,0.132968,1.644506,1.564642
0.640684,0.152922,0.143717,1.7113,1.618696
0.68836,0.158258,0.154393,1.782961,1.664207
0.838755,0.199912,0.17856,1.86129,1.736986
0.807658,0.241758,0.26077,1.921306,1.816493
0.807658,0.256962,0.26077,2.002331,1.886731
0.807658,0.379182,0.383763,2.061196,1.931818
0.807658,0.398486,0.403136,2.087957,1.99617
0.838755,0.398486,0.40386,2.089,2.045431
0.838755,0.428033,0.423551,2.089,2.096671
0.807658,0.488471,0.50339,2.085057,2.140943
0.807658,0.478329,0.483098,2.046381,2.17291
0.807658,0.498627,0.523671,1.952193,2.207142
0.772192,0.529064,0.543128,1.847527,2.244455
0.732354,0.549253,0.542382,1.743401,2.280988
0.68836,0.539175,0.675965,1.623057,2.320796
0.68836,0.646557,0.657933,1.512386,2.352607
0.68836,0.682752,0.69349,1.397894,2.366
0.640684,0.691487,0.69285,1.28975,2.366
0.590057,0.740936,0.741553,1.18368,2.366
0.590057,0.740936,0.756807,1.076871,2.363766
0.537447,0.784927,0.78493,0.98551,2.328715
0.590057,0.811092,0.798804,0.92152,2.273101
0.640684,0.791707,0.799287,0.878262,2.21183
0.590057,0.811092,0.811537,0.843,2.1264
0.590057,0.804788,0.823643,0.814469,2.012299
0.590057,0.770891,0.756807,0.805724,1.886553
0.483989,0.811092,0.797835,0.804228,1.747155
0.537447,0.756227,0.770907,0.804,1.628487
0.430896,0.804788,0.783913,0.804,1.502383
0.483989,0.791707,0.797835,0.804541,1.407182
0.483989,0.811092,0.797835,0.805,1.280654
0.537447,0.748658,0.811077,0.809378,1.173697
0.483989,0.770891,0.755698,0.826566,1.052596
0.537447,0.784927,0.770907,0.854671,0.960556
0.330381,0.682752,0.688997,0.890865,0.874588
0.537447,0.608599,0.438299,0.934052,0.81391
0.483989,0.559291,0.558751,0.987719,0.769163
0.537447,0.57921,0.579396,1.0383,0.7451
0.537447,0.498627,0.478594,1.092008,0.743
0.640684,0.438008,0.439781,1.141458,0.743
0.590057,0.379182,0.380213,1.170119,0.743507
0.590057,0.332663,0.324706,1.196969,0.755991
0.640684,0.323705,0.325366,1.206606,0.772212
0.68836,0.264796,0.259034,1.207,0.773
0.732354,0.249281,0.244312,1.228319,0.798855
0.640684,0.227175,0.228572,1.263083,0.862609
0.732354,0.17518,0.177241,1.279219,0.956269
0.68836,0.199912,0.201689,1.287304,1.06075
0.640684,0.14269,0.143717,1.289627,1.200958
0.640684,0.14269,0.134011,1.291484,1.346463
0.68836,0.152922,0.144088,1.299464,1.498314
0.590057,0.12394,0.133663,1.31953,1.632483
0.330381,0.103513,0.098966,1.329167,1.751986
0.284837,0.107345,0.10616,1.339375,1.862798
0.24329,0.14269,0.131244,1.364209,1.960488
0.24329,0.133036,0.140782,1.410176,2.057861
0.206057,0.163746,0.150508,1.460828,2.121629
0.284837,0.181128,0.173328,1.52705,2.186017
0.206057,0.206491,0.210046,1.596381,2.241248
0.173218,0.199912,0.209547,1.683461,2.2804
0.24329,0.213225,0.210545,1.775332,2.304872
0.173218,0.369665,0.373856,1.83958,2.3095
0.24329,0.289192,0.285841,1.912138,2.3095
0.24329,0.341743,0.320107,1.961685,2.3095
0.173218,0.418116,0.373856,2.0358,2.2976
0.173218,0.478329,0.452412,2.0955,2.246
0.24329,0.478329,0.474093,2.117035,2.206888
0.206057,0.468201,0.453157,2.123994,2.155932
0.173218,0.549253,0.51316,2.149405,2.077058
0.24329,0.559291,0.555041,2.169138,2.012037
0.330381,0.58908,0.576462,2.185612,1.918406
0.330381,0.57921,0.576462,2.205324,1.837815
0.330381,0.637217,0.576462,2.212728,1.754896
0.430896,0.700083,0.70737,2.23475,1.673232
0.379345,0.725038,0.723288,2.244173,1.57749
0.330381,0.784927,0.796376,2.244173,1.489024
0.430896,0.708545,0.70737,2.244173,1.367602
0.379345,0.708545,0.706747,2.232718,1.249539
0.430896,0.691487,0.690285,2.196757,1.17953
0.537447,0.763639,0.756253,2.162198,1.095597
0.590057,0.756227,0.756807,2.115973,1.032385
0.640684,0.770891,0.75736,2.03568,0.967321
0.640684,0.716864,0.675306,1.96353,0.91822
0.537447,0.700083,0.740976,1.875761,0.890207
0.732354,0.725038,0.758463,1.7776,0.868689
0.68836,0.646557,0.675965,1.678298,0.863574
0.772192,0.673887,0.677281,1.58591,0.863574
0.772192,0.655786,0.659285,1.497851,0.863574
0.732354,0.655786,0.640126,1.395317,0.877399
0.732354,0.559291,0.562455,1.291093,0.910703
0.732354,0.559291,0.562455,1.206588,0.9507
0.807658,0.529064,0.523671,1.11186,1.018682
0.807658,0.478329,0.523671,1.052125,1.092875
0.838755,0.428033,0.443488,0.993409,1.163895
0.807658,0.408264,0.422817,0.93662,1.231856
0.807658,0.388792,0.383763,0.883381,1.297475
0.865661,0.289192,0.311659,0.833973,1.38721
0.772192,0.264796,0.26019,0.791055,1.491859
0.732354,0.206491,0.202173,0.776221,1.574299
0.732354,0.17518,0.177241,0.775835,1.646677
0.732354,0.152922,0.165709,0.775835,1.71975
0.68836,0.152922,0.144088,0.775835,1.789033
0.640684,0.14269,0.143717,0.797517,1.882845
0.732354,0.137791,0.144459,0.876913,1.954344
0.330381,0.163746,0.16241,0.986172,2.013729
0.284837,0.163746,0.162001,1.152211,2.076628
0.330381,0.158258,0.151665,1.269381,2.145375
0.379345,0.137791,0.141877,1.346776,2.203935
0.379345,0.152922,0.152052,1.421395,2.249823
0.330381,0.147733,0.151665,1.466041,2.265867
0.284837,0.17518,0.173328,1.561233,2.279492
0.537447,0.14269,0.153219,1.629125,2.279492
0.590057,0.152922,0.15361,1.651797,2.279492
0.483989,0.213225,0.199759,1.683527,2.276147
0.537447,0.213225,0.227514,1.764067,2.258467
0.590057,0.227175,0.228043,1.861984,2.229812
0.640684,0.280912,0.274322,1.934568,2.203381
0.640684,0.428033,0.419884,2.000802,2.166875
0.732354,0.379182,0.363358,2.021199,2.155609
0.732354,0.44803,0.461366,2.030652,2.13106
0.732354,0.498627,0.481596,2.030652,2.122805
0.732354,0.57921,0.522171,2.030652,2.120314
0.772192,0.598879,0.602652,2.016732,2.11851
0.732354,0.61823,0.601932,1.983487,2.11594
0.732354,0.627773,0.640126,1.923177,2.107983
0.732354,0.637217,0.640126,1.852298,2.092731
0.732354,0.708545,0.711091,1.768701,2.079325
0.68836,0.700083,0.69349,1.670257,2.076837
0.640684,0.682752,0.69285,1.540113,2.0658
0.68836,0.777988,0.772496,1.451556,2.046089
0.590057,0.770891,0.756807,1.328825,2.021674
0.590057,0.770891,0.771437,1.219705,1.994924
0.590057,0.770891,0.785438,1.122778,1.955326
0.537447,0.770891,0.770907,1.037125,1.90729
0.590057,0.770891,0.771437,0.963475,1.849142
0.537447,0.716864,0.72509,0.907626,1.772079
0.483989,0.725038,0.724491,0.872197,1.684414
0.483989,0.725038,0.724491,0.853215,1.592691
0.379345,0.725038,0.723288,0.853,1.563313
0.379345,0.798325,0.706747,0.853,1.548611
0.379345,0.708545,0.723288,0.8543,1.516337
0.379345,0.708545,0.706747,0.875505,1.41448
0.330381,0.664895,0.671338,0.936865,1.326579
0.330381,0.664895,0.671338,1.006767,1.215295
0.24329,0.655786,0.651816,1.060636,1.142503
0.24329,0.682752,0.670009,1.123475,1.08025
0.24329,0.700083,0.670009,1.180535,0.90202
0.206057,0.682752,0.687061,1.250856,0.828635
0.284837,0.655786,0.670674,1.340521,0.798933
0.330381,0.637217,0.65318,1.421067,0.76684
0.284837,0.61823,0.614827,1.482197,0.750928
0.284837,0.56928,0.575728,1.571267,0.72743
0.284837,0.559291,0.575728,1.664972,0.704945
0.330381,0.498627,0.495872,1.750002,0.685044
0.379345,0.360248,0.358503,1.832527,0.676
0.379345,0.323705,0.340052,1.890203,0.676
0.284837,0.249281,0.254444,1.930252,0.676
0.24329,0.220121,0.210545,1.954252,0.6811
0.284837,0.206491,0.211045,1.954984,0.705905
0.330381,0.199912,0.198321,1.954984,0.752786
0.330381,0.193493,0.185727,1.953488,0.813292
0.590057,0.187231,0.188012,1.942137,0.881621
0.640684,0.152922,0.154001,1.931141,0.956152
0.732354,0.158258,0.154786,1.927831,1.039236
0.732354,0.163746,0.165709,1.927831,1.131845
0.732354,0.181128,0.189393,1.927831,1.234503
0.772192,0.17518,0.17768,1.936265,1.346907
0.772192,0.220121,0.216096,1.962511,1.422022
0.807658,0.241758,0.245424,1.972568,1.477513
0.772192,0.332663,0.345471,1.975692,1.602655
0.838755,0.256962,0.26135,1.975692,1.71604
0.838755,0.408264,0.40386,1.97487,1.82619
0.838755,0.428033,0.423551,1.955865,1.929994
0.838755,0.478329,0.483849,1.929373,2.006475
0.838755,0.468201,0.483849,1.888449,2.077477
0.807658,0.559291,0.563934,1.83231,2.14156
0.807658,0.56928,0.543874,1.773083,2.185865
0.838755,0.57921,0.584518,1.697,2.235929
0.772192,0.608599,0.602652,1.636683,2.268373
0.807658,0.549253,0.563934,1.548935,2.304898
0.838755,0.529064,0.564674,1.466581,2.333157
0.838755,0.549253,0.54462,1.384159,2.349902
0.865661,0.608599,0.60481,1.312758,2.361409
0.838755,0.58908,0.604091,1.223404,2.361409
0.888673,0.559291,0.546111,1.111682,2.361409
0.865661,0.539175,0.545366,1.023985,2.357742
0.838755,0.468201,0.483849,0.937671,2.336614
0.807658,0.498627,0.50339,0.8489,2.31065
0.838755,0.488471,0.483849,0.763502,2.278022
0.838755,0.478329,0.483849,0.693867,2.248596
0.807658,0.518934,0.523671,0.612402,2.218124
0.772192,0.518934,0.543128,0.573388,2.196619
0.732354,0.61823,0.621216,0.553258,2.174755
0.732354,0.57921,0.582325,0.553133,2.15286
0.68836,0.608599,0.601211,0.553133,2.138219
0.68836,0.673887,0.675965,0.555506,2.131203
0.68836,0.673887,0.69349,0.587378,2.129284
0.590057,0.673887,0.656578,0.632486,2.123699
0.590057,0.673887,0.674647,0.690133,2.102254
0.590057,0.748658,0.756807,0.746517,2.070049
0.537447,0.784927,0.770907,0.792449,2.033923
0.483989,0.784927,0.784422,0.833568,1.978755
0.430896,0.784927,0.769843,0.853753,1.930944
0.483989,0.784927,0.784422,0.867672,1.854362
0.483989,0.798325,0.797835,0.885669,1.767935
0.483989,0.756227,0.770375,0.905444,1.755663
0.430896,0.763639,0.769843,0.9455,1.755507
0.483989,0.756227,0.755698,0.982893,1.744535
0.483989,0.700083,0.707992,1.02496,1.736851
0.537447,0.691487,0.691569,1.062718,1.736592
0.537447,0.655786,0.63735,1.083249,1.714686
0.537447,0.57921,0.579396,1.112518,1.613713
0.430896,0.559291,0.57793,1.130457,1.532099
0.483989,0.508784,0.498127,1.14896,1.454425
0.537447,0.498627,0.498879,1.161406,1.163375
0.537447,0.478329,0.478594,1.172501,0.902477
0.330381,0.438008,0.415496,1.182654,0.891347
0.284837,0.438008,0.434601,1.191476,0.891347
0.330381,0.478329,0.475593,1.20534,0.898569
0.284837,0.518934,0.515414,1.219537,0.946883
0.24329,0.549253,0.555041,1.248565,1.021349
0.206057,0.57921,0.554298,1.280226,1.106997
0.144659,0.57921,0.572787,1.313051,1.171233
0.173218,0.549253,0.533412,1.357784,1.218452
0.206057,0.57921,0.574258,1.421344,1.275828
0.173218,0.57921,0.593254,1.531835,1.301013
0.173218,0.559291,0.573523,1.576854,1.3014
0.24329,0.549253,0.555041,1.649547,1.3014
0.206057,0.508784,0.493617,1.7303,1.293015
0.284837,0.508784,0.49512,1.76643,1.270553
0.206057,0.458098,0.433124,1.828015,1.21265
0.206057,0.428033,0.433124,1.896274,1.148846
0.24329,0.408264,0.394485,1.949608,1.086711
0.284837,0.369665,0.357121,1.98965,1.011943
0.206057,0.199912,0.210046,2.025668,0.961605
0.24329,0.213225,0.210545,2.079615,0.936
0.24329,0.181128,0.172898,2.141314,0.936
0.284837,0.147733,0.131587,2.187655,0.936
0.330381,0.12394,0.122907,2.231598,0.946021
0.379345,0.12394,0.114724,2.244424,0.985736
0.483989,0.099803,0.099773,2.268335,1.045114
0.430896,0.107345,0.107019,2.31921,1.112194
0.640684,0.133036,0.143717,2.353019,1.200937
0.732354,0.14269,0.144459,2.356168,1.309259
0.807658,0.199912,0.190318,2.356168,1.418689
0.838755,0.280912,0.26135,2.354878,1.513025
0.865661,0.314874,0.347514,2.345728,1.606329
0.865661,0.379182,0.347514,2.312791,1.748814
0.838755,0.408264,0.384474,2.270614,1.867501
0.838755,0.398486,0.423551,2.181857,1.973015
0.807658,0.44803,0.462861,2.08944,2.080839
0.807658,0.478329,0.50339,2.022393,2.167108
0.838755,0.508784,0.584518,1.94102,2.25652
0.807658,0.468201,0.462861,1.8595,2.320625
0.772192,0.488471,0.482347,1.763474,2.344752
0.807658,0.468201,0.483098,1.685629,2.365779
0.772192,0.508784,0.482347,1.590764,2.377434
0.732354,0.559291,0.562455,1.488348,2.381711
0.732354,0.608599,0.621216,1.397545,2.38684
0.732354,0.637217,0.640126,1.278525,2.388234
0.732354,0.673887,0.676624,1.21625,2.388234
0.68836,0.673887,0.69349,1.127275,2.388234
0.68836,0.716864,0.69349,1.028242,2.383395
0.640684,0.756227,0.742129,0.957142,2.372094
0.590057,0.784927,0.785438,0.8904,2.3491
0.640684,0.82323,0.799287,0.851616,2.286568
0.590057,0.855962,0.811537,0.812435,2.202169
0.537447,0.798325,0.79832,0.78325,2.13925
0.537447,0.798325,0.78493,0.781,2.073722
0.483989,0.770891,0.784422,0.781,1.987042
0.430896,0.784927,0.783913,0.782663,1.885051
0.430896,0.784927,0.783913,0.815321,1.767768
0.430896,0.770891,0.769843,0.828617,1.658385
0.430896,0.784927,0.769843,0.839736,1.600557
0.483989,0.763639,0.770375,0.842552,1.572531
0.483989,0.756227,0.770375,0.846749,1.489524
0.430896,0.708545,0.70737,0.848004,1.465033
0.483989,0.708545,0.690927,0.856523,1.4485
0.430896,0.673887,0.672663,0.87727,1.343821
0.537447,0.598879,0.599046,0.905268,1.231238
0.590057,0.57921,0.580129,0.926746,1.146943
0.590057,0.518934,0.499631,0.969568,1.063673
0.483989,0.488471,0.498127,1.012629,0.996962
0.590057,0.438008,0.43904,1.071765,0.942243
0.483989,0.323705,0.323388,1.131053,0.779111
0.590057,0.306179,0.290158,1.186674,0.752943
0.590057,0.256962,0.257882,1.221167,0.752943
0.68836,0.220121,0.229103,1.24115,0.752943
0.68836,0.199912,0.188932,1.255284,0.767638
0.640684,0.17518,0.176365,1.269659,0.819406
0.590057,0.152922,0.15361,1.27485,0.885292
0.537447,0.158258,0.153219,1.28451,0.965374
0.483989,0.137791,0.142611,1.296006,1.048472
0.24329,0.14269,0.140782,1.30868,1.167736
0.24329,0.128419,0.12226,1.324129,1.291899
0.24329,0.158258,0.150893,1.3443,1.4271
0.330381,0.169386,0.131931,1.367611,1.554442
0.24329,0.213225,0.140782,1.394169,1.642093
0.173218,0.227175,0.223313,1.427571,1.748281
0.206057,0.249281,0.238257,1.466359,1.856101
0.24329,0.272781,0.285841,1.518938,1.960032
0.173218,0.314874,0.301432,1.580082,2.053068
0.173218,0.341743,0.336686,1.638231,2.118542
0.173218,0.508784,0.492865,1.707319,2.171002
0.120124,0.498627,0.511658,1.772777,2.204031
0.173218,0.488471,0.492865,1.83899,2.204031
0.173218,0.598879,0.612689,1.917222,2.204031
0.206057,0.57921,0.593979,1.990559,2.201534
0.24329,0.627773,0.614115,2.064611,2.163317
0.24329,0.61823,0.614115,2.13204,2.099991
0.24329,0.673887,0.633169,2.185857,2.027089
0.330381,0.664895,0.671338,2.23175,1.951375
0.284837,0.655786,0.652498,2.29412,1.840273
0.330381,0.725038,0.754029,2.3544,1.751717
0.330381,0.740936,0.738661,2.385776,1.675085
0.330381,0.740936,0.738661,2.407493,1.570071
0.330381,0.740936,0.738661,2.425781,1.472844
0.284837,0.725038,0.722083,2.428637,1.373926
0.330381,0.700083,0.706123,2.428637,1.266
0.330381,0.700083,0.688997,2.428637,1.181454
0.430896,0.691487,0.690285,2.410243,1.08343
0.430896,0.637217,0.616961,2.341017,0.986316
0.537447,0.57921,0.599046,2.284497,0.91207
0.330381,0.468201,0.455394,2.208773,0.837058
0.430896,0.398486,0.416957,2.103944,0.786758
0.537447,0.398486,0.41842,2.002446,0.710092
0.483989,0.306179,0.305883,1.918125,0.669694
0.537447,0.323705,0.324047,1.823431,0.662778
0.640684,0.306179,0.307802,1.741976,0.662778
0.68836,0.249281,0.259034,1.679641,0.662778
0.732354,0.234388,0.275521,1.62719,0.674042
0.772192,0.193493,0.202659,1.596452,0.69174
0.772192,0.227175,0.216096,1.576897,0.737633
0.807658,0.241758,0.2307,1.572821,0.803681
0.807658,0.341743,0.346152,1.572821,0.896097
0.807658,0.332663,0.346152,1.572821,0.982004
0.838755,0.379182,0.365448,1.57755,1.077803
0.807658,0.398486,0.403136,1.597174,1.168289
0.838755,0.458098,0.463609,1.610404,1.283921
0.888673,0.56928,0.566151,1.611807,1.401831
0.807658,0.57921,0.603372,1.611807,1.507631
0.772192,0.598879,0.602652,1.611682,1.587186
0.732354,0.61823,0.640126,1.602397,1.684816
0.732354,0.637217,0.65861,1.571927,1.801759
0.732354,0.691487,0.694129,1.528665,1.904901
0.68836,0.725038,0.726885,1.472899,1.999692
0.640684,0.784927,0.785944,1.406126,2.082119
0.68836,0.733064,0.726885,1.3363,2.1476
0.590057,0.770891,0.771437,1.268766,2.196528
0.590057,0.770891,0.756807,1.182351,2.232394
0.590057,0.784927,0.785438,1.10229,2.2345
0.483989,0.845652,0.834299,1.025493,2.2345
0.537447,0.82323,0.834714,0.955969,2.23125
0.537447,0.81724,0.823205,0.891281,2.201979
0.483989,0.784927,0.797835,0.8343,2.142
0.430896,0.784927,0.783913,0.799955,2.083122
0.430896,0.784927,0.783913,0.778094,2.001625
0.430896,0.798325,0.810154,0.772643,1.915119
0.430896,0.804788,0.79735,0.767161,1.814455
0.379345,0.811092,0.809691,0.767,1.720794
0.379345,0.770891,0.783403,0.767,1.682867
0.284837,0.756227,0.76824,0.772466,1.545729
0.330381,0.777988,0.768775,0.786371,1.484797
0.284837,0.716864,0.722083,0.795527,1.352916
0.284837,0.708545,0.705499,0.80431,1.222141
0.206057,0.700083,0.704248,0.81494,1.10297
0.173218,0.700083,0.686414,0.840984,0.984118
0.24329,0.673887,0.687707,0.885505,0.880509
0.284837,0.637217,0.652498,0.941005,0.799146
0.206057,0.637217,0.63247,0.998551,0.738526
0.173218,0.61823,0.612689,1.044377,0.703571
0.24329,0.529064,0.555041,1.115642,0.666833
0.206057,0.539175,0.554298,1.194305,0.641022
0.24329,0.559291,0.555041,1.270024,0.623936
0.206057,0.549253,0.534161,1.362716,0.606451
0.379345,0.539175,0.537153,1.449682,0.600966
0.330381,0.57921,0.576462,1.538433,0.600966
0.430896,0.518934,0.517667,1.631442,0.600966
0.537447,0.57921,0.539395,1.737429,0.603479
0.483989,0.559291,0.498127,1.8305,0.61925
0.483989,0.498627,0.518418,1.907832,0.640482
0.483989,0.539175,0.538648,1.992755,0.677178
0.732354,0.608599,0.621216,2.039636,0.71018
0.68836,0.56928,0.581593,2.048503,0.753342
0.68836,0.529064,0.541635,2.048503,0.798024
0.732354,0.508784,0.501886,2.048503,0.843305
0.68836,0.498627,0.480845,2.032717,0.880914
0.732354,0.468201,0.481596,1.99627,0.911615
0.772192,0.508784,0.522921,1.922729,0.951965
0.807658,0.518934,0.483098,1.849437,0.987429
0.807658,0.529064,0.543874,1.775254,1.034772
0.838755,0.529064,0.54462,1.688764,1.076495
0.838755,0.518934,0.524421,1.592963,1.119953
0.838755,0.468201,0.483849,1.52449,1.156223
0.838755,0.488471,0.483849,1.51625,1.162
0.865661,0.478329,0.4846,1.424582,1.230632
0.838755,0.438008,0.443488,1.335166,1.310196
0.865661,0.438008,0.444231,1.270158,1.379466
0.838755,0.360248,0.346833,1.177975,1.459128
0.807658,0.341743,0.346152,1.103375,1.5375
0.838755,0.297616,0.293888,1.031664,1.628862
0.807658,0.256962,0.26077,0.961536,1.722125
0.772192,0.220121,0.230167,0.895806,1.818627
0.68836,0.199912,0.201689,0.841764,1.900363
0.772192,0.17518,0.166125,0.798396,1.970156
0.68836,0.137791,0.134361,0.751103,2.053568
0.68836,0.119595,0.125194,0.74036,2.112502
0.590057,0.12394,0.124537,0.74036,2.171068
0.284837,0.12394,0.122583,0.74036,2.219942
0.284837,0.152922,0.141146,0.756983,2.255394
0.284837,0.137791,0.131587,0.815112,2.295089
0.206057,0.17518,0.184367,0.896971,2.336832
0.173218,0.181128,0.17204,0.990083,2.361778
0.120124,0.199912,0.195468,1.086604,2.386625
0.173218,0.234388,0.223313,1.180104,2.411875
0.24329,0.256962,0.253874,1.28626,2.43081
0.173218,0.332663,0.336686,1.397413,2.432517
0.206057,0.369665,0.355741,1.501738,2.432517
0.206057,0.369665,0.337358,1.620961,2.432392
0.173218,0.398486,0.432385,1.721472,2.411006
0.206057,0.458098,0.453157,1.809554,2.385249
0.206057,0.508784,0.493617,1.923268,2.326014
0.173218,0.508784,0.51316,2.022965,2.258878
0.206057,0.56928,0.554298,2.126484,2.163989
0.24329,0.549253,0.555041,2.203612,2.068661
0.206057,0.559291,0.574258,2.274313,1.947637
0.24329,0.655786,0.651816,2.309625,1.8645
0.284837,0.664895,0.705499,2.354999,1.745733
0.284837,0.673887,0.688353,2.388753,1.630118
0.284837,0.700083,0.705499,2.3902,1.509253
0.330381,0.777988,0.768775,2.3902,1.393988
0.330381,0.784927,0.782893,2.388525,1.289783
0.430896,0.798325,0.79735,2.363333,1.182929
0.483989,0.811092,0.797835,2.33069,1.083238
0.483989,0.829063,0.797835,2.269426,0.988925
0.537447,0.840274,0.845614,2.201279,0.924024
0.483989,0.834745,0.834299,2.113887,0.861567
0.483989,0.804788,0.810616,2.043159,0.819594
0.483989,0.811092,0.810616,1.973304,0.785799
0.483989,0.784927,0.784422,1.87823,0.752661
0.483989,0.770891,0.784422,1.782095,0.726302
0.430896,0.770891,0.769843,1.683419,0.697971
0.430896,0.740936,0.73982,1.587406,0.671821
0.483989,0.691487,0.690927,1.503964,0.64926
0.537447,0.673887,0.673986,1.430674,0.631066
0.483989,0.673887,0.673325,1.345045,0.616413
0.379345,0.61823,0.596877,1.258639,0.608909
0.379345,0.598879,0.596877,1.195375,0.606
0.430896,0.549253,0.5379,1.157774,0.606
0.379345,0.498627,0.516916,1.129247,0.606
0.379345,0.418116,0.416226,1.124819,0.606975
0.430896,0.379182,0.378089,1.124819,0.623064
0.379345,0.360248,0.358503,1.124819,0.673671
0.284837,0.306179,0.303335,1.136086,0.732668
0.24329,0.249281,0.253874,1.176062,0.798491
0.173218,0.264796,0.237711,1.225125,0.855375
0.206057,0.220121,0.210046,1.278567,0.9222
0.430896,0.158258,0.16323,1.33958,0.997601
0.379345,0.14269,0.141877,1.41001,1.089059
0.330381,0.119595,0.122907,1.475927,1.17955
0.379345,0.111301,0.114724,1.538017,1.232693
0.590057,0.137791,0.133663,1.630067,1.299022
0.537447,0.158258,0.187553,1.722288,1.383309
0.772192,0.249281,0.244868,1.812453,1.472651
0.68836,0.227175,0.243758,1.882474,1.560806
0.772192,0.256962,0.26019,1.940557,1.645472
0.772192,0.388792,0.383052,1.986657,1.71372
0.772192,0.408264,0.422084,2.023919,1.787382
0.772192,0.498627,0.502638,2.03941,1.872964
0.772192,0.57921,0.583056,2.044,1.97025
0.772192,0.529064,0.563195,2.044,2.059648
0.732354,0.646557,0.640126,2.043537,2.132136
0.772192,0.646557,0.659285,2.030858,2.168379
0.772192,0.637217,0.640818,2.005712,2.19705
0.772192,0.655786,0.659285,1.970671,2.206
0.68836,0.637217,0.639432,1.921185,2.206
0.732354,0.637217,0.65861,1.845398,2.206
0.640684,0.598879,0.6198,1.754591,2.19845
0.640684,0.664895,0.657256,1.642393,2.173684
0.640684,0.691487,0.657256,1.524366,2.142427
0.640684,0.664895,0.657256,1.389235,2.110133
0.640684,0.700083,0.69285,1.262457,2.068904
0.430896,0.691487,0.690285,1.137885,2.023375
0.430896,0.664895,0.654541,1.005045,1.964854
0.379345,0.655786,0.653861,0.893182,1.897586
0.379345,0.673887,0.672001,0.7944,1.834035
0.379345,0.673887,0.672001,0.722875,1.7825
0.330381,0.691487,0.706123,0.684689,1.731299
0.330381,0.716864,0.706123,0.683585,1.670933
0.379345,0.691487,0.689641,0.683585,1.642222
0.330381,0.708545,0.706123,0.685758,1.583712
0.379345,0.708545,0.706747,0.732614,1.510298
0.430896,0.725038,0.70737,0.771997,1.464137
0.483989,0.691487,0.707992,0.83167,1.398577
0.537447,0.700083,0.691569,0.908471,1.322672
0.537447,0.646557,0.673986,0.9954,1.245
0.640684,0.673887,0.580861,1.084916,1.167674
0.68836,0.637217,0.639432,1.174256,1.092035
0.732354,0.716864,0.727482,1.260486,1.018593
0.68836,0.691487,0.710473,1.33256,0.963949
0.68836,0.700083,0.69349,1.413819,0.916012
0.732354,0.733064,0.727482,1.483581,0.89125
0.732354,0.682752,0.694129,1.504525,0.889
0.732354,0.691487,0.694129,1.504525,0.889
0.732354,0.682752,0.676624,1.504525,0.889
0.732354,0.700083,0.711091,1.490802,0.908388
0.772192,0.716864,0.728077,1.437106,0.956863
0.772192,0.733064,0.728077,1.352251,1.03542
0.732354,0.673887,0.65861,1.243848,1.12396
0.732354,0.691487,0.694129,1.141946,1.197025
0.732354,0.700083,0.711091,1.00905,1.28637
0.68836,0.691487,0.710473,0.891286,1.360999
0.732354,0.682752,0.694129,0.797515,1.426751
0.732354,0.691487,0.694129,0.709121,1.48531
0.732354,0.733064,0.727482,0.635034,1.529334
0.732354,0.682752,0.676624,0.584543,1.562355
0.732354,0.682752,0.694129,0.552168,1.58098
0.68836,0.691487,0.69349,0.529532,1.590355
0.732354,0.682752,0.676624,0.518689,1.59718
0.732354,0.655786,0.676624,0.517571,1.603866
0.732354,0.673887,0.694129,0.517,1.607778
0.732354,0.691487,0.694129,0.514406,1.611969
0.732354,0.682752,0.694129,0.507741,1.618431
0.732354,0.673887,0.676624,0.49087,1.623383
0.68836,0.673887,0.675965,0.49,1.62865
0.732354,0.691487,0.694129,0.489536,1.633561
0.68836,0.682752,0.675965,0.488729,1.635856
0.732354,0.708545,0.711091,0.488777,1.641595
0.772192,0.655786,0.659285,0.488173,1.645
0.772192,0.673887,0.677281,0.487102,1.645
0.732354,0.664895,0.65861,0.485599,1.645
0.772192,0.682752,0.677281,0.485298,1.645
0.732354,0.664895,0.676624,0.48148,1.644381
0.732354,0.691487,0.711091,0.473195,1.643102
0.732354,0.673887,0.676624,0.466446,1.641417
0.732354,0.682752,0.694129,0.464846,1.641503
0.68836,0.700083,0.69349,0.463692,1.641959
0.732354,0.740936,0.727482,0.462538,1.642415
0.732354,0.708545,0.711091,0.461513,1.642821
0.772192,0.733064,0.728077,0.460359,1.643277
0.68836,0.691487,0.69349,0.459205,1.643733
0.732354,0.708545,0.711091,0.458051,1.644189
0.732354,0.637217,0.640126,0.456897,1.644645
0.732354,0.664895,0.676624,0.453814,1.647975
0.772192,0.664895,0.640818,0.441299,1.666754
0.807658,0.637217,0.622631,0.438164,1.685937
0.807658,0.61823,0.603372,0.438164,1.703792
0.838755,0.56928,0.584518,0.438164,1.726199
0.807658,0.549253,0.543874,0.445394,1.744394
0.807658,0.539175,0.523671,0.463,1.763714
0.807658,0.44803,0.442746,0.4875,1.787375
0.807658,0.438008,0.422817,0.517238,1.812052
0.772192,0.369665,0.383052,0.554898,1.85033
0.807658,0.341743,0.328011,0.5957,1.902316
0.772192,0.289192,0.309727,0.646811,1.956711
0.732354,0.289192,0.292019,0.694625,1.996875
0.640684,0.323705,0.307802,0.751372,2.037068
0.640684,0.306179,0.290777,0.822082,2.075215
0.640684,0.350942,0.343434,0.899888,2.090956
0.537447,0.341743,0.342079,0.979477,2.090956
0.430896,0.398486,0.378089,1.060303,2.090956
0.537447,0.428033,0.398803,1.138394,2.082473
0.430896,0.539175,0.5379,1.216045,2.037613
0.379345,0.539175,0.537153,1.275086,1.985211
0.330381,0.539175,0.536405,1.331623,1.913298
0.330381,0.539175,0.536405,1.352,1.876
0.24329,0.529064,0.534909,1.388672,1.802532
0.206057,0.56928,0.574258,1.440153,1.686631
0.173218,0.608599,0.612689,1.488387,1.564328
0.24329,0.608599,0.614115,1.548106,1.414968
0.206057,0.637217,0.63247,1.61375,1.27965
0.206057,0.646557,0.63247,1.682985,1.165247
0.206057,0.608599,0.63247,1.751502,1.072424
0.173218,0.627773,0.612689,1.833983,0.98705
0.144659,0.508784,0.512409,1.90824,0.921889
0.144659,0.518934,0.512409,1.99036,0.873369
0.206057,0.44803,0.453157,2.050496,0.865014
0.206057,0.388792,0.413307,2.10778,0.865014
0.206057,0.379182,0.37456,2.161204,0.865014
0.144659,0.350942,0.336014,2.211074,0.894429
0.206057,0.332663,0.319453,2.256428,0.952884
0.173218,0.249281,0.252736,2.277625,1.017558
0.173218,0.272781,0.252736,2.295031,1.098985
0.206057,0.187231,0.253304,2.301076,1.184513
0.330381,0.12394,0.122907,2.305711,1.286346
0.24329,0.111301,0.113811,2.319764,1.386573
0.284837,0.147733,0.122583,2.324113,1.498218
0.379345,0.14269,0.141877,2.324113,1.595009
0.330381,0.152922,0.16241,2.324113,1.720417
0.330381,0.181128,0.185727,2.299866,1.835146
0.24329,0.234388,0.224358,2.248278,1.940299
0.284837,0.264796,0.224882,2.192984,2.02263
0.330381,0.280912,0.270744,2.154158,2.042059
0.483989,0.379182,0.378797,2.107857,2.042059
0.330381,0.458098,0.43534,2.048074,2.042059
0.330381,0.508784,0.516165,1.991173,2.030162
0.330381,0.56928,0.576462,1.967898,1.944625
0.330381,0.549253,0.576462,1.950078,1.849195
0.379345,0.598879,0.557267,1.932487,1.723412
0.379345,0.691487,0.689641,1.908217,1.631817
0.483989,0.691487,0.690927,1.861562,1.524559
0.483989,0.740936,0.740399,1.81575,1.420375
0.483989,0.763639,0.770375,1.766846,1.31117
0.537447,0.725038,0.708613,1.71736,1.204629
0.483989,0.784927,0.770375,1.666975,1.135131
0.537447,0.770891,0.79832,1.611228,1.041724
0.590057,0.811092,0.798804,1.529271,0.957289
0.640684,0.784927,0.785944,1.455402,0.902418
0.590057,0.777988,0.785438,1.377984,0.861
0.590057,0.770891,0.771437,1.31571,0.8475
0.590057,0.725038,0.741553,1.234042,0.8475
0.68836,0.664895,0.657933,1.166387,0.8475
0.732354,0.637217,0.640126,1.091482,0.854149
0.68836,0.691487,0.675965,1.04159,0.883218
0.772192,0.673887,0.677281,1.002333,0.927888
0.772192,0.673887,0.677281,0.949875,1.010084
0.772192,0.655786,0.659285,0.882387,1.090145
0.772192,0.646557,0.659285,0.823219,1.170535
0.772192,0.58908,0.583056,0.761617,1.271156
0.807658,0.57921,0.583787,0.708649,1.39877
0.807658,0.559291,0.563934,0.67965,1.505083
0.807658,0.539175,0.543874,0.670544,1.60124
0.838755,0.488471,0.504142,0.670169,1.704508
0.807658,0.508784,0.50339,0.670169,1.793964
0.838755,0.468201,0.483849,0.673059,1.884238
0.838755,0.44803,0.463609,0.692858,1.96703
0.865661,0.428033,0.404584,0.729629,2.043929
0.838755,0.388792,0.40386,0.776059,2.106078
0.807658,0.332663,0.346152,0.831065,2.15348
0.807658,0.323705,0.328011,0.963608,2.199303
0.772192,0.280912,0.309727,1.048735,2.232069
0.732354,0.256962,0.259612,1.103318,2.242
0.732354,0.297616,0.259612,1.172923,2.242
0.732354,0.272781,0.275521,1.245304,2.242
0.640684,0.289192,0.290777,1.311702,2.23571
0.640684,0.323705,0.325366,1.344791,2.199772
0.590057,0.360248,0.342757,1.359033,2.153387
0.68836,0.398486,0.400968,1.372365,2.091575
0.483989,0.418116,0.417689,1.390544,2.027113
0.483989,0.379182,0.378797,1.409369,1.94094
0.379345,0.539175,0.537153,1.432526,1.867814
0.284837,0.518934,0.515414,1.456087,1.768746
0.24329,0.549253,0.555041,1.48,1.66
0.24329,0.608599,0.594704,1.514187,1.558313
0.284837,0.627773,0.614827,1.565017,1.433814
0.24329,0.61823,0.614115,1.626589,1.308618
0.24329,0.627773,0.614115,1.690084,1.192166
0.206057,0.58908,0.593979,1.74699,1.10124
0.284837,0.559291,0.555783,1.82043,1.003962
0.206057,0.529064,0.513912,1.902264,0.922797
0.173218,0.488471,0.492865,1.958342,0.869394
0.206057,0.498627,0.493617,2.047295,0.847308
0.144659,0.379182,0.373152,2.138303,0.847308
0.173218,0.369665,0.373856,2.209909,0.847308
0.24329,0.398486,0.375265,2.26542,0.866102
0.206057,0.332663,0.337358,2.301799,0.910572
0.173218,0.264796,0.252736,2.338835,0.982874
0.144659,0.249281,0.252169,2.399792,1.088093
0.099268,0.193493,0.194995,2.42301,1.198213
0.206057,0.14269,0.140419,2.4245,1.309032
0.430896,0.133036,0.132621,2.4245,1.406619
0.590057,0.152922,0.15361,2.424305,1.515737
0.68836,0.169386,0.165294,2.418696,1.623014
0.732354,0.181128,0.177241,2.378948,1.747703
0.807658,0.213225,0.2307,2.30674,1.84805
0.772192,0.256962,0.26019,2.208102,1.944657
0.772192,0.280912,0.292641,2.122762,2.031559
0.732354,0.323705,0.344792,2.018508,2.100194
0.807658,0.341743,0.346152,1.920324,2.159576
0.807658,0.360248,0.364751,1.823519,2.216308
0.772192,0.388792,0.402413,1.7052,2.266474
0.807658,0.418116,0.422817,1.604427,2.276412
0.807658,0.438008,0.442746,1.529167,2.280055
0.807658,0.488471,0.483098,1.453117,2.285719
0.772192,0.488471,0.482347,1.366201,2.285234
0.732354,0.488471,0.501886,1.263427,2.2778
0.772192,0.508784,0.522921,1.164875,2.276412
0.732354,0.56928,0.562455,1.083256,2.2677
0.68836,0.627773,0.639432,1.012954,2.235868
0.68836,0.673887,0.639432,0.954762,2.185329
0.732354,0.748658,0.743278,0.864234,2.149961
0.640684,0.740936,0.771967,0.799699,2.115875
0.68836,0.708545,0.710473,0.777547,2.027815
0.590057,0.716864,0.709234,0.762366,1.923822
0.590057,0.748658,0.741553,0.756625,1.80925
0.640684,0.811092,0.811997,0.755,1.707144
0.590057,0.770891,0.771437,0.755,1.588938
0.590057,0.798325,0.798804,0.755,1.478777
0.483989,0.82323,0.822767,0.756875,1.34877
0.590057,0.784927,0.798804,0.760875,1.259125
0.68836,0.791707,0.786449,0.774496,1.168426
0.483989,0.756227,0.755698,0.81362,1.053971
0.379345,0.811092,0.809691,0.851618,0.947727
0.483989,0.784927,0.784422,0.893895,0.857501
0.379345,0.791707,0.76931,0.943509,0.779978
0.430896,0.798325,0.79735,0.991991,0.725586
0.379345,0.784927,0.796864,1.058171,0.673119
0.330381,0.784927,0.782893,1.137677,0.632958
0.330381,0.748658,0.754029,1.203871,0.61846
0.330381,0.733064,0.738661,1.270584,0.618
0.284837,0.756227,0.73808,1.335634,0.618
0.483989,0.637217,0.655221,1.384911,0.618875
0.379345,0.58908,0.596877,1.415285,0.635385
0.284837,0.608599,0.595429,1.421141,0.662535
0.483989,0.559291,0.538648,1.421141,0.71194
0.590057,0.539175,0.519919,1.421141,0.775754
0.640684,0.498627,0.52067,1.42,0.83
0.68836,0.418116,0.400968,1.418863,0.834371
0.68836,0.360248,0.381631,1.395059,0.92697
0.68836,0.350942,0.362663,1.367912,1.042748
0.640684,0.306179,0.307802,1.341625,1.163125
0.732354,0.241758,0.244312,1.318546,1.287738
0.640684,0.193493,0.201205,1.302422,1.418648
0.68836,0.181128,0.176803,1.297028,1.544177
0.590057,0.158258,0.15361,1.29659,1.668512
0.537447,0.128419,0.107595,1.29659,1.778159
0.430896,0.107345,0.099503,1.297465,1.794375
0.284837,0.12394,0.122583,1.318265,1.891159
0.284837,0.163746,0.173328,1.362375,2.00025
0.284837,0.206491,0.197843,1.425387,2.086764
0.24329,0.187231,0.197366,1.498134,2.14827
0.206057,0.206491,0.19689,1.571855,2.185658
0.24329,0.249281,0.253874,1.634355,2.189725
0.24329,0.249281,0.238803,1.714866,2.189725
0.206057,0.181128,0.150508,1.78877,2.18788
0.24329,0.17518,0.172898,1.913082,2.160555
0.284837,0.17518,0.173328,1.99002,2.117003
0.284837,0.169386,0.173328,2.0418,2.082175
0.537447,0.187231,0.20024,2.065425,2.0555
0.590057,0.181128,0.188012,2.108296,2.004458
0.68836,0.199912,0.201689,2.135782,1.955829
0.732354,0.249281,0.259612,2.164468,1.910356
0.732354,0.241758,0.244312,2.177572,1.875846
0.772192,0.360248,0.383052,2.178019,1.864492
0.807658,0.341743,0.364751,2.178019,1.864492
0.772192,0.418116,0.422084,2.176742,1.864492
0.772192,0.418116,0.422084,2.168117,1.868785
0.807658,0.468201,0.462861,2.151649,1.880623
0.772192,0.468201,0.462114,2.10706,1.91988
0.807658,0.58908,0.603372,2.04666,1.967188
0.732354,0.57921,0.562455,1.981868,2.007988
0.732354,0.559291,0.562455,1.895114,2.049628
0.732354,0.627773,0.640126,1.777328,2.090834
0.772192,0.608599,0.621924,1.674021,2.119184
0.68836,0.716864,0.710473,1.556323,2.144216
0.640684,0.716864,0.726288,1.447056,2.164
0.68836,0.804788,0.799769,1.343686,2.164
0.68836,0.798325,0.799769,1.234752,2.164
0.640684,0.784927,0.799287,1.132966,2.15675
0.590057,0.763639,0.771437,1.03617,2.125558
0.640684,0.865694,0.866344,0.960283,2.076569
0.590057,0.81724,0.811537,0.895273,2.003138
0.537447,0.82323,0.823205,0.843019,1.919483
0.537447,0.82323,0.823205,0.799226,1.816524
0.483989,0.82323,0.784422,0.762282,1.709631
0.483989,0.811092,0.810616,0.753197,1.604186
0.430896,0.791707,0.79735,0.747804,1.49883
0.430896,0.777988,0.783913,0.746,1.376253
0.430896,0.834745,0.783913,0.746,1.3291
0.330381,0.81724,0.821448,0.746,1.239923
0.284837,0.784927,0.795888,0.746628,1.114141
0.284837,0.748658,0.76824,0.756706,1.00177
0.24329,0.733064,0.737498,0.785799,0.910281
0.284837,0.673887,0.670674,0.829099,0.834946
0.24329,0.673887,0.651816,0.875579,0.75539
0.206057,0.655786,0.651133,0.947401,0.6939
0.206057,0.682752,0.669344,1.033324,0.642412
0.24329,0.61823,0.614115,1.125922,0.613668
0.173218,0.598879,0.612689,1.229618,0.592381
0.173218,0.57921,0.573523,1.345,0.583973
0.144659,0.508784,0.512409,1.460203,0.583964
0.206057,0.529064,0.534161,1.582356,0.583964
0.173218,0.44803,0.452412,1.681741,0.583964
0.173218,0.408264,0.412578,1.786367,0.592953
0.173218,0.388792,0.393049,1.893115,0.616629
0.24329,0.350942,0.356431,1.984819,0.657267
0.24329,0.332663,0.356431,2.056766,0.705954
0.284837,0.289192,0.303335,2.11233,0.75933
0.24329,0.360248,0.375265,2.151264,0.819846
0.330381,0.341743,0.339377,2.174632,0.887266
0.483989,0.323705,0.323388,2.176918,0.958032
0.640684,0.314874,0.307802,2.176918,1.050534
0.68836,0.297616,0.291398,2.176918,1.119793
0.732354,0.280912,0.275521,2.173875,1.194625
0.807658,0.306179,0.310371,2.162818,1.246114
0.807658,0.323705,0.346152,2.130661,1.306612
0.807658,0.341743,0.346152,2.087428,1.368999
0.838755,0.369665,0.365448,2.035158,1.435477
0.865661,0.478329,0.4846,1.977996,1.4993
0.838755,0.468201,0.463609,1.918047,1.564543
0.807658,0.508784,0.50339,1.84246,1.643215
0.807658,0.518934,0.523671,1.747993,1.738533
0.807658,0.539175,0.543874,1.662978,1.826614
0.807658,0.529064,0.523671,1.579014,1.914335
0.807658,0.56928,0.563934,1.495961,1.975974
0.772192,0.549253,0.583056,1.397263,2.040299
0.68836,0.673887,0.742704,1.309197,2.108693
0.772192,0.608599,0.602652,1.237386,2.174159
0.732354,0.646557,0.640126,1.103027,2.237108
0.68836,0.691487,0.69349,1.010669,2.246992
0.68836,0.756227,0.69349,0.929087,2.246992
0.68836,0.708545,0.710473,0.857122,2.246992
0.68836,0.733064,0.742704,0.764485,2.237662
0.640684,0.725038,0.742129,0.700219,2.192594
0.640684,0.756227,0.771967,0.6543,2.1305
0.590057,0.798325,0.785438,0.628,2.055527
0.590057,0.784927,0.798804,0.626,1.98632
0.537447,0.82323,0.811077,0.626,1.896468
0.590057,0.834745,0.823643,0.626,1.786309
0.537447,0.82323,0.823205,0.633723,1.677384
0.537447,0.811092,0.811077,0.657706,1.567729
0.537447,0.784927,0.78493,0.681427,1.46501
0.537447,0.740936,0.756253,0.702042,1.356039
0.430896,0.770891,0.769843,0.719657,1.241736
0.483989,0.756227,0.755698,0.736207,1.137689
0.379345,0.763639,0.76931,0.756356,1.037992
0.430896,0.770891,0.769843,0.790163,0.919767
0.330381,0.763639,0.768775,0.834472,0.82246
0.430896,0.740936,0.755142,0.873862,0.764785
0.483989,0.691487,0.690927,0.930908,0.715331
0.430896,0.700083,0.690285,0.991203,0.683348
0.430896,0.673887,0.672663,1.062114,0.660614
0.330381,0.627773,0.634565,1.140192,0.6555
0.430896,0.608599,0.635959,1.219846,0.6555
0.330381,0.498627,0.516165,1.296405,0.6555
0.430896,0.498627,0.477093,1.372375,0.6625
0.379345,0.428033,0.416226,1.415631,0.678277
0.379345,0.418116,0.436079,1.439473,0.701508
0.430896,0.398486,0.397361,1.452317,0.733338
0.379345,0.332663,0.322074,1.471336,0.774666
0.379345,0.280912,0.287686,1.493425,0.828414
0.284837,0.289192,0.270151,1.518914,0.892231
0.379345,0.256962,0.240447,1.542176,0.965293
0.284837,0.193493,0.185273,1.570187,1.055662
0.284837,0.163746,0.162001,1.628154,1.172975
0.330381,0.187231,0.185727,1.681121,1.240861
0.379345,0.115383,0.114724,1.745981,1.328944
0.430896,0.14269,0.132621,1.801499,1.420741
0.379345,0.128419,0.123231,1.8524,1.5149
0.537447,0.17518,0.12421,1.901261,1.611476
0.640684,0.181128,0.188471,1.94581,1.689685
0.68836,0.152922,0.176803,1.964733,1.768415
0.732354,0.152922,0.154786,1.989546,1.864058
0.732354,0.213225,0.229635,1.996558,1.946387
0.772192,0.199912,0.202659,1.997302,2.036394
0.772192,0.306179,0.309727,1.997302,2.094875
0.807658,0.289192,0.310371,1.994488,2.1609
0.807658,0.350942,0.364751,1.978565,2.213006
0.838755,0.314874,0.328675,1.943755,2.250674
0.838755,0.341743,0.365448,1.9008,2.27518
0.807658,0.508784,0.523671,1.840163,2.306727
0.865661,0.478329,0.4846,1.762403,2.327826
0.838755,0.529064,0.463609,1.663272,2.350928
0.807658,0.498627,0.523671,1.542406,2.372277
0.772192,0.518934,0.522921,1.427403,2.381138
0.807658,0.518934,0.523671,1.306169,2.389848
0.838755,0.549253,0.564674,1.201006,2.390274
0.772192,0.608599,0.621924,1.091807,2.390274
0.772192,0.637217,0.677281,0.987657,2.388491
0.772192,0.646557,0.659285,0.888064,2.372586
0.732354,0.691487,0.694129,0.808371,2.33859
0.732354,0.708545,0.711091,0.742214,2.290933
0.640684,0.763639,0.742129,0.703208,2.23875
0.640684,0.756227,0.75736,0.665746,2.157654
0.640684,0.798325,0.771967,0.644926,2.059966
0.590057,0.784927,0.785438,0.642,1.950033
0.640684,0.798325,0.785944,0.642,1.834312
0.590057,0.834745,0.835129,0.642,1.735067
0.640684,0.829063,0.811997,0.644914,1.607699
0.590057,0.804788,0.811537,0.65025,1.49572
0.537447,0.804788,0.811077,0.657176,1.391622
0.537447,0.82323,0.811077,0.663944,1.349266
0.537447,0.811092,0.823205,0.691919,1.212235
0.483989,0.811092,0.822767,0.727418,1.073231
0.483989,0.804788,0.810616,0.756633,0.98486
0.590057,0.798325,0.798804,0.808683,0.891507
0.483989,0.784927,0.770375,0.867587,0.802544
0.537447,0.700083,0.673986,0.92512,0.7458
0.640684,0.691487,0.69285,0.98625,0.738
0.537447,0.61823,0.63735,1.032236,0.738
0.590057,0.673887,0.656578,1.074917,0.73909
0.640684,0.608599,0.657256,1.112751,0.785255
0.68836,0.559291,0.561714,1.130738,0.845689
0.68836,0.559291,0.541635,1.169532,0.919629
0.732354,0.529064,0.542382,1.169532,1.003
0.732354,0.498627,0.522171,1.17062,1.1179
0.732354,0.438008,0.481596,1.183678,1.242861
0.772192,0.408264,0.422084,1.1865,1.376683
0.772192,0.408264,0.402413,1.1865,1.50258
0.772192,0.323705,0.345471,1.247306,1.619989
0.807658,0.280912,0.276723,1.296576,1.736899
0.807658,0.280912,0.293264,1.312317,1.850773
0.865661,0.289192,0.261931,1.345963,1.948082
0.807658,0.181128,0.17812,1.388906,2.051289
0.732354,0.152922,0.154786,1.432933,2.124437
0.732354,0.163746,0.154786,1.454303,2.182954
0.640684,0.12394,0.134011,1.47043,2.224898
0.537447,0.096213,0.100043,1.483849,2.257066
0.483989,0.086123,0.092714,1.509728,2.288736
0.483989,0.089375,0.092714,1.573026,2.305459
0.24329,0.147733,0.140782,1.642136,2.305459
0.24329,0.119595,0.131244,1.742605,2.305459
0.173218,0.234388,0.223313,1.837802,2.301951
0.173218,0.249281,0.252736,1.913717,2.276485
0.173218,0.280912,0.284615,2.026929,2.237605
0.173218,0.289192,0.284615,2.105488,2.182404
0.206057,0.388792,0.355741,2.178654,2.085473
0.206057,0.57921,0.554298,2.251704,1.97711
0.173218,0.57921,0.553555,2.293411,1.869533
0.173218,0.56928,0.573523,2.316861,1.781999
0.206057,0.608599,0.593979,2.328414,1.67254
0.24329,0.637217,0.633169,2.337705,1.5525
0.206057,0.673887,0.669344,2.34225,1.428291
0.206057,0.700083,0.687061,2.3435,1.311891
0.24329,0.725038,0.752911,2.342694,1.190655
0.173218,0.700083,0.686414,2.340735,1.068063
0.284837,0.777988,0.76824,2.332294,0.971287
0.330381,0.756227,0.754029,2.307875,0.883741
0.330381,0.770891,0.768775,2.278071,0.817854
0.379345,0.791707,0.796864,2.230975,0.751969
0.379345,0.798325,0.783403,2.171117,0.692701
0.430896,0.811092,0.822328,2.090277,0.658017
0.590057,0.860899,0.85629,1.993992,0.627664
0.483989,0.840274,0.845221,1.898348,0.610131
0.590057,0.855962,0.865995,1.796034,0.594315
0.537447,0.874863,0.874812,1.703994,0.578563
0.537447,0.874863,0.874812,1.596085,0.560538
0.590057,0.895463,0.891832,1.472191,0.5551
0.590057,0.891598,0.883746,1.358734,0.5551
0.483989,0.874863,0.874482,1.265834,0.5551
0.483989,0.865694,0.874482,1.177092,0.555906
0.537447,0.874863,0.865646,1.090124,0.5587
0.537447,0.845652,0.845614,1.004007,0.559634
0.590057,0.811092,0.823643,0.928767,0.566335
0.483989,0.811092,0.810616,0.871529,0.5735
0.483989,0.740936,0.740399,0.849442,0.5735
0.430896,0.725038,0.72389,0.8485,0.5736
0.430896,0.691487,0.70737,0.8485,0.575
0.330381,0.518934,0.536405,0.8525,0.576
0.330381,0.529064,0.516165,0.886999,0.576
0.24329,0.478329,0.474093,0.945894,0.577023
0.206057,0.418116,0.413307,1.01975,0.587386
0.24329,0.428033,0.433862,1.102227,0.608258
0.330381,0.350942,0.339377,1.231029,0.648044
0.24329,0.306179,0.3027,1.322272,0.677497
0.24329,0.227175,0.210545,1.439707,0.719128
0.206057,0.158258,0.161186,1.559299,0.763476
0.284837,0.14269,0.151278,1.64743,0.805557
0.206057,0.152922,0.150508,1.763218,0.880749
0.379345,0.17518,0.174192,1.85063,0.95226
0.430896,0.137791,0.174625,1.943915,1.032621
0.640684,0.152922,0.154001,2.023075,1.118612
0.640684,0.169386,0.164879,2.069348,1.178728
0.732354,0.17518,0.177241,2.107148,1.276529
0.807658,0.181128,0.190318,2.136273,1.406741
0.807658,0.306179,0.310371,2.16511,1.517956
0.807658,0.306179,0.310371,2.1782,1.634006
0.807658,0.306179,0.310371,2.1782,1.724409
0.838755,0.360248,0.365448,2.1782,1.822853
0.807658,0.398486,0.403136,2.171597,1.944218
0.838755,0.428033,0.423551,2.129298,2.038475
0.807658,0.428033,0.422817,2.10125,2.085125
0.838755,0.418116,0.504142,2.052018,2.125754
0.807658,0.478329,0.462861,1.973016,2.171402
0.772192,0.458098,0.462114,1.887118,2.21543
0.772192,0.508784,0.522921,1.773195,2.25473
0.772192,0.529064,0.522921,1.679875,2.2685
0.732354,0.559291,0.562455,1.572516,2.289732
0.732354,0.61823,0.621216,1.455212,2.318937
0.732354,0.725038,0.711091,1.368702,2.347038
0.68836,0.691487,0.69349,1.282904,2.353921
0.68836,0.716864,0.726885,1.18525,2.353921
0.640684,0.763639,0.75736,1.083937,2.353589
0.590057,0.708545,0.709234,1.003985,2.337539
0.537447,0.777988,0.78493,0.946865,2.2979
0.590057,0.82323,0.835129,0.912894,2.242296
0.590057,0.82323,0.823643,0.887704,2.172985
0.537447,0.811092,0.79832,0.800667,2.084155
0.590057,0.798325,0.785438,0.778375,1.982285
0.537447,0.791707,0.756253,0.760732,1.846977
0.483989,0.791707,0.797835,0.756266,1.731
0.483989,0.777988,0.784422,0.756266,1.635549
0.483989,0.770891,0.784422,0.756266,1.539586
0.430896,0.798325,0.783913,0.762119,1.430871
0.430896,0.784927,0.783913,0.768017,1.349997
0.330381,0.784927,0.796376,0.776436,1.231406
0.379345,0.770891,0.76931,0.793375,1.119875
0.430896,0.770891,0.769843,0.828237,1.005748
0.430896,0.740936,0.73982,0.881625,0.916738
0.483989,0.756227,0.740399,0.929871,0.836776
0.430896,0.756227,0.73982,0.980192,0.775559
0.483989,0.637217,0.655221,1.021051,0.732985
0.537447,0.61823,0.618382,1.094351,0.69471
0.483989,0.57921,0.578663,1.173759,0.671985
0.590057,0.559291,0.560233,1.253877,0.660206
0.537447,0.478329,0.498879,1.305255,0.658844
0.640684,0.478329,0.480095,1.342652,0.658844
0.590057,0.498627,0.479344,1.380722,0.659444
0.640684,0.428033,0.419884,1.401336,0.677956
0.640684,0.388792,0.380922,1.404302,0.7208
0.68836,0.360248,0.362663,1.404302,0.746
0.640684,0.306179,0.325366,1.404302,0.768781
0.732354,0.289192,0.309085,1.400169,0.864405
0.772192,0.249281,0.244868,1.384792,0.953314
0.807658,0.206491,0.216606,1.359236,1.080276
0.772192,0.187231,0.202659,1.341668,1.223521
0.68836,0.158258,0.154393,1.3318,1.353404
0.68836,0.14269,0.154393,1.331,1.4945
0.537447,0.14269,0.133315,1.331,1.621417
0.330381,0.128419,0.098966,1.33142,1.732148
0.206057,0.14269,0.140419,1.344801,1.826514
0.284837,0.187231,0.197843,1.379536,1.928191
0.24329,0.193493,0.184819,1.416446,2.019716
0.330381,0.256962,0.270744,1.4615,2.074959
0.24329,0.272781,0.269559,1.522798,2.140037
0.206057,0.272781,0.268967,1.596325,2.190809
0.24329,0.297616,0.3027,1.695694,2.20764
0.206057,0.332663,0.37456,1.779163,2.20764
0.173218,0.332663,0.3188,1.873028,2.20764
0.144659,0.488471,0.451667,1.969557,2.198602
0.144659,0.488471,0.492114,2.038772,2.168316
0.173218,0.518934,0.492865,2.109827,2.111967
0.24329,0.61823,0.614115,2.167985,2.048558
0.173218,0.56928,0.573523,2.218808,1.970895
0.206057,0.608599,0.613402,2.256255,1.889256
0.173218,0.725038,0.720269,2.281949,1.806393
0.24329,0.655786,0.633169,2.289093,1.708241
0.206057,0.664895,0.669344,2.291464,1.591426
0.24329,0.664895,0.670009,2.291464,1.487541
0.24329,0.691487,0.687707,2.291464,1.375114
0.330381,0.682752,0.671338,2.289982,1.295554
0.284837,0.691487,0.670674,2.28005,1.184765
0.379345,0.691487,0.706747,2.260993,1.074838
0.379345,0.637217,0.635262,2.227069,0.975277
0.379345,0.58908,0.596877,2.186981,0.893998
0.379345,0.549253,0.537153,2.145777,0.829772
0.483989,0.539175,0.518418,2.100184,0.773188
0.537447,0.458098,0.478594,2.058409,0.760535
0.483989,0.518934,0.518418,1.991503,0.760535
0.430896,0.398486,0.416957,1.927837,0.760535
0.483989,0.398486,0.378797,1.849415,0.773709
0.537447,0.323705,0.324047,1.779573,0.823154
0.537447,0.241758,0.342079,1.733045,0.879203
0.640684,0.241758,0.243204,1.692805,0.950585
0.732354,0.241758,0.229635,1.667521,1.028884
0.772192,0.249281,0.26019,1.654069,1.120462
0.732354,0.256962,0.259612,1.641474,1.221881
0.732354,0.249281,0.244312,1.62595,1.315327
0.807658,0.297616,0.293264,1.612653,1.43553
0.807658,0.289192,0.293264,1.603191,1.556019
0.807658,0.369665,0.383763,1.589157,1.639743
0.838755,0.408264,0.423551,1.558706,1.749258
0.807658,0.468201,0.442746,1.515929,1.861157
0.865661,0.44803,0.464357,1.47006,1.972728
0.807658,0.518934,0.50339,1.41775,2.068904
0.807658,0.488471,0.483098,1.392638,2.123194
0.772192,0.518934,0.502638,1.37622,2.133365
0.772192,0.529064,0.563195,1.344903,2.161252
0.732354,0.57921,0.582325,1.254561,2.1695
0.732354,0.637217,0.621216,1.176788,2.1695
0.732354,0.637217,0.640126,1.102503,2.1695
0.68836,0.700083,0.657933,1.050548,2.149218
0.732354,0.725038,0.727482,1.008506,2.114338
0.68836,0.691487,0.69349,0.86168,2.083656
0.590057,0.740936,0.741553,0.797954,2.040098
0.640684,0.756227,0.742129,0.77918,1.935403
0.640684,0.770891,0.771967,0.771355,1.826867
0.537447,0.82323,0.811077,0.768662,1.699298
0.590057,0.845652,0.835129,0.767395,1.626094
0.537447,0.82323,0.823205,0.762227,1.523147
0.537447,0.850879,0.865646,0.75068,1.391104
0.537447,0.855962,0.855919,0.745723,1.262343
0.537447,0.81724,0.823205,0.745723,1.144131
0.537447,0.784927,0.78493,0.745723,1.025923
0.483989,0.784927,0.784422,0.749149,0.925525
0.379345,0.791707,0.76931,0.777277,0.85299
0.379345,0.748658,0.754586,0.821097,0.793279
0.330381,0.733064,0.738661,0.863921,0.75167
0.330381,0.748658,0.738661,0.926773,0.717455
0.24329,0.673887,0.651816,1.008809,0.6918
0.173218,0.646557,0.631771,1.104181,0.668875
0.173218,0.627773,0.631771,1.186833,0.654436
0.120124,0.559291,0.531915,1.29437,0.63891
0.206057,0.488471,0.473343,1.372459,0.628715
0.206057,0.44803,0.433124,1.465939,0.622774
0.173218,0.408264,0.373856,1.57758,0.622774
0.144659,0.360248,0.354364,1.653302,0.622774
0.120124,0.350942,0.353676,1.769551,0.629265
0.173218,0.314874,0.301432,1.87455,0.673462
0.206057,0.256962,0.253304,1.997061,0.718716
0.24329,0.193493,0.161593,2.078885,0.772946
0.206057,0.220121,0.210046,2.167245,0.822568
0.330381,0.193493,0.198321,2.227081,0.883707
0.379345,0.107345,0.106732,2.264563,0.978928
0.537447,0.14269,0.133315,2.329808,1.080373
0.483989,0.158258,0.152829,2.407667,1.182294
0.483989,0.14269,0.123883,2.415605,1.27206
0.590057,0.12394,0.124537,2.416459,1.368644
0.640684,0.133036,0.134011,2.416542,1.4565
0.68836,0.128419,0.125194,2.414747,1.551675
0.640684,0.147733,0.143717,2.41208,1.631123
0.68836,0.14269,0.144088,2.380369,1.762458
0.590057,0.14269,0.143348,2.282734,1.888953
0.640684,0.152922,0.154001,2.205674,1.989719
0.483989,0.187231,0.175059,2.146183,2.089651
0.483989,0.227175,0.226986,2.078,2.184375
0.483989,0.289192,0.272529,2.0216,2.252367
0.379345,0.280912,0.271339,1.959103,2.311308
0.483989,0.272781,0.288921,1.892677,2.346373
0.379345,0.306179,0.304608,1.857851,2.349411
0.330381,0.379182,0.395922,1.807341,2.349411
0.330381,0.398486,0.415496,1.775147,2.349411
0.330381,0.498627,0.495872,1.757844,2.34327
0.284837,0.508784,0.474843,1.7466,2.3238
0.330381,0.559291,0.556525,1.74525,2.285913
0.430896,0.58908,0.5976,1.745,2.217652
0.430896,0.608599,0.5976,1.745,2.143433
0.24329,0.740936,0.767705,1.745,2.039119
0.430896,0.740936,0.755142,1.7468,1.933085
0.483989,0.740936,0.740399,1.7475,1.808049
0.537447,0.756227,0.756253,1.7475,1.685923
0.483989,0.834745,0.834299,1.7477,1.571634
0.430896,0.840274,0.833883,1.743131,1.458866
0.483989,0.82323,0.834299,1.737731,1.350871
0.483989,0.855962,0.845221,1.7287,1.22375
0.537447,0.865694,0.865646,1.691492,1.097303
0.483989,0.865694,0.855548,1.646112,1.017625
0.537447,0.834745,0.845614,1.588822,0.936211
0.590057,0.82323,0.823643,1.531323,0.858935
0.640684,0.791707,0.785944,1.470149,0.803485
0.640684,0.798325,0.811997,1.394609,0.755315
0.732354,0.784927,0.786954,1.326956,0.717612
0.640684,0.784927,0.785944,1.270113,0.688614
0.68836,0.784927,0.772496,1.20008,0.669735
0.732354,0.682752,0.694129,1.13762,0.668057
0.732354,0.61823,0.621216,1.053645,0.668057
0.807658,0.646557,0.64151,0.978159,0.668057
0.807658,0.655786,0.659961,0.929946,0.67743
0.807658,0.725038,0.759563,0.88844,0.708134
0.838755,0.61823,0.564674,0.841432,0.749019
0.838755,0.627773,0.623337,0.796298,0.808801
0.807658,0.57921,0.603372,0.75569,0.89495
0.838755,0.549253,0.564674,0.738973,0.968471
0.838755,0.529064,0.564674,0.722269,1.072363
0.807658,0.488471,0.50339,0.705813,1.17473
0.838755,0.468201,0.463609,0.688972,1.27538
0.838755,0.398486,0.40386,0.666221,1.394621
0.807658,0.350942,0.346152,0.64238,1.5158
0.807658,0.332663,0.346152,0.619552,1.633137
0.807658,0.323705,0.310371,0.60525,1.728969
0.732354,0.314874,0.309085,0.603,1.821012
0.732354,0.297616,0.309085,0.603,1.915286
0.640684,0.249281,0.274322,0.603096,1.983956
0.68836,0.187231,0.201689,0.610117,2.047186
0.590057,0.187231,0.200722,0.63146,2.088898
0.483989,0.158258,0.163641,0.674707,2.130741
0.430896,0.256962,0.305245,0.733201,2.160578
0.430896,0.199912,0.186638,0.808135,2.181758
0.483989,0.249281,0.241547,0.887062,2.191241
0.24329,0.264796,0.253874,0.899367,2.192
0.24329,0.289192,0.285841,0.988693,2.192
0.206057,0.341743,0.285228,1.124875,2.1915
0.206057,0.408264,0.393766,1.255513,2.183787
0.206057,0.438008,0.493617,1.383312,2.16643
0.24329,0.468201,0.474093,1.481242,2.147084
0.206057,0.529064,0.513912,1.565689,2.116442
0.173218,0.539175,0.553555,1.640749,2.083307
0.173218,0.56928,0.533412,1.739509,2.035057
0.144659,0.598879,0.631071,1.835769,1.988911
0.206057,0.637217,0.63247,1.923722,1.930457
0.24329,0.655786,0.651816,2.025368,1.858211
0.24329,0.682752,0.670009,2.079412,1.787796
0.206057,0.700083,0.704248,2.135486,1.694331
0.284837,0.708545,0.705499,2.182359,1.59241
0.330381,0.733064,0.738661,2.23475,1.4826
0.284837,0.740936,0.73808,2.253302,1.374739
0.379345,0.756227,0.739241,2.253302,1.26744
0.284837,0.756227,0.75347,2.253302,1.131726
0.430896,0.82323,0.810154,2.252376,1.031241
0.430896,0.811092,0.810154,2.236,0.939091
0.430896,0.798325,0.810154,2.218118,0.852688
0.537447,0.811092,0.78493,2.191828,0.790077
0.537447,0.804788,0.79832,2.150334,0.717022
0.430896,0.784927,0.783913,2.108007,0.660902
0.590057,0.770891,0.756807,2.046426,0.621092
0.640684,0.770891,0.771967,1.974053,0.589538
0.640684,0.740936,0.75736,1.906642,0.567169
0.640684,0.756227,0.75736,1.813388,0.555955
0.68836,0.748658,0.757912,1.733501,0.55594
0.732354,0.708545,0.711091,1.636592,0.55594
0.732354,0.655786,0.65861,1.532998,0.556565
0.772192,0.682752,0.677281,1.431327,0.574814
0.772192,0.655786,0.659285,1.342804,0.607395
0.807658,0.655786,0.659961,1.264875,0.648625
0.807658,0.61823,0.622631,1.19997,0.705497
0.807658,0.61823,0.622631,1.120032,0.765794
0.807658,0.58908,0.603372,1.038059,0.840359
0.807658,0.539175,0.543874,0.955143,0.939961
0.838755,0.508784,0.524421,0.880596,1.028614
0.807658,0.478329,0.483098,0.827173,1.119256
0.838755,0.468201,0.483849,0.766938,1.207
0.838755,0.458098,0.463609,0.714189,1.2811
0.838755,0.468201,0.443488,0.67547,1.37157
0.838755,0.468201,0.483849,0.649022,1.471581
0.838755,0.468201,0.463609,0.632397,1.574343
0.807658,0.598879,0.483098,0.630556,1.662539
0.772192,0.529064,0.522921,0.630556,1.765604
0.772192,0.529064,0.563195,0.630556,1.861697
0.68836,0.539175,0.541635,0.634692,1.942006
0.68836,0.56928,0.581593,0.644221,2.011867
0.640684,0.637217,0.657256,0.660947,2.077389
0.590057,0.673887,0.580129,0.689006,2.129612
0.537447,0.598879,0.599046,0.714166,2.146621
0.537447,0.673887,0.691569,0.736235,2.146621
0.430896,0.655786,0.654541,0.751454,2.146621
0.430896,0.673887,0.672663,0.765706,2.141602
0.430896,0.664895,0.635959,0.785957,2.092353
0.379345,0.691487,0.689641,0.815099,2.017923
0.284837,0.733064,0.722083,0.846088,1.930806
0.284837,0.733064,0.722083,0.881361,1.822855
0.284837,0.725038,0.722083,0.9125,1.73625
0.330381,0.682752,0.671338,0.9361,1.6747
0.206057,0.637217,0.63247,0.976766,1.587651
0.206057,0.646557,0.63247,1.051613,1.455287
0.173218,0.646557,0.65045,1.133858,1.328828
0.206057,0.608599,0.613402,1.218486,1.211298
0.206057,0.58908,0.593979,1.313922,1.085479
0.144659,0.518934,0.512409,1.385931,0.9917
0.206057,0.488471,0.473343,1.494082,0.874818
0.173218,0.418116,0.412578,1.591024,0.795484
0.144659,0.428033,0.431648,1.681184,0.747243
0.206057,0.306179,0.302066,1.776879,0.697852
0.206057,0.249281,0.253304,1.840525,0.665973
0.144659,0.220121,0.222792,1.931349,0.659
0.144659,0.213225,0.222792,2.028992,0.659
0.24329,0.147733,0.150893,2.11,0.6608
0.330381,0.096213,0.098966,2.179125,0.695
0.379345,0.099803,0.099234,2.226117,0.730108
0.206057,0.12394,0.121938,2.269218,0.795872
0.640684,0.12394,0.124865,2.315597,0.88422
0.640684,0.152922,0.164879,2.339432,0.985668
0.838755,0.17518,0.190782,2.36575,1.1015
0.807658,0.199912,0.190318,2.376364,1.224101
0.807658,0.272781,0.190318,2.377,1.357062
0.772192,0.289192,0.292641,2.377,1.460682
0.838755,0.306179,0.328675,2.376206,1.564304
0.772192,0.398486,0.422084,2.374466,1.638786
0.838755,0.44803,0.463609,2.354886,1.736152
0.838755,0.44803,0.443488,2.312,1.879
0.838755,0.458098,0.463609,2.279873,1.975406
0.838755,0.438008,0.443488,2.212802,2.076518
0.865661,0.438008,0.444231,2.127775,2.175044
0.807658,0.379182,0.422817,2.05661,2.2461
0.838755,0.418116,0.365448,1.959325,2.310031
0.807658,0.369665,0.364751,1.86925,2.344625
0.807658,0.350942,0.364751,1.77149,2.362707
0.772192,0.360248,0.364054,1.636417,2.38432
0.732354,0.379182,0.382341,1.511,2.395783
0.430896,0.408264,0.397361,1.394793,2.401236
0.483989,0.379182,0.378797,1.265139,2.408695
0.537447,0.478329,0.379505,1.135429,2.410986
0.379345,0.539175,0.537153,1.028375,2.412773
0.330381,0.61823,0.615539,0.9127,2.413883
0.379345,0.468201,0.476343,0.829544,2.413627
0.24329,0.56928,0.534909,0.789417,2.413
0.206057,0.559291,0.554298,0.7875,2.412375
0.206057,0.549253,0.554298,0.7875,2.398491
0.206057,0.56928,0.574258,0.7819,2.364616
0.284837,0.646557,0.652498,0.818833,2.321803
0.173218,0.598879,0.593254,0.901392,2.270463
0.173218,0.57921,0.573523,0.999771,2.172134
0.206057,0.61823,0.593979,1.070389,2.089436
0.173218,0.61823,0.612689,1.147041,1.989096
0.173218,0.61823,0.612689,1.211952,1.898125
0.206057,0.58908,0.593979,1.268479,1.802266
0.173218,0.549253,0.533412,1.343208,1.690131
0.173218,0.478329,0.492865,1.398247,1.584556
0.173218,0.44803,0.432385,1.452361,1.471925
0.120124,0.468201,0.471095,1.514289,1.384855
0.173218,0.388792,0.373856,1.586059,1.274792
0.173218,0.341743,0.336686,1.6602,1.175417
0.206057,0.306179,0.319453,1.742917,1.083367
0.206057,0.280912,0.268967,1.81584,1.007625
0.206057,0.163746,0.172468,1.882044,0.945439
0.330381,0.092737,0.098966,1.965861,0.882996
0.379345,0.107345,0.106732,2.049534,0.830204
0.483989,0.111301,0.107307,2.122994,0.794022
0.483989,0.115383,0.115336,2.190875,0.785889
0.379345,0.128419,0.141877,2.315665,0.785889
0.590057,0.14269,0.143348,2.3807,0.785889
0.590057,0.163746,0.164465,2.415622,0.79416
0.68836,0.137791,0.144088,2.43558,0.839338
0.590057,0.152922,0.15361,2.444607,0.905419
0.68836,0.14269,0.144088,2.444861,0.972807
0.483989,0.199912,0.175059,2.444861,1.0646
0.483989,0.17518,0.175059,2.443736,1.166913
0.590057,0.187231,0.175929,2.432598,1.267288
0.483989,0.187231,0.175059,2.430244,1.365193
0.483989,0.264796,0.256732,2.43,1.470705
0.379345,0.418116,0.396642,2.429742,1.577859
0.330381,0.418116,0.376676,2.429004,1.667745
0.24329,0.478329,0.474093,2.425564,1.760354
0.330381,0.559291,0.576462,2.37325,1.859875
0.379345,0.58908,0.596877,2.299753,1.961346
0.330381,0.646557,0.634565,2.237469,2.038503
0.430896,0.682752,0.672663,2.179806,2.137407
0.430896,0.756227,0.755142,2.09868,2.221627
0.483989,0.770891,0.770375,2.021867,2.293746
0.379345,0.798325,0.796864,1.947541,2.344997
0.483989,0.82323,0.810616,1.892055,2.369
0.590057,0.850879,0.85629,1.867485,2.369
0.537447,0.845652,0.845614,1.828889,2.369
0.537447,0.845652,0.855919,1.789812,2.366318
0.537447,0.855962,0.845614,1.769226,2.350692
0.590057,0.834745,0.835129,1.7555,2.327
0.772192,0.784927,0.773551,1.755,2.27709
0.68836,0.740936,0.757912,1.755,2.208746
0.68836,0.756227,0.757912,1.755026,2.122373
0.68836,0.748658,0.757912,1.757721,2.047676
0.732354,0.740936,0.743278,1.7627,1.988035
0.732354,0.725038,0.711091,1.772115,1.871929
0.772192,0.700083,0.694767,1.774,1.734508
0.838755,0.708545,0.696041,1.774,1.613053
0.807658,0.627773,0.64151,1.773702,1.47003
0.838755,0.598879,0.623337,1.764263,1.345228
0.838755,0.627773,0.623337,1.730198,1.219331
0.807658,0.57921,0.64151,1.683581,1.108606
0.865661,0.549253,0.545366,1.640638,1.02083
0.838755,0.518934,0.524421,1.569267,0.924489
0.838755,0.498627,0.504142,1.484625,0.854094
0.838755,0.478329,0.483849,1.400569,0.799538
0.838755,0.408264,0.40386,1.312222,0.752818
0.838755,0.388792,0.384474,1.249558,0.729711
0.838755,0.314874,0.328675,1.148062,0.728
0.838755,0.306179,0.311015,1.059375,0.728
0.838755,0.280912,0.311015,0.984945,0.733
0.807658,0.249281,0.26077,0.921375,0.77125
0.807658,0.206491,0.216606,0.87646,0.82466
0.772192,0.17518,0.166125,0.834031,0.893314
0.68836,0.193493,0.201689,0.802408,0.969997
0.732354,0.137791,0.144459,0.780917,1.072147
0.772192,0.111301,0.11719,0.75596,1.181756
0.68836,0.111301,0.108464,0.733494,1.285386
0.537447,0.099803,0.133315,0.696347,1.412182
0.330381,0.099803,0.098966,0.6875,1.504194
0.330381,0.092737,0.091957,0.6875,1.59985
0.24329,0.119595,0.113811,0.6875,1.70036
0.483989,0.115383,0.107307,0.69712,1.817234
0.537447,0.12394,0.12421,0.70491,1.912602
0.430896,0.163746,0.16323,0.706956,1.991572
0.590057,0.193493,0.188012,0.720087,2.06127
0.590057,0.227175,0.228043,0.738945,2.120847
0.537447,0.256962,0.242098,0.761892,2.167609
0.590057,0.332663,0.324706,0.786086,2.211983
0.68836,0.418116,0.440522,0.806303,2.244349
0.68836,0.418116,0.400968,0.841135,2.267363
0.640684,0.458098,0.439781,0.901926,2.284308
0.640684,0.478329,0.480095,0.985991,2.301306
0.590057,0.549253,0.540142,1.068463,2.31971
0.640684,0.559291,0.500383,1.167214,2.337981
0.68836,0.539175,0.561714,1.27653,2.353095
0.68836,0.58908,0.581593,1.377103,2.365087
0.640684,0.740936,0.742129,1.488124,2.367846
0.640684,0.763639,0.75736,1.589297,2.367846
0.640684,0.756227,0.771967,1.680935,2.367815
0.68836,0.770891,0.786449,1.775774,2.361693
0.590057,0.829063,0.823643,1.862393,2.34885
0.640684,0.874863,0.866344,1.957502,2.327104
0.590057,0.870348,0.835129,2.006207,2.317429
0.590057,0.845652,0.846006,2.0329,2.31639
0.537447,0.855962,0.855919,2.034,2.316193
0.590057,0.845652,0.835129,2.034,2.315362
0.537447,0.811092,0.823205,2.032,2.313727
0.537447,0.798325,0.78493,2.003906,2.3135
0.483989,0.82323,0.822767,1.947534,2.3134
0.430896,0.798325,0.810154,1.88375,2.296625
0.430896,0.756227,0.769843,1.846989,2.259328
0.330381,0.798325,0.821448,1.760625,2.210875
0.330381,0.725038,0.706123,1.708766,2.157278
0.284837,0.700083,0.705499,1.601278,2.033735
0.330381,0.691487,0.688997,1.506768,1.961604
0.173218,0.725038,0.703621,1.423869,1.882911
0.206057,0.682752,0.687061,1.343,1.8035
0.206057,0.655786,0.651133,1.290955,1.751557
0.206057,0.673887,0.651133,1.204419,1.665657
0.173218,0.637217,0.631771,1.123437,1.571971
0.120124,0.61823,0.630371,1.05463,1.480053
0.173218,0.608599,0.593254,0.980327,1.376523
0.173218,0.559291,0.573523,0.908624,1.281842
0.173218,0.559291,0.553555,0.838986,1.186012
0.206057,0.478329,0.473343,0.795583,1.106344
0.173218,0.44803,0.452412,0.744058,1.000924
0.173218,0.438008,0.412578,0.728,0.909521
0.144659,0.418116,0.392332,0.728,0.829955
0.206057,0.379182,0.413307,0.728,0.771172
0.144659,0.314874,0.300799,0.742607,0.724809
0.173218,0.256962,0.252736,0.791883,0.686302
0.144659,0.256962,0.237167,0.854542,0.651772
0.206057,0.187231,0.210046,0.940472,0.62075
0.173218,0.193493,0.183915,1.038725,0.601867
0.24329,0.152922,0.140782,1.143432,0.590314
0.330381,0.115383,0.106445,1.246908,0.580562
0.284837,0.119595,0.122583,1.354132,0.568917
0.483989,0.115383,0.107307,1.471052,0.551115
0.537447,0.111301,0.115643,1.5973,0.543409
0.590057,0.137791,0.143348,1.704621,0.543409
0.640684,0.169386,0.164879,1.799012,0.543409
0.68836,0.193493,0.201689,1.896791,0.545358
0.732354,0.193493,0.189393,1.986054,0.559156
0.732354,0.187231,0.202173,2.066143,0.578107
0.807658,0.234388,0.245424,2.138241,0.616826
0.772192,0.280912,0.292641,2.198474,0.668071
0.732354,0.297616,0.292019,2.221212,0.720295
0.772192,0.360248,0.402413,2.250363,0.797992
0.732354,0.323705,0.326687,2.291755,0.870496
0.732354,0.408264,0.40169,2.323896,0.975816
0.732354,0.438008,0.441263,2.353508,1.081283
0.772192,0.539175,0.583056,2.374828,1.167531
0.732354,0.559291,0.562455,2.420149,1.254986
0.732354,0.549253,0.562455,2.463375,1.343958
0.68836,0.58908,0.601211,2.498116,1.449295
0.68836,0.637217,0.639432,2.499727,1.550248
0.68836,0.682752,0.675965,2.499727,1.64225
0.68836,0.700083,0.710473,2.499627,1.750559
0.68836,0.756227,0.757912,2.488627,1.84627
0.68836,0.82323,0.812455,2.433031,1.941423
0.590057,0.81724,0.811537,2.365688,2.026546
0.640684,0.804788,0.799287,2.250062,2.109233
0.590057,0.834745,0.835129,2.160323,2.179442
0.483989,0.865694,0.855548,2.086409,2.238652
0.640684,0.845652,0.846398,1.999593,2.292037
0.590057,0.845652,0.85629,1.901905,2.331051
0.590057,0.845652,0.846006,1.796307,2.352583
0.590057,0.829063,0.823643,1.687858,2.355351
0.590057,0.784927,0.798804,1.590226,2.355351
0.537447,0.784927,0.78493,1.501046,2.355276
0.537447,0.770891,0.770907,1.407709,2.339621
0.537447,0.784927,0.770907,1.323805,2.298643
0.430896,0.798325,0.783913,1.261471,2.249502
0.430896,0.770891,0.73982,1.195311,2.193053
0.430896,0.784927,0.769843,1.125521,2.127119
0.430896,0.708545,0.70737,1.059008,2.041488
0.330381,0.733064,0.722686,1.006492,1.95502
0.330381,0.740936,0.738661,0.957312,1.859083
0.379345,0.733064,0.739241,0.915818,1.761739
0.284837,0.725038,0.722083,0.875168,1.65414
0.284837,0.740936,0.722083,0.839878,1.556517
0.284837,0.691487,0.705499,0.822708,1.442827
0.330381,0.664895,0.65318,0.815313,1.322662
0.330381,0.655786,0.65318,0.796364,1.222799
0.330381,0.627773,0.615539,0.77326,1.113588
0.330381,0.549253,0.536405,0.748523,1.021331
0.284837,0.478329,0.49512,0.704841,0.89815
0.379345,0.498627,0.476343,0.689,0.822081
0.430896,0.458098,0.456886,0.689,0.758586
0.430896,0.388792,0.397361,0.69,0.721009
0.483989,0.388792,0.378797,0.694125,0.694003
0.483989,0.341743,0.341403,0.738834,0.676427
0.590057,0.289192,0.257882,0.806549,0.666615
0.537447,0.213225,0.21356,0.89888,0.65518
0.640684,0.169386,0.164879,1.00982,0.64424
0.537447,0.163746,0.164053,1.111084,0.635226
0.640684,0.133036,0.143717,1.227149,0.627131
0.537447,0.14269,0.142979,1.340482,0.616232
0.590057,0.12394,0.124537,1.519125,0.600499
0.483989,0.115383,0.107307,1.686167,0.596618
0.430896,0.099803,0.099503,1.771711,0.596618
0.430896,0.119595,0.115029,1.847105,0.596618
0.173218,0.111301,0.105307,1.88975,0.607156
0.206057,0.115383,0.113508,1.893,0.643116
0.206057,0.137791,0.140419,1.893,0.687929
0.173218,0.163746,0.17204,1.882181,0.759368
0.206057,0.206491,0.19689,1.852856,0.856469
0.206057,0.213225,0.19689,1.847893,0.960096
0.206057,0.264796,0.253304,1.837839,1.071607
0.173218,0.297616,0.268376,1.831892,1.121179
0.144659,0.297616,0.318147,1.802014,1.212842
0.173218,0.360248,0.355052,1.763592,1.35693
0.144659,0.418116,0.411849,1.735353,1.482813
0.173218,0.428033,0.412578,1.716145,1.615609
0.173218,0.428033,0.432385,1.691929,1.746295
0.24329,0.57921,0.555041,1.687,1.853634
0.206057,0.559291,0.554298,1.687,1.952519
0.206057,0.608599,0.593979,1.6894,2.055255
0.206057,0.56928,0.574258,1.721768,2.119007
0.206057,0.708545,0.687061,1.735191,2.159385
0.206057,0.682752,0.669344,1.77803,2.196652
0.284837,0.664895,0.652498,1.831534,2.229266
0.330381,0.700083,0.738661,1.88581,2.2531
0.379345,0.708545,0.723288,1.960319,2.2531
0.330381,0.682752,0.688997,2.005648,2.2531
0.284837,0.725038,0.782381,2.069941,2.242273
0.379345,0.770891,0.76931,2.127191,2.216937
0.330381,0.756227,0.754029,2.169804,2.177771
0.430896,0.770891,0.769843,2.205435,2.13285
0.537447,0.748658,0.756253,2.25581,2.055475
0.537447,0.691487,0.708613,2.297372,1.95885
0.483989,0.770891,0.755698,2.31775,1.85325
0.537447,0.756227,0.756253,2.319,1.753382
0.590057,0.725038,0.741553,2.319,1.639086
0.590057,0.740936,0.741553,2.318158,1.533194
0.68836,0.733064,0.726885,2.309333,1.429458
0.68836,0.655786,0.657933,2.296123,1.336377
0.68836,0.646557,0.657933,2.257879,1.235122
0.732354,0.691487,0.676624,2.222926,1.137515
0.772192,0.682752,0.677281,2.183164,1.056773
0.838755,0.834745,0.926464,2.137306,0.980334
0.772192,0.655786,0.659285,2.082336,0.918867
0.807658,0.58908,0.603372,2.01924,0.850551
0.807658,0.559291,0.583787,1.950182,0.798695
0.807658,0.56928,0.563934,1.872036,0.751559
0.807658,0.549253,0.563934,1.781011,0.714351
0.838755,0.508784,0.504142,1.6945,0.686875
0.807658,0.498627,0.50339,1.611405,0.684
0.838755,0.458098,0.463609,1.529603,0.684
0.838755,0.408264,0.423551,1.46065,0.6848
0.838755,0.398486,0.384474,1.385954,0.707297
0.838755,0.341743,0.346833,1.345559,0.73298
0.838755,0.306179,0.293888,1.272183,0.780296
0.838755,0.280912,0.277325,1.209715,0.836147
0.807658,0.234388,0.216606,1.140196,0.91952
0.807658,0.213225,0.216606,1.083796,0.990202
0.772192,0.187231,0.202659,1.016798,1.079936
0.732354,0.213225,0.202173,0.946136,1.186348
0.732354,0.272781,0.259612,0.869,1.27875
0.68836,0.323705,0.326026,0.778206,1.426274
0.640684,0.289192,0.307802,0.734437,1.531024
0.640684,0.314874,0.325366,0.697085,1.641228
0.590057,0.323705,0.324706,0.688523,1.703909
0.483989,0.379182,0.378797,0.688886,1.774456
0.590057,0.438008,0.399524,0.688886,1.855153
0.483989,0.458098,0.457632,0.691568,1.92671
0.537447,0.539175,0.539395,0.711989,2.005243
0.483989,0.539175,0.558751,0.746204,2.070535
0.379345,0.691487,0.689641,0.781859,2.125424
0.430896,0.637217,0.5976,0.8263,2.181
0.330381,0.655786,0.65318,0.882665,2.234013
0.379345,0.61823,0.616251,0.951122,2.276792
0.330381,0.637217,0.634565,1.012494,2.302539
0.330381,0.700083,0.634565,1.102761,2.305512
0.330381,0.673887,0.671338,1.194127,2.305512
0.24329,0.733064,0.721479,1.291,2.305512
0.206057,0.716864,0.720874,1.351647,2.282715
0.24329,0.673887,0.670009,1.400581,2.232423
0.206057,0.664895,0.669344,1.432119,2.163252
0.24329,0.637217,0.633169,1.463303,2.075983
0.24329,0.637217,0.670009,1.485235,1.979759
0.206057,0.627773,0.63247,1.499315,1.874161
0.206057,0.61823,0.613402,1.50525,1.755734
0.144659,0.57921,0.552811,1.509046,1.633415
0.206057,0.529064,0.534161,1.510302,1.502967
0.144659,0.478329,0.451667,1.514026,1.397509
0.144659,0.438008,0.431648,1.525628,1.280396
0.173218,0.379182,0.355052,1.532277,1.157919
0.173218,0.350942,0.355052,1.544234,1.056253
0.173218,0.289192,0.284615,1.56275,0.96
0.206057,0.272781,0.268967,1.5941,0.8568
0.284837,0.220121,0.224882,1.649531,0.794861
0.284837,0.133036,0.131587,1.718412,0.739138
0.330381,0.103513,0.106445,1.791647,0.678531
0.379345,0.115383,0.114724,1.855753,0.646903
0.640684,0.137791,0.134011,1.97453,0.6445
0.640684,0.133036,0.134011,2.057059,0.6445
0.68836,0.147733,0.144088,2.121875,0.657375
0.732354,0.17518,0.177241,2.183695,0.693643
0.772192,0.181128,0.202659,2.234187,0.743549
0.772192,0.213225,0.216096,2.275172,0.811524
0.772192,0.249281,0.244868,2.313487,0.895445
0.772192,0.306179,0.327349,2.32579,0.985351
0.772192,0.323705,0.309727,2.345261,1.096914
0.807658,0.369665,0.364751,2.363797,1.21473
0.838755,0.428033,0.423551,2.373109,1.326442
0.838755,0.418116,0.40386,2.374,1.45939
0.807658,0.388792,0.383763,2.3725,1.567757
0.807658,0.458098,0.442746,2.368,1.684012
0.807658,0.438008,0.442746,2.365403,1.796625
0.807658,0.498627,0.483098,2.357532,1.897164
0.807658,0.498627,0.50339,2.29715,2.000314
0.772192,0.498627,0.502638,2.226722,2.109498
0.772192,0.488471,0.502638,2.163753,2.191133
0.772192,0.559291,0.522921,2.110725,2.239944
0.732354,0.598879,0.601932,2.024632,2.289016
0.732354,0.608599,0.601932,1.908029,2.332261
0.68836,0.673887,0.675965,1.791463,2.371502
0.640684,0.637217,0.6198,1.675627,2.393361
0.590057,0.691487,0.674647,1.564581,2.401735
0.590057,0.673887,0.674647,1.454916,2.402579
0.590057,0.716864,0.709234,1.3497,2.402659
0.590057,0.748658,0.725689,1.230716,2.402467
0.590057,0.733064,0.725689,1.1385,2.400875
0.537447,0.708545,0.708613,1.053375,2.392125
0.483989,0.655786,0.673325,0.975229,2.373049
0.537447,0.691487,0.691569,0.918073,2.337976
0.483989,0.673887,0.690927,0.877059,2.291784
0.284837,0.673887,0.670674,0.849863,2.239751
0.330381,0.646557,0.634565,0.821747,2.17514
0.284837,0.627773,0.614827,0.8023,2.077331
0.284837,0.56928,0.575728,0.793,1.969677
0.330381,0.559291,0.556525,0.793,1.819443
0.284837,0.57921,0.575728,0.793,1.718582
0.284837,0.57921,0.575728,0.795868,1.620348
0.206057,0.58908,0.593979,0.804875,1.522875
0.24329,0.58908,0.594704,0.822078,1.422886
0.330381,0.559291,0.556525,0.845655,1.371502
0.284837,0.518934,0.515414,0.886274,1.340239
0.24329,0.508784,0.494369,0.93992,1.303184
0.284837,0.498627,0.49512,0.998195,1.241993
0.206057,0.478329,0.473343,1.041224,1.194498
0.173218,0.438008,0.432385,1.101849,1.147847
0.206057,0.369665,0.355741,1.172936,1.109656
0.284837,0.369665,0.434601,1.249699,1.085145
0.206057,0.323705,0.319453,1.337788,0.90885
0.144659,0.297616,0.300799,1.429824,0.876111
0.24329,0.241758,0.224358,1.513036,0.871918
0.284837,0.241758,0.23935,1.590151,0.866605
0.206057,0.213225,0.210046,1.694434,0.860493
0.24329,0.147733,0.140782,1.786917,0.860293
0.68836,0.137791,0.134361,1.8713,0.860293
0.590057,0.152922,0.15361,1.946123,0.863334
0.483989,0.17518,0.175059,2.003775,0.879958
0.640684,0.199912,0.201205,2.051595,0.896245
0.68836,0.187231,0.201689,2.098032,0.925165
0.590057,0.227175,0.228043,2.120422,0.973412
0.483989,0.249281,0.241547,2.14475,1.025533
0.590057,0.241758,0.242651,2.174909,1.084113
0.537447,0.272781,0.257307,2.210062,1.171384
0.483989,0.323705,0.305883,2.251252,1.255438
0.483989,0.306179,0.323388,2.292136,1.328527
0.430896,0.306179,0.322731,2.308675,1.411708
0.537447,0.418116,0.398803,2.321607,1.480469
0.537447,0.458098,0.438299,2.329902,1.544875
0.590057,0.478329,0.459125,2.329902,1.635587
0.483989,0.598879,0.598323,2.329902,1.716957
0.483989,0.57921,0.578663,2.30512,1.797729
0.590057,0.549253,0.560233,2.247978,1.894465
0.537447,0.58908,0.599046,2.206093,1.988022
0.68836,0.627773,0.620508,2.160058,2.046102
0.640684,0.61823,0.638739,2.109185,2.110619
0.640684,0.646557,0.657256,2.049199,2.154672
0.732354,0.708545,0.711091,1.972702,2.190275
0.732354,0.691487,0.711091,1.896309,2.208151
0.732354,0.664895,0.65861,1.816008,2.21
0.772192,0.598879,0.602652,1.741974,2.21
0.772192,0.608599,0.602652,1.673075,2.21
0.772192,0.637217,0.640818,1.629245,2.189418
0.807658,0.608599,0.622631,1.59175,2.155
0.807658,0.61823,0.603372,1.576665,2.104643
0.772192,0.57921,0.602652,1.560324,2.030824
0.838755,0.598879,0.604091,1.550049,1.949961
0.838755,0.58908,0.604091,1.543571,1.850896
0.838755,0.518934,0.504142,1.533643,1.756738
0.807658,0.498627,0.50339,1.505802,1.668356
0.807658,0.408264,0.442746,1.462764,1.57754
0.838755,0.379182,0.384474,1.417203,1.512203
0.865661,0.323705,0.329339,1.36204,1.45188
0.838755,0.297616,0.311015,1.29916,1.40831
0.807658,0.289192,0.293264,1.234744,1.371804
0.807658,0.272781,0.276723,1.172014,1.357975
0.772192,0.206491,0.216096,1.106555,1.357975
0.772192,0.193493,0.202659,1.031082,1.357975
0.732354,0.17518,0.189393,0.945387,1.369723
0.68836,0.14269,0.144088,0.877898,1.411025
0.68836,0.133036,0.144088,0.811084,1.468084
0.537447,0.099803,0.153219,0.764831,1.518669
0.430896,0.12394,0.123557,0.714823,1.588553
0.430896,0.128419,0.132621,0.685,1.678029
0.330381,0.137791,0.141511,0.684952,1.75619
0.330381,0.199912,0.198321,0.684758,1.850742
0.24329,0.181128,0.197366,0.686403,1.924629
0.284837,0.193493,0.197843,0.702525,1.984213
0.24329,0.256962,0.253874,0.74625,2.094463
0.206057,0.256962,0.253304,0.793294,2.163517
0.173218,0.297616,0.301432,0.844893,2.217876
0.206057,0.388792,0.355741,0.898281,2.26102
0.206057,0.398486,0.393766,0.934873,2.293807
0.173218,0.418116,0.412578,1.012849,2.322172
0.206057,0.428033,0.413307,1.102056,2.350161
0.206057,0.468201,0.453157,1.203927,2.369233
0.173218,0.498627,0.492865,1.303427,2.369233
0.206057,0.518934,0.513912,1.416654,2.369233
0.24329,0.539175,0.534909,1.520327,2.369038
0.206057,0.61823,0.593979,1.618952,2.351277
0.284837,0.608599,0.614827,1.708391,2.313635
0.284837,0.57921,0.575728,1.802798,2.267138
0.24329,0.664895,0.651816,1.929191,2.217736
0.24329,0.716864,0.721479,2.007889,2.168883
0.24329,0.691487,0.687707,2.075652,2.097599
0.330381,0.811092,0.796376,2.133105,2.016504
0.379345,0.798325,0.796864,2.176361,1.935313
0.430896,0.740936,0.755142,2.214458,1.843458
0.483989,0.756227,0.770375,2.240351,1.747456
0.430896,0.804788,0.783913,2.249213,1.65925
0.483989,0.829063,0.822767,2.255286,1.579209
0.483989,0.860899,0.855548,2.255611,1.476623
0.537447,0.883492,0.883437,2.252527,1.375567
0.537447,0.834745,0.845614,2.248338,1.282521
0.537447,0.840274,0.834714,2.244059,1.201214
0.590057,0.829063,0.823643,2.221935,1.137794
0.640684,0.855962,0.856659,2.190303,1.062921
0.537447,0.811092,0.811077,2.138977,0.995184
0.590057,0.811092,0.811537,2.083577,0.930841
0.537447,0.770891,0.770907,2.014898,0.870362
0.640684,0.770891,0.771967,1.946173,0.825139
0.68836,0.725038,0.710473,1.857834,0.78595
0.732354,0.716864,0.711091,1.769875,0.752564
0.732354,0.682752,0.694129,1.703652,0.697101
0.772192,0.655786,0.659285,1.599116,0.660837
0.772192,0.664895,0.659285,1.46542,0.607233
0.772192,0.61823,0.640818,1.350663,0.586568
0.772192,0.608599,0.602652,1.268764,0.583885
0.807658,0.61823,0.622631,1.196081,0.583885
0.772192,0.61823,0.621924,1.131978,0.583885
0.772192,0.57921,0.583056,1.038825,0.603003
0.772192,0.518934,0.543128,0.972076,0.631508
0.68836,0.508784,0.52142,0.923159,0.667458
0.68836,0.458098,0.460619,0.880165,0.721457
0.640684,0.458098,0.459872,0.846156,0.792281
0.640684,0.56928,0.459872,0.808503,0.884679
0.537447,0.518934,0.519169,0.766646,0.990065
0.537447,0.518934,0.519169,0.74206,1.078448
0.430896,0.559291,0.57793,0.725876,1.177458
0.379345,0.598879,0.616251,0.710714,1.28808
0.284837,0.598879,0.614827,0.709153,1.39796
0.379345,0.608599,0.596877,0.709153,1.507307
0.330381,0.61823,0.615539,0.709236,1.601282
0.330381,0.608599,0.615539,0.7175,1.67425
0.379345,0.61823,0.635262,0.731367,1.717243
0.284837,0.637217,0.633867,0.757854,1.739942
0.284837,0.691487,0.688353,0.795213,1.740042
0.206057,0.598879,0.687061,0.850911,1.740042
0.24329,0.637217,0.614115,0.914964,1.735271
0.173218,0.655786,0.65045,0.982895,1.694063
0.206057,0.627773,0.63247,1.059525,1.629105
0.206057,0.646557,0.63247,1.128535,1.561606
0.173218,0.637217,0.631771,1.207787,1.475305
0.206057,0.57921,0.593979,1.283577,1.384479
0.173218,0.559291,0.533412,1.343706,1.302981
0.173218,0.529064,0.533412,1.422313,1.197256
0.24329,0.379182,0.375265,1.49775,1.097
0.206057,0.323705,0.319453,1.574145,1.011579
0.173218,0.289192,0.301432,1.630111,0.94447
0.144659,0.256962,0.252169,1.699438,0.884342
0.206057,0.227175,0.238257,1.779106,0.83694
0.24329,0.193493,0.184819,1.883644,0.778314
0.24329,0.133036,0.131244,1.964244,0.749756
0.330381,0.12394,0.122907,2.033293,0.749756
0.379345,0.103513,0.123231,2.186724,0.749756
0.640684,0.115383,0.11626,2.3768,0.755408
0.590057,0.111301,0.115951,2.430655,0.784009
0.590057,0.12394,0.124537,2.467088,0.843644
0.68836,0.14269,0.154393,2.476441,0.928065
0.732354,0.147733,0.154786,2.476441,1.021265
0.732354,0.163746,0.177241,2.476441,1.13639
0.772192,0.187231,0.189855,2.462801,1.231857
0.772192,0.206491,0.202659,2.369821,1.332997
0.807658,0.227175,0.2307,2.349671,1.452236
0.772192,0.272781,0.276121,2.345074,1.58737
0.772192,0.256962,0.276121,2.33091,1.702598
0.772192,0.314874,0.309727,2.323705,1.793541
0.807658,0.360248,0.364751,2.304874,1.913856
0.772192,0.369665,0.364054,2.253851,2.0402
0.772192,0.398486,0.402413,2.204977,2.128106
0.772192,0.408264,0.402413,2.148175,2.20735
0.772192,0.458098,0.462114,2.052409,2.275757
0.732354,0.488471,0.461366,1.953824,2.332469
0.732354,0.488471,0.501886,1.872076,2.37103
0.732354,0.57921,0.562455,1.790815,2.398625
0.68836,0.61823,0.639432,1.70308,2.400875
0.732354,0.57921,0.582325,1.612329,2.400875
0.68836,0.700083,0.710473,1.53111,2.399588
0.68836,0.748658,0.742704,1.485837,2.35781
0.68836,0.725038,0.726885,1.450739,2.3346
0.590057,0.770891,0.771437,1.377947,2.309457
0.590057,0.798325,0.811537,1.30637,2.276652
0.590057,0.82323,0.823643,1.224769,2.217568
0.590057,0.845652,0.85629,1.173346,2.16688
0.537447,0.850879,0.865646,1.12608,2.115089
0.537447,0.879244,0.883437,1.086188,2.079497
0.590057,0.850879,0.85629,1.002343,2.024496
0.537447,0.82323,0.834714,0.950445,1.931153
0.590057,0.840274,0.798804,0.933254,1.781125
0.590057,0.798325,0.798804,0.918378,1.676634
0.537447,0.804788,0.79832,0.905036,1.577793
0.430896,0.82323,0.810154,0.891096,1.453129
0.430896,0.811092,0.810154,0.862401,1.333318
0.430896,0.811092,0.810154,0.826952,1.222807
0.430896,0.811092,0.79735,0.791242,1.110912
0.430896,0.708545,0.70737,0.764375,1.01625
0.379345,0.708545,0.689641,0.747639,0.932782
0.284837,0.716864,0.705499,0.746,0.850326
0.330381,0.691487,0.688997,0.746,0.784132
0.24329,0.682752,0.670009,0.747991,0.741463
0.24329,0.655786,0.670009,0.775791,0.711982
0.24329,0.627773,0.633169,0.832144,0.683026
0.284837,0.61823,0.614827,0.897301,0.664545
0.24329,0.598879,0.594704,0.979094,0.651011
0.206057,0.529064,0.534161,1.078916,0.643122
0.24329,0.508784,0.534909,1.1635,0.639094
0.206057,0.458098,0.433124,1.274895,0.631334
0.206057,0.428033,0.433124,1.3885,0.619503
0.144659,0.360248,0.354364,1.503321,0.615512
0.120124,0.379182,0.372449,1.611585,0.615512
0.173218,0.297616,0.301432,1.728485,0.615512
0.144659,0.289192,0.284003,1.826166,0.619203
0.120124,0.280912,0.283392,1.902608,0.636345
0.144659,0.249281,0.252169,1.979505,0.668739
0.173218,0.256962,0.268376,2.048058,0.715362
0.24329,0.264796,0.253874,2.111616,0.782372
0.206057,0.297616,0.302066,2.166563,0.861737
0.284837,0.360248,0.395203,2.209167,0.944705
0.284837,0.323705,0.320762,2.250378,1.054235
0.483989,0.360248,0.378797,2.300297,1.165672
0.430896,0.418116,0.436819,2.31976,1.256596
0.430896,0.44803,0.456886,2.345087,1.352894
0.483989,0.518934,0.498127,2.357,1.422449
0.483989,0.57921,0.598323,2.357,1.487367
0.537447,0.57921,0.579396,2.357,1.53325
0.590057,0.57921,0.580129,2.341467,1.5335
0.68836,0.598879,0.581593,2.293148,1.5335
0.68836,0.682752,0.69349,2.263267,1.5315
0.68836,0.673887,0.69349,2.213091,1.527859
0.732354,0.655786,0.676624,2.135815,1.52226
0.732354,0.637217,0.640126,2.016558,1.511675
0.807658,0.608599,0.622631,1.920831,1.485065
0.807658,0.627773,0.622631,1.827568,1.468082
0.807658,0.598879,0.603372,1.768465,1.454551
0.838755,0.598879,0.604091,1.666658,1.438016
0.838755,0.637217,0.604091,1.553505,1.428353
0.838755,0.549253,0.54462,1.482556,1.425776
0.807658,0.508784,0.523671,1.366682,1.425034
0.838755,0.478329,0.483849,1.265,1.425034
0.838755,0.44803,0.443488,1.160517,1.425034
0.838755,0.408264,0.423551,1.048292,1.450162
0.838755,0.341743,0.346833,0.944398,1.502077
0.807658,0.323705,0.346152,0.855764,1.558243
0.807658,0.272781,0.276723,0.781566,1.624407
0.838755,0.220121,0.231234,0.730266,1.692895
0.807658,0.187231,0.203145,0.692383,1.775875
0.807658,0.206491,0.203145,0.686031,1.857839
0.772192,0.152922,0.15518,0.686031,1.949861
0.68836,0.152922,0.134361,0.686031,2.026726
0.640684,0.111301,0.11626,0.696802,2.080015
0.640684,0.115383,0.11626,0.72801,2.13765
0.537447,0.115383,0.115643,0.779123,2.187808
0.537447,0.133036,0.115643,0.855708,2.233488
0.537447,0.133036,0.12421,0.94425,2.26975
0.430896,0.14269,0.132621,1.04195,2.297413
0.379345,0.158258,0.152052,1.144845,2.317407
0.284837,0.193493,0.185273,1.230718,2.324407
0.24329,0.193493,0.197366,1.30923,2.340077
0.206057,0.199912,0.19689,1.417272,2.349893
0.24329,0.213225,0.210545,1.525529,2.349893
0.206057,0.256962,0.253304,1.651443,2.34917
0.206057,0.264796,0.268967,1.716371,2.333207
0.173218,0.341743,0.336686,1.772584,2.310545
0.206057,0.408264,0.413307,1.82974,2.293903
0.144659,0.458098,0.451667,1.884226,2.251719
0.173218,0.418116,0.432385,1.944875,2.195149
0.206057,0.458098,0.453157,1.993967,2.131708
0.173218,0.56928,0.533412,2.044542,2.054625
0.24329,0.549253,0.534909,2.085307,1.977624
0.173218,0.637217,0.553555,2.127911,1.881871
0.173218,0.559291,0.573523,2.174938,1.782272
0.206057,0.627773,0.613402,2.212962,1.690982
0.24329,0.608599,0.614115,2.247243,1.5914
0.206057,0.691487,0.669344,2.267323,1.489711
0.24329,0.682752,0.670009,2.271111,1.3792
0.206057,0.716864,0.720874,2.271111,1.276246
0.24329,0.733064,0.721479,2.271111,1.185522
0.330381,0.700083,0.671338,2.26333,1.10983
0.330381,0.637217,0.634565,2.243415,1.033052
0.379345,0.682752,0.672001,2.213548,0.964222
0.284837,0.598879,0.722083,2.177762,0.906274
0.483989,0.58908,0.598323,2.107829,0.846965
0.483989,0.539175,0.558751,2.051075,0.797177
0.379345,0.458098,0.476343,1.998728,0.757719
0.483989,0.379182,0.417689,1.951241,0.732096
0.430896,0.379182,0.397361,1.895139,0.731596
0.537447,0.323705,0.342079,1.838599,0.731596
0.537447,0.341743,0.342079,1.779443,0.732107
0.430896,0.297616,0.288303,1.728923,0.768444
0.640684,0.213225,0.228572,1.690876,0.836314
0.640684,0.213225,0.228572,1.681865,0.912117
0.68836,0.220121,0.229103,1.672855,0.978983
0.772192,0.199912,0.202659,1.668399,1.079066
0.772192,0.199912,0.244868,1.6665,1.203229
0.772192,0.289192,0.276121,1.668249,1.328875
0.807658,0.280912,0.293264,1.667975,1.446086
0.807658,0.323705,0.310371,1.665631,1.60044
0.838755,0.341743,0.328675,1.66359,1.728106
0.838755,0.350942,0.346833,1.63889,1.829693
0.838755,0.379182,0.384474,1.589466,1.923367
0.838755,0.488471,0.483849,1.545215,2.01991
0.807658,0.478329,0.462861,1.501477,2.115314
0.807658,0.518934,0.523671,1.465676,2.176794
0.838755,0.518934,0.54462,1.4087,2.240123
0.807658,0.549253,0.563934,1.344266,2.253058
0.807658,0.598879,0.603372,1.268494,2.253058
0.772192,0.57921,0.602652,1.190625,2.253058
0.732354,0.608599,0.601932,1.127121,2.208826
0.732354,0.627773,0.621216,1.060373,2.189459
0.68836,0.646557,0.657933,1.004698,2.168145
0.68836,0.716864,0.726885,0.932292,2.13455
0.68836,0.740936,0.742704,0.876875,2.076938
0.68836,0.733064,0.726885,0.832926,2.013744
0.640684,0.725038,0.742129,0.792349,1.970125
0.640684,0.770891,0.75736,0.76573,1.942165
0.537447,0.748658,0.770907,0.752289,1.892462
0.537447,0.748658,0.708613,0.747,1.842635
0.483989,0.770891,0.770375,0.747,1.767949
0.537447,0.791707,0.78493,0.747,1.68445
0.430896,0.840274,0.755142,0.749004,1.600386
0.24329,0.770891,0.767705,0.774199,1.464734
0.284837,0.708545,0.705499,0.798302,1.378395
0.284837,0.725038,0.722083,0.855456,1.260538
0.24329,0.725038,0.704874,0.905908,1.137557
0.24329,0.691487,0.704874,0.955398,1.029129
0.24329,0.700083,0.704874,1.029861,0.901579
0.24329,0.664895,0.670009,1.108595,0.812373
0.24329,0.627773,0.614115,1.202801,0.73763
0.206057,0.61823,0.613402,1.303625,0.675
0.284837,0.57921,0.614827,1.381406,0.643109
0.206057,0.57921,0.574258,1.472818,0.609387
0.24329,0.56928,0.555041,1.569848,0.601
0.173218,0.478329,0.472594,1.679412,0.601
0.173218,0.379182,0.373856,1.799375,0.60175
0.144659,0.332663,0.318147,1.878712,0.61525
0.173218,0.314874,0.301432,1.966103,0.649946
0.206057,0.272781,0.285228,2.020948,0.686031
0.24329,0.249281,0.253874,2.084002,0.748841
0.173218,0.193493,0.196415,2.135166,0.820952
0.173218,0.169386,0.17204,2.1774,0.9169
0.173218,0.152922,0.17204,2.215687,1.035148
0.379345,0.14269,0.141877,2.237762,1.140817
0.590057,0.187231,0.175929,2.2593,1.2617
0.640684,0.163746,0.176365,2.279863,1.375916
0.68836,0.158258,0.165294,2.304677,1.473182
0.732354,0.163746,0.165709,2.3092,1.597186
0.732354,0.181128,0.154786,2.3092,1.660411
0.772192,0.169386,0.17768,2.3092,1.742082
0.807658,0.272781,0.26077,2.2998,1.844375
0.838755,0.249281,0.26135,2.268203,1.917642
0.838755,0.280912,0.311015,2.221129,1.992296
0.838755,0.314874,0.311015,2.16761,2.054828
0.838755,0.350942,0.346833,2.084247,2.132511
0.838755,0.369665,0.365448,1.997436,2.194819
0.838755,0.379182,0.384474,1.88266,2.259315
0.807658,0.388792,0.403136,1.76941,2.308953
0.807658,0.438008,0.442746,1.656738,2.354241
0.807658,0.508784,0.50339,1.543476,2.396093
0.807658,0.508784,0.523671,1.438926,2.426013
0.772192,0.518934,0.522921,1.32487,2.445654
0.807658,0.627773,0.64151,1.207696,2.446407
0.772192,0.608599,0.602652,1.1112,2.446407
0.772192,0.691487,0.694767,1.034089,2.442555
0.772192,0.673887,0.677281,0.982886,2.420633
0.732354,0.673887,0.676624,0.92436,2.380701
0.68836,0.725038,0.726885,0.88487,2.33131
0.68836,0.798325,0.799769,0.844104,2.258278
0.732354,0.791707,0.80025,0.808134,2.182359
0.68836,0.763639,0.772496,0.774022,2.077164
0.640684,0.804788,0.811997,0.727534,1.958396
0.640684,0.777988,0.799287,0.693376,1.8639
0.483989,0.845652,0.834299,0.669773,1.76494
0.430896,0.82323,0.822328,0.662,1.666964
0.430896,0.756227,0.755142,0.662,1.555597
0.430896,0.740936,0.72389,0.662,1.441295
0.284837,0.770891,0.76824,0.677046,1.340405
0.24329,0.756227,0.737498,0.713985,1.237448
0.284837,0.733064,0.722083,0.742075,1.149632
0.330381,0.725038,0.738661,0.771082,1.063835
0.284837,0.655786,0.652498,0.819209,0.977983
0.24329,0.637217,0.633169,0.863471,0.904742
0.206057,0.637217,0.63247,0.906166,0.828608
0.24329,0.637217,0.633169,0.96425,0.767
0.206057,0.529064,0.534161,1.012029,0.713504
0.144659,0.539175,0.512409,1.065088,0.675138
0.24329,0.388792,0.394485,1.126763,0.648877
0.173218,0.341743,0.336686,1.215546,0.617487
0.206057,0.323705,0.319453,1.292777,0.601125
0.24329,0.306179,0.285841,1.393382,0.6
0.284837,0.280912,0.286456,1.486645,0.6
0.173218,0.234388,0.237711,1.565764,0.600222
0.173218,0.234388,0.223313,1.660685,0.614861
0.24329,0.272781,0.269559,1.751474,0.637339
0.284837,0.227175,0.23935,1.815381,0.669648
0.330381,0.206491,0.198321,1.8555,0.70775
0.379345,0.193493,0.186182,1.91405,0.788252
0.483989,0.213225,0.199759,1.968548,0.884132
0.537447,0.227175,0.21356,2.008105,0.959515
0.537447,0.220121,0.21356,2.06041,1.079461
0.640684,0.220121,0.228572,2.093081,1.186411
0.68836,0.297616,0.308443,2.113318,1.297382
0.68836,0.234388,0.243758,2.148297,1.410839
0.732354,0.272781,0.275521,2.166667,1.500644
0.772192,0.280912,0.292641,2.174992,1.565928
0.807658,0.379182,0.383763,2.199112,1.602266
0.772192,0.369665,0.383052,2.203066,1.633565
0.807658,0.488471,0.442746,2.203066,1.689867
0.807658,0.488471,0.483098,2.185563,1.708617
0.807658,0.478329,0.483098,2.14702,1.729593
0.838755,0.56928,0.564674,2.122125,1.76715
0.772192,0.549253,0.621924,2.065109,1.804156
0.807658,0.529064,0.543874,1.984254,1.858738
0.772192,0.559291,0.563195,1.897205,1.914893
0.772192,0.539175,0.543128,1.808247,1.964237
0.772192,0.549253,0.563195,1.71112,2.010378
0.732354,0.598879,0.621216,1.6005,2.064
0.732354,0.608599,0.601932,1.489125,2.102
0.772192,0.673887,0.659285,1.379304,2.123287
0.732354,0.700083,0.711091,1.273701,2.137715
0.68836,0.798325,0.799769,1.181316,2.150699
0.640684,0.733064,0.742129,1.073917,2.15279
0.590057,0.763639,0.756807,0.985724,2.15279
0.590057,0.811092,0.811537,0.908555,2.152311
0.590057,0.740936,0.756807,0.83892,2.134223
0.590057,0.791707,0.785438,0.794576,2.108742
0.537447,0.798325,0.811077,0.760009,2.067734
0.483989,0.798325,0.797835,0.737031,2.00428
0.430896,0.81724,0.810154,0.728653,1.930635
0.483989,0.784927,0.797835,0.727,1.83952
0.483989,0.770891,0.810616,0.727,1.731554
0.430896,0.784927,0.783913,0.727,1.608
0.330381,0.811092,0.809227,0.73184,1.504976
0.379345,0.811092,0.723288,0.738709,1.390677
0.330381,0.756227,0.754029,0.743174,1.28541
0.284837,0.756227,0.75347,0.748563,1.200342
0.284837,0.725038,0.76824,0.765125,1.105833
0.284837,0.682752,0.670674,0.791734,1.0027
0.24329,0.655786,0.670009,0.832016,0.905211
0.206057,0.664895,0.651133,0.883843,0.839956
0.173218,0.655786,0.65045,0.948283,0.781986
0.206057,0.664895,0.651133,1.018712,0.730195
0.173218,0.655786,0.65045,1.11014,0.6841
0.206057,0.664895,0.669344,1.236488,0.63196
0.24329,0.673887,0.651816,1.317333,0.617579
0.24329,0.646557,0.633169,1.383739,0.617579
0.24329,0.646557,0.633169,1.485312,0.617579
0.284837,0.627773,0.614827,1.562466,0.618959
0.330381,0.57921,0.596153,1.659134,0.621066
0.379345,0.539175,0.537153,1.759325,0.622357
0.430896,0.539175,0.5379,1.848187,0.6258
0.430896,0.539175,0.5379,1.928917,0.641698
0.537447,0.498627,0.498879,1.989814,0.660479
0.537447,0.598879,0.579396,2.0165,0.67286
0.640684,0.598879,0.6198,2.0165,0.686891
0.732354,0.608599,0.601932,2.0165,0.71468
0.732354,0.57921,0.562455,2.01153,0.749508
0.68836,0.518934,0.52142,1.968192,0.804676
0.772192,0.529064,0.522921,1.906783,0.875183
0.732354,0.549253,0.562455,1.832843,0.942073
0.772192,0.56928,0.583056,1.746647,1.010812
0.807658,0.56928,0.563934,1.65312,1.087304
0.807658,0.58908,0.603372,1.581682,1.145789
0.807658,0.56928,0.563934,1.476651,1.236187
0.838755,0.518934,0.524421,1.3782,1.322426
0.807658,0.488471,0.50339,1.264503,1.415178
0.807658,0.468201,0.483098,1.151216,1.498118
0.772192,0.44803,0.462114,1.039207,1.588403
0.807658,0.438008,0.442746,0.944848,1.681705
0.807658,0.369665,0.364751,0.87153,1.767978
0.807658,0.332663,0.346152,0.8215,1.84025
0.838755,0.272781,0.293888,0.788711,1.898813
0.807658,0.272781,0.26077,0.782922,1.958208
0.807658,0.169386,0.17812,0.782922,2.016984
0.807658,0.163746,0.166542,0.782922,2.076694
0.640684,0.12394,0.134011,0.807252,2.121622
0.68836,0.111301,0.116569,0.858972,2.15725
0.379345,0.107345,0.114724,0.929518,2.193192
0.379345,0.103513,0.106732,1.015158,2.222429
0.330381,0.111301,0.106445,1.148831,2.273461
0.284837,0.133036,0.122583,1.23195,2.322219
0.206057,0.14269,0.130901,1.311986,2.343149
0.24329,0.181128,0.172898,1.428217,2.353896
0.24329,0.187231,0.184819,1.547607,2.35752
0.206057,0.234388,0.210046,1.6548,2.35752
0.173218,0.213225,0.209547,1.756319,2.35677
0.206057,0.264796,0.268967,1.862229,2.3381
0.206057,0.289192,0.285228,1.977456,2.301494
0.173218,0.388792,0.373856,2.049006,2.263641
0.173218,0.398486,0.412578,2.124356,2.197959
0.173218,0.458098,0.432385,2.18253,2.119768
0.206057,0.478329,0.473343,2.213268,2.052264
0.206057,0.529064,0.473343,2.249528,1.961008
0.206057,0.57921,0.574258,2.280151,1.865655
0.206057,0.58908,0.593979,2.284312,1.783903
0.173218,0.708545,0.703621,2.285641,1.672186
0.173218,0.708545,0.703621,2.285758,1.5564
0.206057,0.655786,0.651133,2.285641,1.452238
0.24329,0.691487,0.670009,2.283984,1.350755
0.24329,0.725038,0.737498,2.277108,1.226794
0.330381,0.748658,0.754029,2.264767,1.109443
0.330381,0.770891,0.768775,2.234425,0.990054
0.430896,0.798325,0.810154,2.203212,0.880946
0.379345,0.840274,0.833466,2.167473,0.808012
0.379345,0.784927,0.796864,2.1165,0.7303
0.379345,0.804788,0.809691,2.060161,0.663485
0.483989,0.829063,0.834299,1.990693,0.615437
0.483989,0.850879,0.845221,1.907392,0.587905
0.483989,0.834745,0.834299,1.808123,0.568356
0.537447,0.845652,0.845614,1.708219,0.560788
0.537447,0.834745,0.834714,1.602115,0.554336
0.640684,0.798325,0.799287,1.468192,0.554
0.590057,0.81724,0.811537,1.349865,0.554
0.590057,0.784927,0.811537,1.245205,0.554628
0.590057,0.798325,0.798804,1.163652,0.565333
0.537447,0.770891,0.770907,1.072143,0.609371
0.640684,0.763639,0.771967,0.952024,0.650608
0.590057,0.756227,0.771437,0.884939,0.694395
0.590057,0.756227,0.756807,0.839935,0.745713
0.640684,0.740936,0.742129,0.824064,0.789382
0.537447,0.733064,0.740976,0.824064,0.850696
0.483989,0.777988,0.770375,0.824064,0.905753
0.483989,0.700083,0.636655,0.829129,0.948198
0.430896,0.664895,0.635959,0.846757,0.959198
0.483989,0.673887,0.636655,0.884766,0.959329
0.379345,0.637217,0.635262,0.942901,0.959329
0.24329,0.56928,0.574993,1.021051,0.958079
0.284837,0.518934,0.535657,1.107484,0.943145
0.24329,0.498627,0.514663,1.218826,0.911804
0.24329,0.488471,0.474093,1.346149,0.885545
0.206057,0.44803,0.453157,1.469596,0.8836
0.173218,0.379182,0.373856,1.59912,0.8836
0.173218,0.369665,0.393049,1.700625,0.8836
0.24329,0.341743,0.356431,1.801431,0.904165
0.24329,0.256962,0.269559,1.889738,0.93866
0.206057,0.256962,0.253304,1.984759,0.989546
0.206057,0.206491,0.210046,2.076461,1.071822
0.206057,0.213225,0.210046,2.133875,1.151375
0.24329,0.17518,0.172898,2.17791,1.259934
0.24329,0.137791,0.150893,2.223107,1.364418
0.206057,0.14269,0.140419,2.247928,1.4757
0.430896,0.152922,0.15244,2.266294,1.586482
0.537447,0.163746,0.175493,2.268717,1.705222
0.590057,0.158258,0.133663,2.268717,1.803168
0.640684,0.181128,0.176365,2.268717,1.8964
0.68836,0.133036,0.134361,2.248643,1.9802
0.772192,0.17518,0.166125,2.208025,2.053167
0.772192,0.147733,0.15518,2.171141,2.106319
0.772192,0.206491,0.216096,2.132415,2.127139
0.807658,0.213225,0.216606,2.06243,2.1642
0.807658,0.249281,0.26077,1.982396,2.20997
0.772192,0.280912,0.26019,1.870348,2.249656
0.838755,0.289192,0.293888,1.750948,2.296743
0.865661,0.369665,0.347514,1.677639,2.330429
0.838755,0.369665,0.365448,1.613434,2.351045
0.838755,0.408264,0.423551,1.513837,2.37566
0.865661,0.518934,0.525171,1.410696,2.389156
0.838755,0.508784,0.524421,1.301976,2.389708
0.865661,0.56928,0.565413,1.204787,2.389708
0.807658,0.559291,0.563934,1.115261,2.389708
0.838755,0.529064,0.54462,1.017807,2.385528
0.865661,0.58908,0.585248,0.931277,2.373163
0.838755,0.518934,0.524421,0.839627,2.229386
0.838755,0.58908,0.584518,0.7595,2.0995
0.807658,0.498627,0.50339,0.69421,2.078274
0.772192,0.478329,0.482347,0.644642,2.051361
0.807658,0.539175,0.543874,0.63769,2.031563
0.772192,0.539175,0.563195,0.63769,2.02915
0.772192,0.559291,0.563195,0.63769,2.00524
0.732354,0.627773,0.640126,0.64877,1.980195
0.732354,0.655786,0.621216,0.671658,1.953074
0.732354,0.756227,0.743278,0.695821,1.923657
0.68836,0.725038,0.726885,0.715908,1.874457
0.590057,0.700083,0.709234,0.735299,1.77078
0.640684,0.733064,0.726288,0.745171,1.672499
0.590057,0.770891,0.771437,0.749171,1.560496
0.640684,0.834745,0.835542,0.750617,1.469255
0.590057,0.82323,0.811537,0.752696,1.35449
0.537447,0.834745,0.834714,0.757121,1.243728
0.537447,0.850879,0.855919,0.765003,1.13209
0.483989,0.798325,0.797835,0.780762,1.025677
0.537447,0.784927,0.770907,0.799044,0.954664
0.430896,0.804788,0.783913,0.838508,0.875095
0.430896,0.804788,0.810154,0.872067,0.8152
0.430896,0.804788,0.79735,0.926453,0.76186
0.379345,0.82323,0.821889,1.0015,0.728196
0.379345,0.798325,0.796864,1.086745,0.685346
0.379345,0.777988,0.783403,1.180486,0.650314
0.284837,0.740936,0.75347,1.299309,0.612003
0.330381,0.770891,0.768775,1.356537,0.556895
0.284837,0.725038,0.722083,1.446779,0.527717
0.24329,0.811092,0.795399,1.5467,0.518
0.284837,0.708545,0.688353,1.65275,0.518
0.206057,0.708545,0.704248,1.727721,0.518
0.173218,0.700083,0.686414,1.826131,0.52053
0.173218,0.664895,0.668678,1.910994,0.537072
0.24329,0.627773,0.614115,1.995328,0.577346
0.206057,0.598879,0.593979,2.061616,0.625612
0.206057,0.549253,0.554298,2.12152,0.694959
0.173218,0.549253,0.553555,2.169927,0.764917
0.120124,0.478329,0.450922,2.225,0.8495
0.173218,0.428033,0.432385,2.271064,0.939528
0.173218,0.388792,0.393049,2.309865,1.054389
0.206057,0.350942,0.355741,2.347707,1.167862
0.173218,0.323705,0.301432,2.368145,1.28663
0.173218,0.264796,0.268376,2.384625,1.385764
0.173218,0.227175,0.223313,2.386,1.512963
0.24329,0.213225,0.197366,2.386,1.607554
0.24329,0.133036,0.131244,2.385797,1.703228
0.284837,0.14269,0.141146,2.374022,1.770718
0.284837,0.199912,0.197843,2.334805,1.821006
0.284837,0.220121,0.211045,2.299038,1.862385
0.284837,0.206491,0.197843,2.256956,1.868975
0.330381,0.241758,0.225406,2.196023,1.868975
0.379345,0.249281,0.255586,2.125114,1.868975
0.483989,0.256962,0.272529,2.042973,1.867718
0.430896,0.306179,0.322731,1.961454,1.8618
0.430896,0.341743,0.322731,1.893625,1.840625
0.379345,0.398486,0.396642,1.831177,1.810896
0.379345,0.379182,0.396642,1.763848,1.758098
0.379345,0.478329,0.476343,1.722349,1.704856
0.330381,0.44803,0.455394,1.689446,1.6305
0.430896,0.498627,0.517667,1.660039,1.555523
0.537447,0.529064,0.539395,1.6225,1.468311
0.483989,0.598879,0.598323,1.564693,1.413426
0.483989,0.637217,0.655221,1.536473,1.334928
0.537447,0.655786,0.673986,1.519361,1.29955
0.590057,0.655786,0.674647,1.5018,1.276075
0.590057,0.627773,0.638045,1.470695,1.255266
0.537447,0.61823,0.599046,1.418633,1.244857
0.537447,0.61823,0.599046,1.354186,1.244857
0.537447,0.598879,0.618382,1.290175,1.244857
0.68836,0.627773,0.620508,1.240743,1.251446
0.68836,0.637217,0.620508,1.18367,1.288789
0.640684,0.655786,0.638739,1.125015,1.346411
0.68836,0.58908,0.601211,1.084617,1.399631
0.640684,0.627773,0.6198,1.056788,1.42638
0.590057,0.57921,0.599768,1.045,1.447676
0.640684,0.559291,0.580861,1.045,1.46825
0.590057,0.559291,0.560233,1.045,1.490993
0.640684,0.518934,0.52067,1.052681,1.526496
0.640684,0.458098,0.480095,1.086087,1.563677
0.68836,0.418116,0.440522,1.125689,1.608198
0.68836,0.408264,0.400968,1.16538,1.658563
0.640684,0.332663,0.343434,1.211631,1.720319
0.590057,0.289192,0.307161,1.272587,1.805513
0.590057,0.306179,0.324706,1.323121,1.885148
0.590057,0.306179,0.290158,1.379043,1.971438
0.732354,0.147733,0.154786,1.4445,2.060916
0.537447,0.12394,0.12421,1.501429,2.123914
0.430896,0.115383,0.115029,1.557963,2.185216
0.483989,0.115383,0.107307,1.619385,2.24916
0.24329,0.107345,0.105875,1.689586,2.288186
0.24329,0.111301,0.113811,1.758944,2.296738
0.284837,0.14269,0.141146,1.860053,2.296738
0.206057,0.199912,0.184367,1.98921,2.296738
0.206057,0.169386,0.172468,2.072336,2.281362
0.173218,0.220121,0.223313,2.115036,2.228349
0.173218,0.289192,0.301432,2.1765,2.168866
0.144659,0.350942,0.336014,2.237544,2.100182
0.144659,0.388792,0.392332,2.280622,1.945898
0.173218,0.44803,0.432385,2.33073,1.850287
0.173218,0.518934,0.492865,2.340542,1.756007
0.173218,0.498627,0.492865,2.343681,1.672487
0.144659,0.549253,0.552811,2.345617,1.566768
0.173218,0.608599,0.593254,2.344484,1.47582
0.206057,0.57921,0.593979,2.344145,1.374579
0.24329,0.637217,0.633169,2.342503,1.250055
0.206057,0.637217,0.651133,2.332944,1.144324
0.173218,0.682752,0.668678,2.309008,1.036565
0.284837,0.682752,0.670674,2.278233,0.948446
0.284837,0.740936,0.722083,2.245958,0.872958
0.330381,0.740936,0.738661,2.208783,0.793633
0.284837,0.748658,0.75347,2.173836,0.724367
0.330381,0.756227,0.754029,2.10814,0.665971
0.379345,0.791707,0.754586,2.038439,0.622781
0.330381,0.756227,0.768775,1.95416,0.586556
0.379345,0.811092,0.821889,1.872878,0.563772
0.430896,0.865694,0.855176,1.79073,0.55104
0.537447,0.855962,0.855919,1.69436,0.538633
0.483989,0.834745,0.834299,1.592326,0.535
0.537447,0.811092,0.811077,1.481169,0.535
0.590057,0.798325,0.798804,1.387288,0.535
0.537447,0.811092,0.79832,1.311271,0.541875
0.430896,0.791707,0.810154,1.245114,0.562381
0.537447,0.770891,0.770907,1.192686,0.591674
0.483989,0.756227,0.755698,1.155249,0.643939
0.590057,0.756227,0.741553,1.115461,0.757562
0.640684,0.733064,0.726288,1.079455,0.93209
0.640684,0.740936,0.726288,1.041953,1.013583
0.68836,0.673887,0.675965,1.005172,1.10193
0.68836,0.627773,0.620508,0.964173,1.197369
0.68836,0.682752,0.675965,0.928602,1.285132
0.732354,0.655786,0.65861,0.87394,1.360805
0.807658,0.608599,0.603372,0.836691,1.400653
0.772192,0.655786,0.659285,0.793716,1.445752
0.807658,0.608599,0.622631,0.749124,1.498212
0.807658,0.529064,0.543874,0.704945,1.591022
0.807658,0.61823,0.603372,0.681003,1.674427
0.807658,0.57921,0.583787,0.651625,1.76525
0.807658,0.56928,0.563934,0.632375,1.8386
0.865661,0.57921,0.60481,0.6275,1.92124
0.838755,0.559291,0.564674,0.6275,2.01247
0.865661,0.508784,0.504894,0.6275,2.084276
0.865661,0.438008,0.525171,0.642125,2.154625
0.838755,0.458098,0.463609,0.672542,2.209687
0.807658,0.418116,0.422817,0.7157,2.2603
0.807658,0.332663,0.364751,0.762125,2.299339
0.807658,0.360248,0.364751,0.814221,2.322993
0.838755,0.323705,0.311015,0.866558,2.323793
0.838755,0.306179,0.311015,0.909119,2.323793
0.807658,0.350942,0.328011,0.934352,2.320063
0.807658,0.341743,0.364751,0.940434,2.303375
0.807658,0.388792,0.403136,0.94186,2.275717
0.807658,0.468201,0.462861,0.942,2.230875
0.772192,0.468201,0.462114,0.941977,2.163237
0.772192,0.478329,0.482347,0.940781,2.080207
0.807658,0.468201,0.462861,0.939625,1.999977
0.68836,0.608599,0.620508,0.938503,1.89427
0.68836,0.598879,0.620508,0.938503,1.771091
0.640684,0.700083,0.742129,0.937537,1.6667
0.640684,0.740936,0.726288,0.936,1.577906
0.640684,0.708545,0.709854,0.936,1.449489
0.590057,0.770891,0.771437,0.936,1.336522
0.537447,0.811092,0.811077,0.937626,1.199147
0.537447,0.798325,0.79832,0.939,1.07046
0.537447,0.855962,0.845614,0.939,0.937296
0.483989,0.834745,0.834299,0.946716,0.843788
0.483989,0.798325,0.810616,0.977276,0.752272
0.430896,0.811092,0.810154,1.020896,0.685349
0.483989,0.756227,0.770375,1.078144,0.651603
0.483989,0.756227,0.755698,1.154763,0.59945
0.379345,0.756227,0.754586,1.239458,0.557662
0.379345,0.784927,0.809691,1.359899,0.524
0.379345,0.811092,0.809691,1.432114,0.505904
0.284837,0.798325,0.808762,1.525337,0.50263
0.379345,0.777988,0.783403,1.622607,0.50263
0.284837,0.725038,0.722083,1.718019,0.50263
0.24329,0.725038,0.704874,1.819741,0.507175
0.24329,0.700083,0.704874,1.916878,0.529191
0.24329,0.682752,0.687707,2.014679,0.571119
0.206057,0.708545,0.704248,2.091748,0.621794
0.144659,0.646557,0.631071,2.155085,0.677221
0.206057,0.57921,0.574258,2.210849,0.750954
0.173218,0.58908,0.573523,2.239988,0.821732
0.206057,0.529064,0.534161,2.2756,0.9271
0.173218,0.539175,0.533412,2.296101,1.037575
0.173218,0.398486,0.393049,2.300843,1.16103
0.173218,0.398486,0.393049,2.302131,1.28668
0.173218,0.323705,0.3188,2.302868,1.3995
0.330381,0.289192,0.287071,2.302943,1.527642
0.284837,0.158258,0.151278,2.302943,1.615288
0.284837,0.12394,0.122583,2.300668,1.731615
0.24329,0.128419,0.131244,2.291928,1.840975
0.24329,0.12394,0.12226,2.279834,1.926472
0.330381,0.14269,0.141511,2.261891,1.986343
0.284837,0.133036,0.131587,2.241999,1.9985
0.284837,0.213225,0.211045,2.201178,1.9985
0.284837,0.213225,0.211045,2.156219,1.9985
0.379345,0.264796,0.255586,2.088524,1.973991
0.430896,0.280912,0.271934,2.015187,1.906988
0.430896,0.341743,0.359195,1.945416,1.837559
0.379345,0.418116,0.436079,1.87113,1.757733
0.379345,0.44803,0.456139,1.81544,1.673897
0.483989,0.478329,0.477843,1.746421,1.576353
0.483989,0.478329,0.477843,1.669733,1.487225
0.379345,0.598879,0.596877,1.617919,1.416912
0.483989,0.61823,0.598323,1.565247,1.353415
0.483989,0.598879,0.598323,1.532462,1.31466
0.537447,0.627773,0.673986,1.464844,1.253033
0.590057,0.691487,0.674647,1.369724,1.217947
0.537447,0.655786,0.6559,1.287052,1.217947
0.537447,0.673887,0.673986,1.231208,1.217947
0.537447,0.627773,0.63735,1.182125,1.222223
0.640684,0.655786,0.675306,1.1284,1.2509
0.590057,0.61823,0.599768,1.070206,1.29339
0.590057,0.682752,0.599768,1.01888,1.346872
0.640684,0.608599,0.60049,0.96675,1.405018
0.68836,0.664895,0.675965,0.91107,1.458425
0.68836,0.637217,0.657933,0.844863,1.513363
0.732354,0.691487,0.694129,0.780109,1.568772
0.772192,0.655786,0.659285,0.713344,1.632027
0.772192,0.673887,0.677281,0.651907,1.704882
0.772192,0.646557,0.640818,0.606239,1.785371
0.772192,0.61823,0.621924,0.59213,1.861778
0.807658,0.637217,0.64151,0.592,1.928464
0.838755,0.646557,0.642201,0.592,1.998122
0.838755,0.655786,0.623337,0.59375,2.06081
0.838755,0.627773,0.623337,0.623629,2.104588
0.838755,0.608599,0.604091,0.677183,2.139871
0.807658,0.559291,0.563934,0.733774,2.145885
0.807658,0.529064,0.543874,0.807462,2.145885
0.838755,0.458098,0.463609,0.878731,2.145885
0.807658,0.418116,0.422817,0.970585,2.140194
0.838755,0.388792,0.423551,1.058089,2.114171
0.807658,0.360248,0.364751,1.099513,2.072437
0.807658,0.341743,0.346152,1.141635,2.005047
0.772192,0.408264,0.402413,1.173902,1.92847
0.772192,0.398486,0.402413,1.201494,1.84562
0.68836,0.388792,0.400968,1.222872,1.763512
0.68836,0.388792,0.420617,1.24888,1.654485
0.640684,0.418116,0.419884,1.258882,1.520925
0.590057,0.438008,0.459125,1.272861,1.383667
0.590057,0.518934,0.479344,1.32158,1.258884
0.483989,0.56928,0.578663,1.380165,1.141517
0.537447,0.518934,0.539395,1.436974,1.062031
0.430896,0.708545,0.70737,1.499981,0.953003
0.430896,0.61823,0.616961,1.550429,0.872239
0.430896,0.608599,0.616961,1.612403,0.822426
0.379345,0.608599,0.616251,1.685958,0.802311
0.330381,0.673887,0.671338,1.746189,0.802311
0.330381,0.700083,0.688997,1.816766,0.802311
0.24329,0.700083,0.704874,1.864277,0.805781
0.24329,0.708545,0.704874,1.912923,0.844171
0.330381,0.708545,0.706123,1.976625,0.900375
0.284837,0.682752,0.688353,2.040046,0.969933
0.284837,0.646557,0.652498,2.098438,1.053611
0.24329,0.57921,0.594704,2.141359,1.124283
0.284837,0.57921,0.595429,2.180846,1.21117
0.284837,0.56928,0.555783,2.209656,1.316904
0.24329,0.498627,0.514663,2.2475,1.4105
0.284837,0.488471,0.49512,2.276411,1.51471
0.24329,0.468201,0.474093,2.296775,1.623112
0.206057,0.388792,0.37456,2.298,1.725443
0.206057,0.369665,0.337358,2.298,1.772193
0.206057,0.323705,0.302066,2.298,1.831318
0.173218,0.289192,0.284615,2.28151,1.887394
0.24329,0.220121,0.224358,2.24366,1.958895
0.330381,0.241758,0.239898,2.195152,2.017491
0.206057,0.199912,0.19689,2.133538,2.058529
0.24329,0.17518,0.172898,2.046663,2.105167
0.24329,0.187231,0.172898,1.953343,2.132091
0.206057,0.163746,0.172468,1.860164,2.16185
0.379345,0.147733,0.141877,1.741857,2.197924
0.483989,0.133036,0.142611,1.654902,2.227324
0.590057,0.133036,0.133663,1.606138,2.233814
0.590057,0.133036,0.164465,1.484875,2.233814
0.640684,0.181128,0.188471,1.387893,2.233814
0.68836,0.187231,0.188932,1.298823,2.218817
0.732354,0.249281,0.244312,1.25608,2.184764
0.772192,0.264796,0.276121,1.221058,2.135725
0.772192,0.341743,0.327349,1.193683,2.075735
0.807658,0.341743,0.328011,1.130071,1.976203
0.772192,0.314874,0.327349,1.051529,1.858062
0.772192,0.408264,0.422084,1.034836,1.785468
0.732354,0.379182,0.382341,1.003532,1.705511
0.772192,0.398486,0.402413,0.966458,1.639921
0.732354,0.360248,0.363358,0.919479,1.565861
0.732354,0.379182,0.382341,0.864933,1.527516
0.68836,0.478329,0.480845,0.817294,1.482824
0.732354,0.539175,0.522171,0.767371,1.385453
0.68836,0.57921,0.581593,0.733593,1.293028
0.68836,0.598879,0.601211,0.716083,1.192062
0.68836,0.627773,0.639432,0.716083,1.110052
0.640684,0.716864,0.709854,0.716083,1.048078
0.640684,0.725038,0.726288,0.725303,0.886258
0.640684,0.777988,0.785944,0.760931,0.771966
0.640684,0.811092,0.799287,0.813411,0.716973
0.640684,0.798325,0.799287,0.878075,0.674036
0.590057,0.811092,0.811537,0.953544,0.64227
0.537447,0.82323,0.823205,1.039856,0.619949
0.590057,0.834745,0.823643,1.115545,0.613721
0.590057,0.829063,0.823643,1.212669,0.613721
0.537447,0.850879,0.845614,1.298686,0.613721
0.483989,0.834745,0.822767,1.395871,0.614677
0.483989,0.811092,0.810616,1.490672,0.627464
0.483989,0.811092,0.810616,1.59,0.6505
0.430896,0.81724,0.810154,1.680147,0.684851
0.537447,0.740936,0.740976,1.75103,0.72145
0.483989,0.756227,0.740399,1.824443,0.770747
0.379345,0.725038,0.723288,1.894674,0.833865
0.330381,0.716864,0.722686,1.950434,0.913349
0.379345,0.716864,0.723288,2.008086,1.006586
0.330381,0.691487,0.688997,2.055359,1.089344
0.330381,0.682752,0.688997,2.1156,1.1814
0.24329,0.655786,0.651816,2.166375,1.280625
0.284837,0.627773,0.614827,2.197448,1.374061
0.24329,0.608599,0.594704,2.24054,1.479336
0.330381,0.518934,0.516165,2.273997,1.560172
0.24329,0.508784,0.514663,2.288,1.659063
0.24329,0.508784,0.494369,2.288,1.756225
0.284837,0.418116,0.414766,2.28271,1.85958
0.24329,0.314874,0.3027,2.259265,1.943767
0.24329,0.306179,0.3027,2.224605,2.044993
0.284837,0.241758,0.254444,2.181692,2.104846
0.24329,0.241758,0.238803,2.131078,2.149617
0.24329,0.227175,0.224358,2.0811,2.162672
0.24329,0.199912,0.161593,2.055808,2.162672
0.24329,0.17518,0.172898,2.028496,2.162672
0.24329,0.158258,0.161593,2.005751,2.153824
0.330381,0.14269,0.141511,2.005751,2.127829
0.330381,0.115383,0.114419,2.005751,2.034058
0.430896,0.107345,0.107019,2.007001,1.967622
0.330381,0.099803,0.114419,2.010524,1.882931
0.330381,0.119595,0.114419,2.012243,1.790016
0.24329,0.169386,0.161593,2.014567,1.722967
0.284837,0.17518,0.162001,2.025912,1.567837
0.24329,0.199912,0.197366,2.028,1.44237
0.284837,0.181128,0.185273,2.028,1.32295
0.330381,0.220121,0.255015,2.028,1.19425
0.284837,0.314874,0.303335,2.016023,1.07867
0.24329,0.272781,0.285841,1.983137,0.986667
0.24329,0.323705,0.320107,1.958778,0.919671
0.284837,0.332663,0.338704,1.925609,0.842809
0.24329,0.468201,0.474093,1.870077,0.778502
0.284837,0.408264,0.454648,1.8171,0.732816
0.206057,0.488471,0.473343,1.736655,0.680573
0.24329,0.478329,0.474093,1.674125,0.656125
0.284837,0.518934,0.515414,1.608667,0.646
0.206057,0.549253,0.554298,1.538459,0.646
0.284837,0.664895,0.633867,1.465165,0.646
0.284837,0.608599,0.633867,1.391656,0.654018
0.284837,0.682752,0.722083,1.340042,0.691719
0.24329,0.733064,0.737498,1.304685,0.74415
0.284837,0.691487,0.705499,1.264659,0.820441
0.330381,0.708545,0.706123,1.232044,0.920168
0.330381,0.784927,0.768775,1.19952,1.028685
0.330381,0.770891,0.754029,1.179942,1.108426
0.284837,0.748658,0.782381,1.161066,1.212542
0.483989,0.82323,0.822767,1.139633,1.302037
0.483989,0.777988,0.784422,1.116204,1.403717
0.483989,0.770891,0.770375,1.0844,1.510892
0.537447,0.770891,0.756253,1.043206,1.617836
0.483989,0.725038,0.724491,1.001458,1.7259
0.430896,0.691487,0.690285,0.973293,1.804804
0.537447,0.646557,0.6559,0.939154,1.890137
0.537447,0.627773,0.63735,0.913988,1.971483
0.590057,0.646557,0.638045,0.912033,2.032519
0.732354,0.549253,0.562455,0.912033,2.07925
0.68836,0.539175,0.52142,0.912033,2.110168
0.732354,0.498627,0.481596,0.929618,2.145228
0.732354,0.498627,0.501886,0.971636,2.175313
0.772192,0.488471,0.502638,1.044513,2.212074
0.772192,0.529064,0.543128,1.109996,2.235987
0.772192,0.518934,0.522921,1.187248,2.254513
0.807658,0.529064,0.523671,1.272875,2.2725
0.772192,0.488471,0.482347,1.347125,2.285625
0.807658,0.478329,0.483098,1.426323,2.29075
0.807658,0.478329,0.483098,1.511372,2.29075
0.838755,0.44803,0.463609,1.566729,2.29075
0.807658,0.360248,0.383763,1.666722,2.287721
0.807658,0.341743,0.328011,1.721583,2.278152
0.807658,0.341743,0.346152,1.773396,2.25607
0.807658,0.314874,0.310371,1.849848,2.21807
0.838755,0.297616,0.277325,1.909048,2.187644
0.772192,0.272781,0.26019,1.948591,2.167882
0.772192,0.220121,0.230167,1.967401,2.154446
0.772192,0.227175,0.244868,1.968924,2.154166
0.640684,0.133036,0.143717,1.970447,2.153887
0.590057,0.128419,0.175929,1.97197,2.153607
0.483989,0.152922,0.163641,1.973492,2.153327
0.483989,0.133036,0.132968,1.939478,2.180904
0.430896,0.147733,0.132621,1.865265,2.241509
0.430896,0.133036,0.132621,1.803164,2.2794
0.330381,0.133036,0.131931,1.740201,2.296391
0.379345,0.137791,0.114724,1.685123,2.305648
0.379345,0.12394,0.114724,1.575377,2.325765
0.284837,0.12394,0.122583,1.474971,2.331
0.379345,0.119595,0.114724,1.377471,2.331
0.590057,0.103513,0.100315,1.286003,2.331
0.590057,0.111301,0.107884,1.183588,2.320633
0.590057,0.119595,0.115951,1.093648,2.300244
0.732354,0.152922,0.154786,1.017099,2.269379
0.732354,0.181128,0.189393,0.952435,2.23208
0.732354,0.227175,0.229635,0.889696,2.182817
0.807658,0.213225,0.2307,0.83693,2.128783
0.772192,0.234388,0.244868,0.8056,2.058877
0.838755,0.289192,0.277325,0.802,1.970621
0.838755,0.297616,0.293888,0.802,1.890863
0.807658,0.369665,0.383763,0.8041,1.801811
0.807658,0.388792,0.403136,0.837967,1.771424
0.807658,0.44803,0.462861,0.919339,1.771424
0.807658,0.44803,0.442746,1.006443,1.764961
0.772192,0.44803,0.462114,1.054694,1.75734
0.772192,0.508784,0.543128,1.088018,1.756815
0.772192,0.539175,0.522921,1.122018,1.741407
0.772192,0.700083,0.659285,1.18281,1.639377
0.732354,0.508784,0.522171,1.240487,1.538001
0.732354,0.57921,0.562455,1.276228,1.437625
0.68836,0.598879,0.601211,1.292834,1.170097
0.68836,0.608599,0.639432,1.307587,0.972245
0.68836,0.700083,0.69349,1.390475,0.773403
0.640684,0.691487,0.69285,1.47575,0.692
0.590057,0.763639,0.771437,1.560199,0.660898
0.68836,0.725038,0.742704,1.651415,0.642026
0.483989,0.725038,0.724491,1.727083,0.635634
0.483989,0.763639,0.740399,1.802304,0.623831
0.379345,0.756227,0.76931,1.877989,0.622831
0.483989,0.756227,0.755698,1.962795,0.624031
0.430896,0.756227,0.769843,2.077125,0.640411
0.330381,0.740936,0.738661,2.135371,0.680978
0.330381,0.748658,0.722686,2.180627,0.728734
0.284837,0.691487,0.688353,2.211457,0.767445
0.330381,0.716864,0.706123,2.230412,0.857713
0.284837,0.691487,0.705499,2.240525,0.9734
0.330381,0.708545,0.706123,2.246054,1.096014
0.206057,0.708545,0.704248,2.248323,1.208502
0.284837,0.700083,0.705499,2.250646,1.303875
0.24329,0.627773,0.651816,2.250646,1.399323
0.206057,0.57921,0.574258,2.250646,1.504029
0.206057,0.508784,0.513912,2.243629,1.607707
0.24329,0.498627,0.494369,2.213625,1.719884
0.284837,0.418116,0.414766,2.201625,1.794417
0.206057,0.332663,0.337358,2.197,1.848395
0.144659,0.314874,0.300799,2.196912,1.874059
0.206057,0.264796,0.253304,2.196647,1.872735
0.173218,0.206491,0.209547,2.196382,1.871412
0.173218,0.17518,0.17204,2.196118,1.870088
0.24329,0.152922,0.150893,2.198,1.832428
0.206057,0.147733,0.130901,2.198,1.772
0.206057,0.152922,0.150508,2.194908,1.667125
0.206057,0.158258,0.150508,2.192125,1.568865
0.173218,0.206491,0.209547,2.185886,1.476211
0.206057,0.206491,0.19689,2.178671,1.377743
0.24329,0.213225,0.224358,2.170524,1.271192
0.24329,0.332663,0.33803,2.132142,1.19725
0.284837,0.297616,0.254444,2.093625,1.119375
0.206057,0.438008,0.513912,2.055806,1.055458
0.24329,0.478329,0.453902,1.996033,1.009792
0.206057,0.488471,0.493617,1.927897,0.975037
0.173218,0.518934,0.533412,1.834076,0.94214
0.330381,0.498627,0.516165,1.73067,0.929567
0.284837,0.539175,0.515414,1.625547,0.908152
0.206057,0.61823,0.613402,1.534548,0.891561
0.284837,0.637217,0.633867,1.460701,0.884377
0.330381,0.673887,0.671338,1.373252,0.883
0.379345,0.637217,0.635262,1.309,0.883
0.330381,0.682752,0.688997,1.227008,0.88788
0.430896,0.691487,0.70737,1.142858,0.911858
0.430896,0.725038,0.73982,1.086355,0.953787
0.483989,0.756227,0.755698,1.034302,1.023685
0.430896,0.748658,0.769843,0.998125,1.091625
0.430896,0.740936,0.755142,0.962118,1.173956
0.537447,0.740936,0.740976,0.925371,1.270318
0.640684,0.716864,0.726288,0.895327,1.369779
0.640684,0.725038,0.709854,0.865863,1.485757
0.537447,0.691487,0.691569,0.850829,1.585356
0.640684,0.673887,0.657256,0.847051,1.688524
0.68836,0.655786,0.639432,0.847051,1.787824
0.68836,0.627773,0.639432,0.847051,1.876921
0.732354,0.57921,0.601932,0.859293,1.963674
0.772192,0.549253,0.563195,0.889608,2.036487
0.772192,0.539175,0.522921,0.946022,2.118446
0.732354,0.508784,0.522171,1.018294,2.184944
0.807658,0.44803,0.462861,1.097282,2.236273
0.838755,0.418116,0.423551,1.205962,2.288759
0.807658,0.408264,0.364751,1.31283,2.336752
0.807658,0.360248,0.364751,1.432282,2.3685
0.807658,0.289192,0.293264,1.53192,2.3695
0.772192,0.227175,0.244868,1.664394,2.3695
0.772192,0.213225,0.216096,1.781125,2.369375
0.68836,0.169386,0.176803,1.895177,2.347297
0.732354,0.137791,0.144459,1.99459,2.305054
0.732354,0.12394,0.134711,2.064904,2.253927
0.430896,0.133036,0.123557,2.127809,2.18779
0.379345,0.133036,0.132276,2.139419,2.140297
0.330381,0.14269,0.141511,2.139419,2.096721
0.330381,0.152922,0.151665,2.139419,2.065875
0.430896,0.14269,0.15244,2.132572,2.038848
0.537447,0.152922,0.153219,2.053509,2.023337
0.537447,0.181128,0.175493,1.944577,2.01304
0.640684,0.213225,0.201205,1.838417,1.990948
0.68836,0.213225,0.215079,1.790544,1.977257
0.640684,0.249281,0.258458,1.674743,1.957542
0.590057,0.341743,0.361274,1.567508,1.946796
0.640684,0.341743,0.343434,1.470827,1.924162
0.732354,0.341743,0.344792,1.363426,1.886059
0.68836,0.418116,0.420617,1.266929,1.853918
0.68836,0.438008,0.460619,1.160615,1.815985
0.732354,0.508784,0.501886,1.058452,1.772497
0.732354,0.57921,0.562455,0.981592,1.72637
0.732354,0.598879,0.582325,0.919886,1.666258
0.732354,0.598879,0.621216,0.911316,1.63728
0.732354,0.637217,0.640126,0.911316,1.619231
0.68836,0.673887,0.675965,0.911316,1.59635
0.68836,0.708545,0.710473,0.917862,1.58875
0.640684,0.691487,0.709854,0.9219,1.516258
0.68836,0.700083,0.710473,0.927101,1.436654
0.68836,0.708545,0.726885,0.957831,1.336877
0.590057,0.798325,0.798804,1.004587,1.228203
0.537447,0.81724,0.823205,1.061261,1.133629
0.537447,0.82323,0.823205,1.112895,1.004946
0.483989,0.784927,0.784422,1.132064,0.819756
0.379345,0.748658,0.754586,1.172,0.728
0.430896,0.740936,0.755142,1.264896,0.672115
0.284837,0.725038,0.705499,1.356924,0.654233
0.330381,0.673887,0.671338,1.453218,0.653167
0.284837,0.637217,0.633867,1.533293,0.653167
0.24329,0.646557,0.633169,1.635707,0.653357
0.206057,0.598879,0.613402,1.742884,0.664655
0.173218,0.598879,0.573523,1.848241,0.687178
0.206057,0.57921,0.574258,1.935473,0.72395
0.173218,0.608599,0.573523,2.01286,0.764813
0.24329,0.468201,0.474093,2.078663,0.817326
0.206057,0.44803,0.453157,2.130434,0.881913
0.144659,0.478329,0.451667,2.171036,0.949257
0.099268,0.369665,0.352989,2.202488,1.019343
0.144659,0.388792,0.336014,2.234865,1.102661
0.173218,0.350942,0.336686,2.23878,1.169922
0.206057,0.350942,0.355741,2.239,1.226536
0.206057,0.341743,0.337358,2.23894,1.283447
0.284837,0.418116,0.434601,2.237877,1.312917
0.206057,0.428033,0.413307,2.227359,1.317442
0.24329,0.488471,0.474093,2.199688,1.32175
0.330381,0.408264,0.415496,2.15667,1.322
0.379345,0.478329,0.456139,2.105973,1.3218
0.430896,0.539175,0.5379,2.027534,1.317677
0.379345,0.518934,0.496624,1.966,1.309
0.379345,0.539175,0.537153,1.921632,1.297009
0.379345,0.664895,0.672001,1.802505,1.266774
0.590057,0.608599,0.619091,1.670543,1.2516
0.640684,0.673887,0.675306,1.534849,1.2515
0.537447,0.627773,0.618382,1.406651,1.2515
0.640684,0.608599,0.60049,1.282556,1.252181
0.732354,0.646557,0.640126,1.182061,1.260594
0.772192,0.61823,0.621924,1.094223,1.290048
0.772192,0.627773,0.640818,1.013799,1.345451
0.807658,0.56928,0.563934,0.934239,1.425561
0.807658,0.549253,0.543874,0.862375,1.518625
0.838755,0.539175,0.54462,0.810898,1.610395
0.772192,0.549253,0.543128,0.763634,1.718529
0.807658,0.549253,0.543874,0.71859,1.811016
0.838755,0.508784,0.504142,0.698545,1.908948
0.807658,0.458098,0.462861,0.698545,2.008585
0.838755,0.428033,0.40386,0.698545,2.054833
0.838755,0.369665,0.40386,0.707261,2.138875
0.807658,0.332663,0.346152,0.747009,2.20525
0.807658,0.289192,0.293264,0.814078,2.254261
0.838755,0.241758,0.245982,0.895569,2.297426
0.807658,0.213225,0.216606,0.969987,2.326259
0.807658,0.193493,0.203145,1.063891,2.350483
0.772192,0.187231,0.17768,1.14756,2.373224
0.732354,0.158258,0.154786,1.204967,2.418227
0.68836,0.147733,0.154393,1.320972,2.418284
0.430896,0.133036,0.132621,1.44228,2.418227
0.379345,0.103513,0.114724,1.496769,2.41625
0.430896,0.128419,0.107019,1.582216,2.413791
0.537447,0.128419,0.12421,1.707655,2.396095
0.590057,0.14269,0.15361,1.816806,2.368625
0.68836,0.152922,0.154393,1.891255,2.354437
0.590057,0.187231,0.188012,1.923645,2.350941
0.590057,0.187231,0.214065,1.923645,2.34951
0.772192,0.280912,0.230167,1.923645,2.338583
0.772192,0.306179,0.309727,1.920073,2.318952
0.732354,0.341743,0.344792,1.874639,2.285807
0.772192,0.379182,0.402413,1.783722,2.260385
0.732354,0.398486,0.42135,1.682289,2.229073
0.732354,0.488471,0.481596,1.59846,2.192071
0.772192,0.529064,0.583056,1.493026,2.140071
0.732354,0.518934,0.542382,1.40767,2.085308
0.732354,0.655786,0.65861,1.308763,2.021322
0.732354,0.664895,0.676624,1.211228,1.959956
0.68836,0.716864,0.710473,1.128238,1.903339
0.732354,0.740936,0.743278,1.056781,1.845271
0.732354,0.756227,0.743278,0.984119,1.772505
0.68836,0.777988,0.772496,0.918368,1.691154
0.640684,0.770891,0.771967,0.856944,1.60292
0.590057,0.777988,0.785438,0.805179,1.541329
0.640684,0.784927,0.785944,0.776328,1.515626
0.590057,0.798325,0.811537,0.758508,1.493648
0.590057,0.829063,0.823643,0.757441,1.4725
0.537447,0.834745,0.834714,0.757441,1.443428
0.537447,0.811092,0.811077,0.758066,1.416965
0.537447,0.784927,0.79832,0.790155,1.342603
0.483989,0.784927,0.784422,0.836938,1.267201
0.430896,0.784927,0.783913,0.881243,1.220841
0.537447,0.756227,0.770907,0.931669,1.059158
0.430896,0.756227,0.755142,0.975087,0.999005
0.379345,0.740936,0.739241,1.042291,0.929229
0.330381,0.733064,0.738661,1.130422,0.780381
0.24329,0.673887,0.670009,1.21725,0.75375
0.24329,0.691487,0.687707,1.319775,0.738357
0.206057,0.673887,0.651133,1.420739,0.729785
0.206057,0.637217,0.63247,1.546985,0.722328
0.206057,0.61823,0.613402,1.658365,0.722328
0.206057,0.598879,0.593979,1.771858,0.722328
0.206057,0.57921,0.574258,1.872538,0.729431
0.284837,0.529064,0.515414,1.95652,0.754372
0.120124,0.360248,0.353676,2.027939,0.797382
0.144659,0.280912,0.284003,2.090173,0.854464
0.24329,0.220121,0.224358,2.12874,0.920111
0.173218,0.234388,0.223313,2.167945,0.999151
0.330381,0.187231,0.185727,2.200204,1.08151
0.483989,0.169386,0.163641,2.20205,1.197597
0.590057,0.152922,0.143348,2.20205,1.316601
0.68836,0.133036,0.125194,2.20034,1.428364
0.732354,0.158258,0.165709,2.181088,1.547963
0.732354,0.152922,0.154786,2.153054,1.640879
0.807658,0.199912,0.203145,2.118929,1.733875
0.807658,0.234388,0.245424,2.057703,1.845082
0.838755,0.306179,0.311015,1.980568,1.956913
0.807658,0.264796,0.26077,1.910182,2.042234
0.807658,0.280912,0.276723,1.834796,2.113784
0.732354,0.264796,0.259612,1.737487,2.192391
0.732354,0.272781,0.259612,1.653088,2.250523
0.772192,0.297616,0.309727,1.567509,2.300083
0.772192,0.297616,0.309727,1.473855,2.329253
0.68836,0.297616,0.291398,1.440382,2.330275
0.590057,0.323705,0.307161,1.389904,2.330275
0.590057,0.306179,0.324706,1.355233,2.328242
0.590057,0.418116,0.380213,1.35431,2.299248
0.590057,0.332663,0.342757,1.35431,2.25683
0.379345,0.323705,0.340052,1.357069,2.206349
0.24329,0.478329,0.474093,1.385401,2.143175
0.24329,0.539175,0.555041,1.403438,2.079664
0.330381,0.57921,0.556525,1.435,2.008149
0.206057,0.673887,0.704248,1.49657,1.907869
0.284837,0.655786,0.652498,1.577007,1.835715
0.330381,0.673887,0.671338,1.606382,1.816906
0.330381,0.682752,0.688997,1.676066,1.750545
0.379345,0.691487,0.653861,1.752339,1.66329
0.483989,0.682752,0.690927,1.826628,1.565148
0.379345,0.756227,0.739241,1.900229,1.459305
0.430896,0.740936,0.73982,1.969773,1.357027
0.483989,0.725038,0.740399,2.001819,1.255212
0.483989,0.770891,0.810616,2.004,1.150238
0.537447,0.784927,0.79832,2.004,1.056146
0.430896,0.777988,0.783913,1.9991,0.951438
0.430896,0.748658,0.755142,1.9465,0.87425
0.640684,0.725038,0.742129,1.878135,0.808983
0.537447,0.673887,0.691569,1.796646,0.744397
0.640684,0.673887,0.675306,1.717201,0.697525
0.640684,0.598879,0.6198,1.6237,0.65733
0.640684,0.61823,0.6198,1.506375,0.648534
0.68836,0.58908,0.620508,1.426323,0.648534
0.732354,0.608599,0.601932,1.337275,0.648534
0.772192,0.627773,0.602652,1.27726,0.654809
0.772192,0.539175,0.563195,1.200406,0.69542
0.772192,0.549253,0.543128,1.148116,0.762599
0.807658,0.508784,0.523671,1.094486,0.84284
0.838755,0.488471,0.483849,1.054406,0.942752
0.838755,0.44803,0.423551,1.021933,1.056936
0.807658,0.398486,0.422817,0.992497,1.159845
0.838755,0.379182,0.40386,0.960674,1.265981
0.772192,0.350942,0.364054,0.927041,1.384346
0.838755,0.314874,0.328675,0.888768,1.487572
0.807658,0.280912,0.293264,0.85079,1.599995
0.772192,0.264796,0.26019,0.82805,1.713087
0.732354,0.241758,0.244312,0.823849,1.817325
0.732354,0.199912,0.202173,0.823849,1.91215
0.68836,0.169386,0.176803,0.823849,1.98089
0.68836,0.206491,0.188932,0.833737,2.052531
0.68836,0.306179,0.291398,0.894598,2.129143
0.640684,0.323705,0.325366,0.978982,2.210042
0.640684,0.428033,0.380922,1.037326,2.25966
0.640684,0.418116,0.400245,1.104394,2.274838
0.640684,0.428033,0.419884,1.175254,2.275342
0.590057,0.44803,0.459125,1.25898,2.275342
0.537447,0.559291,0.559492,1.340861,2.273485
0.537447,0.57921,0.579396,1.418027,2.248796
0.537447,0.61823,0.6559,1.462861,2.216363
0.430896,0.708545,0.73982,1.490831,2.173165
0.430896,0.708545,0.70737,1.49525,2.127557
0.330381,0.673887,0.768775,1.49525,2.076703
0.379345,0.763639,0.76931,1.49525,2.02685
0.379345,0.798325,0.796864,1.493113,1.988709
0.379345,0.784927,0.783403,1.466941,1.901288
0.379345,0.784927,0.783403,1.449397,1.838096
0.379345,0.770891,0.76931,1.445053,1.826497
0.330381,0.748658,0.738661,1.401823,1.716064
0.379345,0.740936,0.739241,1.368372,1.586277
0.330381,0.740936,0.738661,1.337748,1.420603
0.284837,0.725038,0.722083,1.32,1.25175
0.24329,0.673887,0.670009,1.313907,1.108731
0.24329,0.655786,0.651816,1.313907,0.974579
0.284837,0.646557,0.652498,1.313907,0.863834
0.24329,0.682752,0.670009,1.324044,0.779588
0.206057,0.56928,0.704248,1.363778,0.728003
0.144659,0.61823,0.631071,1.40267,0.699372
0.24329,0.716864,0.721479,1.452765,0.687202
0.284837,0.664895,0.652498,1.512,0.687202
0.284837,0.646557,0.652498,1.586442,0.687202
0.284837,0.637217,0.633867,1.659875,0.687776
0.284837,0.637217,0.633867,1.733327,0.698618
0.330381,0.637217,0.634565,1.800811,0.714343
0.430896,0.56928,0.57793,1.858596,0.734339
0.330381,0.57921,0.576462,1.904232,0.748089
0.430896,0.733064,0.73982,1.957125,0.761125
0.430896,0.627773,0.616961,2.007958,0.777994
0.537447,0.608599,0.618382,2.045704,0.789979
0.483989,0.539175,0.558751,2.046705,0.790546
0.537447,0.598879,0.599046,2.047705,0.791112
0.590057,0.57921,0.560233,2.048594,0.791615
0.640684,0.58908,0.560974,2.035553,0.79193
0.590057,0.539175,0.560233,1.980359,0.79218
0.640684,0.549253,0.540889,1.912647,0.80528
0.732354,0.518934,0.501886,1.838783,0.831877
0.732354,0.508784,0.501886,1.753235,0.875549
0.732354,0.478329,0.501886,1.687252,0.923913
0.772192,0.478329,0.482347,1.623534,0.973464
0.772192,0.468201,0.462114,1.54495,1.032397
0.807658,0.44803,0.442746,1.4645,1.098183
0.772192,0.438008,0.442004,1.396847,1.161628
0.807658,0.369665,0.383763,1.324292,1.235944
0.772192,0.323705,0.327349,1.258206,1.308528
0.807658,0.297616,0.293264,1.193949,1.382829
0.807658,0.264796,0.276723,1.102527,1.483855
0.772192,0.249281,0.244868,1.048205,1.579677
0.807658,0.256962,0.26077,1.0,1.68775
0.732354,0.193493,0.202173,0.9765,1.78878
0.68836,0.199912,0.188932,0.976,1.890617
0.68836,0.193493,0.188932,0.976,1.940345
0.537447,0.152922,0.153219,0.980206,1.984892
0.430896,0.14269,0.142243,1.017619,2.062433
0.537447,0.181128,0.187553,1.074768,2.124151
0.330381,0.199912,0.185727,1.14825,2.181625
0.330381,0.213225,0.211547,1.2295,2.222375
0.24329,0.234388,0.3027,1.321979,2.251599
0.284837,0.241758,0.23935,1.420329,2.294473
0.284837,0.193493,0.197843,1.504882,2.331553
0.330381,0.187231,0.16241,1.590173,2.331553
0.379345,0.152922,0.162819,1.682351,2.331553
0.430896,0.249281,0.240996,1.7695,2.327316
0.430896,0.206491,0.199279,1.840469,2.305241
0.537447,0.256962,0.306522,1.909589,2.2371
0.68836,0.234388,0.229103,1.987533,2.135678
0.732354,0.297616,0.292019,2.057611,2.062511
0.732354,0.272781,0.259612,2.10802,1.983611
0.732354,0.341743,0.344792,2.129125,1.931625
0.732354,0.438008,0.441263,2.132544,1.86821
0.772192,0.398486,0.422084,2.131993,1.818578
0.807658,0.468201,0.483098,2.131993,1.789825
0.807658,0.498627,0.483098,2.128696,1.789825
0.807658,0.549253,0.543874,2.070803,1.789825
0.807658,0.468201,0.483098,2.002298,1.793957
0.732354,0.508784,0.522171,1.933699,1.819779
0.772192,0.498627,0.502638,1.855038,1.86023
0.772192,0.478329,0.482347,1.756649,1.91481
0.68836,0.539175,0.541635,1.666651,1.949957
0.732354,0.518934,0.522171,1.532569,1.9785
0.68836,0.58908,0.581593,1.43625,1.995717
0.68836,0.61823,0.601211,1.333069,1.997
0.68836,0.682752,0.657933,1.236483,1.997
0.590057,0.770891,0.756807,1.162906,1.997
0.68836,0.756227,0.757912,1.07972,1.992378
0.483989,0.756227,0.770375,1.013336,1.976194
0.483989,0.798325,0.784422,0.956521,1.950469
0.537447,0.756227,0.756253,0.923499,1.915779
0.330381,0.811092,0.821448,0.915865,1.875933
0.483989,0.791707,0.797835,0.915865,1.827867
0.430896,0.756227,0.769843,0.915865,1.793937
0.430896,0.777988,0.769843,0.937059,1.752703
0.379345,0.756227,0.76931,1.075519,1.746041
0.379345,0.756227,0.754586,1.153724,1.716467
0.379345,0.740936,0.739241,1.192898,1.624516
0.330381,0.740936,0.738661,1.239556,1.531549
0.330381,0.725038,0.722686,1.277563,1.428102
0.379345,0.57921,0.516916,1.279774,1.314995
0.379345,0.518934,0.516916,1.279774,1.194295
0.173218,0.398486,0.412578,1.28535,1.095865
0.173218,0.418116,0.412578,1.244307,0.978537
0.24329,0.369665,0.356431,1.23286,0.784864
0.284837,0.314874,0.303335,1.23286,0.666181
0.24329,0.314874,0.3027,1.238003,0.648903
0.24329,0.289192,0.285841,1.277565,0.648903
0.379345,0.199912,0.186182,1.31924,0.652335
0.379345,0.163746,0.174192,1.362678,0.662624
0.483989,0.152922,0.152829,1.42175,0.678375
0.537447,0.152922,0.164053,1.493872,0.707108
0.590057,0.169386,0.175929,1.559379,0.736786
0.640684,0.181128,0.176365,1.618262,0.7679
0.68836,0.213225,0.215079,1.676347,0.803226
0.732354,0.249281,0.259612,1.726417,0.834373
0.772192,0.256962,0.26019,1.775755,0.872442
0.807658,0.264796,0.276723,1.824003,0.929023
0.838755,0.314874,0.328675,1.86016,0.99456
0.807658,0.369665,0.364751,1.892125,1.076875
0.807658,0.398486,0.364751,1.916505,1.163002
0.838755,0.398486,0.40386,1.947539,1.247402
0.807658,0.488471,0.483098,1.96,1.3
0.838755,0.428033,0.443488,1.962563,1.315376
0.838755,0.518934,0.504142,1.968,1.422797
0.838755,0.488471,0.524421,1.968,1.528753
0.807658,0.468201,0.462861,1.968,1.64608
0.807658,0.498627,0.50339,1.963454,1.777252
0.807658,0.44803,0.442746,1.937891,1.895347
0.772192,0.44803,0.442004,1.898417,1.993751
0.772192,0.468201,0.462114,1.837232,2.08784
0.68836,0.518934,0.541635,1.768292,2.171641
0.68836,0.58908,0.639432,1.692146,2.227682
0.68836,0.691487,0.675965,1.599625,2.272205
0.732354,0.708545,0.711091,1.527295,2.306539
0.640684,0.682752,0.709854,1.459921,2.32903
0.640684,0.655786,0.675306,1.38442,2.3337
0.640684,0.655786,0.657256,1.307096,2.3337
0.640684,0.708545,0.709854,1.232972,2.3337
0.537447,0.763639,0.770907,1.153875,2.33205
0.483989,0.784927,0.784422,1.082721,2.320723
0.590057,0.791707,0.785438,1.024215,2.282529
0.483989,0.777988,0.784422,0.949299,2.256016
0.537447,0.725038,0.72509,0.891898,2.226287
0.430896,0.770891,0.769843,0.876,2.185616
0.430896,0.763639,0.755142,0.876,2.152282
0.537447,0.740936,0.756253,0.876,2.098635
0.430896,0.733064,0.73982,0.877924,2.039763
0.430896,0.740936,0.73982,0.89216,1.951982
0.330381,0.740936,0.722686,0.902074,1.863904
0.379345,0.708545,0.723288,0.911708,1.770193
0.284837,0.673887,0.670674,0.922446,1.662648
0.284837,0.646557,0.652498,0.932641,1.557118
0.330381,0.627773,0.634565,0.94164,1.491049
0.24329,0.637217,0.614115,0.946829,1.458189
0.284837,0.646557,0.633867,0.952816,1.410965
0.206057,0.673887,0.651133,0.975546,1.332829
0.24329,0.691487,0.687707,0.990321,1.242799
0.24329,0.673887,0.670009,1.014002,1.147881
0.24329,0.646557,0.651816,1.042125,1.085875
0.24329,0.655786,0.633169,1.0839,1.0232
0.24329,0.637217,0.633169,1.138963,0.920754
0.284837,0.608599,0.614827,1.208056,0.766356
0.284837,0.598879,0.614827,1.280261,0.751173
0.284837,0.608599,0.595429,1.355002,0.748
0.379345,0.529064,0.516916,1.445367,0.748
0.330381,0.478329,0.475593,1.537125,0.748
0.430896,0.518934,0.517667,1.630716,0.748997
0.430896,0.498627,0.497376,1.713936,0.761883
0.537447,0.388792,0.379505,1.793867,0.771665
0.430896,0.360248,0.359195,1.858897,0.787757
0.430896,0.341743,0.340727,1.908719,0.802031
0.483989,0.306179,0.305883,1.957327,0.817714
0.483989,0.323705,0.305883,1.986839,0.83154
0.590057,0.227175,0.228043,1.991129,0.844868
0.590057,0.227175,0.228043,1.997402,0.860957
0.640684,0.227175,0.228572,1.9985,0.878283
0.68836,0.220121,0.229103,1.996696,0.916572
0.772192,0.234388,0.244868,1.988294,0.975304
0.807658,0.306179,0.310371,1.953237,1.041541
0.807658,0.332663,0.346152,1.919164,1.101922
0.838755,0.369665,0.384474,1.910772,1.170763
0.807658,0.360248,0.364751,1.867355,1.244972
0.838755,0.360248,0.365448,1.812389,1.345352
0.807658,0.408264,0.383763,1.76676,1.451547
0.807658,0.388792,0.403136,1.695858,1.557877
0.807658,0.408264,0.403136,1.63432,1.657258
0.838755,0.438008,0.443488,1.591364,1.769917
0.68836,0.408264,0.420617,1.541003,1.87304
0.732354,0.478329,0.481596,1.468307,1.963207
0.732354,0.508784,0.501886,1.425429,2.034321
0.68836,0.549253,0.601211,1.367334,2.094348
0.68836,0.598879,0.581593,1.302425,2.142775
0.68836,0.56928,0.581593,1.238453,2.181712
0.68836,0.655786,0.639432,1.164644,2.216566
0.537447,0.708545,0.708613,1.099857,2.239711
0.537447,0.770891,0.770907,1.052024,2.244358
0.537447,0.784927,0.770907,1.0415,2.244358
0.430896,0.784927,0.79735,1.0415,2.244358
0.483989,0.756227,0.770375,1.0415,2.229602
0.430896,0.770891,0.769843,1.045625,2.179625
0.330381,0.708545,0.722686,1.055885,2.099372
0.430896,0.691487,0.690285,1.066375,1.9985
0.379345,0.716864,0.689641,1.07,1.936
0.379345,0.664895,0.653861,1.07,1.885747
0.330381,0.608599,0.596153,1.07,1.797625
0.24329,0.61823,0.594704,1.07,1.7305
0.173218,0.438008,0.432385,1.064702,1.631652
0.206057,0.428033,0.413307,1.048171,1.489294
0.173218,0.408264,0.412578,1.048,1.332833
0.24329,0.360248,0.356431,1.048,1.188048
0.379345,0.350942,0.358503,1.049731,1.077725
0.430896,0.398486,0.416957,1.072875,0.980236
0.430896,0.398486,0.397361,1.128257,0.865902
0.537447,0.478329,0.478594,1.217749,0.773603
0.640684,0.498627,0.480095,1.277023,0.722526
0.537447,0.598879,0.673986,1.340664,0.716845
0.68836,0.56928,0.581593,1.431999,0.716845
0.732354,0.56928,0.542382,1.545094,0.716845
0.772192,0.637217,0.640818,1.663561,0.727126
0.772192,0.61823,0.621924,1.755091,0.747914
0.732354,0.637217,0.640126,1.8401,0.784355
0.772192,0.57921,0.583056,1.924078,0.842794
0.807658,0.57921,0.583787,2.006676,0.921102
0.807658,0.539175,0.563934,2.073471,1.00648
0.838755,0.57921,0.483849,2.101145,1.08922
0.838755,0.438008,0.443488,2.102477,1.164875
0.838755,0.44803,0.423551,2.102477,1.224486
0.807658,0.369665,0.364751,2.099456,1.282992
0.807658,0.332663,0.310371,2.067967,1.324495
0.807658,0.289192,0.293264,1.986401,1.365866
0.772192,0.234388,0.244868,1.897771,1.39346
0.807658,0.249281,0.245424,1.818121,1.415634
0.772192,0.152922,0.15518,1.723561,1.439954
0.772192,0.14269,0.15518,1.618168,1.46719
0.68836,0.199912,0.188932,1.490018,1.492327
0.732354,0.220121,0.229635,1.367722,1.515403
0.640684,0.272781,0.274322,1.284398,1.530939
0.68836,0.256962,0.274921,1.174147,1.556733
0.640684,0.280912,0.290777,1.07551,1.584585
0.590057,0.306179,0.290158,0.9807,1.6222
0.537447,0.323705,0.342079,0.8855,1.675875
0.537447,0.458098,0.458378,0.810463,1.732809
0.483989,0.458098,0.457632,0.745028,1.79927
0.483989,0.539175,0.518418,0.70771,1.863937
0.483989,0.498627,0.518418,0.704114,1.93912
0.379345,0.57921,0.596877,0.704114,2.006694
0.379345,0.637217,0.635262,0.707191,2.065526
0.379345,0.598879,0.596877,0.750043,2.129029
0.379345,0.716864,0.689641,0.814946,2.186024
0.330381,0.608599,0.615539,0.929909,2.250722
0.284837,0.700083,0.705499,1.047572,2.306389
0.24329,0.637217,0.687707,1.155998,2.332618
0.173218,0.673887,0.65045,1.254836,2.335575
0.173218,0.655786,0.631771,1.313568,2.334214
0.120124,0.655786,0.630371,1.400227,2.334214
0.206057,0.58908,0.63247,1.48608,2.322662
0.173218,0.518934,0.51316,1.537419,2.289998
0.144659,0.518934,0.512409,1.569226,2.238411
0.144659,0.468201,0.471844,1.574,2.184714
0.144659,0.428033,0.431648,1.574,2.113505
0.206057,0.341743,0.302066,1.574,2.021947
0.206057,0.297616,0.285228,1.559183,1.928072
0.24329,0.280912,0.33803,1.538162,1.847919
0.173218,0.213225,0.209547,1.524821,1.741328
0.24329,0.193493,0.184819,1.521,1.614268
0.24329,0.133036,0.140782,1.521,1.487516
0.24329,0.133036,0.12226,1.521,1.362533
0.284837,0.115383,0.122583,1.53002,1.242028
0.24329,0.14269,0.150893,1.564106,1.108361
0.24329,0.187231,0.184819,1.60898,0.996784
0.284837,0.199912,0.185273,1.672463,0.905584
0.284837,0.280912,0.270151,1.74055,0.837393
0.284837,0.289192,0.286456,1.813554,0.78193
0.24329,0.332663,0.356431,1.892964,0.740981
0.24329,0.306179,0.3027,1.987722,0.73467
0.24329,0.341743,0.33803,2.056544,0.73467
0.284837,0.360248,0.357121,2.118695,0.736236
0.330381,0.478329,0.495872,2.1785,0.759125
0.24329,0.559291,0.555041,2.236884,0.808605
0.24329,0.559291,0.555041,2.275157,0.874917
0.284837,0.56928,0.633867,2.296538,0.963429
0.379345,0.691487,0.672001,2.307028,1.078694
0.284837,0.673887,0.688353,2.309451,1.167077
0.24329,0.708545,0.687707,2.310258,1.306828
0.330381,0.725038,0.754029,2.308633,1.427948
0.330381,0.740936,0.738661,2.273448,1.56456
0.284837,0.708545,0.75347,2.232375,1.729375
0.483989,0.756227,0.755698,2.205849,1.824839
0.483989,0.777988,0.770375,2.177627,1.914142
0.537447,0.770891,0.770907,2.168168,1.938306
0.483989,0.811092,0.810616,2.168085,1.938306
0.537447,0.834745,0.834714,2.15931,1.938306
0.537447,0.82323,0.834714,2.155625,1.923064
0.640684,0.829063,0.824079,2.152,1.865179
0.640684,0.82323,0.824079,2.152,1.791521
0.590057,0.798325,0.798804,2.141597,1.697087
0.590057,0.770891,0.798804,2.127778,1.57818
0.68836,0.763639,0.772496,2.10355,1.488069
0.68836,0.784927,0.772496,2.069175,1.376753
0.590057,0.770891,0.785438,2.028291,1.26923
0.640684,0.770891,0.75736,1.982202,1.174916
0.640684,0.740936,0.742129,1.931681,1.072944
0.640684,0.748658,0.742129,1.896839,0.988564
0.640684,0.716864,0.742129,1.835683,0.912427
0.590057,0.673887,0.619091,1.767713,0.874523
0.640684,0.637217,0.60049,1.689668,0.835902
0.537447,0.598879,0.599046,1.595957,0.806463
0.537447,0.673887,0.6559,1.504215,0.793987
0.430896,0.58908,0.5976,1.404588,0.781617
0.379345,0.61823,0.616251,1.310984,0.767616
0.284837,0.598879,0.595429,1.213099,0.760238
0.284837,0.559291,0.515414,1.108791,0.76
0.24329,0.559291,0.534909,1.017685,0.76
0.173218,0.549253,0.533412,0.952,0.763937
0.206057,0.559291,0.554298,0.906212,0.7946
0.206057,0.518934,0.513912,0.862112,0.849441
0.206057,0.488471,0.513912,0.821256,0.917684
0.173218,0.428033,0.432385,0.815,1.006471
0.206057,0.418116,0.413307,0.815,1.091125
0.173218,0.369665,0.355052,0.815,1.163014
0.206057,0.341743,0.37456,0.824976,1.213389
0.206057,0.306179,0.302066,0.83775,1.227
0.173218,0.280912,0.268376,0.899627,1.227
0.206057,0.306179,0.319453,0.940486,1.227
0.206057,0.297616,0.285228,1.003543,1.224053
0.284837,0.314874,0.320762,1.031507,1.21345
0.330381,0.388792,0.321418,1.084064,1.177157
0.379345,0.438008,0.377382,1.168806,1.131907
0.284837,0.468201,0.535657,1.264202,1.089111
0.590057,0.408264,0.399524,1.381601,1.050702
0.537447,0.559291,0.539395,1.465284,1.02968
0.640684,0.518934,0.52067,1.563744,1.0067
0.68836,0.488471,0.501135,1.681565,0.978748
0.68836,0.518934,0.52142,1.787156,0.975504
0.68836,0.61823,0.601211,1.893405,0.975504
0.732354,0.508784,0.522171,1.986675,0.976345
0.732354,0.529064,0.542382,2.063473,1.00659
0.772192,0.57921,0.583056,2.128392,1.061801
0.772192,0.58908,0.583056,2.160551,1.111645
0.807658,0.559291,0.563934,2.190975,1.192984
0.838755,0.539175,0.54462,2.200465,1.288085
0.807658,0.539175,0.543874,2.20412,1.360268
0.807658,0.529064,0.543874,2.20412,1.419903
0.807658,0.539175,0.543874,2.20412,1.463431
0.865661,0.488471,0.504894,2.169344,1.493784
0.865661,0.428033,0.424286,2.110792,1.521592
0.807658,0.398486,0.403136,2.03225,1.53125
0.807658,0.369665,0.364751,1.935504,1.535
0.807658,0.323705,0.328011,1.850625,1.5355
0.772192,0.306179,0.292641,1.714251,1.5355
0.772192,0.234388,0.244868,1.590073,1.5355
0.772192,0.213225,0.230167,1.443557,1.535969
0.772192,0.17518,0.17768,1.329404,1.538257
0.732354,0.137791,0.144459,1.250821,1.54257
0.732354,0.152922,0.154786,1.150879,1.56192
0.640684,0.163746,0.164879,1.084108,1.594524
0.590057,0.147733,0.188012,1.00549,1.628967
0.537447,0.14269,0.133315,0.923976,1.662834
0.284837,0.169386,0.173328,0.846252,1.720195
0.330381,0.199912,0.198321,0.764243,1.815738
0.430896,0.181128,0.174625,0.74306,1.873565
0.379345,0.187231,0.198799,0.74306,1.9401
0.284837,0.187231,0.185273,0.74306,2.00775
0.430896,0.213225,0.226458,0.750737,2.080542
0.430896,0.256962,0.240996,0.787425,2.139032
0.483989,0.289192,0.288921,0.857887,2.199624
0.430896,0.314874,0.340727,0.932984,2.245898
0.537447,0.418116,0.41842,1.017141,2.282853
0.640684,0.428033,0.439781,1.118107,2.318234
0.590057,0.508784,0.499631,1.212375,2.3325
0.640684,0.468201,0.459872,1.310879,2.3325
0.640684,0.498627,0.480095,1.426908,2.3325
0.732354,0.559291,0.562455,1.512353,2.33056
0.640684,0.664895,0.638739,1.612573,2.305406
0.640684,0.682752,0.657256,1.693405,2.280667
0.640684,0.708545,0.69285,1.791159,2.235775
0.68836,0.770891,0.786449,1.87825,2.183875
0.68836,0.770891,0.772496,1.936395,2.13968
0.640684,0.798325,0.799287,1.98118,2.091177
0.68836,0.784927,0.786449,2.012064,2.038167
0.640684,0.811092,0.835542,2.012086,2.009807
0.590057,0.834745,0.846006,2.012086,1.983625
0.590057,0.834745,0.835129,2.010961,1.95933
0.640684,0.874863,0.866344,1.962498,1.932714
0.590057,0.834745,0.846006,1.892744,1.89595
0.537447,0.811092,0.811077,1.811388,1.861607
0.537447,0.82323,0.834714,1.711412,1.844306
0.537447,0.798325,0.811077,1.624,1.810403
0.483989,0.811092,0.810616,1.521581,1.762864
0.483989,0.784927,0.784422,1.41501,1.710756
0.24329,0.733064,0.752911,1.317825,1.661227
0.284837,0.691487,0.688353,1.25,1.620165
0.206057,0.673887,0.669344,1.19928,1.569104
0.173218,0.708545,0.686414,1.109437,1.507055
0.24329,0.637217,0.651816,1.031428,1.477295
0.173218,0.637217,0.612689,0.949274,1.393256
0.173218,0.549253,0.553555,0.88115,1.294098
0.206057,0.549253,0.534161,0.844715,1.204007
0.173218,0.44803,0.452412,0.798788,1.112792
0.173218,0.488471,0.452412,0.788152,1.030664
0.173218,0.458098,0.472594,0.788152,0.931584
0.206057,0.323705,0.319453,0.788152,0.844073
0.284837,0.314874,0.320762,0.795488,0.786682
0.24329,0.289192,0.285841,0.835052,0.737982
0.206057,0.227175,0.238257,0.864319,0.704792
0.24329,0.163746,0.161593,0.928451,0.673953
0.24329,0.169386,0.161593,1.012605,0.647283
0.284837,0.133036,0.131587,1.114677,0.63214
0.330381,0.119595,0.122907,1.218,0.625625
0.430896,0.133036,0.123557,1.317152,0.623109
0.590057,0.163746,0.164465,1.420292,0.616524
0.640684,0.17518,0.188471,1.534254,0.61
0.807658,0.220121,0.2307,1.648093,0.61
0.772192,0.241758,0.244868,1.763963,0.61
0.807658,0.264796,0.276723,1.8732,0.6187
0.838755,0.249281,0.26135,1.968784,0.655734
0.772192,0.297616,0.327349,2.037606,0.695456
0.732354,0.341743,0.344792,2.1038,0.7632
0.68836,0.458098,0.460619,2.157461,0.843199
0.68836,0.488471,0.480845,2.203132,0.953771
0.772192,0.508784,0.522921,2.223189,1.062659
0.68836,0.518934,0.52142,2.230254,1.18425
0.68836,0.608599,0.620508,2.233708,1.312587
0.68836,0.58908,0.601211,2.233708,1.432279
0.640684,0.608599,0.6198,2.231715,1.547523
0.640684,0.627773,0.638739,2.223372,1.623929
0.590057,0.716864,0.709234,2.200622,1.753574
0.483989,0.770891,0.770375,2.155479,1.889332
0.590057,0.756227,0.756807,2.121665,1.951968
0.590057,0.811092,0.798804,2.060468,2.046425
0.537447,0.811092,0.823205,2.00175,2.134792
0.537447,0.740936,0.740976,1.890926,2.212515
0.483989,0.733064,0.740399,1.798785,2.26835
0.483989,0.770891,0.755698,1.732438,2.29203
0.430896,0.756227,0.755142,1.64771,2.299
0.379345,0.756227,0.754586,1.53541,2.299
0.330381,0.725038,0.754029,1.42652,2.299
0.330381,0.725038,0.722686,1.340558,2.293355
0.430896,0.733064,0.72389,1.284581,2.266545
0.483989,0.708545,0.707992,1.224018,2.222222
0.483989,0.673887,0.690927,1.165321,2.159971
0.537447,0.627773,0.63735,1.112365,2.072109
0.537447,0.61823,0.599046,1.063375,1.957875
0.483989,0.539175,0.538648,1.027884,1.851075
0.430896,0.458098,0.456886,0.997047,1.746645
0.483989,0.438008,0.457632,0.972907,1.66694
0.537447,0.438008,0.438299,0.952025,1.575721
0.640684,0.379182,0.380922,0.949667,1.483413
0.640684,0.323705,0.380922,0.949667,1.366014
0.537447,0.314874,0.306522,0.952106,1.227371
0.640684,0.289192,0.290777,0.970856,1.106843
0.732354,0.241758,0.259612,1.003126,1.005805
0.772192,0.193493,0.202659,1.05024,0.911888
0.68836,0.169386,0.165294,1.092386,0.84382
0.640684,0.14269,0.143717,1.127088,0.804537
0.732354,0.14269,0.144459,1.184228,0.773493
0.379345,0.115383,0.114724,1.248525,0.773414
0.330381,0.119595,0.151665,1.299394,0.773414
0.24329,0.169386,0.161593,1.351846,0.779185
0.206057,0.181128,0.172468,1.393125,0.80975
0.144659,0.199912,0.20905,1.4032,0.832519
0.206057,0.289192,0.285228,1.416086,0.895834
0.24329,0.272781,0.269559,1.417667,0.981379
0.173218,0.350942,0.373856,1.417667,1.085622
0.206057,0.408264,0.413307,1.419667,1.200458
0.206057,0.438008,0.433124,1.413024,1.318262
0.206057,0.428033,0.413307,1.405057,1.420197
0.144659,0.56928,0.592528,1.404819,1.534288
0.206057,0.549253,0.593979,1.404819,1.70546
0.24329,0.56928,0.555041,1.406784,1.823149
0.24329,0.559291,0.555041,1.419721,1.921967
0.206057,0.637217,0.651133,1.4415,1.998501
0.206057,0.682752,0.687061,1.473784,2.065134
0.24329,0.716864,0.704874,1.526853,2.147989
0.284837,0.708545,0.705499,1.591669,2.211484
0.379345,0.740936,0.739241,1.665356,2.250181
0.379345,0.725038,0.723288,1.713075,2.257
0.330381,0.81724,0.809227,1.77575,2.257
0.430896,0.784927,0.810154,1.879537,2.257
0.537447,0.865694,0.855919,1.960006,2.254357
0.483989,0.845652,0.855548,2.039525,2.211175
0.537447,0.845652,0.834714,2.110285,2.140015
0.590057,0.850879,0.875141,2.144236,2.080153
0.537447,0.82323,0.834714,2.181574,1.986696
0.590057,0.865694,0.865995,2.215351,1.879903
0.590057,0.855962,0.865995,2.235777,1.755116
0.590057,0.855962,0.85629,2.249084,1.646774
0.537447,0.82323,0.78493,2.258068,1.508603
0.590057,0.791707,0.785438,2.2629,1.384625
0.68836,0.770891,0.786449,2.2629,1.280258
0.68836,0.756227,0.772496,2.2629,1.13886
0.732354,0.784927,0.773024,2.260323,1.040584
0.640684,0.725038,0.726288,2.230437,0.951769
0.732354,0.708545,0.727482,2.187825,0.878627
0.732354,0.708545,0.711091,2.112643,0.802846
0.732354,0.716864,0.711091,2.033952,0.750664
0.772192,0.725038,0.711708,1.942601,0.70471
0.772192,0.682752,0.694767,1.850588,0.663388
0.772192,0.664895,0.677281,1.752121,0.628367
0.772192,0.682752,0.677281,1.664577,0.59503
0.732354,0.637217,0.65861,1.569473,0.572294
0.732354,0.655786,0.65861,1.462837,0.553075
0.68836,0.655786,0.657933,1.359386,0.53698
0.732354,0.664895,0.65861,1.265625,0.533
0.640684,0.58908,0.60049,1.1272,0.533
0.640684,0.598879,0.60049,1.03445,0.533986
0.640684,0.673887,0.675306,0.948601,0.548808
0.590057,0.637217,0.656578,0.8849,0.5733
0.537447,0.57921,0.579396,0.832212,0.61885
0.430896,0.637217,0.616961,0.794574,0.683631
0.537447,0.598879,0.599046,0.770875,0.760125
0.430896,0.61823,0.5976,0.749094,0.842812
0.330381,0.57921,0.576462,0.724292,0.94441
0.330381,0.57921,0.576462,0.702436,1.069625
0.330381,0.655786,0.65318,0.693817,1.173823
0.284837,0.664895,0.652498,0.684758,1.274745
0.206057,0.646557,0.63247,0.673201,1.37164
0.24329,0.637217,0.633169,0.6685,1.4571
0.24329,0.637217,0.633169,0.6685,1.527628
0.206057,0.539175,0.534161,0.6685,1.574709
0.284837,0.559291,0.535657,0.6745,1.584161
0.144659,0.398486,0.512409,0.695447,1.584161
0.206057,0.398486,0.393766,0.720908,1.584161
0.206057,0.369665,0.37456,0.750246,1.574246
0.24329,0.314874,0.320107,0.793346,1.54319
0.284837,0.272781,0.286456,0.854349,1.491287
0.24329,0.241758,0.224358,0.878,1.47
0.206057,0.206491,0.184367,0.894809,1.454283
0.24329,0.163746,0.172898,0.973357,1.381834
0.24329,0.169386,0.161593,1.0677,1.3051
0.284837,0.128419,0.131587,1.182002,1.225332
0.330381,0.12394,0.122907,1.293043,1.156881
0.430896,0.14269,0.142243,1.403589,1.089679
0.483989,0.169386,0.187095,1.526379,1.011377
0.537447,0.187231,0.20024,1.638368,0.944993
0.640684,0.206491,0.214572,1.751433,0.896994
0.68836,0.234388,0.215079,1.833828,0.892313
0.732354,0.256962,0.244312,1.902894,0.888563
0.772192,0.280912,0.276121,1.969415,0.887313
0.732354,0.408264,0.382341,2.025021,0.903511
0.807658,0.341743,0.346152,2.106367,0.972043
0.772192,0.388792,0.364054,2.145806,1.058809
0.772192,0.44803,0.462114,2.1665,1.146707
0.807658,0.478329,0.483098,2.195415,1.263033
0.838755,0.488471,0.483849,2.22,1.381357
0.807658,0.44803,0.462861,2.22,1.477001
0.772192,0.468201,0.462114,2.22,1.578561
0.772192,0.529064,0.563195,2.22,1.644409
0.772192,0.468201,0.502638,2.199609,1.755119
0.772192,0.518934,0.522921,2.156875,1.86325
0.772192,0.458098,0.462114,2.106976,1.96331
0.732354,0.478329,0.481596,2.048835,2.046456
0.68836,0.549253,0.561714,1.972736,2.099642
0.732354,0.56928,0.562455,1.932228,2.13517
0.640684,0.58908,0.60049,1.903154,2.15425
0.640684,0.673887,0.675306,1.848225,2.155
0.640684,0.655786,0.638739,1.778982,2.155
0.590057,0.655786,0.656578,1.716977,2.155
0.640684,0.673887,0.675306,1.66762,2.143125
0.640684,0.725038,0.726288,1.648992,2.137234
0.537447,0.725038,0.72509,1.627939,2.130618
0.537447,0.791707,0.78493,1.528677,2.128953
0.430896,0.791707,0.79735,1.419684,2.128004
0.483989,0.777988,0.770375,1.309712,2.127021
0.430896,0.811092,0.810154,1.205589,2.125875
0.537447,0.708545,0.708613,1.120364,2.116764
0.430896,0.716864,0.72389,1.017581,2.100903
0.483989,0.740936,0.690927,0.880214,2.084894
0.379345,0.756227,0.739241,0.825995,2.057004
0.379345,0.733064,0.739241,0.824,2.022
0.284837,0.756227,0.75347,0.824,1.958707
0.284837,0.748658,0.73808,0.828442,1.885678
0.330381,0.708545,0.706123,0.848264,1.818505
0.284837,0.725038,0.722083,0.874612,1.734092
0.206057,0.682752,0.669344,0.895061,1.65077
0.206057,0.682752,0.63247,0.908256,1.558075
0.24329,0.682752,0.687707,0.913875,1.456913
0.173218,0.673887,0.686414,0.920583,1.387911
0.206057,0.682752,0.687061,0.945206,1.311673
0.24329,0.682752,0.687707,0.961522,1.232241
0.206057,0.682752,0.687061,0.981112,1.110107
0.284837,0.664895,0.652498,1.011348,1.006138
0.206057,0.58908,0.593979,1.057927,0.907162
0.173218,0.529064,0.533412,1.11225,0.828625
0.173218,0.518934,0.51316,1.177717,0.757925
0.206057,0.408264,0.413307,1.243505,0.701508
0.24329,0.369665,0.375265,1.309865,0.661779
0.24329,0.341743,0.33803,1.382481,0.644766
0.24329,0.332663,0.33803,1.468991,0.627638
0.206057,0.289192,0.302066,1.545894,0.615061
0.284837,0.289192,0.270151,1.62602,0.60562
0.24329,0.227175,0.238803,1.715677,0.594097
0.173218,0.193493,0.183915,1.790158,0.588592
0.206057,0.187231,0.184367,1.858886,0.588393
0.24329,0.17518,0.172898,1.919552,0.588393
0.330381,0.181128,0.17376,1.97853,0.589115
0.430896,0.187231,0.174625,2.040605,0.603317
0.640684,0.158258,0.164879,2.094434,0.631058
0.590057,0.17518,0.175929,2.129018,0.666951
0.590057,0.193493,0.188012,2.152967,0.711089
0.483989,0.234388,0.241547,2.176256,0.761781
0.483989,0.289192,0.272529,2.193179,0.821124
0.430896,0.314874,0.305245,2.193656,0.895105
0.483989,0.341743,0.323388,2.193656,0.996203
0.537447,0.360248,0.36058,2.193422,1.102304
0.430896,0.398486,0.397361,2.190092,1.197224
0.330381,0.498627,0.495872,2.183915,1.287416
0.379345,0.498627,0.516916,2.173924,1.399291
0.483989,0.57921,0.578663,2.161162,1.497066
0.430896,0.57921,0.5976,2.146117,1.603576
0.537447,0.646557,0.599046,2.128616,1.695045
0.537447,0.655786,0.63735,2.122493,1.758654
0.430896,0.655786,0.672663,2.098826,1.812205
0.379345,0.740936,0.754586,2.038162,1.95589
0.379345,0.740936,0.754586,2.018499,2.007906
0.483989,0.756227,0.755698,1.990497,2.045962
0.483989,0.740936,0.755698,1.963144,2.077662
0.537447,0.756227,0.756253,1.922021,2.089812
0.483989,0.784927,0.797835,1.871438,2.089812
0.590057,0.82323,0.811537,1.825469,2.089812
0.537447,0.784927,0.78493,1.797617,2.085832
0.537447,0.834745,0.834714,1.773238,2.057352
0.483989,0.811092,0.810616,1.738235,2.030504
0.537447,0.82323,0.811077,1.716572,1.9929
0.537447,0.798325,0.79832,1.703243,1.926975
0.640684,0.740936,0.75736,1.688426,1.842539
0.537447,0.708545,0.708613,1.675064,1.743122
0.537447,0.733064,0.72509,1.665609,1.650269
0.68836,0.664895,0.657933,1.663149,1.602624
0.68836,0.646557,0.657933,1.64314,1.488359
0.732354,0.627773,0.621216,1.617901,1.384378
0.772192,0.58908,0.602652,1.58186,1.278957
0.772192,0.57921,0.583056,1.539887,1.182949
0.772192,0.529064,0.543128,1.504446,1.091617
0.772192,0.508784,0.522921,1.467133,1.013581
0.807658,0.488471,0.483098,1.419567,0.936503
0.838755,0.518934,0.524421,1.386868,0.870301
0.838755,0.468201,0.463609,1.337345,0.819645
0.838755,0.418116,0.423551,1.285442,0.78519
0.807658,0.388792,0.403136,1.239482,0.767125
0.807658,0.341743,0.346152,1.195115,0.767
0.838755,0.314874,0.311015,1.132626,0.767
0.807658,0.297616,0.293264,1.070244,0.76933
0.807658,0.272781,0.276723,0.992693,0.801882
0.807658,0.241758,0.245424,0.941241,0.850057
0.807658,0.220121,0.2307,0.935279,0.900613
0.732354,0.17518,0.189393,0.928717,0.971121
0.732354,0.158258,0.154786,0.921753,1.046554
0.68836,0.152922,0.154393,0.913909,1.146423
0.68836,0.163746,0.154393,0.904125,1.285877
0.732354,0.187231,0.189393,0.902243,1.360962
0.732354,0.199912,0.202173,0.898477,1.446796
0.640684,0.220121,0.258458,0.862375,1.551125
0.68836,0.264796,0.274921,0.846445,1.630987
0.68836,0.280912,0.291398,0.844056,1.725958
0.68836,0.306179,0.308443,0.844056,1.818627
0.640684,0.360248,0.380922,0.844792,1.910125
0.590057,0.388792,0.399524,0.86325,1.987625
0.640684,0.458098,0.380922,0.896497,2.070094
0.640684,0.408264,0.480095,0.93862,2.13944
0.732354,0.488471,0.501886,0.990699,2.194081
0.68836,0.58908,0.561714,1.04953,2.240987
0.590057,0.627773,0.619091,1.097323,2.263355
0.590057,0.655786,0.656578,1.141802,2.276352
0.537447,0.673887,0.673986,1.1835,2.285
0.640684,0.725038,0.726288,1.2613,2.290577
0.640684,0.725038,0.726288,1.351153,2.290577
0.537447,0.791707,0.78493,1.417818,2.290577
0.590057,0.791707,0.785438,1.488652,2.286452
0.640684,0.784927,0.785944,1.541023,2.268277
0.590057,0.811092,0.811537,1.557422,2.249099
0.537447,0.798325,0.811077,1.557422,2.22926
0.590057,0.798325,0.785438,1.557422,2.199594
0.537447,0.756227,0.770907,1.546603,2.158913
0.483989,0.784927,0.770375,1.510925,2.109793
0.537447,0.834745,0.823205,1.468029,2.052562
0.483989,0.82323,0.822767,1.418897,1.9788
0.537447,0.798325,0.79832,1.369011,1.897573
0.430896,0.791707,0.79735,1.318833,1.812657
0.430896,0.756227,0.783913,1.275686,1.733797
0.430896,0.748658,0.755142,1.225192,1.649457
0.430896,0.740936,0.72389,1.169979,1.552167
0.379345,0.716864,0.723288,1.129238,1.475996
0.379345,0.756227,0.754586,1.085525,1.408262
0.24329,0.733064,0.721479,1.034916,1.331905
0.284837,0.716864,0.688353,0.9851,1.2706
0.24329,0.733064,0.721479,0.9593,1.23353
0.206057,0.725038,0.704248,0.92399,1.157
0.24329,0.664895,0.651816,0.90907,1.077522
0.206057,0.61823,0.613402,0.911718,1.01112
0.284837,0.646557,0.670674,0.91238,0.944833
0.173218,0.664895,0.703621,0.91569,0.886914
0.206057,0.664895,0.669344,0.944856,0.817037
0.24329,0.655786,0.651816,0.986906,0.757737
0.206057,0.627773,0.613402,1.047417,0.706439
0.173218,0.56928,0.573523,1.116365,0.669123
0.206057,0.559291,0.574258,1.186195,0.641655
0.284837,0.58908,0.575728,1.256813,0.617824
0.206057,0.529064,0.534161,1.31245,0.606363
0.206057,0.44803,0.433124,1.384271,0.603993
0.144659,0.438008,0.411849,1.462159,0.603116
0.173218,0.388792,0.373856,1.53429,0.602605
0.120124,0.323705,0.317495,1.615564,0.600706
0.120124,0.306179,0.317495,1.696294,0.593863
0.173218,0.272781,0.252736,1.787825,0.58653
0.206057,0.227175,0.223835,1.871387,0.583189
0.173218,0.187231,0.183915,1.948576,0.583011
0.173218,0.169386,0.16078,2.021014,0.583011
0.206057,0.169386,0.161186,2.084209,0.583633
0.173218,0.137791,0.140056,2.144556,0.597204
0.284837,0.133036,0.131587,2.186077,0.625743
0.330381,0.14269,0.141511,2.211974,0.669926
0.379345,0.152922,0.152052,2.229354,0.718354
0.379345,0.187231,0.132276,2.23775,0.765
0.430896,0.14269,0.142243,2.244626,0.834664
0.537447,0.14269,0.142979,2.251635,0.912134
0.537447,0.14269,0.142979,2.255285,1.000238
0.590057,0.152922,0.15361,2.264321,1.109349
0.537447,0.152922,0.153219,2.277194,1.193963
0.483989,0.17518,0.175059,2.286785,1.292091
0.379345,0.199912,0.198799,2.2993,1.391051
0.483989,0.220121,0.213055,2.310903,1.483864
0.330381,0.241758,0.255015,2.326625,1.601481
0.284837,0.341743,0.338704,2.331,1.708004
0.379345,0.360248,0.358503,2.331,1.809259
0.284837,0.468201,0.454648,2.331,1.908768
0.379345,0.478329,0.456139,2.314,1.9864
0.379345,0.44803,0.456139,2.261145,2.067311
0.379345,0.529064,0.537153,2.204113,2.126727
0.144659,0.61823,0.572787,2.153031,2.158478
0.379345,0.56928,0.577196,2.07712,2.174569
0.284837,0.646557,0.688353,2.016595,2.179
0.284837,0.655786,0.670674,1.954452,2.179
0.379345,0.655786,0.653861,1.903603,2.179
0.483989,0.708545,0.707992,1.876808,2.170166
0.483989,0.708545,0.707992,1.876028,2.129407
0.379345,0.733064,0.754586,1.876028,2.082757
0.430896,0.748658,0.73982,1.876153,2.036156
0.537447,0.725038,0.72509,1.877,2.005
0.590057,0.725038,0.725689,1.878875,1.985875
0.590057,0.798325,0.785438,1.896696,1.910592
0.537447,0.784927,0.79832,1.92758,1.798447
0.537447,0.811092,0.79832,1.928923,1.67532
0.537447,0.798325,0.79832,1.928923,1.547987
0.430896,0.784927,0.783913,1.927587,1.424346
0.590057,0.740936,0.741553,1.908152,1.298459
0.590057,0.708545,0.725689,1.87225,1.180125
0.68836,0.700083,0.710473,1.837266,1.112995
0.640684,0.725038,0.742129,1.751737,1.02213
0.640684,0.725038,0.709854,1.684207,0.95894
0.732354,0.708545,0.694129,1.630332,0.905888
0.807658,0.691487,0.677938,1.56475,0.859125
0.772192,0.646557,0.640818,1.494012,0.823095
0.68836,0.608599,0.620508,1.427706,0.800158
0.68836,0.56928,0.581593,1.360657,0.794814
0.772192,0.549253,0.563195,1.322706,0.793459
0.807658,0.508784,0.523671,1.275848,0.792556
0.807658,0.539175,0.523671,1.244064,0.797698
0.807658,0.438008,0.442746,1.163708,0.83421
0.838755,0.468201,0.463609,1.09179,0.866317
0.838755,0.428033,0.443488,1.041828,0.906818
0.807658,0.428033,0.422817,0.997402,0.941989
0.807658,0.360248,0.364751,0.981428,0.964435
0.838755,0.332663,0.328675,0.971154,1.012147
0.807658,0.272781,0.276723,0.963895,1.068882
0.807658,0.249281,0.245424,0.947565,1.142912
0.772192,0.264796,0.276121,0.928109,1.224468
0.732354,0.256962,0.259612,0.907349,1.322684
0.772192,0.220121,0.230167,0.886957,1.417147
0.807658,0.249281,0.2307,0.873684,1.495004
0.732354,0.256962,0.259612,0.8406,1.574324
0.732354,0.264796,0.275521,0.786688,1.669267
0.68836,0.280912,0.291398,0.78325,1.7625
0.68836,0.350942,0.344113,0.78325,1.858027
0.640684,0.289192,0.274322,0.783413,1.936255
0.590057,0.323705,0.342757,0.804679,2.024335
0.537447,0.360248,0.36058,0.851078,2.102487
0.537447,0.408264,0.398803,0.9054,2.160938
0.483989,0.438008,0.457632,0.960448,2.204869
0.537447,0.478329,0.458378,1.021099,2.242576
0.537447,0.539175,0.539395,1.078431,2.267609
0.537447,0.498627,0.519169,1.145283,2.276967
0.430896,0.58908,0.654541,1.203388,2.276967
0.430896,0.57921,0.672663,1.258483,2.276967
0.379345,0.655786,0.635262,1.301232,2.270789
0.284837,0.673887,0.670674,1.33104,2.24655
0.330381,0.673887,0.671338,1.34775,2.21525
0.284837,0.673887,0.670674,1.360249,2.169605
0.330381,0.637217,0.634565,1.368974,2.115327
0.284837,0.673887,0.652498,1.375914,2.044887
0.284837,0.61823,0.614827,1.38461,1.974848
0.284837,0.61823,0.614827,1.387071,1.959893
0.24329,0.655786,0.651816,1.389352,1.892216
0.206057,0.655786,0.651133,1.39,1.873
0.206057,0.682752,0.669344,1.39,1.873
0.24329,0.598879,0.614115,1.392676,1.852195
0.330381,0.58908,0.596153,1.399443,1.778566
0.24329,0.508784,0.494369,1.409659,1.698122
0.206057,0.518934,0.473343,1.431225,1.580001
0.206057,0.508784,0.493617,1.459814,1.445576
0.173218,0.398486,0.412578,1.497056,1.28007
0.173218,0.369665,0.373856,1.535039,1.11603
0.24329,0.323705,0.33803,1.577658,0.966001
0.173218,0.249281,0.237711,1.618098,0.850124
0.144659,0.193493,0.183464,1.682191,0.743446
0.206057,0.206491,0.161186,1.743125,0.694875
0.430896,0.158258,0.16323,1.802822,0.669186
0.379345,0.187231,0.186182,1.870412,0.66025
0.483989,0.187231,0.175059,1.932303,0.66025
0.483989,0.158258,0.163641,2.007744,0.66025
0.590057,0.14269,0.143348,2.076025,0.661525
0.640684,0.133036,0.134011,2.124987,0.690897
0.68836,0.133036,0.144088,2.162859,0.737367
0.68836,0.187231,0.188932,2.18623,0.781815
0.68836,0.193493,0.165294,2.206804,0.849331
0.732354,0.193493,0.202173,2.220103,0.927315
0.732354,0.241758,0.229635,2.242936,1.01984
0.772192,0.227175,0.230167,2.279817,1.109221
0.732354,0.256962,0.259612,2.28431,1.196063
0.772192,0.306179,0.309727,2.290906,1.274688
0.772192,0.341743,0.327349,2.295503,1.359484
0.772192,0.323705,0.309727,2.295838,1.447865
0.807658,0.314874,0.364751,2.295503,1.526011
0.772192,0.306179,0.309727,2.29038,1.614234
0.772192,0.350942,0.364054,2.252815,1.70292
0.772192,0.350942,0.364054,2.22726,1.775671
0.772192,0.350942,0.364054,2.183409,1.879048
0.772192,0.369665,0.364054,2.134893,1.963562
0.772192,0.379182,0.364054,2.109395,2.00696
0.732354,0.369665,0.363358,2.065915,2.062459
0.732354,0.369665,0.382341,2.001799,2.110484
0.772192,0.323705,0.327349,1.906555,2.161865
0.732354,0.408264,0.40169,1.842175,2.203369
0.772192,0.44803,0.462114,1.7813,2.234468
0.772192,0.468201,0.482347,1.73815,2.24203
0.772192,0.478329,0.482347,1.684063,2.252935
0.838755,0.549253,0.564674,1.617334,2.266519
0.772192,0.598879,0.602652,1.547568,2.267
0.772192,0.627773,0.621924,1.497957,2.267
0.68836,0.57921,0.581593,1.447941,2.2665
0.68836,0.57921,0.581593,1.371302,2.256461
0.68836,0.61823,0.620508,1.305033,2.243857
0.68836,0.655786,0.620508,1.252347,2.236392
0.640684,0.691487,0.675306,1.203382,2.227131
0.732354,0.708545,0.711091,1.170674,2.218802
0.68836,0.725038,0.726885,1.17005,2.211827
0.590057,0.784927,0.798804,1.17005,2.204077
0.537447,0.756227,0.756253,1.173648,2.193182
0.590057,0.770891,0.771437,1.211738,2.179083
0.590057,0.784927,0.798804,1.214,2.163806
0.590057,0.756227,0.756807,1.214,2.146058
0.537447,0.81724,0.78493,1.213629,2.128389
0.483989,0.834745,0.834299,1.206487,2.106356
0.640684,0.811092,0.799287,1.1887,2.074518
0.590057,0.733064,0.725689,1.063223,2.036626
0.330381,0.733064,0.738661,0.986671,1.996798
0.379345,0.708545,0.723288,0.95465,1.939777
0.379345,0.700083,0.706747,0.921053,1.868388
0.330381,0.664895,0.65318,0.89656,1.803017
0.284837,0.627773,0.652498,0.87925,1.7415
0.284837,0.637217,0.614827,0.859753,1.65787
0.284837,0.646557,0.633867,0.843648,1.560857
0.206057,0.673887,0.651133,0.837807,1.466632
0.173218,0.637217,0.65045,0.836081,1.377367
0.24329,0.655786,0.651816,0.835758,1.31107
0.330381,0.664895,0.65318,0.835806,1.254468
0.284837,0.637217,0.652498,0.837339,1.172523
0.24329,0.61823,0.614115,0.8547,1.095938
0.206057,0.598879,0.593979,0.877841,1.027936
0.24329,0.559291,0.534909,0.913565,0.955
0.330381,0.529064,0.516165,0.940833,0.88848
0.284837,0.458098,0.454648,0.985734,0.819838
0.330381,0.478329,0.495872,1.032673,0.767593
0.330381,0.498627,0.516165,1.07098,0.736673
0.330381,0.539175,0.536405,1.135474,0.721516
0.537447,0.559291,0.559492,1.204735,0.711184
0.640684,0.518934,0.540889,1.272219,0.708267
0.590057,0.498627,0.519919,1.3517,0.708267
0.640684,0.518934,0.540889,1.431532,0.708267
0.68836,0.518934,0.52142,1.524711,0.709253
0.68836,0.539175,0.541635,1.618602,0.709875
0.68836,0.539175,0.541635,1.691502,0.71041
0.732354,0.57921,0.582325,1.7585,0.712142
0.732354,0.58908,0.601932,1.832848,0.7145
0.732354,0.539175,0.542382,1.911497,0.723649
0.772192,0.539175,0.563195,1.98302,0.737875
0.772192,0.529064,0.543128,2.031863,0.750493
0.807658,0.508784,0.523671,2.057252,0.769377
0.772192,0.539175,0.543128,2.058,0.789875
0.807658,0.549253,0.543874,2.058,0.820727
0.838755,0.44803,0.463609,2.055652,0.869746
0.807658,0.529064,0.523671,2.035957,0.917688
0.772192,0.508784,0.482347,2.02959,0.993528
0.807658,0.518934,0.523671,1.993352,1.057098
0.807658,0.44803,0.442746,1.934461,1.117339
0.807658,0.398486,0.403136,1.869917,1.175758
0.838755,0.388792,0.384474,1.791183,1.232133
0.807658,0.341743,0.328011,1.704709,1.276953
0.807658,0.297616,0.293264,1.622063,1.325801
0.807658,0.297616,0.310371,1.5205,1.36805
0.772192,0.256962,0.244868,1.39288,1.417341
0.772192,0.206491,0.216096,1.339025,1.4546
0.732354,0.187231,0.189393,1.25325,1.507478
0.732354,0.169386,0.177241,1.173125,1.549125
0.640684,0.163746,0.164879,1.050481,1.643994
0.640684,0.12394,0.124865,0.980975,1.706245
0.590057,0.107345,0.115951,0.924073,1.764113
0.590057,0.107345,0.115951,0.876158,1.818479
0.537447,0.119595,0.115643,0.848125,1.871625
0.430896,0.128419,0.123557,0.846,1.936263
0.330381,0.17518,0.17376,0.846,1.98669
0.379345,0.163746,0.162819,0.8463,2.012252
0.284837,0.206491,0.211045,0.854521,2.044217
0.284837,0.206491,0.211045,0.877023,2.076807
0.284837,0.213225,0.197843,0.905058,2.102075
0.24329,0.241758,0.238803,0.953871,2.123204
0.206057,0.264796,0.238257,1.065438,2.146427
0.206057,0.350942,0.355741,1.118148,2.165151
0.206057,0.388792,0.37456,1.133,2.229699
0.24329,0.369665,0.375265,1.133,2.26
0.206057,0.44803,0.453157,1.141113,2.26
0.24329,0.44803,0.433862,1.194731,2.269648
0.206057,0.508784,0.513912,1.284875,2.28817
0.24329,0.408264,0.414036,1.404508,2.311687
0.206057,0.408264,0.413307,1.521619,2.322338
0.284837,0.438008,0.434601,1.593061,2.322338
0.24329,0.408264,0.414036,1.603542,2.322338
0.24329,0.379182,0.375265,1.705571,2.317754
0.24329,0.360248,0.356431,1.84883,2.282825
0.206057,0.388792,0.355741,1.943286,2.231418
0.24329,0.341743,0.356431,2.006388,2.165629
0.173218,0.272781,0.284615,2.059333,2.09286
0.483989,0.241758,0.241547,2.106014,2.007776
0.430896,0.227175,0.240996,2.141719,1.910079
0.590057,0.220121,0.214065,2.153375,1.799536
0.590057,0.241758,0.214065,2.162001,1.698251
0.68836,0.220121,0.215079,2.168758,1.597484
0.772192,0.234388,0.230167,2.168187,1.508641
0.807658,0.234388,0.2307,2.159366,1.420661
0.807658,0.249281,0.26077,2.155294,1.346084
0.772192,0.379182,0.383052,2.152412,1.280912
0.807658,0.379182,0.383763,2.148,1.2215
0.807658,0.388792,0.403136,2.141944,1.2215
0.838755,0.529064,0.524421,2.132563,1.2215
0.838755,0.518934,0.524421,2.12442,1.226847
0.807658,0.508784,0.523671,2.107119,1.264744
0.838755,0.539175,0.54462,2.097915,1.331066
0.807658,0.518934,0.543874,2.089522,1.398125
0.772192,0.56928,0.563195,2.081291,1.457459
0.772192,0.598879,0.583056,2.068439,1.548842
0.772192,0.608599,0.583056,2.013743,1.646405
0.732354,0.646557,0.65861,1.950888,1.745767
0.68836,0.691487,0.675965,1.888658,1.836463
0.68836,0.664895,0.657933,1.81407,1.941201
0.68836,0.708545,0.726885,1.731931,2.024716
0.68836,0.664895,0.657933,1.6181,2.1155
0.590057,0.708545,0.709234,1.47375,2.191385
0.537447,0.725038,0.708613,1.355124,2.245638
0.537447,0.682752,0.673986,1.245413,2.284362
0.537447,0.673887,0.673986,1.148219,2.307687
0.537447,0.691487,0.691569,1.043506,2.311
0.430896,0.740936,0.73982,0.94979,2.311
0.379345,0.637217,0.653861,0.886627,2.3091
0.330381,0.61823,0.615539,0.803575,2.27125
0.24329,0.673887,0.651816,0.752227,2.220961
0.330381,0.646557,0.634565,0.710651,2.150825
0.24329,0.637217,0.633169,0.683875,2.068564
0.284837,0.608599,0.614827,0.681,1.97198
0.24329,0.518934,0.453902,0.681,1.852875
0.24329,0.428033,0.433862,0.6812,1.730508
0.24329,0.44803,0.414036,0.695946,1.649054
0.24329,0.341743,0.33803,0.740565,1.527849
0.206057,0.289192,0.285228,0.792119,1.402652
0.206057,0.297616,0.302066,0.851609,1.295745
0.24329,0.241758,0.238803,0.926373,1.187412
0.206057,0.206491,0.19689,1.019247,1.085707
0.284837,0.17518,0.173328,1.107516,1.019039
0.379345,0.14269,0.141877,1.23891,0.928536
0.379345,0.147733,0.152052,1.320288,0.872091
0.330381,0.119595,0.114419,1.441857,0.824761
0.640684,0.133036,0.108174,1.564712,0.786347
0.68836,0.12394,0.125194,1.668516,0.783
0.772192,0.193493,0.202659,1.784128,0.783
0.772192,0.227175,0.216096,1.87875,0.783
0.838755,0.213225,0.217117,1.965379,0.800053
0.807658,0.227175,0.245424,2.038119,0.841131
0.772192,0.289192,0.276121,2.09357,0.897774
0.772192,0.289192,0.276121,2.141058,0.967486
0.732354,0.323705,0.326687,2.196542,1.046972
0.732354,0.360248,0.363358,2.223837,1.153792
0.68836,0.408264,0.400968,2.233455,1.273475
0.68836,0.438008,0.420617,2.236078,1.380912
0.68836,0.478329,0.460619,2.237188,1.500177
0.590057,0.518934,0.519919,2.23725,1.619197
0.590057,0.559291,0.619091,2.236675,1.742938
0.483989,0.58908,0.598323,2.233509,1.873906
0.537447,0.637217,0.63735,2.214825,1.988622
0.537447,0.655786,0.6559,2.164253,2.117582
0.430896,0.740936,0.72389,2.124665,2.197286
0.483989,0.770891,0.770375,2.056656,2.292344
0.483989,0.763639,0.755698,1.983638,2.365089
0.430896,0.770891,0.783913,1.8818,2.4214
0.537447,0.798325,0.78493,1.752645,2.465378
0.537447,0.81724,0.811077,1.677692,2.471004
0.483989,0.811092,0.810616,1.567469,2.471004
0.590057,0.804788,0.798804,1.473708,2.471004
0.537447,0.811092,0.79832,1.390489,2.454245
0.590057,0.798325,0.798804,1.31726,2.400508
0.590057,0.763639,0.785438,1.262038,2.326404
0.640684,0.791707,0.785944,1.22925,2.235125
0.68836,0.740936,0.726885,1.18461,2.157662
0.68836,0.691487,0.675965,1.1655,2.0292
0.732354,0.682752,0.694129,1.1655,1.867035
0.640684,0.608599,0.6198,1.166,1.737509
0.732354,0.61823,0.640126,1.168975,1.647375
0.772192,0.627773,0.621924,1.174779,1.564276
0.772192,0.608599,0.602652,1.181429,1.434042
0.772192,0.518934,0.522921,1.190375,1.30861
0.772192,0.539175,0.543128,1.1905,1.1867
0.807658,0.468201,0.483098,1.1905,1.072477
0.838755,0.438008,0.443488,1.189589,1.026589
0.838755,0.428033,0.463609,1.169895,0.947299
0.807658,0.341743,0.346152,1.161909,0.883599
0.838755,0.341743,0.346833,1.139012,0.866938
0.807658,0.264796,0.276723,1.097806,0.866938
0.807658,0.264796,0.26077,1.053366,0.866938
0.732354,0.227175,0.215587,1.006797,0.897733
0.732354,0.193493,0.202173,0.956715,0.962091
0.772192,0.199912,0.189855,0.914569,1.042007
0.640684,0.107345,0.11626,0.864974,1.13087
0.483989,0.137791,0.152829,0.817298,1.232817
0.483989,0.133036,0.123883,0.786304,1.344508
0.284837,0.193493,0.197843,0.781217,1.445905
0.284837,0.163746,0.173328,0.781217,1.552711
0.284837,0.256962,0.211045,0.781217,1.6425
0.284837,0.272781,0.254444,0.786811,1.75142
0.24329,0.249281,0.238803,0.811288,1.843512
0.206057,0.256962,0.253304,0.862491,1.918098
0.330381,0.199912,0.198321,0.915482,1.993698
0.330381,0.220121,0.211547,0.973256,2.069875
0.537447,0.187231,0.187553,1.047237,2.130399
0.590057,0.199912,0.200722,1.124778,2.17493
0.640684,0.199912,0.214572,1.209393,2.212613
0.68836,0.213225,0.229103,1.301917,2.243397
0.772192,0.272781,0.276121,1.374048,2.260354
0.772192,0.272781,0.276121,1.450162,2.26143
0.772192,0.306179,0.309727,1.557614,2.26143
0.772192,0.379182,0.383052,1.656383,2.259158
0.772192,0.418116,0.462114,1.741108,2.218875
0.807658,0.398486,0.403136,1.874881,2.160612
0.772192,0.418116,0.442004,1.959866,2.115531
0.807658,0.539175,0.543874,2.015674,2.052436
0.772192,0.498627,0.502638,2.046836,1.995959
0.807658,0.56928,0.563934,2.045857,1.941388
0.772192,0.539175,0.543128,2.045857,1.882176
0.772192,0.61823,0.621924,2.045857,1.848441
0.807658,0.637217,0.712325,2.021,1.845587
0.772192,0.598879,0.602652,1.984511,1.845587
0.68836,0.637217,0.639432,1.950973,1.845587
0.68836,0.708545,0.69349,1.915354,1.865075
0.640684,0.740936,0.742129,1.866263,1.909466
0.68836,0.756227,0.772496,1.80888,1.959984
0.640684,0.756227,0.771967,1.7354,2.0152
0.590057,0.770891,0.785438,1.649861,2.062804
0.590057,0.763639,0.771437,1.557624,2.100143
0.537447,0.756227,0.756253,1.448506,2.13535
0.537447,0.770891,0.770907,1.358226,2.151227
0.483989,0.740936,0.755698,1.242604,2.154
0.483989,0.770891,0.770375,1.138508,2.154
0.483989,0.784927,0.797835,1.044573,2.1528
0.483989,0.770891,0.797835,0.952178,2.127776
0.330381,0.700083,0.706123,0.884238,2.093067
0.330381,0.756227,0.768775,0.824168,2.038023
0.330381,0.725038,0.706123,0.77964,1.965477
0.24329,0.691487,0.704874,0.759559,1.880796
0.330381,0.664895,0.65318,0.758,1.78989
0.24329,0.673887,0.670009,0.758,1.704282
0.330381,0.627773,0.615539,0.758176,1.624648
0.206057,0.539175,0.554298,0.763362,1.52436
0.284837,0.529064,0.535657,0.776947,1.398216
0.173218,0.388792,0.393049,0.797676,1.275097
0.206057,0.379182,0.37456,0.82645,1.157946
0.206057,0.350942,0.337358,0.864329,1.075605
0.206057,0.297616,0.302066,0.892954,1.009956
0.206057,0.272781,0.253304,0.944456,0.904244
0.284837,0.264796,0.254444,0.995751,0.81043
0.206057,0.206491,0.210046,1.077182,0.731097
0.24329,0.17518,0.161593,1.168041,0.677761
0.330381,0.169386,0.185727,1.243583,0.647649
0.24329,0.199912,0.197366,1.329395,0.6195
0.24329,0.187231,0.184819,1.408722,0.603
0.284837,0.199912,0.197843,1.49095,0.603
0.24329,0.256962,0.285841,1.58346,0.603
0.330381,0.280912,0.287071,1.677713,0.605313
0.206057,0.418116,0.413307,1.773133,0.622991
0.284837,0.418116,0.414766,1.859193,0.648193
0.284837,0.458098,0.414766,1.9401,0.6943
0.284837,0.518934,0.515414,2.014591,0.747769
0.284837,0.498627,0.49512,2.079373,0.809215
0.330381,0.559291,0.576462,2.138288,0.876163
0.330381,0.57921,0.576462,2.180226,0.951567
0.330381,0.664895,0.634565,2.207323,1.052696
0.379345,0.655786,0.653861,2.232958,1.163637
0.483989,0.673887,0.673325,2.264262,1.255818
0.379345,0.700083,0.689641,2.289513,1.361595
0.330381,0.725038,0.722686,2.291951,1.444656
0.379345,0.748658,0.754586,2.291951,1.559813
0.483989,0.725038,0.740399,2.291951,1.662693
0.430896,0.770891,0.755142,2.285981,1.759203
0.430896,0.784927,0.783913,2.266303,1.838924
0.483989,0.811092,0.784422,2.236948,1.904638
0.537447,0.811092,0.811077,2.2004,1.932
0.537447,0.798325,0.79832,2.16225,1.932
0.483989,0.804788,0.797835,2.127348,1.932
0.590057,0.756227,0.771437,2.087172,1.923353
0.537447,0.811092,0.770907,2.0625,1.892625
0.640684,0.756227,0.771967,2.03438,1.8388
0.732354,0.716864,0.743278,1.998681,1.731162
0.732354,0.664895,0.676624,1.974655,1.633313
0.732354,0.682752,0.694129,1.960387,1.564465
0.732354,0.673887,0.676624,1.934848,1.466024
0.68836,0.673887,0.675965,1.891092,1.380756
0.772192,0.559291,0.563195,1.855084,1.297375
0.772192,0.598879,0.602652,1.829955,1.181406
0.807658,0.58908,0.583787,1.801174,1.087774
0.772192,0.559291,0.583056,1.765118,1.002933
0.807658,0.56928,0.563934,1.713445,0.912502
0.807658,0.539175,0.543874,1.691686,0.88193
0.838755,0.508784,0.504142,1.65466,0.851781
0.838755,0.418116,0.443488,1.605941,0.814054
0.807658,0.418116,0.403136,1.534184,0.765934
0.838755,0.408264,0.40386,1.462733,0.738
0.807658,0.369665,0.383763,1.397533,0.738
0.807658,0.332663,0.328011,1.336706,0.738
0.807658,0.264796,0.276723,1.278964,0.742213
0.807658,0.272781,0.276723,1.195123,0.771413
0.807658,0.227175,0.245424,1.114688,0.82135
0.807658,0.256962,0.26077,1.053173,0.886358
0.772192,0.297616,0.276121,1.003934,0.954767
0.772192,0.341743,0.345471,0.956617,1.032144
0.807658,0.360248,0.364751,0.900021,1.109509
0.732354,0.341743,0.344792,0.833264,1.195028
0.68836,0.388792,0.400968,0.787397,1.293747
0.68836,0.398486,0.420617,0.762637,1.391217
0.640684,0.398486,0.419884,0.741709,1.486372
0.590057,0.498627,0.499631,0.723597,1.581535
0.590057,0.478329,0.499631,0.71475,1.67814
0.590057,0.627773,0.619091,0.71475,1.778029
0.483989,0.56928,0.617672,0.71475,1.868675
0.537447,0.608599,0.618382,0.718228,1.947405
0.430896,0.61823,0.5976,0.742916,2.030641
0.430896,0.598879,0.616961,0.781134,2.102637
0.330381,0.700083,0.671338,0.830542,2.163708
0.379345,0.756227,0.739241,0.962498,2.211643
0.379345,0.748658,0.754586,1.052724,2.24858
0.430896,0.777988,0.70737,1.109971,2.26275
0.430896,0.708545,0.70737,1.167106,2.263
0.330381,0.756227,0.738661,1.239729,2.263
0.379345,0.740936,0.739241,1.287856,2.26125
0.284837,0.748658,0.75347,1.293212,2.241187
0.284837,0.691487,0.688353,1.293212,2.226859
0.24329,0.716864,0.721479,1.292337,2.195173
0.24329,0.725038,0.704874,1.281895,2.142356
0.330381,0.725038,0.706123,1.265001,2.076434
0.24329,0.845652,0.687707,1.244395,2.001113
0.284837,0.608599,0.614827,1.230092,1.908506
0.330381,0.61823,0.596153,1.222175,1.825375
0.284837,0.518934,0.515414,1.22,1.795
0.173218,0.418116,0.412578,1.22,1.795
0.120124,0.388792,0.372449,1.22,1.760718
0.24329,0.272781,0.269559,1.22,1.644142
0.284837,0.297616,0.286456,1.22,1.503071
0.24329,0.206491,0.210545,1.227468,1.376129
0.24329,0.213225,0.210545,1.253406,1.270672
0.173218,0.169386,0.16078,1.298875,1.115072
0.284837,0.163746,0.151278,1.347069,0.972813
0.537447,0.12394,0.187553,1.404,0.835541
0.68836,0.152922,0.144088,1.476793,0.713582
0.68836,0.227175,0.188932,1.541458,0.646664
0.772192,0.158258,0.17768,1.612358,0.598171
0.807658,0.17518,0.190318,1.693265,0.570121
0.807658,0.241758,0.245424,1.773576,0.568996
0.807658,0.234388,0.245424,1.857394,0.568996
0.838755,0.297616,0.293888,1.925763,0.569939
0.807658,0.350942,0.403136,1.988511,0.59946
0.732354,0.458098,0.601932,2.042172,0.649949
0.807658,0.350942,0.346152,2.0862,0.706824
0.838755,0.379182,0.40386,2.118415,0.786884
0.807658,0.418116,0.422817,2.144743,0.866943
0.772192,0.418116,0.422084,2.163067,0.956533
0.772192,0.408264,0.422084,2.175876,1.069692
0.772192,0.44803,0.482347,2.180872,1.190559
0.772192,0.44803,0.462114,2.181044,1.288937
0.732354,0.529064,0.501886,2.182153,1.396185
0.732354,0.529064,0.542382,2.185,1.548795
0.732354,0.673887,0.676624,2.185375,1.703665
0.68836,0.646557,0.657933,2.18237,1.810773
0.68836,0.637217,0.657933,2.179509,1.920048
0.640684,0.655786,0.675306,2.166082,2.007595
0.640684,0.716864,0.69285,2.148,2.0845
0.590057,0.725038,0.69221,2.116385,2.151804
0.537447,0.770891,0.770907,2.07003,2.211514
0.590057,0.770891,0.771437,2.004367,2.263998
0.590057,0.777988,0.798804,1.907972,2.311435
0.590057,0.81724,0.811537,1.754931,2.356135
0.590057,0.784927,0.771437,1.682163,2.372745
0.590057,0.770891,0.771437,1.601771,2.383427
0.483989,0.740936,0.755698,1.479766,2.41125
0.483989,0.763639,0.770375,1.38274,2.4165
0.430896,0.770891,0.783913,1.292718,2.4165
0.430896,0.798325,0.783913,1.212002,2.4165
0.330381,0.791707,0.796376,1.131569,2.410266
0.379345,0.770891,0.76931,1.067875,2.39225
0.430896,0.748658,0.755142,1.00463,2.359572
0.284837,0.691487,0.705499,0.957301,2.316215
0.284837,0.733064,0.722083,0.932932,2.26145
0.284837,0.691487,0.688353,0.912672,2.199685
0.24329,0.682752,0.670009,0.897278,2.134322
0.284837,0.682752,0.688353,0.890309,2.055702
0.206057,0.637217,0.651133,0.88986,1.95259
0.206057,0.664895,0.669344,0.88986,1.850101
0.24329,0.608599,0.594704,0.890627,1.810724
0.206057,0.57921,0.574258,0.903958,1.797096
0.24329,0.529064,0.555041,0.923813,1.781764
0.206057,0.508784,0.534161,0.935981,1.76648
0.206057,0.488471,0.473343,0.936626,1.706902
0.206057,0.44803,0.433124,0.940801,1.609185
0.173218,0.408264,0.412578,0.946019,1.474
0.206057,0.379182,0.37456,0.948932,1.361674
0.24329,0.289192,0.285841,0.969905,1.186662
0.24329,0.314874,0.320107,0.99002,1.056143
0.284837,0.213225,0.173328,1.010572,0.895028
0.24329,0.227175,0.224358,1.02942,0.632239
0.24329,0.199912,0.184819,1.081805,0.572019
0.330381,0.152922,0.151665,1.131205,0.552905
0.430896,0.147733,0.142243,1.194301,0.536461
0.330381,0.099803,0.098966,1.281174,0.519608
0.284837,0.103513,0.114114,1.355762,0.510407
0.379345,0.111301,0.106732,1.455084,0.5125
0.330381,0.119595,0.122907,1.535375,0.517892
0.430896,0.147733,0.142243,1.632112,0.523
0.24329,0.187231,0.197366,1.7275,0.523
0.330381,0.213225,0.255015,1.814748,0.530899
0.24329,0.227175,0.224358,1.899362,0.55459
0.206057,0.332663,0.319453,1.979371,0.577551
0.206057,0.332663,0.319453,2.053469,0.610633
0.144659,0.408264,0.392332,2.111977,0.652662
0.144659,0.369665,0.373152,2.1631,0.7023
0.173218,0.488471,0.492865,2.198916,0.753654
0.173218,0.559291,0.553555,2.223688,0.817431
0.173218,0.57921,0.492865,2.239818,0.895167
0.144659,0.559291,0.552811,2.245066,0.97842
0.206057,0.56928,0.574258,2.246231,1.079611
0.24329,0.637217,0.651816,2.246241,1.194517
0.284837,0.637217,0.652498,2.246241,1.287878
0.206057,0.691487,0.669344,2.244246,1.402983
0.24329,0.682752,0.670009,2.232451,1.510543
0.284837,0.673887,0.670674,2.225478,1.611637
0.284837,0.748658,0.73808,2.216411,1.724343
0.24329,0.733064,0.737498,2.211884,1.814078
0.24329,0.708545,0.721479,2.209375,1.910467
0.284837,0.770891,0.722083,2.198394,1.980046
0.379345,0.756227,0.76931,2.180539,2.04876
0.430896,0.791707,0.783913,2.158535,2.108921
0.430896,0.834745,0.833883,2.122126,2.168473
0.537447,0.834745,0.834714,2.0899,2.217427
0.483989,0.798325,0.810616,2.056513,2.261205
0.537447,0.840274,0.845614,2.033773,2.27875
0.483989,0.855962,0.845221,2.033773,2.28
0.483989,0.845652,0.855548,2.033773,2.28
0.537447,0.865694,0.855919,2.039886,2.264105
0.537447,0.834745,0.834714,2.078247,2.210545
0.590057,0.798325,0.823643,2.118,2.13025
0.640684,0.756227,0.75736,2.138,2.09
0.640684,0.770891,0.75736,2.142418,2.064517
0.732354,0.798325,0.80025,2.168927,1.937922
0.772192,0.784927,0.773551,2.202494,1.798507
0.68836,0.691487,0.710473,2.219778,1.664511
0.732354,0.664895,0.65861,2.221,1.5387
0.732354,0.637217,0.65861,2.221,1.41394
0.732354,0.627773,0.640126,2.221,1.27459
0.772192,0.58908,0.621924,2.204704,1.155627
0.772192,0.637217,0.583056,2.182572,1.052662
0.772192,0.608599,0.583056,2.167483,0.966287
0.838755,0.598879,0.604091,2.135559,0.88349
0.838755,0.559291,0.564674,2.093917,0.813974
0.838755,0.539175,0.54462,2.036527,0.749543
0.807658,0.549253,0.543874,1.967727,0.699833
0.838755,0.498627,0.524421,1.90111,0.662862
0.838755,0.478329,0.483849,1.834057,0.636333
0.838755,0.428033,0.443488,1.754869,0.62222
0.838755,0.44803,0.463609,1.672033,0.614738
0.838755,0.408264,0.40386,1.577825,0.60713
0.838755,0.379182,0.384474,1.493645,0.601836
0.838755,0.388792,0.384474,1.407,0.601836
0.772192,0.418116,0.402413,1.338715,0.601836
0.772192,0.408264,0.402413,1.252128,0.606293
0.772192,0.360248,0.364054,1.179047,0.624366
0.68836,0.379182,0.381631,1.103115,0.643472
0.68836,0.418116,0.440522,1.02602,0.671403
0.640684,0.458098,0.459872,0.969628,0.706235
0.590057,0.598879,0.599768,0.920109,0.742722
0.537447,0.498627,0.498879,0.88018,0.791382
0.537447,0.549253,0.539395,0.866114,0.867808
0.537447,0.559291,0.559492,0.849822,0.971971
0.483989,0.57921,0.598323,0.840546,1.033541
0.483989,0.539175,0.558751,0.83841,1.117665
0.430896,0.673887,0.672663,0.837818,1.211475
0.379345,0.700083,0.689641,0.835294,1.320527
0.379345,0.691487,0.672001,0.824968,1.436617
0.430896,0.664895,0.654541,0.778105,1.55125
0.379345,0.655786,0.653861,0.738769,1.641287
0.24329,0.655786,0.651816,0.714123,1.738063
0.24329,0.664895,0.670009,0.692512,1.837075
0.173218,0.700083,0.686414,0.672477,1.930964
0.330381,0.627773,0.634565,0.66641,2.013727
0.430896,0.608599,0.5976,0.66641,2.081898
0.330381,0.478329,0.495872,0.66641,2.130437
0.330381,0.388792,0.376676,0.673464,2.165237
0.330381,0.332663,0.339377,0.707399,2.198338
0.430896,0.341743,0.322731,0.807608,2.227935
0.284837,0.199912,0.211045,0.87275,2.234
0.330381,0.213225,0.185727,0.929474,2.234
0.379345,0.193493,0.186182,0.9775,2.234
0.732354,0.158258,0.165709,1.009744,2.225734
0.807658,0.17518,0.166542,1.024537,2.200331
0.838755,0.193493,0.190782,1.037557,2.158744
0.772192,0.241758,0.244868,1.048611,2.095144
0.772192,0.289192,0.292641,1.061583,2.01625
0.807658,0.332663,0.346152,1.070894,1.936128
0.807658,0.341743,0.346152,1.086086,1.840601
0.807658,0.350942,0.346152,1.100875,1.78025
0.807658,0.341743,0.346152,1.114,1.733
0.807658,0.408264,0.403136,1.114535,1.731643
0.772192,0.379182,0.383052,1.147261,1.649776
0.732354,0.388792,0.382341,1.211854,1.500148
0.732354,0.428033,0.441263,1.270246,1.36729
0.732354,0.438008,0.461366,1.331527,1.226876
0.732354,0.518934,0.461366,1.385614,1.125758
0.732354,0.559291,0.562455,1.446646,1.013345
0.732354,0.608599,0.582325,1.514567,0.888206
0.640684,0.61823,0.69285,1.590777,0.787792
0.68836,0.627773,0.620508,1.648107,0.741627
0.640684,0.655786,0.657256,1.699895,0.715438
0.640684,0.637217,0.638739,1.758419,0.71425
0.640684,0.646557,0.657256,1.814792,0.71425
0.590057,0.716864,0.709234,1.86415,0.7145
0.590057,0.756227,0.771437,1.901229,0.734404
0.590057,0.784927,0.771437,1.921125,0.7685
0.590057,0.784927,0.771437,1.927638,0.811187
0.590057,0.756227,0.741553,1.927738,0.871062
0.483989,0.740936,0.740399,1.927738,0.929176
0.430896,0.756227,0.755142,1.926397,1.006972
0.483989,0.748658,0.740399,1.91827,1.094081
0.483989,0.708545,0.724491,1.913329,1.160361
0.483989,0.725038,0.724491,1.913,1.255577
0.379345,0.791707,0.796864,1.913,1.334125
0.379345,0.777988,0.76931,1.913308,1.414207
0.284837,0.763639,0.75347,1.916035,1.535529
0.284837,0.756227,0.75347,1.917516,1.646636
0.330381,0.716864,0.706123,1.917516,1.764829
0.330381,0.691487,0.688997,1.917516,1.887932
0.330381,0.725038,0.722686,1.908785,1.999991
0.284837,0.637217,0.652498,1.882875,2.10475
0.24329,0.655786,0.651816,1.848492,2.194519
0.206057,0.673887,0.704248,1.806132,2.274555
0.206057,0.646557,0.63247,1.756548,2.336834
0.206057,0.56928,0.574258,1.688693,2.395375
0.144659,0.539175,0.552811,1.621982,2.429134
0.173218,0.518934,0.533412,1.532418,2.44912
0.24329,0.498627,0.514663,1.46057,2.44965
0.206057,0.488471,0.493617,1.420545,2.44965
0.173218,0.478329,0.472594,1.342523,2.448566
0.173218,0.488471,0.472594,1.268966,2.435375
0.173218,0.498627,0.492865,1.190056,2.407387
0.173218,0.488471,0.492865,1.144549,2.367938
0.173218,0.508784,0.492865,1.077746,2.302613
0.173218,0.559291,0.533412,1.032278,2.222781
0.173218,0.529064,0.533412,0.970777,2.15259
0.24329,0.57921,0.594704,0.9303,2.082029
0.330381,0.608599,0.615539,0.920965,2.037569
0.330381,0.61823,0.596153,0.910433,1.943083
0.430896,0.539175,0.5379,0.901195,1.844918
0.379345,0.655786,0.653861,0.895932,1.758218
0.379345,0.655786,0.635262,0.895345,1.64925
0.379345,0.691487,0.689641,0.895345,1.577516
0.330381,0.725038,0.706123,0.895403,1.522685
0.379345,0.748658,0.754586,0.900578,1.413881
0.430896,0.725038,0.73982,0.905974,1.348299
0.483989,0.733064,0.740399,0.929978,1.233234
0.483989,0.756227,0.740399,0.963458,1.131736
0.537447,0.777988,0.811077,0.991992,1.01913
0.483989,0.798325,0.797835,1.00947,0.961068
0.483989,0.811092,0.797835,1.041607,0.875117
0.537447,0.798325,0.79832,1.060899,0.827088
0.640684,0.804788,0.811997,1.092562,0.758043
0.68836,0.784927,0.799769,1.154161,0.696911
0.640684,0.763639,0.75736,1.227515,0.648927
0.640684,0.770891,0.771967,1.291678,0.612512
0.640684,0.770891,0.771967,1.386598,0.578413
0.640684,0.756227,0.742129,1.484931,0.54916
0.68836,0.770891,0.772496,1.585817,0.528672
0.590057,0.725038,0.741553,1.669921,0.528
0.640684,0.740936,0.742129,1.750889,0.528
0.537447,0.740936,0.740976,1.845106,0.528875
0.590057,0.725038,0.725689,1.94016,0.54526
0.590057,0.708545,0.725689,2.022703,0.579137
0.590057,0.691487,0.69221,2.090875,0.626625
0.537447,0.691487,0.691569,2.16408,0.69202
0.640684,0.691487,0.69285,2.21037,0.767236
0.483989,0.57921,0.578663,2.247334,0.84109
0.537447,0.598879,0.579396,2.281576,0.91754
0.483989,0.529064,0.538648,2.291678,0.989216
0.379345,0.539175,0.537153,2.291678,1.083805
0.330381,0.518934,0.516165,2.291678,1.132712
0.330381,0.458098,0.475593,2.2842,1.151853
0.330381,0.468201,0.455394,2.272375,1.149892
0.379345,0.428033,0.416226,2.2563,1.145767
0.144659,0.398486,0.392332,2.235653,1.14401
0.284837,0.388792,0.395203,2.206919,1.120898
0.330381,0.418116,0.395922,2.166534,1.089748
0.330381,0.323705,0.339377,2.104,1.050209
0.206057,0.297616,0.302066,2.031358,1.017023
0.284837,0.264796,0.270151,1.945986,0.987172
0.330381,0.264796,0.255015,1.875005,0.968255
0.379345,0.17518,0.186182,1.785512,0.948377
0.379345,0.158258,0.162819,1.706127,0.92922
0.430896,0.17518,0.174625,1.623764,0.907828
0.330381,0.199912,0.211547,1.543029,0.882955
0.590057,0.227175,0.242651,1.472693,0.861633
0.590057,0.213225,0.257882,1.400347,0.840044
0.590057,0.206491,0.188012,1.324031,0.8335
0.640684,0.213225,0.214572,1.269051,0.8335
0.68836,0.199912,0.215079,1.202343,0.8335
0.68836,0.220121,0.201689,1.119171,0.84298
0.732354,0.241758,0.244312,1.042629,0.872608
0.732354,0.249281,0.259612,0.989,0.90425
0.732354,0.264796,0.259612,0.935457,0.950945
0.732354,0.297616,0.326687,0.905127,0.998266
0.732354,0.379182,0.382341,0.887129,1.043959
0.732354,0.379182,0.344792,0.885649,1.092493
0.772192,0.478329,0.482347,0.885649,1.134062
0.732354,0.488471,0.501886,0.886349,1.176695
0.807658,0.478329,0.483098,0.899925,1.213146
0.772192,0.438008,0.442004,0.926075,1.22892
0.772192,0.488471,0.522921,0.950129,1.23125
0.772192,0.539175,0.543128,0.973975,1.23225
0.732354,0.529064,0.522171,0.992477,1.2323
0.68836,0.549253,0.541635,1.047407,1.23065
0.732354,0.529064,0.542382,1.12952,1.224576
0.732354,0.646557,0.640126,1.185393,1.211297
0.68836,0.664895,0.639432,1.253589,1.199313
0.68836,0.673887,0.675965,1.334105,1.195834
0.68836,0.733064,0.726885,1.420882,1.195
0.640684,0.763639,0.771967,1.510127,1.195
0.68836,0.748658,0.757912,1.613461,1.195242
0.68836,0.740936,0.757912,1.707648,1.198894
0.590057,0.834745,0.823643,1.779157,1.213952
0.590057,0.834745,0.835129,1.846359,1.236239
0.590057,0.845652,0.846006,1.916871,1.258731
0.590057,0.845652,0.846006,1.975793,1.284444
0.590057,0.834745,0.835129,2.034564,1.31298
0.590057,0.82323,0.835129,2.083154,1.348591
0.537447,0.798325,0.79832,2.122927,1.392218
0.483989,0.798325,0.797835,2.154919,1.446494
0.537447,0.798325,0.78493,2.187673,1.49386
0.590057,0.770891,0.785438,2.193,1.566368
0.590057,0.784927,0.771437,2.193,1.638775
0.483989,0.777988,0.770375,2.193,1.709997
0.430896,0.784927,0.783913,2.1875,1.7964
0.483989,0.740936,0.755698,2.167807,1.877393
0.430896,0.716864,0.73982,2.131794,1.95304
0.430896,0.700083,0.70737,2.096221,2.002801
0.330381,0.682752,0.671338,2.048044,2.045123
0.284837,0.637217,0.633867,2.002533,2.065516
0.284837,0.673887,0.652498,1.946698,2.081606
0.284837,0.646557,0.633867,1.87079,2.095453
0.330381,0.646557,0.65318,1.794945,2.106973
0.284837,0.655786,0.652498,1.722827,2.11744
0.284837,0.627773,0.614827,1.640355,2.130884
0.24329,0.57921,0.574993,1.569877,2.146627
0.24329,0.539175,0.555041,1.486657,2.156626
0.206057,0.518934,0.513912,1.412222,2.157
0.206057,0.508784,0.493617,1.344694,2.157
0.206057,0.458098,0.453157,1.289696,2.154375
0.173218,0.428033,0.412578,1.216625,2.128625
0.24329,0.398486,0.394485,1.120525,2.108704
0.24329,0.350942,0.356431,1.05273,2.081955
0.206057,0.306179,0.302066,0.995053,2.051088
0.206057,0.289192,0.285228,0.943594,2.025969
0.24329,0.289192,0.285841,0.9009,1.9814
0.284837,0.241758,0.254444,0.872561,1.926133
0.284837,0.234388,0.224882,0.856875,1.863125
0.379345,0.227175,0.225932,0.843628,1.789021
0.330381,0.163746,0.17376,0.839788,1.76101
0.284837,0.137791,0.141146,0.831469,1.687205
0.24329,0.137791,0.140782,0.822875,1.59525
0.430896,0.107345,0.115029,0.81628,1.536811
0.483989,0.133036,0.123883,0.8023,1.435
0.590057,0.158258,0.15361,0.786613,1.335475
0.537447,0.133036,0.12421,0.776733,1.2682
0.590057,0.137791,0.143348,0.762322,1.163384
0.640684,0.227175,0.290777,0.750905,1.066392
0.807658,0.152922,0.155575,0.750563,0.979873
0.807658,0.163746,0.166542,0.750563,0.90225
0.807658,0.213225,0.203145,0.753521,0.801488
0.807658,0.206491,0.216606,0.778476,0.726486
0.772192,0.256962,0.26019,0.8216,0.665107
0.772192,0.249281,0.26019,0.875112,0.620538
0.807658,0.280912,0.293264,0.929478,0.59974
0.807658,0.289192,0.293264,1.005824,0.596
0.838755,0.323705,0.328675,1.094268,0.596
0.838755,0.369665,0.384474,1.194282,0.596
0.807658,0.332663,0.328011,1.277054,0.601143
0.772192,0.297616,0.309727,1.363533,0.607461
0.807658,0.306179,0.310371,1.45741,0.61643
0.732354,0.280912,0.292019,1.542736,0.626294
0.732354,0.369665,0.363358,1.628972,0.643561
0.68836,0.360248,0.362663,1.705633,0.662329
0.68836,0.458098,0.440522,1.772874,0.682276
0.640684,0.418116,0.400245,1.859342,0.712742
0.640684,0.438008,0.439781,1.926776,0.742993
0.590057,0.408264,0.419152,1.978835,0.795689
0.537447,0.418116,0.41842,2.060797,0.843605
0.430896,0.418116,0.416957,2.100734,0.878079
0.430896,0.518934,0.517667,2.135581,0.937692
0.430896,0.549253,0.5379,2.16005,1.017965
0.430896,0.57921,0.5976,2.175349,1.089793
0.483989,0.598879,0.598323,2.19074,1.183693
0.430896,0.627773,0.5976,2.194433,1.272152
0.330381,0.725038,0.768775,2.20066,1.366108
0.430896,0.708545,0.70737,2.202475,1.437088
0.430896,0.708545,0.72389,2.202475,1.524692
0.430896,0.748658,0.755142,2.202062,1.615215
0.379345,0.777988,0.76931,2.19894,1.704812
0.483989,0.784927,0.770375,2.188771,1.790698
0.430896,0.770891,0.783913,2.175094,1.87531
0.483989,0.798325,0.797835,2.161074,1.96002
0.590057,0.834745,0.846006,2.146103,2.045799
0.590057,0.845652,0.835129,2.123198,2.122072
0.537447,0.82323,0.834714,2.090843,2.195072
0.537447,0.845652,0.845614,2.052869,2.256872
0.430896,0.81724,0.810154,2.006978,2.30342
0.537447,0.784927,0.78493,1.940067,2.350803
0.590057,0.770891,0.771437,1.872276,2.386894
0.640684,0.804788,0.799287,1.7843,2.425746
0.640684,0.763639,0.75736,1.696669,2.462468
0.640684,0.725038,0.742129,1.624807,2.486044
0.68836,0.655786,0.657933,1.553671,2.503337
0.732354,0.539175,0.562455,1.482225,2.510388
0.772192,0.549253,0.522921,1.409489,2.510388
0.772192,0.539175,0.543128,1.340934,2.510388
0.807658,0.539175,0.543874,1.273358,2.506039
0.807658,0.539175,0.543874,1.21175,2.485
0.838755,0.529064,0.54462,1.161321,2.449096
0.807658,0.458098,0.483098,1.123268,2.41264
0.807658,0.498627,0.543874,1.092117,2.374369
0.807658,0.418116,0.442746,1.084,2.336711
0.807658,0.44803,0.442746,1.084,2.282942
0.807658,0.428033,0.422817,1.085693,2.213402
0.807658,0.314874,0.310371,1.113698,2.140024
0.807658,0.297616,0.328011,1.145025,2.065541
0.865661,0.314874,0.294512,1.172851,2.000728
0.838755,0.289192,0.293888,1.205871,1.917174
0.772192,0.234388,0.230167,1.231,1.852
0.732354,0.227175,0.215587,1.231,1.852
0.68836,0.199912,0.201689,1.231,1.852
0.640684,0.169386,0.176365,1.236955,1.836476
0.590057,0.181128,0.164465,1.275502,1.721802
0.483989,0.128419,0.152829,1.305968,1.596029
0.430896,0.133036,0.142243,1.330802,1.470593
0.430896,0.12394,0.115029,1.35478,1.31803
0.483989,0.133036,0.132968,1.365,1.166393
0.379345,0.107345,0.114724,1.365,1.08241
0.24329,0.163746,0.161593,1.365,0.961202
0.206057,0.158258,0.161186,1.361469,0.85263
0.24329,0.14269,0.140782,1.324895,0.770684
0.206057,0.14269,0.161186,1.279375,0.72925
0.537447,0.137791,0.142979,1.23391,0.718243
0.537447,0.163746,0.164053,1.189727,0.718243
0.590057,0.14269,0.15361,1.147901,0.718243
0.640684,0.163746,0.154001,1.112423,0.722349
0.640684,0.199912,0.201205,1.054341,0.747338
0.640684,0.264796,0.274322,1.008195,0.780767
0.640684,0.297616,0.290777,0.96376,0.823838
0.68836,0.289192,0.291398,0.934504,0.869693
0.640684,0.332663,0.325366,0.923047,0.920785
0.68836,0.398486,0.400968,0.90582,0.975412
0.68836,0.428033,0.420617,0.876028,1.053489
0.68836,0.508784,0.501135,0.870641,1.144276
0.68836,0.539175,0.52142,0.870641,1.185107
0.640684,0.56928,0.540889,0.868041,1.253541
0.640684,0.549253,0.540889,0.866508,1.35297
0.68836,0.627773,0.639432,0.866508,1.45983
0.640684,0.646557,0.638739,0.865633,1.556765
0.68836,0.725038,0.726885,0.846007,1.675415
0.68836,0.708545,0.710473,0.843,1.789025
0.68836,0.733064,0.742704,0.843,1.87025
0.640684,0.756227,0.75736,0.843,1.963038
0.590057,0.756227,0.771437,0.851352,2.031868
0.590057,0.798325,0.798804,0.870018,2.075544
0.640684,0.829063,0.824079,0.897948,2.109032
0.640684,0.845652,0.835542,0.937686,2.137521
0.590057,0.834745,0.823643,0.98909,2.161675
0.590057,0.82323,0.823643,1.044064,2.1796
0.590057,0.798325,0.798804,1.117894,2.196702
0.590057,0.770891,0.785438,1.198489,2.213685
0.590057,0.784927,0.785438,1.295701,2.229562
0.590057,0.811092,0.823643,1.381383,2.244615
0.590057,0.798325,0.785438,1.455902,2.254067
0.537447,0.770891,0.770907,1.535376,2.257471
0.430896,0.770891,0.769843,1.620582,2.257662
0.483989,0.784927,0.784422,1.704886,2.257662
0.430896,0.756227,0.755142,1.744279,2.253904
0.379345,0.708545,0.754586,1.822864,2.235072
0.430896,0.691487,0.690285,1.928314,2.203093
0.284837,0.664895,0.670674,1.994368,2.172949
0.330381,0.708545,0.706123,2.03076,2.157552
0.24329,0.708545,0.687707,2.069161,2.133014
0.284837,0.673887,0.688353,2.074816,2.113837
0.330381,0.673887,0.671338,2.074816,2.1045
0.24329,0.664895,0.670009,2.074816,2.1045
0.206057,0.598879,0.593979,2.052931,2.1045
0.173218,0.61823,0.612689,1.975948,2.105021
0.206057,0.598879,0.593979,1.917188,2.115246
0.173218,0.56928,0.553555,1.855093,2.116161
0.173218,0.559291,0.553555,1.785842,2.116161
0.144659,0.44803,0.431648,1.70907,2.115329
0.144659,0.398486,0.392332,1.638875,2.101375
0.120124,0.388792,0.372449,1.56327,2.076659
0.099268,0.360248,0.352989,1.480204,2.036166
0.144659,0.332663,0.336014,1.395379,1.99225
0.206057,0.388792,0.37456,1.2963,1.932892
0.173218,0.369665,0.373856,1.21925,1.885296
0.206057,0.379182,0.37456,1.149071,1.825109
0.173218,0.468201,0.472594,1.092502,1.77141
0.206057,0.458098,0.453157,1.064689,1.699935
0.24329,0.478329,0.474093,1.042456,1.616444
0.24329,0.529064,0.534909,1.015857,1.566238
0.24329,0.559291,0.534909,0.964789,1.46503
0.206057,0.646557,0.651133,0.924375,1.365861
0.24329,0.664895,0.670009,0.888603,1.265532
0.24329,0.700083,0.687707,0.858137,1.168345
0.284837,0.784927,0.782381,0.839424,1.093321
0.24329,0.777988,0.795399,0.80454,1.04096
0.430896,0.777988,0.72389,0.758,0.966537
0.379345,0.748658,0.739241,0.758,0.885703
0.483989,0.798325,0.810616,0.758,0.823712
0.483989,0.798325,0.810616,0.761448,0.781536
0.483989,0.81724,0.810616,0.781386,0.75011
0.483989,0.777988,0.784422,0.815431,0.725449
0.590057,0.798325,0.785438,0.862632,0.711199
0.537447,0.784927,0.79832,0.926185,0.70116
0.590057,0.777988,0.771437,0.99452,0.693524
0.68836,0.748658,0.757912,1.086806,0.682534
0.640684,0.770891,0.771967,1.170002,0.674643
0.68836,0.733064,0.757912,1.265369,0.662203
0.640684,0.708545,0.709854,1.35359,0.65055
0.537447,0.691487,0.673986,1.441934,0.641009
0.590057,0.646557,0.638045,1.535764,0.63636
0.590057,0.627773,0.619091,1.612785,0.635
0.483989,0.61823,0.598323,1.7014,0.635
0.483989,0.57921,0.578663,1.787922,0.635
0.483989,0.57921,0.558751,1.851282,0.636359
0.430896,0.559291,0.558009,1.916012,0.640925
0.379345,0.539175,0.557267,1.968565,0.655264
0.330381,0.468201,0.475593,2.045,0.678455
0.330381,0.468201,0.455394,2.11425,0.725625
0.24329,0.408264,0.414036,2.187649,0.785547
0.284837,0.408264,0.414766,2.243455,0.85202
0.206057,0.369665,0.37456,2.28491,0.901375
0.24329,0.369665,0.356431,2.320806,0.969819
0.173218,0.379182,0.373856,2.348696,1.042204
0.24329,0.306179,0.3027,2.368357,1.119609
0.24329,0.272781,0.253874,2.376438,1.196914
0.206057,0.227175,0.223835,2.376563,1.274273
0.24329,0.213225,0.210545,2.376563,1.335089
0.284837,0.152922,0.162001,2.375344,1.360391
0.206057,0.137791,0.140419,2.355169,1.362
0.430896,0.137791,0.142243,2.325297,1.362
0.483989,0.14269,0.142611,2.2909,1.3557
0.430896,0.163746,0.15244,2.24742,1.313241
0.430896,0.17518,0.132621,2.195582,1.248295
0.379345,0.163746,0.174192,2.124028,1.173896
0.772192,0.169386,0.166125,2.057096,1.096112
0.732354,0.241758,0.244312,1.983807,1.013641
0.772192,0.181128,0.17768,1.916293,0.935329
0.732354,0.264796,0.275521,1.845381,0.86751
0.732354,0.306179,0.292019,1.771092,0.814706
0.772192,0.314874,0.345471,1.698663,0.768136
0.772192,0.332663,0.345471,1.626207,0.72903
0.772192,0.360248,0.364054,1.548832,0.705969
0.807658,0.44803,0.442746,1.479401,0.704516
0.732354,0.398486,0.40169,1.387906,0.704516
0.772192,0.428033,0.422084,1.307439,0.704573
0.732354,0.398486,0.40169,1.223549,0.723287
0.732354,0.468201,0.481596,1.133065,0.769766
0.68836,0.498627,0.480845,1.063347,0.822467
0.68836,0.518934,0.52142,1.010064,0.89792
0.68836,0.559291,0.561714,0.962151,0.971742
0.68836,0.608599,0.620508,0.933001,1.052128
0.68836,0.637217,0.601211,0.9235,1.117443
0.590057,0.716864,0.709234,0.9235,1.1674
0.640684,0.708545,0.69285,0.9235,1.196268
0.537447,0.733064,0.708613,0.94615,1.20065
0.590057,0.740936,0.756807,1.008499,1.20065
0.590057,0.756227,0.756807,1.108649,1.1999
0.590057,0.756227,0.756807,1.162443,1.191915
0.590057,0.740936,0.741553,1.24025,1.18
0.537447,0.777988,0.770907,1.326419,1.166947
0.537447,0.777988,0.770907,1.41626,1.165
0.483989,0.784927,0.784422,1.540011,1.165
0.483989,0.756227,0.770375,1.651142,1.165
0.483989,0.756227,0.755698,1.743879,1.169007
0.483989,0.770891,0.770375,1.804032,1.192496
0.430896,0.770891,0.769843,1.899944,1.212359
0.430896,0.784927,0.769843,1.982514,1.252926
0.379345,0.798325,0.783403,2.065107,1.32973
0.430896,0.834745,0.833883,2.138323,1.395923
0.483989,0.798325,0.784422,2.196289,1.477043
0.379345,0.82323,0.833466,2.235305,1.561991
0.330381,0.850879,0.844037,2.2575,1.63075
0.430896,0.845652,0.855176,2.2672,1.699599
0.430896,0.879244,0.874152,2.268,1.805623
0.379345,0.860899,0.854803,2.268,1.900472
0.430896,0.850879,0.844827,2.262389,1.992972
0.537447,0.840274,0.845614,2.2276,2.064898
0.483989,0.850879,0.855548,2.15788,2.141194
0.537447,0.804788,0.811077,2.08307,2.193427
0.537447,0.811092,0.79832,2.004395,2.235146
0.640684,0.784927,0.785944,1.884473,2.271676
0.537447,0.784927,0.78493,1.781235,2.300908
0.640684,0.756227,0.75736,1.68978,2.313554
0.640684,0.777988,0.771967,1.611891,2.314
0.640684,0.708545,0.726288,1.512223,2.314
0.732354,0.716864,0.694129,1.465995,2.313175
0.640684,0.691487,0.675306,1.412636,2.300859
0.68836,0.664895,0.639432,1.328009,2.273092
0.772192,0.637217,0.640818,1.25751,2.24145
0.68836,0.637217,0.639432,1.20121,2.186877
0.772192,0.608599,0.621924,1.125842,2.131292
0.772192,0.608599,0.602652,1.0805,2.0908
0.772192,0.56928,0.583056,1.036933,2.036365
0.807658,0.529064,0.543874,0.966844,1.975797
0.807658,0.458098,0.462861,0.953934,1.902738
0.838755,0.468201,0.483849,0.953934,1.815821
0.807658,0.398486,0.403136,0.953934,1.727868
0.807658,0.428033,0.422817,0.95701,1.679116
0.807658,0.369665,0.383763,0.95925,1.65125
0.838755,0.314874,0.328675,0.961,1.639953
0.838755,0.306179,0.311015,0.961875,1.611193
0.838755,0.264796,0.277325,0.963224,1.521111
0.807658,0.249281,0.245424,0.988463,1.402727
0.732354,0.206491,0.202173,1.008423,1.298446
0.807658,0.169386,0.166542,1.031106,1.193134
0.732354,0.17518,0.177241,1.062232,1.094536
0.640684,0.181128,0.176365,1.094289,0.945774
0.640684,0.14269,0.143717,1.135928,0.723508
0.590057,0.137791,0.164465,1.181872,0.67541
0.537447,0.111301,0.115643,1.226958,0.639501
0.379345,0.111301,0.114724,1.243322,0.624859
0.379345,0.133036,0.132276,1.28353,0.620848
0.483989,0.133036,0.132968,1.324204,0.619664
0.590057,0.152922,0.15361,1.35361,0.615705
0.640684,0.152922,0.154001,1.364,0.612842
0.68836,0.17518,0.176803,1.364,0.6115
0.68836,0.193493,0.188932,1.364,0.598307
0.590057,0.272781,0.257882,1.358375,0.575441
0.68836,0.289192,0.274921,1.316284,0.5608
0.772192,0.264796,0.276121,1.267552,0.56
0.732354,0.360248,0.363358,1.20638,0.56
0.772192,0.369665,0.402413,1.15275,0.56
0.772192,0.398486,0.422084,1.149,0.56
0.732354,0.44803,0.441263,1.136768,0.586116
0.772192,0.44803,0.442004,1.07785,0.645845
0.732354,0.518934,0.461366,1.028605,0.7324
0.772192,0.56928,0.583056,0.9765,0.869567
0.772192,0.57921,0.602652,0.918744,0.97961
0.732354,0.608599,0.601932,0.879668,1.06801
0.732354,0.608599,0.621216,0.844722,1.178435
0.732354,0.646557,0.65861,0.814382,1.268827
0.772192,0.708545,0.694767,0.788625,1.35975
0.68836,0.682752,0.675965,0.765278,1.4461
0.640684,0.740936,0.726288,0.736317,1.5274
0.68836,0.784927,0.786449,0.733615,1.608148
0.68836,0.770891,0.772496,0.733615,1.710355
0.640684,0.811092,0.824079,0.733615,1.793175
0.640684,0.784927,0.811997,0.745014,1.873762
0.590057,0.784927,0.798804,0.765298,1.940369
0.537447,0.763639,0.770907,0.791875,1.99925
0.590057,0.770891,0.756807,0.827603,2.060308
0.590057,0.740936,0.756807,0.875689,2.120689
0.537447,0.784927,0.770907,0.94412,2.169447
0.483989,0.784927,0.770375,1.028156,2.214902
0.430896,0.770891,0.769843,1.07794,2.243653
0.379345,0.748658,0.739241,1.157058,2.281722
0.430896,0.740936,0.755142,1.212609,2.304957
0.379345,0.691487,0.706747,1.274462,2.323973
0.379345,0.682752,0.689641,1.359178,2.339794
0.284837,0.708545,0.670674,1.43835,2.343611
0.206057,0.716864,0.720874,1.529667,2.346735
0.24329,0.691487,0.687707,1.625016,2.347016
0.206057,0.708545,0.687061,1.692893,2.346079
0.284837,0.673887,0.670674,1.73992,2.341089
0.206057,0.646557,0.613402,1.810618,2.330742
0.206057,0.61823,0.613402,1.862846,2.324459
0.173218,0.61823,0.612689,1.889008,2.315668
0.144659,0.468201,0.451667,1.8905,2.305552
0.173218,0.478329,0.472594,1.8905,2.29845
0.206057,0.438008,0.413307,1.8901,2.291625
0.206057,0.341743,0.337358,1.882643,2.275258
0.144659,0.350942,0.354364,1.853476,2.262567
0.173218,0.341743,0.336686,1.78441,2.24546
0.24329,0.323705,0.33803,1.712804,2.225149
0.144659,0.206491,0.195941,1.656233,2.211515
0.173218,0.206491,0.209547,1.584745,2.204171
0.206057,0.213225,0.223835,1.552753,2.197706
0.206057,0.220121,0.223835,1.498189,2.187985
0.173218,0.234388,0.223313,1.405918,2.169605
0.206057,0.227175,0.238257,1.32488,2.148025
0.24329,0.206491,0.210545,1.24201,2.116464
0.284837,0.241758,0.254444,1.164923,2.075451
0.379345,0.272781,0.271339,1.095087,2.021777
0.284837,0.249281,0.254444,1.0035,1.9575
0.284837,0.323705,0.320762,0.878521,1.885875
0.483989,0.341743,0.341403,0.812109,1.811691
0.483989,0.388792,0.359887,0.767496,1.718454
0.379345,0.518934,0.616251,0.738561,1.640587
0.483989,0.458098,0.457632,0.72982,1.566067
0.537447,0.458098,0.478594,0.72982,1.48082
0.640684,0.458098,0.459872,0.72982,1.401153
0.590057,0.478329,0.479344,0.731678,1.299466
0.640684,0.549253,0.580861,0.735304,1.247264
0.640684,0.57921,0.580861,0.748763,1.188043
0.68836,0.57921,0.581593,0.76874,1.111204
0.732354,0.598879,0.601932,0.819471,1.039447
0.732354,0.598879,0.601932,0.870987,0.972277
0.68836,0.708545,0.710473,0.928043,0.889205
0.68836,0.637217,0.639432,0.97638,0.81865
0.68836,0.682752,0.69349,1.038134,0.761258
0.640684,0.691487,0.69285,1.1385,0.714375
0.640684,0.708545,0.709854,1.247998,0.677689
0.640684,0.708545,0.709854,1.354,0.644125
0.590057,0.725038,0.725689,1.441064,0.613734
0.537447,0.784927,0.78493,1.549197,0.596352
0.537447,0.777988,0.79832,1.655672,0.596
0.590057,0.756227,0.756807,1.746938,0.596
0.483989,0.784927,0.784422,1.819769,0.59725
0.537447,0.756227,0.770907,1.910569,0.621814
0.537447,0.784927,0.78493,2.00245,0.673102
0.483989,0.804788,0.797835,2.077239,0.71927
0.590057,0.845652,0.846006,2.134407,0.789471
0.537447,0.845652,0.855919,2.182681,0.849508
0.537447,0.845652,0.845614,2.217426,0.907631
0.483989,0.834745,0.845221,2.249898,1.000033
0.537447,0.845652,0.845614,2.269593,1.079214
0.537447,0.82323,0.823205,2.287461,1.182133
0.537447,0.811092,0.823205,2.303706,1.283535
0.590057,0.81724,0.811537,2.315815,1.377571
0.640684,0.756227,0.771967,2.320594,1.485173
0.68836,0.725038,0.742704,2.320594,1.58058
0.640684,0.682752,0.69285,2.320594,1.670904
0.590057,0.664895,0.656578,2.318272,1.745321
0.68836,0.637217,0.639432,2.303217,1.799467
0.640684,0.61823,0.6198,2.278469,1.839187
0.772192,0.549253,0.563195,2.242255,1.8517
0.732354,0.549253,0.501886,2.208198,1.852
0.772192,0.549253,0.522921,2.190188,1.852
0.732354,0.508784,0.501886,2.147044,1.851306
0.807658,0.478329,0.483098,2.087477,1.836375
0.838755,0.44803,0.463609,2.012858,1.815136
0.772192,0.44803,0.442004,1.974,1.801
0.807658,0.350942,0.346152,1.931125,1.781875
0.807658,0.306179,0.328011,1.840636,1.74556
0.772192,0.323705,0.327349,1.755473,1.717222
0.838755,0.289192,0.311015,1.648933,1.690732
0.807658,0.272781,0.276723,1.5255,1.670625
0.807658,0.206491,0.216606,1.440475,1.6507
0.807658,0.206491,0.203145,1.352532,1.630987
0.772192,0.163746,0.17768,1.254669,1.617628
0.732354,0.152922,0.154786,1.169696,1.613949
0.68836,0.137791,0.144088,1.09135,1.609167
0.640684,0.133036,0.134011,1.041128,1.599724
0.732354,0.14269,0.134711,0.980323,1.579613
0.330381,0.103513,0.122907,0.918262,1.55373
0.379345,0.089375,0.092209,0.864665,1.511604
0.330381,0.111301,0.106445,0.844,1.484128
0.330381,0.103513,0.114419,0.844,1.442752
0.24329,0.147733,0.140782,0.844,1.397128
0.24329,0.14269,0.150893,0.844016,1.374529
0.206057,0.17518,0.161186,0.849913,1.307759
0.24329,0.234388,0.238803,0.872738,1.2333
0.173218,0.280912,0.268376,0.908202,1.151369
0.206057,0.256962,0.253304,0.95409,1.046872
0.173218,0.280912,0.284615,0.993919,0.966186
0.173218,0.379182,0.373856,1.040935,0.876593
0.173218,0.418116,0.393049,1.07976,0.798083
0.173218,0.428033,0.412578,1.0877,0.73018
0.120124,0.438008,0.511658,1.088,0.68924
0.173218,0.529064,0.51316,1.088,0.68208
0.173218,0.549253,0.553555,1.087092,0.68208
0.144659,0.58908,0.592528,1.083419,0.68208
0.173218,0.56928,0.573523,1.05863,0.692061
0.173218,0.598879,0.612689,1.031493,0.727174
0.173218,0.61823,0.612689,1.006669,0.787872
0.206057,0.58908,0.593979,0.990113,0.862472
0.206057,0.682752,0.669344,0.976238,0.959602
0.24329,0.708545,0.704874,0.968369,1.059246
0.284837,0.716864,0.722083,0.952883,1.157279
0.284837,0.708545,0.722083,0.941233,1.271954
0.330381,0.770891,0.782893,0.931299,1.388326
0.379345,0.733064,0.76931,0.922,1.4905
0.330381,0.725038,0.722686,0.913332,1.597475
0.379345,0.777988,0.76931,0.906629,1.698618
0.430896,0.725038,0.72389,0.906,1.782843
0.483989,0.756227,0.770375,0.906,1.881433
0.483989,0.798325,0.784422,0.907437,1.963498
0.537447,0.81724,0.823205,0.922517,2.037021
0.430896,0.804788,0.810154,0.952026,2.081455
0.483989,0.756227,0.770375,0.994411,2.120841
0.537447,0.770891,0.770907,1.046028,2.173529
0.537447,0.708545,0.708613,1.111633,2.223636
0.640684,0.708545,0.709854,1.196894,2.268375
0.68836,0.691487,0.69349,1.252467,2.299537
0.590057,0.673887,0.674647,1.31387,2.326232
0.732354,0.61823,0.621216,1.403467,2.344173
0.732354,0.598879,0.621216,1.50108,2.348749
0.772192,0.549253,0.563195,1.600135,2.349992
0.772192,0.56928,0.563195,1.659225,2.349992
0.838755,0.56928,0.564674,1.750166,2.349404
0.838755,0.58908,0.564674,1.845588,2.346903
0.807658,0.559291,0.563934,1.911777,2.329553
0.838755,0.608599,0.524421,1.984858,2.295664
0.807658,0.508784,0.543874,2.045576,2.251951
0.807658,0.508784,0.50339,2.0935,2.2004
0.807658,0.458098,0.462861,2.11775,2.167315
0.838755,0.428033,0.443488,2.177824,2.068124
0.807658,0.44803,0.442746,2.24425,1.961895
0.807658,0.360248,0.364751,2.320994,1.865598
0.838755,0.369665,0.365448,2.377332,1.736361
0.838755,0.369665,0.365448,2.40476,1.619683
0.772192,0.249281,0.244868,2.430624,1.514371
0.807658,0.227175,0.245424,2.434464,1.391346
0.772192,0.220121,0.230167,2.434464,1.285167
0.732354,0.17518,0.177241,2.434464,1.177595
0.772192,0.169386,0.15518,2.409918,1.080893
0.732354,0.158258,0.154786,2.354643,0.997731
0.732354,0.147733,0.154786,2.315757,0.916231
0.68836,0.213225,0.215079,2.26184,0.855977
0.68836,0.213225,0.201689,2.2137,0.80362
0.68836,0.234388,0.229103,2.171613,0.748097
0.68836,0.256962,0.274921,2.10182,0.705588
0.68836,0.272781,0.274921,2.035336,0.665413
0.537447,0.341743,0.342079,1.961871,0.636421
0.537447,0.341743,0.342079,1.882609,0.621816
0.537447,0.418116,0.438299,1.799574,0.617
0.483989,0.539175,0.518418,1.719834,0.617
0.430896,0.539175,0.5379,1.636324,0.617
0.430896,0.529064,0.5976,1.54755,0.626445
0.483989,0.57921,0.558751,1.477634,0.648266
0.379345,0.56928,0.577196,1.403879,0.66793
0.430896,0.598879,0.5976,1.340201,0.68731
0.379345,0.637217,0.616251,1.285862,0.707656
0.379345,0.673887,0.672001,1.227531,0.736987
0.379345,0.673887,0.672001,1.169523,0.777916
0.330381,0.682752,0.671338,1.125886,0.825572
0.24329,0.682752,0.704874,1.094597,0.8802
0.284837,0.637217,0.633867,1.079336,0.94471
0.206057,0.608599,0.613402,1.065199,1.026159
0.24329,0.708545,0.704874,1.028762,1.107419
0.173218,0.646557,0.65045,0.98882,1.195688
0.206057,0.646557,0.651133,0.949528,1.30185
0.206057,0.673887,0.669344,0.914033,1.400534
0.173218,0.646557,0.65045,0.873885,1.508438
0.173218,0.664895,0.65045,0.834168,1.611496
0.206057,0.57921,0.574258,0.764781,1.72769
0.24329,0.559291,0.555041,0.7425,1.827292
0.206057,0.518934,0.513912,0.7425,1.919035
0.144659,0.458098,0.451667,0.7425,1.996135
0.144659,0.418116,0.411849,0.74575,2.051017
0.144659,0.369665,0.354364,0.769057,2.099113
0.284837,0.314874,0.303335,0.800864,2.130699
0.24329,0.249281,0.253874,0.831411,2.147364
0.284837,0.249281,0.254444,0.895105,2.173648
0.206057,0.206491,0.210046,0.955541,2.19693
0.24329,0.206491,0.197366,1.032146,2.220903
0.206057,0.169386,0.161186,1.120255,2.243471
0.284837,0.152922,0.151278,1.207317,2.259004
0.537447,0.107345,0.115643,1.290812,2.279458
0.640684,0.199912,0.188471,1.368145,2.288331
0.68836,0.181128,0.188932,1.442833,2.288331
0.640684,0.17518,0.164879,1.506712,2.288331
0.732354,0.187231,0.177241,1.538843,2.284832
0.772192,0.199912,0.189855,1.543844,2.264275
0.772192,0.206491,0.202659,1.543844,2.203192
0.807658,0.199912,0.203145,1.543469,2.145304
0.807658,0.249281,0.26077,1.537155,2.114091
0.807658,0.306179,0.310371,1.530119,2.078891
0.838755,0.306179,0.328675,1.510756,2.021286
0.807658,0.350942,0.346152,1.480304,1.927099
0.772192,0.488471,0.482347,1.45825,1.82875
0.807658,0.408264,0.422817,1.457,1.812886
0.807658,0.458098,0.442746,1.456526,1.721442
0.807658,0.529064,0.50339,1.456526,1.669083
0.772192,0.438008,0.442004,1.456526,1.513617
0.772192,0.44803,0.462114,1.460832,1.354127
0.732354,0.468201,0.461366,1.473755,1.216415
0.772192,0.508784,0.502638,1.496552,1.078735
0.732354,0.508784,0.522171,1.539163,0.946065
0.732354,0.518934,0.562455,1.59454,0.84713
0.732354,0.58908,0.582325,1.666982,0.764641
0.68836,0.716864,0.710473,1.734264,0.712576
0.640684,0.673887,0.675306,1.814487,0.672873
0.640684,0.691487,0.69285,1.885854,0.663996
0.590057,0.691487,0.709234,1.971483,0.663996
0.640684,0.716864,0.726288,2.055037,0.663996
0.640684,0.770891,0.771967,2.121877,0.674886
0.590057,0.740936,0.756807,2.177218,0.713633
0.590057,0.756227,0.771437,2.210061,0.745665
0.483989,0.798325,0.810616,2.244386,0.811408
0.483989,0.784927,0.784422,2.265142,0.888647
0.537447,0.784927,0.770907,2.271659,0.986403
0.537447,0.763639,0.756253,2.272,1.086825
0.537447,0.770891,0.756253,2.272,1.181172
0.640684,0.770891,0.785944,2.271139,1.300316
0.590057,0.798325,0.798804,2.262319,1.425806
0.537447,0.784927,0.770907,2.251045,1.540984
0.590057,0.756227,0.756807,2.244441,1.645877
0.590057,0.756227,0.756807,2.229788,1.75486
0.537447,0.740936,0.756253,2.197568,1.842828
0.68836,0.700083,0.69349,2.160818,1.94826
0.590057,0.637217,0.656578,2.103489,2.079107
0.590057,0.627773,0.599768,2.048791,2.1735
0.640684,0.598879,0.60049,1.992423,2.23326
0.68836,0.57921,0.581593,1.951298,2.270294
0.732354,0.498627,0.501886,1.870917,2.293998
0.772192,0.559291,0.563195,1.806036,2.309318
0.772192,0.539175,0.522921,1.736423,2.320712
0.772192,0.498627,0.482347,1.6355,2.3491
0.807658,0.438008,0.462861,1.54225,2.363
0.772192,0.478329,0.482347,1.458109,2.37225
0.807658,0.408264,0.403136,1.368756,2.373
0.807658,0.398486,0.403136,1.276896,2.373
0.807658,0.418116,0.422817,1.182205,2.372541
0.807658,0.398486,0.403136,1.093168,2.35962
0.865661,0.388792,0.404584,1.018375,2.331
0.807658,0.332663,0.346152,0.941588,2.292088
0.807658,0.306179,0.310371,0.877766,2.242746
0.838755,0.264796,0.277325,0.838553,2.186604
0.838755,0.264796,0.26135,0.810481,2.125595
0.807658,0.193493,0.203145,0.792458,2.052616
0.807658,0.193493,0.190318,0.789704,1.961058
0.807658,0.181128,0.17812,0.789059,1.874387
0.732354,0.163746,0.165709,0.789,1.7807
0.772192,0.147733,0.15518,0.789,1.688254
0.732354,0.133036,0.134711,0.789386,1.611071
0.68836,0.119595,0.125194,0.790494,1.581047
0.430896,0.099803,0.099503,0.795452,1.473209
0.330381,0.115383,0.114419,0.803101,1.388494
0.330381,0.115383,0.114419,0.832759,1.289004
0.24329,0.14269,0.140782,0.874821,1.185233
0.24329,0.14269,0.150893,0.915382,1.079659
0.24329,0.256962,0.238803,0.954791,1.008767
0.206057,0.256962,0.253304,1.021551,0.93725
0.173218,0.264796,0.252736,1.073909,0.894048
0.24329,0.264796,0.269559,1.123982,0.8617
0.173218,0.297616,0.284615,1.156115,0.856426
0.379345,0.323705,0.340052,1.15732,0.856426
0.330381,0.478329,0.475593,1.15732,0.865869
0.590057,0.478329,0.479344,1.15724,0.894069
0.537447,0.458098,0.478594,1.138236,0.919866
0.590057,0.518934,0.519919,1.11998,0.971204
0.590057,0.58908,0.599768,1.100282,1.044484
0.537447,0.627773,0.618382,1.081416,1.128782
0.590057,0.655786,0.674647,1.065666,1.220048
0.590057,0.655786,0.656578,1.047465,1.331073
0.537447,0.740936,0.740976,1.028659,1.435854
0.537447,0.708545,0.708613,1.009507,1.53571
0.537447,0.756227,0.770907,0.988824,1.647066
0.590057,0.784927,0.785438,0.971361,1.75106
0.537447,0.82323,0.811077,0.953413,1.85743
0.483989,0.798325,0.810616,0.9451,1.957055
0.483989,0.798325,0.784422,0.9451,2.057539
0.430896,0.784927,0.769843,0.9451,2.148337
0.430896,0.756227,0.769843,0.953153,2.229041
0.430896,0.756227,0.73982,1.028724,2.292455
0.483989,0.740936,0.755698,1.093217,2.332592
0.379345,0.725038,0.739241,1.142296,2.35623
0.430896,0.673887,0.690285,1.19185,2.365577
0.330381,0.708545,0.722686,1.262759,2.367652
0.330381,0.691487,0.706123,1.323924,2.368
0.284837,0.664895,0.705499,1.391852,2.368804
0.379345,0.58908,0.616251,1.438392,2.371747
0.379345,0.58908,0.596877,1.481035,2.373
0.330381,0.58908,0.576462,1.557022,2.373
0.284837,0.56928,0.575728,1.614625,2.373
0.24329,0.549253,0.534909,1.692135,2.370514
0.206057,0.529064,0.513912,1.76402,2.35559
0.24329,0.458098,0.474093,1.848484,2.323976
0.284837,0.438008,0.434601,1.922756,2.280008
0.284837,0.398486,0.37597,2.002064,2.21772
0.284837,0.388792,0.395203,2.055167,2.193502
0.284837,0.360248,0.357121,2.071004,2.147153
0.284837,0.297616,0.286456,2.115165,2.04229
0.330381,0.272781,0.287071,2.152674,1.924393
0.284837,0.249281,0.254444,2.157233,1.837637
0.284837,0.213225,0.211045,2.157233,1.778956
0.284837,0.199912,0.197843,2.157233,1.723358
0.24329,0.206491,0.197366,2.133546,1.684625
0.206057,0.187231,0.184367,2.070068,1.647345
0.379345,0.199912,0.174192,2.026688,1.61775
0.537447,0.152922,0.142979,1.959652,1.605621
0.590057,0.152922,0.15361,1.884045,1.594821
0.640684,0.14269,0.154001,1.812562,1.579976
0.640684,0.17518,0.176365,1.737112,1.55733
0.732354,0.234388,0.229635,1.639349,1.524821
0.732354,0.264796,0.259612,1.552787,1.49221
0.732354,0.264796,0.259612,1.460074,1.450569
0.732354,0.341743,0.344792,1.371892,1.407499
0.772192,0.341743,0.345471,1.282133,1.35866
0.807658,0.332663,0.346152,1.186885,1.310558
0.807658,0.388792,0.383763,1.1279,1.2556
0.807658,0.379182,0.383763,1.087756,1.20582
0.807658,0.398486,0.403136,1.032014,1.123186
0.772192,0.369665,0.383052,0.993643,1.036821
0.68836,0.341743,0.362663,0.993643,0.96996
0.732354,0.314874,0.326687,0.993643,0.917351
0.732354,0.388792,0.40169,0.995271,0.871347
0.68836,0.388792,0.381631,1.022082,0.818847
0.68836,0.341743,0.344113,1.061416,0.779421
0.640684,0.408264,0.400245,1.120752,0.755242
0.590057,0.379182,0.342757,1.208997,0.739881
0.590057,0.272781,0.273723,1.302215,0.731573
0.537447,0.272781,0.273126,1.386777,0.731323
0.483989,0.256962,0.256732,1.46688,0.731323
0.379345,0.306179,0.287686,1.549317,0.732542
0.430896,0.280912,0.271934,1.618151,0.750209
0.330381,0.360248,0.357812,1.683471,0.783074
0.330381,0.332663,0.339377,1.730162,0.821383
0.24329,0.369665,0.356431,1.768463,0.868239
0.206057,0.398486,0.37456,1.827599,0.967357
0.24329,0.428033,0.433862,1.925236,1.031808
0.206057,0.428033,0.413307,1.973925,1.07949
0.206057,0.468201,0.453157,2.026498,1.143685
0.173218,0.58908,0.573523,2.063625,1.178375
0.206057,0.56928,0.554298,2.114925,1.250672
0.206057,0.608599,0.63247,2.156664,1.345774
0.206057,0.627773,0.704248,2.179339,1.439914
0.206057,0.646557,0.613402,2.190656,1.546555
0.24329,0.61823,0.594704,2.198458,1.647583
0.330381,0.598879,0.596153,2.201333,1.720538
0.284837,0.691487,0.670674,2.201333,1.819375
0.24329,0.700083,0.721479,2.201333,1.901227
0.330381,0.733064,0.688997,2.183065,1.973093
0.379345,0.733064,0.723288,2.135385,2.032727
0.430896,0.740936,0.73982,2.073116,2.084023
0.430896,0.784927,0.783913,1.996291,2.133029
0.483989,0.804788,0.797835,1.925617,2.168602
0.379345,0.756227,0.754586,1.816808,2.203017
0.483989,0.784927,0.784422,1.7025,2.215103
0.537447,0.770891,0.770907,1.606521,2.229823
0.537447,0.756227,0.756253,1.5115,2.246951
0.590057,0.691487,0.709234,1.421809,2.248652
0.68836,0.700083,0.710473,1.31974,2.248652
0.590057,0.691487,0.674647,1.231022,2.248652
0.68836,0.725038,0.710473,1.157197,2.238841
0.732354,0.708545,0.711091,1.084835,2.216792
0.732354,0.664895,0.65861,1.048523,2.202313
0.732354,0.655786,0.65861,1.046903,2.175405
0.68836,0.637217,0.639432,1.046903,2.143259
0.732354,0.57921,0.582325,1.050445,2.099108
0.772192,0.56928,0.583056,1.087777,2.041108
0.807658,0.58908,0.603372,1.149262,1.974762
0.838755,0.57921,0.584518,1.220183,1.910637
0.807658,0.598879,0.603372,1.295233,1.858318
0.838755,0.549253,0.564674,1.377152,1.800269
0.772192,0.56928,0.563195,1.471928,1.742087
0.838755,0.468201,0.483849,1.532921,1.705162
0.772192,0.498627,0.502638,1.567,1.691683
0.807658,0.44803,0.442746,1.6228,1.6525
0.865661,0.408264,0.424286,1.703243,1.60704
0.838755,0.408264,0.40386,1.779788,1.554012
0.772192,0.350942,0.345471,1.848365,1.494601
0.807658,0.350942,0.364751,1.919651,1.413677
0.838755,0.289192,0.311015,1.979945,1.321556
0.807658,0.289192,0.293264,2.029261,1.227253
0.772192,0.264796,0.276121,2.062161,1.15071
0.807658,0.234388,0.245424,2.0806,1.076
0.772192,0.220121,0.216096,2.0815,0.997125
0.732354,0.199912,0.202173,2.0815,0.924675
0.732354,0.169386,0.165709,2.077171,0.862746
0.732354,0.152922,0.154786,2.048402,0.821065
0.68836,0.158258,0.165294,2.0126,0.78545
0.68836,0.17518,0.188932,1.968625,0.764858
0.68836,0.234388,0.229103,1.920459,0.747003
0.732354,0.227175,0.229635,1.859375,0.73225
0.732354,0.227175,0.229635,1.789967,0.73
0.68836,0.227175,0.243758,1.722547,0.73
0.772192,0.227175,0.230167,1.642198,0.73
0.640684,0.306179,0.307802,1.553271,0.734683
0.640684,0.388792,0.380922,1.471834,0.741364
0.640684,0.418116,0.400245,1.392638,0.750031
0.640684,0.559291,0.560974,1.310589,0.76892
0.590057,0.56928,0.560233,1.242767,0.789697
0.590057,0.598879,0.599768,1.16744,0.831528
0.483989,0.627773,0.617672,1.092856,0.891826
0.537447,0.56928,0.579396,1.0365,0.9593
0.537447,0.61823,0.579396,1.001688,1.031201
0.483989,0.673887,0.636655,0.989652,1.098623
0.483989,0.673887,0.707992,0.954073,1.179122
0.430896,0.708545,0.70737,0.925868,1.269141
0.379345,0.691487,0.706747,0.889823,1.36195
0.430896,0.725038,0.73982,0.863422,1.464058
0.483989,0.725038,0.740399,0.832663,1.552425
0.430896,0.637217,0.654541,0.807836,1.638758
0.430896,0.673887,0.654541,0.75256,1.730048
0.379345,0.673887,0.653861,0.712166,1.80481
0.284837,0.756227,0.688353,0.7072,1.881789
0.330381,0.716864,0.671338,0.7072,1.967655
0.330381,0.708545,0.688997,0.7072,2.040761
0.24329,0.682752,0.670009,0.718275,2.089079
0.206057,0.691487,0.687061,0.747,2.1301
0.206057,0.682752,0.687061,0.782465,2.160984
0.206057,0.673887,0.669344,0.829472,2.184226
0.173218,0.664895,0.668678,0.936829,2.202668
0.120124,0.682752,0.702365,1.051619,2.21869
0.173218,0.655786,0.65045,1.114476,2.230711
0.120124,0.646557,0.630371,1.17854,2.242109
0.206057,0.56928,0.574258,1.244192,2.256238
0.284837,0.508784,0.49512,1.263043,2.259545
0.284837,0.44803,0.434601,1.341623,2.264676
0.24329,0.360248,0.33803,1.414675,2.264676
0.284837,0.323705,0.338704,1.455208,2.264676
0.24329,0.289192,0.285841,1.480001,2.26262
0.206057,0.280912,0.268967,1.500818,2.250016
0.206057,0.241758,0.238257,1.507923,2.241996
0.284837,0.227175,0.211045,1.507923,2.226477
0.284837,0.152922,0.151278,1.507923,2.212771
0.24329,0.152922,0.161593,1.4963,2.185756
0.24329,0.152922,0.150893,1.466405,2.150173
0.379345,0.187231,0.162819,1.425627,2.099557
0.330381,0.181128,0.17376,1.386615,2.048635
0.379345,0.17518,0.174192,1.348081,1.98614
0.379345,0.193493,0.186182,1.31074,1.909475
0.430896,0.17518,0.174625,1.279067,1.819164
0.68836,0.187231,0.176803,1.268715,1.73462
0.640684,0.169386,0.176365,1.267,1.678672
0.640684,0.17518,0.176365,1.255375,1.614044
0.483989,0.199912,0.213055,1.228633,1.591271
0.483989,0.199912,0.199759,1.221,1.483672
0.483989,0.264796,0.241547,1.222738,1.372394
0.379345,0.306179,0.287686,1.24317,1.293641
0.379345,0.289192,0.304608,1.250942,1.150997
0.379345,0.388792,0.377382,1.261887,1.085212
0.330381,0.408264,0.376676,1.289289,1.005968
0.379345,0.379182,0.377382,1.34119,0.903997
0.330381,0.418116,0.395922,1.405613,0.810121
0.330381,0.478329,0.455394,1.475591,0.732691
0.284837,0.539175,0.535657,1.547719,0.692719
0.330381,0.58908,0.576462,1.6135,0.66925
0.379345,0.61823,0.577196,1.704362,0.645191
0.379345,0.691487,0.689641,1.787036,0.628301
0.483989,0.725038,0.690927,1.867829,0.617057
0.537447,0.691487,0.673986,1.951005,0.6145
0.430896,0.725038,0.72389,2.011985,0.6145
0.430896,0.725038,0.72389,2.075909,0.6145
0.430896,0.725038,0.72389,2.129101,0.627214
0.483989,0.770891,0.770375,2.168757,0.6665
0.537447,0.784927,0.78493,2.190144,0.713814
0.590057,0.770891,0.771437,2.203845,0.763726
0.590057,0.763639,0.771437,2.212517,0.831111
0.537447,0.770891,0.756253,2.219548,0.912519
0.590057,0.740936,0.725689,2.227282,1.014082
0.640684,0.700083,0.709854,2.233044,1.117044
0.640684,0.708545,0.69285,2.236989,1.198448
0.590057,0.740936,0.741553,2.240522,1.294807
0.68836,0.708545,0.726885,2.240772,1.375743
0.732354,0.700083,0.711091,2.240772,1.477821
0.772192,0.725038,0.711708,2.240692,1.567474
0.772192,0.673887,0.677281,2.233971,1.657539
0.772192,0.637217,0.640818,2.215675,1.749975
0.772192,0.608599,0.583056,2.174815,1.859785
0.772192,0.56928,0.583056,2.138686,1.936575
0.807658,0.559291,0.563934,2.10826,1.97464
0.807658,0.518934,0.523671,2.081106,2.032702
0.807658,0.539175,0.523671,2.002886,2.073179
0.838755,0.518934,0.524421,1.942841,2.113856
0.865661,0.539175,0.525171,1.896172,2.120139
0.807658,0.408264,0.403136,1.853422,2.12473
0.807658,0.398486,0.403136,1.81528,2.1281
0.807658,0.369665,0.346152,1.774673,2.133013
0.838755,0.314874,0.328675,1.726191,2.1368
0.772192,0.256962,0.276121,1.70612,2.137
0.807658,0.256962,0.26077,1.70612,2.137
0.732354,0.220121,0.229635,1.70612,2.135033
0.772192,0.249281,0.244868,1.70978,2.112625
0.732354,0.199912,0.202173,1.732055,2.0687
0.68836,0.181128,0.165294,1.740984,2.030352
0.483989,0.14269,0.152829,1.744464,1.989768
0.537447,0.14269,0.142979,1.74565,1.9796
0.590057,0.152922,0.15361,1.762662,1.917026
0.590057,0.163746,0.164465,1.792184,1.806109
0.590057,0.169386,0.175929,1.813,1.682192
0.590057,0.187231,0.188012,1.813,1.583234
0.68836,0.187231,0.188932,1.813,1.461408
0.68836,0.249281,0.259034,1.812075,1.348951
0.68836,0.272781,0.274921,1.808436,1.254182
0.640684,0.306179,0.307802,1.796703,1.163274
0.68836,0.341743,0.344113,1.752148,1.097248
0.68836,0.408264,0.400968,1.694508,1.042888
0.68836,0.379182,0.400968,1.636683,0.998217
0.732354,0.408264,0.441263,1.567809,0.955347
0.732354,0.458098,0.481596,1.497129,0.923172
0.732354,0.518934,0.522171,1.425152,0.902985
0.68836,0.498627,0.52142,1.356075,0.897004
0.68836,0.529064,0.541635,1.299106,0.897004
0.68836,0.56928,0.581593,1.225359,0.897004
0.640684,0.58908,0.60049,1.161421,0.904465
0.68836,0.637217,0.657933,1.107987,0.930504
0.68836,0.691487,0.69349,1.065975,0.958115
0.68836,0.756227,0.772496,1.0204,0.986841
0.68836,0.763639,0.757912,0.978385,1.03788
0.68836,0.740936,0.757912,0.949534,1.101334
0.640684,0.756227,0.771967,0.910772,1.177594
0.640684,0.770891,0.771967,0.882189,1.249174
0.590057,0.798325,0.798804,0.860883,1.315167
0.590057,0.798325,0.811537,0.842765,1.391402
0.640684,0.829063,0.811997,0.828514,1.460602
0.590057,0.82323,0.823643,0.807148,1.538843
0.590057,0.811092,0.811537,0.781594,1.616333
0.537447,0.770891,0.770907,0.780687,1.699547
0.590057,0.811092,0.785438,0.780687,1.781967
0.537447,0.798325,0.79832,0.780687,1.85157
0.537447,0.770891,0.770907,0.790583,1.93641
0.430896,0.756227,0.755142,0.819659,2.015991
0.430896,0.770891,0.769843,0.875192,2.075607
0.483989,0.756227,0.740399,0.917788,2.123767
0.379345,0.740936,0.723288,0.95763,2.155034
0.330381,0.682752,0.688997,1.0081,2.182303
0.284837,0.691487,0.688353,1.06912,2.205094
0.284837,0.646557,0.652498,1.132846,2.221327
0.24329,0.664895,0.651816,1.187538,2.231344
0.24329,0.655786,0.651816,1.245125,2.239
0.206057,0.673887,0.669344,1.304641,2.24
0.24329,0.646557,0.651816,1.377836,2.24
0.284837,0.637217,0.633867,1.447299,2.23976
0.24329,0.608599,0.614115,1.527962,2.231381
0.206057,0.559291,0.574258,1.595938,2.215915
0.206057,0.559291,0.554298,1.669097,2.1901
0.284837,0.488471,0.49512,1.698011,2.169922
0.206057,0.518934,0.493617,1.698313,2.15864
0.284837,0.438008,0.434601,1.698313,2.152041
0.099268,0.332663,0.334674,1.696189,2.1509
0.330381,0.264796,0.287071,1.674621,2.144271
0.24329,0.272781,0.269559,1.63675,2.13375
0.24329,0.17518,0.184819,1.583173,2.117469
0.24329,0.137791,0.140782,1.525983,2.095783
0.284837,0.158258,0.151278,1.452917,2.067005
0.379345,0.163746,0.162819,1.374642,2.013938
0.284837,0.158258,0.162001,1.30028,1.97162
0.24329,0.193493,0.161593,1.2347,1.925449
0.173218,0.220121,0.223313,1.165894,1.877998
0.173218,0.227175,0.237711,1.103291,1.843587
0.284837,0.193493,0.197843,1.038851,1.78869
0.330381,0.169386,0.211547,0.9888,1.732564
0.379345,0.14269,0.141877,0.944445,1.67036
0.379345,0.14269,0.141877,0.924,1.639
0.483989,0.17518,0.187095,0.897244,1.593849
0.537447,0.199912,0.175493,0.851959,1.498796
0.640684,0.213225,0.188471,0.840958,1.408392
0.640684,0.199912,0.201205,0.835898,1.310077
0.640684,0.199912,0.214572,0.83375,1.236067
0.732354,0.272781,0.275521,0.834028,1.168356
0.732354,0.249281,0.259612,0.83591,1.072783
0.772192,0.249281,0.26019,0.836,0.987668
0.772192,0.297616,0.309727,0.8575,0.904648
0.772192,0.341743,0.364054,0.897353,0.851493
0.772192,0.379182,0.364054,0.935316,0.793795
0.807658,0.369665,0.364751,0.96416,0.753747
0.807658,0.418116,0.422817,1.015415,0.723889
0.838755,0.408264,0.40386,1.104388,0.701517
0.772192,0.428033,0.402413,1.172211,0.688874
0.807658,0.468201,0.462861,1.248084,0.676332
0.732354,0.488471,0.481596,1.3125,0.666809
0.772192,0.468201,0.462114,1.399075,0.662141
0.732354,0.468201,0.501886,1.485463,0.662
0.732354,0.549253,0.542382,1.568,0.662
0.732354,0.57921,0.582325,1.647512,0.663032
0.732354,0.637217,0.621216,1.723505,0.671767
0.732354,0.708545,0.694129,1.80811,0.696039
0.68836,0.627773,0.675965,1.889948,0.722583
0.640684,0.691487,0.69285,1.9501,0.748767
0.590057,0.725038,0.709234,2.016168,0.777205
0.590057,0.756227,0.771437,2.074818,0.811811
0.537447,0.811092,0.79832,2.13547,0.873777
0.537447,0.81724,0.845614,2.187403,0.94375
0.590057,0.811092,0.811537,2.210842,1.023923
0.537447,0.860899,0.834714,2.233445,1.123143
0.537447,0.811092,0.811077,2.247633,1.163171
0.590057,0.763639,0.771437,2.263028,1.267263
0.537447,0.770891,0.78493,2.277053,1.371551
0.590057,0.777988,0.785438,2.290987,1.470491
0.483989,0.82323,0.810616,2.303027,1.574881
0.483989,0.804788,0.810616,2.304213,1.685056
0.483989,0.811092,0.822767,2.304213,1.774125
0.483989,0.811092,0.822767,2.304213,1.847664
0.590057,0.829063,0.823643,2.291998,1.921008
0.483989,0.784927,0.784422,2.269968,1.975988
0.483989,0.770891,0.784422,2.236892,2.017684
0.483989,0.763639,0.755698,2.208568,2.031682
0.483989,0.777988,0.770375,2.177655,2.031682
0.483989,0.770891,0.755698,2.138292,2.031982
0.537447,0.61823,0.63735,2.095185,2.036143
0.640684,0.539175,0.540889,2.050143,2.037
0.640684,0.57921,0.580861,2.01015,2.037
0.590057,0.518934,0.540142,1.97055,2.03975
0.640684,0.529064,0.52067,1.91899,2.065576
0.68836,0.498627,0.480845,1.861651,2.09744
0.640684,0.438008,0.439781,1.802347,2.131353
0.68836,0.438008,0.440522,1.73899,2.16339
0.68836,0.418116,0.420617,1.670701,2.190311
0.772192,0.341743,0.345471,1.590655,2.217208
0.772192,0.350942,0.364054,1.519967,2.230808
0.772192,0.341743,0.309727,1.425667,2.241475
0.772192,0.314874,0.345471,1.345468,2.246231
0.807658,0.234388,0.2307,1.256139,2.246975
0.772192,0.227175,0.244868,1.167704,2.246975
0.807658,0.227175,0.2307,1.098919,2.246975
0.807658,0.272781,0.276723,1.034567,2.241065
0.772192,0.206491,0.202659,0.978922,2.226682
0.68836,0.181128,0.188932,0.922184,2.199057
0.772192,0.147733,0.15518,0.858516,2.151167
0.772192,0.14269,0.125854,0.823228,2.11372
0.772192,0.128419,0.125854,0.807582,2.060052
0.590057,0.12394,0.115951,0.802783,2.011547
0.590057,0.12394,0.115951,0.801,1.9444
0.483989,0.107345,0.107307,0.797875,1.852125
0.379345,0.12394,0.123231,0.7965,1.754313
0.284837,0.119595,0.122583,0.796,1.662505
0.24329,0.133036,0.131244,0.796,1.60013
0.24329,0.137791,0.131244,0.796,1.549536
0.24329,0.133036,0.131244,0.808175,1.443553
0.24329,0.169386,0.172898,0.82,1.326024
0.284837,0.17518,0.173328,0.821571,1.205268
0.206057,0.234388,0.238257,0.824639,1.098694
0.24329,0.264796,0.269559,0.826199,1.004121
0.206057,0.297616,0.285228,0.854724,0.91763
0.24329,0.280912,0.269559,0.883737,0.8322
0.284837,0.289192,0.270151,0.916488,0.769662
0.284837,0.199912,0.211045,0.942375,0.721125
0.330381,0.213225,0.211547,0.97228,0.67758
0.379345,0.256962,0.240447,1.027253,0.6655
0.379345,0.227175,0.212049,1.094082,0.6655
0.483989,0.272781,0.256732,1.148707,0.6655
0.483989,0.256962,0.256732,1.180658,0.67401
0.483989,0.272781,0.288921,1.20983,0.697892
0.590057,0.280912,0.290158,1.219,0.738236
0.68836,0.388792,0.400968,1.219,0.805664
0.640684,0.468201,0.52067,1.219,0.879155
0.590057,0.57921,0.599768,1.2176,0.9338
0.640684,0.61823,0.60049,1.210965,1.030838
0.68836,0.598879,0.601211,1.20554,1.121371
0.68836,0.61823,0.620508,1.201353,1.221889
0.68836,0.655786,0.657933,1.198,1.329626
0.68836,0.691487,0.69349,1.198,1.443918
0.640684,0.740936,0.742129,1.198,1.547153
0.640684,0.763639,0.742129,1.198195,1.612342
0.640684,0.733064,0.742129,1.202655,1.709675
0.640684,0.740936,0.742129,1.209265,1.83805
0.640684,0.804788,0.824079,1.219691,1.921202
0.590057,0.845652,0.835129,1.234683,2.014472
0.640684,0.850879,0.824079,1.244363,2.092197
0.640684,0.829063,0.835542,1.268283,2.182186
0.640684,0.811092,0.811997,1.298026,2.251053
0.590057,0.798325,0.798804,1.334484,2.305998
0.537447,0.82323,0.823205,1.372532,2.348427
0.590057,0.82323,0.823643,1.418179,2.392523
0.590057,0.798325,0.811537,1.474783,2.425212
0.537447,0.811092,0.811077,1.527483,2.447003
0.590057,0.791707,0.798804,1.59009,2.451513
0.379345,0.798325,0.809691,1.659643,2.451513
0.430896,0.763639,0.755142,1.731038,2.451513
0.537447,0.748658,0.72509,1.800724,2.443815
0.379345,0.798325,0.783403,1.847029,2.428965
0.330381,0.756227,0.738661,1.896573,2.408385
0.284837,0.691487,0.688353,1.95043,2.378883
0.284837,0.716864,0.705499,2.000797,2.34175
0.330381,0.725038,0.706123,2.052942,2.29498
0.330381,0.700083,0.688997,2.08865,2.2492
0.24329,0.646557,0.651816,2.114588,2.198806
0.173218,0.637217,0.631771,2.14066,2.128582
0.206057,0.646557,0.651133,2.170252,2.04928
0.284837,0.673887,0.670674,2.199697,1.948439
0.24329,0.664895,0.670009,2.200768,1.849833
0.173218,0.608599,0.553555,2.200768,1.780531
0.24329,0.549253,0.555041,2.200713,1.73431
0.24329,0.518934,0.494369,2.193435,1.717
0.24329,0.518934,0.534909,2.183,1.717
0.24329,0.458098,0.514663,2.17079,1.717
0.173218,0.388792,0.373856,2.136213,1.719252
0.173218,0.408264,0.393049,2.086849,1.733481
0.24329,0.388792,0.375265,2.014949,1.762309
0.206057,0.350942,0.355741,1.956928,1.775732
0.144659,0.289192,0.284003,1.861953,1.785955
0.206057,0.249281,0.238257,1.762438,1.792875
0.173218,0.227175,0.223313,1.662873,1.793
0.173218,0.234388,0.223313,1.564994,1.793
0.206057,0.206491,0.19689,1.458861,1.792444
0.206057,0.213225,0.210046,1.368973,1.778576
0.173218,0.234388,0.223313,1.288211,1.757618
0.206057,0.264796,0.253304,1.240726,1.741721
0.173218,0.264796,0.268376,1.147116,1.702119
0.379345,0.306179,0.304608,1.058936,1.64887
0.284837,0.280912,0.49512,0.985333,1.582436
0.430896,0.418116,0.397361,0.929612,1.521392
0.483989,0.428033,0.437559,0.889709,1.467868
0.430896,0.418116,0.436819,0.865561,1.405859
0.537447,0.518934,0.498879,0.837,1.334978
0.430896,0.608599,0.616961,0.8281,1.239109
0.640684,0.559291,0.560974,0.815971,1.146955
0.640684,0.58908,0.60049,0.793119,1.045409
0.640684,0.608599,0.6198,0.782066,0.964347
0.640684,0.627773,0.638739,0.782,0.920804
0.68836,0.682752,0.710473,0.782,0.865842
0.732354,0.700083,0.711091,0.785625,0.81675
0.732354,0.664895,0.65861,0.830444,0.776922
0.732354,0.682752,0.694129,0.856051,0.736395
0.772192,0.646557,0.640818,0.905871,0.705157
0.732354,0.637217,0.640126,0.983943,0.674227
0.807658,0.664895,0.64151,1.06931,0.647273
0.807658,0.627773,0.64151,1.159471,0.624209
0.772192,0.61823,0.621924,1.244092,0.60933
0.807658,0.598879,0.622631,1.3043,0.599
0.807658,0.559291,0.583787,1.376168,0.59282
0.807658,0.58908,0.563934,1.452583,0.592435
0.807658,0.539175,0.543874,1.545609,0.592435
0.838755,0.488471,0.504142,1.638829,0.592435
0.838755,0.458098,0.483849,1.73139,0.59769
0.838755,0.408264,0.443488,1.805477,0.606625
0.807658,0.388792,0.383763,1.875278,0.61555
0.838755,0.379182,0.384474,1.980415,0.627866
0.838755,0.360248,0.328675,2.062658,0.643331
0.807658,0.297616,0.293264,2.139938,0.670318
0.807658,0.280912,0.293264,2.19721,0.702558
0.807658,0.227175,0.2307,2.241342,0.750086
0.807658,0.220121,0.216606,2.2758,0.7968
0.772192,0.17518,0.166125,2.302181,0.854136
0.732354,0.147733,0.144459,2.321905,0.924589
0.807658,0.115383,0.117501,2.329461,1.011526
0.590057,0.133036,0.133663,2.333491,1.099053
0.483989,0.115383,0.099773,2.334818,1.203129
0.483989,0.092737,0.092714,2.334818,1.297327
0.330381,0.115383,0.106445,2.334818,1.397639
0.330381,0.137791,0.106445,2.332391,1.498141
0.379345,0.147733,0.152052,2.322313,1.599835
0.430896,0.17518,0.16323,2.316213,1.679567
0.483989,0.17518,0.175059,2.306891,1.734544
0.537447,0.213225,0.21356,2.287672,1.79284
0.537447,0.213225,0.21356,2.260826,1.827299
0.590057,0.272781,0.257882,2.231062,1.8285
0.483989,0.256962,0.272529,2.200677,1.8285
0.537447,0.388792,0.379505,2.187899,1.825603
0.640684,0.379182,0.380922,2.156547,1.801146
0.590057,0.458098,0.43904,2.077018,1.788222
0.68836,0.360248,0.362663,1.990258,1.769404
0.590057,0.498627,0.499631,1.9035,1.727625
0.590057,0.529064,0.540142,1.819076,1.684025
0.640684,0.56928,0.580861,1.741724,1.643777
0.640684,0.57921,0.580861,1.647972,1.602468
0.640684,0.664895,0.657256,1.523337,1.572451
0.68836,0.664895,0.675965,1.428251,1.540976
0.590057,0.740936,0.741553,1.365075,1.495627
0.640684,0.756227,0.799287,1.284375,1.46425
0.640684,0.784927,0.785944,1.236875,1.45825
0.590057,0.798325,0.798804,1.156162,1.458
0.590057,0.804788,0.811537,1.051331,1.458
0.640684,0.798325,0.811997,0.95175,1.469186
0.640684,0.870348,0.866344,0.859958,1.493855
0.537447,0.834745,0.834714,0.805789,1.525878
0.590057,0.82323,0.823643,0.751791,1.570653
0.537447,0.845652,0.855919,0.706655,1.625185
0.537447,0.804788,0.79832,0.67836,1.686141
0.590057,0.798325,0.798804,0.6675,1.754245
0.537447,0.811092,0.811077,0.6675,1.819226
0.483989,0.763639,0.810616,0.6675,1.886863
0.430896,0.756227,0.769843,0.672,1.942375
0.430896,0.770891,0.755142,0.700309,1.988598
0.330381,0.725038,0.738661,0.744085,2.032048
0.379345,0.708545,0.706747,0.79219,2.070953
0.379345,0.708545,0.689641,0.857704,2.115021
0.379345,0.655786,0.653861,0.907242,2.144295
0.144659,0.646557,0.649766,0.981774,2.182623
0.284837,0.56928,0.575728,1.060157,2.220198
0.24329,0.518934,0.514663,1.143517,2.25835
0.206057,0.498627,0.493617,1.221043,2.295696
0.206057,0.468201,0.473343,1.244875,2.306875
0.284837,0.44803,0.474843,1.328086,2.341437
0.24329,0.408264,0.33803,1.42575,2.372777
0.173218,0.341743,0.3188,1.503574,2.384286
0.330381,0.289192,0.287071,1.596961,2.387562
0.284837,0.272781,0.303335,1.693133,2.390932
0.24329,0.234388,0.238803,1.76721,2.391
0.24329,0.181128,0.184819,1.822538,2.388619
0.24329,0.181128,0.172898,1.869322,2.385493
0.24329,0.17518,0.172898,1.890729,2.368574
0.330381,0.119595,0.098966,1.892188,2.33076
0.430896,0.103513,0.107019,1.892188,2.297921
0.430896,0.133036,0.123557,1.890245,2.274353
0.379345,0.14269,0.141877,1.868482,2.226289
0.330381,0.158258,0.17376,1.838925,2.1659
0.330381,0.199912,0.198321,1.802076,2.087486
0.284837,0.227175,0.211045,1.740439,2.016007
0.330381,0.341743,0.339377,1.658114,1.959015
0.24329,0.341743,0.33803,1.574926,1.890553
0.330381,0.398486,0.395922,1.498463,1.83931
0.330381,0.44803,0.43534,1.409858,1.78756
0.330381,0.478329,0.495872,1.326967,1.731149
0.379345,0.498627,0.516916,1.246457,1.675155
0.284837,0.58908,0.575728,1.173312,1.61374
0.379345,0.57921,0.577196,1.106649,1.548845
0.379345,0.598879,0.596877,1.034746,1.468629
0.379345,0.637217,0.616251,0.962527,1.386041
0.430896,0.700083,0.690285,0.914575,1.314081
0.430896,0.691487,0.690285,0.870528,1.232227
0.537447,0.770891,0.708613,0.84,1.177
0.483989,0.756227,0.755698,0.831562,1.157161
0.483989,0.756227,0.755698,0.802765,1.065806
0.483989,0.770891,0.770375,0.801,0.967465
0.483989,0.798325,0.784422,0.801,0.870625
0.537447,0.81724,0.811077,0.801147,0.799459
0.537447,0.82323,0.823205,0.8184,0.73878
0.640684,0.82323,0.846398,0.854375,0.696321
0.537447,0.763639,0.756253,0.9164,0.674489
0.640684,0.770891,0.771967,0.992643,0.674
0.68836,0.756227,0.757912,1.072875,0.674
0.590057,0.725038,0.725689,1.166818,0.674087
0.590057,0.748658,0.741553,1.2485,0.679834
0.640684,0.700083,0.709854,1.345195,0.692314
0.68836,0.691487,0.675965,1.43579,0.707748
0.732354,0.646557,0.65861,1.520979,0.724537
0.732354,0.61823,0.601932,1.61315,0.7477
0.732354,0.61823,0.621216,1.71425,0.774
0.772192,0.58908,0.602652,1.804843,0.809438
0.838755,0.608599,0.623337,1.89197,0.856591
0.772192,0.57921,0.583056,1.967857,0.911052
0.772192,0.549253,0.522921,2.037899,0.981407
0.807658,0.498627,0.50339,2.07995,1.0448
0.772192,0.498627,0.502638,2.133443,1.1291
0.807658,0.438008,0.462861,2.175127,1.229323
0.772192,0.44803,0.442004,2.209781,1.349951
0.772192,0.428033,0.422084,2.231407,1.455243
0.772192,0.388792,0.383052,2.240624,1.55278
0.732354,0.379182,0.382341,2.243067,1.654906
0.807658,0.241758,0.2307,2.243067,1.745122
0.807658,0.227175,0.2307,2.243067,1.8507
0.732354,0.272781,0.259612,2.223708,1.959878
0.772192,0.272781,0.26019,2.186111,2.044664
0.807658,0.234388,0.245424,2.145997,2.115654
0.772192,0.272781,0.276121,2.109606,2.156592
0.772192,0.241758,0.26019,2.0751,2.156592
0.732354,0.256962,0.275521,2.031279,2.156592
0.640684,0.314874,0.307802,1.97964,2.149516
0.68836,0.280912,0.291398,1.954922,2.089109
0.590057,0.323705,0.324706,1.944185,2.009032
0.590057,0.332663,0.324706,1.917639,1.909708
0.640684,0.458098,0.459872,1.88575,1.808047
0.537447,0.518934,0.498879,1.853903,1.705567
0.537447,0.539175,0.519169,1.821533,1.601253
0.590057,0.518934,0.499631,1.794901,1.516065
0.590057,0.559291,0.560233,1.760852,1.410506
0.590057,0.627773,0.619091,1.726785,1.319915
0.537447,0.61823,0.618382,1.687365,1.233904
0.483989,0.655786,0.673325,1.642681,1.165174
0.430896,0.682752,0.672663,1.611978,1.119658
0.483989,0.673887,0.690927,1.571196,1.063632
0.430896,0.733064,0.73982,1.519162,1.001476
0.430896,0.691487,0.70737,1.454411,0.943117
0.430896,0.725038,0.672663,1.391017,0.893083
0.379345,0.716864,0.723288,1.324668,0.849306
0.379345,0.637217,0.635262,1.259952,0.812887
0.483989,0.682752,0.724491,1.191341,0.797629
0.330381,0.740936,0.706123,1.120291,0.797629
0.284837,0.740936,0.722083,1.084546,0.797629
0.330381,0.740936,0.722686,1.021013,0.80221
0.24329,0.691487,0.704874,0.967227,0.83648
0.284837,0.725038,0.722083,0.930125,0.922883
0.206057,0.682752,0.669344,0.89469,1.0136
0.24329,0.608599,0.614115,0.86734,1.104996
0.24329,0.637217,0.633169,0.853572,1.18507
0.206057,0.598879,0.574258,0.850875,1.242231
0.173218,0.559291,0.573523,0.849,1.335323
0.173218,0.549253,0.593254,0.849,1.444751
0.144659,0.518934,0.512409,0.851083,1.531754
0.173218,0.458098,0.432385,0.856592,1.599612
0.206057,0.458098,0.433124,0.867243,1.666282
0.206057,0.379182,0.37456,0.881867,1.729694
0.24329,0.323705,0.320107,0.902275,1.817741
0.24329,0.297616,0.3027,0.91948,1.882379
0.173218,0.256962,0.3188,0.941817,1.950987
0.173218,0.234388,0.237711,0.964936,2.005169
0.206057,0.241758,0.238257,0.999394,2.069373
0.144659,0.227175,0.222792,1.037667,2.127008
0.330381,0.213225,0.211547,1.082229,2.173752
0.430896,0.199912,0.199279,1.116506,2.201416
0.379345,0.17518,0.174192,1.172701,2.235339
0.590057,0.199912,0.214065,1.233126,2.2538
0.590057,0.213225,0.200722,1.291625,2.255
0.640684,0.213225,0.201205,1.331212,2.255
0.640684,0.199912,0.214572,1.346342,2.2517
0.68836,0.256962,0.259034,1.346802,2.227144
0.772192,0.227175,0.244868,1.346802,2.194545
0.732354,0.289192,0.326687,1.346432,2.134608
0.772192,0.314874,0.327349,1.34532,2.082699
0.807658,0.369665,0.383763,1.34532,2.012668
0.772192,0.323705,0.309727,1.344216,1.942877
0.807658,0.369665,0.383763,1.341285,1.86776
0.772192,0.388792,0.383052,1.337875,1.788522
0.772192,0.379182,0.383052,1.336,1.716044
0.772192,0.478329,0.462114,1.340681,1.650625
0.772192,0.478329,0.482347,1.336625,1.63762
0.732354,0.468201,0.461366,1.336,1.573557
0.68836,0.488471,0.501135,1.336,1.530511
0.68836,0.498627,0.501135,1.321135,1.409959
0.732354,0.56928,0.582325,1.31704,1.29244
0.732354,0.664895,0.65861,1.31704,1.185606
0.732354,0.655786,0.676624,1.31704,1.073518
0.640684,0.655786,0.675306,1.330077,0.959899
0.640684,0.637217,0.657256,1.375031,0.865623
0.640684,0.691487,0.69285,1.423635,0.785187
0.590057,0.708545,0.709234,1.477286,0.73152
0.590057,0.655786,0.756807,1.548079,0.684876
0.590057,0.770891,0.785438,1.632104,0.64934
0.590057,0.777988,0.785438,1.722606,0.624355
0.537447,0.770891,0.756253,1.808554,0.618692
0.537447,0.725038,0.72509,1.883107,0.618692
0.430896,0.740936,0.73982,1.951354,0.618692
0.430896,0.756227,0.73982,2.018101,0.627479
0.430896,0.740936,0.72389,2.082352,0.666609
0.379345,0.748658,0.739241,2.133418,0.719383
0.430896,0.784927,0.769843,2.178889,0.785678
0.379345,0.756227,0.76931,2.220373,0.862135
0.379345,0.784927,0.76931,2.246412,0.926591
0.379345,0.748658,0.739241,2.268537,1.018191
0.330381,0.748658,0.738661,2.28346,1.118941
0.24329,0.725038,0.721479,2.2863,1.226635
0.379345,0.725038,0.706747,2.2863,1.327475
0.537447,0.664895,0.6559,2.2863,1.418492
0.483989,0.57921,0.578663,2.277096,1.535387
0.590057,0.559291,0.560233,2.249905,1.642704
0.68836,0.559291,0.561714,2.220335,1.729124
0.640684,0.438008,0.439781,2.18754,1.802534
0.68836,0.44803,0.460619,2.149102,1.860737
0.68836,0.438008,0.440522,2.093248,1.916052
0.732354,0.418116,0.441263,2.014402,1.977199
0.807658,0.379182,0.383763,1.931756,2.031181
0.772192,0.369665,0.364054,1.858477,2.062004
0.772192,0.360248,0.364054,1.762479,2.105051
0.732354,0.369665,0.382341,1.66861,2.145688
0.772192,0.280912,0.276121,1.554229,2.19384
0.772192,0.272781,0.276121,1.439517,2.227288
0.772192,0.256962,0.26019,1.34375,2.23706
0.732354,0.256962,0.259612,1.2518,2.23706
0.640684,0.163746,0.176365,1.178786,2.23706
0.640684,0.17518,0.176365,1.105016,2.232384
0.537447,0.163746,0.153219,1.046728,2.214619
0.483989,0.133036,0.132968,0.994617,2.182291
0.430896,0.137791,0.132621,0.962293,2.139545
0.430896,0.12394,0.132621,0.945046,2.081478
0.330381,0.158258,0.16241,0.943,2.018375
0.284837,0.137791,0.131587,0.9425,1.932373
0.284837,0.152922,0.151278,0.940187,1.839278
0.284837,0.193493,0.211045,0.93437,1.730759
0.24329,0.206491,0.210545,0.935021,1.637643
0.206057,0.234388,0.223835,0.937711,1.576847
0.24329,0.206491,0.210545,0.941211,1.508832
0.206057,0.289192,0.285228,0.941412,1.425177
0.206057,0.332663,0.337358,0.942164,1.354974
0.144659,0.341743,0.336014,0.958679,1.26819
0.173218,0.418116,0.412578,0.979958,1.164394
0.206057,0.398486,0.413307,1.005778,1.055986
0.144659,0.498627,0.492114,1.02744,0.967168
0.173218,0.518934,0.533412,1.077485,0.880673
0.24329,0.57921,0.555041,1.149308,0.800506
0.24329,0.549253,0.555041,1.213896,0.741425
0.173218,0.646557,0.631771,1.286826,0.68959
0.24329,0.740936,0.737498,1.337259,0.662123
0.24329,0.691487,0.737498,1.39489,0.661
0.284837,0.691487,0.688353,1.443988,0.661
0.284837,0.691487,0.670674,1.480447,0.6624
0.284837,0.691487,0.670674,1.484421,0.682425
0.330381,0.700083,0.688997,1.484421,0.711863
0.430896,0.708545,0.672663,1.488234,0.764871
0.330381,0.708545,0.688997,1.475522,0.834692
0.330381,0.664895,0.65318,1.463233,0.917825
0.379345,0.61823,0.616251,1.438921,1.046156
0.284837,0.608599,0.595429,1.395687,1.184252
0.379345,0.559291,0.557267,1.361278,1.275166
0.330381,0.518934,0.516165,1.334755,1.333726
0.430896,0.478329,0.477093,1.305887,1.416507
0.379345,0.478329,0.476343,1.2758,1.491082
0.379345,0.398486,0.377382,1.233369,1.570625
0.430896,0.360248,0.378089,1.180222,1.662666
0.483989,0.323705,0.305883,1.171844,1.733975
0.430896,0.289192,0.288303,1.171844,1.819337
0.330381,0.272781,0.255015,1.171844,1.903025
0.430896,0.234388,0.240996,1.174672,1.978982
0.590057,0.199912,0.200722,1.198032,2.04373
0.68836,0.249281,0.243758,1.23289,2.097291
0.732354,0.163746,0.177241,1.279111,2.136853
0.772192,0.181128,0.189855,1.332042,2.163039
0.772192,0.187231,0.189855,1.393354,2.18141
0.807658,0.213225,0.216606,1.446208,2.190048
0.838755,0.249281,0.26135,1.50357,2.193258
0.838755,0.234388,0.245982,1.584688,2.193693
0.807658,0.341743,0.346152,1.649607,2.193693
0.807658,0.332663,0.328011,1.711712,2.192888
0.807658,0.350942,0.364751,1.772734,2.176881
0.807658,0.388792,0.383763,1.840284,2.157337
0.772192,0.498627,0.502638,1.90187,2.132823
0.807658,0.458098,0.462861,1.942432,2.108254
0.807658,0.478329,0.483098,1.981557,2.068357
0.807658,0.529064,0.583787,2.016972,2.01664
0.807658,0.529064,0.543874,2.049128,1.948649
0.732354,0.539175,0.542382,2.076659,1.888417
0.732354,0.56928,0.562455,2.088734,1.840434
0.732354,0.56928,0.582325,2.098633,1.768119
0.732354,0.673887,0.676624,2.109667,1.687192
0.68836,0.627773,0.657933,2.12045,1.604094
0.68836,0.637217,0.657933,2.13,1.524144
0.68836,0.627773,0.639432,2.13,1.442323
0.68836,0.61823,0.620508,2.13,1.34367
0.732354,0.61823,0.601932,2.12975,1.263956
0.640684,0.57921,0.580861,2.122066,1.177835
0.640684,0.529064,0.52067,2.10314,1.11048
0.537447,0.539175,0.539395,2.067268,1.035116
0.483989,0.559291,0.538648,2.0205,0.96525
0.379345,0.559291,0.557267,1.97638,0.907843
0.483989,0.498627,0.498127,1.914313,0.855406
0.430896,0.458098,0.456886,1.855176,0.82206
0.330381,0.508784,0.516165,1.797833,0.808995
0.330381,0.478329,0.475593,1.746622,0.808673
0.284837,0.539175,0.535657,1.69569,0.808673
0.330381,0.488471,0.495872,1.648693,0.810081
0.284837,0.549253,0.555783,1.613625,0.829748
0.379345,0.458098,0.476343,1.6135,0.858707
0.330381,0.478329,0.455394,1.6135,0.889105
0.379345,0.44803,0.456139,1.614875,0.91624
0.379345,0.398486,0.416226,1.659965,0.964882
0.330381,0.418116,0.395922,1.725709,1.027684
0.284837,0.332663,0.338704,1.75976,1.110367
0.284837,0.306179,0.338704,1.784779,1.195353
0.284837,0.213225,0.211045,1.79925,1.301775
0.430896,0.163746,0.174625,1.799312,1.409668
0.537447,0.17518,0.164053,1.799312,1.506596
0.732354,0.199912,0.215587,1.797104,1.626628
0.732354,0.241758,0.244312,1.756346,1.747732
0.772192,0.323705,0.327349,1.723518,1.855198
0.772192,0.306179,0.309727,1.701827,1.9591
0.772192,0.280912,0.292641,1.675076,2.054015
0.807658,0.350942,0.346152,1.641102,2.146337
0.772192,0.350942,0.364054,1.58129,2.243068
0.807658,0.360248,0.364751,1.512362,2.318259
0.807658,0.350942,0.364751,1.43508,2.382071
0.772192,0.529064,0.462114,1.354625,2.429143
0.772192,0.297616,0.292641,1.298261,2.438072
0.772192,0.314874,0.327349,1.222567,2.438072
0.732354,0.264796,0.275521,1.1468,2.438072
0.68836,0.306179,0.308443,1.058723,2.395651
0.640684,0.289192,0.307802,0.985043,2.335089
0.590057,0.314874,0.324706,0.90959,2.271163
0.537447,0.289192,0.289539,0.855761,2.216292
0.430896,0.289192,0.288303,0.813653,2.174868
0.330381,0.323705,0.339377,0.773187,2.091851
0.330381,0.341743,0.321418,0.760133,2.010324
0.284837,0.379182,0.357121,0.76,1.916278
0.330381,0.379182,0.357812,0.76,1.829
0.284837,0.518934,0.515414,0.764944,1.730278
0.206057,0.518934,0.513912,0.79893,1.640473
0.206057,0.549253,0.534161,0.848888,1.566094
0.284837,0.549253,0.555783,0.888485,1.52169
0.24329,0.598879,0.594704,0.930904,1.489399
0.206057,0.58908,0.593979,1.011187,1.441041
0.206057,0.608599,0.669344,1.100378,1.401226
0.144659,0.664895,0.668011,1.200023,1.362836
0.330381,0.733064,0.688997,1.302284,1.328588
0.330381,0.733064,0.722686,1.401214,1.300286
0.284837,0.791707,0.821006,1.494506,1.274346
0.330381,0.733064,0.722686,1.591742,1.251122
0.330381,0.748658,0.754029,1.686751,1.215349
0.379345,0.798325,0.783403,1.777107,1.180717
0.483989,0.784927,0.797835,1.846965,1.159396
0.483989,0.784927,0.784422,1.913852,1.1495
0.430896,0.791707,0.79735,1.955378,1.1495
0.537447,0.770891,0.78493,1.985499,1.1495
0.537447,0.784927,0.78493,1.992491,1.151733
0.537447,0.748658,0.756253,1.993601,1.175091
0.537447,0.756227,0.708613,1.993601,1.202602
0.640684,0.725038,0.709854,1.992185,1.265683
0.68836,0.716864,0.69349,1.987874,1.36922
0.590057,0.682752,0.69221,1.981785,1.474244
0.68836,0.655786,0.675965,1.9769,1.55
0.640684,0.664895,0.638739,1.968137,1.618609
0.68836,0.58908,0.581593,1.94668,1.72892
0.68836,0.559291,0.561714,1.910625,1.860854
0.772192,0.598879,0.583056,1.845436,1.966984
0.772192,0.559291,0.563195,1.774605,2.058778
0.772192,0.498627,0.502638,1.689045,2.131092
0.772192,0.44803,0.462114,1.615719,2.184135
0.772192,0.44803,0.442004,1.517505,2.228276
0.772192,0.478329,0.462114,1.42175,2.254
0.807658,0.44803,0.442746,1.323976,2.261
0.772192,0.458098,0.462114,1.219753,2.261
0.732354,0.438008,0.461366,1.128102,2.261
0.68836,0.418116,0.420617,1.064089,2.258571
0.640684,0.418116,0.400245,1.048,2.242536
0.590057,0.428033,0.419152,1.048,2.2286
0.537447,0.498627,0.498879,1.048,2.211896
0.483989,0.539175,0.538648,1.061149,2.181859
0.537447,0.488471,0.478594,1.120636,2.128883
0.483989,0.598879,0.598323,1.183155,2.071673
0.430896,0.539175,0.5379,1.251094,2.00734
0.430896,0.57921,0.558009,1.32725,1.936
0.284837,0.637217,0.633867,1.41,1.8517
0.330381,0.627773,0.634565,1.4775,1.777125
0.24329,0.673887,0.670009,1.495219,1.75566
0.284837,0.673887,0.670674,1.573587,1.65769
0.24329,0.655786,0.670009,1.641426,1.576902
0.24329,0.61823,0.614115,1.715223,1.48656
0.284837,0.56928,0.575728,1.784361,1.407285
0.24329,0.598879,0.594704,1.860215,1.314987
0.206057,0.56928,0.554298,1.91675,1.22625
0.206057,0.549253,0.534161,1.9565,1.148
0.173218,0.498627,0.492865,1.986815,1.066811
0.206057,0.418116,0.433124,1.989651,1.008251
0.173218,0.428033,0.412578,1.989651,0.947326
0.24329,0.272781,0.285841,1.989276,0.895625
0.284837,0.280912,0.270151,1.974875,0.85275
0.330381,0.234388,0.239898,1.932983,0.820521
0.483989,0.187231,0.175059,1.877076,0.784363
0.537447,0.187231,0.187553,1.817457,0.760934
0.640684,0.213225,0.214572,1.707167,0.737456
0.68836,0.280912,0.291398,1.615363,0.7276
0.590057,0.438008,0.43904,1.527185,0.7275
0.772192,0.289192,0.292641,1.4477,0.727875
0.732354,0.369665,0.363358,1.38262,0.729686
0.732354,0.341743,0.344792,1.315299,0.744971
0.732354,0.388792,0.40169,1.236405,0.778954
0.68836,0.478329,0.501135,1.174446,0.818972
0.732354,0.478329,0.481596,1.123757,0.865611
0.732354,0.498627,0.501886,1.082513,0.919068
0.732354,0.559291,0.562455,1.040404,0.994027
0.732354,0.627773,0.640126,1.004923,1.072298
0.68836,0.61823,0.639432,0.974008,1.151944
0.640684,0.655786,0.657256,0.940068,1.228796
0.640684,0.637217,0.657256,0.918663,1.328248
0.537447,0.748658,0.756253,0.914772,1.419319
0.590057,0.748658,0.741553,0.914772,1.509861
0.537447,0.756227,0.756253,0.914772,1.600158
0.590057,0.81724,0.725689,0.938311,1.686247
0.483989,0.708545,0.707992,0.990408,1.762431
0.483989,0.725038,0.724491,1.017592,1.819204
0.483989,0.691487,0.707992,1.041092,1.843297
0.483989,0.691487,0.690927,1.062125,1.843297
0.430896,0.725038,0.72389,1.083773,1.843297
0.430896,0.770891,0.755142,1.099307,1.835061
0.430896,0.756227,0.73982,1.111221,1.80175
0.379345,0.725038,0.723288,1.116263,1.747319
0.284837,0.708545,0.705499,1.133686,1.682064
0.379345,0.708545,0.723288,1.156539,1.634818
0.284837,0.700083,0.652498,1.188824,1.578422
0.206057,0.61823,0.593979,1.223035,1.51866
0.206057,0.598879,0.613402,1.275679,1.435443
0.206057,0.56928,0.554298,1.34959,1.327893
0.173218,0.559291,0.553555,1.409916,1.223936
0.24329,0.418116,0.433862,1.490604,1.119871
0.330381,0.418116,0.43534,1.562673,1.023604
0.24329,0.369665,0.356431,1.682223,0.889
0.24329,0.314874,0.3027,1.777153,0.823103
0.284837,0.306179,0.303335,1.853416,0.812956
0.284837,0.341743,0.320762,1.921112,0.813697
0.206057,0.360248,0.319453,1.968052,0.820964
0.24329,0.369665,0.356431,2.021596,0.829107
0.284837,0.341743,0.320762,2.06032,0.865865
0.379345,0.369665,0.377382,2.107201,0.938888
0.330381,0.408264,0.395922,2.144486,1.030265
0.483989,0.398486,0.359887,2.166888,1.126089
0.537447,0.379182,0.379505,2.178309,1.22263
0.483989,0.379182,0.398082,2.1786,1.321896
0.537447,0.418116,0.41842,2.1786,1.42095
0.537447,0.498627,0.498879,2.1782,1.5393
0.590057,0.478329,0.499631,2.163307,1.64308
0.537447,0.608599,0.559492,2.121696,1.755338
0.590057,0.58908,0.580129,2.074367,1.843397
0.590057,0.61823,0.619091,2.016465,1.923127
0.590057,0.58908,0.619091,1.962978,1.979308
0.640684,0.598879,0.6198,1.895111,2.02265
0.68836,0.664895,0.675965,1.788152,2.057949
0.732354,0.691487,0.694129,1.699318,2.080958
0.732354,0.664895,0.676624,1.605064,2.099053
0.732354,0.627773,0.640126,1.504828,2.109419
0.732354,0.637217,0.640126,1.459148,2.109419
0.732354,0.627773,0.640126,1.39852,2.109419
0.772192,0.637217,0.640818,1.32462,2.103952
0.68836,0.637217,0.620508,1.256178,2.077277
0.68836,0.56928,0.581593,1.199539,2.03731
0.732354,0.58908,0.601932,1.141867,1.985828
0.772192,0.468201,0.482347,1.086844,1.907316
0.772192,0.468201,0.482347,1.029843,1.824216
0.732354,0.478329,0.461366,0.94748,1.751871
0.732354,0.438008,0.441263,0.921907,1.679883
0.732354,0.398486,0.382341,0.901472,1.5954
0.732354,0.350942,0.363358,0.888628,1.536
0.68836,0.314874,0.308443,0.887838,1.536
0.732354,0.289192,0.244312,0.887838,1.522336
0.68836,0.227175,0.243758,0.892161,1.410842
0.430896,0.213225,0.212552,0.91525,1.330403
0.483989,0.17518,0.163641,0.937096,1.228013
0.430896,0.152922,0.15244,0.990577,1.107811
0.330381,0.169386,0.151665,1.051496,1.005586
0.24329,0.187231,0.197366,1.116847,0.917461
0.24329,0.187231,0.184819,1.189863,0.832766
0.284837,0.199912,0.197843,1.259378,0.768438
0.379345,0.272781,0.255586,1.348992,0.724444
0.284837,0.369665,0.414766,1.435309,0.699231
0.284837,0.379182,0.37597,1.517951,0.6871
0.206057,0.44803,0.453157,1.601793,0.6865
0.173218,0.498627,0.492865,1.670541,0.6865
0.173218,0.468201,0.472594,1.754906,0.689469
0.206057,0.478329,0.493617,1.831551,0.710996
0.206057,0.539175,0.534161,1.915636,0.757958
0.24329,0.539175,0.534909,1.9865,0.80975
0.206057,0.529064,0.534161,2.043182,0.870523
0.206057,0.559291,0.613402,2.089326,0.941069
0.284837,0.598879,0.575728,2.126144,1.024204
0.284837,0.598879,0.595429,2.147289,1.103564
0.284837,0.608599,0.595429,2.152,1.2084
0.330381,0.664895,0.671338,2.152,1.299545
0.330381,0.691487,0.671338,2.152,1.387449
0.379345,0.700083,0.689641,2.145694,1.453239
0.430896,0.627773,0.654541,2.119253,1.51105
0.430896,0.655786,0.635959,2.092141,1.547009
0.483989,0.637217,0.636655,2.072043,1.562973
0.430896,0.637217,0.635959,2.064383,1.574848
0.483989,0.608599,0.617672,2.047946,1.589474
0.430896,0.598879,0.616961,2.0256,1.5905
0.537447,0.478329,0.478594,1.980559,1.5905
0.537447,0.498627,0.478594,1.917624,1.59074
0.483989,0.438008,0.437559,1.84962,1.586091
0.68836,0.332663,0.344113,1.771347,1.565931
0.68836,0.306179,0.308443,1.661634,1.531832
0.68836,0.306179,0.308443,1.55025,1.49
0.772192,0.289192,0.292641,1.435,1.4505
0.807658,0.297616,0.276723,1.336938,1.396013
0.807658,0.314874,0.346152,1.273069,1.379627
0.807658,0.341743,0.346152,1.201497,1.378267
0.807658,0.379182,0.383763,1.138652,1.378267
0.838755,0.44803,0.443488,1.064206,1.379067
0.807658,0.44803,0.442746,0.993375,1.393359
0.838755,0.529064,0.524421,0.92402,1.422109
0.865661,0.518934,0.525171,0.869276,1.453659
0.838755,0.508784,0.524421,0.833378,1.483345
0.807658,0.539175,0.543874,0.794369,1.528534
0.807658,0.56928,0.563934,0.785472,1.5677
0.807658,0.518934,0.523671,0.785472,1.61277
0.772192,0.646557,0.659285,0.785472,1.6618
0.732354,0.716864,0.676624,0.798725,1.715014
0.732354,0.700083,0.727482,0.833873,1.775584
0.732354,0.756227,0.758463,0.889415,1.83371
0.732354,0.740936,0.758463,0.951292,1.875868
0.640684,0.725038,0.726288,1.025018,1.911164
0.590057,0.748658,0.756807,1.095749,1.940175
0.590057,0.691487,0.69221,1.180715,1.971244
0.640684,0.708545,0.726288,1.252802,1.992729
0.590057,0.740936,0.756807,1.336593,2.010871
0.483989,0.733064,0.724491,1.434347,2.027237
0.537447,0.740936,0.740976,1.526104,2.039954
0.640684,0.770891,0.75736,1.606472,2.044078
0.483989,0.673887,0.690927,1.681305,2.044078
0.537447,0.61823,0.618382,1.723202,2.044078
0.590057,0.57921,0.580129,1.800028,2.042066
0.537447,0.529064,0.539395,1.879776,2.017756
0.537447,0.478329,0.519169,1.940228,1.983193
0.537447,0.44803,0.478594,1.984842,1.937818
0.590057,0.408264,0.399524,1.995163,1.922284
0.640684,0.332663,0.307802,2.029588,1.865876
0.68836,0.280912,0.291398,2.07155,1.763328
0.68836,0.256962,0.274921,2.116619,1.638877
0.68836,0.199912,0.215079,2.137974,1.552914
0.640684,0.163746,0.176365,2.160988,1.448637
0.640684,0.169386,0.176365,2.174024,1.357574
0.732354,0.147733,0.154786,2.174815,1.246648
0.640684,0.12394,0.134011,2.174815,1.15928
0.68836,0.133036,0.134361,2.173119,1.084356
0.330381,0.158258,0.151665,2.151063,1.018687
0.330381,0.152922,0.151665,2.11705,0.973525
0.284837,0.169386,0.162001,2.067703,0.925561
0.206057,0.264796,0.253304,2.007424,0.884696
0.24329,0.272781,0.269559,1.930513,0.859119
0.206057,0.379182,0.37456,1.851875,0.854422
0.284837,0.341743,0.338704,1.788093,0.854422
0.24329,0.369665,0.356431,1.71992,0.854422
0.330381,0.379182,0.395922,1.653301,0.858234
0.430896,0.388792,0.397361,1.602732,0.879465
0.430896,0.398486,0.416957,1.588868,0.889852
0.430896,0.44803,0.436819,1.584468,0.946455
0.483989,0.478329,0.457632,1.550339,1.032439
0.590057,0.598879,0.580129,1.533118,1.128088
0.537447,0.559291,0.559492,1.516356,1.241078
0.483989,0.682752,0.673325,1.508311,1.348457
0.590057,0.646557,0.656578,1.49244,1.468667
0.68836,0.598879,0.581593,1.4765,1.597875
0.68836,0.691487,0.710473,1.463322,1.725928
0.68836,0.691487,0.675965,1.423579,1.840181
0.732354,0.673887,0.676624,1.37575,1.963125
0.772192,0.700083,0.677281,1.321996,2.066332
0.732354,0.700083,0.694129,1.253864,2.165123
0.732354,0.664895,0.694129,1.186856,2.235981
0.772192,0.655786,0.677281,1.116707,2.29309
0.772192,0.682752,0.677281,1.074646,2.314486
0.732354,0.627773,0.621216,0.977609,2.314486
0.732354,0.58908,0.601932,0.886309,2.314486
0.772192,0.61823,0.621924,0.830861,2.274165
0.732354,0.488471,0.501886,0.768678,2.209308
0.732354,0.518934,0.542382,0.729145,2.1497
0.68836,0.498627,0.52142,0.71172,2.079325
0.68836,0.478329,0.501135,0.705,2.013744
0.590057,0.478329,0.479344,0.705,1.904114
0.590057,0.518934,0.499631,0.705,1.813524
0.483989,0.498627,0.498127,0.705,1.762
0.379345,0.559291,0.557267,0.725022,1.67483
0.379345,0.539175,0.537153,0.761593,1.536546
0.379345,0.598879,0.616251,0.814257,1.389419
0.330381,0.637217,0.634565,0.887892,1.25292
0.284837,0.655786,0.614827,0.94911,1.14683
0.284837,0.598879,0.595429,1.029039,1.050174
0.24329,0.559291,0.574993,1.085523,1.016
0.24329,0.57921,0.555041,1.141091,1.016
0.284837,0.508784,0.515414,1.181379,1.016
0.24329,0.498627,0.494369,1.210041,1.02275
0.24329,0.428033,0.433862,1.22483,1.079135
0.206057,0.379182,0.37456,1.231126,1.169105
0.206057,0.379182,0.37456,1.23457,1.275786
0.206057,0.289192,0.285228,1.239823,1.372706
0.173218,0.306179,0.301432,1.254572,1.479123
0.24329,0.249281,0.253874,1.286823,1.605188
0.206057,0.169386,0.172468,1.319125,1.717
0.206057,0.152922,0.140419,1.355846,1.828074
0.173218,0.12394,0.140056,1.390782,1.922832
0.537447,0.12394,0.133315,1.432851,2.007824
0.537447,0.213225,0.20024,1.480705,2.09693
0.537447,0.163746,0.175493,1.521908,2.160425
0.537447,0.187231,0.187553,1.575896,2.221568
0.537447,0.256962,0.242098,1.62792,2.270011
0.640684,0.256962,0.258458,1.6681,2.301788
0.537447,0.272781,0.273126,1.688434,2.305706
0.537447,0.360248,0.342079,1.722923,2.305706
0.590057,0.360248,0.324706,1.795771,2.304866
0.430896,0.478329,0.436819,1.900709,2.265892
0.379345,0.518934,0.516916,1.998288,2.18954
0.379345,0.549253,0.537153,2.097491,2.108106
0.430896,0.61823,0.616961,2.140513,2.037592
0.430896,0.61823,0.616961,2.159607,1.942744
0.330381,0.664895,0.65318,2.152207,1.845708
0.430896,0.691487,0.70737,2.152207,1.743786
0.430896,0.725038,0.70737,2.147176,1.677666
0.483989,0.725038,0.724491,2.091089,1.590623
0.483989,0.784927,0.784422,2.006175,1.522756
0.430896,0.784927,0.783913,1.918971,1.472096
0.483989,0.725038,0.740399,1.837928,1.420413
0.537447,0.784927,0.770907,1.738292,1.384274
0.590057,0.798325,0.785438,1.631652,1.349454
0.590057,0.784927,0.785438,1.530013,1.339223
0.590057,0.763639,0.798804,1.435677,1.339223
0.640684,0.708545,0.726288,1.327769,1.339223
0.640684,0.708545,0.709854,1.262456,1.341111
0.640684,0.716864,0.675306,1.165733,1.350839
0.68836,0.700083,0.710473,1.062283,1.369166
0.732354,0.708545,0.711091,0.975482,1.401843
0.68836,0.691487,0.69349,0.895733,1.439534
0.732354,0.691487,0.676624,0.82806,1.478389
0.732354,0.673887,0.676624,0.782649,1.508417
0.772192,0.627773,0.640818,0.765133,1.536189
0.732354,0.627773,0.640126,0.765133,1.566525
0.68836,0.56928,0.581593,0.765133,1.599353
0.772192,0.549253,0.543128,0.771122,1.604571
0.772192,0.529064,0.543128,0.828438,1.604571
0.732354,0.44803,0.441263,0.910373,1.604571
0.68836,0.438008,0.440522,0.996162,1.586744
0.68836,0.398486,0.381631,1.053872,1.561917
0.590057,0.369665,0.361274,1.141898,1.51555
0.590057,0.341743,0.361274,1.234708,1.451878
0.590057,0.306179,0.290158,1.318028,1.382754
0.483989,0.289192,0.305883,1.4143,1.297
0.483989,0.264796,0.305883,1.461,1.255
0.430896,0.264796,0.271934,1.545061,1.185747
0.379345,0.241758,0.240447,1.686657,1.07937
0.330381,0.241758,0.239898,1.794756,1.026923
0.284837,0.213225,0.211045,1.889505,1.0238
0.24329,0.199912,0.184819,1.960269,1.025
0.206057,0.163746,0.172468,2.036456,1.025
0.24329,0.169386,0.161593,2.119691,1.056095
0.284837,0.152922,0.162001,2.18293,1.128501
0.206057,0.14269,0.130901,2.225482,1.211639
0.284837,0.111301,0.114114,2.25694,1.311202
0.537447,0.107345,0.107595,2.278423,1.427197
0.640684,0.12394,0.11626,2.281779,1.544793
0.68836,0.12394,0.125194,2.281779,1.64607
0.732354,0.12394,0.125524,2.280608,1.753036
0.772192,0.199912,0.189855,2.253825,1.88383
0.772192,0.199912,0.202659,2.205869,2.002042
0.807658,0.193493,0.203145,2.139683,2.109078
0.807658,0.264796,0.26077,2.088262,2.165102
0.807658,0.280912,0.276723,2.005778,2.1985
0.838755,0.297616,0.311015,1.935292,2.1985
0.807658,0.408264,0.403136,1.85176,2.1985
0.807658,0.398486,0.403136,1.777428,2.184526
0.807658,0.408264,0.422817,1.762,2.173
0.807658,0.438008,0.442746,1.74998,2.133298
0.772192,0.458098,0.462114,1.714625,2.033375
0.772192,0.529064,0.543128,1.694055,1.964234
0.772192,0.61823,0.621924,1.663979,1.836222
0.732354,0.57921,0.582325,1.631431,1.685326
0.68836,0.664895,0.657933,1.604398,1.525143
0.640684,0.646557,0.657256,1.584808,1.390263
0.640684,0.691487,0.69285,1.5659,1.240053
0.590057,0.740936,0.741553,1.5408,1.096908
0.537447,0.740936,0.740976,1.487507,0.9912
0.640684,0.725038,0.742129,1.46039,0.905323
0.640684,0.748658,0.742129,1.416722,0.855221
0.68836,0.740936,0.799769,1.361266,0.824786
0.640684,0.756227,0.75736,1.309091,0.82081
0.640684,0.770891,0.75736,1.236861,0.82081
0.590057,0.756227,0.756807,1.164746,0.82281
0.590057,0.756227,0.756807,1.126793,0.849177
0.590057,0.725038,0.725689,1.066996,0.897539
0.640684,0.725038,0.709854,1.027027,0.966226
0.590057,0.646557,0.638045,0.994227,1.029868
0.483989,0.598879,0.578663,0.949295,1.099727
0.430896,0.57921,0.558009,0.885804,1.183688
0.483989,0.478329,0.498127,0.843,1.27675
0.483989,0.458098,0.457632,0.806,1.36425
0.379345,0.438008,0.436079,0.774,1.450233
0.330381,0.360248,0.357812,0.774,1.52134
0.284837,0.360248,0.357121,0.774,1.577556
0.330381,0.289192,0.287071,0.782443,1.639711
0.284837,0.314874,0.270151,0.820678,1.681253
0.284837,0.272781,0.270151,0.890386,1.718353
0.330381,0.199912,0.185727,0.980411,1.739409
0.284837,0.163746,0.162001,1.079968,1.748422
0.24329,0.152922,0.150893,1.192827,1.748792
0.24329,0.152922,0.150893,1.278524,1.749087
0.24329,0.133036,0.161593,1.398591,1.750911
0.24329,0.158258,0.161593,1.493236,1.751
0.24329,0.169386,0.161593,1.526373,1.751321
0.206057,0.169386,0.172468,1.674735,1.754198
0.24329,0.306179,0.3027,1.775776,1.76987
0.173218,0.306179,0.301432,1.869127,1.796305
0.24329,0.332663,0.320107,1.984903,1.834765
0.206057,0.379182,0.355741,2.043564,1.866645
0.24329,0.369665,0.375265,2.064497,1.933163
0.206057,0.44803,0.453157,2.065463,2.001974
0.173218,0.539175,0.533412,2.065463,2.066149
0.206057,0.539175,0.554298,2.065021,2.125201
0.284837,0.57921,0.575728,2.04586,2.173538
0.24329,0.61823,0.614115,2.014925,2.213237
0.24329,0.664895,0.670009,1.941842,2.265103
0.284837,0.673887,0.652498,1.835625,2.295625
0.284837,0.673887,0.688353,1.763752,2.323155
0.330381,0.708545,0.706123,1.698266,2.353512
0.430896,0.804788,0.810154,1.657022,2.375455
0.483989,0.763639,0.755698,1.586371,2.379532
0.430896,0.740936,0.755142,1.481207,2.379532
0.483989,0.784927,0.784422,1.389788,2.379532
0.537447,0.784927,0.78493,1.305923,2.37307
0.537447,0.82323,0.823205,1.217215,2.33889
0.640684,0.845652,0.846398,1.149407,2.284709
0.640684,0.834745,0.846398,1.049072,2.215493
0.590057,0.804788,0.811537,0.919231,2.121799
0.640684,0.804788,0.799287,0.880346,2.008025
0.640684,0.811092,0.799287,0.853516,1.901898
0.640684,0.777988,0.785944,0.841858,1.776296
0.640684,0.756227,0.75736,0.841,1.677
0.732354,0.725038,0.727482,0.841,1.598381
0.732354,0.691487,0.694129,0.841232,1.465959
0.772192,0.682752,0.677281,0.849162,1.370023
0.772192,0.700083,0.694767,0.881544,1.26407
0.772192,0.691487,0.677281,0.9005,1.238675
0.772192,0.664895,0.659285,0.903022,1.238675
0.772192,0.664895,0.659285,0.913655,1.238675
0.838755,0.673887,0.678595,0.963637,1.244755
0.807658,0.664895,0.659961,0.97691,1.255982
0.838755,0.637217,0.642201,0.99275,1.26525
0.807658,0.673887,0.659961,0.994,1.266
0.807658,0.655786,0.659961,1.01025,1.271625
0.772192,0.664895,0.677281,1.036635,1.285528
0.68836,0.608599,0.601211,1.084333,1.315717
0.732354,0.598879,0.601932,1.106849,1.325839
0.640684,0.646557,0.657256,1.204532,1.342471
0.537447,0.646557,0.6559,1.331817,1.369824
0.590057,0.598879,0.599768,1.392929,1.391793
0.483989,0.637217,0.617672,1.484125,1.416485
0.483989,0.664895,0.707992,1.607722,1.438625
0.483989,0.637217,0.636655,1.730255,1.498893
0.379345,0.598879,0.596877,1.831581,1.60167
0.379345,0.57921,0.616251,1.90261,1.695653
0.284837,0.598879,0.595429,1.97039,1.800407
0.284837,0.57921,0.575728,2.028916,1.885345
0.24329,0.508784,0.494369,2.059315,1.953837
0.330381,0.478329,0.475593,2.100843,1.969444
0.284837,0.438008,0.434601,2.144804,1.969444
0.24329,0.408264,0.394485,2.177277,1.969444
0.24329,0.341743,0.33803,2.194995,1.94087
0.206057,0.341743,0.355741,2.198125,1.8632
0.206057,0.289192,0.285228,2.198488,1.775255
0.379345,0.227175,0.225932,2.198488,1.662761
0.330381,0.187231,0.211547,2.196157,1.537128
0.24329,0.187231,0.224358,2.190063,1.413094
0.330381,0.133036,0.141511,2.170715,1.326661
0.330381,0.12394,0.131931,2.133128,1.233519
0.379345,0.133036,0.132276,2.109426,1.144689
0.430896,0.133036,0.132621,2.07975,1.047625
0.537447,0.17518,0.142979,2.042173,0.949493
0.537447,0.199912,0.21356,1.973104,0.864558
0.483989,0.272781,0.256732,1.897466,0.806889
0.537447,0.297616,0.289539,1.800923,0.753786
0.590057,0.332663,0.361274,1.747969,0.729146
0.590057,0.350942,0.342757,1.628392,0.682531
0.537447,0.398486,0.41842,1.507125,0.65825
0.537447,0.458098,0.458378,1.402967,0.657
0.430896,0.539175,0.5379,1.269237,0.657
0.430896,0.637217,0.635959,1.144116,0.657276
0.430896,0.646557,0.654541,1.039312,0.682176
0.483989,0.61823,0.636655,0.958625,0.7175
0.430896,0.725038,0.72389,0.913297,0.751378
0.430896,0.756227,0.755142,0.887619,0.809031
0.483989,0.708545,0.724491,0.865093,0.885714
0.430896,0.708545,0.70737,0.8362,0.984063
0.537447,0.733064,0.740976,0.817887,1.077229
0.537447,0.733064,0.72509,0.798329,1.199679
0.640684,0.716864,0.726288,0.779564,1.327008
0.537447,0.708545,0.708613,0.758021,1.452731
0.590057,0.691487,0.709234,0.725938,1.558984
0.537447,0.664895,0.63735,0.662125,1.6715
0.590057,0.58908,0.599768,0.635649,1.744251
0.68836,0.539175,0.561714,0.625929,1.774154
0.68836,0.518934,0.52142,0.627609,1.773884
0.732354,0.508784,0.501886,0.629498,1.77358
0.772192,0.478329,0.502638,0.631388,1.773276
0.772192,0.498627,0.502638,0.658871,1.73588
0.732354,0.529064,0.582325,0.710502,1.663607
0.807658,0.488471,0.523671,0.773042,1.578278
0.807658,0.559291,0.543874,0.801298,1.541129
0.807658,0.598879,0.603372,0.865722,1.467647
0.807658,0.57921,0.603372,0.96395,1.369242
0.807658,0.637217,0.64151,1.09275,1.256437
0.732354,0.627773,0.640126,1.222324,1.157276
0.807658,0.655786,0.64151,1.333894,1.078346
0.772192,0.664895,0.640818,1.430398,1.019419
0.772192,0.682752,0.711708,1.551769,0.981747
0.732354,0.725038,0.711091,1.671647,0.981347
0.68836,0.725038,0.726885,1.786221,0.981347
0.68836,0.740936,0.757912,1.86845,0.986201
0.68836,0.756227,0.757912,1.950405,1.02597
0.68836,0.740936,0.757912,2.026253,1.074437
0.640684,0.733064,0.742129,2.126134,1.142739
0.732354,0.748658,0.743278,2.184993,1.237912
0.732354,0.770891,0.773024,2.228422,1.336191
0.772192,0.716864,0.728077,2.2627,1.451589
