0.721536,0.691987,0.703791,0.434541,1.243299
0.721536,0.744306,0.721466,0.590208,1.657098
0.721536,0.718889,0.721466,0.595267,1.657098
0.721536,0.718889,0.721466,0.59705,1.655098
0.721536,0.744306,0.738477,0.598693,1.634854
0.721536,0.727528,0.721466,0.60982,1.619753
0.721536,0.736002,0.721466,0.612,1.585853
0.721536,0.727528,0.738477,0.613213,1.562213
0.721536,0.701113,0.721466,0.615269,1.561
0.762255,0.727528,0.722108,0.616332,1.561
0.6768,0.727528,0.720823,0.616415,1.567906
0.6768,0.752436,0.720823,0.61839,1.582161
0.721536,0.718889,0.721466,0.622189,1.583773
0.721536,0.701113,0.721466,0.622871,1.585573
0.798681,0.710081,0.705122,0.622411,1.588694
0.721536,0.718889,0.721466,0.622138,1.594504
0.762255,0.682713,0.686173,0.622264,1.602853
0.798681,0.644182,0.648586,0.622034,1.616943
0.762255,0.654016,0.647857,0.622108,1.668887
0.762255,0.603692,0.5657,0.62261,1.751793
0.798681,0.613974,0.628667,0.625939,1.849956
0.798681,0.540374,0.480564,0.65142,1.948109
0.798681,0.582863,0.587551,0.683844,2.0072
0.798681,0.561729,0.566485,0.688444,2.087149
0.798681,0.551073,0.545176,0.704554,2.175969
0.798681,0.475721,0.480564,0.720406,2.245029
0.798681,0.422368,0.437716,0.751864,2.300156
0.798681,0.401458,0.395778,0.85199,2.351456
0.830765,0.341091,0.356051,0.932643,2.366715
0.858641,0.285472,0.299783,1.032959,2.372541
0.830765,0.268192,0.264214,1.117212,2.3735
0.830765,0.251587,0.264214,1.233925,2.3747
0.762255,0.166834,0.175298,1.362002,2.375
0.721536,0.149599,0.151307,1.513743,2.3672
0.628577,0.128932,0.12972,1.645084,2.358187
0.577649,0.138943,0.139397,1.723017,2.3328
0.275918,0.119541,0.109246,1.824869,2.311432
0.23545,0.12416,0.108935,1.913917,2.297334
0.23545,0.128932,0.12686,1.995546,2.263904
0.167456,0.144189,0.195062,2.116859,2.148296
0.199283,0.192236,0.195565,2.195821,1.96622
0.167456,0.27675,0.27174,2.20725,1.8435
0.199283,0.259803,0.255604,2.224294,1.793
0.23545,0.285472,0.290472,2.226522,1.723473
0.199283,0.29436,0.307899,2.20994,1.559717
0.167456,0.411871,0.405759,2.199,1.41194
0.199283,0.454246,0.427514,2.182414,1.352289
0.23545,0.432936,0.428297,2.140672,1.3135
0.167456,0.432936,0.426732,2.090234,1.24164
0.199283,0.551073,0.513323,2.031562,1.14811
0.199283,0.634229,0.658719,1.97615,1.072731
0.199283,0.691987,0.677852,1.908054,0.978908
0.23545,0.701113,0.697083,1.850754,0.909073
0.275918,0.682713,0.697757,1.769343,0.858937
0.199283,0.760391,0.764147,1.661142,0.845474
0.275918,0.701113,0.715646,1.568432,0.831279
0.320426,0.811077,0.809093,1.488297,0.798625
0.419254,0.811077,0.79644,1.411952,0.78
0.419254,0.797488,0.79644,1.289721,0.78
0.471818,0.783187,0.782631,1.215995,0.78
0.471818,0.797488,0.782631,1.1743,0.818905
0.577649,0.736002,0.768726,1.130205,0.877033
0.525014,0.783187,0.783174,1.082105,0.933587
0.471818,0.701113,0.700448,1.054443,1.003577
0.525014,0.744306,0.736,0.997003,1.067098
0.628577,0.760391,0.769294,0.911365,1.150286
0.628577,0.752436,0.769294,0.851884,1.231847
0.577649,0.718889,0.719534,0.846,1.310961
0.628577,0.673287,0.684104,0.846,1.41032
0.721536,0.718889,0.721466,0.844191,1.52001
0.798681,0.634229,0.648586,0.840019,1.583875
0.762255,0.624156,0.627921,0.840019,1.651315
0.762255,0.582863,0.586776,0.83865,1.711002
0.721536,0.613974,0.606777,0.841102,1.840552
0.762255,0.634229,0.627921,0.841597,1.963481
0.762255,0.561729,0.5657,0.841597,2.063276
0.762255,0.49729,0.522902,0.861443,2.102365
0.798681,0.454246,0.459064,0.927763,2.149858
0.798681,0.475721,0.480564,0.9879,2.242272
0.762255,0.432936,0.436929,1.025014,2.33839
0.830765,0.360756,0.356051,1.05798,2.427099
0.762255,0.331454,0.335087,1.110448,2.47114
0.830765,0.303407,0.317518,1.197125,2.476
0.830765,0.285472,0.299113,1.312948,2.481161
0.798681,0.268192,0.263593,1.430553,2.492899
0.798681,0.220482,0.21647,1.524412,2.496124
0.798681,0.18562,0.188619,1.61746,2.491235
0.762255,0.18562,0.175298,1.726047,2.4885
0.762255,0.133857,0.140939,1.7945,2.4885
0.798681,0.106567,0.121642,1.837697,2.44037
0.762255,0.110746,0.112396,1.85886,2.309318
0.577649,0.119541,0.111127,1.884184,2.228002
0.525014,0.133857,0.102587,1.921155,2.141401
0.471818,0.138943,0.110497,1.971453,2.027541
0.368461,0.155173,0.159703,2.062177,1.912686
0.275918,0.213151,0.210564,2.10199,1.775685
0.23545,0.192236,0.196068,2.110434,1.66876
0.275918,0.29436,0.273642,2.112618,1.557
0.199283,0.303407,0.307899,2.123604,1.395604
0.23545,0.341091,0.346579,2.134407,1.264017
0.23545,0.411871,0.407302,2.120267,1.212321
0.167456,0.422368,0.405759,2.101412,1.106363
0.167456,0.529633,0.512524,2.089603,1.006117
0.167456,0.518865,0.512524,2.043871,0.953421
0.199283,0.582863,0.556251,1.940875,0.929937
0.199283,0.66372,0.658719,1.862969,0.912915
0.167456,0.691987,0.658,1.79987,0.87554
0.199283,0.66372,0.677852,1.723329,0.820109
0.23545,0.752436,0.732256,1.647774,0.7905
0.275918,0.752436,0.749439,1.478806,0.7905
0.320426,0.752436,0.750039,1.381874,0.7905
0.419254,0.682713,0.699776,1.308266,0.833125
0.471818,0.752436,0.751833,1.262226,0.882969
0.525014,0.783187,0.768157,1.214734,0.973519
0.525014,0.768165,0.783174,1.152383,1.020942
0.525014,0.718889,0.736,1.03977,1.10965
0.525014,0.736002,0.736,0.985125,1.17825
0.525014,0.744306,0.736,0.918746,1.290241
0.628577,0.682713,0.684104,0.880774,1.432805
0.577649,0.66372,0.664446,0.865904,1.541589
0.6768,0.682713,0.684794,0.863373,1.640745
0.628577,0.644182,0.625677,0.863373,1.708159
0.6768,0.634229,0.646397,0.866898,1.759772
0.721536,0.654016,0.647127,0.901126,1.766721
0.721536,0.644182,0.647127,0.982125,1.776711
0.721536,0.603692,0.586001,1.084193,1.791364
0.6768,0.561729,0.585225,1.187776,1.800785
0.6768,0.551073,0.564128,1.296538,1.844223
0.577649,0.454246,0.476575,1.37803,1.89847
0.6768,0.432936,0.393486,1.474417,1.938212
0.577649,0.370768,0.351665,1.595,1.954867
0.6768,0.341091,0.353124,1.743476,1.972845
0.628577,0.303407,0.314064,1.814186,2.008858
0.471818,0.259803,0.259272,1.838625,2.05
0.419254,0.213151,0.212163,1.860419,2.070293
0.368461,0.179185,0.171631,1.89027,2.1055
0.368461,0.172922,0.184254,1.948442,2.1055
0.320426,0.172922,0.183774,1.962418,2.1055
0.275918,0.166834,0.158847,1.967,2.057094
0.320426,0.213151,0.211096,1.967,1.929358
0.275918,0.213151,0.210564,1.966625,1.803358
0.199283,0.303407,0.289814,1.959746,1.6792
0.320426,0.331454,0.328706,1.912569,1.629448
0.320426,0.411871,0.408846,1.805062,1.535527
0.368461,0.464965,0.473386,1.702808,1.332694
0.320426,0.529633,0.515719,1.66405,1.199048
0.23545,0.593321,0.578223,1.644948,1.088675
0.23545,0.613974,0.619667,1.60525,0.990344
0.275918,0.691987,0.697757,1.52902,0.921047
0.368461,0.727528,0.734132,1.444373,0.840718
0.320426,0.736002,0.750039,1.371034,0.796767
0.368461,0.823952,0.82254,1.282628,0.795814
0.419254,0.811077,0.79644,1.210302,0.795814
0.525014,0.830128,0.847599,1.142984,0.797105
0.471818,0.811077,0.81057,1.053017,0.847147
0.525014,0.823952,0.81106,0.997566,0.948387
0.577649,0.775765,0.768726,0.987227,1.061005
0.577649,0.783187,0.768726,0.954942,1.159379
0.628577,0.752436,0.753618,0.869964,1.277054
0.6768,0.744306,0.737859,0.817341,1.404194
0.721536,0.736002,0.738477,0.788079,1.526665
0.762255,0.727528,0.739094,0.788079,1.657836
0.721536,0.624156,0.627173,0.788079,1.79789
0.762255,0.613974,0.627921,0.79576,1.888952
0.798681,0.624156,0.648586,0.821212,1.973949
0.798681,0.593321,0.587551,0.836375,2.052377
0.762255,0.551073,0.544383,0.8618,2.141439
0.798681,0.551073,0.566485,0.92575,2.2015
0.798681,0.551073,0.480564,1.005612,2.211665
0.830765,0.454246,0.481362,1.156927,2.221389
0.762255,0.380896,0.395013,1.230776,2.237843
0.762255,0.401458,0.415819,1.30568,2.238541
0.762255,0.303407,0.316134,1.405358,2.223564
0.798681,0.251587,0.263593,1.528617,2.219429
0.762255,0.268192,0.262973,1.623677,2.218543
0.721536,0.259803,0.262354,1.709084,2.171694
0.628577,0.235681,0.229203,1.787785,2.096556
0.628577,0.19903,0.186669,1.83803,2.031927
0.577649,0.160918,0.15008,1.947071,1.941016
0.525014,0.155173,0.160994,2.0381,1.902739
0.525014,0.138943,0.213234,2.062881,1.834877
0.320426,0.166834,0.171177,2.081482,1.622828
0.23545,0.18562,0.182817,2.100586,1.575908
0.199283,0.213151,0.209503,2.11997,1.439814
0.199283,0.220482,0.209503,2.134419,1.328951
0.23545,0.312609,0.30858,2.134419,1.2863
0.23545,0.321957,0.327297,2.129814,1.235933
0.199283,0.370768,0.365637,2.106673,1.179274
0.167456,0.422368,0.426732,2.076575,1.11788
0.139823,0.432936,0.42595,1.991098,1.068883
0.139823,0.443565,0.447181,1.95972,1.050628
0.199283,0.486499,0.491746,1.899469,1.031739
0.23545,0.551073,0.55704,1.726516,1.028053
0.23545,0.551073,0.55704,1.632936,0.99809
0.23545,0.508079,0.514122,1.602317,0.987679
0.275918,0.603692,0.579003,1.548367,0.989443
0.275918,0.682713,0.557829,1.470457,1.001441
0.320426,0.66372,0.660872,1.408518,1.02341
0.275918,0.811077,0.808598,1.315055,1.110235
0.471818,0.673287,0.682027,1.278448,1.147605
0.471818,0.701113,0.700448,1.254952,1.163659
0.525014,0.701113,0.68272,1.183303,1.208664
0.525014,0.701113,0.68272,1.101975,1.297575
0.577649,0.654016,0.664446,1.066379,1.394064
0.628577,0.613974,0.625677,1.022981,1.554078
0.721536,0.644182,0.647127,1.002739,1.63218
0.628577,0.603692,0.584448,0.95986,1.727709
0.6768,0.582863,0.585225,0.916247,1.829175
0.721536,0.561729,0.564914,0.915575,1.922947
0.762255,0.529633,0.544383,0.915575,1.988968
0.721536,0.551073,0.564914,0.915575,2.0383
0.798681,0.508079,0.502136,0.950539,2.097068
0.798681,0.432936,0.459064,1.001674,2.151064
0.798681,0.464965,0.480564,1.074646,2.216929
0.798681,0.370768,0.37533,1.13665,2.282352
0.762255,0.411871,0.436929,1.217503,2.314142
0.830765,0.341091,0.356051,1.293168,2.314142
0.798681,0.312609,0.335799,1.325931,2.314142
0.798681,0.303407,0.316826,1.330625,2.287153
0.798681,0.27675,0.263593,1.346761,2.224885
0.762255,0.251587,0.262973,1.370165,2.155753
0.762255,0.268192,0.280043,1.423396,2.084802
0.6768,0.243548,0.2454,1.48225,2.009365
0.6768,0.251587,0.214848,1.512594,1.934683
0.628577,0.227993,0.229203,1.515189,1.833136
0.577649,0.243548,0.260502,1.515189,1.70212
0.525014,0.27675,0.259886,1.514651,1.554965
0.471818,0.259803,0.259272,1.5125,1.5
0.471818,0.411871,0.411167,1.5125,1.467011
0.419254,0.401458,0.410393,1.517328,1.339803
0.471818,0.432936,0.411167,1.56216,1.151031
0.368461,0.49729,0.494942,1.592571,1.001852
0.368461,0.540374,0.559405,1.612131,0.832306
0.368461,0.624156,0.642,1.654144,0.725236
0.368461,0.613974,0.642,1.722614,0.665393
0.320426,0.682713,0.660872,1.813236,0.66519
0.320426,0.718889,0.698431,1.929848,0.66519
0.23545,0.691987,0.794359,1.9781,0.66644
0.275918,0.701113,0.697757,2.080807,0.692227
0.23545,0.673287,0.659438,2.13712,0.747227
0.23545,0.654016,0.659438,2.215987,0.846757
0.199283,0.682713,0.658719,2.262283,1.008914
0.199283,0.66372,0.658719,2.268025,1.15775
0.199283,0.691987,0.677852,2.270664,1.239205
0.199283,0.582863,0.598354,2.27119,1.368989
0.167456,0.561729,0.576663,2.27044,1.506133
0.23545,0.360756,0.366379,2.27044,1.63125
0.23545,0.401458,0.407302,2.25286,1.744362
0.199283,0.321957,0.326593,2.181642,1.80539
0.199283,0.285472,0.289814,2.063146,1.897217
0.167456,0.259803,0.238946,1.976018,2.0149
0.167456,0.235681,0.238946,1.8693,2.092306
0.23545,0.19903,0.210033,1.828407,2.132056
0.419254,0.172922,0.184735,1.639787,2.288318
0.471818,0.179185,0.138632,1.512642,2.293746
0.525014,0.213151,0.213234,1.387358,2.293746
0.6768,0.243548,0.2454,1.301252,2.292589
0.6768,0.251587,0.314754,1.225435,2.280318
0.721536,0.259803,0.297106,1.0677,2.251569
0.721536,0.341091,0.315444,0.97944,2.177949
0.798681,0.391128,0.395778,0.869993,2.111797
0.798681,0.401458,0.416596,0.860875,2.017084
0.762255,0.432936,0.436929,0.852242,1.899957
0.762255,0.464965,0.479766,0.836902,1.789795
0.721536,0.486499,0.478968,0.8265,1.681581
0.6768,0.551073,0.542796,0.810773,1.536683
0.6768,0.518865,0.521307,0.808091,1.414623
0.6768,0.613974,0.606013,0.808091,1.294612
0.6768,0.634229,0.646397,0.824021,1.206499
0.577649,0.760391,0.736621,0.867,1.051384
0.577649,0.727528,0.701788,0.867537,0.922927
0.525014,0.752436,0.736,0.881263,0.908
0.471818,0.744306,0.751833,0.97099,0.863941
0.525014,0.768165,0.783174,1.161125,0.699776
0.525014,0.797488,0.81106,1.24228,0.673273
0.419254,0.823952,0.810078,1.340877,0.665883
0.320426,0.811077,0.83435,1.457254,0.663
0.419254,0.752436,0.810078,1.578928,0.666906
0.419254,0.752436,0.734756,1.685188,0.674278
0.368461,0.783187,0.766444,1.82226,0.698139
0.320426,0.752436,0.733508,1.929885,0.740751
0.275918,0.783187,0.732882,2.010786,0.806059
0.320426,0.727528,0.733508,2.085901,0.907084
0.320426,0.701113,0.698431,2.125182,1.022443
0.23545,0.654016,0.639792,2.167711,1.147695
0.275918,0.644182,0.620421,2.236237,1.282758
0.275918,0.624156,0.620421,2.2904,1.413082
0.23545,0.561729,0.55704,2.304801,1.484376
0.167456,0.572329,0.576663,2.325406,1.623606
0.199283,0.486499,0.470198,2.3269,1.734329
0.167456,0.411871,0.405759,2.323561,1.899923
0.167456,0.432936,0.426732,2.301274,2.008892
0.23545,0.303407,0.290472,2.262197,2.155885
0.167456,0.29436,0.27174,2.165469,2.212501
0.275918,0.285472,0.291132,2.04161,2.264553
0.23545,0.18562,0.170271,1.900701,2.270152
0.275918,0.149599,0.137112,1.8461,2.268952
0.275918,0.128932,0.137112,1.709271,2.245191
0.275918,0.144189,0.137112,1.614306,2.231574
0.320426,0.149599,0.137491,1.512496,2.208715
0.471818,0.160918,0.149266,1.453688,2.155793
0.471818,0.128932,0.138632,1.376129,2.1064
0.6768,0.220482,0.214848,1.366659,2.007777
0.721536,0.220482,0.230334,1.366659,1.879259
0.628577,0.285472,0.295772,1.36787,1.749014
0.628577,0.29436,0.295772,1.377607,1.625121
0.577649,0.331454,0.332243,1.386548,1.466983
0.577649,0.380896,0.37159,1.397421,1.359596
0.628577,0.411871,0.372337,1.403197,1.201768
0.471818,0.411871,0.411167,1.404297,1.107181
0.368461,0.613974,0.601424,1.402134,0.991354
0.419254,0.582863,0.581339,1.390203,0.869333
0.419254,0.634229,0.642735,1.354312,0.802552
0.320426,0.682713,0.660872,1.290163,0.793881
0.368461,0.701113,0.699104,1.231908,0.791625
0.368461,0.710081,0.716946,1.181175,0.791981
0.419254,0.744306,0.734756,1.099507,0.793215
0.368461,0.768165,0.766444,1.027274,0.794653
0.471818,0.768165,0.782631,0.994114,0.834743
0.419254,0.790429,0.79644,0.977208,0.940356
0.419254,0.811077,0.823006,0.973759,1.058998
0.525014,0.83613,0.83611,0.950739,1.16813
0.471818,0.823952,0.823471,0.934875,1.262
0.525014,0.783187,0.768157,0.863681,1.376545
0.577649,0.768165,0.768726,0.823025,1.51992
0.577649,0.718889,0.719534,0.822867,1.658174
0.628577,0.768165,0.753618,0.822867,1.779737
0.6768,0.736002,0.720823,0.82452,1.892669
0.577649,0.682713,0.683412,0.836224,1.932717
0.628577,0.654016,0.665159,0.854234,2.012884
0.721536,0.603692,0.606777,0.864773,2.117264
0.721536,0.624156,0.606777,0.893837,2.209785
0.798681,0.540374,0.545176,0.957651,2.249623
0.798681,0.561729,0.480564,1.047003,2.25
0.798681,0.443565,0.437716,1.122561,2.25
0.798681,0.464965,0.459064,1.1751,2.2553
0.798681,0.411871,0.37533,1.243125,2.257
0.762255,0.370768,0.354586,1.27924,2.2527
0.798681,0.27675,0.280688,1.310123,2.239246
0.798681,0.227993,0.247181,1.332397,2.227148
0.762255,0.227993,0.215928,1.385628,2.21129
0.721536,0.206002,0.201157,1.405125,2.160279
0.6768,0.18562,0.200644,1.424046,2.065411
0.6768,0.18562,0.187155,1.438652,1.956875
0.628577,0.227993,0.229203,1.450013,1.825722
0.628577,0.29436,0.295772,1.479391,1.686371
0.6768,0.331454,0.314754,1.48,1.577725
0.577649,0.35086,0.351665,1.48,1.476737
0.525014,0.370768,0.370843,1.481585,1.362746
0.471818,0.432936,0.432216,1.48634,1.160127
0.525014,0.454246,0.454305,1.48634,0.998509
0.471818,0.529633,0.518114,1.494339,0.913574
0.419254,0.582863,0.560193,1.525977,0.852944
0.419254,0.624156,0.622677,1.586282,0.790772
0.419254,0.603692,0.622677,1.674333,0.708183
0.320426,0.654016,0.679943,1.785887,0.620811
0.368461,0.710081,0.716946,1.912241,0.530984
0.368461,0.718889,0.699104,1.963547,0.525646
0.275918,0.682713,0.660156,2.041646,0.525646
0.275918,0.752436,0.749439,2.102548,0.530984
0.275918,0.811077,0.749439,2.166422,0.651705
0.275918,0.727528,0.715646,2.2454,0.7425
0.199283,0.66372,0.677852,2.331314,0.816232
0.23545,0.710081,0.697083,2.399212,0.90905
0.199283,0.682713,0.677852,2.41445,1.031144
0.275918,0.66372,0.679247,2.41445,1.145548
0.23545,0.654016,0.639792,2.414235,1.267481
0.167456,0.613974,0.597586,2.404034,1.400244
0.167456,0.603692,0.597586,2.40292,1.463357
0.139823,0.551073,0.53326,2.402796,1.54881
0.167456,0.518865,0.490946,2.400436,1.809022
0.139823,0.454246,0.447181,2.395757,1.924294
0.139823,0.401458,0.404988,2.395,1.989984
0.139823,0.422368,0.404988,2.326589,2.059374
0.139823,0.312609,0.325188,2.218375,2.132
0.139823,0.268192,0.25439,2.12848,2.201424
0.199283,0.220482,0.224158,2.048505,2.277876
0.199283,0.19903,0.209503,1.964806,2.297603
0.275918,0.192236,0.183295,1.877147,2.306138
0.368461,0.172922,0.171631,1.665006,2.32125
0.320426,0.149599,0.137491,1.56136,2.346114
0.23545,0.133857,0.12686,1.485875,2.354213
0.368461,0.119541,0.094087,1.377618,2.367246
0.525014,0.12416,0.139014,1.275616,2.367246
0.628577,0.160918,0.186669,1.231896,2.367246
0.628577,0.19903,0.186669,1.1234,2.2388
0.6768,0.206002,0.187155,1.09315,2.002495
0.798681,0.213151,0.21647,1.06427,1.922869
0.798681,0.259803,0.263593,1.016903,1.83441
0.798681,0.251587,0.247181,0.96473,1.743305
0.721536,0.380896,0.373832,0.96473,1.738557
0.721536,0.360756,0.353855,0.906782,1.675174
0.721536,0.341091,0.353855,0.886,1.552816
0.721536,0.401458,0.415043,0.886,1.470392
0.721536,0.454246,0.436143,0.886,1.301871
0.6768,0.486499,0.47817,0.905754,1.172435
0.6768,0.540374,0.564128,0.937048,1.055681
0.6768,0.66372,0.646397,0.961803,0.935188
0.628577,0.691987,0.665159,0.986558,0.814695
0.628577,0.644182,0.665159,1.007287,0.745722
0.628577,0.682713,0.665159,1.0724,0.707806
0.577649,0.701113,0.753024,1.209819,0.659061
0.471818,0.797488,0.782631,1.253033,0.645385
0.577649,0.760391,0.768726,1.411754,0.643178
0.525014,0.768165,0.768157,1.543018,0.643178
0.419254,0.804372,0.79644,1.675317,0.645651
0.419254,0.804372,0.79644,1.774544,0.658666
0.419254,0.775765,0.751236,1.861524,0.703005
0.419254,0.775765,0.782086,1.940735,0.761994
0.368461,0.760391,0.750638,2.003133,0.849937
0.23545,0.691987,0.67855,2.071875,0.918587
0.199283,0.701113,0.677852,2.132821,0.963492
0.23545,0.66372,0.599122,2.165818,1.189018
0.23545,0.634229,0.639792,2.165818,1.301841
0.275918,0.582863,0.59989,2.165818,1.352163
0.199283,0.603692,0.577443,2.122057,1.505376
0.199283,0.508079,0.513323,2.078182,1.619118
0.199283,0.454246,0.448762,2.010517,1.705539
0.23545,0.454246,0.428297,1.925505,1.818307
0.275918,0.380896,0.367121,1.903974,1.897175
0.320426,0.35086,0.367864,1.870467,1.987956
0.320426,0.243548,0.257434,1.849482,2.070422
0.419254,0.19903,0.198092,1.787131,2.115779
0.525014,0.213151,0.213234,1.621131,2.208824
0.628577,0.220482,0.229203,1.5188,2.274221
0.525014,0.213151,0.213234,1.479628,2.305724
0.628577,0.213151,0.229203,1.479113,2.306
0.628577,0.206002,0.214309,1.479113,2.300223
0.6768,0.18562,0.200644,1.479199,2.257645
0.628577,0.19903,0.186669,1.476523,2.244
0.6768,0.166834,0.174375,1.474095,2.1715
0.6768,0.18562,0.174375,1.474095,2.043
0.6768,0.172922,0.187155,1.470132,1.905483
0.721536,0.227993,0.230334,1.415387,1.790718
0.577649,0.303407,0.313376,1.385573,1.684445
0.577649,0.29436,0.313376,1.368452,1.603802
0.577649,0.391128,0.391961,1.367,1.514784
0.471818,0.370768,0.350208,1.366508,1.388045
0.525014,0.464965,0.454305,1.359077,1.2707
0.525014,0.454246,0.454305,1.342927,1.214
0.577649,0.475721,0.476575,1.338011,1.148307
0.471818,0.701113,0.700448,1.269177,0.99232
0.419254,0.783187,0.767016,1.214284,0.928536
0.419254,0.768165,0.782086,1.185631,0.886082
0.419254,0.83613,0.835232,1.163613,0.875764
0.368461,0.917346,0.968715,1.154419,0.875764
0.525014,0.752436,0.752429,1.1438,0.875764
0.525014,0.736002,0.752429,1.118644,0.904606
0.577649,0.760391,0.768726,1.100107,0.967627
0.471818,0.752436,0.751833,1.064166,1.037219
0.628577,0.736002,0.737241,0.990462,1.116064
0.628577,0.701113,0.702456,0.916294,1.184778
0.721536,0.673287,0.685484,0.865309,1.283284
0.6768,0.673287,0.66587,0.847066,1.410752
0.6768,0.644182,0.646397,0.843266,1.526781
0.762255,0.634229,0.627921,0.840237,1.616354
0.762255,0.603692,0.627921,0.84,1.703819
0.762255,0.634229,0.5657,0.840493,1.814096
0.762255,0.540374,0.586776,0.846459,1.930613
0.762255,0.49729,0.501337,0.856463,2.005552
0.762255,0.464965,0.479766,0.916223,2.11256
0.762255,0.454246,0.479766,0.975467,2.187105
0.830765,0.380896,0.396542,1.037082,2.229866
0.830765,0.35086,0.336513,1.141281,2.277718
0.798681,0.285472,0.298443,1.183277,2.329565
0.798681,0.29436,0.298443,1.268645,2.351
0.798681,0.220482,0.23147,1.366352,2.351
0.762255,0.213151,0.230901,1.496218,2.351
0.6768,0.206002,0.200644,1.585539,2.328009
0.721536,0.172922,0.174836,1.632703,2.262585
0.6768,0.179185,0.174375,1.696742,2.198187
0.628577,0.128932,0.12972,1.782818,2.166943
0.368461,0.149599,0.159703,1.866333,2.111152
0.320426,0.138943,0.148052,1.942283,1.98524
0.320426,0.172922,0.171177,1.9773,1.799994
0.320426,0.268192,0.257434,1.981,1.735896
0.275918,0.303407,0.291132,1.981,1.7013
0.199283,0.285472,0.307899,1.981,1.6542
0.275918,0.303407,0.309263,1.977625,1.647
0.23545,0.331454,0.346579,1.9708,1.549637
0.23545,0.370768,0.366379,1.962073,1.520282
0.419254,0.518865,0.45272,1.918807,1.474484
0.419254,0.561729,0.581339,1.786464,1.428985
0.419254,0.582863,0.581339,1.735406,1.386883
0.368461,0.701113,0.699104,1.674679,1.332783
0.471818,0.673287,0.682027,1.575571,1.262244
0.471818,0.736002,0.751833,1.538,1.239
0.525014,0.752436,0.752429,1.437619,1.207129
0.577649,0.752436,0.768726,1.27649,1.15907
0.577649,0.775765,0.719534,1.149373,1.140974
0.577649,0.804372,0.81155,1.056763,1.132133
0.577649,0.83613,0.836548,0.956309,1.118836
0.525014,0.899434,0.903249,0.906556,1.057037
0.577649,0.817604,0.824399,0.86671,0.930622
0.577649,0.823952,0.836548,0.845926,0.856842
0.525014,0.797488,0.797475,0.830875,0.773379
0.471818,0.830128,0.81057,0.8315,0.750033
0.577649,0.783187,0.783717,0.8315,0.750033
0.525014,0.783187,0.783174,0.840852,0.751025
0.525014,0.783187,0.768157,0.883405,0.74811
0.419254,0.797488,0.79644,0.935215,0.745506
0.419254,0.790429,0.79644,1.062534,0.745506
0.275918,0.768165,0.765298,1.163493,0.735496
0.368461,0.752436,0.766444,1.274889,0.71026
0.275918,0.710081,0.715646,1.3585,0.701564
0.275918,0.682713,0.697757,1.488944,0.701564
0.23545,0.682713,0.67855,1.585723,0.706397
0.320426,0.66372,0.641265,1.688074,0.729827
0.199283,0.593321,0.598354,1.767254,0.774426
0.199283,0.529633,0.534852,1.880869,0.80967
0.199283,0.486499,0.491746,1.99126,0.844759
0.199283,0.454246,0.448762,2.08498,0.891167
0.23545,0.454246,0.449553,2.137732,0.9822
0.275918,0.370768,0.387399,2.148,1.081131
0.275918,0.331454,0.328001,2.150551,1.2175
0.23545,0.331454,0.327297,2.155954,1.294094
0.199283,0.243548,0.239528,2.161368,1.333274
0.320426,0.18562,0.183774,2.167375,1.517951
0.275918,0.160918,0.170724,2.174,1.594101
0.320426,0.11507,0.109557,2.1995,1.682375
0.577649,0.110746,0.119944,2.178539,1.846247
0.628577,0.11507,0.120282,2.171649,1.970673
0.6768,0.110746,0.11176,2.168542,2.024375
0.721536,0.119541,0.120961,2.153258,2.142336
0.798681,0.128932,0.131171,1.981867,2.383923
0.830765,0.160918,0.176224,1.88687,2.486991
0.830765,0.192236,0.202703,1.847375,2.524414
0.762255,0.213151,0.215928,1.730578,2.564247
0.830765,0.251587,0.264214,1.537276,2.63112
0.830765,0.259803,0.247776,1.459506,2.648323
0.798681,0.259803,0.263593,1.38131,2.65075
0.762255,0.370768,0.354586,1.256171,2.65075
0.762255,0.391128,0.395013,1.174676,2.636572
0.798681,0.540374,0.5237,1.1455,2.545774
0.762255,0.540374,0.522902,1.117996,2.441602
0.762255,0.540374,0.544383,1.095211,2.29039
0.762255,0.561729,0.544383,1.059646,2.194072
0.762255,0.518865,0.522902,0.912652,2.13415
0.6768,0.644182,0.646397,0.84925,2.01
0.721536,0.673287,0.666581,0.768401,1.91075
0.6768,0.624156,0.626425,0.7557,1.809717
0.6768,0.691987,0.684794,0.7557,1.693333
0.721536,0.701113,0.703791,0.75752,1.623549
0.628577,0.691987,0.702456,0.772625,1.507345
0.628577,0.718889,0.720179,0.798144,1.390943
0.6768,0.701113,0.703124,0.814603,1.340578
0.577649,0.603692,0.604486,0.82472,1.340171
0.628577,0.603692,0.584448,0.887222,1.340171
0.525014,0.518865,0.518913,0.968292,1.343529
0.577649,0.454246,0.476575,1.046223,1.3672
0.525014,0.454246,0.454305,1.18058,1.370863
0.471818,0.454246,0.453512,1.30333,1.39869
0.419254,0.454246,0.45272,1.41132,1.427231
0.471818,0.321957,0.350208,1.586031,1.445775
0.368461,0.341091,0.292453,1.712989,1.44968
0.199283,0.370768,0.365637,1.867308,1.442674
0.23545,0.341091,0.327297,2.04049,1.378756
0.199283,0.432936,0.448762,2.102219,1.340385
0.139823,0.475721,0.404988,2.132293,1.291794
0.199283,0.508079,0.577443,2.143287,1.23398
0.167456,0.518865,0.512524,2.164367,1.177589
0.199283,0.49729,0.513323,2.191433,1.094021
0.167456,0.561729,0.555461,2.200062,0.991351
0.167456,0.572329,0.555461,2.197667,0.950781
0.167456,0.603692,0.597586,2.197667,0.890218
0.199283,0.644182,0.639055,2.166371,0.870924
0.167456,0.654016,0.677154,2.060207,0.868217
0.23545,0.752436,0.748838,1.99545,0.853083
0.320426,0.710081,0.698431,1.927506,0.792274
0.320426,0.790429,0.809093,1.86281,0.728785
0.23545,0.797488,0.856072,1.784828,0.696995
0.23545,0.744306,0.764723,1.706567,0.694174
0.320426,0.768165,0.765872,1.595194,0.6935
0.368461,0.823952,0.834792,1.505081,0.693917
0.419254,0.823952,0.810078,1.434625,0.697995
0.419254,0.797488,0.810078,1.325425,0.7062
0.419254,0.768165,0.782086,1.216129,0.748546
0.525014,0.783187,0.768157,1.176611,0.797945
0.471818,0.760391,0.767587,1.158836,0.900483
0.577649,0.744306,0.736621,1.152625,1.001125
0.577649,0.744306,0.736621,1.134994,1.036587
0.577649,0.718889,0.701788,1.100375,1.128068
0.525014,0.718889,0.701118,1.013839,1.237734
0.628577,0.682713,0.684104,0.900988,1.351156
0.721536,0.644182,0.627173,0.852629,1.460706
0.721536,0.644182,0.627173,0.834,1.613734
0.721536,0.593321,0.586001,0.834,1.727116
0.762255,0.634229,0.627921,0.834,1.820773
0.721536,0.593321,0.586001,0.83891,1.902808
0.762255,0.540374,0.544383,0.853636,1.985761
0.798681,0.540374,0.545176,0.864553,2.082831
0.798681,0.529633,0.545176,0.900606,2.169831
0.798681,0.401458,0.545176,0.957875,2.217662
0.830765,0.432936,0.417373,1.045607,2.230561
0.762255,0.370768,0.354586,1.132431,2.233899
0.798681,0.312609,0.335799,1.218545,2.237873
0.762255,0.285472,0.280043,1.317487,2.24
0.762255,0.243548,0.246587,1.412819,2.239556
0.762255,0.227993,0.230901,1.50961,2.23925
0.762255,0.192236,0.201671,1.584572,2.232884
0.721536,0.220482,0.230334,1.612,2.151306
0.628577,0.220482,0.214309,1.658335,2.069883
0.525014,0.18562,0.1857,1.717833,1.996988
0.471818,0.192236,0.1986,1.807649,1.914266
0.368461,0.179185,0.184254,1.949179,1.768903
0.368461,0.19903,0.211629,1.974959,1.719038
0.275918,0.19903,0.196573,1.978344,1.639944
0.275918,0.243548,0.240695,1.997455,1.563355
0.275918,0.259803,0.256823,1.992641,1.504852
0.23545,0.321957,0.30858,1.981285,1.354134
0.320426,0.401458,0.388158,1.975615,1.186056
0.199283,0.49729,0.448762,1.966875,1.118979
0.199283,0.613974,0.598354,1.9655,1.015755
0.275918,0.593321,0.59989,1.963185,0.918444
0.23545,0.593321,0.578223,1.872454,0.868769
0.23545,0.654016,0.639792,1.77948,0.827717
0.320426,0.624156,0.660872,1.721528,0.793522
0.275918,0.710081,0.697757,1.68424,0.746746
0.275918,0.673287,0.660156,1.630763,0.729
0.320426,0.718889,0.733508,1.551315,0.729
0.320426,0.736002,0.716297,1.448934,0.729
0.368461,0.752436,0.750638,1.365464,0.775347
0.320426,0.768165,0.750039,1.296078,0.817191
0.320426,0.736002,0.750039,1.242683,0.891837
0.419254,0.736002,0.734756,1.134193,0.92893
0.419254,0.760391,0.751236,1.029098,0.968304
0.525014,0.768165,0.768157,0.947874,1.033011
0.525014,0.797488,0.797475,0.896078,1.126554
0.577649,0.797488,0.783717,0.879191,1.232016
0.6768,0.790429,0.769861,0.860335,1.342806
0.628577,0.736002,0.737241,0.841339,1.445478
0.577649,0.701113,0.701788,0.793991,1.549652
0.628577,0.710081,0.702456,0.777179,1.682606
0.628577,0.710081,0.684104,0.777179,1.758131
0.6768,0.701113,0.703124,0.777179,1.821067
0.721536,0.66372,0.666581,0.816582,1.894825
0.721536,0.654016,0.647127,0.89195,1.9302
0.721536,0.673287,0.666581,0.93485,1.950938
0.721536,0.603692,0.606777,0.969017,1.970674
0.721536,0.582863,0.586001,1.019623,1.971399
0.762255,0.540374,0.544383,1.108873,1.971399
0.798681,0.475721,0.480564,1.155695,1.912816
0.798681,0.518865,0.5237,1.20784,1.711397
0.798681,0.486499,0.480564,1.269954,1.656958
0.762255,0.475721,0.501337,1.40087,1.610554
0.762255,0.443565,0.436929,1.505926,1.557061
0.577649,0.454246,0.476575,1.565787,1.498967
0.577649,0.454246,0.455097,1.755625,1.372818
0.419254,0.475721,0.410393,1.92871,1.228275
0.419254,0.464965,0.410393,1.998111,1.156368
0.320426,0.49729,0.494143,2.06915,1.11611
0.320426,0.518865,0.515719,2.151567,1.086924
0.275918,0.464965,0.450344,2.210754,1.085195
0.23545,0.49729,0.535647,2.253833,1.085195
0.167456,0.486499,0.512524,2.311,1.085195
0.199283,0.518865,0.534852,2.312004,1.158233
0.139823,0.540374,0.53326,2.319976,1.282875
0.139823,0.529633,0.511726,2.328677,1.363989
0.167456,0.475721,0.469402,2.334675,1.472691
0.199283,0.454246,0.448762,2.32201,1.585109
0.139823,0.411871,0.404988,2.312457,1.783114
0.167456,0.391128,0.426732,2.308907,1.897753
0.116115,0.303407,0.305858,2.291562,1.986725
0.167456,0.213151,0.208974,2.251687,2.031114
0.23545,0.213151,0.210033,2.224812,2.06437
0.199283,0.155173,0.157994,2.156924,2.137811
0.368461,0.144189,0.118601,1.95751,2.255816
0.419254,0.102525,0.110183,1.857572,2.329126
0.525014,0.138943,0.139014,1.745291,2.365258
0.628577,0.128932,0.12972,1.640531,2.371
0.6768,0.18562,0.187155,1.551045,2.371
0.721536,0.18562,0.187642,1.409461,2.37048
0.6768,0.243548,0.229768,1.323016,2.353609
0.762255,0.321957,0.316134,1.223191,2.335764
0.798681,0.341091,0.355318,1.13497,2.278108
0.798681,0.35086,0.355318,1.01689,2.234419
0.798681,0.475721,0.480564,0.90026,2.111884
0.798681,0.454246,0.437716,0.833786,2.032709
0.762255,0.518865,0.522902,0.796408,1.945559
0.798681,0.540374,0.545176,0.725272,1.846536
0.762255,0.603692,0.586776,0.68625,1.762322
0.721536,0.593321,0.586001,0.684,1.621072
0.762255,0.710081,0.722108,0.684,1.501075
0.721536,0.760391,0.754803,0.684,1.384625
0.6768,0.701113,0.703124,0.707279,1.30274
0.6768,0.736002,0.737859,0.753261,1.194269
0.628577,0.718889,0.737241,0.78333,1.005864
0.577649,0.752436,0.753024,0.829426,0.85217
0.628577,0.760391,0.753618,0.882509,0.736095
0.628577,0.768165,0.769294,0.951,0.712
0.628577,0.790429,0.798506,1.053302,0.702576
0.525014,0.811077,0.797475,1.198347,0.678509
0.471818,0.823952,0.823471,1.309418,0.649978
0.471818,0.830128,0.823471,1.437026,0.6295
0.471818,0.797488,0.782631,1.56757,0.6295
0.320426,0.744306,0.733508,1.673723,0.63225
0.275918,0.624156,0.640529,1.790772,0.653928
0.199283,0.582863,0.577443,1.8898,0.693792
0.199283,0.540374,0.556251,1.94816,0.758004
0.23545,0.49729,0.492545,2.017024,0.834457
0.23545,0.486499,0.492545,2.144816,0.942251
0.167456,0.432936,0.405759,2.230776,1.044791
0.199283,0.35086,0.365637,2.262625,1.174292
0.199283,0.321957,0.326593,2.26804,1.29098
0.167456,0.29436,0.27174,2.277706,1.426975
0.199283,0.251587,0.255604,2.285146,1.528902
0.167456,0.172922,0.208974,2.28565,1.657238
0.23545,0.213151,0.210033,2.2855,1.85
0.320426,0.160918,0.171177,2.28575,1.965992
0.275918,0.149599,0.147649,2.28525,2.041248
0.23545,0.138943,0.147247,2.236405,2.079695
0.628577,0.149599,0.150488,2.083029,2.169117
0.628577,0.149599,0.150488,1.958309,2.258987
0.6768,0.144189,0.140166,1.835472,2.346136
0.762255,0.19903,0.18813,1.757067,2.398471
0.762255,0.220482,0.230901,1.620704,2.428577
0.762255,0.227993,0.215928,1.530526,2.433931
0.798681,0.285472,0.298443,1.41425,2.433931
0.798681,0.303407,0.316826,1.315708,2.430912
0.830765,0.321957,0.336513,1.25147,2.389952
0.798681,0.422368,0.416596,1.128285,2.349779
0.798681,0.443565,0.437716,1.029135,2.309359
0.762255,0.475721,0.458271,0.944187,2.259742
0.721536,0.486499,0.478968,0.896703,2.178868
0.721536,0.540374,0.54359,0.885482,2.068441
0.721536,0.508079,0.522105,0.87927,1.94691
0.6768,0.582863,0.585225,0.874331,1.850511
0.721536,0.654016,0.666581,0.864557,1.721958
0.6768,0.654016,0.66587,0.855,1.602782
0.6768,0.701113,0.703124,0.855,1.494398
0.628577,0.718889,0.720179,0.855,1.428921
0.577649,0.768165,0.768726,0.87697,1.416375
0.577649,0.752436,0.753024,0.894501,1.335465
0.471818,0.797488,0.796958,0.911363,1.062393
0.525014,0.858441,0.858419,0.944486,0.896591
0.419254,0.868613,0.85764,0.972796,0.725613
0.471818,0.887099,0.868225,0.976597,0.601236
0.419254,0.797488,0.810078,1.039201,0.536843
0.419254,0.823952,0.823006,1.145671,0.534
0.419254,0.790429,0.810078,1.254875,0.533787
0.471818,0.804372,0.81057,1.361322,0.533787
0.320426,0.775765,0.780995,1.483112,0.534345
0.275918,0.775765,0.765298,1.590332,0.542592
0.275918,0.775765,0.780447,1.704674,0.551381
0.275918,0.682713,0.679247,1.810842,0.554455
0.275918,0.613974,0.640529,1.880666,0.585828
0.275918,0.624156,0.620421,1.891,0.597
0.275918,0.593321,0.579003,1.936429,0.775653
0.199283,0.572329,0.534852,2.047822,1.054719
0.139823,0.49729,0.490147,2.142247,1.182962
0.23545,0.35086,0.366379,2.184726,1.301885
0.23545,0.341091,0.346579,2.191135,1.423659
0.23545,0.321957,0.30858,2.191135,1.558754
0.167456,0.321957,0.32589,2.195398,1.668258
0.23545,0.19903,0.210033,2.190841,1.780307
0.320426,0.18562,0.183774,2.173229,1.86802
0.320426,0.206002,0.211096,2.159642,1.937375
0.275918,0.179185,0.183295,2.12133,1.962752
0.320426,0.19903,0.197078,2.037439,1.965403
0.320426,0.179185,0.183774,1.907558,1.965403
0.419254,0.259803,0.258658,1.821668,1.948226
0.525014,0.29436,0.276831,1.764711,1.914003
0.471818,0.312609,0.312002,1.627688,1.83
0.577649,0.35086,0.332243,1.534872,1.802395
0.628577,0.331454,0.332953,1.405411,1.776844
0.525014,0.432936,0.391199,1.342992,1.758393
0.577649,0.475721,0.433785,1.269439,1.714337
0.577649,0.593321,0.583672,1.180989,1.644866
0.471818,0.644182,0.643468,1.102369,1.580513
0.721536,0.682713,0.685484,1.0222,1.542912
0.721536,0.727528,0.738477,0.908875,1.534988
0.721536,0.752436,0.738477,0.82308,1.534988
0.6768,0.727528,0.754211,0.775052,1.536205
0.6768,0.710081,0.737859,0.725023,1.547253
0.721536,0.673287,0.685484,0.699817,1.564524
0.762255,0.691987,0.686173,0.699192,1.603316
0.762255,0.673287,0.686173,0.699192,1.678767
0.721536,0.66372,0.685484,0.699894,1.736411
0.762255,0.603692,0.607539,0.73407,1.76471
0.762255,0.561729,0.544383,0.792534,1.830077
0.798681,0.49729,0.5237,0.825837,1.885705
0.798681,0.454246,0.459064,0.875956,1.972925
0.830765,0.411871,0.438503,0.934402,2.028604
0.798681,0.331454,0.355318,1.008496,2.1122
0.798681,0.285472,0.298443,1.120377,2.152103
0.762255,0.285472,0.262973,1.2569,2.205227
0.762255,0.227993,0.246587,1.383425,2.221637
0.762255,0.192236,0.201671,1.453835,2.221637
0.798681,0.213151,0.263593,1.507386,2.221373
0.721536,0.192236,0.201157,1.556726,2.198393
0.721536,0.227993,0.215387,1.6047,2.1274
0.471818,0.206002,0.212698,1.647357,2.033429
0.368461,0.259803,0.241865,1.660214,1.940194
0.419254,0.27675,0.275553,1.694104,1.825043
0.368461,0.243548,0.258045,1.750853,1.817125
0.419254,0.370768,0.369353,1.773335,1.795142
0.320426,0.432936,0.451136,1.773478,1.765581
0.23545,0.443565,0.449553,1.758297,1.601974
0.23545,0.475721,0.492545,1.734208,1.359
0.320426,0.561729,0.558617,1.730638,1.320595
0.368461,0.644182,0.642,1.710918,1.218837
0.368461,0.634229,0.601424,1.666188,1.12273
0.368461,0.66372,0.642,1.586901,1.030838
0.419254,0.682713,0.699776,1.513162,0.949254
0.419254,0.682713,0.699776,1.459323,0.896481
0.419254,0.760391,0.717594,1.392333,0.805434
0.320426,0.790429,0.780995,1.333557,0.770766
0.419254,0.783187,0.767016,1.292134,0.770766
0.471818,0.797488,0.796958,1.280944,0.770766
0.471818,0.718889,0.718242,1.279944,0.787949
0.419254,0.736002,0.717594,1.272397,0.85687
0.525014,0.736002,0.718888,1.263148,0.907681
0.471818,0.718889,0.718242,1.261473,0.97125
0.471818,0.718889,0.700448,1.252811,1.061822
0.525014,0.654016,0.663733,1.202444,1.17314
0.577649,0.603692,0.604486,1.171179,1.20705
0.471818,0.603692,0.602956,1.148703,1.296619
0.628577,0.603692,0.584448,1.140651,1.384601
0.762255,0.582863,0.586776,1.12842,1.483484
0.762255,0.486499,0.479766,1.113152,1.549244
0.762255,0.486499,0.479766,1.080425,1.661675
0.721536,0.49729,0.500537,0.999778,1.744242
0.762255,0.508079,0.501337,0.95132,1.8071
0.830765,0.475721,0.502935,0.913712,1.882309
0.830765,0.454246,0.459858,0.899472,2.010094
0.858641,0.432936,0.439291,0.900472,2.099973
0.830765,0.422368,0.438503,0.901472,2.188643
0.830765,0.422368,0.417373,0.920735,2.267732
0.798681,0.401458,0.437716,0.950286,2.296023
0.830765,0.341091,0.336513,0.959376,2.380513
0.830765,0.321957,0.336513,0.968966,2.429367
0.798681,0.285472,0.298443,1.022775,2.429367
0.830765,0.27675,0.264214,1.117011,2.429367
0.762255,0.213151,0.215928,1.208359,2.426094
0.798681,0.19903,0.202187,1.290192,2.381166
0.721536,0.19903,0.187642,1.358127,2.355
0.628577,0.166834,0.173916,1.435747,2.3462
0.6768,0.166834,0.162294,1.512956,2.332681
0.628577,0.160918,0.173916,1.584252,2.320252
0.721536,0.149599,0.162729,1.653137,2.319
0.471818,0.128932,0.128641,1.707981,2.305085
0.368461,0.138943,0.13787,1.782744,2.228575
0.368461,0.12416,0.118601,1.826798,2.170833
0.320426,0.138943,0.12757,1.873349,2.126739
0.23545,0.138943,0.136734,1.951526,2.069111
0.275918,0.138943,0.137112,1.993125,2.033
0.199283,0.206002,0.195565,2.019083,2.017319
0.167456,0.27675,0.254997,2.076504,1.986789
0.167456,0.29436,0.289156,2.117513,1.91439
0.167456,0.380896,0.426732,2.147,1.769282
0.167456,0.341091,0.32589,2.173316,1.592542
0.199283,0.370768,0.365637,2.210467,1.491486
0.167456,0.411871,0.405759,2.2627,1.475414
0.167456,0.454246,0.447971,2.2804,1.4025
0.139823,0.464965,0.511726,2.2725,1.317377
0.199283,0.49729,0.470198,2.22796,1.258561
0.199283,0.603692,0.598354,2.22475,1.193234
0.23545,0.593321,0.578223,2.17075,1.112152
0.167456,0.624156,0.618159,2.1104,1.068671
0.23545,0.582863,0.599122,2.053095,1.031047
0.23545,0.551073,0.55704,2.011216,0.983453
0.23545,0.634229,0.619667,1.983783,0.967289
0.368461,0.691987,0.680639,1.948379,0.975
0.471818,0.624156,0.623428,1.885762,0.975
0.471818,0.582863,0.602956,1.861069,1.027706
0.471818,0.644182,0.643468,1.813335,1.097848
0.525014,0.644182,0.644202,1.783148,1.127667
0.525014,0.66372,0.663733,1.715358,1.140721
0.525014,0.744306,0.736,1.606244,1.15775
0.577649,0.718889,0.719534,1.536962,1.166125
0.6768,0.760391,0.769861,1.449789,1.168
0.628577,0.727528,0.737241,1.309008,1.21103
0.6768,0.744306,0.737859,1.185751,1.262613
0.628577,0.691987,0.702456,1.081402,1.295654
0.6768,0.701113,0.684794,0.996625,1.301394
0.721536,0.710081,0.721466,0.912932,1.304023
0.721536,0.691987,0.703791,0.8303,1.310694
0.721536,0.593321,0.606777,0.782339,1.3367
0.721536,0.613974,0.627173,0.78,1.404119
0.721536,0.551073,0.54359,0.78,1.489195
0.798681,0.475721,0.480564,0.783707,1.543057
0.762255,0.475721,0.458271,0.794121,1.628948
0.721536,0.432936,0.457477,0.827726,1.695538
0.721536,0.360756,0.373832,0.853622,1.800713
0.6768,0.35086,0.393486,0.892777,1.906846
0.762255,0.27675,0.280043,0.968031,1.983576
0.6768,0.235681,0.229768,1.043625,1.994584
0.6768,0.213151,0.214848,1.120299,1.99809
0.628577,0.220482,0.244809,1.210177,2.022378
0.577649,0.18562,0.19962,1.31595,2.081996
0.577649,0.18562,0.186184,1.416356,2.134764
0.525014,0.128932,0.139014,1.494591,2.178951
0.419254,0.179185,0.172086,1.58423,2.187092
0.320426,0.160918,0.171177,1.688034,2.187092
0.471818,0.19903,0.212698,1.760863,2.186292
0.368461,0.213151,0.211629,1.838953,2.152707
0.419254,0.259803,0.275553,1.897542,2.118412
0.23545,0.35086,0.346579,1.938388,2.096212
0.320426,0.331454,0.328706,1.96385,2.009142
0.320426,0.411871,0.408846,1.968263,1.916735
0.23545,0.432936,0.449553,1.969591,1.848309
0.23545,0.475721,0.470995,1.9783,1.7837
0.199283,0.540374,0.556251,1.9825,1.694969
0.275918,0.572329,0.557829,1.9825,1.59667
0.199283,0.654016,0.658719,1.99185,1.41102
0.275918,0.603692,0.59989,1.99255,1.233297
0.23545,0.701113,0.697083,1.99255,1.18019
0.23545,0.718889,0.714995,1.976126,1.098721
0.320426,0.736002,0.733508,1.942986,1.015216
0.275918,0.736002,0.732882,1.933701,0.916125
0.275918,0.736002,0.732882,1.921458,0.836407
0.525014,0.84196,0.847599,1.892797,0.764422
0.525014,0.823952,0.858419,1.858295,0.718244
0.419254,0.830128,0.823006,1.718656,0.694378
0.419254,0.811077,0.79644,1.618047,0.684776
0.525014,0.823952,0.81106,1.588083,0.670137
0.471818,0.811077,0.81057,1.518936,0.657244
0.471818,0.768165,0.767587,1.416042,0.654454
0.577649,0.783187,0.797991,1.347525,0.654454
0.525014,0.790429,0.783174,1.305309,0.65655
0.525014,0.804372,0.797475,1.245949,0.721402
0.628577,0.752436,0.753618,1.153375,0.791042
0.6768,0.701113,0.720823,1.07407,0.843562
0.6768,0.701113,0.703124,1.039114,0.896486
0.721536,0.710081,0.721466,0.955219,0.970934
0.721536,0.682713,0.685484,0.8756,1.044
0.721536,0.66372,0.666581,0.799283,1.132116
0.762255,0.624156,0.627921,0.773158,1.206063
0.762255,0.593321,0.607539,0.764441,1.323995
0.762255,0.603692,0.607539,0.758325,1.433681
0.798681,0.49729,0.502136,0.758,1.542485
0.762255,0.475721,0.479766,0.760044,1.640407
0.721536,0.422368,0.436143,0.762378,1.71711
0.762255,0.341091,0.335087,0.767402,1.813173
0.762255,0.321957,0.316134,0.816591,1.892118
0.762255,0.29436,0.297774,0.902952,1.916183
0.721536,0.312609,0.315444,0.993618,1.922848
0.6768,0.285472,0.296439,1.111147,1.962848
0.628577,0.370768,0.352394,1.176298,2.02425
0.577649,0.360756,0.37159,1.243543,2.025
0.471818,0.370768,0.370098,1.2891,2.025
0.525014,0.380896,0.370843,1.351625,2.02425
0.577649,0.432936,0.433785,1.369899,1.975571
0.320426,0.475721,0.451136,1.406321,1.890287
0.320426,0.508079,0.494143,1.426178,1.803558
0.368461,0.518865,0.516518,1.483067,1.697267
0.275918,0.603692,0.59989,1.572625,1.5945
0.199283,0.603692,0.618914,1.6332,1.491
0.23545,0.540374,0.55704,1.693009,1.372375
0.199283,0.561729,0.577443,1.743398,1.209307
0.167456,0.603692,0.618159,1.78175,1.067643
0.167456,0.613974,0.618159,1.921992,0.999285
0.167456,0.613974,0.597586,1.95276,0.943123
0.167456,0.572329,0.576663,1.998766,0.916178
0.139823,0.49729,0.490147,2.049853,0.887394
0.167456,0.49729,0.490946,2.1125,0.875467
0.199283,0.443565,0.427514,2.19527,0.875467
0.139823,0.401458,0.384368,2.296472,0.875467
0.139823,0.312609,0.306538,2.322516,0.911527
0.167456,0.303407,0.289156,2.343445,1.030477
0.139823,0.259803,0.25439,2.363601,1.180051
0.199283,0.179185,0.18234,2.373883,1.287943
0.199283,0.19903,0.195565,2.37234,1.427096
0.199283,0.179185,0.18234,2.372337,1.572668
0.320426,0.128932,0.12757,2.369921,1.671675
0.368461,0.138943,0.127926,2.326125,1.765604
0.419254,0.11507,0.118936,2.292944,1.838345
0.471818,0.110746,0.110497,2.259829,1.884704
0.628577,0.155173,0.186669,2.22911,2.127796
0.6768,0.213151,0.214848,2.206567,2.35276
0.721536,0.235681,0.230334,2.105516,2.36695
0.762255,0.251587,0.262973,1.983619,2.3705
0.762255,0.303407,0.316134,1.8606,2.369875
0.762255,0.29436,0.316134,1.68418,2.36715
0.762255,0.341091,0.354586,1.589648,2.367425
0.762255,0.454246,0.458271,1.509594,2.364525
0.721536,0.464965,0.478968,1.368217,2.349905
0.721536,0.464965,0.478968,1.216673,2.339082
0.721536,0.454246,0.457477,1.109459,2.323845
0.721536,0.475721,0.457477,1.076967,2.280102
0.6768,0.582863,0.606013,1.062115,2.18991
0.6768,0.613974,0.626425,1.050992,2.073178
0.628577,0.66372,0.665159,1.036447,1.9215
0.628577,0.710081,0.720179,1.016599,1.81035
0.6768,0.710081,0.720823,0.937642,1.742617
0.577649,0.783187,0.797991,0.886717,1.628316
0.525014,0.823952,0.823935,0.876,1.522884
0.577649,0.83613,0.824399,0.871508,1.380621
0.577649,0.84196,0.81155,0.851597,1.2796
0.471818,0.811077,0.81057,0.83426,1.141125
0.525014,0.797488,0.797475,0.83186,0.966436
0.471818,0.768165,0.782631,0.832487,0.836516
0.368461,0.804372,0.795922,0.832487,0.782
0.471818,0.775765,0.767587,0.832487,0.782
0.368461,0.768165,0.766444,0.98695,0.689941
0.23545,0.701113,0.697083,1.110835,0.660649
0.23545,0.682713,0.67855,1.204413,0.641652
0.275918,0.644182,0.640529,1.292071,0.638294
0.275918,0.634229,0.620421,1.399605,0.637988
0.275918,0.561729,0.536442,1.505228,0.639877
0.23545,0.540374,0.514122,1.586643,0.650736
0.199283,0.475721,0.470198,1.653113,0.686041
0.23545,0.464965,0.449553,1.704106,0.803448
0.199283,0.411871,0.40653,1.819049,0.861608
0.275918,0.370768,0.387399,1.883212,0.931447
0.23545,0.321957,0.327297,1.9799,0.99759
0.275918,0.303407,0.309263,2.078835,1.061083
0.275918,0.27675,0.273642,2.087,1.165863
0.275918,0.19903,0.196573,2.087,1.235351
0.275918,0.19903,0.196573,2.087,1.352032
0.320426,0.18562,0.197078,2.081711,1.527179
0.368461,0.18562,0.184254,2.07971,1.646427
0.419254,0.18562,0.198092,2.078033,1.767181
0.525014,0.192236,0.1857,2.057143,1.907438
0.525014,0.18562,0.172999,2.047,1.999314
0.762255,0.133857,0.140939,2.047,2.017842
0.762255,0.138943,0.140939,1.955945,2.111969
0.798681,0.179185,0.188619,1.794521,2.24376
0.798681,0.18562,0.188619,1.716428,2.30389
0.762255,0.259803,0.246587,1.621586,2.373395
0.762255,0.27675,0.280043,1.551671,2.428394
0.762255,0.360756,0.374581,1.464464,2.478
0.798681,0.411871,0.416596,1.400203,2.478
0.762255,0.422368,0.436929,1.332566,2.478
0.798681,0.401458,0.416596,1.269003,2.466978
0.762255,0.411871,0.415819,1.214537,2.411957
0.762255,0.475721,0.479766,1.14735,2.340386
0.762255,0.518865,0.522902,1.095901,2.241734
0.721536,0.518865,0.54359,0.933245,2.19957
0.6768,0.529633,0.542796,0.848223,2.123462
0.6768,0.561729,0.564128,0.844214,2.051955
0.628577,0.613974,0.60525,0.844214,1.97703
0.6768,0.66372,0.66587,0.844214,1.865714
0.6768,0.701113,0.720823,0.851553,1.784662
0.628577,0.744306,0.737241,0.863,1.69044
0.577649,0.718889,0.719534,0.864125,1.592515
0.577649,0.760391,0.753024,0.86981,1.467327
0.577649,0.736002,0.736621,0.873149,1.347746
0.471818,0.830128,0.81057,0.876541,1.252771
0.525014,0.853112,0.858419,0.877715,1.1473
0.577649,0.863607,0.858807,0.874902,1.109472
0.577649,0.830128,0.824399,0.881617,0.87832
0.577649,0.811077,0.797991,0.889565,0.767863
0.525014,0.775765,0.768157,0.895359,0.711053
0.525014,0.768165,0.768157,0.897701,0.701761
0.471818,0.760391,0.767587,0.90501,0.701761
0.471818,0.736002,0.751833,0.941884,0.701761
0.419254,0.718889,0.734756,1.027809,0.728683
0.471818,0.701113,0.700448,1.062479,0.774919
0.419254,0.701113,0.699776,1.13275,0.86425
0.368461,0.673287,0.661589,1.221834,0.91208
0.525014,0.582863,0.582894,1.3045,0.9379
0.577649,0.624156,0.624928,1.372731,0.989303
0.525014,0.486499,0.49734,1.432551,1.022504
0.577649,0.360756,0.37159,1.45575,1.058261
0.628577,0.35086,0.332953,1.458194,1.2194
0.6768,0.391128,0.373084,1.477448,1.353625
0.6768,0.27675,0.278756,1.49,1.453715
0.721536,0.235681,0.245993,1.493774,1.573845
0.721536,0.179185,0.187642,1.510724,1.675512
0.525014,0.128932,0.129,1.531007,1.800765
0.577649,0.106567,0.111127,1.533064,1.909142
0.525014,0.106567,0.110811,1.537566,2.002875
0.577649,0.119541,0.161427,1.542625,2.107425
0.471818,0.102525,0.110497,1.548317,2.194198
0.199283,0.138943,0.136357,1.588498,2.269573
0.275918,0.192236,0.196573,1.658767,2.290897
0.23545,0.251587,0.240111,1.712967,2.290897
0.275918,0.243548,0.240695,1.79655,2.293521
0.199283,0.268192,0.255604,1.940786,2.294328
0.275918,0.29436,0.291132,1.996197,2.233076
0.199283,0.380896,0.365637,2.013497,2.221285
0.167456,0.391128,0.385125,2.074039,2.164974
0.23545,0.432936,0.407302,2.123917,2.100185
0.199283,0.464965,0.448762,2.141199,2.051202
0.23545,0.518865,0.535647,2.1563,1.994434
0.275918,0.540374,0.536442,2.149624,1.901515
0.23545,0.551073,0.535647,2.13843,1.8191
0.275918,0.561729,0.557829,2.155468,1.719492
0.275918,0.634229,0.640529,2.169359,1.692806
0.275918,0.682713,0.679247,2.1868,1.661786
0.275918,0.701113,0.697757,2.177875,1.488533
0.320426,0.718889,0.733508,2.131474,1.3448
0.320426,0.744306,0.750039,2.078342,1.26575
0.320426,0.752436,0.750039,2.053706,1.2132
0.320426,0.804372,0.795402,2.032915,1.135437
0.368461,0.817604,0.82254,1.94344,1.087655
0.368461,0.83613,0.82254,1.897421,1.043976
0.419254,0.830128,0.823006,1.866333,0.94284
0.419254,0.797488,0.79644,1.804234,0.861537
0.471818,0.768165,0.782631,1.722855,0.792207
0.419254,0.760391,0.767016,1.66375,0.722475
0.525014,0.736002,0.768157,1.537498,0.71126
0.471818,0.736002,0.718242,1.440682,0.7035
0.471818,0.701113,0.718242,1.386461,0.69652
0.471818,0.790429,0.835672,1.317799,0.6939
0.577649,0.682713,0.683412,1.277168,0.70032
0.6768,0.572329,0.564128,1.22346,0.716104
0.721536,0.529633,0.54359,1.190724,0.740848
0.721536,0.582863,0.586001,1.164708,0.844903
0.762255,0.593321,0.586776,1.157728,0.92934
0.762255,0.551073,0.5657,1.15,1.009443
0.798681,0.540374,0.566485,1.139823,1.109225
0.798681,0.518865,0.5237,1.09715,1.204775
0.798681,0.508079,0.502136,1.020966,1.299094
0.798681,0.49729,0.5237,0.960044,1.442912
0.798681,0.454246,0.459064,0.932523,1.561253
0.830765,0.411871,0.417373,0.92827,1.671459
0.798681,0.391128,0.37533,0.918518,1.762543
0.798681,0.391128,0.395778,0.872774,1.878129
0.830765,0.341091,0.317518,0.858625,1.941375
0.798681,0.303407,0.316826,0.858,2.051621
0.798681,0.251587,0.247181,0.858,2.149257
0.830765,0.27675,0.281334,0.870738,2.172555
0.798681,0.213151,0.202187,0.9097,2.191226
0.798681,0.19903,0.202187,0.942565,2.211121
0.762255,0.144189,0.151718,0.99379,2.225743
0.721536,0.144189,0.140552,1.05575,2.256083
0.721536,0.110746,0.112078,1.304858,2.2796
0.577649,0.110746,0.119944,1.372245,2.311089
0.471818,0.138943,0.138632,1.406921,2.337859
0.471818,0.110746,0.119271,1.457125,2.347671
0.275918,0.128932,0.127215,1.460862,2.359168
0.368461,0.138943,0.127926,1.500766,2.361
0.275918,0.192236,0.196573,1.576554,2.357918
0.471818,0.213151,0.227512,1.687336,2.351249
0.525014,0.227993,0.213234,1.764885,2.35
0.419254,0.27675,0.293115,1.820932,2.345062
0.471818,0.331454,0.312002,1.917744,2.23817
0.525014,0.360756,0.350936,2.037736,2.070812
0.525014,0.331454,0.331534,2.066657,2.05382
0.471818,0.411871,0.432216,2.109331,2.049569
0.577649,0.508079,0.498139,2.109331,2.032329
0.577649,0.49729,0.541209,2.06596,2.008608
0.525014,0.475721,0.49734,2.020073,2.00175
0.525014,0.603692,0.624178,1.960085,1.9946
0.628577,0.613974,0.60525,1.874375,1.973677
0.628577,0.673287,0.665159,1.824723,1.952097
0.577649,0.736002,0.719534,1.699927,1.930507
0.525014,0.811077,0.797475,1.66298,1.884287
0.577649,0.823952,0.824399,1.632538,1.798943
0.525014,0.811077,0.86859,1.594735,1.690184
0.577649,0.847621,0.836548,1.486825,1.628715
0.577649,0.853112,0.836548,1.369185,1.600814
0.471818,0.895461,0.886754,1.276375,1.555
0.471818,0.895461,0.895138,1.214111,1.5085
0.471818,0.887099,0.886754,1.14017,1.453777
0.525014,0.882702,0.878134,1.054238,1.363406
0.525014,0.823952,0.823935,1.021617,1.225583
0.525014,0.84196,0.847599,0.961559,1.143369
0.471818,0.797488,0.796958,0.88725,1.090375
0.471818,0.797488,0.796958,0.816661,0.981746
0.471818,0.768165,0.767587,0.788566,0.92089
0.419254,0.752436,0.751236,0.757701,0.802307
0.471818,0.783187,0.767587,0.743569,0.728265
0.368461,0.736002,0.734132,0.737951,0.657344
0.275918,0.682713,0.679247,0.737951,0.614904
0.275918,0.673287,0.660156,0.737951,0.60892
0.23545,0.673287,0.659438,0.749398,0.607918
0.23545,0.654016,0.659438,0.83576,0.608251
0.199283,0.654016,0.639055,0.925453,0.619791
0.199283,0.634229,0.639055,0.988284,0.646313
0.167456,0.582863,0.576663,1.102562,0.667804
0.23545,0.561729,0.55704,1.203537,0.673
0.167456,0.508079,0.512524,1.31186,0.678103
0.167456,0.508079,0.490946,1.372223,0.689
0.199283,0.443565,0.427514,1.473848,0.6896
0.167456,0.422368,0.426732,1.587732,0.690125
0.167456,0.341091,0.345132,1.697789,0.6885
0.199283,0.35086,0.345855,1.851188,0.687
0.23545,0.268192,0.256213,1.948233,0.700762
0.199283,0.251587,0.255604,2.0421,0.735047
0.275918,0.227993,0.240695,2.157125,0.79152
0.368461,0.206002,0.211629,2.208631,0.837199
0.368461,0.192236,0.197585,2.233092,0.87178
0.721536,0.179185,0.187642,2.235685,1.004755
0.721536,0.213151,0.215387,2.240442,1.115992
0.762255,0.227993,0.230901,2.245528,1.24176
0.762255,0.29436,0.297774,2.255291,1.357954
0.762255,0.27675,0.297774,2.275375,1.48768
0.798681,0.341091,0.316826,2.27775,1.63425
0.762255,0.380896,0.374581,2.2625,1.708756
0.830765,0.401458,0.396542,2.256654,1.72608
0.762255,0.370768,0.395013,2.155187,1.880373
0.798681,0.443565,0.437716,2.103258,2.012777
0.798681,0.422368,0.437716,2.044329,2.07925
0.762255,0.411871,0.415819,1.983343,2.196851
0.721536,0.454246,0.436143,1.934335,2.326308
0.721536,0.561729,0.586001,1.910641,2.366006
0.6768,0.540374,0.542796,1.855408,2.392842
0.6768,0.701113,0.703124,1.795559,2.398311
0.628577,0.624156,0.625677,1.673041,2.404104
0.628577,0.66372,0.665159,1.555052,2.408547
0.577649,0.682713,0.683412,1.492671,2.434984
0.628577,0.682713,0.702456,1.31275,2.442248
0.577649,0.752436,0.719534,1.256152,2.442248
0.525014,0.797488,0.783174,1.163258,2.442042
0.525014,0.768165,0.768157,1.055449,2.40088
0.577649,0.744306,0.736621,1.022582,2.34058
0.577649,0.727528,0.719534,0.962749,2.285107
0.628577,0.736002,0.720179,0.917155,2.24956
0.577649,0.701113,0.701788,0.910841,2.222796
0.525014,0.644182,0.644202,0.910841,2.204654
0.525014,0.634229,0.624178,0.911391,2.149704
0.577649,0.603692,0.604486,0.918375,2.053261
0.577649,0.508079,0.519711,0.919,1.931284
0.577649,0.518865,0.541209,0.919,1.82895
0.628577,0.411871,0.434571,0.9172,1.730988
0.577649,0.432936,0.433785,0.913166,1.668176
0.628577,0.391128,0.372337,0.913,1.607428
0.628577,0.370768,0.352394,0.913,1.495969
0.628577,0.312609,0.314064,0.915187,1.361049
0.6768,0.321957,0.314754,0.930103,1.265583
0.419254,0.227993,0.226951,0.974823,1.179247
0.419254,0.166834,0.172086,1.066443,1.168
0.419254,0.149599,0.14886,1.067022,1.146274
0.320426,0.138943,0.137491,1.092174,1.119171
0.320426,0.144189,0.148052,1.108794,1.129619
0.368461,0.119541,0.127926,1.107909,1.125701
0.368461,0.128932,0.127926,1.106737,1.142539
0.275918,0.155173,0.147649,1.15039,1.255027
0.368461,0.160918,0.171631,1.216501,1.32939
0.23545,0.19903,0.182817,1.293997,1.418584
0.199283,0.206002,0.209503,1.358334,1.485106
0.199283,0.285472,0.272373,1.405528,1.534324
0.199283,0.341091,0.326593,1.436328,1.6213
0.167456,0.380896,0.385125,1.450575,1.698276
0.23545,0.401458,0.38664,1.478914,1.819537
0.167456,0.454246,0.426732,1.517978,1.883559
0.199283,0.422368,0.427514,1.609008,1.886973
0.167456,0.508079,0.512524,1.710171,1.912676
0.139823,0.486499,0.490147,1.763688,1.942658
0.167456,0.529633,0.534056,1.822123,1.952955
0.167456,0.540374,0.534056,1.906497,1.957812
0.199283,0.540374,0.556251,2.01466,1.961354
0.275918,0.582863,0.579003,2.076305,1.962365
0.199283,0.634229,0.639055,2.157852,1.962365
0.199283,0.654016,0.658719,2.206,1.925628
0.23545,0.727528,0.764723,2.20675,1.880621
0.23545,0.691987,0.67855,2.209756,1.8521
0.320426,0.811077,0.822072,2.208146,1.810795
0.419254,0.736002,0.734756,2.207,1.769058
0.320426,0.66372,0.660872,2.207386,1.695066
0.23545,0.701113,0.697083,2.199675,1.592781
0.275918,0.701113,0.697757,2.190189,1.471351
0.320426,0.718889,0.698431,2.193214,1.293417
0.368461,0.691987,0.680639,2.162384,1.251159
0.471818,0.701113,0.700448,2.152591,1.205917
0.419254,0.701113,0.681333,2.143605,1.101814
0.471818,0.691987,0.682027,2.134835,1.014631
0.525014,0.634229,0.624178,2.101937,0.958655
0.419254,0.624156,0.642735,2.042466,0.920175
0.721536,0.66372,0.647127,1.992172,0.90574
0.6768,0.66372,0.66587,1.940352,0.895025
0.577649,0.66372,0.644934,1.89239,0.872422
0.628577,0.561729,0.563342,1.857016,0.809242
0.721536,0.529633,0.500537,1.823555,0.784
0.762255,0.593321,0.607539,1.765865,0.784
0.721536,0.561729,0.54359,1.662995,0.797597
0.762255,0.529633,0.544383,1.631431,0.865121
0.798681,0.518865,0.5237,1.587451,0.90788
0.798681,0.508079,0.502136,1.566589,0.938393
0.798681,0.454246,0.459064,1.526793,0.943429
0.798681,0.508079,0.5237,1.450461,0.957463
0.798681,0.411871,0.5237,1.352666,0.994228
0.830765,0.401458,0.417373,1.308694,1.034711
0.762255,0.411871,0.415819,1.234626,1.170221
0.762255,0.312609,0.316134,1.214336,1.230375
0.798681,0.29436,0.298443,1.18439,1.308607
0.798681,0.259803,0.263593,1.1465,1.397433
0.721536,0.27675,0.279399,1.121402,1.484853
0.762255,0.19903,0.201671,1.039961,1.540786
0.721536,0.179185,0.187642,0.976363,1.587266
0.628577,0.179185,0.173916,0.937359,1.654664
0.628577,0.172922,0.173916,0.926788,1.752625
0.721536,0.18562,0.10377,0.9129,1.83734
0.628577,0.102525,0.095458,0.90722,1.919022
0.525014,0.102525,0.102587,0.895203,1.95848
0.525014,0.110746,0.110811,0.873,2.070928
0.320426,0.160918,0.159274,0.873,2.161835
0.275918,0.155173,0.147649,0.873,2.205859
0.368461,0.19903,0.197585,0.890784,2.207159
0.167456,0.213151,0.238946,0.951897,2.208459
0.199283,0.206002,0.209503,1.015371,2.220306
0.116115,0.227993,0.237785,1.076827,2.221181
0.199283,0.35086,0.345855,1.11875,2.221181
0.199283,0.380896,0.365637,1.210422,2.256168
0.199283,0.422368,0.40653,1.291728,2.290021
0.23545,0.443565,0.38664,1.360913,2.3025
0.199283,0.475721,0.470198,1.461959,2.302709
0.199283,0.454246,0.470198,1.56496,2.306051
0.199283,0.486499,0.470198,1.63475,2.304989
0.275918,0.391128,0.408074,1.69524,2.30151
0.23545,0.391128,0.38664,1.74961,2.274918
0.23545,0.454246,0.428297,1.919499,2.175666
0.275918,0.443565,0.450344,2.016327,2.142857
0.275918,0.508079,0.493344,2.031,2.106165
0.368461,0.49729,0.516518,2.037552,2.01239
0.368461,0.540374,0.516518,2.06077,1.969439
0.419254,0.582863,0.581339,2.0989,1.939107
0.320426,0.593321,0.579782,2.11145,1.907476
0.471818,0.582863,0.582117,2.1376,1.833589
0.368461,0.691987,0.680639,2.16126,1.73804
0.471818,0.66372,0.663019,2.177039,1.661746
0.419254,0.727528,0.751236,2.180923,1.560568
0.577649,0.736002,0.736621,2.181895,1.464656
0.577649,0.710081,0.683412,2.175331,1.357651
0.6768,0.701113,0.684794,2.133651,1.312745
0.6768,0.718889,0.720823,2.087927,1.2805
0.628577,0.718889,0.720179,2.058511,1.2202
0.6768,0.701113,0.703124,2.037029,1.215
0.6768,0.673287,0.684794,2.010084,1.2126
0.721536,0.644182,0.647127,1.950339,1.215119
0.762255,0.673287,0.667292,1.91024,1.244318
0.762255,0.582863,0.586776,1.866611,1.256
0.762255,0.593321,0.586776,1.815926,1.256
0.798681,0.561729,0.566485,1.756532,1.254376
0.762255,0.572329,0.5657,1.623444,1.23329
0.762255,0.561729,0.5657,1.570647,1.230233
0.798681,0.443565,0.437716,1.493868,1.227416
0.798681,0.411871,0.416596,1.380025,1.219611
0.798681,0.422368,0.437716,1.299148,1.208493
0.798681,0.360756,0.37533,1.211639,1.20843
0.798681,0.321957,0.316826,1.132388,1.2174
0.798681,0.29436,0.298443,1.038091,1.22075
0.798681,0.285472,0.298443,0.965,1.224
0.762255,0.243548,0.246587,0.935212,1.259437
0.798681,0.227993,0.23147,0.92468,1.313202
0.762255,0.19903,0.215928,0.874721,1.382167
0.721536,0.192236,0.187642,0.832375,1.473375
0.6768,0.19903,0.200644,0.767628,1.560356
0.628577,0.18562,0.186669,0.718953,1.637958
0.577649,0.160918,0.161427,0.716141,1.694388
0.577649,0.110746,0.119944,0.716141,1.77866
0.525014,0.11507,0.119607,0.71798,1.837463
0.628577,0.172922,0.173916,0.742882,1.920435
0.721536,0.19903,0.187642,0.793038,1.946462
0.628577,0.235681,0.244809,0.81086,2.020659
0.628577,0.321957,0.332953,0.825225,2.111855
0.577649,0.312609,0.332243,0.84888,2.228971
0.6768,0.401458,0.414267,0.91454,2.273924
0.6768,0.475721,0.456683,1.002625,2.285797
0.6768,0.464965,0.47817,1.073648,2.30071
0.628577,0.551073,0.563342,1.141381,2.311114
0.577649,0.593321,0.583672,1.198437,2.312953
0.471818,0.644182,0.663019,1.259978,2.324343
0.525014,0.682713,0.68272,1.335426,2.329336
0.525014,0.718889,0.68272,1.383195,2.329336
0.577649,0.701113,0.736621,1.463,2.329134
0.577649,0.768165,0.768726,1.556875,2.305625
0.577649,0.760391,0.753024,1.619922,2.246879
0.577649,0.797488,0.797991,1.676562,2.208504
0.471818,0.847621,0.868225,1.74772,2.18863
0.525014,0.858441,0.86859,1.7885,2.1646
0.525014,0.830128,0.83611,1.7885,2.149352
0.525014,0.895461,0.887075,1.7885,2.139915
0.471818,0.887099,0.886754,1.760244,2.115934
0.471818,0.891351,0.895138,1.724852,2.094855
0.419254,0.878157,0.886432,1.596367,2.08375
0.525014,0.858441,0.858419,1.536411,2.068201
0.419254,0.811077,0.823006,1.483565,2.011809
0.471818,0.823952,0.823471,1.447228,1.932432
0.419254,0.817604,0.810078,1.379356,1.87351
0.320426,0.783187,0.780995,1.316588,1.807354
0.419254,0.783187,0.782086,1.232867,1.726675
0.275918,0.804372,0.794881,1.149724,1.681106
0.23545,0.760391,0.764723,1.029443,1.565117
0.320426,0.710081,0.698431,1.014031,1.437058
0.275918,0.644182,0.660156,0.985287,1.354775
0.23545,0.682713,0.659438,0.939451,1.267132
0.23545,0.673287,0.659438,0.885543,1.20456
0.116115,0.654016,0.63684,0.825862,1.086858
0.167456,0.540374,0.555461,0.807911,0.950115
0.23545,0.49729,0.492545,0.807911,0.879907
0.23545,0.432936,0.449553,0.807911,0.816923
0.23545,0.454246,0.449553,0.811142,0.759486
0.275918,0.29436,0.291132,0.832948,0.645987
0.167456,0.220482,0.223603,0.842041,0.587135
0.199283,0.235681,0.224158,0.856679,0.553826
0.199283,0.192236,0.18234,0.902906,0.527984
0.23545,0.160918,0.15842,1.015881,0.527984
0.23545,0.128932,0.136734,1.0947,0.527984
0.23545,0.133857,0.136734,1.160976,0.54024
0.23545,0.119541,0.117602,1.234303,0.54917
0.275918,0.138943,0.137112,1.335716,0.5505
0.368461,0.179185,0.184254,1.447799,0.551875
0.419254,0.155173,0.14886,1.55304,0.558306
0.419254,0.160918,0.160133,1.627017,0.567516
0.471818,0.172922,0.160563,1.683492,0.568942
0.525014,0.18562,0.1857,1.746103,0.60455
0.6768,0.19903,0.214848,1.804474,0.673987
0.721536,0.18562,0.201157,1.85532,0.74252
0.762255,0.243548,0.230901,1.923702,0.784163
0.762255,0.268192,0.262973,2.006313,0.817374
0.762255,0.35086,0.374581,2.127977,0.867312
0.762255,0.35086,0.374581,2.2073,0.9099
0.798681,0.540374,0.37533,2.26485,0.96265
0.798681,0.411871,0.416596,2.289176,1.037715
0.798681,0.443565,0.459064,2.30909,1.125864
0.762255,0.422368,0.415819,2.318251,1.208661
0.762255,0.454246,0.436929,2.323946,1.332915
0.721536,0.432936,0.457477,2.34775,1.40474
0.721536,0.49729,0.500537,2.378029,1.513617
0.6768,0.518865,0.521307,2.403,1.639146
0.721536,0.582863,0.606777,2.403,1.760973
0.6768,0.582863,0.564128,2.403,1.836614
0.721536,0.66372,0.647127,2.398024,1.902459
0.628577,0.644182,0.665159,2.314479,1.973266
0.628577,0.727528,0.737241,2.264125,2.036625
0.721536,0.701113,0.703791,2.252775,2.078672
0.628577,0.760391,0.753618,2.239265,2.097297
0.577649,0.760391,0.768726,2.17825,2.12001
0.577649,0.797488,0.797991,2.025216,2.159183
0.525014,0.84196,0.81106,1.857938,2.166227
0.577649,0.823952,0.81155,1.797441,2.182026
0.525014,0.768165,0.783174,1.74695,2.198395
0.419254,0.811077,0.810078,1.657,2.2055
0.471818,0.811077,0.796958,1.551803,2.230766
0.419254,0.830128,0.823006,1.460223,2.256003
0.471818,0.797488,0.81057,1.413083,2.276
0.419254,0.797488,0.79644,1.311621,2.276
0.419254,0.847621,0.886432,1.173806,2.276
0.368461,0.804372,0.795922,1.085078,2.270234
0.419254,0.817604,0.823006,1.033925,2.253821
0.320426,0.811077,0.822072,0.951711,2.231063
0.23545,0.804372,0.794359,0.933,2.199277
0.320426,0.760391,0.765872,0.933,2.171698
0.368461,0.710081,0.716946,0.933,2.126317
0.275918,0.736002,0.715646,0.934956,2.038915
0.275918,0.736002,0.715646,0.934337,1.990329
0.23545,0.710081,0.714995,0.934337,1.919346
0.199283,0.701113,0.677852,0.929767,1.821521
0.275918,0.66372,0.640529,0.884083,1.714519
0.199283,0.613974,0.618914,0.852292,1.643292
0.23545,0.582863,0.599122,0.839434,1.56064
0.167456,0.572329,0.555461,0.830879,1.493038
0.23545,0.551073,0.55704,0.821603,1.40009
0.275918,0.464965,0.450344,0.812164,1.33475
0.199283,0.443565,0.448762,0.786014,1.232165
0.275918,0.432936,0.408074,0.782852,1.011509
0.275918,0.411871,0.387399,0.789801,0.880385
0.320426,0.312609,0.291792,0.815556,0.753968
0.23545,0.259803,0.290472,0.844804,0.720009
0.320426,0.321957,0.309946,0.901277,0.697666
0.368461,0.251587,0.258045,0.951535,0.67219
0.320426,0.19903,0.183774,1.037451,0.641705
0.419254,0.18562,0.172086,1.148685,0.566583
0.419254,0.243548,0.226951,1.220497,0.51432
0.525014,0.19903,0.19911,1.325563,0.48627
0.525014,0.206002,0.213234,1.386816,0.484666
0.721536,0.235681,0.245993,1.46176,0.4845
0.721536,0.227993,0.230334,1.546327,0.487056
0.762255,0.259803,0.246587,1.62071,0.520321
0.762255,0.312609,0.280043,1.686105,0.591817
0.798681,0.27675,0.298443,1.781165,0.618242
0.798681,0.312609,0.316826,1.883567,0.639131
0.762255,0.331454,0.335087,1.988823,0.69064
0.762255,0.454246,0.458271,2.044,0.76175
0.762255,0.464965,0.458271,2.048,0.813057
0.798681,0.49729,0.502136,2.048197,0.92117
0.798681,0.593321,0.587551,2.06098,1.009119
0.798681,0.518865,0.5237,2.0661,1.126236
0.762255,0.593321,0.586776,2.0661,1.21007
0.798681,0.603692,0.608301,2.07154,1.324925
0.721536,0.654016,0.666581,2.074,1.397062
0.721536,0.634229,0.627173,2.074,1.490569
0.721536,0.673287,0.685484,2.073226,1.643769
0.6768,0.752436,0.754211,2.045126,1.738315
0.6768,0.701113,0.720823,2.02875,1.815215
0.6768,0.736002,0.754211,2.02875,1.866886
0.577649,0.797488,0.797991,2.014606,1.896318
0.525014,0.783187,0.81106,1.998251,1.949667
0.525014,0.858441,0.847599,1.989916,2.014276
0.577649,0.853112,0.848012,1.963049,2.125454
0.577649,0.868613,0.868954,1.939236,2.186594
0.525014,0.847621,0.858419,1.879902,2.212197
0.525014,0.863607,0.858419,1.755268,2.218322
0.525014,0.811077,0.823935,1.665257,2.222136
0.471818,0.823952,0.823471,1.591126,2.232359
0.471818,0.797488,0.796958,1.485402,2.262849
0.419254,0.823952,0.810078,1.427637,2.318052
0.368461,0.811077,0.809586,1.355015,2.337099
0.471818,0.783187,0.796958,1.279412,2.337099
0.23545,0.775765,0.779899,1.170051,2.337099
0.320426,0.718889,0.765872,1.114746,2.319175
0.23545,0.682713,0.67855,1.060693,2.239648
0.275918,0.682713,0.697757,0.945037,2.227486
0.199283,0.673287,0.658719,0.836397,2.215535
0.275918,0.673287,0.679247,0.757275,2.181713
0.167456,0.644182,0.638317,0.702051,2.111776
0.139823,0.624156,0.596817,0.65825,2.0405
0.199283,0.644182,0.639055,0.647889,1.947575
0.23545,0.644182,0.659438,0.640901,1.825172
0.167456,0.624156,0.638317,0.634894,1.691206
0.167456,0.593321,0.597586,0.627842,1.548852
0.199283,0.593321,0.639055,0.626209,1.444559
0.167456,0.613974,0.618159,0.626709,1.334134
0.167456,0.613974,0.576663,0.626709,1.231347
0.139823,0.572329,0.575882,0.642355,1.10575
0.139823,0.582863,0.575882,0.676267,1.00699
0.139823,0.603692,0.596817,0.727583,0.896583
0.199283,0.561729,0.556251,0.754358,0.810955
0.275918,0.551073,0.557829,0.78429,0.686552
0.199283,0.540374,0.534852,0.802061,0.600964
0.275918,0.540374,0.514921,0.900681,0.584651
0.368461,0.486499,0.473386,1.008224,0.584651
0.368461,0.475721,0.473386,1.126324,0.576164
0.419254,0.603692,0.60219,1.223128,0.572333
0.471818,0.540374,0.539621,1.309958,0.5641
0.471818,0.551073,0.518114,1.418929,0.567918
0.471818,0.529633,0.560981,1.52872,0.577125
0.525014,0.508079,0.518913,1.61822,0.579
0.577649,0.475721,0.498139,1.710506,0.580483
0.577649,0.454246,0.498139,1.797488,0.604391
0.6768,0.603692,0.606013,1.894495,0.62785
0.6768,0.603692,0.606013,1.987994,0.694789
0.6768,0.582863,0.585225,2.0926,0.747827
0.721536,0.613974,0.627173,2.183417,0.789331
0.762255,0.634229,0.647857,2.22682,0.849065
0.762255,0.582863,0.586776,2.230615,0.898707
0.798681,0.561729,0.587551,2.248321,0.942472
0.798681,0.540374,0.545176,2.25455,0.998746
0.798681,0.613974,0.608301,2.261988,1.017039
0.830765,0.593321,0.588326,2.256125,1.021217
0.798681,0.603692,0.587551,2.242653,1.026192
0.830765,0.593321,0.609063,2.240657,1.039073
0.798681,0.508079,0.545176,2.230036,1.06059
0.798681,0.529633,0.545176,2.162589,1.069738
0.798681,0.518865,0.545176,2.065927,1.083275
0.830765,0.486499,0.502935,1.950314,1.127791
0.762255,0.391128,0.395013,1.8774,1.236661
0.798681,0.391128,0.355318,1.839439,1.3265
0.721536,0.321957,0.334375,1.738625,1.377625
0.798681,0.285472,0.280688,1.672638,1.400313
0.830765,0.227993,0.247776,1.579436,1.411345
0.762255,0.243548,0.246587,1.504206,1.429302
0.721536,0.19903,0.215387,1.391646,1.477634
0.721536,0.18562,0.187642,1.313246,1.547575
0.628577,0.160918,0.150488,1.220063,1.63076
0.577649,0.119541,0.12936,1.147527,1.704391
0.577649,0.119541,0.12936,1.073638,1.746526
0.525014,0.144189,0.129,0.997908,1.763857
0.471818,0.119541,0.128641,0.887371,1.808717
0.199283,0.11507,0.126506,0.794827,1.871655
0.275918,0.138943,0.147649,0.747638,1.94475
0.275918,0.155173,0.158847,0.734494,2.021704
0.167456,0.220482,0.208974,0.724087,2.075488
0.199283,0.27675,0.255604,0.707093,2.135336
0.167456,0.35086,0.345132,0.704668,2.193325
0.167456,0.331454,0.32589,0.704668,2.228391
0.167456,0.422368,0.405759,0.713738,2.229
0.23545,0.411871,0.407302,0.774297,2.229
0.167456,0.49729,0.490946,0.8476,2.2233
0.167456,0.486499,0.469402,0.899309,2.192806
0.139823,0.529633,0.511726,0.934555,2.154903
0.199283,0.540374,0.534852,1.013201,1.998497
0.167456,0.593321,0.576663,1.114173,1.998497
0.199283,0.582863,0.577443,1.19499,1.998497
0.167456,0.673287,0.71369,1.438227,2.101376
0.167456,0.673287,0.638317,1.513566,2.212531
0.199283,0.718889,0.714343,1.57695,2.220863
0.23545,0.710081,0.714995,1.654022,2.223763
0.275918,0.760391,0.749439,1.793494,2.225545
0.23545,0.752436,0.748838,1.869875,2.225298
0.23545,0.760391,0.764723,1.953934,2.22445
0.419254,0.84196,0.823006,1.999731,2.206514
0.419254,0.847621,0.846771,2.059494,2.149402
0.471818,0.858441,0.847186,2.196943,2.019323
0.419254,0.847621,0.835232,2.252375,1.967065
0.419254,0.858441,0.85764,2.315431,1.872468
0.320426,0.823952,0.83435,2.315431,1.839201
0.419254,0.823952,0.823006,2.315431,1.713638
0.471818,0.847621,0.847186,2.312966,1.59525
0.419254,0.858441,0.85764,2.310458,1.510758
0.525014,0.847621,0.847599,2.305005,1.3334
0.471818,0.858441,0.847186,2.29921,1.25325
0.525014,0.83613,0.823935,2.276923,1.209138
0.628577,0.718889,0.720179,2.262,1.119027
0.577649,0.783187,0.783717,2.243786,1.016975
0.628577,0.752436,0.753618,2.193221,0.954297
0.577649,0.718889,0.736621,2.162756,0.931258
0.6768,0.682713,0.684794,2.090288,0.919714
0.762255,0.691987,0.704457,1.999073,0.868592
0.721536,0.572329,0.564914,1.97332,0.791162
0.721536,0.624156,0.627173,1.890546,0.685097
0.721536,0.624156,0.606777,1.826114,0.670379
0.762255,0.572329,0.586776,1.724817,0.662061
0.798681,0.551073,0.566485,1.637323,0.657805
0.830765,0.454246,0.459858,1.548051,0.652334
0.798681,0.529633,0.545176,1.479286,0.64825
0.798681,0.529633,0.545176,1.399453,0.652875
0.798681,0.529633,0.5237,1.296985,0.656
0.798681,0.486499,0.5237,1.220557,0.656
0.798681,0.443565,0.459064,1.150731,0.659329
0.798681,0.401458,0.416596,1.086733,0.688152
0.762255,0.401458,0.415819,1.050018,0.727348
0.798681,0.341091,0.355318,1.034,0.78646
0.798681,0.321957,0.335799,1.005633,0.82415
0.762255,0.312609,0.316134,0.958718,0.87029
0.798681,0.331454,0.316826,0.954687,0.930286
0.762255,0.29436,0.297774,0.954836,0.983329
0.628577,0.401458,0.413491,0.96337,1.04512
0.525014,0.401458,0.411941,0.964653,1.152396
0.471818,0.341091,0.350208,0.957921,1.214054
0.419254,0.475721,0.45272,0.950042,1.312335
0.368461,0.475721,0.473386,0.931533,1.432467
0.275918,0.593321,0.620421,0.926261,1.520272
0.320426,0.540374,0.515719,0.926261,1.609952
0.275918,0.603692,0.493344,0.922482,1.726169
0.23545,0.551073,0.535647,0.917431,1.827512
0.23545,0.644182,0.619667,0.911086,1.881313
0.199283,0.654016,0.658719,0.902741,2.011271
0.199283,0.682713,0.677852,0.903406,2.095847
0.199283,0.634229,0.618914,0.904,2.158698
0.199283,0.634229,0.618914,0.904,2.160073
0.167456,0.613974,0.618159,0.934968,2.163005
0.199283,0.508079,0.513323,1.030557,2.174316
0.199283,0.508079,0.491746,1.087015,2.166433
0.23545,0.411871,0.492545,1.110304,2.159768
0.199283,0.411871,0.427514,1.14614,2.157244
0.23545,0.432936,0.428297,1.204432,2.148403
0.275918,0.27675,0.273642,1.244962,2.084977
0.320426,0.192236,0.197078,1.279394,1.97321
0.275918,0.19903,0.196573,1.30405,1.8698
0.525014,0.172922,0.172999,1.338365,1.77041
0.471818,0.18562,0.185217,1.412421,1.695354
0.721536,0.160918,0.162729,1.496719,1.602049
0.762255,0.172922,0.175298,1.526096,1.52653
0.798681,0.179185,0.188619,1.602112,1.428163
0.762255,0.243548,0.297774,1.662651,1.285996
0.798681,0.27675,0.263593,1.682749,1.184956
0.762255,0.303407,0.297774,1.736406,1.072629
0.762255,0.341091,0.335087,1.8776,0.938
0.798681,0.380896,0.37533,1.939071,0.898863
0.830765,0.380896,0.396542,2.013581,0.812462
0.798681,0.391128,0.395778,2.086442,0.75679
0.798681,0.486499,0.502136,2.146831,0.744902
0.762255,0.422368,0.436929,2.201411,0.744902
0.798681,0.432936,0.437716,2.221929,0.744902
0.762255,0.464965,0.479766,2.2359,0.76478
0.762255,0.486499,0.501337,2.244702,0.850446
0.721536,0.540374,0.564914,2.263814,0.973989
0.721536,0.561729,0.564914,2.276625,1.068208
0.762255,0.529633,0.544383,2.289491,1.15126
0.721536,0.634229,0.647127,2.304817,1.267446
0.6768,0.673287,0.66587,2.303059,1.350447
0.721536,0.710081,0.703791,2.252326,1.421314
0.6768,0.718889,0.720823,2.1735,1.604
0.628577,0.736002,0.702456,2.161536,1.697864
0.525014,0.736002,0.736,2.139496,1.825483
0.577649,0.790429,0.783717,2.132659,1.921522
0.525014,0.783187,0.797475,2.063329,2.075456
0.577649,0.775765,0.783717,1.966525,2.142453
0.525014,0.783187,0.797475,1.904612,2.167394
0.525014,0.797488,0.783174,1.798957,2.185509
0.525014,0.752436,0.768157,1.711846,2.248843
0.471818,0.744306,0.751833,1.646998,2.291677
0.471818,0.718889,0.735378,1.502794,2.353435
0.471818,0.783187,0.767587,1.391744,2.439
0.419254,0.744306,0.751236,1.31221,2.439
0.368461,0.760391,0.750638,1.23679,2.439
0.368461,0.736002,0.750638,1.172894,2.419093
0.419254,0.727528,0.734756,1.078079,2.375132
0.368461,0.701113,0.716946,0.931288,2.347449
0.320426,0.775765,0.765872,0.872066,2.31541
0.23545,0.654016,0.639792,0.8225,2.275315
0.23545,0.634229,0.599122,0.809,2.206
0.199283,0.710081,0.677852,0.808375,2.146824
0.167456,0.613974,0.618159,0.801531,2.05931
0.199283,0.644182,0.639055,0.780518,1.978069
0.139823,0.593321,0.596817,0.773778,1.863051
0.167456,0.572329,0.576663,0.762565,1.747869
0.167456,0.508079,0.490946,0.707292,1.649963
0.167456,0.508079,0.490946,0.693253,1.572307
0.167456,0.475721,0.469402,0.693253,1.482177
0.167456,0.454246,0.447971,0.693253,1.443789
0.23545,0.401458,0.407302,0.740128,1.272722
0.23545,0.380896,0.38664,0.781096,1.183581
0.167456,0.331454,0.307218,0.800826,1.090483
0.199283,0.321957,0.307899,0.813302,0.99551
0.199283,0.312609,0.307899,0.836546,0.898844
0.199283,0.227993,0.224158,0.882004,0.7376
0.275918,0.19903,0.210564,0.948876,0.711713
0.275918,0.155173,0.147649,1.051835,0.707933
0.23545,0.166834,0.15842,1.13588,0.702705
0.275918,0.138943,0.147649,1.243896,0.695871
0.275918,0.155173,0.147649,1.332642,0.695062
0.320426,0.19903,0.183774,1.4411,0.657754
0.368461,0.172922,0.171631,1.540335,0.617291
0.275918,0.172922,0.183295,1.617178,0.616041
0.23545,0.259803,0.256213,1.710878,0.613424
0.525014,0.285472,0.276831,1.798295,0.6095
0.577649,0.312609,0.332243,1.891966,0.687332
0.471818,0.432936,0.453512,1.975846,0.74786
0.419254,0.454246,0.45272,2.081812,0.760365
0.419254,0.518865,0.517316,2.19425,0.776159
0.471818,0.540374,0.539621,2.270991,0.796422
0.368461,0.673287,0.661589,2.293374,0.834985
0.525014,0.66372,0.644202,2.296,0.906817
0.419254,0.644182,0.662304,2.296,1.012126
0.419254,0.797488,0.782086,2.291,1.117273
0.471818,0.811077,0.796958,2.298833,1.237422
0.471818,0.823952,0.81057,2.314232,1.34586
0.471818,0.830128,0.81057,2.302928,1.452867
0.525014,0.783187,0.783174,2.292373,1.580234
0.525014,0.783187,0.768157,2.291,1.707322
0.525014,0.775765,0.701118,2.28939,1.804182
0.577649,0.752436,0.736621,2.257488,1.865237
0.628577,0.701113,0.720179,2.213038,1.935723
0.577649,0.718889,0.719534,2.180126,2.002871
0.628577,0.682713,0.684104,2.164766,2.027114
0.628577,0.603692,0.625677,2.147154,2.056937
0.6768,0.582863,0.564128,2.119197,2.056937
0.721536,0.540374,0.564914,2.0912,2.052078
0.721536,0.582863,0.564914,2.048981,1.973623
0.721536,0.572329,0.564914,2.016525,1.878985
0.798681,0.551073,0.545176,1.943203,1.776285
0.798681,0.551073,0.545176,1.880678,1.702556
0.798681,0.582863,0.566485,1.818023,1.628489
0.762255,0.529633,0.544383,1.752773,1.591803
0.798681,0.454246,0.459064,1.699938,1.523375
0.762255,0.432936,0.436929,1.58607,1.420713
0.798681,0.432936,0.459064,1.519337,1.29975
0.798681,0.380896,0.37533,1.479417,1.21758
0.798681,0.341091,0.355318,1.428722,1.144798
0.830765,0.312609,0.317518,1.3375,1.04575
0.798681,0.268192,0.263593,1.259006,1.021719
0.798681,0.268192,0.263593,1.140605,1.000216
0.762255,0.227993,0.230901,1.084165,0.987682
0.798681,0.179185,0.175761,1.03,0.987682
0.721536,0.133857,0.140552,1.022667,0.987682
0.6768,0.144189,0.140166,1.020692,1.035539
0.628577,0.106567,0.103177,1.0092,1.169451
0.525014,0.094848,0.094907,0.984847,1.210761
0.419254,0.119541,0.101999,0.957063,1.28975
0.320426,0.119541,0.118267,0.940364,1.411288
0.275918,0.172922,0.158847,0.928711,1.511246
0.23545,0.172922,0.170271,0.91577,1.631224
0.23545,0.18562,0.182817,0.898457,1.742425
0.320426,0.206002,0.211096,0.884498,1.818495
0.320426,0.251587,0.211096,0.877803,1.887775
0.23545,0.227993,0.224715,0.882634,1.972758
0.23545,0.312609,0.327297,0.886166,2.058797
0.23545,0.312609,0.30858,0.888708,2.107669
0.199283,0.454246,0.427514,0.896783,2.117599
0.199283,0.432936,0.427514,0.951618,2.126735
0.167456,0.572329,0.555461,1.022432,2.138417
0.199283,0.443565,0.448762,1.099289,2.1426
0.139823,0.529633,0.53326,1.135432,2.176428
0.199283,0.529633,0.513323,1.189199,2.256651
0.167456,0.518865,0.512524,1.251036,2.31195
0.199283,0.561729,0.556251,1.360712,2.333011
0.23545,0.508079,0.514122,1.468225,2.339586
0.23545,0.644182,0.639792,1.575325,2.344594
0.167456,0.644182,0.638317,1.656921,2.349211
0.320426,0.682713,0.679943,1.784687,2.352089
0.368461,0.691987,0.680639,1.83825,2.3538
0.368461,0.718889,0.699104,1.889318,2.3538
0.419254,0.727528,0.717594,1.914938,2.3538
0.471818,0.744306,0.751833,1.964478,2.29204
0.525014,0.736002,0.736,1.987847,2.172671
0.525014,0.727528,0.718888,2.040569,2.049222
0.525014,0.634229,0.644202,2.107,2.010078
0.577649,0.624156,0.624928,2.1115,1.946676
0.6768,0.634229,0.684794,2.124382,1.874326
0.6768,0.603692,0.626425,2.144014,1.791276
0.628577,0.624156,0.625677,2.151,1.702847
0.628577,0.572329,0.584448,2.150211,1.501197
0.628577,0.540374,0.542003,2.114935,1.35
0.628577,0.529633,0.542003,2.105639,1.321249
0.628577,0.529633,0.520509,2.113614,1.278896
0.577649,0.486499,0.476575,2.1021,1.203605
0.577649,0.475721,0.498139,2.098036,1.116511
0.525014,0.49729,0.475777,2.083125,1.079689
0.419254,0.540374,0.517316,2.058514,1.071308
0.471818,0.518865,0.496541,2.006104,1.06375
0.419254,0.475721,0.495741,1.955991,1.050945
0.320426,0.475721,0.472589,1.909068,1.044842
0.368461,0.411871,0.430647,1.872719,1.030828
0.368461,0.411871,0.409619,1.811369,0.975811
0.320426,0.391128,0.388158,1.716075,0.9617
0.275918,0.401458,0.408074,1.605114,0.9617
0.320426,0.391128,0.367864,1.51799,0.9617
0.275918,0.391128,0.387399,1.472348,0.969925
0.275918,0.391128,0.408074,1.42826,0.98511
0.275918,0.411871,0.42908,1.367881,1.00375
0.23545,0.370768,0.38664,1.260757,1.043162
0.23545,0.422368,0.428297,1.187571,1.092132
0.419254,0.391128,0.389677,1.1378,1.1428
0.320426,0.401458,0.388158,1.115574,1.188324
0.368461,0.391128,0.388917,1.108,1.253198
0.368461,0.380896,0.388917,1.103566,1.346718
0.419254,0.486499,0.410393,1.101693,1.453475
0.419254,0.508079,0.495741,1.09224,1.537187
0.525014,0.486499,0.475777,1.06175,1.623046
0.525014,0.551073,0.561768,1.059,1.674213
0.471818,0.518865,0.539621,1.059,1.702333
0.577649,0.603692,0.604486,1.062136,1.702333
0.628577,0.582863,0.584448,1.106269,1.706333
0.628577,0.572329,0.584448,1.179806,1.698242
0.721536,0.634229,0.627173,1.255975,1.64998
0.721536,0.691987,0.685484,1.332746,1.559292
0.762255,0.624156,0.627921,1.378505,1.515771
0.721536,0.613974,0.606777,1.468718,1.497875
0.762255,0.603692,0.586776,1.568148,1.494567
0.762255,0.551073,0.5657,1.582671,1.494736
0.721536,0.593321,0.606777,1.622548,1.495561
0.762255,0.561729,0.5657,1.660324,1.495561
0.798681,0.508079,0.545176,1.819391,1.474569
0.858641,0.518865,0.525295,1.887,1.429796
0.830765,0.529633,0.545968,1.892384,1.408816
0.798681,0.454246,0.459064,1.896532,1.401145
0.830765,0.551073,0.545968,1.892,1.408816
0.830765,0.454246,0.438503,1.842868,1.505592
0.830765,0.422368,0.417373,1.771413,1.526689
0.798681,0.360756,0.37533,1.724377,1.535
0.830765,0.29436,0.317518,1.67464,1.535
0.798681,0.27675,0.280688,1.6177,1.534492
0.830765,0.27675,0.264214,1.47056,1.520706
0.798681,0.213151,0.21647,1.379495,1.514
0.798681,0.192236,0.202187,1.290704,1.514
0.721536,0.172922,0.187642,1.1975,1.514
0.721536,0.179185,0.162729,1.087905,1.521305
0.6768,0.160918,0.162294,1.0395,1.566087
0.6768,0.12416,0.11176,1.003123,1.626868
0.721536,0.102525,0.10377,0.934032,1.689336
0.628577,0.119541,0.12972,0.846688,1.723866
0.525014,0.084297,0.087747,0.796122,1.785049
0.471818,0.102525,0.102293,0.788945,1.874168
0.368461,0.11507,0.10987,0.784904,1.971855
0.419254,0.149599,0.14886,0.782851,2.050723
0.419254,0.149599,0.14886,0.782747,2.072848
0.320426,0.19903,0.211096,0.786085,2.133148
0.275918,0.227993,0.210564,0.792825,2.199935
0.23545,0.259803,0.240111,0.794,2.279398
0.199283,0.259803,0.255604,0.819875,2.298916
0.199283,0.303407,0.307899,0.844192,2.30092
0.23545,0.285472,0.290472,0.93654,2.310295
0.199283,0.464965,0.470198,1.031774,2.323004
0.167456,0.49729,0.490946,1.181505,2.329259
0.116115,0.464965,0.489348,1.464707,2.347138
0.167456,0.486499,0.490946,1.563883,2.358
0.199283,0.551073,0.556251,1.650873,2.358
0.23545,0.572329,0.619667,1.700464,2.358
0.23545,0.572329,0.55704,1.705269,2.3568
0.199283,0.593321,0.577443,1.708519,2.357135
0.167456,0.673287,0.658,1.756701,2.3575
0.23545,0.613974,0.619667,1.801834,2.35425
0.199283,0.718889,0.714343,1.833135,2.348
0.199283,0.727528,0.714343,1.853234,2.353771
0.23545,0.736002,0.732256,1.880944,2.354171
0.275918,0.727528,0.732882,1.931388,2.350903
0.275918,0.727528,0.732882,1.975139,2.283469
0.275918,0.811077,0.765298,1.999781,2.061333
0.368461,0.718889,0.716946,2.086051,1.969941
0.419254,0.823952,0.79644,2.132375,1.916491
0.368461,0.768165,0.766444,2.14001,1.801598
0.419254,0.783187,0.782086,2.180205,1.686938
0.320426,0.783187,0.809093,2.224223,1.638418
0.525014,0.783187,0.783174,2.238964,1.464459
0.525014,0.768165,0.752429,2.261929,1.322927
0.577649,0.736002,0.736621,2.261929,1.266264
0.628577,0.760391,0.753618,2.261929,1.23465
0.628577,0.736002,0.720179,2.242243,1.201889
0.628577,0.682713,0.702456,2.209067,1.137277
0.6768,0.682713,0.66587,2.200871,1.075971
0.6768,0.561729,0.564128,2.182232,0.989733
0.628577,0.572329,0.584448,2.173379,0.920714
0.721536,0.593321,0.606777,2.10443,0.890848
0.721536,0.582863,0.586001,1.99338,0.883859
0.798681,0.593321,0.608301,1.945429,0.8746
0.762255,0.582863,0.586776,1.909803,0.849906
0.762255,0.561729,0.5657,1.877972,0.772694
0.762255,0.540374,0.522902,1.847095,0.694
0.798681,0.540374,0.5237,1.756091,0.694
0.762255,0.475721,0.501337,1.6542,0.694
0.798681,0.486499,0.459064,1.566196,0.711
0.762255,0.475721,0.479766,1.529156,0.744976
0.830765,0.411871,0.417373,1.482118,0.7669
0.830765,0.35086,0.356051,1.424021,0.769475
0.830765,0.360756,0.356051,1.31879,0.775106
0.830765,0.360756,0.396542,1.248804,0.777155
0.830765,0.35086,0.356051,1.173555,0.834295
0.798681,0.341091,0.335799,1.126133,0.926264
0.721536,0.35086,0.353855,1.104414,0.99392
0.762255,0.35086,0.354586,1.052595,1.102381
0.6768,0.312609,0.296439,0.967692,1.243959
0.628577,0.285472,0.295772,0.944036,1.282811
0.628577,0.27675,0.278113,0.914441,1.347098
0.577649,0.268192,0.277472,0.84445,1.457327
0.471818,0.29436,0.293778,0.831297,1.579315
0.471818,0.312609,0.312002,0.82788,1.724347
0.471818,0.370768,0.350208,0.822308,1.800594
0.368461,0.370768,0.368608,0.798841,1.929509
0.471818,0.432936,0.390438,0.766512,2.018034
0.139823,0.464965,0.490147,0.762391,2.148992
0.23545,0.540374,0.55704,0.762391,2.218087
0.167456,0.572329,0.534056,0.787349,2.231089
0.167456,0.582863,0.576663,0.880156,2.239824
0.139823,0.561729,0.554672,0.946217,2.252265
0.095978,0.673287,0.615893,1.002553,2.258775
0.199283,0.710081,0.658719,1.08303,2.266715
0.199283,0.682713,0.677852,1.241672,2.272
0.167456,0.682713,0.695731,1.430957,2.272
0.199283,0.701113,0.696407,1.56688,2.272
0.199283,0.691987,0.677852,1.574822,2.268286
0.23545,0.66372,0.659438,1.551761,2.211698
0.23545,0.613974,0.639792,1.40198,2.064742
0.23545,0.603692,0.599122,1.376668,1.954075
0.199283,0.561729,0.534852,1.374657,1.892376
0.23545,0.551073,0.535647,1.434,1.842656
0.167456,0.475721,0.469402,1.456303,1.805996
0.23545,0.432936,0.407302,1.55049,1.733397
0.199283,0.411871,0.40653,1.64689,1.605328
0.23545,0.341091,0.30858,1.693,1.549
0.23545,0.303407,0.30858,1.695045,1.477667
0.23545,0.27675,0.290472,1.752963,1.322622
0.23545,0.27675,0.273007,1.814152,1.244246
0.199283,0.235681,0.224158,1.874128,1.157723
0.199283,0.18562,0.18234,1.934932,1.099552
0.275918,0.18562,0.170724,2.019219,1.01905
0.199283,0.172922,0.16982,2.075524,0.917857
0.199283,0.149599,0.146846,2.095556,0.829082
0.199283,0.133857,0.126506,2.127847,0.804791
0.23545,0.128932,0.12686,2.151769,0.790627
0.320426,0.12416,0.109557,2.19735,0.781704
0.525014,0.119541,0.110811,2.241841,0.73954
0.628577,0.094848,0.111443,2.286355,0.711
0.721536,0.144189,0.130444,2.296,0.711
0.762255,0.155173,0.163165,2.296,0.711
0.762255,0.172922,0.18813,2.296,0.721282
0.798681,0.227993,0.23147,2.277831,0.802213
0.830765,0.29436,0.299113,2.251655,0.905163
0.798681,0.321957,0.37533,2.251655,1.014884
0.798681,0.401458,0.395778,2.251655,1.151005
0.798681,0.432936,0.437716,2.250326,1.269874
0.798681,0.422368,0.437716,2.259769,1.342241
0.762255,0.443565,0.458271,2.259769,1.399063
0.798681,0.49729,0.502136,2.259269,1.555042
0.762255,0.561729,0.522902,2.241875,1.699098
0.762255,0.572329,0.522902,2.2395,1.773257
0.798681,0.624156,0.648586,2.2395,1.860268
0.762255,0.654016,0.627921,2.25,1.946698
0.721536,0.634229,0.627173,2.244382,2.069559
0.721536,0.66372,0.666581,2.253,2.190075
0.6768,0.644182,0.646397,2.253,2.235297
0.628577,0.710081,0.702456,2.234739,2.318488
0.6768,0.682713,0.66587,2.152055,2.3536
0.628577,0.682713,0.702456,2.052,2.422375
0.577649,0.797488,0.81155,1.995683,2.474249
0.525014,0.804372,0.783174,1.947653,2.506729
0.577649,0.83613,0.848012,1.838698,2.5262
0.577649,0.783187,0.797991,1.724014,2.5262
0.525014,0.823952,0.823935,1.610261,2.528174
0.577649,0.863607,0.81155,1.48786,2.507816
0.577649,0.797488,0.797991,1.450276,2.4938
0.525014,0.797488,0.797475,1.320458,2.49375
0.525014,0.83613,0.847599,1.198,2.469271
0.419254,0.847621,0.846771,1.11375,2.410242
0.368461,0.797488,0.82254,1.022548,2.375875
0.320426,0.804372,0.809093,0.974428,2.325165
0.368461,0.797488,0.781541,0.948672,2.244893
0.320426,0.783187,0.780995,0.878958,2.184376
0.368461,0.752436,0.750638,0.796997,2.106959
0.275918,0.768165,0.765298,0.731481,2.015101
0.320426,0.775765,0.780995,0.72375,1.899442
0.320426,0.797488,0.795402,0.72375,1.81925
0.275918,0.783187,0.765298,0.72375,1.71576
0.368461,0.752436,0.750638,0.738286,1.593298
0.275918,0.752436,0.749439,0.756711,1.492445
0.368461,0.752436,0.734132,0.757,1.42975
0.320426,0.654016,0.660872,0.757,1.286176
0.368461,0.644182,0.642,0.761911,1.162113
0.275918,0.603692,0.579003,0.765279,1.059
0.368461,0.603692,0.601424,0.765279,0.987057
0.419254,0.529633,0.517316,0.771748,0.914714
0.471818,0.518865,0.582117,0.835552,0.807091
0.471818,0.432936,0.453512,0.918132,0.737257
0.471818,0.454246,0.453512,1.030601,0.658757
0.525014,0.370768,0.391199,1.116813,0.608294
0.577649,0.360756,0.37159,1.185652,0.519957
0.628577,0.29436,0.295772,1.255352,0.487361
0.628577,0.27675,0.295772,1.337776,0.479641
0.6768,0.268192,0.261735,1.432788,0.4745
0.721536,0.243548,0.245993,1.534624,0.484086
0.762255,0.213151,0.215928,1.618156,0.501181
0.721536,0.227993,0.215387,1.714353,0.54919
0.721536,0.160918,0.162729,1.773116,0.566859
0.721536,0.155173,0.162729,1.8245,0.602256
0.628577,0.128932,0.139781,1.8245,0.646022
0.577649,0.138943,0.139397,1.8245,0.669524
0.471818,0.160918,0.149266,1.8073,0.7199
0.471818,0.110746,0.110497,1.744875,0.79725
0.419254,0.091207,0.09436,1.709911,0.891284
0.368461,0.119541,0.127926,1.695831,1.032966
0.199283,0.133857,0.136357,1.666333,1.098196
0.199283,0.19903,0.16982,1.623525,1.212251
0.23545,0.220482,0.210033,1.613244,1.325596
0.167456,0.235681,0.223603,1.5953,1.461614
0.23545,0.227993,0.240111,1.57994,1.564093
0.199283,0.29436,0.289814,1.526085,1.698093
0.199283,0.370768,0.345855,1.502947,1.832627
0.23545,0.35086,0.346579,1.502947,1.955321
0.167456,0.391128,0.405759,1.503813,2.062985
0.139823,0.551073,0.53326,1.510395,2.148675
0.199283,0.508079,0.491746,1.524541,2.18864
0.167456,0.529633,0.512524,1.540181,2.230685
0.167456,0.582863,0.597586,1.5636,2.389133
0.199283,0.613974,0.598354,1.595898,2.401273
0.23545,0.572329,0.578223,1.665153,2.401273
0.23545,0.603692,0.599122,1.728798,2.400745
0.199283,0.682713,0.658719,1.798834,2.368908
0.275918,0.654016,0.660156,1.857426,2.343816
0.23545,0.744306,0.748838,1.918896,2.32567
0.23545,0.752436,0.764723,2.058696,2.23358
0.275918,0.736002,0.749439,2.125948,2.153187
0.320426,0.768165,0.765872,2.133752,2.12475
0.320426,0.783187,0.780995,2.166668,2.0762
0.419254,0.768165,0.79644,2.193378,2.009786
0.419254,0.783187,0.767016,2.211381,1.95929
0.471818,0.83613,0.823471,2.253798,1.8709
0.471818,0.823952,0.823471,2.264475,1.778125
0.525014,0.783187,0.783174,2.28687,1.662828
0.419254,0.783187,0.767016,2.310942,1.596915
0.6768,0.760391,0.769861,2.32709,1.491166
0.628577,0.768165,0.784258,2.307783,1.413569
0.721536,0.682713,0.703791,2.277607,1.349349
0.628577,0.682713,0.684104,2.206377,1.304683
0.6768,0.66372,0.684794,2.188021,1.231817
0.6768,0.613974,0.703124,2.18046,1.040663
0.721536,0.624156,0.627173,2.176478,1.002013
0.762255,0.654016,0.647857,2.161447,0.951452
0.762255,0.582863,0.586776,2.084298,0.90177
0.798681,0.603692,0.587551,2.012083,0.8705
0.798681,0.634229,0.648586,1.937042,0.856367
0.798681,0.518865,0.545176,1.868208,0.800474
0.830765,0.518865,0.524497,1.823481,0.766184
0.762255,0.486499,0.479766,1.739568,0.720581
0.798681,0.443565,0.480564,1.645727,0.675234
0.798681,0.464965,0.459064,1.554821,0.674349
0.798681,0.454246,0.459064,1.4415,0.673759
0.830765,0.360756,0.356051,1.351658,0.674688
0.762255,0.303407,0.316134,1.306975,0.679673
0.830765,0.268192,0.281334,1.251255,0.687826
0.830765,0.243548,0.264214,1.20376,0.703348
0.830765,0.220482,0.217013,1.144992,0.729509
0.798681,0.19903,0.202187,1.066779,0.83667
0.762255,0.166834,0.163165,1.034125,0.928036
0.721536,0.128932,0.140552,1.027274,1.008117
0.721536,0.102525,0.112078,1.021193,1.133085
0.628577,0.128932,0.12972,0.980335,1.25911
0.6768,0.12416,0.130082,0.9245,1.3321
0.525014,0.119541,0.102587,0.894653,1.450582
0.471818,0.110746,0.160563,0.865293,1.554004
0.368461,0.144189,0.159703,0.861037,1.651261
0.368461,0.18562,0.184254,0.852613,1.756657
0.419254,0.166834,0.160133,0.846877,1.850024
0.320426,0.235681,0.24128,0.828512,1.910862
0.320426,0.220482,0.225831,0.8105,2.020648
0.199283,0.321957,0.326593,0.8105,2.097012
0.275918,0.321957,0.328001,0.812875,2.143271
0.199283,0.432936,0.427514,0.8284,2.210317
0.199283,0.475721,0.470198,0.893425,2.223066
0.23545,0.551073,0.535647,0.970519,2.232921
0.199283,0.508079,0.513323,1.049783,2.235304
0.275918,0.561729,0.557829,1.104489,2.24351
0.23545,0.572329,0.55704,1.16809,2.293671
0.199283,0.644182,0.556251,1.269007,2.3456
0.199283,0.673287,0.677852,1.334785,2.378614
0.199283,0.66372,0.677852,1.434913,2.389
0.167456,0.682713,0.677154,1.543639,2.391071
0.167456,0.752436,0.763571,1.627488,2.395024
0.23545,0.718889,0.732256,1.687778,2.393863
0.23545,0.701113,0.697083,1.742722,2.3887
0.320426,0.691987,0.698431,1.800287,2.383168
0.275918,0.760391,0.765298,1.8757,2.355595
0.275918,0.744306,0.749439,1.930053,2.26597
0.275918,0.790429,0.765298,1.935293,2.222519
0.368461,0.790429,0.795922,1.940121,2.139353
0.320426,0.768165,0.765872,1.948456,2.064838
0.320426,0.752436,0.750039,1.959042,1.968712
0.419254,0.752436,0.767016,2.012968,1.872034
0.320426,0.691987,0.679943,2.031802,1.798328
0.368461,0.701113,0.734132,2.123375,1.587383
0.368461,0.701113,0.699104,2.136,1.521141
0.368461,0.701113,0.750638,2.136,1.48781
0.471818,0.634229,0.623428,2.135666,1.442573
0.471818,0.603692,0.602956,2.101704,1.326272
0.419254,0.540374,0.560193,2.093295,1.227447
0.419254,0.529633,0.560193,2.080278,1.148499
0.419254,0.518865,0.538826,2.069621,1.069183
0.471818,0.391128,0.411167,2.068026,0.99094
0.577649,0.35086,0.37159,2.042456,0.943088
0.628577,0.360756,0.352394,1.981773,0.883269
0.628577,0.370768,0.372337,1.961191,0.834598
0.721536,0.268192,0.279399,1.952556,0.726936
0.721536,0.29436,0.297106,1.942259,0.694085
0.721536,0.19903,0.201157,1.930883,0.694271
0.762255,0.213151,0.201671,1.864115,0.694338
0.798681,0.251587,0.263593,1.788726,0.708853
0.798681,0.235681,0.247181,1.714023,0.731519
0.798681,0.243548,0.263593,1.668285,0.732
0.798681,0.285472,0.280688,1.59379,0.743124
0.830765,0.341091,0.336513,1.497875,0.752567
0.830765,0.380896,0.396542,1.469984,0.759094
0.830765,0.401458,0.396542,1.4635,0.775159
0.830765,0.411871,0.417373,1.4635,0.799516
0.798681,0.422368,0.416596,1.4635,0.889767
0.798681,0.464965,0.459064,1.480268,0.953706
0.798681,0.454246,0.437716,1.483769,1.029884
0.798681,0.454246,0.459064,1.483769,1.118778
0.798681,0.551073,0.566485,1.483827,1.219023
0.762255,0.593321,0.586776,1.482081,1.2687
0.762255,0.593321,0.607539,1.480592,1.334251
0.721536,0.551073,0.586001,1.476573,1.4628
0.6768,0.624156,0.626425,1.47525,1.641061
0.6768,0.603692,0.606013,1.475,1.770161
0.628577,0.654016,0.645666,1.468172,1.93199
0.628577,0.624156,0.625677,1.45349,2.006944
0.577649,0.701113,0.701788,1.41051,2.09782
0.577649,0.718889,0.719534,1.365127,2.22875
0.628577,0.736002,0.720179,1.351854,2.331488
0.628577,0.727528,0.737241,1.29893,2.440805
0.577649,0.752436,0.736621,1.259209,2.482393
0.525014,0.718889,0.701118,1.184561,2.522716
0.471818,0.710081,0.718242,1.07637,2.522716
0.525014,0.760391,0.718888,0.998947,2.522716
0.368461,0.783187,0.781541,0.893464,2.519059
0.320426,0.768165,0.765872,0.794911,2.4891
0.419254,0.775765,0.782086,0.747,2.412311
0.368461,0.701113,0.699104,0.747,2.362026
0.419254,0.691987,0.699776,0.747,2.329211
0.320426,0.66372,0.660872,0.775667,2.239412
0.320426,0.691987,0.679943,0.787889,2.16789
0.275918,0.710081,0.697757,0.787889,2.091292
0.23545,0.654016,0.639792,0.787889,1.984192
0.199283,0.613974,0.598354,0.774,1.862142
0.199283,0.561729,0.556251,0.774,1.771382
0.199283,0.551073,0.534852,0.774,1.694349
0.199283,0.49729,0.470198,0.789101,1.549971
0.23545,0.486499,0.492545,0.821686,1.449179
0.23545,0.312609,0.30858,0.842854,1.369382
0.199283,0.27675,0.272373,0.876023,1.282913
0.139823,0.243548,0.238365,0.90715,1.22995
0.199283,0.192236,0.18234,0.911666,1.07396
0.23545,0.192236,0.182817,0.914648,0.998381
0.275918,0.119541,0.147649,0.917222,0.923767
0.471818,0.12416,0.138632,0.991477,0.875782
0.368461,0.138943,0.13787,1.106359,0.823969
0.419254,0.160918,0.14886,1.20037,0.791509
0.525014,0.172922,0.160994,1.304251,0.746362
0.762255,0.172922,0.163165,1.39468,0.697511
0.798681,0.172922,0.163603,1.467251,0.667
0.762255,0.172922,0.175298,1.533865,0.667
0.798681,0.259803,0.263593,1.625151,0.667
0.798681,0.259803,0.263593,1.71456,0.6661
0.798681,0.341091,0.335799,1.790649,0.684192
0.798681,0.370768,0.395778,1.862605,0.73198
0.798681,0.411871,0.395778,1.970256,0.757472
0.830765,0.475721,0.502935,2.056498,0.760282
0.830765,0.475721,0.481362,2.148588,0.766009
0.798681,0.432936,0.437716,2.208247,0.801886
0.798681,0.464965,0.480564,2.22251,0.87564
0.762255,0.475721,0.458271,2.227,0.997661
0.762255,0.475721,0.479766,2.229126,1.107792
0.721536,0.572329,0.564914,2.230945,1.249036
0.721536,0.551073,0.54359,2.237758,1.374851
0.721536,0.593321,0.564914,2.264,1.497675
0.721536,0.572329,0.586001,2.265925,1.584492
0.6768,0.582863,0.606013,2.2806,1.690441
0.577649,0.691987,0.701788,2.287775,1.794889
0.628577,0.718889,0.720179,2.283824,1.85255
0.525014,0.701113,0.701118,2.249196,1.936752
0.577649,0.760391,0.768726,2.202508,2.066875
0.525014,0.775765,0.797475,2.1141,2.2477
0.525014,0.823952,0.823935,1.922037,2.3685
0.419254,0.847621,0.835232,1.863132,2.379
0.471818,0.823952,0.823471,1.822826,2.3794
0.419254,0.811077,0.823006,1.786161,2.421377
0.471818,0.811077,0.796958,1.760797,2.436
0.419254,0.817604,0.835232,1.716609,2.436
0.419254,0.83613,0.835232,1.517891,2.4417
0.368461,0.914013,0.96599,1.420693,2.455446
0.320426,0.783187,0.780995,1.324635,2.455446
0.275918,0.727528,0.732882,1.21094,2.455446
0.275918,0.752436,0.749439,1.139847,2.450552
0.23545,0.701113,0.714995,1.088426,2.406448
0.23545,0.701113,0.67855,0.96907,2.380676
0.275918,0.673287,0.697757,0.930462,2.341302
0.199283,0.710081,0.714343,0.810281,2.311977
0.199283,0.701113,0.714343,0.779808,2.282
0.275918,0.701113,0.715646,0.779808,2.221645
0.199283,0.701113,0.696407,0.779808,2.12145
0.199283,0.718889,0.714343,0.805156,2.021777
0.275918,0.644182,0.660156,0.846074,1.918922
0.23545,0.529633,0.514122,0.852893,1.823875
0.320426,0.518865,0.515719,0.858042,1.706508
0.275918,0.475721,0.450344,0.866052,1.558331
0.275918,0.464965,0.450344,0.866863,1.524199
0.23545,0.380896,0.38664,0.865275,1.445344
0.275918,0.331454,0.347303,0.867,1.345097
0.275918,0.331454,0.328001,0.8744,1.229806
0.275918,0.285472,0.256823,0.893626,1.081502
0.320426,0.213151,0.225831,0.90188,0.916056
0.525014,0.19903,0.213234,0.903,0.787802
0.419254,0.18562,0.184735,0.906944,0.703207
0.525014,0.172922,0.172999,0.926683,0.592991
0.577649,0.172922,0.173457,0.97164,0.549129
0.628577,0.166834,0.173916,1.048022,0.545755
0.6768,0.155173,0.150897,1.145121,0.538646
0.762255,0.166834,0.163165,1.239608,0.53199
0.798681,0.160918,0.175761,1.337438,0.526115
0.798681,0.19903,0.202187,1.441829,0.517806
0.858641,0.206002,0.232609,1.561683,0.5035
0.798681,0.27675,0.263593,1.664154,0.5035
0.762255,0.27675,0.316134,1.760865,0.505134
0.798681,0.35086,0.355318,1.820141,0.521044
0.798681,0.341091,0.335799,1.89792,0.544988
0.830765,0.411871,0.417373,1.975401,0.578761
0.798681,0.422368,0.416596,2.069042,0.585153
0.830765,0.454246,0.459858,2.133268,0.628931
0.830765,0.486499,0.459858,2.146,0.712359
0.762255,0.475721,0.501337,2.146,0.75352
0.798681,0.486499,0.502136,2.146,0.788875
0.798681,0.529633,0.5237,2.135875,0.845625
0.762255,0.49729,0.522902,2.090542,0.932535
0.721536,0.572329,0.564914,2.043396,1.001581
0.721536,0.624156,0.647127,2.0067,1.076369
0.6768,0.603692,0.626425,1.991125,1.172827
0.6768,0.66372,0.646397,1.983388,1.230693
0.6768,0.727528,0.703124,1.97188,1.435061
0.628577,0.701113,0.684104,1.950652,1.552127
0.577649,0.768165,0.768726,1.940422,1.646901
0.525014,0.718889,0.701118,1.935224,1.709611
0.525014,0.727528,0.736,1.942953,1.773337
0.577649,0.760391,0.768726,1.931113,1.840026
0.471818,0.83613,0.835672,1.914875,1.959019
0.525014,0.823952,0.823935,1.903667,2.09514
0.471818,0.83613,0.835672,1.890019,2.184575
0.471818,0.804372,0.81057,1.8047,2.300071
0.419254,0.811077,0.810078,1.765798,2.37387
0.471818,0.768165,0.782631,1.695344,2.412573
0.471818,0.768165,0.782631,1.557097,2.454616
0.419254,0.783187,0.782086,1.454381,2.483865
0.419254,0.783187,0.782086,1.36737,2.527622
0.368461,0.797488,0.795922,1.312871,2.541048
0.275918,0.811077,0.808598,1.1076,2.541048
0.275918,0.760391,0.749439,1.032346,2.541048
0.320426,0.701113,0.716297,0.962136,2.531816
0.275918,0.727528,0.715646,0.926427,2.480418
0.23545,0.682713,0.67855,0.874467,2.401621
0.23545,0.710081,0.697083,0.764112,2.366159
0.199283,0.710081,0.696407,0.684031,2.31639
0.23545,0.718889,0.697083,0.662083,2.276481
0.23545,0.710081,0.714995,0.662083,2.219482
0.199283,0.718889,0.714343,0.662083,2.144387
0.199283,0.710081,0.696407,0.6819,2.025673
0.139823,0.682713,0.676454,0.6905,1.901625
0.23545,0.644182,0.639792,0.69503,1.758466
0.23545,0.561729,0.55704,0.707249,1.621965
0.275918,0.529633,0.536442,0.711625,1.512877
0.275918,0.518865,0.536442,0.711,1.401139
0.320426,0.540374,0.515719,0.711,1.30224
0.23545,0.508079,0.514122,0.716155,1.234951
0.471818,0.475721,0.47498,0.764766,1.166656
0.525014,0.475721,0.475777,0.844358,0.982189
0.628577,0.508079,0.498939,0.859321,0.853155
0.6768,0.464965,0.499738,0.878774,0.727629
0.721536,0.49729,0.522105,0.925746,0.624422
0.721536,0.518865,0.522105,0.981621,0.601319
0.762255,0.529633,0.544383,1.068516,0.595112
0.762255,0.518865,0.522902,1.1772,0.58983
0.762255,0.49729,0.501337,1.241714,0.579875
0.798681,0.49729,0.480564,1.366211,0.566858
0.762255,0.49729,0.501337,1.501586,0.526323
0.798681,0.49729,0.5237,1.604997,0.514006
0.798681,0.518865,0.5237,1.687963,0.509161
0.798681,0.49729,0.502136,1.769008,0.509161
0.798681,0.486499,0.502136,1.85075,0.52861
0.830765,0.464965,0.459858,1.935796,0.605246
0.798681,0.454246,0.459064,2.04232,0.633176
0.798681,0.432936,0.437716,2.137873,0.648384
0.798681,0.35086,0.335799,2.164,0.682665
0.798681,0.285472,0.298443,2.164,0.740932
0.830765,0.312609,0.317518,2.164,0.792446
0.830765,0.259803,0.264214,2.112415,0.838408
0.798681,0.243548,0.23147,2.010082,0.901227
0.721536,0.19903,0.201157,1.981388,0.946554
0.6768,0.19903,0.200644,1.949126,1.018023
0.6768,0.172922,0.187155,1.92876,1.090968
0.628577,0.128932,0.12972,1.876564,1.247039
0.628577,0.12416,0.150488,1.7773,1.353152
0.525014,0.102525,0.110811,1.674249,1.393981
0.525014,0.12416,0.102587,1.576748,1.446524
0.419254,0.149599,0.128283,1.478124,1.514422
0.320426,0.172922,0.171177,1.375217,1.620833
0.320426,0.18562,0.183774,1.282485,1.717458
0.320426,0.192236,0.197078,1.1996,1.816935
0.23545,0.213151,0.210033,1.116231,1.893112
0.167456,0.268192,0.289156,1.006788,1.951783
0.167456,0.251587,0.254997,0.940566,2.029625
0.167456,0.259803,0.254997,0.927375,2.064221
0.167456,0.312609,0.307218,0.91125,2.131648
0.199283,0.331454,0.326593,0.902159,2.164516
0.199283,0.380896,0.345855,0.903754,2.212933
0.167456,0.443565,0.426732,0.905,2.240647
0.199283,0.432936,0.427514,0.905,2.251125
0.199283,0.443565,0.427514,0.92255,2.255625
0.199283,0.518865,0.513323,0.96425,2.256719
0.199283,0.540374,0.534852,1.00468,2.26
0.23545,0.529633,0.514122,1.068951,2.26
0.23545,0.603692,0.599122,1.197109,2.26
0.275918,0.613974,0.59989,1.277905,2.271129
0.23545,0.634229,0.639792,1.338911,2.269031
0.275918,0.603692,0.59989,1.424093,2.267406
0.275918,0.701113,0.697757,1.486258,2.267406
0.275918,0.682713,0.697757,1.554116,2.242286
0.368461,0.775765,0.795922,1.61598,2.204952
0.275918,0.775765,0.732882,1.685108,2.198498
0.275918,0.775765,0.780447,1.774237,2.190125
0.368461,0.790429,0.781541,1.876894,2.186076
0.419254,0.744306,0.782086,1.959451,2.1602
0.471818,0.783187,0.782631,2.016665,2.096905
0.419254,0.768165,0.751236,2.062048,2.029363
0.577649,0.783187,0.783717,2.080048,1.9755
0.628577,0.752436,0.753618,2.090362,1.908214
0.577649,0.736002,0.719534,2.092395,1.829529
0.577649,0.718889,0.719534,2.147173,1.760538
0.6768,0.682713,0.703124,2.224707,1.653301
0.721536,0.736002,0.738477,2.275173,1.573358
0.721536,0.701113,0.703791,2.281195,1.501842
0.6768,0.644182,0.66587,2.276445,1.391454
0.6768,0.654016,0.646397,2.23726,1.261595
0.721536,0.613974,0.606777,2.202542,1.213247
0.762255,0.582863,0.5657,2.12497,1.175032
0.762255,0.561729,0.5657,2.089328,1.098801
0.762255,0.561729,0.5657,2.067463,1.004411
0.762255,0.518865,0.544383,2.033653,0.938798
0.762255,0.443565,0.458271,1.984674,0.8659
0.830765,0.454246,0.459858,1.91655,0.848635
0.798681,0.443565,0.437716,1.806971,0.839744
0.798681,0.370768,0.395778,1.732964,0.832274
0.798681,0.370768,0.355318,1.684863,0.830478
0.798681,0.360756,0.37533,1.591213,0.825503
0.798681,0.331454,0.335799,1.521628,0.81444
0.858641,0.321957,0.318212,1.473686,0.818368
0.6768,0.235681,0.229768,1.381875,0.820029
0.6768,0.19903,0.200644,1.338862,0.82814
0.6768,0.179185,0.200644,1.30335,0.919327
0.6768,0.213151,0.200644,1.281008,0.963443
0.628577,0.227993,0.186669,1.224565,1.006513
0.577649,0.213151,0.19962,1.04725,1.099132
0.419254,0.29436,0.293115,0.959133,1.166887
0.368461,0.312609,0.368608,0.9152,1.1829
0.275918,0.303407,0.291132,0.885032,1.213738
0.368461,0.268192,0.258045,0.872981,1.254377
0.23545,0.35086,0.346579,0.86725,1.302369
0.23545,0.370768,0.346579,0.86134,1.430062
0.199283,0.411871,0.365637,0.852437,1.522405
0.199283,0.411871,0.40653,0.834625,1.611391
0.167456,0.486499,0.469402,0.829,1.721873
0.139823,0.529633,0.490147,0.829,1.822903
0.167456,0.529633,0.512524,0.829593,1.92407
0.167456,0.540374,0.534056,0.865199,1.975375
0.167456,0.551073,0.555461,0.915535,2.000084
0.167456,0.572329,0.555461,0.968222,2.019868
0.199283,0.561729,0.556251,1.009656,2.056772
0.23545,0.561729,0.55704,1.038039,2.112051
0.199283,0.644182,0.639055,1.056327,2.187825
0.199283,0.593321,0.577443,1.102431,2.218927
0.23545,0.624156,0.578223,1.643432,2.256241
0.23545,0.572329,0.578223,1.696471,2.259899
0.23545,0.66372,0.659438,1.706071,2.259899
0.275918,0.691987,0.697757,1.718103,2.258819
0.199283,0.673287,0.677852,1.704164,2.228
0.23545,0.66372,0.67855,1.703204,2.177591
0.23545,0.691987,0.67855,1.703204,2.117048
0.275918,0.691987,0.697757,1.715682,2.0761
0.320426,0.701113,0.698431,1.753716,1.99104
0.23545,0.736002,0.714995,1.776922,1.862464
0.320426,0.736002,0.733508,1.816803,1.706951
0.419254,0.736002,0.717594,1.86072,1.669974
0.471818,0.790429,0.767587,1.899556,1.6199
0.419254,0.718889,0.717594,1.916875,1.577742
0.525014,0.760391,0.768157,1.966773,1.540993
0.419254,0.775765,0.767016,2.0665,1.306681
0.525014,0.752436,0.752429,2.092956,1.234883
0.525014,0.718889,0.718888,2.100277,1.158371
0.525014,0.736002,0.752429,2.108082,1.10317
0.577649,0.718889,0.736621,2.102718,1.033761
0.471818,0.701113,0.700448,2.127387,0.980108
0.525014,0.644182,0.644202,2.129887,0.942775
0.525014,0.644182,0.624178,2.129887,0.883494
0.471818,0.593321,0.602956,2.113102,0.876451
0.577649,0.529633,0.541209,2.081598,0.87122
0.6768,0.475721,0.47817,2.042486,0.867819
0.6768,0.370768,0.393486,1.989441,0.864906
0.628577,0.35086,0.332953,1.962391,0.849334
0.721536,0.303407,0.315444,1.942414,0.812384
0.762255,0.285472,0.297774,1.899833,0.793
0.762255,0.27675,0.280043,1.854179,0.793
0.762255,0.341091,0.354586,1.785,0.793
0.798681,0.380896,0.37533,1.725136,0.826116
0.798681,0.35086,0.355318,1.690256,0.863393
0.798681,0.370768,0.37533,1.617573,0.864
0.798681,0.432936,0.437716,1.554413,0.864
0.798681,0.454246,0.459064,1.478937,0.866169
0.830765,0.475721,0.481362,1.420742,0.868672
0.882574,0.529633,0.526092,1.3566,0.868672
0.762255,0.475721,0.479766,1.285805,0.878461
0.762255,0.486499,0.501337,1.227315,0.965741
0.762255,0.540374,0.544383,1.194017,1.030622
0.721536,0.551073,0.54359,1.186002,1.065453
0.762255,0.603692,0.586776,1.148361,1.142721
0.721536,0.529633,0.54359,1.127,1.179466
0.721536,0.654016,0.647127,1.127,1.209696
0.628577,0.624156,0.645666,1.127201,1.316432
0.628577,0.682713,0.645666,1.132554,1.386539
0.628577,0.701113,0.702456,1.195312,1.463806
0.577649,0.710081,0.701788,1.25761,1.533756
0.525014,0.710081,0.701118,1.263471,1.589488
0.577649,0.744306,0.753024,1.263471,1.690598
0.525014,0.768165,0.768157,1.263588,1.775944
0.525014,0.752436,0.752429,1.2675,1.908366
0.471818,0.768165,0.751833,1.267118,2.044069
0.471818,0.797488,0.782631,1.260198,2.101191
0.471818,0.752436,0.751833,1.24335,2.250652
0.525014,0.736002,0.718888,1.233162,2.312607
0.419254,0.710081,0.717594,1.176987,2.312607
0.320426,0.744306,0.733508,1.091056,2.312709
0.23545,0.673287,0.67855,1.017228,2.308691
0.275918,0.682713,0.679247,0.940957,2.293143
0.275918,0.613974,0.620421,0.832482,2.27449
0.199283,0.644182,0.639055,0.738206,2.25756
0.167456,0.66372,0.638317,0.6985,2.227781
0.23545,0.603692,0.578223,0.6985,2.198592
0.199283,0.551073,0.556251,0.6985,2.127302
0.199283,0.518865,0.534852,0.73785,2.028611
0.199283,0.443565,0.448762,0.75963,1.940191
0.199283,0.464965,0.448762,0.765029,1.822756
0.275918,0.464965,0.450344,0.776125,1.702629
0.199283,0.35086,0.345855,0.780821,1.593894
0.199283,0.35086,0.345855,0.787942,1.4743
0.275918,0.235681,0.328001,0.806875,1.391191
0.368461,0.213151,0.22639,0.868406,1.279453
0.419254,0.18562,0.226951,0.894964,1.209317
0.23545,0.19903,0.196068,0.906039,1.161726
0.368461,0.128932,0.13787,0.94665,1.018828
0.525014,0.119541,0.149672,1.011625,0.85325
0.577649,0.119541,0.119944,1.073343,0.74812
0.628577,0.149599,0.150488,1.126522,0.709401
0.628577,0.155173,0.150488,1.26328,0.699244
0.6768,0.220482,0.200644,1.317439,0.695033
0.762255,0.206002,0.215928,1.394038,0.688336
0.6768,0.341091,0.333663,1.471407,0.662384
0.762255,0.243548,0.246587,1.576059,0.650459
0.830765,0.303407,0.299113,1.695048,0.650459
0.762255,0.268192,0.280043,1.813891,0.650459
0.721536,0.268192,0.262354,1.870617,0.676844
0.721536,0.251587,0.279399,1.916675,0.727363
0.721536,0.243548,0.245993,1.959664,0.774038
0.721536,0.243548,0.245993,2.024469,0.8496
0.6768,0.303407,0.314754,2.0985,0.929375
0.628577,0.312609,0.314064,2.156391,0.9971
0.628577,0.360756,0.372337,2.196758,1.077771
0.6768,0.380896,0.373084,2.215727,1.16496
0.577649,0.391128,0.37159,2.2237,1.267066
0.628577,0.401458,0.392723,2.230484,1.389165
0.628577,0.380896,0.392723,2.337493,1.50413
0.471818,0.454246,0.453512,2.411539,1.640036
0.419254,0.49729,0.495741,2.368912,1.734646
0.419254,0.529633,0.474183,2.304516,1.857271
0.368461,0.582863,0.580561,2.244125,1.947366
0.368461,0.540374,0.538032,2.2378,1.982447
0.368461,0.561729,0.559405,2.184375,2.017264
0.275918,0.654016,0.640529,2.130429,2.063101
0.320426,0.654016,0.660872,1.999058,2.172618
0.368461,0.701113,0.699104,1.929029,2.253199
0.368461,0.691987,0.699104,1.885398,2.300806
0.419254,0.701113,0.699776,1.860898,2.334989
0.320426,0.790429,0.780995,1.75721,2.36778
0.275918,0.811077,0.808598,1.604417,2.412125
0.368461,0.823952,0.834792,1.530926,2.417088
0.471818,0.790429,0.782631,1.447016,2.417925
0.471818,0.811077,0.823471,1.352628,2.417338
0.471818,0.797488,0.782631,1.300037,2.4139
0.525014,0.736002,0.768157,1.262768,2.38627
0.525014,0.790429,0.797475,1.25969,2.340387
0.525014,0.783187,0.783174,1.256757,2.301532
0.577649,0.811077,0.81155,1.246816,2.25978
0.577649,0.768165,0.783717,1.246265,2.206009
0.577649,0.752436,0.753024,1.246265,2.130513
0.628577,0.701113,0.720179,1.244612,2.037759
0.628577,0.790429,0.769294,1.235,1.943069
0.762255,0.673287,0.686173,1.235,1.8579
0.6768,0.654016,0.66587,1.2368,1.78752
0.6768,0.644182,0.684794,1.269775,1.718575
0.762255,0.624156,0.607539,1.390705,1.653376
0.762255,0.572329,0.586776,1.469375,1.526059
0.721536,0.561729,0.564914,1.48215,1.443
0.721536,0.540374,0.564914,1.499223,1.417121
0.798681,0.529633,0.5237,1.513839,1.237174
0.762255,0.518865,0.522902,1.529586,1.106252
0.762255,0.529633,0.544383,1.541878,1.027485
0.798681,0.464965,0.480564,1.547059,0.948355
0.798681,0.443565,0.459064,1.5483,0.859664
0.798681,0.401458,0.416596,1.547906,0.825377
0.830765,0.401458,0.396542,1.543286,0.815466
0.798681,0.35086,0.355318,1.477984,0.80894
0.798681,0.35086,0.355318,1.40422,0.787083
0.762255,0.27675,0.297774,1.338121,0.776
0.830765,0.227993,0.217013,1.27825,0.776
0.762255,0.213151,0.215928,1.222233,0.776
0.762255,0.18562,0.18813,1.189487,0.787422
0.721536,0.206002,0.201157,1.178829,0.84004
0.628577,0.18562,0.186669,1.168972,0.877558
0.721536,0.155173,0.151307,1.155438,0.92648
0.628577,0.160918,0.173916,1.12381,0.947375
0.525014,0.128932,0.129,1.07838,0.961454
0.471818,0.138943,0.119271,1.016369,0.988176
0.419254,0.119541,0.118936,0.971003,1.007256
0.320426,0.119541,0.109557,0.934983,1.089349
0.275918,0.149599,0.147649,0.929,1.185125
0.275918,0.160918,0.158847,0.925375,1.239205
0.275918,0.172922,0.170724,0.918022,1.327184
0.320426,0.192236,0.197078,0.912651,1.405753
0.275918,0.213151,0.225272,0.910973,1.488443
0.167456,0.303407,0.307218,0.899304,1.566328
0.199283,0.312609,0.307899,0.876768,1.707428
0.199283,0.360756,0.345855,0.876135,1.801843
0.275918,0.370768,0.367121,0.876135,1.893768
0.320426,0.360756,0.367864,0.883708,1.951192
0.320426,0.391128,0.388158,0.932608,1.96428
0.368461,0.432936,0.409619,0.96529,1.997031
0.320426,0.529633,0.537237,0.969714,2.068284
0.368461,0.593321,0.580561,0.974998,2.143294
0.471818,0.561729,0.582117,0.995453,2.202933
0.419254,0.593321,0.581339,1.029135,2.237316
0.419254,0.673287,0.662304,1.108271,2.240254
0.320426,0.736002,0.733508,1.220955,2.246024
0.368461,0.718889,0.766444,1.284437,2.255354
0.471818,0.752436,0.767587,1.333245,2.256822
0.368461,0.830128,0.809586,1.377447,2.256922
0.471818,0.768165,0.767587,1.460473,2.2863
0.419254,0.811077,0.810078,1.544699,2.289
0.525014,0.783187,0.797475,1.615643,2.289
0.525014,0.823952,0.83611,1.693456,2.273958
0.525014,0.823952,0.823935,1.752346,2.23082
0.577649,0.83613,0.824399,1.793478,2.193975
0.471818,0.823952,0.823471,1.833686,2.145758
0.628577,0.783187,0.798506,1.8731,2.119
0.577649,0.736002,0.736621,1.948699,2.084683
0.721536,0.736002,0.721466,2.01265,2.037123
0.628577,0.718889,0.720179,2.042926,1.937694
0.628577,0.682713,0.702456,2.048581,1.8785
0.6768,0.634229,0.66587,2.071062,1.770944
0.721536,0.624156,0.647127,2.082,1.687154
0.762255,0.634229,0.647857,2.0897,1.598355
0.762255,0.624156,0.586776,2.16,1.43184
0.798681,0.582863,0.587551,2.16,1.402925
0.798681,0.593321,0.587551,2.16,1.3925
0.830765,0.561729,0.56727,2.138606,1.390773
0.798681,0.551073,0.566485,2.057794,1.382063
0.798681,0.561729,0.545176,1.928593,1.364099
0.830765,0.593321,0.588326,1.832086,1.34625
0.798681,0.508079,0.5237,1.769957,1.335
0.830765,0.422368,0.417373,1.715324,1.283439
0.830765,0.411871,0.417373,1.654895,1.205963
0.798681,0.321957,0.316826,1.562073,1.119309
0.798681,0.303407,0.298443,1.493982,1.061526
0.798681,0.29436,0.298443,1.405625,1.043688
0.762255,0.259803,0.262973,1.335381,1.01589
0.830765,0.227993,0.232039,1.264711,0.937613
0.830765,0.192236,0.202703,1.188008,0.879131
0.882574,0.179185,0.190091,1.111393,0.855311
0.6768,0.149599,0.120621,1.074302,0.854139
0.577649,0.110746,0.111127,1.067163,0.854139
0.525014,0.128932,0.129,1.051,0.861368
0.471818,0.110746,0.110497,1.021331,0.869153
0.471818,0.11507,0.110497,0.959752,0.887568
0.471818,0.149599,0.149266,0.898607,0.963749
0.577649,0.18562,0.186184,0.89478,1.169307
0.525014,0.166834,0.172999,0.89478,1.236848
0.471818,0.19903,0.1986,0.89478,1.274725
0.471818,0.19903,0.212698,0.886323,1.310993
0.419254,0.206002,0.184735,0.875477,1.340975
0.275918,0.259803,0.256823,0.852939,1.409341
0.320426,0.312609,0.309946,0.82741,1.511226
0.320426,0.331454,0.328706,0.818,1.600951
0.23545,0.391128,0.38664,0.809907,1.690191
0.275918,0.391128,0.387399,0.801295,1.791223
0.368461,0.464965,0.451928,0.797856,1.821554
0.275918,0.443565,0.42908,0.798867,1.9335
0.23545,0.540374,0.535647,0.799624,2.020693
0.199283,0.561729,0.534852,0.800557,2.117271
0.199283,0.582863,0.577443,0.800557,2.190693
0.199283,0.654016,0.618914,0.804383,2.249819
0.23545,0.654016,0.639792,0.842754,2.314302
0.199283,0.644182,0.658719,0.9216,2.316794
0.275918,0.790429,0.780447,1.001523,2.318479
0.275918,0.775765,0.765298,1.038837,2.32215
0.275918,0.768165,0.780447,1.126697,2.326726
0.275918,0.760391,0.732882,1.195425,2.334658
0.199283,0.744306,0.748236,1.297341,2.346785
0.23545,0.691987,0.697083,1.3807,2.346785
0.23545,0.718889,0.714995,1.444744,2.342892
0.275918,0.66372,0.679247,1.53559,2.3289
0.275918,0.654016,0.640529,1.610555,2.299775
0.275918,0.624156,0.620421,1.676123,2.287261
0.275918,0.593321,0.620421,1.774586,2.274517
0.275918,0.561729,0.536442,1.845961,2.242022
0.275918,0.529633,0.536442,1.849661,2.191454
0.199283,0.443565,0.448762,1.849661,2.130314
0.320426,0.370768,0.388158,1.842703,2.075134
0.577649,0.19903,0.186184,1.814,2.033146
0.471818,0.192236,0.185217,1.814,2.019289
0.577649,0.172922,0.173457,1.814,1.940881
0.628577,0.149599,0.150488,1.820317,1.86136
0.721536,0.179185,0.187642,1.876076,1.779611
0.798681,0.172922,0.175761,1.940475,1.692497
0.798681,0.166834,0.175761,1.95,1.560446
0.762255,0.213151,0.215928,1.95,1.479346
0.798681,0.235681,0.23147,1.957416,1.444935
0.798681,0.235681,0.23147,2.023909,1.322706
0.798681,0.235681,0.247181,2.004192,1.26925
0.798681,0.285472,0.316826,1.938636,1.180461
0.798681,0.321957,0.316826,1.909625,1.09686
0.762255,0.321957,0.316134,1.9015,0.995839
0.762255,0.331454,0.335087,1.900183,0.88375
0.721536,0.360756,0.353855,1.874601,0.828303
0.762255,0.432936,0.436929,1.831708,0.779282
0.721536,0.464965,0.457477,1.765125,0.753884
0.762255,0.464965,0.544383,1.702808,0.70841
0.721536,0.475721,0.478968,1.679,0.677551
0.798681,0.540374,0.566485,1.679,0.677551
0.628577,0.624156,0.625677,1.6733,0.667356
0.6768,0.644182,0.646397,1.67133,0.669528
0.628577,0.736002,0.720179,1.71656,0.739729
0.628577,0.718889,0.720179,1.751491,0.809129
0.577649,0.736002,0.736621,1.755354,0.844319
0.577649,0.736002,0.753024,1.759946,0.92441
0.577649,0.823952,0.824399,1.781672,1.012295
0.525014,0.797488,0.797475,1.79964,1.120559
0.577649,0.847621,0.848012,1.797541,1.367539
0.525014,0.83613,0.847599,1.800721,1.595633
0.525014,0.873461,0.86859,1.806751,1.65627
0.577649,0.858441,0.858807,1.79642,1.706609
0.577649,0.882702,0.878476,1.786123,1.795889
0.471818,0.887099,0.886754,1.779,1.874296
0.577649,0.878157,0.878476,1.757672,1.979417
0.577649,0.858441,0.858807,1.746115,2.109567
0.525014,0.823952,0.823935,1.736082,2.193932
0.525014,0.797488,0.81106,1.695525,2.354359
0.577649,0.811077,0.783717,1.655646,2.408354
0.525014,0.718889,0.718888,1.614878,2.47138
0.628577,0.710081,0.720179,1.553994,2.49414
0.721536,0.718889,0.721466,1.485567,2.498859
0.721536,0.691987,0.703791,1.433924,2.500098
0.762255,0.691987,0.704457,1.388125,2.500098
0.762255,0.593321,0.607539,1.246472,2.483439
0.762255,0.603692,0.607539,1.186734,2.440036
0.762255,0.654016,0.647857,1.139506,2.432881
0.830765,0.624156,0.629413,1.100037,2.365375
0.830765,0.613974,0.609063,1.07682,2.285906
0.830765,0.613974,0.629413,1.061308,2.175656
0.858641,0.593321,0.5891,1.014302,2.112823
0.858641,0.593321,0.5891,0.976837,2.035509
0.798681,0.508079,0.587551,0.932355,1.959367
0.830765,0.551073,0.545968,0.928806,1.886481
0.830765,0.508079,0.502935,0.928806,1.820118
0.798681,0.486499,0.480564,0.926806,1.735204
0.798681,0.411871,0.416596,0.928806,1.650088
0.798681,0.422368,0.416596,0.931474,1.556824
0.830765,0.321957,0.336513,0.9493,1.445613
0.830765,0.312609,0.317518,0.944625,1.281359
0.798681,0.29436,0.298443,0.918444,1.171817
0.798681,0.235681,0.247181,0.884078,1.071318
0.762255,0.227993,0.230901,0.845973,0.99674
0.721536,0.19903,0.201157,0.8453,0.92602
0.721536,0.179185,0.187642,0.8455,0.822
0.6768,0.119541,0.130082,0.846733,0.726562
0.721536,0.119541,0.120961,0.854345,0.69753
0.577649,0.102525,0.102881,0.889399,0.69753
0.275918,0.138943,0.137112,0.923314,0.69753
0.368461,0.133857,0.127926,0.937,0.74181
0.275918,0.166834,0.158847,0.94383,0.871475
0.23545,0.155173,0.147247,0.947591,1.020854
0.320426,0.179185,0.159274,0.944426,1.14315
0.320426,0.213151,0.211096,0.941092,1.258154
0.23545,0.251587,0.290472,0.938286,1.366912
0.199283,0.321957,0.307899,0.928295,1.470781
0.23545,0.331454,0.327297,0.913954,1.540347
0.199283,0.370768,0.365637,0.826929,1.627868
0.199283,0.380896,0.385882,0.777,1.693
0.199283,0.475721,0.470198,0.73825,1.785375
0.23545,0.486499,0.492545,0.680674,1.934574
0.199283,0.518865,0.513323,0.67375,2.01656
0.199283,0.518865,0.534852,0.657356,2.101566
0.199283,0.561729,0.556251,0.65596,2.178187
0.199283,0.644182,0.639055,0.65596,2.210909
0.167456,0.66372,0.658,0.657556,2.260532
0.199283,0.752436,0.714343,0.670419,2.276758
0.199283,0.701113,0.677852,0.733388,2.276758
0.199283,0.682713,0.658719,0.819805,2.276758
0.23545,0.644182,0.639792,0.910522,2.268788
0.23545,0.634229,0.619667,0.97665,2.26485
0.275918,0.673287,0.660156,1.024665,2.259647
0.275918,0.603692,0.59989,1.104932,2.255766
0.275918,0.624156,0.620421,1.195158,2.26211
0.275918,0.624156,0.59989,1.271727,2.274703
0.23545,0.561729,0.55704,1.431785,2.275011
0.320426,0.508079,0.494143,1.553203,2.275114
0.368461,0.475721,0.473386,1.64452,2.267709
0.368461,0.49729,0.473386,1.729581,2.258704
0.471818,0.401458,0.411167,1.910233,2.221133
0.471818,0.432936,0.390438,1.937375,2.190865
0.525014,0.411871,0.411941,1.978982,2.157099
0.525014,0.411871,0.411941,1.9985,2.14223
0.577649,0.411871,0.391961,2.061773,2.10974
0.525014,0.35086,0.370843,2.109039,2.076775
0.628577,0.285472,0.295772,2.192565,2.056
0.628577,0.285472,0.278113,2.23877,1.962645
0.721536,0.27675,0.297106,2.276275,1.909685
0.762255,0.331454,0.335087,2.273804,1.81225
0.762255,0.331454,0.354586,2.275342,1.658327
0.830765,0.303407,0.317518,2.233615,1.537669
0.830765,0.331454,0.336513,2.225325,1.458787
0.830765,0.391128,0.396542,2.219713,1.378274
0.830765,0.360756,0.37608,2.212703,1.305625
0.830765,0.380896,0.37608,2.1991,1.1679
0.798681,0.341091,0.355318,2.1953,1.054682
0.798681,0.370768,0.355318,2.171185,0.99334
0.762255,0.321957,0.335087,2.134608,0.923625
0.762255,0.331454,0.335087,2.092331,0.889121
0.721536,0.380896,0.394249,2.044531,0.849398
0.6768,0.422368,0.435357,2.031966,0.798282
0.721536,0.486499,0.478968,1.999589,0.786299
0.6768,0.454246,0.435357,1.965079,0.786299
0.6768,0.49729,0.499738,1.948721,0.786299
0.628577,0.518865,0.542003,1.928316,0.830143
0.577649,0.486499,0.498139,1.91746,0.935875
0.525014,0.540374,0.561768,1.893583,1.0214
0.471818,0.518865,0.518114,1.834259,1.082223
0.368461,0.644182,0.621925,1.767378,1.135817
0.368461,0.66372,0.661589,1.70318,1.209552
0.419254,0.644182,0.681333,1.675378,1.277587
0.320426,0.66372,0.660872,1.663298,1.357467
0.320426,0.701113,0.679943,1.631468,1.460208
0.275918,0.760391,0.749439,1.585517,1.569285
0.320426,0.727528,0.733508,1.549281,1.669042
0.419254,0.736002,0.734756,1.503284,1.720731
0.471818,0.744306,0.751833,1.434535,1.809987
0.368461,0.797488,0.795922,1.40957,1.851922
0.368461,0.797488,0.795922,1.389939,1.936944
0.368461,0.84196,0.834792,1.37,2.055687
0.320426,0.847621,0.84594,1.356097,2.179484
0.368461,0.878157,0.877104,1.314395,2.272412
0.471818,0.858441,0.85803,1.280925,2.319522
0.471818,0.868613,0.85803,1.169382,2.331647
0.471818,0.878157,0.877791,0.983357,2.352016
0.525014,0.868613,0.83611,0.9426,2.367607
0.471818,0.858441,0.85803,0.873362,2.367607
0.419254,0.868613,0.877448,0.872297,2.357764
0.525014,0.868613,0.86859,0.872297,2.317157
0.577649,0.868613,0.868954,0.878834,2.294629
0.628577,0.858441,0.859195,0.954263,2.203335
0.577649,0.830128,0.824399,0.999496,2.111488
0.577649,0.797488,0.81155,1.038928,1.996455
0.577649,0.790429,0.783717,1.045422,1.85239
0.628577,0.752436,0.769294,1.048924,1.762011
0.628577,0.783187,0.769294,1.057929,1.652434
0.628577,0.718889,0.737241,1.067325,1.554044
0.6768,0.701113,0.703124,1.10449,1.478247
0.721536,0.710081,0.703791,1.193567,1.394262
0.721536,0.634229,0.627173,1.221,1.373
0.762255,0.613974,0.607539,1.305,1.267656
0.721536,0.644182,0.685484,1.382869,1.127825
0.762255,0.572329,0.5657,1.410991,1.019229
0.762255,0.572329,0.5657,1.42653,0.927769
0.798681,0.529633,0.545176,1.441622,0.869843
0.798681,0.540374,0.545176,1.444218,0.780858
0.798681,0.454246,0.459064,1.444218,0.697275
0.762255,0.508079,0.501337,1.442843,0.679
0.798681,0.411871,0.437716,1.398217,0.675754
0.798681,0.464965,0.459064,1.311597,0.664017
0.798681,0.331454,0.355318,1.26325,0.649931
0.798681,0.312609,0.316826,1.245059,0.648925
0.798681,0.321957,0.316826,1.231551,0.640051
0.830765,0.259803,0.264214,1.224318,0.604709
0.762255,0.235681,0.246587,1.212151,0.594786
0.798681,0.220482,0.21647,1.150119,0.594786
0.762255,0.192236,0.201671,1.131705,0.595729
0.6768,0.19903,0.200644,1.096105,0.62824
0.721536,0.160918,0.174836,1.063918,0.678846
0.6768,0.138943,0.140166,1.009296,0.729412
0.577649,0.138943,0.139397,0.871783,0.776873
0.577649,0.128932,0.139397,0.84948,0.827753
0.577649,0.149599,0.139397,0.844,0.886631
0.525014,0.19903,0.19911,0.844,0.97005
0.471818,0.18562,0.185217,0.853234,1.090138
0.471818,0.312609,0.312002,0.863234,1.233551
0.368461,0.259803,0.274915,0.863234,1.299448
0.23545,0.380896,0.366379,0.862675,1.423303
0.199283,0.380896,0.365637,0.8596,1.561012
0.23545,0.454246,0.449553,0.859,1.676844
0.199283,0.49729,0.513323,0.858,1.754648
0.199283,0.464965,0.448762,0.853744,1.835715
0.167456,0.508079,0.512524,0.853634,1.943722
0.167456,0.49729,0.490946,0.8578,2.040871
0.139823,0.634229,0.637579,0.864217,2.134193
0.23545,0.593321,0.578223,0.87228,2.201875
0.199283,0.582863,0.577443,0.885093,2.256477
0.167456,0.66372,0.658,0.943595,2.259384
0.199283,0.682713,0.677852,1.01283,2.263523
0.199283,0.701113,0.696407,1.087116,2.266174
0.23545,0.718889,0.714995,1.167417,2.263148
0.199283,0.727528,0.731628,1.23584,2.260261
0.23545,0.811077,0.821135,1.275816,2.255035
0.275918,0.736002,0.732882,1.325581,2.257
0.275918,0.752436,0.732882,1.399415,2.257
0.320426,0.760391,0.780995,1.525498,2.238373
0.275918,0.736002,0.749439,1.616555,2.211886
0.368461,0.823952,0.82254,1.665577,2.194873
0.419254,0.783187,0.823006,1.685344,2.19108
0.368461,0.817604,0.834792,1.697602,2.178022
0.320426,0.887099,0.909487,1.719423,2.148356
0.419254,0.823952,0.835232,1.725803,2.075848
0.525014,0.83613,0.847599,1.738498,1.982022
0.577649,0.811077,0.81155,1.746373,1.863589
0.525014,0.83613,0.858419,1.78459,1.801909
0.525014,0.858441,0.847599,1.8469,1.701616
0.628577,0.858441,0.859195,1.867066,1.636718
0.525014,0.853112,0.847599,1.896963,1.572032
0.577649,0.823952,0.836548,1.957784,1.526216
0.525014,0.790429,0.783174,2.041838,1.37475
0.6768,0.752436,0.737859,2.068597,1.267629
0.721536,0.744306,0.721466,2.099742,1.163934
0.6768,0.701113,0.703124,2.125311,1.052946
0.721536,0.673287,0.666581,2.142221,1.0085
0.6768,0.654016,0.66587,2.145083,0.964725
0.6768,0.644182,0.626425,2.145083,0.896209
0.6768,0.603692,0.626425,2.145083,0.847856
0.6768,0.624156,0.606013,2.114568,0.796922
0.721536,0.518865,0.522105,2.050766,0.779454
0.6768,0.561729,0.542796,1.994422,0.770966
0.762255,0.464965,0.458271,1.972698,0.75817
0.798681,0.443565,0.459064,1.950788,0.723703
0.762255,0.411871,0.415819,1.911548,0.713423
0.721536,0.432936,0.415043,1.827898,0.713387
0.577649,0.391128,0.412716,1.764792,0.713387
0.525014,0.312609,0.312688,1.661675,0.707782
0.471818,0.303407,0.293778,1.563802,0.705
0.471818,0.27675,0.276192,1.532785,0.705
0.471818,0.243548,0.259272,1.43934,0.702088
0.368461,0.259803,0.258045,1.347429,0.698351
0.320426,0.243548,0.24128,1.27039,0.698351
0.23545,0.235681,0.224715,1.183145,0.698351
0.23545,0.213151,0.210033,1.090701,0.718917
0.320426,0.18562,0.183774,1.006444,0.766597
0.368461,0.138943,0.148455,0.934036,0.817688
0.275918,0.119541,0.127215,0.934229,0.864982
0.23545,0.11507,0.108935,0.864704,0.9123
0.320426,0.110746,0.101415,0.82764,0.963025
0.320426,0.102525,0.101415,0.80467,1.000074
0.419254,0.094848,0.09436,0.784682,1.139202
0.419254,0.128932,0.138251,0.799735,1.253174
0.525014,0.11507,0.110811,0.788543,1.361158
0.6768,0.192236,0.187155,0.783713,1.459615
0.762255,0.172922,0.163165,0.794773,1.5104
0.798681,0.172922,0.188619,0.814901,1.612687
0.762255,0.285472,0.297774,0.823799,1.6895
0.762255,0.29436,0.297774,0.84805,1.732944
0.798681,0.321957,0.335799,0.927875,1.747083
0.798681,0.380896,0.37533,1.026259,1.754045
0.830765,0.454246,0.459858,1.108625,1.758144
0.798681,0.443565,0.459064,1.143214,1.764575
0.830765,0.486499,0.502935,1.158838,1.7979
0.830765,0.561729,0.56727,1.177625,1.823119
0.762255,0.561729,0.5657,1.232078,1.823119
0.798681,0.518865,0.5237,1.319606,1.823119
0.762255,0.551073,0.544383,1.409216,1.807618
0.721536,0.551073,0.564914,1.494277,1.73771
0.6768,0.66372,0.66587,1.5365,1.70275
0.6768,0.66372,0.66587,1.596667,1.702
0.6768,0.701113,0.646397,1.766435,1.702
0.6768,0.790429,0.784799,1.865515,1.72125
0.628577,0.783187,0.784258,2.011777,1.815825
0.6768,0.752436,0.754211,2.060656,1.843462
0.577649,0.760391,0.753024,2.136,1.880298
0.471818,0.783187,0.782631,2.158084,1.988383
0.525014,0.797488,0.783174,2.189877,2.010848
0.577649,0.768165,0.768726,2.189813,2.070256
0.525014,0.797488,0.797475,2.157471,2.230215
0.471818,0.811077,0.81057,2.148033,2.326185
0.368461,0.768165,0.781541,2.144447,2.413034
0.419254,0.760391,0.767016,2.118058,2.431673
0.525014,0.760391,0.752429,1.918407,2.443992
0.275918,0.760391,0.749439,1.8035,2.4502
0.23545,0.736002,0.714995,1.647914,2.455882
0.23545,0.718889,0.732256,1.55135,2.458
0.23545,0.701113,0.697083,1.481658,2.450211
0.23545,0.673287,0.67855,1.402258,2.447
0.23545,0.654016,0.659438,1.314092,2.409458
0.23545,0.634229,0.639792,1.242314,2.387034
0.23545,0.644182,0.619667,1.12325,2.363964
0.23545,0.634229,0.619667,1.049942,2.3002
0.199283,0.624156,0.618914,0.913909,2.28275
0.23545,0.593321,0.599122,0.792774,2.230132
0.199283,0.572329,0.577443,0.751263,2.191537
0.139823,0.572329,0.53326,0.751263,2.093485
0.199283,0.475721,0.470198,0.746935,1.968892
0.23545,0.454246,0.449553,0.747107,1.858033
0.199283,0.454246,0.427514,0.753114,1.716532
0.199283,0.380896,0.385882,0.75899,1.606227
0.167456,0.312609,0.32589,0.768059,1.475903
0.167456,0.312609,0.345132,0.778298,1.432466
0.116115,0.312609,0.305858,0.812147,1.372106
0.23545,0.243548,0.240111,0.941148,1.218708
0.275918,0.206002,0.196573,0.94748,1.197073
0.23545,0.19903,0.196068,0.995187,1.017586
0.23545,0.18562,0.182817,1.033,0.936
0.471818,0.149599,0.138632,1.033,0.8073
0.419254,0.138943,0.14886,1.03421,0.699973
0.628577,0.160918,0.16186,1.106835,0.644848
0.6768,0.166834,0.296439,1.18491,0.639
0.762255,0.213151,0.215928,1.320995,0.639
0.762255,0.227993,0.230901,1.398546,0.621736
0.762255,0.285472,0.280043,1.496406,0.622096
0.762255,0.312609,0.316134,1.614677,0.638435
0.798681,0.312609,0.316826,1.711766,0.638746
0.798681,0.341091,0.355318,1.836917,0.640213
0.721536,0.380896,0.373832,1.93432,0.640213
0.762255,0.391128,0.395013,2.012434,0.640899
0.798681,0.380896,0.37533,2.049601,0.682938
0.721536,0.432936,0.436143,2.094416,0.862419
0.721536,0.443565,0.415043,2.136456,0.952323
0.628577,0.49729,0.498939,2.206806,0.98427
0.525014,0.551073,0.540415,2.269268,1.003565
0.471818,0.551073,0.539621,2.27258,1.047827
0.471818,0.582863,0.560981,2.27258,1.123765
0.419254,0.624156,0.60219,2.279386,1.225459
0.471818,0.603692,0.602956,2.283266,1.336787
0.471818,0.654016,0.602956,2.283266,1.453891
0.471818,0.718889,0.718242,2.274572,1.550998
0.471818,0.727528,0.718242,2.25875,1.634736
0.419254,0.752436,0.734756,2.258,1.689375
0.471818,0.768165,0.767587,2.255333,1.784633
0.471818,0.783187,0.782631,2.219333,1.919395
0.471818,0.811077,0.81057,2.152398,1.996645
0.368461,0.84196,0.82254,2.053316,2.085856
0.419254,0.858441,0.846771,1.933831,2.196628
0.471818,0.84196,0.847186,1.854375,2.284062
0.471818,0.847621,0.835672,1.840375,2.317875
0.525014,0.858441,0.858419,1.677218,2.374001
0.525014,0.830128,0.797475,1.591828,2.390357
0.525014,0.811077,0.797475,1.423055,2.393194
0.471818,0.790429,0.782631,1.312141,2.393156
0.577649,0.783187,0.783717,1.195578,2.390357
0.628577,0.783187,0.769294,1.087349,2.382778
0.628577,0.768165,0.753618,1.061,2.277948
0.6768,0.718889,0.720823,1.059,2.225418
0.6768,0.691987,0.684794,1.059,2.130315
0.628577,0.673287,0.684104,1.060628,2.028654
0.721536,0.644182,0.647127,1.065428,1.932061
0.628577,0.613974,0.625677,1.08635,1.767332
0.798681,0.572329,0.587551,1.129949,1.640165
0.762255,0.613974,0.607539,1.144066,1.487533
0.762255,0.529633,0.522902,1.189085,1.373409
0.798681,0.624156,0.459064,1.252767,1.27158
0.762255,0.518865,0.522902,1.27264,1.241089
0.762255,0.475721,0.501337,1.27264,1.218382
0.798681,0.380896,0.416596,1.27264,1.03898
0.798681,0.391128,0.416596,1.260112,0.95618
0.798681,0.391128,0.395778,1.235669,0.887081
0.798681,0.29436,0.298443,1.228907,0.852742
0.798681,0.29436,0.280688,1.2215,0.79965
0.798681,0.227993,0.23147,1.22,0.78975
0.721536,0.18562,0.201157,1.193413,0.78975
0.762255,0.213151,0.230901,1.125234,0.789875
0.6768,0.18562,0.200644,1.050541,0.797273
0.6768,0.179185,0.150897,1.008112,0.811019
0.628577,0.144189,0.139781,0.959142,0.824108
0.525014,0.149599,0.149672,0.942067,0.852485
0.525014,0.110746,0.119607,0.923125,0.930339
0.275918,0.149599,0.147649,0.907097,1.015905
0.275918,0.155173,0.147649,0.899598,1.101625
0.320426,0.18562,0.183774,0.895712,1.252159
0.275918,0.179185,0.183295,0.896,1.3268
0.320426,0.18562,0.197078,0.896,1.413748
0.320426,0.220482,0.225831,0.897819,1.522136
0.275918,0.243548,0.240695,0.906003,1.656798
0.23545,0.259803,0.256213,0.897819,1.704015
0.199283,0.285472,0.289814,0.896,1.776566
0.275918,0.391128,0.408074,0.893283,1.845783
0.275918,0.391128,0.387399,0.890371,1.937558
0.23545,0.475721,0.470995,0.890371,2.018315
0.199283,0.464965,0.470198,0.890371,2.10548
0.199283,0.529633,0.513323,0.904571,2.13282
0.23545,0.508079,0.492545,0.973038,2.147781
0.23545,0.475721,0.470995,1.052339,2.15841
0.23545,0.401458,0.407302,1.121963,2.17462
0.23545,0.454246,0.449553,1.207174,2.185755
0.320426,0.464965,0.451136,1.284065,2.213308
0.368461,0.443565,0.430647,1.361728,2.237556
0.368461,0.454246,0.451928,1.431927,2.237556
0.419254,0.454246,0.45272,1.534696,2.237556
0.419254,0.454246,0.45272,1.625952,2.220114
0.525014,0.454246,0.475777,1.700479,2.199691
0.471818,0.391128,0.370098,1.762798,2.197474
0.525014,0.341091,0.331534,1.850375,2.184325
0.525014,0.401458,0.391199,1.91435,2.170066
0.628577,0.360756,0.352394,1.983353,2.104104
0.6768,0.391128,0.393486,2.005057,2.017539
0.721536,0.432936,0.415043,2.01549,1.934776
0.762255,0.411871,0.415819,2.030596,1.884895
0.798681,0.401458,0.416596,2.048231,1.857733
0.762255,0.475721,0.479766,2.055977,1.820647
0.798681,0.475721,0.480564,2.052334,1.719794
0.798681,0.508079,0.502136,2.034715,1.611111
0.830765,0.572329,0.56727,2.030786,1.498552
0.858641,0.582863,0.5891,1.998834,1.461286
0.721536,0.529633,0.54359,1.984384,1.38518
0.721536,0.551073,0.586001,1.979649,1.286178
0.721536,0.582863,0.586001,1.969952,1.241733
0.6768,0.644182,0.626425,1.9766,1.203
0.6768,0.727528,0.754211,1.935804,1.203
0.628577,0.775765,0.784258,1.910371,1.217875
0.628577,0.775765,0.769294,1.905657,1.273629
0.577649,0.718889,0.719534,1.897143,1.387503
0.628577,0.744306,0.737241,1.871877,1.421932
0.628577,0.736002,0.737241,1.849749,1.450876
0.525014,0.768165,0.797475,1.745004,1.491955
0.525014,0.797488,0.797475,1.600976,1.5445
0.471818,0.83613,0.823471,1.5534,1.60265
0.525014,0.84196,0.83611,1.513324,1.693465
0.471818,0.752436,0.751833,1.464796,1.73369
0.525014,0.760391,0.752429,1.366716,1.854487
0.471818,0.768165,0.767587,1.288223,1.967324
0.320426,0.760391,0.750039,1.1385,2.013714
0.368461,0.744306,0.734132,1.074025,2.058375
0.23545,0.691987,0.697083,0.95692,2.072337
0.275918,0.682713,0.715646,0.872191,2.081484
0.199283,0.644182,0.598354,0.76541,2.081484
0.23545,0.593321,0.599122,0.7415,2.081484
0.199283,0.654016,0.658719,0.7415,2.058567
0.199283,0.634229,0.618914,0.7415,1.974175
0.199283,0.613974,0.618914,0.744875,1.86525
0.23545,0.634229,0.619667,0.7584,1.720303
0.275918,0.561729,0.557829,0.7585,1.566165
0.23545,0.582863,0.578223,0.761279,1.443402
0.199283,0.518865,0.513323,0.766494,1.330839
0.199283,0.454246,0.470198,0.767481,1.237925
0.199283,0.464965,0.470198,0.771261,1.173015
0.167456,0.401458,0.385125,0.79925,1.072375
0.23545,0.29436,0.290472,0.8385,1.0087
0.199283,0.285472,0.289814,0.889366,0.932007
0.167456,0.268192,0.254997,0.961219,0.802157
0.116115,0.259803,0.270476,1.022629,0.732914
0.275918,0.206002,0.196573,1.085248,0.664853
0.320426,0.192236,0.197078,1.175627,0.638862
0.275918,0.179185,0.183295,1.257986,0.6385
0.368461,0.155173,0.159703,1.367348,0.63606
0.368461,0.172922,0.171631,1.472102,0.63545
0.275918,0.29436,0.225272,1.557599,0.63615
0.23545,0.303407,0.290472,1.688465,0.63702
0.275918,0.312609,0.291132,1.818554,0.637425
0.368461,0.391128,0.388917,1.933138,0.639
0.275918,0.475721,0.536442,2.043413,0.639482
0.320426,0.540374,0.537237,2.114648,0.667733
0.275918,0.561729,0.579003,2.135876,0.787006
0.320426,0.603692,0.600657,2.179247,0.829667
0.275918,0.66372,0.660156,2.209005,0.869488
0.368461,0.673287,0.680639,2.27341,0.917781
0.368461,0.682713,0.680639,2.311178,0.99475
0.368461,0.744306,0.699104,2.319061,1.092318
0.368461,0.797488,0.781541,2.338725,1.189904
0.368461,0.797488,0.795922,2.363825,1.291371
0.368461,0.811077,0.809586,2.347189,1.415854
0.471818,0.823952,0.835672,2.333838,1.555246
0.471818,0.83613,0.823471,2.303644,1.625522
0.525014,0.830128,0.823935,2.287643,1.758264
0.471818,0.783187,0.782631,2.271976,1.863781
0.525014,0.752436,0.768157,2.247024,1.910897
0.628577,0.775765,0.769294,2.213303,1.961591
0.577649,0.752436,0.753024,2.046409,2.01354
0.577649,0.744306,0.753024,1.928857,2.048
0.6768,0.727528,0.737859,1.919678,2.048
0.628577,0.701113,0.702456,1.919678,2.044619
0.577649,0.691987,0.683412,1.920651,2.002164
0.6768,0.673287,0.66587,1.909725,1.874399
0.6768,0.66372,0.66587,1.9091,1.799589
0.721536,0.66372,0.666581,1.933118,1.728467
0.721536,0.644182,0.647127,1.93948,1.683706
0.721536,0.624156,0.606777,1.915626,1.64017
0.762255,0.572329,0.586776,1.862904,1.528953
0.798681,0.582863,0.587551,1.702997,1.345466
0.798681,0.508079,0.545176,1.688109,1.243122
0.798681,0.518865,0.5237,1.682271,1.122608
0.762255,0.49729,0.479766,1.655927,1.008872
0.798681,0.454246,0.437716,1.593331,0.943133
0.762255,0.443565,0.458271,1.5038,0.919
0.762255,0.35086,0.354586,1.453435,0.885964
0.798681,0.331454,0.335799,1.382125,0.817151
0.762255,0.235681,0.246587,1.32658,0.78795
0.721536,0.206002,0.215387,1.25917,0.78795
0.721536,0.213151,0.215387,1.209172,0.78795
0.721536,0.166834,0.162729,1.189431,0.799088
0.628577,0.155173,0.150488,1.169144,0.844044
0.628577,0.138943,0.139781,1.152125,0.903625
0.577649,0.144189,0.139397,1.127845,0.986362
0.320426,0.110746,0.109557,1.032568,1.076106
0.275918,0.110746,0.101124,0.981116,1.163732
0.275918,0.09862,0.101124,0.946972,1.279106
0.23545,0.110746,0.117602,0.939626,1.378055
0.320426,0.144189,0.148052,0.932698,1.481903
0.275918,0.160918,0.147649,0.908663,1.569675
0.23545,0.213151,0.196068,0.864478,1.639344
0.320426,0.220482,0.24128,0.83734,1.717093
0.23545,0.259803,0.256213,0.83694,1.844131
0.167456,0.380896,0.364895,0.83694,1.894779
0.116115,0.27675,0.287844,0.84147,1.944403
0.167456,0.303407,0.307218,0.87842,1.987984
0.167456,0.380896,0.364895,0.94149,2.034818
0.167456,0.443565,0.426732,0.983983,2.12231
0.167456,0.464965,0.447971,1.037635,2.17452
0.199283,0.454246,0.448762,1.34094,2.194057
0.139823,0.518865,0.511726,1.476618,2.206584
0.199283,0.572329,0.577443,1.564049,2.220465
0.199283,0.551073,0.577443,1.705093,2.223
0.167456,0.582863,0.576663,1.764274,2.22901
0.199283,0.673287,0.677852,1.765574,2.228812
0.199283,0.624156,0.598354,1.765659,2.227984
0.199283,0.582863,0.577443,1.822633,2.227984
0.199283,0.634229,0.618914,1.951273,2.185454
0.199283,0.644182,0.658719,2.064234,2.125888
0.23545,0.736002,0.714995,2.138317,2.089211
0.23545,0.727528,0.732256,2.208509,2.0398
0.167456,0.701113,0.695731,2.23155,2.027382
0.199283,0.768165,0.77935,2.234037,2.003502
0.23545,0.744306,0.748838,2.234037,1.96867
0.275918,0.718889,0.715646,2.209268,1.893975
0.275918,0.691987,0.679247,2.168,1.790456
0.23545,0.701113,0.67855,2.168,1.737701
0.419254,0.644182,0.662304,2.1726,1.67228
0.471818,0.66372,0.663019,2.191826,1.537532
0.471818,0.66372,0.643468,2.273436,1.399435
0.471818,0.624156,0.623428,2.277813,1.334459
0.368461,0.593321,0.580561,2.277482,1.263858
0.471818,0.582863,0.582117,2.261931,1.151814
0.471818,0.518865,0.496541,2.241165,1.082388
0.419254,0.508079,0.495741,2.234823,1.032719
0.577649,0.540374,0.541209,2.227084,0.98516
0.628577,0.593321,0.584448,2.213653,0.90088
0.6768,0.582863,0.585225,2.210391,0.821552
0.6768,0.551073,0.542796,2.160625,0.801875
0.762255,0.603692,0.607539,2.12798,0.785908
0.721536,0.561729,0.586001,1.974,0.781
0.762255,0.475721,0.501337,1.943191,0.781234
0.762255,0.464965,0.458271,1.900065,0.777935
0.762255,0.49729,0.501337,1.873402,0.777935
0.798681,0.518865,0.5237,1.845587,0.772389
0.762255,0.529633,0.544383,1.76696,0.776569
0.762255,0.508079,0.522902,1.693206,0.795709
0.830765,0.529633,0.545968,1.647951,0.816506
0.798681,0.518865,0.5237,1.643102,0.840148
0.798681,0.508079,0.502136,1.634621,0.950347
0.830765,0.422368,0.438503,1.628163,1.047496
0.830765,0.443565,0.459858,1.623175,1.10373
0.858641,0.341091,0.318212,1.589109,1.13976
0.830765,0.29436,0.299113,1.536372,1.177801
0.798681,0.27675,0.280688,1.507632,1.238374
0.798681,0.251587,0.263593,1.417106,1.322024
0.6768,0.243548,0.229768,1.405453,1.414582
0.6768,0.213151,0.214848,1.389165,1.501063
0.628577,0.213151,0.214309,1.343772,1.566461
0.577649,0.19903,0.186184,1.2887,1.6039
0.577649,0.128932,0.12936,1.228291,1.623299
0.525014,0.138943,0.129,1.133505,1.675039
0.471818,0.119541,0.128641,1.039346,1.752516
0.368461,0.128932,0.127926,0.97748,1.849609
0.275918,0.155173,0.147649,0.952393,1.903887
0.23545,0.18562,0.170271,0.924949,1.988933
0.167456,0.166834,0.157569,0.907178,2.061377
0.167456,0.206002,0.195062,0.871788,2.150511
0.199283,0.285472,0.289814,0.870413,2.179
0.167456,0.341091,0.32589,0.870413,2.179
0.167456,0.370768,0.364895,0.870502,2.182702
0.199283,0.35086,0.345855,0.897487,2.196497
0.199283,0.411871,0.40653,0.96741,2.198931
0.167456,0.432936,0.364895,1.057803,2.198931
0.199283,0.593321,0.577443,1.145901,2.219393
0.23545,0.464965,0.470995,1.238898,2.226178
0.199283,0.49729,0.470198,1.320455,2.226178
0.23545,0.518865,0.492545,1.433808,2.226178
0.23545,0.551073,0.535647,1.554238,2.185527
0.320426,0.529633,0.515719,1.5985,2.14425
0.320426,0.518865,0.515719,1.695,2.139768
0.320426,0.644182,0.641265,1.831655,2.131875
0.320426,0.644182,0.641265,1.863754,2.115
0.320426,0.682713,0.679943,1.904107,2.098567
0.368461,0.752436,0.750638,1.948919,2.055246
0.275918,0.811077,0.794881,2.026749,2.036161
0.368461,0.736002,0.750638,2.107688,1.969625
0.419254,0.768165,0.767016,2.11725,1.907625
0.471818,0.718889,0.718242,2.184521,1.775831
0.471818,0.847621,0.847186,2.252432,1.696001
0.419254,0.783187,0.79644,2.281077,1.642845
0.525014,0.823952,0.83611,2.287347,1.577346
0.525014,0.783187,0.783174,2.285247,1.444275
0.419254,0.768165,0.767016,2.282087,1.34025
0.471818,0.752436,0.751833,2.25843,1.327879
0.368461,0.736002,0.734132,2.231389,1.297281
0.419254,0.727528,0.734756,2.197659,1.266338
0.525014,0.701113,0.701118,2.129984,1.189033
0.525014,0.66372,0.68272,2.091658,1.108642
0.419254,0.624156,0.642735,2.07175,1.094125
0.471818,0.624156,0.623428,2.004119,1.069104
0.525014,0.540374,0.540415,1.904283,1.051187
0.577649,0.540374,0.541209,1.83436,1.034553
0.577649,0.475721,0.498139,1.740991,1.013703
0.577649,0.518865,0.498139,1.622429,0.978392
0.628577,0.486499,0.498939,1.556888,0.941217
0.721536,0.443565,0.457477,1.508482,0.905112
0.6768,0.432936,0.435357,1.461634,0.865606
0.628577,0.391128,0.392723,1.380942,0.852162
0.721536,0.360756,0.353855,1.278891,0.852162
0.762255,0.331454,0.374581,1.225061,0.852162
0.762255,0.27675,0.280043,1.168967,0.856469
0.6768,0.27675,0.278756,1.108001,0.865511
0.762255,0.18562,0.18813,1.081433,0.868575
0.6768,0.160918,0.162294,1.081433,0.874432
0.628577,0.172922,0.173916,1.081433,0.899614
0.628577,0.149599,0.150488,1.102376,0.957575
0.628577,0.11507,0.120282,1.198616,1.011418
0.721536,0.155173,0.162729,1.2535,1.070379
0.721536,0.160918,0.151307,1.2535,1.164572
0.6768,0.166834,0.174375,1.254375,1.2474
0.6768,0.155173,0.162294,1.266174,1.338045
0.721536,0.179185,0.174836,1.266255,1.463353
0.721536,0.213151,0.215387,1.253342,1.564269
0.721536,0.213151,0.215387,1.244187,1.667439
0.762255,0.303407,0.316134,1.228521,1.718358
0.798681,0.321957,0.316826,1.236534,1.849436
0.762255,0.331454,0.316134,1.247,1.984824
0.721536,0.331454,0.334375,1.247,2.060354
0.721536,0.321957,0.334375,1.252862,2.144241
0.721536,0.391128,0.373832,1.299339,2.20439
0.6768,0.35086,0.353124,1.362731,2.233937
0.6768,0.35086,0.353124,1.427327,2.251262
0.628577,0.391128,0.372337,1.504566,2.301684
0.577649,0.454246,0.476575,1.54804,2.356608
0.525014,0.432936,0.433,1.581033,2.406745
0.525014,0.464965,0.475777,1.626812,2.440987
0.525014,0.464965,0.454305,1.65494,2.474868
0.419254,0.508079,0.517316,1.657742,2.496577
0.368461,0.518865,0.538032,1.657742,2.497
0.368461,0.561729,0.559405,1.657306,2.4965
0.419254,0.66372,0.642735,1.5871,2.483194
0.419254,0.66372,0.662304,1.473306,2.440721
0.320426,0.691987,0.679943,1.415304,2.383686
0.368461,0.682713,0.680639,1.374614,2.366068
0.368461,0.744306,0.750638,1.296992,2.339708
0.320426,0.760391,0.750039,1.184369,2.307838
0.320426,0.783187,0.780995,1.116918,2.288302
0.320426,0.775765,0.780995,1.116918,2.246373
0.368461,0.783187,0.781541,1.116918,2.144875
0.368461,0.797488,0.795922,1.124647,2.016184
0.368461,0.83613,0.834792,1.144258,1.936721
0.368461,0.83613,0.834792,1.175806,1.830829
0.419254,0.858441,0.846771,1.228242,1.743088
0.419254,0.823952,0.823006,1.24875,1.594563
0.471818,0.823952,0.823471,1.302585,1.445758
0.419254,0.823952,0.823006,1.393977,1.328667
0.419254,0.830128,0.823006,1.466686,1.288429
0.368461,0.817604,0.82254,1.487789,1.277471
0.471818,0.797488,0.782631,1.489,1.244827
0.471818,0.783187,0.767587,1.489,1.081263
0.471818,0.783187,0.782631,1.4915,0.978012
0.525014,0.736002,0.752429,1.4862,0.864851
0.628577,0.718889,0.737241,1.471,0.831515
0.628577,0.654016,0.665159,1.464326,0.802459
0.628577,0.701113,0.702456,1.458715,0.741719
0.6768,0.654016,0.66587,1.457,0.671269
0.6768,0.66372,0.66587,1.455474,0.663009
0.721536,0.654016,0.666581,1.402562,0.657009
0.721536,0.654016,0.647127,1.355238,0.649108
0.762255,0.654016,0.667292,1.320014,0.641016
0.762255,0.634229,0.627921,1.273784,0.651704
0.762255,0.593321,0.647857,1.271,0.660215
0.762255,0.582863,0.5657,1.263177,0.665468
0.721536,0.572329,0.586001,1.256443,0.665788
0.798681,0.518865,0.545176,1.260152,0.690976
0.830765,0.508079,0.524497,1.262652,0.757809
0.830765,0.529633,0.524497,1.262321,0.854896
0.830765,0.49729,0.502935,1.214733,0.936199
0.830765,0.475721,0.502935,1.124347,1.070633
0.798681,0.443565,0.459064,1.07897,1.132171
0.762255,0.464965,0.479766,1.02699,1.245652
0.798681,0.380896,0.395778,0.996776,1.3752
0.798681,0.341091,0.355318,0.981461,1.470851
0.798681,0.321957,0.335799,0.94053,1.558944
0.798681,0.312609,0.298443,0.87557,1.636216
0.798681,0.27675,0.280688,0.800414,1.716181
0.798681,0.268192,0.280688,0.75686,1.81904
0.721536,0.220482,0.230334,0.75686,1.91525
0.6768,0.220482,0.214848,0.75686,2.002904
0.628577,0.213151,0.200131,0.761533,2.084019
0.577649,0.128932,0.139397,0.796084,2.155586
0.577649,0.133857,0.12936,0.817673,2.197366
0.525014,0.172922,0.172999,0.844749,2.200442
0.275918,0.18562,0.183295,0.887405,2.200442
0.368461,0.19903,0.184254,0.925676,2.200442
0.368461,0.192236,0.184254,1.101397,2.177341
0.320426,0.172922,0.183774,1.338452,2.16212
0.320426,0.213151,0.24128,1.358707,2.16212
0.275918,0.235681,0.240695,1.444146,2.16212
0.23545,0.235681,0.240111,1.500143,2.180664
0.320426,0.341091,0.328706,1.50207,2.188568
0.275918,0.391128,0.408074,1.50207,2.188568
0.275918,0.411871,0.387399,1.52093,2.188568
0.23545,0.49729,0.492545,1.59604,2.171937
0.23545,0.540374,0.514122,1.682523,2.137843
0.199283,0.593321,0.577443,1.779772,2.108441
0.275918,0.654016,0.640529,1.875,2.045383
0.275918,0.644182,0.640529,1.917887,2.005941
0.320426,0.613974,0.621173,1.968889,1.975758
0.275918,0.613974,0.620421,1.972,1.9576
0.199283,0.644182,0.639055,1.985465,1.910036
0.275918,0.593321,0.59989,2.010567,1.822211
0.199283,0.540374,0.534852,2.017598,1.754587
0.23545,0.561729,0.55704,2.017248,1.722646
0.23545,0.529633,0.514122,2.014516,1.6943
0.320426,0.422368,0.408846,2.02602,1.662
0.275918,0.411871,0.387399,2.027825,1.621538
0.23545,0.370768,0.38664,2.026381,1.573993
0.23545,0.370768,0.366379,2.004194,1.433874
0.320426,0.35086,0.367864,1.94228,1.346029
0.275918,0.259803,0.256823,1.902176,1.211522
0.525014,0.227993,0.228075,1.875319,1.162182
0.577649,0.172922,0.161427,1.870565,1.069759
0.628577,0.160918,0.16186,1.877375,0.956152
0.577649,0.138943,0.139397,1.875747,0.836913
0.577649,0.12416,0.12936,1.874375,0.813839
0.628577,0.149599,0.16186,1.877394,0.813839
0.721536,0.172922,0.174836,1.8825,0.816964
0.721536,0.259803,0.262354,1.88725,0.869028
0.721536,0.268192,0.262354,1.896627,0.958017
0.798681,0.235681,0.23147,1.921,1.042523
0.798681,0.268192,0.263593,1.936051,1.142592
0.830765,0.285472,0.299113,1.954092,1.245047
0.830765,0.331454,0.336513,1.971,1.3665
0.830765,0.380896,0.37608,1.972,1.5432
0.798681,0.422368,0.437716,1.972,1.640187
0.798681,0.380896,0.416596,1.977199,1.736759
0.798681,0.432936,0.437716,1.958798,1.802778
0.830765,0.475721,0.502935,1.94287,1.875624
0.798681,0.508079,0.5237,1.892852,1.980671
0.830765,0.486499,0.481362,1.846628,2.069375
0.798681,0.529633,0.545176,1.815869,2.1878
0.762255,0.572329,0.5657,1.787436,2.312388
0.762255,0.561729,0.5657,1.696624,2.380196
0.762255,0.593321,0.607539,1.585223,2.42428
0.721536,0.603692,0.606777,1.500528,2.451064
0.721536,0.710081,0.703791,1.403671,2.465154
0.6768,0.613974,0.646397,1.278874,2.472929
0.628577,0.66372,0.720179,1.152119,2.486012
0.628577,0.673287,0.684104,1.054201,2.489972
0.525014,0.682713,0.701118,1.009491,2.489972
0.577649,0.752436,0.753024,0.925746,2.4802
0.525014,0.752436,0.752429,0.85324,2.428406
0.471818,0.797488,0.796958,0.82913,2.326883
0.419254,0.790429,0.79644,0.747049,2.258468
0.419254,0.797488,0.810078,0.697883,2.185604
0.419254,0.804372,0.79644,0.675344,2.141199
0.419254,0.797488,0.79644,0.671094,2.073902
0.419254,0.797488,0.767016,0.671094,1.974661
0.471818,0.736002,0.735378,0.681655,1.812234
0.368461,0.768165,0.766444,0.714374,1.717829
0.419254,0.752436,0.734756,0.74625,1.61625
0.320426,0.727528,0.733508,0.774542,1.542063
0.275918,0.752436,0.765298,0.784483,1.386063
0.275918,0.768165,0.765298,0.800207,1.265825
0.23545,0.797488,0.794359,0.839966,1.150914
0.275918,0.768165,0.808598,0.891085,1.076469
0.275918,0.701113,0.715646,0.93869,1.017465
0.23545,0.701113,0.697083,1.001727,0.923149
0.199283,0.701113,0.696407,1.030102,0.831899
0.23545,0.691987,0.697083,1.100131,0.716982
0.167456,0.673287,0.658,1.193996,0.605317
0.167456,0.644182,0.658,1.248983,0.582778
0.167456,0.654016,0.638317,1.331903,0.577597
0.199283,0.603692,0.618914,1.400634,0.573089
0.139823,0.613974,0.596817,1.500931,0.558706
0.199283,0.540374,0.513323,1.618125,0.557406
0.199283,0.464965,0.470198,1.725644,0.546528
0.167456,0.443565,0.426732,1.841205,0.505519
0.167456,0.360756,0.345132,1.930293,0.472911
0.199283,0.360756,0.345855,1.980016,0.472
0.199283,0.29436,0.307899,2.00677,0.468375
0.167456,0.243548,0.238946,2.036902,0.4686
0.167456,0.235681,0.238946,2.084374,0.50129
0.199283,0.227993,0.224158,2.200906,0.540961
0.23545,0.220482,0.224715,2.255683,0.6641
0.199283,0.160918,0.157994,2.314411,0.785984
0.275918,0.160918,0.127215,2.379315,0.854687
0.471818,0.091207,0.110497,2.395309,0.939032
0.275918,0.084297,0.086476,2.395309,1.041543
0.275918,0.110746,0.109246,2.401857,1.123763
0.275918,0.119541,0.117934,2.413754,1.241521
0.275918,0.172922,0.170724,2.414051,1.343078
0.320426,0.172922,0.171177,2.411538,1.427354
0.275918,0.160918,0.170724,2.409,1.468869
0.525014,0.213151,0.213234,2.410142,1.71126
0.471818,0.243548,0.227512,2.42362,1.806182
0.419254,0.312609,0.311316,2.420724,1.87965
0.368461,0.303407,0.310631,2.408125,1.943174
0.320426,0.370768,0.472589,2.397607,1.988679
0.368461,0.391128,0.409619,2.382592,2.120486
0.419254,0.454246,0.45272,2.368656,2.181034
0.471818,0.475721,0.47498,2.227375,2.231264
0.471818,0.518865,0.496541,2.153239,2.232019
0.419254,0.551073,0.560193,2.12345,2.232019
0.471818,0.624156,0.602956,2.109374,2.19579
0.419254,0.644182,0.622677,2.088547,2.100544
0.471818,0.654016,0.663019,2.067375,2.024062
0.471818,0.744306,0.735378,2.006387,1.939353
0.471818,0.768165,0.751833,1.902772,1.888582
0.419254,0.797488,0.782086,1.878329,1.814
0.419254,0.797488,0.79644,1.856693,1.746718
0.577649,0.830128,0.824399,1.82694,1.699847
0.471818,0.823952,0.823471,1.816,1.677548
0.577649,0.817604,0.81155,1.816,1.665
0.628577,0.768165,0.769294,1.79876,1.665
0.525014,0.760391,0.768157,1.709198,1.660907
0.6768,0.718889,0.703124,1.633929,1.394718
0.721536,0.710081,0.721466,1.595,1.267
0.721536,0.718889,0.721466,1.595,1.267
0.721536,0.701113,0.685484,1.475688,1.122234
0.762255,0.701113,0.686173,1.398102,0.947563
0.762255,0.654016,0.647857,1.330228,0.901405
0.830765,0.613974,0.609063,1.225298,0.881856
0.798681,0.634229,0.628667,1.166735,0.88
0.830765,0.613974,0.629413,1.069059,0.88
0.830765,0.582863,0.588326,1.028177,0.880194
0.762255,0.613974,0.627921,1.007125,0.886694
0.830765,0.551073,0.56727,0.9874,0.8989
0.830765,0.561729,0.56727,0.937445,0.912715
0.830765,0.49729,0.502935,0.924879,0.966083
0.830765,0.486499,0.524497,0.914942,1.075741
0.830765,0.454246,0.459858,0.913308,1.195541
0.858641,0.391128,0.397308,0.909772,1.30718
0.830765,0.35086,0.356051,0.87359,1.390837
0.798681,0.360756,0.37533,0.825041,1.479309
0.830765,0.303407,0.299113,0.769646,1.580987
0.798681,0.259803,0.263593,0.726519,1.685313
0.830765,0.285472,0.281334,0.698208,1.817371
0.762255,0.243548,0.230901,0.691137,1.908233
0.762255,0.213151,0.215928,0.684206,2.001378
0.762255,0.172922,0.163165,0.667306,2.089026
0.762255,0.144189,0.140939,0.665957,2.151845
0.6768,0.144189,0.140166,0.665957,2.262641
0.628577,0.149599,0.139781,0.665957,2.285846
0.525014,0.144189,0.139014,0.71055,2.287836
0.419254,0.138943,0.138251,0.783251,2.292164
0.471818,0.192236,0.149266,0.865571,2.305993
0.368461,0.138943,0.148455,0.931496,2.318771
0.368461,0.192236,0.148455,0.97003,2.306374
0.23545,0.220482,0.210033,1.038464,2.301579
0.275918,0.19903,0.196573,1.123375,2.30544
0.199283,0.259803,0.239528,1.213874,2.305734
0.199283,0.29436,0.289814,1.310293,2.305511
0.167456,0.331454,0.345132,1.387034,2.285313
0.167456,0.331454,0.32589,1.503135,2.265
0.199283,0.35086,0.345855,1.563397,2.220125
0.275918,0.380896,0.387399,1.702837,2.20157
0.167456,0.475721,0.469402,1.816082,2.185072
0.139823,0.582863,0.554672,1.846119,2.176714
0.139823,0.551073,0.554672,1.864124,2.148278
0.199283,0.634229,0.658719,1.887149,2.066355
0.23545,0.551073,0.55704,1.904438,1.980015
0.23545,0.624156,0.67855,1.964512,1.919809
0.199283,0.673287,0.658719,2.050991,1.869317
0.23545,0.673287,0.697083,2.079901,1.791783
0.23545,0.701113,0.697083,2.098315,1.715025
0.23545,0.718889,0.714995,2.163927,1.481894
0.275918,0.736002,0.732882,2.185802,1.378803
0.275918,0.752436,0.765298,2.210068,1.329183
0.320426,0.718889,0.716297,2.244634,1.280893
0.320426,0.752436,0.716297,2.217354,1.169289
0.275918,0.783187,0.765298,2.205275,1.113429
0.320426,0.775765,0.765872,2.1953,1.059006
0.419254,0.804372,0.79644,2.189131,0.986596
0.577649,0.817604,0.824399,2.154589,0.913712
0.6768,0.823952,0.837421,2.080161,0.888166
0.577649,0.752436,0.753024,2.033559,0.863813
0.628577,0.752436,0.737241,1.992898,0.844783
0.628577,0.744306,0.753618,1.90283,0.799099
0.628577,0.768165,0.753618,1.874573,0.767
0.721536,0.736002,0.738477,1.807533,0.767
0.721536,0.691987,0.685484,1.728819,0.767
0.721536,0.673287,0.721466,1.65043,0.7791
0.762255,0.710081,0.704457,1.526027,0.801388
0.798681,0.644182,0.628667,1.476693,0.819618
0.798681,0.613974,0.628667,1.351994,0.830435
0.798681,0.572329,0.566485,1.277875,0.841223
0.798681,0.551073,0.566485,1.159734,0.850204
0.798681,0.540374,0.545176,1.071959,0.87075
0.798681,0.464965,0.480564,1.002539,0.952531
0.762255,0.443565,0.436929,0.942775,1.051623
0.762255,0.422368,0.436929,0.897064,1.135556
0.762255,0.341091,0.335087,0.855856,1.228684
0.762255,0.341091,0.335087,0.809653,1.356964
0.830765,0.27675,0.299113,0.736177,1.447872
0.830765,0.259803,0.247776,0.683615,1.50933
0.830765,0.27675,0.281334,0.680694,1.590627
0.830765,0.251587,0.281334,0.682194,1.687302
0.6768,0.172922,0.187155,0.682194,1.787964
0.721536,0.166834,0.140552,0.686036,1.870125
0.6768,0.133857,0.130082,0.705693,1.922206
0.577649,0.119541,0.111127,0.760977,1.964981
0.471818,0.102525,0.102293,0.781172,2.063071
0.577649,0.11507,0.111127,0.827299,2.126418
0.320426,0.102525,0.109557,0.893289,2.159365
0.23545,0.213151,0.210033,0.981227,2.17321
0.167456,0.303407,0.289156,1.080115,2.178331
0.199283,0.331454,0.326593,1.161239,2.181914
0.167456,0.370768,0.364895,1.236218,2.20495
0.167456,0.464965,0.469402,1.313741,2.262915
0.199283,0.561729,0.470198,1.363148,2.302454
0.167456,0.508079,0.490946,1.466079,2.306811
0.199283,0.540374,0.513323,1.551972,2.306811
0.139823,0.644182,0.617404,1.643389,2.306211
0.199283,0.66372,0.618914,1.723412,2.280858
0.167456,0.582863,0.597586,1.780275,2.276
0.167456,0.691987,0.677154,1.823311,2.255837
0.167456,0.682713,0.677154,1.904178,2.247516
0.167456,0.701113,0.695731,2.018542,2.170006
0.167456,0.718889,0.71369,2.136467,2.112018
0.199283,0.760391,0.748236,2.234391,2.065006
0.275918,0.744306,0.749439,2.265127,2.031191
0.320426,0.744306,0.733508,2.292474,1.909893
0.275918,0.718889,0.715646,2.293368,1.80878
0.23545,0.718889,0.697083,2.284211,1.707125
0.320426,0.682713,0.698431,2.28732,1.683156
0.419254,0.682713,0.681333,2.287074,1.584499
0.419254,0.66372,0.642735,2.287605,1.458976
0.320426,0.634229,0.621173,2.282444,1.324508
0.320426,0.624156,0.600657,2.27842,1.202801
0.471818,0.391128,0.390438,2.265315,1.121877
0.628577,0.27675,0.278113,2.255273,1.013388
0.6768,0.312609,0.314754,2.246831,0.934974
0.721536,0.285472,0.297106,2.236574,0.849912
0.721536,0.29436,0.297106,2.207822,0.732083
0.762255,0.312609,0.316134,2.173021,0.659435
0.762255,0.331454,0.354586,2.121642,0.621088
0.798681,0.370768,0.37533,2.074658,0.606276
0.798681,0.411871,0.416596,2.044249,0.601103
0.798681,0.411871,0.437716,2.004832,0.618125
0.798681,0.486499,0.480564,1.978051,0.6395
0.798681,0.529633,0.5237,1.843582,0.701035
0.830765,0.540374,0.545968,1.799222,0.767747
0.762255,0.540374,0.544383,1.758889,0.838744
0.762255,0.561729,0.5657,1.711362,0.875353
0.721536,0.624156,0.627173,1.653046,0.939469
0.721536,0.644182,0.647127,1.63325,1.028018
0.6768,0.66372,0.684794,1.6295,1.104946
0.721536,0.701113,0.703791,1.6205,1.227391
0.721536,0.752436,0.754803,1.616,1.31975
0.628577,0.718889,0.737241,1.614234,1.447252
0.577649,0.752436,0.753024,1.611383,1.52097
0.525014,0.783187,0.783174,1.562344,1.632204
0.577649,0.790429,0.783717,1.521349,1.732206
0.525014,0.783187,0.797475,1.479107,1.867642
0.577649,0.804372,0.81155,1.472467,1.958158
0.577649,0.811077,0.81155,1.461522,2.125158
0.471818,0.817604,0.823471,1.3873,2.2275
0.419254,0.847621,0.835232,1.295292,2.267502
0.525014,0.83613,0.823935,1.190905,2.269008
0.471818,0.804372,0.796958,1.039358,2.272855
0.368461,0.811077,0.809586,0.946281,2.272855
0.419254,0.797488,0.782086,0.86726,2.266196
0.368461,0.811077,0.82254,0.78959,2.218073
0.368461,0.83613,0.82254,0.753216,2.131694
0.320426,0.775765,0.780995,0.74402,2.027961
0.320426,0.768165,0.780995,0.736918,1.932386
0.23545,0.783187,0.764723,0.728543,1.854539
0.23545,0.797488,0.779899,0.71925,1.739579
0.275918,0.744306,0.732882,0.709613,1.611531
0.275918,0.710081,0.715646,0.695782,1.479307
0.199283,0.736002,0.748236,0.695782,1.361352
0.275918,0.727528,0.732882,0.695782,1.248063
0.167456,0.710081,0.71369,0.708163,1.166718
0.139823,0.613974,0.637579,0.744949,1.076004
0.167456,0.593321,0.597586,0.790273,0.995216
0.116115,0.551073,0.510927,0.817439,0.897975
0.199283,0.454246,0.470198,0.870181,0.738233
0.167456,0.464965,0.469402,0.924196,0.634474
0.139823,0.411871,0.384368,0.99956,0.593595
0.139823,0.370768,0.364155,1.0793,0.555798
0.167456,0.370768,0.364895,1.151495,0.538491
0.199283,0.29436,0.289814,1.245762,0.53
0.199283,0.312609,0.289814,1.3558,0.51804
0.199283,0.27675,0.272373,1.47175,0.493125
0.199283,0.259803,0.255604,1.566329,0.453797
0.139823,0.227993,0.223048,1.666822,0.450345
0.199283,0.303407,0.272373,1.74646,0.450345
0.23545,0.312609,0.290472,1.80742,0.43921
0.23545,0.331454,0.327297,1.887675,0.440375
0.275918,0.331454,0.328001,1.980492,0.454356
0.320426,0.312609,0.328706,2.188651,0.472238
0.368461,0.35086,0.348754,2.27385,0.494875
0.320426,0.432936,0.429863,2.323091,0.609169
0.368461,0.422368,0.451928,2.333832,0.699174
0.419254,0.401458,0.389677,2.339809,0.770504
0.471818,0.432936,0.432216,2.344806,0.874049
0.525014,0.518865,0.518913,2.344806,0.979344
0.525014,0.540374,0.518913,2.350803,1.089149
0.525014,0.540374,0.540415,2.369179,1.156015
0.577649,0.561729,0.562555,2.3745,1.209332
0.628577,0.572329,0.563342,2.389125,1.324913
0.6768,0.634229,0.646397,2.393407,1.46961
0.6768,0.572329,0.585225,2.378569,1.571799
0.6768,0.593321,0.626425,2.359509,1.625778
0.6768,0.572329,0.585225,2.354192,1.695906
0.762255,0.593321,0.607539,2.338566,1.705307
0.721536,0.613974,0.627173,2.257248,1.705307
0.762255,0.540374,0.544383,2.200495,1.699859
0.762255,0.561729,0.544383,2.17745,1.670875
0.762255,0.540374,0.5657,2.106629,1.6554
0.798681,0.572329,0.566485,2.011615,1.645123
0.798681,0.551073,0.566485,1.934233,1.63309
0.798681,0.654016,0.566485,1.84735,1.591747
0.798681,0.529633,0.5237,1.787182,1.555422
0.830765,0.486499,0.502935,1.663668,1.533827
0.798681,0.370768,0.37533,1.544739,1.526971
0.762255,0.331454,0.335087,1.464303,1.52825
0.830765,0.303407,0.317518,1.375638,1.536542
0.6768,0.227993,0.229768,1.259076,1.56782
0.628577,0.18562,0.200131,1.175586,1.593374
0.6768,0.192236,0.187155,1.092477,1.615034
0.628577,0.138943,0.12972,1.03464,1.626333
0.577649,0.138943,0.12936,0.942598,1.634677
0.577649,0.138943,0.139397,0.92197,1.643693
0.525014,0.119541,0.102587,0.90734,1.728667
0.23545,0.12416,0.117602,0.902211,1.787685
0.23545,0.172922,0.182817,0.889152,1.849033
0.23545,0.18562,0.182817,0.88245,1.91693
0.199283,0.18562,0.18234,0.880412,1.983678
0.275918,0.243548,0.240695,0.863792,2.047391
0.23545,0.285472,0.273007,0.855205,2.107444
0.23545,0.251587,0.273007,0.855205,2.119007
0.199283,0.259803,0.255604,0.855205,2.119952
0.199283,0.411871,0.40653,0.874733,2.136008
0.23545,0.422368,0.407302,0.923622,2.154394
0.23545,0.486499,0.470995,1.03468,2.156519
0.167456,0.518865,0.576663,1.103404,2.157561
0.199283,0.572329,0.577443,1.17425,2.182872
0.199283,0.529633,0.534852,1.274177,2.185903
0.167456,0.572329,0.597586,1.379572,2.194644
0.167456,0.603692,0.618159,1.480043,2.2087
0.199283,0.66372,0.658719,1.581393,2.219
0.23545,0.673287,0.67855,1.649602,2.219
0.275918,0.752436,0.749439,1.734413,2.220162
0.275918,0.768165,0.765298,1.829625,2.220453
0.320426,0.804372,0.83435,1.889197,2.227053
0.320426,0.768165,0.765872,1.933493,2.230203
0.419254,0.783187,0.782086,2.047488,2.080193
0.419254,0.797488,0.810078,2.104701,2.018289
0.471818,0.783187,0.796958,2.135042,1.989208
0.471818,0.811077,0.823471,2.240313,1.925948
0.471818,0.811077,0.796958,2.303863,1.835079
0.471818,0.811077,0.796958,2.308238,1.748683
0.525014,0.823952,0.823935,2.308238,1.710271
0.628577,0.811077,0.798506,2.326784,1.675309
0.628577,0.752436,0.753618,2.307309,1.617082
0.577649,0.752436,0.736621,2.287912,1.39385
0.628577,0.727528,0.720179,2.270238,1.2894
0.6768,0.66372,0.66587,2.224,1.094563
0.6768,0.644182,0.646397,2.191427,1.044801
0.721536,0.561729,0.564914,2.151815,1.003663
0.721536,0.540374,0.54359,2.099185,0.972483
0.721536,0.508079,0.522105,2.031505,0.912149
0.798681,0.432936,0.437716,1.964625,0.822823
0.798681,0.422368,0.416596,1.895631,0.780699
0.798681,0.401458,0.395778,1.79663,0.73257
0.798681,0.35086,0.355318,1.725958,0.720303
0.762255,0.341091,0.335087,1.634874,0.707784
0.762255,0.268192,0.280043,1.539726,0.700903
0.762255,0.268192,0.280043,1.480821,0.707784
0.762255,0.213151,0.215928,1.37132,0.721974
0.762255,0.206002,0.215928,1.346883,0.734968
0.628577,0.144189,0.120282,1.334944,0.811728
0.628577,0.138943,0.12972,1.283549,0.897818
0.525014,0.128932,0.139014,1.203836,0.989718
0.419254,0.179185,0.198092,1.110531,1.078272
0.368461,0.155173,0.159703,1.229602,1.2021
0.275918,0.19903,0.210564,1.405856,1.250831
0.23545,0.235681,0.224715,1.257659,1.308479
0.199283,0.251587,0.239528,1.042708,1.535984
0.167456,0.312609,0.307218,1.018125,1.677417
0.167456,0.341091,0.32589,1.074223,1.808054
0.139823,0.401458,0.404988,1.151681,1.920673
0.199283,0.464965,0.470198,1.142648,2.026919
0.199283,0.508079,0.491746,1.133615,2.124997
0.199283,0.518865,0.577443,1.209795,2.218482
0.23545,0.561729,0.514122,1.298631,2.245842
0.23545,0.540374,0.535647,1.385349,2.257375
0.23545,0.508079,0.535647,1.485882,2.261559
0.167456,0.634229,0.597586,1.513042,2.27494
0.23545,0.682713,0.67855,1.539176,2.276798
0.199283,0.727528,0.714343,1.628355,2.276798
0.23545,0.736002,0.732256,1.74125,2.274298
0.320426,0.797488,0.780995,1.791505,2.213732
0.320426,0.718889,0.733508,1.823826,2.168891
0.419254,0.768165,0.767016,1.866907,2.144436
0.419254,0.744306,0.767016,1.958898,2.088763
0.525014,0.768165,0.783174,2.180867,2.033132
0.471818,0.797488,0.796958,2.206468,1.835478
0.368461,0.768165,0.766444,2.210195,1.669919
0.471818,0.768165,0.767587,2.214509,1.633442
0.471818,0.783187,0.782631,2.201221,1.515111
0.577649,0.752436,0.753024,2.19072,1.434728
0.6768,0.691987,0.703124,2.181596,1.381289
0.577649,0.644182,0.644934,2.170625,1.294125
0.628577,0.682713,0.684104,2.166,1.201304
0.628577,0.701113,0.702456,2.150439,1.090647
0.6768,0.644182,0.646397,2.129897,1.03479
0.721536,0.613974,0.606777,2.106453,0.98812
0.6768,0.561729,0.585225,2.071046,0.941325
0.628577,0.518865,0.520509,2.024253,0.884685
0.6768,0.551073,0.564128,1.97725,0.835188
0.628577,0.432936,0.434571,1.949327,0.7655
0.577649,0.391128,0.37159,1.885048,0.744225
0.628577,0.341091,0.372337,1.798827,0.740427
0.471818,0.27675,0.293778,1.710266,0.733
0.525014,0.235681,0.243629,1.574354,0.73655
0.628577,0.213151,0.214309,1.464963,0.74801
0.471818,0.213151,0.212698,1.349097,0.758859
0.419254,0.166834,0.160133,1.224966,0.8059
0.419254,0.12416,0.128283,1.117928,0.962245
0.320426,0.138943,0.12757,1.083315,1.034907
0.419254,0.091207,0.09436,1.049997,1.142886
0.419254,0.102525,0.09436,1.042545,1.2467
0.471818,0.09862,0.102293,1.030464,1.295712
0.577649,0.110746,0.111127,1.0135,1.327333
0.628577,0.11507,0.120282,1.012,1.446489
0.721536,0.128932,0.140552,1.012,1.557748
0.721536,0.192236,0.187642,1.015501,1.619436
0.762255,0.192236,0.18813,1.163786,1.627775
0.762255,0.220482,0.230901,1.243125,1.641685
0.762255,0.220482,0.215928,1.272193,1.655356
0.762255,0.331454,0.335087,1.312,1.7576
0.798681,0.380896,0.37533,1.397683,1.837222
0.798681,0.35086,0.355318,1.548629,1.847418
0.762255,0.454246,0.458271,1.71606,1.850651
0.798681,0.464965,0.459064,1.809651,1.854018
0.798681,0.49729,0.480564,1.904383,1.873972
0.798681,0.508079,0.502136,1.981948,1.915245
0.798681,0.464965,0.480564,2.098975,2.007048
0.762255,0.432936,0.436929,2.137175,2.092172
0.762255,0.518865,0.522902,2.14335,2.172577
0.762255,0.540374,0.544383,2.14335,2.247
0.721536,0.572329,0.564914,2.140213,2.330623
0.721536,0.582863,0.564914,2.067413,2.403026
0.721536,0.603692,0.606777,1.943068,2.426715
0.6768,0.701113,0.684794,1.796368,2.438971
0.6768,0.701113,0.684794,1.70079,2.443548
0.577649,0.673287,0.683412,1.621535,2.442048
0.628577,0.701113,0.702456,1.515633,2.441548
0.419254,0.736002,0.734756,1.414461,2.441548
0.525014,0.752436,0.736,1.320236,2.445429
0.419254,0.752436,0.734756,1.232745,2.450625
0.419254,0.752436,0.734756,1.130119,2.434428
0.525014,0.736002,0.736,1.04546,2.422909
0.419254,0.66372,0.662304,0.881823,2.413268
0.368461,0.593321,0.601424,0.801147,2.384651
0.320426,0.572329,0.558617,0.788125,2.320465
0.368461,0.540374,0.516518,0.778951,2.195584
0.275918,0.518865,0.514921,0.765767,2.078634
0.23545,0.432936,0.428297,0.763436,2.002125
0.320426,0.411871,0.408846,0.770251,1.8764
0.320426,0.370768,0.367864,0.791257,1.735784
0.368461,0.391128,0.388917,0.8092,1.591433
0.23545,0.259803,0.256213,0.82733,1.480928
0.275918,0.268192,0.273642,0.896019,1.409115
0.320426,0.19903,0.197078,0.954565,1.320573
0.419254,0.179185,0.172086,0.984044,1.197327
0.471818,0.172922,0.172542,1.019655,1.05322
0.419254,0.18562,0.172086,1.046047,0.892383
0.471818,0.192236,0.185217,1.102806,0.838691
0.721536,0.19903,0.187642,1.132,0.837625
0.6768,0.227993,0.214848,1.254833,0.835625
0.577649,0.251587,0.244218,1.398168,0.826874
0.471818,0.312609,0.276192,1.537812,0.836
0.419254,0.331454,0.330119,1.732123,0.84397
0.471818,0.370768,0.350208,1.902918,0.854625
0.525014,0.331454,0.331534,1.942426,0.918109
0.471818,0.432936,0.432216,1.996673,1.06726
0.368461,0.508079,0.473386,2.023778,1.152568
0.471818,0.561729,0.560981,2.031561,1.299779
0.471818,0.540374,0.539621,2.061625,1.470201
0.419254,0.603692,0.60219,2.080429,1.595435
0.419254,0.644182,0.622677,2.122102,1.689293
0.368461,0.701113,0.716946,2.123921,1.760474
0.419254,0.701113,0.699776,2.122276,1.846288
0.525014,0.718889,0.736,2.118418,1.981041
0.419254,0.736002,0.734756,2.032743,2.078681
0.419254,0.775765,0.782086,1.878462,2.141602
0.368461,0.811077,0.809586,1.804316,2.154295
0.419254,0.847621,0.835232,1.665717,2.154295
0.419254,0.823952,0.823006,1.603074,2.150545
0.419254,0.811077,0.823006,1.597454,2.072616
0.471818,0.760391,0.751833,1.547419,1.945469
0.525014,0.752436,0.752429,1.532544,1.875975
0.525014,0.768165,0.768157,1.517109,1.757778
0.471818,0.783187,0.782631,1.473587,1.671954
0.577649,0.760391,0.753024,1.447136,1.564436
0.577649,0.736002,0.736621,1.447136,1.458489
0.628577,0.701113,0.702456,1.445273,1.431
0.6768,0.66372,0.66587,1.430876,1.272607
0.6768,0.634229,0.646397,1.428554,1.122449
0.721536,0.603692,0.606777,1.409893,1.014512
0.721536,0.644182,0.627173,1.407949,0.955919
0.798681,0.593321,0.587551,1.385604,0.858011
0.762255,0.518865,0.522902,1.35831,0.799563
0.721536,0.529633,0.54359,1.301372,0.748288
0.762255,0.464965,0.479766,1.217234,0.741
0.798681,0.454246,0.459064,1.190375,0.741
0.798681,0.391128,0.395778,1.173903,0.7424
0.798681,0.331454,0.335799,1.155022,0.780858
0.798681,0.285472,0.280688,1.1309,0.884657
0.762255,0.259803,0.280043,1.091394,0.968648
0.762255,0.27675,0.280043,1.028729,1.040338
0.721536,0.213151,0.201157,0.95912,1.1974
0.6768,0.206002,0.214848,0.914987,1.276562
0.721536,0.160918,0.162729,0.905433,1.358602
0.6768,0.119541,0.120621,0.895639,1.460228
0.577649,0.119541,0.119944,0.888754,1.545434
0.368461,0.12416,0.127926,0.881745,1.668145
0.368461,0.138943,0.148455,0.881266,1.760449
0.368461,0.172922,0.159703,0.881947,1.880914
0.320426,0.155173,0.148052,0.893981,1.954025
0.275918,0.160918,0.158847,0.961612,1.974867
0.199283,0.19903,0.195565,1.072881,2.00176
0.199283,0.243548,0.239528,1.107212,2.098482
0.167456,0.268192,0.254997,1.146166,2.20163
0.167456,0.27675,0.27174,1.232012,2.303768
0.167456,0.35086,0.345132,1.32174,2.306513
0.167456,0.360756,0.345132,1.420144,2.319018
0.199283,0.486499,0.491746,1.504464,2.33385
0.167456,0.486499,0.490946,1.556281,2.3443
0.116115,0.454246,0.46781,1.624453,2.344275
0.139823,0.475721,0.468606,1.726933,2.345
0.167456,0.422368,0.385125,1.791352,2.345
0.199283,0.312609,0.307899,1.8508,2.3294
0.23545,0.391128,0.38664,1.898693,2.282582
0.199283,0.370768,0.385882,1.942697,2.234791
0.275918,0.35086,0.347303,2.105375,2.148636
0.275918,0.391128,0.347303,2.182,1.974732
0.320426,0.360756,0.367864,2.20495,1.8147
0.320426,0.331454,0.328706,2.2585,1.631566
0.471818,0.29436,0.276192,2.28,1.5305
0.525014,0.29436,0.276831,2.28,1.404359
0.721536,0.35086,0.353855,2.2265,1.348617
0.721536,0.341091,0.334375,2.239765,1.3095
0.798681,0.285472,0.298443,2.238478,1.3095
0.762255,0.312609,0.316134,2.236,1.3165
0.762255,0.35086,0.374581,2.234604,1.361725
0.762255,0.422368,0.436929,2.23595,1.373375
0.762255,0.443565,0.436929,2.240282,1.372
0.762255,0.422368,0.415819,2.241375,1.374375
0.762255,0.561729,0.544383,2.235194,1.376681
0.721536,0.551073,0.54359,2.227255,1.377702
0.762255,0.593321,0.5657,2.184714,1.408851
0.762255,0.572329,0.5657,2.104505,1.431777
0.762255,0.634229,0.667292,2.053973,1.51471
0.6768,0.613974,0.606013,1.989462,1.649396
0.6768,0.603692,0.626425,1.888309,1.828031
0.6768,0.673287,0.66587,1.805117,1.900783
0.6768,0.691987,0.703124,1.712419,1.930853
0.628577,0.744306,0.737241,1.625375,1.942125
0.577649,0.790429,0.783717,1.54584,1.977722
0.628577,0.823952,0.812038,1.479879,2.061028
0.721536,0.83613,0.837855,1.363727,2.124524
0.525014,0.847621,0.83611,1.251298,2.180181
0.471818,0.83613,0.835672,1.109046,2.187
0.368461,0.823952,0.82254,1.066435,2.187
0.368461,0.847621,0.834792,1.023569,2.183581
0.419254,0.847621,0.835232,0.961313,2.159323
0.368461,0.783187,0.795922,0.917684,2.06904
0.471818,0.752436,0.751833,0.841109,1.997206
0.419254,0.752436,0.767016,0.7656,1.944188
0.419254,0.768165,0.767016,0.765299,1.802331
0.368461,0.701113,0.699104,0.7609,1.715813
0.320426,0.644182,0.641265,0.749657,1.614579
0.23545,0.593321,0.599122,0.7451,1.498884
0.23545,0.582863,0.578223,0.734072,1.375051
0.23545,0.49729,0.492545,0.731286,1.274571
0.199283,0.454246,0.470198,0.731286,1.173108
0.199283,0.422368,0.427514,0.731286,1.097463
0.275918,0.422368,0.408074,0.752099,0.990647
0.167456,0.331454,0.27174,0.829875,0.864875
0.23545,0.251587,0.256213,0.880266,0.763311
0.275918,0.220482,0.210564,0.940302,0.636765
0.320426,0.128932,0.12757,1.017886,0.566
0.419254,0.149599,0.14886,1.170633,0.566
0.525014,0.128932,0.129,1.249958,0.566
0.471818,0.172922,0.172542,1.318625,0.563625
0.471818,0.160918,0.160563,1.434364,0.5875
0.577649,0.19903,0.186184,1.545441,0.5875
0.577649,0.192236,0.186184,1.627253,0.591414
0.762255,0.227993,0.230901,1.690673,0.6045
0.6768,0.251587,0.261735,1.761432,0.6045
0.721536,0.259803,0.245993,1.816829,0.6045
0.6768,0.27675,0.278756,1.822917,0.654788
0.6768,0.259803,0.261735,1.882997,0.775044
0.577649,0.268192,0.277472,2.016883,0.845629
0.525014,0.312609,0.312688,2.091472,0.991165
0.577649,0.411871,0.433785,2.1035,1.144973
0.419254,0.518865,0.517316,2.1125,1.283981
0.320426,0.613974,0.621173,2.126848,1.4318
0.368461,0.624156,0.621925,2.14625,1.622752
0.419254,0.644182,0.642735,2.147,1.75567
0.419254,0.691987,0.681333,2.171875,1.903692
0.368461,0.701113,0.699104,2.1765,1.99511
0.419254,0.718889,0.717594,2.1765,2.038761
0.275918,0.783187,0.794881,2.1765,2.077151
0.368461,0.823952,0.846356,2.02717,2.165435
0.419254,0.797488,0.810078,1.861378,2.214912
0.419254,0.823952,0.823006,1.7752,2.2547
0.419254,0.823952,0.823006,1.684446,2.25575
0.471818,0.847621,0.85803,1.578613,2.26996
0.368461,0.868613,0.867491,1.476,2.271419
0.525014,0.868613,0.858419,1.460213,2.25673
0.577649,0.811077,0.81155,1.450267,2.219044
0.577649,0.83613,0.824399,1.439865,2.191028
0.525014,0.817604,0.81106,1.437847,2.097374
0.628577,0.752436,0.769294,1.432665,1.929018
0.6768,0.790429,0.784799,1.432,1.795962
0.628577,0.744306,0.737241,1.432,1.667564
0.6768,0.718889,0.720823,1.436957,1.586608
0.6768,0.673287,0.66587,1.468543,1.470164
0.721536,0.634229,0.647127,1.495,1.380178
0.721536,0.654016,0.647127,1.504538,1.165509
0.721536,0.634229,0.586001,1.5145,1.063392
0.762255,0.518865,0.5657,1.5145,0.925871
0.762255,0.540374,0.544383,1.490081,0.826163
0.798681,0.529633,0.5237,1.470425,0.73083
0.762255,0.411871,0.436929,1.44734,0.683677
0.798681,0.401458,0.395778,1.409032,0.639342
0.798681,0.380896,0.37533,1.388992,0.567025
0.762255,0.312609,0.297774,1.361171,0.5411
0.762255,0.268192,0.280043,1.303292,0.541
0.762255,0.268192,0.246587,1.228104,0.541
0.721536,0.243548,0.230334,1.106833,0.542375
0.628577,0.18562,0.186669,1.038699,0.561013
0.762255,0.172922,0.163165,0.952467,0.59407
0.6768,0.149599,0.150897,0.905902,0.696606
0.628577,0.144189,0.150488,0.888373,0.834664
0.577649,0.138943,0.139397,0.87564,0.915235
0.628577,0.149599,0.150488,0.841406,1.009323
0.628577,0.213151,0.200131,0.82566,1.137583
0.628577,0.192236,0.186669,0.8267,1.26925
0.577649,0.235681,0.213771,0.838739,1.401396
0.471818,0.259803,0.24304,0.844524,1.510512
0.419254,0.243548,0.242452,0.850514,1.605091
0.320426,0.285472,0.274278,0.859931,1.695853
0.368461,0.35086,0.348754,0.866461,1.785291
0.419254,0.35086,0.349481,0.872596,1.899442
0.368461,0.432936,0.451928,0.889346,2.022005
0.23545,0.561729,0.578223,0.926991,2.080028
0.320426,0.613974,0.621173,1.022702,2.097539
0.23545,0.644182,0.639792,1.162865,2.120663
0.275918,0.718889,0.715646,1.237947,2.178097
0.275918,0.718889,0.715646,1.285867,2.24666
0.199283,0.682713,0.677852,1.3868,2.249638
0.199283,0.634229,0.618914,1.462709,2.253834
0.23545,0.66372,0.639792,1.538318,2.325548
0.23545,0.613974,0.599122,1.590709,2.359506
0.167456,0.613974,0.618159,1.636105,2.35283
0.199283,0.49729,0.491746,1.667533,2.287867
0.199283,0.454246,0.448762,1.729421,2.237363
0.199283,0.432936,0.427514,1.745,2.234905
0.167456,0.411871,0.405759,1.745,2.209776
0.139823,0.312609,0.306538,1.739691,2.125081
0.167456,0.268192,0.27174,1.717857,2.025137
0.199283,0.227993,0.224158,1.726119,1.943867
0.23545,0.18562,0.196068,1.720812,1.855448
0.23545,0.192236,0.196068,1.713831,1.720225
0.23545,0.155173,0.15842,1.718017,1.614025
0.320426,0.138943,0.148052,1.718915,1.435626
0.320426,0.149599,0.148052,1.727906,1.312874
0.419254,0.160918,0.172086,1.740896,1.215548
0.471818,0.172922,0.172542,1.743172,1.103129
0.721536,0.160918,0.162729,1.755124,1.013089
0.762255,0.166834,0.175298,1.809939,0.91453
0.721536,0.192236,0.187642,1.833811,0.833777
0.762255,0.206002,0.18813,1.867181,0.769193
0.721536,0.172922,0.174836,1.891638,0.754759
0.762255,0.312609,0.297774,1.917848,0.746682
0.762255,0.303407,0.316134,1.945183,0.74568
0.762255,0.303407,0.297774,1.998203,0.746989
0.762255,0.29436,0.297774,2.046309,0.801002
0.762255,0.312609,0.316134,2.105108,0.938398
0.6768,0.303407,0.314754,2.187607,1.03982
0.6768,0.341091,0.333663,2.215498,1.140782
0.6768,0.370768,0.373084,2.226542,1.248298
0.6768,0.341091,0.373084,2.226542,1.362899
0.628577,0.411871,0.434571,2.227576,1.418723
0.628577,0.464965,0.434571,2.229257,1.564816
0.577649,0.432936,0.455097,2.229321,1.73714
0.471818,0.475721,0.47498,2.220958,1.80851
0.471818,0.540374,0.539621,2.202302,1.859768
0.471818,0.561729,0.539621,2.193793,1.974823
0.419254,0.603692,0.560193,2.188634,2.029143
0.419254,0.593321,0.581339,2.111315,2.060669
0.419254,0.644182,0.662304,2.014207,2.079311
0.419254,0.701113,0.699776,1.910325,2.093716
0.419254,0.718889,0.699776,1.783942,2.193711
0.368461,0.768165,0.781541,1.685141,2.312773
0.471818,0.736002,0.735378,1.612221,2.353066
0.419254,0.823952,0.835232,1.4452,2.353066
0.471818,0.830128,0.835672,1.275375,2.351799
0.419254,0.811077,0.810078,1.203784,2.332316
0.525014,0.847621,0.858419,1.169913,2.298525
0.419254,0.847621,0.85764,1.167787,2.235331
0.471818,0.858441,0.847186,1.167787,2.221284
0.577649,0.847621,0.848012,1.174447,2.185317
0.525014,0.790429,0.783174,1.193155,2.04555
0.471818,0.783187,0.796958,1.21921,2.010677
0.577649,0.783187,0.783717,1.2337,1.9214
0.628577,0.760391,0.769294,1.257568,1.794938
0.628577,0.752436,0.753618,1.293627,1.665001
0.721536,0.752436,0.738477,1.312892,1.530664
0.721536,0.701113,0.703791,1.333776,1.421658
0.721536,0.673287,0.685484,1.390357,1.31718
0.721536,0.624156,0.647127,1.40916,1.172622
0.798681,0.654016,0.668001,1.410725,1.115163
0.762255,0.572329,0.586776,1.410725,1.053985
0.762255,0.572329,0.586776,1.402978,0.959882
0.830765,0.561729,0.545968,1.362136,0.865953
0.830765,0.561729,0.56727,1.34494,0.777568
0.762255,0.486499,0.479766,1.309086,0.71967
0.798681,0.411871,0.416596,1.284455,0.704182
0.798681,0.401458,0.416596,1.251796,0.704182
0.798681,0.35086,0.335799,1.18184,0.704182
0.830765,0.331454,0.336513,1.102424,0.714534
0.830765,0.285472,0.232039,1.056173,0.72468
0.762255,0.227993,0.230901,1.000444,0.730897
0.721536,0.19903,0.187642,0.958267,0.745947
0.762255,0.160918,0.175298,0.9456,0.773782
0.6768,0.155173,0.150897,0.945,0.872375
0.6768,0.144189,0.140166,0.943382,0.960314
0.6768,0.149599,0.130082,0.937628,1.058465
0.6768,0.133857,0.140166,0.931375,1.189206
0.6768,0.138943,0.150897,0.855431,1.285747
0.628577,0.160918,0.150488,0.7875,1.396716
0.628577,0.149599,0.16186,0.786085,1.497667
0.628577,0.160918,0.173916,0.775606,1.605147
0.577649,0.220482,0.228638,0.770177,1.682523
0.419254,0.27675,0.293115,0.768471,1.745756
0.419254,0.303407,0.293115,0.77422,1.832911
0.368461,0.391128,0.409619,0.782985,1.955482
0.368461,0.464965,0.473386,0.785533,2.06775
0.419254,0.401458,0.410393,0.809937,2.128028
0.320426,0.518865,0.494143,0.890382,2.141669
0.368461,0.518865,0.538032,0.966458,2.171544
0.471818,0.529633,0.560981,1.109715,2.209231
0.320426,0.624156,0.621173,1.161768,2.257079
0.23545,0.654016,0.639792,1.253821,2.308351
0.275918,0.691987,0.660156,1.37106,2.344225
0.23545,0.654016,0.639792,1.4851,2.347093
0.167456,0.66372,0.658,1.586351,2.350095
0.139823,0.718889,0.938373,1.643962,2.353454
0.167456,0.66372,0.658,1.689227,2.3577
0.199283,0.673287,0.677852,1.690333,2.358
0.199283,0.624156,0.618914,1.690333,2.356063
0.139823,0.603692,0.596817,1.686461,2.351409
0.167456,0.572329,0.576663,1.665645,2.335339
0.199283,0.518865,0.513323,1.665645,2.257537
0.199283,0.518865,0.513323,1.664895,2.159199
0.167456,0.432936,0.426732,1.65758,2.068958
0.139823,0.401458,0.404988,1.65425,1.956188
0.167456,0.370768,0.364895,1.663313,1.846421
0.199283,0.391128,0.385882,1.66889,1.732541
0.139823,0.27675,0.288499,1.652687,1.612303
0.199283,0.243548,0.224158,1.6495,1.446405
0.167456,0.18562,0.181864,1.651031,1.368073
0.199283,0.18562,0.16982,1.671601,1.272227
0.199283,0.138943,0.136357,1.684558,1.150443
0.419254,0.138943,0.118936,1.708437,0.994742
0.419254,0.110746,0.118936,1.762244,0.835618
0.471818,0.138943,0.138632,1.800896,0.786598
0.525014,0.138943,0.139014,1.841068,0.782504
0.628577,0.144189,0.150488,1.864439,0.779968
0.6768,0.179185,0.174375,1.904569,0.772391
0.6768,0.19903,0.187155,1.976174,0.76346
0.6768,0.19903,0.200644,2.043112,0.728871
0.6768,0.179185,0.187155,2.099419,0.724141
0.577649,0.160918,0.173457,2.154991,0.724141
0.628577,0.213151,0.200131,2.177013,0.724541
0.525014,0.19903,0.19911,2.189061,0.759256
0.525014,0.206002,0.213234,2.196233,0.835961
0.471818,0.27675,0.276192,2.21127,0.950319
0.577649,0.285472,0.313376,2.280645,1.095873
0.628577,0.35086,0.352394,2.31166,1.198004
0.368461,0.331454,0.348754,2.317149,1.299597
0.368461,0.370768,0.368608,2.339918,1.391319
0.320426,0.443565,0.429863,2.354665,1.480332
0.320426,0.454246,0.472589,2.363613,1.570831
0.275918,0.508079,0.514921,2.39,1.639727
0.23545,0.561729,0.55704,2.39,1.738762
0.275918,0.613974,0.59989,2.39,1.840547
0.275918,0.634229,0.640529,2.377707,1.970901
0.320426,0.673287,0.679943,2.284822,2.055532
0.320426,0.710081,0.716297,2.171869,2.192543
0.23545,0.797488,0.779899,1.95373,2.285382
0.471818,0.736002,0.735378,1.839595,2.322435
0.368461,0.752436,0.734132,1.742282,2.286727
0.320426,0.804372,0.795402,1.675625,2.287613
0.419254,0.797488,0.823006,1.627729,2.301935
0.368461,0.804372,0.809586,1.621973,2.287491
0.577649,0.783187,0.783717,1.621973,2.237891
0.525014,0.797488,0.797475,1.626223,2.223055
0.525014,0.752436,0.768157,1.664454,2.190039
0.577649,0.790429,0.797991,1.670785,2.089128
0.525014,0.760391,0.768157,1.686678,1.981584
0.577649,0.701113,0.701788,1.712368,1.867797
0.628577,0.718889,0.720179,1.741028,1.738653
0.721536,0.701113,0.721466,1.754673,1.631732
0.721536,0.66372,0.647127,1.777875,1.52797
0.6768,0.654016,0.646397,1.790266,1.432543
0.721536,0.634229,0.627173,1.790432,1.347455
0.762255,0.744306,0.722108,1.795616,1.287194
0.762255,0.572329,0.5657,1.797016,1.177349
0.762255,0.551073,0.522902,1.790101,1.063433
0.798681,0.529633,0.545176,1.778952,0.968125
0.798681,0.572329,0.566485,1.763623,0.827024
0.798681,0.508079,0.5237,1.735516,0.742391
0.830765,0.518865,0.524497,1.677118,0.69239
0.762255,0.464965,0.544383,1.614781,0.675615
0.798681,0.443565,0.459064,1.564896,0.6614
0.830765,0.454246,0.459858,1.489919,0.644345
0.798681,0.443565,0.416596,1.403731,0.628024
0.798681,0.380896,0.395778,1.317084,0.6255
0.798681,0.331454,0.335799,1.26941,0.626125
0.762255,0.285472,0.280043,1.209824,0.645013
0.762255,0.27675,0.297774,1.176094,0.69766
0.762255,0.235681,0.246587,1.154188,0.778675
0.762255,0.259803,0.262973,1.12823,0.881808
0.6768,0.312609,0.296439,1.12823,0.932
0.721536,0.251587,0.245993,1.128187,1.0313
0.721536,0.268192,0.245993,1.064423,1.127756
0.721536,0.341091,0.353855,1.0177,1.270621
0.628577,0.35086,0.372337,0.9865,1.426771
0.577649,0.331454,0.332243,0.931001,1.540189
0.525014,0.312609,0.331534,0.913861,1.600522
0.471818,0.380896,0.330826,0.908877,1.683151
0.471818,0.370768,0.350208,0.886645,1.757114
0.577649,0.475721,0.476575,0.864625,1.900395
0.471818,0.518865,0.539621,0.840844,1.999774
0.471818,0.518865,0.539621,0.822871,2.05312
0.368461,0.624156,0.601424,0.819653,2.105528
0.368461,0.727528,0.716946,0.834707,2.205287
0.368461,0.718889,0.716946,0.858758,2.236
0.320426,0.744306,0.733508,0.886213,2.236
0.368461,0.691987,0.680639,0.958629,2.235835
0.275918,0.701113,0.833908,1.030521,2.232049
0.368461,0.830128,0.82254,1.110034,2.235139
0.320426,0.752436,0.750039,1.160088,2.235089
0.320426,0.752436,0.750039,1.260948,2.226684
0.23545,0.760391,0.764723,1.370121,2.20527
0.199283,0.760391,0.764147,1.391739,2.198385
0.275918,0.744306,0.765298,1.395126,2.186382
0.23545,0.624156,0.619667,1.40686,2.113363
0.23545,0.624156,0.619667,1.419271,2.030617
0.23545,0.551073,0.55704,1.423914,1.9504
0.275918,0.529633,0.557829,1.43006,1.874217
0.23545,0.475721,0.407302,1.482688,1.8012
0.320426,0.432936,0.429863,1.579985,1.696186
0.23545,0.370768,0.366379,1.592,1.606611
0.23545,0.391128,0.38664,1.592154,1.514215
0.23545,0.27675,0.256213,1.595932,1.423933
0.23545,0.213151,0.224715,1.596261,1.311387
0.167456,0.18562,0.223603,1.593117,1.160217
0.368461,0.12416,0.127926,1.590076,1.026798
0.471818,0.094848,0.087491,1.587119,0.897875
0.525014,0.094848,0.087747,1.595035,0.810038
0.525014,0.08769,0.094907,1.606569,0.75396
0.628577,0.110746,0.111443,1.613755,0.706859
0.628577,0.110746,0.111443,1.631409,0.676305
0.628577,0.119541,0.120282,1.707107,0.662092
0.6768,0.166834,0.162294,1.7568,0.561518
0.762255,0.149599,0.151718,1.805539,0.538422
0.6768,0.220482,0.314754,1.857174,0.538422
0.721536,0.19903,0.201157,1.952802,0.538422
0.798681,0.259803,0.280688,1.988125,0.548909
0.721536,0.243548,0.245993,2.000062,0.601925
0.798681,0.331454,0.335799,2.033765,0.656309
0.762255,0.331454,0.335087,2.061658,0.751177
0.798681,0.401458,0.395778,2.081811,0.846461
0.798681,0.401458,0.416596,2.11125,0.945955
0.830765,0.422368,0.438503,2.140587,1.031724
0.798681,0.380896,0.437716,2.151984,1.124592
0.798681,0.380896,0.37533,2.15592,1.23526
0.798681,0.454246,0.316826,2.169209,1.313919
0.798681,0.341091,0.316826,2.204736,1.503635
0.762255,0.341091,0.335087,2.268833,1.610493
0.762255,0.360756,0.354586,2.27838,1.65821
0.762255,0.29436,0.297774,2.267612,1.782736
0.6768,0.35086,0.393486,2.261042,1.956486
0.628577,0.312609,0.314064,2.242422,2.022641
0.525014,0.285472,0.276831,2.209145,2.08346
0.419254,0.312609,0.311316,2.2015,2.138763
0.525014,0.312609,0.312688,2.191685,2.192441
0.419254,0.29436,0.293115,2.169824,2.25725
0.368461,0.29436,0.274915,2.103085,2.2801
0.368461,0.341091,0.388917,1.900629,2.369
0.275918,0.401458,0.408074,1.841802,2.379112
0.320426,0.380896,0.388158,1.75773,2.397294
0.320426,0.422368,0.429863,1.665976,2.406264
0.23545,0.529633,0.514122,1.544311,2.407
0.199283,0.551073,0.556251,1.462001,2.407
0.23545,0.593321,0.578223,1.371903,2.407
0.199283,0.613974,0.618914,1.275464,2.406757
0.23545,0.654016,0.639792,1.20397,2.397174
0.23545,0.673287,0.67855,1.166572,2.32705
0.23545,0.736002,0.732256,1.09215,2.295085
0.275918,0.736002,0.732882,1.01001,2.291834
0.275918,0.783187,0.765298,0.978525,2.28029
0.275918,0.783187,0.765298,0.978525,2.272621
0.320426,0.752436,0.765872,0.978525,2.271
0.368461,0.790429,0.795922,1.043523,2.259975
0.368461,0.804372,0.795922,1.141,2.222682
0.320426,0.797488,0.809093,1.185585,2.169767
0.419254,0.84196,0.846771,1.250384,2.072495
0.368461,0.83613,0.834792,1.338894,1.972175
0.525014,0.811077,0.797475,1.416486,1.861634
0.525014,0.736002,0.736,1.4695,1.810953
0.628577,0.752436,0.753618,1.561775,1.7985
0.6768,0.744306,0.754211,1.65862,1.7966
0.628577,0.701113,0.702456,1.73482,1.77394
0.628577,0.701113,0.702456,1.861211,1.747104
0.6768,0.654016,0.66587,1.889763,1.708698
0.6768,0.644182,0.66587,1.935444,1.567168
0.721536,0.561729,0.564914,1.981706,1.291345
0.721536,0.644182,0.627173,2.007314,1.196079
0.762255,0.634229,0.627921,2.04716,1.089554
0.798681,0.613974,0.628667,2.049,0.992312
0.798681,0.624156,0.608301,2.049,0.925644
0.830765,0.508079,0.502935,1.991927,0.885411
0.798681,0.551073,0.566485,1.887814,0.84329
0.830765,0.603692,0.524497,1.866655,0.764587
0.798681,0.49729,0.502136,1.84061,0.697702
0.830765,0.475721,0.502935,1.791105,0.642316
0.762255,0.454246,0.458271,1.64933,0.633831
0.830765,0.370768,0.37608,1.534477,0.625918
0.798681,0.370768,0.37533,1.487691,0.620323
0.798681,0.360756,0.355318,1.396125,0.6225
0.798681,0.321957,0.335799,1.327764,0.631451
0.762255,0.331454,0.335087,1.266929,0.642631
0.762255,0.341091,0.354586,1.193549,0.663703
0.6768,0.370768,0.353124,1.127538,0.763461
0.721536,0.341091,0.373832,1.098835,0.85729
0.471818,0.370768,0.350208,1.081615,0.953969
0.471818,0.331454,0.330826,1.069586,1.030083
0.368461,0.411871,0.388917,1.028338,1.129412
0.275918,0.464965,0.450344,0.965734,1.245669
0.368461,0.411871,0.430647,0.897611,1.359566
0.419254,0.561729,0.495741,0.856389,1.457294
0.368461,0.540374,0.538032,0.839031,1.545282
0.419254,0.518865,0.538826,0.819255,1.635798
0.320426,0.529633,0.515719,0.802907,1.731906
0.23545,0.518865,0.535647,0.790448,1.80232
0.199283,0.572329,0.556251,0.754,1.867553
0.275918,0.634229,0.620421,0.751,2.005222
0.23545,0.624156,0.619667,0.751,2.078403
0.23545,0.613974,0.639792,0.756569,2.086446
0.199283,0.593321,0.577443,0.791944,2.092438
0.23545,0.582863,0.578223,0.853367,2.098089
0.275918,0.551073,0.557829,0.915427,2.113766
0.167456,0.401458,0.405759,1.041837,2.128812
0.23545,0.341091,0.346579,1.1679,2.128812
0.199283,0.321957,0.307899,1.193947,2.128812
0.199283,0.259803,0.255604,1.220944,2.09429
0.23545,0.227993,0.210033,1.246625,2.002396
0.275918,0.227993,0.291132,1.259,1.95519
0.23545,0.18562,0.182817,1.268,1.886375
0.275918,0.166834,0.158847,1.346212,1.819604
0.320426,0.166834,0.171177,1.440648,1.755216
0.275918,0.172922,0.170724,1.505177,1.675302
0.471818,0.149599,0.149266,1.556223,1.579203
0.577649,0.172922,0.161427,1.6095,1.51003
0.577649,0.149599,0.161427,1.65694,1.437449
0.628577,0.155173,0.16186,1.707354,1.364922
0.6768,0.220482,0.214848,1.805464,1.275607
0.721536,0.251587,0.245993,1.864472,1.178553
0.721536,0.27675,0.279399,1.884645,1.088344
0.6768,0.321957,0.333663,1.928788,1.016623
0.762255,0.312609,0.297774,1.977,0.898375
0.762255,0.391128,0.395013,2.037513,0.886
0.762255,0.370768,0.395013,2.099694,0.886
0.762255,0.422368,0.415819,2.13075,0.886125
0.721536,0.401458,0.415043,2.162477,0.918344
0.721536,0.454246,0.500537,2.202752,1.020284
0.721536,0.411871,0.436143,2.226184,1.119738
0.721536,0.49729,0.500537,2.253113,1.181463
0.6768,0.486499,0.47817,2.265361,1.238589
0.628577,0.518865,0.542003,2.288657,1.328426
0.628577,0.529633,0.542003,2.307956,1.451905
0.577649,0.582863,0.583672,2.330141,1.479147
0.628577,0.624156,0.645666,2.344083,1.523276
0.577649,0.710081,0.701788,2.344083,1.605122
0.577649,0.66372,0.664446,2.344083,1.801035
0.525014,0.768165,0.768157,2.313021,1.931985
0.577649,0.797488,0.797991,2.254404,1.949721
0.471818,0.783187,0.782631,2.201587,1.970625
0.471818,0.797488,0.782631,2.148151,1.998133
0.577649,0.783187,0.783717,2.05858,2.005674
0.471818,0.811077,0.796958,1.954097,2.032986
0.368461,0.830128,0.834792,1.778061,2.1392
0.368461,0.817604,0.82254,1.657317,2.176
0.368461,0.797488,0.795922,1.517424,2.176
0.419254,0.768165,0.782086,1.428634,2.166932
0.419254,0.768165,0.751236,1.352117,2.088778
0.368461,0.752436,0.750638,1.305117,2.067385
0.471818,0.744306,0.735378,1.242333,2.059644
0.275918,0.718889,0.715646,1.147582,2.048291
0.368461,0.701113,0.699104,1.019392,2.015646
0.275918,0.66372,0.660156,1.012033,1.9655
0.23545,0.66372,0.639792,1.012033,1.92027
0.23545,0.603692,0.599122,1.012033,1.844369
0.199283,0.634229,0.618914,1.03481,1.742155
0.23545,0.624156,0.619667,1.051508,1.658608
0.23545,0.644182,0.619667,1.051508,1.549845
0.199283,0.603692,0.577443,1.052256,1.467
0.199283,0.561729,0.556251,1.059403,1.401112
0.23545,0.551073,0.535647,1.062034,1.330257
0.199283,0.475721,0.470198,1.062034,1.113926
0.275918,0.540374,0.514921,1.064834,0.993905
0.199283,0.49729,0.491746,1.108008,0.892261
0.199283,0.341091,0.345855,1.136095,0.846815
0.199283,0.360756,0.326593,1.14879,0.717627
0.275918,0.391128,0.387399,1.166747,0.638858
0.368461,0.401458,0.388917,1.193275,0.627644
0.320426,0.370768,0.367864,1.217722,0.627644
0.320426,0.370768,0.367864,1.285477,0.633264
0.525014,0.331454,0.331534,1.359177,0.655888
0.525014,0.331454,0.350936,1.409051,0.658246
0.628577,0.464965,0.413491,1.4686,0.661487
0.577649,0.380896,0.391961,1.60854,0.666158
0.577649,0.49729,0.476575,1.715807,0.673931
0.628577,0.475721,0.477372,1.758258,0.67995
0.721536,0.475721,0.478968,1.830733,0.682275
0.721536,0.475721,0.500537,1.907944,0.726764
0.721536,0.508079,0.500537,1.993583,0.804459
0.798681,0.572329,0.587551,2.068806,0.828761
0.721536,0.561729,0.586001,2.152947,0.840851
0.721536,0.593321,0.586001,2.194078,0.86294
0.762255,0.561729,0.5657,2.20929,0.914434
0.798681,0.551073,0.545176,2.211843,0.991746
0.830765,0.518865,0.524497,2.223804,1.11182
0.762255,0.529633,0.544383,2.222141,1.19725
0.798681,0.475721,0.480564,2.264822,1.26077
0.830765,0.486499,0.481362,2.319883,1.319138
0.830765,0.49729,0.502935,2.309571,1.347
0.830765,0.454246,0.481362,2.294333,1.347
0.830765,0.475721,0.459858,2.265567,1.3475
0.830765,0.401458,0.396542,2.19943,1.353542
0.830765,0.360756,0.356051,2.167125,1.386879
0.830765,0.312609,0.317518,2.102846,1.391325
0.830765,0.303407,0.317518,2.048439,1.407947
0.798681,0.268192,0.263593,1.966014,1.473376
0.798681,0.259803,0.263593,1.829753,1.535566
0.762255,0.235681,0.230901,1.693082,1.603684
0.830765,0.213151,0.247776,1.599104,1.6315
0.762255,0.19903,0.201671,1.529125,1.642823
0.525014,0.128932,0.139014,1.417182,1.645875
0.419254,0.149599,0.138251,1.344149,1.649031
0.419254,0.149599,0.14886,1.279902,1.651277
0.275918,0.213151,0.225272,1.145979,1.666144
0.199283,0.251587,0.272373,1.056257,1.729714
0.199283,0.213151,0.239528,0.966994,1.830412
0.23545,0.35086,0.30858,0.904005,1.852665
0.167456,0.27675,0.27174,0.865636,1.85952
0.167456,0.380896,0.364895,0.800989,1.917518
0.199283,0.391128,0.345855,0.793525,1.993486
0.199283,0.529633,0.534852,0.788205,2.050384
0.167456,0.572329,0.555461,0.787024,2.082178
0.167456,0.572329,0.555461,0.787558,2.134944
0.199283,0.603692,0.618914,0.791372,2.205389
0.167456,0.561729,0.576663,0.797766,2.271886
0.139823,0.603692,0.637579,0.844173,2.304629
0.199283,0.682713,0.677852,0.883295,2.31062
0.23545,0.736002,0.732256,0.905556,2.348347
0.167456,0.691987,0.695731,0.954344,2.3744
0.23545,0.744306,0.732256,1.046287,2.3745
0.275918,0.752436,0.749439,1.14051,2.3745
0.275918,0.797488,0.732882,1.259351,2.371694
0.320426,0.768165,0.765872,1.369813,2.316505
0.320426,0.768165,0.750039,1.451861,2.203976
0.419254,0.797488,0.79644,1.527847,2.181272
0.368461,0.790429,0.795922,1.627156,2.164207
0.419254,0.830128,0.846771,1.74516,2.13063
0.471818,0.823952,0.823471,1.862662,2.111555
0.471818,0.830128,0.823471,1.948907,2.054558
0.525014,0.811077,0.81106,2.045601,1.931634
0.525014,0.823952,0.83611,2.095144,1.832105
0.577649,0.83613,0.836548,2.14507,1.747464
0.577649,0.847621,0.858807,2.166909,1.57615
0.577649,0.858441,0.858807,2.23825,1.518375
0.525014,0.863607,0.858419,2.354889,1.427033
0.577649,0.863607,0.848012,2.360058,1.351289
0.471818,0.858441,0.847186,2.360963,1.266863
0.471818,0.830128,0.823471,2.3631,1.171553
0.471818,0.804372,0.81057,2.360122,1.052636
0.525014,0.736002,0.736,2.351769,0.971328
0.471818,0.736002,0.735378,2.291836,0.910292
0.525014,0.718889,0.701118,2.228771,0.851125
0.471818,0.66372,0.663019,2.103193,0.842678
0.368461,0.582863,0.580561,2.058511,0.83043
0.368461,0.540374,0.538032,2.018042,0.806206
0.320426,0.486499,0.494143,1.968387,0.765897
0.320426,0.432936,0.429863,1.901733,0.722869
0.368461,0.475721,0.451928,1.816331,0.721336
0.275918,0.35086,0.367121,1.735475,0.714408
0.320426,0.331454,0.328706,1.643214,0.699682
0.275918,0.27675,0.309263,1.551064,0.687143
0.368461,0.18562,0.171631,1.469537,0.693321
0.368461,0.155173,0.159703,1.367766,0.703291
0.471818,0.155173,0.138632,1.28632,0.703695
0.525014,0.110746,0.119607,1.223396,0.707156
0.471818,0.138943,0.138632,1.142779,0.745913
0.628577,0.133857,0.139781,1.074094,0.781636
0.6768,0.149599,0.140166,1.014606,0.806792
0.6768,0.19903,0.187155,1.004422,0.819625
0.6768,0.227993,0.229768,1.004422,0.82828
0.6768,0.235681,0.2454,1.009797,0.829
0.721536,0.227993,0.230334,1.099542,0.829
0.762255,0.29436,0.297774,1.144416,0.833839
0.762255,0.312609,0.297774,1.187292,0.8403
0.721536,0.370768,0.373832,1.236621,0.8405
0.721536,0.370768,0.394249,1.255138,0.842194
0.6768,0.464965,0.393486,1.3217,0.869939
0.721536,0.401458,0.415043,1.39062,0.9403
0.721536,0.518865,0.522105,1.478012,1.029191
0.6768,0.508079,0.499738,1.534376,1.080112
0.762255,0.540374,0.544383,1.602799,1.116542
0.6768,0.634229,0.626425,1.686877,1.166581
0.6768,0.701113,0.703124,1.764956,1.246145
0.6768,0.701113,0.703124,1.83871,1.318253
0.628577,0.710081,0.720179,1.892359,1.495656
0.628577,0.736002,0.753618,1.912677,1.594996
0.525014,0.752436,0.768157,1.968406,1.717724
0.471818,0.736002,0.751833,2.009435,1.812487
0.471818,0.736002,0.751833,2.027537,1.921144
0.525014,0.783187,0.783174,2.053417,1.984508
0.525014,0.783187,0.783174,2.053417,2.066915
0.419254,0.783187,0.767016,1.986875,2.190875
0.419254,0.736002,0.734756,1.912041,2.271611
0.419254,0.768165,0.751236,1.848019,2.344722
0.419254,0.760391,0.751236,1.783669,2.378328
0.275918,0.736002,0.732882,1.738346,2.378328
0.275918,0.752436,0.749439,1.683375,2.378328
0.275918,0.718889,0.732882,1.601375,2.356674
0.23545,0.682713,0.67855,1.496678,2.318223
0.23545,0.710081,0.697083,1.449498,2.246383
0.167456,0.682713,0.695731,1.365536,2.200485
0.199283,0.66372,0.677852,1.269115,2.193504
0.199283,0.701113,0.714343,1.19237,2.148028
0.23545,0.66372,0.659438,1.143615,2.080434
0.199283,0.644182,0.639055,1.137742,1.982212
0.23545,0.561729,0.55704,1.120173,1.868327
0.199283,0.551073,0.556251,1.08992,1.769795
0.23545,0.561729,0.55704,1.02877,1.689599
0.23545,0.401458,0.38664,0.965553,1.613288
0.199283,0.411871,0.40653,0.965553,1.490945
0.23545,0.380896,0.38664,0.965553,1.354438
0.275918,0.285472,0.273642,0.962805,1.264492
0.23545,0.243548,0.240111,0.987867,1.110927
0.23545,0.213151,0.224715,1.014682,1.041034
0.320426,0.155173,0.159274,1.018236,0.909274
0.419254,0.149599,0.14886,1.05497,0.786202
0.320426,0.133857,0.137491,1.072916,0.71816
0.471818,0.166834,0.185217,1.132938,0.652373
0.577649,0.172922,0.161427,1.214314,0.646835
0.6768,0.18562,0.187155,1.306608,0.639768
0.6768,0.251587,0.261735,1.381109,0.636173
0.762255,0.19903,0.201671,1.443181,0.629978
0.762255,0.227993,0.230901,1.569799,0.598099
0.798681,0.27675,0.280688,1.687948,0.583
0.798681,0.27675,0.280688,1.776654,0.583
0.798681,0.35086,0.395778,1.833375,0.5835
0.762255,0.401458,0.395013,1.906442,0.610398
0.798681,0.443565,0.395778,1.968811,0.648451
0.798681,0.432936,0.437716,2.01244,0.661093
0.798681,0.508079,0.5237,2.071239,0.666042
0.798681,0.486499,0.480564,2.107681,0.669674
0.798681,0.475721,0.502136,2.1346,0.67656
0.830765,0.540374,0.545968,2.144833,0.738969
0.762255,0.486499,0.501337,2.148628,0.813083
0.721536,0.508079,0.500537,2.154645,0.897749
0.721536,0.486499,0.500537,2.203383,0.959449
0.721536,0.603692,0.627173,2.264018,1.035631
0.721536,0.66372,0.685484,2.270439,1.189875
0.6768,0.66372,0.66587,2.270439,1.254925
0.721536,0.744306,0.738477,2.270439,1.380292
0.577649,0.752436,0.753024,2.253766,1.599101
0.628577,0.797488,0.798506,2.213499,1.706471
0.577649,0.83613,0.836548,2.191567,1.768711
0.577649,0.83613,0.824399,2.17757,1.9481
0.577649,0.817604,0.836548,2.166511,2.019471
0.6768,0.83613,0.825323,2.082942,2.173334
0.471818,0.797488,0.782631,1.95624,2.19002
0.419254,0.797488,0.782086,1.916569,2.18777
0.368461,0.783187,0.795922,1.869634,2.206509
0.368461,0.775765,0.781541,1.767502,2.220843
0.320426,0.783187,0.780995,1.5463,2.2251
0.275918,0.760391,0.765298,1.429746,2.293129
0.275918,0.752436,0.749439,1.374375,2.36725
0.23545,0.727528,0.697083,1.267065,2.372
0.275918,0.682713,0.679247,1.139743,2.36625
0.23545,0.682713,0.659438,1.07753,2.357922
0.23545,0.66372,0.659438,1.040167,2.35683
0.167456,0.691987,0.677154,0.938671,2.327936
0.199283,0.654016,0.658719,0.878594,2.28
0.199283,0.673287,0.658719,0.823317,2.238958
0.23545,0.66372,0.659438,0.822756,2.155688
0.275918,0.644182,0.640529,0.821822,2.043499
0.320426,0.613974,0.621173,0.817938,1.993605
0.23545,0.603692,0.578223,0.805219,1.9205
0.23545,0.518865,0.514122,0.80306,1.862831
0.275918,0.432936,0.42908,0.809694,1.764828
0.320426,0.475721,0.472589,0.814435,1.645084
0.368461,0.49729,0.494942,0.81361,1.52328
0.419254,0.508079,0.495741,0.813795,1.43325
0.471818,0.540374,0.518114,0.822503,1.364644
0.419254,0.49729,0.495741,0.8513,1.202709
0.525014,0.518865,0.518913,0.86406,1.06766
0.628577,0.475721,0.477372,0.873693,0.823985
0.6768,0.486499,0.47817,0.889852,0.728722
0.762255,0.561729,0.5657,0.956458,0.700734
0.721536,0.540374,0.54359,1.024172,0.673633
0.721536,0.593321,0.586001,1.085656,0.656273
0.762255,0.582863,0.586776,1.170537,0.632372
0.762255,0.561729,0.586776,1.274007,0.574303
0.762255,0.572329,0.586776,1.3819,0.529
0.798681,0.518865,0.545176,1.501382,0.514
0.830765,0.529633,0.545968,1.598728,0.514
0.798681,0.540374,0.545176,1.668027,0.514
0.830765,0.551073,0.545968,1.808886,0.541689
0.830765,0.49729,0.502935,1.9475,0.65215
0.798681,0.464965,0.480564,2.08023,0.683275
0.798681,0.454246,0.459064,2.175579,0.747658
0.830765,0.432936,0.438503,2.186991,0.8338
0.858641,0.341091,0.337227,2.186991,0.870789
0.798681,0.285472,0.280688,2.171893,0.89468
0.762255,0.27675,0.280043,2.071587,0.928663
0.721536,0.243548,0.230334,2.007292,1.021254
0.6768,0.19903,0.200644,1.960323,1.144073
0.6768,0.206002,0.214848,1.936625,1.261101
0.6768,0.166834,0.174375,1.887655,1.396352
0.368461,0.119541,0.127926,1.807969,1.463432
0.368461,0.119541,0.118601,1.671731,1.492498
0.368461,0.119541,0.127926,1.559073,1.522392
0.320426,0.138943,0.137491,1.456018,1.588945
0.275918,0.166834,0.183295,1.391361,1.621306
0.320426,0.192236,0.183774,1.230343,1.766494
0.23545,0.179185,0.182817,1.125333,1.83263
0.167456,0.235681,0.238946,1.046954,1.866245
0.167456,0.285472,0.289156,0.99678,1.88554
0.23545,0.268192,0.256213,0.9062,1.950319
0.139823,0.380896,0.384368,0.869125,2.029875
0.167456,0.422368,0.405759,0.8474,2.080772
0.199283,0.486499,0.470198,0.844332,2.108121
0.199283,0.551073,0.556251,0.844332,2.164305
0.167456,0.582863,0.555461,0.844332,2.201041
0.167456,0.551073,0.555461,0.850958,2.201041
0.167456,0.582863,0.576663,0.882079,2.205562
0.167456,0.624156,0.618159,1.009338,2.219688
0.167456,0.682713,0.618159,1.1003,2.225322
0.199283,0.654016,0.658719,1.24436,2.22433
0.23545,0.701113,0.697083,1.338051,2.20912
0.23545,0.701113,0.697083,1.440381,2.204603
0.23545,0.768165,0.748838,1.519113,2.20687
0.275918,0.752436,0.749439,1.578879,2.218436
0.320426,0.768165,0.765872,1.652908,2.207159
0.275918,0.797488,0.794881,1.771896,2.198
0.419254,0.744306,0.767016,1.833648,2.197441
0.471818,0.752436,0.735378,1.8851,2.197087
0.471818,0.768165,0.767587,1.963924,2.196345
0.525014,0.752436,0.752429,2.095983,2.083289
0.419254,0.768165,0.767016,2.152895,1.918991
0.525014,0.768165,0.701118,2.167875,1.885865
0.577649,0.710081,0.719534,2.17232,1.832924
0.577649,0.701113,0.701788,2.216278,1.710056
0.628577,0.682713,0.684104,2.306948,1.592383
0.6768,0.634229,0.626425,2.309097,1.499651
0.721536,0.634229,0.627173,2.309097,1.405695
0.721536,0.654016,0.666581,2.303577,1.301338
0.721536,0.572329,0.54359,2.244148,1.177061
0.721536,0.529633,0.478968,2.163678,1.116625
0.762255,0.411871,0.415819,2.152039,1.013224
0.830765,0.432936,0.438503,2.14725,0.945633
0.830765,0.422368,0.438503,2.14007,0.911651
0.798681,0.411871,0.416596,2.10216,0.883519
0.798681,0.432936,0.416596,2.075819,0.854799
0.798681,0.370768,0.37533,2.03464,0.775452
0.762255,0.360756,0.354586,1.99218,0.720664
0.721536,0.331454,0.353855,1.937284,0.707
0.628577,0.312609,0.314064,1.819979,0.71
0.6768,0.312609,0.333663,1.716256,0.714
0.6768,0.331454,0.333663,1.625331,0.722247
0.577649,0.312609,0.313376,1.543675,0.757163
0.471818,0.411871,0.411167,1.461602,0.782662
0.471818,0.432936,0.432216,1.350684,0.801112
0.419254,0.432936,0.431431,1.2507,0.836789
0.368461,0.49729,0.388917,1.159511,0.876582
0.199283,0.508079,0.491746,1.140316,0.922436
0.275918,0.572329,0.557829,1.124514,1.005602
0.23545,0.582863,0.55704,1.117811,1.096152
0.275918,0.582863,0.59989,1.113135,1.1923
0.275918,0.603692,0.59989,1.080409,1.256413
0.23545,0.572329,0.578223,1.004977,1.368646
0.23545,0.603692,0.599122,0.979063,1.480743
0.167456,0.582863,0.576663,0.974921,1.608385
0.23545,0.624156,0.599122,0.968443,1.755071
0.199283,0.613974,0.598354,0.95083,1.86325
0.167456,0.624156,0.618159,0.941573,1.966846
0.167456,0.613974,0.638317,0.950264,2.070567
0.23545,0.518865,0.514122,0.950264,2.111776
0.199283,0.508079,0.513323,0.950411,2.112825
0.23545,0.454246,0.428297,0.965026,2.112825
0.23545,0.35086,0.273007,0.989727,2.10656
0.23545,0.331454,0.327297,1.028083,2.067167
0.199283,0.360756,0.326593,1.153364,2.051797
0.275918,0.259803,0.240695,1.262256,2.0045
0.275918,0.192236,0.196573,1.350337,1.96787
0.320426,0.213151,0.211096,1.417827,1.908679
0.23545,0.160918,0.15842,1.434093,1.811108
0.419254,0.138943,0.138251,1.45582,1.720621
0.419254,0.138943,0.138251,1.501224,1.618776
0.471818,0.166834,0.172542,1.556911,1.569937
0.577649,0.160918,0.173457,1.678097,1.520537
0.628577,0.138943,0.139781,1.731267,1.476021
0.6768,0.155173,0.162294,1.796247,1.33138
0.798681,0.27675,0.263593,1.835104,1.101337
0.830765,0.321957,0.317518,1.8535,0.983125
0.798681,0.27675,0.280688,1.866442,0.9319
0.830765,0.360756,0.37608,1.901567,0.930625
0.798681,0.370768,0.37533,1.9611,0.916461
0.798681,0.391128,0.395778,1.986504,0.898918
0.798681,0.454246,0.459064,2.1135,0.8723
0.798681,0.443565,0.437716,2.180166,0.87
0.762255,0.464965,0.458271,2.194221,0.87
0.762255,0.475721,0.479766,2.199333,0.874648
0.762255,0.561729,0.5657,2.224009,0.937273
0.762255,0.529633,0.544383,2.253642,1.020694
0.721536,0.540374,0.54359,2.269537,1.06869
0.6768,0.644182,0.646397,2.300513,1.11625
0.721536,0.624156,0.647127,2.307,1.172048
0.6768,0.736002,0.737859,2.307,1.290915
0.6768,0.718889,0.720823,2.307,1.431577
0.628577,0.736002,0.737241,2.28686,1.55524
0.628577,0.744306,0.753618,2.221313,1.665237
0.577649,0.775765,0.783717,2.18562,1.772107
0.577649,0.811077,0.81155,2.095367,1.849779
0.525014,0.83613,0.823935,2.054295,2.10803
0.419254,0.811077,0.810078,2.043028,2.286891
0.471818,0.783187,0.782631,1.953,2.313005
0.471818,0.797488,0.796958,1.813125,2.318881
0.471818,0.823952,0.782631,1.788353,2.324208
0.368461,0.790429,0.781541,1.603502,2.345997
0.368461,0.783187,0.781541,1.474443,2.393943
0.368461,0.804372,0.795922,1.394018,2.407045
0.320426,0.783187,0.795402,1.223806,2.405023
0.320426,0.768165,0.765872,1.159665,2.402375
0.320426,0.727528,0.733508,1.104225,2.387113
0.275918,0.710081,0.715646,1.047255,2.344248
0.275918,0.727528,0.715646,0.978829,2.278501
0.23545,0.736002,0.732256,0.912594,2.235191
0.320426,0.673287,0.660872,0.8506,2.198109
0.23545,0.624156,0.639792,0.840987,2.108872
0.199283,0.624156,0.618914,0.829027,2.023795
0.167456,0.634229,0.618159,0.818777,1.941712
0.116115,0.540374,0.532464,0.815234,1.789598
0.139823,0.518865,0.511726,0.809007,1.694651
0.23545,0.443565,0.470995,0.796866,1.562596
0.199283,0.370768,0.365637,0.789001,1.49469
0.167456,0.331454,0.32589,0.785,1.439099
0.167456,0.213151,0.223603,0.7855,1.385826
0.116115,0.220482,0.207919,0.798729,1.289631
0.275918,0.155173,0.183295,0.843089,1.019341
0.320426,0.12416,0.12757,0.868462,0.9076
0.275918,0.133857,0.137112,0.89122,0.799089
0.275918,0.138943,0.137112,0.946125,0.7225
0.23545,0.144189,0.136734,1.031331,0.702499
0.23545,0.179185,0.182817,1.110767,0.691
0.320426,0.160918,0.159274,1.184658,0.690793
0.23545,0.259803,0.240111,1.265348,0.68813
0.23545,0.251587,0.256213,1.346738,0.65932
0.320426,0.27675,0.257434,1.432593,0.60962
0.368461,0.370768,0.388917,1.539181,0.6008
0.320426,0.475721,0.472589,1.588682,0.6008
0.368461,0.475721,0.409619,1.645963,0.601175
0.368461,0.624156,0.621925,1.717988,0.623032
0.419254,0.624156,0.622677,1.802687,0.644951
0.419254,0.701113,0.699776,1.904904,0.668978
0.419254,0.768165,0.767016,2.013801,0.708
0.419254,0.783187,0.767016,2.14775,0.74726
0.525014,0.804372,0.797475,2.207249,0.835525
0.471818,0.797488,0.735378,2.211153,0.919919
0.577649,0.727528,0.736621,2.22543,0.975963
0.471818,0.752436,0.735378,2.237177,1.10381
0.577649,0.701113,0.701788,2.254088,1.213838
0.577649,0.718889,0.719534,2.265159,1.338755
0.577649,0.727528,0.736621,2.2962,1.450891
0.628577,0.691987,0.684104,2.2962,1.549051
0.628577,0.691987,0.684104,2.327102,1.64597
0.628577,0.66372,0.645666,2.384368,1.71335
0.721536,0.582863,0.606777,2.371018,1.765976
0.762255,0.613974,0.607539,2.347836,1.814284
0.762255,0.582863,0.607539,2.33156,1.948772
0.798681,0.644182,0.668001,2.329891,2.0655
0.762255,0.613974,0.607539,2.329891,2.0655
0.798681,0.582863,0.587551,2.308285,2.0655
0.798681,0.572329,0.566485,2.260777,2.046821
0.830765,0.464965,0.502935,2.244833,1.997264
0.798681,0.443565,0.459064,2.192162,1.967233
0.762255,0.411871,0.436929,2.134691,1.827406
0.798681,0.341091,0.37533,2.103386,1.711052
0.798681,0.331454,0.335799,1.999553,1.678497
0.798681,0.251587,0.263593,1.868467,1.630928
0.798681,0.29436,0.298443,1.841,1.509463
0.762255,0.213151,0.215928,1.830644,1.449807
0.762255,0.213151,0.215928,1.79975,1.33983
0.721536,0.213151,0.201157,1.756628,1.167625
0.6768,0.19903,0.174375,1.714536,1.116442
0.6768,0.128932,0.130082,1.617828,1.071552
0.6768,0.102525,0.103473,1.491641,1.017065
0.525014,0.102525,0.110811,1.447928,0.982831
0.471818,0.128932,0.128641,1.422393,0.954248
0.320426,0.160918,0.12757,1.318498,0.942177
0.275918,0.206002,0.210564,1.245332,0.941706
0.320426,0.18562,0.211096,1.19645,0.943287
0.23545,0.243548,0.240111,1.16741,0.965226
0.23545,0.243548,0.240111,1.120914,1.068283
0.23545,0.220482,0.224715,1.077893,1.141255
0.199283,0.243548,0.239528,1.035811,1.227287
0.23545,0.303407,0.30858,0.976737,1.356039
0.199283,0.380896,0.365637,0.91725,1.45872
0.199283,0.401458,0.385882,0.90253,1.587176
0.199283,0.464965,0.470198,0.896372,1.684772
0.23545,0.422368,0.428297,0.8873,1.769467
0.199283,0.582863,0.513323,0.8634,1.855347
0.167456,0.603692,0.597586,0.832375,1.963508
0.167456,0.582863,0.597586,0.832,2.03484
0.167456,0.593321,0.576663,0.832,2.10275
0.23545,0.624156,0.619667,0.837777,2.160982
0.275918,0.603692,0.579003,0.915444,2.185895
0.23545,0.634229,0.599122,0.985548,2.200255
0.23545,0.710081,0.697083,1.071276,2.221744
0.23545,0.710081,0.697083,1.179073,2.276876
0.23545,0.736002,0.748838,1.27815,2.326837
0.320426,0.736002,0.733508,1.370974,2.35229
0.320426,0.736002,0.733508,1.459966,2.35229
0.419254,0.752436,0.734756,1.548115,2.347032
0.368461,0.768165,0.750638,1.634218,2.312162
0.368461,0.744306,0.750638,1.694839,2.295968
0.419254,0.783187,0.782086,1.785109,2.289814
0.471818,0.783187,0.782631,1.869625,2.2815
0.471818,0.752436,0.751833,1.963722,2.260211
0.525014,0.744306,0.736,2.11007,2.101921
0.471818,0.718889,0.718242,2.164589,2.062842
0.419254,0.736002,0.751236,2.195452,2.0041
0.6768,0.701113,0.703124,2.227302,1.863784
0.6768,0.654016,0.646397,2.290708,1.772291
0.6768,0.644182,0.646397,2.345375,1.66125
0.721536,0.613974,0.606777,2.412992,1.545779
0.721536,0.572329,0.564914,2.421538,1.501162
0.721536,0.529633,0.54359,2.421801,1.472744
0.721536,0.508079,0.500537,2.421801,1.381723
0.762255,0.475721,0.479766,2.41065,1.310588
0.762255,0.432936,0.458271,2.374753,1.235315
0.721536,0.475721,0.478968,2.359759,1.15518
0.798681,0.432936,0.437716,2.343467,1.034306
0.798681,0.443565,0.437716,2.331098,0.939944
0.798681,0.432936,0.437716,2.277832,0.857753
0.798681,0.432936,0.437716,2.215951,0.812
0.762255,0.432936,0.436929,2.146715,0.799375
0.762255,0.411871,0.415819,1.994432,0.795021
0.721536,0.432936,0.415043,1.959728,0.788444
0.628577,0.486499,0.584448,1.903796,0.747555
0.6768,0.401458,0.414267,1.767506,0.729
0.525014,0.475721,0.475777,1.713948,0.729
0.577649,0.454246,0.455097,1.649771,0.729
0.577649,0.518865,0.519711,1.567774,0.734653
0.419254,0.603692,0.662304,1.52093,0.762594
0.320426,0.603692,0.600657,1.404513,0.821925
0.320426,0.624156,0.641265,1.327573,0.841727
0.320426,0.644182,0.641265,1.239304,0.851227
0.320426,0.634229,0.641265,1.180146,0.868338
0.23545,0.718889,0.714995,1.120171,0.974074
0.23545,0.701113,0.697083,1.106794,1.082274
0.275918,0.701113,0.697757,1.064831,1.14491
0.23545,0.691987,0.67855,1.029481,1.261673
0.275918,0.727528,0.697757,1.014844,1.356857
0.199283,0.624156,0.639055,0.982896,1.48645
0.275918,0.624156,0.620421,0.96112,1.578136
0.23545,0.582863,0.578223,0.95962,1.707271
0.199283,0.551073,0.534852,0.953951,1.78
0.199283,0.508079,0.513323,0.9526,1.847375
0.23545,0.475721,0.470995,0.95641,1.903932
0.275918,0.391128,0.387399,0.96275,1.987414
0.23545,0.321957,0.327297,0.967896,2.040131
0.199283,0.259803,0.255604,0.975879,2.050892
0.23545,0.220482,0.210033,1.011054,2.050892
0.275918,0.220482,0.210564,1.020594,2.034446
0.199283,0.179185,0.18234,1.0275,1.987173
0.419254,0.18562,0.172086,1.043722,1.917168
0.525014,0.138943,0.149672,1.060328,1.847054
0.762255,0.144189,0.140939,1.091393,1.781091
0.762255,0.155173,0.151718,1.214312,1.744109
0.798681,0.206002,0.202187,1.308303,1.697271
0.798681,0.213151,0.21647,1.361993,1.641498
0.762255,0.29436,0.280043,1.378845,1.52109
0.798681,0.341091,0.37533,1.397353,1.400288
0.798681,0.331454,0.335799,1.475136,1.28114
0.798681,0.411871,0.395778,1.533384,1.143816
0.798681,0.380896,0.395778,1.562891,1.077744
0.762255,0.380896,0.395013,1.588472,0.955246
0.762255,0.370768,0.374581,1.615767,0.788827
0.762255,0.443565,0.436929,1.670455,0.682883
0.762255,0.432936,0.436929,1.711544,0.613
0.762255,0.422368,0.415819,1.787436,0.613
0.721536,0.475721,0.457477,1.803435,0.613
0.6768,0.486499,0.499738,1.861687,0.614747
0.762255,0.518865,0.522902,1.987056,0.708787
0.6768,0.561729,0.585225,2.172492,0.831028
0.628577,0.644182,0.625677,2.19774,0.949476
0.6768,0.673287,0.684794,2.19774,1.030984
0.6768,0.718889,0.720823,2.186792,1.118119
0.628577,0.744306,0.720179,2.16381,1.34386
0.628577,0.736002,0.753618,2.16381,1.488435
0.577649,0.768165,0.783717,2.16381,1.610534
0.577649,0.797488,0.783717,2.161807,1.7263
0.471818,0.847621,0.85803,2.142592,1.824836
0.471818,0.823952,0.835672,2.137,1.901815
0.525014,0.878157,0.858419,2.125722,2.037942
0.577649,0.811077,0.895737,1.983899,2.154
0.471818,0.823952,0.81057,1.953563,2.192789
0.471818,0.847621,0.85803,1.920978,2.271721
0.525014,0.783187,0.783174,1.868138,2.338415
0.471818,0.768165,0.767587,1.644671,2.40477
0.368461,0.736002,0.734132,1.483589,2.413617
0.368461,0.682713,0.699104,1.410269,2.4256
0.368461,0.691987,0.680639,1.344183,2.435863
0.368461,0.634229,0.642,1.219195,2.4425
0.320426,0.603692,0.600657,1.114526,2.438113
0.23545,0.613974,0.599122,1.033329,2.433142
0.275918,0.603692,0.59989,0.968819,2.429677
0.320426,0.603692,0.600657,0.966,2.429677
0.23545,0.603692,0.578223,0.965015,2.407701
0.320426,0.593321,0.600657,0.95625,2.33141
0.275918,0.613974,0.59989,0.956,2.258939
0.23545,0.66372,0.659438,0.956,2.145935
0.167456,0.613974,0.618159,0.95219,2.03089
0.139823,0.603692,0.596817,0.926035,1.902456
0.139823,0.572329,0.575882,0.91282,1.793845
0.199283,0.518865,0.513323,0.911764,1.729638
0.23545,0.464965,0.449553,0.909242,1.584531
0.199283,0.401458,0.40653,0.895069,1.443676
0.23545,0.370768,0.366379,0.888989,1.310981
0.199283,0.370768,0.365637,0.886742,1.222578
0.167456,0.27675,0.27174,0.855802,1.13568
0.167456,0.268192,0.27174,0.833147,1.038211
0.199283,0.220482,0.209503,0.833147,0.835177
0.23545,0.206002,0.182817,0.833147,0.782408
0.199283,0.18562,0.18234,0.845824,0.779862
0.199283,0.166834,0.16982,0.926352,0.756557
0.199283,0.155173,0.157994,1.052367,0.748408
0.320426,0.119541,0.118267,1.159433,0.744037
0.320426,0.133857,0.118267,1.216055,0.751568
0.368461,0.12416,0.118601,1.275484,0.752982
0.320426,0.12416,0.118267,1.393575,0.755233
0.525014,0.160918,0.149672,1.533189,0.755675
0.577649,0.138943,0.139397,1.654011,0.762341
0.628577,0.19903,0.214309,1.735745,0.7977
0.798681,0.18562,0.188619,1.774135,0.909196
0.762255,0.227993,0.246587,1.871828,0.92841
0.798681,0.251587,0.263593,2.009005,0.944912
0.798681,0.285472,0.280688,2.069603,0.9817
0.798681,0.312609,0.316826,2.069603,1.003713
0.798681,0.443565,0.416596,2.079828,1.008625
0.798681,0.475721,0.480564,2.09825,1.015263
0.798681,0.401458,0.395778,2.103083,1.039558
0.830765,0.432936,0.459858,2.103083,1.062872
0.798681,0.464965,0.480564,2.1405,1.070723
0.798681,0.49729,0.502136,2.201064,1.099165
0.798681,0.529633,0.545176,2.219107,1.156625
0.762255,0.422368,0.436929,2.221133,1.225252
0.721536,0.454246,0.457477,2.237406,1.293679
0.721536,0.464965,0.478968,2.278,1.368068
0.6768,0.518865,0.521307,2.282,1.436427
0.721536,0.518865,0.522105,2.299068,1.537211
0.6768,0.551073,0.542796,2.30305,1.681324
0.628577,0.529633,0.542003,2.304807,1.749153
0.577649,0.454246,0.476575,2.3095,1.831431
0.577649,0.464965,0.455097,2.31472,1.865984
0.471818,0.432936,0.453512,2.317194,1.891917
0.419254,0.443565,0.431431,2.312418,1.997267
0.320426,0.443565,0.429863,2.287944,2.103552
0.320426,0.49729,0.494143,2.277875,2.186803
0.320426,0.486499,0.472589,2.205318,2.256
0.23545,0.508079,0.492545,2.112466,2.277
0.23545,0.529633,0.535647,2.028649,2.280712
0.275918,0.603692,0.59989,1.818311,2.294571
0.199283,0.603692,0.598354,1.786086,2.305875
0.199283,0.603692,0.598354,1.708719,2.3065
0.23545,0.593321,0.599122,1.592657,2.310828
0.199283,0.710081,0.714343,1.395995,2.337875
0.23545,0.736002,0.732256,1.314515,2.343
0.23545,0.718889,0.714995,1.234848,2.343
0.275918,0.718889,0.732882,1.161644,2.34158
0.320426,0.682713,0.698431,1.025751,2.326554
0.320426,0.760391,0.765872,0.94562,2.291071
0.368461,0.797488,0.795922,0.826665,2.232538
0.368461,0.830128,0.846356,0.801081,2.203958
0.368461,0.84196,0.846356,0.801081,2.147871
0.419254,0.847621,0.835232,0.801081,2.087329
0.368461,0.783187,0.795922,0.834616,1.9992
0.419254,0.790429,0.79644,0.911453,1.940066
0.471818,0.783187,0.767587,0.971533,1.900725
0.577649,0.783187,0.768726,1.045265,1.837835
0.628577,0.790429,0.784258,1.078695,1.750287
0.6768,0.863607,0.859581,1.121996,1.626714
0.628577,0.768165,0.769294,1.210159,1.563349
0.577649,0.752436,0.753024,1.303468,1.546373
0.628577,0.744306,0.737241,1.408081,1.530397
0.6768,0.718889,0.737859,1.510072,1.499744
0.721536,0.682713,0.685484,1.694934,1.468644
0.721536,0.682713,0.685484,1.849092,1.338496
0.721536,0.682713,0.703791,1.910089,1.251668
0.798681,0.644182,0.648586,1.94757,1.173915
0.762255,0.613974,0.627921,1.975621,1.094168
0.798681,0.682713,0.686861,1.9745,1.06339
0.798681,0.613974,0.628667,1.976,1.046031
0.798681,0.561729,0.587551,1.976,1.005461
0.798681,0.561729,0.566485,1.969423,0.957487
0.798681,0.508079,0.5237,1.94064,0.914212
0.830765,0.475721,0.481362,1.920734,0.817681
0.798681,0.401458,0.395778,1.872357,0.714872
0.830765,0.370768,0.37608,1.807517,0.659
0.762255,0.360756,0.374581,1.690211,0.659
0.830765,0.312609,0.396542,1.589557,0.6581
0.798681,0.259803,0.247181,1.510885,0.65
0.721536,0.213151,0.215387,1.422214,0.659738
0.721536,0.220482,0.215387,1.325544,0.666702
0.721536,0.19903,0.201157,1.282188,0.680436
0.721536,0.155173,0.151307,1.209217,0.728378
0.6768,0.160918,0.162294,1.149197,0.845675
0.525014,0.138943,0.139014,1.13118,0.923467
0.419254,0.144189,0.138251,1.127658,0.967344
0.320426,0.179185,0.171177,1.069005,1.028006
0.23545,0.251587,0.224715,0.958565,1.061165
0.199283,0.227993,0.224158,0.871504,1.181782
0.23545,0.29436,0.290472,0.836415,1.2721
0.199283,0.303407,0.307899,0.801367,1.375576
0.199283,0.360756,0.345855,0.764234,1.47841
0.199283,0.360756,0.365637,0.739081,1.581068
0.199283,0.422368,0.427514,0.701428,1.666549
0.199283,0.475721,0.470198,0.644674,1.780108
0.199283,0.475721,0.470198,0.644169,1.85658
0.23545,0.529633,0.55704,0.644169,1.968754
0.275918,0.49729,0.493344,0.649169,2.041954
0.23545,0.561729,0.55704,0.701131,2.059678
0.23545,0.572329,0.578223,0.730159,2.079694
0.320426,0.624156,0.600657,0.760961,2.130415
0.320426,0.691987,0.660872,0.860054,2.192565
0.275918,0.701113,0.679247,0.949885,2.275206
0.275918,0.710081,0.697757,1.059128,2.328923
0.368461,0.710081,0.699104,1.187532,2.344279
0.368461,0.701113,0.699104,1.321996,2.345185
0.320426,0.613974,0.679943,1.422715,2.345621
0.368461,0.582863,0.580561,1.544086,2.34503
0.419254,0.582863,0.581339,1.641048,2.343194
0.525014,0.624156,0.624178,1.752183,2.335854
0.471818,0.603692,0.582117,1.825533,2.157544
0.471818,0.582863,0.582117,1.905787,2.080918
0.525014,0.518865,0.518913,1.952494,2.027206
0.577649,0.540374,0.519711,2.109784,1.911602
0.577649,0.411871,0.412716,2.154753,1.828984
0.628577,0.411871,0.413491,2.182536,1.782998
0.721536,0.411871,0.478968,2.228458,1.638326
0.721536,0.475721,0.478968,2.314485,1.490902
0.721536,0.380896,0.373832,2.332549,1.421269
0.721536,0.35086,0.373832,2.369175,1.359097
0.798681,0.35086,0.37533,2.373012,1.331648
0.798681,0.35086,0.335799,2.321779,1.284391
0.798681,0.360756,0.37533,2.287345,1.193565
0.798681,0.380896,0.395778,2.140615,1.078272
0.830765,0.422368,0.438503,2.082411,0.967319
0.798681,0.454246,0.480564,2.018257,0.944381
0.830765,0.518865,0.524497,1.972326,0.911332
0.798681,0.540374,0.545176,1.94889,0.841401
0.798681,0.518865,0.545176,1.882717,0.7925
0.798681,0.624156,0.628667,1.734373,0.7925
0.798681,0.582863,0.587551,1.656513,0.7925
0.762255,0.582863,0.586776,1.616053,0.809639
0.798681,0.561729,0.587551,1.558515,0.91002
0.762255,0.582863,0.586776,1.532046,0.992571
0.721536,0.624156,0.627173,1.520495,1.050049
0.721536,0.673287,0.666581,1.500561,1.127
0.721536,0.66372,0.627173,1.481313,1.2166
0.721536,0.710081,0.721466,1.417041,1.301208
0.6768,0.682713,0.684794,1.342004,1.407072
0.6768,0.752436,0.784799,1.329789,1.484716
0.628577,0.744306,0.753618,1.313822,1.612511
0.577649,0.775765,0.768726,1.279891,1.735416
0.577649,0.775765,0.768726,1.266251,1.841494
0.628577,0.83613,0.824861,1.230335,1.939347
0.577649,0.817604,0.824399,1.191895,2.029476
0.525014,0.847621,0.823935,1.098313,2.115533
0.577649,0.797488,0.797991,1.060762,2.193092
0.419254,0.797488,0.810078,1.014447,2.211447
0.525014,0.804372,0.81106,0.935452,2.211447
0.471818,0.797488,0.782631,0.896395,2.211447
0.471818,0.790429,0.796958,0.802375,2.190875
0.471818,0.783187,0.782631,0.718121,2.174238
0.368461,0.797488,0.795922,0.696333,2.146277
0.368461,0.811077,0.781541,0.696333,2.112937
0.368461,0.760391,0.795922,0.696333,2.089601
0.320426,0.718889,0.733508,0.698983,2.03813
0.275918,0.727528,0.715646,0.724748,1.945948
0.275918,0.701113,0.715646,0.767142,1.816383
0.23545,0.718889,0.714995,0.777096,1.731937
0.23545,0.718889,0.732256,0.783517,1.64
0.199283,0.691987,0.696407,0.789,1.589081
0.23545,0.736002,0.714995,0.790825,1.492808
0.199283,0.701113,0.677852,0.801202,1.401802
0.199283,0.691987,0.677852,0.835685,1.214476
0.167456,0.644182,0.638317,0.878187,1.107212
0.320426,0.66372,0.679943,0.888811,1.023359
0.320426,0.593321,0.600657,0.888811,0.998
0.275918,0.603692,0.59989,0.888811,0.998
0.368461,0.624156,0.621925,0.735215,0.849019
0.419254,0.644182,0.622677,1.318838,0.659149
0.525014,0.66372,0.644202,1.434277,0.647625
0.471818,0.624156,0.623428,1.490289,0.64
0.577649,0.582863,0.583672,1.592875,0.64
0.628577,0.634229,0.625677,1.687666,0.641
0.628577,0.593321,0.60525,1.776722,0.655839
0.577649,0.613974,0.583672,1.820494,0.681904
0.6768,0.701113,0.646397,1.917082,0.697078
0.6768,0.644182,0.626425,1.968407,0.710169
0.762255,0.644182,0.686173,1.968407,0.745677
0.721536,0.603692,0.606777,1.968407,0.778958
0.721536,0.634229,0.627173,1.952491,0.793141
0.721536,0.613974,0.606777,1.875678,0.8034
0.798681,0.508079,0.5237,1.813128,0.819503
0.798681,0.540374,0.545176,1.758893,0.866546
0.798681,0.540374,0.545176,1.7177,0.949632
0.798681,0.518865,0.5237,1.660459,1.042
0.798681,0.582863,0.566485,1.573652,1.139107
0.830765,0.518865,0.524497,1.520256,1.165901
0.798681,0.529633,0.5237,1.400439,1.227211
0.830765,0.529633,0.502935,1.278125,1.244125
0.798681,0.518865,0.502136,1.182042,1.338552
0.798681,0.475721,0.480564,1.124334,1.451019
0.830765,0.486499,0.481362,1.109006,1.504352
0.798681,0.411871,0.416596,1.0952,1.51806
0.798681,0.370768,0.37533,1.069952,1.53028
0.798681,0.312609,0.316826,0.977268,1.592238
0.798681,0.303407,0.316826,0.892853,1.656423
0.798681,0.251587,0.247181,0.839638,1.704778
0.721536,0.243548,0.279399,0.799797,1.754063
0.762255,0.235681,0.230901,0.787067,1.804398
0.628577,0.119541,0.173916,0.774853,1.8307
0.577649,0.138943,0.12936,0.722965,1.892882
0.320426,0.119541,0.118267,0.712365,2.001513
0.320426,0.133857,0.109557,0.710965,2.123627
0.275918,0.172922,0.147649,0.713474,2.216273
0.368461,0.220482,0.211629,0.743517,2.233041
0.320426,0.18562,0.197078,0.787464,2.233041
0.167456,0.268192,0.27174,0.866234,2.231259
0.199283,0.235681,0.239528,0.933375,2.223873
0.167456,0.285472,0.27174,1.000578,2.216001
0.23545,0.391128,0.38664,1.091331,2.208558
0.23545,0.422368,0.407302,1.176197,2.207576
0.320426,0.49729,0.472589,1.297667,2.207762
0.23545,0.518865,0.578223,1.393463,2.22389
0.199283,0.593321,0.577443,1.467469,2.245716
0.23545,0.551073,0.535647,1.577882,2.247525
0.23545,0.518865,0.514122,1.658234,2.250375
0.275918,0.561729,0.536442,1.738065,2.255531
0.275918,0.561729,0.557829,1.819028,2.254531
0.275918,0.593321,0.59989,1.902346,2.252636
0.368461,0.603692,0.621925,1.972575,2.229637
0.368461,0.644182,0.642,2.084714,2.0516
0.320426,0.736002,0.733508,2.136,1.940261
0.419254,0.752436,0.751236,2.1595,1.8543
0.525014,0.727528,0.736,2.18395,1.762644
0.525014,0.775765,0.752429,2.215953,1.718224
0.471818,0.797488,0.796958,2.219164,1.531168
0.471818,0.817604,0.81057,2.21937,1.320075
0.525014,0.830128,0.83611,2.214982,1.252271
0.577649,0.83613,0.836548,2.181093,1.19629
0.525014,0.811077,0.823935,2.127693,1.170432
0.628577,0.823952,0.824861,2.108213,1.131665
0.628577,0.783187,0.784258,2.094329,1.096754
0.525014,0.736002,0.752429,2.074416,1.095339
0.628577,0.783187,0.798506,2.060236,1.095376
0.525014,0.701113,0.701118,1.998125,1.079422
0.525014,0.673287,0.68272,1.885362,1.065892
0.525014,0.701113,0.701118,1.784401,1.05473
0.577649,0.644182,0.644934,1.661998,1.051548
0.577649,0.603692,0.683412,1.560805,1.014319
0.6768,0.603692,0.626425,1.499164,0.983914
0.721536,0.561729,0.564914,1.399783,0.965458
0.721536,0.518865,0.54359,1.286975,0.940653
0.798681,0.529633,0.545176,1.223249,0.917778
0.762255,0.529633,0.522902,1.159895,0.905875
0.798681,0.508079,0.502136,1.147794,0.852077
0.798681,0.486499,0.502136,1.135,0.746193
0.762255,0.49729,0.501337,1.137044,0.70275
0.762255,0.401458,0.395013,1.1482,0.697
0.798681,0.331454,0.355318,1.15375,0.697
0.798681,0.321957,0.316826,1.14893,0.6988
0.798681,0.321957,0.335799,1.1455,0.792817
0.762255,0.227993,0.230901,1.1455,0.837434
0.721536,0.19903,0.215387,1.0815,0.953877
0.6768,0.179185,0.187155,1.019249,1.080625
0.6768,0.192236,0.187155,1.000067,1.220375
0.6768,0.160918,0.162294,0.996732,1.370861
0.577649,0.172922,0.173457,0.983763,1.521147
0.23545,0.133857,0.136734,0.97523,1.657979
0.525014,0.18562,0.213234,0.944988,1.774593
0.577649,0.27675,0.260502,0.907149,1.864297
0.577649,0.19903,0.213771,0.905133,1.987205
0.471818,0.312609,0.312002,0.905133,2.04254
0.471818,0.360756,0.390438,0.937847,2.086098
0.628577,0.475721,0.477372,1.036387,2.13356
0.628577,0.49729,0.498939,1.158815,2.176786
0.628577,0.603692,0.60525,1.205589,2.244991
0.577649,0.644182,0.664446,1.283937,2.300143
0.628577,0.682713,0.684104,1.412117,2.301043
0.577649,0.752436,0.753024,1.510375,2.301043
0.628577,0.775765,0.769294,1.604771,2.297465
0.577649,0.797488,0.797991,1.68926,2.268251
0.577649,0.804372,0.797991,1.799047,2.221642
0.525014,0.830128,0.823935,1.877813,2.20179
0.525014,0.811077,0.81106,1.905,2.193083
0.525014,0.797488,0.81106,1.905,2.170906
0.525014,0.783187,0.797475,1.905,2.161966
0.419254,0.768165,0.782086,1.891259,2.131712
0.471818,0.797488,0.782631,1.838511,2.048358
0.419254,0.768165,0.782086,1.790212,1.911171
0.419254,0.736002,0.751236,1.717287,1.789817
0.320426,0.736002,0.733508,1.6194,1.73266
0.419254,0.682713,0.681333,1.498566,1.693232
0.275918,0.673287,0.660156,1.403118,1.650593
0.199283,0.624156,0.639055,1.328433,1.549446
0.199283,0.593321,0.598354,1.227542,1.454208
0.199283,0.603692,0.598354,1.176552,1.368423
0.23545,0.529633,0.55704,1.139387,1.246627
0.199283,0.475721,0.470198,1.052284,1.114387
0.275918,0.443565,0.450344,0.982397,1.038626
0.199283,0.331454,0.326593,0.951,0.992391
0.167456,0.321957,0.32589,0.951,0.968533
0.199283,0.312609,0.307899,0.951,0.958332
0.199283,0.213151,0.224158,0.990542,0.944833
0.23545,0.149599,0.15842,1.110124,0.888787
0.199283,0.160918,0.146846,1.155498,0.819217
0.419254,0.102525,0.101999,1.239542,0.788118
0.471818,0.102525,0.102293,1.3315,0.779272
0.6768,0.138943,0.150897,1.436165,0.774886
0.721536,0.149599,0.140552,1.594545,0.776509
0.721536,0.160918,0.162729,1.67608,0.79666
0.798681,0.227993,0.247181,1.760128,0.817475
0.798681,0.251587,0.247181,1.95836,0.862054
0.762255,0.312609,0.316134,2.0541,0.9308
0.798681,0.341091,0.335799,2.07195,1.029734
0.762255,0.35086,0.354586,2.085157,1.12484
0.762255,0.370768,0.374581,2.124314,1.185321
0.762255,0.443565,0.436929,2.185853,1.230664
0.721536,0.411871,0.415043,2.200545,1.443708
0.721536,0.486499,0.522105,2.227229,1.63776
0.721536,0.593321,0.586001,2.227874,1.756435
0.721536,0.593321,0.606777,2.228829,1.821597
0.721536,0.744306,0.738477,2.23975,1.916409
0.6768,0.682713,0.684794,2.262,2.154167
0.6768,0.727528,0.720823,2.262,2.200723
0.628577,0.744306,0.753618,2.254875,2.227312
0.628577,0.768165,0.753618,2.227189,2.233724
0.628577,0.783187,0.784258,2.173775,2.24296
0.577649,0.790429,0.783717,2.074538,2.24296
0.577649,0.797488,0.797991,1.975404,2.267682
0.577649,0.811077,0.797991,1.761328,2.418409
0.525014,0.775765,0.783174,1.667933,2.472691
0.577649,0.768165,0.768726,1.524557,2.478588
0.525014,0.783187,0.768157,1.367,2.478588
0.577649,0.727528,0.768726,1.275947,2.478412
0.320426,0.744306,0.750039,1.258616,2.402943
0.320426,0.744306,0.733508,1.235698,2.318512
0.23545,0.682713,0.697083,1.201323,2.255934
0.320426,0.701113,0.679943,1.101725,2.202974
0.23545,0.644182,0.639792,0.997346,2.096882
0.275918,0.644182,0.640529,0.934791,1.97355
0.23545,0.613974,0.599122,0.903025,1.850883
0.275918,0.572329,0.514921,0.895928,1.755484
0.23545,0.518865,0.492545,0.894403,1.620767
0.320426,0.475721,0.472589,0.893005,1.49309
0.275918,0.411871,0.408074,0.886593,1.375811
0.320426,0.401458,0.408846,0.861875,1.210408
0.199283,0.321957,0.307899,0.861,1.094671
0.275918,0.149599,0.158847,0.861,0.98441
0.368461,0.133857,0.127926,0.874781,0.923003
0.368461,0.128932,0.127926,0.942435,0.89324
0.419254,0.12416,0.128283,1.114028,0.88827
0.419254,0.110746,0.118936,1.20409,0.881793
0.471818,0.144189,0.138632,1.281353,0.854179
0.721536,0.160918,0.174836,1.332224,0.80566
0.762255,0.179185,0.18813,1.426302,0.78
0.762255,0.206002,0.215928,1.507089,0.78
0.798681,0.27675,0.263593,1.587713,0.767902
0.798681,0.331454,0.316826,1.6801,0.764299
0.798681,0.29436,0.280688,1.769446,0.785508
0.762255,0.35086,0.374581,1.881423,0.838809
0.762255,0.443565,0.415819,2.016378,0.922945
0.762255,0.432936,0.479766,2.120546,0.999283
0.762255,0.540374,0.522902,2.139445,1.052143
0.721536,0.529633,0.54359,2.162758,1.095344
0.762255,0.551073,0.544383,2.205125,1.12946
0.721536,0.582863,0.586001,2.207,1.204134
0.6768,0.582863,0.585225,2.207,1.330402
0.6768,0.603692,0.585225,2.210559,1.490083
0.6768,0.603692,0.606013,2.207947,1.634267
0.628577,0.682713,0.684104,2.190316,1.727008
0.628577,0.752436,0.737241,2.172379,1.884019
0.577649,0.752436,0.753024,2.166638,1.958764
0.577649,0.701113,0.719534,2.1605,2.034278
0.525014,0.797488,0.83611,2.1598,2.144328
0.419254,0.830128,0.835232,2.151491,2.226447
0.525014,0.682713,0.68272,2.067668,2.296519
0.419254,0.736002,0.717594,1.821342,2.347361
0.368461,0.710081,0.699104,1.76231,2.349711
0.275918,0.701113,0.715646,1.719505,2.357
0.320426,0.673287,0.660872,1.565,2.370726
0.275918,0.66372,0.660156,1.412773,2.354927
0.23545,0.624156,0.619667,1.249019,2.348129
0.23545,0.644182,0.639792,1.113575,2.332249
0.199283,0.624156,0.658719,1.058704,2.241501
0.199283,0.593321,0.598354,1.028288,2.154065
0.199283,0.508079,0.513323,0.973315,2.104184
0.199283,0.551073,0.534852,0.934281,2.034078
0.167456,0.411871,0.405759,0.886284,1.965298
0.167456,0.370768,0.364895,0.8757,1.870375
0.199283,0.341091,0.345855,0.8757,1.783563
0.199283,0.341091,0.326593,0.8757,1.68414
0.23545,0.251587,0.327297,0.906006,1.574352
0.419254,0.27675,0.293115,0.928634,1.474584
0.471818,0.432936,0.411167,0.947085,1.379292
0.525014,0.360756,0.370843,0.966784,1.214358
0.577649,0.411871,0.433785,0.977746,1.081101
0.577649,0.432936,0.412716,1.017688,1.005352
0.628577,0.464965,0.477372,1.061018,0.960852
0.628577,0.49729,0.498939,1.177342,0.9248
0.6768,0.582863,0.564128,1.270538,0.855833
0.721536,0.582863,0.586001,1.362471,0.79964
0.721536,0.603692,0.606777,1.476822,0.763806
0.721536,0.582863,0.586001,1.606229,0.711345
0.721536,0.603692,0.606777,1.716707,0.7045
0.762255,0.613974,0.627921,1.895675,0.7045
0.798681,0.701113,0.686861,2.009314,0.705734
0.798681,0.710081,0.705122,2.054728,0.75889
0.798681,0.701113,0.705122,2.092625,0.844095
0.798681,0.66372,0.686861,2.165529,0.912155
0.798681,0.691987,0.668001,2.210988,1.00084
0.762255,0.603692,0.607539,2.221272,1.052047
0.762255,0.613974,0.607539,2.2376,1.159101
0.798681,0.529633,0.5237,2.2435,1.318791
0.798681,0.486499,0.502136,2.229567,1.353431
0.798681,0.475721,0.480564,2.214937,1.406271
0.762255,0.422368,0.415819,2.196841,1.476
0.721536,0.401458,0.436143,2.025802,1.6074
0.721536,0.303407,0.373832,1.941254,1.6798
0.721536,0.312609,0.297106,1.91068,1.68505
0.721536,0.235681,0.230334,1.80044,1.694609
0.721536,0.220482,0.230334,1.66085,1.705702
0.6768,0.192236,0.187155,1.47541,1.70901
0.762255,0.206002,0.151718,1.386525,1.694294
0.525014,0.149599,0.139014,1.275633,1.690115
0.275918,0.138943,0.127215,1.160827,1.7095
0.23545,0.149599,0.147247,1.081457,1.722996
0.199283,0.155173,0.146846,0.968576,1.736979
0.199283,0.227993,0.239528,0.835563,1.739901
0.167456,0.235681,0.238946,0.751318,1.783345
0.167456,0.285472,0.289156,0.703396,1.818595
0.167456,0.303407,0.307218,0.643882,1.856384
0.167456,0.370768,0.385125,0.573967,1.872026
0.167456,0.454246,0.426732,0.573967,1.885234
0.199283,0.370768,0.385882,0.573967,1.918271
0.167456,0.443565,0.447971,0.58877,1.963562
0.167456,0.572329,0.555461,0.676074,2.00055
0.23545,0.540374,0.535647,0.760111,2.040466
0.167456,0.593321,0.597586,0.828247,2.104367
0.199283,0.682713,0.677852,0.927651,2.150535
0.167456,0.682713,0.658,0.999877,2.15772
0.199283,0.682713,0.696407,1.122156,2.165432
0.275918,0.710081,0.697757,1.173065,2.181657
0.23545,0.710081,0.714995,1.247795,2.193938
0.419254,0.752436,0.767016,1.379966,2.205422
0.419254,0.783187,0.782086,1.54177,2.2119
0.368461,0.797488,0.795922,1.6793,2.2119
0.368461,0.775765,0.766444,1.727976,2.214275
0.471818,0.752436,0.767587,1.808983,2.219963
0.419254,0.718889,0.717594,1.890687,2.187861
0.419254,0.736002,0.734756,1.915375,2.161761
0.471818,0.66372,0.643468,2.094411,2.005186
0.419254,0.613974,0.622677,2.217762,1.839926
0.525014,0.634229,0.603721,2.321872,1.731285
0.471818,0.561729,0.560981,2.336049,1.607938
0.577649,0.49729,0.476575,2.344096,1.441584
0.628577,0.411871,0.45589,2.347653,1.33452
0.628577,0.443565,0.45589,2.345016,1.287545
0.6768,0.411871,0.414267,2.345016,1.221907
0.721536,0.380896,0.394249,2.306108,1.120594
0.721536,0.360756,0.353855,2.289622,1.045798
0.762255,0.360756,0.354586,2.276904,0.949767
0.798681,0.370768,0.395778,2.229032,0.852743
0.798681,0.360756,0.37533,2.126512,0.825243
0.830765,0.401458,0.396542,1.994,0.798125
0.830765,0.401458,0.396542,1.9182,0.791104
0.798681,0.443565,0.437716,1.82037,0.785493
0.830765,0.518865,0.502935,1.717448,0.776214
0.798681,0.572329,0.5237,1.677959,0.767728
0.798681,0.49729,0.502136,1.548664,0.76457
0.798681,0.540374,0.5237,1.4465,0.771774
0.830765,0.529633,0.524497,1.344061,0.776871
0.798681,0.613974,0.608301,1.332,0.776871
0.798681,0.593321,0.587551,1.332,0.792684
0.798681,0.518865,0.5237,1.3285,0.817851
0.762255,0.572329,0.5657,1.32,0.882887
0.721536,0.718889,0.685484,1.320837,0.995654
0.721536,0.644182,0.666581,1.331069,1.094682
0.6768,0.718889,0.703124,1.3415,1.257628
0.577649,0.682713,0.683412,1.350007,1.352819
0.628577,0.701113,0.702456,1.330439,1.468587
0.577649,0.727528,0.683412,1.315,1.586217
0.577649,0.66372,0.683412,1.313,1.739476
0.471818,0.718889,0.700448,1.264644,1.91888
0.419254,0.736002,0.717594,1.227296,2.010712
0.368461,0.744306,0.734132,1.191824,2.092237
0.368461,0.736002,0.734132,1.132166,2.149487
0.320426,0.752436,0.733508,1.053422,2.204326
0.368461,0.752436,0.750638,0.929964,2.234076
0.368461,0.727528,0.699104,0.827837,2.241746
0.368461,0.701113,0.699104,0.786668,2.241746
0.199283,0.66372,0.658719,0.76526,2.238853
0.199283,0.654016,0.658719,0.747515,2.198167
0.199283,0.613974,0.598354,0.71107,2.150513
0.275918,0.551073,0.579003,0.708047,2.110129
0.275918,0.603692,0.59989,0.709247,2.068963
0.167456,0.411871,0.405759,0.709247,1.973324
0.199283,0.422368,0.40653,0.722317,1.866362
0.139823,0.360756,0.34441,0.737538,1.73525
0.275918,0.29436,0.291132,0.7443,1.599594
0.320426,0.27675,0.274278,0.783849,1.411828
0.23545,0.206002,0.210033,0.829457,1.307619
0.275918,0.155173,0.147649,0.900886,1.20891
0.275918,0.138943,0.147649,0.982003,1.15175
0.320426,0.133857,0.12757,1.046122,1.077389
0.320426,0.119541,0.118267,1.160955,0.961519
0.419254,0.18562,0.184735,1.267922,0.870394
0.368461,0.19903,0.197585,1.382072,0.781212
0.419254,0.179185,0.184735,1.498081,0.73552
0.525014,0.235681,0.213234,1.57892,0.730646
0.525014,0.227993,0.228075,1.695651,0.726532
0.577649,0.220482,0.213771,1.8392,0.7215
0.577649,0.29436,0.295107,1.92969,0.7215
0.471818,0.341091,0.330826,2.01315,0.7215
0.525014,0.391128,0.391199,2.093661,0.739435
0.525014,0.411871,0.411941,2.139089,0.813243
0.471818,0.454246,0.453512,2.147955,0.931759
0.471818,0.49729,0.496541,2.183088,1.008245
0.419254,0.624156,0.60219,2.24147,1.058957
0.471818,0.613974,0.602956,2.2425,1.178269
0.419254,0.654016,0.642735,2.2425,1.420901
0.471818,0.673287,0.643468,2.235668,1.581417
0.419254,0.66372,0.681333,2.219552,1.680919
0.419254,0.768165,0.751236,2.161246,1.787624
0.525014,0.752436,0.752429,2.134636,1.852247
0.525014,0.768165,0.752429,2.086746,1.964423
0.471818,0.811077,0.81057,1.94246,2.11
0.525014,0.811077,0.81106,1.901392,2.1475
0.471818,0.817604,0.81057,1.890902,2.1475
0.419254,0.847621,0.846771,1.875585,2.133375
0.419254,0.847621,0.846771,1.8654,2.072948
0.471818,0.847621,0.847186,1.836699,2.045625
0.525014,0.823952,0.823935,1.801165,1.99286
0.471818,0.823952,0.823471,1.7318,1.962955
0.577649,0.768165,0.783717,1.613095,1.939092
0.577649,0.768165,0.768726,1.550848,1.834631
0.628577,0.760391,0.769294,1.533462,1.701058
0.628577,0.752436,0.753618,1.526596,1.586502
0.525014,0.736002,0.718888,1.514551,1.523267
0.721536,0.710081,0.703791,1.480496,1.437809
0.721536,0.66372,0.647127,1.451055,1.304965
0.721536,0.634229,0.647127,1.434433,1.246799
0.798681,0.644182,0.648586,1.386564,1.186762
0.798681,0.613974,0.628667,1.349036,1.03048
0.762255,0.593321,0.607539,1.291306,0.880869
0.798681,0.582863,0.587551,1.234361,0.811757
0.798681,0.582863,0.587551,1.190616,0.806893
0.798681,0.508079,0.5237,1.136209,0.806893
0.798681,0.518865,0.5237,1.085339,0.809393
0.798681,0.475721,0.480564,1.053193,0.825917
0.798681,0.443565,0.437716,0.980236,0.847416
0.762255,0.401458,0.415819,0.927772,0.860576
0.798681,0.331454,0.355318,0.9235,0.880223
0.798681,0.29436,0.316826,0.9235,0.930333
0.798681,0.251587,0.247181,0.92275,1.028374
0.762255,0.220482,0.215928,0.9112,1.136529
0.6768,0.19903,0.200644,0.91,1.179667
0.762255,0.192236,0.18813,0.91,1.263836
0.721536,0.144189,0.151307,0.892006,1.296318
0.368461,0.110746,0.10987,0.819698,1.39873
0.368461,0.11507,0.118601,0.781879,1.553336
0.368461,0.138943,0.148455,0.777719,1.594801
0.320426,0.160918,0.148052,0.743824,1.702253
0.199283,0.138943,0.136357,0.737337,1.750787
0.139823,0.128932,0.125801,0.7232,1.8838
0.167456,0.138943,0.135981,0.721667,2.043536
0.275918,0.133857,0.127215,0.72175,2.123002
0.320426,0.138943,0.137491,0.7251,2.15893
0.23545,0.166834,0.170271,0.807365,2.182018
0.275918,0.166834,0.170724,0.904719,2.197868
0.368461,0.172922,0.171631,0.983318,2.207064
0.275918,0.235681,0.240695,1.061088,2.22906
0.23545,0.227993,0.224715,1.176778,2.250018
0.199283,0.312609,0.307899,1.262382,2.26038
0.199283,0.303407,0.289814,1.355192,2.26038
0.167456,0.341091,0.345132,1.453766,2.243228
0.199283,0.432936,0.427514,1.5434,2.203573
0.167456,0.518865,0.512524,1.652214,2.167985
0.199283,0.540374,0.534852,1.743375,2.165375
0.167456,0.529633,0.512524,1.823935,2.158325
0.167456,0.582863,0.576663,2.02152,2.117758
0.199283,0.613974,0.598354,2.1155,2.09255
0.199283,0.582863,0.556251,2.118875,2.078817
0.23545,0.518865,0.535647,2.129229,2.0607
0.275918,0.572329,0.579003,2.136238,2.0595
0.199283,0.518865,0.513323,2.131425,2.061948
0.419254,0.582863,0.581339,2.170224,2.062597
0.419254,0.432936,0.410393,2.211269,2.062347
0.471818,0.411871,0.411167,2.234762,2.056956
0.525014,0.432936,0.433,2.250122,2.052315
0.577649,0.454246,0.433785,2.254117,2.046543
0.6768,0.432936,0.456683,2.254117,2.043
0.6768,0.401458,0.393486,2.254117,2.043
0.762255,0.454246,0.479766,2.251028,2.043
0.798681,0.486499,0.480564,2.240367,2.043213
0.798681,0.475721,0.502136,2.207227,2.043284
0.798681,0.508079,0.502136,2.193474,2.043284
0.798681,0.572329,0.587551,2.11775,2.048571
0.798681,0.593321,0.587551,2.1366,2.040618
0.798681,0.634229,0.648586,2.198098,2.021
0.762255,0.613974,0.627921,2.213263,1.980539
0.798681,0.691987,0.686861,2.258051,1.907966
0.762255,0.634229,0.627921,2.276831,1.747439
0.721536,0.613974,0.606777,2.290714,1.665594
0.721536,0.66372,0.666581,2.300237,1.614762
0.721536,0.644182,0.627173,2.306725,1.441133
0.6768,0.624156,0.626425,2.298512,1.337984
0.6768,0.682713,0.703124,2.295259,1.309468
0.628577,0.727528,0.737241,2.2904,1.225917
0.628577,0.783187,0.784258,2.281625,1.156538
0.628577,0.783187,0.769294,2.275653,1.098342
0.577649,0.768165,0.768726,2.25475,0.982364
0.525014,0.823952,0.823935,2.243321,0.877358
0.525014,0.83613,0.823935,2.233955,0.852
0.525014,0.858441,0.858419,2.084476,0.852
0.525014,0.847621,0.847599,2.026548,0.877193
0.525014,0.847621,0.847599,1.979437,0.913556
0.471818,0.858441,0.85803,1.922247,0.977316
0.525014,0.847621,0.83611,1.816508,1.035129
0.419254,0.858441,0.85764,1.697104,1.134375
0.471818,0.858441,0.85803,1.628136,1.236542
0.419254,0.878157,0.886432,1.58427,1.357238
0.471818,0.868613,0.85803,1.510992,1.467165
0.368461,0.847621,0.857249,1.452007,1.558354
0.320426,0.83613,0.84594,1.332526,1.666921
0.419254,0.83613,0.835232,1.273373,1.710437
0.368461,0.830128,0.82254,1.216475,1.77215
0.419254,0.804372,0.79644,1.105136,1.911932
0.419254,0.718889,0.734756,0.951792,1.980068
0.471818,0.718889,0.718242,0.824144,2.001721
0.577649,0.760391,0.753024,0.784862,2.001721
0.471818,0.736002,0.735378,0.71991,2.001721
0.628577,0.66372,0.665159,0.653622,1.990118
0.577649,0.603692,0.624928,0.630151,1.965658
0.628577,0.582863,0.563342,0.618,1.940878
0.6768,0.624156,0.626425,0.618,1.897621
0.628577,0.529633,0.542003,0.618,1.821169
0.628577,0.551073,0.542003,0.677057,1.673092
0.6768,0.561729,0.564128,0.734808,1.599174
0.6768,0.540374,0.564128,0.744827,1.507387
0.6768,0.529633,0.542796,0.748177,1.391625
0.6768,0.561729,0.564128,0.751153,1.3379
0.721536,0.529633,0.522105,0.755723,1.26693
0.721536,0.49729,0.500537,0.765441,1.194921
0.721536,0.464965,0.478968,0.796038,1.003246
0.762255,0.454246,0.458271,0.814837,0.884557
0.798681,0.411871,0.437716,0.855943,0.77177
0.798681,0.443565,0.437716,0.937379,0.672853
0.798681,0.370768,0.37533,0.967504,0.578491
0.798681,0.303407,0.316826,1.033688,0.522356
0.798681,0.331454,0.316826,1.116472,0.509448
0.762255,0.259803,0.262973,1.184094,0.503233
0.762255,0.243548,0.246587,1.250539,0.503
0.721536,0.227993,0.230334,1.284324,0.505667
0.762255,0.155173,0.163165,1.286324,0.513551
0.721536,0.149599,0.151307,1.286324,0.52901
0.721536,0.119541,0.130444,1.283694,0.58653
0.6768,0.133857,0.130082,1.268262,0.661309
0.628577,0.128932,0.12972,1.266,0.730877
0.577649,0.172922,0.173457,1.256105,0.79156
0.471818,0.220482,0.212698,1.252497,0.849691
0.525014,0.235681,0.243629,1.2512,0.910252
0.419254,0.227993,0.242452,1.213248,1.058377
0.275918,0.341091,0.347303,1.152816,1.149291
0.23545,0.380896,0.366379,1.126736,1.20375
0.199283,0.508079,0.491746,1.087628,1.318192
0.167456,0.540374,0.534056,1.077268,1.412975
0.199283,0.593321,0.618914,1.072162,1.507547
0.199283,0.644182,0.658719,1.058652,1.539672
0.23545,0.572329,0.55704,1.057416,1.570086
0.167456,0.593321,0.618159,1.049857,1.615484
0.275918,0.624156,0.640529,0.995718,1.711785
0.320426,0.644182,0.660872,0.90973,1.804757
0.320426,0.701113,0.679943,0.90973,1.855633
0.419254,0.718889,0.734756,0.90973,1.9415
0.368461,0.710081,0.716946,0.928605,2.00118
0.368461,0.682713,0.680639,0.945906,2.087884
0.471818,0.736002,0.751833,0.983878,2.154175
0.471818,0.736002,0.718242,1.166612,2.239586
0.525014,0.736002,0.736,1.416155,2.290619
0.525014,0.718889,0.736,1.478,2.303207
0.577649,0.736002,0.736621,1.552527,2.327377
0.577649,0.710081,0.719534,1.591551,2.346236
0.628577,0.752436,0.737241,1.594927,2.355637
0.577649,0.66372,0.664446,1.594927,2.347187
0.628577,0.654016,0.645666,1.611347,2.341
0.628577,0.613974,0.625677,1.674252,2.341
0.6768,0.603692,0.606013,1.731626,2.331209
0.721536,0.624156,0.627173,1.77541,2.225027
0.721536,0.582863,0.586001,1.779875,2.134059
0.721536,0.561729,0.586001,1.782647,2.036
0.798681,0.540374,0.5237,1.813901,1.945716
0.721536,0.508079,0.500537,1.898009,1.82938
0.798681,0.49729,0.5237,1.984836,1.668875
0.798681,0.380896,0.395778,2.066393,1.54637
0.798681,0.486499,0.502136,2.12375,1.353
0.798681,0.454246,0.480564,2.13883,1.245
0.798681,0.391128,0.395778,2.157102,1.126642
0.762255,0.443565,0.436929,2.165154,1.049242
0.798681,0.391128,0.395778,2.165205,1.025999
0.762255,0.321957,0.316134,2.164158,0.972736
0.762255,0.35086,0.335087,2.160205,0.922939
0.762255,0.227993,0.230901,2.019071,0.917288
0.762255,0.213151,0.230901,1.923187,0.906279
0.721536,0.19903,0.215387,1.88841,0.901
0.6768,0.227993,0.229768,1.810407,0.902725
0.6768,0.19903,0.187155,1.698418,0.883006
0.628577,0.243548,0.244809,1.621645,0.855794
0.628577,0.259803,0.261118,1.559898,0.855475
0.471818,0.227993,0.227512,1.499819,0.855475
0.471818,0.259803,0.330826,1.398966,0.871153
0.23545,0.321957,0.366379,1.36517,0.907959
0.23545,0.321957,0.327297,1.281396,0.937908
0.199283,0.380896,0.365637,1.182968,1.001254
0.199283,0.360756,0.345855,1.108186,1.047832
0.199283,0.464965,0.448762,1.031903,1.11829
0.167456,0.475721,0.469402,1.001818,1.229069
0.167456,0.454246,0.447971,0.996062,1.34664
0.199283,0.454246,0.491746,0.987256,1.418624
0.199283,0.486499,0.470198,0.965356,1.496373
0.139823,0.432936,0.42595,0.930082,1.611239
0.199283,0.360756,0.345855,0.870202,1.738368
0.199283,0.380896,0.385882,0.851895,1.842827
0.275918,0.432936,0.42908,0.851895,1.950315
0.320426,0.380896,0.367864,0.851895,2.036257
0.320426,0.422368,0.388158,0.863689,2.093825
0.320426,0.432936,0.429863,0.897184,2.150787
0.419254,0.432936,0.431431,0.911509,2.204216
0.525014,0.432936,0.433,0.923698,2.250668
0.525014,0.411871,0.411941,0.965881,2.296766
0.628577,0.486499,0.477372,1.024658,2.298
0.577649,0.411871,0.412716,1.111886,2.298
0.628577,0.454246,0.498939,1.213114,2.296875
0.6768,0.411871,0.414267,1.29874,2.265102
0.762255,0.432936,0.436929,1.404286,2.211094
0.721536,0.49729,0.522105,1.491689,2.174904
0.721536,0.508079,0.500537,1.562289,2.16301
0.721536,0.486499,0.500537,1.618196,2.147253
0.6768,0.561729,0.564128,1.656395,2.089989
0.6768,0.644182,0.626425,1.685921,1.999848
0.6768,0.603692,0.606013,1.735235,1.913501
0.6768,0.654016,0.646397,1.829483,1.8329
0.6768,0.710081,0.703124,1.947938,1.763919
0.721536,0.682713,0.685484,1.974042,1.617036
0.6768,0.691987,0.684794,2.008825,1.533529
0.721536,0.790429,0.799533,2.045962,1.457551
0.6768,0.783187,0.79902,2.139577,1.32673
0.577649,0.768165,0.783717,2.17787,1.271116
0.577649,0.752436,0.768726,2.219133,1.239132
0.525014,0.744306,0.736,2.2295,1.225603
0.577649,0.718889,0.736621,2.2295,1.20185
0.525014,0.744306,0.752429,2.2295,1.199
0.525014,0.790429,0.783174,2.2283,1.20185
0.525014,0.775765,0.768157,2.200795,1.231054
0.471818,0.790429,0.782631,2.134073,1.242761
0.471818,0.752436,0.751833,2.093531,1.333336
0.419254,0.718889,0.717594,2.024392,1.421583
0.419254,0.727528,0.699776,1.882201,1.470365
0.419254,0.710081,0.699776,1.788121,1.482825
0.23545,0.710081,0.714995,1.737937,1.509767
0.275918,0.691987,0.715646,1.634125,1.559562
0.275918,0.682713,0.679247,1.584392,1.587202
0.23545,0.613974,0.619667,1.497994,1.6011
0.199283,0.624156,0.598354,1.365589,1.632777
0.167456,0.603692,0.597586,1.232075,1.699024
0.199283,0.540374,0.534852,1.190088,1.722894
0.23545,0.464965,0.470995,1.078116,1.770089
0.23545,0.432936,0.449553,1.028263,1.770089
0.23545,0.443565,0.428297,0.96022,1.770089
0.275918,0.331454,0.309263,0.944976,1.752632
0.275918,0.303407,0.309263,0.930877,1.641153
0.275918,0.251587,0.256823,0.916277,1.590066
0.320426,0.220482,0.211096,0.857221,1.500172
0.275918,0.235681,0.196573,0.824203,1.389437
0.275918,0.166834,0.170724,0.815484,1.348565
0.320426,0.160918,0.171177,0.815484,1.280625
0.275918,0.160918,0.158847,0.815739,1.235747
0.320426,0.179185,0.183774,0.831016,1.19325
0.419254,0.19903,0.184735,0.882615,1.133814
0.525014,0.227993,0.228075,0.913138,1.037225
0.577649,0.166834,0.173457,0.97126,1.01258
0.6768,0.19903,0.200644,1.09231,0.908127
0.721536,0.19903,0.201157,1.174634,0.778317
0.628577,0.29436,0.278113,1.215743,0.745483
0.721536,0.251587,0.201157,1.2791,0.742182
0.6768,0.235681,0.2454,1.353589,0.742182
0.6768,0.235681,0.2454,1.464845,0.73145
0.628577,0.268192,0.261118,1.57284,0.720833
0.628577,0.259803,0.261118,1.665617,0.731673
0.525014,0.370768,0.411941,1.746789,0.742072
0.577649,0.370768,0.391961,1.810316,0.724216
0.577649,0.391128,0.391961,1.853948,0.722206
0.525014,0.49729,0.49734,1.905615,0.722206
0.419254,0.454246,0.45272,1.932367,0.755439
0.368461,0.624156,0.621925,1.956493,0.906125
0.471818,0.540374,0.539621,1.987875,0.996674
0.419254,0.603692,0.581339,1.996,1.092566
0.471818,0.582863,0.602956,1.998593,1.206
0.419254,0.701113,0.699776,2.048101,1.263259
0.471818,0.682713,0.700448,2.069533,1.334552
0.419254,0.682713,0.681333,2.127779,1.422806
0.471818,0.736002,0.718242,2.13957,1.60876
0.368461,0.768165,0.766444,2.1465,1.741467
0.419254,0.768165,0.782086,2.126321,1.7941
0.471818,0.783187,0.782631,2.122073,1.848548
0.471818,0.783187,0.796958,2.121963,1.922162
0.471818,0.797488,0.796958,2.114439,2.004808
0.525014,0.823952,0.823935,2.097632,2.012863
0.577649,0.823952,0.824399,2.039041,2.059911
0.577649,0.84196,0.836548,1.878124,2.094355
0.577649,0.817604,0.824399,1.809558,2.107636
0.525014,0.847621,0.83611,1.757784,2.127429
0.525014,0.823952,0.823935,1.726061,2.144452
0.419254,0.797488,0.79644,1.641706,2.139961
0.628577,0.775765,0.798506,1.564068,2.122982
0.6768,0.760391,0.769861,1.549403,2.119214
0.628577,0.736002,0.737241,1.499381,2.114245
0.628577,0.727528,0.720179,1.487703,2.058991
0.6768,0.701113,0.703124,1.471386,1.971177
0.721536,0.710081,0.703791,1.461543,1.882971
0.721536,0.644182,0.666581,1.437774,1.799047
0.762255,0.593321,0.607539,1.431123,1.680198
0.762255,0.593321,0.607539,1.434323,1.609243
0.798681,0.624156,0.628667,1.435123,1.533617
0.798681,0.551073,0.566485,1.459531,1.433
0.798681,0.443565,0.437716,1.474,1.330251
0.798681,0.486499,0.502136,1.474,1.157291
0.798681,0.518865,0.502136,1.4727,1.069467
0.798681,0.49729,0.5237,1.450214,0.958157
0.830765,0.454246,0.481362,1.419239,0.914896
0.798681,0.422368,0.437716,1.373645,0.867226
0.798681,0.422368,0.416596,1.347705,0.794357
0.830765,0.35086,0.37608,1.301772,0.72821
0.798681,0.285472,0.298443,1.263147,0.728
0.798681,0.243548,0.247181,1.207878,0.728
0.762255,0.29436,0.297774,1.13404,0.742117
0.721536,0.206002,0.215387,1.108149,0.799625
0.628577,0.206002,0.200131,1.071718,0.827891
0.577649,0.19903,0.19962,1.005077,0.853307
0.577649,0.172922,0.173457,0.924356,0.866751
0.577649,0.18562,0.186184,0.873085,0.896669
0.368461,0.149599,0.13787,0.873085,0.9727
0.419254,0.149599,0.138251,0.87271,1.059656
0.419254,0.160918,0.160133,0.871692,1.141407
0.419254,0.128932,0.138251,0.871395,1.208335
0.471818,0.213151,0.212698,0.871395,1.286
0.419254,0.19903,0.212163,0.865195,1.372354
0.320426,0.227993,0.225831,0.83227,1.496409
0.23545,0.259803,0.256213,0.816726,1.553759
0.23545,0.285472,0.273007,0.814,1.689706
0.275918,0.303407,0.291132,0.814,1.833335
0.275918,0.370768,0.367121,0.8146,1.9341
0.275918,0.380896,0.387399,0.830266,2.007892
0.199283,0.443565,0.40653,0.853153,2.058424
0.167456,0.486499,0.490946,0.896601,2.125184
0.199283,0.508079,0.513323,0.934504,2.165965
0.167456,0.540374,0.534056,0.971948,2.165965
0.199283,0.540374,0.534852,1.016484,2.167306
0.23545,0.593321,0.578223,1.047593,2.180651
0.167456,0.593321,0.597586,1.115637,2.19
0.23545,0.572329,0.578223,1.221083,2.199
0.275918,0.634229,0.579003,1.308874,2.224132
0.23545,0.624156,0.619667,1.403783,2.235
0.275918,0.673287,0.660156,1.584365,2.235
0.275918,0.701113,0.732882,1.630513,2.234875
0.368461,0.710081,0.699104,1.694407,2.226887
0.320426,0.701113,0.698431,1.78738,2.208725
0.275918,0.736002,0.732882,1.880732,2.192673
0.320426,0.760391,0.733508,1.894,2.1508
0.368461,0.752436,0.716946,1.895766,2.10791
0.419254,0.783187,0.767016,1.909026,2.08298
0.320426,0.768165,0.765872,1.924,2.033921
0.368461,0.718889,0.716946,1.924,1.998625
0.368461,0.727528,0.716946,1.924,1.937613
0.471818,0.634229,0.643468,2.062905,1.721197
0.471818,0.613974,0.663019,2.110817,1.618295
0.368461,0.432936,0.451928,2.134137,1.529071
0.368461,0.411871,0.388917,2.152125,1.40125
0.419254,0.35086,0.349481,2.155,1.277473
0.320426,0.331454,0.328706,2.155,1.188766
0.628577,0.29436,0.295772,2.155,1.130494
0.721536,0.303407,0.297106,2.146219,1.098958
0.762255,0.19903,0.215928,2.128149,1.031909
0.798681,0.172922,0.188619,2.114731,0.946337
0.798681,0.213151,0.188619,2.106,0.88675
0.798681,0.243548,0.247181,2.098444,0.865635
0.798681,0.29436,0.280688,2.058,0.763605
0.798681,0.29436,0.280688,2.018208,0.74669
0.798681,0.321957,0.335799,1.956085,0.71465
0.798681,0.360756,0.355318,1.900318,0.708125
0.830765,0.360756,0.37608,1.843293,0.703325
0.830765,0.370768,0.37608,1.738025,0.700125
0.830765,0.401458,0.417373,1.65244,0.713362
0.830765,0.454246,0.459858,1.532927,0.74738
0.798681,0.464965,0.459064,1.441854,0.784183
0.762255,0.432936,0.436929,1.398875,0.793141
0.762255,0.486499,0.479766,1.375619,0.799513
0.762255,0.518865,0.501337,1.374991,0.802355
0.721536,0.551073,0.564914,1.374991,0.820434
0.721536,0.551073,0.606777,1.376087,0.848795
0.6768,0.603692,0.606013,1.40901,0.888442
0.6768,0.644182,0.626425,1.455804,0.932355
0.577649,0.603692,0.624928,1.482277,1.009803
0.6768,0.654016,0.646397,1.485329,1.088313
0.577649,0.603692,0.624928,1.502939,1.272546
0.525014,0.682713,0.663733,1.51802,1.385385
0.471818,0.701113,0.700448,1.528525,1.507134
0.471818,0.718889,0.718242,1.5338,1.625709
0.525014,0.718889,0.718888,1.536,1.723634
0.471818,0.727528,0.718242,1.536,1.83804
0.368461,0.736002,0.734132,1.535919,1.947871
0.368461,0.736002,0.734132,1.495624,2.011633
0.419254,0.768165,0.751236,1.421118,2.046375
0.368461,0.736002,0.716946,1.39125,2.129246
0.368461,0.744306,0.750638,1.36795,2.300032
0.320426,0.775765,0.795402,1.354276,2.390094
0.275918,0.804372,0.794881,1.274547,2.421277
0.320426,0.736002,0.733508,1.185583,2.423747
0.275918,0.718889,0.715646,1.13375,2.423747
0.275918,0.691987,0.679247,1.114699,2.422178
0.23545,0.701113,0.67855,1.029804,2.402537
0.23545,0.727528,0.714995,0.977876,2.359264
0.199283,0.727528,0.714343,0.91627,2.328973
0.199283,0.718889,0.714343,0.9119,2.276671
0.23545,0.701113,0.697083,0.9104,2.209953
0.23545,0.718889,0.714995,0.9099,2.140212
0.167456,0.691987,0.695731,0.937631,2.044871
0.23545,0.654016,0.659438,0.96782,1.904517
0.23545,0.701113,0.67855,0.9853,1.741122
0.275918,0.624156,0.620421,1.007842,1.667291
0.199283,0.561729,0.556251,1.026726,1.54345
0.199283,0.518865,0.513323,1.041296,1.441676
0.199283,0.464965,0.470198,1.088371,1.358593
0.368461,0.331454,0.329412,1.160346,1.243745
0.368461,0.29436,0.310631,1.191573,1.166569
0.275918,0.243548,0.256823,1.201118,1.042829
0.275918,0.259803,0.240695,1.20849,0.944094
0.320426,0.206002,0.197078,1.217906,0.866806
0.320426,0.206002,0.197078,1.229448,0.83172
0.419254,0.138943,0.138251,1.2924,0.811917
0.368461,0.128932,0.127926,1.345107,0.797945
0.320426,0.119541,0.118267,1.404457,0.78375
0.320426,0.11507,0.118267,1.458762,0.746031
0.23545,0.166834,0.15842,1.520805,0.661069
0.23545,0.149599,0.15842,1.610773,0.603214
0.167456,0.18562,0.181864,1.715928,0.587979
0.167456,0.227993,0.223603,1.797887,0.587879
0.167456,0.243548,0.238946,1.899863,0.588034
0.139823,0.268192,0.25439,2.000723,0.595531
0.167456,0.35086,0.345132,2.035995,0.62503
0.199283,0.370768,0.385882,2.064515,0.637915
0.199283,0.432936,0.385882,2.073568,0.643176
0.139823,0.486499,0.490147,2.073568,0.654319
0.167456,0.518865,0.512524,2.073568,0.669516
0.167456,0.529633,0.512524,2.055,0.704657
0.199283,0.561729,0.556251,2.017991,0.778139
0.199283,0.593321,0.577443,1.9915,0.868766
0.23545,0.613974,0.599122,1.983851,0.996412
0.199283,0.634229,0.618914,1.978662,1.140453
0.167456,0.811077,0.807109,1.981973,1.151328
0.199283,0.718889,0.731628,2.003471,1.2938
0.275918,0.823952,0.821604,2.001863,1.411435
0.320426,0.775765,0.780995,2.016076,1.464182
0.275918,0.783187,0.780447,2.031715,1.56863
0.320426,0.790429,0.780995,2.072798,1.860038
0.368461,0.811077,0.82254,2.090182,1.947798
0.419254,0.84196,0.846771,2.164334,1.980122
0.419254,0.847621,0.85764,2.237318,1.997274
0.471818,0.858441,0.85803,2.263429,2.020601
0.471818,0.858441,0.85803,2.306,2.027702
0.471818,0.895461,0.895138,2.330062,2.024276
0.577649,0.873461,0.868954,2.331,2.00055
0.471818,0.83613,0.847186,2.349615,1.981633
0.525014,0.847621,0.847599,2.3815,1.893663
0.471818,0.830128,0.823471,2.383819,1.816611
0.577649,0.797488,0.797991,2.391467,1.630326
0.577649,0.797488,0.783717,2.383288,1.506811
0.577649,0.775765,0.81155,2.306752,1.440408
0.628577,0.768165,0.769294,2.296888,1.237379
0.628577,0.736002,0.737241,2.296097,1.177595
0.628577,0.727528,0.737241,2.296495,1.108982
0.628577,0.682713,0.665159,2.304358,1.015559
0.6768,0.624156,0.720823,2.2885,0.916495
0.6768,0.624156,0.626425,2.286774,0.818002
0.6768,0.572329,0.585225,2.271598,0.704119
0.628577,0.624156,0.60525,2.221448,0.684318
0.721536,0.561729,0.564914,2.092908,0.658587
0.721536,0.561729,0.54359,2.02925,0.625419
0.721536,0.475721,0.500537,1.992508,0.58828
0.721536,0.475721,0.478968,1.896349,0.539704
0.721536,0.380896,0.394249,1.75855,0.528
0.721536,0.391128,0.373832,1.62462,0.528
0.721536,0.341091,0.334375,1.558375,0.528
0.798681,0.303407,0.298443,1.4794,0.535731
0.798681,0.268192,0.263593,1.3537,0.54
0.798681,0.251587,0.247181,1.263415,0.540933
0.721536,0.206002,0.230334,1.157637,0.547521
0.762255,0.192236,0.201671,1.101993,0.587883
0.762255,0.19903,0.201671,1.022714,0.624259
0.762255,0.220482,0.215928,0.928385,0.646135
0.798681,0.235681,0.247181,0.91018,0.746309
0.798681,0.206002,0.202187,0.91018,0.830717
0.798681,0.312609,0.316826,0.890062,0.904411
0.830765,0.285472,0.299113,0.908013,0.941708
0.830765,0.35086,0.356051,0.9345,1.070879
0.830765,0.35086,0.336513,0.9345,1.183763
0.830765,0.454246,0.438503,0.933,1.231802
0.830765,0.443565,0.481362,0.923713,1.309375
0.830765,0.529633,0.524497,0.922,1.42965
0.830765,0.540374,0.545968,0.926389,1.520668
0.830765,0.551073,0.56727,0.928232,1.622281
0.858641,0.593321,0.5891,0.976458,1.690579
0.830765,0.624156,0.629413,1.015669,1.752498
0.762255,0.593321,0.755395,1.023661,1.797086
0.798681,0.561729,0.566485,1.033558,1.884361
0.798681,0.727528,0.739711,1.046974,1.97534
0.762255,0.518865,0.522902,1.077538,2.068801
0.798681,0.551073,0.566485,1.147515,2.173784
0.762255,0.603692,0.586776,1.228781,2.245088
0.762255,0.561729,0.5657,1.294176,2.300955
0.721536,0.613974,0.627173,1.333085,2.365448
0.721536,0.634229,0.647127,1.374561,2.425764
0.721536,0.613974,0.627173,1.391116,2.493469
0.628577,0.691987,0.702456,1.391458,2.505836
0.628577,0.691987,0.684104,1.391458,2.505836
0.577649,0.775765,0.768726,1.373575,2.504269
0.577649,0.783187,0.783717,1.282939,2.494545
0.525014,0.858441,0.858419,1.195344,2.468303
0.525014,0.847621,0.847599,1.0965,2.448226
0.471818,0.899434,0.886754,1.005974,2.440771
0.525014,0.83613,0.823935,0.915553,2.426575
0.419254,0.823952,0.835232,0.825195,2.419782
0.525014,0.83613,0.823935,0.717851,2.410107
0.525014,0.823952,0.823935,0.681169,2.367306
0.577649,0.804372,0.797991,0.64225,2.304992
0.525014,0.783187,0.783174,0.599927,2.210644
0.320426,0.752436,0.750039,0.552731,2.131282
0.320426,0.718889,0.716297,0.53135,2.059864
0.275918,0.66372,0.640529,0.53135,2.025875
0.320426,0.654016,0.660872,0.53351,2.005754
0.275918,0.66372,0.640529,0.578498,1.968769
0.23545,0.654016,0.639792,0.667769,1.923641
0.167456,0.654016,0.638317,0.765526,1.836239
0.23545,0.603692,0.619667,0.836975,1.728892
0.23545,0.624156,0.599122,0.849303,1.606615
0.23545,0.508079,0.514122,0.858601,1.493757
0.23545,0.540374,0.514122,0.875248,1.398293
0.23545,0.464965,0.449553,0.906592,1.306057
0.199283,0.464965,0.470198,0.921,1.223641
0.167456,0.391128,0.364895,0.921,1.178009
0.23545,0.312609,0.366379,0.921,1.010722
0.23545,0.391128,0.38664,0.9454,0.87457
0.23545,0.411871,0.407302,0.949,0.740837
0.23545,0.422368,0.407302,0.949,0.655893
0.320426,0.454246,0.472589,0.96999,0.618289
0.23545,0.411871,0.407302,1.065146,0.577153
0.275918,0.454246,0.450344,1.166593,0.569697
0.275918,0.443565,0.42908,1.262474,0.566254
0.320426,0.475721,0.472589,1.37668,0.5655
0.419254,0.582863,0.560193,1.468765,0.567318
0.419254,0.561729,0.60219,1.596163,0.570545
0.471818,0.644182,0.643468,1.719035,0.627566
0.577649,0.691987,0.683412,1.771234,0.666511
0.525014,0.582863,0.561768,1.874571,0.699167
0.577649,0.582863,0.604486,1.976227,0.739157
0.525014,0.572329,0.561768,2.039914,0.772959
0.628577,0.603692,0.60525,2.149608,0.819361
0.6768,0.582863,0.585225,2.207467,0.924147
0.6768,0.561729,0.585225,2.219144,1.028898
0.6768,0.518865,0.521307,2.229274,1.115184
0.721536,0.49729,0.500537,2.231989,1.199917
0.721536,0.49729,0.500537,2.232838,1.278638
0.762255,0.486499,0.479766,2.225457,1.316203
0.762255,0.475721,0.501337,2.227494,1.334808
0.798681,0.486499,0.502136,2.226141,1.334808
0.798681,0.486499,0.480564,2.210728,1.306876
0.762255,0.486499,0.501337,2.193337,1.30339
0.798681,0.454246,0.459064,2.182404,1.37102
0.798681,0.391128,0.395778,2.142566,1.406944
0.858641,0.411871,0.418151,2.013528,1.373375
0.798681,0.380896,0.395778,1.950041,1.3739
0.830765,0.370768,0.396542,1.866863,1.374
0.830765,0.27675,0.281334,1.82902,1.373875
0.798681,0.268192,0.280688,1.721353,1.3602
0.798681,0.251587,0.23147,1.644653,1.336
0.858641,0.206002,0.20322,1.420966,1.336
0.721536,0.18562,0.187642,1.263105,1.336
0.6768,0.138943,0.130082,1.230188,1.344914
0.628577,0.110746,0.111443,1.21261,1.3938
0.577649,0.110746,0.111127,1.195249,1.45531
0.525014,0.133857,0.129,1.141085,1.554547
0.525014,0.094848,0.094907,1.057043,1.682281
0.419254,0.110746,0.101999,0.96928,1.775381
0.275918,0.160918,0.158847,0.918919,1.865153
0.275918,0.138943,0.147649,0.903875,1.95086
0.320426,0.172922,0.171177,0.8982,2.0441
0.275918,0.243548,0.240695,0.89725,2.111473
0.275918,0.27675,0.256823,0.898,2.165273
0.23545,0.268192,0.256213,0.906375,2.238715
0.23545,0.303407,0.30858,0.925426,2.2771
0.167456,0.360756,0.364895,0.967488,2.278963
0.167456,0.486499,0.447971,1.019083,2.287672
0.167456,0.454246,0.447971,1.065467,2.290819
0.167456,0.475721,0.469402,1.131263,2.290094
0.139823,0.540374,0.490147,1.199892,2.290294
0.167456,0.593321,0.597586,1.27385,2.295013
0.199283,0.540374,0.534852,1.385992,2.303796
0.167456,0.613974,0.597586,1.51218,2.321444
0.167456,0.634229,0.618159,1.62941,2.320035
0.199283,0.613974,0.618914,1.791827,2.318921
0.23545,0.624156,0.619667,1.866438,2.314023
0.23545,0.727528,0.714995,1.9492,2.293776
0.23545,0.736002,0.67855,1.9765,2.287315
0.199283,0.710081,0.696407,1.99759,2.271705
0.320426,0.744306,0.733508,2.038336,2.186515
0.320426,0.718889,0.716297,2.172855,2.082994
0.368461,0.736002,0.750638,2.207346,1.926904
0.320426,0.744306,0.733508,2.209602,1.866616
0.368461,0.811077,0.809586,2.216273,1.798486
0.419254,0.790429,0.810078,2.223795,1.719586
0.525014,0.83613,0.823935,2.223275,1.670188
0.419254,0.797488,0.79644,2.226904,1.513924
0.419254,0.768165,0.767016,2.23615,1.420271
0.368461,0.768165,0.781541,2.301728,1.399888
0.419254,0.783187,0.782086,2.347083,1.315489
0.368461,0.768165,0.781541,2.377356,1.093708
0.419254,0.701113,0.699776,2.380133,1.017415
0.471818,0.682713,0.700448,2.380133,0.992473
0.471818,0.673287,0.643468,2.37958,0.907494
0.368461,0.603692,0.621925,2.339,0.851375
0.368461,0.572329,0.559405,2.262477,0.809646
0.471818,0.49729,0.518114,2.128589,0.784876
0.471818,0.432936,0.390438,2.027287,0.762118
0.577649,0.370768,0.351665,1.983891,0.756628
0.628577,0.341091,0.332953,1.936579,0.744867
0.721536,0.303407,0.297106,1.894717,0.711793
0.6768,0.29436,0.296439,1.8318,0.6905
0.762255,0.29436,0.297774,1.752908,0.690125
0.798681,0.285472,0.298443,1.618612,0.689194
0.798681,0.285472,0.298443,1.562225,0.681125
0.798681,0.303407,0.316826,1.507867,0.680825
0.798681,0.285472,0.335799,1.428125,0.691405
0.830765,0.331454,0.336513,1.364181,0.702054
0.830765,0.422368,0.417373,1.334185,0.709856
0.830765,0.464965,0.459858,1.334185,0.717125
0.858641,0.454246,0.460653,1.334885,0.755429
0.858641,0.475721,0.48216,1.342648,0.828187
0.830765,0.518865,0.588326,1.357867,0.865038
0.762255,0.508079,0.501337,1.374874,0.96265
0.762255,0.529633,0.522902,1.377481,1.092789
0.798681,0.582863,0.587551,1.385066,1.154192
0.798681,0.624156,0.608301,1.392613,1.245312
0.762255,0.654016,0.5657,1.397859,1.37658
0.762255,0.624156,0.647857,1.401145,1.480789
0.721536,0.66372,0.703791,1.401694,1.563625
0.6768,0.727528,0.737859,1.401694,1.690724
0.6768,0.736002,0.754211,1.401444,1.844468
0.628577,0.760391,0.753618,1.388271,1.947441
0.628577,0.775765,0.798506,1.37854,2.070406
0.628577,0.790429,0.798506,1.375403,2.158453
0.525014,0.83613,0.81106,1.361433,2.242161
0.577649,0.823952,0.824399,1.353416,2.32825
0.525014,0.830128,0.81106,1.254078,2.342
0.525014,0.823952,0.823935,1.11993,2.3495
0.471818,0.811077,0.796958,1.042423,2.366484
0.525014,0.797488,0.81106,0.988498,2.367679
0.525014,0.811077,0.81106,0.88174,2.358183
0.471818,0.775765,0.782631,0.771339,2.340613
0.471818,0.811077,0.823471,0.719476,2.309552
0.419254,0.811077,0.810078,0.694,2.270642
0.368461,0.797488,0.795922,0.693125,2.201188
0.320426,0.797488,0.795402,0.685674,2.103942
0.275918,0.823952,0.821604,0.684617,1.998306
0.275918,0.710081,0.715646,0.685066,1.878462
0.275918,0.736002,0.732882,0.690086,1.719183
0.23545,0.710081,0.714995,0.704893,1.582951
0.275918,0.718889,0.715646,0.706,1.526354
0.199283,0.710081,0.714343,0.723507,1.466416
0.23545,0.727528,0.732256,0.773545,1.385821
0.320426,0.673287,0.679943,0.813385,1.200032
0.275918,0.613974,0.620421,0.828553,1.042724
0.275918,0.613974,0.59989,0.840829,0.916238
0.199283,0.540374,0.513323,0.84875,0.79225
0.368461,0.49729,0.494942,0.881137,0.738229
0.368461,0.49729,0.494942,1.000537,0.712088
0.368461,0.475721,0.473386,1.085717,0.701007
0.419254,0.454246,0.45272,1.168705,0.686902
0.525014,0.370768,0.391199,1.262683,0.670721
0.525014,0.380896,0.370843,1.337574,0.646732
0.577649,0.35086,0.332243,1.424566,0.592665
0.628577,0.321957,0.314064,1.508375,0.584399
0.628577,0.29436,0.314064,1.593127,0.584399
0.6768,0.27675,0.278756,1.680327,0.584692
0.721536,0.27675,0.279399,1.788037,0.590702
0.628577,0.227993,0.229203,1.852024,0.618624
0.721536,0.213151,0.215387,1.91907,0.662924
0.471818,0.179185,0.185217,2.018202,0.663973
0.525014,0.128932,0.139014,2.044004,0.671601
0.525014,0.128932,0.129,2.044004,0.675
0.471818,0.128932,0.128641,2.044004,0.69644
0.368461,0.128932,0.127926,2.009866,0.736498
0.368461,0.128932,0.127926,1.932,0.784845
0.199283,0.19903,0.18234,1.901694,0.836754
0.23545,0.235681,0.196068,1.872911,0.919378
0.167456,0.27675,0.27174,1.851229,1.083498
0.139823,0.341091,0.325188,1.827847,1.195297
0.199283,0.422368,0.40653,1.76919,1.309648
0.167456,0.443565,0.447971,1.729127,1.40024
0.139823,0.475721,0.468606,1.583071,1.48002
0.139823,0.49729,0.53326,1.539906,1.518418
0.167456,0.582863,0.618159,1.525049,1.687568
0.167456,0.540374,0.534056,1.486988,1.824389
0.139823,0.593321,0.575882,1.482928,1.943898
0.199283,0.603692,0.618914,1.482928,2.025743
0.167456,0.624156,0.677154,1.483996,2.118609
0.23545,0.644182,0.639792,1.488316,2.127
0.23545,0.654016,0.639792,1.521573,2.142375
0.23545,0.727528,0.732256,1.611547,2.16293
0.199283,0.775765,0.764147,1.742504,2.16297
0.199283,0.760391,0.748236,1.794875,2.148018
0.275918,0.624156,0.640529,1.84774,2.109729
0.23545,0.701113,0.697083,2.00729,2.049953
0.23545,0.718889,0.697083,2.174512,1.992858
0.320426,0.624156,0.641265,2.19218,1.948666
0.275918,0.572329,0.557829,2.19218,1.913339
0.419254,0.49729,0.474183,2.19446,1.883166
0.419254,0.432936,0.45272,2.244048,1.835843
0.419254,0.391128,0.410393,2.207567,1.791642
0.419254,0.391128,0.389677,2.207567,1.727277
0.6768,0.341091,0.333663,2.222078,1.611746
0.721536,0.235681,0.245993,2.315901,1.45699
0.721536,0.27675,0.279399,2.400721,1.291924
0.762255,0.227993,0.230901,2.408333,1.169376
0.798681,0.259803,0.280688,2.417753,1.062302
0.798681,0.331454,0.335799,2.421405,1.024054
0.798681,0.370768,0.37533,2.41157,0.990101
0.798681,0.422368,0.395778,2.389732,0.929362
0.830765,0.370768,0.37608,2.324385,0.846966
0.798681,0.401458,0.395778,2.300394,0.778423
0.798681,0.370768,0.37533,2.214,0.710048
0.798681,0.443565,0.395778,2.088907,0.700646
0.798681,0.432936,0.416596,2.028752,0.692066
0.762255,0.401458,0.374581,1.979964,0.680463
0.762255,0.411871,0.415819,1.94118,0.69179
0.721536,0.518865,0.500537,1.913056,0.692093
0.762255,0.529633,0.544383,1.86082,0.692093
0.721536,0.49729,0.500537,1.853973,0.715222
0.6768,0.613974,0.564128,1.849682,0.747828
0.6768,0.624156,0.626425,1.846397,0.800559
0.628577,0.634229,0.645666,1.847529,0.898362
0.577649,0.66372,0.664446,1.840015,0.944074
0.577649,0.701113,0.683412,1.805868,1.0626
0.577649,0.783187,0.797991,1.779697,1.17085
0.577649,0.817604,0.81155,1.753125,1.26941
0.577649,0.823952,0.836548,1.729041,1.409434
0.577649,0.847621,0.848012,1.70116,1.533787
0.577649,0.858441,0.858807,1.674694,1.614249
0.471818,0.887099,0.895138,1.636001,1.7004
0.525014,0.895461,0.887075,1.537411,1.828482
0.577649,0.878157,0.887394,1.483645,1.936177
0.577649,0.899434,0.887394,1.444414,2.031931
0.525014,0.887099,0.887075,1.413713,2.13248
0.577649,0.847621,0.836548,1.310704,2.237101
0.525014,0.823952,0.83611,1.246959,2.292317
0.525014,0.83613,0.847599,1.214968,2.323686
0.471818,0.84196,0.85803,1.137523,2.339812
0.471818,0.823952,0.823471,0.99844,2.343885
0.419254,0.797488,0.79644,0.891433,2.343885
0.368461,0.783187,0.795922,0.863874,2.341281
0.320426,0.752436,0.765872,0.863874,2.321605
0.320426,0.710081,0.716297,0.863874,2.279005
0.275918,0.752436,0.732882,0.884453,2.195676
0.368461,0.701113,0.680639,0.921619,2.0876
0.23545,0.682713,0.67855,0.932813,1.989985
0.199283,0.673287,0.677852,0.933455,1.882399
0.199283,0.673287,0.658719,0.935612,1.782852
0.199283,0.593321,0.577443,0.939316,1.685092
0.23545,0.518865,0.535647,0.934615,1.60375
0.23545,0.518865,0.514122,0.932123,1.497944
0.23545,0.49729,0.492545,0.928063,1.385564
0.167456,0.401458,0.385125,0.924025,1.256585
0.139823,0.331454,0.325188,0.917184,1.13938
0.167456,0.243548,0.238946,0.88279,1.054328
0.167456,0.243548,0.238946,0.845702,0.990847
0.23545,0.19903,0.210033,0.806034,0.891427
0.167456,0.213151,0.208974,0.766374,0.789284
0.167456,0.166834,0.157569,0.756622,0.683361
0.167456,0.172922,0.16937,0.747844,0.621913
0.167456,0.18562,0.195062,0.740861,0.553459
0.199283,0.18562,0.18234,0.740861,0.521078
0.199283,0.206002,0.209503,0.740861,0.5182
0.199283,0.27675,0.272373,0.773197,0.5182
0.199283,0.27675,0.272373,0.852373,0.51996
0.199283,0.259803,0.255604,0.960142,0.539211
0.23545,0.370768,0.366379,1.041286,0.540448
0.419254,0.312609,0.311316,1.163224,0.541479
0.471818,0.370768,0.370098,1.243522,0.551892
0.419254,0.35086,0.349481,1.378322,0.565692
0.471818,0.35086,0.453512,1.473827,0.577
0.471818,0.486499,0.496541,1.555909,0.577959
0.471818,0.518865,0.496541,1.651249,0.614606
0.471818,0.603692,0.602956,1.759903,0.650536
0.577649,0.572329,0.541209,1.883003,0.675033
0.525014,0.561729,0.561768,2.034478,0.702047
0.525014,0.644182,0.644202,2.151644,0.736996
0.525014,0.644182,0.663733,2.223606,0.841686
0.628577,0.654016,0.645666,2.244176,0.880868
0.628577,0.710081,0.720179,2.254392,0.981795
0.628577,0.691987,0.702456,2.264011,1.150985
0.6768,0.654016,0.646397,2.300904,1.260966
0.721536,0.644182,0.647127,2.350405,1.3808
0.6768,0.644182,0.646397,2.35403,1.471591
0.721536,0.603692,0.586001,2.355507,1.51494
0.721536,0.613974,0.586001,2.355582,1.570444
0.762255,0.634229,0.627921,2.348468,1.698902
0.798681,0.572329,0.587551,2.277971,1.893592
0.798681,0.582863,0.587551,2.231628,1.923279
0.798681,0.540374,0.566485,2.220621,1.925637
0.798681,0.593321,0.587551,2.213205,1.925637
0.798681,0.518865,0.545176,2.205943,1.925637
0.798681,0.529633,0.5237,2.204964,1.903962
0.830765,0.49729,0.502935,2.206358,1.836629
0.858641,0.443565,0.460653,2.183694,1.777374
0.882574,0.411871,0.440078,2.161004,1.717954
0.858641,0.370768,0.376831,2.081025,1.59894
0.830765,0.360756,0.37608,1.962879,1.549382
0.762255,0.259803,0.262973,1.936499,1.489623
0.830765,0.27675,0.264214,1.902407,1.434572
0.762255,0.206002,0.201671,1.852442,1.386372
0.762255,0.192236,0.18813,1.638298,1.343925
0.830765,0.172922,0.176224,1.543218,1.29093
0.6768,0.133857,0.140166,1.449781,1.288
0.628577,0.102525,0.103177,1.317538,1.288
0.628577,0.106567,0.12972,1.236655,1.288
0.368461,0.119541,0.118601,1.154633,1.295125
0.320426,0.12416,0.12757,1.075876,1.311197
0.23545,0.133857,0.136734,0.977079,1.335534
0.199283,0.172922,0.157994,0.918945,1.35455
0.199283,0.160918,0.16982,0.872279,1.432202
0.23545,0.220482,0.224715,0.815179,1.529665
0.199283,0.285472,0.289814,0.798971,1.639092
0.199283,0.312609,0.307899,0.793545,1.704327
0.199283,0.321957,0.307899,0.790455,1.77037
0.139823,0.391128,0.404988,0.785391,1.826437
0.199283,0.380896,0.385882,0.78,1.925831
0.167456,0.454246,0.447971,0.78,2.0488
0.199283,0.49729,0.491746,0.78,2.101
0.199283,0.572329,0.556251,0.78825,2.108506
0.199283,0.561729,0.556251,0.831223,2.123584
0.199283,0.603692,0.618914,0.884849,2.172344
0.199283,0.603692,0.598354,0.905537,2.236708
0.199283,0.66372,0.658719,0.937775,2.3098
0.199283,0.644182,0.639055,0.985156,2.344
0.199283,0.644182,0.639055,1.103938,2.344
0.167456,0.66372,0.658,1.196882,2.344
0.320426,0.744306,0.733508,1.314254,2.3216
0.23545,0.718889,0.714995,1.416112,2.3
0.320426,0.775765,0.750039,1.526626,2.3
0.368461,0.775765,0.766444,1.606213,2.3
0.320426,0.783187,0.780995,1.668625,2.319656
0.368461,0.783187,0.781541,1.741336,2.328169
0.320426,0.768165,0.780995,1.79698,2.332044
0.419254,0.744306,0.767016,1.865297,2.344734
0.419254,0.83613,0.823006,1.913653,2.308197
0.471818,0.83613,0.835672,2.020715,2.201848
0.419254,0.823952,0.823006,2.180512,2.128994
0.525014,0.811077,0.797475,2.2119,2.087408
0.577649,0.811077,0.81155,2.21904,2.035092
0.628577,0.790429,0.798506,2.254486,1.962782
0.628577,0.752436,0.753618,2.306942,1.895115
0.628577,0.736002,0.737241,2.309885,1.810283
0.628577,0.727528,0.737241,2.31026,1.708519
0.6768,0.752436,0.754211,2.377813,1.450538
0.628577,0.736002,0.753618,2.385016,1.333125
0.628577,0.736002,0.720179,2.385016,1.242325
0.6768,0.718889,0.720823,2.383364,1.209527
0.6768,0.682713,0.684794,2.363852,1.185972
0.721536,0.644182,0.647127,2.355129,1.109942
0.721536,0.644182,0.647127,2.261286,1.004201
0.798681,0.644182,0.628667,2.217728,0.910864
0.721536,0.613974,0.606777,2.196627,0.808009
0.762255,0.529633,0.544383,2.152974,0.776667
0.798681,0.518865,0.5237,2.105493,0.775417
0.798681,0.508079,0.5237,2.04742,0.765203
0.830765,0.508079,0.502935,1.957994,0.745445
0.798681,0.464965,0.480564,1.91075,0.7315
0.798681,0.475721,0.480564,1.854917,0.730403
0.721536,0.475721,0.478968,1.738334,0.710856
0.721536,0.464965,0.478968,1.674004,0.698406
0.6768,0.391128,0.393486,1.56486,0.698406
0.628577,0.401458,0.392723,1.458461,0.698406
0.628577,0.422368,0.372337,1.36824,0.709482
0.525014,0.422368,0.433,1.299844,0.745748
0.525014,0.443565,0.454305,1.239679,0.782752
0.471818,0.432936,0.411167,1.179913,0.809976
0.471818,0.454246,0.432216,1.061272,0.834562
0.471818,0.432936,0.411167,0.9999,0.855384
0.368461,0.508079,0.559405,0.927834,0.912485
0.275918,0.360756,0.367121,0.89722,1.017011
0.320426,0.475721,0.472589,0.877013,1.11925
0.23545,0.486499,0.38664,0.8735,1.248915
0.199283,0.432936,0.448762,0.861051,1.285412
0.199283,0.464965,0.448762,0.838875,1.35275
0.23545,0.454246,0.428297,0.809401,1.399617
0.275918,0.432936,0.450344,0.803412,1.506992
0.275918,0.432936,0.42908,0.803412,1.586024
0.199283,0.341091,0.345855,0.803412,1.654639
0.199283,0.321957,0.307899,0.822653,1.734294
0.199283,0.259803,0.255604,0.852227,1.7926
0.199283,0.259803,0.239528,0.876379,1.826366
0.199283,0.206002,0.195565,0.900148,1.920531
0.23545,0.220482,0.224715,0.924337,1.974432
0.23545,0.179185,0.170271,0.932146,1.974515
0.23545,0.172922,0.15842,0.950157,1.974515
0.23545,0.155173,0.147247,0.981043,1.970588
0.275918,0.119541,0.127215,1.020388,1.91168
0.419254,0.128932,0.118936,1.064937,1.837703
0.525014,0.102525,0.102587,1.123632,1.802688
0.525014,0.102525,0.102587,1.214471,1.782452
0.525014,0.102525,0.102587,1.29325,1.759612
0.525014,0.192236,0.102587,1.370678,1.701173
0.6768,0.206002,0.200644,1.470953,1.612375
0.762255,0.213151,0.215928,1.61114,1.466047
0.762255,0.227993,0.215928,1.719969,1.408259
0.830765,0.27675,0.264214,1.80333,1.386302
0.798681,0.29436,0.298443,1.946771,1.36838
0.830765,0.268192,0.264214,2.056198,1.265407
0.798681,0.341091,0.316826,2.149972,1.207
0.798681,0.411871,0.416596,2.163,1.207
0.830765,0.443565,0.438503,2.163,1.207
0.830765,0.454246,0.459858,2.1648,1.234
0.830765,0.529633,0.545968,2.18348,1.283234
0.798681,0.603692,0.587551,2.23111,1.337656
0.798681,0.551073,0.502136,2.228083,1.457847
0.798681,0.540374,0.545176,2.260342,1.521865
0.762255,0.561729,0.544383,2.293562,1.667056
0.762255,0.551073,0.5657,2.291484,1.800958
0.762255,0.624156,0.607539,2.3135,1.892314
0.762255,0.634229,0.647857,2.274823,1.949581
0.762255,0.644182,0.647857,2.253623,2.003899
0.762255,0.66372,0.667292,2.226338,2.043549
0.721536,0.66372,0.685484,2.211,2.067425
0.762255,0.790429,0.739094,2.162464,2.129758
0.6768,0.673287,0.684794,2.122246,2.168887
0.6768,0.710081,0.703124,2.051656,2.219805
0.628577,0.673287,0.665159,1.807939,2.3185
0.628577,0.644182,0.665159,1.723602,2.32491
0.628577,0.673287,0.684104,1.632496,2.344888
0.628577,0.768165,0.769294,1.56425,2.352524
0.577649,0.736002,0.753024,1.40916,2.374421
0.471818,0.775765,0.796958,1.304213,2.41577
0.471818,0.752436,0.767587,1.199323,2.41577
0.471818,0.783187,0.767587,1.098438,2.41577
0.419254,0.863607,0.85764,1.010895,2.40409
0.419254,0.718889,0.717594,0.9229,2.38235
0.419254,0.736002,0.734756,0.848576,2.365177
0.320426,0.768165,0.750039,0.803493,2.3399
0.23545,0.682713,0.697083,0.745562,2.29917
0.275918,0.718889,0.715646,0.726246,2.273313
0.23545,0.682713,0.659438,0.726246,2.203736
0.320426,0.624156,0.600657,0.72179,2.103765
0.23545,0.634229,0.619667,0.715,2.030773
0.275918,0.593321,0.59989,0.715,1.935369
0.199283,0.603692,0.598354,0.710757,1.857951
0.167456,0.572329,0.576663,0.683375,1.788708
0.199283,0.518865,0.534852,0.682,1.72943
0.199283,0.454246,0.448762,0.682,1.622969
0.23545,0.411871,0.428297,0.682517,1.541942
0.23545,0.454246,0.407302,0.737913,1.475653
0.23545,0.401458,0.38664,0.813258,1.391375
0.23545,0.259803,0.273007,0.874508,1.325185
0.23545,0.312609,0.290472,0.916816,1.235125
0.23545,0.259803,0.256213,0.95693,1.167514
0.199283,0.220482,0.224158,0.97,0.971085
0.23545,0.172922,0.170271,0.97,0.8767
0.320426,0.149599,0.148052,0.911344,0.801383
0.320426,0.138943,0.137491,0.707912,0.780272
0.368461,0.138943,0.127926,0.624999,0.777237
0.368461,0.119541,0.118601,0.624999,0.774778
0.368461,0.128932,0.127926,0.697079,0.772033
0.275918,0.110746,0.101124,1.457202,0.766036
0.368461,0.133857,0.13787,1.613662,0.765
0.320426,0.149599,0.148052,1.70318,0.765
0.320426,0.18562,0.183774,1.794024,0.766
0.419254,0.18562,0.198092,1.868358,0.784375
0.471818,0.19903,0.185217,1.936242,0.828258
0.471818,0.243548,0.227512,2.028506,0.925577
0.419254,0.251587,0.258658,2.077565,0.974562
0.320426,0.341091,0.328706,2.155155,1.00738
0.419254,0.391128,0.369353,2.224,1.036794
0.471818,0.391128,0.390438,2.241113,1.162308
0.368461,0.475721,0.494942,2.257504,1.28217
0.368461,0.518865,0.516518,2.251712,1.328587
0.471818,0.518865,0.539621,2.240696,1.37475
0.471818,0.603692,0.582117,2.239218,1.411581
0.471818,0.624156,0.623428,2.22764,1.63408
0.525014,0.603692,0.603721,2.245336,1.724482
0.577649,0.66372,0.644934,2.246732,1.7518
0.525014,0.624156,0.644202,2.239,1.848625
0.525014,0.718889,0.663733,2.239,1.917439
0.525014,0.644182,0.644202,2.236875,1.956647
0.577649,0.603692,0.624928,2.2315,2.021099
0.628577,0.603692,0.625677,2.2319,2.068826
0.6768,0.593321,0.606013,2.230867,2.085113
0.6768,0.613974,0.606013,2.220019,2.088552
0.762255,0.624156,0.627921,2.209625,2.09371
0.721536,0.66372,0.685484,2.186294,2.064872
0.721536,0.654016,0.666581,2.159501,2.007232
0.762255,0.66372,0.667292,2.148448,1.978023
0.762255,0.727528,0.722108,1.997584,1.952858
0.762255,0.66372,0.667292,1.869043,1.915195
0.762255,0.624156,0.627921,1.800008,1.883536
0.762255,0.593321,0.607539,1.770494,1.853877
0.721536,0.551073,0.564914,1.747953,1.808786
0.798681,0.529633,0.545176,1.725269,1.634823
0.762255,0.508079,0.522902,1.694616,1.530409
0.798681,0.508079,0.459064,1.674245,1.449236
0.798681,0.518865,0.5237,1.620693,1.34125
0.798681,0.443565,0.437716,1.561625,1.287558
0.762255,0.454246,0.458271,1.484638,1.244194
0.798681,0.380896,0.37533,1.458751,1.22092
0.798681,0.391128,0.37533,1.382374,1.1825
0.762255,0.475721,0.479766,1.283375,1.1825
0.762255,0.391128,0.374581,1.223403,1.1825
0.762255,0.321957,0.316134,1.129865,1.201817
0.721536,0.251587,0.262354,1.048971,1.336842
0.6768,0.251587,0.261735,1.030913,1.429277
0.721536,0.243548,0.245993,0.994101,1.506426
0.721536,0.235681,0.262354,0.921868,1.550251
0.320426,0.179185,0.183774,0.811931,1.5958
0.23545,0.243548,0.240111,0.709679,1.646025
0.320426,0.268192,0.257434,0.632326,1.682212
0.275918,0.259803,0.256823,0.617,1.704194
0.368461,0.341091,0.329412,0.617,1.741856
0.368461,0.360756,0.329412,0.617855,1.75081
0.23545,0.432936,0.428297,0.655855,1.7528
0.275918,0.518865,0.514921,0.7451,1.756607
0.275918,0.529633,0.493344,0.773883,1.77475
0.275918,0.49729,0.493344,0.7805,1.865842
0.368461,0.593321,0.601424,0.785764,1.910173
0.368461,0.613974,0.621925,0.81335,1.962177
0.320426,0.752436,0.750039,0.874501,2.0167
0.23545,0.847621,0.845105,0.8855,2.029026
0.419254,0.783187,0.782086,0.975005,2.080464
0.471818,0.775765,0.767587,1.10797,2.157186
0.471818,0.83613,0.823471,1.176486,2.18768
0.525014,0.823952,0.823935,1.252857,2.18768
0.471818,0.811077,0.81057,1.341824,2.187252
0.471818,0.811077,0.796958,1.425641,2.172163
0.525014,0.718889,0.736,1.522729,2.050063
0.577649,0.736002,0.736621,1.613042,2.005408
0.6768,0.727528,0.812526,1.720532,1.978706
0.628577,0.682713,0.702456,1.81899,1.943465
0.628577,0.682713,0.665159,1.93425,1.888662
0.721536,0.701113,0.703791,2.059577,1.766413
0.762255,0.66372,0.647857,2.082662,1.580977
0.762255,0.613974,0.627921,2.090819,1.466968
0.762255,0.572329,0.5657,2.094,1.402717
0.762255,0.593321,0.586776,2.094,1.281259
0.798681,0.613974,0.608301,2.094,1.214094
0.721536,0.518865,0.522105,2.0933,1.137782
0.721536,0.49729,0.500537,2.062937,0.937762
0.721536,0.518865,0.500537,1.976603,0.881699
0.762255,0.551073,0.5657,1.879982,0.818354
0.577649,0.475721,0.476575,1.808817,0.793382
0.525014,0.49729,0.49734,1.73667,0.74556
0.471818,0.454246,0.453512,1.670466,0.677953
0.419254,0.551073,0.517316,1.575809,0.677938
0.471818,0.411871,0.411167,1.422702,0.677938
0.419254,0.259803,0.275553,1.364783,0.678813
0.471818,0.303407,0.330826,1.28781,0.70785
0.23545,0.268192,0.273007,1.20515,0.732308
0.23545,0.251587,0.256213,1.10334,0.821214
0.167456,0.303407,0.307218,1.01125,0.882178
0.167456,0.360756,0.364895,1.00257,0.989117
0.199283,0.391128,0.40653,0.996147,1.122099
0.139823,0.432936,0.447181,0.986191,1.213696
0.139823,0.49729,0.554672,0.9651,1.333223
0.167456,0.486499,0.469402,0.889154,1.422904
0.167456,0.508079,0.490946,0.828477,1.490689
0.199283,0.582863,0.577443,0.769596,1.611005
0.23545,0.551073,0.578223,0.735284,1.726777
0.167456,0.475721,0.469402,0.735284,1.811
0.139823,0.464965,0.447181,0.735284,1.811
0.139823,0.432936,0.42595,0.768144,1.8078
0.23545,0.35086,0.346579,0.889098,1.795148
0.199283,0.27675,0.255604,0.991207,1.74373
0.23545,0.160918,0.15842,1.062202,1.694352
0.199283,0.144189,0.136357,1.198123,1.584168
0.275918,0.144189,0.137112,1.27692,1.531059
0.368461,0.128932,0.13787,1.370432,1.531059
0.577649,0.144189,0.15008,1.5022,1.531059
0.525014,0.144189,0.129,1.743717,1.532549
0.6768,0.206002,0.214848,1.915352,1.539215
0.798681,0.220482,0.21647,1.978192,1.54612
0.798681,0.235681,0.23147,2.030642,1.557506
0.830765,0.251587,0.247776,2.061671,1.5869
0.830765,0.251587,0.417373,2.069981,1.608
0.830765,0.432936,0.438503,2.089392,1.608
0.830765,0.432936,0.438503,2.146261,1.608
0.798681,0.464965,0.459064,2.215875,1.470439
0.798681,0.454246,0.459064,2.228214,1.385256
0.798681,0.464965,0.480564,2.232817,1.314007
0.762255,0.464965,0.458271,2.2386,1.211586
0.721536,0.518865,0.500537,2.23947,1.171508
0.721536,0.508079,0.522105,2.243756,1.131515
0.6768,0.529633,0.542796,2.287576,1.112805
0.628577,0.572329,0.645666,2.327423,1.098983
0.628577,0.603692,0.625677,2.340924,1.102057
0.628577,0.624156,0.60525,2.3445,1.151342
0.577649,0.613974,0.719534,2.347746,1.258666
0.471818,0.66372,0.643468,2.348828,1.385797
0.419254,0.66372,0.699776,2.343582,1.485774
0.419254,0.710081,0.662304,2.337597,1.530312
0.471818,0.744306,0.700448,2.294232,1.635244
0.368461,0.768165,0.766444,2.265861,1.783458
0.275918,0.768165,0.765298,2.252401,1.975265
0.320426,0.736002,0.733508,2.234504,2.140279
0.23545,0.752436,0.732256,2.13849,2.153414
0.275918,0.66372,0.679247,2.061385,2.162104
0.275918,0.654016,0.660156,1.998655,2.165074
0.23545,0.624156,0.639792,1.813461,2.165123
0.199283,0.644182,0.639055,1.676383,2.172348
0.167456,0.644182,0.618159,1.569211,2.210235
0.275918,0.561729,0.579003,1.467801,2.294539
0.320426,0.582863,0.579782,1.394789,2.340033
0.320426,0.551073,0.558617,1.216766,2.342333
0.419254,0.49729,0.517316,1.049773,2.342333
0.471818,0.411871,0.411167,0.947618,2.339808
0.471818,0.454246,0.432216,0.879427,2.321641
0.525014,0.35086,0.370843,0.872672,2.283328
0.471818,0.370768,0.370098,0.872672,2.190415
0.471818,0.35086,0.370098,0.872872,2.115591
0.721536,0.380896,0.394249,0.910798,2.017256
0.762255,0.49729,0.501337,1.018842,1.902535
0.762255,0.49729,0.522902,1.061192,1.770364
0.798681,0.593321,0.587551,1.086956,1.612923
0.798681,0.603692,0.628667,1.108653,1.487865
0.762255,0.66372,0.647857,1.126463,1.390863
0.762255,0.691987,0.686173,1.181079,1.260415
0.798681,0.682713,0.686861,1.286133,1.097782
0.762255,0.66372,0.686173,1.344419,0.987554
0.798681,0.691987,0.705122,1.366323,0.937393
0.798681,0.691987,0.705122,1.400078,0.824269
0.798681,0.682713,0.686861,1.459769,0.765497
0.798681,0.682713,0.705122,1.559312,0.754746
0.798681,0.701113,0.686861,1.665313,0.754746
0.762255,0.718889,0.722108,1.732027,0.756546
0.798681,0.701113,0.705122,1.787767,0.797702
0.798681,0.710081,0.705122,1.882346,0.842733
0.762255,0.691987,0.704457,1.92107,0.906966
0.762255,0.701113,0.686173,1.92107,0.957192
