0.789474,0.764708,0.816438,0.470154,1.145548
0.789474,0.764708,0.816438,0.627738,1.527902
0.789474,0.764708,0.816438,0.628008,1.528916
0.789474,0.764708,0.816438,0.62901,1.533211
0.789474,0.764708,0.816438,0.629446,1.534519
0.789474,0.764708,0.816438,0.629679,1.535785
0.789474,0.764708,0.816438,0.641217,1.548319
0.789474,0.756304,0.816438,0.688764,1.609734
0.789474,0.756304,0.816438,0.729402,1.639558
0.736842,0.512604,0.704795,0.732395,1.641161
0.789474,0.672269,0.742466,0.735388,1.642763
0.736842,0.613447,0.649315,0.738381,1.644365
0.736842,0.588235,0.649315,0.737563,1.645667
0.736842,0.596639,0.649315,0.7325,1.645767
0.736842,0.613447,0.667808,0.7325,1.645767
0.736842,0.630252,0.667808,0.7325,1.645883
0.736842,0.680674,0.723288,0.734895,1.651861
0.736842,0.663865,0.723288,0.764145,1.674811
0.736842,0.672269,0.704795,0.78789,1.708591
0.736842,0.638656,0.686301,0.788578,1.739563
0.736842,0.630252,0.667808,0.788578,1.769506
0.736842,0.605043,0.667808,0.790709,1.810426
0.736842,0.57143,0.667808,0.807125,1.917687
0.736842,0.647061,0.686301,0.811,2.00006
0.789474,0.596639,0.631507,0.811,2.091174
0.789474,0.579834,0.631507,0.829875,2.161599
0.789474,0.579834,0.613014,0.899094,2.238478
0.789474,0.554622,0.594521,0.979011,2.299194
0.842105,0.57143,0.613699,1.047508,2.360466
0.894737,0.470591,0.503425,1.12433,2.416999
0.842105,0.428573,0.465753,1.243702,2.416999
0.894737,0.428573,0.466438,1.416093,2.416999
0.947368,0.344539,0.374658,1.516627,2.397707
0.947368,0.336135,0.337671,1.587385,2.318123
0.947368,0.285717,0.300685,1.667587,2.306604
0.894737,0.2521,0.263014,1.783681,2.303405
0.842105,0.201682,0.206849,1.883292,2.283668
0.842105,0.168069,0.188356,1.991107,2.24595
0.719298,0.140058,0.155936,2.122059,2.197148
0.596491,0.112046,0.123516,2.296283,2.021788
0.473684,0.084035,0.091096,2.340029,1.943104
0.368421,0.100839,0.089726,2.385665,1.880874
0.368421,0.109244,0.089726,2.417803,1.820991
0.263158,0.151261,0.143836,2.4235,1.754939
0.210526,0.159665,0.161644,2.4235,1.65648
0.210526,0.2521,0.25411,2.425025,1.574733
0.210526,0.2437,0.25411,2.424113,1.418064
0.157895,0.302522,0.308904,2.421747,1.274304
0.157895,0.336135,0.327397,2.410107,1.189625
0.105263,0.31933,0.326712,2.369103,1.037329
0.157895,0.420169,0.438356,2.336332,0.966889
0.157895,0.445378,0.493836,2.306567,0.848068
0.210526,0.487396,0.513014,2.282697,0.779946
0.105263,0.462187,0.567123,2.235256,0.778571
0.052631,0.512604,0.566438,2.181379,0.778571
0.065789,0.544117,0.594349,2.139053,0.7855
0.078947,0.57563,0.62226,2.111544,0.793801
0.092105,0.607143,0.650171,2.091878,0.82317
0.105263,0.638656,0.678082,2.004725,0.856151
0.105263,0.605043,0.659589,1.881206,0.879206
0.157895,0.62185,0.669521,1.856857,0.889473
0.210526,0.638656,0.679452,1.804773,0.977974
0.157895,0.638656,0.678767,1.707788,1.137617
0.210526,0.613446,0.651712,1.674784,1.265011
0.263158,0.588235,0.624658,1.620798,1.379813
0.368421,0.563026,0.570548,1.567395,1.455148
0.368421,0.546218,0.570548,1.51265,1.497015
0.473684,0.4958,0.534932,1.376734,1.611023
0.368421,0.4958,0.552055,1.298278,1.701726
0.368421,0.436974,0.459589,1.287828,1.732144
0.473684,0.453782,0.479452,1.2051,1.883583
0.578947,0.470591,0.499315,1.104786,1.991347
0.631579,0.453782,0.5,1.022818,2.039301
0.684211,0.512604,0.426712,0.917599,2.046625
0.736842,0.428573,0.427397,0.818485,2.04777
0.789474,0.436974,0.465068,0.767316,2.04852
0.894737,0.453782,0.484932,0.738375,2.04993
0.842105,0.529413,0.576712,0.732,2.051298
0.842105,0.537817,0.576712,0.732,2.05168
0.842105,0.554622,0.595205,0.732,2.058744
0.842105,0.537817,0.595205,0.740875,2.139437
0.842105,0.563026,0.595205,0.8145,2.193
0.894737,0.537817,0.577397,0.891517,2.205943
0.894737,0.487396,0.540411,0.982367,2.210273
0.894737,0.428573,0.447945,1.098157,2.210273
0.894737,0.453782,0.503425,1.180414,2.219433
0.842105,0.428573,0.428767,1.226543,2.239283
0.894737,0.436974,0.447945,1.299214,2.240921
0.842105,0.378152,0.410274,1.380441,2.242053
0.842105,0.386556,0.410274,1.495895,2.229781
0.842105,0.344539,0.373288,1.594152,2.227781
0.842105,0.327731,0.336301,1.677611,2.227781
0.842105,0.2521,0.262329,1.762536,2.234711
0.736842,0.235294,0.242466,1.841866,2.224924
0.631579,0.218487,0.222603,1.896037,2.162524
0.631579,0.168069,0.185616,1.951382,2.121777
0.684211,0.184874,0.167808,2.166241,2.070373
0.561404,0.17367,0.178539,2.213458,1.948813
0.438596,0.162465,0.189269,2.24299,1.802099
0.315789,0.151261,0.2,2.268028,1.717129
0.263158,0.201682,0.217808,2.304598,1.563885
0.210526,0.201682,0.19863,2.286538,1.39508
0.105263,0.285717,0.271233,2.265447,1.283158
0.157895,0.302522,0.308904,2.265447,1.213088
0.210526,0.352943,0.346575,2.234347,1.165741
0.263158,0.369748,0.384247,2.221632,1.11275
0.18421,0.411765,0.429452,2.212763,1.016652
0.105263,0.453782,0.474658,2.188644,0.948251
0.157895,0.470591,0.512329,2.14726,0.903449
0.157895,0.4958,0.549315,2.088056,0.887447
0.105263,0.537817,0.659589,1.963638,0.818845
0.157895,0.546218,0.567808,1.898961,0.780154
0.210526,0.647061,0.697945,1.841954,0.727986
0.210526,0.647061,0.660959,1.714956,0.664965
0.315789,0.663865,0.717808,1.58711,0.664556
0.315789,0.683474,0.736301,1.523125,0.664556
0.315789,0.703082,0.754795,1.438621,0.664556
0.315789,0.722691,0.773288,1.364271,0.690063
0.368421,0.689078,0.736986,1.329895,0.730993
0.368421,0.756304,0.755479,1.284144,0.740929
0.473684,0.756304,0.849315,1.25027,0.751883
0.421053,0.7479,0.811644,1.187824,0.81158
0.368421,0.722691,0.773973,1.090233,0.882933
0.421053,0.764706,0.811644,1.011027,1.04799
0.473684,0.806722,0.849315,0.972138,1.218255
0.526316,0.739496,0.813014,0.953723,1.272699
0.526316,0.739496,0.813014,0.941327,1.35861
0.578947,0.722691,0.795205,0.916862,1.445426
0.578947,0.672269,0.721233,0.885748,1.549327
0.578947,0.663865,0.721233,0.854,1.664223
0.578947,0.647061,0.70274,0.854,1.744025
0.684211,0.655465,0.70411,0.854,1.850405
0.684211,0.655465,0.685616,0.860657,1.939483
0.684211,0.605043,0.667123,0.91122,1.993789
0.789474,0.596639,0.65,0.952218,2.072791
0.736842,0.563026,0.593836,0.978891,2.148647
0.842105,0.529413,0.576712,1.034834,2.254109
0.789474,0.554622,0.557534,1.071393,2.307584
0.842105,0.4958,0.484247,1.120201,2.308827
0.842105,0.663865,0.539726,1.246525,2.308827
0.894737,0.436974,0.447945,1.380336,2.308827
0.894737,0.403361,0.410959,1.449557,2.30435
0.842105,0.403361,0.428767,1.517543,2.290747
0.842105,0.310926,0.336301,1.607722,2.281936
0.842105,0.302522,0.299315,1.708015,2.275905
0.789474,0.268908,0.280137,1.801946,2.272611
0.684211,0.226891,0.241781,1.915015,2.256027
0.684211,0.193278,0.186301,1.965777,2.216189
0.631579,0.151261,0.167123,2.003924,2.130073
0.605263,0.147059,0.139041,2.109426,1.963346
0.578947,0.142857,0.110959,2.135407,1.88225
0.447368,0.142857,0.12774,2.166542,1.813289
0.315789,0.142857,0.144521,2.219991,1.623219
0.210526,0.218487,0.217123,2.286597,1.540799
0.105263,0.260504,0.308219,2.293539,1.501975
0.210526,0.285717,0.291096,2.293539,1.42015
0.210526,0.403361,0.25411,2.292857,1.337546
0.105263,0.31933,0.326712,2.257588,1.283595
0.157895,0.369748,0.382877,2.197588,1.243439
0.131579,0.399161,0.419521,2.165732,1.153917
0.105263,0.428573,0.456164,2.121866,1.052026
0.157895,0.462187,0.456849,2.080875,0.982705
0.263158,0.470591,0.495205,2.046801,0.915809
0.210526,0.529413,0.568493,1.994019,0.868627
0.315789,0.605043,0.643836,1.913916,0.858232
0.263158,0.596639,0.624658,1.859677,0.846639
0.210526,0.588235,0.605479,1.795877,0.836258
0.210526,0.647061,0.679452,1.677166,0.827119
0.263158,0.663865,0.69863,1.617564,0.827119
0.263158,0.630252,0.661644,1.566655,0.835897
0.263158,0.605043,0.661644,1.54884,0.86015
0.263158,0.621848,0.661644,1.543474,0.901967
0.263158,0.655465,0.69863,1.522444,1.098124
0.210526,0.680674,0.716438,1.509386,1.221255
0.210526,0.672269,0.716438,1.522768,1.293236
0.315789,0.621848,0.662329,1.520511,1.381896
0.421053,0.621848,0.645205,1.517531,1.476918
0.421053,0.596639,0.645205,1.52141,1.538096
0.368421,0.563026,0.589041,1.530089,1.635496
0.421053,0.537817,0.571233,1.540613,1.814465
0.473684,0.521009,0.553425,1.532604,1.927508
0.473684,0.453782,0.497945,1.521799,2.019524
0.473684,0.428573,0.460959,1.506087,2.109458
0.526316,0.344539,0.369178,1.485885,2.171875
0.526316,0.31933,0.332192,1.439345,2.196988
0.526316,0.285717,0.313699,1.367216,2.208676
0.578947,0.268908,0.29589,1.33154,2.217395
0.684211,0.302522,0.334247,1.244281,2.298011
0.684211,0.285717,0.29726,1.197982,2.328988
0.736842,0.294117,0.297945,1.121806,2.328988
0.842105,0.327731,0.336301,1.068148,2.328988
0.842105,0.294117,0.299315,1.032719,2.313067
0.842105,0.310926,0.336301,1.01146,2.233947
0.842105,0.361344,0.391781,0.973273,2.17122
0.894737,0.403361,0.429452,0.914772,2.08779
0.894737,0.411765,0.429452,0.881567,2.0343
0.842105,0.428573,0.44726,0.87617,1.961411
0.842105,0.470591,0.50274,0.877661,1.872879
0.789474,0.445378,0.483562,0.891965,1.835592
0.842105,0.537817,0.576712,0.910922,1.725427
0.789474,0.57143,0.631507,0.957616,1.608216
0.789474,0.57143,0.613014,0.971298,1.497575
0.789474,0.596639,0.631507,0.971298,1.378433
0.736842,0.567228,0.603082,0.974523,1.266045
0.684211,0.537817,0.574658,0.983621,1.134455
0.684211,0.588235,0.611644,0.985554,1.075273
0.578947,0.663865,0.70274,0.985554,1.033479
0.578947,0.672269,0.70274,1.006722,0.993398
0.578947,0.689078,0.758219,1.041714,0.916009
0.526316,0.773109,0.831507,1.08408,0.821915
0.578947,0.722691,0.795205,1.160699,0.751731
0.526316,0.815126,0.923973,1.224621,0.6777
0.473684,0.773109,0.830822,1.275275,0.621171
0.526316,0.739496,0.794521,1.385335,0.598559
0.473684,0.756304,0.830822,1.471256,0.598559
0.473684,0.781513,0.830822,1.56004,0.591156
0.421053,0.815126,0.867123,1.635239,0.583392
0.421053,0.773109,0.830137,1.724281,0.583392
0.473684,0.756304,0.812329,1.820388,0.610174
0.447368,0.739497,0.80274,1.940623,0.633737
0.421053,0.722691,0.793151,2.121266,0.646026
0.315789,0.705883,0.754795,2.168158,0.676663
0.263158,0.680674,0.717123,2.172834,0.714814
0.210526,0.647061,0.697945,2.187679,0.787366
0.157895,0.672269,0.715753,2.196969,0.886741
0.157895,0.663865,0.715753,2.214089,0.990678
0.157895,0.638656,0.678767,2.285338,1.046964
0.210526,0.613447,0.642466,2.346696,1.184193
0.210526,0.579834,0.623973,2.38151,1.327104
0.210526,0.57143,0.586986,2.38788,1.449346
0.210526,0.512604,0.531507,2.38963,1.525586
0.157895,0.478991,0.493836,2.408974,1.579482
0.052631,0.445378,0.455479,2.403505,1.67091
0.157895,0.411765,0.438356,2.402067,1.768292
0.157895,0.403361,0.40137,2.387565,1.868066
0.105263,0.344539,0.345205,2.376047,1.954604
0.210526,0.327731,0.328082,2.322885,2.053014
0.157895,0.285717,0.271918,2.309375,2.145
0.157895,0.260504,0.234932,2.290849,2.152154
0.157895,0.193278,0.234932,2.227361,2.166375
0.210526,0.134456,0.124658,2.180372,2.182929
0.157895,0.092439,0.086986,2.14557,2.302369
0.210526,0.117648,0.106164,1.9576,2.35633
0.315789,0.07563,0.070548,1.822647,2.400735
0.368421,0.100839,0.089726,1.681009,2.503766
0.421053,0.084035,0.090411,1.572166,2.523101
0.526316,0.084035,0.091781,1.477497,2.535
0.578947,0.126052,0.129452,1.411185,2.535
0.68421,0.151261,0.158562,1.331029,2.53189
0.789474,0.17647,0.187671,1.195841,2.510502
0.842105,0.210086,0.206849,1.102721,2.478406
0.894737,0.218487,0.226027,1.053409,2.45506
0.894737,0.235295,0.244521,0.971715,2.446882
0.894737,0.327731,0.355479,0.959049,2.432076
0.842105,0.352943,0.354795,0.959049,2.363126
0.894737,0.344539,0.373973,0.959049,2.315355
0.894737,0.403361,0.429452,0.980256,2.270155
0.894737,0.428573,0.447945,1.071934,2.201172
0.894737,0.420169,0.429452,1.119267,2.159455
0.894737,0.411765,0.429452,1.186946,2.05405
0.894737,0.436974,0.466438,1.221255,1.935218
0.789474,0.386556,0.409589,1.24642,1.833378
0.789474,0.369748,0.391096,1.298656,1.710625
0.736842,0.352943,0.390411,1.367028,1.631637
0.684211,0.39496,0.426712,1.455794,1.589636
0.631579,0.39496,0.426027,1.552246,1.551863
0.578947,0.403361,0.425342,1.671495,1.499604
0.473684,0.428573,0.442466,1.796371,1.451361
0.473684,0.436974,0.460959,1.847,1.370621
0.421053,0.403361,0.423288,1.874929,1.283058
0.368421,0.436974,0.459589,1.891012,1.184306
0.368421,0.453782,0.478082,1.915354,1.126941
0.315789,0.445378,0.477397,1.952511,1.074707
0.210526,0.453782,0.476027,1.995545,0.986439
0.315789,0.487396,0.49589,2.004023,0.884412
0.421053,0.57143,0.626712,2.0085,0.782277
0.315789,0.57143,0.606849,2.0085,0.718208
0.210526,0.57143,0.586986,1.973024,0.690895
0.263158,0.579834,0.606164,1.918042,0.668698
0.210526,0.596639,0.642466,1.844803,0.648269
0.263158,0.630252,0.680137,1.793926,0.616022
0.157895,0.647061,0.641781,1.741843,0.577998
0.18421,0.659665,0.67911,1.681069,0.577998
0.210526,0.672269,0.716438,1.630529,0.577998
0.210526,0.756304,0.808904,1.575998,0.582294
0.210526,0.756304,0.808904,1.548325,0.6457
0.263158,0.756304,0.791096,1.512303,0.68756
0.263158,0.764708,0.809589,1.434011,0.747772
0.315789,0.756304,0.810274,1.364426,0.824949
0.315789,0.756304,0.810274,1.294204,0.883469
0.368421,0.731095,0.773973,1.22134,0.963317
0.421053,0.722691,0.774658,1.176049,1.049583
0.368421,0.705883,0.773973,1.167815,1.150743
0.421053,0.714287,0.756164,1.145275,1.283988
0.421053,0.714287,0.756164,1.121271,1.401872
0.526316,0.672269,0.739041,1.097759,1.478505
0.578947,0.655465,0.721233,1.02874,1.51293
0.578947,0.663865,0.70274,0.946138,1.599027
0.684211,0.596639,0.64863,0.872708,1.704783
0.701754,0.599441,0.648858,0.850114,1.756437
0.719298,0.602242,0.649087,0.850114,1.821006
0.736842,0.605043,0.649315,0.850114,1.87917
0.684211,0.579834,0.630137,0.851131,1.987774
0.789474,0.579834,0.631507,0.877856,2.054277
0.789474,0.554622,0.594521,0.903959,2.126675
0.789474,0.546218,0.576027,0.905671,2.23125
0.842105,0.504204,0.539726,0.91871,2.329125
0.842105,0.563026,0.595205,0.976721,2.3535
0.789474,0.512604,0.557534,1.065406,2.356722
0.894737,0.462187,0.484932,1.180706,2.365075
0.894737,0.462187,0.503425,1.286242,2.374625
0.894737,0.386556,0.410959,1.354555,2.369392
0.894737,0.361344,0.392466,1.424214,2.363758
0.894737,0.361344,0.373973,1.531944,2.353743
0.842105,0.302522,0.336301,1.652106,2.339447
0.789474,0.277313,0.29863,1.712912,2.256192
0.789474,0.285717,0.29863,1.753399,2.202051
0.789474,0.268908,0.169178,1.782723,2.171149
0.789474,0.168069,0.169178,1.834915,2.141401
0.736842,0.142857,0.15,1.876727,2.067839
0.631579,0.109244,0.111644,2.036207,2.002164
0.631579,0.17647,0.130137,2.201535,1.949403
0.552632,0.155463,0.138356,2.267185,1.884363
0.473684,0.134456,0.146575,2.269,1.806422
0.421053,0.168069,0.164384,2.279027,1.658846
0.342105,0.193278,0.191096,2.322945,1.432111
0.263158,0.218487,0.217808,2.338721,1.395119
0.263158,0.2521,0.291781,2.313897,1.363834
0.157895,0.277313,0.253425,2.27181,1.290125
0.263158,0.336135,0.365753,2.26359,1.171375
0.157895,0.378152,0.40137,2.247787,1.066525
0.210526,0.369748,0.402055,2.24565,0.961088
0.157895,0.378152,0.40137,2.214356,0.934199
0.157895,0.487396,0.530822,2.172039,0.902945
0.157895,0.512604,0.530822,2.140348,0.866831
0.105263,0.537817,0.54863,2.043043,0.807922
0.157895,0.588235,0.623288,1.958097,0.754906
0.157895,0.57143,0.586301,1.905766,0.716856
0.157895,0.546218,0.567808,1.821628,0.684061
0.210526,0.596639,0.586986,1.741789,0.677147
0.210526,0.621848,0.660959,1.667382,0.677147
0.157895,0.689078,0.678767,1.59545,0.677147
0.210526,0.697478,0.753425,1.560277,0.678728
0.263158,0.689078,0.735616,1.500914,0.764204
0.210526,0.705883,0.753425,1.456709,0.816349
0.315789,0.689078,0.736301,1.386934,0.850336
0.315789,0.680674,0.717808,1.27994,0.92903
0.421053,0.773109,0.811644,1.163679,0.992177
0.421053,0.689078,0.719178,1.147347,1.068094
0.421053,0.705883,0.737671,1.136791,1.220375
0.421053,0.689078,0.737671,1.108395,1.304556
0.421053,0.672269,0.719178,1.10075,1.407255
0.526316,0.672269,0.702055,1.10075,1.55849
0.473684,0.638656,0.682877,1.10506,1.687406
0.526316,0.638656,0.683562,1.099125,1.783708
0.54386,0.610645,0.652968,1.070438,1.831052
0.561403,0.582633,0.622374,1.031171,1.90748
0.578947,0.554622,0.591781,0.934882,1.950447
0.657895,0.563026,0.592808,0.711468,1.972926
0.736842,0.57143,0.593836,0.610145,1.972926
0.736842,0.546218,0.593836,0.6095,1.972926
0.842105,0.487396,0.539726,0.6095,1.969926
0.842105,0.529413,0.576712,0.6095,1.909225
0.894737,0.546218,0.59589,0.628949,1.82974
0.842105,0.579834,0.613699,0.663287,1.751068
0.894737,0.57143,0.614384,0.687027,1.665811
0.789474,0.613447,0.668493,0.698676,1.555968
0.842105,0.57143,0.613699,0.709172,1.398128
0.789474,0.596639,0.65,0.710236,1.281462
0.789474,0.57143,0.594521,0.7147,1.218494
0.789474,0.621848,0.631507,0.731478,1.116337
0.684211,0.689078,0.741096,0.755603,1.002912
0.684211,0.697478,0.741096,0.779438,0.935952
0.684211,0.680674,0.741096,0.830596,0.843318
0.631579,0.764708,0.85137,0.864418,0.7379
0.684211,0.789917,0.833562,0.876935,0.618411
0.631579,0.739496,0.79589,0.944086,0.515793
0.578947,0.739496,0.813699,1.065098,0.504691
0.578947,0.806722,0.850685,1.176075,0.504691
0.526316,0.806722,0.868493,1.231678,0.504691
0.526316,0.857143,0.923973,1.328514,0.511351
0.473684,0.857143,0.941781,1.423867,0.516161
0.526316,0.806722,0.886986,1.481133,0.522947
0.473684,0.815126,0.867808,1.5722,0.535907
0.421053,0.82353,0.885616,1.702433,0.55364
0.473684,0.806722,0.867808,1.762261,0.557
0.473684,0.82353,0.923288,1.823155,0.592532
0.368421,0.773109,0.829452,1.883393,0.740291
0.315789,0.781513,0.828767,1.942625,0.81875
0.368421,0.789917,0.810959,1.986176,0.869987
0.315789,0.705883,0.754795,2.073099,0.951681
0.263158,0.663865,0.717123,2.109164,0.991395
0.210526,0.672269,0.697945,2.181691,1.051777
0.210526,0.663865,0.716438,2.23875,1.172147
0.157895,0.605043,0.641781,2.244902,1.285065
0.105263,0.621848,0.641096,2.28357,1.35795
0.105263,0.579834,0.585616,2.345774,1.449336
0.157895,0.4958,0.512329,2.369855,1.56329
0.140351,0.464987,0.475114,2.364685,1.680982
0.122807,0.434174,0.4379,2.301856,1.702871
0.105263,0.403361,0.400685,2.22725,1.702871
0.210526,0.361344,0.383562,2.200709,1.696028
0.210526,0.324929,0.334247,2.172608,1.685
0.210526,0.288515,0.284932,2.145608,1.654315
0.210526,0.2521,0.235616,2.110942,1.511853
0.105263,0.277313,0.271233,2.060198,1.445575
0.0,0.277313,0.288356,1.96805,1.413095
0.157895,0.319328,0.336644,1.931865,1.395549
0.315789,0.361344,0.384932,1.767447,1.371343
0.236842,0.390756,0.411644,1.710694,1.338486
0.157895,0.420169,0.438356,1.670564,1.279566
0.263158,0.436974,0.458219,1.605327,1.229796
0.289474,0.462185,0.477055,1.545953,1.226971
0.315789,0.487396,0.49589,1.51271,1.230039
0.263158,0.521009,0.569178,1.465479,1.25305
0.368421,0.529413,0.552055,1.41523,1.267957
0.368421,0.57143,0.589041,1.356486,1.342736
0.315789,0.596639,0.643836,1.288694,1.459475
0.368421,0.613447,0.663014,1.228035,1.51783
0.447368,0.567228,0.599315,1.19119,1.536058
0.526316,0.521009,0.535616,1.119364,1.573917
0.526316,0.521009,0.572603,1.02076,1.68724
0.578947,0.504204,0.554795,0.99189,1.75725
0.578947,0.537817,0.554795,0.968186,1.84375
0.631579,0.579834,0.629452,0.938627,1.919742
0.631579,0.554622,0.573973,0.927,1.973075
0.68421,0.554622,0.574658,0.911173,2.009669
0.736842,0.554622,0.575342,0.831738,2.083608
0.736842,0.529413,0.556849,0.816156,2.099691
0.789474,0.4958,0.539041,0.816156,2.128978
0.789474,0.4958,0.539041,0.816156,2.140922
0.789474,0.512604,0.539041,0.823886,2.145931
0.842105,0.57143,0.613699,0.857991,2.142
0.842105,0.579834,0.595205,0.897327,2.142
0.894737,0.546218,0.59589,0.969835,2.1453
0.842105,0.546218,0.576712,1.151168,2.1645
0.894737,0.512604,0.558904,1.221299,2.165079
0.894737,0.478991,0.521918,1.234696,2.170191
0.842105,0.453782,0.50274,1.333691,2.189346
0.842105,0.428573,0.44726,1.490457,2.222927
0.842105,0.352943,0.391781,1.51009,2.227
0.789474,0.39496,0.428082,1.578831,2.227
0.789474,0.327731,0.29863,1.661578,2.227526
0.736842,0.302522,0.316438,1.746059,2.227701
0.684211,0.285717,0.29726,1.838867,2.23605
0.684211,0.2521,0.260274,1.915451,2.246135
0.631579,0.235295,0.241096,1.987375,2.248666
0.578947,0.168069,0.221918,2.16075,2.235843
0.473684,0.151261,0.146575,2.192,2.14412
0.421053,0.151261,0.127397,2.258523,1.9035
0.421053,0.100839,0.108904,2.310199,1.743593
0.289474,0.151261,0.144178,2.334669,1.647947
0.157895,0.201682,0.179452,2.35772,1.609455
0.210526,0.210086,0.19863,2.370958,1.575466
0.157895,0.294117,0.197945,2.366439,1.521428
0.210526,0.260504,0.235616,2.361919,1.414857
0.157895,0.294117,0.281164,2.455693,1.328971
0.105263,0.327731,0.326712,2.462906,1.238884
0.052631,0.378152,0.381507,2.406294,1.109926
0.105263,0.386556,0.382192,2.332937,1.002858
0.105263,0.420169,0.437671,2.315167,0.876955
0.210526,0.428573,0.457534,2.309858,0.807542
0.105263,0.462187,0.493151,2.204439,0.795909
0.052631,0.521009,0.547945,2.142806,0.777387
0.063158,0.537816,0.573973,2.052931,0.769295
0.073684,0.554622,0.6,1.954919,0.756713
0.08421,0.571429,0.626027,1.887018,0.713144
0.094737,0.588236,0.652055,1.822332,0.655901
0.105263,0.605043,0.678082,1.745958,0.655591
0.105263,0.672269,0.715068,1.672669,0.653
0.157895,0.676472,0.69726,1.60157,0.653
0.210526,0.680674,0.679452,1.537793,0.661693
0.263158,0.697478,0.735616,1.46405,0.680138
0.315789,0.7479,0.791781,1.391947,0.704819
0.315789,0.714287,0.754795,1.302447,0.751691
0.368421,0.756304,0.810959,1.233101,0.818724
0.368421,0.722691,0.773973,1.143387,0.952052
0.421053,0.705883,0.756164,1.075896,0.997192
0.473684,0.722691,0.775342,1.046005,1.128249
0.473684,0.756304,0.830822,1.032171,1.184708
0.526316,0.789917,0.831507,1.018536,1.2645
0.473684,0.739496,0.812329,0.995579,1.363742
0.578947,0.722691,0.776712,0.980483,1.475461
0.578947,0.722691,0.776712,0.89183,1.519502
0.684211,0.697478,0.759589,0.755167,1.606925
0.631579,0.663865,0.758904,0.733086,1.684543
0.631579,0.621848,0.684932,0.729445,1.793943
0.684211,0.655465,0.70411,0.725718,1.885872
0.631579,0.705883,0.740411,0.720027,1.957556
0.736842,0.638656,0.667808,0.718744,2.029183
0.736842,0.588235,0.630822,0.722544,2.130158
0.789474,0.57143,0.631507,0.727109,2.186365
0.842105,0.579834,0.632192,0.73586,2.257498
0.842105,0.588235,0.632192,0.752795,2.315337
0.894737,0.563026,0.614384,0.803656,2.332419
0.842105,0.554622,0.613699,0.903044,2.337301
0.894737,0.554622,0.59589,0.983262,2.346489
0.947368,0.537817,0.578082,1.067772,2.357204
0.947368,0.4958,0.559589,1.120218,2.373204
0.894737,0.470591,0.503425,1.19289,2.397323
0.947368,0.453782,0.485616,1.299993,2.399912
0.947368,0.403361,0.430137,1.395283,2.399912
0.947368,0.361344,0.374658,1.503725,2.399912
0.894737,0.294117,0.318493,1.596492,2.372383
0.894737,0.2437,0.3,1.68224,2.301913
0.842105,0.268908,0.280822,1.742411,2.254119
0.894737,0.226891,0.207534,1.814322,2.20613
0.842105,0.210086,0.225342,1.894439,2.181971
0.842105,0.168069,0.188356,1.944147,2.156719
0.68421,0.176472,0.195548,2.070496,2.065554
0.526316,0.184874,0.20274,2.176986,1.889206
0.526316,0.134456,0.128767,2.193271,1.758874
0.394737,0.130254,0.127055,2.233561,1.706274
0.263158,0.126052,0.125342,2.249102,1.655875
0.210526,0.184874,0.161644,2.267984,1.473201
0.210526,0.226891,0.180137,2.364325,1.276652
0.210526,0.2521,0.217123,2.3965,1.237916
0.210526,0.294117,0.365068,2.3965,1.209243
0.210526,0.336135,0.328082,2.3965,1.175921
0.105263,0.39496,0.419178,2.363005,1.137825
0.105263,0.420169,0.437671,2.246255,1.073642
0.105263,0.411765,0.419178,2.131388,0.983512
0.052631,0.462187,0.473973,2.082424,0.867875
0.105263,0.487396,0.493151,2.046847,0.810236
0.210526,0.521009,0.531507,2.011767,0.733344
0.157895,0.546218,0.567808,1.986672,0.677661
0.105263,0.579834,0.60411,1.833977,0.656672
0.157895,0.596641,0.623288,1.75282,0.642526
0.210526,0.613447,0.642466,1.676258,0.63326
0.210526,0.621848,0.660959,1.553113,0.627267
0.210526,0.689078,0.753425,1.513033,0.607511
0.263158,0.689078,0.717123,1.457598,0.539171
0.315789,0.689078,0.736301,1.383192,0.510087
0.263158,0.731095,0.791096,1.355114,0.510087
0.315789,0.764708,0.810274,1.326496,0.510087
0.368421,0.756304,0.810959,1.325087,0.52009
0.315789,0.831934,0.884247,1.31717,0.62432
0.315789,0.806722,0.884247,1.313,0.700229
0.315789,0.82353,0.865753,1.312061,0.76525
0.368421,0.817928,0.866438,1.297718,0.830357
0.421053,0.812325,0.867123,1.215328,0.933004
0.473684,0.806722,0.867808,1.162437,1.002494
0.473684,0.781513,0.849315,1.123919,1.093011
0.473684,0.722691,0.793836,1.099513,1.224443
0.421053,0.722691,0.774658,1.084215,1.334855
0.526316,0.739496,0.794521,1.070496,1.41033
0.526316,0.722691,0.757534,1.059066,1.557593
0.526316,0.689078,0.739041,1.049393,1.593115
0.526316,0.722691,0.757534,0.976181,1.675046
0.526316,0.613447,0.665068,0.893573,1.779462
0.605263,0.600841,0.647603,0.890431,1.883764
0.684211,0.588235,0.630137,0.879319,1.939721
0.710526,0.579832,0.621233,0.859413,1.977437
0.736842,0.57143,0.612329,0.891815,2.021921
0.736842,0.546218,0.593836,0.91975,2.071064
0.736842,0.579834,0.612329,0.9826,2.143632
0.736842,0.588235,0.630822,1.017348,2.260954
0.789474,0.512604,0.539041,1.084373,2.325944
0.842105,0.487396,0.521233,1.208281,2.348524
0.842105,0.462187,0.521233,1.273612,2.348524
0.894737,0.428573,0.466438,1.399886,2.348524
0.894737,0.378152,0.410959,1.487432,2.347817
0.894737,0.361344,0.392466,1.554365,2.345694
0.842105,0.327731,0.373288,1.642967,2.331423
0.894737,0.344539,0.355479,1.73476,2.278346
0.894737,0.277313,0.281507,1.835936,2.237664
0.789474,0.226891,0.243151,1.925996,2.235587
0.736842,0.184874,0.205479,1.96995,2.234753
0.736842,0.134456,0.131507,2.028082,2.166508
0.631579,0.117648,0.093151,2.180204,1.967342
0.578947,0.07563,0.073973,2.214349,1.91648
0.578947,0.067226,0.055479,2.259485,1.88797
0.526316,0.100839,0.110274,2.329318,1.772967
0.368421,0.12605,0.126712,2.3455,1.716915
0.210526,0.151261,0.143151,2.3455,1.557345
0.263158,0.168069,0.162329,2.3455,1.451576
0.263158,0.235295,0.217808,2.342094,1.376782
0.157895,0.218487,0.234932,2.324379,1.298073
0.105263,0.2521,0.25274,2.210125,1.211562
0.105263,0.302522,0.308219,2.17364,1.160254
0.210526,0.352943,0.365068,2.15,1.078125
0.157895,0.39496,0.438356,2.1363,0.966408
0.105263,0.428573,0.456164,2.104543,0.831474
0.210526,0.436974,0.457534,2.083167,0.812661
0.105263,0.487396,0.530137,1.939198,0.791738
0.105263,0.478991,0.54863,1.850263,0.751728
0.105263,0.554622,0.567123,1.797814,0.728965
0.210526,0.630252,0.660959,1.745902,0.708714
0.263158,0.588235,0.624658,1.686302,0.67429
0.210526,0.655465,0.697945,1.580246,0.67429
0.210526,0.655465,0.697945,1.507279,0.67429
0.263158,0.647061,0.69863,1.489262,0.67429
0.263158,0.739496,0.772603,1.46455,0.76875
0.368421,0.714287,0.810959,1.445176,0.858656
0.315789,0.722691,0.791781,1.439968,0.947974
0.368421,0.756304,0.810959,1.42968,1.056395
0.368421,0.705883,0.755479,1.37613,1.143827
0.421053,0.680674,0.737671,1.298591,1.307697
0.421053,0.680674,0.719178,1.293966,1.470344
0.368421,0.638656,0.663014,1.283565,1.562991
0.421053,0.621848,0.663699,1.257943,1.753797
0.5,0.596639,0.636986,1.242097,1.867486
0.578947,0.57143,0.610274,1.238323,1.955215
0.526316,0.537817,0.591096,1.211105,2.032936
0.631579,0.453782,0.5,1.126066,2.057584
0.578947,0.462187,0.462329,0.994871,2.091944
0.631579,0.420169,0.463014,0.936896,2.109261
0.68421,0.441178,0.472945,0.882048,2.132811
0.736842,0.462187,0.482877,0.781906,2.136366
0.842105,0.470591,0.50274,0.724848,2.136366
0.894737,0.453782,0.466438,0.722,2.132239
0.842105,0.453782,0.484247,0.722,2.105058
0.947368,0.504204,0.559589,0.722,2.037625
0.894737,0.521009,0.558904,0.739659,1.958937
0.894737,0.546218,0.577397,0.803866,1.881794
0.894737,0.57143,0.632877,0.81898,1.826555
0.894737,0.554622,0.59589,0.833884,1.664862
0.842105,0.579834,0.632192,0.846376,1.527793
0.842105,0.57143,0.613699,0.85386,1.442
0.789474,0.529413,0.576027,0.85995,1.385861
0.736842,0.57143,0.575342,0.906531,1.24868
0.736842,0.605043,0.649315,0.932718,1.198143
0.684211,0.621848,0.667123,0.95775,1.150005
0.631579,0.638656,0.684932,0.972375,1.098178
0.684211,0.655465,0.70411,0.977543,0.974399
0.631579,0.689078,0.814384,0.98797,0.712238
0.578947,0.689078,0.721233,1.016117,0.585305
0.578947,0.764708,0.813699,1.095403,0.580082
0.526316,0.789917,0.85,1.198608,0.56839
0.578947,0.764708,0.832192,1.291896,0.54546
0.526316,0.873952,0.942466,1.361162,0.538439
0.526316,1.0,0.868493,1.445779,0.558224
0.526316,0.82353,0.886986,1.550326,0.572197
0.421053,0.806722,0.867123,1.667617,0.582539
0.473684,0.798321,0.793836,1.782468,0.602425
0.421053,0.781513,0.84863,1.879217,0.662687
0.315789,0.764708,0.773288,1.964909,0.750922
0.421053,0.764708,0.830137,2.021712,0.806477
0.315789,0.7479,0.791781,2.099835,0.840325
0.368421,0.7479,0.792466,2.183152,0.918075
0.263158,0.638656,0.69863,2.304105,1.014548
0.210526,0.630252,0.679452,2.338414,1.106881
0.105263,0.663865,0.696575,2.340185,1.199082
0.157895,0.605043,0.641781,2.347405,1.283917
0.157895,0.563026,0.604795,2.352058,1.344691
0.175439,0.535014,0.568037,2.360301,1.47869
0.192982,0.507003,0.531279,2.374991,1.590454
0.210526,0.478991,0.494521,2.351951,1.642084
0.157895,0.436974,0.456849,2.324073,1.879856
0.157895,0.420169,0.456849,2.30999,1.971036
0.105263,0.39496,0.400685,2.290386,2.060942
0.210526,0.310926,0.328082,2.228183,2.082409
0.157895,0.327731,0.327397,2.177723,2.205613
0.263158,0.2437,0.236301,2.004274,2.305103
0.210526,0.201682,0.217123,1.952137,2.322988
0.315789,0.218487,0.2,1.917867,2.345481
0.350877,0.179271,0.169635,1.870095,2.373445
0.385965,0.140055,0.139269,1.646745,2.455836
0.421053,0.100839,0.108904,1.568922,2.458411
0.526316,0.084035,0.091781,1.458322,2.458411
0.578947,0.109244,0.092466,1.399375,2.458411
0.684211,0.092439,0.075342,1.355899,2.446536
0.736842,0.134456,0.113014,1.188112,2.438163
0.789474,0.151261,0.150685,1.079189,2.404004
0.842105,0.168069,0.169863,1.005896,2.345841
0.789474,0.2521,0.280137,0.994098,2.284682
0.842105,0.294117,0.317808,0.988625,2.184464
0.894737,0.310926,0.336986,0.97962,2.083328
0.947368,0.361344,0.393151,0.975829,1.974849
0.842105,0.39496,0.428767,0.973129,1.872375
0.894737,0.39496,0.410959,0.944953,1.785802
0.842105,0.436974,0.465753,0.906294,1.670309
0.789474,0.462187,0.502055,0.883308,1.553157
0.789474,0.453782,0.483562,0.875214,1.456699
0.684211,0.537817,0.574658,0.874214,1.274425
0.736842,0.554622,0.593836,0.870106,1.17043
0.631579,0.579834,0.610959,0.876949,1.073608
0.684211,0.605043,0.64863,0.885496,0.913571
0.631579,0.705883,0.758904,0.899087,0.772818
0.736842,0.722691,0.704795,0.913014,0.629914
0.736842,0.722691,0.760274,0.975769,0.5695
0.631579,0.705883,0.758904,1.058704,0.569097
0.578947,0.806722,0.832192,1.159353,0.560401
0.473684,0.840339,0.886301,1.22879,0.553771
0.578947,0.857143,0.924658,1.311722,0.551407
0.526316,0.857143,0.905479,1.414658,0.534858
0.473684,0.840339,0.904795,1.530905,0.5215
0.421053,0.806722,0.867123,1.634262,0.5215
0.421053,0.82353,0.885616,1.721943,0.5215
0.421053,0.773109,0.830137,1.790338,0.529245
0.368421,0.789917,0.847945,1.844875,0.578875
0.315789,0.781513,0.84726,1.958256,0.612209
0.315789,0.764708,0.828767,2.046715,0.684638
0.315789,0.773109,0.810274,2.150135,0.763749
0.263158,0.705883,0.772603,2.241724,0.845487
0.263158,0.672269,0.717123,2.325144,0.930811
0.210526,0.672269,0.716438,2.334329,1.022178
0.157895,0.655465,0.715753,2.342316,1.145098
0.157895,0.630252,0.678767,2.355902,1.258748
0.157895,0.616246,0.660274,2.369861,1.357605
0.157895,0.602241,0.641781,2.371878,1.475719
0.157895,0.588235,0.623288,2.367484,1.590747
0.210526,0.4958,0.531507,2.363039,1.724432
0.157895,0.462187,0.475342,2.363039,1.861917
0.157895,0.445378,0.456849,2.35897,1.969668
0.157895,0.397759,0.407534,2.338101,2.072125
0.157895,0.35014,0.358219,2.301089,2.144375
0.157895,0.302522,0.308904,2.290284,2.193022
0.105263,0.277313,0.25274,2.237849,2.273562
0.157895,0.193278,0.197945,2.069669,2.497601
0.210526,0.17647,0.180137,2.044282,2.539303
0.263158,0.151261,0.143836,2.005723,2.556833
0.315789,0.142857,0.144521,1.938479,2.556833
0.315789,0.058826,0.052055,1.836847,2.556833
0.315789,0.0,0.015068,1.592708,2.52608
0.447368,0.016807,0.016781,1.463088,2.417858
0.578947,0.033613,0.018493,1.33739,2.324586
0.684211,0.084035,0.075342,1.299442,2.231019
0.684211,0.117648,0.130822,1.303611,2.126836
0.736842,0.17647,0.168493,1.305,2.01186
0.736842,0.218487,0.223973,1.305,1.928004
0.736842,0.260504,0.260959,1.309862,1.807865
0.736842,0.285717,0.297945,1.338959,1.583562
0.736842,0.302522,0.316438,1.341325,1.510539
0.789474,0.39496,0.428082,1.34843,1.358823
0.684211,0.378152,0.389726,1.351276,1.264086
0.631579,0.403361,0.426027,1.344137,1.158915
0.578947,0.428572,0.453082,1.338551,1.032878
0.526316,0.453782,0.480137,1.334829,0.929407
0.526316,0.504204,0.535616,1.314046,0.827759
0.473684,0.605043,0.627397,1.263578,0.759759
0.491228,0.610645,0.646119,1.20641,0.740774
0.508772,0.616246,0.66484,1.171883,0.733569
0.526316,0.621848,0.683562,1.159959,0.723741
0.473684,0.672269,0.719863,1.110749,0.717619
0.473684,0.739496,0.793836,1.074662,0.717619
0.473684,0.756304,0.812329,1.028209,0.724773
0.473684,0.773109,0.849315,1.018799,0.733857
0.526316,0.798321,0.85,1.017104,0.754625
0.473684,0.815126,0.849315,0.995972,0.803481
0.526316,0.873952,0.923973,0.982002,0.940711
0.526316,0.857143,0.905479,0.98,1.005366
0.526316,0.848739,0.905479,0.975822,1.113779
0.473684,0.82353,0.904795,0.921313,1.211594
0.552632,0.82353,0.896575,0.885311,1.316125
0.631579,0.82353,0.888356,0.848324,1.429689
0.526316,0.722691,0.776027,0.826743,1.525239
0.578947,0.722691,0.776712,0.817534,1.629927
0.526316,0.722691,0.757534,0.809069,1.74454
0.631579,0.705883,0.758904,0.783498,1.80933
0.631579,0.655465,0.703425,0.759293,1.953457
0.68421,0.638656,0.694863,0.7535,2.087284
0.736842,0.621848,0.686301,0.750031,2.148232
0.736842,0.596639,0.630822,0.746561,2.215255
0.736842,0.579834,0.630822,0.788975,2.293311
0.842105,0.579834,0.613699,0.899742,2.313914
0.842105,0.563026,0.613699,0.977354,2.350431
0.842105,0.563026,0.613699,1.075522,2.401103
0.894737,0.504204,0.558904,1.16825,2.438283
0.894737,0.504204,0.540411,1.260861,2.453565
0.894737,0.470591,0.484932,1.381392,2.453565
0.894737,0.411765,0.447945,1.512412,2.453565
1.0,0.369748,0.393836,1.608899,2.447556
0.947368,0.386556,0.411644,1.708217,2.427037
0.894737,0.31933,0.336986,1.777191,2.42403
0.894737,0.2437,0.263014,1.892164,2.417034
0.842105,0.210086,0.225342,1.998081,2.408173
0.842105,0.168069,0.15137,2.090919,2.39104
0.815789,0.168069,0.160274,2.148471,2.33395
0.789474,0.168069,0.169178,2.173738,2.228541
0.684211,0.07563,0.075342,2.23718,2.119297
0.561404,0.078432,0.073744,2.28946,1.992761
0.438596,0.081233,0.072146,2.341704,1.817782
0.315789,0.084035,0.070548,2.35935,1.711552
0.315789,0.07563,0.070548,2.35935,1.650409
0.236842,0.12605,0.134247,2.356813,1.614357
0.157895,0.17647,0.197945,2.337167,1.589082
0.157895,0.235295,0.216438,2.328657,1.513464
0.105263,0.226891,0.234247,2.312278,1.439039
0.157895,0.268908,0.290411,2.293117,1.370198
0.157895,0.294117,0.290411,2.271731,1.270567
0.210526,0.352943,0.309589,2.228167,1.1664
0.210526,0.386556,0.383562,2.204846,1.02072
0.210526,0.386556,0.402055,2.162225,0.920892
0.105263,0.436974,0.419178,2.109995,0.884179
0.210526,0.462187,0.476027,2.058021,0.884179
0.210526,0.537817,0.586986,1.977311,0.87487
0.210526,0.521009,0.55,1.842062,0.867831
0.210526,0.529413,0.586986,1.673297,0.867756
0.157895,0.605043,0.641781,1.60017,0.886863
0.263158,0.613447,0.643151,1.480953,0.955807
0.210526,0.588235,0.623973,1.418099,0.974001
0.263158,0.638656,0.680137,1.382472,0.982628
0.263158,0.630252,0.680137,1.330387,1.092397
0.342105,0.634454,0.681164,1.237796,1.226159
0.421053,0.638656,0.682192,1.142892,1.308587
0.421053,0.638656,0.682192,1.108722,1.317088
0.473684,0.655465,0.719863,1.045056,1.337639
0.473684,0.689078,0.738356,0.943613,1.37768
0.526316,0.663865,0.702055,0.870816,1.437375
0.578947,0.630252,0.70274,0.82057,1.50245
0.578947,0.588235,0.628767,0.780087,1.617639
0.631579,0.630252,0.666438,0.770836,1.726733
0.649123,0.641456,0.678995,0.76749,1.806538
0.666667,0.652661,0.691553,0.767204,1.861821
0.684211,0.663865,0.70411,0.769622,1.96506
0.684211,0.621848,0.685616,0.775777,2.041169
0.736842,0.588235,0.630822,0.791444,2.133472
0.736842,0.563026,0.630822,0.82771,2.146719
0.842105,0.605043,0.650685,0.894103,2.146719
0.894737,0.596639,0.632877,1.022056,2.146719
0.789474,0.57143,0.613014,1.093579,2.14145
0.842105,0.546218,0.595205,1.14113,2.126123
0.789474,0.546218,0.594521,1.250929,2.115327
0.894737,0.504204,0.540411,1.350705,2.089423
0.894737,0.445378,0.503425,1.454883,2.057491
0.894737,0.453782,0.484932,1.529268,2.04506
0.789474,0.420169,0.446575,1.611441,2.032455
0.842105,0.386556,0.410274,1.682003,1.953682
0.789474,0.327731,0.335616,1.789251,1.849819
0.789474,0.310926,0.335616,1.897576,1.724607
0.684211,0.294117,0.334247,1.970225,1.690327
0.631579,0.268908,0.278082,2.0655,1.681759
0.578947,0.260504,0.258904,2.0655,1.674725
0.473684,0.2521,0.257534,2.07375,1.666793
0.473684,0.268908,0.276027,2.0765,1.657595
0.368421,0.2521,0.256164,2.04865,1.656379
0.315789,0.2479,0.255479,2.027326,1.63169
0.263158,0.2437,0.254795,2.006035,1.517
0.210526,0.302522,0.309589,1.983128,1.517
0.210526,0.302522,0.309589,1.975947,1.517
0.315789,0.31933,0.329452,1.967919,1.51625
0.210526,0.310926,0.328082,1.923228,1.491079
0.263158,0.352943,0.365753,1.837491,1.454593
0.263158,0.361344,0.365753,1.748639,1.401593
0.315789,0.369748,0.384932,1.561826,1.404664
0.315789,0.436974,0.477397,1.453706,1.401173
0.315789,0.420169,0.458904,1.37629,1.3993
0.315789,0.462187,0.49589,1.211427,1.396726
0.421053,0.504204,0.534247,1.149499,1.393447
0.421053,0.521009,0.55274,1.107631,1.375125
0.368421,0.546218,0.644521,1.0795,1.291988
0.447368,0.567226,0.636301,1.038808,1.249808
0.526316,0.588235,0.628082,0.970597,1.214766
0.578947,0.605041,0.64726,0.937189,1.169756
0.631579,0.621848,0.666438,0.937189,1.104288
0.631579,0.621848,0.666438,0.937189,1.059168
0.578947,0.613447,0.665753,0.938624,1.038824
0.631579,0.689078,0.721918,0.986742,0.957861
0.631579,0.731095,0.79589,1.028726,0.9023
0.631579,0.705883,0.740411,1.085811,0.859733
0.631579,0.705883,0.758904,1.136855,0.778087
0.578947,0.705883,0.776712,1.220906,0.668745
0.578947,0.714287,0.758219,1.276952,0.648351
0.684211,0.798321,0.852055,1.351543,0.643927
0.631579,0.760506,0.814384,1.491584,0.641679
0.578947,0.722691,0.776712,1.581906,0.64161
0.473684,0.806722,0.830822,1.673706,0.644378
0.368421,0.773109,0.847945,1.791555,0.653973
0.473684,0.756304,0.812329,1.934761,0.671143
0.421053,0.7437,0.774658,2.043017,0.69443
0.368421,0.731095,0.736986,2.103553,0.736569
0.315789,0.697478,0.754795,2.120374,0.828189
0.315789,0.655465,0.717808,2.204975,0.919477
0.210526,0.655465,0.697945,2.285236,1.019894
0.263158,0.655465,0.69863,2.358864,1.14595
0.210526,0.655465,0.697945,2.397579,1.279171
0.192982,0.62185,0.654566,2.406599,1.404045
0.175439,0.588236,0.611187,2.406199,1.532322
0.157895,0.554622,0.567808,2.406199,1.665746
0.210526,0.529413,0.55,2.37619,1.807283
0.105263,0.478991,0.511644,2.359531,1.846299
0.157895,0.411765,0.419863,2.323018,1.869204
0.105263,0.386556,0.382192,2.258842,1.885685
0.105263,0.386556,0.382192,2.211334,1.913387
0.105263,0.285717,0.308219,2.188732,2.071022
0.157895,0.302522,0.308904,2.12813,2.177195
0.157895,0.268908,0.271918,1.985322,2.237078
0.263158,0.2521,0.254795,1.802964,2.343406
0.210526,0.134456,0.143151,1.736731,2.359046
0.263158,0.126052,0.106849,1.666313,2.386577
0.315789,0.117648,0.098288,1.604733,2.41949
0.368421,0.109244,0.089726,1.545713,2.454568
0.421053,0.100839,0.090411,1.465354,2.479059
0.473684,0.100839,0.091096,1.352584,2.489836
0.605263,0.134454,0.129795,1.204648,2.489836
0.736842,0.168069,0.168493,1.176629,2.489836
0.842105,0.218487,0.225342,1.109282,2.486752
0.842105,0.2437,0.243836,1.010802,2.452918
0.842105,0.302522,0.317808,0.892098,2.424312
0.894737,0.285717,0.3,0.797984,2.395354
0.894737,0.31933,0.336986,0.745105,2.304459
0.947368,0.352943,0.393151,0.718936,2.206553
0.894737,0.411765,0.429452,0.706909,2.115953
0.894737,0.39496,0.429452,0.702835,2.046058
0.894737,0.445378,0.484932,0.680451,1.954118
0.894737,0.453782,0.503425,0.676701,1.840966
0.894737,0.470591,0.503425,0.676701,1.750086
0.894737,0.546218,0.59589,0.676701,1.553362
0.842105,0.529413,0.595205,0.676701,1.428008
0.842105,0.57143,0.613699,0.676701,1.383164
0.789474,0.563026,0.613014,0.69603,1.332755
0.842105,0.655465,0.706164,0.749056,1.283009
0.736842,0.663865,0.704795,0.79626,1.213943
0.736842,0.655465,0.704795,0.83177,1.171146
0.684211,0.722691,0.759589,0.903574,0.946344
0.736842,0.672269,0.723288,1.001608,0.778759
0.684211,0.680674,0.741096,1.087436,0.656098
0.631579,0.731095,0.814384,1.148016,0.634058
0.578947,0.739496,0.813699,1.229441,0.624389
0.578947,0.739496,0.795205,1.275932,0.614326
0.631579,0.756304,0.79589,1.34922,0.603809
0.578947,0.789917,0.869178,1.422769,0.6055
0.526316,0.806722,0.905479,1.48003,0.604847
0.421053,0.831934,0.885616,1.584481,0.587889
0.368421,0.806722,0.847945,1.742353,0.587889
0.368421,0.764708,0.847945,1.853862,0.587889
0.368421,0.705883,0.773973,1.952775,0.613151
0.315789,0.705883,0.736301,2.023397,0.659662
0.368421,0.739496,0.792466,2.078148,0.745709
0.263158,0.714287,0.75411,2.141461,0.862452
0.210526,0.714287,0.753425,2.241659,0.926101
0.263158,0.680674,0.717123,2.328831,0.999409
0.210526,0.655465,0.697945,2.343737,1.075221
0.157895,0.638656,0.678767,2.351951,1.18361
0.157895,0.638656,0.660274,2.395,1.272017
0.210526,0.605043,0.623973,2.366167,1.382546
0.105263,0.605043,0.622603,2.378595,1.432811
0.157895,0.512604,0.549315,2.385871,1.50301
0.105263,0.4958,0.530137,2.385871,1.803
0.157895,0.420169,0.456849,2.378595,1.881982
0.105263,0.445378,0.456164,2.353917,1.949428
0.052631,0.386556,0.363014,2.286944,1.998125
0.105263,0.32353,0.308219,2.1808,2.043744
0.157895,0.260504,0.253425,2.043948,2.180551
0.210526,0.2437,0.291096,1.949999,2.278566
0.210526,0.201682,0.272603,1.889434,2.308151
0.192982,0.193278,0.241553,1.877875,2.363
0.175439,0.184874,0.210502,1.837422,2.402247
0.157895,0.17647,0.179452,1.762297,2.40687
0.276316,0.180672,0.180993,1.566097,2.40687
0.394737,0.184874,0.182534,1.440829,2.404766
0.513158,0.189076,0.184075,1.334186,2.393508
0.631579,0.193278,0.185616,1.27808,2.386324
0.710526,0.205883,0.205137,1.22125,2.367428
0.789474,0.218487,0.224658,1.078572,2.321104
0.789474,0.210086,0.224658,0.952409,2.289722
0.842105,0.310926,0.317808,0.942676,2.1884
0.789474,0.344539,0.35411,0.937955,2.088345
0.842105,0.352943,0.373288,0.930811,1.954875
0.842105,0.411765,0.428767,0.916691,1.836491
0.842105,0.436974,0.465753,0.890419,1.74264
0.894737,0.487396,0.503425,0.876057,1.682735
0.842105,0.487396,0.521233,0.865,1.516518
0.842105,0.4958,0.539726,0.863817,1.458969
0.789474,0.504204,0.539041,0.864573,1.323321
0.736842,0.537817,0.593836,0.895687,1.16777
0.684211,0.605043,0.64863,0.978292,0.999636
0.684211,0.605043,0.667123,0.984252,0.927255
0.736842,0.714287,0.778767,0.987255,0.848087
0.657895,0.726891,0.77774,1.001084,0.694933
0.578947,0.739496,0.776712,1.047951,0.663102
0.526316,0.731095,0.776027,1.115162,0.663102
0.578947,0.7479,0.795205,1.192035,0.663102
0.526316,0.789917,0.85,1.307532,0.665653
0.473684,0.82353,0.886301,1.43475,0.684788
0.473684,0.831934,0.886301,1.536207,0.691242
0.421053,0.798321,0.867123,1.649651,0.698917
0.526316,0.789917,0.85,1.751378,0.704859
0.473684,0.756304,0.830822,1.871218,0.711338
0.421053,0.7479,0.793151,1.96475,0.737707
0.421053,0.697478,0.756164,1.982788,0.912266
0.368421,0.680674,0.736986,2.005356,1.112055
0.368421,0.680674,0.718493,2.024987,1.229575
0.263158,0.672269,0.717123,2.07875,1.275815
0.263158,0.621848,0.680137,2.124967,1.351872
0.263158,0.647061,0.680137,2.200754,1.567706
0.263158,0.529413,0.569178,2.211669,1.6564
0.263158,0.512604,0.550685,2.209004,1.743772
0.157895,0.470591,0.493836,2.15475,1.814932
0.157895,0.420169,0.419863,2.12725,1.875721
0.210526,0.378152,0.402055,2.097307,2.003644
0.210526,0.378152,0.402055,2.063923,2.058591
0.210526,0.310926,0.309589,2.022331,2.105426
0.315789,0.2437,0.255479,1.99775,2.223533
0.280702,0.235295,0.242694,1.95825,2.291375
0.245614,0.226891,0.229909,1.868542,2.317843
0.210526,0.218487,0.217123,1.677922,2.32933
0.263158,0.218487,0.217808,1.515149,2.367822
0.447368,0.163865,0.155479,1.429408,2.386331
0.631579,0.109244,0.093151,1.388512,2.386331
0.684211,0.134456,0.149315,1.349972,2.386331
0.736842,0.142857,0.15,1.30781,2.373935
0.789474,0.168069,0.169178,1.154603,2.3229
0.842105,0.193278,0.206849,1.065041,2.233894
0.842105,0.260504,0.280822,1.032459,2.066311
0.842105,0.327731,0.336301,1.003618,1.94125
0.842105,0.327731,0.336301,0.971822,1.835891
0.894737,0.344539,0.392466,0.939776,1.720795
0.842105,0.39496,0.428767,0.911908,1.637384
0.842105,0.428573,0.465753,0.90325,1.544898
0.789474,0.478991,0.502055,0.904,1.469465
0.736842,0.453782,0.482877,0.904,1.340764
0.736842,0.4958,0.538356,0.915555,1.220111
0.684211,0.512604,0.574658,0.974191,1.110869
0.684211,0.546218,0.574658,1.009262,0.987342
0.684211,0.638656,0.685616,1.021967,0.897509
0.684211,0.672269,0.722603,1.046189,0.827811
0.684211,0.655465,0.70411,1.073713,0.715367
0.631579,0.722691,0.758904,1.115834,0.653208
0.578947,0.705883,0.758219,1.197253,0.6485
0.684211,0.806722,0.852055,1.250179,0.6485
0.578947,0.806722,0.850685,1.329783,0.650042
0.473684,0.806722,0.849315,1.406397,0.66188
0.526316,0.789917,0.85,1.486875,0.692386
0.421053,0.82353,0.885616,1.587164,0.709287
0.368421,0.789917,0.866438,1.684,0.730625
0.421053,0.756304,0.811644,1.793062,0.754027
0.421053,0.739497,0.799315,1.864417,0.815294
0.421053,0.72269,0.786986,1.909612,0.90721
0.421053,0.705883,0.774658,1.95211,0.979847
0.394737,0.693278,0.755822,1.997682,1.070848
0.368421,0.680674,0.736986,2.117466,1.124553
0.315789,0.655465,0.717808,2.221097,1.1945
0.315789,0.647061,0.662329,2.256628,1.302118
0.315789,0.588235,0.606849,2.261968,1.329022
0.421053,0.563026,0.608219,2.261968,1.333491
0.342105,0.516808,0.542466,2.222309,1.336237
0.263158,0.470591,0.476712,2.111067,1.384714
0.210526,0.453782,0.494521,2.034347,1.413253
0.157895,0.411765,0.438356,1.919145,1.466782
0.210526,0.411765,0.420548,1.84795,1.476723
0.263158,0.403361,0.421233,1.737092,1.503181
0.263158,0.420169,0.439726,1.6948,1.538393
0.263158,0.462187,0.476712,1.61466,1.553454
0.210526,0.445378,0.476027,1.444953,1.570829
0.105263,0.436974,0.456164,1.314881,1.589284
0.236842,0.529411,0.550342,1.14694,1.601656
0.368421,0.621848,0.644521,1.068772,1.613069
0.421053,0.386556,0.404795,1.02254,1.618911
0.473684,0.420169,0.442466,0.94675,1.674787
0.578947,0.487396,0.517808,0.926327,1.73264
0.578947,0.504204,0.517808,0.876616,1.780681
0.684211,0.563026,0.611644,0.803486,1.848725
0.684211,0.588235,0.611644,0.719116,1.938336
0.684211,0.554622,0.593151,0.688029,2.026066
0.789474,0.588235,0.65,0.688029,2.078416
0.842105,0.621848,0.669178,0.688029,2.132162
0.842105,0.605043,0.650685,0.710978,2.15172
0.789474,0.596639,0.65,0.787987,2.159745
0.789474,0.605043,0.631507,0.848518,2.179355
0.894737,0.605043,0.65137,0.900676,2.231081
0.894737,0.596639,0.65137,0.95216,2.291978
0.894737,0.563026,0.65137,1.034372,2.339276
0.894737,0.588235,0.632877,1.120742,2.368358
0.894737,0.504204,0.558904,1.247596,2.368652
0.894737,0.512604,0.521918,1.360825,2.368652
0.894737,0.462187,0.484932,1.465075,2.371832
0.894737,0.39496,0.429452,1.557628,2.37537
0.894737,0.403361,0.429452,1.665744,2.370495
0.842105,0.361344,0.373288,1.759094,2.357052
0.894737,0.302522,0.336986,1.847587,2.294895
0.842105,0.277313,0.262329,1.908116,2.275375
0.842105,0.2437,0.262329,1.958629,2.27125
0.894737,0.184874,0.189041,1.986875,2.231125
0.763158,0.151261,0.150342,2.0141,2.142482
0.631579,0.117648,0.111644,2.12136,2.025971
0.631579,0.092439,0.074658,2.21525,1.9295
0.578947,0.100839,0.110959,2.251625,1.841
0.447368,0.100839,0.109247,2.31718,1.729375
0.315789,0.100839,0.107534,2.320574,1.677411
0.315789,0.117648,0.107534,2.318699,1.63022
0.263158,0.168069,0.162329,2.317253,1.502547
0.263158,0.218487,0.199315,2.300766,1.427241
0.210526,0.235295,0.235616,2.28964,1.359875
0.210526,0.260504,0.25411,2.229572,1.26104
0.157895,0.302522,0.308904,2.123623,1.067114
0.157895,0.352943,0.34589,2.112771,0.987094
0.210526,0.369748,0.383562,2.021426,0.944621
0.263158,0.361344,0.384247,1.961454,0.918804
0.18421,0.420168,0.438699,1.89242,0.904001
0.105263,0.478991,0.493151,1.854349,0.868265
0.105263,0.512604,0.54863,1.783523,0.840547
0.157895,0.579834,0.549315,1.704647,0.768486
0.105263,0.613447,0.659589,1.622911,0.736326
0.157895,0.605043,0.641781,1.518458,0.736326
0.263158,0.621848,0.661644,1.432348,0.736326
0.263158,0.621848,0.661644,1.397782,0.73984
0.263158,0.672269,0.735616,1.324575,0.803442
0.263158,0.722691,0.735616,1.29275,0.899241
0.368421,0.714287,0.773973,1.270838,0.976545
0.315789,0.722691,0.773288,1.243093,1.034178
0.315789,0.764708,0.810274,1.195686,1.071189
0.421053,0.714287,0.756164,1.098309,1.161239
0.473684,0.714287,0.70137,1.043486,1.192343
0.421053,0.672269,0.700685,0.997742,1.237326
0.473684,0.638656,0.70137,0.952,1.345503
0.473684,0.672269,0.719863,0.952,1.429375
0.421053,0.781513,0.885616,0.940203,1.521034
0.5,0.722689,0.803425,0.927531,1.613347
0.578947,0.663865,0.721233,0.919336,1.682526
0.578947,0.638656,0.665753,0.906991,1.737378
0.631579,0.638656,0.666438,0.903879,1.804114
0.631579,0.588235,0.647945,0.91275,1.887285
0.736842,0.638656,0.686301,0.913,1.962835
0.789474,0.613447,0.668493,0.913,2.011491
0.684211,0.588235,0.630137,0.930287,2.049289
0.789474,0.588235,0.631507,1.034326,2.074282
0.789474,0.57143,0.631507,1.123543,2.094264
0.789474,0.588235,0.631507,1.181531,2.122709
0.789474,0.554622,0.594521,1.257491,2.168923
0.842105,0.554622,0.595205,1.332137,2.196625
0.842105,0.537817,0.576712,1.392299,2.201125
0.842105,0.521009,0.539726,1.470875,2.216129
0.789474,0.428573,0.465068,1.52385,2.221655
0.842105,0.386556,0.428767,1.682894,2.211059
0.789474,0.361344,0.372603,1.820973,2.201125
0.842105,0.327731,0.354795,1.893672,2.19605
0.789474,0.294117,0.29863,2.072807,2.169158
0.789474,0.2437,0.261644,2.155777,2.134253
0.684211,0.201682,0.204795,2.241153,2.106418
0.684211,0.201682,0.204795,2.257,2.050543
0.631579,0.184874,0.185616,2.257,2.016312
0.526316,0.184874,0.165753,2.272131,1.821256
0.473684,0.126052,0.128082,2.336733,1.753375
0.368421,0.100841,0.089726,2.372716,1.72873
0.263158,0.07563,0.05137,2.391433,1.67113
0.22807,0.103642,0.069406,2.42075,1.562823
0.192982,0.131653,0.087443,2.424,1.437666
0.157895,0.159665,0.105479,2.424,1.236596
0.210526,0.2521,0.25411,2.427872,1.118512
0.263158,0.285717,0.273288,2.414497,1.079551
0.210526,0.294117,0.309589,2.313107,1.051576
0.210526,0.344539,0.346575,2.275878,1.021964
0.157895,0.361344,0.40137,2.257494,0.951792
0.157895,0.378152,0.40137,2.234985,0.86942
0.052631,0.453782,0.473973,2.219,0.68765
0.157895,0.521009,0.530822,2.214973,0.652113
0.157895,0.521009,0.530822,2.14191,0.651577
0.157895,0.546218,0.567808,1.991383,0.646663
0.210526,0.563026,0.586986,1.934851,0.640003
0.157895,0.596639,0.641781,1.841625,0.639337
0.210526,0.621848,0.660959,1.776203,0.637839
0.157895,0.655465,0.69726,1.66327,0.626532
0.157895,0.655465,0.69726,1.566747,0.618942
0.157895,0.714287,0.715753,1.477125,0.618424
0.210526,0.764708,0.827397,1.37075,0.618424
0.157895,0.714287,0.771233,1.306431,0.618942
0.210526,0.689078,0.753425,1.275733,0.670166
0.315789,0.722691,0.736301,1.222484,0.77324
0.315789,0.731095,0.773288,1.180676,0.856298
0.315789,0.7479,0.810274,1.113018,0.92617
0.421053,0.857143,0.90411,1.069,0.947253
0.421053,0.815126,0.867123,1.06325,0.997252
0.473684,0.806722,0.867808,1.030106,1.079882
0.421053,0.714287,0.756164,0.94407,1.172905
0.526316,0.756304,0.813014,0.898015,1.371024
0.578947,0.739496,0.813699,0.852746,1.50225
0.526316,0.739496,0.794521,0.796466,1.578796
0.552632,0.743698,0.80411,0.753641,1.656888
0.578947,0.7479,0.813699,0.746063,1.726055
0.631579,0.705883,0.777397,0.746063,1.845629
0.684211,0.705883,0.759589,0.746063,1.938563
0.789474,0.672269,0.723973,0.746393,2.027761
0.789474,0.672269,0.723973,0.778843,2.104923
0.789474,0.655465,0.705479,0.82239,2.128176
0.789474,0.638656,0.686986,0.876467,2.16084
0.789474,0.621848,0.668493,0.914727,2.231225
0.842105,0.605043,0.650685,0.94295,2.321889
0.789474,0.596639,0.65,1.004299,2.360561
0.894737,0.537817,0.577397,1.083537,2.361081
0.789474,0.537817,0.557534,1.269569,2.361081
0.842105,0.521009,0.576712,1.313595,2.361081
0.842105,0.529413,0.576712,1.367459,2.343366
0.947368,0.428573,0.44863,1.448314,2.219215
0.947368,0.420169,0.467123,1.564571,2.162619
0.894737,0.411765,0.429452,1.671898,2.148577
0.894737,0.344539,0.355479,1.780004,2.134758
0.789474,0.361344,0.391096,1.832496,2.122547
0.789474,0.285717,0.29863,1.886462,2.047511
0.894737,0.226891,0.244521,1.999687,1.880917
0.815789,0.218489,0.234247,2.078824,1.751066
0.736842,0.210086,0.223973,2.114879,1.710938
0.605263,0.214287,0.22226,2.192317,1.67302
0.473684,0.218487,0.220548,2.360577,1.616232
0.421053,0.168069,0.182877,2.417359,1.525226
0.421053,0.226891,0.182877,2.417359,1.436784
0.421053,0.201682,0.20137,2.417359,1.334254
0.368421,0.201682,0.200685,2.408089,1.22805
0.289474,0.268908,0.282877,2.311652,1.157743
0.210526,0.336135,0.365068,2.30193,1.028559
0.210526,0.327731,0.346575,2.288397,0.938598
0.157895,0.336135,0.327397,2.272586,0.854143
0.157895,0.39496,0.438356,2.253341,0.790966
0.157895,0.436974,0.456849,2.20192,0.742105
0.210526,0.462187,0.494521,2.159433,0.707974
0.157895,0.521009,0.549315,2.002702,0.676425
0.105263,0.546218,0.585616,1.880017,0.641642
0.105263,0.57143,0.60411,1.800461,0.606278
0.157895,0.596639,0.641781,1.71902,0.576194
0.157895,0.596639,0.641781,1.664068,0.57487
0.157895,0.638656,0.660274,1.584041,0.576562
0.157895,0.613447,0.660274,1.469587,0.578255
0.157895,0.655465,0.715753,1.363689,0.580017
0.210526,0.722691,0.753425,1.303517,0.589597
0.263158,0.697478,0.735616,1.253374,0.599092
0.315789,0.722691,0.773288,1.148795,0.63901
0.368421,0.7479,0.810959,1.125979,0.723611
0.263158,0.7479,0.809589,1.099008,0.790053
0.342105,0.777311,0.838356,1.095,0.811947
0.421053,0.806722,0.867123,1.089428,0.896491
0.368421,0.798321,0.847945,1.083595,0.941429
0.447368,0.802522,0.867466,1.083595,1.013135
0.526316,0.806722,0.886986,1.06975,1.097587
0.473684,0.82353,0.886301,1.053922,1.211405
0.473684,0.815126,0.886301,0.980662,1.350308
0.473684,0.82353,0.849315,0.933132,1.479573
0.473684,0.789917,0.830822,0.907941,1.581661
0.526316,0.739496,0.794521,0.889318,1.688078
0.421053,0.773109,0.811644,0.866345,1.821605
0.578947,0.731093,0.785959,0.823745,1.918828
0.736842,0.689078,0.760274,0.774066,2.013819
0.68421,0.655463,0.70411,0.773004,2.11325
0.631579,0.621848,0.647945,0.773004,2.183673
0.684211,0.579834,0.630137,0.773004,2.219186
0.684211,0.537817,0.574658,0.801867,2.227576
0.789474,0.537817,0.576027,0.868717,2.234774
0.789474,0.563026,0.613014,0.928948,2.245603
0.842105,0.57143,0.613699,0.979152,2.27425
0.894737,0.57143,0.59589,1.036535,2.32015
0.894737,0.554622,0.614384,1.115113,2.333932
0.842105,0.57143,0.613699,1.218122,2.333932
0.894737,0.478991,0.503425,1.297029,2.336432
0.894737,0.470591,0.503425,1.374718,2.338627
0.894737,0.436974,0.466438,1.434356,2.298123
0.894737,0.403361,0.410959,1.516157,2.251412
0.894737,0.411765,0.429452,1.606258,2.21537
0.894737,0.361344,0.392466,1.714458,2.194252
0.947368,0.277313,0.300685,1.820615,2.163873
0.894737,0.277313,0.3,1.944321,2.144075
0.894737,0.2437,0.263014,2.010197,2.127614
0.894737,0.235295,0.244521,2.054299,2.107606
0.789474,0.184876,0.187671,2.152338,2.035635
0.684211,0.134456,0.130822,2.207805,1.889996
0.631579,0.151261,0.111644,2.216677,1.716468
0.578947,0.151261,0.147945,2.229044,1.612
0.473684,0.156863,0.158904,2.236872,1.594887
0.368421,0.162466,0.169863,2.308525,1.531985
0.263158,0.168069,0.180822,2.348954,1.327243
0.368421,0.210086,0.145205,2.348954,1.255577
0.263158,0.247902,0.217808,2.348954,1.249001
0.157895,0.285717,0.290411,2.316974,1.221236
0.210526,0.277313,0.309589,2.276917,1.186856
0.157895,0.31933,0.327397,2.222458,1.139881
0.105263,0.378152,0.382192,2.053688,1.110905
0.157895,0.378152,0.382877,2.016876,1.106031
0.210526,0.378152,0.383562,2.005789,1.105541
0.157895,0.428573,0.438356,1.923165,1.105541
0.210526,0.39496,0.420548,1.723262,1.105541
0.157895,0.420169,0.456849,1.626442,1.105541
0.263158,0.470591,0.495205,1.534966,1.10075
0.210526,0.512604,0.586986,1.470824,1.095458
0.210526,0.529413,0.55,1.422982,1.04882
0.105263,0.563026,0.585616,1.365126,1.033947
0.210526,0.647061,0.697945,1.266697,1.033947
0.289474,0.617648,0.661986,1.175283,1.033947
0.368421,0.588235,0.626027,1.126414,1.035044
0.421053,0.621848,0.663699,1.061573,1.076387
0.473684,0.613447,0.64589,0.980333,1.196407
0.473684,0.638656,0.664384,0.920064,1.267378
0.421053,0.705883,0.774658,0.827552,1.360839
0.473684,0.773109,0.70137,0.750673,1.394247
0.526316,0.655465,0.720548,0.689021,1.450919
0.526316,0.672269,0.720548,0.67148,1.580458
0.631579,0.630252,0.684932,0.652529,1.638497
0.578947,0.638656,0.684247,0.641901,1.734262
0.578947,0.647061,0.70274,0.6265,1.862535
0.684211,0.697478,0.759589,0.621731,2.001894
0.736842,0.697478,0.760274,0.618594,2.075261
0.736842,0.680674,0.741781,0.620185,2.132861
0.842105,0.647061,0.706164,0.621777,2.176334
0.842105,0.647061,0.687671,0.648904,2.195073
0.789474,0.663865,0.723973,0.779188,2.204532
0.894737,0.588235,0.632877,0.88201,2.211643
0.894737,0.605043,0.65137,0.928033,2.222704
0.894737,0.638656,0.614384,1.003613,2.229183
0.947368,0.563026,0.615068,1.0829,2.260899
0.947368,0.57143,0.615068,1.173126,2.305015
0.894737,0.563026,0.59589,1.254175,2.310507
0.842105,0.504204,0.539726,1.37717,2.313016
0.894737,0.470591,0.503425,1.505125,2.313016
0.894737,0.428573,0.484932,1.56215,2.310253
0.894737,0.445378,0.466438,1.640653,2.304651
0.842105,0.428573,0.44726,1.752872,2.295364
0.789474,0.411765,0.428082,1.838124,2.287204
0.894737,0.285717,0.3,1.909064,2.252755
0.947368,0.260504,0.282192,1.985489,2.19175
0.842105,0.231093,0.243836,2.009,2.095658
0.736842,0.201682,0.205479,2.009,2.010458
0.631579,0.201682,0.194863,2.026008,1.845818
0.526316,0.201682,0.184247,2.068271,1.735491
0.421053,0.151261,0.14589,2.068271,1.665849
0.421053,0.126052,0.127397,2.065725,1.541022
0.368421,0.151261,0.145205,2.062771,1.29836
0.315789,0.184874,0.2,2.062771,1.157015
0.315789,0.2437,0.255479,2.063122,1.00692
0.298246,0.291318,0.304566,2.074408,0.952225
0.280702,0.338937,0.353653,2.079,0.919872
0.263158,0.386556,0.40274,2.079,0.836707
0.368421,0.344539,0.367123,2.079875,0.769692
0.263158,0.436974,0.476712,2.139737,0.625527
0.263158,0.436974,0.458219,2.205587,0.575318
0.263158,0.470591,0.495205,2.220453,0.575318
0.157895,0.554622,0.549315,2.243418,0.575318
0.210526,0.605043,0.642466,2.253734,0.591604
0.210526,0.605043,0.642466,2.259004,0.643174
0.210526,0.647061,0.679452,2.260602,0.719787
0.157895,0.621848,0.641781,2.294986,0.861613
0.210526,0.672269,0.734932,2.391008,0.968198
0.210526,0.672269,0.734932,2.441875,1.031575
0.210526,0.689078,0.734932,2.4612,1.081325
0.263158,0.638656,0.680137,2.46385,1.157351
0.157895,0.621848,0.660274,2.4665,1.277385
0.105263,0.621848,0.678082,2.456088,1.398121
0.157895,0.588235,0.623288,2.450581,1.51133
0.157895,0.563026,0.604795,2.431546,1.649029
0.105263,0.546218,0.585616,2.420654,1.77473
0.052631,0.512604,0.529452,2.411439,1.863157
0.157895,0.512604,0.530822,2.398619,1.90844
0.210526,0.462187,0.439041,2.368068,1.93991
0.157895,0.378152,0.382877,2.256704,2.027052
0.105263,0.378152,0.382192,2.199667,2.111431
0.210526,0.31933,0.346575,1.991154,2.316907
0.157895,0.327731,0.34589,1.862301,2.428503
0.052631,0.210086,0.215068,1.788625,2.454042
0.105263,0.201682,0.19726,1.67105,2.472553
0.195489,0.192079,0.187867,1.622131,2.474571
0.285714,0.182475,0.178474,1.50725,2.474571
0.37594,0.172871,0.16908,1.402786,2.47111
0.466165,0.163267,0.159687,1.307802,2.45575
0.556391,0.153664,0.150294,1.215931,2.451151
0.646616,0.14406,0.1409,1.089646,2.436801
0.736842,0.134456,0.131507,1.072462,2.377228
0.736842,0.109244,0.094521,1.054629,2.297201
0.842105,0.2437,0.243836,1.02625,2.182031
0.894737,0.2521,0.263014,1.005221,2.074838
0.894737,0.302522,0.336986,1.002503,1.9704
0.842105,0.294117,0.317808,1.002503,1.869209
0.894737,0.344539,0.355479,0.956386,1.792178
0.947368,0.453782,0.485616,0.948,1.711405
0.894737,0.428573,0.466438,0.948,1.616794
0.842105,0.39496,0.44726,0.948,1.520764
0.789474,0.462187,0.502055,0.950402,1.449589
0.789474,0.504204,0.557534,0.985581,1.367718
0.736842,0.521009,0.556849,1.017292,1.227155
0.736842,0.537817,0.556849,1.031259,1.125253
0.789474,0.621848,0.668493,1.045326,0.888944
0.684211,0.605043,0.630137,1.056488,0.770651
0.631579,0.630252,0.666438,1.0817,0.677189
0.631579,0.655465,0.703425,1.133026,0.648591
0.578947,0.638656,0.70274,1.201995,0.642583
0.578947,0.672269,0.721233,1.282834,0.642417
0.526316,0.722691,0.776027,1.345403,0.643167
0.526316,0.739496,0.794521,1.423863,0.644038
0.473684,0.7479,0.849315,1.519155,0.662537
0.526316,0.756304,0.813014,1.569395,0.701262
0.526316,0.840339,0.905479,1.615155,0.753864
0.421053,0.756304,0.793151,1.617894,0.813936
0.421053,0.739496,0.774658,1.637659,0.874079
0.421053,0.739496,0.774658,1.64685,0.930554
0.368421,0.756304,0.810959,1.661245,1.023374
0.368421,0.7479,0.792466,1.667969,1.203342
0.421053,0.739496,0.793151,1.667372,1.406375
0.315789,0.731095,0.791781,1.666141,1.448181
0.315789,0.700282,0.754795,1.666141,1.499745
0.315789,0.669469,0.717808,1.652859,1.579199
0.315789,0.638656,0.680822,1.602804,1.664216
0.263158,0.621848,0.661644,1.562241,1.760199
0.394737,0.57563,0.607877,1.551533,1.874475
0.526316,0.529413,0.55411,1.551533,1.958697
0.473684,0.4958,0.571918,1.551533,2.041587
0.421053,0.470591,0.49726,1.558522,2.132165
0.421053,0.453782,0.478767,1.568576,2.193563
0.473684,0.436974,0.460959,1.584804,2.254312
0.526316,0.420169,0.424658,1.602151,2.265952
0.578947,0.386556,0.406849,1.623895,2.266173
0.631579,0.336135,0.352055,1.661313,2.266622
0.631579,0.352943,0.389041,1.709669,2.267704
0.578947,0.327731,0.332877,1.777407,2.265582
0.684211,0.277313,0.29726,1.815355,2.260996
0.736842,0.268908,0.279452,1.859441,2.241256
0.789474,0.240897,0.255479,1.90317,2.220019
0.842105,0.212885,0.231507,1.981167,2.207706
0.894737,0.184874,0.207534,2.070885,2.180947
0.789474,0.142857,0.150685,2.215154,1.992
0.68421,0.155463,0.158562,2.224841,1.8817
0.578947,0.168069,0.166438,2.256359,1.806259
0.526316,0.134456,0.14726,2.287698,1.752953
0.421053,0.100839,0.090411,2.29992,1.612488
0.315789,0.117648,0.107534,2.29992,1.508153
0.210526,0.134456,0.124658,2.29671,1.449884
0.210526,0.134456,0.124658,2.286374,1.251827
0.105263,0.142857,0.141781,2.283405,1.178283
0.105263,0.210086,0.141781,2.2935,1.110417
0.157895,0.2437,0.253425,2.281974,1.038
0.157895,0.344539,0.34589,2.247698,1.007883
0.157895,0.327731,0.327397,2.232046,0.957257
0.210526,0.386556,0.402055,2.211105,0.844537
0.157895,0.411765,0.419863,2.170694,0.717404
0.157895,0.453782,0.475342,2.131807,0.612007
0.105263,0.445378,0.474658,2.108938,0.602292
0.157895,0.453782,0.475342,1.967681,0.580375
0.210526,0.529413,0.55,1.871826,0.571772
0.210526,0.563026,0.586986,1.780695,0.562466
0.210526,0.588235,0.623973,1.708002,0.562177
0.157895,0.680674,0.715753,1.599613,0.568794
0.210526,0.697478,0.734932,1.506292,0.568794
0.105263,0.630252,0.678082,1.432502,0.568794
0.157895,0.756304,0.826712,1.365029,0.569509
0.210526,0.7479,0.808904,1.283744,0.588261
0.263158,0.739496,0.791096,1.221116,0.618409
0.315789,0.722691,0.773288,1.143707,0.672642
0.263158,0.781513,0.791096,1.079941,0.726929
0.368421,0.764708,0.829452,1.003752,0.773154
0.315789,0.806722,0.865753,0.960239,0.804736
0.421053,0.773109,0.811644,0.87786,0.874806
0.421053,0.806722,0.867123,0.856466,0.954197
0.473684,0.773109,0.830822,0.840239,1.060856
0.526316,0.873952,0.905479,0.824808,1.184481
0.578947,0.840339,0.924658,0.80175,1.276
0.578947,0.865548,0.924658,0.790005,1.324567
0.526316,0.840339,0.905479,0.757765,1.402969
0.578947,0.82353,0.887671,0.751001,1.516317
0.631579,0.806722,0.869863,0.748746,1.623886
0.684211,0.781513,0.833562,0.747756,1.670607
0.684211,0.789917,0.796575,0.786487,1.680708
0.684211,0.731095,0.796575,0.899778,1.684589
0.684211,0.7479,0.796575,0.99666,1.717833
0.684211,0.705883,0.759589,1.126633,1.798446
0.736842,0.672269,0.741781,1.227222,1.873719
0.736842,0.680674,0.741781,1.26536,1.915525
0.736842,0.672269,0.741781,1.306196,1.943859
0.736842,0.655465,0.686301,1.425679,1.949556
0.736842,0.621848,0.667808,1.538166,1.952771
0.736842,0.546218,0.593836,1.65125,1.967375
0.736842,0.512604,0.538356,1.727181,2.002099
0.684211,0.546218,0.593151,1.781992,2.061205
0.736842,0.436974,0.44589,1.810844,2.118263
0.763158,0.399159,0.418493,1.896557,2.123468
0.789474,0.361344,0.391096,1.964693,2.142879
0.657895,0.336135,0.361644,1.989262,2.166744
0.526316,0.310926,0.332192,2.042155,2.167994
0.578947,0.268908,0.277397,2.115365,2.143974
0.5,0.252102,0.257877,2.174719,2.076583
0.421053,0.235295,0.238356,2.208946,2.028028
0.473684,0.184874,0.183562,2.140411,1.901775
0.394737,0.172269,0.173288,2.054741,1.804585
0.315789,0.159665,0.163014,2.034393,1.72683
0.210526,0.134456,0.124658,1.974348,1.669186
0.210526,0.151261,0.124658,1.951055,1.622177
0.210526,0.168069,0.106164,1.922658,1.580834
0.210526,0.184874,0.180137,1.859604,1.465804
0.210526,0.184874,0.19863,1.827113,1.304537
0.315789,0.2437,0.273973,1.805236,1.253495
0.315789,0.235295,0.255479,1.769761,1.187584
0.263158,0.260504,0.291781,1.719319,1.118861
0.315789,0.310926,0.329452,1.664144,1.073097
0.368421,0.369748,0.385616,1.604651,1.012246
0.315789,0.428573,0.440411,1.488007,0.941983
0.263158,0.4958,0.532192,1.421434,0.911212
0.210526,0.4958,0.513014,1.348119,0.897847
0.315789,0.504204,0.532877,1.315333,0.897847
0.315789,0.563026,0.643836,1.190131,0.897847
0.315789,0.638656,0.699315,1.135325,0.907962
0.315789,0.647061,0.699315,1.078956,0.931894
0.368421,0.655465,0.7,1.018816,1.001326
0.421053,0.655465,0.700685,0.930286,1.069721
0.368421,0.731095,0.773973,0.863368,1.148461
0.368421,0.689078,0.755479,0.8045,1.200221
0.473684,0.806722,0.849315,0.8045,1.230272
0.526316,0.789917,0.85,0.806,1.283362
0.631579,0.7479,0.869863,0.806,1.388209
0.578947,0.705883,0.739726,0.824745,1.468388
0.631579,0.722691,0.758904,0.851417,1.538003
0.684211,0.739496,0.815068,0.856331,1.625043
0.736842,0.789917,0.85274,0.867199,1.727497
0.684211,0.773109,0.815068,0.876162,1.834109
0.684211,0.739496,0.796575,0.882883,1.927741
0.684211,0.722691,0.759589,0.892313,1.995859
0.631579,0.680674,0.740411,0.977002,2.067429
0.684211,0.672269,0.70411,1.068207,2.13343
0.684211,0.621848,0.667123,1.147281,2.195285
0.736842,0.579834,0.630822,1.261778,2.279411
0.763158,0.554624,0.594178,1.327708,2.35812
0.789474,0.529413,0.557534,1.391414,2.413406
0.736842,0.512604,0.538356,1.468324,2.416
0.789474,0.445378,0.465068,1.577432,2.416
0.842105,0.403361,0.428767,1.678432,2.416
0.842105,0.378152,0.410274,1.755916,2.316892
0.842105,0.361344,0.391781,1.814476,2.259693
0.842105,0.336135,0.354795,1.893339,2.235192
0.842105,0.2521,0.262329,1.982089,2.216815
0.894737,0.2521,0.244521,2.045315,2.196908
0.894737,0.277313,0.189041,2.106891,2.171328
0.789474,0.218489,0.169178,2.20225,2.102818
0.684211,0.159665,0.149315,2.291531,1.871282
0.631579,0.117648,0.111644,2.366217,1.751913
0.578947,0.100839,0.073973,2.3754,1.69454
0.447368,0.084033,0.063014,2.389745,1.670142
0.315789,0.067226,0.052055,2.393184,1.622395
0.315789,0.084035,0.070548,2.393184,1.568068
0.263158,0.100839,0.088356,2.391916,1.56423
0.210526,0.184874,0.180137,2.319063,1.540047
0.105263,0.201682,0.19726,2.274456,1.538324
0.157895,0.294117,0.290411,2.059717,1.515576
0.157895,0.268908,0.308904,1.969854,1.51831
0.157895,0.294117,0.308904,1.927574,1.546707
0.105263,0.327731,0.345205,1.806572,1.559309
0.157895,0.344539,0.34589,1.672578,1.541375
0.210526,0.336135,0.346575,1.6133,1.539125
0.210526,0.31933,0.346575,1.597632,1.5425
0.210526,0.31933,0.328082,1.522281,1.543625
0.263158,0.352943,0.328767,1.449559,1.547
0.315789,0.386556,0.403425,1.296403,1.574183
0.368421,0.428573,0.441096,1.12075,1.590471
0.368421,0.378152,0.385616,1.041761,1.598803
0.447368,0.399161,0.414384,0.960375,1.599169
0.526316,0.420169,0.443151,0.826937,1.595278
0.473684,0.420169,0.442466,0.779904,1.566704
0.552632,0.478993,0.498973,0.779904,1.520625
0.631579,0.537817,0.555479,0.779904,1.499286
0.631579,0.521009,0.555479,0.788785,1.420333
0.736842,0.57143,0.667808,0.857337,1.335101
0.736842,0.613447,0.649315,0.911717,1.258615
0.736842,0.630252,0.667808,0.967063,1.144011
0.736842,0.680674,0.723288,1.027253,1.081875
0.736842,0.663865,0.723288,1.147607,0.934476
0.684211,0.689078,0.741096,1.251984,0.845344
0.736842,0.680674,0.704795,1.337564,0.814892
0.710526,0.668069,0.713699,1.384523,0.811385
0.684211,0.655465,0.722603,1.469818,0.796532
0.631579,0.689078,0.740411,1.542659,0.788076
0.526316,0.731095,0.776027,1.659628,0.786668
0.526316,0.705883,0.776027,1.764357,0.779625
0.473684,0.731095,0.793836,1.904733,0.779625
0.473684,0.739496,0.775342,1.965565,0.780532
0.526316,0.781513,0.813014,2.074349,0.81484
0.421053,0.680674,0.737671,2.131861,0.916798
0.421053,0.714287,0.756164,2.173807,0.969375
0.368421,0.705883,0.755479,2.209369,1.05194
0.421053,0.663865,0.719178,2.268889,1.174824
0.315789,0.638656,0.690068,2.326736,1.279336
0.210526,0.613447,0.660959,2.3758,1.39354
0.210526,0.588235,0.605479,2.382841,1.483808
0.315789,0.579834,0.625342,2.386357,1.581592
0.263158,0.567228,0.606164,2.390017,1.624107
0.210526,0.554622,0.586986,2.390959,1.67179
0.105263,0.478991,0.511644,2.389868,1.8372
0.157895,0.504204,0.512329,2.382311,1.99003
0.105263,0.428573,0.437671,2.348522,2.119084
0.210526,0.428573,0.420548,2.285973,2.241119
0.210526,0.344539,0.346575,2.121116,2.285107
0.210526,0.310926,0.309589,2.067788,2.2905
0.157895,0.310926,0.271918,1.973301,2.292471
0.192982,0.257704,0.229224,1.884198,2.293884
0.22807,0.204482,0.18653,1.830261,2.295384
0.263158,0.151261,0.143836,1.709584,2.325403
0.210526,0.130252,0.096918,1.604624,2.373395
0.157895,0.109244,0.05,1.59585,2.396
0.263158,0.100841,0.060616,1.570187,2.398203
0.368421,0.092439,0.071233,1.442098,2.408136
0.421053,0.138656,0.127397,1.321952,2.40581
0.473684,0.184874,0.183562,1.209,2.40581
0.605263,0.172269,0.185274,0.95656,2.398
0.736842,0.159665,0.186986,0.862893,2.382138
0.789474,0.17647,0.169178,0.784284,2.352032
0.789474,0.201682,0.243151,0.77575,2.27831
0.842105,0.336135,0.336301,0.773463,2.172611
0.894737,0.336135,0.355479,0.769728,2.062
0.894737,0.361344,0.392466,0.768109,1.980738
0.894737,0.403361,0.429452,0.7685,1.886584
0.894737,0.386556,0.410959,0.769331,1.793925
0.894737,0.428573,0.466438,0.769911,1.733972
0.894737,0.478991,0.521918,0.78314,1.66101
0.842105,0.4958,0.521233,0.840976,1.623966
0.842105,0.512604,0.539726,0.949273,1.614712
0.842105,0.546218,0.576712,1.045786,1.612177
0.789474,0.563026,0.594521,1.147043,1.611552
0.789474,0.554622,0.594521,1.308138,1.604788
0.736842,0.579834,0.612329,1.370225,1.600961
0.736842,0.579834,0.630822,1.405681,1.572814
0.684211,0.621848,0.64863,1.473677,1.557434
0.684211,0.605043,0.64863,1.503093,1.537029
0.631579,0.579834,0.610959,1.505724,1.482483
0.631579,0.537817,0.592466,1.511208,1.335603
0.684211,0.478991,0.463699,1.511208,1.303733
0.631579,0.420169,0.463014,1.462575,1.288406
0.684211,0.428573,0.445205,1.374813,1.254436
0.578947,0.420169,0.443836,1.312842,1.200429
0.473684,0.487396,0.497945,1.189249,1.06265
0.526316,0.453782,0.480137,1.118022,1.014987
0.421053,0.462187,0.49726,1.096898,0.960552
0.473684,0.521009,0.534932,1.058105,0.939826
0.473684,0.529413,0.553425,1.0325,0.945682
0.473684,0.57143,0.608904,1.00462,0.945682
0.578947,0.588235,0.628767,0.975875,0.958724
0.526316,0.638656,0.702055,0.906929,0.970845
0.526316,0.689078,0.739041,0.892169,0.978878
0.526316,0.672269,0.739041,0.853142,0.989779
0.526316,0.756304,0.831507,0.822062,1.0265
0.526316,0.705883,0.776027,0.813197,1.05187
0.578947,0.789917,0.850685,0.805897,1.185071
0.526316,0.806722,0.85,0.781338,1.297248
0.578947,0.739496,0.813699,0.755705,1.39534
0.684211,0.815126,0.870548,0.7525,1.478108
0.684211,0.815126,0.870548,0.73373,1.564894
0.684211,0.798321,0.870548,0.723933,1.681849
0.789474,0.756304,0.908904,0.723933,1.805825
0.710526,0.739497,0.843151,0.723933,1.924485
0.631579,0.722691,0.777397,0.743742,2.012088
0.578947,0.689078,0.739726,0.793722,2.078579
0.657895,0.684876,0.740753,0.832184,2.129481
0.736842,0.680674,0.741781,0.874241,2.193984
0.736842,0.655465,0.704795,0.906249,2.262203
0.789474,0.630252,0.686986,0.978262,2.271238
0.894737,0.630252,0.669863,1.057163,2.271238
0.842105,0.630252,0.687671,1.169352,2.271238
0.894737,0.563026,0.59589,1.259187,2.266852
0.894737,0.537817,0.577397,1.374724,2.26398
0.894737,0.478991,0.521918,1.487829,2.196688
0.947368,0.470591,0.50411,1.606323,2.162869
0.947368,0.436974,0.467123,1.705959,2.149516
0.894737,0.420169,0.484932,1.805759,2.119144
0.894737,0.361344,0.410959,1.865964,2.094015
0.842105,0.327731,0.336301,1.909357,2.070996
0.842105,0.302522,0.317808,1.939491,2.034209
0.894737,0.294117,0.318493,2.044015,1.937545
0.842105,0.193278,0.206849,2.152462,1.85838
0.789474,0.189076,0.196918,2.231108,1.828332
0.736842,0.184874,0.186986,2.38975,1.723117
0.657895,0.159665,0.167466,2.404,1.47518
0.578947,0.134456,0.147945,2.402125,1.406251
0.473684,0.138656,0.146575,2.406186,1.379725
0.368421,0.142857,0.145205,2.408468,1.350554
0.368421,0.193278,0.182192,2.398605,1.258166
0.263158,0.218487,0.217808,2.38306,1.139111
0.263158,0.2521,0.236301,2.330786,1.090677
0.157895,0.2437,0.234932,2.2396,1.010243
0.105263,0.344539,0.345205,2.215848,0.844105
0.157895,0.336135,0.34589,2.182306,0.800083
0.105263,0.378152,0.382192,2.136733,0.779973
0.157895,0.411765,0.419863,2.070699,0.770408
0.157895,0.470591,0.493836,1.898653,0.76264
0.157895,0.462187,0.493836,1.842924,0.745681
0.052631,0.512604,0.547945,1.751067,0.726861
0.105263,0.525211,0.557877,1.649062,0.726276
0.157895,0.537817,0.567808,1.548116,0.726276
0.263158,0.546218,0.606164,1.48535,0.726861
0.210526,0.57143,0.605479,1.417475,0.741645
0.210526,0.621848,0.660959,1.327875,0.795638
0.263158,0.672269,0.717123,1.285257,0.810591
0.263158,0.663865,0.717123,1.2775,0.83607
0.315789,0.638656,0.699315,1.275,0.919668
0.368421,0.689078,0.736986,1.275,0.961062
0.421053,0.689078,0.737671,1.279289,1.003362
0.368421,0.689078,0.736986,1.287931,1.120741
0.368421,0.722691,0.773973,1.291048,1.209652
0.421053,0.735295,0.793151,1.29679,1.299249
0.473684,0.7479,0.812329,1.298477,1.398516
0.526316,0.756304,0.813014,1.305727,1.492007
0.473684,0.756304,0.812329,1.326805,1.545134
0.578947,0.739496,0.776712,1.361554,1.575587
0.5,0.680672,0.729452,1.373152,1.575587
0.421053,0.621848,0.682192,1.38582,1.579108
0.526316,0.596639,0.628082,1.5659,1.580135
0.578947,0.588235,0.628767,1.67531,1.552207
0.578947,0.521009,0.64726,1.760382,1.483059
0.526316,0.537817,0.55411,1.865927,1.439784
0.631579,0.521009,0.555479,1.944217,1.425
0.605263,0.487396,0.499658,1.977434,1.412698
0.578947,0.453782,0.443836,1.977434,1.398819
0.578947,0.403361,0.425342,1.968859,1.405704
0.526316,0.386556,0.424658,1.956,1.419611
0.473684,0.390758,0.423973,1.931567,1.425
0.421053,0.39496,0.423288,1.718409,1.441354
0.315789,0.369748,0.384932,1.627369,1.48034
0.263158,0.352943,0.384247,1.529651,1.51425
0.210526,0.361344,0.365068,1.422355,1.538895
0.315789,0.386556,0.403425,1.358469,1.551962
0.315789,0.378152,0.421918,1.282232,1.559942
0.263158,0.462187,0.495205,1.136315,1.560297
0.342105,0.432774,0.459247,1.053083,1.56319
0.421053,0.403361,0.423288,0.995065,1.562923
0.526316,0.436974,0.461644,0.832084,1.560233
0.578947,0.470591,0.480822,0.75309,1.558994
0.578947,0.453782,0.480822,0.721862,1.53739
0.578947,0.521009,0.554795,0.721862,1.486964
0.631579,0.521009,0.555479,0.721862,1.390694
0.631579,0.537817,0.555479,0.726449,1.317169
0.684211,0.655465,0.70411,0.75601,1.208683
0.736842,0.621848,0.686301,0.7575,1.177146
0.736842,0.630252,0.686301,0.77599,1.049643
0.789474,0.638656,0.686986,0.786634,0.902015
0.736842,0.663865,0.741781,0.837213,0.757958
0.736842,0.672269,0.741781,0.929381,0.654141
0.736842,0.689078,0.741781,1.030918,0.621765
0.684211,0.689078,0.741096,1.148105,0.591979
0.578947,0.756304,0.795205,1.221314,0.570094
0.631579,0.7479,0.814384,1.327036,0.564405
0.684211,0.756304,0.815068,1.459,0.547125
0.578947,0.764708,0.832192,1.567996,0.546
0.526316,0.831934,0.886986,1.669334,0.546
0.526316,0.848739,0.905479,1.753899,0.546
0.473684,0.82353,0.886301,1.84047,0.562836
0.473684,0.840339,0.886301,1.912002,0.595477
0.473684,0.806722,0.867808,1.978166,0.640845
0.368421,0.764708,0.810959,2.061769,0.671776
0.421053,0.781513,0.84863,2.236627,0.707942
0.473684,0.756304,0.812329,2.347241,0.851649
0.368421,0.726891,0.783219,2.376228,0.99187
0.263158,0.697478,0.75411,2.39233,1.092559
0.263158,0.714287,0.75411,2.39625,1.150007
0.157895,0.621848,0.660274,2.410273,1.234791
0.157895,0.647061,0.678767,2.417385,1.387018
0.210526,0.630252,0.660959,2.41801,1.521533
0.105263,0.605043,0.622603,2.41801,1.63924
0.157895,0.588235,0.623288,2.413178,1.75633
0.105263,0.546218,0.567123,2.396443,1.871938
0.052631,0.487396,0.510959,2.337784,1.970026
0.052631,0.462187,0.492466,2.30175,2.060625
0.052631,0.436974,0.455479,2.219387,2.185233
0.052631,0.428573,0.418493,2.170554,2.277572
0.157895,0.453782,0.364384,2.099354,2.368363
0.105263,0.302522,0.308219,2.017195,2.4421
0.052631,0.277313,0.289041,1.956467,2.475316
0.157895,0.239497,0.244178,1.90917,2.485993
0.263158,0.201682,0.199315,1.858736,2.496333
0.210526,0.193278,0.180137,1.606,2.502021
0.105263,0.168069,0.178767,1.497587,2.517413
0.236842,0.126052,0.09726,1.449794,2.522359
0.368421,0.084035,0.015753,1.28058,2.522359
0.421053,0.058826,0.034932,1.185539,2.522359
0.526316,0.084035,0.073288,1.128877,2.515449
0.578947,0.117648,0.110959,1.073304,2.475202
0.68421,0.134454,0.130822,1.01903,2.436892
0.789474,0.151261,0.150685,0.942721,2.405044
0.789474,0.2437,0.243151,0.848309,2.377411
0.894737,0.2521,0.263014,0.782225,2.288864
0.894737,0.277313,0.281507,0.742773,2.222455
0.894737,0.294117,0.3,0.714595,2.120744
0.894737,0.361344,0.373973,0.700551,2.018027
0.894737,0.39496,0.410959,0.67731,1.898689
0.894737,0.428573,0.447945,0.682987,1.83354
0.894737,0.470591,0.484932,0.70242,1.77137
0.894737,0.4958,0.540411,0.714595,1.557558
0.947368,0.554622,0.596575,0.715,1.462823
0.894737,0.579834,0.632877,0.71875,1.365386
0.894737,0.554622,0.614384,0.737332,1.290535
0.789474,0.588235,0.631507,0.83931,1.166273
0.789474,0.563026,0.613014,0.909254,0.980789
0.789474,0.655465,0.705479,1.03956,0.841485
0.789474,0.655465,0.723973,1.119123,0.72291
0.789474,0.731095,0.797945,1.188948,0.656889
0.789474,0.739496,0.797945,1.24137,0.656722
0.789474,0.731095,0.797945,1.278443,0.657
0.68421,0.7437,0.805822,1.373474,0.657
0.578947,0.756304,0.813699,1.48367,0.65775
0.526316,0.739496,0.813014,1.603805,0.660254
0.526316,0.806722,0.868493,1.701863,0.665066
0.473684,0.806722,0.867808,1.820372,0.66702
0.473684,0.82353,0.886301,1.921007,0.668705
0.368421,0.806722,0.866438,2.029077,0.677726
0.368421,0.756304,0.792466,2.0885,0.727586
0.368421,0.739496,0.810959,2.14788,0.778125
0.368421,0.739496,0.773973,2.197297,0.849115
0.328947,0.72479,0.759589,2.229337,1.063722
0.289474,0.710085,0.745205,2.284674,1.182029
0.25,0.695379,0.730822,2.299,1.277257
0.210526,0.680674,0.716438,2.299,1.415241
0.210526,0.638656,0.679452,2.30275,1.532086
0.157895,0.621848,0.641781,2.307475,1.649554
0.105263,0.588235,0.622603,2.290351,1.72623
0.052631,0.563026,0.603425,2.263197,1.804496
0.157895,0.487396,0.512329,2.17124,1.894746
0.157895,0.436974,0.475342,2.060693,2.129762
0.052631,0.436974,0.455479,2.041332,2.222707
0.105263,0.399159,0.409932,2.012941,2.226
0.157895,0.361344,0.364384,1.90068,2.261174
0.210526,0.31933,0.328082,1.79501,2.287431
0.192982,0.29692,0.303196,1.700813,2.29841
0.175439,0.27451,0.278311,1.589888,2.343375
0.157895,0.2521,0.253425,1.504375,2.390205
0.263158,0.159665,0.162329,1.459213,2.39491
0.394737,0.142858,0.145548,1.344147,2.398455
0.526316,0.126052,0.128767,1.24998,2.402
0.631579,0.142857,0.14863,1.187644,2.384705
0.631579,0.218487,0.241096,1.149114,2.306333
0.68421,0.226891,0.232534,1.114807,2.185309
0.736842,0.235295,0.223973,1.058839,2.103264
0.789474,0.235295,0.261644,0.972369,2.030211
0.842105,0.2437,0.262329,0.944,1.955575
0.842105,0.235295,0.243836,0.960004,1.851346
0.842105,0.268908,0.299315,0.960004,1.752697
0.842105,0.302522,0.317808,0.974128,1.683247
0.789474,0.386556,0.409589,1.018026,1.601568
0.789474,0.436974,0.465068,1.056,1.498364
0.789474,0.436974,0.465068,1.061779,1.371516
0.789474,0.521009,0.557534,1.077864,1.170426
0.789474,0.504204,0.539041,1.115847,1.068589
0.789474,0.563026,0.613014,1.18261,0.979908
0.684211,0.655465,0.70411,1.251148,0.845138
0.631579,0.588235,0.610959,1.324628,0.829081
0.578947,0.638656,0.665753,1.392881,0.821703
0.578947,0.605043,0.64726,1.525,0.808618
0.526316,0.613447,0.646575,1.627803,0.785751
0.578947,0.672269,0.739726,1.762308,0.777787
0.526316,0.684874,0.748288,1.877339,0.777787
0.473684,0.697478,0.756849,1.980022,0.777787
0.421053,0.739496,0.774658,2.046211,0.791723
0.368421,0.756304,0.755479,2.10887,0.869731
0.263158,0.689078,0.735616,2.143367,0.966437
0.342105,0.680674,0.727397,2.191166,1.055803
0.421053,0.672269,0.719178,2.304733,1.122201
0.315789,0.663867,0.708562,2.32949,1.208216
0.210526,0.655465,0.697945,2.32949,1.288323
0.315789,0.655465,0.699315,2.330117,1.386057
0.210526,0.596639,0.642466,2.332362,1.470698
0.210526,0.605043,0.642466,2.32537,1.581125
0.157895,0.588235,0.623288,2.302291,1.657199
0.263158,0.504204,0.532192,2.268828,1.691028
0.210526,0.462187,0.476027,2.253939,1.791859
0.175439,0.445379,0.463242,2.22553,2.033608
0.140351,0.428572,0.450457,2.157721,2.136199
0.105263,0.411765,0.437671,2.08108,2.243317
0.210526,0.361344,0.383562,2.038029,2.28352
0.263158,0.327731,0.34726,2.022575,2.310736
0.210526,0.285717,0.272603,1.806812,2.368789
0.210526,0.2521,0.272603,1.648926,2.391814
0.210526,0.193278,0.19863,1.564808,2.396905
0.210526,0.201682,0.19863,1.389448,2.396905
0.157895,0.142857,0.142466,1.315521,2.396751
0.298246,0.145658,0.144292,1.232203,2.382355
0.438596,0.148459,0.146119,1.058453,2.337125
0.578947,0.151261,0.147945,0.981308,2.278307
0.473684,0.134456,0.146575,0.924461,2.205734
0.605263,0.168069,0.176027,0.84203,2.139112
0.736842,0.201682,0.205479,0.81222,2.100986
0.842105,0.201682,0.225342,0.81222,1.99426
0.842105,0.277313,0.262329,0.81222,1.912792
0.842105,0.260504,0.280822,0.81761,1.825875
0.842105,0.336135,0.354795,0.873766,1.70624
0.842105,0.403361,0.428767,0.89038,1.602789
0.842105,0.420169,0.44726,0.89038,1.517096
0.842105,0.436974,0.465753,0.89038,1.409792
0.842105,0.546218,0.558219,0.896333,1.21719
0.842105,0.504204,0.539726,0.900152,1.125198
0.789474,0.504204,0.539041,0.900152,1.027853
0.789474,0.504204,0.557534,0.900152,1.002849
0.736842,0.521009,0.556849,0.947227,0.899481
0.736842,0.546218,0.593836,1.03707,0.779807
0.684211,0.57143,0.611644,1.125987,0.685009
0.631579,0.605043,0.647945,1.305684,0.658132
0.684211,0.655465,0.685616,1.364916,0.658132
0.631579,0.663865,0.703425,1.439049,0.658132
0.684211,0.7479,0.815068,1.499792,0.660599
0.605263,0.743698,0.814041,1.567039,0.719437
0.526316,0.739496,0.813014,1.63118,0.788049
0.473684,0.756304,0.812329,1.681744,0.828648
0.473684,0.789917,0.849315,1.72116,0.930817
0.473684,0.756304,0.812329,1.778559,1.072368
0.526316,0.789917,0.831507,1.789201,1.184258
0.421053,0.798321,0.830137,1.798937,1.241835
0.473684,0.756304,0.812329,1.807187,1.340377
0.421053,0.722691,0.774658,1.795559,1.480353
0.315789,0.697478,0.754795,1.755966,1.514451
0.298246,0.661064,0.705251,1.707868,1.641981
0.280702,0.624649,0.655708,1.663422,1.762235
0.263158,0.588235,0.606164,1.629637,1.877733
0.315789,0.554622,0.588356,1.594522,2.024666
0.263158,0.57143,0.624658,1.593364,2.105694
0.368421,0.521009,0.552055,1.593364,2.13615
0.421053,0.470591,0.49726,1.598243,2.178273
0.421053,0.453782,0.49726,1.625153,2.195819
0.473684,0.411765,0.423973,1.707807,2.195819
0.526316,0.369748,0.387671,1.805414,2.182319
0.526316,0.336135,0.369178,1.86098,2.20034
0.578947,0.386556,0.406849,1.912888,2.182886
0.631579,0.327731,0.333562,1.975755,2.135493
0.710526,0.29832,0.306849,2.174423,2.106594
0.789474,0.268908,0.280137,2.229357,2.066882
0.736842,0.226891,0.223973,2.260358,1.949338
0.736842,0.226891,0.205479,2.308622,1.888208
0.684211,0.168069,0.186301,2.312658,1.793919
0.631579,0.168069,0.167123,2.312658,1.708495
0.578947,0.134456,0.110959,2.275462,1.603937
0.491228,0.126052,0.103653,2.253125,1.522908
0.403509,0.117648,0.096347,2.244588,1.480088
0.315789,0.109244,0.089041,2.238717,1.3965
0.368421,0.109244,0.108219,2.223849,1.327
0.315789,0.130252,0.126027,2.204155,1.241316
0.263158,0.151261,0.143836,2.150637,1.147388
0.18421,0.243698,0.244521,2.128941,1.085166
0.105263,0.336135,0.345205,2.102259,1.016259
0.157895,0.327731,0.34589,2.067265,0.923221
0.105263,0.352943,0.363699,2.006167,0.841431
0.105263,0.352943,0.363699,1.930596,0.814066
0.105263,0.445378,0.474658,1.868683,0.793437
0.105263,0.453782,0.493151,1.761356,0.783258
0.157895,0.470591,0.493836,1.682619,0.766716
0.157895,0.546218,0.567808,1.616464,0.752
0.105263,0.57143,0.60411,1.51215,0.752
0.157895,0.537817,0.641781,1.415857,0.752
0.210526,0.605043,0.623973,1.354454,0.753771
0.263158,0.680674,0.735616,1.266977,0.791769
0.210526,0.596639,0.642466,1.196605,0.874338
0.157895,0.680674,0.715753,1.147992,0.947954
0.263158,0.689078,0.735616,1.094535,1.028509
0.368421,0.697478,0.718493,1.013667,1.136569
0.315789,0.731095,0.791781,0.917263,1.220383
0.368421,0.739496,0.792466,0.870189,1.270303
0.421053,0.726891,0.793151,0.86248,1.417658
0.473684,0.714287,0.793836,0.855282,1.540431
0.421053,0.697478,0.719178,0.84875,1.618744
0.526316,0.739496,0.776027,0.836788,1.700452
0.526316,0.722691,0.794521,0.83405,1.807068
0.578947,0.756304,0.795205,0.83569,1.927459
0.578947,0.722691,0.795205,0.835734,2.041703
0.631579,0.722691,0.777397,0.835734,2.11994
0.631579,0.697478,0.740411,0.848824,2.159117
0.684211,0.655465,0.70411,0.915441,2.171402
0.684211,0.638656,0.667123,0.986664,2.221372
0.736842,0.621848,0.649315,1.046819,2.293479
0.736842,0.605043,0.649315,1.107998,2.385827
0.789474,0.57143,0.613014,1.142455,2.48275
0.842105,0.554622,0.595205,1.181345,2.533
0.789474,0.537817,0.576027,1.292647,2.534
0.842105,0.478991,0.521233,1.401428,2.534
0.842105,0.470591,0.484247,1.492789,2.534
0.894737,0.420169,0.447945,1.580637,2.528739
0.894737,0.403361,0.447945,1.694437,2.517271
0.947368,0.31933,0.356164,1.913978,2.511409
0.947368,0.31933,0.356164,1.940752,2.428996
0.894737,0.327731,0.355479,2.059265,2.302192
0.947368,0.2437,0.263699,2.189035,2.231519
0.947368,0.193278,0.208219,2.234072,2.13577
0.894737,0.184874,0.170548,2.262595,2.003083
0.789474,0.168069,0.169178,2.274227,1.947605
0.789474,0.159665,0.150685,2.285803,1.903266
0.68421,0.117648,0.075342,2.291406,1.831163
0.578947,0.07563,0.0,2.291406,1.746692
0.447368,0.084035,0.044521,2.286928,1.6045
0.315789,0.092439,0.089041,2.286,1.425518
0.263158,0.134456,0.069863,2.283976,1.308893
0.315789,0.109244,0.107534,2.204668,1.262734
0.368421,0.210086,0.219178,2.138275,1.210809
0.315789,0.2521,0.255479,2.113143,1.109688
0.210526,0.277313,0.272603,2.091589,0.961666
0.157895,0.302522,0.308904,2.06144,0.879798
0.105263,0.31933,0.289726,1.891424,0.850085
0.210526,0.327731,0.346575,1.818712,0.82825
0.157895,0.420169,0.438356,1.764606,0.806082
0.210526,0.420169,0.439041,1.708625,0.76325
0.157895,0.4958,0.512329,1.62423,0.710643
0.157895,0.436974,0.475342,1.503337,0.678116
0.157895,0.537817,0.512329,1.402579,0.661823
0.157895,0.630252,0.660274,1.33751,0.661823
0.263158,0.647061,0.680137,1.25571,0.661823
0.315789,0.647061,0.699315,1.200082,0.680634
0.368421,0.621848,0.663014,1.159357,0.735661
0.315789,0.663865,0.699315,1.124843,0.807013
0.315789,0.731095,0.791781,1.062672,0.83557
0.315789,0.7479,0.791781,0.99298,0.877877
0.421053,0.739496,0.793151,0.94191,0.956614
0.473684,0.756304,0.793836,0.914609,1.103671
0.421053,0.789917,0.84863,0.909398,1.228868
0.421053,0.773109,0.830137,0.892003,1.345908
0.473684,0.756304,0.793836,0.855175,1.448111
0.473684,0.773109,0.830822,0.797768,1.550375
0.578947,0.789917,0.850685,0.794643,1.65677
0.526316,0.789917,0.85,0.794643,1.777591
0.631579,0.789917,0.832877,0.794643,1.805077
0.631579,0.731095,0.777397,0.900455,1.808507
0.631579,0.722691,0.758904,0.973117,1.814746
0.631579,0.672269,0.721918,1.073798,1.826197
0.684211,0.672269,0.70411,1.125863,1.901475
0.736842,0.647061,0.704795,1.214274,1.986928
0.789474,0.647061,0.686986,1.298286,2.051145
0.789474,0.621848,0.686986,1.406907,2.063616
0.789474,0.613447,0.668493,1.537917,2.077879
0.684211,0.537817,0.574658,1.656886,2.084558
0.789474,0.512604,0.557534,1.778478,2.09446
0.736842,0.512604,0.556849,1.844208,2.124422
0.789474,0.462187,0.502055,1.895194,2.145764
0.842105,0.403361,0.428767,1.97774,2.185977
0.789474,0.411765,0.446575,2.058125,2.218583
0.68421,0.386554,0.408219,2.092286,2.219152
0.578947,0.361344,0.369863,2.094714,2.22378
0.631579,0.336135,0.370548,2.094714,2.253782
0.578947,0.2521,0.258904,2.078554,2.28425
0.578947,0.201682,0.221918,1.918933,2.295909
0.473684,0.17647,0.165068,1.751404,2.374047
0.421053,0.151261,0.164384,1.662849,2.473199
0.342105,0.151261,0.15411,1.596955,2.515116
0.263158,0.151261,0.143836,1.54337,2.525094
0.210526,0.151261,0.143151,1.461377,2.525094
0.315789,0.151261,0.126027,1.32715,2.525094
0.368421,0.151261,0.145205,1.2189,2.521356
0.368421,0.168069,0.163699,1.127825,2.492479
0.473684,0.117648,0.109589,0.998455,2.461263
0.526316,0.100839,0.110274,0.885788,2.416878
0.68421,0.134454,0.140068,0.8175,2.332501
0.842105,0.168069,0.169863,0.810031,2.213733
0.789474,0.17647,0.187671,0.803342,2.099673
0.842105,0.168069,0.169863,0.795547,1.98684
0.894737,0.17647,0.189041,0.765306,1.893162
0.894737,0.327731,0.355479,0.737203,1.720606
0.842105,0.344539,0.373288,0.736,1.604993
0.894737,0.39496,0.429452,0.736,1.487261
0.894737,0.420169,0.447945,0.736,1.344031
0.894737,0.478991,0.484932,0.750431,1.212002
0.894737,0.4958,0.503425,0.77875,1.104212
0.842105,0.512604,0.558219,0.830939,0.991011
0.842105,0.529413,0.558219,0.895578,0.859971
0.789474,0.579834,0.631507,0.964999,0.747775
0.789474,0.621848,0.668493,1.048444,0.714609
0.789474,0.663865,0.779452,1.143076,0.709149
0.736842,0.714287,0.778767,1.237847,0.704717
0.684211,0.697478,0.759589,1.2999,0.699266
0.684211,0.781513,0.833562,1.413597,0.68893
0.631579,0.810926,0.869863,1.537374,0.696388
0.578947,0.840339,0.906164,1.654746,0.698781
0.526316,0.789917,0.85,1.797279,0.700547
0.526316,0.82353,0.905479,1.884911,0.724835
0.421053,0.806722,0.867123,1.912468,0.786882
0.421053,0.756304,0.867123,1.973625,0.821465
0.421053,0.714287,0.774658,2.057995,0.954817
0.447368,0.731093,0.775,2.162255,1.062365
0.473684,0.7479,0.775342,2.199754,1.126725
0.342105,0.735295,0.755137,2.319039,1.264186
0.210526,0.722691,0.734932,2.35344,1.356304
0.263158,0.689078,0.735616,2.377,1.399469
0.210526,0.563026,0.605479,2.37275,1.461499
0.263158,0.613447,0.643151,2.334791,1.661714
0.315789,0.579834,0.606849,2.257278,1.779325
0.263158,0.563026,0.587671,2.226992,1.93723
0.157895,0.478991,0.512329,2.205125,1.991071
0.157895,0.487396,0.512329,2.194036,2.003157
0.105263,0.411765,0.419178,1.975378,2.158901
0.157895,0.352943,0.364384,1.823107,2.216771
0.105263,0.361344,0.382192,1.74387,2.223123
0.210526,0.344539,0.365068,1.619294,2.252178
0.105263,0.2437,0.25274,1.559773,2.277043
0.210526,0.193278,0.180137,1.558619,2.27778
0.263158,0.168069,0.180822,1.548537,2.27778
0.368421,0.142857,0.145205,1.422233,2.273419
0.315789,0.117648,0.126027,1.362006,2.231823
0.368421,0.226891,0.145205,1.344,2.179455
0.421053,0.218487,0.20137,1.119315,2.14567
0.578947,0.231093,0.221918,0.842687,2.122375
0.736842,0.2437,0.242466,0.741693,2.101609
0.736842,0.285717,0.316438,0.674782,2.081485
0.789474,0.336135,0.335616,0.674782,1.991957
0.842105,0.369748,0.373288,0.670988,1.893463
0.842105,0.39496,0.410274,0.662188,1.80345
0.894737,0.420169,0.429452,0.664831,1.691312
0.842105,0.445378,0.484247,0.672891,1.563509
0.842105,0.504204,0.539726,0.677934,1.397093
0.894737,0.546218,0.577397,0.683731,1.283274
0.894737,0.554622,0.59589,0.709046,1.17127
0.894737,0.57143,0.614384,0.800025,1.089255
0.789474,0.613447,0.631507,0.895125,1.064198
0.789474,0.605043,0.65,0.974732,1.029791
0.789474,0.621848,0.668493,1.053741,1.029791
0.789474,0.647061,0.65,1.096626,1.047323
0.684211,0.689078,0.759589,1.220875,1.091409
0.684211,0.7479,0.870548,1.303391,1.135564
0.684211,0.82353,0.870548,1.312229,1.207244
0.631579,0.7479,0.79589,1.31772,1.320495
0.631579,0.764708,0.814384,1.332651,1.417037
0.578947,0.756304,0.795205,1.344952,1.555715
0.578947,0.722691,0.758219,1.358732,1.676575
0.684211,0.705883,0.778082,1.41325,1.8055
0.631579,0.731095,0.758904,1.448641,1.909733
0.578947,0.655465,0.721233,1.492453,2.013302
0.526316,0.638656,0.683562,1.543225,2.120625
0.578947,0.638656,0.684247,1.598708,2.131
0.578947,0.554622,0.610274,1.657999,2.13175
0.578947,0.521009,0.554795,1.746877,2.15185
0.578947,0.453782,0.499315,1.783917,2.143414
0.578947,0.420169,0.462329,1.821777,2.128489
0.631579,0.386556,0.444521,1.878861,2.125
0.631579,0.361344,0.389041,2.059134,2.114312
0.631579,0.361344,0.389041,2.196562,2.088081
0.684211,0.268908,0.29726,2.238816,2.02579
0.631579,0.2521,0.241096,2.272828,1.886994
0.631579,0.22409,0.216438,2.296266,1.772266
0.631579,0.19608,0.191781,2.361452,1.598229
0.631579,0.168069,0.167123,2.383848,1.448224
0.578947,0.134456,0.110959,2.402291,1.388391
0.5,0.126052,0.109932,2.423172,1.300226
0.421053,0.117648,0.108904,2.425644,1.101412
0.368421,0.159665,0.154452,2.419896,0.992066
0.315789,0.201682,0.2,2.33834,0.94607
0.368421,0.2521,0.237671,2.285195,0.912096
0.289474,0.281513,0.255137,2.208353,0.875248
0.210526,0.310926,0.272603,2.145929,0.753106
0.210526,0.361344,0.383562,2.073219,0.692251
0.105263,0.428573,0.437671,2.005398,0.657386
0.157895,0.420169,0.456849,1.893776,0.643375
0.157895,0.504204,0.512329,1.795059,0.62341
0.157895,0.487396,0.512329,1.714105,0.600947
0.157895,0.478991,0.512329,1.633836,0.562543
0.157895,0.546218,0.586301,1.534859,0.557734
0.157895,0.621848,0.660274,1.417875,0.566263
0.210526,0.647061,0.679452,1.35168,0.572615
0.157895,0.655465,0.678767,1.305135,0.587084
0.157895,0.647061,0.69726,1.257576,0.653874
0.210526,0.731095,0.808904,1.198239,0.736869
0.210526,0.739496,0.790411,1.168229,0.815706
0.263158,0.7479,0.791096,1.063783,0.906524
0.263158,0.756304,0.809589,0.905891,1.041063
0.210526,0.789917,0.864384,0.866185,1.117375
0.263158,0.773109,0.865068,0.855781,1.145
0.368421,0.781513,0.829452,0.834578,1.312189
0.421053,0.773109,0.830137,0.805948,1.416316
0.473684,0.82353,0.867808,0.737961,1.539041
0.526316,0.789917,0.868493,0.697053,1.607998
0.578947,0.789917,0.850685,0.672968,1.676768
0.578947,0.756304,0.813699,0.672968,1.77822
0.578947,0.764708,0.832192,0.672968,1.903902
0.684211,0.773109,0.815068,0.674326,1.986906
0.631579,0.722691,0.777397,0.7059,2.064292
0.68421,0.705884,0.768836,0.774655,2.1038
0.736842,0.689078,0.760274,0.843016,2.161349
0.684211,0.672269,0.722603,0.89475,2.260804
0.719298,0.672269,0.723059,0.954375,2.336125
0.754386,0.672269,0.723516,1.045326,2.347
0.789474,0.672269,0.723973,1.154856,2.347
0.842105,0.680674,0.687671,1.259734,2.347
0.894737,0.663865,0.762329,1.333198,2.330469
0.842105,0.579834,0.613699,1.429574,2.247827
0.842105,0.529413,0.595205,1.546821,2.228112
0.842105,0.57143,0.595205,1.665204,2.21859
0.947368,0.487396,0.541096,1.743145,2.211203
0.947368,0.445378,0.467123,1.833804,2.182817
0.894737,0.369748,0.392466,1.900307,2.144699
0.842105,0.378152,0.465753,1.977511,2.032208
0.842105,0.310926,0.317808,2.037042,1.932445
0.842105,0.294117,0.299315,2.037042,1.871243
0.842105,0.226891,0.225342,2.042,1.859097
0.894737,0.226891,0.226027,2.038195,1.843678
0.789474,0.205883,0.206164,2.024238,1.793404
0.684211,0.184874,0.186301,2.009833,1.688321
0.578947,0.142857,0.147945,1.989517,1.605212
0.526316,0.151261,0.128767,1.881385,1.584317
0.578947,0.126052,0.129452,1.788259,1.568348
0.421053,0.172269,0.182877,1.759131,1.554309
0.263158,0.218487,0.236301,1.639232,1.468513
0.315789,0.235295,0.236986,1.595738,1.374074
0.263158,0.2521,0.273288,1.554569,1.34725
0.263158,0.268908,0.291781,1.396542,1.193685
0.315789,0.310926,0.310959,1.295776,1.16
0.394737,0.315128,0.321233,1.247223,1.144478
0.473684,0.31933,0.331507,1.067752,1.076975
0.473684,0.336135,0.368493,0.988753,1.055882
0.473684,0.453782,0.479452,0.844731,1.004623
0.473684,0.453782,0.497945,0.812938,0.944584
0.473684,0.57143,0.608904,0.782625,0.824555
0.526316,0.621848,0.646575,0.779681,0.781259
0.578947,0.57143,0.610274,0.779681,0.689479
0.526316,0.605043,0.646575,0.779681,0.62619
0.578947,0.663865,0.70274,0.83095,0.600372
0.526316,0.689078,0.683562,0.913888,0.590701
0.578947,0.773109,0.813699,1.001325,0.565004
0.631579,0.714287,0.777397,1.08412,0.540475
0.578947,0.798321,0.850685,1.186184,0.53985
0.578947,0.848739,0.906164,1.246267,0.53985
0.631579,0.873952,0.943836,1.267705,0.53985
0.631579,0.890756,0.962329,1.274226,0.633848
0.684211,0.92437,1.0,1.291087,0.782431
0.578947,0.806722,0.887671,1.298824,0.867052
0.631579,0.873952,0.943836,1.293709,1.072422
0.526316,0.857143,0.905479,1.28959,1.147851
0.473684,0.840339,0.904795,1.288923,1.287182
0.368421,0.840339,0.903425,1.281081,1.413025
0.447368,0.840339,0.895205,1.254724,1.50937
0.526316,0.840339,0.886986,1.21775,1.666156
0.526316,0.773109,0.831507,1.2145,1.78409
0.526316,0.756304,0.813014,1.2145,1.879415
0.526316,0.722691,0.757534,1.2145,1.995429
0.473684,0.705883,0.756849,1.229221,2.091845
0.473684,0.697478,0.70137,1.254134,2.153856
0.526316,0.630252,0.665068,1.299026,2.218514
0.526316,0.588235,0.628082,1.324,2.228018
0.578947,0.521009,0.554795,1.324,2.228018
0.526316,0.521009,0.55411,1.326421,2.228018
0.631579,0.512604,0.536986,1.338702,2.177865
0.736842,0.487396,0.50137,1.346625,2.060789
0.736842,0.470591,0.464384,1.347375,1.975894
0.736842,0.403361,0.427397,1.342924,1.902492
0.789474,0.411765,0.428082,1.32555,1.824987
0.842105,0.344539,0.354795,1.3235,1.70675
0.842105,0.344539,0.354795,1.332982,1.582826
0.894737,0.310926,0.336986,1.341907,1.509298
0.842105,0.327731,0.336301,1.341995,1.410337
0.789474,0.352943,0.372603,1.340264,1.309712
0.789474,0.344539,0.372603,1.340264,1.147698
0.736842,0.31933,0.334932,1.350382,1.072353
0.684211,0.336135,0.35274,1.372071,0.961864
0.578947,0.403361,0.425342,1.397695,0.89151
0.578947,0.428573,0.425342,1.426503,0.754102
0.578947,0.403361,0.443836,1.478663,0.590034
0.578947,0.436974,0.573288,1.607138,0.521614
0.473684,0.563026,0.590411,1.679954,0.51906
0.578947,0.596639,0.591781,1.761504,0.505171
0.526316,0.588235,0.646575,1.859094,0.5
0.526316,0.630252,0.683562,1.966152,0.509005
0.421053,0.672269,0.719178,2.191179,0.520611
0.315789,0.689078,0.791781,2.263027,0.5285
0.315789,0.739496,0.773288,2.30708,0.553875
0.368421,0.7479,0.810959,2.313879,0.641634
0.315789,0.722691,0.791781,2.320791,0.787302
0.263158,0.739496,0.791096,2.327648,0.882092
0.263158,0.722691,0.772603,2.336283,0.99942
0.210526,0.697478,0.753425,2.357883,1.10695
0.105263,0.680674,0.715068,2.395981,1.22
0.157895,0.680674,0.715753,2.417539,1.312709
0.157895,0.714287,0.734247,2.421302,1.419894
0.263158,0.655465,0.717123,2.428052,1.495589
0.157895,0.663865,0.69726,2.409936,1.574496
0.157895,0.588235,0.623288,2.389137,1.742359
0.157895,0.588235,0.604795,2.323186,1.871387
0.210526,0.546218,0.586986,2.295344,2.108926
0.105263,0.478991,0.511644,2.263493,2.277195
0.157895,0.504204,0.512329,2.129323,2.313415
0.052631,0.420169,0.436986,2.066396,2.340352
0.105263,0.386556,0.400685,2.053151,2.354387
0.210526,0.378152,0.383562,1.953931,2.37672
0.210526,0.285717,0.272603,1.754072,2.4398
0.315789,0.310926,0.366438,1.677691,2.507102
0.210526,0.226891,0.217123,1.57368,2.534449
0.245614,0.193278,0.186758,1.405518,2.535432
0.280702,0.159665,0.156393,1.318645,2.535432
0.315789,0.126052,0.126027,1.218642,2.533449
0.421053,0.128853,0.133562,1.119482,2.51749
0.526316,0.131655,0.141096,1.033408,2.495367
0.631579,0.134456,0.14863,0.927439,2.491093
0.684211,0.100839,0.112329,0.813264,2.481312
0.763158,0.117648,0.122603,0.760048,2.422468
0.842105,0.134456,0.132877,0.755078,2.328359
0.894737,0.142857,0.152055,0.749123,2.2157
0.894737,0.2437,0.263014,0.74164,2.113444
0.894737,0.277313,0.281507,0.732392,1.995559
0.894737,0.31933,0.318493,0.686165,1.912209
0.894737,0.369748,0.373973,0.6575,1.826016
0.894737,0.352943,0.373973,0.6575,1.705846
0.947368,0.378152,0.411644,0.6575,1.585485
0.947368,0.445378,0.485616,0.65973,1.46843
0.894737,0.487396,0.521918,0.716395,1.324936
0.947368,0.537817,0.578082,0.758512,1.239268
0.842105,0.537817,0.576712,0.77758,1.204268
0.842105,0.563026,0.613699,0.807787,1.061944
0.789474,0.537817,0.576027,0.856844,0.864237
0.842105,0.579834,0.613699,0.918551,0.762832
0.789474,0.680674,0.723973,1.0015,0.737068
0.736842,0.714287,0.741781,1.141131,0.728796
0.736842,0.697478,0.741781,1.214731,0.719815
0.684211,0.705883,0.759589,1.302018,0.717759
0.736842,0.756304,0.815753,1.394463,0.72077
0.631579,0.714287,0.758904,1.49657,0.73404
0.736842,0.798321,0.908219,1.592644,0.742774
0.631579,0.82353,0.906849,1.637291,0.756703
0.578947,0.857143,0.906164,1.684732,0.886495
0.578947,0.773109,0.832192,1.695907,1.055109
0.526316,0.789917,0.85,1.706954,1.108052
0.421053,0.7479,0.737671,1.782608,1.246682
0.473684,0.739496,0.793836,1.710828,1.361069
0.421053,0.722691,0.793151,1.709837,1.503999
0.368421,0.714287,0.773973,1.704347,1.678485
0.315789,0.739496,0.773288,1.670858,1.758735
0.342105,0.680672,0.727397,1.647,1.82321
0.368421,0.621848,0.681507,1.647,1.974099
0.421053,0.605043,0.663699,1.647,2.043658
0.368421,0.588235,0.626027,1.650976,2.071
0.421053,0.529413,0.55274,1.703433,2.071
0.421053,0.487396,0.49726,1.789511,2.071
0.368421,0.462187,0.515068,1.900541,2.065164
0.473684,0.44958,0.497945,1.995626,2.042278
0.578947,0.436974,0.480822,2.106359,1.997187
0.684211,0.352943,0.371233,2.138168,1.959491
0.736842,0.352943,0.371918,2.173022,1.919135
0.631579,0.302522,0.333562,2.213704,1.832652
0.578947,0.268908,0.258904,2.240812,1.790666
0.578947,0.268908,0.277397,2.300729,1.700367
0.473684,0.201682,0.202055,2.375645,1.571957
0.526316,0.184874,0.14726,2.381,1.333568
0.421053,0.126052,0.14589,2.381,1.226388
0.368421,0.126052,0.145205,2.38025,1.185363
0.315789,0.17647,0.163014,2.340739,1.162584
0.315789,0.17647,0.163014,2.199808,1.089677
0.263158,0.260504,0.254795,2.18077,0.959659
0.315789,0.235295,0.236986,2.140688,0.875696
0.210526,0.277313,0.25411,2.080704,0.788629
0.105263,0.31933,0.363699,1.993386,0.722999
0.210526,0.411765,0.420548,1.898073,0.684621
0.105263,0.436974,0.474658,1.782447,0.651559
0.157895,0.478991,0.512329,1.697258,0.632326
0.157895,0.521009,0.549315,1.616375,0.629571
0.210526,0.537817,0.568493,1.517013,0.629571
0.263158,0.605043,0.661644,1.414295,0.629571
0.210526,0.588235,0.605479,1.340282,0.643615
0.210526,0.638656,0.697945,1.292075,0.737102
0.157895,0.722691,0.771233,1.228483,0.823542
0.210526,0.689078,0.734932,1.185161,0.916052
0.263158,0.697478,0.75411,1.042428,1.006493
0.263158,0.7479,0.809589,0.941032,1.094259
0.315789,0.764708,0.810274,0.927725,1.215953
0.368421,0.789917,0.847945,0.855616,1.289756
0.421053,0.798321,0.84863,0.816419,1.42194
0.421053,0.773109,0.84863,0.774149,1.546496
0.421053,0.764708,0.811644,0.717805,1.659981
0.526316,0.7479,0.831507,0.686768,1.786012
0.526316,0.7479,0.813014,0.686768,1.891163
0.473684,0.705883,0.756849,0.686768,1.99892
0.526316,0.722691,0.776027,0.694909,2.053117
0.631579,0.731095,0.777397,0.757497,2.112853
0.578947,0.714287,0.758219,0.831629,2.160274
0.68421,0.693278,0.741096,0.898013,2.212875
0.789474,0.672269,0.723973,0.949687,2.289984
0.789474,0.663865,0.705479,1.026304,2.352148
0.789474,0.655465,0.705479,1.176208,2.353689
0.842105,0.655465,0.687671,1.32285,2.353689
0.842105,0.621848,0.669178,1.423706,2.353689
0.842105,0.579834,0.613699,1.461818,2.339614
0.842105,0.563026,0.595205,1.518427,2.314182
0.894737,0.512604,0.540411,1.622898,2.29864
0.894737,0.470591,0.503425,1.755973,2.271161
0.842105,0.453782,0.50274,1.85384,2.217661
0.947368,0.436974,0.411644,1.88275,2.151786
0.894737,0.369748,0.410959,1.910879,2.018741
0.947368,0.327731,0.356164,1.961293,1.920164
0.842105,0.310926,0.336301,2.010724,1.809727
0.842105,0.268908,0.262329,2.068275,1.711953
0.789474,0.235295,0.243151,2.124195,1.634572
0.736842,0.210086,0.205479,2.181605,1.512802
0.631579,0.117648,0.130137,2.200107,1.352724
0.526316,0.100839,0.110274,2.193744,1.292025
0.421053,0.218487,0.20137,2.134676,1.284147
0.421053,0.17647,0.182877,2.077057,1.284147
0.368421,0.168069,0.163699,1.981198,1.292025
0.333333,0.235295,0.237215,1.957546,1.32697
0.298246,0.302522,0.310731,1.899338,1.400267
0.263158,0.369748,0.384247,1.809091,1.419629
0.210526,0.336135,0.346575,1.587163,1.47097
0.157895,0.386556,0.40137,1.438787,1.564044
0.210526,0.428573,0.402055,1.429043,1.578426
0.210526,0.487396,0.494521,1.352688,1.637602
0.263158,0.504204,0.532192,1.26933,1.646013
0.315789,0.504204,0.532877,1.178686,1.653712
0.350877,0.504204,0.533333,1.059066,1.665
0.385965,0.504204,0.53379,0.920355,1.657351
0.421053,0.504204,0.534247,0.837938,1.649927
0.473684,0.453782,0.479452,0.788,1.640481
0.526316,0.487396,0.517123,0.788,1.587232
0.421053,0.436974,0.515753,0.7905,1.5045
0.552632,0.453782,0.508219,0.79425,1.41775
0.684211,0.470591,0.500685,0.820169,1.33168
0.684211,0.470591,0.500685,0.830086,1.223962
0.736842,0.563026,0.612329,0.841125,1.095875
0.736842,0.579834,0.630822,0.858,0.994
0.789474,0.605043,0.65,1.021171,0.888738
0.789474,0.621848,0.65,1.154902,0.793521
0.736842,0.613447,0.649315,1.183852,0.783803
0.684211,0.638656,0.685616,1.231641,0.767389
0.684211,0.647061,0.70411,1.312004,0.726895
0.684211,0.705883,0.741096,1.391249,0.679221
0.631579,0.689078,0.740411,1.507661,0.678295
0.684211,0.739496,0.833562,1.616237,0.678295
0.578947,0.756304,0.813699,1.700457,0.678295
0.578947,0.764708,0.813699,1.79264,0.701864
0.526316,0.722691,0.794521,1.825472,0.791903
0.526316,0.773109,0.813014,1.930714,0.861876
0.526316,0.7479,0.85,2.04665,0.88625
0.473684,0.739496,0.812329,2.164893,0.931804
0.473684,0.705883,0.756849,2.236606,1.033326
0.421053,0.689078,0.756164,2.256573,1.132111
0.315789,0.705883,0.754795,2.266187,1.225506
0.315789,0.672269,0.736301,2.271,1.282293
0.263158,0.663866,0.717123,2.273833,1.329607
0.210526,0.655464,0.697945,2.269885,1.488616
0.157895,0.647061,0.678767,2.255529,1.688345
0.263158,0.579834,0.624658,2.248446,1.778395
0.157895,0.57143,0.586301,2.232066,1.8372
0.052631,0.554622,0.640411,2.195655,1.929142
0.157895,0.546218,0.586301,2.113376,1.98967
0.263158,0.537817,0.550685,1.907555,2.129038
0.210526,0.436974,0.457534,1.776723,2.198225
0.210526,0.386556,0.420548,1.707737,2.233352
0.210526,0.352943,0.439041,1.587883,2.316247
0.315789,0.352943,0.403425,1.524472,2.409256
