0.65,0.707316,0.693222,0.303935,0.7037
0.65,0.707316,0.693222,0.361458,0.839149
0.65,0.707316,0.693222,0.427199,0.993949
0.65,0.707316,0.693222,0.49294,1.148748
0.65,0.707316,0.693222,0.554053,1.293355
0.65,0.707316,0.693222,0.559979,1.31351
0.65,0.707316,0.693222,0.555344,1.3035
0.65,0.699186,0.67717,0.552838,1.293962
0.65,0.682927,0.693222,0.55265,1.293652
0.65,0.699186,0.693222,0.552925,1.293652
0.65,0.699186,0.693222,0.555744,1.293652
0.7,0.96748,0.758026,0.557203,1.297694
0.75,0.739836,0.742568,0.557814,1.302638
0.65,0.756098,0.741379,0.557814,1.30725
0.75,0.764226,0.758621,0.558905,1.3115
0.8,0.86992,1.0,0.562647,1.315638
0.7,0.699186,0.709869,0.565869,1.319788
0.65,0.723578,0.709275,0.56975,1.327788
0.6,0.699186,0.70868,0.572125,1.340979
0.6,0.723578,0.70868,0.577448,1.370231
0.7,0.747967,0.758026,0.590409,1.403146
0.6,0.699186,0.70868,0.607236,1.448337
0.65,0.707316,0.709275,0.624125,1.503375
0.7,0.764226,0.758026,0.639163,1.569932
0.65,0.699186,0.709275,0.648248,1.641037
0.65,0.682927,0.67717,0.651623,1.724037
0.7,0.682927,0.677765,0.652602,1.802525
0.65,0.650407,0.661118,0.65617,1.876616
0.75,0.658535,0.646254,0.663231,1.943817
0.7,0.560975,0.565398,0.675375,2.016625
0.7,0.642276,0.629608,0.699875,2.09425
0.7,0.593495,0.581451,0.737486,2.16643
0.725,0.569105,0.565696,0.816751,2.236236
0.75,0.544716,0.549941,0.904906,2.291373
0.75,0.560975,0.549941,0.98121,2.324555
0.8,0.512193,0.502378,1.092023,2.361162
0.8,0.512193,0.502378,1.174514,2.370365
0.9,0.487804,0.471463,1.258744,2.370365
0.85,0.430895,0.438763,1.368029,2.370365
0.85,0.398375,0.390606,1.498871,2.370273
0.85,0.357724,0.342449,1.582338,2.358426
0.8,0.333331,0.325803,1.634235,2.333262
0.8,0.333331,0.341855,1.742883,2.277392
0.7,0.22764,0.2283,1.856832,2.218352
0.7,0.211382,0.196195,1.956753,2.154829
0.7,0.13008,0.131986,2.065153,2.067929
0.6,0.117885,0.130797,2.1525,1.970875
0.5,0.105691,0.129608,2.221824,1.858446
0.4,0.089429,0.096314,2.265501,1.752592
0.35,0.113822,0.095719,2.307965,1.638442
0.25,0.1626,0.142687,2.338744,1.511426
0.2,0.19512,0.12604,2.340406,1.396083
0.2,0.219513,0.238407,2.340406,1.268515
0.15,0.276422,0.253864,2.340406,1.177736
0.05,0.268291,0.252675,2.317761,1.05475
0.15,0.373982,0.382283,2.277807,0.961585
0.15,0.406502,0.382283,2.226723,0.881792
0.15,0.430895,0.414388,2.171088,0.81892
0.15,0.447153,0.446492,2.114056,0.768373
0.15,0.512193,0.494649,2.036797,0.723201
0.05,0.512193,0.557669,1.947922,0.692789
0.1,0.569105,0.574316,1.841731,0.664145
0.15,0.601625,0.574911,1.751541,0.652331
0.15,0.577236,0.574911,1.652494,0.648656
0.15,0.601625,0.590963,1.559176,0.648656
0.2,0.617887,0.60761,1.477031,0.648656
0.2,0.650407,0.639715,1.409859,0.651117
0.3,0.699186,0.689061,1.31853,0.675482
0.25,0.691058,0.688466,1.215094,0.72975
0.3,0.780487,0.769322,1.144837,0.784676
0.35,0.585364,0.72176,1.076737,0.854558
0.35,0.764226,0.737812,1.026942,0.921746
0.4,0.756098,0.754459,0.978194,0.993995
0.5,0.796749,0.787753,0.935222,1.062671
0.5,0.764226,0.755648,0.868,1.15625
0.45,0.747967,0.739001,0.817774,1.266259
0.5,0.756098,0.755648,0.792572,1.369842
0.6,0.707316,0.70868,0.77625,1.476375
0.6,0.699186,0.692628,0.773,1.576077
0.5,0.699186,0.691439,0.773,1.672295
0.6,0.67886,0.668549,0.773,1.768059
0.7,0.658535,0.64566,0.778946,1.873464
0.683333,0.634144,0.624059,0.805125,1.959625
0.666667,0.609754,0.602457,0.855423,2.035022
0.65,0.585364,0.580856,0.918199,2.103446
0.7,0.585364,0.581451,0.978771,2.157739
0.75,0.544716,0.533888,1.039527,2.198769
0.75,0.479673,0.485731,1.118731,2.241003
0.8,0.471545,0.470273,1.188903,2.273372
0.8,0.479673,0.470273,1.263814,2.303819
0.85,0.430895,0.438763,1.347293,2.327975
0.75,0.406502,0.421522,1.416691,2.343125
0.8,0.365854,0.37396,1.494793,2.348
0.8,0.373982,0.37396,1.580619,2.348
0.75,0.308942,0.309156,1.635106,2.348
0.75,0.284553,0.277051,1.728657,2.343032
0.75,0.252033,0.260999,1.814311,2.313353
0.65,0.219513,0.227705,1.916687,2.26567
0.75,0.19512,0.19679,1.995371,2.206045
0.7,0.170731,0.180143,2.066397,2.135762
0.625,0.158536,0.163199,2.126839,2.052923
0.55,0.146342,0.146254,2.177655,1.954313
0.45,0.105691,0.104935,2.221082,1.859488
0.35,0.06504,0.063615,2.237608,1.76509
0.35,0.121949,0.143876,2.238,1.64328
0.35,0.113822,0.143876,2.238,1.54294
0.275,0.178862,0.191141,2.238,1.457192
0.2,0.243902,0.238407,2.231438,1.378583
0.2,0.243902,0.238407,2.195329,1.335242
0.25,0.300811,0.287158,2.146244,1.307178
0.15,0.365854,0.382283,2.085611,1.299
0.1,0.390244,0.381688,2.009414,1.299
0.15,0.398375,0.382283,1.93496,1.299
0.2,0.406502,0.39893,1.829794,1.301
0.2,0.373982,0.366825,1.728652,1.31997
0.15,0.398375,0.398335,1.607125,1.350625
0.2,0.414633,0.39893,1.506972,1.375381
0.25,0.422764,0.415577,1.404139,1.399431
0.3,0.439025,0.448276,1.296935,1.435598
0.35,0.439025,0.432818,1.205285,1.469595
0.35,0.512193,0.51308,1.108343,1.50944
0.4,0.479673,0.465517,1.016182,1.552293
0.475,0.487804,0.482461,0.943399,1.591258
0.55,0.495935,0.499405,0.89118,1.635899
0.6,0.577236,0.564209,0.849867,1.69628
0.65,0.552844,0.548751,0.843121,1.757745
0.7,0.552844,0.581451,0.843121,1.823547
0.7,0.601625,0.597503,0.843121,1.892474
0.7,0.569105,0.565398,0.861214,1.942125
0.75,0.577236,0.61415,0.953956,1.995274
0.75,0.577236,0.549941,1.041211,2.038948
0.8,0.504065,0.502378,1.109085,2.065953
0.8,0.471545,0.470273,1.166922,2.100335
0.8,0.471545,0.486326,1.236758,2.137538
0.75,0.463415,0.469679,1.312194,2.168461
0.75,0.455284,0.437574,1.416416,2.1735
0.7,0.439025,0.453032,1.482,2.1735
0.75,0.414633,0.40547,1.53225,2.1735
0.7,0.349593,0.356718,1.603276,2.165881
0.7,0.300811,0.308561,1.690697,2.139972
0.75,0.284553,0.293103,1.785124,2.102409
0.75,0.276422,0.260999,1.885102,2.033012
0.725,0.247967,0.236623,1.970115,1.947375
0.7,0.219513,0.212247,2.040904,1.861588
0.65,0.211382,0.211653,2.108746,1.759995
0.516667,0.208671,0.210067,2.161661,1.661494
0.383333,0.205961,0.208482,2.181,1.582075
0.25,0.203251,0.206897,2.181,1.484608
0.2,0.219513,0.222354,2.181,1.382545
0.25,0.284553,0.271106,2.180862,1.284858
0.3,0.268291,0.303805,2.168805,1.197218
0.225,0.321136,0.335018,2.13825,1.123125
0.15,0.373982,0.366231,2.091498,1.059819
0.15,0.455284,0.446492,2.030131,1.001919
0.1,0.447153,0.429845,1.958648,0.945184
0.15,0.430895,0.43044,1.892253,0.906202
0.15,0.487804,0.478597,1.809475,0.877639
0.2,0.487804,0.479191,1.728391,0.862977
0.25,0.487804,0.479786,1.647754,0.86
0.25,0.560975,0.560048,1.561811,0.86
0.25,0.601625,0.5761,1.484442,0.86
0.3,0.593495,0.592747,1.387523,0.862186
0.35,0.593495,0.593341,1.294512,0.901234
0.3,0.674796,0.656956,1.21419,0.950096
0.4,0.666666,0.658145,1.129175,1.022081
0.35,0.666666,0.657551,1.061657,1.099619
0.4,0.699186,0.69025,1.0096,1.180692
0.45,0.650407,0.626635,0.962,1.2745
0.5,0.650407,0.659334,0.927114,1.364438
0.55,0.634146,0.643876,0.904264,1.471428
0.5,0.666666,0.659334,0.903764,1.577155
0.55,0.609756,0.595719,0.903764,1.67172
0.6,0.609756,0.596314,0.903764,1.775301
0.6,0.601625,0.596314,0.914131,1.874686
0.65,0.601625,0.580856,0.936576,1.951244
0.7,0.552844,0.549346,0.960427,2.040802
0.6,0.544716,0.532105,0.988671,2.155448
0.7,0.504065,0.517241,1.036134,2.228135
0.7,0.512193,0.501189,1.099293,2.301694
0.7,0.430895,0.43698,1.139344,2.356921
0.8,0.390244,0.406064,1.185092,2.395358
0.75,0.430895,0.421522,1.226617,2.398
0.85,0.357724,0.374554,1.284521,2.398
0.85,0.349593,0.374554,1.332744,2.398
0.85,0.300811,0.294293,1.409192,2.386803
0.85,0.300811,0.294293,1.469897,2.344982
0.85,0.178862,0.181926,1.508132,2.283576
0.85,0.178862,0.181926,1.558611,2.212075
0.75,0.186993,0.19679,1.608125,2.133875
0.7,0.22764,0.212247,1.662589,2.050706
0.625,0.203251,0.203329,1.706643,2.006972
0.55,0.178862,0.194411,1.743037,1.952639
0.55,0.203251,0.194411,1.791904,1.873509
0.5,0.203251,0.209869,1.836013,1.798767
0.55,0.260164,0.258621,1.875805,1.725551
0.5,0.252033,0.241974,1.920443,1.643186
0.45,0.292684,0.337693,1.969455,1.559336
0.35,0.341462,0.320452,2.012176,1.482669
0.3,0.308942,0.303805,2.052355,1.381505
0.4,0.292684,0.272889,2.061312,1.266017
0.3,0.321138,0.319857,2.061312,1.186352
0.2,0.349593,0.366825,2.061312,1.082691
0.25,0.422764,0.431629,2.057945,0.993558
0.25,0.439025,0.431629,2.03244,0.915842
0.3,0.479673,0.512485,1.992358,0.8392
0.25,0.491869,0.503864,1.940905,0.774608
0.2,0.504065,0.495244,1.877857,0.72434
0.15,0.528455,0.510702,1.794314,0.676598
0.1,0.593495,0.574316,1.708326,0.664
0.15,0.617887,0.590963,1.628686,0.664
0.2,0.593495,0.575505,1.561753,0.664
0.25,0.609756,0.592152,1.486,0.665625
0.3,0.609756,0.608799,1.420361,0.686945
0.2,0.699186,0.687872,1.355216,0.725822
0.25,0.682927,0.688466,1.303343,0.775166
0.3,0.699186,0.689061,1.249321,0.840946
0.3,0.699186,0.689061,1.174892,0.936268
0.3,0.707316,0.689061,1.132413,1.009729
0.35,0.691058,0.673603,1.097313,1.080684
0.45,0.674796,0.674792,1.058147,1.145812
0.4,0.666666,0.658145,1.02195,1.229555
0.4,0.731706,0.658145,0.989649,1.321076
0.5,0.691058,0.675386,0.968143,1.413642
0.45,0.707316,0.690844,0.968143,1.513004
0.5,0.626015,0.627229,0.968143,1.61085
0.55,0.601625,0.595719,0.971847,1.702335
0.6,0.601625,0.612366,1.022594,1.798863
0.55,0.585364,0.563615,1.043085,1.876513
0.6,0.552844,0.548157,1.073992,1.960347
0.6,0.512193,0.532105,1.106503,2.038674
0.65,0.520324,0.516647,1.163165,2.121018
0.65,0.471545,0.484542,1.229908,2.182346
0.7,0.439025,0.420927,1.296216,2.223693
0.75,0.439025,0.421522,1.361189,2.252998
0.75,0.373982,0.389417,1.400385,2.266227
0.8,0.365854,0.357907,1.467805,2.266493
0.8,0.325204,0.30975,1.546476,2.266493
0.75,0.276422,0.293103,1.627622,2.266493
0.8,0.284553,0.261593,1.706423,2.255288
0.8,0.243902,0.277646,1.778719,2.215496
0.725,0.203251,0.228597,1.847936,2.174017
0.65,0.1626,0.179548,1.901529,2.133436
0.6,0.170731,0.162901,1.953283,2.082446
0.55,0.146342,0.146254,2.00525,2.010125
0.475,0.138211,0.137337,2.051107,1.926326
0.4,0.13008,0.128419,2.090861,1.821757
0.35,0.13008,0.127824,2.099411,1.715033
0.3,0.146342,0.159334,2.099411,1.619726
0.25,0.219513,0.239001,2.099411,1.525693
0.3,0.260164,0.255648,2.097911,1.428231
0.25,0.304878,0.335315,2.08472,1.327636
0.2,0.349593,0.414982,2.062016,1.220516
0.1,0.365854,0.349584,2.012033,1.14075
0.15,0.398375,0.382283,1.967915,1.087315
0.15,0.398375,0.398335,1.912357,1.032009
0.25,0.455284,0.447681,1.848681,0.982684
0.25,0.479673,0.431629,1.770114,0.925678
0.2,0.504065,0.511296,1.715893,0.889075
0.3,0.51626,0.520511,1.652896,0.855914
0.4,0.528455,0.529727,1.55973,0.8505
0.3,0.569105,0.576694,1.496146,0.8505
0.2,0.609756,0.591558,1.423877,0.8505
0.25,0.613822,0.600178,1.366058,0.85243
0.3,0.617887,0.608799,1.31176,0.866258
0.35,0.674796,0.657551,1.239625,0.89525
0.35,0.674796,0.657551,1.159261,0.93677
0.35,0.682927,0.657551,1.079677,0.993911
0.4,0.674796,0.658145,1.023783,1.049242
0.45,0.666666,0.65874,0.963762,1.124537
0.5,0.682927,0.675386,0.907544,1.188789
0.5,0.682927,0.675386,0.859897,1.243134
0.5,0.682927,0.659334,0.828035,1.279647
0.5,0.666666,0.659334,0.798433,1.312034
0.5,0.658535,0.643282,0.780134,1.332291
0.6,0.642276,0.644471,0.7765,1.339457
0.5,0.650407,0.643282,0.7765,1.347758
0.6,0.650407,0.644471,0.7765,1.362847
0.65,0.650407,0.645065,0.779757,1.385361
0.65,0.536585,0.532699,0.796368,1.420656
0.65,0.520324,0.532699,0.817059,1.468453
0.65,0.666666,0.67717,0.838026,1.525148
0.55,0.674796,0.643876,0.859849,1.601151
0.6,0.593495,0.644471,0.874516,1.680841
0.55,0.617887,0.611772,0.928893,1.776713
0.6,0.585364,0.580262,1.015246,1.875706
0.6,0.544716,0.532105,1.126113,1.966349
0.7,0.560975,0.549346,1.197902,2.052261
0.7,0.520324,0.501189,1.234693,2.138151
0.7,0.487804,0.501189,1.268082,2.214073
0.75,0.455284,0.453627,1.312066,2.288423
0.75,0.447153,0.437574,1.351172,2.347859
0.8,0.398375,0.390012,1.372018,2.410308
0.7,0.365854,0.340666,1.39119,2.454403
0.75,0.341464,0.325208,1.401953,2.481622
0.8,0.317073,0.30975,1.425702,2.512981
0.8,0.268291,0.261593,1.45816,2.543625
0.8,0.243902,0.245541,1.523809,2.551
0.8,0.211382,0.213436,1.600421,2.551
0.85,0.1626,0.214031,1.686898,2.551
0.775,0.150406,0.173008,1.75954,2.537631
0.7,0.138211,0.131986,1.83312,2.504706
0.65,0.121949,0.115339,1.896158,2.470097
0.55,0.109755,0.106124,1.975484,2.405645
0.45,0.09756,0.096908,2.0445,2.3345
0.4,0.0,0.0,2.090453,2.267338
0.35,0.016258,0.015458,2.137515,2.18341
0.3,0.073169,0.071046,2.172806,2.091781
0.25,0.13008,0.126635,2.212202,1.975761
0.25,0.146342,0.126635,2.244811,1.869619
0.25,0.178862,0.190844,2.279312,1.776376
0.25,0.203251,0.206897,2.27975,1.666171
0.175,0.227642,0.222057,2.27975,1.55845
0.1,0.252033,0.237218,2.27975,1.449949
0.15,0.276422,0.237812,2.267538,1.324243
0.15,0.325204,0.318074,2.237471,1.238263
0.1,0.422764,0.413793,2.215931,1.199993
0.2,0.406502,0.39893,2.176375,1.158125
0.2,0.504065,0.479191,2.124452,1.119323
0.15,0.479673,0.478597,2.092,1.113226
0.15,0.495935,0.478597,2.038665,1.113226
0.25,0.552844,0.479786,1.936269,1.113226
0.2,0.487804,0.479191,1.848327,1.12921
0.2,0.471545,0.463139,1.758358,1.186796
0.25,0.495935,0.479786,1.661422,1.258315
0.3,0.536585,0.528537,1.575375,1.319125
0.4,0.536585,0.529727,1.473563,1.385003
0.45,0.528455,0.522295,1.373333,1.446643
0.5,0.520324,0.514863,1.290472,1.49954
0.5,0.504065,0.498811,1.197709,1.571642
0.45,0.552844,0.514269,1.123939,1.621909
0.525,0.536584,0.515161,1.028514,1.655871
0.6,0.520324,0.516052,0.958842,1.658
0.5,0.504065,0.498811,0.896384,1.658
0.6,0.504065,0.5,0.857875,1.658
0.7,0.504065,0.501189,0.845125,1.64232
0.75,0.552844,0.549941,0.845,1.59688
0.7,0.552844,0.565398,0.845,1.52461
0.7,0.552844,0.549346,0.845,1.446935
0.7,0.569105,0.565398,0.864522,1.390837
0.7,0.577236,0.581451,0.910375,1.306125
0.6,0.585364,0.596314,0.947879,1.229754
0.6,0.650407,0.644471,0.990875,1.153629
0.6,0.634146,0.644471,1.045725,1.081656
0.55,0.666666,0.659929,1.074149,1.044391
0.55,0.707316,0.659929,1.121494,0.989847
0.45,0.804876,0.80321,1.178195,0.941028
0.4,0.747967,0.802616,1.246463,0.91043
0.4,0.707316,0.69025,1.315782,0.905109
0.425,0.695122,0.682521,1.397625,0.905109
0.45,0.682927,0.674792,1.481637,0.905109
0.4125,0.662602,0.654281,1.568514,0.906335
0.375,0.642276,0.633769,1.653383,0.924257
0.3375,0.621951,0.613258,1.736656,0.949292
0.3,0.601625,0.592747,1.815789,0.985614
0.3,0.552844,0.54459,1.87053,1.026693
0.3,0.585364,0.560642,1.91824,1.078581
0.25,0.528455,0.511891,1.944061,1.120703
0.225,0.53252,0.51962,1.947,1.139229
0.2,0.536585,0.527348,1.947,1.22673
0.15,0.487804,0.478597,1.947,1.314255
0.2,0.471545,0.463139,1.947,1.411485
0.25,0.390244,0.399524,1.932134,1.534814
0.25,0.398375,0.383472,1.901389,1.637632
0.3,0.365854,0.351962,1.86745,1.729757
0.35,0.325204,0.336504,1.827722,1.826501
0.3,0.268291,0.287753,1.783129,1.912119
0.4,0.1626,0.160523,1.726215,1.988757
0.35,0.211382,0.208086,1.656565,2.051061
0.4,0.219513,0.224732,1.59175,2.095875
0.4,0.260164,0.240785,1.509375,2.135875
0.525,0.268293,0.258323,1.429159,2.162482
0.65,0.276422,0.275862,1.357728,2.176518
0.675,0.260162,0.260107,1.290998,2.183909
0.7,0.243902,0.244352,1.236646,2.18725
0.75,0.252033,0.244946,1.169657,2.18775
0.75,0.276422,0.277051,1.102906,2.18775
0.75,0.268291,0.277051,1.042329,2.186312
0.8,0.357724,0.357907,0.996919,2.161742
0.8,0.382113,0.390012,0.966125,2.1255
0.85,0.439025,0.454816,0.945664,2.090758
0.85,0.439025,0.438763,0.926005,2.056439
0.8,0.430895,0.422117,0.905145,2.003735
0.85,0.455284,0.454816,0.901968,1.916666
0.8,0.463415,0.470273,0.901968,1.831634
0.8,0.439025,0.438169,0.901968,1.73107
0.7,0.447153,0.453032,0.905117,1.628875
0.7,0.504065,0.501189,0.91588,1.534196
0.7,0.520324,0.501189,0.918179,1.511411
0.65,0.585364,0.564804,0.930181,1.406918
0.65,0.577236,0.580856,0.95116,1.29389
0.65,0.650407,0.645065,0.989096,1.173291
0.7,0.674796,0.677765,1.042686,1.059166
0.625,0.642276,0.636742,1.106516,0.960096
0.55,0.609756,0.595719,1.171375,0.879375
0.5,0.650407,0.627229,1.233462,0.81808
0.5,0.731706,0.739596,1.305033,0.762049
0.45,0.707316,0.690844,1.400507,0.734
0.35,0.715447,0.705707,1.475637,0.734
0.45,0.715447,0.674792,1.5614,0.734
0.35,0.650407,0.641498,1.633301,0.734
0.35,0.650407,0.641498,1.70825,0.756
0.4,0.666666,0.674197,1.778869,0.798313
0.3,0.682927,0.689061,1.835005,0.845551
0.2,0.666666,0.655767,1.88939,0.9103
0.25,0.666666,0.640309,1.950887,0.975202
0.2,0.626015,0.60761,1.984117,1.083333
0.25,0.609756,0.592152,2.004583,1.173681
0.2,0.552844,0.543401,2.006,1.265978
0.1,0.536585,0.510107,2.006,1.366197
0.1,0.504065,0.526159,2.006,1.468675
0.2,0.487804,0.479191,2.001694,1.574283
0.2,0.447153,0.431034,1.978983,1.670584
0.2,0.422764,0.414982,1.918724,1.772863
0.3,0.382113,0.368014,1.870906,1.860061
0.3,0.341462,0.351962,1.820841,1.933027
0.25,0.365854,0.335315,1.754866,1.996521
0.25,0.300811,0.287158,1.686601,2.061766
0.25,0.276422,0.255054,1.60908,2.112141
0.425,0.264227,0.249108,1.578034,2.146952
0.6,0.252033,0.243163,1.565403,2.151697
0.5,0.219513,0.161712,1.553034,2.151697
0.55,0.211382,0.226516,1.488232,2.151697
0.6,0.22764,0.211058,1.434742,2.139879
0.7,0.211382,0.244352,1.390079,2.096309
0.7,0.268291,0.276457,1.359098,2.04565
0.75,0.317073,0.309156,1.335794,1.982629
0.75,0.349593,0.34126,1.289525,1.910819
0.7,0.382113,0.372771,1.22806,1.808558
0.75,0.373982,0.389417,1.211906,1.708826
0.65,0.430895,0.420333,1.211906,1.672
0.65,0.406502,0.420333,1.211906,1.585791
0.633333,0.422763,0.430836,1.21223,1.526603
0.616667,0.439023,0.44134,1.234415,1.412856
0.6,0.455284,0.451843,1.267389,1.288283
0.55,0.520324,0.53151,1.303818,1.160034
0.5,0.585364,0.579073,1.3385,1.057056
0.4,0.552844,0.545779,1.385,0.957375
0.35,0.560975,0.545184,1.44661,0.859868
0.4,0.585364,0.577883,1.512037,0.779691
0.4,0.601625,0.577883,1.562299,0.739625
0.4,0.650407,0.642093,1.622561,0.732167
0.35,0.699186,0.705707,1.675939,0.732167
0.3,0.699186,0.673008,1.745933,0.732167
0.3,0.658535,0.656956,1.798625,0.741833
0.25,0.691058,0.672414,1.842768,0.793911
0.3,0.642276,0.624851,1.87873,0.863586
0.283333,0.636856,0.619302,1.909916,0.933627
0.266667,0.631435,0.613753,1.927852,0.993845
0.25,0.626015,0.608205,1.927852,1.064456
0.15,0.609756,0.607015,1.927852,1.197351
0.15,0.566395,0.564209,1.927789,1.328165
0.15,0.523034,0.521403,1.915953,1.445367
0.15,0.479673,0.478597,1.890273,1.562903
0.2,0.463415,0.447087,1.864588,1.675662
0.2,0.406502,0.39893,1.829277,1.772871
0.3,0.349593,0.368014,1.788176,1.856292
0.4,0.308942,0.304994,1.739078,1.942201
0.4,0.276422,0.288942,1.691675,1.983518
0.4,0.276422,0.272889,1.649747,1.985784
0.4,0.22764,0.224732,1.623861,1.985784
0.5,0.22764,0.241974,1.600084,1.984909
0.5,0.211382,0.209869,1.580416,1.957334
0.5,0.22764,0.225922,1.550218,1.901613
0.6,0.211382,0.227111,1.531655,1.821007
0.6,0.22764,0.227111,1.512076,1.738142
0.55,0.260162,0.266647,1.498354,1.644754
0.5,0.292684,0.306183,1.490625,1.570625
0.55,0.317073,0.306778,1.482139,1.493742
0.5,0.373982,0.35434,1.46025,1.38475
0.5,0.422764,0.434602,1.435708,1.279413
0.55,0.439025,0.451249,1.411014,1.186233
0.5,0.487805,0.482759,1.387495,1.106844
0.45,0.536585,0.514269,1.354947,1.023621
0.4,0.544716,0.529727,1.318742,0.938485
0.4,0.552844,0.561831,1.267034,0.867633
0.4,0.617887,0.642093,1.234855,0.83925
0.4,0.617887,0.609988,1.196075,0.8385
0.45,0.666666,0.65874,1.149875,0.8385
0.45,0.715447,0.706897,1.113549,0.8385
0.35,0.764226,0.753864,1.074177,0.867004
0.4,0.756098,0.754459,1.029056,0.934953
0.4,0.739836,0.738407,0.993596,1.014408
0.45,0.731706,0.739001,0.96975,1.102125
0.45,0.747967,0.722949,0.95075,1.198375
0.5,0.715447,0.707491,0.944,1.289416
0.55,0.715447,0.724138,0.944,1.394432
0.566667,0.710027,0.708284,0.944,1.482322
0.583333,0.704606,0.69243,0.951208,1.58495
0.6,0.699186,0.676576,0.989137,1.674022
0.65,0.601625,0.612961,1.034746,1.757878
0.6,0.569105,0.564209,1.086854,1.844705
0.65,0.569105,0.580856,1.139219,1.921501
0.6,0.585364,0.564209,1.18859,1.977168
0.7,0.471545,0.469084,1.256662,2.037814
0.65,0.471545,0.452438,1.33073,2.078969
0.7,0.406502,0.404875,1.411311,2.108299
0.7,0.430895,0.43698,1.501253,2.112492
0.65,0.357724,0.356124,1.57893,2.112492
0.65,0.357724,0.340071,1.674364,2.112492
0.7,0.284553,0.292509,1.775908,2.099737
0.6,0.22764,0.211058,1.857445,2.07522
0.6,0.211382,0.195006,1.94314,2.033361
0.55,0.19512,0.194411,2.014883,1.999616
0.5,0.203251,0.193817,2.072137,1.943878
0.45,0.191056,0.17717,2.119707,1.875319
0.4,0.178862,0.160523,2.1645,1.78975
0.3,0.186991,0.159334,2.186685,1.711358
0.2,0.19512,0.158145,2.194797,1.648886
0.25,0.219513,0.206897,2.197681,1.584736
0.15,0.19512,0.189655,2.198611,1.488012
0.175,0.264226,0.254162,2.198611,1.380462
0.2,0.333331,0.318668,2.198611,1.282441
0.2,0.325204,0.318668,2.19533,1.185935
0.25,0.390244,0.383472,2.167637,1.102804
0.25,0.406502,0.399524,2.133375,1.02075
0.15,0.455284,0.43044,2.109083,0.937871
0.15,0.430895,0.43044,2.065172,0.864466
0.15,0.447153,0.446492,2.007951,0.824014
0.2,0.520324,0.527348,1.934646,0.820721
0.15,0.528455,0.590963,1.871883,0.820721
0.2,0.593495,0.575505,1.81964,0.820721
0.2,0.634146,0.623662,1.770875,0.825437
0.2,0.617887,0.60761,1.727625,0.8615
0.2,0.650407,0.623662,1.683881,0.919442
0.25,0.650407,0.640309,1.643029,0.988433
0.3,0.609756,0.576694,1.596553,1.077579
0.25,0.577236,0.560048,1.568651,1.184745
0.2,0.544716,0.543401,1.5515,1.291187
0.275,0.530488,0.524227,1.509125,1.403125
0.35,0.51626,0.505054,1.482125,1.519156
0.425,0.502032,0.48588,1.474275,1.635104
0.5,0.487804,0.466706,1.465709,1.735067
0.45,0.504065,0.498216,1.432972,1.827557
0.5,0.455284,0.466706,1.38194,1.931769
0.55,0.426829,0.42717,1.334937,2.008152
0.6,0.398375,0.387634,1.260961,2.067915
0.65,0.398375,0.388228,1.19933,2.123205
0.65,0.398375,0.388228,1.139803,2.164055
0.7,0.361789,0.356718,1.035206,2.186125
0.75,0.325204,0.325208,0.899793,2.1875
0.8,0.382113,0.390012,0.830277,2.1875
0.8,0.382113,0.390012,0.782258,2.18675
0.85,0.414633,0.406659,0.730987,2.1739
0.85,0.447153,0.438763,0.699998,2.151944
0.8,0.406502,0.406064,0.692547,2.126717
0.8,0.463415,0.438169,0.692547,2.086866
0.85,0.512193,0.535077,0.692547,2.048137
0.85,0.577236,0.567182,0.693462,1.998066
0.85,0.504065,0.519025,0.716662,1.939352
0.85,0.520324,0.502973,0.750621,1.876082
0.8,0.504065,0.502378,0.796052,1.79895
0.75,0.504065,0.517836,0.842227,1.71583
0.75,0.495935,0.501784,0.889998,1.637924
0.75,0.463415,0.469679,0.945383,1.584952
0.7,0.487804,0.485137,0.996614,1.560486
0.7,0.544716,0.581451,1.048588,1.528858
0.7,0.544716,0.549346,1.083118,1.50164
0.65,0.528455,0.532699,1.157766,1.485197
0.6,0.569105,0.516052,1.246455,1.460165
0.55,0.544716,0.563615,1.332047,1.450981
0.55,0.552844,0.53151,1.435873,1.43879
0.5,0.520324,0.514863,1.53124,1.410347
0.5,0.504065,0.514863,1.641466,1.376389
0.45,0.536585,0.530321,1.737985,1.351
0.45,0.536585,0.530321,1.834692,1.279165
0.4,0.520324,0.529727,1.907462,1.233
0.35,0.504065,0.51308,1.981902,1.233
0.25,0.504065,0.447681,2.057507,1.233
0.25,0.479673,0.479786,2.099521,1.242375
0.25,0.512193,0.495838,2.125727,1.291911
0.2,0.504065,0.495244,2.1468,1.366611
0.15,0.528455,0.510702,2.151,1.458181
0.25,0.479673,0.479786,2.151,1.562625
0.25,0.390244,0.383472,2.151,1.704865
0.2,0.414633,0.39893,2.144531,1.818552
0.2,0.325204,0.302616,2.103229,1.89344
0.2,0.252033,0.270511,2.07286,1.994573
0.2,0.260164,0.254459,2.045738,2.089788
0.15,0.203251,0.205707,2.006897,2.172267
0.25,0.191056,0.190844,1.94815,2.226383
0.35,0.178862,0.175981,1.882239,2.238333
0.4,0.09756,0.112366,1.838449,2.242726
0.45,0.081298,0.096908,1.80875,2.243363
0.4,0.113822,0.144471,1.768975,2.242952
0.45,0.056909,0.048751,1.685963,2.240107
0.45,0.138211,0.145065,1.61397,2.2355
0.5,0.1626,0.161712,1.523219,2.227142
0.6,0.178862,0.178954,1.43326,2.205769
0.6,0.19512,0.195006,1.3595,2.176564
0.6,0.19512,0.178954,1.293325,2.13496
0.65,0.203251,0.227705,1.215138,2.080927
0.7,0.268291,0.260404,1.162471,2.02436
0.75,0.300811,0.309156,1.117302,1.955332
0.7,0.357724,0.356718,1.075821,1.856913
0.75,0.398375,0.389417,1.049186,1.788476
0.7,0.398375,0.356718,1.039,1.774408
0.7,0.422764,0.404875,1.03812,1.747948
0.7,0.455284,0.469084,1.037709,1.721205
0.65,0.471545,0.484542,1.037709,1.701127
0.65,0.528455,0.532699,1.037709,1.683833
0.6,0.585364,0.564209,1.039856,1.587883
0.6,0.569105,0.564209,1.047185,1.463478
0.6,0.674796,0.596314,1.067216,1.356165
0.5,0.650407,0.643282,1.105319,1.257687
0.5,0.715447,0.707491,1.156866,1.172274
0.5,0.682927,0.691439,1.203903,0.912906
0.45,0.788618,0.771106,1.258548,0.735
0.35,0.780487,0.769917,1.316299,0.735
0.35,0.813007,0.785969,1.398576,0.735
0.4,0.682927,0.674197,1.486458,0.735125
0.45,0.682927,0.674792,1.57375,0.744
0.4,0.691058,0.69025,1.672322,0.776991
0.35,0.674796,0.665577,1.747383,0.817045
0.3,0.658535,0.640904,1.81705,0.86175
0.3,0.634146,0.640904,1.882866,0.908021
0.2,0.601625,0.591558,1.94422,0.981219
0.25,0.560975,0.560048,1.97648,1.040157
0.25,0.569105,0.511891,2.021846,1.113166
0.25,0.528455,0.511891,2.050863,1.199783
0.15,0.463415,0.462545,2.067299,1.31151
0.25,0.479673,0.463734,2.069,1.394199
0.2,0.463415,0.447087,2.069,1.507835
0.2,0.382113,0.382878,2.068775,1.605934
0.3,0.365854,0.351962,2.065686,1.700982
0.2,0.341462,0.334721,2.044136,1.78614
0.3,0.333331,0.368014,1.998704,1.860721
0.2,0.284553,0.270511,1.948228,1.922587
0.25,0.268291,0.271106,1.891375,1.968875
0.2,0.203251,0.238407,1.826875,2.005
0.35,0.215446,0.232164,1.765123,2.030977
0.5,0.22764,0.225922,1.667052,2.053556
0.45,0.276422,0.257432,1.560274,2.06795
0.35,0.260164,0.256243,1.458522,2.074
0.45,0.256098,0.257432,1.360875,2.074
0.55,0.252033,0.258621,1.261779,2.074
0.6,0.292684,0.29132,1.165414,2.074
0.7,0.300811,0.292509,1.083657,2.070313
0.7,0.292684,0.308561,1.001969,2.052914
0.75,0.349593,0.34126,0.943076,2.028135
0.7,0.447153,0.420927,0.891987,1.988976
0.7,0.430895,0.43698,0.85981,1.939464
0.75,0.471545,0.453627,0.854,1.883782
0.8,0.455284,0.470273,0.854,1.818125
0.75,0.569105,0.565993,0.854,1.741972
0.8,0.471545,0.470273,0.854,1.71
0.8,0.487804,0.486326,0.854981,1.704215
0.725,0.495935,0.49346,0.871223,1.608384
0.65,0.504065,0.500595,0.885091,1.534837
0.7,0.495935,0.501189,0.903603,1.442316
0.6,0.544716,0.580262,0.926539,1.342479
0.6,0.593495,0.596314,0.950194,1.238421
0.6,0.617887,0.596314,0.975539,1.119683
0.6,0.666666,0.676576,0.994964,1.03396
0.5,0.666666,0.659334,1.016637,0.964296
0.45,0.715447,0.706897,1.056312,0.859834
0.45,0.682927,0.690844,1.108275,0.76105
0.45,0.796749,0.787158,1.150338,0.709407
0.5,0.764226,0.739596,1.219104,0.672315
0.4,0.764226,0.754459,1.30325,0.67
0.4,0.813007,0.786564,1.385772,0.67
0.4,0.747967,0.754459,1.498199,0.67175
0.35,0.723578,0.705707,1.591468,0.697627
0.3,0.682927,0.673008,1.673625,0.736125
0.35,0.674796,0.657551,1.753625,0.771
0.4,0.650407,0.642093,1.829322,0.818842
0.366667,0.628726,0.620293,1.885125,0.876875
0.333333,0.607045,0.598494,1.9342,0.939511
0.3,0.585364,0.576694,1.976901,1.02701
0.25,0.560975,0.543995,1.99,1.075
0.2,0.528455,0.527348,1.996207,1.092967
0.25,0.512193,0.511891,2.021531,1.175531
0.2,0.463415,0.463139,2.051475,1.296725
0.2,0.422764,0.431034,2.071937,1.403156
0.2,0.439025,0.431034,2.08,1.471932
0.25,0.390244,0.36742,2.08,1.60016
0.3,0.455284,0.319857,2.08,1.697947
0.3,0.333331,0.33591,2.078593,1.787945
0.2,0.235771,0.238407,2.053505,1.884158
0.2,0.22764,0.206302,2.01975,1.939875
0.15,0.19512,0.173603,1.9685,1.970483
0.225,0.182926,0.174495,1.89698,1.972108
0.3,0.170731,0.175386,1.828701,1.972108
0.4,0.154469,0.144471,1.764699,1.972108
0.45,0.243902,0.241379,1.699426,1.963282
0.45,0.219513,0.225327,1.632643,1.930914
0.5,0.211382,0.209869,1.584357,1.875375
0.6,0.268291,0.259215,1.554956,1.820473
0.5,0.300811,0.306183,1.522324,1.751841
0.525,0.321136,0.330559,1.499,1.684
0.55,0.341462,0.354935,1.484375,1.6245
0.5,0.406502,0.418549,1.471629,1.560523
0.55,0.422764,0.419144,1.455668,1.453135
0.45,0.439025,0.450059,1.441958,1.334728
0.5,0.512193,0.498811,1.42318,1.232387
0.45,0.552844,0.530321,1.392458,1.124707
0.5,0.495935,0.498811,1.346833,1.027082
0.5,0.609756,0.627229,1.3047,0.956427
0.45,0.646342,0.642687,1.263227,0.905952
0.4,0.682927,0.658145,1.231454,0.827668
0.4,0.682927,0.674197,1.201365,0.792202
0.45,0.731706,0.722949,1.126169,0.791836
0.4,0.731706,0.722354,1.066304,0.791836
0.425,0.772356,0.770809,1.04721,0.792821
0.45,0.813007,0.819263,1.03016,0.81819
0.55,0.853658,0.836504,1.026453,0.844803
0.5,0.796749,0.803805,1.027203,0.899729
0.55,0.764226,0.772295,1.027203,0.974388
0.5,0.764226,0.755648,1.027203,1.067143
0.6,0.747967,0.740785,1.044437,1.139652
0.6,0.731706,0.740785,1.092562,1.227652
0.5,0.731706,0.707491,1.137683,1.320989
0.45,0.642276,0.626635,1.163193,1.417629
0.55,0.617887,0.627824,1.199812,1.500174
0.6,0.560975,0.596314,1.258025,1.608115
0.5,0.520324,0.530916,1.31533,1.691956
0.5,0.544716,0.546968,1.375793,1.774709
0.6,0.479673,0.483948,1.434403,1.854439
0.55,0.439025,0.435196,1.495404,1.930935
0.6,0.357724,0.371581,1.567804,2.000719
0.65,0.373982,0.372176,1.654542,2.053595
0.6,0.317073,0.323424,1.748258,2.079
0.55,0.276422,0.258621,1.838208,2.079
0.55,0.211382,0.242568,1.917804,2.079
0.55,0.243902,0.178359,1.994375,2.079
0.5,0.1626,0.14566,2.066838,2.064115
0.4,0.081298,0.080262,2.131362,2.027822
0.4,0.121949,0.128419,2.186789,1.985605
0.3,0.13008,0.127229,2.276976,1.92254
0.25,0.121949,0.110583,2.345058,1.865749
0.2,0.13008,0.109988,2.412596,1.793446
0.2,0.219513,0.302616,2.463456,1.710635
0.15,0.211382,0.205707,2.481577,1.619016
0.25,0.211382,0.206897,2.482653,1.536652
0.225,0.256096,0.24673,2.482653,1.424748
0.2,0.300811,0.286564,2.482403,1.345751
0.1,0.349593,0.333532,2.458061,1.239622
0.15,0.365854,0.366231,2.385081,1.131413
0.1,0.447153,0.429845,2.307197,1.060223
0.15,0.439025,0.43044,2.241125,0.991833
0.1,0.479673,0.478002,2.178,0.92875
0.15,0.495935,0.478597,2.09718,0.881668
0.1,0.544716,0.542212,1.978405,0.817201
0.2,0.536585,0.527348,1.88026,0.779712
0.1,0.552844,0.542212,1.785185,0.774048
0.2,0.544716,0.543401,1.693011,0.774048
0.15,0.609756,0.63912,1.610075,0.774048
0.2,0.650407,0.639715,1.514643,0.778899
0.25,0.666666,0.640309,1.419109,0.798395
0.3,0.650407,0.640904,1.329929,0.828483
0.3,0.756098,0.769322,1.250839,0.876856
0.4,0.658535,0.658145,1.196065,0.952484
0.425,0.6626,0.666468,1.164197,1.020883
0.45,0.666666,0.674792,1.12052,1.087957
0.5,0.715447,0.707491,1.079662,1.17213
0.45,0.699186,0.690844,1.04949,1.25479
0.5,0.682927,0.675386,1.02483,1.344155
0.55,0.634146,0.611772,1.003808,1.449593
0.55,0.585364,0.579667,0.994258,1.549472
0.6,0.617887,0.580262,0.98069,1.643425
0.55,0.585364,0.579667,0.977,1.72675
0.5,0.569105,0.56302,0.977,1.835275
0.575,0.54878,0.539834,0.977,1.91483
0.65,0.528455,0.516647,0.981,1.99535
0.7,0.479673,0.485137,1.051219,2.072963
0.75,0.455284,0.453627,1.118037,2.139781
0.75,0.455284,0.469679,1.172981,2.191924
0.7,0.430895,0.420927,1.231103,2.213172
0.8,0.373982,0.390012,1.291173,2.213729
0.8,0.357724,0.37396,1.367745,2.213729
0.75,0.357724,0.373365,1.4382,2.213729
0.85,0.333331,0.326397,1.519333,2.197047
0.75,0.304876,0.30113,1.567104,2.160931
0.65,0.276422,0.275862,1.613192,2.107667
0.7,0.252033,0.260404,1.681445,2.051447
0.6,0.235771,0.227111,1.741609,1.984801
0.55,0.243902,0.226516,1.781573,1.92814
0.5,0.1626,0.161712,1.796357,1.899286
0.4,0.219511,0.20868,1.799,1.894
0.3,0.276422,0.255648,1.81475,1.840742
0.35,0.260164,0.256243,1.829,1.784794
0.45,0.308942,0.289536,1.829,1.707075
0.425,0.333333,0.321344,1.829,1.613438
0.4,0.357724,0.353151,1.829,1.607
0.4,0.365854,0.369203,1.829,1.607
0.35,0.373982,0.368609,1.812202,1.583986
0.35,0.406502,0.400713,1.767849,1.522678
0.25,0.398375,0.399524,1.684826,1.441302
0.375,0.43496,0.433115,1.572439,1.352562
0.5,0.471545,0.466706,1.444933,1.284466
0.5,0.504065,0.514863,1.321599,1.214069
0.5,0.520324,0.498811,1.195901,1.156091
0.5,0.552844,0.627229,1.066375,1.107732
0.45,0.601625,0.59453,0.959736,1.060244
0.5,0.666666,0.675386,0.869474,1.010957
0.55,0.666666,0.659929,0.822195,0.967578
0.6,0.682927,0.676576,0.808639,0.922089
0.55,0.764226,0.756243,0.808639,0.865992
0.55,0.764226,0.756243,0.808639,0.825542
0.6,0.764226,0.756837,0.808989,0.795067
0.55,0.829269,0.820452,0.823973,0.764841
0.55,0.837396,0.836504,0.856096,0.741743
0.55,0.821138,0.820452,0.902144,0.725231
0.5,0.894309,0.884067,0.971323,0.704433
0.55,0.813007,0.820452,1.043274,0.688077
0.55,0.813007,0.788347,1.125689,0.676665
0.5,0.796749,0.787753,1.21309,0.668009
0.6,0.780487,0.788942,1.282347,0.661597
0.55,0.739836,0.74019,1.369766,0.658188
0.475,0.735771,0.739298,1.471125,0.658188
0.4,0.731706,0.738407,1.577682,0.658188
0.5,0.707316,0.739596,1.683308,0.659246
0.475,0.686991,0.723246,1.782944,0.679355
0.45,0.666666,0.706897,1.864947,0.712226
0.35,0.6626,0.681629,1.94667,0.746804
0.25,0.658535,0.656361,2.023091,0.794793
0.25,0.658535,0.656361,2.081107,0.854858
0.15,0.601625,0.607015,2.138102,0.932787
0.2,0.593495,0.591558,2.180714,1.01128
0.15,0.536585,0.542806,2.218312,1.099437
0.1,0.536585,0.526159,2.245543,1.209204
0.1,0.463415,0.478002,2.254462,1.297752
0.1,0.447153,0.413793,2.254462,1.408593
0.15,0.414633,0.414388,2.254462,1.509464
0.1,0.406502,0.397741,2.247606,1.621198
0.2,0.357724,0.302616,2.215908,1.734233
0.15,0.325204,0.318074,2.174347,1.840471
0.25,0.260164,0.271106,2.110468,1.922905
0.15,0.219513,0.22176,2.050626,1.997779
0.2,0.203251,0.206302,1.99071,2.057523
0.2,0.19512,0.174197,1.932703,2.100426
0.375,0.191056,0.184304,1.841842,2.127154
0.55,0.186993,0.194411,1.740864,2.1274
0.55,0.178862,0.178359,1.650667,2.1274
0.566667,0.189702,0.189259,1.57401,2.1274
0.583333,0.200542,0.200159,1.499404,2.117925
0.6,0.211382,0.211058,1.417758,2.085368
0.7,0.252033,0.260404,1.344766,2.045253
0.75,0.268291,0.277051,1.266755,1.995835
0.7,0.341462,0.324614,1.198194,1.931265
0.65,0.365854,0.372176,1.159875,1.856458
0.7,0.398375,0.388823,1.152636,1.772127
0.65,0.406502,0.404281,1.143889,1.684667
0.65,0.495935,0.500595,1.132725,1.6255
0.65,0.487804,0.500595,1.11771,1.533343
0.65,0.536585,0.532699,1.1125,1.433739
0.6,0.569105,0.564209,1.111316,1.318647
0.6,0.601625,0.596314,1.109562,1.195776
0.6,0.617887,0.628419,1.110714,1.087243
0.5,0.666666,0.659334,1.12293,0.974633
0.55,0.634146,0.643876,1.133038,0.888985
0.45,0.699186,0.690844,1.152843,0.80288
0.45,0.682927,0.690844,1.203923,0.73744
0.4,0.975611,0.786564,1.27587,0.688378
0.35,0.731706,0.769917,1.348312,0.661985
0.35,0.674796,0.673603,1.42256,0.6605
0.4,0.682927,0.674197,1.501548,0.6605
0.4,0.674796,0.674197,1.580051,0.6605
0.4,0.682927,0.658145,1.6564,0.669933
0.3,0.682927,0.689061,1.71542,0.694617
0.2,0.674796,0.655767,1.780699,0.727216
0.233333,0.661246,0.640111,1.837737,0.775307
0.266667,0.647696,0.624455,1.894257,0.845463
0.3,0.634146,0.608799,1.950818,0.940154
0.35,0.609756,0.625446,1.996765,1.024521
0.275,0.5813,0.576397,2.026405,1.107546
0.2,0.552844,0.527348,2.042218,1.190625
0.2,0.504065,0.479191,2.05,1.278371
0.25,0.471545,0.447681,2.05,1.39451
0.2,0.422764,0.39893,2.05,1.490272
0.15,0.406502,0.398335,2.047,1.596018
0.166667,0.365852,0.355727,2.033626,1.696035
0.183333,0.325203,0.313119,2.015134,1.776128
0.2,0.284553,0.270511,1.971074,1.878659
0.2,0.292684,0.286564,1.926191,1.972226
0.25,0.231707,0.222949,1.877081,2.049915
0.3,0.170731,0.159334,1.82375,2.116875
0.4,0.1626,0.176576,1.768,2.17965
0.3,0.203251,0.159334,1.699878,2.22665
0.425,0.174796,0.152794,1.637879,2.2305
0.55,0.146342,0.146254,1.574142,2.2305
0.65,0.22764,0.211653,1.53393,2.2305
0.75,0.186993,0.19679,1.507188,2.212942
0.65,0.243902,0.243757,1.485794,2.162171
0.65,0.252033,0.243757,1.465946,2.100786
0.65,0.252033,0.25981,1.447805,2.010399
0.65,0.292684,0.291914,1.43113,1.909489
0.55,0.300811,0.306778,1.41319,1.798951
0.55,0.373982,0.370987,1.400902,1.704453
0.55,0.406502,0.451249,1.3822,1.600743
0.55,0.422764,0.419144,1.354795,1.482923
0.5,0.536585,0.514863,1.322423,1.38242
0.45,0.528455,0.514269,1.281492,1.292875
0.45,0.560975,0.546373,1.239673,1.206185
0.45,0.552844,0.562426,1.199148,1.122096
0.45,0.617887,0.626635,1.178526,1.080477
0.45,0.650407,0.642687,1.136514,1.017401
0.45,0.642276,0.65874,1.07825,0.96225
0.5,0.682927,0.675386,1.015216,0.928065
0.45,0.780487,0.755054,0.955011,0.9255
0.5,0.796749,0.787753,0.907821,0.9255
0.5,0.821138,0.787753,0.877859,0.9255
0.5,0.780487,0.7717,0.856784,0.942891
0.55,0.772356,0.756243,0.816171,1.017117
0.55,0.747967,0.74019,0.762239,1.07498
0.6,0.723578,0.724732,0.724653,1.163131
0.6,0.699186,0.70868,0.694,1.2655
0.65,0.739836,0.741379,0.671948,1.358767
0.7,0.715447,0.725922,0.651303,1.443667
0.65,0.691058,0.67717,0.62545,1.560412
0.75,0.682927,0.662307,0.619722,1.66942
0.75,0.601625,0.61415,0.619722,1.780987
0.8,0.626015,0.630797,0.619722,1.879856
0.8,0.577236,0.58264,0.625041,1.963879
0.8,0.577236,0.58264,0.65818,2.030566
0.8,0.569105,0.566587,0.703125,2.094125
0.8,0.544716,0.550535,0.751997,2.142992
0.85,0.512193,0.502973,0.830949,2.198851
0.85,0.479673,0.470868,0.907704,2.241611
0.85,0.414633,0.406659,0.992583,2.269875
0.85,0.373982,0.374554,1.090127,2.28325
0.85,0.365854,0.390606,1.180552,2.28325
0.85,0.260164,0.262188,1.276552,2.28325
0.85,0.260164,0.262188,1.370619,2.2815
0.8,0.252033,0.261593,1.473288,2.260354
0.7,0.243902,0.244352,1.560459,2.220799
0.6,0.22764,0.227111,1.660162,2.163723
0.6,0.211382,0.195006,1.777808,2.094461
0.55,0.211382,0.178359,1.862147,2.013074
0.425,0.215447,0.184899,1.912801,1.9434
0.3,0.219513,0.191439,1.942722,1.893333
0.25,0.19512,0.206897,1.958,1.809844
0.266667,0.243901,0.249901,1.958,1.703875
0.283333,0.292681,0.292905,1.958,1.614787
0.3,0.341462,0.33591,1.95408,1.516532
0.35,0.365854,0.352556,1.917981,1.45756
0.3,0.406502,0.400119,1.813899,1.378561
0.25,0.406502,0.399524,1.767267,1.339725
0.35,0.439025,0.432818,1.706543,1.294651
0.45,0.479673,0.466112,1.618878,1.236025
0.35,0.520324,0.545184,1.53793,1.197995
0.35,0.536585,0.497027,1.534745,1.192
0.375,0.577236,0.56956,1.444125,1.18079
0.4,0.617887,0.642093,1.352149,1.155167
0.475,0.642276,0.651011,1.233242,1.117222
0.55,0.666666,0.659929,1.143228,1.078968
0.5,0.707316,0.723543,1.047007,1.027446
0.525,0.719511,0.731867,0.980388,0.982854
0.55,0.731706,0.74019,0.913086,0.942441
0.5,0.780487,0.739596,0.897578,0.904647
0.5,0.788618,0.7717,0.897578,0.859589
0.6,0.764226,0.772889,0.897578,0.815573
0.55,0.829269,0.772295,0.902559,0.7835
0.55,0.821138,0.836504,0.932216,0.756398
0.55,0.813007,0.8044,0.9885,0.71925
0.5,0.772356,0.7717,1.033983,0.688114
0.55,0.837396,0.836504,1.098548,0.660354
0.475,0.792682,0.771403,1.185536,0.638455
0.4,0.747967,0.706302,1.271515,0.628734
0.4,0.739836,0.722354,1.346905,0.624762
0.35,0.731706,0.72176,1.447107,0.62435
0.3,0.699186,0.689061,1.541768,0.62435
0.25,0.715447,0.704518,1.649073,0.62435
0.25,0.666666,0.688466,1.75433,0.634937
0.3,0.682927,0.656956,1.843452,0.670435
0.25,0.658537,0.640309,1.922677,0.717105
0.2,0.634147,0.623662,1.991375,0.770125
0.15,0.609756,0.607015,2.063229,0.83425
0.1,0.601625,0.574316,2.13439,0.914103
0.2,0.528455,0.527348,2.192715,1.001445
0.2,0.536585,0.527348,2.228942,1.12514
0.2,0.463415,0.463139,2.267564,1.240234
0.2,0.430895,0.431034,2.274381,1.35825
0.1,0.398375,0.381688,2.274381,1.484238
0.15,0.353658,0.350178,2.274381,1.616061
0.2,0.308942,0.318668,2.268052,1.76066
0.25,0.260164,0.255054,2.246513,1.878248
0.2,0.22764,0.222354,2.215266,1.97674
0.3,0.19512,0.191439,2.166455,2.051676
0.3625,0.172763,0.172117,2.117333,2.1215
0.425,0.150406,0.152794,2.020943,2.179411
0.4875,0.128048,0.133472,1.961716,2.242661
0.55,0.105691,0.11415,1.896469,2.282191
0.583333,0.130081,0.135949,1.812495,2.311497
0.616667,0.154472,0.157749,1.713415,2.33902
0.65,0.178862,0.179548,1.626685,2.368315
0.65,0.22764,0.227705,1.51436,2.378361
0.725,0.256096,0.260702,1.406583,2.381
0.8,0.284553,0.293698,1.303265,2.381
0.8,0.292684,0.293698,1.206286,2.381
0.75,0.365854,0.357313,1.106,2.37875
0.8,0.382113,0.390012,1.008825,2.364462
0.85,0.406502,0.406659,0.936572,2.341787
0.8,0.422764,0.422117,0.886661,2.311917
0.9,0.479673,0.471463,0.863808,2.275917
0.9,0.447153,0.51962,0.863808,2.233333
0.85,0.455284,0.438763,0.863808,2.174498
0.8,0.414633,0.406064,0.864683,2.102625
0.75,0.463415,0.453627,0.883768,2.024262
0.75,0.463415,0.469679,0.93655,1.92433
0.75,0.463415,0.437574,0.991892,1.832684
0.7,0.487804,0.469084,1.05086,1.745195
0.7,0.520324,0.517241,1.115922,1.653674
0.65,0.487804,0.484542,1.178962,1.56818
0.6,0.471545,0.451843,1.252118,1.47814
0.55,0.455284,0.451249,1.329487,1.394972
0.45,0.439025,0.434007,1.413862,1.316222
0.4,0.447153,0.449465,1.499206,1.250003
0.4,0.552844,0.545779,1.587423,1.181936
0.35,0.495935,0.480975,1.675857,1.107366
0.35,0.520324,0.497027,1.74695,1.04036
0.275,0.520324,0.512188,1.828945,0.96407
0.2,0.520324,0.527348,1.892124,0.909056
0.2,0.536585,0.527348,1.951218,0.853083
0.15,0.528455,0.526754,1.989662,0.797214
0.2,0.601625,0.60761,1.991113,0.758631
0.1,0.601625,0.590369,1.991113,0.729433
0.15,0.617887,0.671225,1.991113,0.717625
0.15,0.601625,0.574911,1.982173,0.702313
0.1,0.609756,0.606421,1.948375,0.69125
0.2,0.634146,0.623662,1.893069,0.678286
0.25,0.593495,0.5761,1.824428,0.676
0.25,0.658535,0.640309,1.731102,0.675701
0.2,0.634146,0.623662,1.645779,0.672385
0.3,0.756098,0.737218,1.549887,0.672067
0.35,0.731706,0.705707,1.48569,0.675364
0.35,0.731706,0.72176,1.394197,0.676
0.35,0.756098,0.753864,1.305252,0.679803
0.4,0.731706,0.722354,1.230852,0.689803
0.5,0.813007,0.803805,1.173259,0.719404
0.4,0.756098,0.754459,1.110354,0.775531
0.5,0.747967,0.787753,1.065671,0.844546
0.5,0.780487,0.7717,1.022284,0.912645
0.5,0.731706,0.723543,0.978962,0.990941
0.5,0.715447,0.723543,0.930322,1.10473
0.6,0.731706,0.740785,0.903375,1.204125
0.6,0.707316,0.644471,0.888468,1.316371
0.55,0.617887,0.627824,0.883661,1.427443
0.65,0.609756,0.612961,0.875533,1.530724
0.65,0.723578,0.709275,0.855289,1.627684
0.75,0.552844,0.565993,0.853563,1.736662
0.75,0.536585,0.533888,0.853563,1.830165
0.7,0.495935,0.501189,0.853563,1.935175
0.75,0.487804,0.493757,0.865737,2.029462
0.8,0.479673,0.486326,0.903707,2.104607
0.85,0.455284,0.454816,0.942848,2.159282
0.85,0.439025,0.438763,0.988858,2.209147
0.85,0.414633,0.422711,1.049178,2.251678
0.85,0.398375,0.390606,1.121041,2.286915
0.8,0.365854,0.357907,1.196335,2.315797
0.75,0.341462,0.325208,1.280043,2.330029
0.85,0.268291,0.262188,1.382917,2.333528
0.85,0.252033,0.262188,1.461222,2.333778
0.75,0.203251,0.19679,1.53022,2.333778
0.75,0.178862,0.180737,1.625205,2.333083
0.65,0.138211,0.147444,1.715292,2.318333
0.6,0.089429,0.098692,1.809875,2.293625
0.5,0.13008,0.14566,1.911808,2.245257
0.4,0.126015,0.120392,1.982821,2.183179
0.3,0.121949,0.095125,2.04399,2.116463
0.266667,0.15176,0.126833,2.097544,2.047381
0.233333,0.181571,0.158541,2.129826,1.971597
0.2,0.211382,0.19025,2.158695,1.892569
0.25,0.235771,0.206897,2.201267,1.778632
0.15,0.284553,0.237812,2.22294,1.666022
0.25,0.308942,0.319263,2.238796,1.562561
0.15,0.333331,0.318074,2.247572,1.466272
0.1,0.365854,0.365636,2.2525,1.377574
0.1,0.414633,0.397741,2.2525,1.280797
0.1,0.430895,0.397741,2.2525,1.18937
0.15,0.479673,0.462545,2.251589,1.108604
0.1,0.504065,0.478002,2.23872,1.052878
0.15,0.479673,0.478597,2.220491,1.027941
0.2,0.552844,0.543401,2.200007,1.027921
0.25,0.560975,0.543995,2.164513,1.027921
0.225,0.55691,0.523633,2.125615,1.027921
0.2,0.552845,0.50327,2.116067,1.040791
0.175,0.548781,0.482907,2.097012,1.065657
0.15,0.544716,0.462545,2.046776,1.089543
0.25,0.504065,0.495838,1.976823,1.099053
0.25,0.544716,0.527943,1.884011,1.099053
0.15,0.512193,0.510702,1.812125,1.099053
0.275,0.528455,0.520214,1.755,1.095552
0.4,0.544716,0.529727,1.656695,1.066207
0.4,0.544716,0.529727,1.574172,1.028882
0.45,0.569105,0.578478,1.442453,0.989605
0.45,0.617887,0.626635,1.321212,0.9557
0.45,0.634146,0.642687,1.245788,0.935443
0.45,0.666666,0.674792,1.199318,0.926063
0.5,0.699186,0.691439,1.126474,0.923789
0.4,0.731706,0.722354,1.058914,0.923789
0.5,0.699186,0.707491,0.998191,0.923789
0.55,0.723576,0.724138,0.979178,0.926664
0.6,0.747967,0.740785,0.973069,0.964375
0.55,0.788618,0.772295,0.966695,1.012503
0.55,0.756098,0.772295,0.963319,1.069718
0.625,0.731707,0.741082,0.953312,1.141075
0.7,0.707316,0.709869,0.932175,1.207217
0.6,0.666666,0.676576,0.9203,1.297278
0.65,0.682927,0.67717,0.918355,1.385522
0.65,0.650407,0.645065,0.905768,1.478005
0.7,0.617887,0.629608,0.892661,1.576629
0.7,0.601625,0.597503,0.889,1.668659
0.75,0.560975,0.565993,0.889,1.764144
0.75,0.552844,0.533888,0.889,1.823241
0.8,0.504065,0.486326,0.908232,1.937146
0.8,0.471545,0.486326,0.961005,2.016038
0.9,0.504065,0.487515,1.016745,2.072165
0.85,0.426829,0.422711,1.082117,2.136233
0.8,0.349593,0.357907,1.157965,2.194384
0.8,0.357724,0.357907,1.238375,2.242625
0.8,0.276422,0.277646,1.338881,2.277521
0.8,0.252033,0.245541,1.436076,2.283594
0.75,0.186993,0.180737,1.52174,2.283594
0.7,0.146342,0.148038,1.600158,2.283594
0.65,0.09756,0.147444,1.674072,2.278545
0.6,0.09756,0.098692,1.780199,2.249397
0.5,0.09756,0.097503,1.884255,2.215716
0.4,0.09756,0.112366,1.975941,2.159373
0.375,0.117885,0.128121,2.044029,2.103387
0.35,0.138211,0.143876,2.102247,2.036567
0.25,0.154469,0.15874,2.157851,1.947719
0.225,0.17886,0.174495,2.197167,1.868686
0.2,0.203251,0.19025,2.228208,1.788848
0.15,0.235771,0.22176,2.232,1.721745
0.15,0.317073,0.318074,2.232,1.646975
0.15,0.325204,0.318074,2.232,1.552619
0.15,0.349593,0.334126,2.23058,1.480395
0.2,0.406502,0.39893,2.222259,1.418117
0.15,0.414633,0.398335,2.216229,1.37743
0.15,0.422764,0.414388,2.199083,1.371828
0.1,0.471545,0.397741,2.160822,1.371828
0.15,0.544716,0.526754,2.103206,1.371828
0.25,0.349593,0.335315,2.024554,1.375151
0.3,0.368562,0.357313,1.956357,1.404194
0.35,0.387532,0.37931,1.866165,1.457832
0.4,0.406502,0.401308,1.78378,1.506209
0.5,0.430895,0.402497,1.67779,1.560176
0.4,0.390244,0.385256,1.565956,1.607377
0.45,0.373982,0.369798,1.470891,1.645378
0.5,0.390244,0.386445,1.360718,1.685391
0.6,0.390244,0.387634,1.268033,1.727254
0.65,0.373982,0.388228,1.181549,1.758598
0.7,0.447153,0.453032,1.11739,1.786757
0.75,0.471545,0.453627,1.040853,1.805717
0.7,0.471545,0.469084,0.988417,1.81
0.75,0.487804,0.501784,0.977667,1.81
0.75,0.479673,0.485731,0.977667,1.81
0.7,0.495935,0.485137,0.977667,1.807997
0.75,0.495935,0.501784,0.984683,1.794017
0.7,0.455284,0.453032,1.031423,1.765015
0.7,0.463415,0.453032,1.086507,1.737762
0.65,0.471545,0.46849,1.148428,1.719589
0.6,0.471545,0.467895,1.203047,1.717898
0.65,0.471545,0.484542,1.259222,1.717898
0.6,0.479673,0.483948,1.322222,1.717898
0.65,0.414633,0.452438,1.385464,1.721582
0.7,0.390244,0.404875,1.459806,1.741181
0.6,0.373982,0.371581,1.535882,1.764669
0.6,0.341462,0.339477,1.616852,1.796115
0.5,0.317073,0.306183,1.706092,1.833083
0.5,0.292684,0.290131,1.799472,1.854
0.45,0.276422,0.257432,1.868424,1.854
0.35,0.1626,0.159929,1.944919,1.854
0.35,0.178862,0.159929,2.023343,1.854
0.25,0.19512,0.206897,2.08575,1.8397
0.2,0.211382,0.206302,2.133775,1.803475
0.2,0.260164,0.254459,2.184728,1.756081
0.25,0.268291,0.255054,2.214047,1.686957
0.2,0.357724,0.350773,2.23765,1.593313
0.2,0.373982,0.334721,2.23765,1.502719
0.1,0.390244,0.365636,2.23765,1.411219
0.1,0.430895,0.413793,2.236858,1.312109
0.05,0.406502,0.397146,2.2136,1.21942
0.15,0.487804,0.462545,2.185554,1.141035
0.2,0.504065,0.495244,2.130646,1.076292
0.15,0.495935,0.478597,2.066444,1.006366
0.25,0.569105,0.608205,1.980661,0.949214
0.2,0.560975,0.559453,1.901625,0.904125
0.25,0.585365,0.584126,1.82091,0.873326
0.3,0.609756,0.608799,1.731969,0.85229
0.4,0.617887,0.609988,1.635403,0.836965
0.4,0.617887,0.609988,1.537697,0.835931
0.45,0.650407,0.626635,1.443499,0.835931
0.4,0.715447,0.706302,1.372612,0.835931
0.45,0.731706,0.739001,1.289698,0.841465
0.45,0.723578,0.722949,1.201708,0.865021
0.45,0.731706,0.722949,1.128063,0.89525
0.45,0.723578,0.706897,1.05816,0.912109
0.55,0.735773,0.732164,1.013035,0.921
0.65,0.747967,0.757432,0.967875,0.926875
0.6,0.747967,0.740785,0.911019,0.934229
0.6,0.731706,0.740785,0.870444,0.939147
0.6,0.707316,0.724732,0.829159,0.942648
0.6,0.691058,0.70868,0.803625,0.944504
0.55,0.747967,0.74019,0.802,0.945542
0.55,0.764226,0.756243,0.802,0.947623
0.55,0.731706,0.724138,0.802,0.95868
0.6,0.691058,0.676576,0.813133,1.002835
0.6,0.617887,0.612366,0.841786,1.062821
0.55,0.626015,0.708086,0.852162,1.153818
0.6,0.634146,0.644471,0.861416,1.256381
0.6,0.609756,0.612366,0.872513,1.356198
0.55,0.642276,0.643876,0.878469,1.472859
0.6,0.601625,0.596314,0.878867,1.579125
0.65,0.560975,0.548751,0.885949,1.685608
0.75,0.520324,0.533888,0.894127,1.797552
0.75,0.520324,0.533888,0.896865,1.874002
0.75,0.495935,0.501784,0.918715,1.931896
0.8,0.552844,0.502378,1.010577,1.982828
0.8,0.463415,0.470273,1.056903,2.013318
0.8,0.439025,0.438169,1.106223,2.040917
0.75,0.439025,0.437574,1.162413,2.060949
0.75,0.406502,0.40547,1.241053,2.078117
0.7,0.357724,0.356718,1.316698,2.090685
0.7,0.292684,0.308561,1.390355,2.110243
0.7,0.300811,0.292509,1.487125,2.1265
0.8,0.235771,0.229489,1.525811,2.143065
0.7,0.211382,0.212247,1.606437,2.166125
0.675,0.178862,0.171819,1.685434,2.198048
0.65,0.146342,0.131391,1.770134,2.216685
0.5,0.0813,0.073424,1.819731,2.219
0.35,0.016258,0.015458,1.86571,2.219
0.35,0.016258,0.015458,1.910384,2.219
0.35,0.09756,0.095719,1.936046,2.209682
0.35,0.105691,0.095719,1.954617,2.172374
0.35,0.121949,0.111772,1.969585,2.10917
0.3,0.146342,0.159334,1.98803,2.03467
0.25,0.170731,0.190844,2.013158,1.928558
0.25,0.268291,0.255054,2.059493,1.780385
0.2,0.284553,0.270511,2.083755,1.673495
0.15,0.300811,0.318074,2.10506,1.566185
0.15,0.382113,0.398335,2.131987,1.447648
0.1,0.325204,0.333532,2.151725,1.363243
0.175,0.386178,0.38258,2.154438,1.268443
0.25,0.447153,0.431629,2.154438,1.159537
0.2,0.479673,0.463139,2.154438,1.072259
0.1,0.504065,0.510107,2.150828,1.018729
0.1,0.520324,0.510107,2.131172,0.982722
0.2,0.544716,0.527348,2.096616,0.958443
0.2,0.520324,0.511296,2.054605,0.938755
0.25,0.536585,0.511891,1.998479,0.926697
0.3,0.585364,0.576694,1.942574,0.926197
0.2,0.577236,0.559453,1.851184,0.926197
0.25,0.5813,0.568074,1.77169,0.926197
0.3,0.585364,0.576694,1.695051,0.92767
0.35,0.650407,0.657551,1.59709,0.935127
0.45,0.682927,0.65874,1.489285,0.940055
0.5,0.634146,0.627229,1.390128,0.944792
0.55,0.634146,0.627824,1.294394,0.962901
0.5,0.666666,0.643282,1.191583,1.003348
0.55,0.691058,0.74019,1.098678,1.049348
0.5,0.666666,0.659334,1.0185,1.10025
0.6,0.723578,0.70868,0.961533,1.153675
0.65,0.634146,0.629013,0.9222,1.215592
0.6,0.617887,0.612366,0.87735,1.288321
0.7,0.569105,0.581451,0.835202,1.377645
0.75,0.626015,0.630202,0.799595,1.473979
0.7,0.617887,0.629608,0.788148,1.563058
0.75,0.634146,0.61415,0.785714,1.649378
0.75,0.617887,0.61415,0.785714,1.727436
0.75,0.593495,0.582045,0.785714,1.804536
0.75,0.536585,0.549941,0.789492,1.868773
0.75,0.544716,0.533888,0.860171,1.923187
0.8,0.495935,0.502378,0.911862,1.986396
0.8,0.447153,0.454221,0.96234,2.041039
0.75,0.471545,0.469679,1.032375,2.087875
0.85,0.390244,0.390606,1.097616,2.132625
0.75,0.406502,0.40547,1.161324,2.164833
0.8,0.325204,0.30975,1.225082,2.188678
0.8,0.300811,0.30975,1.269523,2.209391
0.75,0.276422,0.277051,1.310706,2.227354
0.7,0.22764,0.2283,1.354894,2.227805
0.65,0.219513,0.211653,1.441133,2.227805
0.65,0.186993,0.179548,1.524057,2.227805
0.65,0.170731,0.179548,1.600558,2.220451
0.55,0.166666,0.162307,1.672747,2.198813
0.45,0.1626,0.145065,1.758674,2.162816
0.4,0.178862,0.176576,1.820003,2.135906
0.3,0.19512,0.175386,1.882032,2.093478
0.3,0.189701,0.175386,1.956526,2.033824
0.3,0.184281,0.175386,2.012742,1.977947
0.3,0.178862,0.175386,2.072322,1.905727
0.2,0.178862,0.19025,2.124512,1.834012
0.15,0.19512,0.189655,2.182695,1.752205
0.05,0.284553,0.28478,2.238951,1.688692
0.15,0.300811,0.285969,2.308326,1.593119
0.1,0.373982,0.397741,2.343576,1.506969
0.1,0.373982,0.365636,2.366117,1.426441
0.05,0.455284,0.477408,2.370156,1.33576
0.1,0.430895,0.413793,2.370156,1.257865
0.0,0.455284,0.444709,2.370156,1.1785
0.0,0.471545,0.460761,2.364966,1.106551
0.1,0.491869,0.486029,2.326798,1.047725
0.2,0.512193,0.511296,2.270899,0.991733
0.2,0.528455,0.527348,2.220336,0.950984
0.2,0.552844,0.591558,2.178331,0.934083
0.15,0.577236,0.558859,2.134159,0.934083
0.15,0.569105,0.558859,2.111938,0.934083
0.15,0.552844,0.494649,2.082602,0.938054
0.25,0.560975,0.543995,2.062221,0.988123
0.3,0.520324,0.496433,2.026641,1.059223
0.2,0.471545,0.463139,1.986354,1.130462
0.3,0.455284,0.448276,1.946286,1.223645
0.35,0.439025,0.432818,1.895653,1.32844
0.4,0.422764,0.41736,1.830117,1.435176
0.45,0.357724,0.353746,1.767089,1.533632
0.45,0.341462,0.321641,1.69079,1.619439
0.45,0.341462,0.321641,1.620022,1.717567
0.525,0.345527,0.330559,1.533092,1.791994
0.6,0.349593,0.339477,1.453201,1.883981
0.675,0.345527,0.340369,1.380397,1.962527
0.75,0.341462,0.34126,1.30375,2.022875
0.8,0.390244,0.37396,1.216242,2.074956
0.8,0.382113,0.390012,1.121125,2.118375
0.85,0.382113,0.390606,1.03525,2.133944
0.8,0.439025,0.438169,0.964692,2.133944
0.85,0.463415,0.454816,0.88485,2.133944
0.85,0.504065,0.502973,0.819626,2.133569
0.85,0.528455,0.519025,0.760097,2.107947
0.8,0.552844,0.550535,0.707213,2.060215
0.8,0.536585,0.534483,0.67325,1.999125
0.75,0.593495,0.533888,0.653473,1.92556
0.8,0.634146,0.630797,0.647,1.840956
0.75,0.601625,0.61415,0.647,1.744389
0.7,0.601625,0.597503,0.644015,1.653783
0.6,0.650407,0.660523,0.63895,1.598693
0.65,0.699186,0.693222,0.638,1.484162
0.65,0.699186,0.67717,0.638061,1.400007
0.6,0.715447,0.70868,0.647329,1.310619
0.5,0.731706,0.739596,0.658534,1.219208
0.55,0.699186,0.692033,0.675062,1.114678
0.5,0.699186,0.691439,0.727578,1.010983
0.55,0.715447,0.708086,0.806705,0.902691
0.5,0.735773,0.739596,0.890855,0.819982
0.45,0.756098,0.771106,0.991171,0.757007
0.4,0.747967,0.738407,1.114796,0.709015
0.3,0.682927,0.689061,1.346875,0.658625
0.3,0.723578,0.705113,1.43774,0.644
0.35,0.650407,0.641498,1.553293,0.644
0.3,0.682927,0.656956,1.658308,0.644
0.2,0.626015,0.623662,1.7598,0.644775
0.25,0.650407,0.624257,1.841959,0.665871
0.2,0.601625,0.591558,1.917044,0.707628
0.25,0.617887,0.608205,1.989161,0.76475
0.15,0.528455,0.526754,2.060273,0.829533
0.15,0.544716,0.526754,2.127459,0.90252
0.1,0.471545,0.494055,2.202079,1.0278
0.1,0.430895,0.413793,2.24501,1.122434
0.1,0.401626,0.381688,2.268599,1.213785
0.1,0.372358,0.349584,2.295976,1.325936
0.1,0.343089,0.317479,2.310877,1.434568
0.1,0.313821,0.285375,2.310877,1.548125
0.1,0.284553,0.25327,2.310877,1.655668
0.15,0.178862,0.173603,2.308752,1.774316
0.15,0.146342,0.157551,2.266818,1.904837
0.2,0.081298,0.077883,2.226792,1.993667
0.275,0.089429,0.094828,2.188726,2.061858
0.35,0.09756,0.111772,2.136935,2.123591
0.35,0.113822,0.111772,2.065579,2.177163
0.45,0.130082,0.120987,1.987312,2.22843
0.55,0.146342,0.130202,1.887353,2.263177
0.65,0.13008,0.147444,1.792128,2.278562
0.75,0.170731,0.180737,1.710748,2.285563
0.75,0.178862,0.180737,1.605702,2.290033
0.8,0.22764,0.245541,1.516198,2.300518
0.85,0.243902,0.246136,1.416469,2.301525
0.8,0.300811,0.341855,1.304739,2.301525
0.8,0.430895,0.406064,1.210403,2.301525
0.75,0.463415,0.453627,1.12929,2.288015
0.85,0.406502,0.406659,1.0631,2.252475
0.85,0.430895,0.422711,1.021055,2.20384
0.75,0.463415,0.421522,0.996875,2.145375
0.85,0.455284,0.454816,0.974854,2.071539
0.775,0.479675,0.469976,0.965531,1.984128
0.7,0.504065,0.485137,0.965531,1.900395
0.65,0.520324,0.564804,0.965531,1.818665
0.6,0.528455,0.516052,0.966148,1.730094
0.65,0.552844,0.564804,0.9755,1.656833
0.6,0.634146,0.612366,0.982254,1.604649
0.55,0.634146,0.627824,0.985861,1.529855
0.55,0.617887,0.643876,0.987901,1.426503
0.5,0.674796,0.675386,0.989793,1.326238
0.5,0.704606,0.70214,0.995692,1.21538
0.5,0.734416,0.728894,1.003639,1.159057
0.5,0.764226,0.755648,1.009031,1.146248
0.5,0.764226,0.739596,1.05557,1.141885
0.5,0.731706,0.739596,1.087606,1.141885
0.55,0.715447,0.708086,1.095803,1.146221
0.45,0.682927,0.690844,1.120787,1.152926
0.5,0.666666,0.675386,1.16648,1.178102
0.5,0.634146,0.627229,1.216935,1.207684
0.5,0.585364,0.56302,1.26975,1.255218
0.45,0.585364,0.578478,1.314483,1.288281
0.4,0.528455,0.513674,1.410802,1.310361
0.5,0.487804,0.498811,1.485,1.3353
0.45,0.463415,0.434007,1.494038,1.360387
0.45,0.447153,0.434007,1.520189,1.389643
0.375,0.414633,0.401011,1.621281,1.409
0.3,0.382113,0.368014,1.733335,1.411456
0.3,0.349593,0.351962,1.814484,1.46152
0.2,0.325204,0.318668,1.891373,1.527534
0.25,0.292684,0.287158,1.951391,1.591903
0.25,0.260164,0.255054,1.991808,1.637102
0.3,0.243902,0.239596,2.056571,1.71203
0.3,0.235771,0.239596,2.076301,1.786843
0.4,0.186993,0.176576,2.098,1.861737
0.383333,0.159892,0.149623,2.103815,1.929783
0.366667,0.132792,0.122671,2.10493,2.009884
0.35,0.105691,0.095719,2.10493,2.072222
0.35,0.06504,0.079667,2.104065,2.078629
0.3,0.09756,0.111177,2.09775,2.078629
0.3,0.13008,0.127229,2.088854,2.078629
0.3,0.203251,0.191439,2.083492,2.060702
0.3,0.219513,0.191439,2.070774,2.01537
0.35,0.276422,0.256243,2.066375,1.960024
0.25,0.308942,0.319263,2.059831,1.941598
0.25,0.325204,0.319263,2.057623,1.841815
0.3,0.325204,0.319857,2.050165,1.726261
0.3,0.398375,0.368014,2.04864,1.6133
0.2,0.422764,0.414982,2.04343,1.492347
0.15,0.439025,0.43044,2.032813,1.398346
0.25,0.495935,0.479786,2.012964,1.31033
0.3,0.495935,0.496433,1.998507,1.220221
0.2,0.528455,0.543401,1.981677,1.147902
0.15,0.544716,0.542806,1.954193,1.084894
0.25,0.528455,0.511891,1.904307,1.038446
0.3,0.593495,0.592747,1.858451,1.031143
0.3,0.593495,0.592747,1.802536,1.031143
0.35,0.569105,0.561237,1.764522,1.031143
0.45,0.560975,0.562426,1.726735,1.055747
0.35,0.495935,0.51308,1.682293,1.096659
0.4,0.536585,0.529727,1.64375,1.135
0.45,0.471545,0.466112,1.576784,1.206213
0.45,0.504065,0.498216,1.518425,1.272933
0.4,0.495935,0.48157,1.461056,1.345217
0.525,0.475609,0.467004,1.398469,1.407564
0.65,0.455284,0.452438,1.316949,1.467949
0.7,0.447153,0.453032,1.231135,1.515266
0.7,0.471545,0.485137,1.154669,1.540974
0.65,0.569105,0.564804,1.080347,1.543247
0.65,0.552844,0.564804,1.01025,1.543247
0.7,0.601625,0.597503,0.946666,1.543247
0.65,0.601625,0.596908,0.885139,1.535123
0.6,0.682927,0.676576,0.836802,1.508781
0.65,0.691058,0.67717,0.792648,1.484733
0.6,0.731706,0.724732,0.783013,1.459967
0.65,0.739836,0.741379,0.783013,1.426604
0.6,0.764226,0.756837,0.783013,1.390895
0.6,0.715447,0.724732,0.787731,1.312546
0.65,0.715447,0.709275,0.824405,1.234166
0.55,0.699186,0.692033,0.858722,1.168029
0.55,0.756098,0.724138,0.912536,1.089433
0.45,0.747967,0.755054,0.983255,1.014296
0.4,0.764226,0.754459,1.063796,0.924229
0.45,0.747967,0.739001,1.138695,0.743137
0.4,0.715447,0.706302,1.22525,0.699625
0.35,0.715447,0.72176,1.323012,0.675587
0.25,0.699186,0.672414,1.419645,0.674783
0.3,0.650407,0.640904,1.511349,0.674783
0.3,0.650407,0.624851,1.626006,0.674783
0.2,0.617887,0.623662,1.721274,0.69477
0.2,0.585364,0.575505,1.812871,0.736884
0.3,0.552844,0.54459,1.89159,0.783981
0.2,0.552844,0.543401,1.969735,0.845198
0.2,0.495935,0.495244,2.033783,0.93363
0.25,0.479673,0.447681,2.08502,1.022817
0.2,0.406502,0.39893,2.127285,1.119525
0.1,0.361787,0.349584,2.158805,1.240438
0.0,0.317073,0.300238,2.169979,1.350823
0.125,0.292682,0.293698,2.17,1.47998
0.25,0.268291,0.287158,2.17,1.595521
0.266667,0.222221,0.239199,2.17,1.732732
0.283333,0.17615,0.191241,2.160964,1.851427
0.3,0.13008,0.143282,2.128282,1.961317
0.3,0.146342,0.127229,2.079423,2.053178
0.4,0.105691,0.112366,2.034554,2.119812
0.45,0.138211,0.112961,1.970125,2.17925
0.55,0.154471,0.138228,1.887338,2.240777
0.65,0.170731,0.163496,1.785845,2.294027
0.683333,0.216801,0.212049,1.694706,2.312004
0.716667,0.262872,0.260602,1.668241,2.314658
0.75,0.308942,0.309156,1.658781,2.315
0.85,0.276422,0.27824,1.592027,2.314996
0.8,0.317073,0.30975,1.48497,2.313787
0.85,0.414633,0.374554,1.380163,2.309004
0.85,0.447153,0.438763,1.282523,2.298078
0.8,0.439025,0.438169,1.198328,2.270092
0.85,0.495935,0.48692,1.13534,2.242995
0.85,0.512193,0.454816,1.014326,2.204564
0.8,0.512193,0.502378,0.860309,2.178624
0.8,0.512193,0.51843,0.75875,2.120211
0.8,0.536585,0.534483,0.721778,2.039023
0.75,0.544716,0.533888,0.709156,1.958674
0.7,0.601625,0.581451,0.707542,1.854112
0.6,0.585364,0.612366,0.707542,1.762629
0.7,0.658535,0.661712,0.707542,1.728208
0.7,0.682927,0.677765,0.713325,1.6389
0.6,0.707316,0.692628,0.736666,1.506099
0.5,0.731706,0.707491,0.775622,1.380913
0.5,0.715447,0.675386,0.81157,1.24606
0.5,0.796749,0.787753,0.853042,1.108069
0.45,0.780487,0.787158,0.903634,0.981959
0.45,0.780487,0.771106,0.966237,0.872139
0.4,0.723578,0.722354,1.051216,0.766394
0.45,0.731706,0.706897,1.133778,0.708325
0.35,0.723578,0.673603,1.218186,0.666596
0.4,0.699186,0.69025,1.303794,0.619641
0.45,0.674796,0.674792,1.402614,0.594
0.35,0.670731,0.665577,1.514848,0.594
0.25,0.666666,0.656361,1.613062,0.594
0.2,0.626015,0.623662,1.726845,0.603233
0.2,0.609756,0.591558,1.833137,0.635239
0.15,0.593495,0.574911,1.927344,0.666756
0.2,0.601625,0.591558,2.006458,0.709465
0.15,0.536585,0.526754,2.085273,0.780794
0.15,0.487804,0.478597,2.1345,0.854875
0.15,0.463415,0.510702,2.1425,0.913879
0.15,0.504065,0.494649,2.1425,0.975718
0.175,0.48374,0.478894,2.1425,1.031367
0.2,0.463415,0.463139,2.135125,1.087375
0.2,0.439025,0.431034,2.108851,1.154387
0.325,0.439025,0.440547,2.072369,1.207931
0.45,0.439025,0.450059,2.021803,1.239935
0.4,0.455284,0.449465,1.955934,1.27261
0.35,0.487804,0.464923,1.871047,1.300831
0.45,0.528455,0.514269,1.761857,1.334301
0.55,0.569105,0.563615,1.664386,1.361881
0.5,0.560975,0.546968,1.54847,1.387655
0.6,0.593495,0.580262,1.446694,1.411556
0.65,0.617887,0.596908,1.3175,1.423719
0.6,0.569105,0.564209,1.202384,1.431886
0.7,0.601625,0.581451,1.103095,1.452985
0.65,0.626015,0.564804,0.996451,1.487821
0.65,0.626015,0.612961,0.907373,1.540006
0.75,0.601625,0.598098,0.836866,1.597446
0.75,0.634146,0.630202,0.772847,1.665214
0.8,0.626015,0.630797,0.7185,1.734125
0.8,0.569105,0.58264,0.678625,1.80275
0.85,0.577236,0.583234,0.665,1.873724
0.85,0.552844,0.55113,0.665,1.947571
0.9,0.552844,0.551724,0.665,2.020429
0.85,0.528455,0.502973,0.667078,2.090557
0.9,0.495935,0.487515,0.695643,2.152577
0.85,0.439025,0.438763,0.730601,2.199279
0.85,0.447153,0.454816,0.774875,2.2375
0.85,0.382113,0.406659,0.831273,2.27275
0.85,0.357724,0.358502,0.906501,2.306274
0.85,0.308942,0.310345,0.996351,2.33796
0.85,0.284553,0.294293,1.090053,2.350435
0.85,0.252033,0.262188,1.187512,2.350935
0.8,0.203251,0.197384,1.287354,2.350935
0.7,0.178862,0.180143,1.387579,2.350232
0.65,0.178862,0.179548,1.483541,2.342061
0.6,0.113822,0.098692,1.601859,2.314766
0.55,0.089429,0.098098,1.712568,2.286374
0.4,0.09756,0.10434,1.830605,2.238831
0.25,0.105691,0.110583,1.915725,2.185292
0.25,0.186993,0.174792,2.002494,2.114291
0.25,0.186993,0.190844,2.061738,2.051262
0.15,0.19512,0.205707,2.128945,1.964863
0.2,0.252033,0.238407,2.182378,1.877782
0.2,0.292684,0.270511,2.216304,1.784239
0.1,0.414633,0.397741,2.222,1.697569
0.2,0.333331,0.318668,2.222,1.598894
0.15,0.365854,0.350178,2.222,1.531186
0.2,0.341462,0.334721,2.219911,1.471696
0.2,0.382113,0.366825,2.199625,1.42175
0.3,0.390244,0.384067,2.149002,1.388883
0.35,0.422764,0.416766,2.080742,1.361553
0.35,0.487804,0.480975,2.021578,1.343636
0.3,0.504065,0.48038,1.943036,1.336369
0.375,0.504065,0.489298,1.863566,1.3345
0.45,0.504065,0.498216,1.782672,1.333
0.45,0.471545,0.466112,1.673801,1.333
0.45,0.520324,0.530321,1.565375,1.333
0.5,0.552844,0.56302,1.455746,1.334625
0.55,0.626015,0.595719,1.352313,1.341625
0.6,0.617887,0.612366,1.246367,1.359697
0.65,0.601625,0.612961,1.139524,1.364859
0.7,0.634146,0.629608,1.034459,1.364859
0.7,0.617887,0.613555,0.934005,1.364859
0.7,0.682927,0.661712,0.863016,1.362475
0.65,0.674796,0.67717,0.82239,1.345426
0.6,0.723578,0.724732,0.784947,1.307842
0.6,0.707316,0.70868,0.758779,1.25625
0.6,0.796749,0.788942,0.757523,1.211356
0.55,0.764226,0.756243,0.757523,1.141382
0.45,0.853658,0.851367,0.757523,1.059211
0.5,0.788618,0.7717,0.785431,0.962971
0.5,0.813007,0.803805,0.84281,0.85095
0.45,0.829269,0.819263,0.901763,0.782437
0.55,0.764226,0.724138,0.96324,0.723663
0.5,0.739836,0.739596,1.012984,0.6825
0.4,0.747967,0.738407,1.099341,0.642605
0.4,0.747967,0.738407,1.191028,0.637231
0.3,0.715447,0.721165,1.2785,0.637231
0.3,0.650407,0.640904,1.377829,0.637231
0.25,0.666666,0.656361,1.493208,0.637673
0.2,0.650407,0.639715,1.607494,0.648711
0.3,0.585364,0.592747,1.727585,0.667932
0.25,0.56504,0.568074,1.843958,0.698049
0.2,0.544716,0.543401,1.951729,0.73695
0.2,0.544716,0.527348,2.049414,0.796673
0.1,0.471545,0.46195,2.127382,0.865235
0.15,0.447153,0.446492,2.193413,0.943239
0.1,0.414633,0.413793,2.269962,1.026702
0.15,0.390244,0.382283,2.327409,1.125435
0.15,0.341462,0.366231,2.353801,1.218744
0.2,0.333331,0.318668,2.36422,1.333317
0.1,0.284553,0.269322,2.36422,1.422318
0.15,0.22764,0.22176,2.36422,1.527888
0.15,0.219513,0.22176,2.362915,1.635583
0.25,0.235771,0.190844,2.335603,1.74376
0.275,0.17886,0.151011,2.279557,1.856209
0.3,0.121949,0.111177,2.213568,1.95613
0.35,0.121949,0.111772,2.15029,2.047337
0.4,0.121949,0.112366,2.069729,2.134198
0.5,0.138211,0.177765,1.989235,2.200887
0.6,0.1626,0.162901,1.892202,2.260379
0.65,0.186993,0.179548,1.787008,2.313071
0.725,0.211382,0.196492,1.68675,2.349696
0.8,0.235771,0.213436,1.581173,2.376625
0.8,0.268291,0.261593,1.47786,2.3775
0.85,0.292684,0.27824,1.373245,2.3775
0.8,0.373982,0.357907,1.273708,2.377375
0.85,0.357724,0.374554,1.1665,2.376375
0.85,0.439025,0.454816,1.076613,2.372346
0.85,0.455284,0.454816,1.005822,2.35725
0.85,0.520324,0.502973,0.91475,2.321738
0.85,0.552844,0.535077,0.822781,2.249734
0.85,0.495935,0.48692,0.751722,2.200355
0.85,0.528455,0.535077,0.72273,2.140087
0.8,0.528455,0.51843,0.705012,2.07296
0.75,0.569105,0.565993,0.701012,2.021879
0.8,0.585364,0.58264,0.701012,1.934375
0.7,0.650407,0.64566,0.701012,1.826508
0.75,0.715447,0.694411,0.705156,1.711244
0.65,0.691058,0.693222,0.728467,1.592447
0.6,0.682927,0.676576,0.764272,1.480408
0.55,0.747967,0.74019,0.791397,1.344517
0.55,0.772356,0.772295,0.807698,1.223021
0.55,0.747967,0.74019,0.837875,1.10175
0.5,0.764226,0.7717,0.876,0.9845
0.5,0.780487,0.7717,0.922244,0.880553
0.5,0.796749,0.7717,0.974688,0.799392
0.4,0.764226,0.770511,1.035114,0.733314
0.35,0.764226,0.753864,1.090204,0.686322
0.35,0.731706,0.705707,1.159467,0.653253
0.35,0.715447,0.689655,1.248874,0.648103
0.35,0.707316,0.705707,1.350375,0.648103
0.3,0.680894,0.677021,1.452617,0.648103
0.25,0.654471,0.648335,1.555978,0.653304
0.2,0.628048,0.619649,1.638778,0.682449
0.15,0.601625,0.590963,1.727103,0.729772
0.25,0.609756,0.592152,1.808811,0.788487
0.15,0.512193,0.510702,1.866156,0.842556
0.2,0.495935,0.479191,1.923937,0.932445
0.2,0.487804,0.479191,1.949375,1.022625
0.15,0.455284,0.43044,1.964125,1.110125
0.15,0.430895,0.414388,1.973,1.165531
0.2,0.430895,0.414982,1.973,1.251312
0.3,0.373984,0.368014,1.973,1.348979
0.4,0.317073,0.321046,1.972633,1.444226
0.45,0.308942,0.321641,1.954383,1.551074
0.5,0.219513,0.209869,1.912477,1.653093
0.516667,0.235772,0.22612,1.865727,1.746257
0.533333,0.252032,0.24237,1.827155,1.81072
0.55,0.268291,0.258621,1.773272,1.877657
0.65,0.260164,0.275862,1.72154,1.950758
0.7,0.243902,0.244352,1.640735,2.018077
0.75,0.325204,0.325208,1.544046,2.113561
0.8,0.276422,0.277646,1.466818,2.172608
0.8,0.333331,0.30975,1.386067,2.205913
0.8,0.333331,0.341855,1.296518,2.217623
0.85,0.398375,0.406659,1.255671,2.226311
0.8,0.414633,0.422117,1.207479,2.227685
0.9,0.471545,0.471463,1.129075,2.227294
0.9,0.471545,0.471463,1.044177,2.219791
0.85,0.471545,0.470868,0.984937,2.208191
0.8,0.455284,0.454221,0.938104,2.178196
0.75,0.479673,0.469679,0.909875,2.132125
0.8,0.471545,0.470273,0.888537,2.07926
0.75,0.479673,0.485731,0.832527,2.04305
0.75,0.528455,0.533888,0.780683,1.999675
0.7,0.593495,0.581451,0.77175,1.919558
0.75,0.593495,0.582045,0.770548,1.813422
0.7,0.642276,0.64566,0.77,1.705904
0.7,0.650407,0.613555,0.77,1.60555
0.65,0.715447,0.693222,0.77,1.493996
0.6,0.699186,0.692628,0.770548,1.383375
0.6,0.731706,0.724732,0.771483,1.294606
0.5,0.788618,0.803805,0.78291,1.193679
0.5,0.845527,0.83591,0.788958,1.08774
0.5,0.829269,0.803805,0.801238,1.00569
0.55,0.764226,0.772295,0.823213,0.924268
0.5,0.796749,0.787753,0.857838,0.851518
0.5,0.747967,0.755648,0.89708,0.799197
0.45,0.764226,0.739001,0.954056,0.747208
0.45,0.780487,0.771106,1.008013,0.708845
0.45,0.731706,0.706897,1.069459,0.674817
0.4,0.739836,0.722354,1.153393,0.655757
0.4,0.707316,0.69025,1.251875,0.654436
0.4,0.666666,0.658145,1.350836,0.654436
0.35,0.650407,0.641498,1.432746,0.654436
0.35,0.642276,0.609394,1.513372,0.654907
0.25,0.617887,0.608205,1.609438,0.664696
0.2,0.609756,0.591558,1.70615,0.68097
0.15,0.609756,0.590963,1.795524,0.706159
0.2,0.593495,0.575505,1.871029,0.737058
0.2,0.552844,0.543401,1.946506,0.783125
0.2,0.536585,0.527348,2.016274,0.866562
0.2,0.463415,0.463139,2.073268,0.907282
0.15,0.463415,0.494649,2.117986,0.971956
0.2,0.455284,0.447087,2.166437,1.048227
0.225,0.402438,0.391201,2.184506,1.132288
0.25,0.349593,0.335315,2.1935,1.227875
0.3,0.300811,0.319857,2.197054,1.345921
0.2,0.260164,0.206302,2.19818,1.465143
0.25,0.22764,0.222949,2.19818,1.574802
0.2,0.219513,0.206302,2.19818,1.674297
0.15,0.146342,0.157551,2.190477,1.798679
0.25,0.11382,0.118609,2.151156,1.912599
0.35,0.081298,0.079667,2.127571,1.991415
0.35,0.113822,0.095719,2.086994,2.065347
0.333333,0.143631,0.132977,2.052334,2.091
0.316667,0.173441,0.170234,2.04123,2.091
0.3,0.203251,0.207491,2.032636,2.091
0.35,0.252033,0.256243,2.008056,2.081508
0.3,0.292684,0.287753,1.961027,2.031301
0.35,0.341462,0.320452,1.944917,1.949725
0.4,0.357724,0.353151,1.912971,1.880686
0.4,0.357724,0.337099,1.879402,1.780295
0.4,0.439025,0.433413,1.849375,1.67225
0.4,0.528455,0.513674,1.785839,1.584605
0.4,0.536585,0.513674,1.70121,1.512063
0.4,0.528455,0.529727,1.648,1.461
0.45,0.585364,0.578478,1.628725,1.433158
0.55,0.634146,0.627824,1.547396,1.347625
0.5,0.642276,0.627229,1.486288,1.251658
0.45,0.723578,0.706897,1.423468,1.159698
0.45,0.788618,0.755054,1.373864,1.096103
0.55,0.813007,0.788347,1.30125,1.037875
0.5,0.780487,0.755648,1.211126,0.976738
0.55,0.772356,0.772295,1.143319,0.93227
0.65,0.796749,0.789536,1.074955,0.920806
0.6,0.780487,0.788942,1.01435,0.920806
0.55,0.788618,0.772295,0.975125,0.920806
0.6,0.731706,0.740785,0.91954,0.923692
0.55,0.747967,0.74019,0.864333,0.959685
0.55,0.699186,0.708086,0.823173,1.007223
0.65,0.682927,0.645065,0.797748,1.09423
0.65,0.650407,0.661118,0.772997,1.178389
0.75,0.642276,0.61415,0.749858,1.265984
0.7,0.617887,0.629608,0.735637,1.371941
0.7,0.569105,0.581451,0.72845,1.470563
0.75,0.585364,0.565993,0.722469,1.564559
0.85,0.544716,0.55113,0.721458,1.666614
0.85,0.577236,0.567182,0.721458,1.755091
0.8,0.512193,0.51843,0.721458,1.830287
0.85,0.439025,0.438763,0.730114,1.92541
0.85,0.439025,0.438763,0.812222,2.006659
0.85,0.365854,0.374554,0.902075,2.069648
0.85,0.357724,0.374554,0.992721,2.127081
0.85,0.300811,0.310345,1.070857,2.180943
0.85,0.325204,0.310345,1.144922,2.239262
0.8,0.203251,0.197384,1.238173,2.29231
0.85,0.186993,0.197979,1.333054,2.334265
0.85,0.154469,0.149822,1.424804,2.363299
0.75,0.13008,0.13258,1.478331,2.373
0.65,0.121949,0.131391,1.5285,2.373
0.55,0.089429,0.098098,1.579503,2.373
0.5,0.09756,0.081451,1.655383,2.37223
0.425,0.121951,0.112663,1.744348,2.349036
0.35,0.146342,0.143876,1.860826,2.308025
0.25,0.13008,0.126635,1.954687,2.252153
0.25,0.19512,0.174792,2.03008,2.176206
0.2,0.22764,0.206302,2.092067,2.099404
0.2,0.276422,0.254459,2.155268,2.022006
0.1,0.292684,0.301427,2.220244,1.927518
0.1,0.276422,0.269322,2.282629,1.824994
0.15,0.341462,0.334126,2.332223,1.725347
0.2,0.398375,0.366825,2.356601,1.623791
0.175,0.428862,0.398633,2.363514,1.507467
0.15,0.459349,0.43044,2.364,1.400548
0.125,0.489836,0.462247,2.364,1.304829
0.1,0.520324,0.494055,2.3595,1.20803
0.2,0.536585,0.495244,2.346865,1.123104
0.2,0.520324,0.511296,2.324628,1.034764
0.15,0.585364,0.558859,2.295851,0.955347
0.2,0.577236,0.559453,2.234929,0.876271
0.25,0.609756,0.592152,2.173391,0.821369
0.3,0.658535,0.624851,2.088798,0.766305
0.3,0.707316,0.640904,2.018372,0.721585
0.2,0.723578,0.703924,1.938622,0.67671
0.25,0.731706,0.720571,1.858824,0.634162
0.35,0.739836,0.737812,1.764029,0.607276
0.35,0.739836,0.72176,1.669452,0.595098
0.45,0.772356,0.771106,1.577525,0.582439
0.55,0.804876,0.820452,1.495467,0.578767
0.45,0.747967,0.722949,1.416429,0.578767
0.5,0.813007,0.787753,1.331612,0.578767
0.45,0.796749,0.787158,1.268117,0.583767
0.483333,0.794039,0.782204,1.197514,0.614483
0.516667,0.791329,0.777249,1.126563,0.646207
0.55,0.788618,0.772295,1.068088,0.682837
0.5,0.747967,0.755648,1.010698,0.736581
0.55,0.747967,0.756243,0.987589,0.786497
0.6,0.723578,0.70868,0.96855,0.85577
0.65,0.699186,0.645065,0.966121,0.931396
0.6,0.666666,0.644471,0.966121,1.013431
0.6,0.650407,0.644471,0.966121,1.090837
0.55,0.617887,0.659929,0.97265,1.172866
0.6,0.544716,0.548157,1.005343,1.239296
0.6,0.536585,0.532105,1.049235,1.294603
0.55,0.471545,0.499405,1.0995,1.354
0.55,0.422764,0.435196,1.145875,1.4205
0.45,0.414633,0.417955,1.221552,1.478819
0.5,0.378047,0.378419,1.310568,1.524326
0.55,0.341462,0.338882,1.404972,1.561741
0.55,0.333331,0.32283,1.510291,1.601698
0.5,0.325204,0.322235,1.611176,1.641524
0.45,0.268291,0.273484,1.708763,1.693611
0.4,0.268291,0.256837,1.793236,1.751353
0.45,0.203251,0.209275,1.867125,1.808125
0.4,0.1626,0.168549,1.941,1.85175
0.35,0.121949,0.127824,2.006153,1.904621
0.35,0.089429,0.111772,2.037865,1.964949
0.35,0.089429,0.095719,2.045074,2.016037
0.3,0.06504,0.079073,2.045074,2.077667
0.4,0.073171,0.112366,2.045074,2.13962
0.5,0.081298,0.097503,2.041776,2.184564
0.6,0.113822,0.098692,1.999595,2.241766
0.7,0.142276,0.131986,1.933369,2.285732
0.8,0.170731,0.165279,1.858202,2.326017
0.8,0.186993,0.181332,1.772307,2.365758
0.85,0.178862,0.197979,1.702045,2.38533
0.85,0.300811,0.310345,1.606029,2.394261
0.85,0.300811,0.310345,1.503737,2.4025
0.8,0.333331,0.325803,1.40426,2.403
0.85,0.382113,0.390606,1.309822,2.403
0.85,0.357724,0.374554,1.21235,2.403
0.9,0.398375,0.407253,1.118997,2.400523
0.9,0.463415,0.45541,1.031722,2.383962
0.85,0.463415,0.454816,0.958375,2.359125
0.85,0.487804,0.470868,0.890931,2.323532
0.8,0.487804,0.486326,0.845442,2.281042
0.8,0.520324,0.534483,0.806085,2.227222
0.8,0.544716,0.550535,0.768515,2.173245
0.8,0.577236,0.566587,0.75619,2.096522
0.75,0.601625,0.598098,0.75619,2.027101
0.75,0.552844,0.565993,0.75619,1.927494
0.7,0.585364,0.565398,0.756315,1.838586
0.7,0.560975,0.549346,0.770271,1.749492
0.65,0.552844,0.548751,0.793617,1.673151
0.65,0.585364,0.612961,0.823494,1.597889
0.6,0.617887,0.628419,0.861049,1.518142
0.5,0.626015,0.611177,0.909873,1.436301
0.5,0.601625,0.611177,0.969867,1.355367
0.45,0.626015,0.610583,1.027526,1.288619
0.433333,0.607045,0.594332,1.09031,1.226435
0.416667,0.588075,0.578082,1.164045,1.160423
0.4,0.569105,0.561831,1.227556,1.105354
0.375,0.5813,0.56956,1.305871,1.046077
0.35,0.593495,0.577289,1.395092,0.989418
0.275,0.593495,0.576397,1.477522,0.948408
0.2,0.593495,0.575505,1.565465,0.913234
0.25,0.528455,0.527943,1.666988,0.884501
0.2,0.569105,0.543401,1.751023,0.882
0.2,0.536585,0.527348,1.839921,0.882
0.2,0.528455,0.527348,1.910257,0.882
0.1,0.487804,0.478002,1.953545,0.888314
0.15,0.463415,0.446492,2.027287,0.942032
0.1,0.471545,0.46195,2.112619,1.00005
0.15,0.414633,0.398335,2.165399,1.052176
0.15,0.398375,0.382283,2.201168,1.103361
0.15,0.325204,0.318074,2.227758,1.180405
0.2,0.292684,0.286564,2.252725,1.265482
0.15,0.22764,0.22176,2.267511,1.353564
0.15,0.203251,0.237812,2.2685,1.427919
0.2,0.1626,0.158145,2.2685,1.515658
0.25,0.170731,0.15874,2.2685,1.57286
0.35,0.121949,0.143876,2.253509,1.690833
0.4,0.154469,0.176576,2.206363,1.807679
0.45,0.113822,0.112961,2.155184,1.913149
0.55,0.1626,0.194411,2.099181,2.008029
0.6,0.146342,0.146849,2.051383,2.053722
0.65,0.170731,0.163496,1.973725,2.069312
0.55,0.219513,0.226516,1.89247,2.117946
0.566667,0.222222,0.232065,1.814309,2.145357
0.583333,0.224931,0.237614,1.766032,2.145357
0.6,0.22764,0.243163,1.725797,2.145357
0.55,0.292684,0.306778,1.692963,2.145088
0.55,0.292684,0.290725,1.672133,2.131948
0.45,0.390244,0.38585,1.642763,2.104686
0.5,0.398375,0.386445,1.622993,2.086929
0.5,0.390244,0.386445,1.616889,2.050654
0.4,0.463415,0.465517,1.612603,1.990095
0.4,0.504065,0.48157,1.595719,1.894054
0.45,0.536585,0.514269,1.577359,1.771785
0.4,0.552844,0.561831,1.559325,1.675288
0.4,0.585364,0.577883,1.541815,1.579961
0.5,0.617887,0.611177,1.512008,1.457543
0.45,0.691058,0.674792,1.485694,1.338465
0.5,0.674796,0.659334,1.471184,1.274009
0.45,0.715447,0.706897,1.459299,1.243966
0.5,0.780487,0.7717,1.432792,1.200247
0.45,0.756098,0.739001,1.376444,1.096395
0.5,0.747967,0.739596,1.322153,1.029599
0.6,0.707316,0.70868,1.271805,1.015867
0.6,0.723578,0.70868,1.233225,1.010152
0.55,0.731706,0.724138,1.196934,1.004683
0.6,0.731706,0.724732,1.149278,1.000419
0.7,0.739836,0.725922,0.999144,1.001782
0.65,0.699186,0.709275,0.927778,1.010152
0.75,0.682927,0.710464,0.884431,1.031986
0.7,0.634146,0.629608,0.843183,1.087675
0.75,0.617887,0.630202,0.809789,1.144736
0.7,0.585364,0.581451,0.77681,1.221808
0.75,0.585364,0.598098,0.735011,1.306035
0.75,0.552844,0.565993,0.717766,1.455191
0.8,0.560975,0.550535,0.717766,1.587012
0.85,0.504065,0.502973,0.717766,1.677829
0.8,0.504065,0.486326,0.717766,1.756348
0.9,0.439025,0.45541,0.723743,1.843478
0.85,0.390244,0.406659,0.744612,1.918106
0.8,0.365854,0.357907,0.772875,1.981875
0.85,0.325204,0.310345,0.828272,2.062425
0.8,0.292684,0.293698,0.892595,2.11929
0.75,0.276422,0.293103,0.975354,2.16575
0.7,0.243902,0.196195,1.066084,2.199429
0.6,0.203251,0.195006,1.169646,2.23258
0.5,0.211382,0.193817,1.250488,2.260164
0.55,0.113822,0.11415,1.351953,2.292132
0.5,0.121949,0.129608,1.452022,2.31309
0.55,0.048778,0.049941,1.555668,2.317373
0.45,0.073171,0.080856,1.652514,2.317373
0.45,0.073171,0.080856,1.731321,2.317373
0.35,0.154469,0.159929,1.798543,2.313218
0.4,0.170731,0.176576,1.882258,2.283975
0.275,0.186991,0.183115,1.951203,2.239578
0.15,0.203251,0.189655,2.011292,2.1843
0.1,0.284553,0.285375,2.081994,2.101974
0.15,0.268291,0.269917,2.1465,1.995024
0.15,0.357724,0.350178,2.185707,1.897783
0.2,0.390244,0.382878,2.225652,1.782846
0.15,0.373982,0.382283,2.260159,1.670639
0.15,0.439025,0.43044,2.281884,1.575378
0.1,0.479673,0.478002,2.306469,1.469135
0.15,0.463415,0.462545,2.307458,1.361491
0.15,0.593495,0.590963,2.307458,1.254
0.15,0.479673,0.478597,2.307458,1.184512
0.2,0.609756,0.575505,2.288027,1.113462
0.2,0.528455,0.511296,2.258539,1.045326
0.2,0.560975,0.543401,2.225561,0.982331
0.2,0.585364,0.575505,2.182368,0.937162
0.25,0.601625,0.592152,2.110388,0.89974
0.15,0.601625,0.607015,2.047436,0.872454
0.225,0.634146,0.631986,1.977291,0.852413
0.3,0.666666,0.656956,1.901421,0.828785
0.4,0.723578,0.706302,1.828645,0.803343
0.4,0.723578,0.722354,1.737489,0.781018
0.4,0.731706,0.722354,1.655655,0.76441
0.45,0.699186,0.690844,1.564863,0.747916
0.4,0.796749,0.802616,1.493,0.7465
0.45,0.796749,0.755054,1.401306,0.7465
0.5,0.764226,0.755648,1.302077,0.7465
0.5,0.747967,0.755648,1.222328,0.757527
0.55,0.682927,0.675981,1.145399,0.802279
0.6,0.731706,0.724732,1.077554,0.850724
0.65,0.691058,0.693222,1.044071,0.8795
0.65,0.699186,0.67717,0.979383,0.947644
0.65,0.666666,0.661118,0.956672,1.023311
0.7,0.666666,0.64566,0.913375,1.103125
0.7,0.617887,0.629608,0.876539,1.196371
0.75,0.577236,0.598098,0.853417,1.305575
0.75,0.552844,0.549941,0.822726,1.403895
0.85,0.560975,0.567182,0.81475,1.496901
0.85,0.520324,0.519025,0.809274,1.588606
0.8,0.504065,0.502378,0.809134,1.682942
0.85,0.487804,0.470868,0.809134,1.782341
0.85,0.463415,0.470868,0.81386,1.855642
0.8,0.463415,0.454221,0.824156,1.905474
0.75,0.512193,0.501784,0.848943,1.92
0.75,0.455284,0.453627,0.872006,1.92
0.65,0.430895,0.436385,0.912262,1.92
0.6,0.487804,0.483948,0.967631,1.914942
0.55,0.487804,0.483353,1.007677,1.865232
0.55,0.504065,0.483353,1.049326,1.781565
0.55,0.520324,0.499405,1.069139,1.740188
0.45,0.658535,0.65874,1.103844,1.660411
0.45,0.650407,0.642687,1.150548,1.559238
0.35,0.634146,0.625446,1.216858,1.444785
0.35,0.609756,0.609394,1.293867,1.356748
0.4,0.658535,0.62604,1.352472,1.235002
0.3,0.650407,0.608799,1.396964,1.128066
0.25,0.666666,0.656361,1.474746,1.008306
0.25,0.658535,0.640309,1.56179,0.897645
0.25,0.650407,0.640309,1.643742,0.813191
0.25,0.617887,0.608205,1.724122,0.762185
0.3,0.585364,0.592747,1.785773,0.7575
0.25,0.585364,0.5761,1.838558,0.7575
0.2,0.560975,0.559453,1.881983,0.7575
0.15,0.520324,0.510702,1.933125,0.767
0.05,0.487804,0.477408,1.99329,0.812392
0.125,0.447153,0.446195,2.036728,0.881228
0.2,0.406502,0.414982,2.073385,0.959216
0.25,0.390244,0.383472,2.133309,1.041627
0.25,0.349593,0.351367,2.167763,1.141159
0.175,0.300813,0.302319,2.191442,1.242805
0.1,0.252033,0.25327,2.225585,1.337338
0.15,0.243902,0.237812,2.250877,1.446064
0.2,0.219513,0.206302,2.256755,1.564062
0.3,0.22764,0.223543,2.256755,1.667
0.25,0.121949,0.142687,2.256755,1.777605
0.25,0.113822,0.126635,2.246589,1.862946
0.35,0.113822,0.095719,2.1943,1.970404
0.35,0.089429,0.095719,2.175665,2.060964
0.35,0.09756,0.095719,2.149395,2.146621
0.45,0.073171,0.096908,2.108792,2.215908
0.55,0.170731,0.146254,2.028497,2.274331
0.65,0.121949,0.131391,1.957765,2.322796
0.65,0.113822,0.131391,1.887203,2.357007
0.75,0.1626,0.164685,1.830541,2.373771
0.75,0.211382,0.19679,1.778583,2.375
0.75,0.211382,0.212842,1.72325,2.375
0.7,0.19512,0.212247,1.64312,2.375
0.75,0.211382,0.19679,1.59354,2.369877
0.65,0.22764,0.227705,1.553094,2.350627
0.55,0.260164,0.242568,1.530611,2.329126
0.5,0.252033,0.258026,1.524924,2.297391
0.5,0.308942,0.322235,1.524174,2.259191
0.5,0.308942,0.290131,1.524174,2.202317
0.45,0.341462,0.321641,1.52438,2.12725
0.35,0.357724,0.352556,1.53924,1.996375
0.4,0.390244,0.385256,1.570431,1.905383
0.35,0.406502,0.400713,1.618676,1.828966
0.35,0.455284,0.416766,1.67746,1.715236
0.325,0.495935,0.472652,1.723661,1.616598
0.3,0.536585,0.528537,1.753833,1.499983
0.25,0.585364,0.5761,1.792417,1.37675
0.25,0.601625,0.592152,1.821511,1.269784
0.2,0.626015,0.591558,1.834,1.160625
0.25,0.674796,0.640309,1.834,1.064069
0.25,0.715447,0.704518,1.834,0.963326
0.2,0.780487,0.752081,1.829173,0.864067
0.25,0.699186,0.688466,1.799766,0.776067
0.3,0.691058,0.689061,1.773837,0.723753
0.3,0.772356,0.75327,1.731724,0.68795
0.35,0.768291,0.753864,1.679426,0.651668
0.4,0.764226,0.754459,1.619091,0.637
0.45,0.723578,0.722949,1.558759,0.637
0.35,0.715447,0.705707,1.487621,0.637
0.45,0.731706,0.706897,1.4435,0.6385
0.45,0.699186,0.690844,1.397305,0.666538
0.45,0.666666,0.65874,1.373682,0.697316
0.45,0.634146,0.642687,1.359925,0.726822
0.45,0.577236,0.562426,1.3532,0.781631
0.55,0.569105,0.579667,1.3532,0.863625
0.525,0.528455,0.523187,1.3532,0.951512
0.5,0.487804,0.466706,1.3534,1.03644
0.5,0.406502,0.418549,1.367378,1.146058
0.5,0.373982,0.370392,1.38271,1.255233
0.55,0.341462,0.338882,1.390817,1.383966
0.6,0.325204,0.323424,1.396802,1.518971
0.7,0.284553,0.292509,1.456573,1.645213
0.75,0.260164,0.244946,1.492536,1.763631
0.8,0.260164,0.261593,1.500641,1.851234
0.75,0.22764,0.260999,1.508581,1.950474
0.85,0.284553,0.294293,1.511853,2.06163
0.85,0.268291,0.27824,1.512176,2.162052
0.85,0.317073,0.342449,1.511622,2.218601
0.85,0.406502,0.342449,1.49694,2.276594
0.9,0.414633,0.407253,1.471405,2.335667
0.85,0.479673,0.390606,1.335833,2.365875
0.85,0.447153,0.438763,1.23575,2.3665
0.9,0.430895,0.439358,1.16415,2.3665
0.85,0.504065,0.502973,1.080547,2.3585
0.85,0.528455,0.535077,1.00969,2.339731
0.85,0.528455,0.519025,0.885399,2.305887
0.8,0.560975,0.566587,0.764557,2.253622
0.8,0.626015,0.630797,0.719524,2.190697
0.7,0.626015,0.629608,0.680554,2.111688
0.7,0.617887,0.613555,0.655508,2.020567
0.7,0.666666,0.677765,0.653717,1.919544
0.65,0.666666,0.67717,0.653717,1.814517
0.65,0.691058,0.67717,0.653717,1.702602
0.65,0.723578,0.741379,0.663247,1.568055
0.6,0.747967,0.740785,0.676019,1.469448
0.6,0.731706,0.740785,0.68515,1.3605
0.6,0.821138,0.740785,0.691478,1.325275
0.583333,0.796748,0.735236,0.722049,1.219432
0.566667,0.772357,0.729687,0.771525,1.115406
0.55,0.747967,0.724138,0.829501,1.01417
0.45,0.731706,0.722949,0.885247,0.919445
0.45,0.747967,0.739001,0.946274,0.838174
0.4,0.728998,0.722354,1.014,0.76344
0.35,0.710028,0.705707,1.084282,0.701277
0.3,0.691058,0.689061,1.165887,0.664697
0.25,0.715447,0.720571,1.265869,0.634264
0.3,0.747967,0.721165,1.346038,0.611598
0.2,0.707316,0.703924,1.429959,0.595528
0.25,0.723578,0.704518,1.49825,0.5942
0.2,0.715447,0.703924,1.561202,0.5942
0.25,0.715447,0.704518,1.612029,0.5942
0.3,0.715447,0.705113,1.646175,0.5954
0.3,0.699186,0.673008,1.649067,0.606435
0.3,0.674796,0.689061,1.649067,0.626833
0.35,0.666666,0.657551,1.649067,0.661417
0.35,0.585364,0.577289,1.644329,0.703846
0.4,0.552844,0.561831,1.618887,0.752329
0.3,0.544716,0.528537,1.613433,0.821144
0.35,0.536585,0.545184,1.612,0.900537
0.45,0.471545,0.450059,1.612,0.981067
0.4,0.455284,0.433413,1.612467,1.061925
0.45,0.422764,0.38585,1.626843,1.205519
0.45,0.373982,0.353746,1.649016,1.295965
0.425,0.357722,0.345422,1.682801,1.359832
0.4,0.341462,0.337099,1.710383,1.416309
0.5,0.252033,0.258026,1.741742,1.481129
0.45,0.235771,0.241379,1.74721,1.504
0.5,0.22764,0.225922,1.74721,1.57708
0.55,0.203251,0.194411,1.74721,1.67177
0.6,0.178862,0.162901,1.743591,1.785371
0.65,0.154469,0.163496,1.73553,1.883756
0.7,0.22764,0.2283,1.729467,1.948082
0.75,0.203251,0.212842,1.716758,2.003533
0.75,0.235771,0.244946,1.684011,2.093341
0.8,0.284553,0.277646,1.624952,2.177795
0.85,0.292684,0.294293,1.555875,2.242125
0.9,0.317073,0.326992,1.472279,2.297419
0.85,0.341462,0.342449,1.448939,2.338437
0.8,0.349593,0.341855,1.381978,2.36884
0.9,0.398375,0.407253,1.298032,2.374
0.8,0.390244,0.37396,1.226815,2.374
0.75,0.414633,0.373365,1.161388,2.374
0.8,0.471545,0.470273,1.11158,2.364745
0.75,0.512193,0.437574,1.075909,2.321436
0.75,0.520324,0.501784,1.0495,2.26625
0.75,0.536585,0.533888,0.976667,2.205651
0.7,0.601625,0.597503,0.939789,2.13771
0.7,0.593495,0.581451,0.919962,2.035067
0.65,0.634146,0.612961,0.90724,1.934472
0.65,0.626015,0.612961,0.90031,1.823793
0.7,0.658535,0.758026,0.890055,1.708742
0.625,0.719511,0.765161,0.878877,1.585286
0.55,0.780487,0.772295,0.877508,1.440026
0.5,0.796749,0.787753,0.877508,1.324769
0.55,0.796749,0.8044,0.877508,1.189453
0.5,0.772356,0.7717,0.881416,1.070211
0.5,0.731706,0.739596,0.899782,0.983066
0.5,0.747967,0.723543,0.937071,0.883841
0.4,0.731706,0.722354,0.979203,0.830819
0.35,0.739836,0.737812,1.0335,0.773375
0.35,0.707316,0.689655,1.091948,0.7147
0.3,0.699186,0.705113,1.181115,0.6674
0.3,0.626015,0.624851,1.274248,0.628931
0.3,0.626015,0.624851,1.353878,0.616382
0.225,0.63008,0.615933,1.455174,0.615968
0.15,0.634146,0.607015,1.553703,0.615968
0.15,0.626015,0.607015,1.657631,0.615968
0.15,0.585364,0.574911,1.748906,0.62107
0.25,0.577236,0.560048,1.845344,0.651289
0.2,0.593495,0.559453,1.926833,0.693472
0.25,0.520324,0.495838,1.99495,0.738928
0.25,0.512193,0.495838,2.045125,0.787875
0.15,0.414633,0.414388,2.099621,0.85489
0.15,0.382113,0.382283,2.140144,0.93658
0.2,0.373982,0.366825,2.172379,1.017246
0.1,0.317073,0.301427,2.197294,1.111306
0.15,0.22764,0.22176,2.218343,1.196663
0.25,0.235771,0.255054,2.234795,1.294835
0.2,0.154469,0.158145,2.252523,1.394434
0.1,0.13008,0.124851,2.288631,1.50883
0.183333,0.14092,0.131193,2.311584,1.614783
0.266667,0.15176,0.137535,2.315,1.703406
0.35,0.1626,0.143876,2.315,1.791538
0.4,0.113822,0.144471,2.315,1.855967
0.5,0.170731,0.113555,2.313797,1.922748
0.5,0.154469,0.14566,2.285808,1.984133
0.6,0.19512,0.211058,2.241589,2.036252
0.6,0.1626,0.162901,2.18125,2.072
0.7,0.186993,0.180143,2.0975,2.099625
0.75,0.252033,0.260999,2.008669,2.131625
0.75,0.300811,0.309156,1.902654,2.155484
0.75,0.349593,0.357313,1.796758,2.176927
0.8,0.357724,0.341855,1.689752,2.195054
0.85,0.406502,0.406659,1.593401,2.214521
0.8,0.390244,0.406064,1.485337,2.222497
0.8,0.414633,0.406064,1.383563,2.222497
0.8,0.422764,0.422117,1.28594,2.222497
0.75,0.430895,0.437574,1.196516,2.222424
0.75,0.463415,0.453627,1.138657,2.209177
0.7,0.471545,0.469084,1.087724,2.172794
0.7,0.479673,0.485137,1.050959,2.129338
0.6,0.560975,0.548157,1.025441,2.072294
0.65,0.593495,0.596908,0.9969,1.976839
0.55,0.682927,0.659929,0.97864,1.877978
0.6,0.609756,0.612366,0.971535,1.778973
0.6,0.682927,0.692628,0.967115,1.683064
0.55,0.715447,0.708086,0.962245,1.571566
0.55,0.699186,0.708086,0.956187,1.468949
0.45,0.764226,0.755054,0.954949,1.330206
0.5,0.845527,0.83591,0.954949,1.224818
0.5,0.747967,0.755648,0.954949,1.099886
0.45,0.796749,0.80321,0.959093,0.993738
0.45,0.764226,0.739001,0.9685,0.891
0.45,0.756098,0.755054,0.980937,0.812517
0.5,0.731706,0.723543,1.000696,0.757512
0.4,0.747967,0.706302,1.041934,0.696663
0.35,0.715447,0.72176,1.085296,0.653873
0.3,0.723578,0.705113,1.147083,0.615689
0.25,0.715447,0.720571,1.200194,0.588083
0.25,0.691058,0.672414,1.25001,0.572978
0.35,0.593495,0.593341,1.334635,0.570637
0.275,0.601625,0.600476,1.426175,0.570637
0.2,0.609756,0.60761,1.507076,0.570637
0.2,0.593495,0.575505,1.607777,0.573102
0.1,0.601625,0.590369,1.70933,0.585263
0.2,0.617887,0.60761,1.861482,0.614176
0.3,0.617887,0.608799,1.975184,0.647691
0.2,0.617887,0.60761,2.043161,0.679579
0.1,0.617887,0.606421,2.094176,0.70274
0.166667,0.579947,0.569758,2.102967,0.720331
0.233333,0.542006,0.533096,2.102967,0.744821
0.3,0.504065,0.496433,2.102967,0.770109
0.325,0.512195,0.504756,2.085467,0.812358
0.35,0.520324,0.51308,1.995611,0.8451
0.45,0.544716,0.546373,1.90363,0.889613
0.55,0.552844,0.515458,1.836898,0.938773
0.55,0.552844,0.563615,1.756096,1.002567
0.6,0.544716,0.548157,1.665345,1.073478
0.6,0.520324,0.516052,1.617372,1.111824
0.7,0.528455,0.517241,1.526478,1.189189
0.7,0.552844,0.533294,1.441249,1.271834
0.8,0.560975,0.550535,1.357,1.35
0.8,0.585364,0.598692,1.23,1.4472
0.85,0.569105,0.583234,1.098278,1.51876
0.8,0.552844,0.550535,0.994788,1.59687
0.8,0.552844,0.550535,0.90933,1.6756
0.8,0.577236,0.534483,0.830025,1.769163
0.85,0.479673,0.454816,0.793361,1.812518
0.95,0.495935,0.488109,0.791148,1.840707
0.9,0.495935,0.503567,0.791148,1.913953
0.9,0.455284,0.45541,0.791148,1.975229
0.85,0.430895,0.422711,0.820765,1.998136
0.85,0.406502,0.390606,0.858193,2.033568
0.85,0.349593,0.342449,0.890712,2.075788
0.85,0.308942,0.310345,0.927288,2.11356
0.85,0.243902,0.262188,0.970546,2.153253
0.85,0.211382,0.214031,1.031946,2.253837
0.9,0.211382,0.214625,1.095994,2.285192
0.775,0.186991,0.189061,1.143125,2.299232
0.65,0.1626,0.163496,1.177182,2.309642
0.55,0.154469,0.178359,1.221165,2.370067
0.5,0.03252,0.049346,1.315732,2.370067
0.45,0.048778,0.048751,1.423486,2.370067
0.325,0.0813,0.087396,1.554086,2.369674
0.2,0.113822,0.12604,1.680602,2.343748
0.2,0.159892,0.163496,1.808082,2.28476
0.2,0.205962,0.200951,1.915208,2.222125
0.2,0.252033,0.238407,2.006264,2.163129
0.1,0.260164,0.237218,2.079254,2.100651
0.05,0.284553,0.28478,2.159367,2.013915
0.05,0.308942,0.28478,2.23714,1.91488
0.1,0.349593,0.381688,2.302897,1.810758
0.15,0.430895,0.414388,2.334509,1.720899
0.1,0.439025,0.429845,2.349485,1.634615
0.15,0.414633,0.414388,2.363291,1.537625
0.1,0.479673,0.46195,2.374,1.441976
0.15,0.487804,0.478597,2.374,1.360175
0.25,0.512193,0.511891,2.374,1.263024
0.25,0.528455,0.511891,2.373534,1.196659
0.3,0.504065,0.512485,2.362534,1.124067
0.2,0.520324,0.511296,2.358,1.102
0.25,0.560975,0.560048,2.352063,1.079444
0.3,0.593495,0.560642,2.338361,1.042861
0.275,0.621951,0.560345,2.304696,1.006263
0.25,0.650407,0.560048,2.264886,0.975388
0.2875,0.662602,0.588585,2.216262,0.950025
0.325,0.674796,0.617122,2.143545,0.931844
0.3625,0.686991,0.64566,2.071298,0.915969
0.4,0.699186,0.674197,1.975345,0.895278
0.45,0.780487,0.787158,1.874,0.874625
0.45,0.764226,0.722949,1.843167,0.866
0.525,0.747966,0.731867,1.737856,0.839297
0.6,0.731706,0.740785,1.616267,0.830844
0.6,0.747967,0.740785,1.547095,0.830844
0.6,0.715447,0.724732,1.428316,0.830844
0.6,0.715447,0.692628,1.312479,0.831922
0.6,0.682927,0.676576,1.221545,0.849389
0.7,0.682927,0.677765,1.150709,0.89272
0.65,0.666666,0.661118,1.0583,0.939254
0.75,0.658535,0.646254,0.984679,1.00217
0.7,0.626015,0.613555,0.91955,1.091918
0.8,0.536585,0.550535,0.872414,1.18682
0.8,0.577236,0.58264,0.831965,1.278883
0.8,0.569105,0.566587,0.794638,1.377447
0.8,0.577236,0.566587,0.756536,1.479393
0.85,0.560975,0.55113,0.732813,1.571629
0.8,0.504065,0.486326,0.730857,1.682045
0.85,0.439025,0.454816,0.730857,1.790758
0.8,0.455284,0.454221,0.730857,1.892023
0.85,0.398375,0.390606,0.739117,1.970768
0.85,0.382113,0.390606,0.76593,2.033217
0.85,0.317073,0.310345,0.802027,2.09677
0.75,0.308942,0.293103,0.856205,2.159541
0.75,0.252033,0.244946,0.930805,2.206215
0.7,0.219513,0.212247,1.00875,2.23575
0.7,0.1626,0.196195,1.098456,2.250366
0.65,0.13008,0.131391,1.18856,2.260808
0.55,0.09756,0.11415,1.259004,2.276103
0.6,0.048778,0.050535,1.346305,2.298822
0.5,0.078589,0.070749,1.447627,2.313572
0.4,0.1084,0.090963,1.534085,2.316854
0.3,0.138211,0.111177,1.618363,2.316854
0.25,0.1626,0.174792,1.699102,2.316854
0.25,0.186993,0.190844,1.77437,2.313104
0.15,0.22764,0.22176,1.873255,2.277446
0.2,0.22764,0.238407,1.95349,2.210049
0.2,0.260164,0.254459,2.025313,2.144532
0.25,0.276422,0.271106,2.082035,2.079966
0.25,0.284553,0.287158,2.134856,1.99059
0.3,0.284553,0.2717,2.164619,1.908793
0.3,0.308942,0.287753,2.167,1.836
0.35,0.333331,0.320452,2.167,1.761561
0.3,0.341462,0.33591,2.167,1.700162
0.4,0.308942,0.321046,2.153112,1.656261
0.4,0.373982,0.385256,2.101946,1.6155
0.5,0.422764,0.418549,2.035324,1.6155
0.6,0.439025,0.419738,1.953473,1.6155
0.65,0.422764,0.420333,1.858736,1.616625
0.7,0.439025,0.43698,1.806847,1.620817
0.65,0.463415,0.436385,1.699375,1.62975
0.7,0.512193,0.517241,1.589437,1.638813
0.7,0.520324,0.517241,1.472549,1.643513
0.7,0.585364,0.549346,1.36531,1.669746
0.75,0.642276,0.646254,1.264415,1.672371
0.7,0.650407,0.64566,1.17225,1.672371
0.7,0.699186,0.709869,1.072197,1.672371
0.65,0.682927,0.67717,0.993625,1.65
0.7,0.699186,0.693817,0.948968,1.617987
0.65,0.715447,0.709275,0.898394,1.556236
0.6,0.788618,0.772889,0.867554,1.478005
0.6,0.764226,0.740785,0.863889,1.410514
0.55,0.747967,0.74019,0.863889,1.326659
0.55,0.788618,0.772295,0.863889,1.22875
0.45,0.821138,0.674792,0.869938,1.131738
0.45,0.666666,0.674792,0.89855,1.045175
0.45,0.707316,0.706897,0.93975,0.966625
0.45,0.666666,0.65874,0.989454,0.910724
0.45,0.723578,0.722949,1.039328,0.869842
0.375,0.699187,0.697979,1.099757,0.818505
0.3,0.674796,0.673008,1.170277,0.78844
0.25,0.634146,0.640309,1.2485,0.7725
0.25,0.601625,0.5761,1.315067,0.75836
0.2,0.609756,0.623662,1.406462,0.747186
0.15,0.593495,0.558859,1.498072,0.737172
0.2,0.552844,0.559453,1.577324,0.7355
0.15,0.552844,0.542806,1.677652,0.7355
0.1,0.544716,0.526159,1.781599,0.7355
0.175,0.512195,0.494946,1.881875,0.737125
0.25,0.479673,0.463734,1.980189,0.763335
0.2,0.406502,0.414982,2.068125,0.80575
0.15,0.382113,0.382283,2.141993,0.858493
0.25,0.357724,0.36742,2.19763,0.920607
0.2,0.329267,0.326694,2.242138,0.997885
0.15,0.300811,0.285969,2.278185,1.084817
0.25,0.292684,0.287158,2.319978,1.183658
0.2,0.211382,0.206302,2.32587,1.294579
0.15,0.1626,0.157551,2.32587,1.407769
0.25,0.150406,0.142687,2.32587,1.525072
0.35,0.138211,0.127824,2.325389,1.671776
0.45,0.081298,0.064804,2.303929,1.781558
0.475,0.073169,0.057075,2.274342,1.873758
0.5,0.06504,0.049346,2.23075,1.97775
0.55,0.09756,0.098098,2.16725,2.092336
0.65,0.105691,0.115339,2.109699,2.178722
0.65,0.19512,0.1956,2.041993,2.241869
0.7,0.219513,0.196195,1.948968,2.289402
0.75,0.235771,0.228894,1.883879,2.311107
0.8,0.243902,0.261593,1.807306,2.338236
0.75,0.317073,0.309156,1.726847,2.370078
0.85,0.308942,0.326397,1.637349,2.391918
0.8,0.357724,0.422117,1.562685,2.393
0.85,0.341462,0.390606,1.459203,2.393
0.85,0.414633,0.422711,1.358888,2.393
0.85,0.463415,0.454816,1.283631,2.38416
0.9,0.463415,0.45541,1.234922,2.332672
0.85,0.520324,0.454816,1.150221,2.320194
0.85,0.495935,0.502973,1.078371,2.30769
0.8,0.463415,0.454221,0.995747,2.283245
0.8,0.447153,0.454221,0.931641,2.254053
0.8,0.512193,0.502378,0.89179,2.22386
0.75,0.536585,0.533888,0.863521,2.175944
0.8,0.552844,0.534483,0.850175,2.147168
0.75,0.634146,0.630202,0.820526,2.118969
0.7,0.609756,0.597503,0.7885,2.070765
0.65,0.658535,0.596908,0.788353,1.972701
0.7,0.666666,0.677765,0.78607,1.884898
0.6,0.731706,0.724732,0.784891,1.792883
0.6,0.796749,0.804994,0.784766,1.692353
0.5,0.829269,0.819857,0.7835,1.582979
0.5,0.796749,0.803805,0.783973,1.468563
0.5,0.813007,0.803805,0.7855,1.399705
0.5,0.796749,0.7717,0.7855,1.264865
0.55,0.780487,0.756243,0.7855,1.153452
0.5,0.731706,0.723543,0.790662,1.034634
0.45,0.788618,0.755054,0.828944,0.932784
0.4,0.764226,0.738407,0.863726,0.856405
0.45,0.747967,0.755054,0.908439,0.786275
0.35,0.715447,0.737812,0.973489,0.714677
0.35,0.731706,0.72176,1.037162,0.665813
0.3,0.666666,0.673008,1.120228,0.630764
0.3,0.650407,0.640904,1.217498,0.608237
0.25,0.626015,0.624257,1.306523,0.598302
0.25,0.626015,0.624257,1.396055,0.594129
0.2,0.609756,0.60761,1.493421,0.594129
0.1,0.593495,0.590369,1.578362,0.594129
0.1,0.601625,0.574316,1.686274,0.594625
0.15,0.520324,0.526754,1.795089,0.609782
0.15,0.512193,0.494649,1.889833,0.647458
0.2,0.471545,0.479191,1.97375,0.696875
0.1,0.439025,0.429845,2.045168,0.758418
0.15,0.373982,0.366231,2.101346,0.820613
0.15,0.357724,0.350178,2.150488,0.883915
0.15,0.373982,0.366231,2.19069,0.977866
0.2,0.341462,0.318668,2.215802,1.074547
0.1,0.276422,0.237218,2.23279,1.190646
0.175,0.219511,0.197979,2.239089,1.271788
0.25,0.1626,0.15874,2.240317,1.371675
0.2625,0.160568,0.158888,2.241375,1.474174
0.275,0.158535,0.159037,2.242,1.586531
0.2875,0.156502,0.159185,2.241375,1.681157
0.3,0.154469,0.159334,2.24025,1.752085
0.3,0.154469,0.159334,2.236625,1.816967
0.425,0.150406,0.16082,2.216142,1.899904
0.55,0.146342,0.162307,2.191963,1.951666
0.65,0.19512,0.1956,2.160888,1.992775
0.65,0.211382,0.211653,2.119708,2.022144
0.675,0.247967,0.252081,2.056444,2.051234
0.7,0.284553,0.292509,1.99006,2.080401
0.8,0.300811,0.325803,1.894348,2.117044
0.8,0.349593,0.341855,1.810636,2.130895
0.8,0.365854,0.390012,1.71814,2.146553
0.8,0.471545,0.454221,1.595777,2.167422
0.8,0.471545,0.470273,1.473009,2.18249
0.8,0.463415,0.454221,1.380575,2.1825
0.8,0.471545,0.470273,1.279529,2.1825
0.8,0.512193,0.51843,1.193125,2.1825
0.75,0.504065,0.517836,1.093964,2.170048
0.75,0.512193,0.533888,1.010791,2.146351
0.75,0.528455,0.533888,0.942499,2.111559
0.7,0.552844,0.549346,0.894578,2.072072
0.7,0.650407,0.629608,0.859086,2.020119
0.65,0.674796,0.661118,0.837902,1.964809
0.65,0.634146,0.612961,0.818395,1.886106
0.7,0.699186,0.677765,0.8115,1.80802
0.65,0.650407,0.645065,0.8115,1.731253
0.6,0.731706,0.724732,0.8115,1.638059
0.6,0.780487,0.772889,0.811875,1.544807
0.7,0.764226,0.758026,0.81578,1.449744
0.6,0.731706,0.740785,0.821252,1.375198
0.55,0.747967,0.74019,0.82759,1.347021
0.55,0.747967,0.724138,0.837783,1.319443
0.55,0.731706,0.724138,0.858633,1.262701
0.65,0.715447,0.709275,0.877677,1.203516
0.55,0.715447,0.692033,0.895288,1.145939
0.5,0.699186,0.691439,0.916576,1.097486
0.4,0.658535,0.642093,0.93187,1.09391
0.45,0.617887,0.610583,0.950585,1.09391
0.4,0.617887,0.62604,0.978486,1.09391
0.5,0.552844,0.546968,1.024114,1.111808
0.45,0.487804,0.482164,1.074305,1.132989
0.5,0.439025,0.450654,1.133525,1.150426
0.45,0.430895,0.434007,1.145,1.156
0.45,0.430895,0.434007,1.145,1.156
0.4,0.373982,0.369203,1.163747,1.184766
0.35,0.349593,0.352556,1.256654,1.252276
0.35,0.300811,0.3044,1.382814,1.321113
0.4,0.276422,0.256837,1.458319,1.355942
0.45,0.276422,0.273484,1.573527,1.394714
0.35,0.227641,0.224138,1.682958,1.428625
0.25,0.178861,0.174792,1.790984,1.460852
0.15,0.13008,0.125446,1.900472,1.516873
0.25,0.121949,0.126635,1.99412,1.58653
0.15,0.081298,0.077289,2.068069,1.690748
0.175,0.109755,0.101665,2.119875,1.753972
0.2,0.138211,0.12604,2.180883,1.834183
0.15,0.211382,0.189655,2.220459,1.897778
0.15,0.252033,0.237812,2.251349,1.952008
0.15,0.252033,0.253864,2.2765,1.958
0.1,0.268291,0.269322,2.284612,1.958
0.2,0.349593,0.334721,2.284816,1.958
0.2,0.325204,0.318668,2.284816,1.938434
0.2,0.430895,0.414982,2.284816,1.88517
0.25,0.414633,0.399524,2.276949,1.826688
0.25,0.471545,0.479786,2.251956,1.736266
0.2,0.536585,0.527348,2.230815,1.634155
0.2,0.585364,0.591558,2.215795,1.535127
0.15,0.617887,0.623068,2.191114,1.427285
0.2,0.621951,0.615636,2.159013,1.323866
0.25,0.626015,0.608205,2.135233,1.216689
0.3,0.650407,0.640904,2.101504,1.125083
0.3,0.682927,0.689061,2.060471,1.031258
0.25,0.691058,0.672414,2.007302,0.95094
0.3,0.715447,0.705113,1.956399,0.877282
0.35,0.699186,0.689655,1.901482,0.809786
0.35,0.666666,0.673603,1.8377,0.75595
0.35,0.674796,0.657551,1.7736,0.71729
0.35,0.666666,0.657551,1.7089,0.708
0.45,0.650407,0.626635,1.659685,0.708
0.475,0.642276,0.626932,1.60675,0.708
0.5,0.634146,0.627229,1.557911,0.710125
0.5,0.601625,0.595125,1.51003,0.733463
0.55,0.601625,0.611772,1.477414,0.758771
0.55,0.471545,0.483353,1.452087,0.792203
0.65,0.447153,0.452438,1.41441,0.867606
0.55,0.455284,0.451249,1.374388,0.951913
0.65,0.463415,0.452438,1.335524,1.089891
0.65,0.357724,0.372176,1.309992,1.193805
0.65,0.373982,0.356124,1.308901,1.312355
0.7,0.284553,0.276457,1.308901,1.428828
0.75,0.260164,0.244946,1.308901,1.504614
0.7,0.260164,0.260404,1.316793,1.619944
0.75,0.292684,0.293103,1.334168,1.719218
0.75,0.284553,0.293103,1.338771,1.828033
0.75,0.390244,0.421522,1.338771,1.92075
0.8,0.390244,0.390012,1.338771,2.010987
0.8,0.414633,0.422117,1.336636,2.084375
0.9,0.471545,0.45541,1.316859,2.132617
0.9,0.447153,0.471463,1.269832,2.175867
0.8,0.439025,0.438169,1.170375,2.224163
0.85,0.447153,0.438763,1.147628,2.246661
0.85,0.495935,0.470868,1.0991,2.251148
0.85,0.455284,0.470868,1.02825,2.251148
0.8,0.455284,0.454221,0.96708,2.251148
0.8,0.455284,0.454221,0.920307,2.249375
0.8,0.463415,0.470273,0.895419,2.235696
0.75,0.495935,0.485731,0.887365,2.216152
0.75,0.512193,0.517836,0.88325,2.177625
0.65,0.642276,0.629013,0.872772,2.120681
0.65,0.617887,0.612961,0.864238,2.047
0.6,0.617887,0.612366,0.864238,1.964454
0.55,0.682927,0.659929,0.864238,1.866933
0.6,0.634146,0.644471,0.866869,1.75618
0.55,0.747967,0.756243,0.877416,1.657921
0.55,0.715447,0.708086,0.883363,1.55083
0.5,0.747967,0.739596,0.888788,1.448058
0.55,0.747967,0.74019,0.89984,1.37093
0.5,0.764226,0.755648,0.922508,1.25025
0.5,0.747967,0.739596,0.953185,1.1258
0.45,0.747967,0.739001,0.986175,1.02935
0.35,0.788618,0.737812,1.022996,0.9363
0.3,0.731706,0.737218,1.066704,0.858774
0.35,0.756098,0.737812,1.116119,0.795298
0.3,0.691058,0.673008,1.181666,0.735162
0.25,0.666666,0.672414,1.2667,0.669885
0.25,0.691058,0.672414,1.3353,0.625127
0.25,0.666666,0.656361,1.438687,0.595386
0.3,0.642276,0.640904,1.515506,0.572738
0.2,0.626015,0.623662,1.5922,0.566
0.25,0.609756,0.592152,1.696236,0.566
0.15,0.609756,0.590963,1.783565,0.566
0.25,0.609756,0.592152,1.862675,0.56825
0.175,0.54878,0.535077,1.93678,0.594298
0.1,0.487804,0.478002,2.016607,0.646733
0.2,0.430895,0.447087,2.075258,0.691208
0.15,0.422764,0.414388,2.131862,0.749273
0.15,0.341462,0.334126,2.16949,0.811891
0.15,0.333331,0.285969,2.207429,0.905182
0.2,0.308942,0.286564,2.2421,1.001888
0.2,0.252033,0.254459,2.27304,1.106278
0.2,0.235771,0.238407,2.303587,1.188176
0.2,0.22764,0.222354,2.32567,1.274759
0.275,0.17886,0.183115,2.331992,1.363253
0.35,0.13008,0.143876,2.333,1.45761
0.3,0.154469,0.111177,2.333,1.563235
0.3,0.186993,0.111177,2.332868,1.646643
0.316667,0.184282,0.132778,2.329055,1.736639
0.333333,0.181572,0.15438,2.293344,1.830986
0.35,0.178862,0.175981,2.259655,1.908824
0.275,0.203251,0.191141,2.208495,1.977961
0.2,0.22764,0.206302,2.17032,2.01495
0.25,0.252031,0.239001,2.138262,2.017825
0.3,0.276422,0.2717,2.08591,2.017825
0.4,0.292684,0.304994,2.069088,2.017825
0.3,0.325204,0.351962,2.056924,1.999488
0.35,0.373982,0.352556,2.050189,1.956598
0.35,0.422764,0.416766,2.027212,1.893731
0.4,0.430895,0.433413,2.011933,1.83832
0.35,0.455284,0.464923,1.996681,1.772126
0.35,0.552844,0.545184,1.960115,1.718482
0.35,0.593495,0.593341,1.928713,1.641324
0.4,0.593495,0.62604,1.896321,1.568909
0.35,0.609756,0.593341,1.84442,1.482737
0.35,0.666666,0.657551,1.7895,1.39475
0.45,0.747967,0.755054,1.745483,1.300263
0.475,0.739836,0.739298,1.698223,1.210707
0.5,0.731706,0.723543,1.659779,1.140037
0.45,0.780487,0.771106,1.606625,1.033518
0.5,0.780487,0.787753,1.560803,0.958627
0.55,0.829269,0.8044,1.50495,0.891546
0.45,0.813007,0.787158,1.446375,0.8395
0.5,0.796749,0.787753,1.386578,0.795133
0.5,0.796749,0.7717,1.319358,0.750776
0.6,0.715447,0.70868,1.255858,0.741604
0.6,0.747967,0.740785,1.198856,0.741604
0.65,0.764226,0.757432,1.144648,0.741604
0.65,0.739836,0.741379,1.09091,0.74247
0.65,0.739836,0.725327,1.035749,0.763892
0.7,0.715447,0.693817,1.014284,0.777619
0.7,0.699186,0.693817,0.971197,0.818993
0.7,0.642276,0.629608,0.926784,0.878821
0.75,0.658535,0.646254,0.87818,0.966842
0.8,0.609756,0.598692,0.841376,1.052338
0.8,0.593495,0.598692,0.793881,1.145044
0.85,0.544716,0.567182,0.771868,1.237888
0.85,0.569105,0.567182,0.763073,1.333971
0.85,0.552844,0.55113,0.762573,1.438193
0.8,0.520324,0.51843,0.762573,1.529266
0.8,0.471545,0.470273,0.768772,1.625349
0.85,0.439025,0.438763,0.792876,1.728704
0.85,0.455284,0.438763,0.802459,1.81972
0.9,0.349593,0.375149,0.838118,1.901541
0.85,0.325204,0.326397,0.904713,1.978594
0.8,0.292684,0.30975,0.936536,2.009864
0.8,0.300811,0.293698,0.971728,2.042309
0.8,0.268291,0.277646,1.017202,2.097797
0.75,0.260164,0.260999,1.06531,2.1351
0.65,0.341462,0.340071,1.099155,2.150945
0.575,0.325202,0.315101,1.173523,2.158605
0.5,0.308942,0.290131,1.218403,2.159236
0.5,0.373982,0.35434,1.258875,2.159236
0.4,0.382113,0.385256,1.292296,2.154059
0.35,0.414633,0.416766,1.327487,2.137089
0.35,0.463415,0.44887,1.395146,2.086294
0.35,0.463415,0.464923,1.458443,2.00376
0.35,0.552844,0.545184,1.515363,1.90587
0.3,0.536585,0.528537,1.558602,1.803496
0.3,0.520324,0.512485,1.597924,1.674269
0.25,0.544716,0.560048,1.628679,1.595681
0.25,0.609756,0.608205,1.666526,1.485685
0.25,0.585364,0.5761,1.701895,1.37902
0.2,0.585364,0.575505,1.727645,1.287955
0.15,0.601625,0.590963,1.756349,1.191966
0.25,0.642276,0.624257,1.788713,1.097227
0.15,0.569105,0.542806,1.811341,1.016708
0.25,0.617887,0.608205,1.851075,0.937333
0.2,0.560975,0.543401,1.900603,0.861527
0.15,0.520324,0.510702,1.943308,0.804129
0.15,0.495935,0.478597,1.971987,0.777774
0.15,0.471545,0.462545,1.995239,0.777774
0.1,0.414633,0.429845,2.026367,0.777774
0.2,0.365854,0.366825,2.057238,0.778504
0.1,0.325204,0.333532,2.096287,0.81234
0.15,0.284553,0.302021,2.14075,0.883125
0.15,0.284553,0.285969,2.186895,0.969863
0.15,0.252033,0.253864,2.231166,1.054998
0.1,0.186993,0.189061,2.267004,1.143169
0.15,0.19512,0.189655,2.309754,1.258146
0.2,0.1626,0.158145,2.353236,1.352472
0.2,0.1626,0.158145,2.371302,1.463733
0.35,0.138211,0.13585,2.371302,1.570473
0.5,0.113822,0.113555,2.371302,1.661006
0.4,0.113822,0.144471,2.36965,1.744895
0.525,0.134146,0.153983,2.345992,1.817649
0.65,0.154469,0.163496,2.308553,1.890743
0.7,0.154469,0.16409,2.253644,1.973062
0.7,0.252033,0.244352,2.177242,2.056371
0.7,0.252033,0.292509,2.082463,2.123861
0.8,0.284553,0.277646,1.989983,2.17586
0.85,0.333331,0.326397,1.892831,2.219807
0.8,0.333331,0.341855,1.784227,2.264426
0.8,0.341462,0.341855,1.674796,2.297891
0.8,0.373982,0.357907,1.59447,2.303
0.75,0.406502,0.389417,1.536313,2.303
0.75,0.422764,0.421522,1.4415,2.303
0.7,0.414633,0.420927,1.357085,2.29431
0.6,0.512193,0.483948,1.301423,2.261159
0.65,0.520324,0.500595,1.260653,2.208121
0.65,0.560975,0.564804,1.22774,2.163144
0.6,0.601625,0.596314,1.200677,2.107685
0.6,0.585364,0.612366,1.16833,2.038938
0.6,0.650407,0.644471,1.103882,1.969709
0.6,0.699186,0.70868,1.098557,1.87651
0.6,0.699186,0.692628,1.088794,1.78178
0.6,0.715447,0.821046,1.08,1.712
0.55,0.821138,0.8044,1.0725,1.683641
0.6,0.796749,0.788942,1.037805,1.556543
0.525,0.796749,0.796076,0.997159,1.439703
0.45,0.796749,0.80321,0.949649,1.310631
0.5,0.780487,0.723543,0.90925,1.187875
0.45,0.756096,0.722949,0.896,1.068987
0.4,0.731706,0.722354,0.896,0.941431
0.35,0.747967,0.72176,0.896,0.847217
0.35,0.739836,0.737812,0.899065,0.766156
0.35,0.707316,0.689655,0.937683,0.704517
0.3,0.699186,0.689061,0.997624,0.652679
0.25,0.650407,0.640309,1.076466,0.609931
0.3,0.658535,0.689061,1.168564,0.580252
0.25,0.626015,0.624257,1.26299,0.56453
0.2,0.658535,0.639715,1.362774,0.554007
0.15,0.642276,0.63912,1.452408,0.544112
0.15,0.617887,0.607015,1.553069,0.541036
0.15,0.634146,0.623068,1.659408,0.541036
0.2,0.552844,0.527348,1.759614,0.541036
0.15,0.536585,0.526754,1.86706,0.543902
0.15,0.487804,0.478597,1.96575,0.568375
0.15,0.479673,0.478597,2.055076,0.60722
0.15,0.390244,0.382283,2.118741,0.648094
0.15,0.365854,0.366231,2.182754,0.707653
0.25,0.349593,0.351367,2.225965,0.770225
0.266667,0.289972,0.287356,2.289891,0.848261
0.283333,0.230352,0.223345,2.360096,0.954655
0.3,0.170731,0.159334,2.378117,1.064575
0.25,0.14634,0.134661,2.378117,1.158906
0.2,0.121949,0.109988,2.378117,1.269031
0.2,0.113822,0.12604,2.377029,1.383508
0.25,0.113822,0.126635,2.363075,1.487118
0.3,0.113822,0.127229,2.353246,1.587708
0.375,0.121951,0.1522,2.299468,1.715354
0.45,0.13008,0.17717,2.238875,1.835985
0.55,0.13008,0.162307,2.228,1.899375
0.65,0.13008,0.147444,2.1825,1.979
0.7,0.146342,0.148038,2.144459,2.063631
0.65,0.173441,0.217004,2.097033,2.134716
0.6,0.200541,0.285969,2.037027,2.208438
0.55,0.22764,0.354935,1.983862,2.248332
0.45,0.260164,0.257432,1.919326,2.269018
0.45,0.284553,0.289536,1.839644,2.2695
0.45,0.292684,0.305589,1.77368,2.2695
0.5,0.382113,0.386445,1.717125,2.2695
0.45,0.390244,0.401902,1.692093,2.247411
0.4,0.504065,0.497622,1.666065,2.195124
0.4,0.487804,0.48157,1.659484,2.126337
0.4,0.536585,0.513674,1.659484,2.038281
0.4,0.520324,0.513674,1.659484,1.932375
0.375,0.577235,0.56956,1.657374,1.879674
0.35,0.634146,0.625446,1.656398,1.752184
0.35,0.634146,0.625446,1.656398,1.63367
0.4,0.666666,0.642093,1.656398,1.501889
0.4,0.731706,0.722354,1.65139,1.362683
0.35,0.731706,0.72176,1.63559,1.253399
0.35,0.845527,0.834126,1.612625,1.135622
0.45,0.731706,0.722949,1.585286,1.031901
0.45,0.780487,0.771106,1.534069,0.926317
0.45,0.780487,0.771106,1.481854,0.829337
0.55,0.796749,0.8044,1.434438,0.76935
0.55,0.821138,0.820452,1.384116,0.723398
0.45,0.837396,0.819263,1.329846,0.691107
0.5,0.845527,0.819857,1.277426,0.685
0.575,0.804876,0.788644,1.23722,0.685
0.65,0.764226,0.757432,1.183387,0.685
0.6,0.731706,0.724732,1.108341,0.68809
0.55,0.715447,0.724138,1.041643,0.714505
0.45,0.674796,0.706897,0.98171,0.757551
0.55,0.674796,0.684007,0.946663,0.791996
0.65,0.674796,0.661118,0.905679,0.850814
0.7,0.666666,0.661712,0.87118,0.919855
0.65,0.617887,0.645065,0.835864,1.000866
0.65,0.617887,0.612961,0.7845,1.069818
0.7,0.609756,0.597503,0.769064,1.175709
0.7,0.569105,0.565398,0.769064,1.262306
0.7,0.520324,0.533294,0.769064,1.353083
0.65,0.471545,0.484542,0.770269,1.428003
0.7,0.430895,0.43698,0.778564,1.49391
0.6,0.430895,0.435791,0.801384,1.547664
0.6,0.439025,0.435791,0.84066,1.592703
0.5,0.390244,0.402497,0.890668,1.626031
0.5,0.398375,0.386445,0.944197,1.652699
0.55,0.341462,0.338882,1.020089,1.672213
0.5,0.300811,0.306183,1.093344,1.681594
0.4,0.260164,0.272889,1.178175,1.687175
0.3,0.276422,0.2717,1.275469,1.694266
0.35,0.260164,0.24019,1.360676,1.701632
0.4,0.260164,0.256837,1.424328,1.710041
0.35,0.243902,0.24019,1.514129,1.711891
0.275,0.219511,0.21522,1.616903,1.722904
0.2,0.19512,0.19025,1.720596,1.740174
0.25,0.146342,0.142687,1.820855,1.76554
0.25,0.105691,0.110583,1.909953,1.801633
0.3,0.081298,0.079073,1.995018,1.847268
0.25,0.089429,0.078478,2.072953,1.898804
0.25,0.056909,0.046373,2.138137,1.952688
0.325,0.069104,0.063317,2.186752,2.019228
0.4,0.081298,0.080262,2.211083,2.069214
0.3,0.089429,0.095125,2.213583,2.105236
0.425,0.107722,0.10865,2.213583,2.14822
0.55,0.126015,0.122176,2.213583,2.18551
0.675,0.144307,0.135702,2.201919,2.21864
0.8,0.1626,0.149227,2.150303,2.253217
0.8,0.1626,0.165279,2.104435,2.268717
0.8,0.243902,0.229489,2.04397,2.285793
0.85,0.203251,0.197979,1.968596,2.302912
0.85,0.317073,0.310345,1.890859,2.328536
0.8,0.341462,0.341855,1.796313,2.355687
0.85,0.382113,0.390606,1.704888,2.370963
0.85,0.398375,0.390606,1.611195,2.382252
0.9,0.430895,0.439358,1.512276,2.388937
0.85,0.471545,0.470868,1.445941,2.389676
0.85,0.479673,0.470868,1.403392,2.389676
0.75,0.504065,0.501784,1.293301,2.389371
0.8,0.536585,0.534483,1.194348,2.377397
0.8,0.520324,0.534483,1.108728,2.346907
0.8,0.560975,0.550535,1.017271,2.30625
0.75,0.585364,0.582045,0.954125,2.26825
0.75,0.601625,0.598098,0.902997,2.211968
0.65,0.650407,0.645065,0.829195,2.144603
0.65,0.650407,0.629013,0.74184,2.060127
0.7,0.666666,0.661712,0.724,1.979369
0.6,0.617887,0.612366,0.724,1.879206
0.6,0.634146,0.628419,0.724,1.776947
0.6,0.650407,0.628419,0.724946,1.683266
0.55,0.650407,0.627824,0.756817,1.587698
0.45,0.634146,0.642687,0.797582,1.49686
0.35,0.674796,0.657551,0.836144,1.413946
0.4,0.642276,0.62604,0.90429,1.320981
0.35,0.634146,0.625446,0.967564,1.232605
0.4,0.723578,0.706302,1.044269,1.143891
0.35,0.666666,0.657551,1.124483,1.063035
0.35,0.634146,0.625446,1.205625,0.986375
0.25,0.682927,0.672414,1.272881,0.920511
0.2,0.626015,0.623662,1.348096,0.840852
0.25,0.642276,0.640309,1.438024,0.769945
0.2,0.650407,0.639715,1.50725,0.71675
0.15,0.682927,0.671225,1.5915,0.666875
0.2,0.682927,0.671819,1.671023,0.634377
0.2,0.682927,0.671819,1.74,0.612
0.25,0.682927,0.672414,1.800048,0.594809
0.2,0.682927,0.655767,1.871494,0.57341
0.15,0.682927,0.655172,1.942164,0.56335
0.1,0.609756,0.606421,1.993317,0.563
0.2,0.658535,0.639715,2.031747,0.563
0.2,0.569105,0.559453,2.05341,0.563
0.25,0.536585,0.527943,2.056547,0.56375
0.2,0.528455,0.511296,2.056547,0.567042
0.25,0.459349,0.455707,2.056547,0.591303
0.3,0.390244,0.400119,2.045512,0.640629
0.3,0.406502,0.400119,2.028591,0.699677
0.266667,0.357723,0.356916,2.012506,0.774602
0.233333,0.308943,0.313714,1.999071,0.855048
0.2,0.260164,0.270511,1.9975,1.001611
0.3,0.219513,0.223543,1.9975,1.08045
0.4,0.215447,0.216706,1.9975,1.165348
0.5,0.211382,0.209869,1.999375,1.29325
0.6,0.227642,0.227111,2.003581,1.410608
0.7,0.243902,0.244352,2.003581,1.50538
0.7,0.260164,0.244352,2.003581,1.622055
0.65,0.243902,0.25981,2.00349,1.722087
0.7,0.211382,0.196195,1.988322,1.800825
0.75,0.252033,0.220868,1.955038,1.896729
0.8,0.292684,0.245541,1.920625,1.97625
0.8,0.382113,0.245541,1.874689,2.039822
0.8,0.373982,0.37396,1.821893,2.088878
0.8,0.357724,0.470273,1.745504,2.147448
0.85,0.463415,0.470868,1.646532,2.197028
0.9,0.504065,0.503567,1.554073,2.212761
0.85,0.479673,0.48692,1.456625,2.22275
0.9,0.560975,0.535672,1.374023,2.227568
0.9,0.544716,0.551724,1.345985,2.229
0.8,0.528455,0.51843,1.267078,2.227568
0.8,0.560975,0.566587,1.152786,2.21975
0.8,0.552844,0.550535,1.056125,2.212386
0.75,0.552844,0.549941,0.973501,2.202226
0.7,0.593495,0.581451,0.911113,2.180076
0.7,0.601625,0.597503,0.864051,2.146059
0.7,0.585364,0.597503,0.830983,2.125412
0.7,0.691058,0.677765,0.749801,2.099834
0.65,0.674796,0.67717,0.73165,2.068917
0.65,0.731706,0.741379,0.73165,1.986944
0.575,0.772356,0.772592,0.73165,1.887861
0.5,0.813007,0.803805,0.732133,1.790825
0.55,0.829269,0.820452,0.744396,1.675534
0.55,0.829269,0.820452,0.748,1.553141
0.6,0.813007,0.804994,0.748,1.442189
0.6,0.813007,0.804994,0.751572,1.32617
0.55,0.817073,0.812426,0.755436,1.20413
0.5,0.821138,0.819857,0.75769,1.106871
0.4,0.764226,0.754459,0.75769,1.029612
0.45,0.731706,0.706897,0.766192,0.921726
0.4,0.731706,0.722354,0.791311,0.834966
0.45,0.756098,0.722949,0.831924,0.762297
0.4,0.739836,0.722354,0.883392,0.703333
0.45,0.699186,0.722949,0.948641,0.665412
0.35,0.682926,0.689655,1.026903,0.630983
0.25,0.666666,0.656361,1.099875,0.60125
0.2,0.650407,0.655767,1.188,0.5785
0.2,0.682927,0.655767,1.2835,0.5665
0.2,0.691058,0.671819,1.375172,0.556573
0.1,0.674796,0.654578,1.461192,0.547134
0.15,0.650407,0.63912,1.564581,0.530458
0.2,0.642276,0.623662,1.655412,0.528826
0.2,0.617887,0.591558,1.74805,0.528826
0.25,0.560975,0.543995,1.846625,0.528826
0.2,0.536584,0.519322,1.938245,0.537913
0.15,0.512193,0.494649,2.017077,0.562189
0.15,0.430895,0.43044,2.083028,0.59588
0.175,0.398375,0.398633,2.122275,0.631447
0.2,0.365854,0.366825,2.157095,0.698782
0.2,0.357724,0.350773,2.174446,0.772446
0.3,0.308942,0.303805,2.193,0.8445
0.2,0.268291,0.270511,2.219605,0.927399
0.2,0.268291,0.270511,2.26375,1.027549
0.15,0.170731,0.157551,2.271849,1.120781
0.2,0.158536,0.134067,2.28061,1.214942
0.25,0.146342,0.110583,2.283874,1.319633
0.3,0.121949,0.111177,2.285472,1.410886
0.3,0.1626,0.159334,2.286387,1.516743
0.35,0.1626,0.151902,2.286012,1.622761
0.4,0.1626,0.144471,2.285887,1.716519
0.45,0.089429,0.096908,2.284165,1.809778
0.35,0.113822,0.143876,2.273286,1.887139
0.475,0.142276,0.153389,2.263334,1.969431
0.6,0.170731,0.162901,2.251734,2.0337
0.65,0.203251,0.1956,2.237642,2.102463
0.6,0.22764,0.259215,2.192506,2.133832
0.7,0.284553,0.292509,2.142523,2.171892
0.8,0.284553,0.293698,2.083685,2.200486
0.75,0.300811,0.293103,2.012553,2.216315
0.85,0.365854,0.342449,1.941651,2.22838
0.85,0.390244,0.390606,1.877143,2.243644
0.85,0.447153,0.438763,1.787576,2.25116
0.85,0.455284,0.406659,1.681389,2.255139
0.8,0.487804,0.470273,1.564923,2.255139
0.8,0.544716,0.534483,1.460284,2.255139
0.8,0.528455,0.534483,1.343875,2.253611
0.8,0.512193,0.51843,1.244942,2.246168
0.8,0.617887,0.614744,1.145829,2.22897
0.75,0.560975,0.565993,1.05389,2.207486
0.75,0.585364,0.582045,0.960968,2.179911
0.7,0.593495,0.597503,0.882621,2.144064
0.7,0.601625,0.597503,0.809342,2.092775
0.7,0.658535,0.661712,0.764206,2.033653
0.65,0.756098,0.757432,0.730499,1.965085
0.6,0.699186,0.676576,0.710578,1.889602
0.65,0.723578,0.725327,0.7075,1.824577
0.6,0.699186,0.692628,0.7075,1.738544
0.55,0.731706,0.724138,0.7075,1.659679
0.55,0.699186,0.692033,0.709059,1.560031
0.55,0.699186,0.708086,0.723934,1.457656
0.55,0.764226,0.708086,0.745558,1.362017
0.475,0.739836,0.707194,0.774944,1.261617
0.4,0.715447,0.706302,0.803144,1.17718
0.45,0.731706,0.706897,0.838189,1.094373
0.4,0.666666,0.658145,0.883645,1.002895
0.3,0.731706,0.705113,0.933625,0.922216
0.25,0.699186,0.704518,0.986759,0.857172
0.3,0.723578,0.721165,1.055292,0.795127
0.2,0.715447,0.703924,1.122487,0.747187
0.3,0.715447,0.705113,1.1915,0.708412
0.4,0.715447,0.706302,1.263677,0.674315
0.4,0.699186,0.69025,1.327318,0.642254
0.35,0.682927,0.657551,1.393878,0.61292
0.333333,0.650406,0.625248,1.448572,0.600184
0.316667,0.617885,0.592945,1.485886,0.6
0.3,0.585364,0.560642,1.509125,0.6
0.4,0.552844,0.529727,1.515095,0.6
0.5,0.520324,0.498811,1.515095,0.612874
0.5,0.471545,0.482759,1.515095,0.646286
0.55,0.487804,0.467301,1.51468,0.694599
0.6,0.390244,0.403686,1.506375,0.76175
0.6,0.341462,0.355529,1.492384,0.847946
0.65,0.357724,0.356124,1.483456,0.921324
0.65,0.365854,0.356124,1.472743,0.992794
0.7,0.341462,0.340666,1.461048,1.084122
0.75,0.341462,0.34126,1.455153,1.199965
0.75,0.325204,0.325208,1.442814,1.322413
0.8,0.252033,0.293698,1.434141,1.436902
0.8,0.22764,0.229489,1.424155,1.555218
0.75,0.211382,0.228894,1.416672,1.669842
0.8,0.178862,0.197384,1.415766,1.782222
0.725,0.138211,0.148335,1.420542,1.896392
0.65,0.09756,0.099287,1.418528,1.986727
0.6,0.081298,0.08264,1.413521,2.061054
0.525,0.105689,0.105826,1.414094,2.129241
0.45,0.13008,0.129013,1.424482,2.192618
0.35,0.1626,0.159929,1.439159,2.25193
0.35,0.211382,0.208086,1.459559,2.281757
0.25,0.211382,0.222949,1.523779,2.282132
0.3,0.300811,0.33591,1.606209,2.282132
0.25,0.268291,0.222949,1.676785,2.282132
0.25,0.292684,0.287158,1.742696,2.264973
0.2,0.308942,0.286564,1.820757,2.228965
0.25,0.398375,0.399524,1.911087,2.180918
0.15,0.406502,0.398335,1.970832,2.111264
0.15,0.439025,0.43044,2.018941,2.034166
0.15,0.479673,0.478597,2.055635,1.949945
0.15,0.528455,0.510702,2.086887,1.856535
0.2,0.520324,0.511296,2.116862,1.760848
0.2,0.560975,0.559453,2.144958,1.657944
0.25,0.634146,0.640309,2.1475,1.566392
0.25,0.593495,0.592152,2.1475,1.460573
0.3,0.585364,0.576694,2.1475,1.345806
0.3,0.626015,0.576694,2.144406,1.245097
0.3,0.707316,0.705113,2.115922,1.143732
0.25,0.715447,0.720571,2.07733,1.070436
0.325,0.711382,0.721463,2.032661,1.008282
0.4,0.707316,0.722354,1.972283,0.955403
0.4,0.682927,0.674197,1.913867,0.897967
0.5,0.682927,0.675386,1.838037,0.859558
0.5,0.666666,0.659334,1.750737,0.828
0.45,0.617887,0.610583,1.652438,0.824
0.5,0.601625,0.595125,1.577377,0.824
0.55,0.569105,0.571641,1.515936,0.824
0.6,0.536585,0.548157,1.454,0.839375
0.7,0.495935,0.485137,1.375682,0.88537
0.75,0.536585,0.533888,1.307087,0.92815
0.75,0.520324,0.517836,1.238756,0.999055
0.75,0.487804,0.485731,1.1905,1.074667
0.75,0.528455,0.517836,1.154006,1.154843
0.8,0.512193,0.51843,1.117872,1.251688
0.8,0.528455,0.51843,1.079413,1.348922
0.85,0.504065,0.502973,1.036477,1.456391
0.85,0.520324,0.519025,1.002894,1.54427
0.75,0.487804,0.485731,0.970596,1.624275
0.8,0.463415,0.470273,0.934664,1.704966
0.8,0.439025,0.486326,0.902205,1.781034
0.85,0.422764,0.438763,0.872195,1.840866
0.75,0.373982,0.389417,0.841307,1.89279
0.75,0.317073,0.325208,0.837125,1.926603
0.8,0.300811,0.30975,0.837125,1.954548
0.7,0.260164,0.260404,0.837125,1.983003
0.7,0.243902,0.2283,0.852882,2.015227
0.65,0.219513,0.211653,0.894896,2.04315
0.583333,0.178862,0.173405,0.971254,2.06769
0.516667,0.138211,0.135157,1.036135,2.092961
0.45,0.09756,0.096908,1.104607,2.120418
0.4,0.154469,0.112366,1.194197,2.143119
0.35,0.138211,0.111772,1.276,2.1645
0.3,0.121949,0.127229,1.368812,2.176437
0.25,0.170731,0.174792,1.460343,2.176437
0.2,0.235771,0.238407,1.550029,2.176437
0.25,0.260164,0.255054,1.635363,2.175812
0.15,0.268291,0.269917,1.703177,2.164022
0.1,0.284553,0.269322,1.793529,2.133406
0.15,0.325204,0.318074,1.879477,2.096852
0.15,0.390244,0.382283,1.961177,2.054335
0.15,0.439025,0.43044,2.024271,2.012349
0.15,0.439025,0.43044,2.108194,1.942333
0.15,0.463415,0.462545,2.151719,1.901225
0.125,0.5,0.494352,2.176387,1.86631
0.1,0.536585,0.526159,2.221125,1.7775
0.1,0.560975,0.542212,2.255066,1.674246
0.1,0.552844,0.558264,2.291125,1.5695
0.05,0.560975,0.557669,2.310303,1.488008
0.125,0.56504,0.566587,2.332783,1.394839
0.2,0.569105,0.575505,2.354635,1.279452
0.2,0.593495,0.575505,2.35932,1.16953
0.25,0.642276,0.624257,2.35932,1.063465
0.15,0.642276,0.623068,2.35932,0.965698
0.2,0.617887,0.60761,2.352721,0.90055
0.275,0.581302,0.568371,2.329798,0.853594
0.35,0.544716,0.529132,2.304655,0.816145
0.4,0.520324,0.529727,2.266379,0.794034
0.35,0.552844,0.577289,2.215399,0.7935
0.4,0.540649,0.529727,2.148128,0.7935
0.45,0.528455,0.482164,2.082733,0.7935
0.5,0.471545,0.466706,2.023046,0.814057
0.6,0.471545,0.467895,1.965033,0.843863
0.55,0.390244,0.403092,1.910875,0.874
0.65,0.373982,0.388228,1.851728,0.926135
0.65,0.398375,0.388228,1.794998,0.994389
0.75,0.430895,0.421522,1.739231,1.070726
0.85,0.463415,0.454816,1.681273,1.16876
0.85,0.390244,0.406659,1.637125,1.2605
0.85,0.463415,0.454816,1.576714,1.372603
0.85,0.422764,0.438763,1.515017,1.477664
0.85,0.447153,0.438763,1.437102,1.58968
0.85,0.463415,0.470868,1.364255,1.690257
0.85,0.495935,0.48692,1.289603,1.78536
0.85,0.504065,0.502973,1.206172,1.892366
0.85,0.504065,0.519025,1.13904,1.975462
0.85,0.560975,0.615339,1.054918,2.060866
0.85,0.609756,0.615339,0.985826,2.118862
0.85,0.617887,0.599287,0.923417,2.158691
0.8,0.634146,0.630797,0.872846,2.165
0.75,0.609756,0.61415,0.824864,2.165
0.7,0.650407,0.64566,0.779819,2.165
0.7,0.658535,0.64566,0.73375,2.153782
0.7,0.666666,0.661712,0.705794,2.107329
0.65,0.764226,0.757432,0.672643,2.036285
0.6,0.764226,0.756837,0.649,1.968167
0.616667,0.785907,0.778438,0.630884,1.888542
0.633333,0.807588,0.80004,0.624161,1.783743
0.65,0.829269,0.821641,0.624048,1.690151
0.55,0.829269,0.820452,0.624048,1.584397
0.55,0.756098,0.756243,0.624798,1.468117
0.5,0.764226,0.755648,0.63235,1.336504
0.45,0.894309,0.883472,0.648587,1.227863
0.35,0.780487,0.769917,0.676779,1.11006
0.4,0.780487,0.738407,0.705726,1.017427
0.3,0.723578,0.737218,0.747903,0.914625
0.35,0.731706,0.72176,0.78615,0.845259
0.35,0.747967,0.737812,0.846613,0.758432
0.4,0.739836,0.722354,0.908755,0.684153
0.325,0.735771,0.721463,0.984993,0.6214
0.25,0.731706,0.720571,1.072279,0.572985
0.25,0.715447,0.704518,1.156463,0.539821
0.2,0.715447,0.687872,1.245375,0.515627
0.3,0.764226,0.75327,1.325552,0.498189
0.25,0.723578,0.672414,1.406482,0.493064
0.3,0.691058,0.673008,1.489394,0.493
0.4,0.699186,0.69025,1.562335,0.493
0.325,0.650406,0.641201,1.587,0.493
0.25,0.601625,0.592152,1.618169,0.501286
0.35,0.585364,0.577289,1.660233,0.51345
0.4,0.520324,0.497622,1.687275,0.521564
0.45,0.504065,0.498216,1.708183,0.543208
0.45,0.504065,0.482164,1.714,0.571397
0.5,0.430895,0.418549,1.714,0.628222
0.533333,0.406504,0.397543,1.714,0.698026
0.566667,0.382114,0.376536,1.713071,0.775124
0.6,0.357724,0.355529,1.701591,0.879114
0.55,0.357724,0.354935,1.691794,0.987483
0.65,0.341462,0.356124,1.682004,1.1017
0.7,0.341462,0.324614,1.672694,1.217055
0.75,0.341462,0.34126,1.65314,1.337704
0.75,0.308942,0.309156,1.6235,1.435833
0.75,0.284553,0.277051,1.580415,1.540605
0.75,0.243902,0.244946,1.523458,1.649781
0.8,0.235771,0.229489,1.491125,1.760625
0.7,0.19512,0.212247,1.466326,1.855473
0.75,0.186993,0.19679,1.433845,1.928148
0.75,0.19512,0.19679,1.429368,1.979134
0.65,0.1626,0.179548,1.429368,2.062125
0.65,0.135499,0.174197,1.429368,2.114417
0.65,0.108399,0.168847,1.430478,2.154849
0.65,0.081298,0.163496,1.445668,2.195908
0.55,0.09756,0.082045,1.474071,2.225578
0.5,0.11653,0.102854,1.503745,2.245295
0.45,0.135499,0.123662,1.539674,2.254352
0.4,0.154469,0.144471,1.573786,2.254352
0.3,0.178862,0.191439,1.619206,2.254352
0.25,0.1626,0.15874,1.666407,2.253352
0.15,0.284553,0.269917,1.716587,2.241302
0.2,0.284553,0.302616,1.780489,2.207661
0.2,0.317073,0.318668,1.835655,2.169042
0.15,0.382113,0.446492,1.886851,2.121161
0.1,0.349593,0.317479,1.924802,2.072041
0.1,0.406502,0.397741,1.958738,2.01858
0.1,0.447153,0.429845,1.991848,1.958768
0.2,0.463415,0.463139,2.022011,1.889723
0.1,0.552844,0.542212,2.055781,1.811656
0.15,0.552844,0.526754,2.090566,1.721688
0.1,0.536585,0.526159,2.116927,1.645829
0.1,0.552844,0.542212,2.149377,1.550524
0.15,0.593495,0.590963,2.179025,1.449416
0.1,0.634146,0.590369,2.20855,1.354841
0.2,0.544716,0.543401,2.23798,1.261165
0.2,0.577236,0.559453,2.274699,1.167097
0.25,0.617887,0.608205,2.292712,1.0862
0.25,0.609756,0.624257,2.295,1.002975
0.2,0.650407,0.655767,2.295,0.936527
0.2,0.666666,0.655767,2.295,0.889294
0.2,0.723578,0.719976,2.29375,0.84398
0.25,0.699186,0.688466,2.276672,0.811076
0.3,0.699186,0.689061,2.252473,0.773967
0.25,0.715447,0.688466,2.210803,0.735126
0.3,0.723578,0.721165,2.158064,0.699543
0.4,0.756098,0.754459,2.10443,0.670676
0.3,0.772356,0.769322,2.044621,0.652417
0.375,0.780487,0.770214,1.97579,0.627252
0.45,0.788618,0.771106,1.893768,0.612299
0.4,0.747967,0.738407,1.81106,0.602216
0.4,0.723578,0.722354,1.724507,0.597803
0.35,0.723578,0.705707,1.652986,0.597803
0.45,0.691058,0.690844,1.577174,0.597803
0.55,0.666666,0.659929,1.518307,0.601263
0.55,0.666666,0.659929,1.464663,0.612838
0.6,0.601625,0.596314,1.428258,0.624927
0.525,0.577235,0.571344,1.400538,0.640589
0.45,0.552844,0.546373,1.393443,0.655258
0.45,0.504065,0.482164,1.393443,0.678287
0.45,0.504065,0.514269,1.393443,0.710295
0.4,0.471545,0.449465,1.393832,0.747954
0.45,0.422764,0.409929,1.396795,0.782176
0.5,0.373982,0.370392,1.403639,0.847565
0.5,0.308942,0.290131,1.417212,0.921638
0.45,0.276422,0.257432,1.443619,1.008351
0.35,0.22764,0.224138,1.492173,1.096102
0.45,0.19512,0.17717,1.522733,1.184316
0.5,0.19512,0.177765,1.556165,1.280893
0.475,0.174795,0.177467,1.596181,1.377759
0.45,0.154469,0.17717,1.651137,1.48146
0.525,0.166666,0.178062,1.71575,1.565
0.6,0.178862,0.178954,1.783664,1.649266
0.7,0.170731,0.180143,1.832226,1.746318
0.8,0.211382,0.197384,1.848427,1.833297
0.75,0.22764,0.228894,1.853,1.923868
0.85,0.22764,0.246136,1.853,1.996788
0.8,0.284553,0.277646,1.853,2.064644
0.85,0.349593,0.358502,1.851161,2.112009
0.85,0.382113,0.374554,1.807214,2.173904
0.85,0.390244,0.406659,1.741875,2.232
0.8,0.455284,0.454221,1.660069,2.279496
0.85,0.504065,0.502973,1.571087,2.312047
0.85,0.585364,0.583234,1.464504,2.340464
0.8,0.520324,0.534483,1.387312,2.349123
0.8,0.552844,0.550535,1.298663,2.349164
0.8,0.569105,0.566587,1.21,2.349164
0.7,0.617887,0.629608,1.129829,2.349164
0.75,0.609756,0.61415,1.052166,2.327704
0.7,0.626015,0.613555,0.97448,2.291586
0.75,0.699186,0.678359,0.891219,2.239532
0.7,0.617887,0.613555,0.822119,2.17408
0.65,0.747967,0.741379,0.770395,2.112165
0.7,0.756098,0.758026,0.731157,2.043344
0.65,0.743902,0.749405,0.700665,1.95375
0.6,0.731706,0.740785,0.677908,1.884694
0.6,0.829269,0.821046,0.668484,1.782171
0.6,0.804876,0.804994,0.668484,1.680904
0.55,0.829269,0.836504,0.667742,1.574806
0.55,0.845527,0.836504,0.665053,1.462793
0.5,0.764226,0.7717,0.6635,1.369875
0.55,0.764226,0.772295,0.664519,1.273
0.55,0.780487,0.788347,0.667242,1.174542
0.45,0.764226,0.739001,0.668966,1.073798
0.5,0.764226,0.755648,0.670266,0.983805
0.475,0.756096,0.747325,0.673857,0.898692
0.45,0.747967,0.739001,0.693526,0.823258
0.425,0.731707,0.722652,0.725596,0.760544
0.4,0.715447,0.706302,0.769371,0.707302
0.3,0.747967,0.721165,0.831786,0.654016
0.3,0.723578,0.721165,0.908559,0.609049
0.3,0.764226,0.737218,1.001184,0.572331
0.3,0.739836,0.737218,1.095072,0.551088
0.275,0.727642,0.728894,1.165914,0.543152
0.25,0.715447,0.720571,1.260688,0.5323
0.35,0.731706,0.72176,1.351142,0.5249
0.3,0.723578,0.705113,1.442435,0.524
0.3,0.682927,0.673008,1.519359,0.524
0.3,0.650407,0.640904,1.576801,0.524
0.4,0.609756,0.609988,1.632699,0.524871
0.35,0.593495,0.545184,1.669419,0.533165
0.35,0.577236,0.577289,1.677897,0.544377
0.425,0.54878,0.546076,1.677897,0.561548
0.5,0.520324,0.514863,1.677897,0.587335
0.533333,0.493224,0.483155,1.674829,0.628889
0.566667,0.466125,0.451447,1.651958,0.683765
0.6,0.439025,0.419738,1.614414,0.757263
0.65,0.390244,0.388228,1.577528,0.831466
0.65,0.382113,0.372176,1.550228,0.889232
0.75,0.357724,0.34126,1.500768,1.012109
0.75,0.333331,0.34126,1.472507,1.112625
0.8,0.300811,0.293698,1.434054,1.254607
0.8,0.284553,0.293698,1.393375,1.399867
0.75,0.235771,0.244946,1.360398,1.493002
0.7,0.1626,0.180143,1.334111,1.61975
0.7,0.13008,0.131986,1.331446,1.742049
0.7,0.089429,0.083829,1.331446,1.84913
0.65,0.081298,0.099287,1.331446,1.95264
0.55,0.06504,0.065993,1.335768,2.046537
0.475,0.056909,0.065101,1.366295,2.123933
0.4,0.048778,0.064209,1.404683,2.190602
0.35,0.081298,0.079667,1.4585,2.255
0.25,0.138211,0.110583,1.515862,2.305335
0.2,0.146342,0.12604,1.585742,2.338893
0.25,0.19512,0.190844,1.65747,2.341129
0.15,0.243902,0.22176,1.705671,2.341129
0.2,0.260164,0.254459,1.7549,2.341129
0.2,0.300811,0.318668,1.814695,2.33269
0.1,0.333331,0.317479,1.896375,2.315125
0.1,0.398375,0.397741,1.958658,2.289929
0.2,0.439025,0.414982,2.040176,2.228701
0.15,0.439025,0.43044,2.099866,2.165966
0.1,0.512193,0.494055,2.175464,2.079339
0.15,0.528455,0.510702,2.231045,1.993017
0.1,0.544716,0.526159,2.295006,1.891587
0.15,0.569105,0.558859,2.363739,1.778807
0.25,0.601625,0.608205,2.391179,1.673354
0.2,0.642276,0.623662,2.3965,1.528201
0.2,0.617887,0.60761,2.3965,1.419309
0.2,0.674796,0.655767,2.3965,1.301838
0.15,0.723578,0.703329,2.389125,1.25475
0.25,0.715447,0.78478,2.346001,1.155941
0.3,0.682927,0.689061,2.31175,1.058875
0.35,0.699186,0.689655,2.262597,0.960694
0.4,0.731706,0.722354,2.204258,0.87279
0.35,0.796749,0.785969,2.146794,0.80566
0.4,0.813007,0.802616,2.075237,0.736723
0.4,0.788618,0.786564,1.998544,0.685316
0.4,0.813007,0.802616,1.914193,0.655464
0.45,0.804876,0.787158,1.832452,0.624648
0.4,0.796749,0.786564,1.743682,0.597912
0.4,0.796749,0.770511,1.649188,0.586063
0.35,0.780487,0.769917,1.549212,0.574717
0.25,0.747967,0.736623,1.466601,0.573289
0.325,0.715447,0.697384,1.391863,0.572914
0.4,0.682927,0.658145,1.32686,0.572789
0.4,0.634146,0.62604,1.283685,0.573572
0.35,0.544716,0.545184,1.280607,0.574667
0.4,0.536585,0.545779,1.280607,0.576494
0.4,0.504065,0.48157,1.280607,0.587733
0.4,0.504065,0.48157,1.292401,0.608454
0.45,0.430895,0.417955,1.331003,0.649546
0.4,0.406502,0.401308,1.377431,0.699881
0.35,0.341462,0.336504,1.424983,0.756612
0.4,0.325204,0.321046,1.479092,0.825762
0.4,0.243902,0.224732,1.537722,0.911191
0.4,0.252033,0.256837,1.598944,0.998912
0.45,0.19512,0.193222,1.677177,1.106246
0.5,0.178862,0.177765,1.705931,1.21871
0.55,0.19512,0.194411,1.737073,1.328693
0.6,0.146342,0.195006,1.769584,1.384979
0.65,0.146342,0.147444,1.816176,1.497798
0.725,0.170731,0.164388,1.837,1.60425
0.8,0.19512,0.181332,1.837,1.726902
0.8,0.186993,0.197384,1.837,1.828334
0.8,0.276422,0.277646,1.835881,1.904045
0.85,0.292684,0.294293,1.812696,1.996719
0.8,0.300811,0.30975,1.802433,2.063894
0.85,0.357724,0.358502,1.765689,2.14489
0.8,0.398375,0.406064,1.703252,2.224232
0.85,0.406502,0.406659,1.634967,2.287539
0.85,0.463415,0.406659,1.559476,2.333983
0.85,0.406502,0.406659,1.468211,2.369983
0.85,0.430895,0.454816,1.394983,2.373967
0.8,0.504065,0.502378,1.369002,2.373967
0.8,0.520324,0.502378,1.309277,2.373967
0.8,0.479673,0.470273,1.23086,2.363733
0.8,0.479673,0.486326,1.180084,2.354848
0.7,0.560975,0.565398,1.112887,2.247797
0.75,0.617887,0.61415,1.057066,1.975367
0.7,0.634146,0.629608,0.997024,1.716536
0.65,0.609756,0.612961,0.956024,1.657648
0.65,0.650407,0.661118,0.901917,1.597766
0.6,0.699186,0.70868,0.83037,1.555407
0.55,0.747967,0.724138,0.82684,1.542664
0.55,0.747967,0.756243,0.82684,1.542664
0.55,0.788618,0.788347,0.82684,1.538236
0.5,0.804876,0.787753,0.829927,1.51725
0.55,0.764226,0.756243,0.838258,1.514
0.5,0.837396,0.819857,0.852748,1.514
0.5,0.796749,0.755648,0.855231,1.503642
0.5,0.788618,0.7717,0.856,1.474129
0.6,0.796749,0.804994,0.857073,1.448304
0.5,0.764227,0.763674,0.858779,1.394375
0.4,0.731706,0.722354,0.859255,1.285127
0.5,0.747967,0.739596,0.862425,1.155203
0.45,0.739836,0.739001,0.888595,1.057205
0.4,0.731706,0.738407,0.914321,0.971423
0.3,0.699186,0.689061,0.938208,0.888915
0.25,0.650407,0.640309,0.982299,0.834383
0.25,0.674796,0.672414,1.031693,0.68225
0.25,0.674796,0.640309,1.092875,0.608746
0.2,0.634146,0.623662,1.174811,0.587605
0.15,0.634146,0.623068,1.25528,0.570944
0.1,0.626015,0.606421,1.345305,0.552731
0.15,0.593495,0.607015,1.419667,0.542416
0.1,0.512193,0.510107,1.506229,0.536299
0.1,0.536585,0.510107,1.59821,0.536
0.15,0.487804,0.478597,1.689081,0.536
0.2,0.447153,0.447087,1.791141,0.536
0.1,0.398375,0.397741,1.892352,0.54506
0.15,0.382113,0.366231,1.987301,0.58137
0.15,0.333331,0.334126,2.081205,0.6249
0.15,0.300811,0.285969,2.155553,0.673896
0.2,0.268291,0.286564,2.214715,0.738465
0.15,0.260164,0.205707,2.267875,0.819
0.25,0.1626,0.239001,2.322125,0.92
0.25,0.121949,0.110583,2.363326,1.014409
0.3,0.06504,0.046968,2.375681,1.112534
0.4,0.081298,0.080262,2.377364,1.21803
0.433333,0.086719,0.086009,2.37873,1.327155
0.466667,0.09214,0.091756,2.37873,1.447456
0.5,0.09756,0.097503,2.376433,1.540927
0.6,0.09756,0.098692,2.371155,1.67405
0.6,0.09756,0.098692,2.33744,1.798997
0.7,0.13008,0.131986,2.287697,1.915684
0.75,0.19512,0.19679,2.245643,2.023941
0.8,0.203251,0.213436,2.207734,2.11148
0.8,0.252033,0.261593,2.163157,2.187322
0.8,0.300811,0.277646,2.111551,2.250533
0.85,0.341462,0.342449,2.043375,2.315875
0.85,0.308942,0.310345,1.959222,2.365631
0.9,0.414633,0.407253,1.868919,2.406806
0.85,0.422764,0.422711,1.786691,2.425947
0.9,0.422764,0.423306,1.69559,2.438625
0.9,0.471545,0.471463,1.599141,2.448637
0.85,0.479673,0.48692,1.496775,2.46086
0.85,0.504065,0.502973,1.392633,2.46372
0.8,0.504065,0.502378,1.282472,2.46372
0.85,0.552844,0.55113,1.189164,2.46372
0.75,0.601625,0.598098,1.086204,2.45661
0.8,0.585364,0.566587,1.034375,2.447792
0.85,0.650407,0.647444,0.932842,2.421963
0.75,0.666666,0.662307,0.862043,2.387149
0.75,0.699186,0.710464,0.792583,2.333958
0.75,0.682927,0.678359,0.74655,2.280929
0.65,0.666666,0.67717,0.698148,2.213129
0.6,0.747967,0.724732,0.659835,2.140585
0.6,0.804876,0.788942,0.634492,2.043414
0.65,0.764226,0.757432,0.621614,1.943192
0.6,0.772356,0.772889,0.620556,1.844333
0.6,0.769646,0.762188,0.620556,1.730846
0.6,0.766936,0.751486,0.620556,1.612559
0.6,0.764226,0.740785,0.622402,1.494813
0.65,0.756098,0.757432,0.633816,1.3775
0.65,0.739836,0.741379,0.641359,1.266126
0.6,0.715447,0.724732,0.654615,1.168457
0.6,0.666666,0.660523,0.67425,1.075875
0.6,0.609756,0.612366,0.68779,1.030629
0.6,0.585364,0.596314,0.70624,0.991147
0.65,0.585364,0.580856,0.726852,0.988529
0.6,0.552844,0.564209,0.749875,0.988529
0.65,0.504065,0.484542,0.772363,0.988529
0.7,0.487804,0.485137,0.8149,1.015727
0.65,0.422764,0.420333,0.845039,1.048643
0.65,0.439025,0.420333,0.882394,1.105348
0.75,0.341462,0.357313,0.929166,1.179194
0.75,0.357724,0.34126,0.968432,1.244243
0.8,0.300811,0.293698,1.010458,1.320169
0.8,0.276422,0.277646,1.051587,1.399405
0.7,0.219513,0.212247,1.097869,1.474403
0.65,0.211382,0.211653,1.133251,1.554855
0.7,0.211382,0.212247,1.165718,1.635371
0.65,0.154469,0.147444,1.201687,1.714625
0.55,0.113822,0.11415,1.240243,1.796098
0.55,0.089429,0.098098,1.283753,1.884822
0.45,0.146342,0.129013,1.33767,1.967271
0.4,0.13008,0.112366,1.400683,2.034454
0.4,0.19512,0.192628,1.460052,2.094133
0.3,0.170731,0.175386,1.51428,2.135942
0.3,0.22764,0.255648,1.564492,2.173242
0.25,0.211382,0.222949,1.61625,2.187
0.25,0.268291,0.271106,1.673842,2.187
0.2,0.308942,0.310642,1.745892,2.187
0.15,0.349593,0.350178,1.811308,2.181145
0.15,0.349593,0.334126,1.866237,2.153044
0.2,0.414633,0.39893,1.921968,2.114407
0.25,0.422764,0.415577,1.959667,2.068361
0.15,0.495935,0.478597,2.025786,2.007984
0.15,0.487804,0.478597,2.087221,1.936425
0.15,0.512193,0.494649,2.124462,1.861332
0.15,0.569105,0.558859,2.158964,1.780078
0.15,0.585364,0.574911,2.192929,1.67761
0.15,0.593495,0.623068,2.215832,1.591192
0.25,0.593495,0.5761,2.231927,1.526702
0.25,0.626015,0.624257,2.25225,1.422726
0.2,0.642276,0.623662,2.265,1.314603
0.25,0.650407,0.656361,2.265,1.197238
0.3,0.666666,0.656956,2.265,1.083
0.3,0.682927,0.656956,2.257125,0.98675
0.35,0.723578,0.72176,2.233748,0.925328
0.425,0.711382,0.714625,2.201895,0.861306
0.5,0.699186,0.707491,2.155311,0.812961
0.45,0.715447,0.722949,2.084342,0.765687
0.35,0.951218,0.802021,2.009829,0.72443
0.4,0.780487,0.786564,1.939833,0.695503
0.4,0.813007,0.802616,1.867871,0.674926
0.4,0.804876,0.786564,1.7831,0.665548
0.4,0.845527,0.834721,1.69525,0.659795
0.45,0.813007,0.819263,1.6116,0.649983
0.55,0.845527,0.820452,1.545148,0.637609
0.55,0.856367,0.836504,1.47875,0.622625
0.55,0.867207,0.852556,1.415997,0.612053
0.55,0.878047,0.868609,1.363023,0.608196
0.55,0.796749,0.788347,1.321387,0.602307
0.6,0.829269,0.821046,1.286184,0.594061
0.6,0.845527,0.821046,1.252513,0.5925
0.55,0.796749,0.8044,1.218647,0.5925
0.625,0.792684,0.789239,1.177171,0.5925
0.7,0.788618,0.774078,1.135,0.595125
0.65,0.756098,0.757432,1.084,0.604375
0.6,0.682927,0.692628,1.024415,0.617398
0.6,0.699186,0.676576,0.962309,0.635956
0.65,0.707316,0.709275,0.903185,0.662217
0.6,0.674796,0.660523,0.847089,0.705363
0.7,0.666666,0.661712,0.828,0.75
0.75,0.617887,0.61415,0.823806,0.808344
0.8,0.609756,0.614744,0.81625,0.889625
0.85,0.569105,0.567182,0.812983,0.958094
0.85,0.569105,0.583234,0.810392,1.046733
0.85,0.569105,0.583234,0.809473,1.123246
0.85,0.569105,0.567182,0.803965,1.218234
0.85,0.585364,0.567182,0.795424,1.320391
0.9,0.593495,0.599881,0.779373,1.417982
0.85,0.528455,0.535077,0.752238,1.513799
0.85,0.512193,0.519025,0.7049,1.585249
0.85,0.479673,0.470868,0.687433,1.663618
0.85,0.463415,0.470868,0.678263,1.749131
0.85,0.495935,0.470868,0.670601,1.814454
0.75,0.422764,0.437574,0.668452,1.893613
0.7,0.365854,0.453032,0.671163,1.940898
0.8,0.373982,0.357907,0.674625,1.9905
0.75,0.365854,0.373365,0.674625,2.027762
0.7,0.398375,0.372771,0.689277,2.051781
0.65,0.357724,0.356124,0.718496,2.081332
0.6,0.414633,0.419738,0.740003,2.095008
0.525,0.406504,0.394768,0.78311,2.098575
0.45,0.398375,0.369798,0.88337,2.098575
0.35,0.406502,0.416766,0.966904,2.098575
0.4,0.447153,0.401308,1.048607,2.093902
0.35,0.463415,0.480975,1.111125,2.075705
0.3,0.569105,0.576694,1.174787,2.047002
0.25,0.552844,0.527943,1.239815,2.002272
0.35,0.552844,0.561237,1.312675,1.934307
0.3,0.56504,0.568668,1.371596,1.858052
0.25,0.577236,0.5761,1.430779,1.775496
0.25,0.626015,0.624257,1.457821,1.686022
0.15,0.626015,0.607015,1.514571,1.594387
0.15,0.626015,0.607015,1.577284,1.501192
0.15,0.593495,0.590963,1.633368,1.413111
0.2,0.585364,0.575505,1.688571,1.32924
0.1,0.601625,0.574316,1.745219,1.240856
0.2,0.577236,0.559453,1.8068,1.150445
0.2,0.544716,0.543401,1.861275,1.068164
0.1,0.528455,0.526159,1.902125,0.98125
0.05,0.471545,0.461356,1.967856,0.90054
0.15,0.455284,0.462545,2.012205,0.851361
0.2,0.406502,0.39893,2.049318,0.818045
0.15,0.382113,0.366231,2.082119,0.812
0.2,0.357724,0.350773,2.106962,0.812
0.25,0.325204,0.335315,2.136898,0.812
0.15,0.260164,0.253864,2.165375,0.819125
0.25,0.292684,0.287158,2.182831,0.8616
0.25,0.178862,0.190844,2.203064,0.916734
0.3,0.186993,0.175386,2.216232,0.982891
0.2,0.154469,0.142093,2.229612,1.067685
0.25,0.170731,0.15874,2.243873,1.144997
0.35,0.138211,0.127824,2.267674,1.212454
0.4,0.13008,0.096314,2.288147,1.298093
0.4,0.089429,0.096314,2.2909,1.395375
0.45,0.073171,0.080856,2.291,1.503733
0.5,0.081298,0.081451,2.291,1.611925
0.55,0.09756,0.11415,2.290427,1.703884
0.6,0.13008,0.130797,2.288876,1.775412
0.65,0.178862,0.163496,2.270704,1.867491
0.75,0.19512,0.19679,2.240314,1.976628
0.7,0.22764,0.212247,2.202699,2.063402
0.8,0.243902,0.245541,2.160725,2.1426
0.8,0.260164,0.245541,2.139143,2.190454
0.75,0.317073,0.34126,2.104181,2.215729
0.85,0.373982,0.374554,2.0452,2.242131
0.85,0.398375,0.406659,1.983128,2.260281
0.85,0.439025,0.422711,1.909147,2.286066
0.85,0.430895,0.422711,1.833766,2.304072
0.85,0.471545,0.470868,1.757819,2.310904
0.85,0.479673,0.470868,1.665563,2.316069
0.85,0.569105,0.567182,1.558163,2.317867
0.85,0.569105,0.567182,1.458882,2.318602
0.75,0.544716,0.549941,1.358459,2.318602
0.8,0.544716,0.534483,1.282419,2.318602
0.7,0.585364,0.581451,1.187951,2.314679
0.7,0.577236,0.581451,1.096157,2.300456
0.7,0.658535,0.661712,1.00621,2.280528
0.65,0.780487,0.773484,0.915168,2.248112
0.65,0.691058,0.67717,0.849198,2.203516
0.55,0.715447,0.708086,0.795707,2.14802
0.55,0.804876,0.788347,0.751075,2.08888
0.55,0.772356,0.772295,0.707131,2.018933
0.5,0.788618,0.83591,0.672909,1.931435
0.55,0.829269,0.836504,0.670379,1.837526
0.6,0.853658,0.869203,0.670379,1.739691
0.5,0.796749,0.787753,0.670379,1.631503
0.5,0.747967,0.755648,0.679277,1.499792
0.5,0.715447,0.707491,0.707996,1.397048
0.55,0.731706,0.724138,0.713394,1.328954
0.5,0.739836,0.73157,0.722838,1.20681
0.45,0.747967,0.739001,0.735183,1.099258
0.55,0.715447,0.692033,0.755779,0.997132
0.5,0.699186,0.707491,0.787367,0.90978
0.5,0.650407,0.643282,0.827282,0.848178
0.5,0.617887,0.611177,0.882305,0.80541
0.4,0.634146,0.62604,0.922143,0.786164
0.45,0.569105,0.562426,0.957423,0.784
0.5,0.504065,0.498811,1.0185,0.784
0.55,0.455284,0.467301,1.091888,0.784
0.55,0.487804,0.467301,1.159219,0.801232
0.6,0.455284,0.451843,1.207371,0.839565
0.65,0.447153,0.436385,1.234736,0.883815
0.75,0.430895,0.469679,1.246875,0.929275
0.7,0.365854,0.356718,1.253435,0.985338
0.7,0.333331,0.324614,1.264717,1.051821
0.65,0.341462,0.307967,1.271084,1.135192
0.75,0.268291,0.277051,1.273531,1.224125
0.7,0.276422,0.276457,1.273648,1.320696
0.716667,0.243902,0.239199,1.275244,1.424612
0.733333,0.211382,0.201942,1.278,1.515528
0.75,0.178862,0.164685,1.278,1.625033
0.8,0.19512,0.181332,1.279277,1.714793
0.733333,0.17344,0.164487,1.289029,1.806715
0.666667,0.15176,0.147642,1.301089,1.890429
0.6,0.13008,0.130797,1.320763,1.978515
0.5,0.06504,0.065398,1.353035,2.057613
0.4,0.073169,0.064209,1.393851,2.120918
0.3,0.081298,0.06302,1.443725,2.184733
0.35,0.06504,0.079667,1.500328,2.235196
0.3,0.13008,0.111177,1.552669,2.271537
0.266667,0.13008,0.121482,1.599472,2.298365
0.233333,0.13008,0.131788,1.654034,2.313208
0.2,0.13008,0.142093,1.700562,2.313208
0.3,0.268291,0.255648,1.752437,2.313208
0.225,0.280487,0.262782,1.813526,2.312765
0.15,0.292684,0.269917,1.882839,2.297106
0.05,0.373982,0.365042,1.959516,2.249628
0.15,0.390244,0.382283,2.014919,2.202642
0.15,0.398375,0.398335,2.067232,2.151387
0.15,0.463415,0.462545,2.09177,2.125528
0.15,0.512193,0.494649,2.142479,2.067295
0.15,0.528455,0.494649,2.203172,1.985953
0.15,0.536585,0.526754,2.248499,1.906563
0.15,0.528455,0.526754,2.283041,1.820438
0.15,0.536585,0.526754,2.301637,1.716127
0.2,0.569105,0.543401,2.3121,1.625458
0.2,0.626015,0.60761,2.32659,1.509327
0.1,0.642276,0.622473,2.346025,1.412164
0.2,0.634146,0.623662,2.357875,1.321102
0.25,0.666666,0.672414,2.358,1.200125
0.3,0.707316,0.705113,2.358,1.109855
0.2,0.731706,0.736029,2.3565,1.022694
0.2,0.747967,0.719976,2.337173,0.943256
0.25,0.804876,0.800832,2.317768,0.879646
0.35,0.772356,0.769917,2.290744,0.823489
0.45,0.739836,0.739001,2.259888,0.788292
0.45,0.747967,0.787158,2.210913,0.750342
0.466667,0.780487,0.798058,2.136357,0.709578
0.483333,0.813007,0.808958,2.069161,0.681954
0.5,0.845527,0.819857,1.986133,0.653877
0.55,0.813007,0.8044,1.9075,0.63225
0.55,0.829269,0.836504,1.81025,0.612
0.5,0.853658,0.851962,1.711318,0.59414
0.6,0.861789,0.853151,1.612222,0.579827
0.5,0.878047,0.851962,1.507698,0.564035
0.6,0.878047,0.869203,1.41029,0.552475
0.55,0.894309,0.868609,1.319905,0.55
0.5,0.878047,0.851962,1.241875,0.55
0.55,0.861789,0.852556,1.135125,0.55
0.65,0.764226,0.757432,1.045379,0.55
0.55,0.780487,0.756243,0.96944,0.550701
0.55,0.731706,0.724138,0.896006,0.554313
0.65,0.747967,0.725327,0.831669,0.564217
0.55,0.682927,0.675981,0.768311,0.591186
0.6,0.658535,0.660523,0.743953,0.620775
0.6,0.593495,0.596314,0.742578,0.659
0.5,0.585364,0.579073,0.742578,0.683254
0.5,0.552844,0.546968,0.742578,0.73582
0.466667,0.531164,0.525168,0.755852,0.787436
0.433333,0.509484,0.503369,0.781074,0.851777
0.4,0.487804,0.48157,0.792633,0.893411
0.35,0.414633,0.400713,0.835546,0.955428
0.3,0.422764,0.416171,0.895194,1.014742
0.3,0.390244,0.384067,0.970124,1.065076
0.25,0.373982,0.351367,1.041378,1.109187
0.25,0.357724,0.351367,1.112438,1.144977
0.2,0.308942,0.318668,1.198385,1.183417
0.2,0.268291,0.254459,1.308679,1.239374
0.2,0.243902,0.254459,1.346777,1.25625
0.15,0.203251,0.205707,1.465434,1.28411
0.15,0.203251,0.205707,1.54873,1.304138
0.1,0.19512,0.189061,1.663384,1.334852
0.05,0.235771,0.204518,1.771934,1.37477
0.09,0.263413,0.227467,1.869006,1.406544
0.13,0.291055,0.250416,1.95655,1.46621
0.17,0.318698,0.273365,2.038617,1.53024
0.21,0.34634,0.296314,2.078594,1.581003
0.25,0.373982,0.319263,2.124836,1.639898
0.375,0.361787,0.312723,2.138816,1.690449
0.5,0.349593,0.306183,2.159249,1.762656
0.45,0.373982,0.38585,2.171246,1.817737
0.45,0.390244,0.38585,2.171246,1.82916
0.45,0.406502,0.401902,2.171246,1.82916
0.45,0.512193,0.466112,2.171121,1.82916
0.55,0.487804,0.483353,2.155512,1.82916
0.5,0.504065,0.498811,2.130398,1.816326
0.6,0.487804,0.5,2.092186,1.763248
0.6,0.552844,0.532105,2.065625,1.716125
0.6,0.528455,0.548157,2.014377,1.673874
0.6,0.617887,0.612366,1.947617,1.631061
0.6,0.617887,0.596314,1.888677,1.585447
0.65,0.617887,0.612961,1.834236,1.539488
0.65,0.609756,0.612961,1.771598,1.51103
0.65,0.609756,0.564804,1.670485,1.476548
0.7,0.577236,0.565398,1.569245,1.448547
0.7,0.609756,0.581451,1.484036,1.433018
0.7,0.577236,0.565398,1.393759,1.421722
0.75,0.536585,0.533888,1.31784,1.416322
0.75,0.560975,0.549941,1.228278,1.416322
0.8,0.536585,0.534483,1.134516,1.416322
0.8,0.495935,0.502378,1.06925,1.416447
0.75,0.495935,0.501784,1.01825,1.422875
0.8,0.471545,0.406064,0.974375,1.436375
0.85,0.471545,0.470868,0.93861,1.456215
0.8,0.439025,0.454221,0.904283,1.486213
0.85,0.406502,0.422711,0.882439,1.525202
0.9,0.398375,0.407253,0.869764,1.58216
0.9,0.365854,0.391201,0.847688,1.657729
0.8,0.325204,0.325803,0.827422,1.718635
0.9,0.300811,0.294887,0.817106,1.77659
0.85,0.260164,0.246136,0.816475,1.868391
0.75,0.211382,0.212842,0.816475,1.936491
0.75,0.203251,0.228894,0.817981,2.00401
0.7,0.170731,0.212247,0.828375,2.073793
0.8,0.105691,0.117122,0.85265,2.142675
0.7,0.089431,0.099881,0.89357,2.197541
0.6,0.073171,0.08264,0.952399,2.242459
0.5,0.089429,0.097503,1.009895,2.27859
0.45,0.06504,0.064804,1.063109,2.304493
0.35,0.121949,0.111772,1.125331,2.331226
0.3,0.121949,0.111177,1.204196,2.362155
0.25,0.113822,0.126635,1.285485,2.384052
0.175,0.138211,0.149822,1.390373,2.393966
0.1,0.1626,0.173008,1.483125,2.394
0.15,0.22764,0.22176,1.574738,2.394
0.15,0.235771,0.237812,1.638831,2.394
0.15,0.243902,0.237812,1.699733,2.393358
0.2,0.308942,0.318668,1.785996,2.380873
0.1,0.341462,0.349584,1.870573,2.355173
0.2,0.390244,0.39893,1.946875,2.321375
0.15,0.430895,0.43044,2.03085,2.270861
0.15,0.471545,0.478597,2.11575,2.206476
0.1,0.487804,0.478002,2.19475,2.1315
0.1,0.536585,0.526159,2.244504,2.057944
0.2,0.552844,0.543401,2.302452,1.966518
0.2,0.593495,0.575505,2.364221,1.875529
0.25,0.585364,0.592152,2.393676,1.784414
0.25,0.617887,0.608205,2.3965,1.679215
0.25,0.634146,0.624257,2.3965,1.563
0.2,0.658535,0.655767,2.3965,1.456563
0.275,0.686991,0.672711,2.39144,1.353259
0.35,0.715447,0.689655,2.376273,1.27863
0.25,0.707316,0.704518,2.356425,1.192571
0.325,0.756096,0.753567,2.310967,1.103815
0.4,0.804876,0.802616,2.272851,1.019736
0.45,0.837396,0.819263,2.22465,0.939813
0.4,0.780487,0.770511,2.160662,0.887647
0.4,0.772356,0.770511,2.086935,0.839116
0.45,0.788618,0.787158,2.021958,0.791972
0.5,0.813007,0.787753,1.943458,0.743204
0.5,0.829269,0.819857,1.841631,0.689794
0.5,0.829269,0.803805,1.775958,0.651004
0.55,0.813007,0.8044,1.694582,0.62681
0.6,0.788618,0.788942,1.595851,0.616629
0.65,0.813007,0.805589,1.515292,0.61605
0.7,0.780487,0.774078,1.446276,0.61605
0.65,0.756098,0.725327,1.366662,0.61605
0.65,0.723578,0.709275,1.27636,0.616126
0.7,0.723578,0.709869,1.210362,0.617797
0.7,0.682927,0.677765,1.1168,0.629675
0.7,0.674796,0.677765,1.035209,0.649869
0.8,0.626015,0.614744,0.963339,0.68364
0.75,0.585364,0.598098,0.903208,0.727271
0.8,0.601625,0.598692,0.851495,0.777354
0.8,0.585364,0.598692,0.803935,0.831559
0.85,0.593495,0.583234,0.779212,0.886952
0.85,0.577236,0.583234,0.743058,0.968293
0.85,0.569105,0.583234,0.724125,1.0575
0.85,0.536585,0.55113,0.708834,1.152949
0.8,0.520324,0.51843,0.695044,1.254496
0.8,0.536585,0.534483,0.680304,1.35231
0.8,0.504065,0.502378,0.665848,1.438374
0.75,0.471545,0.469679,0.646011,1.543463
0.75,0.430895,0.421522,0.636733,1.628658
0.65,0.406502,0.388228,0.636733,1.722574
0.65,0.406502,0.388228,0.636733,1.789882
0.6,0.439025,0.403686,0.636927,1.85789
0.55,0.504065,0.403092,0.650364,1.906055
0.45,0.504065,0.498216,0.673932,1.92953
0.45,0.487804,0.466112,0.707405,1.93032
0.45,0.536585,0.530321,0.746406,1.93032
0.35,0.504065,0.51308,0.794156,1.93032
0.4,0.552844,0.545779,0.85725,1.92408
0.3,0.520324,0.512485,0.937482,1.888623
0.3,0.544716,0.528537,1.007162,1.846245
0.25,0.577236,0.568074,1.082593,1.785279
0.2,0.609756,0.60761,1.163156,1.702781
0.2,0.650407,0.639715,1.221575,1.635262
0.2,0.585364,0.575505,1.296441,1.552318
0.2,0.593495,0.591558,1.361551,1.479519
0.2,0.609756,0.591558,1.44691,1.390172
0.2,0.617887,0.623662,1.482995,1.300883
0.2,0.634146,0.60761,1.528189,1.22375
0.2,0.626015,0.60761,1.590924,1.125142
0.15,0.609756,0.607015,1.652119,1.040568
0.15,0.593495,0.590963,1.713523,0.960006
0.15,0.552844,0.526754,1.78449,0.878556
0.2,0.520324,0.50327,1.848606,0.813779
0.25,0.487804,0.479786,1.919125,0.757375
0.2,0.479673,0.479191,1.971565,0.723133
0.15,0.430895,0.462545,2.030481,0.708032
0.25,0.394309,0.407551,2.084633,0.708032
0.35,0.357724,0.352556,2.131803,0.708032
0.25,0.308942,0.287158,2.168157,0.710899
0.15,0.292684,0.269917,2.194794,0.744269
0.25,0.243902,0.239001,2.209127,0.788995
0.35,0.203251,0.175981,2.223995,0.834227
0.3,0.186993,0.175386,2.237073,0.897764
0.425,0.150407,0.152794,2.268475,0.974843
0.55,0.113822,0.130202,2.276557,1.057713
0.475,0.121951,0.12931,2.276557,1.145879
0.4,0.13008,0.128419,2.276557,1.263863
0.5,0.178862,0.209869,2.274778,1.375179
0.6,0.170731,0.162901,2.268888,1.482418
0.7,0.178862,0.180143,2.252002,1.605193
0.7,0.211382,0.196195,2.213256,1.726722
0.65,0.219513,0.179548,2.160598,1.838329
0.75,0.256098,0.244946,2.088375,1.938225
0.85,0.292684,0.310345,2.05537,2.018103
0.85,0.341462,0.358502,2.030123,2.08771
0.85,0.390244,0.390606,1.99875,2.13425
0.8,0.455284,0.454221,1.956957,2.173933
0.85,0.463415,0.470868,1.900278,2.208341
0.85,0.463415,0.470868,1.855344,2.218594
0.85,0.520324,0.519025,1.806724,2.220991
0.85,0.520324,0.519025,1.731706,2.221968
0.85,0.569105,0.567182,1.637522,2.221968
0.85,0.552844,0.55113,1.546069,2.221968
0.8,0.569104,0.566587,1.475189,2.219589
0.75,0.585364,0.582045,1.434711,2.191462
0.75,0.682927,0.678359,1.354482,2.186604
0.7,0.707316,0.693817,1.22155,2.1845
0.7,0.723578,0.741974,1.128375,2.160307
0.65,0.764226,0.757432,1.029486,2.092078
0.6,0.731706,0.724732,0.937518,1.882625
0.6,0.747967,0.740785,0.879269,1.797674
0.55,0.804876,0.788347,0.815472,1.760943
0.5,0.796749,0.787753,0.712316,1.728206
0.6,0.829269,0.821046,0.681318,1.652117
0.55,0.788618,0.772295,0.6745,1.56885
0.55,0.796749,0.772295,0.6745,1.521086
0.5,0.813007,0.787753,0.6745,1.4695
0.4,0.780487,0.770511,0.676628,1.414594
0.45,0.715447,0.706897,0.691628,1.379829
0.4,0.747967,0.722354,0.699074,1.327374
0.3,0.756098,0.737218,0.710693,1.263525
0.3,0.691058,0.689061,0.726464,1.14496
0.4,0.691058,0.674197,0.747766,1.048453
0.325,0.650407,0.641201,0.783375,0.940125
0.25,0.609756,0.608205,0.832301,0.844305
0.15,0.650407,0.623068,0.88675,0.775813
0.15,0.634146,0.607015,0.947607,0.71948
0.25,0.617887,0.608205,1.009651,0.675706
0.15,0.617887,0.607015,1.088552,0.635822
0.15,0.609756,0.590963,1.163602,0.607052
0.15,0.609756,0.590963,1.253511,0.592538
0.15,0.544716,0.526754,1.354957,0.592
0.15,0.528455,0.510702,1.444658,0.592
0.15,0.504065,0.510702,1.555125,0.592
0.2,0.463415,0.463139,1.647994,0.594478
0.2,0.447153,0.431034,1.742542,0.597471
0.2,0.398375,0.382878,1.82775,0.604625
0.2,0.373982,0.366825,1.925232,0.624392
0.2,0.317073,0.302616,2.05743,0.652011
0.3,0.292684,0.2717,2.11672,0.678984
0.25,0.300811,0.30321,2.166125,0.72
0.25,0.203251,0.206897,2.200656,0.763311
0.15,0.1626,0.157551,2.218115,0.817643
0.05,0.154469,0.172414,2.221211,0.875502
0.15,0.134146,0.141498,2.221935,0.95305
0.25,0.113822,0.110583,2.22433,1.031296
0.325,0.126016,0.135553,2.233192,1.159167
0.4,0.138211,0.160523,2.233256,1.24701
0.475,0.150406,0.185493,2.233256,1.333366
0.55,0.1626,0.210464,2.233381,1.425519
0.5,0.178862,0.177765,2.263407,1.508039
0.6,0.211382,0.211058,2.3065,1.601959
0.7,0.203251,0.212247,2.3065,1.701675
0.7,0.219513,0.2283,2.3065,1.793773
0.8,0.268291,0.245541,2.304125,1.893092
0.8,0.284553,0.293698,2.260813,2.003284
0.8,0.333331,0.325803,2.230516,2.068634
0.85,0.382113,0.390606,2.199707,2.116854
0.75,0.422764,0.373365,2.14698,2.156915
0.85,0.406502,0.406659,2.016501,2.189602
0.8,0.414633,0.406064,1.966,2.198
0.85,0.398375,0.406659,1.888239,2.198
0.75,0.471545,0.469679,1.817811,2.198
0.75,0.487804,0.469679,1.751,2.1965
0.7,0.471545,0.485137,1.689214,2.190328
0.75,0.504065,0.501784,1.602375,2.17416
0.65,0.512193,0.532699,1.495848,2.132839
0.7,0.560975,0.549346,1.418343,2.130636
0.7,0.674796,0.661712,1.32551,2.129076
0.65,0.642276,0.596908,1.229513,2.126598
0.65,0.691058,0.693222,1.155467,2.118642
0.65,0.682927,0.67717,1.097092,2.089392
0.6,0.682927,0.692628,1.054232,2.060391
0.6,0.764226,0.756837,1.025969,2.041772
0.5,0.796749,0.7717,1.007092,2.024702
0.5,0.780487,0.7717,0.991404,1.988875
0.6,0.804876,0.740785,0.975459,1.91695
0.55,0.813007,0.8044,0.969875,1.832625
0.5,0.699186,0.707491,0.962206,1.737168
0.5,0.715447,0.707491,0.956778,1.640935
0.45,0.731706,0.722949,0.950463,1.533538
0.45,0.731706,0.722949,0.940394,1.441349
0.5,0.715447,0.723543,0.933,1.345172
0.4,0.699186,0.706302,0.933,1.253848
0.45,0.691058,0.674792,0.933,1.161053
0.35,0.691058,0.673603,0.9345,1.081751
0.4,0.626015,0.62604,0.972983,0.997339
0.45,0.601625,0.59453,1.000807,0.87322
0.45,0.585364,0.578478,1.030903,0.811882
0.45,0.585364,0.59453,1.06172,0.772027
0.45,0.504065,0.482164,1.097895,0.736642
0.5,0.479673,0.482759,1.13902,0.728
0.55,0.455284,0.451249,1.211924,0.728
0.6,0.422764,0.419738,1.283883,0.728
0.65,0.422764,0.420333,1.335311,0.732373
0.6,0.430895,0.403686,1.385191,0.759566
0.6,0.325204,0.403686,1.426508,0.789542
0.6,0.349593,0.339477,1.45674,0.831979
0.7,0.284553,0.292509,1.472827,0.894356
0.75,0.300811,0.293103,1.473849,0.976456
0.75,0.22764,0.244946,1.473849,1.07765
0.75,0.211382,0.212842,1.473849,1.187381
0.75,0.186993,0.180737,1.464519,1.291969
0.7,0.170731,0.180143,1.444717,1.398184
0.6,0.1626,0.162901,1.419856,1.516593
0.55,0.211382,0.210464,1.401166,1.623294
0.516667,0.200542,0.199366,1.390973,1.736432
0.483333,0.189702,0.188268,1.390679,1.827094
0.45,0.178862,0.17717,1.390679,1.908375
0.45,0.1626,0.17717,1.390679,1.938
0.35,0.211382,0.192033,1.399989,1.986206
0.35,0.260164,0.24019,1.425288,2.05537
0.35,0.292684,0.272295,1.45558,2.105657
0.4,0.284553,0.288942,1.503128,2.155472
0.275,0.345527,0.343639,1.557028,2.186781
0.15,0.406502,0.398335,1.615959,2.188
0.2,0.414633,0.39893,1.673161,2.188
0.15,0.463413,0.454518,1.746717,2.188
0.1,0.512193,0.510107,1.806897,2.175862
0.1,0.552844,0.542212,1.831296,2.149375
0.15,0.556909,0.550832,1.84931,2.112885
0.2,0.560975,0.559453,1.869462,2.071026
0.15,0.617887,0.623068,1.897814,2.001109
0.2,0.609756,0.60761,1.924812,1.91232
0.1,0.658535,0.638526,1.967375,1.807441
0.2,0.642276,0.639715,1.998591,1.70093
0.25,0.626015,0.640309,2.01375,1.583855
0.15,0.609756,0.607015,2.017273,1.47794
0.2,0.634146,0.60761,2.018,1.35422
0.25,0.601625,0.5761,2.018,1.248312
0.2,0.585364,0.591558,2.0175,1.153453
0.15,0.520324,0.510702,2.01525,1.054045
0.2,0.528455,0.527348,1.997573,0.964766
0.25,0.463415,0.447681,1.981219,0.898558
0.15,0.390244,0.382283,1.975043,0.83076
0.15,0.406502,0.398335,1.975043,0.780956
0.1,0.341462,0.333532,1.975043,0.752125
0.1,0.308942,0.301427,1.976984,0.748355
0.2,0.300813,0.29459,1.995648,0.748355
0.3,0.292684,0.287753,2.012155,0.748355
0.2,0.203251,0.19025,2.049887,0.765405
0.2,0.170731,0.174197,2.085542,0.814437
0.25,0.113822,0.110583,2.124904,0.88445
0.325,0.121952,0.119501,2.1584,0.966879
0.4,0.130082,0.128419,2.199762,1.042469
0.475,0.138212,0.137337,2.224124,1.141503
0.55,0.146342,0.146254,2.245327,1.250359
0.55,0.13008,0.082045,2.259677,1.343425
0.65,0.113822,0.115339,2.264973,1.45442
0.7,0.186993,0.180143,2.265591,1.564842
0.75,0.203251,0.212842,2.265591,1.675122
0.85,0.211382,0.230083,2.263443,1.776284
0.85,0.235771,0.230083,2.255902,1.870367
0.8,0.260164,0.261593,2.228306,1.973488
0.85,0.341462,0.342449,2.191279,2.06247
0.9,0.357724,0.359096,2.146958,2.127792
0.85,0.430895,0.422711,2.093,2.176625
0.85,0.430895,0.422711,2.0275,2.222125
0.9,0.479673,0.487515,1.944479,2.266424
0.9,0.479673,0.471463,1.860196,2.30778
0.85,0.512193,0.519025,1.747349,2.355818
0.8,0.487804,0.486326,1.646261,2.38508
0.8,0.520324,0.51843,1.530505,2.410631
0.8,0.528455,0.51843,1.412722,2.431535
0.75,0.569105,0.549941,1.343082,2.440695
0.75,0.601625,0.598098,1.250519,2.44082
0.7,0.707316,0.581451,1.151607,2.44082
0.7,0.634146,0.64566,1.038,2.43874
0.75,0.691058,0.694411,0.947706,2.413842
0.7,0.715447,0.709869,0.885035,2.376732
0.65,0.731706,0.725327,0.825017,2.327887
0.55,0.813007,0.8044,0.778173,2.277787
0.6,0.772356,0.756837,0.741401,2.222414
0.6,0.813007,0.804994,0.708752,2.140676
0.6,0.829269,0.804994,0.685,2.05625
0.55,0.813007,0.788347,0.671728,1.953098
0.55,0.813007,0.8044,0.670374,1.851019
0.55,0.747967,0.74019,0.669881,1.736699
0.525,0.772358,0.763971,0.668974,1.63349
0.5,0.796749,0.787753,0.668665,1.519898
0.45,0.772356,0.755054,0.669313,1.409016
0.4,0.747967,0.73038,0.66973,1.295108
0.35,0.723578,0.705707,0.670173,1.175528
0.35,0.715447,0.705707,0.6778,1.0719
0.25,0.747967,0.688466,0.692208,0.984936
0.25,0.650407,0.656361,0.719321,0.894207
0.25,0.674796,0.656361,0.754514,0.818336
0.2,0.699186,0.687872,0.802606,0.748868
0.15,0.650407,0.63912,0.863689,0.684017
0.15,0.593495,0.590963,0.939044,0.623738
0.15,0.569105,0.558859,1.017284,0.583782
0.2,0.552844,0.543401,1.110056,0.557569
0.15,0.528455,0.542806,1.211605,0.542007
0.15,0.487804,0.478597,1.305216,0.53097
0.2,0.463415,0.447087,1.397102,0.523691
0.15,0.439025,0.414388,1.502723,0.523
0.1625,0.388212,0.358353,1.614937,0.523
0.175,0.337398,0.302319,1.730295,0.523
0.1875,0.286585,0.246284,1.8325,0.533125
0.2,0.235771,0.19025,1.914335,0.559903
0.25,0.19512,0.255054,1.993638,0.592911
0.2,0.211382,0.238407,2.060245,0.632383
0.15,0.154469,0.141498,2.130075,0.698918
0.05,0.105691,0.140309,2.177372,0.768009
0.175,0.109756,0.117717,2.210623,0.857143
0.3,0.113822,0.095125,2.24125,0.95725
0.35,0.121949,0.127824,2.262795,1.058866
0.4,0.113822,0.112366,2.287412,1.175029
0.525,0.113822,0.113853,2.312694,1.283434
0.65,0.113822,0.115339,2.328036,1.365974
0.7,0.105691,0.131986,2.335424,1.470958
0.7,0.1626,0.196195,2.335424,1.582116
0.8,0.178862,0.181332,2.335424,1.69423
0.85,0.235771,0.230083,2.334049,1.81273
0.85,0.268291,0.27824,2.304935,1.924806
0.85,0.300811,0.310345,2.274475,2.004145
0.9,0.341462,0.343044,2.224279,2.092996
0.9,0.406502,0.407253,2.17144,2.163115
0.85,0.390244,0.374554,2.114631,2.213733
0.85,0.349593,0.358502,2.037407,2.263067
0.9,0.349593,0.359096,1.950141,2.30899
0.9,0.357724,0.375149,1.862333,2.337917
0.9,0.390244,0.375149,1.773587,2.35448
0.85,0.365854,0.358502,1.678213,2.368047
0.8,0.373982,0.37396,1.574432,2.389499
0.8,0.463415,0.454221,1.457391,2.412892
0.75,0.406502,0.40547,1.372131,2.43303
0.7,0.463415,0.469084,1.267245,2.439407
0.675,0.46748,0.468787,1.16697,2.439407
0.65,0.471545,0.46849,1.09059,2.439407
0.55,0.528455,0.547562,1.028615,2.43923
0.55,0.569105,0.579667,0.987169,2.434184
0.55,0.601625,0.579667,0.964228,2.419448
0.55,0.666666,0.675981,0.961,2.389553
0.55,0.650407,0.643876,0.961,2.340476
0.6,0.674796,0.660523,0.961,2.283861
0.6,0.666666,0.660523,0.961443,2.21704
0.5,0.699186,0.699465,0.978168,2.135219
0.4,0.731706,0.738407,0.99764,2.041224
0.5,0.788618,0.7717,1.009016,1.951329
0.45,0.739836,0.739001,1.016767,1.850496
0.5,0.747967,0.723543,1.016896,1.75087
0.45,0.739836,0.739001,1.017139,1.647332
0.4,0.747967,0.738407,1.017981,1.543108
0.35,0.731706,0.705707,1.018981,1.446962
0.35,0.715447,0.705707,1.019,1.395683
0.25,0.699186,0.688466,1.019658,1.295201
0.2,0.715447,0.687872,1.023714,1.184827
0.3,0.699186,0.689061,1.034221,1.077271
0.25,0.699186,0.688466,1.051875,1.0
0.3,0.682927,0.673008,1.081244,0.911
0.3,0.674796,0.673008,1.118869,0.831343
0.2,0.593495,0.60761,1.162389,0.766789
0.15,0.585364,0.590963,1.228618,0.702756
0.2,0.528455,0.543401,1.288178,0.666174
0.25,0.520324,0.511891,1.353078,0.636094
0.3,0.479673,0.48038,1.420129,0.612481
0.4,0.455284,0.449465,1.482273,0.600389
0.4,0.479673,0.48157,1.555,0.599539
0.35,0.398375,0.400713,1.636348,0.599539
0.45,0.308942,0.305589,1.698548,0.599539
0.46,0.286178,0.283234,1.751036,0.6099
0.47,0.263413,0.26088,1.796879,0.633758
0.48,0.240649,0.238526,1.825284,0.667383
0.49,0.217884,0.216171,1.84775,0.718
0.5,0.19512,0.193817,1.864666,0.793692
0.5,0.1626,0.161712,1.89717,0.88475
0.6,0.146342,0.130797,1.912997,0.994527
0.5,0.121949,0.113555,1.928659,1.119843
0.5,0.113822,0.113555,1.932893,1.192778
0.45,0.09756,0.096908,1.938946,1.281399
0.4,0.113822,0.112366,1.94425,1.348125
0.3,0.113822,0.111177,1.946,1.461468
0.25,0.154469,0.15874,1.946,1.581985
0.2,0.186993,0.174197,1.946,1.701792
0.15,0.211382,0.205707,1.947643,1.796554
0.15,0.260164,0.253864,1.952574,1.883172
0.15,0.308942,0.302021,1.954015,1.949384
0.05,0.341462,0.332937,1.954062,2.010852
0.075,0.390244,0.381391,1.955296,2.086841
0.1,0.439025,0.429845,1.964458,2.11514
0.2,0.430895,0.447087,1.969109,2.118727
0.1,0.495935,0.510107,1.986258,2.118727
0.1,0.536585,0.510107,2.026187,2.118727
0.15,0.544716,0.542806,2.055007,2.109794
0.2,0.544716,0.527348,2.094922,2.060442
0.25,0.601625,0.560048,2.124113,2.00418
0.15,0.601625,0.574911,2.184793,1.930227
0.2,0.626015,0.623662,2.284077,1.823996
0.3,0.617887,0.624851,2.331435,1.725225
0.2,0.666666,0.639715,2.363764,1.630306
0.3,0.707316,0.689061,2.37,1.531056
0.3,0.731706,0.721165,2.37,1.434556
0.35,0.715447,0.705707,2.37,1.340818
0.4,0.731706,0.706302,2.368875,1.239843
0.45,0.772356,0.755054,2.3335,1.151625
0.4,0.764226,0.754459,2.267965,1.073565
0.45,0.772356,0.771106,2.205993,0.984536
0.4,0.796749,0.786564,2.164753,0.911064
0.5,0.780487,0.7717,2.110517,0.841167
0.5,0.747967,0.739596,2.034229,0.791845
0.55,0.731706,0.74019,1.958886,0.754962
0.55,0.739836,0.724138,1.874435,0.723572
0.6,0.731706,0.724732,1.797869,0.692093
0.6,0.715447,0.70868,1.7115,0.6655
0.725,0.731707,0.726219,1.619104,0.647007
0.85,0.747967,0.743757,1.540057,0.6325
0.8,0.699187,0.703032,1.454497,0.6325
0.75,0.650407,0.662307,1.366045,0.6325
0.7,0.658535,0.64566,1.289412,0.632875
0.8,0.634146,0.630797,1.249125,0.659
0.85,0.617887,0.615339,1.2106,0.700625
0.8,0.626015,0.614744,1.165203,0.73472
0.85,0.642276,0.631391,1.106113,0.796468
0.85,0.601625,0.599287,1.047383,0.871685
0.85,0.585364,0.583234,0.995594,0.943539
0.85,0.544716,0.535077,0.94272,1.029715
0.85,0.520324,0.535077,0.892271,1.117021
0.8,0.471545,0.534483,0.82762,1.200763
0.85,0.455284,0.454816,0.758509,1.275958
0.85,0.414633,0.406659,0.698018,1.372222
0.9,0.373982,0.375149,0.658208,1.457708
0.9,0.382113,0.391201,0.621371,1.546892
0.85,0.341462,0.342449,0.59755,1.645362
0.9,0.317073,0.310939,0.595,1.735591
0.85,0.252033,0.262188,0.595,1.81981
0.8,0.22764,0.229489,0.595,1.878385
0.75,0.19512,0.180737,0.602113,1.949103
0.75,0.105691,0.116528,0.656454,2.013556
0.75,0.121949,0.13258,0.73186,2.078421
0.7,0.081298,0.067776,0.817205,2.093258
0.575,0.073169,0.06629,0.87611,2.124479
0.45,0.06504,0.064804,0.944829,2.16644
0.4,0.146342,0.144471,1.015256,2.19686
0.35,0.13008,0.127824,1.095557,2.227139
0.35,0.13008,0.127824,1.174768,2.249225
0.25,0.138211,0.134661,1.245006,2.268765
0.15,0.146342,0.141498,1.313015,2.290948
0.25,0.178862,0.174792,1.356881,2.344062
0.25,0.268291,0.239001,1.443715,2.348
0.15,0.292684,0.285969,1.53342,2.348
0.15,0.276422,0.285969,1.614766,2.348
0.2,0.365854,0.366825,1.698386,2.327778
0.1,0.390244,0.381688,1.772261,2.285119
0.1,0.422764,0.46195,1.861055,2.248911
0.1,0.447153,0.494055,1.979319,2.208149
0.2,0.487804,0.463139,2.0495,2.161875
0.2,0.498644,0.484542,2.109256,2.103304
0.2,0.509484,0.505945,2.157461,2.032514
0.2,0.520324,0.527348,2.194854,1.968423
0.25,0.601625,0.608205,2.2246,1.899575
0.3,0.626015,0.624851,2.248303,1.836592
0.2,0.642276,0.639715,2.25175,1.772393
0.25,0.707316,0.704518,2.252,1.681606
0.3,0.717479,0.713139,2.252,1.587125
0.35,0.727642,0.72176,2.250014,1.486125
0.4,0.737805,0.73038,2.245621,1.399348
0.45,0.747967,0.739001,2.221594,1.315204
0.4,0.739836,0.722354,2.198809,1.24784
0.4,0.731706,0.722354,2.174862,1.157853
0.45,0.764226,0.755054,2.139066,1.073984
0.4,0.747967,0.722354,2.097198,0.997802
0.5,0.764226,0.739596,2.044375,0.92625
0.6,0.731706,0.724732,1.985417,0.869278
0.55,0.715447,0.724138,1.939083,0.829273
0.6,0.747967,0.724732,1.881984,0.788121
0.55,0.739836,0.724138,1.823596,0.751705
0.6,0.699186,0.70868,1.763519,0.71092
0.7,0.756098,0.741974,1.691022,0.685337
0.75,0.764226,0.758621,1.601484,0.655444
0.7,0.739836,0.709869,1.531232,0.641
0.7,0.650407,0.661712,1.461684,0.641
0.75,0.682927,0.678359,1.398091,0.641
0.75,0.658535,0.662307,1.352251,0.641184
0.8,0.634146,0.646849,1.305293,0.652944
0.85,0.617887,0.615339,1.248113,0.694382
0.85,0.617887,0.615339,1.191426,0.738587
0.85,0.593495,0.599287,1.139445,0.780725
0.8,0.552844,0.550535,1.080813,0.830779
0.85,0.544716,0.535077,1.00106,0.915075
0.9,0.552844,0.551724,0.9343,1.00188
0.9,0.536585,0.535672,0.868437,1.099464
0.95,0.455284,0.439952,0.804115,1.184883
0.9,0.398375,0.407253,0.735517,1.2826
0.9,0.398375,0.407253,0.681061,1.370528
0.85,0.341462,0.342449,0.631875,1.474875
0.8,0.292684,0.30975,0.600213,1.581542
0.85,0.292684,0.27824,0.595283,1.6801
0.8,0.252033,0.261593,0.595283,1.779416
0.8,0.22764,0.229489,0.595283,1.854268
0.75,0.235771,0.228894,0.599811,1.936563
0.7,0.219513,0.212247,0.622602,2.00189
0.7,0.178862,0.180143,0.657145,2.062323
0.7,0.235771,0.2283,0.709409,2.122142
0.65,0.235771,0.227705,0.772599,2.169222
0.75,0.276422,0.293103,0.8744,2.211316
0.7,0.284553,0.292509,0.943723,2.240762
0.6,0.341462,0.339477,1.016675,2.267659
0.65,0.390244,0.372176,1.106365,2.297565
0.55,0.422764,0.435196,1.186375,2.312
0.6,0.439025,0.435791,1.271125,2.312
0.55,0.495935,0.499405,1.339183,2.312
0.5,0.585364,0.579073,1.400375,2.312
0.6,0.601625,0.596314,1.426874,2.30825
0.55,0.642276,0.643876,1.448835,2.290997
0.55,0.666666,0.659929,1.460875,2.264524
0.5,0.682927,0.691439,1.461,2.227705
0.5,0.747967,0.739596,1.461,2.161547
0.5,0.731706,0.755648,1.461,2.115993
0.45,0.764226,0.755054,1.432512,2.028584
0.5,0.739836,0.723543,1.397283,1.926883
0.5,0.699186,0.691439,1.368188,1.854192
0.45,0.707316,0.690844,1.340423,1.765571
0.5,0.715447,0.707491,1.3134,1.66371
0.4,0.723578,0.722354,1.279411,1.564339
0.35,0.707316,0.705707,1.238734,1.474982
0.25,0.699186,0.688466,1.203451,1.398205
0.2,0.804876,0.784185,1.16989,1.31781
0.3,0.666666,0.656956,1.132731,1.223858
0.3,0.674796,0.640904,1.110549,1.118561
0.25,0.634146,0.624257,1.110424,1.011901
0.15,0.601625,0.607015,1.110424,0.91613
0.2,0.617887,0.60761,1.110424,0.830317
0.2,0.601625,0.60761,1.121939,0.765467
0.1,0.609756,0.590369,1.164,0.707723
0.1,0.609756,0.590369,1.218256,0.660545
0.15,0.552844,0.542806,1.288374,0.624001
0.2,0.536585,0.527348,1.367169,0.59386
0.15,0.471545,0.462545,1.451689,0.576034
0.1,0.422764,0.413793,1.533925,0.568854
0.15,0.406502,0.446492,1.617167,0.566
0.15,0.325204,0.334126,1.69877,0.566
0.175,0.288618,0.286266,1.776492,0.566
0.2,0.252033,0.238407,1.858778,0.568418
0.25,0.203251,0.190844,1.941229,0.590991
0.2,0.178862,0.174197,2.011076,0.624446
0.25,0.089429,0.110583,2.083797,0.673531
0.35,0.105691,0.095719,2.145137,0.720123
0.4,0.089429,0.048157,2.188381,0.762865
0.45,0.081298,0.064804,2.237947,0.833428
0.45,0.146342,0.145065,2.303427,0.927812
0.5,0.13008,0.129608,2.3517,1.027025
0.575,0.1626,0.162604,2.365953,1.135334
0.65,0.19512,0.1956,2.369953,1.232902
0.65,0.203251,0.1956,2.372872,1.355303
0.7,0.243902,0.212247,2.37589,1.475803
0.75,0.252033,0.260999,2.37589,1.523049
0.75,0.333331,0.325208,2.374668,1.648062
0.8,0.373982,0.357907,2.369256,1.761178
0.8,0.373982,0.37396,2.294543,1.891713
0.85,0.463415,0.470868,2.208252,2.031944
0.9,0.479673,0.471463,2.167989,2.101653
0.9,0.422764,0.471463,2.108383,2.146226
0.85,0.479673,0.470868,2.066653,2.187952
0.8,0.414633,0.422117,1.99797,2.200824
0.75,0.439025,0.421522,1.891616,2.200824
0.75,0.471545,0.453627,1.775939,2.200824
0.75,0.528455,0.517836,1.691113,2.183003
0.75,0.536585,0.533888,1.604283,2.086623
0.7,0.536585,0.533294,1.576298,2.065681
0.65,0.560975,0.564804,1.536851,2.023725
0.65,0.609756,0.548751,1.459282,2.01384
0.65,0.634146,0.629013,1.367093,2.012337
0.6,0.650407,0.644471,1.320875,2.012247
0.55,0.699186,0.708086,1.249296,2.012991
0.5,0.764226,0.739596,1.189518,2.014
0.5,0.788618,0.7717,1.1535,2.028
0.5,0.821138,0.851962,1.105185,2.0285
0.4,0.861789,0.850773,1.008133,2.0285
0.425,0.780487,0.778835,0.928485,2.0285
0.45,0.699186,0.706897,0.899151,1.980972
0.5,0.764226,0.755648,0.893851,1.892948
0.5,0.731706,0.723543,0.892413,1.797925
0.45,0.731706,0.706897,0.890856,1.705751
0.4,0.715447,0.706302,0.887548,1.629052
0.3,0.699186,0.673008,0.8875,1.565046
0.4,0.634146,0.642093,0.8875,1.472
0.35,0.642276,0.609394,0.8875,1.392
0.3,0.601625,0.592747,0.896125,1.27049
0.3,0.552844,0.54459,0.922306,1.14408
0.25,0.495935,0.495838,0.953177,1.046799
0.35,0.487804,0.480975,0.987674,0.964241
0.3,0.414633,0.416171,1.027147,0.888774
0.3,0.406502,0.400119,1.07322,0.822845
0.35,0.373982,0.320452,1.140945,0.76175
0.25,0.284553,0.287158,1.215706,0.74825
0.3,0.284553,0.2717,1.276371,0.74825
0.25,0.22764,0.222949,1.357168,0.74825
0.25,0.178862,0.174792,1.425833,0.750193
0.15,0.154469,0.157551,1.485998,0.783554
0.1,0.154469,0.156956,1.56185,0.844284
0.2,0.154469,0.158145,1.640428,0.903644
0.3,0.154469,0.159334,1.711558,0.968704
0.4,0.178862,0.176576,1.77471,1.018048
0.45,0.1626,0.145065,1.804375,1.0615
0.45,0.09756,0.112961,1.8378,1.106014
0.55,0.186993,0.162307,1.884545,1.206974
0.675,0.182927,0.171819,1.934673,1.319157
0.8,0.178862,0.181332,1.996348,1.431267
0.8,0.211382,0.213436,2.054129,1.548504
0.85,0.219513,0.214031,2.094474,1.653137
0.75,0.341462,0.325208,2.141181,1.747667
0.75,0.349593,0.34126,2.152355,1.854464
0.85,0.414633,0.390606,2.152355,1.919875
0.85,0.406502,0.406659,2.152355,1.98125
0.85,0.414633,0.422711,2.149177,2.020495
0.8,0.430895,0.438169,2.113477,2.060519
0.85,0.430895,0.438763,2.04483,2.106731
0.85,0.455284,0.470868,1.979703,2.137222
0.85,0.479673,0.502973,1.899,2.175
0.75,0.471545,0.453627,1.810375,2.202
0.75,0.528455,0.517836,1.717691,2.236852
0.75,0.552844,0.565993,1.603495,2.272353
0.75,0.609756,0.598098,1.496222,2.300256
0.7,0.617887,0.661712,1.397794,2.325298
0.7,0.658535,0.64566,1.293621,2.326665
0.7,0.650407,0.64566,1.18374,2.326665
0.65,0.682927,0.661118,1.086738,2.326665
0.6,0.715447,0.70868,0.995815,2.312522
0.55,0.756098,0.756243,0.916105,2.285333
0.6,0.788618,0.756837,0.872036,2.248204
0.5,0.804876,0.803805,0.838844,2.20099
0.55,0.764226,0.756243,0.805278,2.131382
0.5,0.788618,0.7717,0.794718,2.058146
0.55,0.731706,0.724138,0.794718,1.967125
0.5,0.747967,0.739596,0.794718,1.866422
0.5,0.715447,0.723543,0.798496,1.757645
0.475,0.731707,0.723246,0.808153,1.693049
0.45,0.747967,0.722949,0.813656,1.662895
0.45,0.715447,0.706897,0.81828,1.629661
0.4,0.723578,0.722354,0.828292,1.52361
0.45,0.731706,0.722949,0.831726,1.427
0.45,0.747967,0.739001,0.835252,1.317183
0.35,0.731706,0.72176,0.849829,1.209308
0.4,0.756098,0.754459,0.866858,1.114061
0.4,0.715447,0.722354,0.894477,1.037431
0.5,0.650407,0.659334,0.92762,0.880662
0.4,0.650407,0.642093,0.965598,0.765787
0.45,0.617887,0.610583,1.019558,0.719024
0.55,0.585364,0.595719,1.0775,0.68347
0.5,0.585364,0.579073,1.155141,0.65717
0.5,0.569105,0.579073,1.234018,0.646343
0.575,0.56504,0.571938,1.295467,0.646181
0.65,0.560975,0.564804,1.339463,0.646181
0.6,0.552844,0.564209,1.378011,0.646181
0.7,0.544716,0.549346,1.400496,0.655518
0.7,0.528455,0.501189,1.408136,0.673248
0.7,0.528455,0.517241,1.408136,0.709979
0.75,0.504065,0.517836,1.408136,0.75725
0.8,0.536585,0.534483,1.408136,0.818625
0.8,0.512193,0.51843,1.40345,0.878629
0.85,0.512193,0.519025,1.38729,0.942449
0.85,0.455284,0.454816,1.357963,1.031105
0.8,0.422764,0.438169,1.330595,1.105271
0.9,0.398375,0.407253,1.295498,1.18552
0.9,0.365854,0.359096,1.251529,1.271203
0.85,0.325204,0.326397,1.199625,1.363511
0.8,0.292684,0.277646,1.16848,1.447741
0.85,0.252033,0.262188,1.1057,1.53725
0.85,0.22764,0.246136,1.043741,1.628771
0.8,0.203251,0.197384,0.997821,1.703908
0.75,0.146342,0.148633,0.962344,1.785358
0.75,0.113822,0.116528,0.960575,1.8635
0.65,0.089429,0.083234,0.960575,1.925375
0.6,0.121949,0.066587,0.960575,1.984875
0.5,0.048778,0.049346,1.000807,2.030254
0.45,0.13008,0.048751,1.100148,2.090095
0.4,0.13008,0.128419,1.153232,2.144487
0.35,0.158536,0.151902,1.19796,2.188712
0.3,0.186993,0.175386,1.259737,2.231421
0.25,0.170731,0.15874,1.323961,2.260164
0.15,0.22764,0.205707,1.39825,2.298017
0.2,0.219513,0.222354,1.446133,2.323494
0.2,0.252033,0.254459,1.469628,2.335269
0.2,0.260164,0.254459,1.488083,2.33675
0.2,0.292684,0.270511,1.540848,2.336
0.3,0.268291,0.255648,1.635012,2.336
0.25,0.292684,0.271106,1.722068,2.3315
0.3,0.325204,0.303805,1.801218,2.315946
0.3,0.349593,0.319857,1.880927,2.282793
0.35,0.365854,0.336504,1.950652,2.237118
0.45,0.382113,0.417955,2.003769,2.193321
0.5,0.357724,0.370392,2.06656,2.131721
0.5,0.398375,0.434602,2.102684,2.0781
0.516667,0.422765,0.450852,2.139125,2.000875
0.533333,0.447155,0.467103,2.15482,1.930344
0.55,0.471545,0.483353,2.158377,1.866184
0.6,0.495935,0.419738,2.158377,1.815114
0.65,0.487804,0.500595,2.158377,1.776497
0.65,0.512193,0.516647,2.155495,1.751516
0.65,0.552844,0.548751,2.125782,1.72476
0.7,0.609756,0.613555,2.077473,1.705571
0.75,0.609756,0.630202,2.014101,1.699734
0.75,0.634146,0.630202,1.958125,1.677625
0.7,0.650407,0.64566,1.895404,1.658004
0.75,0.666666,0.662307,1.822038,1.636076
0.7,0.691058,0.677765,1.747764,1.614639
0.75,0.699186,0.694411,1.667061,1.59659
0.65,0.723578,0.709275,1.591331,1.584022
0.633333,0.758809,0.719778,1.509553,1.568692
0.616667,0.794039,0.730281,1.431541,1.5554
0.6,0.829269,0.740785,1.345911,1.552527
0.55,0.813007,0.820452,1.253223,1.551033
0.55,0.853658,0.820452,1.177161,1.548711
0.6,0.739836,0.740785,1.098039,1.539703
0.55,0.764226,0.74019,1.012437,1.522617
0.516667,0.772356,0.745145,0.938887,1.500838
0.483333,0.780487,0.750099,0.897416,1.475942
0.45,0.788618,0.755054,0.858782,1.447245
0.35,0.756098,0.753864,0.815325,1.416906
0.45,0.772356,0.755054,0.792875,1.393122
0.425,0.752031,0.738704,0.75967,1.304973
0.4,0.731706,0.722354,0.751875,1.212295
0.4,0.682927,0.69025,0.751875,1.124811
0.4,0.666666,0.658145,0.751875,1.04336
0.45,0.634146,0.626635,0.758344,0.970516
0.45,0.634146,0.642687,0.787125,0.91375
0.35,0.617887,0.609394,0.855013,0.860384
0.35,0.585364,0.593341,0.90947,0.824068
0.3,0.585364,0.576694,0.952717,0.800152
0.35,0.536585,0.51308,1.019319,0.773496
0.25,0.520324,0.511891,1.092636,0.749981
0.15,0.447153,0.446492,1.171136,0.724731
0.15,0.447153,0.446492,1.242689,0.703317
0.2,0.390244,0.382878,1.318313,0.696383
0.2,0.365854,0.366825,1.367432,0.696383
0.15,0.325204,0.318074,1.398856,0.696383
0.2,0.317073,0.318668,1.457204,0.698929
0.2,0.268291,0.254459,1.519737,0.719638
0.15,0.243902,0.237812,1.586155,0.751492
0.25,0.203251,0.206897,1.654287,0.797258
0.15,0.154469,0.157551,1.717875,0.848625
0.15,0.13008,0.109394,1.774198,0.89894
0.2,0.077235,0.069857,1.839847,0.96157
0.25,0.024389,0.030321,1.90102,1.022798
0.283333,0.032519,0.041419,1.959015,1.076881
0.316667,0.040648,0.052517,2.003703,1.153919
0.35,0.048778,0.063615,2.0425,1.244875
0.4,0.06504,0.064209,2.084169,1.335036
0.45,0.056909,0.064804,2.125083,1.422829
0.525,0.0813,0.089774,2.159154,1.521614
0.6,0.105691,0.114744,2.180085,1.611649
0.675,0.158536,0.163793,2.202791,1.700589
0.75,0.211382,0.212842,2.240613,1.811665
0.75,0.260164,0.244946,2.254424,1.898719
0.85,0.333331,0.326397,2.254424,1.967569
0.85,0.349593,0.342449,2.254424,2.052125
0.85,0.333331,0.342449,2.250379,2.131704
0.85,0.390244,0.374554,2.231923,2.190874
0.9,0.447153,0.45541,2.20628,2.240958
0.9,0.463415,0.45541,2.168696,2.280107
0.85,0.430895,0.438763,2.086073,2.305028
0.85,0.504065,0.502973,1.995532,2.3264
0.85,0.479673,0.48692,1.909813,2.354124
0.9,0.512193,0.535672,1.854909,2.371551
0.8,0.520324,0.51843,1.774727,2.380763
0.85,0.560975,0.55113,1.678747,2.388273
0.8,0.569105,0.566587,1.566235,2.396369
0.8,0.593495,0.614744,1.45742,2.3986
0.75,0.593495,0.582045,1.37587,2.398725
0.75,0.642276,0.646254,1.328431,2.398725
0.75,0.658535,0.662307,1.25075,2.3986
0.65,0.674796,0.661118,1.183729,2.386025
0.65,0.699186,0.693222,1.103559,2.364109
0.7,0.682927,0.693817,1.015535,2.32982
0.65,0.747967,0.741379,0.952593,2.291771
0.6,0.813007,0.788942,0.896111,2.244398
0.6,0.804876,0.804994,0.850125,2.196
0.6,0.796749,0.788942,0.76175,2.133375
0.65,0.845527,0.837693,0.700521,2.057256
0.55,0.764226,0.756243,0.680424,1.97588
0.6,0.747967,0.756837,0.676097,1.894571
0.65,0.747967,0.741379,0.676097,1.803876
0.55,0.764226,0.724138,0.676097,1.709688
0.55,0.764226,0.756243,0.676141,1.615488
0.5,0.747967,0.739596,0.678943,1.521029
0.5,0.772356,0.755648,0.684218,1.430516
0.466667,0.723576,0.712446,0.710333,1.334283
0.433333,0.674795,0.669243,0.739688,1.255726
0.4,0.626015,0.62604,0.747415,1.163973
0.36,0.629267,0.625565,0.749055,1.084319
0.32,0.632519,0.625089,0.750375,1.011427
0.28,0.635772,0.624614,0.757589,0.95226
0.24,0.639024,0.624138,0.771177,0.902932
0.2,0.642276,0.623662,0.806887,0.863493
0.2,0.593495,0.575505,0.853135,0.827359
0.25,0.593495,0.5761,0.876459,0.801088
0.15,0.569105,0.558859,0.938046,0.772063
0.25,0.560975,0.543995,1.026378,0.746555
0.25,0.528455,0.527943,1.119172,0.726063
0.15,0.536585,0.526754,1.219613,0.705813
0.2,0.520324,0.511296,1.305234,0.689773
0.2,0.504065,0.511296,1.406686,0.673525
0.1,0.528455,0.526159,1.465356,0.656163
0.15,0.520324,0.510702,1.548307,0.641495
0.2,0.512193,0.495244,1.64907,0.639
0.15,0.512193,0.494649,1.742518,0.639
0.2,0.569105,0.623662,1.826,0.639
0.2,0.487804,0.479191,1.901505,0.64231
0.3,0.439025,0.448276,1.96572,0.662768
0.3,0.528455,0.512485,2.03024,0.688221
0.35,0.536585,0.51308,2.084988,0.72218
0.4,0.544716,0.513674,2.137557,0.774426
0.5,0.577236,0.579073,2.166212,0.824187
0.5,0.520324,0.514863,2.186758,0.874367
0.5,0.552844,0.514863,2.197,0.915254
0.55,0.552844,0.579667,2.197,0.948704
0.55,0.569105,0.579667,2.197,0.971875
0.5,0.634146,0.675386,2.197,0.992915
0.6,0.650407,0.644471,2.183799,1.01294
0.65,0.650407,0.645065,2.133366,1.032784
0.65,0.699186,0.693222,2.084145,1.049411
0.65,0.658535,0.661118,2.02598,1.070721
0.65,0.682927,0.67717,1.962342,1.094069
0.7,0.634146,0.613555,1.902963,1.110947
0.7,0.650407,0.677765,1.854873,1.130934
0.75,0.626015,0.61415,1.765046,1.158125
0.8,0.642276,0.630797,1.671595,1.173977
0.7,0.617887,0.613555,1.565036,1.19575
0.8,0.593495,0.598692,1.461234,1.212889
0.8,0.626015,0.614744,1.36825,1.224875
0.8,0.569105,0.550535,1.26641,1.236049
0.8,0.552844,0.534483,1.171916,1.247426
0.85,0.528455,0.502973,1.074916,1.265961
0.8,0.487804,0.470273,0.995405,1.276983
0.85,0.447153,0.454816,0.927938,1.299169
0.85,0.398375,0.406659,0.866,1.328347
0.8,0.373982,0.37396,0.82,1.357167
0.8,0.300811,0.30975,0.782875,1.392875
0.8,0.292684,0.30975,0.760008,1.439224
0.75,0.308942,0.309156,0.722079,1.501324
0.8,0.219513,0.213436,0.691046,1.554119
0.75,0.154469,0.164685,0.683682,1.607011
0.75,0.13008,0.13258,0.683682,1.696856
0.7,0.105691,0.115933,0.683682,1.75475
0.575,0.101625,0.114447,0.699796,1.808875
0.45,0.09756,0.112961,0.725125,1.86025
0.35,0.06504,0.063615,0.765,1.91275
0.35,0.121949,0.111772,0.817802,1.958742
0.35,0.09756,0.111772,0.88533,2.004686
0.275,0.11382,0.118906,0.963264,2.048339
0.2,0.13008,0.12604,1.046042,2.094117
0.15,0.19512,0.157551,1.129375,2.13325
0.15,0.203251,0.173603,1.221599,2.172647
0.116667,0.265582,0.237416,1.320094,2.218109
0.083333,0.327913,0.301229,1.425668,2.254974
0.05,0.390244,0.365042,1.532643,2.267334
0.1,0.390244,0.381688,1.626276,2.267334
0.15,0.398375,0.398335,1.723497,2.267334
0.15,0.422764,0.414388,1.817726,2.265927
0.05,0.495935,0.49346,1.89955,2.253374
0.15,0.512193,0.494649,1.967063,2.23872
0.15,0.520324,0.510702,2.032509,2.210283
0.15,0.593495,0.574911,2.097592,2.167861
0.1,0.601625,0.590369,2.155469,2.116809
0.2,0.674796,0.639715,2.206744,2.056256
0.2,0.666666,0.655767,2.26525,1.982739
0.25,0.658535,0.656361,2.323923,1.914827
0.25,0.642276,0.640309,2.362011,1.831328
0.2,0.642276,0.60761,2.39015,1.736847
0.3,0.642276,0.640904,2.411615,1.62189
0.2,0.674796,0.687872,2.412663,1.505309
0.325,0.711382,0.721463,2.412663,1.395135
0.45,0.747967,0.755054,2.412663,1.307623
0.433333,0.756097,0.754855,2.408605,1.223125
0.416667,0.764227,0.754657,2.373125,1.113125
0.4,0.772356,0.754459,2.346582,1.017234
0.4,0.764226,0.754459,2.334769,0.935866
0.5,0.796749,0.7717,2.315465,0.864753
0.4,0.837396,0.850773,2.282837,0.816412
0.45,0.845527,0.851367,2.245452,0.773354
0.55,0.829269,0.8044,2.2025,0.731898
0.45,0.837396,0.819263,2.152864,0.700702
0.55,0.800811,0.796373,2.077947,0.670067
0.65,0.764226,0.773484,2.00169,0.644789
0.6,0.764226,0.756837,1.918396,0.6275
0.65,0.747967,0.741379,1.830956,0.621297
0.7,0.739836,0.725922,1.766067,0.616481
0.65,0.715447,0.725327,1.667436,0.616
0.7,0.715447,0.693817,1.571835,0.616
0.75,0.682927,0.678359,1.471371,0.616
0.75,0.626015,0.61415,1.37633,0.616
0.75,0.609756,0.61415,1.289324,0.616712
0.8,0.593495,0.598692,1.187305,0.624394
0.8,0.585364,0.58264,1.091819,0.640065
0.85,0.577236,0.583234,1.013318,0.662892
0.85,0.569105,0.567182,0.945673,0.694961
0.9,0.560975,0.551724,0.887297,0.737881
0.9,0.520324,0.51962,0.838871,0.783436
0.9,0.495935,0.487515,0.790917,0.842529
0.9,0.455284,0.45541,0.731719,0.929594
0.85,0.471545,0.454816,0.702927,1.01999
0.9,0.414633,0.423306,0.682311,1.116234
0.9,0.357724,0.359096,0.663753,1.218663
0.85,0.325204,0.326397,0.643375,1.342
0.85,0.300811,0.294293,0.628183,1.447819
0.85,0.308942,0.310345,0.617733,1.560307
0.8,0.219513,0.229489,0.617733,1.673789
0.8,0.203251,0.197384,0.617733,1.779776
0.75,0.178862,0.180737,0.617733,1.867283
0.7,0.121951,0.12396,0.623467,1.951869
0.65,0.06504,0.067182,0.638365,2.024559
0.65,0.06504,0.067182,0.654906,2.076656
0.55,0.056909,0.065993,0.6715,2.10975
0.45,0.06504,0.064804,0.700252,2.145513
0.5,0.113822,0.065398,0.745538,2.196218
0.45,0.13008,0.112961,0.812958,2.250137
0.35,0.121951,0.095719,0.881596,2.280851
0.25,0.113822,0.078478,0.968912,2.302961
0.3,0.09756,0.095125,1.059168,2.318211
0.3,0.113822,0.095125,1.157891,2.321618
0.25,0.09756,0.09453,1.246855,2.333864
0.325,0.095527,0.091409,1.341446,2.336906
0.4,0.093495,0.088288,1.441874,2.336906
0.475,0.091462,0.085166,1.533676,2.331642
0.55,0.089429,0.082045,1.642292,2.309278
0.625,0.101625,0.098989,1.735223,2.279591
0.7,0.113822,0.115933,1.821967,2.273505
0.7,0.1626,0.180143,1.891003,2.259014
0.65,0.170731,0.179548,1.961547,2.235069
0.725,0.211382,0.212545,2.013323,2.21523
0.8,0.252033,0.245541,2.05982,2.194139
0.7,0.252033,0.244352,2.095691,2.192381
0.65,0.252033,0.243757,2.09918,2.192381
0.65,0.260164,0.25981,2.09918,2.192381
0.65,0.308942,0.291914,2.09918,2.20702
0.65,0.292684,0.291914,2.098885,2.22643
0.6,0.300811,0.29132,2.083798,2.255955
0.55,0.357724,0.274673,2.054336,2.286477
0.6,0.382113,0.371581,2.003336,2.32116
0.55,0.390244,0.387039,1.95149,2.345721
0.5,0.439025,0.434602,1.893375,2.362875
0.45,0.455284,0.450059,1.82475,2.372698
0.45,0.487804,0.482164,1.744635,2.37293
0.4,0.471545,0.465517,1.680089,2.37293
0.45,0.544716,0.530321,1.616495,2.37293
0.35,0.617887,0.625446,1.584021,2.367143
0.45,0.601625,0.59453,1.554853,2.346408
0.4,0.650407,0.642093,1.53906,2.317842
0.4,0.674796,0.674197,1.53101,2.277518
0.45,0.731706,0.739001,1.53,2.222814
0.45,0.731706,0.706897,1.53,2.154668
0.4,0.747967,0.754459,1.53,2.083754
0.35,0.837396,0.834126,1.530605,2.005649
0.45,0.780487,0.755054,1.533874,1.913616
0.4,0.796749,0.770511,1.547015,1.807675
0.5,0.813007,0.803805,1.554875,1.71503
0.55,0.845527,0.836504,1.557,1.591533
0.6,0.821138,0.821046,1.557,1.490592
0.5,0.813007,0.819857,1.557,1.374063
0.5,0.845527,0.819857,1.556885,1.264631
0.55,0.813007,0.8044,1.552374,1.191418
0.65,0.780487,0.757432,1.545963,1.143873
0.65,0.796749,0.773484,1.53237,1.055968
0.65,0.772356,0.757432,1.480823,0.929437
0.65,0.739836,0.741379,1.434712,0.841397
0.7,0.756098,0.741974,1.393216,0.774015
0.65,0.739836,0.741379,1.359093,0.716646
0.7,0.707316,0.709869,1.311807,0.668571
0.75,0.682927,0.678359,1.260484,0.625201
0.75,0.666666,0.662307,1.2069,0.5955
0.8,0.609756,0.614744,1.136275,0.593
0.8,0.601625,0.598692,1.065196,0.593
0.8,0.601625,0.598692,0.99475,0.593
0.9,0.585364,0.583829,0.936734,0.609972
0.9,0.569105,0.567776,0.872411,0.65146
0.85,0.609756,0.567182,0.825902,0.69622
0.9,0.544716,0.551724,0.772982,0.765847
0.85,0.447153,0.454816,0.729068,0.842026
0.95,0.455284,0.456005,0.691206,0.924813
0.9,0.422764,0.423306,0.657893,1.01593
0.9,0.392953,0.396552,0.628914,1.110554
0.9,0.363142,0.369798,0.610428,1.182712
0.9,0.333331,0.343044,0.591117,1.271645
0.9,0.317073,0.326992,0.574482,1.359952
0.9,0.268291,0.278835,0.557073,1.409162
0.9,0.260164,0.262782,0.55,1.502831
0.85,0.219513,0.214031,0.55,1.615724
0.85,0.203251,0.197979,0.55,1.728062
0.75,0.170731,0.164685,0.551198,1.845487
0.75,0.1626,0.148633,0.564179,1.936894
0.8,0.178862,0.181332,0.575417,1.984528
0.8,0.186993,0.181332,0.601467,2.055696
0.8,0.1626,0.165279,0.640682,2.155761
0.85,0.170731,0.181926,0.695307,2.262636
0.85,0.203251,0.214031,0.761594,2.3195
0.9,0.268291,0.278835,0.832808,2.355047
0.85,0.268291,0.262188,0.907538,2.385755
0.9,0.341462,0.343044,0.99927,2.413306
0.9,0.341462,0.343044,1.069818,2.430508
0.9,0.406502,0.407253,1.157006,2.444642
0.9,0.447153,0.439358,1.237517,2.458125
0.9,0.439025,0.423306,1.310512,2.467745
0.85,0.471545,0.470868,1.377193,2.470563
0.85,0.471545,0.48692,1.43413,2.471681
0.8,0.479673,0.502378,1.452095,2.473225
0.8,0.495935,0.502378,1.452468,2.477756
0.75,0.479673,0.485731,1.452468,2.481964
0.75,0.504065,0.517836,1.452468,2.482
0.75,0.593495,0.582045,1.427492,2.482
0.85,0.634146,0.599287,1.374625,2.482
0.75,0.666666,0.646254,1.317642,2.472214
0.65,0.699186,0.693222,1.254531,2.413056
0.65,0.666666,0.661118,1.225612,2.379516
0.65,0.691058,0.67717,1.155185,2.352557
0.55,0.739836,0.724138,1.086723,2.317178
0.55,0.764226,0.756243,1.025065,2.266717
0.5,0.780487,0.787753,0.982114,2.211831
0.6,0.772356,0.756837,0.95303,2.154254
0.6,0.804876,0.772889,0.931443,2.101526
0.5,0.764226,0.755648,0.915748,2.068828
0.5,0.780487,0.755648,0.853757,2.002683
0.5,0.764226,0.739596,0.832,1.92498
0.5,0.715447,0.707491,0.831744,1.825219
0.4,0.780487,0.770511,0.831,1.737375
0.45,0.764226,0.739001,0.830328,1.684915
0.35,0.731706,0.72176,0.828844,1.662816
0.4,0.747967,0.738407,0.827248,1.634143
0.3,0.699186,0.656956,0.825907,1.618851
0.35,0.691058,0.673603,0.825876,1.587267
0.3,0.682927,0.673008,0.825876,1.513925
0.25,0.674796,0.672414,0.825876,1.408467
0.3,0.674796,0.673008,0.833316,1.320392
0.35,0.682927,0.673603,0.86354,1.244761
0.275,0.650407,0.640606,0.887372,1.1541
0.2,0.617887,0.60761,0.920606,0.97659
0.25,0.593495,0.592152,0.972843,0.898514
0.25,0.593495,0.5761,1.035516,0.736711
0.2,0.528455,0.511296,1.113018,0.702554
0.15,0.512193,0.494649,1.198756,0.672937
0.15,0.455284,0.446492,1.288479,0.645218
0.25,0.447153,0.447681,1.367741,0.627103
0.25,0.430895,0.415577,1.441262,0.607127
0.25,0.471545,0.399524,1.526675,0.594217
0.25,0.471545,0.463734,1.590433,0.593467
0.35,0.447153,0.432818,1.683514,0.593467
0.35,0.430895,0.432818,1.763586,0.593887
0.4,0.439025,0.41736,1.823757,0.611247
0.45,0.439025,0.434007,1.883256,0.634705
0.45,0.471545,0.466112,1.934633,0.668859
0.55,0.504065,0.435196,1.9725,0.7075
0.5,0.504065,0.498811,2.002738,0.74891
0.55,0.569105,0.563615,2.034937,0.807444
0.6,0.544716,0.532105,2.043,0.870541
0.6,0.585364,0.580262,2.043,0.948026
0.6,0.577236,0.580262,2.043,1.013964
0.65,0.536585,0.516647,2.043,1.086656
0.7,0.585364,0.597503,2.039283,1.148287
0.65,0.528455,0.532699,2.006917,1.202689
0.75,0.601625,0.598098,1.96259,1.249015
0.8,0.617887,0.630797,1.902939,1.293108
0.75,0.593495,0.598098,1.83575,1.327875
0.8,0.593495,0.566587,1.763173,1.348972
0.8,0.569105,0.566587,1.677671,1.361938
0.8,0.601625,0.598692,1.593517,1.370151
0.8,0.577236,0.566587,1.483871,1.375164
0.85,0.560975,0.55113,1.401803,1.380042
0.9,0.544716,0.551724,1.329578,1.388875
0.95,0.552844,0.536266,1.254917,1.400104
0.85,0.512193,0.519025,1.190292,1.411604
0.9,0.487804,0.487515,1.13175,1.42575
0.85,0.487804,0.48692,1.072779,1.446164
0.9,0.455284,0.45541,1.021561,1.471215
0.9,0.430895,0.423306,0.962607,1.512848
0.85,0.398375,0.422711,0.915425,1.5559
0.85,0.341462,0.342449,0.90275,1.569125
0.85,0.325204,0.326397,0.864737,1.620258
0.85,0.333331,0.326397,0.82125,1.68575
0.9,0.292684,0.294887,0.780139,1.750799
0.85,0.317073,0.246136,0.738228,1.816023
0.8,0.243902,0.245541,0.702253,1.878942
0.8,0.211382,0.229489,0.685415,1.935637
0.7,0.19512,0.196195,0.685,2.005279
0.7,0.113822,0.131986,0.685,2.061438
0.6,0.146342,0.162901,0.685,2.108606
0.55,0.174796,0.154281,0.705654,2.146395
0.5,0.203251,0.14566,0.736688,2.180274
0.4,0.06504,0.080262,0.77151,2.21075
0.45,0.113822,0.096908,0.827573,2.240968
0.35,0.154469,0.159929,0.867675,2.2687
0.35,0.146342,0.095719,0.93,2.292846
0.3,0.1626,0.175386,0.982898,2.311258
0.2,0.243902,0.222354,1.044944,2.329796
0.2,0.243902,0.254459,1.118375,2.349716
0.15,0.268291,0.269917,1.185383,2.354863
0.2,0.292684,0.286564,1.271162,2.354863
0.2,0.349593,0.334721,1.362949,2.354863
0.15,0.382113,0.366231,1.449552,2.351647
0.15,0.406502,0.414388,1.552737,2.334071
0.1,0.382113,0.381688,1.659097,2.312804
0.15,0.471545,0.478597,1.745331,2.302041
0.2,0.455284,0.463139,1.810918,2.28113
0.2,0.577236,0.495244,1.868776,2.255645
0.2,0.512193,0.495244,1.953975,2.209077
0.2,0.544716,0.527348,2.014335,2.168474
0.15,0.552844,0.542806,2.083125,2.108625
0.15,0.560975,0.558859,2.140235,2.045871
0.2,0.593495,0.591558,2.188352,1.968203
0.2,0.617887,0.60761,2.253911,1.885371
0.25,0.674796,0.672414,2.316753,1.779172
0.25,0.691058,0.672414,2.356179,1.699638
0.35,0.682927,0.673603,2.398252,1.615834
0.3,0.666666,0.673008,2.425097,1.514518
0.3,0.691058,0.673008,2.429,1.413557
0.3,0.691058,0.689061,2.429,1.321242
0.316667,0.715447,0.710662,2.429,1.223911
0.333333,0.739836,0.732263,2.40932,1.138292
0.35,0.764226,0.753864,2.360345,1.063917
0.4,0.747967,0.738407,2.333775,0.992872
0.45,0.735773,0.730975,2.300025,0.93615
0.5,0.723578,0.723543,2.248292,0.884833
0.5,0.715447,0.707491,2.1985,0.84875
0.6,0.674796,0.676576,2.150856,0.816202
0.55,0.642276,0.643876,2.092153,0.785711
0.6,0.666666,0.660523,2.0135,0.756813
0.65,0.674796,0.67717,1.941721,0.728395
0.6,0.650407,0.644471,1.846799,0.702227
0.6,0.658535,0.644471,1.765632,0.685809
0.65,0.634146,0.629013,1.694739,0.670712
0.7,0.593495,0.581451,1.6155,0.657759
0.65,0.569105,0.580856,1.536937,0.656732
0.7,0.560975,0.565398,1.446064,0.656732
0.75,0.504065,0.501784,1.362307,0.656732
0.7,0.512193,0.517241,1.292626,0.660102
0.8,0.487804,0.470273,1.24414,0.691424
0.7,0.439024,0.428954,1.1835,0.7345
0.6,0.390244,0.387634,1.124221,0.791482
0.5875,0.357724,0.35538,1.072713,0.85643
0.575,0.325204,0.323127,1.033375,0.930162
0.5625,0.292684,0.290874,1.010842,1.008571
0.55,0.260164,0.258621,1.003146,1.097688
0.65,0.235771,0.227705,0.980807,1.172934
0.6,0.22764,0.227111,0.956983,1.248729
0.475,0.186991,0.185493,0.95414,1.320974
0.35,0.146342,0.143876,0.95414,1.388375
0.45,0.13008,0.129013,0.95414,1.464234
0.4,0.113822,0.112366,0.963184,1.546354
0.4,0.09756,0.096314,1.00156,1.618773
0.4,0.06504,0.064209,1.038356,1.683002
0.35,0.081298,0.079667,1.082286,1.734577
0.5,0.065038,0.065398,1.143185,1.782526
0.65,0.048778,0.05113,1.18375,1.821
0.633333,0.059618,0.061633,1.258504,1.858305
0.616667,0.070458,0.072136,1.339889,1.893685
0.6,0.081298,0.08264,1.423542,1.931988
0.7,0.09756,0.115933,1.49291,1.959594
0.75,0.19512,0.19679,1.548336,1.988747
0.8,0.178862,0.197384,1.637026,2.026773
0.85,0.203251,0.197979,1.714762,2.071763
0.9,0.211382,0.230678,1.786488,2.121734
0.85,0.268291,0.27824,1.862767,2.15839
0.85,0.333331,0.326397,1.926961,2.186794
0.9,0.373982,0.359096,1.974751,2.214674
0.85,0.341462,0.342449,2.015877,2.241943
0.85,0.390244,0.390606,2.02,2.26914
0.85,0.398375,0.406659,2.02,2.302318
0.85,0.422764,0.438763,2.02,2.329989
0.95,0.447153,0.456005,2.015568,2.34359
0.9,0.487804,0.487515,1.991103,2.354903
0.8,0.463415,0.454221,1.926494,2.38325
0.8,0.471545,0.470273,1.861734,2.394338
0.75,0.463415,0.453627,1.790513,2.404109
0.7,0.577236,0.485137,1.705338,2.410728
0.75,0.609756,0.598098,1.626196,2.4115
0.65,0.617887,0.645065,1.542873,2.4115
0.7,0.634146,0.629608,1.44154,2.4115
0.65,0.650407,0.629013,1.351873,2.407547
0.6,0.682927,0.676576,1.257081,2.349917
0.55,0.682927,0.675981,1.177388,2.326768
0.5,0.764226,0.755648,1.092849,2.313146
0.55,0.764226,0.772295,1.016927,2.280151
0.55,0.796749,0.788347,0.961107,2.242226
0.6,0.764226,0.756837,0.924238,2.209042
0.5,0.764226,0.755648,0.886893,2.164498
0.5,0.780487,0.755648,0.877521,2.114312
0.55,0.739836,0.724138,0.877521,2.081001
0.5,0.756098,0.739596,0.877521,2.036325
0.4,0.731706,0.722354,0.877771,1.943179
0.4,0.739836,0.722354,0.880868,1.849746
0.35,0.727642,0.713734,0.881997,1.747807
0.3,0.715447,0.705113,0.882367,1.641875
0.2,0.723578,0.752081,0.884868,1.548824
0.3,0.682927,0.673008,0.886596,1.512039
0.2,0.674796,0.655767,0.888862,1.461006
0.25,0.650407,0.656361,0.892759,1.337033
0.25,0.666666,0.656361,0.90264,1.216437
0.15,0.658535,0.63912,0.921808,1.107306
0.2,0.609756,0.591558,0.953351,1.010141
0.15,0.593495,0.590963,0.986051,0.941886
0.15,0.552844,0.558859,1.017232,0.894455
0.125,0.512195,0.51843,1.063859,0.751524
0.1,0.471545,0.478002,1.126397,0.633107
0.2,0.414633,0.39893,1.195997,0.597305
0.15,0.390244,0.398335,1.268939,0.581727
0.2,0.373982,0.366825,1.348635,0.561024
0.2,0.325204,0.318668,1.427207,0.547375
0.3,0.308942,0.303805,1.496493,0.5465
0.316667,0.271001,0.261197,1.581025,0.5465
0.333333,0.233061,0.218589,1.652859,0.547375
0.35,0.19512,0.175981,1.745061,0.561879
0.3,0.19512,0.159334,1.822027,0.579788
0.4,0.09756,0.096314,1.894965,0.613748
0.45,0.121949,0.129013,1.95775,0.663125
0.5,0.15176,0.156361,2.005596,0.719494
0.55,0.181571,0.18371,2.045789,0.778857
0.6,0.211382,0.211058,2.081349,0.850469
0.6,0.260164,0.275268,2.120297,0.938766
0.5,0.341462,0.338288,2.147821,1.04762
0.5,0.341462,0.322235,2.156475,1.14925
0.6,0.373982,0.371581,2.163399,1.262982
0.65,0.414633,0.404281,2.163399,1.392018
0.55,0.406502,0.403092,2.163399,1.491809
0.525,0.463413,0.458977,2.161549,1.611208
0.5,0.520324,0.514863,2.150189,1.719904
0.45,0.569105,0.546373,2.128783,1.832876
0.5,0.617887,0.595125,2.090273,1.912469
0.5,0.634146,0.611177,2.053125,1.97975
0.4,0.674796,0.674197,2.015813,2.028407
0.5,0.682927,0.691439,1.973204,2.037129
0.5,0.715447,0.691439,1.927078,2.037129
0.45,0.747967,0.739001,1.881533,2.037129
0.55,0.764226,0.756243,1.840629,2.031083
0.55,0.780487,0.788347,1.785816,1.989486
0.6,0.845527,0.837099,1.730407,1.929452
0.55,0.813007,0.820452,1.675102,1.851404
0.55,0.829269,0.836504,1.62625,1.766
0.6,0.861789,0.853151,1.589833,1.687667
0.6,0.813007,0.821046,1.561684,1.609008
0.6,0.796749,0.804994,1.52558,1.508467
0.65,0.764226,0.757432,1.498213,1.406358
0.65,0.756098,0.709275,1.47305,1.310237
0.65,0.731706,0.725327,1.440992,1.200913
0.75,0.699186,0.662307,1.4015,1.09725
0.75,0.699186,0.678359,1.36915,1.021341
0.75,0.691058,0.678359,1.324539,0.944847
0.75,0.658535,0.662307,1.258509,0.868758
0.8,0.634146,0.638823,1.207734,0.809084
0.85,0.609756,0.615339,1.142751,0.753574
0.8,0.593495,0.598692,1.066934,0.721886
0.9,0.585364,0.599881,0.997811,0.721511
0.95,0.601625,0.584423,0.930625,0.721511
0.85,0.552844,0.583234,0.875484,0.721511
0.85,0.552844,0.55113,0.830137,0.737573
0.85,0.495935,0.48692,0.796207,0.781713
0.9,0.479673,0.471463,0.779625,0.809375
0.9,0.430895,0.45541,0.7368,0.880225
0.9,0.382113,0.391201,0.709111,0.963467
0.9,0.373982,0.375149,0.683791,1.071953
0.85,0.365854,0.358502,0.664664,1.180669
0.85,0.357724,0.358502,0.641055,1.30984
0.85,0.300811,0.310345,0.620595,1.418282
0.8,0.325204,0.325803,0.598374,1.520085
0.75,0.317073,0.325208,0.568537,1.636038
0.75,0.406502,0.389417,0.558984,1.731125
0.675,0.373982,0.364447,0.558984,1.838807
0.6,0.341462,0.339477,0.558984,1.932032
0.55,0.398375,0.403092,0.55959,2.011405
0.45,0.390244,0.401902,0.580105,2.075942
0.45,0.439025,0.434007,0.612946,2.134629
0.35,0.544716,0.529132,0.6525,2.19475
0.4,0.528455,0.513674,0.707672,2.247705
0.35,0.552844,0.561237,0.773375,2.283723
0.3,0.544716,0.54459,0.835253,2.287947
0.25,0.569105,0.592152,0.889217,2.287947
0.2,0.560975,0.623662,0.984981,2.287947
0.3,0.617887,0.608799,1.04952,2.286126
0.25,0.601625,0.592152,1.107925,2.262944
0.2,0.585364,0.575505,1.172347,2.215609
0.2,0.593495,0.591558,1.238331,2.150016
0.2,0.593495,0.591558,1.301526,2.066846
0.15,0.609756,0.590963,1.363035,1.970194
0.25,0.601625,0.592152,1.415284,1.870223
0.15,0.609756,0.590963,1.44325,1.758625
0.2,0.593495,0.575505,1.496781,1.642377
0.15,0.520324,0.526754,1.54782,1.545627
0.15,0.504065,0.510702,1.591856,1.44189
0.25,0.447153,0.447681,1.640901,1.342556
0.15,0.414633,0.414388,1.6985,1.2195
0.15,0.406502,0.398335,1.745906,1.108356
0.15,0.349593,0.366231,1.789255,1.020312
0.15,0.292684,0.334126,1.845412,0.931275
0.2,0.325204,0.318668,1.899346,0.857486
0.3,0.252033,0.255648,1.942944,0.805079
0.25,0.22764,0.206897,1.990038,0.758791
0.3,0.211382,0.143282,2.0364,0.744179
0.3,0.09756,0.079073,2.089798,0.744179
0.25,0.081298,0.09453,2.223703,0.744179
0.325,0.089429,0.095422,2.394104,0.749665
0.4,0.09756,0.096314,2.446391,0.776209
0.5,0.081298,0.081451,2.481902,0.823954
0.5,0.081298,0.097503,2.562875,0.886567
0.5,0.13008,0.097503,2.583824,0.953499
0.575,0.14634,0.138526,2.583824,1.041433
0.65,0.1626,0.179548,2.583824,1.143368
0.75,0.203251,0.228894,2.581247,1.23954
0.7,0.243902,0.308561,2.498887,1.349639
0.775,0.284553,0.317479,2.476375,1.442304
0.85,0.325204,0.326397,2.463448,1.550758
0.85,0.414633,0.326397,2.440124,1.597787
0.8,0.382113,0.390012,2.413314,1.676947
0.75,0.422764,0.469679,2.407722,1.781267
0.825,0.455284,0.478597,2.384273,1.875418
0.9,0.487804,0.487515,2.320191,1.979303
0.9,0.495935,0.503567,2.237261,2.064718
0.85,0.504065,0.502973,2.188366,2.134913
0.8,0.536585,0.534483,2.119346,2.195154
0.85,0.560975,0.55113,2.026912,2.250253
0.8,0.593495,0.58264,1.950625,2.29175
0.75,0.601625,0.61415,1.884517,2.305227
0.8,0.577236,0.566587,1.795865,2.315816
0.75,0.658535,0.630202,1.705544,2.319103
0.7,0.642276,0.629608,1.612878,2.327758
0.7,0.747967,0.741974,1.512313,2.328927
0.6,0.756098,0.740785,1.40002,2.327678
0.65,0.731706,0.709275,1.303888,2.321831
0.6,0.772356,0.740785,1.192754,2.319202
0.6,0.853658,0.821046,1.08931,2.318935
0.6,0.788618,0.772889,0.989259,2.298397
0.5,0.780487,0.787753,0.87783,2.27231
0.45,0.796749,0.787158,0.80875,2.24375
0.55,0.747967,0.74019,0.752875,2.196375
0.5,0.731706,0.739596,0.709875,2.136
0.4,0.764226,0.754459,0.681782,2.063511
0.45,0.796749,0.771106,0.673375,1.966625
0.45,0.796749,0.771106,0.673375,1.866869
0.45,0.780487,0.771106,0.673375,1.775486
0.4,0.731706,0.722354,0.6735,1.671769
0.45,0.731706,0.722949,0.677324,1.560648
0.4,0.723578,0.706302,0.692456,1.447186
0.5,0.699186,0.675386,0.707857,1.32676
0.45,0.642275,0.634661,0.719122,1.217375
0.4,0.585364,0.593936,0.739974,1.123
0.45,0.601625,0.578478,0.762429,1.087007
0.5,0.560975,0.56302,0.78793,1.056659
0.55,0.536585,0.53151,0.825982,1.025785
0.55,0.552844,0.53151,0.861914,1.000125
0.55,0.487804,0.467301,0.916125,0.943283
0.6,0.455284,0.451843,0.965702,0.89293
0.65,0.422764,0.420333,1.037552,0.852321
0.7,0.422764,0.404875,1.102141,0.822345
0.7,0.406502,0.404875,1.151685,0.802151
0.75,0.373982,0.357313,1.185014,0.786612
0.75,0.341462,0.34126,1.205229,0.778379
0.8,0.317073,0.325803,1.221668,0.778379
0.75,0.308942,0.309156,1.246685,0.778379
0.8,0.260164,0.261593,1.265712,0.87774
0.85,0.252033,0.246136,1.280026,1.049829
0.8,0.19512,0.213436,1.284353,1.104353
0.75,0.154469,0.164685,1.303433,1.191383
0.65,0.154469,0.147444,1.314402,1.294337
0.75,0.113822,0.116528,1.314402,1.400875
0.8,0.089429,0.085018,1.314402,1.496615
0.7,0.089429,0.115933,1.314019,1.58414
0.6,0.085364,0.098692,1.306365,1.638395
0.5,0.081298,0.081451,1.291167,1.676165
0.4375,0.105689,0.104786,1.271203,1.722588
0.375,0.13008,0.128121,1.264,1.787389
0.3125,0.154471,0.151457,1.264,1.88057
0.25,0.178862,0.174792,1.264,2.007114
0.2,0.19512,0.19025,1.267,2.0933
0.25,0.203251,0.206897,1.294579,2.158396
0.25,0.292684,0.271106,1.328384,2.221
0.15,0.317073,0.318074,1.354692,2.26698
0.2,0.365854,0.366825,1.41097,2.316174
0.15,0.382113,0.366231,1.467421,2.352074
0.2,0.373982,0.366825,1.534195,2.363958
0.15,0.455284,0.43044,1.608927,2.363958
0.15,0.463415,0.462545,1.686403,2.363958
0.2,0.430895,0.431034,1.769712,2.362469
0.15,0.544716,0.462545,1.836704,2.345466
0.25,0.53252,0.47176,1.904226,2.315516
0.35,0.520324,0.480975,1.965167,2.271833
0.4,0.552844,0.561831,2.031744,2.211344
0.45,0.585364,0.578478,2.092157,2.14154
0.55,0.634146,0.611772,2.144801,2.062206
0.5,0.617887,0.611177,2.198969,1.965202
0.45,0.715447,0.690844,2.226939,1.888443
0.55,0.715447,0.708086,2.255438,1.807156
0.55,0.731706,0.724138,2.264,1.752852
0.6,0.796749,0.788942,2.264,1.658956
0.55,0.813007,0.820452,2.264,1.5669
0.55,0.845527,0.836504,2.258049,1.469726
0.55,0.90244,0.884661,2.228537,1.389588
0.6,0.943091,0.933413,2.181929,1.324438
0.55,0.894309,0.868609,2.129266,1.265973
0.55,0.861789,0.852556,2.067317,1.202744
0.55,0.861789,0.868609,1.989163,1.161065
0.55,0.780487,0.788347,1.896455,1.116609
0.55,0.796749,0.788347,1.776164,1.085091
0.55,0.813007,0.756243,1.670781,1.065156
0.475,0.788616,0.755351,1.59926,1.052019
0.4,0.764226,0.754459,1.545091,1.040607
0.45,0.772356,0.771106,1.459624,1.014646
0.4,0.747967,0.738407,1.332775,0.970596
0.3,0.707316,0.705113,1.224338,0.936554
0.3,0.666666,0.656956,1.110666,0.890836
0.2,0.658535,0.639715,1.013812,0.844375
0.2,0.642276,0.655767,0.936675,0.797669
0.2,0.666666,0.655767,0.836571,0.745569
0.175,0.617885,0.623365,0.79373,0.681476
0.15,0.569105,0.590963,0.79373,0.646099
0.1,0.585364,0.558264,0.79373,0.621671
0.2,0.536585,0.527348,0.799602,0.604959
0.2,0.495935,0.495244,0.82636,0.586344
0.2,0.479673,0.479191,0.889547,0.568158
0.15,0.439025,0.446492,0.982625,0.547375
0.15,0.430895,0.43044,1.089875,0.529375
0.1,0.422764,0.413793,1.180686,0.520838
0.15,0.430895,0.43044,1.269975,0.5161
0.2,0.422764,0.414982,1.377338,0.513
0.25,0.430895,0.431629,1.489549,0.513
0.3,0.447153,0.432224,1.595531,0.513
0.35,0.455284,0.432818,1.707906,0.513375
0.3,0.373982,0.368014,1.820067,0.528437
0.4,0.495935,0.48157,1.909042,0.564913
0.35,0.439025,0.432818,1.980295,0.601111
0.45,0.528455,0.498216,2.055469,0.650719
0.5,0.479673,0.482759,2.121787,0.705351
0.5,0.487804,0.482759,2.191451,0.772101
0.6,0.504065,0.516052,2.253399,0.845882
0.6,0.504065,0.5,2.293697,0.925503
0.6,0.528455,0.548157,2.312491,1.001351
0.6,0.544716,0.532105,2.315934,1.053255
0.7,0.626015,0.64566,2.315934,1.098847
0.7,0.601625,0.597503,2.315934,1.138345
0.7,0.609756,0.597503,2.308258,1.168987
0.75,0.601625,0.598098,2.268075,1.193795
0.75,0.560975,0.549941,2.203056,1.212376
0.8,0.560975,0.550535,2.137569,1.237845
0.8,0.560975,0.566587,2.073457,1.258702
0.85,0.536585,0.535077,2.004301,1.275223
0.85,0.528455,0.535077,1.933389,1.28654
0.85,0.512193,0.502973,1.844715,1.302728
0.85,0.504065,0.502973,1.75233,1.32007
0.9,0.430895,0.439358,1.65765,1.339208
0.9,0.447153,0.439358,1.597563,1.353
0.9,0.373982,0.375149,1.503625,1.378
0.9,0.349593,0.343044,1.444613,1.389539
0.9,0.300811,0.294887,1.343202,1.411136
0.95,0.284553,0.263377,1.181002,1.458353
0.85,0.219513,0.230083,1.083242,1.492843
0.85,0.178862,0.181926,0.981406,1.553331
0.8,0.154469,0.165279,0.89396,1.621595
0.7,0.113822,0.115933,0.840774,1.667955
0.6,0.056909,0.050535,0.780228,1.731991
0.6,0.089429,0.098692,0.741728,1.7971
0.45,0.093495,0.096908,0.739971,1.8695
0.3,0.09756,0.095125,0.739971,1.951463
0.25,0.105691,0.09453,0.739971,2.026365
0.35,0.1626,0.159929,0.754077,2.093388
0.25,0.146342,0.142687,0.777565,2.155843
0.3,0.186993,0.191439,0.808661,2.207892
0.25,0.260164,0.222949,0.854641,2.258683
0.35,0.252033,0.24019,0.920235,2.304625
0.275,0.280487,0.263377,0.992432,2.340314
0.2,0.308942,0.286564,1.069794,2.365587
0.266667,0.330622,0.31411,1.157352,2.378913
0.333333,0.352302,0.341657,1.25178,2.3865
0.4,0.373982,0.369203,1.35925,2.387
0.45,0.390244,0.38585,1.454133,2.387
0.5,0.439025,0.434602,1.56325,2.387
0.4,0.536585,0.529727,1.666835,2.376096
0.5,0.569105,0.546968,1.781203,2.342129
0.55,0.544716,0.547562,1.879106,2.301549
0.55,0.585364,0.563615,1.966045,2.258216
0.65,0.601625,0.596908,2.04001,2.214359
0.6,0.617887,0.596314,2.099725,2.1607
0.6,0.634146,0.612366,2.1405,2.094331
0.65,0.731706,0.725327,2.1415,2.025338
0.65,0.747967,0.741379,2.1415,1.953234
0.65,0.796749,0.773484,2.1415,1.88875
0.65,0.796749,0.757432,2.12777,1.819047
0.65,0.796749,0.789536,2.090422,1.751293
0.55,0.829269,0.820452,2.037706,1.691142
0.5,0.829269,0.819857,1.975796,1.631492
0.55,0.764226,0.756243,1.879863,1.573591
0.55,0.813007,0.8044,1.802125,1.5305
0.5,0.764226,0.7717,1.708463,1.481582
0.5,0.780487,0.7717,1.617706,1.446387
0.45,0.780487,0.771106,1.519193,1.4225
0.5,0.788618,0.755648,1.436156,1.394719
0.425,0.727642,0.706599,1.326618,1.355668
0.35,0.666666,0.657551,1.244355,1.32468
0.4,0.674796,0.674197,1.157763,1.285476
0.35,0.650407,0.657551,1.086681,1.239315
0.4,0.666666,0.658145,1.014448,1.184306
0.325,0.650406,0.649227,0.941452,1.126289
0.25,0.634146,0.640309,0.874401,1.054496
0.2,0.634146,0.623662,0.825,0.983748
0.15,0.585364,0.574911,0.813,0.920267
0.2,0.593495,0.591558,0.813,0.866342
0.2,0.569105,0.543401,0.813,0.815397
0.2,0.520324,0.495244,0.816125,0.765614
0.15,0.487804,0.494649,0.85225,0.715375
0.1,0.447153,0.445898,0.91425,0.668625
0.1,0.430895,0.413793,0.998264,0.631333
0.15,0.463415,0.446492,1.091174,0.611708
0.25,0.455284,0.447681,1.193564,0.597125
0.25,0.504065,0.479786,1.290062,0.58525
0.3,0.504065,0.512485,1.384,0.578542
0.25,0.487804,0.463734,1.48475,0.578389
0.25,0.552844,0.624257,1.596879,0.578389
0.283333,0.547424,0.592549,1.694819,0.578389
0.316667,0.542005,0.56084,1.801528,0.586722
0.35,0.536585,0.529132,1.899172,0.603331
0.45,0.609756,0.610583,1.976441,0.624881
0.45,0.617887,0.610583,2.042608,0.661066
0.5,0.613822,0.603151,2.102739,0.71039
0.55,0.609756,0.595719,2.160058,0.775757
0.6,0.569105,0.580262,2.201958,0.851396
0.55,0.520324,0.53151,2.225443,0.930021
0.6,0.569105,0.564209,2.235219,0.992279
0.65,0.577236,0.548751,2.235219,1.036178
0.7,0.520324,0.517241,2.235219,1.075384
0.65,0.504065,0.484542,2.232234,1.088998
0.7,0.455284,0.43698,2.204052,1.089915
0.7,0.439025,0.453032,2.168516,1.09075
0.75,0.398375,0.389417,2.118,1.09075
0.75,0.382113,0.389417,2.048339,1.087353
0.8,0.308942,0.325803,1.948673,1.068978
0.8,0.325204,0.325803,1.85362,1.060432
0.7,0.268291,0.276457,1.77533,1.060432
0.75,0.211382,0.212842,1.689756,1.060432
0.75,0.203251,0.180737,1.597638,1.061807
0.75,0.186993,0.19679,1.506466,1.080313
0.675,0.134146,0.139715,1.429926,1.107485
0.6,0.081298,0.08264,1.361939,1.148981
0.5,0.03252,0.049346,1.297435,1.210218
0.5,0.03252,0.033294,1.241393,1.287585
0.425,0.040649,0.040428,1.195069,1.377495
0.35,0.048778,0.047562,1.156151,1.487981
0.316667,0.100269,0.100674,1.140532,1.57679
0.283333,0.15176,0.153785,1.14,1.670478
0.25,0.203251,0.206897,1.14,1.771881
0.2,0.243902,0.222354,1.14,1.863452
0.175,0.276422,0.262188,1.156352,1.965354
0.15,0.308942,0.302021,1.200511,2.051509
0.2,0.333331,0.334721,1.254943,2.125389
0.15,0.382113,0.366231,1.321813,2.196923
0.2,0.390244,0.39893,1.379897,2.247797
0.15,0.422764,0.414388,1.453963,2.291744
0.2,0.512193,0.479191,1.530459,2.324856
0.15,0.536585,0.494649,1.605266,2.33
0.2,0.577236,0.575505,1.706458,2.33
0.15,0.634146,0.655172,1.798875,2.33
0.2,0.634146,0.623662,1.880142,2.320295
0.2,0.682927,0.655767,1.9636,2.28255
0.25,0.642276,0.624257,2.0365,2.238375
0.3,0.674796,0.673008,2.110889,2.178438
0.3,0.707316,0.689061,2.173904,2.109769
0.3,0.715447,0.721165,2.224508,2.037438
0.25,0.845527,0.816885,2.272033,1.946856
0.3,0.780487,0.75327,2.298903,1.870065
0.3,0.756098,0.737218,2.321824,1.783357
0.4,0.784553,0.762485,2.345125,1.675564
0.5,0.813007,0.787753,2.347,1.5695
0.45,0.829269,0.80321,2.347,1.475625
0.5,0.829269,0.819857,2.347,1.37608
0.5,0.796749,0.803805,2.342668,1.260921
0.55,0.796749,0.8044,2.320813,1.153682
0.5,0.796749,0.787753,2.276888,1.028551
0.5,0.764226,0.739596,2.234002,0.920644
0.5,0.731706,0.755648,2.179692,0.831752
0.5,0.650407,0.659334,2.127495,0.74684
0.55,0.634146,0.643876,2.076843,0.679433
0.525,0.601625,0.603448,2.007339,0.621678
0.5,0.569105,0.56302,1.91495,0.577907
0.55,0.560975,0.563615,1.809826,0.541839
0.45,0.51626,0.514269,1.71452,0.521133
0.35,0.471545,0.464923,1.61594,0.509875
0.4,0.463415,0.41736,1.518013,0.5095
0.35,0.406502,0.384661,1.425508,0.5095
0.3,0.373982,0.384067,1.305797,0.5095
0.25,0.382113,0.36742,1.212583,0.520083
0.35,0.317073,0.320452,1.134625,0.541625
0.25,0.317073,0.287158,1.077797,0.568947
0.25,0.260164,0.255054,1.049613,0.610194
0.3,0.219513,0.255648,1.045875,0.639951
0.275,0.174796,0.199168,1.044,0.681865
0.25,0.13008,0.142687,1.044,0.887824
0.3,0.121949,0.111177,1.044,0.952
0.35,0.13008,0.127824,1.053637,0.963167
0.45,0.073171,0.112961,1.119264,1.03602
0.35,0.081298,0.095719,1.202562,1.11175
0.4,0.13008,0.128419,1.295287,1.197981
0.4,0.146342,0.128419,1.381419,1.272937
0.35,0.203251,0.224138,1.450937,1.319395
0.425,0.211382,0.217004,1.525995,1.385361
0.5,0.219513,0.209869,1.601412,1.42897
0.625,0.264227,0.283591,1.687644,1.456555
0.75,0.308942,0.357313,1.756561,1.484197
0.75,0.284553,0.293103,1.860613,1.522536
0.75,0.398375,0.40547,1.943625,1.547
0.8,0.406502,0.422117,2.009473,1.608996
0.8,0.439025,0.422117,2.076981,1.682635
0.85,0.487804,0.48692,2.135331,1.778861
0.85,0.495935,0.502973,2.166342,1.86552
0.85,0.504065,0.519025,2.1865,1.930538
0.8,0.520324,0.51843,2.188,2.019732
0.85,0.536585,0.535077,2.188,2.070867
0.8,0.560975,0.566587,2.188,2.106586
0.75,0.544716,0.549941,2.171792,2.1265
0.7,0.552844,0.565398,2.121458,2.13
0.7,0.585364,0.597503,2.054237,2.13
0.65,0.593495,0.596908,1.990818,2.13
0.65,0.601625,0.612961,1.899704,2.127092
0.6,0.666666,0.660523,1.795954,2.117369
0.5,0.650407,0.643282,1.713361,2.116777
0.55,0.626015,0.627824,1.653595,2.114585
0.55,0.634146,0.627824,1.525791,2.111131
0.5,0.682927,0.691439,1.402794,2.10627
0.5,0.699186,0.675386,1.279121,2.104334
0.55,0.658535,0.659929,1.174496,2.103086
0.5,0.682927,0.659334,1.076375,2.08825
0.5,0.628726,0.616528,0.994446,2.063472
0.5,0.574525,0.573722,0.927379,2.032987
0.5,0.520324,0.530916,0.819695,1.990132
0.45,0.504065,0.514269,0.789728,1.939487
0.45,0.504065,0.498216,0.78755,1.875447
0.4,0.495935,0.497622,0.78755,1.80375
0.383333,0.466124,0.465319,0.78755,1.718167
0.366667,0.436313,0.433016,0.796012,1.629246
0.35,0.406502,0.400713,0.820763,1.547434
0.3,0.382113,0.384067,0.850531,1.501838
0.2,0.390244,0.382878,0.865086,1.478776
0.2,0.382113,0.382878,0.884037,1.459992
0.15,0.373982,0.350178,0.917917,1.435192
0.1,0.341462,0.333532,0.964679,1.419142
0.166667,0.311652,0.30757,1.026167,1.365142
0.233333,0.281842,0.281609,1.0785,1.32325
0.3,0.252033,0.255648,1.1237,1.312999
0.3,0.260164,0.255648,1.19397,1.303697
0.3,0.186993,0.175386,1.285875,1.298531
0.3,0.178862,0.175386,1.390029,1.29518
0.35,0.146342,0.127824,1.469849,1.256331
0.4,0.178862,0.176576,1.553662,1.236077
0.45,0.219513,0.161118,1.635561,1.236077
0.5,0.252033,0.193817,1.692845,1.236077
0.55,0.219513,0.226516,1.760811,1.264553
0.5,0.276422,0.209869,1.845315,1.301739
0.65,0.288616,0.251784,1.925925,1.315384
0.8,0.300811,0.293698,2.004389,1.333763
0.85,0.317073,0.310345,2.05676,1.354463
0.85,0.373982,0.406659,2.119031,1.384917
0.8,0.398375,0.357907,2.169993,1.421884
0.8,0.439025,0.422117,2.218429,1.478517
0.85,0.512193,0.502973,2.222,1.519379
0.85,0.487804,0.502973,2.222,1.5732
0.85,0.520324,0.519025,2.222,1.651485
0.9,0.577236,0.583829,2.201336,1.73631
0.8,0.536585,0.534483,2.174125,1.804625
0.75,0.601625,0.598098,2.132051,1.869984
0.75,0.601625,0.61415,2.080954,1.928975
0.75,0.642276,0.646254,2.004152,1.979402
0.75,0.707316,0.694411,1.933235,2.021099
0.7,0.707316,0.693817,1.909704,2.03478
0.65,0.674796,0.661118,1.827268,2.07524
0.7,0.739836,0.741974,1.730695,2.104334
0.6,0.731706,0.724732,1.657481,2.135277
0.55,0.739836,0.724138,1.575989,2.156082
0.5,0.756098,0.755648,1.446177,2.185898
0.5,0.821138,0.787753,1.349887,2.190839
0.5,0.829269,0.803805,1.243796,2.190839
0.55,0.796749,0.788347,1.137564,2.190839
0.5,0.796749,0.787753,1.033782,2.189379
0.45,0.747967,0.739001,0.964531,2.160753
0.45,0.723578,0.706897,0.8695,2.10325
0.45,0.682927,0.674792,0.782171,2.041378
0.45,0.699186,0.690844,0.751964,1.973975
0.35,0.682927,0.673603,0.725518,1.885281
0.3,0.691058,0.673008,0.720972,1.782278
0.3,0.634146,0.624851,0.720972,1.680981
0.3,0.617887,0.608799,0.720972,1.582849
0.2,0.609756,0.591558,0.722945,1.513183
0.2,0.601625,0.60761,0.734893,1.413356
0.25,0.634146,0.608205,0.763598,1.304215
0.15,0.609756,0.590963,0.776923,1.211418
0.15,0.585364,0.574911,0.794382,1.136959
0.1,0.601625,0.590369,0.822273,1.048629
0.15,0.585364,0.574911,0.86382,0.970942
0.175,0.577235,0.567182,0.92025,0.893332
0.2,0.569105,0.559453,1.006625,0.8065
0.275,0.577235,0.568371,1.066666,0.750397
0.35,0.585364,0.577289,1.112636,0.715345
0.35,0.536585,0.529132,1.188147,0.68131
0.383333,0.552845,0.556282,1.263458,0.652593
0.416667,0.569104,0.583432,1.372397,0.62555
0.45,0.585364,0.610583,1.470125,0.619375
0.4,0.666666,0.609988,1.58225,0.617875
0.5,0.650407,0.675386,1.690383,0.6175
0.55,0.634146,0.595719,1.796064,0.6175
0.575,0.642276,0.620095,1.886646,0.6175
0.6,0.650407,0.644471,1.972851,0.621203
0.7,0.650407,0.693817,2.047878,0.633981
0.7,0.691058,0.693817,2.102113,0.6504
0.7,0.699186,0.693817,2.118167,0.666012
0.65,0.715447,0.693222,2.118167,0.683334
0.75,0.666666,0.678359,2.118167,0.699085
0.7,0.601625,0.597503,2.117559,0.727307
0.8,0.601625,0.598692,2.101326,0.760604
0.8,0.601625,0.598692,2.057258,0.790444
0.8,0.585364,0.598692,1.995048,0.824984
0.85,0.593495,0.583234,1.917404,0.860287
0.9,0.585364,0.567776,1.835627,0.891353
0.9,0.560975,0.567776,1.748702,0.916439
0.9,0.504065,0.51962,1.660823,0.967298
0.85,0.495935,0.48692,1.578577,1.095261
0.9,0.487804,0.503567,1.495571,1.214802
0.9,0.414633,0.423306,1.402692,1.242758
0.85,0.349593,0.374554,1.285754,1.274168
0.9,0.317073,0.326992,1.186192,1.310062
0.9,0.341462,0.326992,1.063763,1.368861
0.85,0.243902,0.262188,0.968462,1.400049
0.85,0.260164,0.246136,0.887495,1.441212
0.8,0.178862,0.197384,0.813233,1.480533
0.7,0.170731,0.16409,0.745136,1.509786
0.7,0.113822,0.115933,0.69553,1.534121
0.6,0.06504,0.08264,0.661372,1.594758
0.55,0.081298,0.082045,0.634942,1.687575
0.45,0.108399,0.10761,0.634567,1.766557
0.35,0.135499,0.133175,0.634567,1.846673
0.25,0.1626,0.15874,0.634675,1.941957
0.2,0.170731,0.174197,0.649637,1.992933
0.1,0.203251,0.156956,0.678576,2.05912
0.15,0.211382,0.22176,0.72316,2.119986
0.2,0.22764,0.238407,0.761575,2.171959
0.2,0.276422,0.270511,0.826171,2.218951
0.2,0.268291,0.270511,0.900452,2.252635
0.15,0.300811,0.302021,0.993111,2.276613
0.25,0.300811,0.30321,1.075006,2.296002
0.25,0.365854,0.287158,1.164258,2.307639
0.2,0.390244,0.414982,1.25775,2.312
0.2,0.422764,0.366825,1.367274,2.312
0.3,0.410569,0.384067,1.454138,2.312
0.4,0.398375,0.401308,1.537222,2.312
0.45,0.373982,0.369798,1.648934,2.297331
0.45,0.406502,0.401902,1.73955,2.25695
0.45,0.422764,0.434007,1.812156,2.220514
0.5,0.439025,0.418549,1.913583,2.166145
0.45,0.487804,0.498216,1.995012,2.115519
0.55,0.504064,0.507432,2.076526,2.049132
0.65,0.520324,0.516647,2.133864,1.984344
0.7,0.520324,0.517241,2.1845,1.90425
0.7,0.593495,0.581451,2.208811,1.840815
0.7,0.585364,0.581451,2.209669,1.784576
0.7,0.601625,0.613555,2.209669,1.720947
0.65,0.674796,0.67717,2.209669,1.668898
0.65,0.699186,0.693222,2.197121,1.611673
0.65,0.699186,0.693222,2.16187,1.562068
0.65,0.707316,0.709275,2.124184,1.504531
0.65,0.747967,0.741379,2.072813,1.46975
0.6,0.747967,0.724732,2.021789,1.459441
0.6,0.747967,0.740785,1.955242,1.453705
0.6,0.747967,0.740785,1.891322,1.453705
0.55,0.731706,0.724138,1.80473,1.453705
0.6,0.723578,0.70868,1.70948,1.455866
0.55,0.764226,0.724138,1.604813,1.467696
0.5,0.764226,0.7717,1.491226,1.49717
0.5,0.764226,0.739596,1.383216,1.506311
0.5,0.715447,0.707491,1.282229,1.5065
0.45,0.715447,0.706897,1.191306,1.5065
0.35,0.731706,0.705707,1.10876,1.506375
0.25,0.658535,0.640309,0.991867,1.495408
0.25,0.626015,0.624257,0.931713,1.460875
0.3,0.666666,0.656956,0.885113,1.419338
0.25,0.617887,0.608205,0.848309,1.365327
0.25,0.609756,0.592152,0.820215,1.298097
0.2,0.577236,0.575505,0.813192,1.23278
0.2,0.560975,0.575505,0.813008,1.192274
0.2,0.544716,0.527348,0.813008,1.115853
0.15,0.487804,0.494649,0.813008,1.057821
0.15,0.520324,0.510702,0.821931,0.999035
0.2,0.414633,0.414982,0.849182,0.936803
0.25,0.406502,0.399524,0.881181,0.875916
0.2,0.341462,0.334721,0.924601,0.825682
0.15,0.333331,0.350178,0.987412,0.770773
0.25,0.317073,0.30321,1.057922,0.734049
0.25,0.243902,0.239001,1.152375,0.70975
0.3,0.186993,0.191439,1.25125,0.686
0.4,0.170731,0.176576,1.351245,0.664337
0.3,0.138211,0.127229,1.46466,0.635564
0.4,0.113822,0.128419,1.572732,0.635189
0.3,0.154469,0.143282,1.687358,0.635189
0.3,0.211382,0.207491,1.789,0.635189
0.3,0.186993,0.191439,1.874708,0.647708
0.3,0.243902,0.223543,1.950949,0.666075
0.25,0.276422,0.255054,2.017775,0.697509
0.35,0.308942,0.320452,2.072808,0.741373
0.4,0.357724,0.353151,2.114221,0.814392
0.3,0.373982,0.384067,2.145783,0.905274
0.25,0.422764,0.415577,2.170075,1.004745
0.35,0.455284,0.44887,2.183177,1.110479
0.3,0.479673,0.464328,2.202373,1.21163
0.35,0.479673,0.51308,2.206977,1.322406
0.35,0.585364,0.577289,2.210708,1.449082
0.35,0.577236,0.577289,2.219709,1.558894
0.35,0.658535,0.657551,2.22114,1.667825
0.4,0.658535,0.642093,2.22114,1.75744
0.3,0.699186,0.689061,2.22114,1.836
0.4,0.731706,0.722354,2.220195,1.91
0.45,0.707316,0.706897,2.210691,1.954
0.55,0.796749,0.788347,2.18925,1.954
0.5,0.715447,0.707491,2.173496,1.954
0.6,0.764226,0.772889,2.125798,1.952901
0.55,0.747967,0.74019,2.086799,1.914932
0.55,0.739836,0.724138,2.027504,1.833986
0.6,0.731706,0.724732,1.971087,1.758103
0.6,0.682927,0.692628,1.930164,1.678002
0.6,0.699186,0.692628,1.905526,1.557196
0.65,0.666666,0.661118,1.88246,1.443064
0.75,0.642276,0.630202,1.8485,1.327
0.8,0.609756,0.598692,1.816293,1.235133
0.75,0.593495,0.598098,1.78124,1.142146
0.75,0.585364,0.598098,1.73906,1.074984
0.75,0.593495,0.582045,1.693875,0.991375
0.8,0.552844,0.598692,1.6305,0.91525
0.8,0.504065,0.502378,1.55492,0.85333
0.8,0.463415,0.470273,1.472125,0.80875
0.85,0.447153,0.438763,1.398896,0.791831
0.8,0.430895,0.438169,1.343119,0.791831
0.9,0.373982,0.375149,1.278828,0.791831
0.9,0.390244,0.375149,1.190833,0.792206
0.9,0.292684,0.278835,1.113472,0.817518
0.85,0.260164,0.262188,1.046734,0.87813
0.9,0.252033,0.24673,0.993984,0.952508
0.8,0.186993,0.181332,0.951888,1.02933
0.9,0.178862,0.182521,0.910675,1.11937
0.75,0.13008,0.124554,0.867268,1.217287
0.6,0.081298,0.066587,0.815702,1.319847
0.6,0.06504,0.066587,0.792327,1.416222
0.425,0.089431,0.096611,0.777875,1.515304
0.25,0.113822,0.126635,0.77675,1.611055
0.233333,0.130081,0.142489,0.77675,1.70325
0.216667,0.146341,0.158343,0.77675,1.778196
0.2,0.1626,0.174197,0.785647,1.859728
0.15,0.203251,0.189655,0.820667,1.933687
0.1,0.211382,0.205113,0.859381,2.017857
0.15,0.308942,0.302021,0.906295,2.094779
0.2,0.325204,0.302616,0.968637,2.160752
0.15,0.398375,0.366231,1.034021,2.210987
0.15,0.382113,0.366231,1.103619,2.25447
0.15,0.422764,0.366231,1.182119,2.292275
0.15,0.463415,0.446492,1.266422,2.334367
0.15,0.414633,0.414388,1.343789,2.349136
0.05,0.406502,0.397146,1.415875,2.349136
0.1,0.414633,0.397741,1.520938,2.349136
0.15,0.414633,0.398335,1.618817,2.345425
0.15,0.390244,0.398335,1.716023,2.310637
0.225,0.386178,0.383175,1.803494,2.276599
0.3,0.382113,0.368014,1.90873,2.240187
0.35,0.357724,0.336504,1.995523,2.190484
0.4,0.300811,0.304994,2.07381,2.129134
0.5,0.292684,0.306183,2.133669,2.069152
0.5,0.292684,0.290131,2.185777,1.99803
0.55,0.325204,0.32283,2.229778,1.912498
0.6,0.406502,0.403686,2.264475,1.844325
0.65,0.390244,0.404281,2.302008,1.765367
0.65,0.439025,0.436385,2.317828,1.673125
0.7,0.439025,0.43698,2.327528,1.580528
0.7,0.495935,0.485137,2.33,1.501418
0.75,0.504065,0.517836,2.32925,1.425087
0.8,0.504065,0.502378,2.324,1.371777
0.75,0.520324,0.501784,2.323359,1.341841
0.75,0.601625,0.598098,2.31566,1.34
0.75,0.634146,0.61415,2.297402,1.34
0.7,0.650407,0.629608,2.25464,1.34
0.7,0.674796,0.693817,2.231765,1.365224
0.7,0.772356,0.774078,2.196424,1.42809
0.65,0.764226,0.725327,2.124296,1.486521
0.65,0.756098,0.741379,2.044454,1.540663
0.65,0.788618,0.757432,1.966803,1.588846
0.6,0.747967,0.837099,1.872667,1.630405
0.55,0.829269,0.820452,1.766529,1.646373
0.55,0.780487,0.788347,1.675148,1.659638
0.5,0.796749,0.7717,1.554988,1.666218
0.55,0.845527,0.836504,1.425675,1.667
0.45,0.813007,0.787158,1.316788,1.667
0.4,0.845527,0.818668,1.220762,1.667
0.45,0.845527,0.835315,1.140625,1.667
0.5,0.780487,0.7717,1.074509,1.661987
0.45,0.731706,0.706897,1.016583,1.645056
0.4,0.788618,0.770511,0.96775,1.626024
0.35,0.731706,0.72176,0.91262,1.599933
0.25,0.739836,0.720571,0.848808,1.537201
0.25,0.699187,0.683115,0.811135,1.477631
0.25,0.658537,0.64566,0.780438,1.392363
0.25,0.617887,0.608205,0.767538,1.314642
0.25,0.609756,0.592152,0.7647,1.252069
0.3,0.569105,0.560642,0.7647,1.1805
0.35,0.560975,0.545184,0.76509,1.098413
0.25,0.447153,0.479786,0.768821,1.021125
0.2,0.487804,0.479191,0.784144,0.940908
0.2,0.414633,0.414982,0.821089,0.874719
0.25,0.382113,0.383472,0.868284,0.847524
0.3,0.349593,0.351962,0.929905,0.814716
0.3,0.284553,0.255648,0.980948,0.787067
0.35,0.247967,0.232164,1.061605,0.761288
0.4,0.211382,0.20868,1.137498,0.736508
0.5,0.1626,0.161712,1.225808,0.728797
0.6,0.203251,0.178954,1.307277,0.716716
0.55,0.186993,0.178359,1.389702,0.709522
0.625,0.178862,0.171225,1.475267,0.706742
0.7,0.170731,0.16409,1.553409,0.708772
0.75,0.268291,0.260999,1.620359,0.717581
0.75,0.292684,0.277051,1.678328,0.736822
0.8,0.276422,0.277646,1.734468,0.763772
0.9,0.284553,0.294887,1.784941,0.836927
0.8,0.349593,0.341855,1.827059,0.933377
0.85,0.357724,0.358502,1.85391,1.011191
0.85,0.406502,0.390606,1.877996,1.107967
0.9,0.447153,0.439358,1.898523,1.216368
0.85,0.414633,0.422711,1.923932,1.311223
0.8,0.479673,0.486326,1.928,1.364887
0.85,0.512193,0.519025,1.928,1.477951
0.85,0.520324,0.519025,1.928,1.57865
0.9,0.479673,0.471463,1.928,1.671823
0.9,0.447153,0.45541,1.913517,1.774091
0.9,0.406502,0.423306,1.876625,1.886775
0.85,0.479673,0.470868,1.833557,1.976333
0.85,0.439025,0.438763,1.773032,2.055843
0.8,0.414633,0.422117,1.712215,2.146645
0.85,0.373982,0.374554,1.646643,2.258713
0.9,0.382113,0.375149,1.621186,2.302744
0.8,0.357724,0.341855,1.543995,2.343407
0.8,0.292684,0.30975,1.473721,2.361502
0.85,0.243902,0.230083,1.385777,2.363
0.75,0.211382,0.228894,1.30565,2.363
0.65,0.186993,0.1956,1.226061,2.363
0.75,0.219513,0.212842,1.146871,2.360737
0.7,0.186991,0.204221,1.067234,2.339883
0.65,0.154469,0.1956,0.935474,2.311672
0.5,0.15176,0.183115,0.851899,2.28198
0.35,0.149051,0.17063,0.799462,2.259231
0.2,0.146342,0.158145,0.759875,2.241625
0.1,0.1626,0.156956,0.748,2.23889
0.1,0.178862,0.156956,0.748,2.235972
0.15,0.178862,0.173603,0.748,2.232549
0.25,0.308942,0.30321,0.748544,2.226039
0.15,0.325204,0.318074,0.782326,2.220781
0.15,0.398375,0.398335,0.841963,2.21711
0.1,0.414633,0.397741,0.916958,2.212731
0.15,0.463415,0.398335,1.007304,2.206467
0.15,0.528455,0.510702,1.098667,2.201347
0.15,0.560975,0.542806,1.188005,2.19386
0.25,0.504065,0.463734,1.291571,2.188199
0.2,0.577236,0.559453,1.384425,2.18204
0.15,0.617887,0.623068,1.469711,2.175993
0.2,0.642276,0.623662,1.554941,2.174277
0.25,0.642276,0.640309,1.63425,2.172978
0.35,0.715447,0.72176,1.693223,2.16429
0.383333,0.715447,0.711455,1.787935,2.142226
0.416667,0.715447,0.701149,1.867421,2.110412
0.45,0.715447,0.690844,1.95148,2.064133
0.45,0.707316,0.690844,2.047804,2.008073
0.45,0.747967,0.739001,2.119271,1.940446
0.55,0.747967,0.74019,2.172385,1.865108
0.55,0.747967,0.74019,2.2335,1.775375
0.6,0.747967,0.740785,2.280183,1.660123
0.7,0.691058,0.693817,2.288065,1.554804
0.6,0.666666,0.676576,2.288065,1.453496
0.6,0.682927,0.676576,2.288065,1.361585
0.7,0.666666,0.677765,2.284687,1.255422
0.7,0.661246,0.667063,2.257689,1.175262
0.7,0.655827,0.656361,2.223199,1.10468
0.7,0.650407,0.64566,2.173545,1.00625
0.75,0.650407,0.646254,2.118961,0.933558
0.8,0.634146,0.630797,2.046375,0.866125
0.8,0.634146,0.630797,1.976271,0.815849
0.8,0.593495,0.58264,1.885147,0.765313
0.8,0.585364,0.58264,1.799359,0.728659
0.85,0.544716,0.55113,1.7125,0.71
0.85,0.577236,0.567182,1.61925,0.71
0.9,0.552844,0.551724,1.521646,0.71
0.9,0.528455,0.535672,1.416443,0.7115
0.9,0.487804,0.503567,1.316549,0.741298
0.85,0.471545,0.470868,1.231832,0.793448
0.9,0.479673,0.471463,1.14824,0.856624
0.85,0.430895,0.390606,1.069057,0.926334
0.8,0.439025,0.422117,0.993713,1.008213
0.75,0.357724,0.373365,0.936526,1.075666
0.85,0.349593,0.342449,0.873086,1.159279
0.8,0.341462,0.341855,0.811844,1.243656
0.75,0.300811,0.293103,0.770352,1.310555
0.7,0.317073,0.308561,0.735119,1.377595
0.7,0.300811,0.308561,0.705758,1.442687
0.65,0.406502,0.420333,0.673408,1.510942
0.6,0.398375,0.387634,0.636489,1.600442
0.5,0.382113,0.386445,0.611038,1.67958
0.45,0.439025,0.450059,0.606453,1.738915
0.45,0.455284,0.434007,0.606453,1.836963
0.45,0.528455,0.530321,0.606453,1.932838
0.4,0.617887,0.609988,0.607159,2.011848
0.35,0.577236,0.561237,0.620908,2.082967
0.45,0.585364,0.578478,0.647,2.139625
0.4,0.593495,0.593936,0.681591,2.191442
0.4,0.601625,0.577883,0.734606,2.231073
0.45,0.682927,0.706897,0.802985,2.251
0.45,0.682927,0.674792,0.874548,2.251
0.35,0.658536,0.649524,0.964039,2.251
0.25,0.634146,0.624257,1.033989,2.250219
0.25,0.626015,0.608205,1.104372,2.235433
0.25,0.585364,0.5761,1.168334,2.207477
0.15,0.585364,0.590963,1.27431,2.164519
0.15,0.569105,0.558859,1.355848,2.10597
0.15,0.536585,0.526754,1.402042,2.030928
0.1,0.552844,0.526159,1.431247,1.954131
0.116667,0.509484,0.488902,1.459724,1.854188
0.133333,0.466124,0.451645,1.486316,1.738298
0.15,0.422764,0.414388,1.508388,1.622875
0.15,0.382113,0.382283,1.521789,1.514266
0.15,0.373982,0.366231,1.533203,1.396525
0.2,0.317073,0.302616,1.54068,1.29183
0.2,0.252033,0.254459,1.560504,1.174922
0.3,0.268291,0.2717,1.59117,1.064299
0.2,0.186993,0.174197,1.638022,0.95516
0.216667,0.186993,0.179746,1.679743,0.870679
0.233333,0.186993,0.185295,1.739591,0.794909
0.25,0.186993,0.190844,1.793527,0.743877
0.35,0.186993,0.200059,1.825967,0.722639
0.45,0.186993,0.209275,1.879866,0.721278
0.55,0.178862,0.178359,1.94363,0.721278
0.65,0.178862,0.187574,2.007142,0.721278
0.75,0.178862,0.19679,2.072531,0.738373
0.7,0.284553,0.276457,2.124609,0.780762
0.8,0.276422,0.277646,2.175422,0.83567
0.75,0.333331,0.325208,2.215762,0.90253
0.75,0.333331,0.34126,2.257472,0.978774
0.8,0.398375,0.406064,2.290343,1.071698
0.85,0.439025,0.422711,2.307237,1.135945
0.8,0.479673,0.470273,2.307737,1.235075
0.8,0.471545,0.470273,2.307737,1.341979
0.7,0.504065,0.501189,2.307737,1.454163
0.7,0.504065,0.517241,2.294297,1.570577
0.65,0.585364,0.580856,2.263707,1.67309
0.65,0.569105,0.564804,2.249817,1.715893
0.7,0.650407,0.629608,2.205763,1.816259
0.65,0.617887,0.612961,2.153414,1.906917
0.7,0.691058,0.677765,2.078822,2.00141
0.6,0.747967,0.772889,2.004552,2.075571
0.65,0.739836,0.741379,1.925084,2.13025
0.55,0.821138,0.8044,1.828554,2.142574
0.6,0.845527,0.821046,1.737843,2.158965
0.6,0.813007,0.788942,1.644546,2.167181
0.55,0.829269,0.8044,1.555347,2.167556
0.55,0.780487,0.788347,1.456132,2.165875
0.55,0.796749,0.8044,1.358911,2.1655
0.5,0.796749,0.787753,1.27075,2.151875
0.5,0.739836,0.723543,1.188414,2.096042
0.45,0.796749,0.787158,1.133125,2.05975
0.35,0.764226,0.753864,1.083004,2.025515
0.35,0.715447,0.753864,1.045927,1.968012
0.3,0.699186,0.689061,1.005544,1.882406
0.3,0.682927,0.673008,0.964925,1.785639
0.25,0.626015,0.608205,0.940253,1.687949
0.2,0.642276,0.639715,0.92411,1.607166
0.25,0.617887,0.608205,0.912848,1.542906
0.2,0.626015,0.60761,0.894479,1.441365
0.2,0.577236,0.575505,0.869819,1.334193
0.2,0.609756,0.60761,0.844775,1.230811
0.1,0.544716,0.526159,0.841,1.155793
0.2,0.536585,0.527348,0.841,1.062581
0.25,0.512193,0.495838,0.841,0.964037
0.2,0.430895,0.431034,0.844322,0.899915
0.2,0.439025,0.414982,0.866521,0.830563
0.1,0.382113,0.365636,0.898812,0.777299
0.1,0.341462,0.349584,0.93865,0.736502
0.1,0.349593,0.221165,1.007409,0.690886
0.15,0.308943,0.209721,1.09275,0.659167
0.2,0.268293,0.198276,1.186184,0.637286
0.25,0.227643,0.186831,1.289751,0.620768
0.3,0.186993,0.175386,1.373006,0.602372
0.35,0.134146,0.127824,1.475303,0.591379
0.4,0.081298,0.080262,1.583157,0.591379
0.45,0.113822,0.096908,1.687625,0.591379
0.55,0.146342,0.146254,1.785192,0.593284
0.6,0.1626,0.146849,1.87925,0.615625
0.675,0.17886,0.171819,2.037011,0.652325
0.75,0.19512,0.19679,2.134776,0.696968
0.85,0.243902,0.246136,2.207338,0.743659
0.8,0.292684,0.30975,2.267518,0.804116
0.8,0.300811,0.30975,2.31476,0.886526
0.85,0.308942,0.310345,2.320919,0.973
0.8,0.382113,0.390012,2.320919,1.064941
0.75,0.398375,0.40547,2.320919,1.16925
0.85,0.398375,0.406659,2.317795,1.31861
0.8,0.463415,0.438169,2.300069,1.442777
0.75,0.447153,0.453627,2.262553,1.551591
0.8,0.528455,0.51843,2.247473,1.640075
0.8,0.544716,0.534483,2.222287,1.715318
0.7,0.617887,0.613555,2.197869,1.786405
0.7,0.609756,0.597503,2.153422,1.877252
0.6,0.650407,0.628419,2.092303,1.966891
0.65,0.634146,0.629013,2.030125,2.036182
0.65,0.715447,0.661118,1.965093,2.092241
0.6,0.715447,0.724732,1.889406,2.145025
0.65,0.804876,0.789536,1.827558,2.188275
0.55,0.747967,0.756243,1.737255,2.239155
0.6,0.731706,0.740785,1.665875,2.261774
0.55,0.747967,0.724138,1.575125,2.27925
0.55,0.731706,0.724138,1.508,2.293375
0.55,0.796749,0.788347,1.438895,2.2945
0.55,0.813007,0.8044,1.329871,2.2945
0.5,0.845527,0.83591,1.257183,2.2945
0.5,0.861789,0.83591,1.177898,2.266532
0.55,0.845527,0.836504,1.113486,2.199131
0.5,0.796749,0.787753,1.061585,2.129319
0.55,0.813007,0.772295,1.013822,2.040195
0.5,0.747967,0.739596,0.957375,1.94775
0.55,0.715447,0.708086,0.891935,1.822704
0.6,0.682927,0.676576,0.871487,1.709501
0.7,0.666666,0.64566,0.845601,1.603181
0.7,0.666666,0.661712,0.825742,1.50625
0.75,0.658535,0.662307,0.809658,1.466006
0.7,0.650407,0.64566,0.808067,1.432784
0.75,0.634146,0.646254,0.808067,1.397196
0.75,0.609756,0.598098,0.808067,1.358827
0.8,0.585364,0.58264,0.810191,1.312762
0.85,0.585364,0.583234,0.820202,1.237816
0.9,0.593495,0.583829,0.841796,1.164919
0.85,0.528455,0.519025,0.863062,1.123656
0.85,0.544716,0.535077,0.894938,1.077519
0.9,0.512193,0.51962,0.904868,0.944188
0.95,0.504065,0.504162,0.907333,0.798554
0.9,0.447153,0.439358,0.907333,0.797528
0.95,0.463415,0.472057,0.906333,0.797528
0.9,0.430895,0.423306,0.894029,0.797528
0.95,0.349593,0.343639,0.877116,0.83745
0.9,0.321138,0.318966,0.856595,0.919361
0.85,0.292684,0.294293,0.833607,0.996562
0.85,0.276422,0.27824,0.800125,1.100375
0.8,0.284553,0.293698,0.769784,1.199145
0.725,0.313007,0.308859,0.740814,1.296804
0.65,0.341462,0.324019,0.715412,1.39257
0.675,0.365853,0.356421,0.695716,1.472065
0.7,0.390244,0.388823,0.675895,1.557497
0.6,0.357724,0.355529,0.658232,1.6405
0.5,0.406502,0.434602,0.645951,1.721545
0.4,0.455284,0.433413,0.645076,1.799056
0.4,0.439025,0.433413,0.645076,1.887919
0.5,0.487804,0.498811,0.645076,1.961865
0.5,0.560975,0.56302,0.655983,2.031535
0.425,0.5813,0.586207,0.679609,2.08881
0.35,0.601625,0.609394,0.708292,2.146708
0.275,0.589431,0.576397,0.746456,2.199561
0.2,0.577236,0.543401,0.792048,2.245787
0.25,0.560975,0.560048,0.847749,2.283396
0.25,0.585364,0.608205,0.930847,2.306
0.2,0.585364,0.575505,1.025253,2.306
0.3,0.569105,0.576694,1.086015,2.306
0.2,0.569105,0.543401,1.155324,2.305682
0.1,0.528455,0.542212,1.215754,2.287765
0.15,0.560975,0.542806,1.269676,2.250473
0.2,0.536585,0.527348,1.318151,2.193193
0.15,0.479673,0.462545,1.356006,2.125303
0.2,0.439025,0.431034,1.375758,2.032322
0.15,0.439025,0.43044,1.386601,1.936863
0.15,0.357724,0.350178,1.406463,1.828724
0.2,0.341462,0.334721,1.42947,1.721259
0.183333,0.300812,0.291716,1.464297,1.590781
0.166667,0.260163,0.248712,1.499787,1.471878
0.15,0.219513,0.205707,1.547769,1.352453
0.1,0.154469,0.156956,1.598855,1.244876
0.2,0.142275,0.142093,1.653808,1.166462
0.3,0.13008,0.127229,1.704357,1.071939
0.35,0.121951,0.119798,1.778484,0.983625
0.4,0.113822,0.112366,1.851113,0.909021
0.475,0.146342,0.153389,1.936026,0.834163
0.55,0.178862,0.194411,1.99144,0.803941
0.7,0.191056,0.196195,2.033325,0.8038
0.85,0.203251,0.197979,2.069541,0.8038
0.8,0.211382,0.213436,2.107522,0.8038
0.85,0.243902,0.246136,2.149832,0.816362
0.85,0.308942,0.310345,2.178375,0.86775
0.85,0.284553,0.294293,2.2037,0.950754
0.85,0.357724,0.374554,2.218504,1.041318
0.85,0.406502,0.406659,2.235142,1.151368
0.9,0.439025,0.439358,2.239451,1.23836
0.85,0.439025,0.422711,2.239779,1.34583
0.85,0.414633,0.406659,2.239779,1.455955
0.85,0.430895,0.470868,2.239541,1.578339
0.8,0.373982,0.37396,2.23573,1.709444
0.8,0.398375,0.390012,2.219731,1.805722
0.8,0.398375,0.390012,2.194589,1.88746
0.8,0.398375,0.357907,2.155497,1.970239
0.7,0.414633,0.420927,2.112921,2.039048
0.7,0.430895,0.420927,2.046868,2.117014
0.65,0.447153,0.436385,1.975758,2.172625
0.65,0.528455,0.532699,1.895852,2.213993
0.65,0.528455,0.548751,1.787651,2.249054
0.6,0.536585,0.516052,1.678765,2.274411
0.55,0.569105,0.563615,1.577613,2.285622
0.5,0.560975,0.56302,1.504147,2.291932
0.4,0.626015,0.62604,1.428224,2.294
0.45,0.666666,0.642687,1.338685,2.293279
0.5,0.634146,0.611177,1.231801,2.289779
0.466667,0.628726,0.610781,1.153217,2.28815
0.433333,0.623307,0.610384,1.075292,2.28815
0.4,0.617887,0.609988,1.006298,2.288267
0.35,0.642276,0.657551,0.955236,2.285241
0.4,0.634146,0.609988,0.92527,2.284116
0.4,0.634146,0.62604,0.919545,2.278256
0.45,0.609756,0.610583,0.919545,2.262805
0.375,0.577236,0.577586,0.919545,2.210504
0.3,0.544716,0.54459,0.928892,2.14526
0.25,0.536585,0.527943,0.956505,2.075211
0.2,0.520324,0.511296,0.993293,1.992857
0.2,0.455284,0.447087,1.049259,1.868282
0.25,0.406502,0.399524,1.077618,1.789097
0.25,0.406502,0.399524,1.112125,1.708413
0.15,0.373982,0.398335,1.141575,1.643923
0.15,0.333331,0.334126,1.158978,1.606035
0.1,0.325204,0.317479,1.183317,1.56102
0.116667,0.281842,0.274871,1.221352,1.475818
0.133333,0.238481,0.232263,1.260216,1.387154
0.15,0.19512,0.189655,1.294472,1.304028
0.25,0.170731,0.174792,1.345358,1.217839
0.3,0.138211,0.143282,1.388125,1.150125
0.45,0.158536,0.161118,1.439084,1.089578
0.6,0.178862,0.178954,1.504774,0.89596
0.583333,0.173441,0.178755,1.576612,0.801952
0.566667,0.168021,0.178557,1.654554,0.800922
0.55,0.1626,0.178359,1.718419,0.800922
0.633333,0.17615,0.184701,1.766038,0.800922
0.716667,0.189701,0.191042,1.817741,0.816613
0.8,0.203251,0.197384,1.901436,0.855054
0.8,0.333331,0.325803,1.998663,0.908458
0.9,0.325204,0.326992,2.071606,0.976695
0.8,0.357724,0.357907,2.143264,1.055206
0.85,0.357724,0.358502,2.203735,1.157762
0.9,0.406502,0.407253,2.249912,1.237309
0.9,0.430895,0.439358,2.279974,1.341638
0.9,0.439025,0.439358,2.283,1.423884
0.95,0.447153,0.488109,2.283,1.520392
0.95,0.479673,0.488109,2.283,1.611926
0.85,0.447153,0.454816,2.27684,1.709791
0.8,0.471545,0.454221,2.244976,1.80811
0.8,0.495935,0.486326,2.216999,1.879133
0.8,0.471545,0.470273,2.159224,1.942805
0.75,0.544716,0.517836,2.111617,2.005533
0.8,0.593495,0.598692,2.038657,2.07446
0.7,0.585364,0.581451,1.963296,2.1259
0.65,0.609756,0.564804,1.885208,2.168937
0.65,0.650407,0.645065,1.806076,2.20425
0.65,0.682927,0.67717,1.715053,2.225779
0.6,0.731706,0.740785,1.602772,2.252506
0.65,0.804876,0.773484,1.520871,2.273826
0.65,0.861789,0.853746,1.418047,2.293547
0.65,0.804876,0.789536,1.319375,2.295
0.65,0.845527,0.853746,1.223919,2.295
0.55,0.780487,0.772295,1.116197,2.295
0.5,0.780487,0.787753,1.036266,2.29425
0.55,0.764226,0.756243,0.962234,2.288585
0.45,0.780487,0.755054,0.906927,2.274677
0.5,0.747967,0.755648,0.871081,2.256956
0.5,0.764226,0.723543,0.841984,2.227738
0.45,0.747967,0.739001,0.825656,2.174667
0.4,0.674796,0.658145,0.820406,2.110847
0.35,0.642276,0.641498,0.818477,2.055458
0.3,0.650407,0.624851,0.815889,1.99219
0.25,0.593495,0.608205,0.814083,1.910432
0.2,0.626015,0.60761,0.813208,1.798833
0.25,0.617887,0.592152,0.802875,1.699375
0.3,0.585364,0.576694,0.778522,1.582229
0.3,0.552844,0.54459,0.750725,1.47226
0.35,0.495935,0.480975,0.723375,1.382
0.275,0.463415,0.456005,0.708803,1.282273
0.2,0.430895,0.431034,0.707678,1.176784
0.2,0.390244,0.39893,0.707678,1.09004
0.2,0.341462,0.334721,0.707678,1.012554
0.25,0.341462,0.335315,0.723867,0.960259
0.25,0.268291,0.271106,0.757986,0.894515
0.25,0.252033,0.319263,0.807799,0.826329
0.2,0.19512,0.19025,0.879568,0.766234
0.3,0.146342,0.143282,0.962742,0.716177
0.25,0.13008,0.110583,1.064143,0.694294
0.25,0.09756,0.09453,1.164228,0.6905
0.2,0.09756,0.093936,1.266269,0.6905
0.25,0.121951,0.118609,1.345271,0.6905
0.3,0.146342,0.143282,1.41982,0.690818
0.3,0.159892,0.175386,1.52912,0.703443
0.3,0.173442,0.207491,1.628389,0.730694
0.3,0.186993,0.239596,1.719787,0.76533
0.3,0.22764,0.223543,1.797173,0.802427
0.333333,0.271001,0.261395,1.85852,0.841563
0.366667,0.314362,0.299247,1.929,0.878915
0.4,0.357724,0.337099,1.987333,0.931755
0.3,0.382113,0.384067,2.052771,1.007058
0.25,0.422764,0.415577,2.104526,1.093446
0.35,0.463415,0.464923,2.12744,1.142501
0.35,0.495935,0.480975,2.143252,1.256655
0.35,0.552844,0.561237,2.206697,1.367267
0.4,0.552844,0.545779,2.261947,1.462361
0.45,0.658535,0.626635,2.2785,1.583583
0.4,0.666666,0.658145,2.299875,1.68875
0.4,0.723578,0.722354,2.335375,1.810875
0.5,0.715447,0.739596,2.357265,1.919297
0.516667,0.742548,0.755846,2.3575,1.998587
0.533333,0.769648,0.772097,2.3575,2.048384
0.55,0.796749,0.788347,2.35408,2.059904
0.6,0.731706,0.756837,2.34236,2.059904
0.55,0.747967,0.756243,2.327918,2.059904
0.65,0.837396,0.773484,2.294742,2.056428
0.65,0.780487,0.773484,2.231871,2.011968
0.6,0.731706,0.740785,2.160604,1.945958
0.5,0.699186,0.691439,2.104115,1.87449
0.6,0.67886,0.676576,2.056673,1.775668
0.7,0.658535,0.661712,2.015832,1.69332
0.7,0.634146,0.64566,1.957063,1.603363
0.8,0.658535,0.646849,1.901352,1.503577
0.8,0.650407,0.630797,1.855644,1.402403
0.75,0.617887,0.61415,1.808665,1.303577
0.75,0.585364,0.582045,1.751029,1.205689
0.8,0.544716,0.550535,1.698178,1.130644
0.8,0.536585,0.534483,1.637,1.061
0.8,0.487804,0.51843,1.553621,0.995256
0.85,0.455284,0.454816,1.473012,0.935673
0.8,0.430895,0.438169,1.406166,0.890722
0.8,0.463415,0.470273,1.381607,0.863811
0.85,0.300811,0.310345,1.317611,0.860685
0.8,0.292684,0.30975,1.252388,0.860685
0.775,0.268293,0.277348,1.190895,0.860685
0.75,0.243902,0.244946,1.113011,0.871546
0.675,0.186991,0.179845,1.045386,0.917375
0.6,0.13008,0.114744,1.002405,0.9785
0.55,0.13008,0.130202,0.961925,1.035345
0.475,0.158536,0.153389,0.871198,1.102122
0.4,0.186993,0.176576,0.813891,1.180944
0.35,0.189025,0.179994,0.761,1.285706
0.3,0.191056,0.183413,0.71691,1.370862
0.25,0.193088,0.186831,0.703125,1.448974
0.2,0.19512,0.19025,0.702,1.533326
0.2,0.235771,0.222354,0.702,1.608208
0.2,0.252033,0.238407,0.702,1.695412
0.25,0.252033,0.255054,0.706202,1.778558
0.15,0.373982,0.366231,0.722908,1.857876
0.15,0.365854,0.350178,0.755151,1.932702
0.25,0.414633,0.399524,0.817306,2.007323
0.15,0.439025,0.414388,0.881459,2.062689
0.1,0.479673,0.429845,0.951259,2.111325
0.175,0.508129,0.462842,1.034069,2.158044
0.25,0.536585,0.495838,1.123042,2.204451
0.2,0.544716,0.543401,1.221156,2.240184
0.225,0.585365,0.591855,1.328862,2.244
0.25,0.626015,0.640309,1.44063,2.244
0.2,0.634146,0.639715,1.54372,2.244
0.3,0.650407,0.640904,1.645869,2.235949
0.3,0.731706,0.721165,1.727189,2.209653
0.4,0.682927,0.674197,1.818594,2.18537
0.4,0.715447,0.706302,1.885643,2.159268
0.4,0.731706,0.738407,1.948368,2.11374
0.45,0.747967,0.739001,2.006808,2.0538
0.55,0.796749,0.788347,2.06835,1.972834
0.45,0.772356,0.771106,2.125841,1.887657
0.55,0.772356,0.772295,2.167908,1.8295
0.5,0.747967,0.755648,2.207164,1.742847
0.5,0.723578,0.723543,2.240922,1.657477
0.5,0.699186,0.691439,2.252969,1.528818
0.6,0.674796,0.676576,2.252969,1.423745
0.55,0.674796,0.659929,2.252969,1.322939
0.6,0.674796,0.676576,2.247852,1.245527
0.65,0.674796,0.67717,2.2125,1.1745
0.7,0.658535,0.661712,2.164375,1.078625
0.8,0.666666,0.662901,2.117657,0.997829
0.7,0.609756,0.613555,2.055909,0.935051
0.75,0.609756,0.598098,1.986785,0.889757
0.75,0.585364,0.582045,1.909335,0.834499
0.8,0.552844,0.550535,1.825592,0.78596
0.85,0.560975,0.567182,1.733875,0.74025
0.8,0.569105,0.550535,1.642988,0.6936
0.8,0.536585,0.550535,1.560705,0.668625
0.8,0.536585,0.534483,1.486727,0.667
0.85,0.520324,0.519025,1.412907,0.667
0.8,0.487804,0.502378,1.33782,0.667
0.75,0.504065,0.501784,1.281193,0.677693
0.65,0.487804,0.484542,1.220624,0.70788
0.7,0.471545,0.469084,1.166625,0.74725
0.6,0.471545,0.483948,1.122363,0.810117
0.6,0.504065,0.5,1.073415,0.877775
0.55,0.504065,0.499405,1.018398,0.959125
0.45,0.560975,0.562426,0.97027,1.049379
0.35,0.585364,0.625446,0.925625,1.137423
0.4,0.593495,0.601962,0.868125,1.224408
0.45,0.601625,0.578478,0.818353,1.320656
0.4,0.601625,0.593936,0.78225,1.404125
0.4,0.609756,0.609988,0.746465,1.478135
0.45,0.585364,0.562426,0.714089,1.553069
0.35,0.626015,0.609394,0.702586,1.637779
0.25,0.666666,0.656361,0.701784,1.710185
0.3,0.658535,0.640904,0.701784,1.780889
0.25,0.585364,0.592152,0.701784,1.835386
0.15,0.699186,0.623068,0.704618,1.885761
0.175,0.654471,0.607313,0.71594,1.899
0.2,0.609756,0.591558,0.739297,1.899
0.1,0.634146,0.606421,0.784429,1.899
0.15,0.626015,0.607015,0.834185,1.89825
0.1,0.585364,0.574316,0.901851,1.861371
0.05,0.528455,0.509512,0.964867,1.813242
0.15,0.520324,0.526754,1.035367,1.746765
0.1,0.504065,0.494055,1.112464,1.66378
0.15,0.479673,0.478597,1.182298,1.585339
0.2,0.430895,0.431034,1.250152,1.502443
0.2,0.430895,0.431034,1.308572,1.418594
0.1,0.333331,0.333532,1.360109,1.329992
0.2,0.292684,0.286564,1.409065,1.235925
0.15,0.268291,0.253864,1.453996,1.163258
0.15,0.243902,0.253864,1.508381,1.072931
0.2,0.211382,0.19025,1.557914,0.984598
0.3,0.154469,0.159334,1.615368,0.913553
0.3,0.138211,0.175386,1.68477,0.848589
0.4,0.113822,0.112366,1.738444,0.802747
0.35,0.105691,0.111772,1.797438,0.759923
0.3,0.06504,0.06302,1.858768,0.736929
0.25,0.089429,0.062426,1.928485,0.736679
0.35,0.093495,0.079667,2.004434,0.736679
0.45,0.09756,0.096908,2.083047,0.736679
0.566667,0.11924,0.119699,2.133641,0.761323
0.683333,0.14092,0.142489,2.169424,0.799126
0.8,0.1626,0.165279,2.211062,0.845833
0.75,0.186993,0.19679,2.240567,0.908783
0.85,0.252033,0.246136,2.274625,0.98475
0.85,0.284553,0.27824,2.3205,1.0725
0.8,0.308942,0.30975,2.36325,1.165128
0.75,0.317073,0.325208,2.366,1.244504
0.8,0.333331,0.341855,2.373256,1.321818
0.8,0.341462,0.341855,2.380606,1.406319
0.75,0.349593,0.34126,2.382,1.513335
0.7,0.398375,0.388823,2.382,1.62402
0.7,0.406502,0.404875,2.382,1.726447
0.6,0.439025,0.419738,2.374125,1.836875
0.65,0.455284,0.452438,2.322121,1.927217
0.6,0.455284,0.451843,2.281967,2.009635
0.6,0.528455,0.516052,2.242387,2.083548
0.6,0.536585,0.516052,2.203151,2.13339
0.55,0.552844,0.515458,2.156183,2.181
0.5,0.520324,0.514863,2.099362,2.214726
0.5,0.463415,0.466706,2.064,2.232
0.45,0.463415,0.466112,2.010863,2.245424
0.55,0.406502,0.403092,1.916403,2.266893
0.55,0.373982,0.403092,1.80631,2.282742
0.55,0.398375,0.387039,1.712821,2.287644
0.45,0.357724,0.369798,1.613926,2.293131
0.4,0.430895,0.433413,1.514341,2.293131
0.4,0.357724,0.353151,1.415097,2.293131
0.45,0.365854,0.369798,1.307438,2.289705
0.4,0.341462,0.321046,1.236,2.26477
0.45,0.300811,0.305589,1.198189,2.216162
0.35,0.373982,0.352556,1.16396,2.16476
0.45,0.341462,0.337693,1.146125,2.105787
0.4,0.439025,0.41736,1.145,2.009646
0.45,0.406502,0.417955,1.145,1.940746
0.55,0.455284,0.451249,1.145855,1.848949
0.55,0.536585,0.547562,1.162875,1.762388
0.6,0.536585,0.532105,1.178531,1.705194
0.6,0.544716,0.532105,1.196743,1.638183
0.6,0.585364,0.580262,1.227637,1.570844
0.6,0.585364,0.564209,1.253498,1.53681
0.65,0.617887,0.612961,1.294579,1.509061
0.65,0.626015,0.629013,1.3455,1.488375
0.65,0.699186,0.693222,1.390011,1.48
0.65,0.715447,0.693222,1.457525,1.48
0.6,0.764226,0.740785,1.493976,1.48
0.65,0.829269,0.821641,1.548598,1.48
0.55,0.837396,0.836504,1.602106,1.492704
0.6,0.845527,0.837099,1.644323,1.512037
0.6,0.764226,0.756837,1.689602,1.51879
0.6,0.837396,0.837099,1.696,1.522718
0.55,0.829269,0.8044,1.696,1.524601
0.5,0.853658,0.83591,1.696,1.527612
0.5,0.845527,0.851962,1.685637,1.531909
0.55,0.861789,0.836504,1.655012,1.535964
0.45,0.845527,0.835315,1.601032,1.543
0.5,0.772356,0.7717,1.538407,1.543
0.4,0.780487,0.770511,1.445875,1.542152
0.5,0.747967,0.739596,1.351094,1.536778
0.45,0.747967,0.722949,1.272577,1.532875
0.4,0.715447,0.69025,1.189963,1.526024
0.4,0.715447,0.706302,1.108613,1.499566
0.35,0.699186,0.705707,1.038268,1.460669
0.3,0.682927,0.656956,0.971916,1.41854
0.35,0.658535,0.657551,0.912823,1.366233
0.3,0.6626,0.64893,0.872988,1.296315
0.25,0.666666,0.640309,0.837688,1.218875
0.2,0.650407,0.639715,0.800898,1.141765
0.25,0.642276,0.624257,0.773717,1.068896
0.25,0.650407,0.640309,0.76007,1.004256
0.2,0.609756,0.591558,0.754617,0.955135
0.15,0.601625,0.590963,0.754367,0.883613
0.15,0.536585,0.542806,0.754367,0.821548
0.15,0.536585,0.526754,0.75665,0.762907
0.15,0.487804,0.478597,0.780267,0.705558
0.2,0.447153,0.431034,0.820274,0.681385
0.1,0.439025,0.429845,0.873347,0.663335
0.125,0.386178,0.37396,0.928027,0.649554
0.15,0.333331,0.318074,0.990549,0.637224
0.25,0.260164,0.255054,1.059437,0.632406
0.3,0.268291,0.255648,1.140309,0.630708
0.2,0.170731,0.174197,1.222103,0.629083
0.3,0.1626,0.159334,1.331612,0.629
0.25,0.146342,0.142687,1.419669,0.628837
0.35,0.154469,0.159929,1.500607,0.626498
0.45,0.13008,0.112961,1.594667,0.621883
0.4,0.146342,0.128419,1.69125,0.621883
0.5,0.162602,0.14566,1.782795,0.621883
0.6,0.178862,0.162901,1.866601,0.622008
0.55,0.268291,0.338882,1.9338,0.631116
0.65,0.268291,0.324019,1.996224,0.668471
0.75,0.268291,0.309156,2.042489,0.709716
0.85,0.276422,0.262188,2.084104,0.7519
0.85,0.349593,0.358502,2.127426,0.818878
0.8,0.365854,0.37396,2.16014,0.899031
0.85,0.382113,0.422711,2.178793,0.988756
0.8,0.422764,0.422117,2.186472,1.08375
0.85,0.439025,0.422711,2.189746,1.182703
0.85,0.447153,0.438763,2.19124,1.270012
0.8,0.430895,0.422117,2.1955,1.379629
0.8,0.479673,0.470273,2.19424,1.494578
0.8,0.487804,0.486326,2.190496,1.600157
0.75,0.455284,0.469679,2.186472,1.65775
0.8,0.536585,0.550535,2.18242,1.733982
0.75,0.569105,0.533888,2.157158,1.831964
0.7,0.544716,0.549346,2.114481,1.93194
0.65,0.617887,0.564804,2.060665,2.018064
0.75,0.682927,0.694411,2.016872,2.068879
0.65,0.699186,0.67717,1.948076,2.118565
0.6,0.699186,0.692628,1.840502,2.163643
0.6,0.707316,0.692628,1.720335,2.215895
0.6,0.747967,0.756837,1.611122,2.263847
0.55,0.780487,0.772295,1.530726,2.275286
0.5,0.780487,0.7717,1.445663,2.275286
0.4,0.813007,0.786564,1.347809,2.275286
0.45,0.780487,0.787158,1.267523,2.273452
0.5,0.747967,0.739596,1.210027,2.269236
0.5,0.715447,0.707491,1.128926,2.266606
0.5,0.715447,0.707491,1.056918,2.255586
0.45,0.764226,0.722949,1.000638,2.228833
0.45,0.707316,0.674792,0.957787,2.18727
0.4,0.682927,0.69025,0.897524,2.136542
0.35,0.666666,0.673603,0.86904,2.091687
0.4,0.666666,0.658145,0.851913,2.049223
0.45,0.650407,0.642687,0.839125,2.01425
0.5,0.666666,0.643282,0.83075,1.944
0.45,0.585364,0.59453,0.829987,1.852568
0.5,0.569105,0.546968,0.829948,1.75254
0.5,0.504065,0.498811,0.829948,1.647768
0.55,0.447153,0.451249,0.829948,1.556464
0.55,0.455284,0.451249,0.834862,1.452331
0.45,0.422764,0.401902,0.843,1.35406
0.525,0.394309,0.378716,0.843,1.316
0.6,0.365854,0.355529,0.860668,1.238785
0.65,0.317073,0.307967,0.896047,1.131547
0.6,0.276422,0.243163,0.929036,1.048472
0.6,0.211382,0.227111,0.979089,0.97655
0.55,0.203251,0.210464,1.024955,0.916006
0.583333,0.157181,0.162703,1.044779,0.88357
0.616667,0.11111,0.114943,1.08442,0.843862
0.65,0.06504,0.067182,1.123166,0.80726
0.65,0.073171,0.083234,1.180287,0.8008
0.5,0.073171,0.073424,1.242685,0.8008
0.35,0.073171,0.063615,1.290407,0.8008
0.35,0.06504,0.063615,1.33748,0.802005
0.3,0.117885,0.111177,1.358418,0.82178
0.25,0.170731,0.15874,1.384347,0.862552
0.2,0.170731,0.174197,1.407892,0.909778
0.2,0.219513,0.302616,1.425875,0.96225
0.15,0.300811,0.285969,1.440081,1.051811
0.15,0.317073,0.302021,1.446495,1.155315
0.15,0.365854,0.382283,1.463049,1.234034
0.15,0.382113,0.382283,1.469833,1.338299
0.15,0.414633,0.43044,1.472525,1.446943
0.15,0.463415,0.462545,1.478352,1.5645
0.15,0.495935,0.478597,1.492821,1.683864
0.1,0.593495,0.590369,1.517557,1.794803
0.15,0.582655,0.580262,1.54259,1.891464
0.2,0.571814,0.570155,1.580451,1.982925
0.25,0.560975,0.560048,1.605273,2.079631
0.25,0.593495,0.5761,1.630125,2.167625
0.3,0.666666,0.656956,1.688167,2.225609
0.35,0.674796,0.673603,1.748667,2.268158
0.4,0.674796,0.658145,1.814027,2.275697
0.35,0.674796,0.673603,1.858193,2.275697
0.45,0.682927,0.690844,1.90038,2.275697
0.45,0.747967,0.755054,1.948404,2.269897
0.55,0.764226,0.756243,2.017821,2.21616
0.533333,0.764226,0.739992,2.08992,2.128101
0.516667,0.764226,0.723742,2.140856,2.035796
0.5,0.764226,0.707491,2.178746,1.939578
0.55,0.731706,0.692033,2.208875,1.83975
0.6,0.699186,0.676576,2.243464,1.751217
0.65,0.666666,0.661118,2.274266,1.609007
0.75,0.691058,0.678359,2.274266,1.492349
0.65,0.715447,0.693222,2.274266,1.384716
0.65,0.617887,0.629013,2.273516,1.277355
0.75,0.642276,0.646254,2.25425,1.182375
0.8,0.626015,0.630797,2.227526,1.101234
0.8,0.593495,0.598692,2.181533,1.008543
0.8,0.577236,0.566587,2.130208,0.933154
0.8,0.544716,0.550535,2.070504,0.850089
0.85,0.544716,0.55113,1.991373,0.782918
0.8,0.544716,0.51843,1.913835,0.742469
0.85,0.520324,0.519025,1.818651,0.701314
0.85,0.439025,0.454816,1.738625,0.674125
0.85,0.471545,0.470868,1.655644,0.6685
0.85,0.422764,0.422711,1.576917,0.6685
0.8,0.398375,0.422117,1.505293,0.6685
0.8,0.373982,0.390012,1.424922,0.67175
0.75,0.382113,0.373365,1.347823,0.710831
0.65,0.390244,0.388228,1.317069,0.735587
0.65,0.382113,0.372176,1.242573,0.809541
0.55,0.390244,0.387039,1.185875,0.8815
0.6,0.422764,0.403686,1.136109,0.956182
0.55,0.422764,0.435196,1.06838,1.083987
0.55,0.471545,0.435196,0.984012,1.148276
0.45,0.479673,0.546373,0.923705,1.221951
0.45,0.504065,0.498216,0.856856,1.326415
0.45,0.528455,0.514269,0.797668,1.413045
0.45,0.512193,0.530321,0.763877,1.48804
0.4,0.601625,0.609988,0.739459,1.564321
0.35,0.650407,0.657551,0.720175,1.648158
0.25,0.650407,0.640309,0.72,1.723125
0.25,0.666666,0.656361,0.72,1.803135
0.2,0.658535,0.655767,0.72,1.888786
0.15,0.658535,0.655172,0.741483,1.964125
0.25,0.617887,0.608205,0.78086,2.023112
0.25,0.650407,0.624257,0.82291,2.065439
0.2,0.642276,0.639715,0.868956,2.0845
0.2,0.642276,0.623662,0.914026,2.0845
0.2,0.617887,0.591558,1.004509,2.0845
0.15,0.577236,0.574911,1.0709,2.083569
0.15,0.569105,0.542806,1.140599,2.049592
0.15,0.520324,0.510702,1.205052,1.985203
0.15,0.487804,0.478597,1.255363,1.914007
0.15,0.463415,0.446492,1.300734,1.833295
0.15,0.382113,0.382283,1.339713,1.746556
0.25,0.390244,0.383472,1.376842,1.651246
0.2,0.349593,0.350773,1.397076,1.560663
0.15,0.284553,0.285969,1.419875,1.47775
0.1,0.276422,0.269322,1.4295,1.445875
0.15,0.231707,0.229786,1.464446,1.328434
0.2,0.186993,0.19025,1.510498,1.190769
0.2,0.138211,0.142093,1.555667,1.082333
0.225,0.121951,0.118312,1.602553,0.989101
0.25,0.105691,0.09453,1.661373,0.898838
0.325,0.093495,0.087396,1.725062,0.814479
0.4,0.081298,0.080262,1.775318,0.748642
0.475,0.105689,0.105232,1.83531,0.688685
0.55,0.13008,0.130202,1.903286,0.678932
0.6,0.1626,0.162901,1.966672,0.678932
0.7,0.1626,0.16409,2.012186,0.678932
0.8,0.1626,0.165279,2.08742,0.690011
0.8,0.211382,0.213436,2.252909,0.732642
0.8,0.235771,0.229489,2.321158,0.784216
0.8,0.292684,0.293698,2.362918,0.862057
0.85,0.300811,0.310345,2.400155,0.939471
0.9,0.325204,0.326992,2.409777,1.037911
0.85,0.390244,0.374554,2.409777,1.138684
0.9,0.406502,0.423306,2.409777,1.22505
0.9,0.439025,0.439358,2.405443,1.308966
0.85,0.430895,0.438763,2.370778,1.400133
0.85,0.455284,0.470868,2.364118,1.50865
0.75,0.439025,0.437574,2.362063,1.623519
0.75,0.512193,0.533888,2.352933,1.730799
0.75,0.520324,0.517836,2.351848,1.810672
0.75,0.552844,0.549941,2.349344,1.889298
0.65,0.634146,0.612961,2.301321,1.97695
0.7,0.617887,0.613555,2.245813,2.044918
0.6,0.666666,0.660523,2.182547,2.114965
0.65,0.634146,0.629013,2.100617,2.177917
0.6,0.699186,0.692628,2.008029,2.231479
0.6,0.715447,0.70868,1.911284,2.273869
0.55,0.796749,0.788347,1.80651,2.308311
0.55,0.813007,0.788347,1.699483,2.344914
0.6,0.829269,0.821046,1.60959,2.360644
0.55,0.813007,0.820452,1.513064,2.372187
0.65,0.829269,0.821641,1.424264,2.372819
0.55,0.780487,0.772295,1.330372,2.372819
0.5,0.772356,0.755648,1.239536,2.372819
0.5,0.764226,0.739596,1.166134,2.366477
0.5,0.756098,0.755648,1.110277,2.342185
0.55,0.723578,0.74019,1.054193,2.301486
0.425,0.711382,0.714625,1.014936,2.25688
0.3,0.699186,0.689061,0.985764,2.198873
0.4,0.650407,0.658145,0.957955,2.136819
0.35,0.658535,0.657551,0.933728,2.053463
0.25,0.609756,0.608205,0.924145,1.968441
0.2,0.642276,0.623662,0.920199,1.864366
0.1,0.601625,0.638526,0.915118,1.764149
0.2,0.617887,0.591558,0.905926,1.645655
0.2,0.585364,0.559453,0.897606,1.579394
0.2,0.569105,0.575505,0.880307,1.465946
0.15,0.544716,0.526754,0.865016,1.357792
0.15,0.520324,0.510702,0.852974,1.250612
0.15,0.504065,0.510702,0.849,1.105642
0.2,0.495935,0.479191,0.849,1.001508
0.2,0.406502,0.39893,0.849,0.921444
0.15,0.398375,0.382283,0.854768,0.845001
0.2,0.341462,0.334721,0.879166,0.781552
0.25,0.341462,0.319263,0.924125,0.72275
0.25,0.287262,0.271106,0.983623,0.680144
0.25,0.233062,0.222949,1.067853,0.64795
0.25,0.178862,0.174792,1.142534,0.639112
0.25,0.154469,0.09453,1.249603,0.63903
0.2,0.13008,0.109988,1.341704,0.63903
0.25,0.113822,0.110583,1.438613,0.639303
0.25,0.06504,0.046373,1.5402,0.642067
0.25,0.154469,0.126635,1.641136,0.645126
0.25,0.121949,0.126635,1.756172,0.65393
0.3,0.138211,0.127229,1.850577,0.667224
0.2,0.170731,0.222354,1.933631,0.685027
0.3,0.223576,0.239596,2.005387,0.704647
0.4,0.276422,0.256837,2.073433,0.730479
0.45,0.308942,0.289536,2.1215,0.754875
0.35,0.317073,0.3044,2.170354,0.794498
0.45,0.292684,0.305589,2.204219,0.848022
0.4,0.378049,0.385256,2.221002,0.912063
0.35,0.463415,0.464923,2.229952,0.995154
0.35,0.479673,0.464923,2.242876,1.093273
0.45,0.520324,0.530321,2.264886,1.172625
0.45,0.577236,0.562426,2.28235,1.274501
0.45,0.634146,0.610583,2.287893,1.369786
0.45,0.617887,0.610583,2.296125,1.48
0.5,0.691058,0.691439,2.309539,1.568622
0.4,0.666666,0.706302,2.317199,1.668981
0.5,0.699186,0.707491,2.336609,1.760273
0.5,0.682927,0.691439,2.356112,1.853522
0.6,0.764226,0.756837,2.365,1.917875
0.5,0.715447,0.691439,2.365,1.980566
0.55,0.715447,0.692033,2.365,2.012766
0.6,0.699186,0.70868,2.364164,2.012766
0.65,0.707316,0.709275,2.34264,2.012766
0.55,0.682927,0.692033,2.306568,2.011027
0.625,0.662602,0.668847,2.253642,1.97538
0.7,0.642276,0.64566,2.189776,1.912419
0.7,0.617887,0.613555,2.15447,1.865364
0.75,0.634146,0.646254,2.095625,1.776875
0.75,0.585364,0.582045,2.039596,1.692046
0.8,0.593495,0.58264,1.995432,1.617568
0.8,0.577236,0.58264,1.929792,1.524649
0.8,0.577236,0.566587,1.860584,1.435738
0.8,0.560975,0.550535,1.793733,1.340677
0.85,0.422764,0.502973,1.729925,1.2434
0.95,0.487804,0.472057,1.662168,1.141287
0.9,0.439025,0.439358,1.586711,1.064844
0.9,0.430895,0.439358,1.508374,0.995136
0.95,0.382113,0.375743,1.429643,0.934075
0.9,0.317073,0.326992,1.36718,0.894763
0.9,0.325204,0.326992,1.307907,0.881041
0.85,0.260164,0.262188,1.252057,0.881041
0.85,0.235771,0.246136,1.202414,0.881041
0.85,0.186993,0.197979,1.151459,0.882874
0.8,0.186993,0.197384,1.092819,0.917621
0.725,0.150407,0.156361,1.029081,0.983111
0.65,0.113822,0.115339,0.975639,1.058572
0.6,0.105691,0.114744,0.925738,1.134343
0.55,0.186993,0.146254,0.878693,1.215978
0.475,0.207316,0.19352,0.834947,1.294656
0.4,0.22764,0.240785,0.801082,1.381073
0.4,0.308942,0.353151,0.790594,1.469283
0.35,0.341462,0.3044,0.783038,1.56365
0.4,0.357724,0.353151,0.7805,1.653333
0.4,0.365854,0.369203,0.780816,1.740712
0.3,0.439025,0.416171,0.786356,1.8135
0.3,0.471545,0.464328,0.788,1.900032
0.3,0.471545,0.48038,0.796759,1.976298
0.25,0.560975,0.543995,0.881383,2.056998
0.25,0.544716,0.543995,0.919809,2.135388
0.25,0.601625,0.527943,0.939608,2.206644
0.3,0.528455,0.512485,0.976437,2.253771
0.25,0.504065,0.495838,1.084625,2.293292
0.25,0.552844,0.560048,1.164533,2.314843
0.15,0.544716,0.542806,1.250605,2.343036
0.2,0.585364,0.575505,1.338419,2.344661
0.15,0.528455,0.526754,1.396664,2.344661
0.2,0.512193,0.495244,1.465295,2.344085
0.15,0.463415,0.462545,1.551609,2.314189
0.15,0.471545,0.462545,1.626246,2.270443
0.2,0.439025,0.431034,1.66094,2.227782
0.1,0.349593,0.381688,1.712777,2.164844
0.15,0.317073,0.302021,1.749573,2.092042
0.15,0.308942,0.302021,1.777672,2.01154
0.15,0.333331,0.318074,1.815621,1.904036
0.2,0.333331,0.318668,1.841307,1.798877
0.225,0.337396,0.326992,1.87076,1.695528
0.25,0.341462,0.335315,1.884009,1.581875
0.283333,0.355012,0.351764,1.89062,1.466759
0.316667,0.368562,0.368212,1.898709,1.350975
0.35,0.382113,0.384661,1.912255,1.261467
0.4,0.430895,0.41736,1.94203,1.158424
0.35,0.447153,0.400713,1.968736,1.081923
0.475,0.487804,0.466409,1.984384,1.006736
0.6,0.528455,0.532105,2.009564,0.943527
0.55,0.536585,0.53151,2.048024,0.902998
0.6,0.528455,0.532105,2.149289,0.901863
0.7,0.577236,0.549346,2.213118,0.901863
0.65,0.617887,0.612961,2.30612,0.901863
0.7,0.609756,0.613555,2.370637,0.922514
0.6,0.601625,0.596314,2.394311,0.969672
0.65,0.626016,0.620987,2.407035,1.047218
0.7,0.650407,0.64566,2.4085,1.149687
0.75,0.642276,0.630202,2.4085,1.233432
0.8,0.626015,0.614744,2.408273,1.328362
0.8,0.593495,0.614744,2.404499,1.403977
0.8,0.593495,0.58264,2.356625,1.46075
0.8,0.577236,0.566587,2.303297,1.50161
0.8,0.560975,0.566587,2.266639,1.525735
0.85,0.585364,0.567182,2.221047,1.527
0.9,0.560975,0.551724,2.140769,1.528394
0.85,0.552844,0.55113,2.064864,1.529179
0.85,0.536585,0.535077,1.97019,1.530423
0.9,0.512193,0.503567,1.878968,1.52902
0.9,0.455284,0.45541,1.778965,1.527199
0.85,0.414633,0.422711,1.681921,1.526527
0.85,0.430895,0.438763,1.571011,1.525619
0.9,0.349593,0.359096,1.467924,1.522678
0.85,0.341462,0.342449,1.391396,1.510756
0.9,0.300811,0.294887,1.305625,1.50417
0.9,0.284553,0.294887,1.233375,1.48696
0.85,0.219513,0.246136,1.13679,1.484114
0.8,0.203251,0.213436,1.043891,1.484114
0.75,0.178862,0.180737,0.960654,1.484114
0.65,0.138211,0.147444,0.894431,1.489431
0.65,0.113822,0.115339,0.831792,1.515489
0.65,0.09756,0.099287,0.786359,1.544203
0.55,0.089429,0.082045,0.747903,1.578071
0.6,0.06504,0.066587,0.707212,1.626022
0.5,0.08943,0.097503,0.681541,1.693957
0.4,0.113821,0.128419,0.667099,1.769598
0.3,0.138211,0.159334,0.6645,1.849389
0.25,0.211382,0.206897,0.6645,1.920423
0.25,0.219513,0.206897,0.6645,1.987517
0.25,0.203251,0.190844,0.666343,2.040819
0.2,0.308942,0.302616,0.678218,2.092444
0.2,0.325204,0.334721,0.706064,2.135781
0.2,0.333331,0.334721,0.738929,2.16573
0.15,0.422764,0.414388,0.764659,2.191437
0.15,0.447153,0.43044,0.824136,2.22849
0.15,0.430895,0.43044,0.88642,2.249858
0.15,0.479673,0.462545,0.966337,2.274262
0.1,0.560975,0.542212,1.047061,2.30014
0.2,0.569105,0.543401,1.133514,2.321538
0.25,0.528455,0.527943,1.23275,2.3445
0.2,0.552845,0.575505,1.332285,2.36274
0.15,0.577236,0.623068,1.435054,2.363244
0.2,0.601625,0.60761,1.527997,2.363244
0.25,0.674796,0.624257,1.62175,2.363244
0.25,0.666666,0.656361,1.705759,2.355929
0.2,0.658535,0.655767,1.793201,2.326297
0.1,0.739836,0.718787,1.868038,2.296923
0.2,0.788618,0.784185,1.958454,2.242864
0.25,0.707316,0.704518,2.027031,2.189452
0.35,0.707316,0.705707,2.088444,2.124338
0.45,0.715447,0.690844,2.146918,2.037508
0.45,0.747967,0.739001,2.19475,1.955375
0.4,0.739836,0.738407,2.246178,1.853702
0.35,0.804876,0.866231,2.278917,1.758363
0.4,0.715447,0.722354,2.308573,1.670833
0.4,0.715447,0.69025,2.344186,1.581607
0.45,0.674796,0.674792,2.346484,1.492992
0.4,0.666666,0.658145,2.346484,1.462
0.5,0.634146,0.627229,2.346484,1.420653
0.5,0.593495,0.595125,2.343095,1.31716
0.5,0.552844,0.56302,2.322123,1.24441
0.5,0.536585,0.546968,2.290366,1.168325
0.55,0.495935,0.483353,2.258043,1.096764
0.55,0.471545,0.483353,2.22673,1.019306
0.45,0.422764,0.417955,2.171172,0.940406
0.45,0.390244,0.38585,2.105286,0.870252
0.45,0.325204,0.321641,2.052087,0.811126
0.55,0.308942,0.306778,1.995093,0.757997
0.55,0.308942,0.32283,1.934876,0.713557
0.55,0.292684,0.306778,1.869161,0.673692
0.5,0.19512,0.209869,1.808786,0.64065
0.6,0.178862,0.195006,1.750411,0.618625
0.7,0.19512,0.180143,1.685543,0.6175
0.7,0.154469,0.16409,1.608332,0.6175
0.75,0.203251,0.19679,1.5309,0.6175
0.7,0.170731,0.180143,1.463057,0.626137
0.8,0.19512,0.197384,1.423354,0.644328
0.8,0.235771,0.245541,1.397487,0.663254
0.8,0.284553,0.277646,1.372165,0.694591
0.85,0.308942,0.294293,1.35572,0.739468
0.85,0.349593,0.342449,1.354923,0.784131
0.85,0.390244,0.358502,1.354923,0.803
0.75,0.414633,0.389417,1.354923,0.803238
0.85,0.406502,0.422711,1.381915,0.870309
0.8,0.455284,0.454221,1.44945,0.971925
0.75,0.430895,0.437574,1.531153,1.072476
0.7,0.520324,0.517241,1.602856,1.170535
0.8,0.585364,0.58264,1.67359,1.296306
0.75,0.544716,0.549941,1.696575,1.403681
0.75,0.585364,0.582045,1.726825,1.51325
0.75,0.682927,0.678359,1.751336,1.620533
0.65,0.658535,0.661118,1.751836,1.714022
0.7,0.739836,0.725922,1.751836,1.81541
0.65,0.715447,0.693222,1.751836,1.897683
0.6,0.747967,0.740785,1.737477,1.990078
0.6,0.772356,0.804994,1.700859,2.073186
0.55,0.813007,0.8044,1.6892,2.135097
0.55,0.780487,0.756243,1.678755,2.154117
0.5,0.804876,0.787753,1.665944,2.170973
0.6,0.747967,0.724732,1.660243,2.189942
0.6,0.731706,0.724732,1.654317,2.204375
0.5,0.780487,0.755648,1.632558,2.208
0.45,0.780487,0.755054,1.595164,2.209782
0.4,0.764226,0.770511,1.552487,2.210043
0.4,0.747967,0.738407,1.465806,2.208532
0.383333,0.734417,0.727507,1.394364,2.198341
0.366667,0.720867,0.716607,1.314941,2.176119
0.35,0.707316,0.705707,1.215032,2.161301
0.3,0.707316,0.689061,1.084431,2.122153
0.3,0.642276,0.640904,0.956345,2.029965
0.25,0.666666,0.656361,0.853763,1.92616
0.25,0.650407,0.640309,0.820724,1.820009
0.15,0.650407,0.623068,0.793831,1.715077
0.2,0.634146,0.623662,0.77275,1.606875
0.25,0.593495,0.5761,0.762,1.49375
0.15,0.544716,0.542806,0.762,1.387291
0.15,0.536585,0.526754,0.762,1.260087
0.15,0.504065,0.510702,0.762098,1.156175
0.15,0.471545,0.446492,0.771568,1.047306
0.15,0.439025,0.43044,0.79285,0.966782
0.2,0.426829,0.414982,0.822525,0.900975
0.25,0.414633,0.399524,0.860351,0.851038
0.2,0.325204,0.318668,0.907996,0.796954
0.15,0.292684,0.302021,0.963625,0.75675
0.2,0.308942,0.286564,1.024406,0.728099
0.25,0.22764,0.319263,1.091775,0.705525
0.25,0.186993,0.190844,1.163571,0.680962
0.25,0.146342,0.174792,1.240981,0.652408
0.15,0.146342,0.141498,1.318911,0.627875
0.05,0.138211,0.140309,1.37799,0.618753
0.225,0.134146,0.126338,1.45198,0.595929
0.4,0.13008,0.112366,1.543465,0.582651
0.4,0.121949,0.128419,1.6117,0.581
0.5,0.081298,0.097503,1.718375,0.581
0.6,0.09756,0.08264,1.822822,0.5825
0.6,0.09756,0.114744,1.915875,0.6065
0.55,0.138211,0.146254,2.001,0.636125
0.5,0.146342,0.14566,2.070443,0.661364
0.5,0.13008,0.129608,2.128823,0.702055
0.4,0.19512,0.192628,2.17632,0.753761
0.45,0.178862,0.17717,2.233848,0.834716
0.4,0.170731,0.176576,2.274652,0.911658
0.3,0.260164,0.239596,2.310991,0.992232
0.4,0.260164,0.256837,2.329625,1.085875
0.35,0.252033,0.24019,2.3442,1.165452
0.3,0.325204,0.319857,2.348961,1.2735
0.35,0.365854,0.3044,2.351091,1.380107
0.25,0.390244,0.383472,2.351091,1.476144
0.3,0.406502,0.384067,2.350222,1.568434
0.2,0.471545,0.447087,2.348698,1.618702
0.3,0.520324,0.496433,2.339992,1.73115
0.3,0.536585,0.528537,2.31575,1.835
0.35,0.536585,0.529132,2.28427,1.926209
0.25,0.552844,0.560048,2.242895,2.01553
0.3,0.593495,0.624851,2.224875,2.07107
0.35,0.601625,0.593341,2.196416,2.122462
0.25,0.682927,0.656361,2.146611,2.180477
0.35,0.756098,0.72176,2.07182,2.238077
0.4,0.723578,0.674197,1.9965,2.277562
0.425,0.735773,0.698573,1.93875,2.2905
0.45,0.747967,0.722949,1.900123,2.2905
0.45,0.772356,0.755054,1.86645,2.2905
0.4,0.788618,0.770511,1.846046,2.289725
0.45,0.837396,0.835315,1.844921,2.256855
0.5,0.861789,0.83591,1.844921,2.200916
0.5,0.813007,0.803805,1.844921,2.109349
0.55,0.796749,0.788347,1.852,2.0235
0.65,0.780487,0.789536,1.865937,1.936188
0.65,0.747967,0.757432,1.886228,1.829556
0.65,0.715447,0.725327,1.896983,1.732703
0.65,0.756098,0.741379,1.91027,1.631171
0.7,0.715447,0.693817,1.924295,1.52764
0.7,0.691058,0.693817,1.925,1.451077
0.75,0.666666,0.646254,1.925,1.336843
0.7,0.642276,0.64566,1.92475,1.244473
0.8,0.666666,0.662901,1.916165,1.164812
0.75,0.609756,0.598098,1.88429,1.082537
0.75,0.577236,0.582045,1.860998,1.010754
0.85,0.585364,0.583234,1.813722,0.940655
0.9,0.593495,0.599881,1.748648,0.866205
0.9,0.577236,0.583829,1.688238,0.820006
0.85,0.552844,0.55113,1.606825,0.777994
0.9,0.536585,0.535672,1.530875,0.733075
0.85,0.495935,0.48692,1.461201,0.702061
0.85,0.495935,0.502973,1.368923,0.674321
0.9,0.390244,0.407253,1.293879,0.667892
0.85,0.390244,0.390606,1.207682,0.667892
0.8,0.357724,0.357907,1.137488,0.667892
0.8,0.325204,0.341855,1.07719,0.670708
0.8,0.292684,0.293698,1.042301,0.709021
0.7,0.284553,0.276457,0.982971,0.753491
0.7,0.252033,0.244352,0.92739,0.808765
0.65,0.252033,0.243757,0.878596,0.87829
0.6,0.268291,0.275268,0.84023,0.968421
0.6,0.325204,0.339477,0.806847,1.071361
0.55,0.365854,0.354935,0.77642,1.177172
0.5,0.390244,0.370392,0.750652,1.283699
0.55,0.471545,0.467301,0.708,1.377875
0.45,0.471545,0.482164,0.683751,1.471919
0.55,0.487804,0.483353,0.660854,1.588584
0.45,0.560975,0.546373,0.649194,1.679787
0.45,0.650407,0.626635,0.647426,1.783561
0.55,0.642276,0.643876,0.647426,1.852325
0.475,0.654471,0.642985,0.647426,1.90269
0.4,0.666666,0.642093,0.649088,1.951315
0.45,0.682927,0.642687,0.668659,1.986739
0.375,0.658536,0.641795,0.706481,2.014739
0.3,0.634146,0.640904,0.752492,2.0354
0.25,0.674796,0.656361,0.818,2.05375
0.3,0.642276,0.640904,0.892168,2.062677
0.3,0.699186,0.673008,0.978125,2.067875
0.25,0.691058,0.672414,1.063656,2.078922
0.25,0.650407,0.656361,1.140555,2.0805
0.25,0.634146,0.624257,1.225991,2.0805
0.2,0.601625,0.60761,1.287239,2.0805
0.2,0.609756,0.591558,1.335224,2.073958
0.2,0.569105,0.559453,1.373406,2.034152
0.15,0.520324,0.510702,1.393385,1.988292
0.15,0.495935,0.478597,1.403079,1.936553
0.15,0.479673,0.462545,1.406,1.866125
0.25,0.406502,0.399524,1.406,1.7735
0.2,0.390244,0.382878,1.406,1.682592
0.15,0.308942,0.285969,1.4035,1.56723
0.15,0.284552,0.248514,1.392909,1.44459
0.15,0.260161,0.211058,1.392909,1.375688
0.15,0.235771,0.173603,1.392909,1.261303
0.2,0.1626,0.158145,1.393273,1.15681
0.2,0.146342,0.12604,1.410431,1.030807
0.3,0.121949,0.127229,1.440564,0.937155
0.366667,0.09214,0.101268,1.481965,0.843713
0.433333,0.06233,0.075307,1.518012,0.768507
0.5,0.03252,0.049346,1.571975,0.708865
0.55,0.113822,0.11415,1.660158,0.64414
0.6,0.09756,0.098692,1.740951,0.605704
0.6,0.1626,0.162901,1.818125,0.596242
0.6,0.170731,0.146849,1.890164,0.596242
0.7,0.19512,0.196195,1.957066,0.596242
0.7,0.260164,0.260404,2.01748,0.599321
0.7,0.276422,0.276457,2.068167,0.621144
0.775,0.280487,0.285375,2.122706,0.678597
0.85,0.284553,0.294293,2.16675,0.752125
0.85,0.349593,0.358502,2.199906,0.8455
0.8,0.382113,0.37396,2.229696,0.95519
0.85,0.430895,0.438763,2.262423,1.049906
0.9,0.504065,0.439358,2.301194,1.168971
0.85,0.536585,0.535077,2.31537,1.281646
0.85,0.487804,0.48692,2.321373,1.420806
0.85,0.504065,0.48692,2.321787,1.547364
0.85,0.512193,0.502973,2.321787,1.650094
0.85,0.552844,0.55113,2.321679,1.752447
0.75,0.577236,0.582045,2.316346,1.840776
0.8,0.536585,0.550535,2.288982,1.937723
0.7,0.617887,0.597503,2.250007,2.005161
0.75,0.617887,0.630202,2.197299,2.096329
0.7,0.642276,0.64566,2.148112,2.157248
0.65,0.731706,0.709275,2.102168,2.19297
0.7,0.691058,0.677765,2.042013,2.224051
0.65,0.747967,0.757432,1.982632,2.247174
0.6,0.747967,0.756837,1.910149,2.27001
0.6,0.764226,0.740785,1.83972,2.277738
0.55,0.796749,0.788347,1.762149,2.278
0.5,0.796749,0.819857,1.70817,2.278
0.5,0.780487,0.787753,1.667139,2.277762
0.55,0.813007,0.8044,1.582114,2.271813
0.5,0.764226,0.7717,1.472354,2.22299
0.55,0.764226,0.756243,1.37895,2.215164
0.45,0.764226,0.755054,1.265972,2.210135
0.45,0.747967,0.739001,1.179864,2.204248
0.55,0.715447,0.708086,1.089617,2.188875
0.45,0.682927,0.690844,0.970021,2.154188
0.5,0.666666,0.659334,0.87825,2.117375
0.45,0.666666,0.642687,0.832572,2.091096
0.4,0.617887,0.609988,0.808895,2.064468
0.4,0.585364,0.577883,0.793013,2.017881
0.4,0.593495,0.545779,0.787,1.954522
0.475,0.56504,0.538644,0.787,1.876253
0.55,0.536585,0.53151,0.787,1.771859
0.6,0.447153,0.435791,0.787,1.681826
0.65,0.430895,0.420333,0.788534,1.622088
0.65,0.390244,0.372176,0.795159,1.509663
0.6,0.373982,0.355529,0.796076,1.406282
0.65,0.325204,0.324019,0.797326,1.298643
0.75,0.300811,0.309156,0.800032,1.192696
0.65,0.292684,0.243757,0.813872,1.093117
0.7,0.243902,0.260404,0.849426,0.999503
0.75,0.203251,0.19679,0.886554,0.923291
0.75,0.170731,0.148633,0.905343,0.881995
0.725,0.117885,0.108205,0.927362,0.849726
0.7,0.06504,0.067776,0.955993,0.820239
0.6,0.073171,0.066587,0.997668,0.805212
0.6,0.121949,0.066587,1.055167,0.805212
0.5,0.132789,0.102854,1.128158,0.805212
0.4,0.143629,0.13912,1.191004,0.806837
0.3,0.154469,0.175386,1.248264,0.825391
0.25,0.178862,0.190844,1.288917,0.858375
0.2,0.219513,0.206302,1.308052,0.888557
0.15,0.235771,0.22176,1.342244,0.949193
0.1,0.252033,0.237218,1.352015,0.972596
0.2,0.333331,0.318668,1.371543,1.057489
0.2,0.341462,0.334721,1.376,1.157289
0.15,0.349593,0.350178,1.376,1.221359
0.2,0.414633,0.39893,1.377565,1.359609
0.2,0.471545,0.447087,1.383961,1.505467
0.2,0.463415,0.463139,1.387336,1.653431
0.15,0.544716,0.558859,1.387336,1.790467
0.15,0.536585,0.526754,1.398143,1.902932
0.1,0.585364,0.558264,1.421225,1.998454
0.2,0.626015,0.623662,1.450045,2.090592
0.2,0.626015,0.623662,1.489351,2.167324
0.3,0.650407,0.640904,1.53991,2.219709
0.3,0.658535,0.656956,1.614958,2.261989
0.2,0.691058,0.655767,1.681912,2.27167
0.25,0.666666,0.656361,1.746196,2.272438
0.3,0.642276,0.624851,1.804542,2.272438
0.25,0.626015,0.624257,1.82711,2.272438
0.35,0.642276,0.641498,1.920107,2.264606
0.4,0.560975,0.561831,2.019658,2.227612
0.35,0.577236,0.561237,2.092761,2.177098
0.35,0.577236,0.561237,2.16409,2.107037
0.4,0.536585,0.529727,2.22835,2.019846
0.4,0.552844,0.529727,2.273835,1.930238
0.4,0.520324,0.513674,2.312646,1.835908
0.5,0.463415,0.466706,2.3545,1.721681
0.45,0.382113,0.38585,2.365946,1.604821
0.5,0.422764,0.402497,2.366262,1.508131
0.5,0.373982,0.386445,2.366262,1.405653
0.625,0.382113,0.379905,2.36469,1.300172
0.75,0.390244,0.373365,2.35939,1.208373
0.8,0.382113,0.37396,2.34999,1.124615
0.8,0.341462,0.341855,2.337126,1.046383
0.85,0.382113,0.374554,2.311357,0.961631
0.85,0.382113,0.374554,2.279365,0.88999
0.9,0.439025,0.439358,2.237275,0.824154
0.85,0.463415,0.502973,2.197022,0.776115
0.9,0.544716,0.551724,2.14452,0.734315
0.9,0.520324,0.51962,2.084084,0.712661
0.9,0.512193,0.51962,2.039189,0.712661
0.9,0.512193,0.51962,1.987171,0.712661
0.9,0.512193,0.51962,1.935625,0.715661
0.9,0.593495,0.599881,1.880858,0.736192
0.9,0.520324,0.51962,1.821699,0.79066
0.95,0.552844,0.536266,1.767592,0.868318
0.85,0.520324,0.502973,1.72752,0.948447
0.8,0.512193,0.502378,1.689702,1.030154
0.8,0.544716,0.534483,1.651525,1.123348
0.75,0.617887,0.61415,1.61794,1.216696
0.8,0.601625,0.598692,1.581406,1.322832
0.75,0.634146,0.646254,1.548133,1.416167
0.8,0.723578,0.727111,1.512915,1.520018
0.75,0.682927,0.694411,1.474572,1.624137
0.7,0.723578,0.725922,1.440531,1.708744
0.65,0.780487,0.773484,1.387216,1.810011
0.6,0.780487,0.788942,1.332473,1.89829
0.55,0.821138,0.8044,1.247939,2.009643
0.6,0.829269,0.821046,1.17515,2.085711
0.55,0.813007,0.8044,1.091413,2.154262
0.6,0.764226,0.756837,1.017977,2.201837
0.6,0.796749,0.788942,0.938695,2.244072
0.6,0.813007,0.804994,0.869557,2.260917
0.55,0.780487,0.772295,0.78625,2.260917
0.55,0.796749,0.772295,0.70994,2.260917
0.5,0.788618,0.787753,0.655358,2.260042
0.55,0.780487,0.756243,0.613935,2.24534
0.4875,0.760162,0.739447,0.591512,2.224107
0.425,0.739836,0.722652,0.58796,2.197264
0.3625,0.719511,0.705856,0.58796,2.154315
0.3,0.699186,0.689061,0.58796,2.091102
0.3,0.666666,0.673008,0.591148,2.010813
0.2,0.691058,0.655767,0.602125,1.936375
0.1,0.682927,0.654578,0.611903,1.851069
0.2,0.674796,0.671819,0.619217,1.754469
0.2,0.634146,0.60761,0.622738,1.659018
0.2,0.577236,0.575505,0.62575,1.562529
0.2,0.601625,0.591558,0.627195,1.461586
0.3,0.560975,0.560642,0.629414,1.369966
0.25,0.528455,0.527943,0.632596,1.26765
0.3,0.439025,0.448276,0.643875,1.159551
0.25,0.447153,0.447681,0.657912,1.084853
0.2,0.390244,0.39893,0.68435,1.011267
0.2,0.349593,0.350773,0.719774,0.931854
0.25,0.357724,0.335315,0.767348,0.864319
0.25,0.349593,0.335315,0.823391,0.806652
0.2,0.268291,0.254459,0.884389,0.755471
0.2,0.22764,0.222354,0.94308,0.697626
0.2,0.219513,0.222354,1.015012,0.654655
0.3,0.1626,0.159334,1.102658,0.621619
0.35,0.186993,0.175981,1.2092,0.592428
0.4,0.22764,0.224732,1.288571,0.573122
0.5,0.22764,0.209869,1.378877,0.548986
0.45,0.243902,0.217301,1.474278,0.527756
0.4,0.260164,0.224732,1.56857,0.524
0.5,0.252033,0.225922,1.655515,0.524
0.6,0.243902,0.227111,1.756415,0.524
0.7,0.154469,0.16409,1.8455,0.524875
0.7,0.219513,0.260404,1.924894,0.545881
0.75,0.260164,0.260999,1.980448,0.574
0.8,0.284553,0.277646,2.037113,0.620073
0.75,0.341462,0.34126,2.078049,0.670611
0.85,0.292684,0.310345,2.128987,0.74089
0.85,0.333331,0.342449,2.176234,0.824766
0.85,0.365854,0.358502,2.205885,0.909822
0.85,0.398375,0.374554,2.223177,1.004776
0.85,0.422764,0.422711,2.241033,1.113788
0.85,0.447153,0.438763,2.256865,1.20624
0.75,0.430895,0.40547,2.272357,1.311107
0.8,0.422764,0.422117,2.274869,1.409266
0.7,0.414633,0.420927,2.274869,1.513644
0.75,0.471545,0.453627,2.274869,1.573648
0.75,0.520324,0.517836,2.27267,1.67282
0.7,0.520324,0.517241,2.253045,1.753866
0.7,0.560975,0.565398,2.220848,1.84892
0.7,0.593495,0.597503,2.176931,1.913422
0.65,0.642276,0.67717,2.140535,1.972154
0.7,0.658535,0.661712,2.076483,2.031533
0.65,0.682927,0.67717,2.022137,2.074375
0.55,0.747967,0.74019,1.932032,2.117829
0.65,0.723578,0.789536,1.840954,2.166469
0.65,0.796749,0.789536,1.76852,2.191548
0.55,0.788618,0.772295,1.696368,2.210904
0.55,0.845527,0.788347,1.634253,2.219845
0.6,0.772356,0.772889,1.554352,2.225828
0.575,0.747967,0.740488,1.469278,2.241734
0.55,0.723578,0.708086,1.389842,2.248239
0.5,0.804876,0.707491,1.315139,2.251103
0.55,0.731706,0.724138,1.231688,2.247124
0.45,0.715447,0.722949,1.155366,2.243373
0.35,0.739836,0.72176,1.102357,2.242379
0.45,0.747967,0.739001,1.071702,2.220862
0.45,0.731706,0.722949,1.049112,2.201137
0.45,0.731706,0.722949,1.033754,2.175984
0.4,0.715447,0.706302,1.0124,2.136716
0.45,0.666666,0.642687,1.001269,2.068237
0.45,0.617887,0.610583,0.995339,1.984173
0.4,0.601625,0.609988,0.990029,1.884238
0.425,0.577235,0.578181,0.976978,1.781516
0.45,0.552844,0.546373,0.957625,1.677
0.5,0.520324,0.530916,0.934639,1.577611
0.6,0.495935,0.483948,0.910565,1.476357
0.6,0.479673,0.483948,0.895808,1.408505
0.6,0.487804,0.483948,0.884818,1.348996
0.65,0.422764,0.420333,0.871652,1.256446
0.65,0.365854,0.372176,0.871066,1.162121
0.7,0.341462,0.356718,0.871066,1.066011
0.7,0.357724,0.340666,0.871066,0.993337
0.8,0.300811,0.293698,0.879397,0.917641
0.9,0.300811,0.294887,0.897337,0.862672
0.8,0.219513,0.229489,0.937567,0.798647
0.8,0.178862,0.197384,0.99212,0.744604
0.75,0.170731,0.180737,1.04779,0.709668
0.65,0.170731,0.163496,1.122836,0.680096
0.7,0.154469,0.148038,1.194625,0.665125
0.675,0.11382,0.10761,1.241394,0.6645
0.65,0.073171,0.067182,1.278125,0.6645
0.45,0.0813,0.07283,1.31737,0.6645
0.25,0.089429,0.078478,1.344535,0.682125
0.25,0.113822,0.110583,1.373776,0.741968
0.25,0.154469,0.15874,1.396167,0.80625
0.2,0.154469,0.158145,1.406331,0.866939
0.25,0.1626,0.15874,1.409142,0.951049
0.2,0.22764,0.238407,1.408686,1.020976
0.2,0.260164,0.254459,1.40823,1.037008
0.2,0.284553,0.270511,1.408172,1.129184
0.2,0.341462,0.334721,1.407561,1.231782
0.15,0.398375,0.382283,1.402814,1.368787
0.15,0.390244,0.398335,1.399014,1.476972
0.15,0.455284,0.446492,1.38725,1.5935
0.15,0.463415,0.446492,1.3825,1.714727
0.15,0.512193,0.494649,1.3825,1.843049
0.1,0.544716,0.526159,1.3825,1.961534
0.15,0.560975,0.542806,1.385776,2.054324
0.15,0.552844,0.542806,1.413994,2.136209
0.2,0.593495,0.575505,1.449619,2.19514
0.3,0.650407,0.656956,1.49425,2.24875
0.3,0.715447,0.737218,1.547536,2.292216
0.25,0.691056,0.696492,1.607783,2.3075
0.2,0.666666,0.655767,1.685899,2.3075
0.25,0.682927,0.672414,1.758231,2.3075
0.3,0.682927,0.656956,1.836486,2.304878
0.3,0.658535,0.640904,1.928453,2.272052
0.325,0.638211,0.625149,2.008135,2.225245
0.35,0.617887,0.609394,2.085762,2.169476
0.4,0.634146,0.609988,2.148824,2.115593
0.5,0.569105,0.56302,2.227575,2.031607
0.45,0.569105,0.546373,2.283968,1.949973
0.35,0.552844,0.545184,2.327222,1.867075
0.425,0.516258,0.513971,2.359575,1.775541
0.5,0.479673,0.482759,2.372875,1.6875
0.575,0.443087,0.451546,2.3815,1.589929
0.65,0.406502,0.420333,2.3815,1.498274
0.75,0.414633,0.40547,2.3815,1.391867
0.7,0.406502,0.404875,2.380344,1.29704
0.75,0.398375,0.389417,2.366193,1.192689
0.75,0.390244,0.373365,2.349917,1.144885
0.85,0.365854,0.358502,2.331377,1.056106
0.9,0.406502,0.407253,2.309422,0.958157
0.85,0.406502,0.406659,2.272226,0.872816
0.85,0.439025,0.438763,2.219406,0.789787
0.85,0.487804,0.470868,2.179036,0.72899
0.9,0.463415,0.471463,2.131027,0.689712
0.85,0.650407,0.631391,2.080133,0.669717
0.9,0.536585,0.551724,2.030977,0.669266
0.9,0.528455,0.535672,1.966059,0.669266
0.85,0.544716,0.567182,1.910625,0.669266
0.85,0.544716,0.519025,1.859891,0.691896
0.85,0.560975,0.567182,1.81377,0.730531
0.75,0.560975,0.533888,1.767813,0.774
0.75,0.569105,0.549941,1.715018,0.840922
0.75,0.634146,0.630202,1.670325,0.923864
0.7,0.585364,0.693817,1.639292,0.99955
0.7,0.658535,0.64566,1.607709,1.091411
0.7,0.674796,0.661712,1.572834,1.199161
0.65,0.723578,0.725327,1.533016,1.303026
0.65,0.699186,0.693222,1.48521,1.411728
0.7,0.715447,0.774078,1.433201,1.524829
0.6,0.764226,0.772889,1.38562,1.620276
0.65,0.780487,0.757432,1.331953,1.717486
0.55,0.829269,0.836504,1.267481,1.819288
0.55,0.813007,0.820452,1.203375,1.912625
0.5,0.796749,0.803805,1.12787,1.99561
0.5,0.764226,0.739596,1.051443,2.065966
0.45,0.772356,0.755054,0.98252,2.116437
0.45,0.739836,0.722949,0.903896,2.166779
0.45,0.747967,0.739001,0.844153,2.200375
0.375,0.739836,0.722057,0.775875,2.210389
0.3,0.731706,0.705113,0.720591,2.210389
0.3,0.699186,0.705113,0.671387,2.210389
0.25,0.699186,0.672414,0.644453,2.2081
0.25,0.601625,0.608205,0.629553,2.16992
0.2,0.617887,0.60761,0.62891,2.129536
0.2,0.601625,0.60761,0.62891,2.082962
0.15,0.617887,0.607015,0.62891,2.007364
0.2,0.617887,0.591558,0.631036,1.924129
0.2,0.601625,0.591558,0.645764,1.817685
0.1,0.577236,0.574316,0.662273,1.72117
0.2,0.560975,0.543401,0.680454,1.60987
0.2,0.552844,0.559453,0.695321,1.501087
0.25,0.552844,0.543995,0.725743,1.40308
0.2,0.504065,0.495244,0.742859,1.293512
0.2,0.487804,0.479191,0.767787,1.190056
0.25,0.479673,0.479786,0.804666,1.075317
0.35,0.512193,0.497027,0.829598,0.97312
0.35,0.495935,0.497027,0.874294,0.887247
0.4,0.528455,0.545779,0.930042,0.811197
0.45,0.560975,0.546373,0.987379,0.754375
0.4,0.593495,0.577883,1.059562,0.69267
0.45,0.609756,0.59453,1.11826,0.648082
0.45,0.585364,0.578478,1.208858,0.607093
0.475,0.577235,0.578775,1.30491,0.580353
0.5,0.569105,0.579073,1.401094,0.566486
0.5,0.552844,0.56302,1.484211,0.560504
0.5,0.552844,0.546968,1.582556,0.559672
0.6,0.569105,0.564209,1.66961,0.559672
0.55,0.536585,0.547562,1.7693,0.559672
0.625,0.504065,0.51635,1.869492,0.565632
0.7,0.471545,0.485137,1.965441,0.58922
0.75,0.463415,0.469679,2.056047,0.626803
0.75,0.430895,0.437574,2.126982,0.667415
0.75,0.430895,0.437574,2.178397,0.709336
0.85,0.406502,0.406659,2.192,0.743889
0.8,0.414633,0.406064,2.192,0.777104
0.8,0.357724,0.357907,2.192,0.829139
0.8,0.325204,0.325803,2.18775,0.877596
0.8,0.325204,0.341855,2.144625,0.929875
0.8,0.300811,0.30975,2.10166,0.978954
0.85,0.235771,0.230083,2.053028,1.019573
0.85,0.170731,0.165874,2.003407,1.047184
0.85,0.1626,0.165874,1.952449,1.068682
0.8,0.170731,0.165279,1.88573,1.10629
0.75,0.13008,0.13258,1.821722,1.123012
0.7,0.089429,0.099881,1.736783,1.142342
0.65,0.0813,0.09126,1.672224,1.156316
0.6,0.073171,0.08264,1.59549,1.164179
0.5,0.07859,0.086801,1.524006,1.172638
0.4,0.08401,0.090963,1.454796,1.191326
0.3,0.089429,0.095125,1.388618,1.231363
0.2,0.121949,0.12604,1.346494,1.270197
0.2,0.13008,0.12604,1.28727,1.339764
0.25,0.19512,0.190844,1.230217,1.413822
0.35,0.211382,0.208086,1.194488,1.477534
0.25,0.341462,0.335315,1.190383,1.554407
0.25,0.333331,0.319263,1.190383,1.645675
0.2,0.345527,0.334721,1.190383,1.742223
0.15,0.357724,0.350178,1.19125,1.829492
0.1,0.398375,0.381688,1.19519,1.931946
0.1,0.463415,0.46195,1.210833,2.022131
0.15,0.495935,0.478597,1.233673,2.094417
0.2,0.495935,0.495244,1.263947,2.164614
0.2,0.520324,0.495244,1.306159,2.223762
0.15,0.544716,0.542806,1.343377,2.267998
0.15,0.552844,0.542806,1.370254,2.32049
0.05,0.650407,0.653983,1.388125,2.352671
0.1,0.642276,0.638526,1.4515,2.357
0.15,0.634146,0.623068,1.528453,2.357
0.2,0.634146,0.639715,1.601325,2.357
0.15,0.674796,0.655172,1.674221,2.352715
0.2,0.682927,0.655767,1.75187,2.331647
0.2,0.731706,0.719976,1.825818,2.308014
0.3,0.739836,0.729191,1.913246,2.271004
0.4,0.747967,0.738407,2.0145,2.221
0.4,0.780487,0.754459,2.11975,2.163625
0.4,0.764226,0.754459,2.146502,2.124684
0.35,0.764226,0.769917,2.182761,2.066068
0.4,0.813007,0.818668,2.216944,2.003692
0.5,0.813007,0.787753,2.25271,1.932725
0.5,0.853658,0.851962,2.283495,1.857488
0.55,0.845527,0.820452,2.304502,1.760442
0.45,0.845527,0.819263,2.314875,1.671728
0.45,0.845527,0.819263,2.322325,1.567978
0.55,0.821138,0.8044,2.329852,1.462094
0.55,0.796749,0.8044,2.337092,1.378521
0.6,0.837398,0.748811,2.337894,1.283653
0.65,0.878047,0.693222,2.336,1.17968
0.6,0.764226,0.756837,2.336,1.091917
0.65,0.747967,0.741379,2.336,1.029808
0.7,0.707316,0.725922,2.315467,0.950492
0.65,0.715447,0.709275,2.286583,0.876648
0.65,0.699186,0.709275,2.25125,0.82111
0.7,0.682927,0.677765,2.207279,0.750941
0.65,0.626015,0.629013,2.164242,0.703621
0.6,0.601625,0.596314,2.100353,0.668922
0.6,0.593495,0.596314,2.034947,0.643099
0.55,0.552844,0.547562,1.965359,0.611637
0.55,0.536585,0.53151,1.885477,0.589511
0.533333,0.525746,0.525961,1.80402,0.576222
0.516667,0.514905,0.520412,1.712457,0.568916
0.5,0.504065,0.514863,1.613494,0.560548
0.4,0.536585,0.529727,1.53038,0.555333
0.35,0.495935,0.497027,1.445823,0.555333
0.3,0.455284,0.448276,1.36839,0.555333
0.266667,0.433604,0.426476,1.291753,0.5555
0.233333,0.411924,0.404677,1.203923,0.565218
0.2,0.390244,0.382878,1.123587,0.585792
0.2,0.373982,0.366825,1.054492,0.612107
0.3,0.349593,0.351962,0.994136,0.649289
0.2,0.333331,0.366825,0.92542,0.706022
0.3,0.284553,0.287753,0.869135,0.769358
0.25,0.276422,0.255054,0.826411,0.843103
0.25,0.243902,0.222949,0.799572,0.913767
0.25,0.1626,0.174792,0.776169,0.982843
0.175,0.150406,0.149822,0.763,1.053625
0.1,0.138211,0.124851,0.763,1.108564
0.2,0.121949,0.12604,0.763,1.166138
0.3,0.13008,0.111177,0.765235,1.198228
0.3,0.113822,0.127229,0.792372,1.23579
0.35,0.113822,0.111772,0.841332,1.268427
0.25,0.138211,0.110583,0.898325,1.283703
0.35,0.154469,0.159929,0.968998,1.2935
0.45,0.15718,0.150416,1.054998,1.295121
0.55,0.15989,0.140904,1.157579,1.295484
0.65,0.1626,0.131391,1.247297,1.295484
0.65,0.178862,0.179548,1.366806,1.295363
0.65,0.170731,0.163496,1.461122,1.294943
0.7,0.22764,0.2283,1.576123,1.293193
0.75,0.284553,0.277051,1.68334,1.293
0.8,0.268291,0.261593,1.77049,1.293
0.8,0.341462,0.341855,1.840613,1.293
0.85,0.308942,0.310345,1.920131,1.312648
0.85,0.349593,0.374554,1.999113,1.337375
0.8,0.373982,0.390012,2.052625,1.357707
0.9,0.406502,0.407253,2.101659,1.397871
0.9,0.406502,0.407253,2.156033,1.440132
0.85,0.471545,0.470868,2.196831,1.516021
0.85,0.479673,0.470868,2.248767,1.610091
0.8,0.471545,0.502378,2.278586,1.699777
0.85,0.552844,0.55113,2.291504,1.793914
0.8,0.569105,0.51843,2.291504,1.885375
0.8,0.560975,0.550535,2.291504,1.943886
0.8,0.552844,0.534483,2.290253,2.00893
0.75,0.552844,0.549941,2.279809,2.039352
0.7,0.536585,0.549346,2.252899,2.056768
0.7,0.577236,0.565398,2.200427,2.077419
0.7,0.601625,0.597503,2.15268,2.089455
0.65,0.642276,0.629013,2.090786,2.10395
0.6,0.617887,0.612366,2.031587,2.116828
0.6,0.666666,0.676576,1.972889,2.12886
0.6,0.682927,0.676576,1.877937,2.159135
0.55,0.699186,0.692033,1.798322,2.173296
0.55,0.731706,0.708086,1.708297,2.196516
0.5,0.731706,0.723543,1.618969,2.211997
0.5,0.699186,0.707491,1.531023,2.22216
0.5,0.747967,0.739596,1.438506,2.231994
0.45,0.747967,0.739001,1.356021,2.241806
0.45,0.739836,0.739001,1.26575,2.242984
0.4,0.715447,0.722354,1.177308,2.242984
0.45,0.699186,0.706897,1.095763,2.242984
0.4,0.699186,0.69025,1.029109,2.236918
0.5,0.682927,0.659334,0.96939,2.220479
0.45,0.650407,0.642687,0.919052,2.197831
0.35,0.634146,0.641498,0.868589,2.161819
0.3,0.626015,0.624851,0.809875,2.108875
0.25,0.609756,0.592152,0.752983,2.04749
0.25,0.585364,0.560048,0.729512,1.985826
0.3,0.552844,0.528537,0.723122,1.914684
0.25,0.528455,0.511891,0.723122,1.855471
0.2,0.520324,0.479191,0.723122,1.773617
0.15,0.512193,0.446492,0.724875,1.683783
0.2,0.463415,0.447087,0.729,1.638
0.2,0.414633,0.414982,0.736437,1.620675
0.2,0.455284,0.431034,0.75082,1.531804
0.25,0.382113,0.36742,0.759168,1.517686
0.2,0.382113,0.366825,0.817358,1.420783
0.3,0.357724,0.351962,0.86508,1.30184
0.25,0.317073,0.335315,0.906576,1.189234
0.3,0.317073,0.319857,0.953812,1.080438
0.225,0.284553,0.278835,1.003812,0.969562
0.15,0.252033,0.237812,1.047897,0.88185
0.25,0.243902,0.255054,1.107366,0.79945
0.266667,0.260163,0.265953,1.179694,0.73915
0.283333,0.276423,0.276853,1.245519,0.710806
0.3,0.292684,0.287753,1.287325,0.709
0.4,0.308942,0.288942,1.344235,0.709
0.4,0.390244,0.304994,1.411487,0.709
0.45,0.382113,0.353746,1.496926,0.709919
0.45,0.341462,0.401902,1.578,0.72421
0.55,0.390244,0.387039,1.653578,0.747046
0.6,0.398375,0.371581,1.74175,0.782883
0.55,0.373982,0.370987,1.825179,0.829734
0.5,0.422764,0.402497,1.895949,0.866012
0.55,0.390244,0.387039,1.963491,0.916757
0.55,0.382113,0.387039,2.017125,0.964
0.55,0.390244,0.387039,2.067892,1.018752
0.55,0.390244,0.387039,2.105797,1.073438
0.55,0.430895,0.483353,2.133948,1.145872
0.5,0.406502,0.418549,2.145073,1.222907
0.4,0.430895,0.449465,2.1505,1.288245
0.5,0.422764,0.434602,2.1505,1.372257
0.55,0.422764,0.419144,2.1505,1.454003
0.55,0.447153,0.451249,2.1495,1.53123
0.55,0.476964,0.478002,2.132944,1.622495
0.55,0.506774,0.504756,2.109135,1.699995
0.55,0.536585,0.53151,2.090863,1.750224
0.6,0.504065,0.516052,2.079383,1.780917
0.55,0.585364,0.53151,2.0544,1.784
0.55,0.650407,0.627824,2.036536,1.784
0.6,0.666666,0.676576,1.99405,1.784
0.65,0.666666,0.67717,1.941964,1.77585
0.7,0.682927,0.677765,1.895862,1.74104
0.65,0.634146,0.645065,1.84725,1.705915
0.7,0.650407,0.64566,1.775745,1.657281
0.8,0.642276,0.630797,1.716533,1.624919
0.7,0.634146,0.629608,1.65647,1.599575
0.8,0.634146,0.630797,1.595344,1.581751
0.8,0.634146,0.630797,1.561485,1.571557
0.85,0.626015,0.599287,1.527043,1.558154
0.8,0.577236,0.566587,1.495843,1.545557
0.8,0.585364,0.566587,1.476833,1.536417
0.85,0.569105,0.567182,1.475,1.532573
0.85,0.520324,0.55113,1.475,1.52825
0.85,0.487804,0.48692,1.475,1.516639
0.85,0.455284,0.438763,1.474136,1.504308
0.9,0.422764,0.423306,1.472522,1.489761
0.9,0.365854,0.391201,1.472522,1.471627
0.85,0.341462,0.342449,1.472522,1.443855
0.85,0.333331,0.326397,1.466556,1.424604
0.8,0.268291,0.277646,1.433757,1.402816
0.85,0.219513,0.214031,1.387821,1.378169
0.75,0.22764,0.228894,1.34171,1.360506
0.7,0.182926,0.188169,1.325125,1.336133
0.65,0.138211,0.147444,1.264623,1.332
0.55,0.146342,0.130202,1.185529,1.332
0.5,0.19512,0.193817,1.107466,1.332
0.45,0.113822,0.112961,1.039746,1.332375
0.35,0.166667,0.167955,0.983986,1.345399
0.25,0.219513,0.222949,0.935625,1.374625
0.2,0.203251,0.19025,0.886125,1.417875
0.25,0.235771,0.222949,0.778188,1.477375
0.2,0.235771,0.238407,0.734021,1.536681
0.275,0.288616,0.287455,0.704361,1.600393
0.35,0.341462,0.336504,0.6935,1.689708
0.25,0.390244,0.383472,0.6935,1.753139
0.25,0.382113,0.383472,0.6935,1.823716
0.2,0.439025,0.447087,0.694018,1.882857
0.15,0.479673,0.478597,0.712018,1.949763
0.15,0.495935,0.494649,0.746141,2.012063
0.15,0.512193,0.494649,0.792579,2.064038
0.15,0.520324,0.526754,0.847932,2.100215
0.15,0.552844,0.542806,0.909584,2.138529
0.15,0.544716,0.542806,0.984285,2.17069
0.25,0.593495,0.5761,1.092061,2.206161
0.25,0.577236,0.5761,1.172474,2.248693
0.2,0.577236,0.559453,1.250245,2.255635
0.25,0.569105,0.560048,1.338074,2.255635
0.25,0.552844,0.543995,1.424002,2.255635
0.25,0.512193,0.495838,1.5221,2.254495
0.15,0.512193,0.510702,1.619464,2.232143
0.25,0.459347,0.463734,1.705359,2.213608
0.35,0.406502,0.416766,1.8017,2.189324
0.3,0.357724,0.351962,1.903767,2.152358
0.3,0.317073,0.303805,2.0086,2.105975
0.3,0.317073,0.303805,2.070811,2.042601
0.375,0.296747,0.280618,2.12342,1.964018
0.45,0.276422,0.257432,2.172884,1.885367
0.5,0.219513,0.225922,2.231875,1.8115
0.55,0.214092,0.215815,2.279601,1.717327
0.6,0.208671,0.205707,2.296033,1.599453
0.65,0.203251,0.1956,2.299671,1.503563
0.65,0.146342,0.147444,2.299671,1.377568
0.65,0.1626,0.163496,2.299671,1.282123
0.65,0.1626,0.163496,2.2983,1.173923
0.65,0.178862,0.179548,2.279012,1.094335
0.6,0.186993,0.162901,2.226838,1.023756
0.65,0.170731,0.179548,2.174786,0.968168
0.7,0.170731,0.180143,2.128588,0.927148
0.65,0.113822,0.131391,2.075899,0.921678
0.65,0.203251,0.1956,2.02545,0.921678
0.65,0.219513,0.211653,2.005,0.921678
0.65,0.219513,0.1956,2.005,0.92604
0.65,0.22764,0.227705,2.005,0.967125
0.75,0.19512,0.19679,2.005806,1.025344
0.7,0.211382,0.2283,2.02123,1.101194
0.7,0.276422,0.276457,2.035099,1.205139
0.75,0.260164,0.260999,2.06034,1.300661
0.75,0.243902,0.260999,2.062375,1.397455
0.7,0.276422,0.324614,2.0625,1.489762
0.65,0.357724,0.356124,2.0625,1.589934
0.65,0.357724,0.356124,2.0625,1.686574
0.7,0.390244,0.372771,2.048,1.75307
0.75,0.439025,0.437574,2.009213,1.810019
0.7,0.455284,0.469084,1.977753,1.871032
0.65,0.504065,0.500595,1.932503,1.935104
0.65,0.544716,0.548751,1.914333,2.022779
0.6,0.504065,0.5,1.859445,2.084571
0.65,0.585364,0.580856,1.81857,2.139018
0.65,0.634146,0.612961,1.803365,2.186606
0.65,0.658535,0.645065,1.778844,2.221906
0.6,0.691058,0.676576,1.760064,2.251967
0.6,0.699186,0.70868,1.741075,2.276358
0.65,0.788618,0.789536,1.728972,2.278
0.6,0.723578,0.692628,1.710141,2.278
0.55,0.772356,0.820452,1.690862,2.278
0.55,0.745257,0.772295,1.670359,2.275585
0.55,0.718158,0.724138,1.644261,2.265051
0.55,0.691058,0.675981,1.622283,2.258737
0.55,0.699186,0.692033,1.603483,2.255704
0.475,0.739836,0.723246,1.571188,2.25385
0.4,0.780487,0.754459,1.526409,2.252104
0.35,0.731706,0.72176,1.474573,2.239641
0.35,0.666666,0.657551,1.43299,2.214386
0.35,0.666666,0.657551,1.386477,2.181605
0.35,0.707316,0.689655,1.342748,2.144405
0.3,0.682927,0.673008,1.30524,2.09554
0.25,0.666666,0.656361,1.253216,2.03755
0.25,0.650407,0.656361,1.20571,1.966601
0.15,0.666666,0.655172,1.166852,1.899712
0.2,0.634146,0.60761,1.128125,1.824767
0.2,0.609756,0.60761,1.08982,1.75064
0.15,0.569105,0.574911,1.052986,1.680244
0.15,0.577236,0.558859,1.01375,1.611625
0.2,0.536585,0.527348,0.973273,1.5361
0.15,0.536585,0.526754,0.938486,1.455634
0.15,0.447153,0.446492,0.912079,1.395756
0.2,0.422764,0.39893,0.891688,1.358378
0.15,0.430895,0.414388,0.8905,1.32861
0.2,0.357724,0.350773,0.8905,1.302239
0.15,0.317073,0.318074,0.8905,1.286
0.15,0.281842,0.275268,0.904896,1.272275
0.15,0.246612,0.232461,0.933351,1.214049
0.15,0.211382,0.189655,0.969159,1.149945
0.25,0.154469,0.15874,1.014278,1.086249
0.2875,0.156502,0.155172,1.112126,0.98702
0.325,0.158535,0.151605,1.174692,0.91272
0.3625,0.160568,0.148038,1.234156,0.777556
0.4,0.1626,0.144471,1.313935,0.659567
0.5,0.19512,0.177765,1.38445,0.625517
0.55,0.178862,0.178359,1.464198,0.593101
0.625,0.178862,0.179251,1.537165,0.58175
0.7,0.178862,0.180143,1.631492,0.581
0.75,0.178862,0.180737,1.719774,0.581
0.8,0.178862,0.181332,1.807233,0.581
0.85,0.292684,0.27824,1.891625,0.587
0.85,0.308942,0.310345,1.966634,0.604808
0.85,0.317073,0.326397,2.025556,0.633084
0.85,0.365854,0.374554,2.078496,0.673731
0.85,0.373982,0.390606,2.132503,0.7354
0.9,0.398375,0.407253,2.188887,0.804084
0.95,0.406502,0.4239,2.30297,0.896677
0.85,0.471545,0.470868,2.328323,0.983616
0.85,0.439025,0.422711,2.35841,1.092511
0.85,0.422764,0.406659,2.383133,1.22735
0.8,0.422764,0.422117,2.386767,1.331817
0.8,0.487804,0.470273,2.386767,1.442953
0.8,0.487804,0.486326,2.386767,1.543184
0.8,0.536585,0.51843,2.370611,1.650969
0.8,0.528455,0.534483,2.273101,1.764371
0.75,0.585364,0.565993,2.206412,1.902393
0.7,0.585364,0.581451,2.149428,2.006151
0.7,0.601625,0.581451,2.095621,2.06197
0.7,0.650407,0.661712,2.06353,2.110326
0.7,0.634146,0.64566,2.008267,2.166958
0.7,0.666666,0.64566,1.941352,2.218875
0.7,0.650407,0.629608,1.848608,2.278489
0.7,0.617887,0.613555,1.774402,2.309537
0.7,0.593495,0.597503,1.718188,2.31481
0.75,0.585364,0.582045,1.652956,2.317463
0.7,0.569105,0.565398,1.567936,2.333931
0.6,0.569105,0.564209,1.455642,2.355403
0.6,0.552844,0.548157,1.3892,2.359457
0.6,0.544716,0.532105,1.314576,2.359457
0.65,0.504065,0.516647,1.233192,2.359457
0.6,0.512193,0.516052,1.139125,2.355652
0.5,0.455284,0.450654,1.044431,2.338223
0.6,0.422764,0.419738,0.976076,2.315343
0.525,0.422764,0.418847,0.93479,2.290816
0.45,0.422764,0.417955,0.914445,2.264679
0.45,0.373982,0.38585,0.85494,2.250022
0.45,0.430895,0.38585,0.831463,2.203782
0.35,0.386178,0.360583,0.829717,2.141024
0.25,0.341462,0.335315,0.828087,2.061467
0.15,0.325204,0.334126,0.826604,1.991787
0.2,0.357724,0.334721,0.824875,1.909027
0.2,0.365854,0.350773,0.824303,1.833038
0.2,0.398375,0.350773,0.817002,1.742395
0.25,0.398375,0.383472,0.803252,1.66077
0.225,0.43496,0.431332,0.797883,1.587183
0.2,0.471545,0.479191,0.797883,1.521273
0.15,0.479673,0.446492,0.797883,1.464031
0.2,0.520324,0.527348,0.799816,1.421973
0.25,0.520324,0.560048,0.812228,1.39775
0.233333,0.542004,0.5652,0.831323,1.38451
0.216667,0.563684,0.570353,0.866806,1.378346
0.2,0.585364,0.575505,0.915062,1.377971
0.25,0.585364,0.5761,0.921,1.377971
0.3,0.626015,0.592747,0.922154,1.377971
0.25,0.707316,0.688466,0.944561,1.387132
0.25,0.699186,0.672414,0.975157,1.408696
0.3,0.682927,0.673008,1.001829,1.429047
0.3,0.796749,0.801427,1.00758,1.437236
0.35,0.768293,0.761891,1.047642,1.447026
0.4,0.739836,0.722354,1.12675,1.462068
0.4,0.772356,0.754459,1.226428,1.468273
0.5,0.780487,0.7717,1.308499,1.468273
0.4,0.813007,0.802616,1.414206,1.468273
0.45,0.804876,0.819263,1.786306,1.465818
0.55,0.813007,0.788347,1.981685,1.451837
0.6,0.813007,0.804994,2.026013,1.424716
0.55,0.780487,0.756243,2.049583,1.404379
0.65,0.756098,0.741379,2.077189,1.369642
0.65,0.715447,0.693222,2.100874,1.332605
0.6,0.691058,0.676576,2.139218,1.276202
0.65,0.699186,0.693222,2.169783,1.237488
0.7,0.691058,0.677765,2.180306,1.184216
0.75,0.650407,0.646254,2.180408,1.124525
0.8,0.642276,0.630797,2.180408,1.090505
0.85,0.601625,0.615339,2.178908,1.036633
0.75,0.593495,0.582045,2.168602,0.97168
0.75,0.569105,0.582045,2.145406,0.908762
0.8,0.544716,0.550535,2.112656,0.859668
0.85,0.544716,0.535077,2.066136,0.805874
0.85,0.528455,0.519025,2.011443,0.756021
0.85,0.504065,0.48692,1.95643,0.706881
0.85,0.455284,0.438763,1.878255,0.67101
0.85,0.414633,0.422711,1.795798,0.649848
0.9,0.430895,0.423306,1.719192,0.632758
0.9,0.390244,0.391201,1.640456,0.621083
0.8,0.325204,0.325803,1.560111,0.619917
0.8,0.325204,0.30975,1.472254,0.619917
0.85,0.252033,0.246136,1.381795,0.619917
0.85,0.22764,0.246136,1.288271,0.626958
0.8,0.22764,0.229489,1.195093,0.651964
0.9,0.178862,0.166468,1.122,0.687375
0.783333,0.146341,0.138327,1.084033,0.731182
0.666667,0.113819,0.110186,1.032063,0.79049
0.55,0.081298,0.082045,0.982559,0.850431
0.425,0.065038,0.072533,0.938749,0.914893
0.3,0.048778,0.06302,0.896641,0.996295
0.35,0.113822,0.111772,0.862585,1.085047
0.3,0.146342,0.127229,0.83425,1.183125
0.2,0.178862,0.19025,0.812582,1.292771
0.3,0.203251,0.191439,0.779812,1.391594
0.3,0.260164,0.255648,0.741014,1.483035
0.25,0.321138,0.319263,0.735806,1.578587
0.2,0.382113,0.382878,0.735806,1.675644
0.2,0.292684,0.286564,0.735806,1.77368
0.2,0.308942,0.302616,0.736105,1.870602
0.15,0.357724,0.350178,0.753625,1.956875
0.15,0.414633,0.414388,0.786437,2.030715
0.15,0.430895,0.414388,0.831976,2.096635
0.2,0.430895,0.431034,0.870973,2.138999
0.3,0.504065,0.48038,0.98615,2.193418
0.2,0.495935,0.495244,1.050828,2.227231
0.2,0.544716,0.527348,1.119132,2.254191
0.3,0.552844,0.54459,1.18775,2.274375
0.2,0.617887,0.655767,1.259271,2.291688
0.3,0.601625,0.592747,1.334884,2.302672
0.3,0.609756,0.592747,1.412981,2.306
0.3,0.634146,0.624851,1.476417,2.306
0.25,0.666666,0.656361,1.511389,2.306
0.35,0.715447,0.625446,1.575274,2.304101
0.4,0.731706,0.674197,1.654712,2.29057
0.35,0.699186,0.689655,1.747005,2.264757
0.4,0.666666,0.658145,1.817566,2.232512
0.4,0.699186,0.69025,1.871932,2.194138
0.45,0.699186,0.690844,1.937462,2.137921
0.5,0.723578,0.691439,1.981289,2.080878
0.45,0.682927,0.674792,2.02975,2.015729
0.5,0.715447,0.707491,2.070481,1.94984
0.5,0.699186,0.691439,2.1104,1.876163
0.6,0.699186,0.692628,2.139919,1.795818
0.65,0.682927,0.67717,2.163665,1.721411
0.65,0.626015,0.629013,2.1855,1.649
0.6,0.569105,0.548157,2.202415,1.56094
0.6,0.544716,0.532105,2.224668,1.479826
0.6,0.585364,0.564209,2.232,1.393759
0.7,0.552844,0.549346,2.232,1.302238
0.7,0.569105,0.565398,2.232,1.21399
0.7,0.528455,0.517241,2.231712,1.105302
0.75,0.479673,0.469679,2.204375,1.02557
0.775,0.459349,0.445898,2.162386,0.958393
0.8,0.439025,0.422117,2.119138,0.897162
0.85,0.422764,0.422711,2.070072,0.848717
0.8,0.439025,0.438169,2.010625,0.808625
0.85,0.430895,0.422711,1.944763,0.768121
0.85,0.422764,0.422711,1.876799,0.736731
0.85,0.406502,0.406659,1.791198,0.718816
0.85,0.398375,0.406659,1.706542,0.715789
0.85,0.365854,0.374554,1.642101,0.715789
0.85,0.341462,0.326397,1.561263,0.715789
0.85,0.317073,0.326397,1.492531,0.718046
0.8,0.260164,0.261593,1.429163,0.72801
0.8,0.268291,0.277646,1.363623,0.748141
0.75,0.243902,0.244946,1.297942,0.787792
0.7,0.22764,0.2283,1.234029,0.844358
0.7,0.211382,0.2283,1.189593,0.896863
0.6,0.19512,0.211058,1.155543,0.946553
0.65,0.22764,0.227705,1.130558,1.001207
0.525,0.186991,0.186088,1.111034,1.058231
0.4,0.146342,0.144471,1.092585,1.132258
0.4,0.138211,0.176576,1.083219,1.209943
0.4,0.146342,0.144471,1.07245,1.288875
0.35,0.235771,0.224138,1.065902,1.357782
0.45,0.211382,0.209275,1.048747,1.442516
0.35,0.235771,0.224138,1.025931,1.530395
0.4,0.276422,0.256837,1.002008,1.626092
0.35,0.276422,0.272295,0.995967,1.720272
0.4,0.276422,0.288942,0.995867,1.803143
0.3,0.284553,0.2717,0.995867,1.902811
0.3,0.325204,0.384067,0.995867,1.9785
0.2,0.373982,0.366825,0.99775,2.034609
0.25,0.382113,0.378121,1.011735,2.107806
0.3,0.390244,0.389417,1.125212,2.167326
0.35,0.398375,0.400713,1.212625,2.211587
0.4,0.398375,0.401308,1.242,2.2345
0.4,0.439025,0.433413,1.281589,2.249742
0.45,0.479673,0.466112,1.325779,2.259022
0.35,0.520324,0.545184,1.355181,2.259754
0.3,0.520324,0.528537,1.391878,2.259754
0.35,0.569105,0.577289,1.437083,2.259754
0.366667,0.601625,0.604241,1.4658,2.255789
0.383333,0.634146,0.631193,1.489579,2.245525
0.4,0.666666,0.658145,1.519082,2.239589
0.3,0.715447,0.721165,1.567345,2.236802
0.4,0.691058,0.69025,1.62597,2.232351
0.4,0.723578,0.706302,1.686183,2.227047
0.4,0.715447,0.706302,1.739565,2.213722
0.5,0.764226,0.787753,1.794021,2.185097
0.45,0.796749,0.771106,1.838,2.155625
0.45,0.788618,0.787158,1.89112,2.115202
0.5,0.813007,0.803805,1.930689,2.070973
0.55,0.821138,0.820452,1.962906,2.017927
0.5,0.756098,0.787753,1.986881,1.961257
0.6,0.780487,0.756837,1.998417,1.894426
0.6,0.756098,0.756837,2.00111,1.834907
0.65,0.764226,0.757432,2.001253,1.770831
0.65,0.772356,0.757432,2.001253,1.715099
0.6,0.731706,0.724732,2.000293,1.686776
0.6,0.707316,0.692628,1.997307,1.640912
0.6,0.658535,0.660523,1.991397,1.5969
0.65,0.658535,0.645065,1.982934,1.534681
0.625,0.617885,0.612663,1.96383,1.463399
0.6,0.577236,0.580262,1.945234,1.382332
0.55,0.544716,0.53151,1.926157,1.30603
0.55,0.525746,0.515458,1.897637,1.233119
0.55,0.506774,0.499405,1.869078,1.175412
0.55,0.487804,0.483353,1.83766,1.119385
0.5,0.439025,0.450654,1.798528,1.054177
0.525,0.4187,0.426873,1.760494,0.986238
0.55,0.398375,0.403092,1.721915,0.914793
0.45,0.373982,0.369798,1.675162,0.846585
0.45,0.292684,0.305589,1.609481,0.798063
0.375,0.280487,0.288644,1.554517,0.756418
0.3,0.268291,0.2717,1.492449,0.71153
0.35,0.203251,0.208086,1.422808,0.676067
0.3,0.186993,0.223543,1.350306,0.658229
0.3,0.13008,0.127229,1.26088,0.65748
0.35,0.081298,0.079667,1.174277,0.65748
0.35,0.13008,0.127824,1.099006,0.65748
0.4,0.13008,0.144471,1.036188,0.67954
0.45,0.121951,0.129013,0.9845,0.716125
0.5,0.113822,0.113555,0.932568,0.767545
0.575,0.130082,0.122473,0.890217,0.831982
0.65,0.146342,0.131391,0.880105,0.868496
0.7,0.154469,0.148038,0.880105,0.945801
0.8,0.182926,0.165279,0.880105,0.971469
0.9,0.211382,0.182521,0.881578,0.98698
0.85,0.260164,0.27824,0.900441,1.015627
0.85,0.276422,0.27824,0.951635,1.074496
0.85,0.390244,0.390606,1.022944,1.129243
0.85,0.406502,0.406659,1.085022,1.18974
0.9,0.406502,0.407253,1.163395,1.251229
0.9,0.430895,0.423306,1.262947,1.302441
0.85,0.479673,0.48692,1.391643,1.345285
0.85,0.471545,0.470868,1.488019,1.465087
0.85,0.487804,0.502973,1.558875,1.515804
0.8,0.512193,0.51843,1.644506,1.564642
0.75,0.528455,0.517836,1.7113,1.618696
0.7,0.520324,0.629608,1.774159,1.658
0.7,0.609756,0.613555,1.846331,1.718994
0.7,0.642276,0.64566,1.901038,1.789086
0.65,0.650407,0.645065,1.951345,1.851578
0.6,0.699186,0.692628,2.018917,1.898577
0.6,0.699186,0.70868,2.072141,1.945989
0.55,0.747967,0.74019,2.089,2.002291
0.6,0.780487,0.756837,2.089,2.045431
0.65,0.756098,0.757432,2.089,2.090589
0.6,0.780487,0.772889,2.088279,2.132721
0.6,0.772356,0.788942,2.05966,2.165131
0.6,0.731706,0.70868,1.991325,2.196762
0.5,0.780487,0.755648,1.889001,2.225941
0.55,0.715447,0.724138,1.80162,2.262809
0.45,0.772356,0.739001,1.706573,2.292254
0.5,0.756098,0.755648,1.597557,2.328833
0.5,0.780487,0.755648,1.500232,2.355821
0.55,0.707316,0.772295,1.397894,2.366
0.5,0.731706,0.707491,1.28975,2.366
0.55,0.747967,0.724138,1.19735,2.366
0.45,0.695122,0.682818,1.096412,2.36531
0.35,0.642276,0.641498,1.015317,2.345649
0.45,0.609756,0.538347,0.94638,2.299027
0.55,0.577236,0.435196,0.898654,2.244286
0.5,0.536585,0.530916,0.861152,2.177569
0.55,0.552844,0.547562,0.832297,2.091025
0.55,0.487804,0.467301,0.810547,1.983992
0.6,0.463415,0.451843,0.805405,1.872724
0.65,0.439025,0.436385,0.804228,1.747155
0.6,0.390244,0.387634,0.804,1.628487
0.6,0.349593,0.339477,0.804,1.515935
0.65,0.341462,0.340071,0.804307,1.422213
0.7,0.284553,0.276457,0.804984,1.323347
0.75,0.268291,0.260999,0.806125,1.225609
0.65,0.243902,0.243757,0.815609,1.117323
0.75,0.178862,0.180737,0.83383,1.01974
0.7,0.211382,0.212247,0.863609,0.937184
0.65,0.13008,0.131391,0.898198,0.858238
0.65,0.13008,0.115339,0.940816,0.808363
0.7,0.146342,0.131986,0.981958,0.773858
0.6,0.09756,0.114744,1.0225,0.748644
0.475,0.077235,0.081153,1.065258,0.743
0.35,0.056909,0.047562,1.115708,0.743
0.3,0.06504,0.06302,1.161125,0.743
0.25,0.13008,0.110583,1.178417,0.745018
0.25,0.113822,0.126635,1.200459,0.761122
0.2,0.1626,0.142093,1.207,0.773
0.25,0.174796,0.15874,1.207,0.773
0.3,0.186993,0.175386,1.228319,0.798855
0.2,0.219513,0.222354,1.260354,0.851762
0.15,0.211382,0.22176,1.277234,0.937072
0.25,0.22764,0.222949,1.285239,1.02048
0.15,0.382113,0.382283,1.288896,1.135369
0.25,0.308942,0.30321,1.290606,1.265295
0.25,0.357724,0.335315,1.292043,1.396178
0.15,0.422764,0.382283,1.304874,1.532628
0.15,0.471545,0.446492,1.322681,1.662268
0.25,0.471545,0.463734,1.329709,1.764233
0.2,0.463415,0.447087,1.339375,1.862798
0.15,0.528455,0.494649,1.359453,1.947672
0.2,0.53252,0.511296,1.398157,2.039169
0.25,0.536585,0.527943,1.448405,2.107509
0.35,0.560975,0.545184,1.504625,2.164875
0.35,0.552844,0.545184,1.56388,2.217636
0.35,0.601625,0.545184,1.63163,2.26234
0.45,0.658535,0.65874,1.715613,2.28973
0.4,0.682927,0.674197,1.794631,2.307686
0.35,0.747967,0.753864,1.855866,2.3095
0.45,0.666666,0.65874,1.918609,2.3095
0.4,0.666666,0.658145,1.961685,2.3095
0.45,0.650407,0.642687,2.02875,2.30275
0.5,0.686993,0.675386,2.08425,2.257875
0.55,0.723578,0.708086,2.114414,2.217056
0.6,0.715447,0.70868,2.120113,2.175122
0.65,0.731706,0.709275,2.137561,2.113675
0.65,0.674796,0.629013,2.159072,2.043944
0.55,0.658535,0.692033,2.171926,2.001981
0.65,0.670731,0.701249,2.185612,1.918406
0.75,0.682927,0.710464,2.204905,1.847893
0.7,0.609756,0.629608,2.209177,1.772521
0.8,0.634146,0.630797,2.230052,1.692932
0.8,0.617887,0.614744,2.24313,1.612913
0.75,0.617887,0.598098,2.244173,1.52975
0.75,0.536585,0.533888,2.244173,1.435046
0.75,0.536585,0.533888,2.244173,1.325909
0.85,0.512193,0.502973,2.224553,1.230813
0.85,0.471545,0.502973,2.188753,1.158828
0.9,0.430895,0.439358,2.157873,1.087747
0.85,0.414633,0.422711,2.115973,1.032385
0.85,0.398375,0.390606,2.04223,0.973013
0.95,0.308942,0.327586,1.982651,0.927358
0.875,0.296747,0.302616,1.897261,0.897207
0.8,0.284553,0.277646,1.811875,0.873587
0.75,0.219513,0.212842,1.721524,0.864061
0.75,0.178862,0.180737,1.637966,0.863574
0.75,0.146342,0.164685,1.553347,0.863574
0.7,0.146342,0.131986,1.480712,0.863574
0.65,0.13008,0.131391,1.381009,0.880855
0.75,0.121949,0.13258,1.291093,0.910703
0.55,0.142275,0.146254,1.206588,0.9507
0.35,0.1626,0.159929,1.120575,1.011352
0.3,0.1626,0.159334,1.063375,1.075625
0.35,0.154469,0.143876,1.012595,1.140348
0.4,0.121949,0.128419,0.962124,1.202106
0.4,0.146342,0.144471,0.910417,1.262385
0.35,0.138211,0.143876,0.860217,1.334248
0.3,0.178862,0.175386,0.816899,1.424706
0.425,0.154471,0.16082,0.785411,1.509476
0.55,0.13008,0.146254,0.775896,1.583926
0.6,0.146342,0.146849,0.775835,1.646677
0.5,0.22764,0.209869,0.775835,1.71975
0.55,0.22764,0.242568,0.775835,1.778988
0.6,0.243902,0.243163,0.783742,1.851854
0.65,0.300811,0.291914,0.818939,1.919537
0.65,0.430895,0.420333,0.918622,1.975392
0.7,0.410569,0.396849,1.015189,2.023676
0.75,0.390244,0.373365,1.173497,2.085097
0.75,0.447153,0.453627,1.269381,2.145375
0.75,0.487804,0.469679,1.346776,2.203935
0.75,0.552844,0.501784,1.414744,2.247529
0.8,0.569105,0.566587,1.4535,2.261125
0.75,0.585364,0.565993,1.530082,2.279111
0.75,0.593495,0.598098,1.6065,2.279492
0.75,0.601625,0.598098,1.641596,2.279492
0.75,0.666666,0.662307,1.663489,2.279492
0.7,0.658535,0.64566,1.702511,2.271462
0.65,0.642276,0.645065,1.786122,2.255459
0.7,0.739836,0.725922,1.872659,2.224248
0.6,0.731706,0.70868,1.934568,2.203381
0.6,0.731706,0.724732,2.000802,2.166875
0.6,0.731706,0.740785,2.018836,2.158012
0.55,0.731706,0.724138,2.030652,2.136427
0.6,0.731706,0.724732,2.030652,2.123386
0.55,0.674796,0.675981,2.030652,2.121661
0.5,0.682927,0.675386,2.029777,2.119456
0.5,0.682927,0.675386,1.997764,2.117547
0.4,0.682927,0.674197,1.973409,2.114179
0.4,0.764226,0.658145,1.902377,2.105769
0.4,0.666666,0.674197,1.846639,2.090289
0.4,0.666666,0.658145,1.768701,2.079325
0.35,0.626015,0.625446,1.684098,2.077224
0.35,0.626015,0.625446,1.565086,2.069622
0.25,0.617887,0.608205,1.477463,2.05152
0.25,0.642276,0.624257,1.36721,2.029953
0.25,0.658535,0.624257,1.266455,2.007666
0.233333,0.653115,0.629409,1.178747,1.97932
0.216667,0.647696,0.634562,1.090906,1.940355
0.2,0.642276,0.639715,1.019909,1.894738
0.3,0.617887,0.624851,0.952567,1.840189
0.35,0.601625,0.609394,0.911762,1.783124
0.3,0.585364,0.576694,0.880181,1.704057
0.3,0.544716,0.54459,0.854805,1.616682
0.3,0.536585,0.54459,0.853,1.570065
0.35,0.487804,0.480975,0.853,1.555556
0.366667,0.449863,0.443718,0.853,1.544006
0.383333,0.411922,0.406461,0.857875,1.485232
0.4,0.373982,0.369203,0.884528,1.397273
0.4,0.341462,0.353151,0.945559,1.314431
0.35,0.304876,0.312426,1.006767,1.215295
0.3,0.268291,0.2717,1.05367,1.149879
0.25,0.235771,0.222949,1.109875,1.09275
0.3,0.219513,0.223543,1.166326,0.954863
0.35,0.211382,0.208086,1.224326,0.839629
0.35,0.203251,0.192033,1.2993,0.811878
0.475,0.199186,0.19352,1.379917,0.782765
0.6,0.19512,0.195006,1.442289,0.760814
0.65,0.146342,0.147444,1.502982,0.745554
0.75,0.154469,0.148633,1.590008,0.722903
0.75,0.1626,0.164685,1.676215,0.702181
0.75,0.186993,0.19679,1.750002,0.685044
0.8,0.178862,0.181332,1.825517,0.676
0.8,0.235771,0.229489,1.877534,0.676
0.85,0.260164,0.262188,1.922655,0.676
0.8,0.349593,0.357907,1.95073,0.677
0.9,0.276422,0.278835,1.954984,0.692518
0.9,0.414633,0.407253,1.954984,0.723649
0.9,0.430895,0.423306,1.954984,0.7727
0.9,0.471545,0.471463,1.95232,0.824858
0.9,0.463415,0.471463,1.940094,0.891856
0.85,0.536585,0.535077,1.931141,0.956152
0.85,0.544716,0.519025,1.927831,1.039236
0.9,0.552844,0.551724,1.927831,1.120431
0.8,0.577236,0.566587,1.927831,1.213125
0.85,0.528455,0.535077,1.930123,1.308521
0.9,0.512193,0.535672,1.946894,1.388168
0.9,0.528455,0.51962,1.96654,1.430283
0.95,0.577236,0.568371,1.974456,1.506491
0.9,0.560975,0.567776,1.975692,1.615819
1.0,0.536585,0.520809,1.975692,1.71604
0.95,0.520324,0.520214,1.975692,1.814988
0.9,0.463415,0.471463,1.96201,1.907869
0.85,0.487804,0.48692,1.9365,1.988375
0.9,0.479673,0.471463,1.904121,2.05545
0.9,0.471545,0.471463,1.860418,2.112056
0.85,0.504065,0.502973,1.804558,2.167163
0.8,0.504065,0.51843,1.75,2.199164
0.75,0.585364,0.582045,1.68175,2.244808
0.75,0.552844,0.549941,1.618683,2.275995
0.7,0.577236,0.565398,1.539168,2.3095
0.7,0.634146,0.629608,1.466581,2.333157
0.7,0.634146,0.64566,1.393144,2.347435
0.6,0.634146,0.612366,1.328563,2.361
0.6,0.634146,0.628419,1.256993,2.361409
0.6,0.707316,0.70868,1.161905,2.361409
0.55,0.747967,0.724138,1.064074,2.361409
0.5,0.747967,0.739596,0.987825,2.348913
0.45,0.747967,0.722949,0.905964,2.328893
0.466667,0.747967,0.728498,0.8299,2.30315
0.483333,0.747967,0.734047,0.754878,2.275027
0.5,0.747967,0.739596,0.693867,2.248596
0.5,0.764226,0.755648,0.612402,2.218124
0.5,0.715447,0.723543,0.576742,2.199137
0.45,0.723578,0.722949,0.554967,2.179244
0.5,0.715447,0.707491,0.553133,2.159847
0.5,0.658535,0.659334,0.553133,2.144066
0.55,0.650407,0.643876,0.553133,2.13361
0.55,0.617887,0.595719,0.566435,2.130045
0.55,0.552844,0.547562,0.600601,2.128533
0.45,0.536585,0.546373,0.645258,2.120318
0.5,0.495935,0.482759,0.69602,2.099346
0.55,0.487804,0.483353,0.746517,2.070049
0.55,0.471545,0.467301,0.781143,2.044711
0.45,0.455285,0.442033,0.817505,2.005789
0.35,0.439025,0.416766,0.84624,1.953766
0.3,0.439025,0.432224,0.85926,1.900765
0.35,0.471545,0.464923,0.8735,1.824325
0.3,0.504065,0.496433,0.889029,1.758728
0.25,0.528455,0.527943,0.908556,1.755663
0.2,0.552844,0.527348,0.9455,1.755507
0.15,0.552844,0.53478,0.982893,1.744535
0.1,0.552844,0.542212,1.020286,1.736915
0.15,0.528455,0.510702,1.056632,1.736592
0.2,0.552844,0.543401,1.075154,1.732665
0.15,0.552844,0.558859,1.101498,1.665458
0.15,0.536585,0.542806,1.119905,1.568444
0.25,0.528455,0.527943,1.13833,1.495586
0.2,0.495935,0.479191,1.155225,1.407321
0.3,0.495935,0.48038,1.163437,1.072
0.2,0.455284,0.431034,1.17372,0.891347
0.2,0.430895,0.431034,1.182654,0.891347
0.25,0.414633,0.399524,1.188836,0.891347
0.3,0.382113,0.368014,1.203371,0.893597
0.266667,0.325203,0.319461,1.215221,0.932098
0.233333,0.268292,0.270908,1.23725,0.99403
0.2,0.211382,0.222354,1.267125,1.072125
0.25,0.22764,0.222949,1.297773,1.141661
0.25,0.186993,0.174792,1.320532,1.180879
0.3,0.138211,0.111177,1.372194,1.234137
0.35,0.09756,0.095719,1.445962,1.286631
0.4,0.09756,0.080262,1.542125,1.3014
0.5,0.048778,0.049346,1.576854,1.3014
0.45,0.06504,0.064804,1.641029,1.3014
0.55,0.089431,0.098098,1.712455,1.298582
0.65,0.113822,0.131391,1.75934,1.275934
0.75,0.13008,0.13258,1.803733,1.237852
0.783333,0.157181,0.15438,1.868736,1.171524
0.816667,0.184281,0.176179,1.92104,1.12356
0.85,0.211382,0.197979,1.960846,1.072684
0.9,0.300811,0.278835,1.98965,1.011943
0.95,0.333331,0.359691,2.025668,0.961605
0.95,0.390244,0.359691,2.072489,0.936
0.9,0.414633,0.391201,2.128149,0.936
0.9,0.406502,0.423306,2.175629,0.936
0.85,0.447153,0.454816,2.212063,0.937698
0.85,0.471545,0.48692,2.238794,0.960573
0.9,0.495935,0.551724,2.247905,1.003716
0.85,0.463415,0.454816,2.280794,1.059887
0.8,0.479673,0.470273,2.330937,1.131
0.85,0.463415,0.470868,2.354586,1.211796
0.8,0.495935,0.470273,2.356168,1.309259
0.75,0.536585,0.533888,2.356168,1.405592
0.75,0.577236,0.582045,2.355857,1.500663
0.75,0.601625,0.598098,2.348791,1.57271
0.75,0.634146,0.630202,2.325341,1.705708
0.7,0.634146,0.64566,2.295071,1.814562
0.7,0.674796,0.64566,2.23274,1.91464
0.683333,0.688347,0.661514,2.151226,2.011431
0.666667,0.701897,0.677368,2.069809,2.101857
0.65,0.715447,0.693222,2.005072,2.185911
0.6,0.747967,0.740785,1.932775,2.268025
0.65,0.796749,0.757432,1.8595,2.320625
0.6,0.845527,0.772889,1.769717,2.342815
0.575,0.804876,0.764566,1.7055,2.361125
0.55,0.764226,0.756243,1.62354,2.37461
0.55,0.764226,0.74019,1.532176,2.380461
0.5,0.731706,0.739596,1.445964,2.384367
0.45,0.747967,0.739001,1.343576,2.3878
0.45,0.747967,0.739001,1.25075,2.388234
0.45,0.731706,0.722949,1.201172,2.388234
0.45,0.747967,0.722949,1.115422,2.388234
0.5,0.723578,0.723543,1.028242,2.383395
0.5,0.715447,0.723543,0.957142,2.372094
0.45,0.666666,0.65874,0.89475,2.351125
0.5,0.666666,0.643282,0.866214,2.323728
0.45,0.634146,0.626635,0.832668,2.240807
0.55,0.569105,0.563615,0.80058,2.181552
0.6,0.552844,0.548157,0.781,2.124673
0.6,0.504065,0.483948,0.781,2.053423
0.5,0.479673,0.482759,0.781,1.978052
0.55,0.459349,0.459275,0.782663,1.885051
0.6,0.439025,0.435791,0.813788,1.780623
0.5,0.341462,0.338288,0.82573,1.678221
0.6,0.325204,0.307372,0.83692,1.616947
0.6,0.276422,0.275268,0.842,1.586
0.7,0.235771,0.244352,0.844801,1.527778
0.7,0.211382,0.196195,0.847,1.474568
0.675,0.195122,0.187872,0.84974,1.464
0.65,0.178862,0.179548,0.860078,1.429875
0.6,0.146342,0.146849,0.879799,1.332402
0.55,0.154469,0.146254,0.905268,1.231238
0.5,0.121949,0.129608,0.926746,1.146943
0.375,0.126015,0.128121,0.96498,1.072108
0.25,0.13008,0.126635,1.00142,1.011425
0.25,0.105691,0.09453,1.052675,0.956003
0.25,0.154469,0.142687,1.103721,0.866321
0.35,0.170731,0.111772,1.15998,0.754082
0.25,0.22764,0.126635,1.206873,0.752943
0.15,0.243902,0.237812,1.228809,0.752943
0.2,0.268291,0.254459,1.243551,0.752943
0.25,0.292684,0.30321,1.25673,0.771311
0.15,0.333331,0.318074,1.269659,0.819406
0.15,0.357724,0.350178,1.27485,0.885292
0.15,0.403794,0.392985,1.283637,0.959217
0.15,0.449864,0.435791,1.292828,1.023276
0.15,0.495935,0.478597,1.304778,1.128616
0.05,0.487804,0.49346,1.316815,1.234637
0.15,0.479673,0.478597,1.331815,1.352137
0.15,0.569105,0.574911,1.351747,1.470684
0.2,0.552844,0.559453,1.372739,1.575508
0.25,0.593495,0.5761,1.399226,1.657457
0.25,0.585364,0.5761,1.423464,1.735852
0.25,0.634146,0.592152,1.45752,1.83231
0.35,0.626015,0.625446,1.499226,1.927502
0.3,0.617887,0.608799,1.552546,2.01325
0.35,0.682927,0.705707,1.608566,2.088796
0.35,0.699186,0.689655,1.668046,2.141165
0.35,0.699186,0.689655,1.732029,2.188989
0.35,0.699186,0.689655,1.784846,2.204031
0.3,0.682927,0.673008,1.847231,2.204031
0.35,0.658535,0.657551,1.917222,2.204031
0.35,0.658535,0.641498,1.990559,2.201534
0.45,0.650407,0.642687,2.055042,2.171234
0.45,0.601625,0.578478,2.117678,2.11631
0.55,0.552844,0.563615,2.172455,2.048872
0.483333,0.523034,0.525367,2.2082,1.989583
0.416667,0.493224,0.487119,2.262125,1.900875
0.35,0.463415,0.44887,2.311925,1.807308
0.45,0.406502,0.417955,2.366125,1.733125
0.55,0.406502,0.419144,2.392518,1.654796
0.5,0.325204,0.322235,2.408,1.557003
0.55,0.341462,0.338882,2.425781,1.472844
0.65,0.325204,0.324019,2.428637,1.387875
0.7,0.268291,0.276457,2.428637,1.287284
0.75,0.252033,0.293103,2.428637,1.202539
0.8,0.203251,0.213436,2.424321,1.119261
0.8,0.243902,0.229489,2.372034,1.020381
0.85,0.260164,0.246136,2.321152,0.958919
0.85,0.357724,0.358502,2.258723,0.8834
0.85,0.349593,0.358502,2.18704,0.825139
0.9,0.390244,0.375149,2.07662,0.768679
0.85,0.406502,0.406659,1.992487,0.703506
0.9,0.455284,0.45541,1.918125,0.669694
0.933333,0.485095,0.48256,1.83325,0.662778
0.966667,0.514905,0.509711,1.758265,0.662778
1.0,0.544716,0.536861,1.700968,0.662778
0.925,0.54878,0.552021,1.647182,0.666387
0.85,0.552844,0.567182,1.612391,0.679878
0.8,0.569105,0.566587,1.591777,0.699193
0.75,0.585364,0.598098,1.574843,0.743723
0.75,0.601625,0.61415,1.572821,0.803681
0.75,0.650407,0.646254,1.572821,0.886921
0.7,0.682927,0.677765,1.572821,0.96287
0.65,0.747967,0.741379,1.574708,1.052485
0.7,0.691058,0.677765,1.59146,1.139925
0.6,0.731706,0.724732,1.605679,1.225563
0.6,0.731706,0.70868,1.611682,1.335917
0.6,0.747967,0.740785,1.611807,1.441068
0.5,0.829269,0.803805,1.611807,1.529012
0.55,0.796749,0.8044,1.611481,1.609003
0.55,0.788618,0.788347,1.600246,1.694571
0.5,0.747967,0.755648,1.571927,1.801759
0.45,0.747967,0.739001,1.534361,1.894
0.45,0.747967,0.739001,1.487065,1.978628
0.45,0.764226,0.771106,1.422179,2.064309
0.45,0.772356,0.755054,1.36,2.12675
0.4,0.780487,0.770511,1.299387,2.177081
0.4,0.731706,0.738407,1.230128,2.217815
0.3,0.715447,0.721165,1.155385,2.2345
0.35,0.739836,0.72176,1.085403,2.2345
0.3,0.674796,0.673008,1.017183,2.2345
0.3,0.666666,0.656956,0.955969,2.23125
0.2,0.658535,0.655767,0.891281,2.201979
0.15,0.658535,0.63912,0.83875,2.148875
0.25,0.634146,0.640309,0.806955,2.098247
0.3,0.601625,0.608799,0.78248,2.027605
0.2,0.601625,0.591558,0.773584,1.958355
0.15,0.585364,0.574911,0.769982,1.866991
0.25,0.512193,0.527943,0.767,1.761397
0.2,0.520324,0.527348,0.767,1.709
0.25,0.536585,0.527943,0.768,1.653392
0.2,0.528455,0.511296,0.772832,1.534386
0.3,0.524389,0.512485,0.786371,1.484797
0.4,0.520324,0.513674,0.794235,1.3675
0.35,0.552844,0.545184,0.802558,1.268464
0.45,0.504065,0.498216,0.807745,1.153784
0.55,0.552844,0.515458,0.824867,1.045722
0.5,0.536585,0.482759,0.853476,0.947851
0.5,0.487804,0.498811,0.897366,0.860244
0.5,0.520324,0.514863,0.947158,0.79146
0.625,0.54878,0.548454,0.998551,0.738526
0.75,0.577236,0.582045,1.044377,0.703571
0.7,0.544716,0.549346,1.106022,0.670694
0.7,0.512193,0.517241,1.175762,0.645638
0.75,0.495935,0.485731,1.245554,0.629127
0.7,0.487804,0.469084,1.320421,0.613993
0.75,0.463415,0.469679,1.40547,0.601966
0.8,0.495935,0.502378,1.490773,0.600966
0.85,0.504065,0.470868,1.5669,0.600966
0.85,0.512193,0.519025,1.654367,0.600966
0.9,0.512193,0.51962,1.749786,0.604107
0.9,0.504065,0.503567,1.8305,0.61925
0.9,0.463415,0.471463,1.907832,0.640482
0.9,0.479673,0.471463,1.984972,0.673486
0.95,0.471545,0.472057,2.033483,0.703373
0.9,0.439025,0.439358,2.048503,0.736623
0.95,0.439025,0.439952,2.048503,0.778902
0.9,0.373982,0.359096,2.048503,0.819414
0.85,0.357724,0.358502,2.048484,0.855559
0.9,0.317073,0.310939,2.022859,0.889292
0.85,0.276422,0.27824,1.985381,0.919463
0.8,0.235771,0.245541,1.912051,0.956858
0.7,0.211382,0.212247,1.849437,0.987429
0.8,0.178862,0.165279,1.783028,1.03052
0.7,0.121949,0.115933,1.714453,1.065266
0.7,0.089429,0.099881,1.61495,1.10885
0.6,0.09756,0.098692,1.532475,1.152056
0.45,0.09756,0.096908,1.523,1.157
0.3,0.09756,0.095125,1.484224,1.185797
0.3,0.146342,0.127229,1.40167,1.24799
0.3,0.121949,0.111177,1.335166,1.310196
0.2,0.178862,0.19025,1.270158,1.379466
0.15,0.186993,0.173603,1.185469,1.451911
0.05,0.211382,0.204518,1.121125,1.5175
0.15,0.252033,0.237812,1.054455,1.598703
0.25,0.276422,0.271106,0.992125,1.68075
0.15,0.349593,0.350178,0.93279,1.763125
0.2,0.382113,0.366825,0.875874,1.848745
0.2,0.382113,0.350773,0.830706,1.917824
0.15,0.406502,0.43044,0.786388,1.990332
0.2,0.455284,0.447087,0.746824,2.061488
0.2,0.495935,0.479191,0.74036,2.112502
0.15,0.495935,0.494649,0.74036,2.165159
0.2,0.544716,0.527348,0.74036,2.210546
0.25,0.528455,0.527943,0.748406,2.246061
0.2,0.536585,0.543401,0.7945,2.282665
0.25,0.617887,0.608205,0.855825,2.317546
0.3,0.626015,0.656956,0.938692,2.351012
0.3,0.634146,0.640904,1.020991,2.367973
0.3,0.658535,0.656956,1.110583,2.39375
0.316667,0.685635,0.678557,1.203125,2.41725
0.333333,0.712736,0.700159,1.29795,2.432138
0.35,0.739836,0.72176,1.397413,2.432517
0.35,0.747967,0.737812,1.490693,2.432517
0.45,0.764226,0.755054,1.59238,2.432517
0.5,0.780487,0.755648,1.698807,2.418109
0.5,0.804876,0.755648,1.773038,2.399477
0.55,0.821138,0.820452,1.877636,2.352472
0.5,0.813007,0.803805,1.969763,2.296278
0.5,0.772356,0.7717,2.053175,2.234971
0.5,0.780487,0.7717,2.14853,2.139232
0.5,0.747967,0.739596,2.2105,2.05946
0.5,0.731706,0.739596,2.274313,1.947637
0.45,0.731706,0.722949,2.309625,1.8645
0.45,0.699186,0.690844,2.349695,1.75952
0.5,0.650407,0.643282,2.383608,1.669075
0.55,0.634146,0.627824,2.3902,1.575958
0.5,0.634146,0.627229,2.3902,1.469633
0.4,0.585364,0.561831,2.3902,1.369042
0.4,0.569105,0.561831,2.384475,1.262556
0.45,0.528455,0.514269,2.360667,1.172767
0.4,0.487804,0.497622,2.33069,1.083238
0.4,0.422764,0.41736,2.274992,0.995827
0.45,0.390244,0.38585,2.223694,0.941104
0.4,0.373982,0.369203,2.1305,0.873125
0.35,0.349593,0.34453,2.064688,0.831489
0.3,0.325204,0.319857,2.009715,0.80165
0.25,0.268291,0.271106,1.929594,0.770054
0.15,0.284553,0.253864,1.847216,0.743161
0.2,0.235771,0.222354,1.762709,0.721097
0.325,0.19512,0.191736,1.67025,0.694125
0.45,0.154469,0.161118,1.587406,0.671821
0.4,0.13008,0.128419,1.503964,0.64926
0.35,0.089429,0.095719,1.44076,0.633124
0.366667,0.08401,0.090567,1.36425,0.618718
0.383333,0.07859,0.085414,1.283052,0.61079
0.4,0.073171,0.080262,1.222375,0.60675
0.5,0.09756,0.097503,1.17425,0.606
0.6,0.121949,0.114744,1.142798,0.606
0.55,0.154469,0.194411,1.125115,0.606
0.675,0.21138,0.228002,1.124819,0.607979
0.8,0.268291,0.261593,1.124819,0.626327
0.7,0.243902,0.260404,1.124819,0.673671
0.8,0.276422,0.277646,1.136086,0.732668
0.8,0.398375,0.390012,1.170965,0.792581
0.8,0.414633,0.422117,1.213363,0.841533
0.8,0.487804,0.486326,1.258083,0.896
0.8,0.552844,0.550535,1.312217,0.964642
0.8,0.512193,0.534483,1.36977,1.034644
0.75,0.609756,0.598098,1.436356,1.124702
0.8,0.609756,0.614744,1.486383,1.192797
0.8,0.601625,0.598692,1.557415,1.246647
0.8,0.617887,0.614744,1.630973,1.298852
0.7,0.601625,0.597503,1.704,1.364
0.75,0.601625,0.61415,1.781343,1.440885
0.65,0.569105,0.580856,1.859262,1.527363
0.65,0.626015,0.612961,1.909925,1.601464
0.65,0.650407,0.612961,1.961177,1.675214
0.65,0.626015,0.612961,2.002,1.734548
0.65,0.658535,0.645065,2.027941,1.809245
0.55,0.654471,0.643876,2.040991,1.881919
0.45,0.650407,0.642687,2.044,1.97025
0.45,0.626015,0.610583,2.044,2.059648
0.4,0.617887,0.609988,2.043875,2.127568
0.4,0.634146,0.62604,2.035655,2.160104
0.4,0.634146,0.62604,2.012812,2.190096
0.35,0.650407,0.657551,1.989749,2.205094
0.35,0.674796,0.657551,1.95028,2.206
0.4,0.650407,0.642093,1.88653,2.206
0.35,0.666666,0.657551,1.820132,2.206
0.4,0.666666,0.658145,1.727888,2.194087
0.45,0.682927,0.65874,1.631685,2.169968
0.5,0.650407,0.659334,1.524366,2.142427
0.55,0.658535,0.643876,1.402544,2.114917
0.55,0.609756,0.627824,1.291916,2.077764
0.65,0.634146,0.548751,1.170791,2.036389
0.7,0.601625,0.597503,1.045224,1.986141
0.75,0.674796,0.678359,0.94138,1.927113
0.7,0.650407,0.661712,0.84589,1.868919
0.7,0.658535,0.64566,0.768879,1.815399
0.75,0.691058,0.678359,0.707625,1.7695
0.75,0.642276,0.646254,0.683585,1.716851
0.75,0.650407,0.646254,0.683585,1.665615
0.75,0.642276,0.630202,0.683585,1.642222
0.75,0.658535,0.662307,0.683835,1.589754
0.8,0.674796,0.678954,0.717479,1.529047
0.8,0.691058,0.678954,0.767244,1.469523
0.75,0.634146,0.61415,0.80465,1.427784
0.75,0.650407,0.646254,0.86373,1.365448
0.75,0.658535,0.662307,0.92761,1.304773
0.7,0.650407,0.661712,1.0055,1.23625
0.75,0.642276,0.646254,1.084916,1.167674
0.75,0.650407,0.646254,1.165941,1.099198
0.75,0.691058,0.678359,1.238011,1.037194
0.75,0.642276,0.630202,1.314947,0.975792
0.75,0.642276,0.646254,1.389517,0.928815
0.7,0.650407,0.64566,1.454387,0.89835
0.75,0.642276,0.630202,1.501181,0.889
0.75,0.617887,0.630202,1.504525,0.889
0.75,0.634146,0.646254,1.504525,0.889
0.75,0.650407,0.646254,1.504525,0.889989
0.75,0.642276,0.646254,1.487371,0.912246
0.75,0.634146,0.630202,1.437106,0.956863
0.7,0.634146,0.629608,1.36154,1.027388
0.75,0.650407,0.646254,1.271872,1.102222
0.7,0.642276,0.629608,1.168387,1.178746
0.75,0.666666,0.662307,1.048618,1.260309
0.8,0.617887,0.614744,0.943524,1.327851
0.8,0.634146,0.630797,0.848016,1.390706
0.75,0.626015,0.61415,0.766641,1.448249
0.8,0.642276,0.630797,0.693084,1.495146
0.75,0.626015,0.630202,0.626834,1.534021
0.75,0.650407,0.662307,0.584543,1.562355
0.75,0.634146,0.630202,0.552168,1.58098
0.75,0.642276,0.646254,0.531285,1.589633
0.7,0.658535,0.64566,0.519818,1.595556
0.75,0.699186,0.678359,0.517881,1.602005
0.75,0.666666,0.662307,0.517083,1.606216
0.8,0.691058,0.678954,0.51625,1.609573
0.7,0.650407,0.64566,0.511938,1.614937
0.75,0.666666,0.662307,0.502414,1.620266
0.75,0.601625,0.598098,0.49035,1.6245
0.75,0.626015,0.630202,0.49,1.62925
0.8,0.626015,0.598692,0.489536,1.633561
0.85,0.601625,0.583234,0.488707,1.635666
0.85,0.585364,0.567182,0.488795,1.638878
0.9,0.544716,0.551724,0.488548,1.644721
0.85,0.528455,0.519025,0.487894,1.645
0.85,0.520324,0.502973,0.486484,1.645
0.85,0.447153,0.438763,0.485423,1.645
0.85,0.439025,0.422711,0.485173,1.645
0.8,0.382113,0.390012,0.48065,1.644226
0.85,0.357724,0.342449,0.473195,1.643102
0.8,0.308942,0.325803,0.466686,1.641459
0.75,0.308942,0.309156,0.465103,1.641402
0.65,0.341462,0.324019,0.464077,1.641807
0.65,0.325204,0.307967,0.463051,1.642213
0.65,0.365854,0.356124,0.462026,1.642618
0.55,0.357724,0.354935,0.461,1.643023
0.45,0.406502,0.38585,0.459974,1.643429
0.55,0.430895,0.403092,0.458949,1.643834
0.5,0.475609,0.45868,0.457923,1.64424
0.45,0.520324,0.514269,0.456897,1.644645
0.4,0.520324,0.513674,0.453814,1.647975
0.35,0.520324,0.51308,0.442082,1.664977
0.35,0.520324,0.51308,0.438164,1.681397
0.25,0.512193,0.511891,0.438164,1.697781
0.2,0.544716,0.543401,0.438164,1.716224
0.15,0.577236,0.574911,0.439976,1.735333
0.25,0.577236,0.5761,0.45275,1.752071
0.2,0.601625,0.591558,0.470125,1.771446
0.2,0.609756,0.591558,0.493175,1.792067
0.2,0.577236,0.591558,0.521248,1.815498
0.15,0.593495,0.574911,0.554898,1.85033
0.1,0.495935,0.494055,0.589619,1.895638
0.1,0.504065,0.494055,0.636141,1.94605
0.2,0.447153,0.447087,0.681676,1.986918
0.2,0.398375,0.414982,0.732093,2.024082
0.2,0.390244,0.382878,0.786954,2.058343
0.1,0.365854,0.349584,0.86117,2.087478
0.2,0.349593,0.334721,0.912753,2.090956
0.15,0.268291,0.269917,0.979477,2.090956
0.15,0.292684,0.269917,1.060303,2.090956
0.2,0.19512,0.270511,1.129867,2.086217
0.275,0.14634,0.183115,1.199511,2.049553
0.35,0.09756,0.095719,1.260623,1.99947
0.25,0.073171,0.078478,1.304291,1.951001
0.3,0.138211,0.095125,1.346225,1.887275
0.4,0.13008,0.128419,1.35991,1.86018
0.35,0.146342,0.159929,1.407773,1.763641
0.35,0.186993,0.192033,1.450902,1.658975
0.25,0.252033,0.239001,1.493891,1.550411
0.3,0.284553,0.239596,1.548106,1.414968
0.35,0.300811,0.288347,1.606656,1.292594
0.425,0.345527,0.337396,1.666668,1.190018
0.5,0.390244,0.386445,1.731936,1.096614
0.425,0.422764,0.409631,1.810267,1.008821
0.35,0.455284,0.432818,1.87425,0.9505
0.35,0.495935,0.497027,1.942007,0.8971
0.35,0.544716,0.545184,2.015432,0.865254
0.35,0.528455,0.545184,2.066758,0.865014
0.4,0.569105,0.529727,2.119642,0.865014
0.4,0.650407,0.642093,2.166505,0.865014
0.5,0.650407,0.643282,2.211074,0.894429
0.5,0.699186,0.691439,2.255035,0.945105
0.5,0.723578,0.723543,2.270875,1.003058
0.55,0.682927,0.659929,2.292641,1.076144
0.5,0.747967,0.723543,2.299648,1.151691
0.55,0.731706,0.756243,2.302887,1.247105
0.6,0.780487,0.756837,2.311799,1.327671
0.65,0.747967,0.741379,2.323095,1.423661
0.6,0.739836,0.740785,2.324113,1.52139
0.6,0.731706,0.724732,2.324113,1.624077
0.6,0.682927,0.692628,2.324113,1.731698
0.7,0.626015,0.613555,2.299866,1.835146
0.75,0.601625,0.598098,2.254282,1.930511
0.7,0.650407,0.629608,2.203946,2.007979
0.8,0.634146,0.630797,2.173575,2.040725
0.8,0.634146,0.630797,2.138699,2.042059
0.8,0.617887,0.614744,2.095965,2.042059
0.8,0.609756,0.614744,2.031907,2.042059
0.8,0.560975,0.550535,1.985946,2.027188
0.85,0.552844,0.55113,1.967898,1.944625
0.85,0.536585,0.535077,1.952679,1.860269
0.85,0.520324,0.519025,1.93499,1.752714
0.9,0.479673,0.487515,1.917132,1.651491
0.85,0.495935,0.48692,1.880125,1.57075
0.9,0.463415,0.471463,1.833953,1.459574
0.9,0.447153,0.45541,1.79325,1.372125
0.95,0.430895,0.407848,1.75074,1.273425
0.9,0.398375,0.407253,1.705677,1.185542
0.85,0.349593,0.358502,1.65377,1.118016
0.85,0.341462,0.342449,1.605615,1.02977
0.8,0.300811,0.325803,1.529271,0.957289
0.75,0.276422,0.277051,1.464478,0.907676
0.75,0.317073,0.277051,1.393009,0.868346
0.75,0.292684,0.293103,1.334054,0.848625
0.65,0.308942,0.307967,1.27675,0.8475
0.65,0.341462,0.340071,1.198457,0.8475
0.6,0.373982,0.355529,1.131361,0.8475
0.7,0.406502,0.404875,1.072296,0.861687
0.6,0.414633,0.411712,1.032527,0.892892
0.5,0.422764,0.418549,0.998229,0.932437
0.5,0.390244,0.386445,0.949875,1.010084
0.4,0.520324,0.513674,0.882387,1.090145
0.366667,0.514904,0.507927,0.829637,1.16096
0.333333,0.509485,0.50218,0.774258,1.248288
0.3,0.504065,0.496433,0.724662,1.354575
0.25,0.528455,0.527943,0.68972,1.46009
0.25,0.544715,0.538644,0.673284,1.552073
0.25,0.560976,0.549346,0.670169,1.650114
0.25,0.577236,0.560048,0.670169,1.734305
0.3,0.593495,0.576694,0.670169,1.815056
0.25,0.585364,0.5761,0.671744,1.883242
0.25,0.593495,0.5761,0.686995,1.949514
0.2,0.560975,0.559453,0.715857,2.019892
0.3,0.536585,0.528537,0.755311,2.080396
0.2,0.512193,0.495244,0.796406,2.131211
0.15,0.479673,0.478597,0.890255,2.175484
0.2,0.487804,0.479191,0.997483,2.210552
0.1,0.390244,0.381688,1.063679,2.237264
0.15,0.382113,0.382283,1.108397,2.242
0.25,0.406502,0.383472,1.172923,2.242
0.2,0.349593,0.350773,1.245304,2.242
0.15,0.284553,0.269917,1.304126,2.239145
0.1,0.268291,0.269322,1.343342,2.208265
0.0,0.203251,0.203924,1.354733,2.171109
0.1,0.166666,0.164982,1.364141,2.121375
0.2,0.13008,0.12604,1.381878,2.061281
0.325,0.121951,0.119501,1.397713,1.9892
0.45,0.113822,0.112961,1.417672,1.915302
0.525,0.130082,0.129905,1.437859,1.849212
0.6,0.146342,0.146849,1.459001,1.754865
0.7,0.170731,0.16409,1.48,1.66
0.75,0.186993,0.180737,1.514187,1.558313
0.85,0.22764,0.246136,1.559113,1.447085
0.8,0.276422,0.277646,1.613568,1.333114
0.8,0.300811,0.30975,1.666026,1.235248
0.75,0.341462,0.357313,1.722157,1.13817
0.85,0.357724,0.358502,1.777092,1.056342
0.85,0.373982,0.374554,1.850435,0.97518
0.8,0.398375,0.406064,1.914866,0.906195
0.85,0.422764,0.422711,1.976148,0.859971
0.85,0.439025,0.438763,2.058314,0.847308
0.85,0.479673,0.470868,2.138303,0.847308
0.8,0.479673,0.470273,2.201966,0.847308
0.75,0.479673,0.485731,2.25522,0.858429
0.8,0.495935,0.502378,2.293545,0.899072
0.75,0.544716,0.533888,2.3245,0.952125
0.7,0.593495,0.597503,2.362892,1.026624
0.7,0.634146,0.597503,2.410917,1.112218
0.75,0.707316,0.694411,2.423387,1.211141
0.65,0.699186,0.725327,2.4245,1.309032
0.7,0.666666,0.661712,2.4245,1.406619
0.6,0.674796,0.660523,2.4245,1.503987
0.6,0.707316,0.692628,2.420952,1.598448
0.65,0.780487,0.773484,2.398184,1.706129
0.6,0.731706,0.724732,2.33875,1.810625
0.6,0.764226,0.756837,2.265993,1.887746
0.5,0.796749,0.787753,2.179,1.97575
0.6,0.747967,0.756837,2.098404,2.048398
0.7,0.756098,0.741974,1.998021,2.114848
0.6,0.735773,0.724732,1.9075,2.166478
0.5,0.715447,0.707491,1.823519,2.216308
0.4,0.780487,0.770511,1.71725,2.2645
0.5,0.747967,0.739596,1.628427,2.275755
0.4,0.756098,0.722354,1.545263,2.278
0.45,0.764226,0.755054,1.472054,2.285594
0.4,0.747967,0.754459,1.412307,2.285594
0.35,0.747967,0.737812,1.325389,2.282
0.35,0.707316,0.705707,1.226034,2.277
0.35,0.691058,0.689655,1.142625,2.27563
0.3,0.715447,0.689061,1.065053,2.2625
0.4,0.658536,0.650119,1.006896,2.231568
0.5,0.601625,0.611177,0.954762,2.185329
0.4,0.560975,0.561831,0.877469,2.154042
0.3,0.577236,0.560642,0.804273,2.125535
0.4,0.556911,0.537753,0.78439,2.058059
0.5,0.536585,0.514863,0.768312,1.976413
0.6,0.520324,0.5,0.758598,1.866744
0.65,0.487804,0.500595,0.755375,1.759375
0.666667,0.466124,0.468688,0.755,1.67143
0.683333,0.444444,0.436782,0.755,1.566
0.7,0.422764,0.404875,0.755,1.464908
0.7,0.373982,0.388823,0.756875,1.34877
0.7,0.365854,0.372771,0.760833,1.261167
0.65,0.325204,0.324019,0.766996,1.209033
0.7,0.292684,0.292509,0.79433,1.104304
0.75,0.260164,0.260999,0.830376,1.003281
0.65,0.203251,0.211653,0.863615,0.919151
0.7,0.186993,0.180143,0.906417,0.835205
0.65,0.170731,0.163496,0.953434,0.767168
0.6,0.154469,0.146849,0.998738,0.718733
0.55,0.105691,0.065993,1.058171,0.673119
0.5,0.085365,0.057372,1.131781,0.634988
0.45,0.06504,0.048751,1.187754,0.620169
0.375,0.0813,0.071938,1.251891,0.618
0.3,0.09756,0.095125,1.319068,0.618
0.3,0.1626,0.175386,1.364511,0.618
0.3,0.219513,0.207491,1.399625,0.6235
0.25,0.19512,0.206897,1.420766,0.643266
0.2,0.219513,0.206302,1.421141,0.67175
0.25,0.268291,0.271106,1.421141,0.71805
0.25,0.268291,0.255054,1.421141,0.775754
0.233333,0.241191,0.2174,1.42,0.83
0.216667,0.214092,0.179746,1.419932,0.830262
0.2,0.186993,0.142093,1.402129,0.898944
0.25,0.178862,0.174792,1.376468,1.005038
0.3,0.178862,0.175386,1.354,1.106125
0.3,0.170731,0.175386,1.329318,1.22424
0.383333,0.178861,0.187079,1.309853,1.348748
0.466667,0.18699,0.198771,1.299612,1.457755
0.55,0.19512,0.210464,1.29659,1.573765
0.6,0.186993,0.195006,1.29659,1.682482
0.7,0.211382,0.212247,1.29659,1.778159
0.75,0.268291,0.277051,1.297465,1.794375
0.75,0.260164,0.260999,1.314831,1.877949
0.8,0.373982,0.390012,1.350125,1.97775
0.85,0.357724,0.374554,1.40118,2.059781
0.8,0.422764,0.422117,1.467964,2.126034
0.8,0.422764,0.422117,1.529206,2.169187
0.85,0.463415,0.454816,1.59465,2.189725
0.8,0.463415,0.454221,1.641724,2.189725
0.85,0.560975,0.567182,1.714866,2.189725
0.75,0.552844,0.533888,1.777338,2.189725
0.75,0.536585,0.533888,1.885119,2.169411
0.75,0.593495,0.598098,1.968522,2.134773
0.8,0.577236,0.58264,2.025591,2.09225
0.7,0.674796,0.661712,2.05035,2.06855
0.65,0.674796,0.67717,2.085737,2.034492
0.7,0.772356,0.758026,2.1185,1.988735
0.7,0.764226,0.758026,2.141484,1.944162
0.65,0.747967,0.757432,2.16789,1.906584
0.6,0.723578,0.724732,2.177572,1.875846
0.65,0.861789,0.853746,2.178019,1.864492
0.6,0.788618,0.772889,2.178019,1.864492
0.55,0.796749,0.788347,2.177378,1.864492
0.55,0.796749,0.788347,2.172931,1.864992
0.5,0.796749,0.739596,2.159666,1.875803
0.5,0.780487,0.7717,2.138167,1.891608
0.45,0.756098,0.755054,2.086331,1.937906
0.45,0.739836,0.739001,2.029945,1.978265
0.45,0.813007,0.739001,1.966112,2.016883
0.35,0.788618,0.785969,1.883757,2.05433
0.3,0.747967,0.75327,1.777328,2.090834
0.3,0.707316,0.721165,1.683954,2.117014
0.25,0.691058,0.688466,1.587396,2.136682
0.3,0.634146,0.624851,1.470625,2.1625
0.25,0.634146,0.608205,1.375232,2.164
0.2,0.617887,0.60761,1.284344,2.164
0.2,0.642276,0.623662,1.193359,2.164
0.25,0.585364,0.5761,1.098971,2.148693
0.15,0.569105,0.574911,1.015011,2.115302
0.15,0.552844,0.542806,0.944748,2.061118
0.1,0.495935,0.494055,0.888375,1.994874
0.2,0.512193,0.511296,0.843019,1.919483
0.15,0.447153,0.446492,0.804924,1.828457
0.15,0.414633,0.414388,0.76714,1.73355
0.15,0.398375,0.398335,0.756058,1.638955
0.25,0.365854,0.36742,0.749997,1.564875
0.25,0.349593,0.36742,0.746662,1.455746
0.3,0.308942,0.319857,0.746,1.35617
0.25,0.373982,0.383472,0.746,1.327625
0.35,0.357724,0.352556,0.746,1.239923
0.425,0.349593,0.345422,0.746535,1.127363
0.5,0.341462,0.338288,0.752831,1.023458
0.5375,0.339429,0.334721,0.77555,0.934957
0.575,0.337396,0.331153,0.818164,0.855702
0.6125,0.335364,0.327586,0.849958,0.791929
0.65,0.333331,0.324019,0.905329,0.727913
0.7,0.317073,0.308561,0.975377,0.672852
0.75,0.300811,0.293103,1.055324,0.634912
0.85,0.325204,0.326397,1.151129,0.607291
0.85,0.341462,0.358502,1.238065,0.591353
0.85,0.357724,0.358502,1.345,0.583973
0.9,0.382113,0.375149,1.446801,0.583964
0.95,0.471545,0.472057,1.55556,0.583964
0.9,0.463415,0.45541,1.656065,0.583964
0.85,0.495935,0.48692,1.751404,0.587187
0.85,0.504065,0.502973,1.846915,0.604264
0.85,0.520324,0.519025,1.939098,0.634283
0.85,0.512193,0.502973,2.009106,0.671161
0.85,0.544716,0.535077,2.071812,0.719
0.8,0.528455,0.550535,2.116866,0.764616
0.7,0.634146,0.693817,2.151264,0.819846
0.8,0.577236,0.566587,2.174632,0.887266
0.75,0.609756,0.598098,2.176918,0.948139
0.7,0.650407,0.64566,2.176918,1.029943
0.7,0.715447,0.64566,2.176918,1.098609
0.7,0.666666,0.661712,2.175834,1.16225
0.7,0.691058,0.693817,2.170318,1.219989
0.65,0.682927,0.693222,2.151163,1.271883
0.65,0.715447,0.725327,2.11692,1.327819
0.6,0.764226,0.740785,2.07689,1.383209
0.6,0.747967,0.756837,2.035263,1.435867
0.55,0.796749,0.772295,1.990277,1.486225
0.6,0.813007,0.788942,1.935536,1.54446
0.55,0.796749,0.788347,1.864396,1.622292
0.55,0.780487,0.772295,1.793933,1.691593
0.55,0.747967,0.74019,1.71025,1.777125
0.55,0.699186,0.708086,1.635043,1.856294
0.45,0.731706,0.722949,1.563422,1.929826
0.5,0.715447,0.707491,1.484224,1.982575
0.45,0.719513,0.714923,1.397263,2.040299
0.4,0.723578,0.722354,1.309197,2.108693
0.45,0.731706,0.722949,1.252,2.166187
0.35,0.723578,0.72176,1.128501,2.227372
0.45,0.699186,0.706897,1.043345,2.246492
0.475,0.674796,0.675089,0.96575,2.246992
0.5,0.650407,0.643282,0.891184,2.246992
0.45,0.658535,0.642687,0.813168,2.246992
0.45,0.634146,0.626635,0.741588,2.226831
0.35,0.593495,0.593341,0.687719,2.179719
0.45,0.577236,0.59453,0.64975,2.12275
0.35,0.487804,0.497027,0.628,2.055527
0.45,0.487804,0.466112,0.626,1.98632
0.4,0.430895,0.41736,0.626,1.906611
0.4,0.422764,0.433413,0.626,1.813907
0.45,0.406502,0.401902,0.62958,1.709884
0.4,0.349593,0.337099,0.64453,1.62011
0.4,0.300811,0.304994,0.670151,1.516657
0.3,0.308942,0.287753,0.691401,1.414568
0.35,0.292682,0.272295,0.708428,1.318674
0.4,0.276422,0.256837,0.72269,1.220722
0.3,0.203251,0.191439,0.738477,1.124126
0.3,0.1626,0.159334,0.756356,1.037992
0.35,0.19512,0.192033,0.785703,0.930959
0.4,0.081298,0.080262,0.824472,0.84196
0.45,0.13008,0.112961,0.862862,0.778035
0.4,0.105691,0.096314,0.911357,0.728688
0.475,0.142276,0.097206,0.957934,0.699188
0.55,0.178862,0.098098,1.005167,0.677639
0.65,0.186993,0.1956,1.070507,0.658563
0.7,0.146342,0.180143,1.140192,0.6555
0.75,0.146342,0.148633,1.219846,0.6555
0.75,0.22764,0.244946,1.287756,0.6555
0.8,0.211382,0.213436,1.357125,0.659625
0.8,0.325204,0.325803,1.405321,0.672121
0.85,0.308942,0.326397,1.43024,0.689952
0.85,0.365854,0.374554,1.446297,0.71614
0.9,0.333331,0.343044,1.459248,0.751543
0.9,0.357724,0.375149,1.479084,0.790894
0.85,0.495935,0.502973,1.499413,0.84121
0.95,0.471545,0.472057,1.520963,0.899617
0.9,0.512193,0.45541,1.542176,0.965293
0.85,0.487804,0.502973,1.565234,1.043078
0.8,0.504065,0.502378,1.613125,1.149613
0.85,0.504065,0.502973,1.668533,1.223718
0.9,0.528455,0.535672,1.724108,1.295596
0.8,0.577236,0.58264,1.777074,1.385188
0.8,0.601625,0.630797,1.826159,1.458643
0.8,0.609756,0.614744,1.867755,1.547925
0.75,0.650407,0.646254,1.91438,1.632175
0.75,0.666666,0.662307,1.951204,1.706583
0.65,0.723578,0.693222,1.966898,1.778121
0.65,0.715447,0.709275,1.989546,1.864058
0.65,0.764226,0.725327,1.996371,1.936318
0.6,0.747967,0.740785,1.997302,2.017822
0.65,0.764226,0.741379,1.997302,2.080864
0.6,0.813007,0.804994,1.996893,2.1395
0.65,0.804876,0.773484,1.989042,2.191437
0.6,0.772356,0.772889,1.961531,2.233827
0.55,0.772356,0.772295,1.932793,2.258092
0.55,0.796749,0.772295,1.886592,2.282592
0.55,0.780487,0.788347,1.834845,2.309863
0.5,0.780487,0.787753,1.762403,2.327826
0.5,0.772356,0.7717,1.663272,2.350928
0.6,0.764226,0.756837,1.567,2.37
0.5,0.747967,0.723543,1.477578,2.377568
0.55,0.658535,0.627824,1.374158,2.386021
0.65,0.650407,0.645065,1.271637,2.390274
0.55,0.585364,0.595719,1.175381,2.390274
0.6,0.634146,0.612366,1.063012,2.390274
0.65,0.577236,0.612961,0.978493,2.388045
0.7,0.536585,0.533294,0.888064,2.372586
0.7,0.536585,0.517241,0.816964,2.34332
0.75,0.512193,0.517836,0.753857,2.302391
0.75,0.487804,0.501784,0.712899,2.253771
0.75,0.439025,0.469679,0.677038,2.187579
0.8,0.414633,0.422117,0.650932,2.104781
0.8,0.414633,0.406064,0.642306,2.012028
0.8,0.341462,0.357907,0.642,1.911625
0.85,0.300811,0.294293,0.642,1.806062
0.85,0.300811,0.310345,0.642,1.712161
0.95,0.308942,0.279429,0.645642,1.592779
0.85,0.186993,0.181926,0.65025,1.49572
0.75,0.146342,0.148633,0.65697,1.398027
0.75,0.1626,0.148633,0.660594,1.361915
0.65,0.09756,0.115339,0.681122,1.262325
0.55,0.040651,0.049941,0.712893,1.129706
0.5,0.016258,0.033294,0.739484,1.028344
0.5,0.024389,0.033294,0.779248,0.941532
0.375,0.0813,0.079964,0.8278,0.860997
0.25,0.138211,0.126635,0.879394,0.78751
0.25,0.089429,0.110583,0.9317,0.741
0.216667,0.14363,0.152992,0.98625,0.738
0.183333,0.197832,0.195402,1.032236,0.738
0.15,0.252033,0.237812,1.068532,0.738
0.15,0.268291,0.269917,1.10815,0.767945
0.15,0.300811,0.302021,1.122306,0.828471
0.15,0.308942,0.302021,1.155597,0.883361
0.2,0.398375,0.366825,1.169532,0.957331
0.2,0.449864,0.420333,1.169532,1.051625
0.2,0.501354,0.473841,1.171345,1.146
0.2,0.552844,0.527348,1.183678,1.242861
0.15,0.552844,0.526754,1.1865,1.360822
0.15,0.544716,0.542806,1.1865,1.48096
0.2,0.577236,0.559453,1.211648,1.570038
0.25,0.601625,0.592152,1.29156,1.688726
0.2,0.634146,0.623662,1.302375,1.800797
0.2,0.658535,0.639715,1.323606,1.889676
0.25,0.682927,0.704518,1.361915,1.985426
0.15,0.658535,0.63912,1.398613,2.070406
0.225,0.699186,0.680143,1.43746,2.131179
0.3,0.739836,0.721165,1.454303,2.182954
0.35,0.715447,0.705707,1.47043,2.224898
0.35,0.731706,0.72176,1.481622,2.253457
0.4,0.756098,0.754459,1.501021,2.281496
0.4,0.764226,0.738407,1.555444,2.304209
0.45,0.780487,0.787158,1.606719,2.305459
0.5,0.804877,0.803805,1.686902,2.305459
0.55,0.829268,0.820452,1.792439,2.305459
0.6,0.853658,0.837099,1.862636,2.296558
0.5,0.821138,0.819857,1.932268,2.268768
0.6,0.845527,0.853151,2.041143,2.232875
0.55,0.878047,0.868609,2.105488,2.182404
0.55,0.878047,0.868609,2.166067,2.099904
0.6,0.918698,0.901308,2.243331,1.996411
0.6,0.910567,0.885256,2.28217,1.898363
0.5,0.878047,0.868014,2.312123,1.809079
0.5,0.861789,0.868014,2.3234,1.726054
0.55,0.878047,0.852556,2.333363,1.620838
0.55,0.829269,0.820452,2.3396,1.51075
0.6,0.780487,0.788942,2.343125,1.400998
0.5,0.780487,0.7717,2.3435,1.28337
0.5,0.699186,0.691439,2.342492,1.176883
0.45,0.682927,0.674792,2.340735,1.068063
0.45,0.650407,0.65874,2.335367,0.982472
0.425,0.613822,0.622325,2.312875,0.900627
0.4,0.577236,0.58591,2.292297,0.840736
0.375,0.540651,0.549495,2.258484,0.790603
0.35,0.504065,0.51308,2.212833,0.72841
0.35,0.512193,0.497027,2.155734,0.683152
0.25,0.471545,0.463734,2.07948,0.655071
0.2,0.422764,0.414982,1.993992,0.627664
0.25,0.430895,0.431629,1.909774,0.611693
0.35,0.365854,0.352556,1.817196,0.598035
0.25,0.325204,0.319263,1.728494,0.582813
0.25,0.298103,0.287158,1.635325,0.565375
0.25,0.271002,0.255054,1.526281,0.555847
0.25,0.243902,0.222949,1.420382,0.5551
0.225,0.199186,0.190547,1.326366,0.5551
0.2,0.154469,0.158145,1.242531,0.5551
0.3,0.13008,0.143282,1.157754,0.556631
0.2,0.146342,0.142093,1.080155,0.558875
0.3,0.162602,0.159334,1.004007,0.559634
0.4,0.178862,0.176576,0.935625,0.565044
0.45,0.121949,0.17717,0.881921,0.573
0.55,0.134146,0.162307,0.852258,0.5735
0.65,0.146342,0.147444,0.8485,0.5735
0.65,0.170731,0.163496,0.8485,0.574
0.75,0.178862,0.180737,0.8485,0.575875
0.85,0.186993,0.197979,0.858429,0.576
0.85,0.325204,0.326397,0.901431,0.576
0.85,0.325204,0.326397,0.960477,0.578326
0.85,0.325204,0.326397,1.028617,0.588929
0.9,0.373982,0.375149,1.102227,0.608258
0.85,0.406502,0.406659,1.219036,0.645055
0.9,0.430895,0.423306,1.301022,0.669747
0.85,0.430895,0.422711,1.4045,0.70433
0.9,0.422764,0.487515,1.505759,0.746072
0.85,0.471545,0.454816,1.60116,0.781416
0.8,0.455284,0.454221,1.704069,0.83875
0.8,0.495935,0.502378,1.793109,0.905772
0.8,0.512193,0.502378,1.871046,0.96583
0.75,0.536585,0.533888,1.942052,1.031547
0.75,0.585364,0.582045,2.006452,1.099517
0.75,0.682927,0.662307,2.060774,1.167045
0.7,0.650407,0.64566,2.096454,1.234382
0.7,0.674796,0.677765,2.122698,1.34917
0.65,0.723578,0.709275,2.148192,1.451235
0.6,0.666666,0.660523,2.174725,1.564725
0.55,0.739836,0.74019,2.1782,1.655876
0.6,0.796749,0.804994,2.1782,1.745989
0.6,0.796749,0.788942,2.1782,1.835067
0.55,0.780487,0.756243,2.171597,1.944218
0.6,0.764226,0.740785,2.131872,2.032593
0.575,0.760162,0.724435,2.10775,2.077
0.55,0.756098,0.708086,2.072855,2.112305
0.5,0.756098,0.755648,2.01002,2.149693
0.5,0.739836,0.739596,1.93582,2.192135
0.5,0.731706,0.739596,1.833427,2.234774
0.45,0.764226,0.739001,1.741031,2.263655
0.45,0.747967,0.739001,1.657625,2.2715
0.35,0.747967,0.753864,1.559645,2.292665
0.4,0.731706,0.722354,1.455212,2.318937
0.45,0.731706,0.722949,1.368702,2.347038
0.45,0.699186,0.690844,1.29263,2.353921
0.5,0.715447,0.691439,1.20875,2.353921
0.45,0.715447,0.690844,1.11696,2.353921
0.5,0.601625,0.611177,1.034888,2.348879
0.55,0.585364,0.579667,0.973552,2.320281
0.5,0.552844,0.546968,0.929027,2.274139
0.6,0.536585,0.532105,0.904862,2.221746
0.55,0.471545,0.483353,0.869,2.153445
0.65,0.471545,0.46849,0.794636,2.074543
0.6,0.487804,0.467895,0.778375,1.982285
0.65,0.430895,0.420333,0.761849,1.859221
0.65,0.398375,0.388228,0.756266,1.758
0.7,0.373982,0.372771,0.756266,1.658738
0.65,0.325204,0.340071,0.756266,1.569152
0.75,0.308942,0.325208,0.757325,1.486266
0.8,0.268291,0.261593,0.766237,1.387995
0.85,0.219513,0.230083,0.768272,1.345746
0.8,0.19512,0.213436,0.776436,1.231406
0.7,0.154469,0.148038,0.793375,1.119875
0.7,0.13008,0.148038,0.821219,1.017641
0.625,0.13008,0.131094,0.871597,0.934202
0.55,0.13008,0.11415,0.912629,0.862431
0.45,0.117885,0.080856,0.958797,0.798329
0.35,0.105691,0.047562,1.000709,0.755099
0.275,0.117885,0.086801,1.047176,0.713235
0.2,0.13008,0.12604,1.123572,0.685372
0.3,0.19512,0.207491,1.19075,0.668375
0.25,0.203251,0.190844,1.263096,0.659383
0.35,0.276422,0.288347,1.305255,0.658844
0.25,0.292684,0.287158,1.342652,0.658844
0.2,0.292684,0.286564,1.377824,0.658844
0.25,0.317073,0.319263,1.398378,0.670965
0.2,0.349593,0.382878,1.404263,0.703826
0.15,0.349593,0.334126,1.404302,0.742625
0.1,0.479673,0.445898,1.404302,0.746
0.1,0.479673,0.478002,1.404302,0.794912
0.15,0.504065,0.478597,1.397506,0.887825
0.25,0.585364,0.5761,1.378379,0.977958
0.15,0.544716,0.542806,1.357045,1.095345
0.2,0.577236,0.575505,1.341668,1.223521
0.15,0.682927,0.671225,1.332,1.338255
0.25,0.617887,0.592152,1.331,1.4625
0.2,0.626015,0.623662,1.331,1.588608
0.25,0.626015,0.624257,1.331,1.703365
0.25,0.650407,0.640309,1.335223,1.781816
0.35,0.642276,0.625446,1.357707,1.872155
0.3,0.650407,0.624851,1.394465,1.961332
0.4,0.650407,0.658145,1.424797,2.036795
0.4,0.601625,0.593936,1.47475,2.087459
0.4,0.560975,0.561831,1.529748,2.147047
0.4,0.528455,0.513674,1.596325,2.190809
0.5,0.520324,0.498811,1.681706,2.20764
0.55,0.455284,0.467301,1.737694,2.20764
0.5,0.504065,0.498811,1.819618,2.20764
0.45,0.406502,0.417955,1.908475,2.206413
0.5,0.406502,0.386445,1.986287,2.19351
0.55,0.341462,0.338882,2.05535,2.157484
0.55,0.260164,0.354935,2.116975,2.1052
0.65,0.260164,0.25981,2.167985,2.048558
0.75,0.260164,0.244946,2.215433,1.977307
0.8,0.268291,0.277646,2.247486,1.910857
0.75,0.276422,0.277051,2.277046,1.825853
0.75,0.268291,0.260999,2.2875,1.7435
0.85,0.317073,0.310345,2.291348,1.647352
0.85,0.308942,0.310345,2.291464,1.539684
0.85,0.382113,0.390606,2.291464,1.453117
0.9,0.414633,0.423306,2.291464,1.354765
0.85,0.463415,0.438763,2.288366,1.272152
0.95,0.447153,0.456005,2.278813,1.172456
0.85,0.504065,0.48692,2.260993,1.074838
0.85,0.479673,0.470868,2.231134,0.985031
0.8,0.504065,0.486326,2.196003,0.909307
0.8,0.512193,0.534483,2.159729,0.852301
0.75,0.552844,0.549941,2.121173,0.79444
0.75,0.601625,0.582045,2.081898,0.762684
0.75,0.601625,0.598098,2.030054,0.760535
0.7,0.658535,0.613555,1.968558,0.760535
0.75,0.682927,0.678359,1.911881,0.760535
0.7,0.650407,0.64566,1.840187,0.777002
0.6,0.699186,0.692628,1.779573,0.823154
0.65,0.715447,0.693222,1.733045,0.879203
0.65,0.731706,0.725327,1.696113,0.941263
0.55,0.796749,0.772295,1.672177,1.01268
0.6,0.829269,0.804994,1.656419,1.08602
0.55,0.796749,0.788347,1.649004,1.176736
0.55,0.837396,0.852556,1.633333,1.271
0.55,0.845527,0.836504,1.619629,1.363102
0.55,0.788618,0.788347,1.610239,1.464685
0.55,0.747967,0.74019,1.603191,1.556019
0.5,0.747967,0.739596,1.591793,1.627541
0.466667,0.750678,0.733849,1.567782,1.724024
0.433333,0.753388,0.728101,1.525075,1.83296
0.4,0.756098,0.722354,1.489881,1.937228
0.4,0.707316,0.706302,1.435125,2.0295
0.35,0.691058,0.689655,1.407434,2.099938
0.35,0.707316,0.689655,1.384963,2.130371
0.325,0.689024,0.669293,1.374191,2.138704
0.3,0.670731,0.64893,1.338308,2.163562
0.275,0.652438,0.628567,1.254561,2.1695
0.25,0.634146,0.608205,1.176788,2.1695
0.15,0.609756,0.590963,1.108752,2.1695
0.15,0.593495,0.590963,1.0603,2.15753
0.05,0.536585,0.509512,1.025469,2.125205
0.125,0.508129,0.486326,0.944535,2.095212
0.2,0.479673,0.463139,0.813763,2.069821
0.2,0.447153,0.431034,0.787988,1.996377
0.15,0.414633,0.382283,0.775108,1.898639
0.1,0.373982,0.365636,0.770901,1.802086
0.05,0.365854,0.365042,0.768286,1.683641
0.15,0.333331,0.318074,0.767395,1.626094
0.2,0.276422,0.270511,0.762227,1.523147
0.25,0.203251,0.15874,0.751919,1.406025
0.2,0.235771,0.222354,0.745723,1.287948
0.275,0.219511,0.21522,0.745723,1.185289
0.35,0.203251,0.208086,0.745723,1.076142
0.4,0.06504,0.064209,0.745848,0.980563
0.475,0.09756,0.08918,0.753071,0.897781
0.55,0.13008,0.11415,0.790344,0.835718
0.5,0.154469,0.14566,0.827909,0.78402
0.5,0.13008,0.097503,0.870401,0.746587
0.6,0.09756,0.098692,0.926773,0.717455
0.65,0.113822,0.115339,0.999261,0.694375
0.7,0.105691,0.099881,1.082306,0.673375
0.65,0.138211,0.131391,1.156336,0.659858
0.7,0.13008,0.131986,1.233043,0.647056
0.6,0.13008,0.130797,1.32304,0.635298
0.65,0.146342,0.147444,1.392207,0.626111
0.575,0.170731,0.162604,1.47776,0.622774
0.5,0.19512,0.177765,1.57758,0.622774
0.5,0.243902,0.241974,1.653302,0.622774
0.5,0.308942,0.290131,1.757344,0.626581
0.4,0.300811,0.288942,1.845719,0.66125
0.5,0.292684,0.306183,1.964675,0.705248
0.4,0.325204,0.321046,2.041562,0.74776
0.35,0.390244,0.400713,2.120953,0.791894
0.35,0.406502,0.416766,2.192773,0.839556
0.35,0.487804,0.480975,2.238707,0.908124
0.3,0.495935,0.464328,2.273958,1.002008
0.35,0.536585,0.529132,2.338969,1.090275
0.45,0.560975,0.562426,2.407667,1.182294
0.45,0.577236,0.562426,2.415542,1.260325
0.35,0.638211,0.641498,2.416288,1.346193
0.25,0.699186,0.720571,2.416542,1.436701
0.35,0.699186,0.713734,2.415906,1.529594
0.45,0.699186,0.706897,2.412743,1.58161
0.5,0.699186,0.691439,2.404125,1.692638
0.55,0.715447,0.708086,2.359336,1.806853
0.5,0.813007,0.803805,2.255984,1.913547
0.45,0.821138,0.80321,2.195118,2.01008
0.5,0.796749,0.803805,2.138035,2.102203
0.5,0.845527,0.819857,2.078,2.184375
0.55,0.861789,0.852556,2.0285,2.244958
0.5,0.861789,0.83591,1.974204,2.299506
0.55,0.813007,0.820452,1.906184,2.341395
0.575,0.804878,0.804697,1.871011,2.349339
0.6,0.796749,0.788942,1.829402,2.349411
0.65,0.756098,0.741379,1.790598,2.349411
0.65,0.764226,0.773484,1.76847,2.349339
0.75,0.747967,0.742568,1.753844,2.33974
0.65,0.747967,0.741379,1.74625,2.321
0.675,0.747967,0.73365,1.745333,2.293883
0.7,0.747967,0.725922,1.745,2.236652
0.725,0.695122,0.686088,1.745,2.169054
0.75,0.642276,0.646254,1.745,2.089625
0.75,0.585364,0.582045,1.745375,1.991039
0.85,0.609756,0.599287,1.7475,1.895598
0.85,0.617887,0.615339,1.7475,1.77594
0.85,0.682927,0.711653,1.7475,1.658025
0.9,0.585364,0.535672,1.74775,1.5605
0.9,0.593495,0.583829,1.743131,1.458866
0.85,0.552844,0.567182,1.738403,1.361357
0.9,0.528455,0.535672,1.733212,1.256795
0.9,0.512193,0.535672,1.701703,1.124393
0.85,0.479673,0.48692,1.662859,1.044822
0.9,0.463415,0.45541,1.616766,0.971226
0.9,0.406502,0.407253,1.561875,0.900418
0.85,0.365854,0.358502,1.511017,0.837778
0.85,0.349593,0.358502,1.454606,0.792396
0.85,0.341462,0.326397,1.385941,0.749999
0.75,0.333331,0.325208,1.326956,0.717612
0.75,0.317073,0.325208,1.270113,0.688614
0.65,0.268291,0.291914,1.207636,0.670155
0.7,0.19512,0.212247,1.152907,0.668057
0.6,0.19512,0.211058,1.080597,0.668057
0.5,0.154469,0.161712,1.010463,0.668057
0.45,0.276422,0.321641,0.949369,0.671192
0.45,0.211382,0.193222,0.91064,0.689894
0.466667,0.230352,0.214824,0.876888,0.718704
0.483333,0.249321,0.236425,0.830227,0.760445
0.5,0.268291,0.258026,0.791509,0.816411
0.375,0.276422,0.264566,0.75569,0.89495
0.25,0.284553,0.271106,0.738973,0.968471
0.25,0.308942,0.30321,0.724219,1.060858
0.2,0.357724,0.302616,0.70971,1.149443
0.2,0.414633,0.39893,0.694938,1.241862
0.2,0.439025,0.479191,0.676742,1.340742
0.25,0.463415,0.463734,0.6581,1.436833
0.2,0.512193,0.495244,0.639875,1.52825
0.15,0.520324,0.526754,0.619552,1.633137
0.15,0.544716,0.510702,0.60525,1.728969
0.1,0.569105,0.590369,0.603,1.808905
0.15,0.585365,0.590963,0.603,1.896511
0.2,0.601625,0.591558,0.603,1.962509
0.25,0.617887,0.608205,0.605115,2.02164
0.25,0.642276,0.624257,0.618949,2.069106
0.2,0.658535,0.655767,0.647809,2.108084
0.3,0.666666,0.656956,0.693708,2.14275
0.35,0.691058,0.689655,0.746527,2.165192
0.3,0.699186,0.689061,0.817842,2.184083
0.4,0.715447,0.69025,0.887062,2.191241
0.3,0.715447,0.705113,0.899367,2.192
0.375,0.756098,0.738109,0.975867,2.192
0.45,0.796749,0.771106,1.0915,2.192
0.45,0.780487,0.771106,1.217375,2.187
0.45,0.764226,0.771106,1.325169,2.175491
0.55,0.780487,0.74019,1.438749,2.155958
0.55,0.772356,0.756243,1.511445,2.137183
0.45,0.747967,0.739001,1.59139,2.106481
0.525,0.739836,0.723841,1.664553,2.071994
0.6,0.731706,0.70868,1.750887,2.029321
0.65,0.731706,0.725327,1.835769,1.988911
0.65,0.699186,0.709275,1.911732,1.938315
0.65,0.715447,0.709275,2.007175,1.873668
0.7,0.707316,0.709869,2.065892,1.80668
0.75,0.666666,0.662307,2.119116,1.725828
0.75,0.617887,0.61415,2.160984,1.64041
0.8,0.642276,0.630797,2.20525,1.54525
0.8,0.617887,0.614744,2.247763,1.4445
0.85,0.617887,0.615339,2.253302,1.350719
0.85,0.585364,0.583234,2.253302,1.23307
0.85,0.585364,0.583234,2.253302,1.121048
0.85,0.560975,0.567182,2.252376,1.031241
0.85,0.520324,0.519025,2.240666,0.957152
0.9,0.495935,0.503567,2.225681,0.889521
0.85,0.471545,0.470868,2.206375,0.821958
0.9,0.463415,0.471463,2.174956,0.758333
0.9,0.455284,0.45541,2.136027,0.694705
0.9,0.463415,0.439358,2.097159,0.650138
0.9,0.463415,0.471463,2.038206,0.617653
0.9,0.463415,0.45541,1.974053,0.589538
0.85,0.569105,0.470868,1.917802,0.569211
0.8,0.512193,0.502378,1.831625,0.55672
0.8,0.512193,0.534483,1.754456,0.55594
0.75,0.516258,0.525862,1.669854,0.55594
0.7,0.520324,0.517241,1.580632,0.55594
0.7,0.544716,0.549346,1.484615,0.562145
0.65,0.601625,0.612961,1.400659,0.583738
0.6,0.634146,0.548157,1.32525,0.61675
0.55,0.569105,0.563615,1.245875,0.660375
0.55,0.634146,0.643876,1.194963,0.711996
0.45,0.617887,0.610583,1.120032,0.765794
0.45,0.634146,0.626635,1.046606,0.83106
0.45,0.626015,0.59453,0.976183,0.913635
0.4,0.650407,0.642093,0.895174,1.012078
0.3,0.691058,0.673008,0.846302,1.08525
0.3,0.691058,0.673008,0.791827,1.168945
0.3,0.682927,0.673008,0.744743,1.24025
0.35,0.642276,0.625446,0.697368,1.3105
0.275,0.621951,0.608502,0.668362,1.396068
0.2,0.601625,0.591558,0.647135,1.479729
0.2,0.609756,0.591558,0.632397,1.574343
0.175,0.609756,0.599287,0.630556,1.662539
0.15,0.609756,0.607015,0.630556,1.755254
0.2,0.577236,0.575505,0.630556,1.841671
0.2,0.560975,0.559453,0.632151,1.916309
0.1,0.504065,0.494055,0.639697,1.98008
0.2,0.479673,0.463139,0.651473,2.047097
0.15,0.422764,0.414388,0.672035,2.102424
0.1,0.430895,0.429845,0.696098,2.139525
0.15,0.378049,0.374257,0.714166,2.146621
0.2,0.325204,0.318668,0.734293,2.146621
0.2,0.268291,0.270511,0.748204,2.146621
0.1,0.235771,0.237218,0.762264,2.145362
0.1,0.22764,0.237218,0.778299,2.111937
0.175,0.182926,0.189952,0.800233,2.056309
0.25,0.138211,0.142687,0.829651,1.979163
0.35,0.040651,0.047562,0.85654,1.898405
0.4,0.048778,0.048157,0.889486,1.799308
0.3,0.073169,0.071046,0.9175,1.72275
0.2,0.09756,0.093936,0.940125,1.664375
0.425,0.09756,0.096611,0.976766,1.587651
0.65,0.09756,0.099287,1.041906,1.470736
0.65,0.146342,0.163496,1.117401,1.353119
0.775,0.162602,0.181034,1.186857,1.25362
0.9,0.178862,0.198573,1.269416,1.144678
0.85,0.211382,0.197979,1.351913,1.034484
0.85,0.292684,0.197979,1.433204,0.937236
0.8,0.308942,0.30975,1.529614,0.842136
0.9,0.325204,0.343044,1.608592,0.783668
0.8,0.406502,0.422117,1.692537,0.742619
0.9,0.447153,0.45541,1.776879,0.697852
0.9,0.447153,0.439358,1.840525,0.665973
0.9,0.455284,0.45541,1.918436,0.659
0.9,0.439025,0.439358,2.009492,0.659
0.95,0.439025,0.439952,2.087625,0.659
0.85,0.390244,0.422711,2.147125,0.6735
0.9,0.422764,0.375149,2.207125,0.71625
0.875,0.402438,0.374851,2.245186,0.755698
0.85,0.382113,0.374554,2.281828,0.817375
0.85,0.365854,0.374554,2.323597,0.90697
0.8,0.373982,0.37396,2.341915,0.99821
0.75,0.390244,0.389417,2.36575,1.1015
0.6,0.402438,0.39566,2.376205,1.208464
0.45,0.414633,0.401902,2.377,1.327974
0.475,0.402438,0.394174,2.377,1.437337
0.5,0.390244,0.386445,2.377,1.521293
0.55,0.471545,0.387039,2.375507,1.59576
0.475,0.495935,0.450357,2.372556,1.651812
0.4,0.520324,0.513674,2.351767,1.749908
0.35,0.585364,0.577289,2.312,1.879
0.4,0.463415,0.465517,2.279873,1.975406
0.325,0.504065,0.488704,2.22369,2.064023
0.25,0.544716,0.511891,2.144833,2.15558
0.2,0.536585,0.527348,2.080016,2.224964
0.2,0.528455,0.527348,2.008414,2.281838
0.2,0.544716,0.543401,1.912161,2.332193
0.3,0.609756,0.608799,1.82275,2.353571
0.225,0.589431,0.583829,1.738895,2.36743
0.15,0.569105,0.558859,1.602241,2.389798
0.15,0.552844,0.542806,1.499643,2.396009
0.2,0.585364,0.559453,1.394793,2.401236
0.15,0.585364,0.574911,1.280194,2.408258
0.15,0.585364,0.574911,1.162659,2.410847
0.2,0.560975,0.559453,1.055125,2.41225
0.15,0.528455,0.510702,0.948875,2.413627
0.15,0.471545,0.478597,0.861074,2.413978
0.15,0.447153,0.43044,0.803867,2.413148
0.05,0.463415,0.461356,0.7875,2.413
0.15,0.398375,0.382283,0.7875,2.411125
0.15,0.357724,0.350178,0.785625,2.391439
0.2,0.325204,0.334721,0.782375,2.360823
0.2,0.300811,0.286564,0.818833,2.321803
0.2,0.254741,0.249108,0.890989,2.277329
0.2,0.20867,0.211653,0.976015,2.200583
0.2,0.1626,0.174197,1.05657,2.106416
0.275,0.09756,0.11088,1.122298,2.023119
0.35,0.03252,0.047562,1.186224,1.938642
0.4,0.06504,0.064209,1.232702,1.857873
0.5,0.073171,0.065398,1.294577,1.762516
0.5,0.081298,0.081451,1.358708,1.665381
0.45,0.093495,0.104935,1.405987,1.560395
0.4,0.105691,0.128419,1.45457,1.468495
0.5,0.117885,0.129608,1.498768,1.406747
0.6,0.13008,0.130797,1.563369,1.309202
0.6,0.1626,0.162901,1.626384,1.218593
0.7,0.121949,0.131986,1.698846,1.1315
0.6,0.146342,0.146849,1.765795,1.058438
0.7,0.13008,0.131986,1.833253,0.9905
0.6,0.170731,0.154875,1.897771,0.932272
0.5,0.211382,0.177765,1.976891,0.875475
0.5,0.178862,0.177765,2.049534,0.830204
0.6,0.19512,0.178954,2.115412,0.796055
0.5,0.19512,0.177765,2.175205,0.785889
0.5,0.284553,0.274078,2.28279,0.785889
0.466667,0.330623,0.316488,2.36475,0.785889
0.433333,0.376693,0.358898,2.402821,0.786221
0.4,0.422764,0.401308,2.426239,0.812071
0.35,0.422764,0.384661,2.439999,0.859597
0.25,0.471545,0.463734,2.444861,0.922027
0.3,0.504065,0.504459,2.444861,0.989274
0.35,0.536585,0.545184,2.444861,1.076063
0.4,0.560975,0.561831,2.443736,1.166913
0.35,0.609756,0.593341,2.433036,1.256868
0.4,0.626016,0.609988,2.430455,1.343217
0.45,0.642276,0.626635,2.43,1.434615
0.45,0.715447,0.706897,2.429871,1.530213
0.5,0.731706,0.723543,2.429742,1.624042
0.4,0.764226,0.754459,2.428266,1.70921
0.45,0.780487,0.76308,2.419073,1.790818
0.5,0.796749,0.7717,2.35275,1.887625
0.6,0.837396,0.837099,2.293941,1.968683
0.55,0.829269,0.820452,2.237469,2.038503
0.55,0.829269,0.836504,2.179806,2.137407
0.55,0.845527,0.820452,2.1061,2.210033
0.6,0.813007,0.804994,2.039617,2.282125
0.7,0.780487,0.766052,1.971625,2.330492
0.8,0.747967,0.727111,1.912104,2.363875
0.7,0.699186,0.709869,1.884504,2.369
0.7,0.715447,0.709869,1.858359,2.369
0.7,0.707316,0.709869,1.824111,2.369
0.75,0.699186,0.694411,1.789812,2.366318
0.75,0.682927,0.662307,1.771783,2.352115
0.8,0.658535,0.646849,1.7565,2.334
0.85,0.6626,0.647444,1.755,2.297717
0.9,0.666666,0.648038,1.755,2.240665
0.85,0.593495,0.599287,1.755,2.170541
0.9,0.569105,0.583829,1.756177,2.072903
0.9,0.593495,0.583829,1.758133,2.044357
0.85,0.552844,0.599287,1.764951,1.960755
0.95,0.528455,0.520214,1.77326,1.857335
0.9,0.504065,0.503567,1.774,1.734508
0.9,0.487804,0.487515,1.774,1.613053
0.9,0.471545,0.471463,1.774,1.485025
0.9,0.414633,0.407253,1.768129,1.3739
0.9,0.398375,0.391201,1.743129,1.255237
0.9,0.333331,0.343044,1.708504,1.163267
0.9,0.325204,0.326992,1.660923,1.06135
0.9,0.300811,0.326992,1.609755,0.971822
0.85,0.268291,0.27824,1.544313,0.900359
0.85,0.219513,0.230083,1.464688,0.840359
0.8,0.178862,0.165279,1.391836,0.794172
0.7,0.203251,0.212247,1.312222,0.752818
0.75,0.121949,0.13258,1.249558,0.729711
0.8,0.073171,0.085018,1.157328,0.728
0.7,0.073171,0.067776,1.07925,0.728
0.625,0.060975,0.090963,1.009556,0.728
0.55,0.048778,0.11415,0.94575,0.750625
0.45,0.048778,0.080856,0.900125,0.794125
0.35,0.048778,0.047562,0.862387,0.844637
0.35,0.03252,0.03151,0.824002,0.912749
0.25,0.089429,0.078478,0.799375,0.98925
0.375,0.085364,0.071938,0.777396,1.084433
0.5,0.081298,0.065398,0.75596,1.181756
0.525,0.089429,0.081748,0.740097,1.267935
0.55,0.09756,0.098098,0.712892,1.350463
0.45,0.1626,0.161118,0.689,1.458573
0.525,0.182926,0.178062,0.6875,1.547055
0.6,0.203251,0.195006,0.6875,1.632346
0.6,0.243902,0.243163,0.6875,1.726434
0.55,0.276422,0.258621,0.699525,1.829
0.6,0.349593,0.339477,0.70491,1.912602
0.7,0.422764,0.43698,0.706956,1.991572
0.7,0.422764,0.404875,0.717592,2.053527
0.65,0.455284,0.436385,0.735185,2.110516
0.65,0.471545,0.46849,0.755096,2.151659
0.6,0.528455,0.516052,0.774355,2.192893
0.65,0.536585,0.484542,0.794651,2.228599
0.7,0.520324,0.533294,0.81605,2.251923
0.7,0.560975,0.549346,0.85262,2.272383
0.65,0.699186,0.693222,0.920009,2.287683
0.65,0.723578,0.709275,0.995375,2.303488
0.65,0.715447,0.725327,1.068463,2.31971
0.7,0.731706,0.741974,1.155325,2.335842
0.6,0.804876,0.788942,1.252222,2.350979
0.65,0.878047,0.853746,1.351625,2.361875
0.6,0.86992,0.804994,1.454586,2.367846
0.6,0.829269,0.821046,1.541969,2.367846
0.55,0.845527,0.836504,1.631998,2.367846
0.6,0.829269,0.804994,1.712608,2.367068
0.583333,0.807588,0.783393,1.796149,2.358369
0.566667,0.785907,0.761792,1.884145,2.345177
0.55,0.764226,0.74019,1.967688,2.324655
0.5,0.796749,0.787753,2.006207,2.317429
0.45,0.764226,0.771106,2.032625,2.31639
0.45,0.715447,0.722949,2.034,2.31639
0.35,0.764226,0.785969,2.034,2.3156
0.35,0.682927,0.657551,2.034,2.31448
0.3,0.658535,0.656956,2.020734,2.3135
0.35,0.650407,0.641498,1.98496,2.3135
0.25,0.666667,0.648335,1.922629,2.312625
0.15,0.682927,0.655172,1.878333,2.292
0.2,0.642276,0.639715,1.853694,2.264033
0.2,0.617887,0.60761,1.782168,2.223252
0.2,0.634146,0.60761,1.719075,2.171639
0.15,0.601625,0.590963,1.645335,2.071683
0.05,0.585364,0.589774,1.543297,1.991371
0.1,0.5813,0.574316,1.467881,1.929558
0.15,0.577236,0.558859,1.39688,1.853687
0.15,0.536585,0.542806,1.331024,1.792515
0.15,0.536585,0.526754,1.270446,1.732235
0.2,0.471545,0.463139,1.196008,1.656878
0.15,0.447153,0.446492,1.123437,1.571971
0.15,0.439025,0.414388,1.06309,1.492441
0.1,0.422764,0.397741,0.997612,1.399012
0.2,0.390244,0.414982,0.930538,1.312012
0.1,0.333331,0.317479,0.87062,1.229315
0.15,0.276422,0.269917,0.81591,1.149088
0.1,0.276422,0.25327,0.771766,1.059285
0.2,0.19512,0.222354,0.7315,0.966125
0.15,0.203251,0.189655,0.728,0.890958
0.2,0.174796,0.158145,0.728,0.821131
0.25,0.146342,0.126635,0.728,0.771172
0.35,0.081298,0.063615,0.742607,0.724809
0.3,0.089429,0.095125,0.785177,0.690189
0.4,0.085364,0.080262,0.839796,0.659716
0.5,0.081298,0.065398,0.91055,0.62846
0.55,0.073171,0.082045,0.991069,0.610002
0.6,0.121949,0.130797,1.092582,0.595164
0.65,0.170731,0.163496,1.188497,0.586286
0.7,0.203251,0.212247,1.281563,0.577133
0.75,0.203251,0.19679,1.381427,0.565188
0.75,0.19512,0.212842,1.483066,0.549143
0.85,0.252033,0.262188,1.5973,0.543409
0.8,0.300811,0.30975,1.704621,0.543409
0.75,0.317073,0.309156,1.788734,0.543409
0.8,0.373982,0.406064,1.874179,0.543909
0.75,0.341462,0.34126,1.949915,0.553149
0.75,0.414633,0.40547,2.012774,0.563635
0.75,0.439025,0.437574,2.083036,0.584589
0.8,0.520324,0.550535,2.145908,0.6223
0.75,0.536585,0.533888,2.198474,0.668071
0.75,0.528455,0.533888,2.221212,0.720295
0.7,0.560975,0.565398,2.246079,0.79031
0.7,0.601625,0.597503,2.283422,0.853968
0.7,0.642276,0.629608,2.312045,0.932658
0.7,0.658535,0.661712,2.343817,1.04166
0.7,0.715447,0.709869,2.361522,1.122223
0.7,0.796749,0.774078,2.395875,1.211686
0.6,0.788618,0.772889,2.432404,1.28665
0.65,0.772356,0.757432,2.47514,1.358063
0.6,0.813007,0.804994,2.498817,1.46366
0.5,0.861789,0.83591,2.499727,1.550248
0.575,0.845529,0.828775,2.499727,1.64225
0.65,0.829269,0.821641,2.499727,1.741221
0.6,0.829269,0.837099,2.494499,1.823441
0.6,0.829269,0.821046,2.45801,1.908598
0.6,0.804876,0.788942,2.39198,1.995083
0.6,0.747967,0.756837,2.319421,2.060501
0.55,0.747967,0.74019,2.216526,2.134308
0.55,0.731706,0.724138,2.14125,2.19525
0.55,0.747967,0.724138,2.068612,2.251138
0.45,0.764226,0.739001,1.988913,2.297934
0.45,0.731706,0.690844,1.901905,2.331051
0.45,0.747967,0.722949,1.807934,2.351891
0.45,0.666666,0.65874,1.713807,2.355351
0.35,0.691058,0.673603,1.612689,2.355351
0.35,0.699186,0.689655,1.530937,2.355351
0.4,0.691058,0.69025,1.448032,2.351302
0.3,0.682927,0.673008,1.367669,2.322894
0.3,0.699186,0.673008,1.301858,2.283337
0.3,0.650407,0.656956,1.246325,2.236508
0.35,0.626015,0.609394,1.179317,2.178422
0.35,0.617887,0.609394,1.125752,2.128404
0.35,0.593495,0.577289,1.071548,2.061056
0.35,0.528455,0.51308,1.022875,1.983375
0.3,0.471545,0.48038,0.98056,1.906124
0.4,0.487804,0.465517,0.93665,1.814878
0.45,0.455284,0.450059,0.902154,1.724384
0.45,0.398375,0.401902,0.867184,1.634443
0.5,0.398375,0.386445,0.833449,1.530986
0.5,0.357724,0.35434,0.82126,1.428659
0.533333,0.341463,0.327983,0.815313,1.322662
0.566667,0.325203,0.301625,0.798788,1.234302
0.6,0.308942,0.275268,0.778708,1.138144
0.55,0.22764,0.226516,0.755308,1.044334
0.6,0.199186,0.195006,0.718465,0.936503
0.65,0.170731,0.163496,0.69152,0.852697
0.55,0.1626,0.162307,0.689,0.789439
0.65,0.113822,0.131391,0.689,0.742875
0.55,0.13008,0.130202,0.6905,0.714769
0.6,0.09756,0.098692,0.70049,0.688496
0.5,0.081298,0.065398,0.744427,0.675406
0.45,0.048778,0.048751,0.806549,0.666615
0.45,0.089429,0.080856,0.886996,0.656433
0.3,0.0813,0.071046,0.986424,0.646532
0.15,0.073171,0.061237,1.084584,0.637226
0.2,0.081298,0.077883,1.18983,0.630056
0.2,0.121949,0.12604,1.287214,0.621964
0.15,0.1626,0.173603,1.399862,0.608685
0.2,0.219513,0.206302,1.597094,0.597467
0.2,0.22764,0.206302,1.706149,0.596618
0.2,0.284553,0.270511,1.780483,0.596618
0.15,0.317073,0.285969,1.847105,0.596618
0.1,0.317073,0.333532,1.88975,0.607156
0.15,0.373982,0.366231,1.893,0.638651
0.1,0.422764,0.413793,1.893,0.677119
0.15,0.430895,0.414388,1.893,0.726986
0.15,0.430895,0.43044,1.860137,0.817072
0.25,0.552844,0.527943,1.851092,0.88986
0.2,0.536585,0.527348,1.845909,0.985703
0.2,0.577236,0.559453,1.836661,1.084182
0.2,0.544716,0.543401,1.831892,1.121179
0.2,0.666666,0.639715,1.805789,1.200061
0.2,0.642276,0.623662,1.771702,1.324171
0.3,0.626015,0.608799,1.742435,1.44956
0.35,0.658535,0.689655,1.720185,1.573067
0.4,0.666666,0.674197,1.704961,1.68834
0.35,0.642276,0.641498,1.687,1.797528
0.3,0.682927,0.737218,1.687,1.884042
0.4,0.731706,0.722354,1.687,1.977413
0.35,0.715447,0.705707,1.69,2.066049
0.45,0.731706,0.722949,1.721768,2.119007
0.55,0.707316,0.708086,1.735191,2.159385
0.55,0.650407,0.659929,1.77302,2.193336
0.5,0.731706,0.707491,1.820052,2.220151
0.55,0.715447,0.708086,1.858262,2.251419
0.6,0.682927,0.692628,1.934444,2.2531
0.6,0.699186,0.692628,1.981708,2.2531
0.7,0.691058,0.677765,2.034064,2.251367
0.7,0.617887,0.613555,2.091228,2.235341
0.7,0.609756,0.613555,2.137851,2.207879
0.75,0.650407,0.630202,2.173544,2.173956
0.8,0.642276,0.630797,2.205435,2.13285
0.9,0.813007,0.985137,2.25581,2.055475
0.8,0.626015,0.614744,2.295045,1.968156
0.8,0.617887,0.614744,2.31467,1.879656
0.85,0.560975,0.567182,2.319,1.784403
0.85,0.536585,0.55113,2.319,1.692998
0.85,0.544716,0.535077,2.319,1.593016
0.85,0.528455,0.535077,2.316198,1.49864
0.9,0.495935,0.487515,2.307583,1.403958
0.85,0.487804,0.48692,2.289201,1.314437
0.9,0.455284,0.45541,2.253021,1.223592
0.9,0.414633,0.423306,2.222926,1.137515
0.9,0.406502,0.391201,2.18774,1.065359
0.9,0.357724,0.359096,2.153761,1.003478
0.9,0.325204,0.310939,2.110797,0.949207
0.9,0.300811,0.294887,2.053869,0.88776
0.85,0.252033,0.230083,1.99892,0.83192
0.85,0.22764,0.230083,1.93349,0.78839
0.8,0.19512,0.213436,1.862738,0.746254
0.75,0.22764,0.212842,1.781011,0.714351
0.75,0.292684,0.277051,1.6945,0.686875
0.7,0.341462,0.340666,1.621809,0.684
0.65,0.308942,0.324019,1.544863,0.684
0.65,0.333331,0.340071,1.485875,0.684
0.6,0.341462,0.339477,1.415337,0.692924
0.5,0.390244,0.386445,1.367584,0.720051
0.6,0.439025,0.403686,1.314356,0.751088
0.5,0.455284,0.450654,1.249645,0.797811
0.55,0.520324,0.515458,1.194307,0.852633
0.5,0.520324,0.530916,1.132598,0.929689
0.4,0.650407,0.642093,1.083796,0.990202
0.45,0.601625,0.562426,1.024997,1.068169
0.35,0.617887,0.609394,0.960386,1.163848
0.4,0.585364,0.577883,0.8945,1.2495
0.35,0.601625,0.593341,0.797194,1.387012
0.35,0.658535,0.593341,0.753896,1.481994
0.35,0.634146,0.625446,0.715194,1.584443
0.25,0.691058,0.672414,0.690376,1.667895
0.2,0.674796,0.671819,0.688886,1.717923
0.25,0.634146,0.624257,0.688886,1.793
0.2,0.626015,0.623662,0.688886,1.863942
0.25,0.601625,0.592152,0.691568,1.92671
0.25,0.601625,0.624257,0.709306,1.998777
0.2,0.593495,0.591558,0.737397,2.055832
0.2,0.585364,0.575505,0.771905,2.111157
0.1,0.552844,0.526159,0.810691,2.162746
0.2,0.512193,0.511296,0.855029,2.211457
0.1,0.471545,0.445898,0.91451,2.25493
0.1,0.439025,0.429845,0.970252,2.287819
0.15,0.390244,0.366231,1.021193,2.30478
0.15,0.365854,0.366231,1.092995,2.305512
0.15,0.308942,0.302021,1.168704,2.305512
0.2,0.292684,0.286564,1.273119,2.305512
0.3,0.235771,0.239596,1.333319,2.296022
0.3,0.195121,0.19679,1.379831,2.257298
0.3,0.154472,0.153983,1.417476,2.204214
0.3,0.113822,0.111177,1.441923,2.134476
0.325,0.085365,0.087396,1.469919,2.054261
0.35,0.056909,0.063615,1.488971,1.957858
0.4,0.081298,0.080262,1.500291,1.860575
0.525,0.101624,0.0978,1.50525,1.755734
0.65,0.121949,0.115339,1.508895,1.649689
0.65,0.113822,0.115339,1.509964,1.527896
0.7,0.138211,0.131986,1.512,1.426401
0.75,0.178862,0.180737,1.522887,1.317012
0.8,0.186993,0.213436,1.52926,1.21179
0.8,0.22764,0.229489,1.536883,1.112764
0.8,0.268291,0.261593,1.549101,1.024674
0.8,0.325204,0.341855,1.56625,0.936
0.8,0.341462,0.325803,1.600375,0.84575
0.85,0.382113,0.374554,1.649531,0.794861
0.9,0.430895,0.423306,1.718412,0.739138
0.9,0.422764,0.407253,1.784691,0.682011
0.85,0.398375,0.390606,1.842894,0.651931
0.85,0.455284,0.438763,1.931377,0.6445
0.85,0.439025,0.438763,2.024728,0.6445
0.85,0.487804,0.470868,2.088842,0.646375
0.85,0.487804,0.48692,2.152875,0.67491
0.8,0.487804,0.486326,2.201072,0.706129
0.8,0.479673,0.486326,2.243798,0.756964
0.8,0.536585,0.502378,2.279901,0.820256
0.75,0.569105,0.565993,2.313487,0.895445
0.75,0.577236,0.565993,2.32579,0.985351
0.7,0.634146,0.629608,2.340689,1.083642
0.65,0.601625,0.580856,2.363672,1.188803
0.6,0.650407,0.628419,2.369198,1.27957
0.6,0.634146,0.628419,2.374,1.361876
0.6,0.674796,0.660523,2.374,1.491872
0.6,0.707316,0.676576,2.37125,1.590703
0.6,0.691058,0.676576,2.36775,1.699516
0.55,0.666666,0.659929,2.365403,1.796625
0.5,0.617887,0.627229,2.361901,1.88458
0.55,0.650407,0.643876,2.313511,1.979442
0.525,0.642276,0.643579,2.251179,2.071871
0.5,0.634146,0.643282,2.18725,2.16325
0.4,0.634146,0.634067,2.140525,2.21451
0.3,0.634146,0.624851,2.082467,2.260956
0.35,0.609756,0.593341,1.979631,2.306716
0.3,0.593495,0.576694,1.884973,2.341352
0.3,0.544716,0.54459,1.778654,2.374952
0.35,0.536585,0.529132,1.675627,2.393361
0.3,0.552844,0.54459,1.564581,2.401735
0.3,0.552844,0.54459,1.464894,2.402559
0.2,0.560975,0.559453,1.37545,2.402659
0.25,0.560975,0.560048,1.265387,2.402659
0.35,0.536585,0.529132,1.180758,2.40209
0.3,0.504065,0.496433,1.095375,2.397875
0.25,0.495935,0.479786,1.01525,2.3845
0.3,0.487804,0.48038,0.954748,2.364047
0.2,0.471545,0.463139,0.907293,2.329047
0.15,0.439025,0.43044,0.872892,2.285548
0.2,0.382113,0.366825,0.849863,2.239751
0.3,0.382113,0.432224,0.823809,2.184925
0.2,0.341462,0.334721,0.8065,2.100147
0.1,0.317073,0.317479,0.793925,2.003559
0.175,0.288618,0.27824,0.793,1.86373
0.25,0.260164,0.239001,0.793,1.75785
0.3,0.260164,0.255648,0.79325,1.677475
0.2,0.22764,0.222354,0.798085,1.586566
0.216667,0.197831,0.190448,0.808864,1.49613
0.233333,0.168021,0.158541,0.826589,1.409105
0.25,0.138211,0.126635,0.844587,1.366538
0.475,0.13008,0.121284,0.875903,1.348949
0.7,0.121949,0.115933,0.918777,1.317401
0.6,0.146342,0.146849,0.975586,1.269948
0.5,0.178862,0.177765,1.019151,1.217833
0.575,0.195122,0.194709,1.067148,1.172108
0.65,0.211382,0.211653,1.124686,1.133732
0.666667,0.205961,0.211851,1.187468,1.104203
0.683333,0.200541,0.212049,1.259374,1.082431
0.7,0.19512,0.212247,1.337788,0.90885
0.6,0.243902,0.243163,1.422185,0.876685
0.5,0.268291,0.258026,1.491942,0.872658
0.6,0.260164,0.259215,1.571592,0.868569
0.55,0.292684,0.274673,1.660825,0.86122
0.5,0.341462,0.322235,1.745259,0.860293
0.5,0.325204,0.338288,1.825625,0.860293
0.45,0.325204,0.337693,1.896793,0.860293
0.55,0.422764,0.403092,1.963118,0.866573
0.55,0.455284,0.435196,2.013158,0.883657
0.6,0.471545,0.451843,2.058448,0.898294
0.5,0.569105,0.56302,2.098032,0.925165
0.5,0.552844,0.546968,2.117903,0.96814
0.6,0.528455,0.532105,2.139125,1.012875
0.55,0.560975,0.563615,2.16675,1.068442
0.625,0.577235,0.572533,2.197193,1.140784
0.7,0.593495,0.581451,2.230545,1.215589
0.65,0.585364,0.596908,2.273724,1.29375
0.65,0.609756,0.612961,2.300225,1.352839
0.75,0.666666,0.662307,2.311177,1.430871
0.75,0.650407,0.662307,2.325302,1.494375
0.75,0.626015,0.61415,2.329902,1.552343
0.8,0.569105,0.566587,2.329902,1.635587
0.8,0.577236,0.566587,2.329902,1.708658
0.8,0.601625,0.598692,2.314601,1.781215
0.85,0.577236,0.583234,2.270284,1.852949
0.85,0.585364,0.567182,2.219725,1.957184
0.8,0.552844,0.566587,2.186089,2.015506
0.9,0.569105,0.567776,2.139074,2.069717
0.9,0.560975,0.567776,2.105196,2.116605
0.9,0.504065,0.487515,2.049199,2.154672
0.85,0.487804,0.48692,1.981877,2.187344
0.85,0.414633,0.438763,1.913345,2.206151
0.9,0.390244,0.391201,1.836924,2.21
0.95,0.341462,0.343639,1.763516,2.21
0.9,0.317073,0.326992,1.702538,2.21
0.85,0.308942,0.310345,1.652244,2.205726
0.85,0.292684,0.294293,1.61535,2.178296
0.8,0.219513,0.229489,1.58625,2.144
0.8,0.203251,0.213436,1.573663,2.090611
0.75,0.178862,0.19679,1.558407,2.021312
0.7,0.13008,0.131986,1.550049,1.949961
0.7,0.113822,0.131986,1.544097,1.861117
0.625,0.0813,0.13912,1.537859,1.779381
0.55,0.048778,0.146254,1.516315,1.694551
0.45,0.09756,0.096908,1.484041,1.619309
0.45,0.105691,0.112961,1.440663,1.543148
0.35,0.121949,0.127824,1.394014,1.483189
0.35,0.211382,0.208086,1.340952,1.435097
0.25,0.186993,0.206897,1.285125,1.39993
0.3,0.203251,0.207491,1.2274,1.367738
0.25,0.276422,0.271106,1.172014,1.357975
0.2,0.276422,0.270511,1.106555,1.357975
0.15,0.317073,0.318074,1.039803,1.357975
0.2,0.398375,0.366825,0.963473,1.364363
0.2,0.406502,0.39893,0.900644,1.394563
0.15,0.422764,0.414388,0.840756,1.440394
0.2,0.430895,0.414982,0.78586,1.494779
0.2,0.463415,0.447087,0.743103,1.547804
0.15,0.487804,0.478597,0.698664,1.615145
0.2,0.504065,0.495244,0.685,1.696353
0.25,0.520324,0.511891,0.684939,1.765308
0.2,0.585364,0.559453,0.684758,1.850742
0.3,0.577236,0.576694,0.685504,1.918524
0.3,0.552844,0.54459,0.6935,1.96185
0.25,0.626015,0.608205,0.723525,2.037301
0.25,0.674796,0.672414,0.765988,2.1295
0.25,0.650407,0.640309,0.808826,2.182001
0.35,0.780487,0.753864,0.860552,2.229215
0.4,0.764226,0.754459,0.90162,2.265082
0.45,0.699186,0.706897,0.934873,2.293807
0.5,0.715447,0.723543,1.012849,2.322172
0.45,0.772356,0.739001,1.091321,2.347076
0.5,0.804876,0.787753,1.181427,2.36755
0.5,0.853658,0.83591,1.266534,2.369233
0.55,0.894309,0.884661,1.36513,2.369233
0.55,0.813007,0.820452,1.470672,2.369233
0.55,0.821138,0.8044,1.569743,2.363643
0.6,0.804876,0.788942,1.646125,2.342
0.65,0.845527,0.837693,1.727391,2.304385
0.55,0.780487,0.772295,1.814997,2.261047
0.6,0.780487,0.772889,1.929191,2.217736
0.575,0.756096,0.748514,2.007889,2.168883
0.55,0.731706,0.724138,2.069488,2.105491
0.65,0.731706,0.725327,2.121043,2.035046
0.7,0.682927,0.661712,2.164023,1.962041
0.75,0.674796,0.662307,2.196457,1.885891
0.75,0.642276,0.646254,2.229195,1.803915
0.8,0.617887,0.614744,2.244874,1.715789
0.8,0.626015,0.614744,2.250732,1.63775
0.8,0.585364,0.598692,2.255611,1.559963
0.8,0.577236,0.566587,2.255611,1.463775
0.85,0.585364,0.583234,2.252527,1.375567
0.8,0.585364,0.58264,2.248363,1.293813
0.8,0.552844,0.550535,2.246119,1.215552
0.8,0.504065,0.51843,2.229537,1.154487
0.7,0.495935,0.501189,2.202598,1.087224
0.7,0.455284,0.453032,2.162096,1.024913
0.65,0.455284,0.452438,2.116499,0.964936
0.65,0.544716,0.452438,2.060666,0.910256
0.55,0.504065,0.499405,2.009018,0.864969
0.55,0.504065,0.499405,1.946173,0.825139
0.45,0.536585,0.546373,1.867792,0.789874
0.4,0.569105,0.577883,1.786625,0.759878
0.3,0.569105,0.576694,1.728315,0.714626
0.4,0.577236,0.561831,1.662798,0.678667
0.35,0.585364,0.577289,1.520318,0.631966
0.35,0.577236,0.577289,1.435066,0.598933
0.4,0.585364,0.593936,1.325355,0.584851
0.3,0.601625,0.592747,1.250905,0.583885
0.3,0.650407,0.640904,1.189977,0.583885
0.2,0.569105,0.639715,1.131978,0.583885
0.25,0.601625,0.5761,1.046971,0.600155
0.15,0.617887,0.607015,0.985886,0.623981
0.2,0.593495,0.591558,0.933805,0.658176
0.2,0.609756,0.591558,0.893299,0.701466
0.15,0.601625,0.590963,0.860668,0.758043
0.2,0.552844,0.559453,0.831,0.8305
0.15,0.536585,0.510702,0.794258,0.918948
0.15,0.512193,0.510702,0.758359,1.012003
0.183333,0.471543,0.468292,0.738468,1.102911
0.216667,0.430893,0.425882,0.724095,1.186823
0.25,0.390244,0.383472,0.710714,1.28808
0.2,0.341462,0.334721,0.709153,1.38595
0.15,0.308942,0.318074,0.709153,1.484834
0.1,0.276422,0.269322,0.709153,1.572525
0.2,0.243902,0.254459,0.711931,1.643174
0.25,0.203251,0.190844,0.723576,1.69757
0.25,0.113822,0.110583,0.741357,1.733694
0.35,0.09756,0.095719,0.768909,1.740042
0.4,0.056909,0.096314,0.807087,1.740042
0.525,0.069104,0.089774,0.856858,1.740042
0.65,0.081298,0.083234,0.914964,1.735271
0.6,0.073171,0.08264,0.982895,1.694063
0.6,0.09756,0.098692,1.051406,1.636631
0.7,0.13008,0.148038,1.11254,1.578218
0.75,0.138211,0.148633,1.1749,1.511999
0.75,0.1626,0.180737,1.233845,1.445374
0.8,0.19512,0.197384,1.295689,1.368484
0.8,0.219513,0.213436,1.363553,1.275684
0.85,0.243902,0.246136,1.429641,1.187758
0.8,0.292684,0.293698,1.49775,1.097
0.8,0.276422,0.293698,1.566181,1.01802
0.8,0.333331,0.325803,1.619469,0.959533
0.85,0.373982,0.374554,1.680132,0.898637
0.8,0.382113,0.37396,1.754948,0.852448
0.8,0.406502,0.406064,1.832263,0.810573
0.8,0.414633,0.406064,1.920686,0.753442
0.8,0.455284,0.454221,1.989687,0.749756
0.75,0.479673,0.453627,2.049814,0.749756
0.75,0.479673,0.485731,2.213578,0.749756
0.75,0.552844,0.533888,2.3768,0.755408
0.7,0.585364,0.597503,2.430655,0.784009
0.75,0.552844,0.549941,2.46475,0.833229
0.7,0.658535,0.661712,2.476441,0.910891
0.7,0.707316,0.693817,2.476441,0.986143
0.7,0.682927,0.677765,2.476441,1.082872
0.6,0.731706,0.724732,2.475856,1.18726
0.6,0.764226,0.772889,2.420741,1.273981
0.6,0.796749,0.788942,2.354354,1.370356
0.6,0.829269,0.837099,2.349009,1.484871
0.55,0.837396,0.852556,2.344353,1.600541
0.55,0.886178,0.884661,2.33091,1.702598
0.6,0.837396,0.837099,2.323705,1.793541
0.55,0.796749,0.8044,2.309971,1.897388
0.6,0.821138,0.756837,2.266234,2.015719
0.6,0.764226,0.756837,2.221363,2.101836
0.55,0.772356,0.756243,2.175972,2.17171
0.45,0.796749,0.771106,2.1138,2.24035
0.45,0.780487,0.771106,2.014386,2.296071
0.45,0.780487,0.771106,1.93065,2.343874
0.45,0.780487,0.755054,1.85475,2.379375
0.45,0.666666,0.65874,1.782144,2.400156
0.4,0.666666,0.642093,1.71057,2.400875
0.3,0.674796,0.656956,1.645291,2.400875
0.35,0.650407,0.641498,1.565788,2.400875
0.3,0.646342,0.632878,1.503285,2.382952
0.25,0.642276,0.624257,1.47057,2.345008
0.25,0.617887,0.624257,1.4325,2.32675
0.25,0.593495,0.592152,1.359947,2.303207
0.3,0.585364,0.576694,1.299463,2.272565
0.25,0.569105,0.560048,1.224769,2.217568
0.2,0.512193,0.511296,1.173346,2.16688
0.25,0.495935,0.511891,1.130153,2.121112
0.2,0.455284,0.431034,1.09476,2.085892
0.2,0.430895,0.431034,1.036402,2.047945
0.1,0.373982,0.365636,0.963393,1.981565
0.05,0.390244,0.381094,0.941282,1.857379
0.15,0.317073,0.318074,0.928618,1.74628
0.1,0.308942,0.301427,0.915178,1.65104
0.05,0.300811,0.300832,0.902683,1.552192
0.1,0.268291,0.269322,0.888543,1.438971
0.15,0.276422,0.285969,0.862401,1.333318
0.25,0.284553,0.271106,0.831449,1.236346
0.225,0.300813,0.294887,0.798234,1.134324
0.2,0.317073,0.318668,0.771125,1.03975
0.3,0.373982,0.400119,0.750049,0.9591
0.3,0.341462,0.33591,0.746,0.885427
0.4,0.357722,0.361177,0.746,0.817754
0.5,0.373982,0.386445,0.746,0.767112
0.45,0.422764,0.434007,0.752738,0.733765
0.45,0.447153,0.450059,0.785727,0.705465
0.5,0.504065,0.482759,0.838998,0.680324
0.5,0.552844,0.56302,0.897301,0.664545
0.55,0.552844,0.547562,0.968148,0.652182
0.6,0.552844,0.548157,1.058885,0.644204
0.633333,0.558264,0.548553,1.1395,0.640344
0.666667,0.563685,0.54895,1.238869,0.634293
0.7,0.569105,0.549346,1.33525,0.625
0.7,0.642276,0.64566,1.429,0.616674
0.7,0.634146,0.64566,1.515152,0.615512
0.75,0.617887,0.630202,1.611585,0.615512
0.75,0.601625,0.598098,1.715228,0.615512
0.85,0.577236,0.583234,1.806522,0.616539
0.85,0.593495,0.583234,1.885766,0.632469
0.85,0.569105,0.567182,1.953031,0.654007
0.9,0.569105,0.567776,2.020147,0.694572
0.9,0.601625,0.567776,2.075073,0.740795
0.9,0.528455,0.51962,2.133238,0.808442
0.85,0.495935,0.502973,2.177207,0.88201
0.9,0.471545,0.471463,2.218546,0.9651
0.9,0.447153,0.439358,2.255282,1.06898
0.9,0.414633,0.423306,2.300297,1.165672
0.9,0.357724,0.359096,2.3167,1.246245
0.85,0.341462,0.358502,2.339694,1.331394
0.85,0.292684,0.294293,2.356144,1.406199
0.9,0.235771,0.24673,2.357,1.464143
0.85,0.19512,0.214031,2.357,1.523815
0.85,0.219513,0.214031,2.353815,1.5335
0.8,0.146342,0.149227,2.33028,1.5335
0.7,0.146342,0.115933,2.282886,1.5335
0.65,0.073171,0.083234,2.260583,1.531
0.65,0.081298,0.083234,2.213091,1.527859
0.55,0.081298,0.082045,2.135815,1.52226
0.55,0.113822,0.082045,2.029365,1.513906
0.55,0.113822,0.098098,1.941108,1.492255
0.45,0.13008,0.112961,1.850356,1.470198
0.4,0.154469,0.144471,1.799334,1.463586
0.3,0.203251,0.191439,1.724622,1.444852
0.25,0.203251,0.206897,1.608208,1.432189
0.2,0.211382,0.206302,1.52925,1.427531
0.25,0.22764,0.222949,1.460553,1.425284
0.2,0.276422,0.270511,1.351106,1.425034
0.2,0.284553,0.286564,1.265,1.425034
0.15,0.357724,0.350178,1.160517,1.425034
0.175,0.386178,0.38258,1.072935,1.440052
0.2,0.414633,0.414982,0.990789,1.477414
0.1,0.455284,0.445898,0.901285,1.525121
0.15,0.422764,0.43044,0.828841,1.580282
0.2,0.455284,0.447087,0.76699,1.640867
0.15,0.544716,0.510702,0.726261,1.699386
0.25,0.528455,0.511891,0.692383,1.775875
0.15,0.601625,0.526754,0.686031,1.857839
0.15,0.536585,0.542806,0.686031,1.940826
0.2,0.593495,0.575505,0.686031,2.010726
0.25,0.577236,0.5761,0.689791,2.061846
0.2,0.650407,0.623662,0.712032,2.11338
0.25,0.642276,0.624257,0.750313,2.162574
0.2,0.674796,0.671819,0.81111,2.210363
0.25,0.691058,0.672414,0.883782,2.246174
0.35,0.658535,0.625446,0.96675,2.27725
0.35,0.601625,0.593341,1.052187,2.299766
0.4,0.642276,0.62604,1.144845,2.317407
0.3,0.569105,0.673008,1.230718,2.324407
0.4,0.56504,0.618014,1.297097,2.337623
0.5,0.560975,0.56302,1.392115,2.349893
0.5,0.520324,0.530916,1.490884,2.349893
0.4,0.455284,0.465517,1.597567,2.349893
0.5,0.390244,0.418549,1.683686,2.344348
0.45,0.390244,0.401902,1.734122,2.325717
0.55,0.341462,0.354935,1.786535,2.306412
0.55,0.357724,0.354935,1.843773,2.286744
0.45,0.317073,0.305589,1.889454,2.246605
0.55,0.272356,0.274673,1.944875,2.195149
0.65,0.22764,0.243757,1.987958,2.140135
0.65,0.22764,0.243757,2.03373,2.072985
0.7,0.235771,0.244352,2.074993,1.998763
0.8,0.211382,0.213436,2.115383,1.909429
0.8,0.211382,0.261593,2.152717,1.830272
0.8,0.308942,0.293698,2.192662,1.740807
0.85,0.300811,0.310345,2.225945,1.65841
0.85,0.341462,0.326397,2.249587,1.581094
0.9,0.357724,0.343044,2.267323,1.489711
0.9,0.365854,0.359096,2.271111,1.39125
0.9,0.390244,0.391201,2.271111,1.299365
0.9,0.479673,0.471463,2.271111,1.209512
0.85,0.471545,0.454816,2.268781,1.146371
0.85,0.504065,0.502973,2.254689,1.069309
0.9,0.504065,0.51962,2.230727,1.002516
0.85,0.528455,0.535077,2.203893,0.9436
0.85,0.569105,0.567182,2.163318,0.892865
0.8,0.552844,0.566587,2.100375,0.8405
0.75,0.577236,0.565993,2.051075,0.797177
0.75,0.593495,0.582045,2.004488,0.762046
0.7,0.609756,0.613555,1.962075,0.734299
0.7,0.674796,0.677765,1.90972,0.731596
0.7,0.699186,0.693817,1.857882,0.731596
0.7,0.691058,0.677765,1.804373,0.731596
0.65,0.682927,0.693222,1.755014,0.741593
0.65,0.731706,0.709275,1.715085,0.788132
0.55,0.707316,0.724138,1.68674,0.855951
0.55,0.707316,0.659929,1.680019,0.922867
0.5,0.731706,0.723543,1.67205,0.990479
0.55,0.756098,0.74019,1.668399,1.079066
0.45,0.821138,0.706897,1.66625,1.190209
0.35,0.776422,0.713734,1.668037,1.299452
0.25,0.731706,0.720571,1.668187,1.417355
0.3,0.666666,0.656956,1.666832,1.546155
0.35,0.845527,0.625446,1.664064,1.677219
0.3,0.682927,0.673008,1.659382,1.776454
0.25,0.682927,0.656361,1.62315,1.859425
0.25,0.650407,0.656361,1.577904,1.946117
0.25,0.658535,0.656361,1.540769,2.030637
0.25,0.626015,0.624257,1.501477,2.115314
0.25,0.593495,0.5761,1.465676,2.176794
0.2,0.585364,0.575505,1.416125,2.236889
0.3,0.552844,0.576694,1.358016,2.253058
0.2,0.552844,0.543401,1.296708,2.253058
0.25,0.544716,0.527943,1.232096,2.253058
0.2,0.508131,0.495244,1.1725,2.247274
0.15,0.471545,0.462545,1.115454,2.200723
0.15,0.390244,0.382283,1.051096,2.187445
0.1,0.349593,0.333532,1.004698,2.168145
0.15,0.333331,0.318074,0.93675,2.138583
0.2,0.292684,0.302616,0.890571,2.092388
0.25,0.268291,0.271106,0.843422,2.030655
0.15,0.203251,0.205707,0.8054,1.980421
0.15,0.170731,0.173603,0.773946,1.954432
0.15,0.146342,0.173603,0.759113,1.925408
0.275,0.138211,0.151011,0.749243,1.869632
0.4,0.13008,0.128419,0.747,1.832182
0.466667,0.15176,0.145264,0.747,1.758139
0.533333,0.17344,0.162109,0.747,1.68445
0.6,0.19512,0.178954,0.749004,1.600386
0.65,0.1626,0.179548,0.770748,1.477918
0.7,0.154469,0.16409,0.794,1.39025
0.75,0.1626,0.164685,0.834274,1.306453
0.75,0.186993,0.148633,0.885278,1.188672
0.8,0.170731,0.181332,0.927823,1.087771
0.85,0.292684,0.27824,0.990485,0.964117
0.9,0.268291,0.278835,1.051542,0.873306
0.9,0.300811,0.326992,1.12736,0.79548
0.9,0.333331,0.326992,1.21459,0.72909
0.9,0.365854,0.359096,1.303625,0.675
0.9,0.382113,0.375149,1.381406,0.643109
0.9,0.390244,0.391201,1.463073,0.611484
0.85,0.398375,0.406659,1.552695,0.601
0.85,0.439025,0.438763,1.629369,0.601
0.85,0.495935,0.48692,1.75275,0.601
0.85,0.495935,0.502973,1.840793,0.605437
0.8,0.504065,0.502378,1.919231,0.630125
0.85,0.593495,0.599287,1.98888,0.661336
0.8,0.577236,0.566587,2.033817,0.69757
0.8,0.650407,0.646849,2.091194,0.756547
0.8,0.634146,0.630797,2.129446,0.809824
0.75,0.634146,0.630202,2.164457,0.882584
0.7,0.682927,0.677765,2.199219,0.981949
0.7,0.764226,0.758026,2.227969,1.087949
0.75,0.756098,0.758621,2.248512,1.193567
0.7,0.723578,0.725922,2.26475,1.30275
0.65,0.772356,0.773484,2.286225,1.395082
0.65,0.739836,0.757432,2.306983,1.486312
0.6125,0.762194,0.769025,2.3092,1.597186
0.575,0.784553,0.780618,2.3092,1.660411
0.5375,0.806911,0.792212,2.3092,1.731466
0.5,0.829269,0.803805,2.30535,1.821511
0.45,0.796749,0.787158,2.280048,1.89381
0.45,0.776424,0.767093,2.243073,1.961054
0.45,0.756098,0.747027,2.197154,2.021986
0.45,0.735773,0.726962,2.131211,2.091532
0.45,0.715447,0.706897,2.056533,2.15408
0.45,0.699186,0.674792,1.973318,2.209444
0.375,0.715446,0.697979,1.870475,2.265872
0.3,0.731706,0.721165,1.76941,2.308953
0.25,0.715447,0.688466,1.667862,2.349447
0.3,0.691058,0.673008,1.569837,2.387547
0.35,0.682927,0.689655,1.464481,2.419252
0.3,0.617887,0.608799,1.365561,2.442526
0.25,0.601625,0.592152,1.258505,2.446407
0.2,0.601625,0.591558,1.161238,2.446407
0.25,0.601625,0.592152,1.082918,2.446407
0.2,0.512193,0.511296,1.021627,2.439369
0.1,0.520324,0.494055,0.967832,2.411987
0.175,0.459349,0.44679,0.918673,2.376107
0.25,0.398375,0.399524,0.88487,2.33131
0.15,0.357724,0.350178,0.849333,2.265223
0.2,0.341462,0.334721,0.815114,2.201734
0.25,0.325204,0.30321,0.782075,2.110942
0.3,0.300811,0.303805,0.745306,1.987687
0.25,0.284552,0.287158,0.705063,1.905831
0.2,0.268292,0.270511,0.683617,1.832983
0.15,0.252033,0.253864,0.667692,1.754288
0.15,0.252033,0.237812,0.662,1.666964
0.2,0.272358,0.262485,0.662,1.570042
0.25,0.292684,0.287158,0.662,1.465414
0.3,0.243902,0.255648,0.6705,1.364335
0.35,0.219513,0.208086,0.701351,1.269876
0.4,0.203251,0.192628,0.730669,1.190117
0.5,0.22764,0.209869,0.754627,1.108489
0.55,0.243902,0.226516,0.785992,1.033444
0.55,0.235771,0.226516,0.827901,0.962448
0.65,0.235771,0.243757,0.873721,0.886617
0.7,0.317073,0.324614,0.911582,0.820135
0.7,0.252033,0.260404,0.96425,0.767
0.75,0.292684,0.293103,1.007341,0.718562
0.8,0.300811,0.30975,1.048961,0.683262
0.85,0.390244,0.390606,1.112267,0.654226
0.8,0.382113,0.390012,1.189314,0.626814
0.85,0.479673,0.438763,1.253688,0.606015
0.85,0.479673,0.470868,1.338154,0.6
0.85,0.471545,0.470868,1.42485,0.6
0.9,0.544716,0.535672,1.507895,0.6
0.8,0.528455,0.58264,1.582127,0.601319
0.85,0.512193,0.519025,1.674494,0.617479
0.8,0.536585,0.534483,1.751474,0.637339
0.8,0.520324,0.51843,1.808542,0.663837
0.8,0.528455,0.534483,1.847934,0.698723
0.75,0.569105,0.582045,1.89375,0.75725
0.75,0.577236,0.565993,1.946562,0.844202
0.8,0.634146,0.614744,1.98905,0.917158
0.75,0.658535,0.662307,2.031886,1.014747
0.7,0.764226,0.758026,2.07331,1.111352
0.65,0.691058,0.693222,2.096386,1.213856
0.6,0.723578,0.70868,2.116761,1.310114
0.6,0.780487,0.772889,2.148297,1.410839
0.6,0.699186,0.70868,2.166667,1.500644
0.6,0.756098,0.740785,2.172737,1.555273
0.55,0.764226,0.772295,2.186766,1.588642
0.5,0.764226,0.755648,2.203066,1.617467
0.45,0.788618,0.771106,2.203066,1.647881
0.5,0.747967,0.755648,2.202217,1.697123
0.5,0.731706,0.7717,2.176059,1.711293
0.45,0.747967,0.739001,2.143362,1.733246
0.35,0.780487,0.769917,2.122125,1.76715
0.4,0.780487,0.674197,2.074822,1.797465
0.35,0.715447,0.705707,2.004194,1.845593
0.3,0.715447,0.705113,1.922427,1.899677
0.3,0.682927,0.721165,1.850659,1.941075
0.3,0.642276,0.624851,1.762874,1.985934
0.25,0.617887,0.624257,1.662037,2.035795
0.2,0.626015,0.60761,1.5615,2.0795
0.15,0.617887,0.607015,1.46425,2.10825
0.2,0.626015,0.60761,1.36763,2.124984
0.15,0.617887,0.607015,1.273701,2.137715
0.2,0.626015,0.623662,1.181316,2.150699
0.25,0.634146,0.608205,1.083399,2.15279
0.25,0.609756,0.592152,1.005797,2.15279
0.25,0.609756,0.592152,0.930049,2.15279
0.3,0.593495,0.576694,0.870864,2.145894
0.35,0.552844,0.561237,0.816399,2.123794
0.4,0.520324,0.513674,0.775944,2.08989
0.45,0.520324,0.514269,0.750412,2.052067
0.45,0.520324,0.514269,0.7343,1.987221
0.55,0.487804,0.483353,0.728004,1.922137
0.55,0.569105,0.547562,0.727,1.83952
0.65,0.569105,0.580856,0.727,1.744169
0.75,0.577236,0.565993,0.727,1.636523
0.75,0.552844,0.533888,0.729884,1.532149
0.7,0.504065,0.501189,0.73673,1.425312
0.8,0.512193,0.502378,0.741313,1.332276
0.75,0.528455,0.533888,0.745927,1.236672
0.8,0.544716,0.550535,0.751,1.181
0.85,0.544716,0.535077,0.771266,1.079105
0.85,0.560975,0.567182,0.795458,0.990571
0.85,0.544716,0.535077,0.82619,0.916179
0.9,0.504065,0.503567,0.871826,0.848625
0.85,0.479673,0.48692,0.925306,0.803639
0.85,0.463415,0.470868,0.987158,0.75037
0.8,0.447153,0.454221,1.0572,0.706933
0.85,0.439025,0.438763,1.176482,0.66075
0.85,0.382113,0.374554,1.263267,0.621095
0.85,0.349593,0.358502,1.32984,0.617579
0.9,0.292684,0.310939,1.393416,0.617579
0.85,0.292684,0.27824,1.485312,0.617579
0.85,0.170731,0.181926,1.562466,0.618959
0.85,0.1626,0.165874,1.646717,0.620997
0.75,0.13008,0.140606,1.739024,0.621941
0.65,0.09756,0.115339,1.819359,0.6235
0.7,0.073171,0.083829,1.89425,0.633125
0.55,0.069105,0.082045,1.96239,0.65118
0.4,0.06504,0.080262,2.002045,0.664725
0.4,0.056909,0.064209,2.0165,0.67576
0.35,0.073171,0.063615,2.0165,0.692141
0.3,0.113822,0.095125,2.0165,0.717967
0.2,0.13008,0.109988,2.01153,0.749508
0.25,0.186993,0.174792,1.973989,0.79729
0.25,0.19512,0.190844,1.920866,0.860052
0.2,0.252033,0.222354,1.853837,0.924496
0.15,0.22764,0.22176,1.775479,0.987831
0.2,0.284553,0.286564,1.690755,1.056446
0.2,0.308942,0.302616,1.630549,1.105405
0.15,0.398375,0.382283,1.546674,1.175261
0.15,0.406502,0.414388,1.450302,1.259375
0.15,0.455284,0.43044,1.35329,1.343885
0.2,0.471545,0.463139,1.253137,1.423701
0.2,0.512193,0.463139,1.151216,1.498118
0.2,0.552844,0.543401,1.051609,1.576903
0.2,0.560975,0.559453,0.962991,1.662217
0.15,0.666666,0.655172,0.892044,1.741935
0.15,0.666666,0.655172,0.847667,1.8005
0.2,0.617887,0.60761,0.812,1.855375
0.25,0.650407,0.624257,0.784817,1.912885
0.25,0.682927,0.688466,0.782922,1.964312
0.35,0.707316,0.705707,0.782922,2.016984
0.35,0.731706,0.72176,0.782922,2.071023
0.45,0.764226,0.771106,0.797358,2.113716
0.4,0.821138,0.802616,0.845,2.14675
0.4,0.747967,0.754459,0.904336,2.184533
0.4,0.772356,0.770511,0.972317,2.206456
0.5,0.804876,0.803805,1.078895,2.240929
0.5,0.837396,0.819857,1.178453,2.295652
0.5,0.813007,0.803805,1.251195,2.327053
0.55,0.829269,0.820452,1.332187,2.347364
0.55,0.813007,0.8044,1.444516,2.354745
0.65,0.764226,0.757432,1.547607,2.35752
0.6,0.788618,0.772889,1.64325,2.35752
0.6,0.747967,0.772889,1.732378,2.35752
0.6,0.764226,0.756837,1.826134,2.347509
0.55,0.731706,0.724138,1.926833,2.319901
0.65,0.723578,0.725327,2.01803,2.2824
0.6,0.715447,0.724732,2.081818,2.239204
0.6,0.715447,0.70868,2.148688,2.170421
0.65,0.699186,0.693222,2.190412,2.104922
0.55,0.691058,0.692033,2.216085,2.04458
0.5,0.739836,0.723543,2.249528,1.961008
0.5,0.658535,0.595125,2.280151,1.865655
0.45,0.626015,0.59453,2.284131,1.7985
0.5,0.634146,0.595125,2.28546,1.694224
0.45,0.617885,0.59453,2.285758,1.595216
0.4,0.601625,0.593936,2.285758,1.497619
0.325,0.573171,0.568966,2.284996,1.400994
0.25,0.544716,0.543995,2.2825,1.298011
0.3,0.504065,0.512485,2.2731,1.187656
0.25,0.487804,0.495838,2.258718,1.082058
0.25,0.479673,0.463734,2.231615,0.976784
0.2,0.447153,0.447087,2.207319,0.892078
0.15,0.390244,0.382283,2.177696,0.824399
0.15,0.382113,0.398335,2.133875,0.755875
0.25,0.357724,0.36742,2.085984,0.690418
0.25,0.276422,0.287158,2.030316,0.638319
0.2,0.276422,0.270511,1.966663,0.605754
0.2,0.219513,0.222354,1.88543,0.583001
0.2,0.22764,0.222354,1.79693,0.56614
0.25,0.178862,0.174792,1.708219,0.560788
0.25,0.121949,0.142687,1.602115,0.554336
0.2,0.13008,0.12604,1.483555,0.554
0.325,0.138211,0.135553,1.370559,0.554
0.45,0.146342,0.145065,1.280942,0.554
0.5,0.154471,0.161712,1.194081,0.55791
0.55,0.1626,0.178359,1.126149,0.583081
0.6,0.154469,0.114744,1.012502,0.630398
0.65,0.186993,0.179548,0.924167,0.66337
0.7,0.113822,0.115933,0.874419,0.705768
0.8,0.178862,0.165279,0.835919,0.751758
0.8,0.138211,0.149227,0.824064,0.789382
0.8,0.219513,0.229489,0.824064,0.850696
0.85,0.22764,0.230083,0.824064,0.901066
0.85,0.268291,0.27824,0.825784,0.940065
0.8,0.300811,0.277646,0.839665,0.958591
0.9,0.308942,0.310939,0.865784,0.959329
0.95,0.382113,0.359691,0.906114,0.959329
0.9,0.382113,0.375149,0.96829,0.959329
0.9,0.414633,0.423306,1.043149,0.955497
0.95,0.504065,0.504162,1.125359,0.93852
0.9,0.495935,0.503567,1.234908,0.90713
0.95,0.544716,0.536266,1.346149,0.885545
0.85,0.536585,0.535077,1.453625,0.8836
0.9,0.512193,0.51962,1.57274,0.8836
0.95,0.560975,0.552319,1.67675,0.8836
0.9,0.504065,0.503567,1.768611,0.893561
0.9,0.560975,0.551724,1.851198,0.92246
0.85,0.487804,0.48692,1.920956,0.952326
0.8,0.471545,0.470273,1.995574,0.996432
0.85,0.520324,0.519025,2.076461,1.071822
0.8,0.520324,0.534483,2.133875,1.151375
0.8,0.536585,0.534483,2.17354,1.24943
0.75,0.593495,0.598098,2.213455,1.339655
0.75,0.617887,0.582045,2.24255,1.439556
0.75,0.715447,0.694411,2.257921,1.534235
0.7,0.682927,0.677765,2.268592,1.641206
0.6,0.658535,0.660523,2.268717,1.740346
0.65,0.691058,0.67717,2.268717,1.824209
0.6,0.731706,0.724732,2.268592,1.9179
0.65,0.813007,0.805589,2.24375,1.99025
0.6,0.796749,0.772889,2.208025,2.053167
0.55,0.813007,0.8044,2.173974,2.10298
0.55,0.837396,0.836504,2.145667,2.124221
0.5,0.764226,0.755648,2.079005,2.151101
0.55,0.747967,0.724138,2.011572,2.196583
0.45,0.772356,0.739001,1.929121,2.231793
0.45,0.772356,0.771106,1.809544,2.2713
0.45,0.772356,0.755054,1.720702,2.309458
0.4,0.796749,0.786564,1.664154,2.335722
0.4,0.764226,0.754459,1.59495,2.355716
0.4,0.739836,0.738407,1.500479,2.379462
0.3,0.699186,0.705113,1.410696,2.389156
0.35,0.731706,0.72176,1.313345,2.389708
0.3,0.682927,0.673008,1.227477,2.389708
0.25,0.780487,0.752675,1.13653,2.389708
0.3,0.666666,0.640904,1.048258,2.388295
0.2,0.666666,0.655767,0.971792,2.379292
0.15,0.658535,0.63912,0.89059,2.353938
0.15,0.626015,0.623068,0.808846,2.144082
0.25,0.593495,0.5761,0.74325,2.095375
0.2,0.569105,0.559453,0.687762,2.075592
0.2,0.528455,0.527348,0.644642,2.051361
0.15,0.528455,0.526754,0.63769,2.031563
0.05,0.471545,0.445303,0.63769,2.03075
0.15,0.430895,0.43044,0.63769,2.013729
0.15,0.398375,0.398335,0.638945,1.994865
0.2,0.365854,0.366825,0.65628,1.971171
0.15,0.341462,0.318074,0.677992,1.947392
0.15,0.284553,0.285969,0.700655,1.916111
0.15,0.243902,0.237812,0.7183,1.866138
0.25,0.22764,0.206897,0.735299,1.77078
0.25,0.113822,0.110583,0.744751,1.683389
0.3,0.13008,0.127229,0.748416,1.584731
0.3,0.157181,0.153983,0.750333,1.491925
0.3,0.184281,0.180737,0.751495,1.393568
0.3,0.211382,0.207491,0.755371,1.294353
0.3,0.235771,0.223543,0.759492,1.195435
0.3,0.219513,0.207491,0.769274,1.093605
0.35,0.260164,0.24019,0.784625,1.005
0.4,0.268291,0.272889,0.801305,0.94933
0.45,0.272356,0.28151,0.838508,0.875095
0.5,0.276422,0.290131,0.872067,0.8152
0.45,0.325204,0.337693,0.918817,0.766075
0.45,0.357724,0.337693,0.982375,0.736536
0.4,0.406502,0.401308,1.059837,0.698009
0.4,0.390244,0.401308,1.13551,0.667046
0.4,0.471545,0.465517,1.243159,0.632855
0.35,0.447153,0.44887,1.3258,0.582447
0.45,0.487804,0.498216,1.380435,0.547047
0.55,0.512193,0.515458,1.46856,0.522842
0.5,0.569105,0.56302,1.559125,0.518
0.5,0.601625,0.611177,1.65275,0.518
0.55,0.617887,0.627824,1.727721,0.518
0.6,0.617887,0.628419,1.8165,0.5195
0.6,0.593495,0.596314,1.893659,0.531985
0.55,0.585364,0.563615,1.967994,0.561699
0.55,0.585364,0.563615,2.035574,0.604899
0.55,0.569105,0.579667,2.088314,0.653232
0.625,0.5813,0.580559,2.138045,0.717664
0.7,0.593495,0.581451,2.182177,0.784167
0.7,0.601625,0.581451,2.232,0.86
0.65,0.617887,0.596908,2.266142,0.927202
0.7,0.560975,0.565398,2.301681,1.027354
0.65,0.593495,0.580856,2.336381,1.13482
0.6,0.552844,0.564209,2.361625,1.2265
0.65,0.536585,0.548751,2.37727,1.340005
0.6,0.536585,0.532105,2.386,1.440763
0.65,0.504065,0.500595,2.386,1.548514
0.65,0.455284,0.46849,2.386,1.630411
0.7,0.422764,0.43698,2.385746,1.713245
0.7,0.414633,0.404875,2.374022,1.770718
0.65,0.349593,0.356124,2.334805,1.821006
0.6,0.308942,0.323424,2.301841,1.860863
0.6,0.325204,0.339477,2.270038,1.86885
0.6,0.325204,0.307372,2.215625,1.868975
0.6375,0.278455,0.267687,2.157994,1.868975
0.675,0.231707,0.228002,2.083946,1.868975
0.7125,0.184959,0.188317,2.008242,1.86473
0.75,0.138211,0.148633,1.936375,1.858625
0.65,0.117885,0.123365,1.881311,1.834587
0.55,0.09756,0.098098,1.822911,1.806783
0.45,0.081298,0.080856,1.763848,1.758098
0.5,0.081298,0.065398,1.726372,1.712256
0.375,0.073169,0.063912,1.695657,1.647355
0.25,0.06504,0.062426,1.668621,1.576239
0.25,0.073171,0.078478,1.63592,1.496886
0.3,0.13008,0.127229,1.592899,1.43191
0.2,0.211382,0.19025,1.544271,1.379172
0.2,0.170731,0.174197,1.53464,1.321
0.15,0.235771,0.237812,1.514812,1.29055
0.15,0.260161,0.264566,1.4958,1.270825
0.15,0.284552,0.29132,1.466368,1.253083
0.15,0.308942,0.318074,1.418633,1.244857
0.1,0.365854,0.349584,1.362125,1.244857
0.1,0.398375,0.397741,1.302876,1.244857
0.15,0.447153,0.43044,1.252981,1.247732
0.15,0.504065,0.478597,1.212113,1.26654
0.15,0.487804,0.478597,1.162217,1.307019
0.1,0.528455,0.526159,1.113718,1.360784
0.15,0.577236,0.558859,1.081022,1.404156
0.2,0.552844,0.559453,1.056788,1.42638
0.25,0.601625,0.592152,1.045,1.445512
0.2,0.601625,0.60761,1.045,1.463584
0.15,0.642276,0.623068,1.045,1.484125
0.225,0.642276,0.62396,1.046373,1.514801
0.3,0.642276,0.624851,1.069901,1.546111
0.3,0.699186,0.673008,1.10311,1.582992
0.35,0.699186,0.689655,1.138796,1.623319
0.3,0.707316,0.705113,1.174793,1.672072
0.35,0.715447,0.705707,1.225838,1.738748
0.4,0.756098,0.706302,1.279234,1.815391
0.35,0.715447,0.72176,1.323121,1.885148
0.4,0.780487,0.786564,1.372216,1.961738
0.45,0.861789,0.835315,1.43105,2.043369
0.55,0.845527,0.836504,1.486613,2.108339
0.5,0.813007,0.803805,1.538082,2.162989
0.55,0.780487,0.772295,1.593975,2.224712
0.6,0.764226,0.756837,1.646086,2.266865
0.55,0.780487,0.756243,1.714781,2.296213
0.45,0.756098,0.771106,1.778444,2.296738
0.55,0.731706,0.724138,1.871317,2.296738
0.5,0.715447,0.707491,1.98921,2.296738
0.6,0.715447,0.692628,2.072336,2.281362
0.65,0.691058,0.67717,2.108795,2.234187
0.65,0.699186,0.67717,2.1625,2.184058
0.7,0.634146,0.629608,2.21768,2.123058
0.7,0.593495,0.581451,2.264004,2.027189
0.7,0.642276,0.629608,2.307031,1.894729
0.75,0.617887,0.61415,2.338453,1.800542
0.85,0.577236,0.567182,2.341416,1.735093
0.8,0.617887,0.614744,2.34429,1.646855
0.85,0.577236,0.583234,2.345788,1.55596
0.85,0.512193,0.519025,2.344598,1.490711
0.85,0.585364,0.567182,2.344145,1.398412
0.85,0.552844,0.55113,2.343891,1.293115
0.85,0.544716,0.535077,2.338024,1.18294
0.95,0.552844,0.568371,2.323436,1.09655
0.9,0.536585,0.535672,2.300668,1.008936
0.95,0.495935,0.488109,2.269667,0.927292
0.95,0.439025,0.504162,2.238125,0.856625
0.9,0.455284,0.45541,2.204729,0.784542
0.85,0.422764,0.422711,2.173836,0.724367
0.85,0.349593,0.374554,2.116374,0.671492
0.85,0.373982,0.374554,2.05518,0.632015
0.9,0.341462,0.326992,1.982352,0.597022
0.9,0.325204,0.326992,1.907535,0.571306
0.85,0.365854,0.342449,1.833865,0.557583
0.85,0.357724,0.374554,1.74874,0.545124
0.85,0.398375,0.406659,1.661225,0.53575
0.85,0.463415,0.454816,1.564676,0.535
0.8,0.463415,0.454221,1.471711,0.535
0.8,0.471545,0.470273,1.387288,0.535
0.85,0.463415,0.454816,1.311271,0.541875
0.775,0.520325,0.518133,1.252143,0.559476
0.7,0.577236,0.581451,1.201125,0.583875
0.7,0.569105,0.581451,1.169123,0.625723
0.65,0.658535,0.693222,1.133894,0.676657
0.65,0.699186,0.67717,1.096317,0.868905
0.65,0.666666,0.661118,1.06178,0.968111
0.6,0.731706,0.724732,1.03114,1.040548
0.55,0.780487,0.772295,0.995295,1.123949
0.55,0.764226,0.756243,0.96007,1.207603
0.55,0.845527,0.820452,0.928602,1.285132
0.5,0.813007,0.803805,0.877825,1.35775
0.5,0.764226,0.7717,0.846019,1.390104
0.45,0.780487,0.771106,0.803479,1.435219
0.5,0.715447,0.723543,0.764358,1.474533
0.5,0.715447,0.707491,0.723119,1.548675
0.4,0.715447,0.706302,0.693756,1.628167
0.4,0.747967,0.770511,0.675839,1.693044
0.4,0.780487,0.770511,0.651625,1.76525
0.3,0.764226,0.769322,0.632375,1.8386
0.4,0.739836,0.738407,0.6275,1.912546
0.3,0.682927,0.673008,0.6275,1.992383
0.25,0.682927,0.656361,0.6275,2.06081
0.25,0.658535,0.656361,0.631375,2.1235
0.25,0.642276,0.640309,0.656875,2.18275
0.2,0.666666,0.655767,0.689542,2.234937
0.15,0.638211,0.623068,0.7325,2.27425
0.1,0.609756,0.590369,0.772901,2.307163
0.2,0.552844,0.543401,0.819751,2.323793
0.15,0.560975,0.542806,0.866558,2.323793
0.2,0.512193,0.511296,0.90591,2.323793
0.15,0.520324,0.510702,0.929841,2.322553
0.15,0.406502,0.398335,0.940184,2.308333
0.15,0.406502,0.398335,0.941575,2.285
0.15,0.341462,0.334126,0.942,2.255396
0.25,0.325202,0.319263,0.942,2.203842
0.35,0.308942,0.3044,0.941818,2.136533
0.333333,0.257451,0.250694,0.940434,2.058957
0.316667,0.20596,0.196988,0.939251,1.979898
0.3,0.154469,0.143282,0.938503,1.881462
0.3,0.09756,0.095125,0.938503,1.771091
0.25,0.105691,0.110583,0.937836,1.671125
0.25,0.09756,0.09453,0.936084,1.608817
0.35,0.13008,0.127824,0.936,1.478147
0.3,0.113822,0.111177,0.936,1.377571
0.3,0.22764,0.223543,0.936251,1.260329
0.3,0.22764,0.223543,0.938876,1.143098
0.4,0.284553,0.272889,0.939,1.024701
0.45,0.300811,0.289536,0.939,0.912153
0.45,0.357724,0.369798,0.952307,0.820826
0.4,0.422764,0.433413,0.981254,0.743302
0.4,0.447153,0.449465,1.020896,0.685349
0.5,0.471545,0.466706,1.06988,0.657097
0.5,0.471545,0.466706,1.127609,0.616565
0.4,0.569105,0.561831,1.190018,0.579255
0.5,0.585364,0.56302,1.279495,0.546756
0.5,0.569105,0.56302,1.377381,0.516857
0.55,0.593495,0.627824,1.452048,0.504205
0.6,0.650407,0.628419,1.535922,0.50263
0.55,0.617887,0.611772,1.622607,0.50263
0.55,0.634146,0.627824,1.70575,0.50263
0.55,0.593495,0.595719,1.796923,0.504658
0.65,0.617887,0.629013,1.892558,0.521475
0.6,0.585364,0.564209,1.98676,0.55654
0.6,0.642276,0.564209,2.058875,0.599125
0.65,0.577236,0.564804,2.120341,0.642726
0.7,0.626015,0.629608,2.175961,0.701135
0.7,0.601625,0.613555,2.219026,0.765788
0.75,0.650407,0.646254,2.246738,0.845482
0.8,0.617887,0.614744,2.2805,0.938875
0.8,0.634146,0.630797,2.296101,1.037575
0.8,0.609756,0.598692,2.300553,1.146706
0.8,0.585364,0.58264,2.302031,1.259601
0.85,0.601625,0.599287,2.302713,1.360076
0.9,0.609756,0.599881,2.302943,1.472986
0.9,0.617887,0.583829,2.302943,1.5707
0.9,0.593495,0.583829,2.302682,1.668789
0.9,0.577236,0.567776,2.298589,1.766483
0.85,0.536585,0.535077,2.289336,1.863174
0.85,0.512193,0.519025,2.27842,1.935341
0.9,0.455284,0.45541,2.261891,1.986343
0.85,0.422764,0.422711,2.241999,1.9985
0.9,0.398375,0.423306,2.205299,1.9985
0.85,0.373982,0.374554,2.168799,1.9985
0.85,0.357724,0.358502,2.112563,1.99025
0.8,0.414633,0.406064,2.047874,1.938352
0.8,0.406502,0.406064,1.979671,1.871295
0.7,0.398375,0.404875,1.911994,1.806618
0.7,0.398375,0.420927,1.848975,1.725825
0.65,0.422764,0.420333,1.810836,1.66718
0.6,0.439025,0.451843,1.755148,1.585985
0.6,0.504065,0.467895,1.685216,1.506971
0.5,0.544716,0.546968,1.634455,1.438876
0.55,0.504065,0.515458,1.588673,1.377888
0.45,0.666666,0.65874,1.550461,1.335722
0.45,0.585364,0.578478,1.50037,1.289063
0.45,0.577236,0.578478,1.44167,1.233153
0.4,0.577236,0.577883,1.348307,1.217947
0.35,0.634146,0.625446,1.278163,1.217947
0.35,0.658535,0.641498,1.231208,1.217947
0.25,0.658535,0.656361,1.182125,1.222223
0.25,0.666666,0.656361,1.1345,1.247125
0.35,0.666666,0.657551,1.083165,1.282382
0.3,0.642276,0.640904,1.037126,1.326481
0.3,0.609756,0.608799,0.987979,1.381635
0.25,0.552844,0.560048,0.942517,1.429709
0.3,0.552844,0.560642,0.879034,1.485705
0.3,0.544716,0.528537,0.824383,1.529965
0.25,0.487804,0.495838,0.765968,1.581545
0.3,0.479673,0.48038,0.705321,1.640011
0.25,0.463415,0.463734,0.651907,1.704882
0.2,0.398375,0.382878,0.609168,1.778573
0.2,0.382113,0.350773,0.59276,1.842657
0.2,0.341462,0.318668,0.592,1.912275
0.15,0.308942,0.302021,0.592,1.976036
0.25,0.235771,0.239001,0.592,2.034628
0.35,0.260164,0.256243,0.602492,2.0824
0.275,0.235773,0.231272,0.640169,2.117585
0.2,0.211382,0.206302,0.689289,2.143342
0.25,0.178862,0.174792,0.748793,2.145885
0.25,0.19512,0.174792,0.816828,2.145885
0.2,0.1626,0.174197,0.878731,2.145885
0.3,0.150406,0.151308,0.959231,2.142492
0.4,0.138211,0.128419,1.04378,2.12123
0.5,0.113822,0.129608,1.089369,2.084756
0.6,0.113822,0.114744,1.12352,2.038198
0.6,0.113822,0.162901,1.153377,1.98143
0.65,0.186993,0.1956,1.181696,1.905992
0.7,0.19512,0.196195,1.203554,1.839104
0.75,0.268291,0.260999,1.222872,1.763512
0.8,0.284553,0.293698,1.24888,1.654485
0.8,0.357724,0.341855,1.25736,1.537906
0.85,0.357724,0.342449,1.269742,1.40725
0.8,0.333331,0.341855,1.298677,1.310056
0.8,0.414633,0.422117,1.355212,1.185062
0.75,0.390244,0.389417,1.405342,1.100868
0.8,0.406502,0.406064,1.45996,1.038721
0.75,0.373982,0.373365,1.510633,0.924248
0.75,0.390244,0.389417,1.564679,0.858739
0.7,0.471545,0.469084,1.619129,0.817907
0.75,0.520324,0.501784,1.685958,0.802311
0.7,0.552844,0.549346,1.738541,0.802311
0.7,0.569105,0.565398,1.801216,0.802311
0.7,0.593495,0.597503,1.854646,0.802984
0.65,0.674796,0.661118,1.894028,0.828964
0.65,0.682927,0.67717,1.947125,0.872875
0.65,0.739836,0.741379,2.006875,0.93075
0.65,0.780487,0.757432,2.058297,0.992621
0.65,0.764226,0.757432,2.112268,1.074965
0.7,1.0,0.982759,2.148234,1.138109
0.65,0.890244,0.877824,2.186237,1.224952
0.6,0.780487,0.772889,2.209656,1.316904
0.55,0.796749,0.788347,2.243375,1.398375
0.6,0.813007,0.788942,2.270411,1.49096
0.6,0.804876,0.788942,2.293969,1.586141
0.55,0.837396,0.820452,2.298,1.685125
0.5,0.813007,0.787753,2.298,1.75626
0.5,0.780487,0.7717,2.298,1.789422
0.5,0.780487,0.7717,2.297483,1.851553
0.45,0.788618,0.771106,2.272127,1.906563
0.55,0.699186,0.692033,2.239975,1.965122
0.5,0.715447,0.691439,2.195152,2.017491
0.4,0.682927,0.674197,2.140293,2.054346
0.35,0.674796,0.673603,2.081547,2.089954
0.4,0.674796,0.674197,1.983381,2.124899
0.35,0.650407,0.641498,1.92584,2.140802
0.35,0.642276,0.641498,1.821427,2.173977
0.25,0.617887,0.608205,1.712367,2.206501
0.3,0.593495,0.576694,1.645284,2.231201
0.25,0.577236,0.560048,1.599781,2.233814
0.35,0.504065,0.497027,1.484875,2.233814
0.25,0.495935,0.495838,1.397161,2.233814
0.25,0.495935,0.479786,1.317853,2.224959
0.3,0.422764,0.416171,1.263526,2.199872
0.283333,0.392953,0.383868,1.239119,2.157951
0.266667,0.363142,0.351566,1.206769,2.108264
0.25,0.333331,0.319263,1.180127,2.038026
0.25,0.325204,0.319263,1.090951,1.932797
0.3,0.260164,0.2717,1.04746,1.844382
0.25,0.260164,0.255054,1.033229,1.773585
0.25,0.243902,0.239001,1.003532,1.705511
0.25,0.211382,0.15874,0.966458,1.639921
0.25,0.178862,0.174792,0.924152,1.569994
0.25,0.154469,0.15874,0.877666,1.534848
0.35,0.13008,0.127824,0.836872,1.511285
0.35,0.081298,0.079667,0.78383,1.422073
0.45,0.06504,0.064804,0.750683,1.341933
0.35,0.048778,0.079667,0.721702,1.245591
0.35,0.089429,0.079667,0.716083,1.164787
0.25,0.170731,0.15874,0.716083,1.096603
0.3,0.178862,0.159334,0.716083,1.039965
0.25,0.211382,0.206897,0.725303,0.886258
0.3,0.186993,0.191439,0.760931,0.771966
0.35,0.235771,0.272295,0.808014,0.72115
0.3,0.333331,0.319857,0.862325,0.683102
0.25,0.292684,0.30321,0.925253,0.652459
0.25,0.341462,0.335315,1.001316,0.628078
0.3,0.349593,0.351962,1.076017,0.615111
0.25,0.463415,0.463734,1.130841,0.613721
0.3,0.414633,0.448276,1.212669,0.613721
0.2,0.479673,0.463139,1.298686,0.613721
0.25,0.471545,0.463734,1.386608,0.613881
0.3,0.504065,0.496433,1.467653,0.623305
0.2,0.528455,0.527348,1.557625,0.642
0.3,0.626015,0.592747,1.642136,0.667925
0.3,0.577236,0.592747,1.715296,0.701946
0.3,0.642276,0.673008,1.786828,0.743211
0.25,0.691058,0.688466,1.846751,0.790057
0.3,0.650407,0.656956,1.906819,0.847372
0.35,0.666666,0.657551,1.957742,0.924524
0.35,0.747967,0.72176,2.008086,1.006586
0.35,0.731706,0.705707,2.055359,1.089344
0.3,0.707316,0.737218,2.11025,1.16975
0.4,0.752033,0.762485,2.156375,1.259875
0.5,0.796749,0.787753,2.185729,1.339916
0.5,0.739836,0.739596,2.221523,1.434286
0.5,0.731706,0.723543,2.257112,1.519254
0.55,0.731706,0.708086,2.281733,1.580959
0.5,0.682927,0.675386,2.288,1.691026
0.45,0.650407,0.642687,2.288,1.777701
0.5,0.630082,0.627229,2.281388,1.8715
0.55,0.609756,0.611772,2.259265,1.943767
0.55,0.593495,0.595719,2.231389,2.035371
0.6,0.609756,0.596314,2.188309,2.096467
0.675,0.569105,0.565101,2.145328,2.138199
0.75,0.528455,0.533888,2.098,2.162672
0.7,0.520324,0.501189,2.060375,2.162672
0.75,0.487804,0.469679,2.047555,2.162672
0.75,0.487804,0.485731,2.016812,2.162297
0.8,0.479673,0.486326,2.005751,2.148419
0.8,0.512193,0.51843,2.005751,2.112441
0.8,0.504065,0.502378,2.005751,2.023073
0.85,0.512193,0.502973,2.007001,1.967622
0.8,0.479673,0.470273,2.010262,1.88864
0.85,0.471545,0.470868,2.011848,1.822719
0.85,0.471545,0.470868,2.013292,1.768375
0.9,0.447153,0.45541,2.01631,1.680108
0.85,0.373982,0.390606,2.027768,1.531062
0.85,0.357724,0.342449,2.028,1.417233
0.85,0.357724,0.358502,2.028,1.308825
0.85,0.333331,0.326397,2.028,1.19425
0.9,0.317073,0.294887,2.019452,1.089606
0.8,0.292684,0.277646,1.989937,1.00358
0.8,0.235771,0.245541,1.964804,0.937385
0.8,0.243902,0.261593,1.938917,0.868107
0.75,0.200542,0.218193,1.898145,0.805438
0.7,0.157182,0.174792,1.847772,0.757986
0.65,0.113822,0.131391,1.79241,0.713709
0.6,0.105691,0.178954,1.7195,0.673844
0.5,0.146342,0.161712,1.660125,0.65125
0.5,0.113822,0.113555,1.600959,0.646
0.45,0.138211,0.112961,1.538459,0.646
0.45,0.113822,0.112961,1.473291,0.646
0.35,0.113822,0.111772,1.40804,0.649317
0.4,0.121949,0.080262,1.348903,0.680372
0.4,0.09756,0.080262,1.318268,0.724628
0.3,0.09756,0.095125,1.281743,0.785017
0.4,0.089429,0.080262,1.250223,0.85566
0.5,0.073169,0.065398,1.220005,0.961788
0.6,0.056909,0.050535,1.19452,1.050711
0.6,0.073171,0.066587,1.178178,1.114802
0.6,0.089429,0.08264,1.161066,1.212542
0.675,0.117885,0.115636,1.139633,1.302037
0.75,0.146342,0.148633,1.119114,1.391804
0.75,0.186993,0.19679,1.09254,1.487734
0.75,0.243902,0.244946,1.057125,1.581625
0.85,0.22764,0.246136,1.019916,1.678457
0.8,0.252033,0.261593,0.986637,1.767387
0.9,0.308942,0.294887,0.958435,1.842081
0.9,0.317073,0.310939,0.928263,1.919152
0.85,0.382113,0.390606,0.91242,1.979268
0.85,0.398375,0.406659,0.912033,2.026899
0.85,0.447153,0.454816,0.912033,2.06975
0.85,0.447153,0.438763,0.912033,2.103034
0.8,0.447153,0.454221,0.920317,2.135087
0.8,0.495935,0.51843,0.947569,2.160056
0.8,0.520324,0.502378,1.006192,2.193906
0.8,0.658535,0.614744,1.064729,2.220207
0.75,0.495935,0.501784,1.126498,2.241056
0.75,0.552844,0.533888,1.19606,2.256141
0.7,0.569105,0.565398,1.272875,2.2725
0.7,0.577236,0.597503,1.347125,2.285625
0.7,0.658535,0.64566,1.418099,2.29075
0.65,0.650407,0.645065,1.492265,2.29075
0.6,0.723578,0.724732,1.545074,2.29075
0.7,0.682927,0.693817,1.620943,2.29025
0.6,0.682927,0.684602,1.69707,2.283845
0.5,0.682927,0.675386,1.738717,2.27263
0.5,0.723578,0.691439,1.801571,2.24261
0.4,0.715447,0.722354,1.865848,2.209445
0.5,0.715447,0.707491,1.914311,2.18518
0.45,0.715447,0.722949,1.948591,2.167882
0.35,0.699186,0.689655,1.967401,2.154446
0.35,0.707316,0.673603,1.968755,2.154198
0.3,0.650407,0.640904,1.970109,2.153949
0.35,0.674796,0.657551,1.971462,2.1537
0.3,0.650407,0.656956,1.972816,2.153451
0.35,0.666666,0.657551,1.969005,2.160566
0.275,0.666666,0.656659,1.913908,2.197196
0.2,0.666666,0.655767,1.850579,2.253534
0.3,0.658535,0.656956,1.787985,2.285875
0.25,0.593495,0.608205,1.733466,2.296988
0.233333,0.579944,0.586603,1.685123,2.305648
0.216667,0.566394,0.565002,1.587972,2.324456
0.2,0.552844,0.543401,1.498971,2.331
0.2,0.495935,0.495244,1.398614,2.331
0.25,0.487804,0.479786,1.317985,2.331
0.3,0.422764,0.416171,1.24085,2.329733
0.25,0.386178,0.383472,1.162715,2.316523
0.2,0.349593,0.350773,1.08292,2.297615
0.1,0.333331,0.317479,1.017099,2.269379
0.15,0.308942,0.293995,0.952435,2.23208
0.2,0.284553,0.270511,0.89611,2.188272
0.15,0.219513,0.22176,0.847678,2.142722
0.15,0.178862,0.173603,0.811262,2.08181
0.2,0.162602,0.158145,0.802,2.013471
0.25,0.146342,0.142687,0.802,1.930992
0.2,0.138211,0.109988,0.802,1.849233
0.2,0.146342,0.142093,0.809875,1.781003
0.2,0.154469,0.142093,0.85227,1.771424
0.15,0.219513,0.22176,0.929122,1.771424
0.2,0.219513,0.206302,1.006443,1.764961
0.25,0.22764,0.239001,1.050945,1.757472
0.25,0.349593,0.351367,1.081238,1.756815
0.3,0.317073,0.2717,1.110829,1.751877
0.266667,0.357724,0.346215,1.162644,1.675967
0.233333,0.398375,0.420729,1.215575,1.582
0.2,0.439025,0.495244,1.259445,1.491475
0.25,0.471545,0.447681,1.284564,1.385088
0.2,0.479673,0.479191,1.294306,1.096188
0.15,0.504065,0.510702,1.322283,0.947858
0.25,0.495935,0.503864,1.399378,0.743508
0.35,0.487804,0.497027,1.47575,0.692
0.3,0.520324,0.496433,1.54945,0.663873
0.2,0.585364,0.575505,1.632381,0.643891
0.3,0.601625,0.592747,1.709167,0.63831
0.35,0.634146,0.625446,1.771587,0.626082
0.4,0.601625,0.593936,1.853464,0.622831
0.35,0.642276,0.641498,1.902296,0.622831
0.4,0.646342,0.650119,2.00889,0.626623
0.45,0.650407,0.65874,2.090354,0.64721
0.45,0.682927,0.690844,2.14186,0.686423
0.5,0.715447,0.707491,2.180627,0.728734
0.45,0.707316,0.722949,2.208167,0.7552
0.45,0.699186,0.706897,2.226222,0.827936
0.55,0.699186,0.692033,2.23665,0.920025
0.65,0.674796,0.67717,2.243692,1.02425
0.65,0.682927,0.661118,2.246625,1.137768
0.55,0.650407,0.643876,2.249235,1.232377
0.6,0.642276,0.628419,2.250646,1.322963
0.65,0.634146,0.612961,2.250646,1.412816
0.7,0.617887,0.597503,2.250646,1.504029
0.7,0.593495,0.597503,2.246537,1.595884
0.75,0.552844,0.565993,2.219625,1.695317
0.8,0.528455,0.534483,2.20425,1.778192
0.8,0.520324,0.502378,2.197125,1.835079
0.75,0.495935,0.501784,2.196985,1.867133
0.85,0.447153,0.454816,2.196794,1.873471
0.9,0.422764,0.423306,2.196559,1.872294
0.85,0.414633,0.374554,2.196324,1.871118
0.85,0.373982,0.374554,2.196088,1.869941
0.85,0.308942,0.310345,2.198,1.832428
0.8,0.243902,0.261593,2.198,1.772
0.8,0.22764,0.229489,2.19538,1.679703
0.7,0.170731,0.180143,2.19263,1.587573
0.75,0.121949,0.13258,2.188552,1.507565
0.75,0.09756,0.116528,2.181181,1.428937
0.6,0.105691,0.106718,2.176371,1.315968
0.45,0.113822,0.096908,2.157663,1.237756
0.4,0.113822,0.112366,2.116464,1.172781
0.375,0.121951,0.120095,2.087875,1.101125
0.35,0.13008,0.127824,2.049758,1.050823
0.35,0.135501,0.133175,1.996033,1.009792
0.35,0.140921,0.138526,1.927897,0.975037
0.35,0.146342,0.143876,1.843844,0.943925
0.383333,0.140921,0.144273,1.755375,0.931783
0.416667,0.135501,0.144669,1.659966,0.916723
0.45,0.13008,0.145065,1.574231,0.896592
0.55,0.146342,0.146254,1.492618,0.887845
0.55,0.186993,0.178359,1.442286,0.883
0.65,0.22764,0.211653,1.359264,0.883
0.7,0.22764,0.2283,1.309,0.883
0.65,0.268291,0.275862,1.237508,0.886484
0.6,0.357724,0.371581,1.15786,0.905975
0.65,0.357724,0.356124,1.106069,0.933484
0.75,0.357724,0.357313,1.055339,0.991593
0.7,0.422764,0.420927,1.015089,1.057343
0.7,0.439025,0.453032,0.98252,1.126669
0.75,0.495935,0.485731,0.949768,1.203312
0.75,0.552844,0.533888,0.918359,1.291993
0.75,0.569105,0.549941,0.891654,1.382388
0.75,0.569105,0.582045,0.865863,1.485757
0.75,0.601625,0.598098,0.850829,1.585356
0.7,0.634146,0.629608,0.847051,1.675414
0.7,0.666666,0.661712,0.847051,1.770911
0.65,0.650407,0.661118,0.847051,1.845832
0.7,0.658535,0.661712,0.849523,1.922857
0.7,0.666666,0.677765,0.873296,2.00254
0.6,0.764226,0.756837,0.910967,2.07335
0.55,0.788618,0.788347,0.969962,2.143639
0.55,0.796749,0.788347,1.03525,2.197375
0.533333,0.780488,0.772097,1.105853,2.241217
0.516667,0.764228,0.755846,1.205962,2.288759
0.5,0.747967,0.739596,1.300334,2.331315
0.475,0.737805,0.731272,1.403368,2.36575
0.45,0.727642,0.722949,1.506662,2.3695
0.425,0.717479,0.714625,1.624125,2.3695
0.4,0.707316,0.706302,1.731243,2.3695
0.45,0.699186,0.706897,1.828875,2.365375
0.375,0.691056,0.681926,1.932317,2.333492
0.3,0.682927,0.656956,2.012363,2.294677
0.35,0.634146,0.625446,2.083586,2.236983
0.3,0.601625,0.592747,2.13221,2.181938
0.25,0.609756,0.592152,2.139419,2.140297
0.2,0.569105,0.575505,2.139419,2.100401
0.15,0.569105,0.542806,2.139419,2.075167
0.2,0.552844,0.543401,2.139419,2.051435
0.15,0.577236,0.542806,2.104295,2.032366
0.2,0.520325,0.50327,2.024662,2.017823
0.25,0.463415,0.463734,1.90946,2.009996
0.2,0.447153,0.447087,1.833931,1.988125
0.1,0.471545,0.445898,1.790544,1.977257
0.0,0.382113,0.364447,1.687428,1.958935
0.1,0.398375,0.349584,1.590004,1.948978
0.15,0.365854,0.350178,1.494854,1.931557
0.2,0.365854,0.366825,1.400465,1.899709
0.2,0.357724,0.350773,1.306052,1.866746
0.3,0.422764,0.432224,1.222058,1.838255
0.2,0.430895,0.414982,1.126135,1.802428
0.25,0.479673,0.463734,1.037154,1.76137
0.35,0.414633,0.416766,0.96364,1.712497
0.4,0.471545,0.449465,0.915858,1.660572
0.45,0.520324,0.514269,0.911316,1.63728
0.4,0.504065,0.48157,0.911316,1.620697
0.4,0.520324,0.513674,0.911316,1.601902
0.4,0.626015,0.62604,0.915691,1.589539
0.5,0.601625,0.603151,0.920375,1.553947
0.6,0.577236,0.580262,0.9255,1.456875
0.65,0.634146,0.629013,0.934736,1.410549
0.55,0.593495,0.579667,0.971784,1.296226
0.6,0.585365,0.572235,1.019733,1.20087
0.65,0.577236,0.564804,1.075295,1.113964
0.7,0.593496,0.581451,1.116309,0.985654
0.75,0.609756,0.598098,1.132064,0.819756
0.8,0.585364,0.58264,1.163375,0.73625
0.8,0.593495,0.598692,1.242271,0.68024
0.85,0.544716,0.535077,1.325608,0.656833
0.85,0.528455,0.519025,1.416058,0.653167
0.9,0.520324,0.51962,1.4865,0.653167
0.8,0.528455,0.51843,1.57825,0.653167
0.85,0.528455,0.519025,1.672143,0.654893
0.9,0.495935,0.487515,1.76625,0.668625
0.85,0.455284,0.454816,1.849901,0.686631
0.9,0.430895,0.407253,1.918226,0.715274
0.9,0.382113,0.407253,1.990732,0.752113
0.85,0.349593,0.358502,2.0645,0.798625
0.85,0.308942,0.310345,2.107609,0.855457
0.9,0.260164,0.262782,2.145497,0.908241
0.85,0.22764,0.230083,2.186089,0.970952
0.85,0.203251,0.214031,2.209993,1.042355
0.8,0.19512,0.181332,2.237648,1.120182
0.75,0.154469,0.148633,2.238925,1.175361
0.725,0.14634,0.148335,2.239,1.226536
0.7,0.138211,0.148038,2.239,1.277975
0.575,0.126016,0.130499,2.238221,1.31075
0.45,0.113822,0.112961,2.232592,1.315395
0.4,0.056909,0.080262,2.214877,1.320657
0.45,0.105691,0.064804,2.180448,1.322
0.55,0.105691,0.098098,2.132093,1.322
0.575,0.117885,0.122473,2.090566,1.32125
0.6,0.13008,0.146849,2.000814,1.314927
0.7,0.146342,0.148038,1.966,1.309
0.6,0.19512,0.195006,1.921632,1.297009
0.6,0.19512,0.227111,1.802505,1.266774
0.7,0.247966,0.236326,1.685625,1.251625
0.8,0.300811,0.245541,1.56288,1.2515
0.8,0.325204,0.325803,1.450232,1.2515
0.75,0.357724,0.357313,1.339401,1.2515
0.8,0.390244,0.406064,1.227898,1.254631
0.75,0.406502,0.421522,1.140875,1.271237
0.75,0.479673,0.469679,1.066827,1.304468
0.8,0.512193,0.550535,0.996347,1.361403
0.75,0.504065,0.517836,0.92525,1.43525
0.75,0.617887,0.61415,0.862375,1.518625
0.75,0.626015,0.630202,0.815488,1.600809
0.7,0.674796,0.661712,0.774902,1.690564
0.725,0.686991,0.678062,0.730821,1.792237
0.75,0.699186,0.694411,0.698545,1.873245
0.75,0.715447,0.694411,0.698545,1.95617
0.7,0.739836,0.725922,0.698545,2.021773
0.65,0.731706,0.725327,0.698545,2.060094
0.6,0.739836,0.740785,0.707261,2.138875
0.65,0.747967,0.741379,0.747009,2.20525
0.6,0.764226,0.772889,0.802848,2.248301
0.6,0.804876,0.788942,0.882069,2.290451
0.55,0.813007,0.8044,0.93961,2.315973
0.55,0.780487,0.772295,1.024835,2.340242
0.55,0.747967,0.756243,1.105241,2.359129
0.5,0.747967,0.739596,1.166406,2.401758
0.45,0.747967,0.739001,1.239946,2.418284
0.55,0.715447,0.724138,1.353071,2.418284
0.45,0.715447,0.706897,1.453108,2.418213
0.4,0.699186,0.69025,1.496769,2.41625
0.35,0.691058,0.689655,1.582216,2.413791
0.25,0.634146,0.624257,1.693659,2.398371
0.25,0.650407,0.640309,1.796534,2.375748
0.2,0.634146,0.60761,1.870887,2.355876
0.2,0.601625,0.591558,1.916186,2.352482
0.2,0.585364,0.575505,1.923645,2.350192
0.2,0.569105,0.559453,1.923645,2.348606
0.2,0.552844,0.543401,1.923645,2.333878
0.3,0.512193,0.496433,1.914036,2.311875
0.2375,0.47764,0.463585,1.868424,2.282384
0.175,0.443087,0.430737,1.783722,2.260385
0.1125,0.408534,0.397889,1.693776,2.2343
0.05,0.373982,0.365042,1.617503,2.200139
0.1,0.300811,0.301427,1.518527,2.154639
0.175,0.268291,0.270214,1.437417,2.104404
0.25,0.235771,0.239001,1.35135,2.049332
0.15,0.252033,0.237812,1.269454,1.996435
0.25,0.223576,0.214923,1.176207,1.937635
0.35,0.19512,0.192033,1.111918,1.889489
0.425,0.182926,0.176873,1.039819,1.830867
0.5,0.170731,0.161712,0.97593,1.763386
0.6,0.146342,0.130797,0.924824,1.700539
0.7,0.113822,0.099881,0.876145,1.631806
0.75,0.154469,0.164685,0.82807,1.563086
0.75,0.146342,0.148633,0.787876,1.528453
0.85,0.211382,0.214031,0.769855,1.506875
0.85,0.252033,0.262188,0.757441,1.48994
0.9,0.325204,0.326992,0.757441,1.466757
0.85,0.284553,0.27824,0.757441,1.438778
0.85,0.300811,0.294293,0.758066,1.416965
0.75,0.284553,0.277051,0.785661,1.350487
0.75,0.292684,0.277051,0.825971,1.282968
0.8,0.317073,0.325803,0.868959,1.231985
0.8,0.317073,0.325803,0.917281,1.115601
0.7,0.317073,0.308561,0.959343,1.009165
0.6,0.341462,0.323424,0.99369,0.988794
0.6,0.325204,0.339477,1.072511,0.869152
0.6,0.422764,0.387634,1.150668,0.773262
0.6,0.349593,0.355529,1.24175,0.74925
0.55,0.34756,0.354935,1.329969,0.737197
0.5,0.345527,0.35434,1.420739,0.729785
0.45,0.343495,0.353746,1.532504,0.722328
0.4,0.341462,0.353151,1.633206,0.722328
0.3625,0.373983,0.380797,1.737509,0.722328
0.325,0.406504,0.408442,1.825326,0.723246
0.2875,0.439025,0.436088,1.922264,0.741024
0.25,0.471545,0.463734,1.986629,0.77024
0.25,0.520324,0.527943,2.052089,0.81631
0.35,0.552844,0.529132,2.100247,0.868166
0.275,0.593495,0.592449,2.132226,0.927311
0.2,0.634146,0.655767,2.167945,0.999151
0.3,0.617887,0.608799,2.200204,1.08151
0.35,0.634146,0.625446,2.20205,1.182982
0.35,0.642276,0.641498,2.20205,1.289614
0.4,0.650407,0.609988,2.20205,1.389705
0.5,0.642276,0.643282,2.193101,1.497463
0.4,0.715447,0.69025,2.165908,1.599025
0.45,0.699186,0.690844,2.14524,1.667162
0.5,0.682927,0.691439,2.113752,1.746077
0.5,0.731706,0.7717,2.057703,1.845082
0.55,0.747967,0.756243,1.988459,1.946642
0.45,0.739836,0.739001,1.925807,2.024984
0.45,0.707316,0.706897,1.856553,2.09442
0.55,0.695122,0.700059,1.766485,2.170852
0.65,0.682927,0.693222,1.689079,2.226362
0.55,0.634146,0.643876,1.61975,2.270911
0.65,0.634146,0.629013,1.534647,2.31565
0.65,0.569105,0.580856,1.458844,2.330275
0.65,0.585364,0.580856,1.439727,2.330275
0.7,0.560975,0.581451,1.389904,2.330275
0.75,0.577236,0.565993,1.355233,2.328242
0.8,0.593495,0.566587,1.35431,2.303503
0.8,0.520324,0.534483,1.35431,2.267843
0.8,0.528455,0.51843,1.35431,2.22325
0.85,0.495935,0.502973,1.371504,2.173637
0.9,0.479673,0.471463,1.391281,2.112182
0.9,0.447153,0.423306,1.418158,2.044811
0.85,0.406502,0.422711,1.449987,1.981876
0.9,0.390244,0.407253,1.512342,1.888011
0.8,0.365854,0.37396,1.587751,1.82925
0.9,0.333331,0.343044,1.606382,1.816906
0.85,0.300811,0.310345,1.676066,1.750545
0.8,0.284553,0.277646,1.742924,1.674863
0.75,0.260164,0.260999,1.812093,1.585967
0.75,0.211382,0.212842,1.873696,1.497937
0.7,0.170731,0.180143,1.942125,1.3975
0.7,0.219513,0.196195,1.990547,1.316055
0.7,0.254743,0.23365,2.004,1.219344
0.7,0.289973,0.271106,2.004,1.125642
0.7,0.325204,0.308561,2.004,1.03251
0.65,0.341462,0.340071,1.997875,0.940298
0.65,0.430895,0.388228,1.9465,0.87425
0.65,0.422764,0.404281,1.887419,0.816604
0.65,0.430895,0.420333,1.816896,0.758366
0.6,0.447153,0.451843,1.742365,0.712606
0.55,0.536585,0.53151,1.678677,0.676754
0.55,0.552844,0.547562,1.587363,0.650767
0.55,0.585364,0.611772,1.485888,0.648534
0.45,0.666666,0.690844,1.417403,0.648534
0.45,0.666666,0.65874,1.337275,0.648534
0.35,0.634146,0.72176,1.27726,0.654809
0.4,0.723578,0.722354,1.207569,0.688943
0.4,0.764226,0.754459,1.159772,0.744844
0.4,0.747967,0.738407,1.10914,0.816263
0.4,0.747967,0.738407,1.071061,0.895277
0.4,0.731706,0.722354,1.040058,0.990026
0.35,0.707316,0.689655,1.01177,1.095278
0.366667,0.704606,0.689853,0.984996,1.18423
0.383333,0.701896,0.690052,0.952246,1.295515
0.4,0.699186,0.69025,0.923914,1.395231
0.35,0.699186,0.689655,0.888768,1.487572
0.3,0.682927,0.673008,0.853278,1.588062
0.275,0.658536,0.648633,0.832297,1.687164
0.25,0.634146,0.624257,0.823849,1.793681
0.25,0.617887,0.608205,0.823849,1.880875
0.3,0.609756,0.608799,0.823849,1.951453
0.25,0.642276,0.624257,0.824495,2.015312
0.2,0.544716,0.655767,0.845302,2.074807
0.1,0.585364,0.590369,0.919075,2.148608
0.175,0.63008,0.631391,0.992803,2.229195
0.25,0.674796,0.672414,1.042657,2.26175
0.3,0.626015,0.608799,1.104394,2.274838
0.3,0.609756,0.608799,1.168048,2.275342
0.3,0.601625,0.592747,1.236749,2.275342
0.3,0.601625,0.592747,1.315102,2.275342
0.35,0.601625,0.593341,1.38636,2.263454
0.4,0.573171,0.569857,1.442683,2.23335
0.45,0.544716,0.546373,1.478767,2.197673
0.35,0.552844,0.545184,1.494653,2.158738
0.45,0.691058,0.690844,1.49525,2.115613
0.45,0.593495,0.578478,1.49525,2.080762
0.55,0.577236,0.579667,1.49525,2.038488
0.5,0.520324,0.530916,1.494951,1.99524
0.55,0.569105,0.563615,1.473878,1.924594
0.6,0.552844,0.532105,1.45717,1.866443
0.65,0.560975,0.532699,1.448,1.833
0.6,0.520324,0.532105,1.436209,1.806297
0.65,0.528455,0.516647,1.39372,1.687599
0.75,0.504065,0.485731,1.359458,1.547798
0.75,0.495935,0.485731,1.33531,1.403022
0.75,0.471545,0.485731,1.32,1.25175
0.8,0.471545,0.470273,1.313907,1.125914
0.8,0.463415,0.454221,1.313907,1.002912
0.85,0.447153,0.438763,1.313907,0.888044
0.8,0.439025,0.438169,1.315907,0.802442
0.85,0.382113,0.390606,1.345453,0.747527
0.8,0.341462,0.341855,1.381277,0.712471
0.85,0.317073,0.310345,1.416338,0.69352
0.85,0.284553,0.294293,1.464439,0.687202
0.8,0.268291,0.261593,1.52,0.687202
0.85,0.276422,0.27824,1.586442,0.687202
0.75,0.203251,0.212842,1.659875,0.687776
0.7,0.211382,0.196195,1.726972,0.697273
0.7,0.203251,0.196195,1.784938,0.710338
0.625,0.174796,0.171225,1.844326,0.728581
0.55,0.146342,0.146254,1.878978,0.74133
0.5,0.138211,0.137634,1.932857,0.755107
0.45,0.13008,0.129013,1.9795,0.768523
0.55,0.186993,0.194411,2.02579,0.783543
0.45,0.199187,0.193222,2.045927,0.790105
0.35,0.211382,0.192033,2.046816,0.790608
0.35,0.22764,0.224138,2.047705,0.791112
0.25,0.252033,0.319263,2.048594,0.791615
0.3,0.260164,0.255648,2.040965,0.79193
0.3,0.241193,0.239596,1.993961,0.79193
0.3,0.222222,0.223543,1.937375,0.798233
0.3,0.203251,0.207491,1.880318,0.815232
0.35,0.19512,0.159929,1.818477,0.841053
0.4,0.146342,0.160523,1.744918,0.880436
0.45,0.268291,0.257432,1.687252,0.923913
0.45,0.219513,0.209275,1.623534,0.973464
0.55,0.276422,0.32283,1.554571,1.024957
0.625,0.264227,0.283591,1.480786,1.083857
0.7,0.252033,0.244352,1.422014,1.137899
0.75,0.317073,0.309156,1.356042,1.201444
0.75,0.292684,0.277051,1.28875,1.274625
0.75,0.357724,0.357313,1.234094,1.336602
0.75,0.439025,0.437574,1.16079,1.418447
0.8,0.406502,0.422117,1.089042,1.505091
0.85,0.463415,0.470868,1.043375,1.58925
0.85,0.487804,0.470868,1.0,1.68775
0.85,0.528455,0.519025,0.9765,1.78878
0.85,0.463415,0.470868,0.976,1.880564
0.75,0.495935,0.501784,0.976,1.937409
0.8,0.487804,0.486326,0.976,1.959226
0.8,0.471545,0.470273,0.997096,2.031741
0.7,0.520324,0.517241,1.040548,2.090651
0.75,0.504065,0.501784,1.096443,2.144012
0.7,0.560975,0.549346,1.16775,2.192875
0.7,0.585364,0.565398,1.2515,2.230125
0.7,0.642276,0.613555,1.331224,2.254249
0.6,0.731706,0.70868,1.420329,2.294473
0.7,0.715447,0.709869,1.497236,2.331553
0.6,0.715447,0.716706,1.567967,2.331553
0.5,0.715447,0.723543,1.661424,2.331553
0.5,0.764226,0.739596,1.746125,2.330652
0.55,0.715447,0.708086,1.80425,2.317512
0.45,0.747967,0.747027,1.872119,2.280734
0.35,0.780487,0.785969,1.931336,2.2075
0.425,0.768293,0.770809,2.009942,2.114407
0.5,0.756098,0.755648,2.069476,2.043914
0.45,0.715447,0.722949,2.113252,1.976632
0.45,0.739836,0.722949,2.129,1.937
0.4,0.715447,0.722354,2.132058,1.887
0.4,0.715447,0.706302,2.131993,1.84051
0.4,0.699186,0.69025,2.131993,1.800119
0.35,0.699186,0.689655,2.131993,1.789825
0.35,0.682927,0.673603,2.119342,1.789825
0.358333,0.661247,0.644273,2.053027,1.789825
0.366667,0.639566,0.614943,1.996181,1.79499
0.375,0.617885,0.585612,1.933699,1.819779
0.383333,0.596205,0.556282,1.864354,1.855037
0.391667,0.574524,0.526952,1.778887,1.903
0.4,0.552844,0.497622,1.696107,1.941268
0.4,0.504065,0.497622,1.569757,1.970368
0.275,0.455284,0.456005,1.476954,1.990724
0.15,0.406502,0.414388,1.389961,1.997
0.15,0.422764,0.414388,1.302123,1.997
0.25,0.382113,0.36742,1.214847,1.997
0.3,0.333331,0.319857,1.144019,1.996875
0.25,0.333331,0.319263,1.072425,1.991347
0.25,0.308942,0.30321,1.013336,1.976194
0.325,0.260162,0.247919,0.961172,1.954279
0.4,0.211382,0.192628,0.928637,1.923766
0.4,0.1626,0.176576,0.91624,1.886127
0.45,0.154471,0.161118,0.915865,1.843958
0.5,0.146342,0.14566,0.915865,1.809189
0.55,0.146342,0.162307,0.915865,1.769176
0.6,0.170731,0.178954,0.968525,1.749817
0.65,0.186993,0.179548,1.107738,1.744993
0.7,0.22764,0.2283,1.154801,1.709765
0.75,0.268291,0.277051,1.192898,1.624516
0.8,0.276422,0.277646,1.239556,1.531549
0.85,0.284553,0.294293,1.27701,1.439127
0.9,0.333331,0.343044,1.279774,1.343245
0.85,0.382113,0.374554,1.279774,1.233762
0.85,0.406502,0.374554,1.28325,1.133135
0.9,0.406502,0.407253,1.269865,1.065983
0.85,0.479673,0.470868,1.23286,0.858168
0.9,0.430895,0.439358,1.23286,0.766735
0.9,0.504065,0.487515,1.23286,0.666181
0.9,0.479673,0.503567,1.235095,0.648903
0.85,0.463415,0.454816,1.264857,0.648903
0.85,0.487804,0.48692,1.311421,0.649909
0.85,0.447153,0.438763,1.344616,0.660555
0.8,0.447153,0.438169,1.394542,0.669002
0.8,0.463415,0.454221,1.453125,0.689625
0.7,0.504065,0.517241,1.517967,0.717903
0.7,0.560975,0.597503,1.572752,0.743393
0.7,0.650407,0.629608,1.624577,0.771375
0.75,0.666666,0.662307,1.676347,0.803226
0.65,0.642276,0.661118,1.726417,0.834373
0.65,0.617887,0.629013,1.76867,0.865396
0.65,0.617887,0.612961,1.816277,0.917679
0.65,0.666666,0.661118,1.84625,0.9695
0.55,0.723578,0.724138,1.881325,1.037075
0.5,0.747967,0.739596,1.903795,1.123385
0.6,0.756098,0.740785,1.930467,1.194934
0.5,0.739836,0.739596,1.955167,1.278935
0.55,0.682927,0.675981,1.96,1.3
0.45,0.731706,0.722949,1.963203,1.31922
0.45,0.723578,0.706897,1.968,1.422797
0.55,0.699186,0.708086,1.968,1.528753
0.45,0.691058,0.690844,1.968,1.63425
0.45,0.699186,0.690844,1.966125,1.745451
0.35,0.699186,0.673603,1.946657,1.863052
0.4,0.666666,0.674197,1.918557,1.950357
0.3,0.634146,0.624851,1.871271,2.03766
0.3,0.609756,0.608799,1.809107,2.125482
0.35,0.593495,0.593341,1.74425,2.19674
0.25,0.601625,0.5761,1.668636,2.237868
0.3,0.609756,0.592747,1.590906,2.277256
0.2,0.634146,0.60761,1.527295,2.306539
0.25,0.650407,0.640309,1.466601,2.327863
0.25,0.634146,0.624257,1.404704,2.3337
0.25,0.609756,0.608205,1.333788,2.3337
0.25,0.617887,0.592152,1.274214,2.3337
0.25,0.601625,0.592152,1.206772,2.3337
0.3,0.577236,0.576694,1.136625,2.33075
0.3,0.569105,0.576694,1.075651,2.318779
0.3,0.577236,0.560642,1.024215,2.282529
0.4,0.512193,0.497622,0.949299,2.256016
0.35,0.471545,0.464923,0.895123,2.23084
0.45,0.504065,0.498216,0.87675,2.193979
0.45,0.487804,0.482164,0.876,2.163935
0.55,0.398375,0.387039,0.876,2.126676
0.45,0.373982,0.369798,0.876,2.068906
0.45,0.357724,0.353746,0.883585,2.003329
0.5,0.325204,0.322235,0.89654,1.922037
0.5,0.341462,0.322235,0.904259,1.841654
0.6,0.243902,0.243163,0.91245,1.762492
0.6,0.243902,0.243163,0.922446,1.662648
0.65,0.243902,0.243757,0.931301,1.568148
0.7,0.235771,0.244352,0.940104,1.500675
0.8,0.252033,0.261593,0.945729,1.464905
0.85,0.325204,0.326397,0.949677,1.42894
0.85,0.349593,0.358502,0.964811,1.373081
0.9,0.382113,0.391201,0.982283,1.292266
0.85,0.373982,0.374554,0.996201,1.211211
0.9,0.373982,0.375149,1.019883,1.132075
0.85,0.414633,0.390606,1.051375,1.069625
0.85,0.398375,0.406659,1.088375,1.0175
0.85,0.414633,0.406659,1.138963,0.920754
0.9,0.439025,0.439358,1.199312,0.768953
0.8,0.426829,0.430143,1.264323,0.753165
0.7,0.414633,0.420927,1.335074,0.748
0.75,0.471545,0.469679,1.417333,0.748
0.75,0.495935,0.485731,1.493875,0.748
0.7,0.528455,0.565398,1.582754,0.748
0.7,0.569105,0.549346,1.656158,0.751361
0.7,0.544716,0.549346,1.733226,0.764518
0.7,0.617887,0.597503,1.794742,0.770958
0.625,0.642276,0.628716,1.846367,0.78462
0.55,0.666666,0.659929,1.895969,0.798031
0.55,0.731706,0.724138,1.941125,0.811875
0.55,0.747967,0.724138,1.978628,0.826725
0.45,0.747967,0.755054,1.989809,0.836312
0.5,0.715447,0.723543,1.992749,0.850896
0.45,0.731706,0.722949,1.998125,0.863445
0.35,0.666666,0.673603,1.9985,0.885491
0.4,0.658536,0.658145,1.996245,0.921729
0.45,0.650407,0.642687,1.988294,0.975304
0.4,0.674796,0.642093,1.957757,1.035239
0.4,0.658536,0.631391,1.924203,1.085841
0.4,0.642275,0.62069,1.912538,1.157748
0.4,0.626015,0.609988,1.885052,1.219374
0.35,0.577236,0.561237,1.838743,1.289625
0.25,0.585364,0.560048,1.791988,1.398033
0.23,0.556096,0.534126,1.745342,1.486629
0.21,0.526828,0.508205,1.680625,1.580375
0.19,0.497561,0.482283,1.623301,1.681614
0.17,0.468293,0.456361,1.586349,1.783665
0.15,0.439025,0.43044,1.541003,1.87304
0.2,0.430895,0.414982,1.474383,1.953259
0.15,0.414633,0.414388,1.432804,2.022446
0.2,0.394307,0.390904,1.391418,2.07306
0.25,0.373982,0.36742,1.329925,2.1244
0.3,0.371273,0.368014,1.272828,2.161087
0.35,0.368564,0.368609,1.203762,2.200056
0.4,0.365854,0.369203,1.141493,2.225554
0.45,0.406502,0.417955,1.086157,2.242399
0.45,0.406502,0.401902,1.04878,2.244358
0.5,0.439024,0.434602,1.0415,2.244358
0.55,0.471545,0.467301,1.0415,2.244358
0.65,0.487804,0.46849,1.0415,2.233502
0.55,0.569105,0.627824,1.04375,2.193875
0.625,0.556911,0.588585,1.052482,2.12934
0.7,0.544716,0.549346,1.0605,2.0575
0.75,0.544716,0.517836,1.068125,1.9735
0.8,0.601625,0.598692,1.07,1.936
0.8,0.585364,0.58264,1.07,1.873184
0.75,0.601625,0.598098,1.07,1.797625
0.8,0.552844,0.550535,1.07,1.743625
0.825,0.552844,0.550832,1.068543,1.657498
0.85,0.552844,0.55113,1.049873,1.534265
0.85,0.520324,0.535077,1.048,1.404613
0.9,0.552844,0.471463,1.048,1.261068
0.9,0.439025,0.439358,1.048,1.128137
0.9,0.447153,0.423306,1.053164,1.050342
0.85,0.382113,0.374554,1.083942,0.953868
0.85,0.349593,0.326397,1.134254,0.853627
0.85,0.308942,0.310345,1.217749,0.773603
0.8,0.252033,0.261593,1.277023,0.722526
0.85,0.268291,0.262188,1.334366,0.716845
0.8,0.146342,0.149227,1.403532,0.716845
0.8,0.13008,0.149227,1.510173,0.716845
0.75,0.170731,0.172711,1.614492,0.720396
0.7,0.211382,0.196195,1.706185,0.735566
0.75,0.235771,0.244946,1.796225,0.762375
0.65,0.292684,0.291914,1.8677,0.800866
0.7,0.276422,0.292509,1.943727,0.860422
0.65,0.300811,0.307967,2.013997,0.928452
0.6,0.325204,0.307372,2.073471,1.00648
0.55,0.341462,0.354935,2.100812,1.081025
0.55,0.455284,0.451249,2.102477,1.14825
0.5,0.455284,0.450654,2.102477,1.209969
0.5,0.520324,0.498811,2.102477,1.265889
0.5,0.487804,0.498811,2.086786,1.307412
0.4,0.552844,0.561831,2.035695,1.344217
0.4,0.601625,0.593936,1.956486,1.376462
0.4,0.569105,0.561831,1.879884,1.398241
0.4,0.674796,0.642093,1.797845,1.421208
0.35,0.577236,0.577289,1.712076,1.442817
0.3,0.658535,0.656956,1.618168,1.46719
0.25,0.601625,0.640309,1.525133,1.486632
0.216667,0.612465,0.629211,1.414769,1.505838
0.183333,0.623306,0.618113,1.3244,1.523262
0.15,0.634146,0.607015,1.234984,1.542058
0.15,0.617887,0.590963,1.139583,1.56562
0.05,0.617887,0.589774,1.056375,1.591125
0.125,0.589431,0.590666,0.96975,1.627125
0.2,0.560975,0.591558,0.8855,1.675875
0.15,0.504065,0.494649,0.810463,1.732809
0.1,0.504065,0.494055,0.75038,1.792519
0.1,0.463415,0.46195,0.712587,1.8481
0.1,0.430895,0.429845,0.704114,1.91507
0.2,0.357724,0.318668,0.704114,1.976782
0.2,0.317073,0.302616,0.704114,2.038761
0.25,0.300811,0.351367,0.714682,2.08142
0.15,0.22764,0.22176,0.765043,2.144154
0.25,0.203251,0.190844,0.835238,2.199436
0.25,0.113822,0.126635,0.944345,2.25774
0.25,0.113822,0.09453,1.047572,2.306389
0.3,0.081298,0.095125,1.145153,2.331539
0.275,0.105689,0.118906,1.236231,2.336255
0.25,0.13008,0.142687,1.295266,2.334214
0.25,0.19512,0.190844,1.371751,2.334214
0.3,0.211382,0.191439,1.449839,2.332091
0.3,0.300811,0.287753,1.514395,2.308146
0.3,0.308942,0.303805,1.549203,2.277264
0.25,0.349593,0.36742,1.572425,2.225927
0.25,0.325204,0.319263,1.574,2.168464
0.25,0.357724,0.351367,1.574,2.105382
0.3,0.373982,0.368014,1.574,2.021947
0.35,0.471545,0.480975,1.562503,1.940186
0.25,0.536585,0.527943,1.540327,1.857307
0.25,0.536585,0.527943,1.529837,1.787394
0.3,0.544716,0.592747,1.521,1.670699
0.4,0.650407,0.62604,1.521,1.55047
0.3,0.634146,0.640904,1.521,1.428314
0.25,0.666666,0.640309,1.521,1.340333
0.35,0.682927,0.705707,1.53002,1.242028
0.35,0.699186,0.689655,1.559133,1.122827
0.3,0.666666,0.705113,1.5975,1.018925
0.4,0.691056,0.706302,1.658193,0.924068
0.5,0.715447,0.707491,1.714812,0.860866
0.5,0.739836,0.723543,1.780765,0.804311
0.55,0.731706,0.724138,1.849054,0.760717
0.5,0.780487,0.7717,1.921957,0.73467
0.55,0.813007,0.8044,2.00697,0.73467
0.55,0.796749,0.8044,2.069993,0.73467
0.65,0.804876,0.789536,2.12628,0.736627
0.65,0.796749,0.789536,2.1785,0.759125
0.6,0.764226,0.756837,2.23248,0.802881
0.6,0.731706,0.756837,2.267446,0.857276
0.7,0.723578,0.725922,2.291223,0.927895
0.7,0.747967,0.725922,2.304299,1.028601
0.6,0.731706,0.740785,2.307836,1.123827
0.65,0.731706,0.709275,2.310258,1.228793
0.65,0.699186,0.693222,2.310258,1.348806
0.65,0.707316,0.693222,2.305569,1.453883
0.65,0.674796,0.693222,2.26731,1.58095
0.6,0.634146,0.580262,2.232375,1.729375
0.65,0.601625,0.564804,2.205849,1.824839
0.55,0.569105,0.563615,2.180113,1.906178
0.55,0.634146,0.611772,2.167926,1.940229
0.45,0.560975,0.562426,2.168552,1.938306
0.433333,0.569104,0.567578,2.164217,1.938306
0.416667,0.577234,0.572731,2.156935,1.93691
0.4,0.585364,0.577883,2.1535,1.89908
0.3,0.569105,0.560642,2.152,1.84245
0.3,0.536585,0.496433,2.15075,1.776542
0.25,0.536585,0.511891,2.140246,1.681588
0.15,0.528455,0.510702,2.127778,1.57818
0.2,0.536585,0.527348,2.10355,1.488069
0.2,0.504065,0.495244,2.072969,1.385691
0.2,0.479673,0.495244,2.043361,1.31032
0.15,0.430895,0.43044,2.00752,1.22449
0.2,0.422764,0.414982,1.966503,1.142644
0.15,0.382113,0.366231,1.922931,1.050944
0.2,0.357724,0.382878,1.892798,0.980955
0.2,0.325204,0.318668,1.835683,0.912427
0.15,0.300811,0.285969,1.767713,0.874523
0.2,0.325204,0.334721,1.699381,0.839469
0.2,0.317073,0.302616,1.616661,0.811871
0.3,0.333331,0.33591,1.536822,0.797242
0.35,0.398375,0.336504,1.448734,0.787897
0.4,0.439025,0.385256,1.357166,0.773648
0.3,0.463415,0.512485,1.270572,0.763227
0.45,0.439024,0.458086,1.17594,0.76
0.6,0.414633,0.403686,1.08622,0.76
0.55,0.536585,0.515458,1.009657,0.76
0.65,0.504065,0.500595,0.952,0.763937
0.7,0.479673,0.485137,0.906212,0.7946
0.7,0.504065,0.501189,0.866944,0.843984
0.7,0.585364,0.565398,0.828202,0.896596
0.75,0.495935,0.501784,0.815,0.975698
0.75,0.512193,0.517836,0.815,1.057229
0.8,0.552844,0.550535,0.815,1.126209
0.8,0.560975,0.550535,0.81625,1.182375
0.85,0.536585,0.535077,0.826976,1.220514
0.9,0.520324,0.51962,0.85025,1.227
0.85,0.520324,0.519025,0.905034,1.227
0.85,0.512193,0.519025,0.940486,1.227
0.85,0.520324,0.519025,0.997861,1.225845
0.95,0.479673,0.488109,1.028018,1.215894
0.95,0.430895,0.4239,1.066099,1.188752
0.85,0.406502,0.406659,1.136773,1.148182
0.85,0.382113,0.374554,1.221397,1.106213
0.85,0.341462,0.342449,1.318409,1.069324
0.8,0.325204,0.30975,1.412155,1.042835
0.8,0.252033,0.261593,1.486868,1.02505
0.8,0.22764,0.245541,1.578214,1.003107
0.8,0.178862,0.181332,1.669822,0.979559
0.75,0.121949,0.13258,1.76404,0.975504
0.75,0.146342,0.148633,1.859757,0.975504
0.65,0.1626,0.163496,1.946625,0.975504
0.6,0.138211,0.195006,2.018561,0.982723
0.55,0.13008,0.11415,2.091415,1.024605
0.425,0.150406,0.144768,2.137152,1.074432
0.3,0.170731,0.175386,2.169663,1.126408
0.35,0.211382,0.208086,2.192512,1.203339
0.45,0.186993,0.17717,2.200465,1.288085
0.4,0.19512,0.20868,2.20412,1.353584
0.3,0.19512,0.191439,2.20412,1.405903
0.375,0.21138,0.216409,2.20412,1.457431
0.45,0.22764,0.241379,2.190013,1.479981
0.45,0.276422,0.257432,2.134677,1.512841
0.475,0.292682,0.281807,2.079875,1.527344
0.5,0.308942,0.306183,2.001,1.532969
0.45,0.333331,0.353746,1.916504,1.535375
0.55,0.422764,0.419144,1.821875,1.5355
0.65,0.430895,0.436385,1.698814,1.5355
0.6,0.495935,0.483948,1.590073,1.5355
0.65,0.463415,0.452438,1.457423,1.535773
0.65,0.487804,0.46849,1.351037,1.537647
0.75,0.536585,0.533888,1.271646,1.540741
0.65,0.626015,0.596908,1.185364,1.552926
0.65,0.642276,0.612961,1.105489,1.57935
0.65,0.666666,0.645065,1.052657,1.610149
0.7,0.731706,0.741974,0.977375,1.641333
0.7,0.731706,0.725922,0.908988,1.66992
0.65,0.764226,0.757432,0.836052,1.729158
0.7,0.747967,0.741974,0.764243,1.815738
0.65,0.780487,0.805589,0.74306,1.873565
0.6,0.813007,0.821046,0.74306,1.93152
0.6,0.813007,0.804994,0.74306,1.99323
0.65,0.878047,0.853746,0.743311,2.055177
0.6,0.813007,0.821046,0.768457,2.116228
0.55,0.780487,0.772295,0.808204,2.160549
0.55,0.796749,0.8044,0.876729,2.212829
0.55,0.764226,0.772295,0.941078,2.250185
0.5,0.780487,0.7717,1.017141,2.282853
0.5,0.747967,0.739596,1.107125,2.315269
0.4375,0.73374,0.730826,1.190883,2.331899
0.375,0.719513,0.722057,1.284879,2.3325
0.3125,0.705285,0.713288,1.39175,2.3325
0.25,0.691058,0.704518,1.476718,2.3325
0.3,0.650407,0.640904,1.559109,2.320665
0.2,0.634146,0.623662,1.638377,2.297903
0.183333,0.644985,0.628815,1.713405,2.273417
0.166667,0.655826,0.633967,1.802699,2.229468
0.15,0.666666,0.63912,1.87825,2.183875
0.25,0.601625,0.608205,1.936395,2.13968
0.15,0.601625,0.574911,1.975439,2.098472
0.15,0.528455,0.526754,2.010079,2.047458
0.2,0.528455,0.511296,2.012086,2.017344
0.15,0.447153,0.446492,2.012086,1.996123
0.15,0.479673,0.446492,2.012086,1.971174
0.15,0.455284,0.462545,1.997151,1.948833
0.2,0.341462,0.334721,1.940389,1.920341
0.3,0.333331,0.33591,1.875738,1.889274
0.25,0.308942,0.30321,1.801741,1.857184
0.2,0.243902,0.254459,1.711412,1.844306
0.225,0.203251,0.206599,1.624,1.810403
0.25,0.1626,0.15874,1.532776,1.767923
0.25,0.170731,0.15874,1.440593,1.72397
0.3,0.113822,0.111177,1.346787,1.675756
0.35,0.089429,0.095719,1.26911,1.637834
0.45,0.113822,0.096908,1.240363,1.599992
0.525,0.138211,0.129905,1.169237,1.548738
0.6,0.1626,0.162901,1.089204,1.497965
0.65,0.178862,0.1956,1.017411,1.469087
0.75,0.207316,0.220868,0.935343,1.377071
0.85,0.235771,0.246136,0.88115,1.294098
0.8,0.260164,0.261593,0.855191,1.222012
0.85,0.284553,0.294293,0.819,1.155875
0.9,0.268291,0.278835,0.788364,1.072638
0.8,0.317073,0.341855,0.788152,0.984948
0.75,0.357724,0.357313,0.788152,0.900136
0.7,0.455284,0.453032,0.788152,0.82941
0.7,0.479673,0.469084,0.797323,0.780853
0.8,0.495935,0.502378,0.835052,0.737982
0.7,0.504065,0.501189,0.864319,0.704792
0.7,0.577236,0.581451,0.919605,0.677649
0.7,0.560975,0.565398,0.991417,0.652083
0.65,0.577236,0.580856,1.083492,0.635541
0.65,0.593495,0.596908,1.168375,0.627875
0.6,0.674796,0.660523,1.26775,0.62425
0.5,0.731706,0.723543,1.363073,0.621382
0.6,0.715447,0.70868,1.459195,0.613007
0.6,0.780487,0.756837,1.554651,0.61
0.55,0.780487,0.788347,1.663842,0.61
0.55,0.699186,0.692033,1.763963,0.61
0.525,0.695122,0.691736,1.862375,0.615125
0.5,0.691058,0.691439,1.951633,0.648147
0.5,0.731706,0.707491,2.016882,0.681543
0.45,0.715447,0.706897,2.08675,0.7415
0.4,0.715447,0.706302,2.131995,0.801165
0.35,0.682927,0.705707,2.182805,0.898131
0.35,0.682927,0.673603,2.211766,0.985178
0.45,0.691058,0.674792,2.225,1.091224
0.5,0.666666,0.659334,2.231681,1.21164
0.5,0.634146,0.643282,2.233708,1.327968
0.55,0.593495,0.595719,2.233708,1.432279
0.55,0.585364,0.563615,2.232179,1.542904
0.5,0.520324,0.514863,2.225963,1.59492
0.45,0.455284,0.450059,2.210938,1.720136
0.5,0.439025,0.450654,2.165515,1.857572
0.55,0.439025,0.435196,2.141389,1.925868
0.6,0.414635,0.411712,2.093966,1.991391
0.65,0.390244,0.388228,2.04705,2.067707
0.65,0.341462,0.388228,2.00175,2.134792
0.55,0.333331,0.32283,1.90277,2.203697
0.65,0.308942,0.307967,1.814958,2.260534
0.75,0.260164,0.277051,1.748777,2.287542
0.8,0.203251,0.213436,1.681095,2.2985
0.7,0.170731,0.16409,1.589202,2.299
0.65,0.13008,0.131391,1.485038,2.299
0.75,0.13008,0.13258,1.392738,2.299
0.633333,0.113819,0.115141,1.324242,2.287835
0.516667,0.097559,0.097701,1.272282,2.259057
0.4,0.081298,0.080262,1.217139,2.216036
0.35,0.089429,0.143876,1.165321,2.159971
0.3,0.13008,0.151308,1.117375,2.082276
0.25,0.170731,0.15874,1.074207,1.985986
0.2,0.186993,0.174197,1.036134,1.877825
0.1,0.211382,0.221165,1.007247,1.782006
0.2,0.308942,0.302616,0.980104,1.689564
0.25,0.292684,0.287158,0.963646,1.642026
0.15,0.365854,0.382283,0.949667,1.53405
0.175,0.390244,0.398633,0.949667,1.46529
0.2,0.414633,0.414982,0.949667,1.35089
0.2,0.439025,0.431034,0.952106,1.227371
0.2,0.430895,0.414982,0.970856,1.106843
0.1,0.544716,0.558264,0.997407,1.018506
0.2,0.528455,0.559453,1.040516,0.92896
0.25,0.544716,0.527943,1.080206,0.862454
0.25,0.536585,0.527943,1.107463,0.823537
0.2,0.601625,0.60761,1.156478,0.781786
0.2,0.642276,0.639715,1.21325,0.773414
0.25,0.674796,0.656361,1.266463,0.773414
0.275,0.670731,0.656659,1.311413,0.773414
0.3,0.666666,0.656956,1.357608,0.780628
0.4,0.699186,0.69025,1.393125,0.80975
0.4,0.682927,0.674197,1.4032,0.832519
0.35,0.788618,0.769917,1.41569,0.887189
0.4,0.768293,0.770511,1.417667,0.949305
0.45,0.747967,0.771106,1.417667,1.026582
0.55,0.861789,0.836504,1.417667,1.122574
0.5,0.829269,0.83591,1.419667,1.22699
0.55,0.829269,0.8044,1.411863,1.331171
0.6,0.837396,0.869203,1.405057,1.420197
0.55,0.796749,0.8044,1.404819,1.534288
0.6,0.861789,0.853151,1.404819,1.691575
0.6,0.845527,0.853151,1.405651,1.799801
0.6,0.845527,0.837099,1.412933,1.886929
0.55,0.796749,0.74019,1.431056,1.968878
0.6,0.756098,0.740785,1.457913,2.034755
0.7,0.731706,0.741974,1.495493,2.102265
0.7,0.715447,0.725922,1.546637,2.171327
0.75,0.747967,0.726516,1.607202,2.221516
0.65,0.682927,0.67717,1.672969,2.253219
0.75,0.666666,0.678359,1.713075,2.257
0.75,0.666666,0.662307,1.77575,2.257
0.75,0.674796,0.662307,1.867648,2.257
0.8,0.682927,0.662901,1.94546,2.256616
0.8,0.642276,0.646849,2.014099,2.230052
0.8,0.626015,0.630797,2.080224,2.174188
0.8,0.642276,0.630797,2.129174,2.112762
0.75,0.601625,0.61415,2.16275,2.037125
0.75,0.617887,0.61415,2.191944,1.955395
0.7,0.617887,0.613555,2.222137,1.851507
0.75,0.626015,0.61415,2.23696,1.742267
0.65,0.560975,0.564804,2.249084,1.646774
0.65,0.569105,0.564804,2.257585,1.521253
0.65,0.634146,0.629013,2.262175,1.413875
0.6,0.601625,0.612366,2.2629,1.304379
0.55,0.552844,0.547562,2.2629,1.181108
0.45,0.601625,0.578478,2.2629,1.084644
0.55,0.569105,0.563615,2.250207,0.998758
0.45,0.585364,0.562426,2.218687,0.926955
0.35,0.552844,0.545184,2.17176,0.859156
0.35,0.552844,0.545184,2.096238,0.78966
0.35,0.617887,0.609394,2.033915,0.749362
0.3,0.626015,0.608799,1.962351,0.71471
0.2,0.609756,0.591558,1.88,0.6755
0.25,0.601625,0.592152,1.799219,0.645094
0.25,0.601625,0.592152,1.705496,0.610047
0.2,0.520324,0.511296,1.626813,0.583084
0.3,0.536585,0.512485,1.532747,0.567074
0.2,0.471544,0.50327,1.437337,0.548125
0.1,0.406502,0.494055,1.349983,0.535875
0.2,0.406502,0.39893,1.265625,0.533
0.2,0.382113,0.382878,1.141,0.533
0.25,0.333331,0.335315,1.052038,0.533
0.3,0.292684,0.303805,0.968247,0.544044
0.275,0.276424,0.271403,0.901266,0.5655
0.25,0.260164,0.239001,0.857909,0.591761
0.2,0.219513,0.19025,0.812677,0.646335
0.25,0.1626,0.174792,0.784595,0.708792
0.25,0.170731,0.15874,0.766859,0.778281
0.275,0.138211,0.134958,0.742646,0.864507
0.3,0.105691,0.111177,0.721704,0.957287
0.325,0.101625,0.103448,0.702436,1.069625
0.35,0.09756,0.095719,0.694896,1.162279
0.45,0.13008,0.129013,0.687008,1.25112
0.5,0.170731,0.193817,0.676163,1.34882
0.55,0.19512,0.210464,0.668538,1.43032
0.65,0.219513,0.227705,0.6685,1.499682
0.7,0.252033,0.2283,0.6685,1.552085
0.75,0.276422,0.260999,0.6685,1.582786
0.8,0.300811,0.293698,0.679125,1.584161
0.75,0.414633,0.389417,0.697558,1.584161
0.85,0.357724,0.358502,0.720908,1.584161
0.8,0.398375,0.37396,0.750246,1.574246
0.8,0.447153,0.454221,0.787611,1.547748
0.85,0.471545,0.470868,0.839055,1.504906
0.9,0.479673,0.471463,0.877866,1.470121
0.85,0.447153,0.454816,0.878,1.47
0.8,0.463415,0.454221,0.924591,1.426435
0.8,0.512193,0.534483,0.990723,1.366791
0.8,0.463415,0.486326,1.079625,1.295875
0.8,0.504065,0.502378,1.182002,1.225332
0.8,0.455284,0.454221,1.277425,1.166278
0.75,0.471545,0.469679,1.381717,1.103367
0.7,0.528455,0.533294,1.493881,1.031762
0.75,0.544716,0.533888,1.603442,0.965041
0.65,0.560975,0.564804,1.701623,0.912788
0.65,0.634146,0.629013,1.788585,0.892313
0.65,0.617887,0.596908,1.862033,0.892313
0.6,0.617887,0.612366,1.918641,0.887313
0.65,0.634146,0.629013,1.984163,0.887984
0.65,0.682927,0.67717,2.030029,0.906889
0.55,0.682927,0.675981,2.106367,0.972043
0.55,0.756098,0.74019,2.143451,1.050104
0.45,0.756098,0.755054,2.162306,1.124864
0.5,0.739836,0.723543,2.180322,1.22075
0.45,0.780487,0.771106,2.216947,1.331042
0.55,0.666666,0.659929,2.22,1.431233
0.5,0.670731,0.66736,2.22,1.524339
0.45,0.674796,0.674792,2.22,1.599889
0.5,0.699186,0.643282,2.219427,1.671103
0.4,0.715447,0.69025,2.195084,1.765553
0.4,0.691058,0.69025,2.156875,1.86325
0.3,0.715447,0.705113,2.106976,1.96331
0.3,0.707316,0.689061,2.05675,2.040383
0.35,0.666666,0.657551,1.987339,2.089375
0.3,0.682927,0.673008,1.943687,2.123597
0.2,0.642276,0.623662,1.918705,2.15007
0.2,0.642276,0.591558,1.879286,2.155
0.25,0.642276,0.640309,1.814803,2.155
0.15,0.634146,0.63912,1.757705,2.155
0.2,0.642276,0.639715,1.704093,2.153428
0.25,0.642276,0.640309,1.663308,2.141728
0.2,0.642276,0.639715,1.648992,2.137234
0.3,0.626015,0.608799,1.634898,2.131697
0.25,0.593495,0.584126,1.593125,2.129
0.2,0.560975,0.559453,1.467677,2.128555
0.15,0.512193,0.510702,1.372916,2.127427
0.15,0.504065,0.494649,1.268373,2.127
0.2,0.414633,0.414982,1.188172,2.1248
0.216667,0.395663,0.393777,1.110033,2.11528
0.233333,0.376693,0.372572,1.017581,2.100903
0.25,0.357724,0.351367,0.880214,2.084894
0.25,0.349593,0.351367,0.826494,2.060614
0.2,0.308942,0.318668,0.824,2.031641
0.3,0.308942,0.287753,0.824,1.981265
0.25,0.243902,0.255054,0.824,1.919994
0.15,0.203251,0.189655,0.838604,1.849279
0.2,0.19512,0.19025,0.860875,1.778727
0.225,0.186991,0.182521,0.880417,1.713513
0.25,0.178862,0.174792,0.899138,1.629925
0.35,0.186993,0.175981,0.90932,1.546844
0.45,0.19512,0.17717,0.913875,1.456913
0.5,0.184957,0.173751,0.91872,1.39
0.55,0.174795,0.170333,0.939047,1.338454
0.6,0.164632,0.166914,0.95814,1.249865
0.65,0.154469,0.163496,0.973356,1.152029
0.6,0.178862,0.178954,0.996675,1.048985
0.6,0.203251,0.195006,1.029497,0.962162
0.55,0.227642,0.226516,1.07517,0.878283
0.5,0.252033,0.258026,1.128483,0.810088
0.5,0.308942,0.290131,1.192483,0.743713
0.45,0.333331,0.321641,1.250381,0.696385
0.5,0.357724,0.338288,1.309865,0.661779
0.55,0.373982,0.370987,1.372688,0.646807
0.45,0.406502,0.401902,1.448885,0.631252
0.4,0.447153,0.441439,1.527725,0.617784
0.35,0.487804,0.480975,1.598668,0.608668
0.4,0.487804,0.497622,1.675793,0.599168
0.5,0.552844,0.546968,1.751455,0.590542
0.45,0.552844,0.562426,1.804893,0.588393
0.55,0.609756,0.563615,1.858886,0.588393
0.55,0.617887,0.595719,1.919552,0.588393
0.45,0.617887,0.626635,1.971663,0.588643
0.4,0.699186,0.706302,2.027105,0.598317
0.4,0.699186,0.706302,2.077792,0.620572
0.5,0.715447,0.707491,2.117001,0.649925
0.5,0.699186,0.707491,2.139177,0.686033
0.55,0.715447,0.708086,2.161434,0.725832
0.5,0.747967,0.755648,2.182056,0.776882
0.6,0.796749,0.772889,2.193656,0.835547
0.55,0.747967,0.74019,2.193656,0.904381
0.55,0.813007,0.8044,2.193656,0.996203
0.5,0.780487,0.7717,2.193604,1.090228
0.55,0.796749,0.772295,2.19109,1.179952
0.55,0.764226,0.756243,2.186091,1.258215
0.65,0.699186,0.709275,2.177055,1.369039
0.55,0.666666,0.659929,2.16785,1.4497
0.55,0.691058,0.675981,2.154396,1.548679
0.625,0.658536,0.644768,2.139596,1.633566
0.7,0.626015,0.613555,2.127183,1.715335
0.7,0.609756,0.613555,2.121243,1.768904
0.75,0.593495,0.582045,2.093533,1.818506
0.8,0.560975,0.566587,2.038162,1.95589
0.8,0.552844,0.550535,2.020653,2.004097
0.8,0.512193,0.51843,1.998343,2.036998
0.8,0.495935,0.502378,1.972125,2.069
0.85,0.479673,0.470868,1.941531,2.087734
0.9,0.504065,0.503567,1.900014,2.089812
0.9,0.463415,0.45541,1.846827,2.089812
0.9,0.422764,0.423306,1.814428,2.089812
0.85,0.398375,0.406659,1.793609,2.081217
0.85,0.357724,0.358502,1.769481,2.053853
0.9,0.333331,0.326992,1.738235,2.030504
0.85,0.317073,0.310345,1.716572,1.9929
0.85,0.292684,0.294293,1.705286,1.93679
0.85,0.260164,0.262188,1.690871,1.859896
0.85,0.235771,0.246136,1.681916,1.789809
0.8,0.207316,0.221463,1.670306,1.710237
0.75,0.178862,0.19679,1.665268,1.637151
0.75,0.154469,0.148633,1.660668,1.582867
0.7,0.146342,0.148038,1.640156,1.474206
0.7,0.1626,0.148038,1.617901,1.384378
0.75,0.19512,0.19679,1.587575,1.290946
0.75,0.211382,0.212842,1.54898,1.205477
0.65,0.235771,0.275862,1.513577,1.114781
0.7,0.284553,0.292509,1.487287,1.052571
0.7,0.300811,0.308561,1.443034,0.972699
0.7,0.325204,0.324614,1.405335,0.905379
0.65,0.373982,0.388228,1.372017,0.851523
0.6,0.398375,0.403686,1.325095,0.809895
0.65,0.455284,0.388228,1.279303,0.781987
0.65,0.414633,0.46849,1.239482,0.767125
0.75,0.479673,0.485731,1.195115,0.767
0.7,0.560975,0.533294,1.139723,0.767
0.6,0.593495,0.580262,1.085005,0.767
0.6,0.617887,0.612366,1.023846,0.787035
0.55,0.634146,0.627824,0.950365,0.829055
0.65,0.682927,0.67717,0.936972,0.873616
0.65,0.682927,0.67717,0.933436,0.92957
0.55,0.756098,0.74019,0.925665,0.995649
0.6,0.756098,0.740785,0.921053,1.067135
0.65,0.747967,0.741379,0.912382,1.158525
0.6,0.780487,0.772889,0.904125,1.285877
0.55,0.764226,0.772295,0.902243,1.360962
0.6,0.764226,0.740785,0.900846,1.439366
0.55,0.715447,0.724138,0.871375,1.523253
0.5,0.747967,0.723543,0.849278,1.600484
0.55,0.813007,0.788347,0.844056,1.692083
0.5,0.796749,0.787753,0.844056,1.761117
0.55,0.764226,0.756243,0.844056,1.851042
0.45,0.756098,0.755054,0.847153,1.93025
0.45,0.715447,0.739001,0.869681,2.005861
0.45,0.707316,0.706897,0.896421,2.071676
0.45,0.699186,0.674792,0.929375,2.12625
0.4,0.674796,0.674197,0.968571,2.174146
0.4,0.715447,0.706302,1.027711,2.224633
0.325,0.703253,0.689358,1.07419,2.254605
0.25,0.691058,0.672414,1.112684,2.267975
0.3,0.674796,0.640904,1.159568,2.280466
0.25,0.691058,0.672414,1.197125,2.287144
0.2,0.682927,0.655767,1.2705,2.290577
0.25,0.626015,0.608205,1.351153,2.290577
0.2,0.585364,0.575505,1.417818,2.290577
0.3,0.609756,0.624851,1.481781,2.288186
0.225,0.617885,0.640012,1.53209,2.272594
0.15,0.626015,0.655172,1.556033,2.254938
0.2,0.626015,0.623662,1.557422,2.238759
0.25,0.617887,0.608205,1.557422,2.218875
0.2,0.593495,0.575505,1.557422,2.186609
0.15,0.544716,0.542806,1.538786,2.148148
0.2,0.536585,0.543401,1.501168,2.097035
0.3,0.560975,0.54459,1.463255,2.045734
0.2,0.512193,0.511296,1.418897,1.9788
0.2,0.447153,0.431034,1.374788,1.907942
0.1,0.439025,0.413793,1.329693,1.83024
0.15,0.398375,0.382283,1.286552,1.754239
0.05,0.341462,0.332937,1.243732,1.680389
0.05,0.325204,0.332937,1.193452,1.594143
0.15,0.292684,0.269917,1.147988,1.51174
0.2,0.243902,0.238407,1.118433,1.456327
0.15,0.19512,0.189655,1.073608,1.389897
0.15,0.170731,0.157551,1.023245,1.319404
0.2,0.170731,0.158145,0.979125,1.2615
0.15,0.121949,0.125446,0.9593,1.23353
0.225,0.117885,0.118312,0.92772,1.1667
0.3,0.113822,0.111177,0.90907,1.094847
0.35,0.13008,0.127824,0.910725,1.0285
0.4,0.146342,0.144471,0.91238,0.975208
0.4,0.19512,0.112366,0.91238,0.926109
0.45,0.13008,0.129013,0.920633,0.870374
0.55,0.13008,0.130202,0.948032,0.810504
0.55,0.13008,0.130202,0.986906,0.757737
0.6,0.146342,0.146849,1.039609,0.711255
0.55,0.146342,0.146254,1.101278,0.676167
0.5,0.178862,0.177765,1.168945,0.647905
0.4,0.211382,0.20868,1.237516,0.62453
0.5,0.235771,0.225922,1.2847,0.609863
0.425,0.247967,0.249108,1.342062,0.60475
0.35,0.260164,0.272295,1.411744,0.603857
0.3,0.357724,0.351962,1.476902,0.603
0.4,0.373982,0.369203,1.553036,0.602355
0.3,0.463415,0.448276,1.62575,0.600383
0.4,0.471545,0.449465,1.696294,0.593863
0.4,0.447153,0.449465,1.77856,0.586883
0.4,0.512193,0.513674,1.852108,0.583715
0.25,0.548778,0.527943,1.9305,0.583011
0.1,0.585364,0.542212,1.995718,0.583011
0.25,0.56504,0.543995,2.060125,0.583011
0.4,0.544716,0.545779,2.111358,0.587605
0.3,0.609756,0.640904,2.161316,0.604471
0.3,0.617887,0.624851,2.193195,0.634696
0.35,0.617887,0.61742,2.21408,0.675011
0.4,0.617887,0.609988,2.229354,0.718354
0.5,0.666666,0.659334,2.23775,0.765
0.5,0.666666,0.659334,2.244016,0.827977
0.4,0.691058,0.706302,2.250224,0.892753
0.45,0.707316,0.690844,2.25371,0.96635
0.55,0.682927,0.675981,2.259634,1.063233
0.6,0.682927,0.676576,2.270617,1.150404
0.6,0.764226,0.740785,2.280944,1.237356
0.55,0.747967,0.756243,2.291375,1.326227
0.55,0.780487,0.756243,2.3018,1.409275
0.55,0.764226,0.756243,2.312129,1.496493
0.45,0.747967,0.739001,2.326625,1.601481
0.525,0.723576,0.715815,2.331,1.699574
0.6,0.699186,0.692628,2.331,1.775443
0.6,0.666666,0.676576,2.331,1.862276
0.7,0.658535,0.661712,2.32575,1.949322
0.65,0.682927,0.693222,2.301541,2.011394
0.65,0.682927,0.661118,2.250043,2.080689
0.75,0.666666,0.646254,2.196953,2.133261
0.85,0.650407,0.631391,2.153031,2.158478
0.8,0.609756,0.598692,2.07712,2.174569
0.7,0.577236,0.581451,2.02375,2.179
0.7,0.544716,0.549346,1.968613,2.179
0.8,0.528455,0.534483,1.9168,2.179
0.85,0.495935,0.502973,1.884331,2.177813
0.85,0.520324,0.502973,1.876028,2.152918
0.85,0.439025,0.438763,1.876028,2.105975
0.9,0.463415,0.45541,1.876028,2.068601
0.9,0.430895,0.439358,1.876396,2.02462
0.85,0.430895,0.422711,1.877,2.005
0.85,0.373982,0.374554,1.878875,1.985875
0.9,0.349593,0.343044,1.896696,1.910592
0.85,0.292684,0.294293,1.927245,1.809606
0.85,0.268291,0.262188,1.928923,1.704453
0.8,0.284553,0.293698,1.928923,1.586553
0.75,0.276422,0.277051,1.928923,1.482971
0.8,0.235771,0.245541,1.923125,1.36925
0.85,0.268291,0.246136,1.896441,1.257449
0.75,0.276422,0.277051,1.864929,1.160417
0.75,0.284553,0.293103,1.820213,1.089953
0.7,0.300811,0.308561,1.742797,1.015912
0.7,0.365854,0.356718,1.684207,0.95894
0.65,0.308942,0.291914,1.637648,0.911621
0.6,0.341462,0.355529,1.580017,0.868739
0.55,0.373982,0.370987,1.51314,0.831536
0.55,0.414633,0.403092,1.448255,0.805475
0.5,0.439025,0.450654,1.390193,0.794814
0.55,0.471545,0.451249,1.339411,0.794814
0.55,0.520324,0.515458,1.308171,0.792556
0.55,0.487804,0.499405,1.272483,0.792556
0.45,0.560975,0.610583,1.244064,0.797698
0.45,0.552844,0.626635,1.176635,0.83125
0.433333,0.574525,0.615735,1.09967,0.8584
0.416667,0.596206,0.604836,1.059921,0.893121
0.4,0.617887,0.593936,1.016123,0.92887
0.3,0.634146,0.624851,0.985889,0.94895
0.35,0.634146,0.625446,0.976248,0.986926
0.3,0.634146,0.624851,0.968842,1.02951
0.35,0.601625,0.593341,0.960726,1.083383
0.3,0.634146,0.608799,0.945781,1.151324
0.3,0.585364,0.576694,0.928109,1.224468
0.3,0.585364,0.576694,0.909671,1.311569
0.25,0.617887,0.608205,0.891313,1.397189
0.2,0.617887,0.60761,0.876645,1.475902
0.2,0.642276,0.623662,0.858072,1.545595
0.216667,0.617886,0.607808,0.804938,1.627929
0.233333,0.593496,0.591954,0.78325,1.709619
0.25,0.569105,0.5761,0.78325,1.79475
0.35,0.560975,0.561237,0.78325,1.878553
0.3,0.528455,0.520511,0.784638,1.955555
0.25,0.495935,0.479786,0.808811,2.033841
0.2,0.504065,0.463139,0.851078,2.102487
0.2,0.495935,0.479191,0.899967,2.156395
0.15,0.406502,0.414388,0.946364,2.194448
0.15,0.382113,0.382283,1.007217,2.235023
0.2,0.361787,0.366825,1.059128,2.259885
0.25,0.341462,0.351367,1.113319,2.27586
0.216667,0.317072,0.318866,1.174805,2.276967
0.183333,0.292681,0.286365,1.219055,2.276967
0.15,0.268291,0.253864,1.269983,2.276967
0.1,0.203251,0.189061,1.30604,2.269245
0.2,0.219513,0.158145,1.33104,2.24655
0.2625,0.203252,0.158888,1.34775,2.21525
0.325,0.186991,0.159631,1.359186,2.175381
0.3875,0.17073,0.160375,1.367125,2.129375
0.45,0.154469,0.161118,1.373477,2.076075
0.4,0.19512,0.192628,1.377813,2.021241
0.5,0.19512,0.177765,1.386305,1.965736
0.5,0.154469,0.161712,1.387331,1.952167
0.6,0.13008,0.130797,1.38968,1.882496
0.65,0.113822,0.115339,1.39,1.873
0.7,0.113822,0.131986,1.39,1.873
0.7,0.19512,0.196195,1.391561,1.862905
0.7,0.203251,0.16409,1.397424,1.799203
0.75,0.203251,0.212842,1.40468,1.729498
0.75,0.260164,0.244946,1.421797,1.628733
0.8,0.243902,0.245541,1.44134,1.532499
0.75,0.276422,0.277051,1.471662,1.390895
0.8,0.325204,0.325803,1.506028,1.240848
0.8,0.357724,0.341855,1.539049,1.099163
0.8,0.341462,0.325803,1.577658,0.966001
0.85,0.333331,0.374554,1.618098,0.850124
0.8,0.325204,0.325803,1.676363,0.749183
0.8,0.365854,0.37396,1.729625,0.703625
0.8,0.365854,0.37396,1.78149,0.67642
0.8,0.365854,0.37396,1.8392,0.661563
0.8,0.382113,0.37396,1.899337,0.66025
0.8,0.390244,0.37396,1.964271,0.66025
0.75,0.382113,0.373365,2.034,0.66025
0.75,0.382113,0.389417,2.08915,0.664337
0.8,0.341462,0.341855,2.130609,0.695746
0.75,0.414633,0.40547,2.162859,0.737367
0.8,0.447153,0.454221,2.18623,0.781815
0.8,0.463415,0.470273,2.205005,0.841164
0.8,0.471545,0.470273,2.216853,0.908565
0.9,0.528455,0.535672,2.231861,0.98869
0.8,0.569105,0.566587,2.26693,1.068673
0.8,0.593495,0.58264,2.283356,1.153857
0.7,0.552844,0.549346,2.286114,1.231365
0.7,0.552844,0.549346,2.293669,1.30286
0.7,0.585364,0.581451,2.295713,1.379484
0.7,0.617887,0.581451,2.295838,1.448775
0.65,0.650407,0.629013,2.295713,1.507555
0.75,0.666666,0.662307,2.293669,1.585953
0.7,0.682927,0.677765,2.276156,1.663216
0.6,0.747967,0.756837,2.235349,1.738546
0.55,0.715447,0.708086,2.213875,1.818125
0.6,0.731706,0.724732,2.163648,1.914871
0.6,0.747967,0.756837,2.129389,1.972251
0.6,0.715447,0.70868,2.105612,2.01345
0.55,0.788618,0.74019,2.065915,2.062459
0.5,0.813007,0.803805,2.001799,2.110484
0.55,0.802167,0.788347,1.914069,2.156831
0.6,0.791327,0.772889,1.85505,2.194869
0.65,0.780487,0.757432,1.800875,2.227656
0.625,0.735773,0.717004,1.75625,2.239691
0.6,0.691058,0.676576,1.713691,2.245851
0.475,0.691058,0.683115,1.652379,2.26175
0.35,0.691058,0.689655,1.595685,2.267
0.4,0.666666,0.674197,1.534637,2.267
0.4,0.658535,0.658145,1.493253,2.267
0.35,0.626015,0.609394,1.447941,2.2665
0.325,0.609755,0.609096,1.380332,2.258195
0.3,0.593495,0.608799,1.318434,2.246238
0.3,0.601625,0.576694,1.263864,2.237683
0.3,0.609756,0.592747,1.217378,2.230418
0.2,0.634146,0.60761,1.181375,2.222209
0.15,0.601625,0.607015,1.17005,2.215782
0.25,0.617887,0.608205,1.17005,2.20955
0.35,0.626015,0.609394,1.17005,2.201751
0.325,0.61382,0.609096,1.181965,2.190173
0.3,0.601625,0.608799,1.213844,2.177438
0.25,0.585364,0.5761,1.214,2.163806
0.2,0.569105,0.559453,1.214,2.148371
0.25,0.536585,0.511891,1.214,2.132452
0.35,0.512193,0.497027,1.209366,2.11237
0.3,0.455284,0.448276,1.195702,2.085935
0.35,0.471545,0.480975,1.165192,2.058652
0.35,0.487804,0.497027,1.030195,2.028815
0.35,0.520324,0.51308,0.982896,1.991157
0.45,0.528455,0.522295,0.95465,1.939777
0.55,0.536585,0.53151,0.923727,1.874819
0.65,0.504065,0.516647,0.901399,1.817434
0.6,0.487804,0.5,0.883875,1.759125
0.65,0.504065,0.516647,0.865806,1.684444
0.7,0.504065,0.501189,0.850082,1.607799
0.7,0.520324,0.517241,0.839826,1.519917
0.7,0.520324,0.517241,0.837089,1.43515
0.75,0.552844,0.549941,0.836,1.356231
0.75,0.560975,0.565993,0.835677,1.300264
0.75,0.520324,0.517836,0.835839,1.247826
0.8,0.520324,0.534483,0.837339,1.172523
0.8,0.512193,0.51843,0.853125,1.110923
0.85,0.495935,0.502973,0.870253,1.034547
0.8,0.520324,0.51843,0.906254,0.97482
0.85,0.528455,0.519025,0.932003,0.909911
0.9,0.447153,0.45541,0.960113,0.850942
0.85,0.512193,0.502973,1.011866,0.793168
0.8,0.495935,0.470273,1.040898,0.75444
0.85,0.504065,0.502973,1.086664,0.732157
0.85,0.447153,0.438763,1.151924,0.718821
0.85,0.406502,0.406659,1.211669,0.71023
0.9,0.398375,0.391201,1.272219,0.708267
0.85,0.357724,0.342449,1.343982,0.708267
0.85,0.317073,0.310345,1.411361,0.708267
0.85,0.317073,0.326397,1.496953,0.708884
0.8,0.276422,0.261593,1.576352,0.709625
0.8,0.219513,0.229489,1.653876,0.710043
0.75,0.19512,0.19679,1.726001,0.710993
0.75,0.170731,0.180737,1.778749,0.713052
0.65,0.1626,0.163496,1.850684,0.715984
0.65,0.09756,0.099287,1.919537,0.724577
0.6,0.06504,0.08264,1.98302,0.737875
0.6,0.06504,0.08264,2.031863,0.750493
0.55,0.089429,0.082045,2.056754,0.764628
0.45,0.105691,0.096908,2.058,0.781
0.35,0.178862,0.175981,2.058,0.801423
0.4,0.1626,0.160523,2.058,0.834365
0.3,0.219513,0.223543,2.052016,0.881859
0.3,0.219513,0.223543,2.032628,0.933084
0.3,0.22764,0.207491,2.029453,1.001646
0.25,0.260164,0.255054,1.993352,1.057098
0.2,0.284553,0.254459,1.941202,1.110798
0.2,0.365854,0.366825,1.885958,1.162379
0.2,0.398375,0.382878,1.816458,1.216879
0.25,0.382113,0.383472,1.743407,1.256361
0.2,0.447153,0.447087,1.666093,1.300059
0.25,0.447153,0.431629,1.58625,1.3445
0.2,0.495935,0.495244,1.472125,1.384187
0.25,0.414633,0.415577,1.377537,1.425341
0.2,0.414633,0.414982,1.332,1.4605
0.3,0.439025,0.432224,1.25325,1.507478
0.25,0.414633,0.415577,1.173125,1.549125
0.25,0.390244,0.383472,1.057727,1.637906
0.25,0.373982,0.36742,0.995871,1.692298
0.2,0.398375,0.366825,0.942578,1.744318
0.25,0.357724,0.36742,0.895338,1.795749
0.15,0.292684,0.302021,0.858934,1.842963
0.325,0.276424,0.280024,0.846,1.898969
0.5,0.260164,0.258026,0.846,1.95911
0.45,0.243902,0.257432,0.846,1.99313
0.525,0.239836,0.242271,0.846375,2.014375
0.6,0.235771,0.227111,0.854521,2.044217
0.6,0.260164,0.227111,0.874028,2.073758
0.7,0.235771,0.2283,0.897997,2.096693
0.8,0.252033,0.245541,0.934427,2.117983
0.85,0.252033,0.246136,1.03831,2.139787
0.85,0.268291,0.27824,1.096062,2.156186
0.8,0.390244,0.390012,1.130828,2.180856
0.85,0.390244,0.390606,1.133,2.256333
0.85,0.398375,0.406659,1.133,2.26
0.9,0.512193,0.503567,1.141113,2.26
0.9,0.504065,0.503567,1.185914,2.26756
0.85,0.495935,0.502973,1.261812,2.283929
0.9,0.520324,0.51962,1.363937,2.303866
0.85,0.504065,0.519025,1.470732,2.320652
0.8,0.544716,0.534483,1.568209,2.322338
0.8,0.569105,0.550535,1.596,2.322338
0.8,0.577236,0.550535,1.618139,2.322338
0.75,0.609756,0.61415,1.741323,2.313368
0.7,0.650407,0.629608,1.863575,2.277333
0.7,0.626015,0.613555,1.943286,2.231418
0.7,0.666666,0.677765,2.006388,2.165629
0.7,0.626015,0.613555,2.052542,2.10395
0.6,0.666666,0.660523,2.09675,2.027875
0.55,0.682927,0.659929,2.134028,1.93975
0.55,0.642276,0.627824,2.150135,1.850125
0.55,0.634146,0.627824,2.156216,1.757192
0.55,0.650407,0.643876,2.165725,1.660198
0.45,0.699186,0.690844,2.168758,1.576194
0.4,0.601625,0.609988,2.167056,1.490331
0.35,0.585364,0.577289,2.158149,1.410137
0.25,0.634146,0.608205,2.155294,1.346084
0.35,0.609756,0.593341,2.152919,1.294971
0.3,0.605691,0.592747,2.148971,1.222294
0.25,0.601625,0.592152,2.144069,1.2215
0.275,0.589431,0.584423,2.134734,1.2215
0.3,0.577236,0.576694,2.129688,1.2215
0.283333,0.552846,0.53369,2.115243,1.241213
0.266667,0.528456,0.490686,2.104431,1.282413
0.25,0.504065,0.447681,2.09554,1.346592
0.25,0.430895,0.431629,2.087562,1.413
0.25,0.447153,0.415577,2.080376,1.464823
0.25,0.357724,0.351367,2.068439,1.548842
0.2,0.308942,0.302616,2.019746,1.636362
0.2,0.317073,0.318668,1.96627,1.722569
0.25,0.260164,0.255054,1.915803,1.797535
0.2,0.219513,0.206302,1.865212,1.870316
0.3,0.178862,0.175386,1.79606,1.963122
0.4,0.13008,0.128419,1.7075,2.0435
0.4,0.138211,0.144471,1.605875,2.125625
0.35,0.089429,0.079667,1.47375,2.191385
0.45,0.09756,0.075505,1.367891,2.240893
0.55,0.105691,0.071344,1.269795,2.276422
0.65,0.113822,0.067182,1.172988,2.30403
0.7,0.09756,0.099881,1.07462,2.311
0.75,0.150406,0.156659,0.992988,2.311
0.8,0.203251,0.213436,0.919819,2.311
0.8,0.243902,0.229489,0.858367,2.302938
0.9,0.22764,0.230678,0.7891,2.259438
0.85,0.243902,0.262188,0.741734,2.206074
0.8,0.308942,0.293698,0.706805,2.143168
0.8,0.308942,0.293698,0.683875,2.068564
0.75,0.341462,0.34126,0.681,1.984475
0.75,0.373982,0.373365,0.681,1.880625
0.7,0.414633,0.404875,0.681,1.768192
0.7,0.439025,0.420927,0.683536,1.687657
0.7,0.471545,0.453032,0.717756,1.587764
0.65,0.487805,0.476516,0.762839,1.469906
0.6,0.504065,0.5,0.808281,1.369084
0.6,0.536585,0.580262,0.868687,1.268949
0.5,0.560975,0.56302,0.935889,1.174562
0.55,0.601625,0.595719,1.019247,1.085707
0.55,0.617887,0.611772,1.107516,1.019039
0.45,0.699186,0.674792,1.231554,0.936249
0.5,0.731706,0.723543,1.298384,0.882523
0.5,0.723578,0.707491,1.398119,0.840302
0.45,0.731706,0.739001,1.517651,0.799485
0.55,0.764226,0.74019,1.613266,0.783
0.55,0.788618,0.772295,1.721073,0.783
0.5,0.780487,0.7717,1.817337,0.783
0.6,0.772356,0.756837,1.897294,0.783449
0.55,0.780487,0.756243,1.965178,0.798818
0.6,0.764226,0.756837,2.025706,0.831972
0.6,0.723578,0.740785,2.076469,0.876884
0.65,0.756098,0.741379,2.119885,0.935733
0.7,0.699186,0.677765,2.16575,1.002375
0.7,0.650407,0.629608,2.215315,1.091988
0.75,0.642276,0.646254,2.228903,1.193474
0.65,0.577236,0.580856,2.234392,1.297975
0.75,0.585364,0.598098,2.236156,1.394015
0.8,0.593495,0.58264,2.237188,1.500177
0.8,0.577236,0.566587,2.23725,1.619197
0.8,0.504065,0.502378,2.236844,1.730298
0.8,0.520324,0.51843,2.234759,1.843436
0.85,0.463415,0.470868,2.223875,1.955595
0.9,0.439025,0.439358,2.190159,2.055735
0.9,0.430895,0.45541,2.144121,2.160286
0.85,0.357724,0.358502,2.096794,2.240375
0.9,0.357724,0.359096,2.033391,2.318859
0.85,0.284553,0.294293,1.966318,2.37866
0.85,0.284553,0.27824,1.86725,2.42725
0.75,0.243902,0.228894,1.752645,2.465378
0.75,0.203251,0.212842,1.677692,2.471004
0.8,0.211382,0.197384,1.578149,2.471004
0.725,0.138211,0.140309,1.496395,2.471004
0.65,0.06504,0.083234,1.4144,2.46574
0.575,0.093495,0.114447,1.34652,2.425964
0.5,0.121949,0.14566,1.292747,2.37144
0.5,0.113822,0.097503,1.248252,2.297676
0.4,0.158536,0.152497,1.219836,2.218752
0.3,0.203251,0.207491,1.174899,2.12766
0.3,0.1626,0.175386,1.1655,2.016125
0.3,0.276422,0.223543,1.1655,1.867035
0.3,0.292684,0.2717,1.1655,1.747136
0.25,0.268291,0.255054,1.168223,1.662125
0.2,0.276422,0.270511,1.173532,1.594526
0.275,0.243902,0.239298,1.177768,1.476901
0.35,0.211382,0.208086,1.188143,1.362519
0.35,0.235771,0.224138,1.1905,1.269824
0.45,0.215446,0.209275,1.1905,1.1725
0.55,0.19512,0.194411,1.1905,1.072477
0.6,0.211382,0.211058,1.189589,1.026589
0.65,0.211382,0.227705,1.170618,0.955744
0.7,0.22764,0.244352,1.165572,0.895245
0.8,0.292684,0.293698,1.146977,0.866938
0.8,0.292684,0.293698,1.119637,0.866938
0.8,0.325204,0.325803,1.078585,0.866938
0.8,0.390244,0.390012,1.037557,0.867566
0.8,0.422764,0.454221,0.993386,0.915627
0.85,0.406502,0.406659,0.946515,0.977922
0.8,0.422764,0.438169,0.910432,1.051421
0.85,0.520324,0.519025,0.864974,1.13087
0.8,0.487804,0.486326,0.822247,1.220021
0.85,0.544716,0.535077,0.790375,1.32225
0.8,0.520324,0.51843,0.781217,1.420641
0.8,0.585364,0.58264,0.781217,1.517964
0.85,0.601625,0.663496,0.781217,1.60057
0.8,0.569105,0.566587,0.781342,1.69025
0.7,0.601625,0.597503,0.793193,1.786537
0.7,0.666666,0.64566,0.819009,1.860374
0.65,0.699186,0.693222,0.878287,1.937336
0.7,0.715447,0.725922,0.920422,2.001885
0.65,0.715447,0.725327,0.973256,2.069875
0.6,0.731706,0.740785,1.036518,2.123561
0.6,0.723578,0.724732,1.109306,2.167368
0.55,0.715447,0.708086,1.180742,2.201017
0.55,0.731706,0.724138,1.259559,2.230362
0.5,0.699186,0.707491,1.343156,2.254424
0.5,0.731706,0.723543,1.402131,2.26143
0.5,0.747967,0.755648,1.485769,2.26143
0.5,0.731706,0.755648,1.580156,2.26143
0.425,0.69512,0.706599,1.66499,2.25859
0.35,0.658535,0.657551,1.741108,2.218875
0.35,0.715447,0.72176,1.874881,2.160612
0.35,0.682927,0.657551,1.946776,2.125498
0.316667,0.672087,0.657154,1.991742,2.085416
0.283333,0.661247,0.656758,2.034147,2.027067
0.25,0.650407,0.656361,2.049545,1.975691
0.35,0.626015,0.609394,2.045857,1.924811
0.25,0.634146,0.624257,2.045857,1.872238
0.35,0.593495,0.577289,2.045857,1.846566
0.275,0.556909,0.552319,2.021,1.845587
0.2,0.520324,0.527348,1.987882,1.845587
0.25,0.516258,0.519917,1.959114,1.845587
0.3,0.512193,0.512485,1.925099,1.856553
0.225,0.455284,0.45541,1.883198,1.894196
0.15,0.398375,0.398335,1.836646,1.936116
0.2,0.390244,0.382878,1.777361,1.985298
0.2,0.365854,0.350773,1.708034,2.032649
0.2,0.317073,0.318668,1.631746,2.070787
0.2,0.292684,0.270511,1.545737,2.104673
0.3,0.284553,0.2717,1.448506,2.13535
0.2,0.219513,0.222354,1.358226,2.151227
0.216667,0.205962,0.201149,1.252759,2.154
0.233333,0.192412,0.179945,1.164788,2.154
0.25,0.178862,0.15874,1.072058,2.154
0.35,0.170731,0.192033,0.9955,2.1445
0.25,0.211382,0.206897,0.915234,2.110497
0.25,0.19512,0.190844,0.853921,2.070454
0.3,0.211382,0.207491,0.807095,2.014796
0.25,0.276422,0.30321,0.773364,1.949802
0.35,0.300811,0.3044,0.758474,1.870294
0.3,0.341462,0.34126,0.758,1.78989
0.25,0.382113,0.378121,0.758,1.704282
0.2,0.422764,0.414982,0.758,1.62946
0.3,0.422764,0.416171,0.761717,1.551993
0.3,0.455284,0.416171,0.770925,1.444738
0.3,0.504065,0.496433,0.788123,1.325898
0.3,0.487804,0.48038,0.80919,1.222325
0.35,0.536585,0.545184,0.83913,1.123412
0.35,0.552844,0.545184,0.867,1.071
0.35,0.626015,0.593341,0.892954,1.009956
0.4,0.617887,0.609988,0.938319,0.914625
0.5,0.634146,0.627229,0.984752,0.830484
0.4,0.658535,0.642093,1.046162,0.754498
0.35,0.682927,0.673603,1.12707,0.698852
0.375,0.695122,0.689952,1.204809,0.661692
0.4,0.707316,0.706302,1.287686,0.633864
0.5,0.682927,0.691439,1.352863,0.611125
0.45,0.731706,0.706897,1.426603,0.603
0.45,0.747967,0.739001,1.500313,0.603
0.5,0.780487,0.739596,1.58346,0.603
0.55,0.780487,0.772295,1.677713,0.605313
0.55,0.764226,0.756243,1.764896,0.62115
0.5,0.772356,0.755648,1.838659,0.640112
0.6,0.715447,0.724732,1.914305,0.677919
0.55,0.780487,0.724138,1.9815,0.723125
0.6,0.747967,0.724732,2.046432,0.774162
0.65,0.715447,0.725327,2.099,0.830875
0.75,0.674796,0.694411,2.148851,0.892741
0.75,0.626015,0.630202,2.188077,0.972353
0.75,0.642276,0.646254,2.21049,1.065255
0.75,0.634146,0.630202,2.232958,1.163637
0.7,0.634146,0.629608,2.260435,1.245499
0.8,0.536585,0.534483,2.286418,1.338869
0.8,0.569105,0.566587,2.291951,1.420406
0.85,0.560975,0.55113,2.291951,1.522016
0.8,0.536585,0.550535,2.291951,1.619052
0.85,0.544716,0.535077,2.290308,1.71053
0.85,0.520324,0.519025,2.282929,1.782065
0.9,0.495935,0.487515,2.259517,1.857974
0.9,0.422764,0.439358,2.228948,1.917638
0.85,0.422764,0.406659,2.1955,1.932
0.9,0.414633,0.407253,2.16225,1.932
0.85,0.382113,0.390606,2.131966,1.932
0.85,0.349593,0.342449,2.094392,1.926853
0.85,0.284553,0.294293,2.07,1.9035
0.85,0.292684,0.294293,2.055071,1.879521
0.85,0.243902,0.262188,2.018839,1.805802
0.85,0.276422,0.27824,1.994246,1.707839
0.8,0.317073,0.293698,1.971819,1.622641
0.8,0.357724,0.357907,1.960387,1.564465
0.85,0.373982,0.374554,1.937843,1.476206
0.75,0.357724,0.357313,1.903434,1.399169
0.7,0.398375,0.404875,1.862522,1.322035
0.7,0.406502,0.420927,1.837108,1.21889
0.65,0.406502,0.420333,1.816174,1.126554
0.6,0.487804,0.483948,1.785928,1.049116
0.6,0.471545,0.483948,1.750154,0.972451
0.6,0.593495,0.580262,1.703285,0.897688
0.5,0.544716,0.579073,1.687668,0.878658
0.55,0.577236,0.579667,1.649094,0.847248
0.45,0.585364,0.562426,1.605941,0.814054
0.45,0.569105,0.578478,1.542377,0.771384
0.35,0.658535,0.625446,1.479219,0.739533
0.4,0.715447,0.69025,1.413258,0.738
0.4,0.707316,0.706302,1.35569,0.738
0.45,0.739836,0.65874,1.307984,0.738
0.45,0.666666,0.65874,1.245117,0.750883
0.4,0.691056,0.674197,1.163101,0.786806
0.35,0.715447,0.689655,1.099938,0.834516
0.4,0.699186,0.69025,1.046216,0.894572
0.3,0.707316,0.705113,1.003934,0.954767
0.3,0.650407,0.640904,0.956617,1.032144
0.25,0.674796,0.672414,0.908888,1.099046
0.25,0.682927,0.656361,0.84509,1.178212
0.35,0.682927,0.657551,0.799141,1.26036
0.25,0.829269,0.640309,0.77296,1.347335
0.2,0.593495,0.575505,0.75265,1.436037
0.3,0.577236,0.576694,0.733734,1.525615
0.35,0.585364,0.561237,0.717602,1.6205
0.325,0.544715,0.528835,0.71475,1.698673
0.3,0.504065,0.496433,0.71475,1.788503
0.225,0.463415,0.45541,0.71475,1.859367
0.15,0.422764,0.414388,0.715864,1.927313
0.05,0.398375,0.381094,0.734427,2.008482
0.15,0.345529,0.334126,0.761071,2.067949
0.25,0.292684,0.287158,0.801458,2.13125
0.3,0.317073,0.303805,0.857844,2.181031
0.25,0.219513,0.222949,0.99169,2.221091
0.25,0.22764,0.222949,1.06092,2.252381
0.15,0.170731,0.157551,1.109971,2.26275
0.225,0.166666,0.150416,1.167106,2.263
0.3,0.1626,0.143282,1.233536,2.263
0.3625,0.14634,0.156064,1.280678,2.26275
0.425,0.13008,0.168847,1.293212,2.246875
0.4875,0.11382,0.181629,1.293212,2.23468
0.55,0.09756,0.194411,1.293212,2.213825
0.625,0.121951,0.163199,1.28893,2.172498
0.7,0.146342,0.131986,1.27679,2.12247
0.7,0.243902,0.196195,1.260891,2.061328
0.8,0.154469,0.181332,1.241983,1.991858
0.85,0.178862,0.197979,1.230092,1.908506
0.85,0.260164,0.262188,1.222175,1.825375
0.85,0.252033,0.262188,1.22,1.795
0.9,0.317073,0.310939,1.22,1.795
0.85,0.365854,0.406659,1.22,1.784647
0.75,0.455284,0.565993,1.22,1.712685
0.8,0.410569,0.462247,1.22,1.562903
0.85,0.365854,0.358502,1.220917,1.440456
0.9,0.390244,0.407253,1.233792,1.345331
0.85,0.422764,0.422711,1.262239,1.23799
0.8,0.422764,0.422117,1.304387,1.097522
0.8,0.414633,0.422117,1.347069,0.972813
0.8,0.447153,0.470273,1.397124,0.848801
0.8,0.447153,0.454221,1.458772,0.739103
0.75,0.512193,0.485731,1.525688,0.660123
0.75,0.512193,0.517836,1.587953,0.612439
0.75,0.634146,0.630202,1.655742,0.577542
0.7,0.609756,0.613555,1.722246,0.568996
0.7,0.601625,0.613555,1.78197,0.568996
0.65,0.617887,0.629013,1.857394,0.568996
0.65,0.674796,0.645065,1.925763,0.569939
0.6,0.682927,0.644471,1.980958,0.593301
0.55,0.731706,0.724138,2.031373,0.638894
0.6,0.731706,0.724732,2.074106,0.684108
0.6,0.739836,0.756837,2.104946,0.750587
0.6,0.788618,0.772889,2.132469,0.827672
0.6,0.747967,0.724732,2.153368,0.901902
0.6,0.731706,0.724732,2.168583,0.992208
0.55,0.715446,0.716112,2.177717,1.099994
0.5,0.699186,0.707491,2.181,1.201522
0.5,0.723578,0.723543,2.181044,1.288937
0.45,0.731706,0.739001,2.181941,1.383932
0.45,0.764226,0.739001,2.184375,1.508221
0.35,0.756098,0.753864,2.1855,1.671059
0.4,0.731706,0.722354,2.1835,1.775603
0.45,0.707316,0.706897,2.181213,1.873858
0.375,0.678862,0.681926,2.174434,1.959667
0.3,0.650407,0.656956,2.161677,2.032609
0.3,0.691058,0.673008,2.141,2.1025
0.3,0.650407,0.640904,2.107189,2.166363
0.25,0.642276,0.624257,2.064233,2.217583
0.3,0.642276,0.640904,2.004367,2.263998
0.25,0.621951,0.624257,1.930012,2.304965
0.2,0.601625,0.60761,1.778635,2.348464
0.2,0.626015,0.623662,1.698756,2.371257
0.25,0.577236,0.560048,1.636149,2.375511
0.2,0.552844,0.543401,1.531972,2.400885
0.25,0.512193,0.527943,1.437711,2.415875
0.2,0.495935,0.511296,1.350098,2.4165
0.2,0.479673,0.463139,1.2751,2.4165
0.2,0.447153,0.431034,1.201753,2.4165
0.15,0.414633,0.414388,1.131569,2.410266
0.2,0.390244,0.382878,1.067875,2.39225
0.25,0.308942,0.30321,1.016667,2.368167
0.25,0.333331,0.335315,0.975699,2.33718
0.275,0.280486,0.255351,0.944662,2.292422
0.3,0.22764,0.175386,0.926466,2.24242
0.25,0.243902,0.239001,0.907865,2.18307
0.25,0.211382,0.190844,0.895008,2.117676
0.283333,0.189702,0.175188,0.889891,2.047233
0.316667,0.168022,0.159532,0.88986,1.95259
0.35,0.146342,0.143876,0.88986,1.857816
0.4,0.142276,0.136445,0.88986,1.814131
0.45,0.138211,0.129013,0.899545,1.800503
0.4,0.093495,0.088288,0.917195,1.786875
0.35,0.048778,0.047562,0.933197,1.773247
0.3,0.056909,0.079073,0.936,1.744627
0.35,0.06504,0.071641,0.937657,1.684621
0.4,0.073171,0.064209,0.94201,1.576375
0.35,0.089429,0.095719,0.947101,1.4417
0.45,0.138211,0.129013,0.949,1.353143
0.383333,0.157181,0.154974,0.969905,1.186662
0.316667,0.17615,0.180935,0.987409,1.072172
0.25,0.19512,0.206897,1.007295,0.950323
0.35,0.22764,0.272295,1.020142,0.67785
0.25,0.243902,0.239001,1.053275,0.593502
0.2,0.349593,0.334721,1.106457,0.563751
0.2,0.349593,0.334721,1.152783,0.543582
0.1,0.414633,0.397741,1.227208,0.53079
0.1,0.382113,0.381688,1.296107,0.516653
0.15,0.479673,0.478597,1.365957,0.51
0.15,0.536585,0.526754,1.455084,0.5125
0.15,0.552844,0.478597,1.535375,0.517892
0.1,0.536585,0.526159,1.62214,0.523
0.2,0.544716,0.543401,1.7055,0.523
0.25,0.601625,0.608205,1.786727,0.525369
0.3,0.601625,0.608799,1.862251,0.543864
0.2,0.650407,0.623662,1.939496,0.565129
0.25,0.642276,0.624257,2.015908,0.592044
0.3,0.634146,0.624851,2.066164,0.617867
0.3,0.707316,0.689061,2.111977,0.652662
0.25,0.691058,0.688466,2.158375,0.696625
0.25,0.666666,0.672414,2.192367,0.742057
0.3,0.731706,0.673008,2.217375,0.793204
0.4,0.715447,0.722354,2.232506,0.860018
0.45,0.756098,0.739001,2.244049,0.934195
0.45,0.775068,0.760404,2.24572,1.024071
0.45,0.794038,0.781807,2.246241,1.11583
0.45,0.813007,0.80321,2.246241,1.216187
0.55,0.813007,0.8044,2.246241,1.298598
0.5,0.764226,0.7717,2.244246,1.402983
0.55,0.821138,0.820452,2.232451,1.510543
0.5,0.845527,0.819857,2.226412,1.598373
0.5,0.829269,0.83591,2.218097,1.703016
0.55,0.861789,0.836504,2.213354,1.780972
0.55,0.813007,0.8044,2.210251,1.8685
0.6,0.764226,0.788942,2.205024,1.950584
0.65,0.715447,0.709275,2.191579,2.006619
0.65,0.731706,0.709275,2.174006,2.073166
0.75,0.764226,0.758621,2.150493,2.122095
0.8,0.747967,0.727111,2.118534,2.174136
0.7,0.650407,0.661712,2.0899,2.217427
0.75,0.626015,0.61415,2.062198,2.259006
0.75,0.601625,0.61415,2.033773,2.27625
0.75,0.593495,0.598098,2.033773,2.28
0.8,0.560975,0.58264,2.033773,2.28
0.8,0.601625,0.550535,2.035023,2.276533
0.8,0.577236,0.550535,2.053812,2.241931
0.833333,0.574526,0.556282,2.091496,2.189822
0.866667,0.571816,0.562029,2.12675,2.11175
0.9,0.569105,0.567776,2.138,2.09
0.9,0.536585,0.535672,2.143523,2.058146
0.9,0.520324,0.51962,2.168927,1.937922
0.85,0.528455,0.519025,2.200214,1.812158
0.9,0.487804,0.503567,2.217431,1.695802
0.9,0.471545,0.471463,2.221,1.568947
0.9,0.430895,0.439358,2.221,1.474583
0.9,0.447153,0.45541,2.221,1.365443
0.9,0.414633,0.407253,2.220366,1.248163
0.9,0.390244,0.391201,2.201263,1.141444
0.9,0.398375,0.391201,2.182572,1.052662
0.85,0.410569,0.398633,2.167483,0.966287
0.8,0.422764,0.406064,2.139599,0.891262
0.8,0.414633,0.406064,2.104892,0.829824
0.8,0.373982,0.37396,2.056418,0.76765
0.7,0.390244,0.388823,2.000342,0.72236
0.7,0.422764,0.43698,1.93625,0.679875
0.65,0.455284,0.452438,1.879961,0.653842
0.6,0.569105,0.564209,1.815418,0.631559
0.55,0.487804,0.483353,1.735433,0.620074
0.55,0.528455,0.515458,1.663793,0.614203
0.55,0.536585,0.53151,1.577825,0.60713
0.5,0.552844,0.56302,1.503307,0.601836
0.5,0.520324,0.530916,1.426,0.601836
0.45,0.634146,0.626635,1.355937,0.601836
0.4,0.658535,0.642093,1.279635,0.602398
0.4,0.650407,0.62604,1.210601,0.616294
0.45,0.626015,0.610583,1.146947,0.63167
0.433333,0.623306,0.610384,1.074644,0.652247
0.416667,0.620596,0.610186,1.014448,0.679305
0.4,0.617887,0.609988,0.956983,0.712584
0.325,0.617887,0.609096,0.913155,0.748576
0.25,0.617887,0.608205,0.88018,0.791382
0.25,0.626015,0.624257,0.867392,0.853743
0.2,0.642275,0.631688,0.854267,0.954914
0.15,0.658535,0.63912,0.841618,1.012257
0.2,0.642275,0.627675,0.83928,1.074118
0.25,0.626015,0.616231,0.838,1.16329
0.3,0.609755,0.604786,0.837193,1.26185
0.35,0.593495,0.593341,0.833289,1.356593
0.45,0.577236,0.562426,0.818546,1.464808
0.35,0.471545,0.480975,0.771506,1.562562
0.35,0.447155,0.44887,0.740692,1.63405
0.35,0.422765,0.416766,0.720675,1.711425
0.35,0.398375,0.384661,0.700127,1.800737
0.35,0.349593,0.352556,0.680586,1.89337
0.45,0.357724,0.337693,0.667307,1.968526
0.4,0.308943,0.299643,0.66641,2.039593
0.35,0.260163,0.261593,0.66641,2.096028
0.3,0.211382,0.223543,0.66641,2.138273
0.35,0.22764,0.192033,0.675227,2.169211
0.4,0.203251,0.192628,0.707399,2.198338
0.47,0.193495,0.187039,0.798761,2.226419
0.54,0.183738,0.181451,0.860625,2.234
0.61,0.173982,0.175862,0.912551,2.234
0.68,0.164226,0.170273,0.956042,2.234
0.75,0.154469,0.164685,0.996,2.23175
0.783333,0.1626,0.165081,1.018016,2.217335
0.816667,0.170731,0.165478,1.028149,2.187807
0.85,0.178862,0.165874,1.040551,2.147749
0.9,0.203251,0.198573,1.049644,2.08618
0.85,0.231707,0.230083,1.061583,2.01625
0.8,0.260164,0.261593,1.070894,1.936128
0.8,0.308942,0.30975,1.08315,1.852944
0.85,0.349593,0.358502,1.098707,1.788058
0.85,0.357724,0.358502,1.112125,1.73975
0.85,0.365854,0.358502,1.114,1.733
0.85,0.357724,0.358502,1.124734,1.705753
0.85,0.414633,0.406659,1.174248,1.585707
0.8,0.390244,0.390012,1.233381,1.451643
0.75,0.398375,0.389417,1.282867,1.338331
0.75,0.430895,0.437574,1.339037,1.209555
0.75,0.439025,0.453627,1.385614,1.125758
0.75,0.504065,0.453627,1.446646,1.013345
0.75,0.536585,0.533888,1.504958,0.903258
0.75,0.577236,0.549941,1.576513,0.802333
0.65,0.585364,0.645065,1.629638,0.754458
0.7,0.593495,0.581451,1.677858,0.723346
0.65,0.617887,0.612961,1.715819,0.71425
0.65,0.601625,0.596908,1.766205,0.71425
0.65,0.609756,0.612961,1.814792,0.71425
0.6,0.674796,0.660523,1.86415,0.7145
0.6,0.715447,0.724732,1.898037,0.731255
0.6,0.747967,0.724732,1.918375,0.7595
0.6,0.747967,0.724732,1.926928,0.794948
0.6,0.715447,0.692628,1.927738,0.844809
0.5,0.699186,0.691439,1.927738,0.895681
0.45,0.715447,0.706897,1.927738,0.965338
0.5,0.707316,0.691439,1.924628,1.032411
0.5,0.666666,0.675386,1.916351,1.116081
0.5,0.682927,0.675386,1.913081,1.163952
0.4,0.756098,0.754459,1.913,1.255577
0.4,0.739836,0.722354,1.913,1.334125
0.3,0.723578,0.705113,1.91318,1.40223
0.3,0.715447,0.705113,1.915112,1.510121
0.35,0.674796,0.657551,1.917516,1.605481
0.35,0.650407,0.641498,1.917516,1.710564
0.35,0.682927,0.673603,1.917516,1.822583
0.325,0.642276,0.641201,1.916891,1.927447
0.3,0.601625,0.608799,1.902906,2.025642
0.25,0.617887,0.608205,1.877578,2.123067
0.2,0.634146,0.655767,1.843036,2.207082
0.2,0.609756,0.591558,1.806132,2.274555
0.2,0.544716,0.543401,1.763724,2.329552
0.1,0.520324,0.526159,1.703672,2.384732
0.15,0.504065,0.510702,1.640839,2.421143
0.2,0.495935,0.50327,1.5625,2.4467
0.25,0.487804,0.495838,1.488178,2.44965
0.2,0.479673,0.479191,1.444464,2.44965
0.15,0.471545,0.462545,1.397075,2.44965
0.15,0.479673,0.462545,1.323274,2.446482
0.15,0.487804,0.478597,1.251415,2.430343
0.15,0.479673,0.478597,1.18205,2.403938
0.15,0.495935,0.478597,1.144549,2.367938
0.15,0.536585,0.510702,1.0865,2.328513
0.15,0.512193,0.510702,1.05046,2.253506
0.25,0.552844,0.560048,1.011743,2.189833
0.35,0.577236,0.577289,0.949537,2.12673
0.35,0.585364,0.561237,0.927742,2.071255
0.45,0.520324,0.514269,0.918506,2.019653
0.4,0.617887,0.609988,0.909375,1.932875
0.4,0.617887,0.593936,0.901195,1.844918
0.4,0.650407,0.642093,0.896078,1.769246
0.35,0.682927,0.657551,0.895345,1.673526
0.4,0.707316,0.706302,0.895345,1.589516
0.45,0.682927,0.690844,0.895345,1.552594
0.5,0.691058,0.691439,0.897113,1.461694
0.5,0.715447,0.691439,0.902713,1.38666
0.516667,0.723577,0.718391,0.910087,1.310606
0.533333,0.731707,0.745343,0.939088,1.21089
0.55,0.739836,0.772295,0.969825,1.104025
0.5,0.764226,0.755648,0.99539,1.007274
0.5,0.780487,0.755648,1.00947,0.961068
0.55,0.764226,0.756243,1.038009,0.883646
0.65,0.772356,0.773484,1.057193,0.837612
0.7,0.747967,0.758026,1.082017,0.774269
0.65,0.723578,0.709275,1.1326,0.71507
0.65,0.731706,0.725327,1.194378,0.668187
0.65,0.731706,0.725327,1.256062,0.632242
0.65,0.715447,0.693222,1.31712,0.601342
0.7,0.731706,0.725922,1.410206,0.571105
0.6,0.682927,0.692628,1.495459,0.546124
0.65,0.699186,0.693222,1.585817,0.528672
0.55,0.699186,0.692033,1.669921,0.528
0.6,0.682927,0.676576,1.74012,0.528
0.6,0.666666,0.676576,1.822847,0.528
0.6,0.650407,0.644471,1.906325,0.536075
0.55,0.650407,0.643876,1.989681,0.561169
0.65,0.650407,0.645065,2.059522,0.602717
0.575,0.601625,0.596017,2.12425,0.655125
0.5,0.552844,0.546968,2.1831,0.713679
0.55,0.569105,0.547562,2.21616,0.778276
0.5,0.512193,0.514863,2.242668,0.833542
0.45,0.516258,0.514269,2.275407,0.899834
0.4,0.520324,0.513674,2.291428,0.970147
0.35,0.504065,0.497027,2.291678,1.057787
0.35,0.455284,0.464923,2.291678,1.113543
0.35,0.463415,0.44887,2.290089,1.146733
0.4,0.430895,0.41736,2.279986,1.151633
0.25,0.418698,0.407551,2.269639,1.148517
0.1,0.406502,0.397741,2.254125,1.145767
0.2,0.402438,0.39893,2.235653,1.14401
0.3,0.398375,0.400119,2.206919,1.120898
0.35,0.422764,0.400713,2.17116,1.09368
0.35,0.341462,0.352556,2.12149,1.059447
0.275,0.329267,0.335612,2.05634,1.027296
0.2,0.317073,0.318668,1.98522,0.999771
0.3,0.284553,0.287753,1.908562,0.976657
0.35,0.284553,0.272295,1.836583,0.959375
0.366667,0.249322,0.245739,1.758404,0.942442
0.383333,0.214092,0.219184,1.686113,0.924179
0.4,0.178862,0.192628,1.616203,0.905731
0.4,0.154469,0.160523,1.543029,0.882955
0.45,0.178862,0.17717,1.472693,0.861633
0.4,0.195122,0.200654,1.409653,0.841681
0.35,0.211382,0.224138,1.339813,0.8335
0.475,0.227642,0.241677,1.287044,0.8335
0.6,0.243902,0.259215,1.234054,0.8335
0.6,0.22764,0.275268,1.165913,0.834367
0.6,0.219513,0.195006,1.09148,0.851641
0.65,0.22764,0.227705,1.029008,0.879825
0.7,0.211382,0.2283,0.976,0.91375
0.7,0.235771,0.212247,0.930071,0.956431
0.75,0.260164,0.260999,0.905127,0.998266
0.75,0.268291,0.277051,0.887499,1.039052
0.75,0.284553,0.277051,0.885649,1.081496
0.75,0.317073,0.34126,0.885649,1.123661
0.75,0.390244,0.389417,0.885649,1.158284
0.75,0.390244,0.357313,0.888112,1.1902
0.8,0.471545,0.470273,0.905425,1.219146
0.75,0.479673,0.485731,0.929093,1.2294
0.85,0.471545,0.470868,0.950129,1.23125
0.8,0.439025,0.438169,0.973975,1.23225
0.8,0.479673,0.502378,0.98925,1.2325
0.8,0.520324,0.51843,1.027388,1.231075
0.75,0.512193,0.501784,1.103562,1.228075
0.7,0.528455,0.517241,1.164424,1.216835
0.75,0.512193,0.517836,1.221506,1.205198
0.75,0.609756,0.598098,1.273278,1.197855
0.7,0.626015,0.597503,1.354808,1.19523
0.7,0.634146,0.629608,1.439946,1.195
0.7,0.691058,0.677765,1.520767,1.195
0.65,0.723578,0.725327,1.613461,1.195242
0.7,0.707316,0.709869,1.70006,1.198242
0.7,0.699186,0.709869,1.763334,1.208358
0.65,0.756096,0.749405,1.829556,1.231883
0.6,0.813007,0.788942,1.891964,1.249363
0.6,0.813007,0.804994,1.951512,1.272915
0.6,0.829269,0.821046,2.003845,1.297714
0.6,0.829269,0.821046,2.051734,1.322945
0.6,0.813007,0.804994,2.093169,1.358405
0.6,0.796749,0.804994,2.131042,1.403001
0.55,0.764226,0.756243,2.158675,1.45399
0.5,0.764226,0.755648,2.187673,1.49386
0.55,0.764226,0.74019,2.193,1.55794
0.6,0.731706,0.740785,2.193,1.621867
0.6,0.747967,0.724732,2.193,1.691282
0.55,0.743902,0.724138,2.1915,1.768018
0.5,0.739836,0.723543,2.177625,1.844075
0.45,0.747967,0.739001,2.152838,1.913281
0.5,0.699186,0.707491,2.120673,1.971298
0.45,0.674796,0.690844,2.085754,2.013983
0.45,0.658535,0.65874,2.043061,2.048385
0.35,0.642276,0.625446,2.008332,2.063655
0.3,0.601625,0.592747,1.961438,2.077792
0.3,0.634146,0.608799,1.897906,2.091156
0.3,0.609756,0.592747,1.827594,2.101969
0.35,0.609756,0.609394,1.763676,2.112146
0.3,0.617887,0.608799,1.697293,2.120316
0.3,0.593495,0.576694,1.621668,2.135202
0.25,0.552844,0.543995,1.551572,2.150184
0.25,0.520324,0.527943,1.477356,2.157
0.2,0.504065,0.495244,1.412222,2.157
0.2,0.495935,0.479191,1.350794,2.157
0.2,0.455284,0.447087,1.30177,2.156125
0.15,0.430895,0.414388,1.241875,2.135875
0.25,0.406502,0.399524,1.144233,2.116147
0.25,0.365854,0.36742,1.082296,2.094026
0.2,0.325204,0.318668,1.02761,2.067152
0.2,0.308942,0.302616,0.975487,2.044229
0.25,0.308942,0.30321,0.933172,2.017359
0.3,0.260164,0.2717,0.896875,1.97575
0.3,0.252033,0.239596,0.872561,1.926133
0.4,0.243902,0.240785,0.856875,1.863125
0.35,0.1626,0.175981,0.844534,1.795526
0.325,0.142275,0.151605,0.84,1.763
0.3,0.121949,0.127229,0.835,1.718516
0.25,0.121949,0.126635,0.8265,1.6355
0.35,0.093495,0.103746,0.820257,1.571514
0.45,0.06504,0.080856,0.810524,1.489422
0.5,0.113822,0.097503,0.797215,1.403166
0.6,0.154469,0.146849,0.783273,1.313934
0.55,0.113822,0.098098,0.775917,1.26225
0.6,0.121949,0.130797,0.762322,1.163384
0.625,0.182926,0.219382,0.750905,1.066392
0.65,0.243902,0.307967,0.750563,0.987421
0.75,0.195122,0.228894,0.750563,0.922921
0.85,0.146342,0.149822,0.750563,0.831
0.85,0.1626,0.165874,0.763746,0.759676
0.85,0.22764,0.214031,0.790027,0.704674
0.85,0.219513,0.230083,0.82819,0.657297
0.8,0.276422,0.277646,0.875112,0.620538
0.8,0.268291,0.277646,0.929478,0.59974
0.85,0.300811,0.310345,0.995515,0.596
0.85,0.308942,0.310345,1.073158,0.596
0.9,0.341462,0.343044,1.162102,0.596
0.9,0.382113,0.391201,1.241679,0.597393
0.85,0.349593,0.342449,1.321517,0.604546
0.8,0.317073,0.325803,1.403516,0.611665
0.85,0.325204,0.326397,1.486637,0.619037
0.75,0.300811,0.309156,1.563944,0.629544
0.75,0.382113,0.373365,1.637631,0.645701
0.7,0.373982,0.372771,1.705633,0.662329
0.7,0.455284,0.43698,1.772874,0.682276
0.65,0.422764,0.404281,1.848999,0.708705
0.65,0.439025,0.436385,1.917117,0.736823
0.6,0.414633,0.419738,1.953904,0.77504
0.55,0.422764,0.419144,2.02889,0.827628
0.45,0.422764,0.417955,2.082109,0.857246
0.45,0.504065,0.498216,2.116941,0.900924
0.45,0.528455,0.514269,2.146042,0.963964
0.45,0.552844,0.562426,2.16435,1.034555
0.5,0.569105,0.56302,2.176387,1.097651
0.45,0.593495,0.562426,2.19074,1.183693
0.35,0.682927,0.72176,2.193667,1.260125
0.45,0.666666,0.65874,2.199416,1.347922
0.45,0.666666,0.674792,2.202475,1.419982
0.45,0.707316,0.706897,2.202475,1.494986
0.4,0.739836,0.722354,2.202475,1.572709
0.5,0.747967,0.723543,2.200498,1.658412
0.45,0.731706,0.739001,2.198262,1.731069
0.5,0.764226,0.755648,2.184475,1.811256
0.55,0.788616,0.788347,2.171729,1.897031
0.6,0.813007,0.821046,2.159743,1.968023
0.6,0.829269,0.804994,2.146103,2.045799
0.55,0.796749,0.8044,2.125997,2.11489
0.55,0.829269,0.820452,2.103753,2.168657
0.45,0.788618,0.771106,2.07271,2.227735
0.55,0.747967,0.74019,2.033778,2.280317
0.6,0.731706,0.724732,1.986967,2.31852
0.65,0.772356,0.757432,1.925981,2.359158
0.65,0.723578,0.709275,1.863595,2.391117
0.65,0.682927,0.693222,1.7843,2.425746
0.666667,0.661247,0.666667,1.703339,2.460016
0.683333,0.639567,0.640111,1.644317,2.480366
0.7,0.617887,0.613555,1.571447,2.499552
0.716667,0.585366,0.587,1.503983,2.510321
0.733333,0.552845,0.560444,1.440578,2.510388
0.75,0.520324,0.533888,1.379212,2.510388
0.8,0.528455,0.502378,1.319242,2.510388
0.8,0.520324,0.51843,1.257367,2.502317
0.85,0.520324,0.519025,1.198289,2.477578
0.85,0.520324,0.519025,1.156738,2.444918
0.9,0.512193,0.51962,1.123268,2.41264
0.85,0.455284,0.470868,1.094147,2.379547
0.85,0.487804,0.519025,1.084,2.344375
0.85,0.422764,0.438763,1.084,2.300804
0.85,0.447153,0.438763,1.084,2.230512
0.85,0.430895,0.422711,1.097378,2.177009
0.85,0.333331,0.326397,1.130187,2.101643
0.85,0.317073,0.342449,1.153565,2.045294
0.95,0.333331,0.311534,1.177442,1.989611
0.9,0.308942,0.310939,1.210714,1.904718
0.8,0.252033,0.245541,1.231,1.852
0.75,0.243902,0.228894,1.231,1.852
0.7,0.211382,0.212247,1.231,1.852
0.65,0.170731,0.179548,1.232227,1.8488
0.6,0.186993,0.162901,1.265437,1.755312
0.5,0.105691,0.14566,1.290898,1.661578
0.45,0.113822,0.129013,1.318916,1.533659
0.45,0.09756,0.080856,1.34255,1.403081
0.5,0.113822,0.113555,1.36055,1.268206
0.4,0.06504,0.080262,1.365,1.148857
0.325,0.11382,0.119501,1.365,1.090571
0.25,0.1626,0.15874,1.365,0.993455
0.2,0.154469,0.158145,1.364047,0.87879
0.25,0.13008,0.126635,1.339327,0.789925
0.2,0.13008,0.158145,1.300589,0.745582
0.2875,0.128048,0.151159,1.256366,0.720247
0.375,0.126015,0.144174,1.222082,0.718243
0.4625,0.123982,0.137188,1.177667,0.718243
0.55,0.121949,0.130202,1.142215,0.718243
0.55,0.1626,0.162307,1.106464,0.723376
0.6,0.13008,0.146849,1.054341,0.747338
0.65,0.1626,0.147444,1.012412,0.777012
0.65,0.211382,0.211653,0.974958,0.811823
0.65,0.284553,0.291914,0.938645,0.855752
0.65,0.317073,0.307967,0.928916,0.897451
0.7,0.308942,0.308561,0.916553,0.944102
0.65,0.349593,0.340071,0.890483,1.008907
0.7,0.406502,0.404875,0.871731,1.082818
0.7,0.430895,0.420927,0.870641,1.162382
0.7,0.495935,0.485137,0.870641,1.185383
0.7,0.520324,0.501189,0.868041,1.253541
0.65,0.544716,0.516647,0.866508,1.35297
0.65,0.528455,0.516647,0.866508,1.446342
0.7,0.593495,0.597503,0.866508,1.540625
0.65,0.609756,0.596908,0.851761,1.623979
0.7,0.682927,0.677765,0.843,1.743775
0.7,0.666666,0.661712,0.843,1.83475
0.7,0.691058,0.693817,0.843,1.912649
0.65,0.715447,0.709275,0.84375,1.989774
0.6,0.715447,0.724732,0.855045,2.04352
0.6,0.764226,0.756837,0.872329,2.079778
0.616667,0.785907,0.773088,0.897948,2.109032
0.633333,0.807588,0.789338,0.932006,2.134428
0.65,0.829269,0.805589,0.975772,2.156374
0.6,0.813007,0.788942,1.030139,2.175762
0.6,0.796749,0.788942,1.084616,2.189986
0.6,0.764226,0.756837,1.14312,2.201905
0.6,0.731706,0.740785,1.21962,2.21728
0.6,0.747967,0.740785,1.306626,2.231453
0.6,0.780487,0.788942,1.381383,2.244615
0.6,0.764226,0.740785,1.455902,2.254067
0.55,0.731706,0.724138,1.525279,2.257423
0.45,0.731706,0.722949,1.603691,2.257662
0.5,0.747967,0.739596,1.678365,2.257662
0.45,0.715447,0.706897,1.730075,2.257013
0.4,0.666666,0.706302,1.780518,2.246192
0.45,0.650407,0.642687,1.869021,2.221995
0.375,0.638211,0.633769,1.954511,2.192502
0.3,0.626015,0.624851,2.007235,2.167052
0.35,0.666666,0.657551,2.032568,2.15681
0.25,0.666666,0.640309,2.069161,2.133014
0.3,0.634146,0.640904,2.074816,2.11601
0.35,0.634146,0.625446,2.074816,2.104661
0.25,0.626015,0.624257,2.074816,2.1045
0.2,0.569105,0.559453,2.067384,2.1045
0.15,0.585364,0.574911,2.011392,2.1045
0.2,0.569105,0.559453,1.950831,2.109708
0.175,0.556911,0.543103,1.896646,2.116161
0.15,0.544716,0.526754,1.839641,2.116161
0.15,0.536585,0.526754,1.768842,2.116161
0.133333,0.506774,0.494451,1.699837,2.115121
0.116667,0.476964,0.462148,1.638875,2.101375
0.1,0.447153,0.429845,1.573239,2.080709
0.1,0.406502,0.397741,1.497645,2.046587
0.05,0.398375,0.381094,1.415786,2.004693
0.0,0.373982,0.364447,1.32875,1.95025
0.1,0.349593,0.349584,1.252125,1.906855
0.15,0.373984,0.366231,1.186838,1.859362
0.2,0.398375,0.382878,1.129916,1.80916
0.15,0.382113,0.382283,1.081376,1.75438
0.2,0.390244,0.382878,1.061649,1.680292
0.15,0.463415,0.462545,1.043093,1.61453
0.2,0.455284,0.447087,1.022014,1.577526
0.25,0.471545,0.463734,0.979954,1.497624
0.25,0.512193,0.511891,0.942625,1.412236
0.25,0.536585,0.511891,0.9075,1.320625
0.2,0.609756,0.60761,0.878004,1.23279
0.25,0.626015,0.624257,0.852754,1.149928
0.25,0.658535,0.640309,0.835682,1.075738
0.3,0.747967,0.737218,0.797925,1.03745
0.25,0.739836,0.752675,0.758,0.966537
0.35,0.739836,0.713734,0.758,0.893764
0.45,0.739836,0.674792,0.758,0.836202
0.4,0.707316,0.69025,0.759472,0.789871
0.5,0.764226,0.7717,0.773137,0.759636
0.5,0.764226,0.7717,0.799192,0.734943
0.5,0.788618,0.7717,0.834189,0.71844
0.5,0.739836,0.739596,0.881821,0.707464
0.6,0.764226,0.740785,0.941274,0.699552
0.55,0.747967,0.756243,1.01352,0.691274
0.6,0.739836,0.724732,1.098007,0.681168
0.7,0.707316,0.709869,1.170002,0.674643
0.65,0.731706,0.725327,1.256286,0.663435
0.7,0.691058,0.709869,1.334056,0.653113
0.6875,0.68496,0.697681,1.411002,0.643643
0.675,0.678862,0.685493,1.492529,0.638001
0.6625,0.672764,0.673306,1.578274,0.635234
0.65,0.666666,0.661118,1.64987,0.635
0.55,0.650407,0.627824,1.73075,0.635
0.6,0.609756,0.596314,1.806672,0.635
0.6,0.593495,0.580262,1.855602,0.636699
0.5,0.585364,0.56302,1.916012,0.640925
0.5,0.552844,0.546968,1.968565,0.655264
0.5,0.552844,0.530916,2.039251,0.674068
0.45,0.536585,0.530321,2.096625,0.712375
0.4,0.520324,0.529727,2.166017,0.764379
0.35,0.463415,0.464923,2.219464,0.82294
0.35,0.463415,0.44887,2.26507,0.882385
0.25,0.414633,0.415577,2.297,0.918631
0.3,0.414633,0.416171,2.325257,0.976175
0.2,0.382113,0.382878,2.348696,1.042204
0.25,0.382113,0.36742,2.366697,1.109761
0.15,0.390244,0.382283,2.376047,1.181023
0.25,0.325204,0.319263,2.376563,1.25065
0.25,0.292684,0.271106,2.376563,1.310036
0.225,0.268293,0.254756,2.376563,1.352276
0.2,0.243902,0.238407,2.368941,1.362
0.25,0.22764,0.222949,2.346332,1.362
0.3,0.146342,0.159334,2.317547,1.362
0.2,0.121949,0.12604,2.287125,1.354125
0.325,0.121949,0.127527,2.24742,1.313241
0.45,0.121949,0.129013,2.195582,1.248295
0.5,0.13008,0.129608,2.131292,1.180649
0.45,0.1626,0.145065,2.071786,1.114789
0.45,0.178862,0.112961,2.008187,1.04172
0.4,0.1626,0.176576,1.946584,0.96954
0.533333,0.16531,0.17281,1.883584,0.90104
0.666667,0.168021,0.169045,1.810694,0.842363
0.8,0.170731,0.165279,1.746446,0.797473
0.75,0.260164,0.260999,1.681988,0.758505
0.8,0.186993,0.181332,1.61829,0.7251
0.75,0.284553,0.293103,1.548832,0.705969
0.75,0.325204,0.309156,1.479401,0.704516
0.8,0.333331,0.357907,1.396744,0.704516
0.8,0.349593,0.357907,1.325988,0.704516
0.8,0.373982,0.37396,1.248302,0.713869
0.85,0.447153,0.438763,1.177413,0.745318
0.75,0.406502,0.40547,1.098458,0.792025
0.8,0.430895,0.422117,1.042616,0.847244
0.75,0.406502,0.40547,0.999097,0.913472
0.75,0.463415,0.469679,0.954852,0.989756
0.7,0.487804,0.469084,0.929001,1.061285
0.7,0.504065,0.501189,0.9235,1.117443
0.7,0.536585,0.533294,0.9235,1.163855
0.7,0.577236,0.581451,0.9235,1.18845
0.7,0.601625,0.565398,0.92942,1.20065
0.6,0.674796,0.660523,0.966867,1.20065
0.65,0.666666,0.645065,1.045311,1.20065
0.55,0.691058,0.659929,1.119575,1.19915
0.6,0.699186,0.70868,1.169053,1.190482
0.6,0.715447,0.70868,1.24025,1.18
0.6,0.715447,0.70868,1.326419,1.166947
0.6,0.699186,0.692628,1.405567,1.165
0.55,0.739836,0.724138,1.510257,1.165
0.55,0.739836,0.724138,1.615191,1.165
0.5,0.747967,0.739596,1.710302,1.165153
0.5,0.715447,0.723543,1.765092,1.178054
0.5,0.715447,0.707491,1.83242,1.200715
0.5,0.731706,0.723543,1.923589,1.219238
0.45,0.731706,0.722949,1.998722,1.267564
0.45,0.747967,0.722949,2.075883,1.33885
0.4,0.764226,0.738407,2.138323,1.395923
0.45,0.813007,0.80321,2.191612,1.468803
0.5,0.764226,0.739596,2.227305,1.540991
0.4,0.796749,0.802616,2.2545,1.62025
0.35,0.837396,0.818074,2.26475,1.668342
0.4,0.833333,0.826694,2.268,1.754036
0.45,0.829269,0.835315,2.268,1.855968
0.45,0.886178,0.86742,2.268,1.92444
0.4,0.853658,0.834721,2.256564,2.014785
0.45,0.837396,0.819263,2.213272,2.083597
0.55,0.821138,0.820452,2.150502,2.147906
0.5,0.837396,0.83591,2.08307,2.193427
0.55,0.772356,0.772295,2.018574,2.230125
0.55,0.780487,0.756243,1.907884,2.264975
0.65,0.747967,0.741379,1.819969,2.291743
0.55,0.747967,0.74019,1.722362,2.311454
0.6,0.731707,0.724732,1.654,2.314
0.65,0.715447,0.709275,1.56592,2.314
0.65,0.739836,0.725327,1.487497,2.314
0.65,0.666666,0.67717,1.46433,2.3129
0.75,0.674796,0.646254,1.420633,2.303208
0.65,0.650407,0.629013,1.347826,2.28023
0.7,0.626015,0.597503,1.274757,2.250218
0.8,0.601625,0.598692,1.216196,2.21143
0.7,0.601625,0.597503,1.161126,2.148622
0.75,0.589431,0.590071,1.105257,2.115357
0.8,0.577236,0.58264,1.068591,2.07512
0.8,0.577236,0.566587,1.018216,2.020558
0.8,0.544716,0.550535,0.958952,1.962004
0.85,0.512193,0.519025,0.953934,1.89284
0.85,0.455284,0.454816,0.953934,1.815821
0.9,0.463415,0.471463,0.953934,1.733835
0.85,0.406502,0.406659,0.955786,1.690116
0.85,0.430895,0.422711,0.958829,1.65375
0.85,0.382113,0.390606,0.960878,1.648136
0.9,0.333331,0.343044,0.961375,1.620804
0.9,0.325204,0.326992,0.962138,1.587887
0.9,0.284553,0.294887,0.966328,1.478889
0.85,0.268291,0.262188,0.995651,1.378186
0.75,0.219513,0.212842,1.009906,1.286904
0.85,0.170731,0.165874,1.031106,1.193134
0.75,0.178862,0.180737,1.062232,1.094536
0.65,0.186993,0.179548,1.090785,0.983734
0.65,0.13008,0.131391,1.125041,0.746613
0.6,0.121949,0.162901,1.164929,0.689392
0.55,0.073171,0.082045,1.212151,0.652583
0.5,0.073171,0.081451,1.232921,0.630951
0.45,0.073171,0.080856,1.259592,0.621575
0.4,0.073171,0.080262,1.298254,0.620594
0.4,0.086721,0.090963,1.331583,0.618759
0.4,0.100271,0.101665,1.356783,0.615502
0.4,0.113822,0.112366,1.364,0.612842
0.45,0.113822,0.112961,1.364,0.6115
0.5,0.113822,0.113555,1.364,0.601067
0.6,0.146342,0.146849,1.362125,0.580258
0.65,0.146342,0.147444,1.338708,0.564
0.7,0.178862,0.180143,1.299324,0.56
0.7,0.203251,0.196195,1.254802,0.56
0.6,0.292684,0.275268,1.199975,0.56
0.65,0.300813,0.283888,1.15275,0.56
0.7,0.308942,0.292509,1.149,0.56
0.8,0.284553,0.293698,1.143058,0.580132
0.75,0.373982,0.373365,1.090996,0.631608
0.8,0.382113,0.406064,1.041512,0.69775
0.8,0.406502,0.422117,1.007375,0.805375
0.75,0.447153,0.437574,0.943423,0.927237
0.8,0.447153,0.438169,0.898999,1.021327
0.75,0.504065,0.453627,0.868781,1.09725
0.8,0.544716,0.550535,0.836972,1.203865
0.8,0.552844,0.566587,0.810977,1.278104
0.75,0.577236,0.565993,0.788625,1.35975
0.75,0.577236,0.582045,0.765278,1.4461
0.75,0.609756,0.61415,0.736993,1.521115
0.8,0.666666,0.646849,0.733615,1.584343
0.7,0.642276,0.629608,0.733615,1.67734
0.65,0.699186,0.67717,0.733615,1.758114
0.7,0.747967,0.741974,0.736063,1.831567
0.7,0.731706,0.725922,0.751262,1.897492
0.65,0.780487,0.789536,0.771298,1.955494
0.65,0.747967,0.773484,0.798108,2.011453
0.6,0.747967,0.756837,0.833021,2.068807
0.55,0.723578,0.724138,0.875689,2.120689
0.6,0.731706,0.70868,0.931841,2.163381
0.6,0.699186,0.70868,1.013629,2.206151
0.55,0.747967,0.724138,1.064899,2.236457
0.5,0.747967,0.723543,1.131205,2.270379
0.45,0.731706,0.722949,1.193601,2.297105
0.4,0.707316,0.69025,1.22994,2.310969
0.45,0.699186,0.706897,1.307388,2.332747
0.4,0.650407,0.658145,1.375657,2.340714
0.4,0.642276,0.642093,1.462205,2.344368
0.3,0.666666,0.624851,1.5375,2.346993
0.2,0.674796,0.671819,1.615521,2.347016
0.25,0.650407,0.640309,1.677912,2.346993
0.2,0.666666,0.639715,1.713245,2.343904
0.3,0.634146,0.624851,1.774883,2.336132
0.2,0.609756,0.575505,1.839864,2.327404
0.2,0.585364,0.575505,1.874441,2.322
0.15,0.585364,0.574911,1.889875,2.313696
0.133333,0.544714,0.531906,1.8905,2.304234
0.116667,0.504064,0.488902,1.8905,2.29845
0.1,0.463415,0.445898,1.890375,2.293281
0.15,0.471545,0.462545,1.885446,2.278946
0.2,0.439025,0.414982,1.864926,2.265632
0.2,0.357724,0.350773,1.80614,2.253239
0.1,0.365854,0.365636,1.7448,2.231942
0.15,0.357724,0.350178,1.692373,2.21854
0.25,0.341462,0.351367,1.630472,2.208644
0.175,0.280487,0.27824,1.573366,2.202921
0.1,0.219513,0.205113,1.546702,2.195956
0.15,0.219513,0.22176,1.487986,2.186481
0.2,0.22764,0.238407,1.405918,2.169605
0.2,0.235771,0.238407,1.3336,2.150781
0.15,0.252033,0.237812,1.262625,2.1255
0.2,0.243902,0.254459,1.182041,2.086073
0.25,0.219513,0.222949,1.118034,2.041558
0.275,0.239838,0.247325,1.053091,1.98688
0.3,0.260164,0.2717,0.939901,1.923843
0.4,0.292684,0.288942,0.8505,1.862
0.3,0.268291,0.2717,0.80168,1.79353
0.3,0.341462,0.33591,0.763548,1.708603
0.4,0.349593,0.345125,0.738561,1.640587
0.5,0.357724,0.35434,0.72982,1.566067
0.5,0.398375,0.370392,0.72982,1.48815
0.4,0.504065,0.577883,0.72982,1.420375
0.45,0.479675,0.514269,0.730331,1.337305
0.5,0.455284,0.450654,0.733721,1.257181
0.55,0.455284,0.467301,0.740569,1.224097
0.65,0.455284,0.452438,0.755112,1.160108
0.6,0.471545,0.467895,0.771089,1.103634
0.65,0.528455,0.548751,0.819471,1.039447
0.65,0.552844,0.548751,0.864734,0.981846
0.7,0.552844,0.549346,0.915418,0.907705
0.75,0.569105,0.565993,0.96323,0.835
0.75,0.569105,0.565993,1.014192,0.777472
0.7,0.666666,0.661712,1.09,0.73475
0.7,0.601625,0.597503,1.188125,0.696625
0.7,0.642276,0.64566,1.284248,0.666611
0.65,0.650407,0.645065,1.373375,0.636875
0.65,0.666666,0.661118,1.45133,0.610667
0.65,0.666666,0.661118,1.549197,0.596352
0.6,0.682927,0.676576,1.655672,0.596
0.55,0.747967,0.74019,1.740667,0.596
0.55,0.739836,0.756243,1.797327,0.596
0.6,0.715447,0.70868,1.880927,0.611018
0.55,0.731707,0.724138,1.966081,0.647364
0.5,0.747967,0.739596,2.0416,0.695977
0.55,0.715447,0.724138,2.101872,0.748031
0.55,0.747967,0.74019,2.153375,0.809427
0.5,0.772356,0.755648,2.191714,0.864974
0.6,0.829269,0.821046,2.22025,0.913984
0.55,0.829269,0.836504,2.249898,1.000033
0.55,0.829269,0.820452,2.269593,1.079214
0.5,0.813007,0.819857,2.285826,1.170916
0.55,0.829269,0.820452,2.299956,1.261035
0.55,0.796749,0.788347,2.31281,1.346808
0.55,0.780487,0.788347,2.319505,1.433457
0.6,0.788618,0.772889,2.320594,1.536539
0.65,0.715447,0.725327,2.320594,1.620399
0.7,0.682927,0.693817,2.320594,1.698613
0.65,0.642276,0.645065,2.316123,1.759352
0.6,0.626015,0.612366,2.301021,1.805083
0.65,0.61382,0.604935,2.278469,1.839187
0.7,0.601625,0.597503,2.246722,1.851625
0.65,0.585364,0.580856,2.214756,1.852
0.725,0.556909,0.557669,2.204592,1.852
0.8,0.528455,0.534483,2.164346,1.852
0.75,0.528455,0.485731,2.137373,1.849093
0.8,0.528455,0.502378,2.069886,1.831664
0.75,0.495935,0.485731,2.004573,1.812671
0.85,0.471545,0.470868,1.974,1.801
0.9,0.447153,0.45541,1.931125,1.781875
0.8,0.447153,0.438169,1.850493,1.749056
0.85,0.365854,0.358502,1.775835,1.723195
0.85,0.325204,0.342449,1.683481,1.69846
0.8,0.341462,0.341855,1.5815,1.679375
0.9,0.308942,0.326992,1.482,1.660875
0.85,0.292684,0.294293,1.39949,1.641315
0.85,0.219513,0.230083,1.322138,1.625364
0.85,0.219513,0.214031,1.2347,1.616546
0.8,0.1626,0.181332,1.161227,1.613522
0.75,0.146342,0.148633,1.09135,1.609167
0.7,0.121949,0.131986,1.045805,1.601416
0.65,0.113822,0.115339,0.997678,1.585352
0.75,0.13008,0.116528,0.9305,1.561166
0.55,0.093495,0.106124,0.882247,1.526527
0.35,0.056909,0.095719,0.846597,1.492502
0.4,0.024389,0.032105,0.844,1.463404
0.35,0.073171,0.063615,0.844,1.436278
0.35,0.056909,0.079667,0.844,1.384305
0.25,0.138211,0.126635,0.84415,1.37049
0.25,0.13008,0.142687,0.851257,1.294988
0.2,0.178862,0.158145,0.872738,1.2333
0.25,0.252033,0.255054,0.903447,1.162544
0.15,0.300811,0.285969,0.943387,1.070211
0.2,0.276422,0.270511,0.983968,0.985545
0.15,0.300811,0.302021,1.024851,0.906734
0.15,0.390244,0.382283,1.066037,0.830308
0.15,0.422764,0.398335,1.08625,0.765125
0.15,0.430895,0.414388,1.087875,0.71323
0.05,0.439025,0.49346,1.088,0.685813
0.15,0.512193,0.494649,1.088,0.68208
0.15,0.528455,0.526754,1.087487,0.68208
0.1,0.560975,0.558264,1.085399,0.68208
0.15,0.544716,0.542806,1.06864,0.685013
0.15,0.569105,0.574911,1.042765,0.709133
0.15,0.585364,0.574911,1.02,0.750625
0.2,0.560975,0.559453,1.000086,0.81234
0.2,0.642276,0.623662,0.986363,0.883972
0.25,0.666666,0.656361,0.973718,0.983602
0.3,0.674796,0.673008,0.967981,1.069058
0.3,0.666666,0.673008,0.952883,1.157279
0.35,0.731706,0.737812,0.942291,1.259443
0.4,0.691058,0.722354,0.933774,1.362038
0.35,0.682927,0.673603,0.924024,1.465288
0.4,0.739836,0.722354,0.916161,1.562656
0.45,0.682927,0.674792,0.908883,1.65475
0.5,0.715447,0.723543,0.906,1.736659
0.5,0.764226,0.739596,0.906,1.814736
0.516667,0.772356,0.755846,0.906,1.900764
0.533333,0.780487,0.772097,0.907796,1.972257
0.55,0.788618,0.788347,0.922517,2.037021
0.45,0.772356,0.771106,0.952026,2.081455
0.5,0.715447,0.723543,0.988732,2.114083
0.525,0.723576,0.723841,1.03472,2.162165
0.55,0.731706,0.724138,1.087529,2.208236
0.583333,0.710025,0.703131,1.155947,2.250016
0.616667,0.688346,0.682124,1.228639,2.284525
0.65,0.666666,0.661118,1.274964,2.311977
0.7,0.650407,0.64566,1.345,2.334025
0.6,0.634146,0.628419,1.420697,2.345973
0.675,0.609755,0.605232,1.513871,2.348936
0.75,0.585364,0.582045,1.600135,2.349992
0.75,0.569105,0.582045,1.659225,2.349992
0.8,0.528455,0.534483,1.739582,2.349659
0.8,0.544716,0.534483,1.827156,2.347861
0.9,0.544716,0.535672,1.88767,2.338008
0.9,0.560975,0.535672,1.945787,2.316019
0.85,0.536585,0.535077,2.001,2.285595
0.9,0.577236,0.503567,2.056653,2.241683
0.85,0.495935,0.519025,2.098923,2.193893
0.85,0.495935,0.48692,2.11775,2.167315
0.85,0.455284,0.454816,2.171248,2.08047
0.9,0.430895,0.439358,2.228157,1.983206
0.85,0.447153,0.438763,2.296225,1.898658
0.85,0.373982,0.374554,2.358893,1.796714
0.9,0.382113,0.375149,2.387146,1.681054
0.9,0.382113,0.375149,2.420975,1.574888
0.8,0.268291,0.261593,2.434117,1.472065
0.85,0.243902,0.262188,2.434464,1.366346
0.8,0.235771,0.245541,2.434464,1.272458
0.75,0.178862,0.180737,2.434464,1.177595
0.8,0.170731,0.149227,2.409918,1.080893
0.75,0.154469,0.148633,2.360084,1.007678
0.75,0.138211,0.148633,2.323091,0.932303
0.7,0.22764,0.2283,2.282135,0.873122
0.7,0.22764,0.212247,2.232225,0.828025
0.7,0.252033,0.244352,2.193896,0.77549
0.7,0.276422,0.292509,2.142117,0.728965
0.7,0.292684,0.292509,2.079926,0.690469
0.625,0.325204,0.323722,2.017879,0.65746
0.55,0.357724,0.354935,1.95527,0.634495
0.55,0.357724,0.354935,1.882609,0.621816
0.55,0.422764,0.435196,1.807468,0.617
0.5,0.520324,0.498811,1.739625,0.617
0.45,0.520324,0.514269,1.661039,0.617
0.45,0.512193,0.562426,1.569994,0.620057
0.5,0.552844,0.530916,1.509438,0.639244
0.4,0.544716,0.545779,1.443731,0.656725
0.45,0.569105,0.562426,1.381487,0.67404
0.4,0.601625,0.577883,1.32642,0.693179
0.4,0.634146,0.62604,1.273157,0.712456
0.4,0.634146,0.62604,1.220664,0.740984
0.35,0.642276,0.625446,1.174697,0.773221
0.25,0.642276,0.656361,1.138732,0.80909
0.3,0.601625,0.592747,1.107673,0.8536
0.2,0.577236,0.575505,1.084624,0.911829
0.25,0.666666,0.656361,1.075306,0.978756
0.15,0.609756,0.607015,1.054711,1.055883
0.2,0.609756,0.60761,1.021006,1.123334
0.2,0.634146,0.623662,0.984025,1.20711
0.15,0.609756,0.607015,0.949528,1.30185
0.15,0.626015,0.607015,0.91767,1.390539
0.2,0.552844,0.543401,0.884492,1.479883
0.25,0.536585,0.527943,0.845863,1.584895
0.2,0.504065,0.495244,0.783476,1.698187
0.1,0.455284,0.445898,0.74632,1.779877
0.1,0.422764,0.413793,0.7425,1.870057
0.1,0.382113,0.365636,0.7425,1.944866
0.2,0.357722,0.342747,0.7425,2.011889
0.3,0.333331,0.319857,0.749352,2.063594
0.25,0.268291,0.271106,0.772094,2.103556
0.3,0.268291,0.2717,0.800864,2.130699
0.2,0.219513,0.222354,0.824539,2.144616
0.25,0.219513,0.206897,0.881082,2.16768
0.2,0.170731,0.158145,0.940289,2.191488
0.3,0.146342,0.143282,1.002587,2.212141
0.425,0.105691,0.112663,1.083192,2.23485
0.55,0.06504,0.082045,1.158659,2.250108
0.583333,0.113821,0.119897,1.236897,2.266005
0.616667,0.162601,0.157749,1.308957,2.28279
0.65,0.211382,0.1956,1.3845,2.288331
0.7,0.186993,0.196195,1.451291,2.288331
0.65,0.178862,0.163496,1.506712,2.288331
0.75,0.19512,0.180737,1.537593,2.28654
0.8,0.211382,0.197384,1.543844,2.270763
0.8,0.219513,0.213436,1.543844,2.226435
0.85,0.211382,0.214031,1.543844,2.168055
0.85,0.268291,0.27824,1.541624,2.124907
0.85,0.325204,0.326397,1.534103,2.111624
0.9,0.325204,0.343044,1.529149,2.071896
0.85,0.365854,0.358502,1.510756,2.021286
0.8,0.479673,0.470273,1.48363,1.939874
0.85,0.414633,0.422711,1.46075,1.84225
0.85,0.455284,0.438763,1.457,1.820076
0.85,0.512193,0.48692,1.456645,1.753151
0.8,0.439025,0.438169,1.456526,1.692962
0.8,0.447153,0.454221,1.456526,1.604604
0.75,0.463415,0.453627,1.456645,1.4625
0.8,0.495935,0.486326,1.463539,1.318879
0.75,0.495935,0.501784,1.477597,1.184077
0.75,0.504065,0.533888,1.499892,1.064006
0.75,0.560975,0.549941,1.539163,0.946065
0.7,0.674796,0.661712,1.586006,0.858378
0.65,0.634146,0.629013,1.651714,0.779069
0.65,0.650407,0.645065,1.711134,0.728332
0.6,0.650407,0.660523,1.776134,0.688119
0.65,0.674796,0.67717,1.851187,0.665246
0.65,0.731706,0.725327,1.925255,0.663996
0.6,0.699186,0.70868,1.997166,0.663996
0.6,0.715447,0.724732,2.071374,0.663996
0.5,0.764226,0.7717,2.130096,0.677609
0.5,0.747967,0.739596,2.177218,0.713633
0.55,0.747967,0.724138,2.210061,0.745665
0.55,0.723578,0.708086,2.241664,0.803274
0.55,0.731706,0.708086,2.262012,0.872722
0.65,0.731706,0.741379,2.270521,0.948947
0.6,0.764226,0.756837,2.272,1.041038
0.55,0.747967,0.724138,2.272,1.133802
0.6,0.715447,0.70868,2.272,1.23475
0.6,0.715447,0.70868,2.269798,1.339895
0.55,0.699186,0.708086,2.259023,1.453411
0.625,0.67886,0.676873,2.250227,1.5535
0.7,0.658535,0.64566,2.244441,1.645877
0.6,0.601625,0.612366,2.230485,1.745576
0.6,0.593495,0.564209,2.216,1.809438
0.65,0.569105,0.564804,2.17601,1.89701
0.7,0.552844,0.549346,2.142134,2.0
0.75,0.487804,0.485731,2.080763,2.122133
0.8,0.536585,0.534483,2.036557,2.186937
0.8,0.520324,0.502378,1.986351,2.239887
0.8,0.487804,0.470273,1.951298,2.270294
0.85,0.439025,0.454816,1.870917,2.293998
0.8,0.471545,0.470273,1.813214,2.3088
0.85,0.414633,0.406659,1.755004,2.315561
0.85,0.406502,0.406659,1.667375,2.3425
0.85,0.422764,0.422711,1.584625,2.357
0.85,0.406502,0.406659,1.49925,2.368625
0.95,0.398375,0.407848,1.416202,2.373
0.85,0.349593,0.358502,1.338831,2.373
0.85,0.325204,0.326397,1.25714,2.373
0.9,0.284553,0.294887,1.172659,2.372427
0.9,0.284553,0.278835,1.093168,2.35962
0.85,0.203251,0.214031,1.018375,2.331
0.85,0.203251,0.197979,0.948704,2.296363
0.85,0.186993,0.181926,0.890039,2.254932
0.75,0.1626,0.164685,0.849613,2.205628
0.8,0.138211,0.149227,0.823131,2.153783
0.75,0.113822,0.116528,0.799696,2.09471
0.7,0.089429,0.099881,0.790247,2.02495
0.575,0.069104,0.074316,0.789579,1.940424
0.45,0.048778,0.048751,0.789,1.853632
0.35,0.081298,0.079667,0.789,1.769375
0.35,0.081298,0.079667,0.789,1.688254
0.25,0.13008,0.126635,0.789263,1.613839
0.25,0.13008,0.142687,0.790068,1.594347
0.25,0.178861,0.180143,0.793939,1.500722
0.25,0.227641,0.217598,0.799817,1.408373
0.25,0.276422,0.255054,0.816574,1.340144
0.2,0.276422,0.270511,0.850914,1.246419
0.15,0.284553,0.269917,0.887795,1.147711
0.25,0.284553,0.287158,0.923928,1.061332
0.2,0.300813,0.29459,0.960952,0.999728
0.15,0.317073,0.302021,1.015025,0.941562
0.275,0.329267,0.327586,1.063822,0.903161
0.4,0.341462,0.353151,1.106653,0.869799
0.383333,0.384823,0.390408,1.14778,0.856426
0.366667,0.428184,0.427665,1.15732,0.856426
0.35,0.471545,0.464923,1.15732,0.856676
0.475,0.471545,0.466409,1.15732,0.871013
0.6,0.471545,0.467895,1.155349,0.901472
0.55,0.455284,0.467301,1.135355,0.92293
0.6,0.504065,0.5,1.11998,0.971204
0.6,0.560975,0.564209,1.102811,1.034376
0.55,0.593495,0.579667,1.084833,1.110668
0.6,0.617887,0.628419,1.069791,1.195954
0.6,0.617887,0.612366,1.0535,1.29475
0.55,0.699186,0.692033,1.037367,1.388446
0.55,0.666666,0.659929,1.019576,1.484178
0.55,0.715447,0.724138,1.003438,1.567029
0.6,0.747967,0.740785,0.984129,1.674113
0.55,0.796749,0.772295,0.96755,1.774506
0.5,0.764226,0.7717,0.951266,1.869662
0.5,0.764226,0.739596,0.9451,1.957055
0.45,0.747967,0.722949,0.9451,2.046565
0.45,0.715447,0.722949,0.9451,2.128134
0.45,0.715447,0.690844,0.946958,2.20438
0.5,0.699186,0.707491,0.978284,2.265529
0.4,0.682927,0.69025,1.071915,2.316126
0.45,0.634146,0.642687,1.114621,2.346288
0.35,0.666666,0.673603,1.16025,2.361125
0.35,0.650407,0.657551,1.204349,2.366016
0.3,0.626015,0.656956,1.27145,2.367875
0.35,0.593495,0.61742,1.323924,2.368
0.4,0.560975,0.577883,1.391852,2.368804
0.4,0.560975,0.561831,1.434,2.371433
0.35,0.560975,0.545184,1.468776,2.373
0.3,0.544716,0.54459,1.532101,2.373
0.25,0.528455,0.511891,1.581235,2.373
0.2,0.512193,0.495244,1.635875,2.373
0.25,0.455284,0.463734,1.708285,2.369002
0.3,0.439025,0.432224,1.772125,2.35275
0.3,0.406502,0.384067,1.848484,2.323976
0.3,0.398375,0.400119,1.916945,2.286761
0.3,0.373982,0.368014,1.982168,2.231845
0.3,0.317073,0.303805,2.046313,2.194625
0.35,0.292684,0.3044,2.062968,2.173665
0.3,0.268291,0.2717,2.093617,2.093089
0.3,0.22764,0.223543,2.135753,1.98747
0.3,0.211382,0.207491,2.156983,1.889738
0.25,0.219513,0.206897,2.157233,1.826961
0.2,0.19512,0.19025,2.157233,1.770134
0.3,0.203251,0.183413,2.157233,1.723358
0.4,0.211382,0.176576,2.133546,1.684625
0.475,0.178862,0.153389,2.074085,1.650681
0.55,0.146342,0.130202,2.037438,1.624
0.6,0.146342,0.146849,1.986825,1.607235
0.65,0.13008,0.147444,1.91641,1.602028
0.65,0.178862,0.179548,1.847138,1.586204
0.75,0.252033,0.244946,1.781848,1.572023
0.75,0.284553,0.277051,1.706453,1.547092
0.75,0.284553,0.277051,1.617175,1.517354
0.75,0.357724,0.357313,1.544795,1.488881
0.8,0.357724,0.357907,1.460074,1.450569
0.85,0.349593,0.358502,1.371892,1.407499
0.85,0.398375,0.390606,1.292792,1.362825
0.85,0.390244,0.390606,1.20501,1.322808
0.85,0.406502,0.406659,1.142625,1.26975
0.8,0.382113,0.390012,1.11326,1.239625
0.7,0.357724,0.372771,1.058978,1.166605
0.75,0.333331,0.34126,1.012946,1.090143
0.75,0.398375,0.40547,0.993643,1.02225
0.7,0.398375,0.388823,0.993643,0.953835
0.7,0.357724,0.356718,0.993643,0.913814
0.65,0.414633,0.404281,0.993645,0.877446
0.6,0.390244,0.355529,1.00924,0.836828
0.6,0.292684,0.29132,1.04396,0.793354
0.55,0.292684,0.290725,1.091233,0.764803
0.5,0.276422,0.274078,1.150625,0.74925
0.4,0.325204,0.304994,1.244496,0.735182
0.45,0.300811,0.289536,1.320465,0.731323
0.4,0.337396,0.329073,1.396722,0.731323
0.35,0.373982,0.368609,1.46688,0.731323
0.35,0.349593,0.352556,1.549317,0.732542
0.25,0.382113,0.36742,1.610101,0.747494
0.2,0.406502,0.382878,1.671285,0.774617
0.25,0.430895,0.431629,1.714183,0.807248
0.2,0.430895,0.414982,1.753459,0.846444
0.2,0.463415,0.447087,1.78767,0.91375
0.15,0.560975,0.542806,1.861125,0.987373
0.2,0.544716,0.527348,1.938846,1.044782
0.2,0.577236,0.591558,1.984059,1.092512
0.2,0.593495,0.655767,2.033378,1.151684
0.2,0.609756,0.575505,2.063625,1.178375
0.25,0.585364,0.560048,2.108243,1.239067
0.35,0.569105,0.561237,2.150828,1.325047
0.333333,0.596206,0.582442,2.173818,1.416164
0.316667,0.623307,0.603646,2.188255,1.510605
0.3,0.650407,0.624851,2.195212,1.605339
0.25,0.658535,0.672414,2.20075,1.681042
0.35,0.691058,0.641498,2.201333,1.747214
0.4,0.691058,0.674197,2.201333,1.844125
0.45,0.699186,0.690844,2.201333,1.918227
0.45,0.747967,0.739001,2.178498,1.980616
0.5,0.772356,0.755648,2.135385,2.032727
0.4,0.715447,0.706302,2.081156,2.078375
0.45,0.731707,0.722949,2.015368,2.122323
0.5,0.747967,0.739596,1.941823,2.160325
0.516667,0.742547,0.734443,1.859216,2.195648
0.533333,0.737126,0.729291,1.749125,2.210613
0.55,0.731706,0.724138,1.668934,2.217352
0.55,0.715447,0.708086,1.596576,2.232514
0.6,0.650407,0.660523,1.5115,2.246951
0.7,0.658535,0.661712,1.432245,2.248652
0.6,0.650407,0.628419,1.345786,2.248652
0.7,0.682927,0.661712,1.248143,2.248652
0.75,0.666666,0.662307,1.181442,2.244366
0.75,0.626015,0.61415,1.117031,2.227273
0.75,0.617887,0.61415,1.060182,2.209243
0.7,0.601625,0.597503,1.046903,2.195641
0.75,0.552844,0.549941,1.046903,2.16853
0.8,0.544716,0.550535,1.046903,2.133972
0.85,0.560975,0.567182,1.05133,2.093923
0.9,0.552844,0.551724,1.087777,2.041108
0.85,0.569105,0.567182,1.141414,1.982476
0.9,0.528455,0.535672,1.203565,1.924088
0.8,0.544716,0.534483,1.274132,1.872127
0.9,0.463415,0.471463,1.347678,1.824962
0.8,0.487804,0.486326,1.437494,1.757496
0.85,0.447153,0.438763,1.492079,1.724385
0.95,0.414633,0.4239,1.556901,1.701
0.9,0.414633,0.407253,1.571625,1.685183
0.8,0.365854,0.357907,1.632125,1.646875
0.85,0.365854,0.374554,1.703243,1.60704
0.9,0.308942,0.326992,1.779788,1.554012
0.85,0.308942,0.310345,1.841387,1.501652
0.8,0.284553,0.293698,1.903222,1.434265
0.85,0.252033,0.262188,1.96278,1.350927
0.8,0.235771,0.229489,2.009042,1.268981
0.75,0.211382,0.212842,2.045324,1.189842
0.75,0.170731,0.164685,2.074331,1.117042
0.75,0.146342,0.148633,2.0815,1.049875
0.7,0.154469,0.16409,2.0815,0.980375
0.7,0.178862,0.196195,2.0815,0.916844
0.7,0.252033,0.244352,2.077171,0.862746
0.75,0.243902,0.244946,2.048402,0.821065
0.75,0.243902,0.244946,2.01675,0.788063
0.7,0.243902,0.260404,1.984917,0.770655
0.8,0.243902,0.245541,1.948278,0.757609
0.725,0.284553,0.28478,1.901483,0.740761
0.65,0.325204,0.324019,1.844125,0.73075
0.65,0.398375,0.388228,1.782458,0.73
0.65,0.422764,0.404281,1.722547,0.73
0.65,0.536585,0.532699,1.642198,0.73
0.6,0.544716,0.532105,1.564612,0.733614
0.6,0.569105,0.564209,1.486346,0.740477
0.5,0.593495,0.579073,1.417489,0.74594
0.55,0.544716,0.547562,1.350613,0.75927
0.55,0.585364,0.547562,1.274168,0.77902
0.5,0.634146,0.595125,1.21109,0.80491
0.5,0.634146,0.659334,1.141543,0.849435
0.45,0.666666,0.65874,1.078623,0.905943
0.4,0.650407,0.658145,1.030875,0.967625
0.45,0.682927,0.690844,1.001688,1.031201
0.5,0.682927,0.691439,0.989652,1.098623
0.45,0.601625,0.610583,0.956212,1.170457
0.45,0.634146,0.610583,0.933525,1.244545
0.4,0.634146,0.609988,0.900278,1.337083
0.3,0.715447,0.640904,0.876543,1.412204
0.35,0.674796,0.625446,0.847727,1.511838
0.35,0.666666,0.641498,0.820413,1.590624
0.3,0.654471,0.632878,0.797169,1.66831
0.25,0.642276,0.624257,0.737402,1.750524
0.2,0.650407,0.639715,0.710116,1.810888
0.2,0.642276,0.639715,0.7072,1.881789
0.2,0.634146,0.623662,0.7072,1.95848
0.15,0.626015,0.623068,0.7072,2.027105
0.05,0.642276,0.653983,0.71345,2.078074
0.15,0.617887,0.607015,0.736625,2.11725
0.05,0.609756,0.589774,0.766,2.149
0.125,0.577236,0.566587,0.801359,2.171405
0.2,0.544716,0.543401,0.849251,2.190707
0.25,0.520325,0.511891,0.975312,2.207453
0.3,0.495935,0.48038,1.059441,2.220246
0.3,0.447153,0.432224,1.107595,2.229888
0.283333,0.422763,0.405272,1.16354,2.238734
0.266667,0.398372,0.378319,1.22924,2.253173
0.25,0.373982,0.351367,1.253,2.258
0.3,0.341462,0.351962,1.297098,2.262883
0.25,0.308942,0.30321,1.376863,2.264676
0.2,0.300811,0.286564,1.433799,2.264676
0.2,0.260164,0.254459,1.461953,2.264676
0.3,0.243902,0.223543,1.482007,2.262107
0.3,0.146342,0.143282,1.500818,2.250016
0.25,0.146342,0.15874,1.507923,2.243704
0.25,0.146342,0.142687,1.507923,2.229768
0.325,0.170731,0.151605,1.507923,2.21651
0.4,0.19512,0.160523,1.503563,2.196136
0.35,0.186993,0.175981,1.480963,2.167822
0.4,0.178862,0.176576,1.449384,2.128995
0.4,0.203251,0.192628,1.412135,2.082871
0.425,0.191056,0.184899,1.376865,2.034135
0.45,0.178862,0.17717,1.339081,1.96914
0.575,0.186991,0.178656,1.306926,1.901093
0.7,0.19512,0.180143,1.279067,1.819164
0.65,0.170731,0.179548,1.268981,1.742225
0.65,0.178862,0.179548,1.267163,1.692678
0.6125,0.186992,0.191141,1.261375,1.623588
0.575,0.195122,0.202735,1.235398,1.607602
0.5375,0.203252,0.214328,1.221643,1.546993
0.5,0.211382,0.225922,1.221,1.408166
0.5,0.211382,0.209869,1.226719,1.364937
0.5,0.284553,0.258026,1.245831,1.258717
0.4,0.325204,0.304994,1.25222,1.136727
0.4,0.308942,0.321046,1.261887,1.085212
0.4,0.398375,0.385256,1.289289,1.005968
0.35,0.414633,0.384661,1.33575,0.912875
0.4,0.390244,0.385256,1.388726,0.832617
0.35,0.422764,0.400713,1.453375,0.752625
0.35,0.471545,0.44887,1.50236,0.712985
0.3,0.520324,0.512485,1.565937,0.685344
0.316667,0.533874,0.523385,1.633913,0.66338
0.333333,0.547424,0.534285,1.713788,0.642859
0.35,0.560975,0.545184,1.787036,0.628301
0.4,0.585364,0.545779,1.858661,0.617696
0.4,0.607045,0.577883,1.933255,0.6145
0.4,0.628726,0.609988,1.997543,0.6145
0.4,0.650407,0.642093,2.054593,0.6145
0.5,0.682927,0.643282,2.106986,0.616625
0.55,0.650407,0.627824,2.150095,0.643176
0.45,0.682927,0.674792,2.177784,0.682738
0.45,0.682927,0.674792,2.193995,0.725481
0.45,0.682927,0.674792,2.206287,0.777608
0.5,0.731706,0.723543,2.213146,0.838388
0.55,0.747967,0.74019,2.219548,0.912519
0.6,0.731706,0.724732,2.226246,1.002905
0.6,0.723578,0.724732,2.232304,1.095197
0.55,0.731706,0.708086,2.235583,1.16873
0.6,0.699186,0.676576,2.239386,1.251682
0.65,0.658535,0.661118,2.240772,1.334899
0.65,0.666666,0.645065,2.240772,1.422266
0.6,0.699186,0.692628,2.240772,1.508959
0.7,0.666666,0.677765,2.240237,1.587931
0.75,0.658535,0.662307,2.232726,1.667363
0.8,0.682927,0.662901,2.215675,1.749975
0.8,0.634146,0.630797,2.174815,1.859785
0.8,0.601625,0.598692,2.143179,1.934625
0.8,0.577236,0.550535,2.114251,1.963032
0.8,0.544716,0.550535,2.090374,2.013479
0.85,0.536585,0.535077,2.047224,2.055926
0.85,0.504065,0.502973,1.968482,2.098233
0.85,0.520324,0.502973,1.918937,2.117658
0.9,0.504065,0.503567,1.883493,2.121393
0.95,0.520324,0.504162,1.84482,2.125329
0.9,0.467478,0.45541,1.810702,2.128625
0.85,0.414633,0.406659,1.779688,2.132508
0.85,0.406502,0.406659,1.741308,2.136131
0.85,0.382113,0.358502,1.709397,2.137
0.9,0.333331,0.343044,1.70612,2.137
0.8,0.276422,0.293698,1.70612,2.137
0.85,0.276422,0.27824,1.70612,2.131541
0.75,0.235771,0.244946,1.713,2.103875
0.8,0.268291,0.261593,1.735319,2.063375
0.75,0.211382,0.212842,1.740984,2.030352
0.733333,0.203252,0.196591,1.744464,1.989768
0.716667,0.195123,0.180341,1.745,1.982
0.7,0.186993,0.16409,1.7565,1.939625
0.6,0.158536,0.154875,1.782389,1.843669
0.5,0.13008,0.14566,1.807566,1.738618
0.55,0.13008,0.130202,1.813,1.632184
0.6,0.146342,0.146849,1.813,1.531071
0.6,0.1626,0.162901,1.813,1.421101
0.6,0.170731,0.178954,1.811255,1.326616
0.6,0.19512,0.195006,1.808115,1.243144
0.7,0.19512,0.196195,1.796703,1.163274
0.7,0.268291,0.276457,1.758754,1.104805
0.7,0.292684,0.292509,1.708065,1.053269
0.65,0.325204,0.324019,1.650808,1.008842
0.7,0.357724,0.356718,1.588803,0.967336
0.7,0.414633,0.404875,1.535788,0.938383
0.7,0.390244,0.404875,1.4593,0.911517
0.75,0.414633,0.437574,1.403773,0.898853
0.75,0.455284,0.469679,1.34192,0.897004
0.75,0.504065,0.501784,1.281553,0.897004
0.7,0.487804,0.501189,1.217824,0.897004
0.7,0.512193,0.517241,1.161421,0.904465
0.7,0.544716,0.549346,1.109622,0.927981
0.65,0.560975,0.564804,1.079012,0.951289
0.7,0.601625,0.613555,1.032043,0.978211
0.7,0.650407,0.64566,0.986056,1.02175
0.7,0.715447,0.725922,0.969173,1.065548
0.7,0.723578,0.709869,0.928444,1.139099
0.7,0.699186,0.709869,0.903986,1.193181
0.65,0.715447,0.725327,0.882189,1.249174
0.65,0.731706,0.725327,0.860883,1.315167
0.6,0.764226,0.756837,0.844766,1.381953
0.6,0.764226,0.772889,0.831114,1.445601
0.65,0.804876,0.773484,0.81962,1.512639
0.6,0.796749,0.788942,0.786655,1.582964
0.6,0.780487,0.772889,0.780687,1.653045
0.55,0.731706,0.724138,0.780687,1.724467
0.6,0.780487,0.740785,0.780687,1.802193
0.55,0.764226,0.756243,0.781062,1.869564
0.55,0.731706,0.724138,0.792681,1.945796
0.45,0.715447,0.706897,0.819659,2.015991
0.45,0.731706,0.722949,0.870202,2.069117
0.5,0.715447,0.691439,0.908326,2.115159
0.45,0.707316,0.682818,0.947565,2.14783
0.4,0.699186,0.674197,0.98963,2.173543
0.35,0.642276,0.641498,1.041434,2.195956
0.3,0.650407,0.640904,1.097708,2.213133
0.3,0.609756,0.608799,1.149291,2.224782
0.25,0.626015,0.608205,1.203341,2.234015
0.25,0.617887,0.608205,1.256375,2.23975
0.2,0.634146,0.623662,1.314301,2.24
0.25,0.609756,0.608205,1.377836,2.24
0.3,0.601625,0.592747,1.43926,2.24
0.25,0.577236,0.5761,1.510825,2.23408
0.2,0.536585,0.543401,1.572226,2.22246
0.2,0.536585,0.527348,1.637717,2.202436
0.3,0.479673,0.48038,1.689932,2.178641
0.2,0.504065,0.479191,1.698313,2.163384
0.3,0.439025,0.432224,1.698313,2.156586
0.15,0.394309,0.390309,1.698313,2.1515
0.0,0.349593,0.348395,1.695658,2.150875
0.116667,0.327913,0.33373,1.674621,2.144271
0.233333,0.306233,0.319065,1.63675,2.13375
0.35,0.284553,0.3044,1.588417,2.119399
0.3,0.288618,0.295779,1.552052,2.105457
0.25,0.292684,0.287158,1.487932,2.082034
0.25,0.178862,0.190844,1.43649,2.055575
0.25,0.121949,0.126635,1.348947,2.000444
0.3,0.154469,0.143282,1.285877,1.961439
0.4,0.1626,0.160523,1.227693,1.920761
0.3,0.154469,0.159334,1.165894,1.877998
0.25,0.203251,0.15874,1.109605,1.848486
0.15,0.235771,0.237812,1.053451,1.802363
0.15,0.243902,0.253864,1.004325,1.751824
0.225,0.223576,0.230678,0.962996,1.697742
0.3,0.203251,0.207491,0.930032,1.648323
0.35,0.170731,0.224138,0.921116,1.634133
0.4,0.13008,0.128419,0.878689,1.561803
0.4,0.13008,0.128419,0.846553,1.477255
0.45,0.154471,0.161118,0.840353,1.397906
0.5,0.178862,0.193817,0.835898,1.310077
0.55,0.211382,0.178359,0.83375,1.236067
0.65,0.22764,0.1956,0.83375,1.179436
0.65,0.211382,0.211653,0.835695,1.092357
0.65,0.211382,0.227705,0.836,1.017949
0.75,0.292684,0.293103,0.842,0.938094
0.75,0.268291,0.277051,0.875951,0.876991
0.8,0.268291,0.277646,0.919027,0.823127
0.8,0.317073,0.325803,0.94352,0.779494
0.8,0.357724,0.37396,0.97132,0.746493
0.8,0.390244,0.37396,1.023609,0.720865
0.85,0.382113,0.374554,1.104388,0.701517
0.85,0.422764,0.422711,1.172211,0.688874
0.9,0.414633,0.407253,1.239855,0.677665
0.8,0.430895,0.406064,1.299766,0.668301
0.85,0.463415,0.454816,1.368203,0.662935
0.816667,0.468834,0.45977,1.448232,0.662
0.783333,0.474253,0.464725,1.520969,0.662
0.75,0.479673,0.469679,1.594569,0.662
0.8,0.463415,0.454221,1.667404,0.66427
0.75,0.463415,0.485731,1.731909,0.673372
0.75,0.528455,0.517836,1.798418,0.693046
0.75,0.552844,0.549941,1.872554,0.716858
0.75,0.601625,0.582045,1.933739,0.739769
0.75,0.666666,0.646254,1.983625,0.76414
0.7,0.593495,0.629608,2.045086,0.79299
0.65,0.650407,0.645065,2.103787,0.832498
0.6,0.682927,0.660523,2.155778,0.900526
0.6,0.715447,0.724732,2.192702,0.96025
0.55,0.780487,0.756243,2.213302,1.033403
0.55,0.788618,0.820452,2.233445,1.123143
0.6,0.780487,0.772889,2.247633,1.163171
0.55,0.853658,0.8044,2.261679,1.257324
0.55,0.780487,0.772295,2.273908,1.347555
0.6,0.723578,0.724732,2.286035,1.437215
0.55,0.731706,0.74019,2.298869,1.526829
0.6,0.739836,0.740785,2.304213,1.628771
0.5,0.796749,0.7717,2.304213,1.713375
0.5,0.772356,0.7717,2.304213,1.793875
0.5,0.780487,0.787753,2.303471,1.863655
0.5,0.780487,0.787753,2.289686,1.929394
0.6,0.804876,0.788942,2.269968,1.975988
0.5,0.747967,0.739596,2.240186,2.014998
0.5,0.731706,0.739596,2.214997,2.030868
0.5,0.723578,0.707491,2.185165,2.031682
0.5,0.739836,0.723543,2.153354,2.031682
0.5,0.731706,0.707491,2.11481,2.033861
0.516667,0.682925,0.670234,2.07517,2.036998
0.533333,0.634144,0.632977,2.035684,2.037
0.55,0.585364,0.595719,2.000061,2.037
0.65,0.520324,0.516647,1.960838,2.043
0.65,0.552844,0.548751,1.912238,2.06947
0.6,0.504065,0.516052,1.861651,2.09744
0.65,0.512193,0.500595,1.808684,2.127762
0.7,0.487804,0.469084,1.75362,2.156999
0.65,0.439025,0.436385,1.695862,2.179387
0.7,0.439025,0.43698,1.633582,2.205969
0.7,0.422764,0.420927,1.573849,2.220733
0.8,0.357724,0.357907,1.500549,2.233523
0.8,0.365854,0.37396,1.415256,2.242449
0.8,0.357724,0.325803,1.345468,2.246231
0.8,0.333331,0.357907,1.267304,2.246975
0.85,0.252033,0.246136,1.184349,2.246975
0.8,0.243902,0.261593,1.114262,2.246975
0.85,0.243902,0.246136,1.056244,2.244041
0.85,0.292684,0.294293,1.003259,2.23481
0.8,0.219513,0.213436,0.953701,2.216161
0.7,0.186993,0.196195,0.905393,2.184316
0.8,0.138211,0.149227,0.842661,2.143458
0.8,0.13008,0.10107,0.819261,2.101549
0.8,0.105691,0.10107,0.806444,2.054195
0.7,0.101625,0.091855,0.802783,2.011547
0.6,0.09756,0.08264,0.80125,1.95425
0.6,0.09756,0.08264,0.798625,1.873375
0.5,0.06504,0.065398,0.796875,1.787625
0.4,0.09756,0.096314,0.796,1.701329
0.3,0.089429,0.095125,0.796,1.623073
0.25,0.113822,0.110583,0.796,1.594595
0.25,0.121949,0.110583,0.796744,1.510418
0.25,0.113822,0.110583,0.813431,1.418528
0.25,0.170731,0.174792,0.82,1.312961
0.3,0.178862,0.175386,0.821571,1.205268
0.25,0.215447,0.214923,0.824639,1.098694
0.2,0.252033,0.254459,0.825,1.009097
0.25,0.284553,0.287158,0.847141,0.939006
0.2,0.317073,0.302616,0.873288,0.861107
0.25,0.300811,0.287158,0.900328,0.795109
0.3,0.308942,0.287753,0.93325,0.7445
0.3,0.211382,0.223543,0.94825,0.70025
0.35,0.22764,0.224138,0.990628,0.6681
0.4,0.276422,0.256837,1.042079,0.6655
0.4,0.243902,0.224732,1.101249,0.6655
0.45,0.268293,0.249405,1.148707,0.6655
0.5,0.292684,0.274078,1.176587,0.671667
0.5,0.276422,0.274078,1.201894,0.687604
0.5,0.292684,0.306183,1.218112,0.718632
0.6,0.300811,0.307372,1.219,0.76225
0.633333,0.333332,0.339873,1.219,0.833823
0.666667,0.365853,0.372374,1.219,0.891286
0.7,0.398375,0.404875,1.21725,0.94075
0.675,0.430895,0.452735,1.210965,1.030838
0.65,0.463415,0.500595,1.20554,1.121371
0.6,0.552844,0.564209,1.201845,1.209368
0.65,0.585364,0.564804,1.198345,1.307618
0.7,0.569105,0.565398,1.198,1.405735
0.7,0.585364,0.581451,1.198,1.504108
0.7,0.617887,0.613555,1.198,1.580024
0.7,0.650407,0.64566,1.199138,1.642968
0.65,0.699186,0.693222,1.205,1.764653
0.65,0.723578,0.693222,1.211292,1.852476
0.65,0.691058,0.693222,1.220962,1.931078
0.65,0.699186,0.693222,1.234683,2.014472
0.65,0.772356,0.789536,1.244363,2.092197
0.6,0.829269,0.804994,1.265353,2.173732
0.65,0.837396,0.789536,1.290839,2.237365
0.65,0.804876,0.805589,1.322461,2.289992
0.65,0.780487,0.773484,1.3543,2.329556
0.6,0.764226,0.756837,1.392206,2.369156
0.55,0.796749,0.788347,1.435632,2.404403
0.6,0.796749,0.788942,1.487484,2.431371
0.6,0.764226,0.772889,1.541341,2.449881
0.55,0.780487,0.772295,1.597004,2.451513
0.6,0.756098,0.756837,1.659643,2.451513
0.533333,0.758807,0.761395,1.723166,2.451513
0.466667,0.761517,0.765953,1.7865,2.446914
0.4,0.764226,0.770511,1.836134,2.432995
0.45,0.723578,0.706897,1.879841,2.415856
0.55,0.707316,0.675981,1.927308,2.392821
0.475,0.735771,0.707194,1.970992,2.364625
0.4,0.764226,0.738407,2.013,2.332
0.35,0.715447,0.689655,2.052942,2.29498
0.3,0.650407,0.640904,2.08865,2.2492
0.3,0.674796,0.656956,2.110825,2.20705
0.35,0.682927,0.657551,2.13557,2.143539
0.35,0.658535,0.641498,2.159125,2.078625
0.3,0.634146,0.624851,2.190503,1.994502
0.25,0.609756,0.608205,2.200768,1.904328
0.15,0.601625,0.590963,2.200768,1.822688
0.2,0.609756,0.60761,2.200768,1.767094
0.3,0.634146,0.624851,2.200521,1.725685
0.25,0.626015,0.624257,2.191794,1.717
0.15,0.577236,0.526754,2.183,1.717
0.25,0.528455,0.527943,2.173737,1.717
0.25,0.504065,0.479786,2.14475,1.718125
0.25,0.504065,0.511891,2.10196,1.729359
0.25,0.455284,0.495838,2.036254,1.753037
0.2,0.426829,0.439061,1.984963,1.77109
0.15,0.398375,0.382283,1.92275,1.780059
0.15,0.414633,0.398335,1.823848,1.7895
0.25,0.398375,0.383472,1.738188,1.793
0.2,0.365854,0.366825,1.639027,1.793
0.1,0.308942,0.301427,1.555682,1.793
0.2,0.268291,0.254459,1.458861,1.792444
0.15,0.243902,0.237812,1.38101,1.781273
0.15,0.252033,0.237812,1.299917,1.761315
0.2,0.219513,0.206302,1.25812,1.747753
0.2,0.22764,0.222354,1.177397,1.717296
0.15,0.252033,0.237812,1.09529,1.673692
0.2,0.284553,0.270511,1.025879,1.620783
0.15,0.284553,0.285969,0.962787,1.559262
0.233333,0.298103,0.297662,0.919011,1.508283
0.316667,0.311653,0.309354,0.886988,1.463694
0.4,0.325204,0.321046,0.865561,1.405859
0.3,0.300811,0.48038,0.837,1.334978
0.375,0.361787,0.441141,0.828308,1.250136
0.45,0.422764,0.401902,0.824551,1.181607
0.5,0.430895,0.434602,0.803917,1.097323
0.45,0.422764,0.434007,0.787423,1.015804
0.55,0.504065,0.483353,0.782,0.949939
0.45,0.577236,0.578478,0.782,0.912566
0.55,0.556911,0.555589,0.782,0.858082
0.65,0.536585,0.532699,0.785625,0.81675
0.65,0.560975,0.564804,0.827242,0.78084
0.65,0.577236,0.580856,0.85077,0.745502
0.65,0.593495,0.596908,0.88901,0.712978
0.7,0.642276,0.661712,0.957597,0.683749
0.75,0.658535,0.662307,1.030657,0.658589
0.75,0.626015,0.61415,1.109216,0.63624
0.75,0.642276,0.646254,1.188547,0.618477
0.8,0.609756,0.598692,1.259359,0.606727
0.75,0.601625,0.598098,1.310625,0.598
0.85,0.626015,0.599287,1.376168,0.59282
0.85,0.593495,0.599287,1.452583,0.592435
0.8,0.585364,0.58264,1.534947,0.592435
0.85,0.569105,0.583234,1.619303,0.592435
0.85,0.536585,0.55113,1.698123,0.594607
0.85,0.560975,0.535077,1.777943,0.60274
0.85,0.520324,0.519025,1.837815,0.611175
0.9,0.479673,0.487515,1.920452,0.620375
0.9,0.455284,0.471463,2.013143,0.633082
0.9,0.414633,0.439358,2.080841,0.647696
0.85,0.398375,0.390606,2.146366,0.673783
0.9,0.390244,0.391201,2.19721,0.702558
0.9,0.373982,0.343044,2.241342,0.750086
0.85,0.317073,0.310345,2.2725,0.790625
0.85,0.300811,0.310345,2.296875,0.84175
0.85,0.243902,0.246136,2.317437,0.897372
0.85,0.235771,0.230083,2.326392,0.969606
0.8,0.178862,0.165279,2.331695,1.04867
0.75,0.138211,0.13258,2.334443,1.134942
0.8,0.109755,0.109096,2.334818,1.226004
0.85,0.081298,0.085612,2.334818,1.31027
0.725,0.09756,0.100178,2.334818,1.388528
0.6,0.113822,0.114744,2.333455,1.475041
0.5,0.081298,0.049346,2.325533,1.566367
0.5,0.03252,0.033294,2.319172,1.64599
0.425,0.056909,0.048454,2.312266,1.708002
0.35,0.081298,0.063615,2.299417,1.762792
0.35,0.121949,0.063615,2.279555,1.809349
0.4,0.138211,0.144471,2.254801,1.8285
0.45,0.178862,0.161118,2.227137,1.8285
0.5,0.178862,0.177765,2.200677,1.8285
0.55,0.22764,0.226516,2.187899,1.825603
0.55,0.22764,0.226516,2.1637,1.802405
0.6,0.292684,0.275268,2.095894,1.791149
0.5,0.276422,0.290131,2.020168,1.778935
0.55,0.398375,0.387039,1.942639,1.74792
0.65,0.390244,0.388228,1.861348,1.706267
0.6,0.455284,0.435791,1.787769,1.66676
0.7,0.373982,0.372771,1.706995,1.627212
0.6,0.487804,0.483948,1.623237,1.59543
0.6,0.512193,0.516052,1.51065,1.569733
0.65,0.544716,0.548751,1.428251,1.540976
0.65,0.552844,0.548751,1.372343,1.501034
0.65,0.626015,0.612961,1.305125,1.468
0.7,0.626015,0.629608,1.247625,1.4585
0.6,0.699186,0.692628,1.187388,1.458
0.65,0.715447,0.757432,1.098106,1.458
0.65,0.747967,0.741379,1.007666,1.45825
0.6,0.764226,0.756837,0.915915,1.47843
0.6,0.772356,0.772889,0.846051,1.500692
0.65,0.764226,0.773484,0.793092,1.535093
0.65,0.86992,0.853746,0.745988,1.576066
0.55,0.813007,0.8044,0.706655,1.625185
0.6,0.796749,0.788942,0.681076,1.677532
0.55,0.829269,0.836504,0.6675,1.741389
0.55,0.772356,0.756243,0.6675,1.801821
0.6,0.764226,0.756837,0.6675,1.866502
0.55,0.780487,0.772295,0.6675,1.911308
0.5,0.723578,0.7717,0.676375,1.954125
0.45,0.715447,0.722949,0.704136,1.992998
0.45,0.731706,0.706897,0.744085,2.032048
0.35,0.682927,0.689655,0.784775,2.065466
0.4,0.666666,0.658145,0.843674,2.106451
0.4,0.666666,0.642093,0.894734,2.13709
0.4,0.617887,0.609988,0.95425,2.168875
0.25,0.613822,0.608205,1.025484,2.204252
0.1,0.609756,0.606421,1.098929,2.237451
0.166667,0.588076,0.585811,1.17113,2.271746
0.233333,0.566396,0.5652,1.227022,2.298535
0.3,0.544716,0.54459,1.259641,2.313531
0.25,0.504065,0.495838,1.338342,2.34539
0.2,0.487804,0.479191,1.42575,2.372777
0.2,0.463415,0.463139,1.50025,2.383857
0.3,0.447153,0.464328,1.566304,2.386753
0.25,0.414633,0.351367,1.673506,2.390491
0.15,0.357724,0.334126,1.741757,2.391
0.25,0.333333,0.319263,1.802496,2.390491
0.35,0.308942,0.3044,1.846067,2.386753
0.3,0.292684,0.319857,1.878975,2.383991
0.25,0.252033,0.255054,1.892188,2.359587
0.25,0.186993,0.190844,1.892188,2.327188
0.25,0.186993,0.174792,1.892188,2.297921
0.25,0.178862,0.174792,1.890245,2.274353
0.3,0.134146,0.111177,1.872009,2.232017
0.35,0.089429,0.047562,1.844644,2.180744
0.45,0.056909,0.064804,1.818286,2.114917
0.45,0.113822,0.096908,1.770959,2.044791
0.4,0.13008,0.128419,1.705595,1.99238
0.35,0.154469,0.175981,1.613344,1.920167
0.35,0.211382,0.208086,1.550495,1.877015
0.3,0.243902,0.223543,1.478466,1.82636
0.316667,0.281842,0.266548,1.401322,1.7817
0.333333,0.319783,0.309552,1.326967,1.731149
0.35,0.357724,0.352556,1.256596,1.682818
0.25,0.357724,0.351367,1.196788,1.6354
0.35,0.406502,0.400713,1.131366,1.57375
0.35,0.447153,0.432818,1.077368,1.516617
0.35,0.471545,0.480975,1.011353,1.441938
0.4,0.487804,0.497622,0.948495,1.370216
0.3,0.560975,0.54459,0.903826,1.291567
0.4,0.552844,0.545779,0.866795,1.225765
0.4,0.569105,0.561831,0.84,1.177
0.4,0.601625,0.577883,0.835188,1.165771
0.425,0.63008,0.610285,0.806781,1.088737
0.45,0.658535,0.642687,0.801,0.997297
0.45,0.650407,0.642687,0.801,0.915772
0.55,0.731706,0.659929,0.801,0.832786
0.5,0.715447,0.707491,0.802721,0.769574
0.5,0.715447,0.707491,0.832176,0.722462
0.5,0.731706,0.723543,0.864141,0.688127
0.5,0.764226,0.739596,0.924484,0.674055
0.55,0.788618,0.772295,0.992643,0.674
0.55,0.796749,0.788347,1.072875,0.674
0.65,0.796749,0.821641,1.159608,0.674
0.6,0.760164,0.764863,1.226296,0.677425
0.55,0.723578,0.708086,1.312112,0.687909
0.65,0.731706,0.725327,1.396375,0.69975
0.7,0.715447,0.709869,1.48202,0.716785
0.6,0.682927,0.676576,1.558125,0.73475
0.6,0.707316,0.692628,1.647313,0.755
0.65,0.658535,0.661118,1.736201,0.781382
0.7,0.650407,0.629608,1.813978,0.813541
0.75,0.609756,0.61415,1.89197,0.856591
0.75,0.585364,0.565993,1.959509,0.903892
0.75,0.585364,0.582045,2.026914,0.96612
0.8,0.560975,0.566587,2.066319,1.026687
0.9,0.577236,0.583829,2.116482,1.098949
0.8,0.552844,0.550535,2.15925,1.18525
0.8,0.528455,0.502378,2.189521,1.274911
0.85,0.487804,0.48692,2.218443,1.383134
0.8,0.487804,0.486326,2.231407,1.455243
0.85,0.439025,0.454816,2.240624,1.55278
0.8,0.447153,0.438169,2.243067,1.647258
0.8,0.430895,0.422117,2.243067,1.721372
0.8,0.398375,0.390012,2.243067,1.81575
0.75,0.390244,0.389417,2.237727,1.911234
0.8,0.325204,0.317776,2.20397,2.007237
0.85,0.260164,0.246136,2.168794,2.075842
0.85,0.243902,0.246136,2.13278,2.136695
0.75,0.292684,0.277051,2.10237,2.156592
0.8,0.292684,0.277646,2.071688,2.156592
0.85,0.252033,0.262188,2.031279,2.156592
0.8,0.292684,0.293698,1.982193,2.153338
0.8,0.260164,0.277646,1.959199,2.107433
0.75,0.276422,0.293103,1.948141,2.028891
0.65,0.333331,0.324019,1.925747,1.945035
0.7,0.300811,0.308561,1.901301,1.852147
0.6,0.341462,0.339477,1.872375,1.762875
0.6,0.349593,0.339477,1.842852,1.670989
0.65,0.455284,0.452438,1.815071,1.580367
0.55,0.504065,0.483353,1.786892,1.491677
0.55,0.520324,0.499405,1.757562,1.399876
0.6,0.504065,0.483948,1.726785,1.319915
0.6,0.536585,0.532105,1.691456,1.24213
0.6,0.593495,0.580262,1.652601,1.17832
0.55,0.585364,0.579667,1.621057,1.132761
0.5,0.617887,0.627229,1.58,1.075375
0.45,0.642276,0.626635,1.548523,1.035791
0.5,0.634146,0.643282,1.491275,0.974294
0.45,0.691058,0.690844,1.433985,0.92639
0.45,0.650407,0.65874,1.373301,0.880611
0.45,0.682927,0.626635,1.310554,0.840832
0.4,0.674796,0.674197,1.252907,0.809117
0.4,0.601625,0.593936,1.191341,0.797629
0.5,0.642276,0.675386,1.12675,0.797629
0.425,0.670731,0.666468,1.094456,0.797629
0.35,0.699186,0.657551,1.059413,0.797629
0.3,0.699186,0.673008,0.999968,0.809437
0.35,0.699186,0.673603,0.95793,0.84724
0.25,0.650407,0.656361,0.920557,0.950883
0.3,0.682927,0.673008,0.891432,1.02275
0.2,0.642276,0.623662,0.86734,1.104996
0.25,0.577236,0.5761,0.853924,1.179892
0.25,0.601625,0.592152,0.851667,1.226485
0.2,0.569105,0.543401,0.849,1.309461
0.15,0.536585,0.542806,0.849,1.410161
0.15,0.528455,0.558859,0.84975,1.493946
0.1,0.504065,0.494055,0.852817,1.567647
0.15,0.455284,0.43044,0.85967,1.621267
0.2,0.455284,0.431034,0.870154,1.678695
0.2,0.390244,0.382878,0.886438,1.750058
0.25,0.341462,0.335315,0.904447,1.826641
0.25,0.317073,0.319263,0.91948,1.882379
0.15,0.276422,0.334126,0.939443,1.944546
0.15,0.252033,0.253864,0.958609,1.992647
0.2,0.260164,0.254459,0.987477,2.047641
0.1,0.243902,0.237218,1.020045,2.10341
0.225,0.235771,0.230678,1.059542,2.151508
0.35,0.22764,0.224138,1.097229,2.187627
0.45,0.211382,0.209275,1.134084,2.212826
0.4,0.178862,0.176576,1.18425,2.240533
0.5,0.195122,0.201843,1.240407,2.255
0.6,0.211382,0.227111,1.291625,2.255
0.6,0.22764,0.211058,1.331212,2.255
0.65,0.22764,0.211653,1.346227,2.253625
0.65,0.211382,0.227705,1.346802,2.234134
0.7,0.276422,0.276457,1.346802,2.207799
0.8,0.243902,0.261593,1.346802,2.164646
0.75,0.308942,0.34126,1.34569,2.106051
0.8,0.333331,0.341855,1.34532,2.053854
0.85,0.382113,0.390606,1.345195,1.989858
0.8,0.341462,0.325803,1.343655,1.92625
0.85,0.382113,0.390606,1.341117,1.868933
0.8,0.398375,0.390012,1.338875,1.807272
0.8,0.390244,0.390012,1.336125,1.739644
0.8,0.471545,0.454221,1.337875,1.672036
0.8,0.471545,0.470273,1.339431,1.646
0.75,0.463415,0.453627,1.336,1.611397
0.7,0.479673,0.485137,1.336,1.558825
0.7,0.487804,0.485137,1.334625,1.510695
0.75,0.544716,0.549941,1.318794,1.39361
0.75,0.626015,0.61415,1.31704,1.29244
0.75,0.617887,0.630202,1.31704,1.185606
0.65,0.617887,0.629013,1.31704,1.088669
0.65,0.601625,0.612961,1.323837,0.980628
0.65,0.650407,0.645065,1.357163,0.898529
0.6,0.666666,0.660523,1.404368,0.815076
0.6,0.617887,0.70868,1.446561,0.758531
0.6,0.731706,0.740785,1.509325,0.707765
0.6,0.739836,0.740785,1.572046,0.673022
0.55,0.731706,0.708086,1.651948,0.642247
0.55,0.682927,0.675981,1.734257,0.621944
0.45,0.699186,0.690844,1.808554,0.618692
0.45,0.715447,0.690844,1.883107,0.618692
0.45,0.699186,0.674792,1.943811,0.618692
0.4,0.707316,0.69025,2.004065,0.623056
0.45,0.747967,0.722949,2.060841,0.650881
0.4,0.715447,0.722354,2.111938,0.693038
0.4,0.747967,0.722354,2.154319,0.747511
0.4,0.707316,0.69025,2.193663,0.810782
0.35,0.707316,0.689655,2.22865,0.879216
0.25,0.682927,0.672414,2.251528,0.944187
0.325,0.682927,0.665279,2.270903,1.029687
0.4,0.682927,0.658145,2.28346,1.118941
0.475,0.654471,0.634958,2.2863,1.214329
0.55,0.626015,0.611772,2.2863,1.30744
0.5,0.552844,0.546968,2.2863,1.393367
0.52,0.549592,0.543995,2.283252,1.496653
0.54,0.54634,0.541023,2.266199,1.585057
0.56,0.543089,0.53805,2.243988,1.662956
0.58,0.539837,0.535077,2.21638,1.739066
0.6,0.536585,0.532105,2.18754,1.802534
0.7,0.536585,0.533294,2.149102,1.860737
0.65,0.439025,0.436385,2.10131,1.90944
0.7,0.447153,0.453032,2.033508,1.963337
0.7,0.439025,0.43698,1.956339,2.015963
0.75,0.422764,0.437574,1.893623,2.048065
0.85,0.390244,0.390606,1.817208,2.08192
0.8,0.382113,0.37396,1.732539,2.118292
0.8,0.373982,0.37396,1.644069,2.158345
0.75,0.382113,0.389417,1.524725,2.202799
0.8,0.300811,0.293698,1.426146,2.230036
0.8,0.292684,0.293698,1.34375,2.23706
0.8,0.276422,0.277646,1.25825,2.23706
0.75,0.276422,0.277051,1.199036,2.23706
0.7,0.219511,0.2283,1.122016,2.234899
0.65,0.1626,0.179548,1.063026,2.221874
0.65,0.178862,0.179548,1.017369,2.198959
0.6,0.170731,0.162901,0.97651,2.163618
0.55,0.1626,0.146254,0.955449,2.122595
0.5,0.113822,0.113555,0.943586,2.067426
0.45,0.121949,0.112961,0.943,2.000125
0.45,0.09756,0.112961,0.942375,1.922466
0.35,0.154469,0.159929,0.940187,1.839278
0.3,0.121949,0.111177,0.93463,1.74018
0.3,0.146342,0.143282,0.934354,1.659412
0.3,0.203251,0.223543,0.93675,1.602308
0.25,0.219513,0.222949,0.939893,1.526251
0.2,0.252033,0.238407,0.941412,1.477633
0.25,0.219513,0.222949,0.941412,1.382375
0.2,0.308942,0.302616,0.945438,1.333964
0.2,0.349593,0.350773,0.963423,1.249752
0.1,0.357724,0.349584,0.981764,1.151684
0.125,0.390244,0.381986,1.005778,1.055986
0.15,0.422764,0.414388,1.025096,0.977896
0.2,0.406502,0.414982,1.054106,0.909165
0.1,0.487804,0.478002,1.119869,0.832173
0.125,0.495935,0.494352,1.175147,0.774775
0.15,0.504065,0.510702,1.239168,0.721791
0.25,0.552844,0.527943,1.301788,0.679934
0.25,0.528455,0.527943,1.348841,0.661
0.15,0.609756,0.590963,1.400931,0.661
0.2,0.654471,0.639715,1.443988,0.661
0.25,0.699186,0.688466,1.479453,0.66125
0.25,0.650407,0.688466,1.484421,0.67605
0.3,0.650407,0.640904,1.484421,0.703337
0.3,0.650407,0.624851,1.486804,0.744459
0.3,0.650407,0.624851,1.484378,0.803386
0.35,0.658535,0.641498,1.469352,0.867465
0.4,0.6626,0.634067,1.4592,0.952044
0.45,0.666666,0.626635,1.428023,1.082516
0.35,0.666666,0.641498,1.391733,1.196315
0.35,0.626015,0.609394,1.361278,1.275166
0.4,0.585364,0.577883,1.334755,1.333726
0.3,0.577236,0.560642,1.30992,1.406918
0.4,0.536585,0.529727,1.282293,1.475583
0.35,0.504065,0.497027,1.252696,1.540964
0.45,0.471545,0.466112,1.197997,1.624037
0.4,0.471545,0.465517,1.173108,1.696509
0.4,0.406502,0.385256,1.171844,1.77314
0.45,0.373982,0.38585,1.171844,1.846387
0.5,0.341462,0.322235,1.171844,1.920088
0.45,0.308942,0.305589,1.17538,1.988933
0.35,0.292684,0.272295,1.198032,2.04373
0.45,0.252033,0.257432,1.23289,2.097291
0.525,0.231707,0.234245,1.272709,2.132994
0.6,0.211382,0.211058,1.32129,2.158877
0.7,0.268291,0.260404,1.371536,2.175821
0.75,0.1626,0.180737,1.429167,2.188094
0.8,0.186993,0.197384,1.462737,2.191431
0.8,0.19512,0.197384,1.521139,2.193693
0.85,0.22764,0.230083,1.584688,2.193693
0.9,0.268291,0.278835,1.649607,2.193693
0.9,0.252033,0.262782,1.705825,2.193568
0.85,0.357724,0.358502,1.758267,2.181765
0.85,0.349593,0.342449,1.817738,2.164425
0.85,0.365854,0.374554,1.875469,2.144443
0.85,0.398375,0.390606,1.923902,2.12103
0.8,0.487804,0.486326,1.960032,2.092891
0.85,0.455284,0.454816,1.994993,2.051063
0.85,0.471545,0.470868,2.022454,2.00506
0.85,0.512193,0.55113,2.053677,1.939391
0.85,0.512193,0.519025,2.076659,1.888417
0.75,0.520324,0.517836,2.088734,1.840434
0.75,0.544716,0.533888,2.097207,1.778083
0.75,0.544716,0.549941,2.10775,1.702008
0.75,0.634146,0.630202,2.116071,1.6354
0.7,0.593495,0.613555,2.127491,1.557506
0.7,0.601625,0.613555,2.13,1.488797
0.7,0.593495,0.597503,2.13,1.411637
0.7,0.585364,0.581451,2.13,1.321107
0.75,0.585364,0.565993,2.129033,1.246064
0.65,0.552844,0.548751,2.1208,1.168825
0.65,0.512193,0.500595,2.10314,1.11048
0.55,0.520324,0.515458,2.072793,1.044697
0.5,0.536585,0.514863,2.031168,0.978947
0.4,0.536585,0.529727,1.988255,0.921968
0.5,0.487804,0.482759,1.93325,0.869375
0.45,0.455284,0.450059,1.886118,0.835883
0.35,0.495935,0.497027,1.824878,0.812175
0.35,0.471545,0.464923,1.780545,0.808673
0.3,0.520324,0.512485,1.734129,0.808673
0.35,0.479673,0.480975,1.686012,0.808673
0.3,0.528455,0.528537,1.642354,0.810433
0.333333,0.504064,0.507531,1.613625,0.829748
0.366667,0.479674,0.486524,1.6135,0.855486
0.4,0.455284,0.465517,1.6135,0.882487
0.35,0.471545,0.44887,1.6135,0.905174
0.4,0.447153,0.449465,1.626747,0.935417
0.4,0.406502,0.41736,1.684918,0.985119
0.35,0.422764,0.400713,1.733375,1.042125
0.3,0.349593,0.351962,1.76345,1.120958
0.3,0.325204,0.351962,1.784779,1.195353
0.3,0.292683,0.309156,1.799234,1.288219
0.3,0.260161,0.26635,1.799312,1.385055
0.3,0.22764,0.223543,1.799312,1.482535
0.375,0.19512,0.200357,1.799312,1.590246
0.45,0.1626,0.17717,1.781942,1.691551
0.55,0.178862,0.162307,1.736925,1.796643
0.65,0.195122,0.1956,1.715773,1.892247
0.75,0.211382,0.228894,1.696408,1.98094
0.75,0.260164,0.260999,1.668756,2.074332
0.8,0.341462,0.341855,1.636117,2.157764
0.8,0.325204,0.325803,1.58129,2.243068
0.8,0.300811,0.30975,1.520703,2.310323
0.85,0.365854,0.358502,1.45408,2.368321
0.8,0.365854,0.37396,1.373875,2.420875
0.85,0.373982,0.374554,1.31563,2.438072
0.85,0.365854,0.374554,1.262447,2.438072
0.8,0.512193,0.454221,1.183856,2.438072
0.8,0.284553,0.277646,1.125151,2.433326
0.8,0.317073,0.30975,1.037533,2.382129
0.8,0.333331,0.341855,0.975803,2.327611
0.75,0.284553,0.293103,0.90959,2.271163
0.7,0.325204,0.324614,0.855761,2.216292
0.65,0.308942,0.324019,0.819271,2.184522
0.6,0.333331,0.339477,0.780191,2.109366
0.55,0.308942,0.306778,0.760958,2.038203
0.5,0.308942,0.306183,0.76,1.961
0.45,0.308942,0.305589,0.76,1.872028
0.35,0.341462,0.352556,0.76,1.785
0.35,0.357724,0.336504,0.772485,1.698196
0.3,0.390244,0.368014,0.80893,1.622851
0.35,0.390244,0.368609,0.849406,1.564634
0.3,0.504065,0.496433,0.883375,1.526833
0.266667,0.504065,0.496036,0.915124,1.501004
0.233333,0.504065,0.49564,0.982562,1.456586
0.2,0.504065,0.495244,1.060107,1.417107
0.2,0.528455,0.511296,1.143459,1.384986
0.3,0.528455,0.528537,1.235154,1.350063
0.25,0.569105,0.560048,1.322745,1.322221
0.2,0.560975,0.559453,1.412806,1.297225
0.2,0.577236,0.623662,1.494506,1.274346
0.1,0.626015,0.622473,1.591742,1.251122
0.225,0.658536,0.631986,1.678725,1.219197
0.35,0.691058,0.641498,1.756363,1.187602
0.35,0.691058,0.673603,1.823551,1.165419
0.3,0.756098,0.785375,1.886361,1.151679
0.35,0.691058,0.673603,1.936802,1.1495
0.35,0.707316,0.705707,1.972261,1.1495
0.4,0.764226,0.738407,1.988941,1.1495
0.5,0.747967,0.755648,1.993241,1.155092
0.5,0.747967,0.739596,1.993601,1.17813
0.45,0.756098,0.755054,1.993601,1.202602
0.55,0.731706,0.74019,1.992185,1.265683
0.55,0.747967,0.74019,1.988874,1.35641
0.55,0.707316,0.708086,1.982985,1.452791
0.55,0.715447,0.659929,1.977518,1.526568
0.6,0.699187,0.660523,1.975125,1.581625
0.65,0.682927,0.661118,1.95925,1.669121
0.7,0.674796,0.64566,1.937738,1.768137
0.6,0.642276,0.644471,1.895625,1.891479
0.7,0.617887,0.629608,1.828704,1.991102
0.65,0.626015,0.596908,1.767738,2.067104
0.7,0.560975,0.549346,1.689045,2.131092
0.7,0.536585,0.533294,1.625649,2.178169
0.8,0.569105,0.550535,1.541255,2.220026
0.8,0.536585,0.534483,1.44525,2.249
0.8,0.487804,0.486326,1.357079,2.261
0.8,0.447153,0.454221,1.280604,2.261
0.8,0.447153,0.438169,1.192941,2.261
0.8,0.471545,0.454221,1.121128,2.261
0.85,0.447153,0.438763,1.064089,2.258571
0.8,0.455284,0.454221,1.048,2.242536
0.75,0.439025,0.453627,1.048,2.23025
0.7,0.422764,0.420927,1.048,2.216396
0.65,0.422764,0.404281,1.05075,2.19375
0.6,0.430895,0.419738,1.090748,2.155397
0.55,0.487804,0.483353,1.150898,2.101495
0.5,0.520324,0.514863,1.213166,2.04339
0.55,0.479673,0.467301,1.275532,1.984524
0.5,0.569105,0.56302,1.34575,1.918
0.45,0.520324,0.514269,1.419,1.842125
0.45,0.552844,0.530321,1.4775,1.777125
0.375,0.577235,0.561534,1.487812,1.764815
0.3,0.601625,0.592747,1.554197,1.681912
0.35,0.593495,0.593341,1.625638,1.595739
0.25,0.634146,0.624257,1.691732,1.514676
0.3,0.634146,0.624851,1.75156,1.444351
0.25,0.617887,0.624257,1.822536,1.362488
0.25,0.585364,0.5761,1.879094,1.288656
0.3,0.544716,0.54459,1.927875,1.2055
0.25,0.569105,0.560048,1.96539,1.128445
0.2,0.544716,0.527348,1.988628,1.059569
0.2,0.528455,0.511296,1.989651,1.008251
0.15,0.487804,0.478597,1.989651,0.954145
0.2,0.422764,0.431034,1.989651,0.905762
0.15,0.430895,0.414388,1.979413,0.863375
0.183333,0.384824,0.377329,1.95125,0.830875
0.216667,0.338754,0.34027,1.903443,0.799909
0.25,0.292684,0.30321,1.849841,0.770926
0.3,0.300811,0.287753,1.792002,0.75549
0.35,0.252033,0.256243,1.682006,0.732688
0.375,0.242547,0.243163,1.605454,0.7275
0.4,0.233062,0.230083,1.527185,0.7275
0.425,0.223576,0.217004,1.453977,0.727833
0.45,0.214091,0.203924,1.407968,0.728
0.475,0.204606,0.190844,1.345023,0.735088
0.5,0.19512,0.177765,1.278294,0.759244
0.55,0.19512,0.194411,1.214359,0.790898
0.65,0.22764,0.227705,1.160475,0.8302
0.7,0.300811,0.308561,1.11284,0.878005
0.6,0.439025,0.435791,1.078683,0.924754
0.7,0.373984,0.372771,1.040404,0.994027
0.8,0.308942,0.30975,1.008404,1.062873
0.75,0.382113,0.373365,0.981629,1.135909
0.75,0.357724,0.357313,0.947154,1.207004
0.75,0.398375,0.40547,0.923986,1.296235
0.7,0.471545,0.485137,0.914772,1.379144
0.75,0.471545,0.469679,0.914772,1.459277
0.75,0.487804,0.485731,0.914772,1.540625
0.75,0.536585,0.533888,0.915616,1.618352
0.75,0.593495,0.598098,0.943351,1.696615
0.733333,0.590784,0.597899,0.990408,1.762431
0.716667,0.588074,0.597701,1.017592,1.819204
0.7,0.585364,0.597503,1.038865,1.843297
0.65,0.617887,0.612961,1.057375,1.843297
0.65,0.601625,0.612961,1.0765,1.843297
0.55,0.707316,0.708086,1.094309,1.842597
0.6,0.707316,0.692628,1.105561,1.820613
0.55,0.715447,0.708086,1.112961,1.780383
0.6,0.788618,0.676576,1.119243,1.726754
0.5,0.666666,0.659334,1.141186,1.664576
0.5,0.682927,0.675386,1.157424,1.633272
0.5,0.650407,0.659334,1.188824,1.578422
0.5,0.650407,0.643282,1.223035,1.51866
0.45,0.682927,0.674792,1.268044,1.446956
0.45,0.731706,0.706897,1.334484,1.349195
0.45,0.715447,0.690844,1.385463,1.266382
0.4,0.682927,0.674197,1.456135,1.160079
0.3,0.666666,0.656956,1.52496,1.07351
0.4,0.666666,0.674197,1.607148,0.964669
0.35,0.6626,0.641498,1.715205,0.8614
0.3,0.658535,0.608799,1.777153,0.823103
0.25,0.621949,0.584126,1.845278,0.812956
0.2,0.585364,0.559453,1.910362,0.812956
0.2,0.569105,0.575505,1.950717,0.819703
0.2,0.544716,0.527348,1.996461,0.821339
0.15,0.536585,0.526754,2.04185,0.844875
0.183333,0.498645,0.495046,2.080639,0.894605
0.216667,0.460704,0.463337,2.122306,0.966996
0.25,0.422764,0.431629,2.150476,1.05323
0.35,0.422764,0.432818,2.16887,1.135896
0.25,0.382113,0.36742,2.178309,1.22263
0.25,0.365852,0.351367,2.1786,1.321896
0.25,0.349592,0.335315,2.1786,1.408562
0.25,0.333331,0.319263,2.1786,1.512425
0.3,0.325204,0.319857,2.172,1.611
0.3,0.357724,0.33591,2.143102,1.701569
0.2,0.373982,0.334721,2.099813,1.801157
0.25,0.382113,0.36742,2.048084,1.881865
0.3,0.357724,0.33591,1.997092,1.94659
0.4,0.382113,0.385256,1.949987,1.989317
0.35,0.414633,0.400713,1.886817,2.027117
0.425,0.410567,0.385553,1.788152,2.057949
0.5,0.406502,0.370392,1.708862,2.079238
0.55,0.390244,0.387039,1.627472,2.094173
0.5,0.390244,0.402497,1.530706,2.108905
0.55,0.422764,0.419144,1.463937,2.109419
0.55,0.487804,0.483353,1.436272,2.109419
0.6,0.471545,0.483948,1.362819,2.109419
0.55,0.577236,0.53151,1.301702,2.09748
0.6,0.560975,0.548157,1.241428,2.068277
0.6,0.585364,0.580262,1.186203,2.026871
0.6,0.560975,0.580262,1.13592,1.979474
0.65,0.569105,0.580856,1.086844,1.907316
0.675,0.59756,0.605232,1.037182,1.83011
0.7,0.626015,0.629608,0.964372,1.769324
0.75,0.650407,0.646254,0.927256,1.709752
0.75,0.626015,0.630202,0.913535,1.64265
0.75,0.593495,0.598098,0.8955,1.565875
0.75,0.601625,0.598098,0.888088,1.536
0.75,0.593495,0.598098,0.887838,1.536
0.8,0.601625,0.598692,0.887838,1.522336
0.7,0.601625,0.581451,0.890701,1.420947
0.7,0.544716,0.549346,0.90775,1.347758
0.75,0.560975,0.565993,0.930625,1.2585
0.8,0.463415,0.470273,0.971691,1.143402
0.8,0.463415,0.470273,1.024125,1.049
0.75,0.471545,0.453627,1.079433,0.965464
0.75,0.439025,0.437574,1.141766,0.887499
0.75,0.406502,0.389417,1.203843,0.817841
0.75,0.365854,0.373365,1.28244,0.7535
0.7,0.333331,0.324614,1.356428,0.721992
0.75,0.308942,0.260999,1.435309,0.699231
0.7,0.243902,0.260404,1.509568,0.68725
0.6375,0.239836,0.251635,1.584616,0.6865
0.575,0.235771,0.242866,1.651651,0.6865
0.5125,0.231706,0.234096,1.723242,0.6865
0.45,0.22764,0.225327,1.799828,0.697836
0.5,0.178862,0.161712,1.872328,0.7318
0.45,0.146342,0.145065,1.938893,0.773143
0.35,0.170731,0.143876,2.001716,0.823824
0.25,0.19512,0.206897,2.05389,0.884599
0.25,0.19512,0.190844,2.095108,0.950811
0.3,0.211382,0.207491,2.126144,1.024204
0.4,0.292684,0.272889,2.146112,1.09433
0.375,0.317074,0.300684,2.152,1.183626
0.35,0.341464,0.328478,2.152,1.268751
0.325,0.365854,0.356272,2.152,1.34912
0.3,0.390244,0.384067,2.150875,1.424442
0.2,0.447153,0.447087,2.135319,1.479581
0.15,0.487804,0.478597,2.110133,1.526125
0.15,0.463415,0.462545,2.084629,1.553538
0.2,0.471545,0.479191,2.072,1.563
0.2,0.520324,0.511296,2.068349,1.568799
0.25,0.520324,0.511891,2.05207,1.588647
0.2,0.512193,0.511296,2.030911,1.5905
0.2,0.536585,0.575505,2.012152,1.5905
0.3,0.569105,0.54459,1.949782,1.59075
0.3,0.569105,0.560642,1.894995,1.589974
0.3,0.577236,0.560642,1.832875,1.583167
0.35,0.626015,0.625446,1.750237,1.559609
0.35,0.650407,0.625446,1.646559,1.526988
0.4,0.658535,0.642093,1.55025,1.49
0.45,0.593495,0.610583,1.45,1.457125
0.45,0.617887,0.59453,1.349333,1.404258
0.5,0.601625,0.595125,1.297741,1.383154
0.45,0.601625,0.59453,1.233078,1.378267
0.5,0.577236,0.579073,1.17147,1.378267
0.45,0.569105,0.578478,1.10492,1.378267
0.5,0.520325,0.522889,1.039888,1.3812
0.55,0.471545,0.467301,0.976575,1.399365
0.55,0.487804,0.467301,0.917825,1.425131
0.5,0.439025,0.434602,0.869276,1.453659
0.6,0.394309,0.39566,0.833378,1.483345
0.7,0.349593,0.356718,0.796593,1.523981
0.7,0.325204,0.324614,0.785472,1.558997
0.7,0.325204,0.324614,0.785472,1.596629
0.8,0.308942,0.30975,0.785472,1.639848
0.85,0.317073,0.294293,0.788917,1.6871
0.85,0.333331,0.358502,0.813298,1.743882
0.85,0.357724,0.358502,0.849463,1.794686
0.85,0.390244,0.390606,0.901254,1.843335
0.9,0.447153,0.439358,0.959401,1.88071
0.85,0.447153,0.438763,1.025018,1.911164
0.9,0.512193,0.503567,1.087255,1.936884
0.95,0.504065,0.504162,1.161779,1.964743
0.9,0.495935,0.503567,1.234981,1.987919
0.85,0.520324,0.519025,1.305497,2.004843
0.85,0.544716,0.535077,1.377427,2.017956
0.85,0.504065,0.502973,1.456648,2.030915
0.8,0.609756,0.614744,1.536688,2.041188
0.75,0.674796,0.630202,1.606472,2.044078
0.75,0.658535,0.678359,1.681305,2.044078
0.75,0.715447,0.710464,1.715839,2.044078
0.75,0.699186,0.710464,1.780346,2.043914
0.65,0.682927,0.67717,1.85394,2.028867
0.6,0.707316,0.70868,1.919015,1.997559
0.6,0.650407,0.644471,1.963709,1.959452
0.65,0.666666,0.67717,1.992472,1.933
0.6,0.699186,0.70868,2.001636,1.907873
0.5,0.691058,0.675386,2.037639,1.85017
0.55,0.699186,0.692033,2.077205,1.748347
0.65,0.731706,0.709275,2.116619,1.638877
0.575,0.682926,0.676278,2.137974,1.552914
0.5,0.634146,0.643282,2.15969,1.455862
0.55,0.585364,0.579667,2.171866,1.380632
0.6,0.552844,0.548157,2.174815,1.285718
0.55,0.512193,0.515458,2.174815,1.190826
0.55,0.471545,0.499405,2.174815,1.125918
0.55,0.447153,0.467301,2.170362,1.061094
0.6,0.414633,0.403686,2.142758,1.008458
0.625,0.382113,0.363853,2.108217,0.962842
0.65,0.349593,0.324019,2.060395,0.919218
0.7,0.300811,0.308561,2.007424,0.884696
0.7,0.276422,0.292509,1.938641,0.860293
0.7,0.211382,0.2283,1.869625,0.854422
0.65,0.1626,0.179548,1.803234,0.854422
0.65,0.170731,0.179548,1.743684,0.854422
0.75,0.138211,0.148633,1.678703,0.855137
0.65,0.09756,0.115339,1.631693,0.865786
0.7,0.113822,0.115933,1.591395,0.885603
0.525,0.134146,0.129905,1.58845,0.898918
0.35,0.154469,0.143876,1.579435,0.962187
0.35,0.146342,0.143876,1.546125,1.044
0.3,0.170731,0.159334,1.533118,1.128088
0.275,0.199187,0.187128,1.517911,1.219417
0.25,0.227642,0.214923,1.512694,1.297473
0.225,0.256097,0.242717,1.501595,1.399886
0.2,0.284553,0.270511,1.487083,1.511467
0.225,0.288618,0.278835,1.4735,1.633277
0.25,0.292684,0.287158,1.455072,1.749527
0.2,0.390244,0.382878,1.420223,1.853477
0.3,0.357724,0.351962,1.37575,1.963125
0.25,0.382113,0.36742,1.327708,2.056113
0.35,0.390244,0.400713,1.273694,2.140882
0.45,0.398375,0.401902,1.201663,2.222087
0.45,0.406502,0.417955,1.139263,2.276199
0.45,0.447153,0.434007,1.089292,2.312343
0.5,0.471545,0.450654,1.041875,2.314486
0.6,0.569105,0.548157,0.939136,2.314486
0.55,0.536585,0.53151,0.870725,2.314486
0.5,0.642276,0.627229,0.822237,2.251594
0.6,0.609756,0.612366,0.758181,2.205585
0.7,0.569105,0.549346,0.729145,2.1497
0.7,0.650407,0.661712,0.71315,2.085062
0.7,0.650407,0.629608,0.70525,2.03445
0.75,0.634146,0.630202,0.705,1.92853
0.8,0.658535,0.630797,0.705,1.871619
0.75,0.658535,0.646254,0.705,1.767905
0.75,0.626015,0.646254,0.709343,1.743087
0.8,0.617887,0.630797,0.735971,1.629196
0.8,0.642276,0.630797,0.771983,1.502074
0.75,0.593495,0.582045,0.820895,1.3735
0.75,0.560975,0.565993,0.887892,1.25292
0.8,0.585364,0.58264,0.94911,1.14683
0.75,0.479673,0.485731,1.020799,1.058717
0.75,0.504065,0.517836,1.074176,1.016
0.7,0.487804,0.501189,1.126303,1.016
0.7,0.471545,0.485137,1.163492,1.016
0.6,0.471545,0.467895,1.196805,1.016
0.6,0.504065,0.483948,1.218657,1.040919
0.5,0.487804,0.482759,1.227217,1.097
0.45,0.512195,0.506243,1.231126,1.169105
0.4,0.536585,0.529727,1.234232,1.263462
0.4,0.520324,0.513674,1.23783,1.350936
0.4,0.569105,0.577883,1.249734,1.45263
0.35,0.601625,0.593341,1.275233,1.56223
0.3,0.617887,0.576694,1.304733,1.669913
0.3,0.569105,0.560642,1.335,1.76625
0.25,0.536585,0.543995,1.368307,1.863467
0.25,0.552844,0.527943,1.398593,1.940394
0.3,0.495935,0.496433,1.438253,2.018468
0.25,0.487804,0.479786,1.480705,2.09693
0.25,0.430895,0.431629,1.521908,2.160425
0.2,0.390244,0.382878,1.570513,2.216576
0.2,0.390244,0.382878,1.617528,2.258145
0.2,0.308942,0.302616,1.652462,2.296633
0.15,0.325204,0.318074,1.686412,2.305706
0.2,0.296747,0.29459,1.700511,2.305706
0.25,0.268291,0.271106,1.749086,2.305706
0.2,0.170731,0.174197,1.82885,2.300898
0.2,0.146342,0.12604,1.926202,2.245473
0.15,0.09756,0.125446,2.005989,2.184675
0.283333,0.09756,0.121681,2.097491,2.108106
0.416667,0.09756,0.117915,2.140513,2.037592
0.55,0.09756,0.11415,2.161457,1.949736
0.55,0.22764,0.210464,2.152207,1.870973
0.55,0.1626,0.178359,2.152207,1.775735
0.55,0.19512,0.194411,2.152207,1.704821
0.55,0.276422,0.258621,2.127184,1.638425
0.65,0.276422,0.275862,2.069437,1.566585
0.55,0.292684,0.290725,1.97857,1.507379
0.55,0.373982,0.354935,1.902313,1.460713
0.6,0.373982,0.339477,1.829984,1.415816
0.525,0.422764,0.386742,1.738292,1.384274
0.45,0.471545,0.434007,1.642191,1.351512
0.4,0.504065,0.497622,1.55317,1.339723
0.4,0.528455,0.513674,1.473721,1.339223
0.45,0.585364,0.578478,1.382441,1.339223
0.45,0.585364,0.578478,1.304457,1.339223
0.35,0.626015,0.609394,1.244499,1.342493
0.45,0.650407,0.65874,1.152541,1.352362
0.45,0.682927,0.65874,1.062283,1.369166
0.5,0.682927,0.675386,0.975482,1.401843
0.5,0.747967,0.739596,0.903357,1.435404
0.45,0.747967,0.739001,0.842244,1.469778
0.5,0.682927,0.691439,0.794441,1.499641
0.55,0.747967,0.724138,0.768562,1.524004
0.6,0.764226,0.740785,0.765133,1.547562
0.6,0.747967,0.740785,0.765133,1.578333
0.6,0.723578,0.756837,0.765133,1.603446
0.65,0.666666,0.67717,0.779111,1.604571
0.65,0.666666,0.661118,0.836276,1.604571
0.65,0.674796,0.629013,0.910373,1.604571
0.7,0.658535,0.661712,0.985203,1.59118
0.75,0.666666,0.662307,1.043264,1.567333
0.7,0.650407,0.64566,1.119402,1.528087
0.75,0.650407,0.630202,1.202059,1.476699
0.75,0.634146,0.630202,1.286832,1.409573
0.8,0.593495,0.598692,1.355375,1.349875
0.75,0.593495,0.598098,1.443375,1.27075
0.7,0.544716,0.549346,1.46583,1.250946
0.8,0.528455,0.51843,1.585721,1.153166
0.8,0.512193,0.51843,1.697581,1.072097
0.75,0.447153,0.437574,1.794756,1.026923
0.7,0.439025,0.43698,1.884424,1.0235
0.7,0.406502,0.388823,1.940476,1.025
0.6,0.382113,0.371581,2.013956,1.025
0.6,0.357724,0.371581,2.097739,1.037962
0.6,0.325204,0.307372,2.15718,1.093657
0.5,0.308942,0.322235,2.203545,1.16125
0.5,0.284553,0.322235,2.237965,1.245649
0.45,0.284553,0.289536,2.262157,1.334851
0.4,0.260164,0.256837,2.280112,1.429201
0.35,0.260164,0.256243,2.281779,1.516819
0.3,0.22764,0.223543,2.281779,1.622889
0.25,0.211382,0.190844,2.281779,1.714034
0.2,0.1626,0.174197,2.272424,1.824092
0.25,0.170731,0.15874,2.230211,1.94366
0.3,0.146342,0.159334,2.18909,2.035534
0.2,0.13008,0.109988,2.126364,2.125862
0.3,0.073171,0.079073,2.071799,2.178801
0.425,0.069105,0.072533,1.995866,2.1985
0.55,0.06504,0.065993,1.935292,2.1985
0.65,0.09756,0.083234,1.860825,2.1985
0.7,0.09756,0.099881,1.790803,2.190901
0.75,0.09756,0.100476,1.762,2.173
0.8,0.211382,0.197384,1.759965,2.166278
0.8,0.211382,0.213436,1.729635,2.06947
0.85,0.203251,0.214031,1.705233,2.01174
0.85,0.284553,0.27824,1.683836,1.921428
0.85,0.300811,0.294293,1.657093,1.8044
0.9,0.317073,0.326992,1.627675,1.668105
0.85,0.414633,0.406659,1.604398,1.525143
0.85,0.406502,0.406659,1.584808,1.390263
0.85,0.414633,0.422711,1.56755,1.257358
0.85,0.439025,0.438763,1.549475,1.124975
0.8,0.455284,0.454221,1.507404,1.028579
0.8,0.512193,0.51843,1.464129,0.9371
0.8,0.585364,0.58264,1.444797,0.875161
0.75,0.552844,0.549941,1.389466,0.838721
0.7,0.626015,0.613555,1.345789,0.82081
0.65,0.609756,0.612961,1.296608,0.82081
0.65,0.650407,0.645065,1.226201,0.82081
0.6,0.699186,0.692628,1.164746,0.82281
0.55,0.699186,0.692033,1.126793,0.849177
0.65,0.682927,0.693222,1.074363,0.8906
0.65,0.707316,0.693222,1.030146,0.950499
0.7,0.699186,0.758026,1.011775,1.006074
0.65,0.715447,0.709275,0.96558,1.071289
0.65,0.731706,0.709275,0.934756,1.122733
0.6,0.715447,0.70868,0.877176,1.19431
0.6,0.715447,0.70868,0.843,1.27675
0.6,0.682927,0.676576,0.806,1.36425
0.65,0.682927,0.661118,0.774,1.441583
0.625,0.646342,0.628716,0.774,1.505548
0.6,0.609756,0.596314,0.774,1.559254
0.5,0.569105,0.546968,0.775221,1.613927
0.45,0.552844,0.530321,0.797923,1.66066
0.475,0.512195,0.50654,0.849627,1.700701
0.5,0.471545,0.482759,0.916222,1.726606
0.5,0.455284,0.450654,1.002542,1.742847
0.4,0.439025,0.433413,1.091939,1.748792
0.35,0.373982,0.368609,1.192827,1.748792
0.3,0.373982,0.368014,1.278524,1.749087
0.35,0.308942,0.3044,1.382338,1.750889
0.3,0.333331,0.287753,1.485386,1.751
0.3,0.292684,0.287753,1.4988,1.751019
0.35,0.211382,0.192033,1.606261,1.752102
0.3,0.1626,0.159334,1.728132,1.760267
0.25,0.146342,0.142687,1.817322,1.780842
0.25,0.146342,0.142687,1.904994,1.807463
0.25,0.113822,0.15874,2.00803,1.844422
0.25,0.154469,0.15874,2.044454,1.868307
0.25,0.170731,0.15874,2.064497,1.933163
0.2,0.170731,0.174197,2.065463,1.993484
0.25,0.325204,0.319263,2.065463,2.051445
0.15,0.325204,0.318074,2.065463,2.114631
0.25,0.349593,0.335315,2.054749,2.15668
0.2,0.390244,0.366825,2.031275,2.196119
0.25,0.382113,0.383472,1.990703,2.233622
0.2,0.447153,0.447087,1.903,2.281875
0.15,0.520324,0.510702,1.820875,2.299875
0.2,0.520324,0.527348,1.746164,2.331352
0.3,0.552844,0.54459,1.690921,2.356943
0.25,0.585364,0.5761,1.657022,2.375455
0.25,0.626015,0.624257,1.602894,2.379532
0.3,0.634146,0.608799,1.5315,2.379532
0.3,0.634146,0.640904,1.433953,2.379532
0.35,0.666666,0.657551,1.352419,2.378524
0.45,0.772356,0.771106,1.276944,2.36608
0.5,0.723578,0.707491,1.20134,2.32789
0.45,0.699186,0.706897,1.142009,2.278387
0.475,0.723576,0.723246,1.049072,2.215493
0.5,0.747967,0.739596,0.924695,2.133353
0.55,0.747967,0.74019,0.887579,2.035221
0.55,0.796749,0.788347,0.858868,1.929774
0.65,0.829269,0.821641,0.84358,1.814319
0.65,0.813007,0.821641,0.841,1.711875
0.6,0.772356,0.772889,0.841,1.658993
0.65,0.772356,0.757432,0.841,1.553999
0.65,0.780487,0.757432,0.842089,1.435644
0.65,0.739836,0.741379,0.853361,1.347143
0.65,0.715447,0.709275,0.886625,1.253266
0.75,0.682927,0.678359,0.9005,1.238675
0.75,0.650407,0.646254,0.903,1.238675
0.8,0.642276,0.630797,0.906692,1.238675
0.8,0.658535,0.646849,0.953938,1.242028
0.8,0.650407,0.630797,0.972465,1.252671
0.8,0.626015,0.614744,0.986861,1.261954
0.8,0.626015,0.614744,0.994,1.266
0.9,0.634146,0.631986,0.994,1.266
0.85,0.626015,0.615339,1.01675,1.273875
0.9,0.601625,0.599881,1.040794,1.288161
0.85,0.634146,0.615339,1.084333,1.315717
0.85,0.617887,0.615339,1.106849,1.325839
0.8,0.626015,0.630797,1.192343,1.339991
0.7,0.577236,0.565398,1.301639,1.364047
0.75,0.569105,0.565993,1.3767,1.383908
0.65,0.609756,0.612961,1.431649,1.40516
0.55,0.609756,0.611772,1.549174,1.428533
0.6,0.569105,0.564209,1.66635,1.456527
0.5,0.601625,0.579073,1.75394,1.517619
0.5,0.626015,0.659334,1.831581,1.60167
0.5,0.601625,0.595125,1.895513,1.683066
0.4,0.569105,0.561831,1.953429,1.778675
0.4,0.552844,0.577883,2.018486,1.863952
0.366667,0.558264,0.572136,2.048292,1.937199
0.333333,0.563685,0.566389,2.08167,1.969444
0.3,0.569105,0.560642,2.119647,1.969444
0.3,0.552844,0.54459,2.157636,1.969444
0.25,0.495935,0.479786,2.184536,1.968583
0.35,0.471545,0.464923,2.196123,1.92637
0.3,0.439025,0.432224,2.198156,1.852
0.25,0.414633,0.399524,2.198488,1.775255
0.25,0.357724,0.351367,2.198488,1.67425
0.2,0.357724,0.366825,2.197031,1.567578
0.2,0.308942,0.302616,2.19412,1.450252
0.3,0.276422,0.2717,2.18006,1.362282
0.4,0.243902,0.240785,2.153578,1.282422
0.35,0.19512,0.224138,2.120959,1.194763
0.25,0.19512,0.239001,2.100984,1.111691
0.3,0.154471,0.183413,2.0725,1.0245
0.35,0.113822,0.127824,2.037216,0.939742
0.35,0.09756,0.111772,1.973104,0.864558
0.4,0.113822,0.112366,1.897466,0.806889
0.45,0.113822,0.112961,1.805154,0.755983
0.55,0.178862,0.130202,1.76775,0.73785
0.55,0.211382,0.226516,1.665083,0.694835
0.5,0.292684,0.274078,1.564875,0.665625
0.55,0.317073,0.306778,1.459165,0.657
0.6,0.349593,0.371581,1.340298,0.657
0.6,0.365854,0.355529,1.221425,0.657
0.55,0.406502,0.419144,1.124769,0.659177
0.55,0.455284,0.451249,1.025986,0.686569
0.45,0.520324,0.514269,0.958625,0.7175
0.45,0.601625,0.59453,0.916396,0.745858
0.45,0.609756,0.610583,0.891344,0.794645
0.5,0.585364,0.595125,0.877478,0.853226
0.45,0.682927,0.674792,0.849734,0.930169
0.45,0.715447,0.706897,0.830237,1.014865
0.5,0.666666,0.675386,0.813336,1.101269
0.45,0.666666,0.65874,0.796226,1.214148
0.55,0.691058,0.692033,0.779564,1.327008
0.55,0.691058,0.675981,0.758021,1.452731
0.65,0.674796,0.67717,0.732923,1.54498
0.55,0.666666,0.659929,0.674375,1.6495
0.6,0.650407,0.660523,0.64317,1.722095
0.55,0.626015,0.595719,0.626396,1.771079
0.6,0.560975,0.564209,0.626769,1.774019
0.7,0.520324,0.533294,0.628448,1.773749
0.7,0.504065,0.501189,0.630128,1.773479
0.75,0.495935,0.485731,0.633538,1.770657
0.8,0.471545,0.486326,0.66375,1.729125
0.8,0.487804,0.486326,0.710502,1.663607
0.75,0.512193,0.549941,0.766802,1.586597
0.85,0.479673,0.502973,0.798,1.545
0.85,0.536585,0.519025,0.84577,1.490026
0.85,0.569105,0.567182,0.927156,1.40412
0.85,0.552844,0.567182,1.032031,1.30787
0.85,0.601625,0.599287,1.150757,1.210589
0.75,0.593495,0.598098,1.263523,1.127256
0.85,0.617887,0.599287,1.356224,1.063713
0.8,0.626015,0.598692,1.458485,1.004639
0.8,0.642276,0.662901,1.564169,0.981347
0.75,0.682927,0.662307,1.671647,0.981347
0.7,0.682927,0.677765,1.77545,0.981347
0.7,0.699186,0.709869,1.852804,0.98251
0.7,0.715447,0.709869,1.929252,1.014623
0.7,0.699186,0.709869,1.994091,1.054455
0.65,0.691058,0.693222,2.088517,1.113258
0.7,0.699187,0.693817,2.155416,1.182844
0.75,0.707316,0.694411,2.19884,1.26781
0.75,0.731706,0.726516,2.24025,1.361375
0.8,0.674796,0.678954,2.264,1.464486
