0.714286,0.712002,0.723738,0.376915,0.919277
0.714286,0.712002,0.723738,0.568746,1.379958
0.714286,0.712002,0.723738,0.574379,1.380082
0.714286,0.712002,0.723738,0.579687,1.380957
0.714286,0.712002,0.723738,0.58296,1.381106
0.714286,0.712002,0.723738,0.584261,1.381636
0.714286,0.712002,0.723738,0.585383,1.382201
0.714286,0.728,0.723738,0.586504,1.382766
0.714286,0.704001,0.708067,0.587625,1.383332
0.761905,0.680002,0.692977,0.588746,1.383897
0.714286,0.696001,0.708067,0.589867,1.384462
0.714286,0.704001,0.708067,0.590988,1.385027
0.761905,0.712002,0.708648,0.59211,1.385593
0.714286,0.736001,0.723738,0.593231,1.386158
0.714286,0.701334,0.69762,0.595534,1.387864
0.714286,0.666668,0.671503,0.609008,1.401727
0.714286,0.632001,0.645386,0.628544,1.42223
0.714286,0.584,0.582705,0.651486,1.444613
0.714286,0.616,0.645386,0.674527,1.472265
0.714286,0.592001,0.614045,0.695197,1.512269
0.761905,0.608002,0.614626,0.712197,1.563539
0.761905,0.560001,0.567615,0.726,1.63025
0.809524,0.536002,0.536854,0.734498,1.703239
0.809524,0.503999,0.536854,0.746697,1.781194
0.857143,0.488001,0.506094,0.758448,1.860709
0.809524,0.488001,0.489843,0.771055,1.947114
0.857143,0.456001,0.474753,0.786043,2.01751
0.857143,0.407999,0.427742,0.819625,2.087875
0.857143,0.399999,0.396402,0.878977,2.167905
0.857143,0.352001,0.365061,0.949508,2.217767
0.809524,0.295999,0.31747,1.077817,2.25823
0.809524,0.248001,0.270459,1.143125,2.273666
0.761905,0.223998,0.254208,1.244916,2.273666
0.761905,0.216001,0.238537,1.339303,2.273666
0.714286,0.104,0.128265,1.464835,2.272283
0.595238,0.108,0.111143,1.587117,2.241813
0.47619,0.112001,0.094022,1.690851,2.188531
0.428571,0.127999,0.109112,1.787786,2.141656
0.333333,0.127999,0.154962,1.883349,2.087399
0.285714,0.151998,0.154382,1.956686,2.031442
0.285714,0.199999,0.217063,2.042613,1.946651
0.238095,0.216001,0.232153,2.115546,1.85791
0.190476,0.327998,0.325595,2.170625,1.754375
0.238095,0.352001,0.357516,2.21123,1.635201
0.142857,0.384,0.419037,2.237151,1.521009
0.190476,0.416,0.419617,2.247045,1.404933
0.095238,0.496001,0.496808,2.247795,1.282523
0.047619,0.543999,0.527568,2.247795,1.15759
0.142857,0.556,0.544399,2.247795,1.04015
0.238095,0.568002,0.56123,2.232806,0.936677
0.285714,0.600001,0.577481,2.1925,0.854875
0.285714,0.575999,0.593151,2.141872,0.786563
0.333333,0.592001,0.578062,2.081249,0.741459
0.333333,0.640002,0.640743,2.021776,0.699499
0.333333,0.664001,0.656413,1.942476,0.659364
0.333333,0.704001,0.703424,1.862365,0.653
0.380952,0.696001,0.704005,1.762233,0.653
0.380952,0.712002,0.704005,1.665246,0.653
0.47619,0.536002,0.705165,1.57575,0.65525
0.52381,0.751999,0.752757,1.496061,0.669339
0.571429,0.704001,0.706326,1.414865,0.696268
0.47619,0.72,0.705165,1.324409,0.742586
0.492063,0.704,0.684465,1.251934,0.79771
0.507937,0.688001,0.663765,1.179935,0.873321
0.52381,0.672002,0.643064,1.119898,0.960998
0.595238,0.644001,0.6361,1.070671,1.0495
0.666667,0.616,0.629135,1.023983,1.143346
0.666667,0.584,0.613465,0.991098,1.240511
0.666667,0.592001,0.597795,0.963678,1.317077
0.714286,0.584,0.582705,0.952858,1.397775
0.666667,0.592001,0.613465,0.952858,1.464264
0.666667,0.608002,0.597795,0.952858,1.505111
0.714286,0.608002,0.598375,0.957953,1.511721
0.619048,0.560001,0.581544,0.981172,1.511721
0.666667,0.543999,0.550784,1.01258,1.507305
0.714286,0.52,0.551364,1.059662,1.504484
0.666667,0.488001,0.503772,1.13093,1.489398
0.571429,0.464002,0.43993,1.213154,1.451255
0.571429,0.48,0.486941,1.29571,1.411083
0.5,0.472001,0.478236,1.386886,1.372772
0.428571,0.464002,0.46953,1.480582,1.339098
0.380952,0.471999,0.437609,1.586141,1.305718
0.428571,0.464002,0.46953,1.69,1.26625
0.428571,0.439999,0.46953,1.78237,1.23169
0.428571,0.448,0.4852,1.860246,1.207584
0.333333,0.471999,0.484039,1.936492,1.207112
0.333333,0.488001,0.484039,2.008646,1.207112
0.261905,0.464,0.451828,2.060378,1.207112
0.190476,0.439999,0.419617,2.112362,1.228766
0.238095,0.376,0.373186,2.173968,1.258706
0.285714,0.367999,0.358096,2.213571,1.306823
0.269841,0.325333,0.316115,2.243535,1.382682
0.253968,0.282666,0.274134,2.269497,1.474485
0.238095,0.24,0.232153,2.274096,1.564074
0.333333,0.272,0.201973,2.274096,1.669865
0.238095,0.176,0.185142,2.274096,1.759675
0.238095,0.176,0.185142,2.268828,1.839493
0.357143,0.147999,0.163088,2.233843,1.929067
0.47619,0.119998,0.141033,2.180333,2.017568
0.380952,0.112001,0.139872,2.122581,2.087176
0.492063,0.125333,0.14645,2.0456,2.146058
0.603175,0.138665,0.153028,1.959716,2.18818
0.714286,0.151998,0.159605,1.866259,2.220262
0.714286,0.136,0.175276,1.76572,2.251121
0.761905,0.199999,0.222867,1.657455,2.28387
0.761905,0.263999,0.269878,1.595051,2.305522
0.809524,0.288001,0.301799,1.505188,2.308533
0.714286,0.352001,0.36332,1.410988,2.308533
0.761905,0.368001,0.379571,1.328435,2.308533
0.809524,0.384,0.395821,1.275985,2.306891
0.809524,0.416,0.427162,1.2005,2.289625
0.809524,0.399999,0.395821,1.11425,2.242375
0.857143,0.416,0.427742,1.057244,2.19878
0.857143,0.439999,0.443413,1.031092,2.159811
0.761905,0.439999,0.442252,1.030122,2.113893
0.809524,0.416,0.427162,1.030122,2.080272
0.809524,0.320001,0.34881,1.030122,2.055343
0.714286,0.376,0.39466,1.055912,2.023684
0.714286,0.360001,0.36332,1.144185,1.998099
0.714286,0.335999,0.347649,1.253752,1.976202
0.666667,0.320001,0.315728,1.351551,1.960753
0.666667,0.248001,0.268717,1.45825,1.943798
0.619048,0.24,0.268137,1.561741,1.921593
0.52381,0.231999,0.243471,1.674287,1.884022
0.428571,0.223998,0.218804,1.768215,1.844135
0.428571,0.263999,0.312826,1.856057,1.797035
0.333333,0.24,0.248984,1.935477,1.732492
0.238095,0.320001,0.326175,2.001968,1.677144
0.238095,0.320001,0.341846,2.078297,1.605748
0.238095,0.344,0.357516,2.13202,1.52538
0.214286,0.404001,0.404237,2.17273,1.428162
0.190476,0.464002,0.450958,2.195431,1.348074
0.142857,0.488001,0.481718,2.198415,1.25834
0.190476,0.48,0.497969,2.198415,1.162734
0.190476,0.543999,0.56065,2.198415,1.080547
0.142857,0.575999,0.57574,2.190582,1.019673
0.238095,0.608002,0.592571,2.163494,0.968319
0.285714,0.584,0.577481,2.133984,0.940548
0.333333,0.592001,0.578062,2.097118,0.938
0.349206,0.581334,0.573032,2.056098,0.938
0.365079,0.570667,0.568002,1.997436,0.938
0.380952,0.560001,0.562972,1.943323,0.944233
0.47619,0.575999,0.611143,1.878023,0.967635
0.47619,0.560001,0.579803,1.807286,0.997152
0.571429,0.608002,0.596634,1.735088,1.024403
0.555556,0.600001,0.591217,1.662405,1.049881
0.539683,0.592001,0.5858,1.575877,1.076403
0.52381,0.584,0.580383,1.476486,1.11171
0.619048,0.616,0.612885,1.388558,1.151294
0.666667,0.608002,0.629135,1.305504,1.197125
0.619048,0.608002,0.612885,1.212375,1.254261
0.714286,0.584,0.598375,1.12957,1.332145
0.666667,0.552,0.566454,1.054746,1.39775
0.666667,0.568002,0.566454,0.993867,1.462935
0.714286,0.575999,0.567034,0.945565,1.529832
0.666667,0.560001,0.566454,0.90641,1.604674
0.761905,0.543999,0.551944,0.87725,1.679625
0.761905,0.528001,0.551944,0.867352,1.746535
0.809524,0.52,0.536854,0.867352,1.803619
0.761905,0.552,0.567615,0.867352,1.818787
0.761905,0.543999,0.551944,0.867602,1.818787
0.761905,0.552,0.551944,0.877367,1.818787
0.761905,0.536002,0.536274,0.898291,1.816715
0.761905,0.528001,0.536274,0.932823,1.789532
0.714286,0.471999,0.488683,0.975956,1.750002
0.761905,0.496001,0.504933,1.029138,1.699474
0.714286,0.464002,0.488683,1.080454,1.645399
0.666667,0.448,0.503772,1.131379,1.58784
0.571429,0.48,0.510447,1.184351,1.523816
0.47619,0.511999,0.517121,1.244309,1.454059
0.52381,0.528001,0.502031,1.303375,1.388875
0.47619,0.568002,0.564132,1.36932,1.3112
0.428571,0.536002,0.547882,1.442845,1.223947
0.380952,0.575999,0.562972,1.515636,1.143471
0.428571,0.543999,0.563552,1.598483,1.064689
0.428571,0.568002,0.563552,1.692694,0.987814
0.333333,0.592001,0.578062,1.769597,0.942042
0.333333,0.568002,0.578062,1.861109,0.930167
0.309524,0.544001,0.554266,1.922625,0.930167
0.285714,0.52,0.53047,1.979971,0.930167
0.285714,0.511999,0.5148,2.015429,0.934475
0.333333,0.496001,0.51538,2.051665,0.970757
0.333333,0.439999,0.437028,2.076771,1.014893
0.238095,0.432002,0.435868,2.089,1.1012
0.285714,0.384,0.389437,2.089,1.193379
0.333333,0.360001,0.358677,2.089,1.286593
0.285714,0.327998,0.295415,2.088776,1.403476
0.333333,0.288001,0.295995,2.080396,1.506689
0.333333,0.288001,0.295995,2.064747,1.591117
0.428571,0.223998,0.234475,2.041589,1.665296
0.428571,0.191999,0.203134,2.003221,1.772495
0.47619,0.144001,0.156703,1.940547,1.871877
0.571429,0.199999,0.204875,1.868234,1.96812
0.642857,0.228,0.237086,1.7995,2.027909
0.714286,0.256001,0.269298,1.733062,2.080659
0.666667,0.28,0.284388,1.673829,2.124401
0.714286,0.303999,0.300638,1.609485,2.15258
0.761905,0.312,0.332559,1.530174,2.15295
0.761905,0.352001,0.3639,1.441637,2.15295
0.761905,0.360001,0.379571,1.3503,2.15295
0.761905,0.360001,0.379571,1.279965,2.127349
0.714286,0.424001,0.426001,1.223591,2.084325
0.714286,0.432002,0.441672,1.174936,2.031215
0.666667,0.464002,0.472432,1.119016,1.950146
0.666667,0.471999,0.488102,1.074638,1.90309
0.666667,0.511999,0.519443,1.022843,1.85634
0.666667,0.536002,0.550784,1.012,1.828113
0.619048,0.584,0.597214,1.012,1.78868
0.52381,0.568002,0.580383,1.012,1.750866
0.571429,0.704001,0.659315,1.01275,1.715301
0.52381,0.640002,0.643064,1.033,1.65965
0.47619,0.656,0.642484,1.067357,1.583913
0.428571,0.672002,0.673244,1.133781,1.475578
0.428571,0.647999,0.657574,1.205173,1.391689
0.396825,0.64,0.641517,1.294003,1.261719
0.365079,0.632,0.625459,1.388098,0.929463
0.333333,0.624,0.609402,1.46589,0.839423
0.333333,0.592001,0.578062,1.546097,0.83473
0.238095,0.592001,0.592571,1.619207,0.83473
0.238095,0.565334,0.56123,1.689406,0.83473
0.238095,0.538667,0.52989,1.776751,0.84143
0.238095,0.511999,0.498549,1.844718,0.89325
0.333333,0.456001,0.468369,1.905686,0.951352
0.285714,0.436,0.444283,1.961427,1.015929
0.238095,0.416,0.420197,2.009574,1.092293
0.238095,0.407999,0.420197,2.0285,1.154983
0.285714,0.392001,0.389437,2.0285,1.220166
0.333333,0.424001,0.405688,2.0285,1.291498
0.285714,0.407999,0.420778,2.026312,1.347721
0.380952,0.392001,0.390598,1.99906,1.383716
0.444444,0.410667,0.412265,1.947935,1.41813
0.507937,0.429334,0.433933,1.873183,1.455243
0.571429,0.448,0.455601,1.773301,1.486317
0.619048,0.432002,0.456181,1.698489,1.517413
0.666667,0.448,0.456761,1.630911,1.558984
0.619048,0.432002,0.440511,1.552629,1.582108
0.619048,0.424001,0.440511,1.458573,1.616952
0.714286,0.448,0.457342,1.352904,1.677314
0.761905,0.496001,0.520604,1.259722,1.735236
0.809524,0.503999,0.521184,1.176908,1.796406
0.761905,0.503999,0.520604,1.102225,1.859949
0.761905,0.600001,0.598955,1.032509,1.92603
0.809524,0.48,0.489843,0.971903,1.985213
0.857143,0.488001,0.490424,0.930871,2.041484
0.857143,0.496001,0.490424,0.928994,2.091445
0.809524,0.503999,0.505514,0.928994,2.12604
0.809524,0.448,0.458503,0.928994,2.154321
0.809524,0.432002,0.442832,0.969334,2.176653
0.857143,0.448,0.443413,1.05883,2.18773
0.809524,0.384,0.380151,1.104438,2.190736
0.809524,0.344,0.33314,1.161996,2.191414
0.761905,0.28,0.285548,1.22875,2.192875
0.761905,0.272,0.332559,1.319119,2.195121
0.761905,0.208,0.222867,1.408323,2.198001
0.714286,0.208,0.206616,1.46886,2.202097
0.619048,0.184001,0.174115,1.517426,2.202919
0.619048,0.127999,0.142774,1.56941,2.202919
0.619048,0.112001,0.127104,1.648711,2.202919
0.52381,0.079998,0.094602,1.74827,2.19556
0.428571,0.064,0.077771,1.838625,2.174125
0.357143,0.088,0.100406,1.937107,2.136398
0.285714,0.112001,0.123041,2.017036,2.090085
0.285714,0.136,0.154382,2.073806,2.048051
0.285714,0.151998,0.170052,2.13988,1.983544
0.190476,0.231999,0.231573,2.197038,1.911677
0.190476,0.24,0.247243,2.237278,1.842138
0.285714,0.303999,0.248404,2.272945,1.763003
0.190476,0.327998,0.325595,2.305713,1.678088
0.142857,0.335999,0.356355,2.319161,1.596729
0.190476,0.399999,0.403947,2.330758,1.513158
0.142857,0.464002,0.450377,2.336617,1.410141
0.190476,0.464002,0.466628,2.336867,1.333923
0.190476,0.471999,0.482298,2.336867,1.239056
0.142857,0.503999,0.497388,2.33633,1.121395
0.142857,0.560001,0.544399,2.326062,1.031849
0.238095,0.511999,0.52989,2.303098,0.953074
0.190476,0.536002,0.529309,2.29225,0.8985
0.238095,0.592001,0.592571,2.268823,0.864743
0.142857,0.568002,0.57574,2.255178,0.859824
0.238095,0.560001,0.56123,2.235664,0.859824
0.285714,0.543999,0.54614,2.213146,0.859824
0.238095,0.511999,0.514219,2.191518,0.87012
0.285714,0.496001,0.5148,2.177195,0.909929
0.238095,0.496001,0.498549,2.16607,0.967304
0.238095,0.416,0.420197,2.159625,1.024875
0.333333,0.376,0.374347,2.14825,1.112125
0.238095,0.360001,0.357516,2.128272,1.200274
0.238095,0.303999,0.310505,2.110411,1.313734
0.285714,0.272,0.279745,2.10189,1.412525
0.333333,0.248001,0.264655,2.096875,1.52671
0.428571,0.223998,0.250145,2.0835,1.6235
0.52381,0.191999,0.204295,2.059896,1.718533
0.571429,0.199999,0.204875,2.027048,1.826802
0.52381,0.159999,0.157284,1.979897,1.92752
0.666667,0.139999,0.15119,1.9343,2.016295
0.809524,0.119998,0.145096,1.877014,2.101583
0.809524,0.119998,0.145096,1.803803,2.179529
0.809524,0.151998,0.176436,1.719642,2.249745
0.857143,0.231999,0.239698,1.620375,2.317
0.857143,0.28,0.286709,1.521414,2.367141
0.761905,0.295999,0.316889,1.417896,2.404771
0.809524,0.335999,0.34881,1.311983,2.415
0.857143,0.360001,0.380731,1.215047,2.415
0.904762,0.407999,0.412652,1.121301,2.415
0.857143,0.392001,0.412072,1.032092,2.410117
0.809524,0.416,0.427162,0.953458,2.375568
0.809524,0.416,0.427162,0.896527,2.325455
0.809524,0.439999,0.442832,0.85383,2.264436
0.857143,0.471999,0.474753,0.83245,2.190103
0.785714,0.487999,0.497388,0.829825,2.103923
0.714286,0.503999,0.520023,0.829825,2.015814
0.761905,0.552,0.551944,0.829825,1.934585
0.714286,0.568002,0.629716,0.840397,1.809572
0.666667,0.608002,0.613465,0.879942,1.690478
0.619048,0.568002,0.597214,0.89625,1.591192
0.619048,0.608002,0.612885,0.904712,1.507378
0.571429,0.672002,0.690656,0.907945,1.460849
0.47619,0.736001,0.752176,0.911312,1.411199
0.52381,0.76,0.768427,0.936273,1.315379
0.52381,0.768001,0.768427,0.96131,1.211758
0.52381,0.768001,0.768427,0.986846,1.125497
0.52381,0.712002,0.705746,1.009875,1.05375
0.52381,0.72,0.721416,1.0376,0.991308
0.428571,0.736001,0.720255,1.092161,0.906828
0.47619,0.736001,0.720836,1.172132,0.749045
0.428571,0.704001,0.704585,1.231768,0.743
0.47619,0.712002,0.705165,1.27653,0.743
0.428571,0.647999,0.641904,1.311026,0.743
0.428571,0.640002,0.641904,1.35775,0.758
0.47619,0.624,0.626814,1.393027,0.814201
0.5,0.584,0.587928,1.413717,0.890375
0.52381,0.543999,0.549042,1.415433,0.97434
0.428571,0.48,0.500871,1.415433,1.090243
0.428571,0.448,0.45386,1.415433,1.205852
0.47619,0.452,0.446605,1.413294,1.326533
0.52381,0.456001,0.43935,1.407645,1.454914
0.619048,0.367999,0.377829,1.407411,1.586383
0.666667,0.320001,0.331399,1.407411,1.714409
0.619048,0.295999,0.315148,1.407411,1.828562
0.666667,0.288001,0.300058,1.413677,1.927541
0.666667,0.272,0.284388,1.426838,2.030921
0.714286,0.224,0.245792,1.45233,2.121722
0.761905,0.176,0.207197,1.489734,2.19124
0.714286,0.151998,0.159605,1.542875,2.24225
0.714286,0.144001,0.159605,1.60046,2.2545
0.666667,0.127999,0.143355,1.662796,2.2545
0.595238,0.107999,0.118979,1.726491,2.2545
0.52381,0.087998,0.094602,1.79735,2.25145
0.428571,0.087998,0.093442,1.8707,2.214266
0.333333,0.112001,0.107951,1.9248,2.16665
0.333333,0.159999,0.170633,1.972,2.110295
0.380952,0.191999,0.202554,2.006958,2.038023
0.333333,0.272,0.264655,2.048114,1.954519
0.285714,0.272,0.279745,2.09728,1.86664
0.333333,0.344,0.343006,2.13293,1.768492
0.238095,0.312,0.341846,2.155278,1.681982
0.190476,0.399999,0.403947,2.162477,1.615731
0.238095,0.367999,0.373186,2.174196,1.522939
0.238095,0.456001,0.467208,2.18726,1.406475
0.238095,0.488001,0.482879,2.1875,1.313777
0.238095,0.48,0.498549,2.1875,1.212829
0.285714,0.496001,0.499129,2.1875,1.12917
0.238095,0.600001,0.592571,2.176266,1.063832
0.285714,0.584,0.593151,2.151021,1.007448
0.238095,0.568002,0.608241,2.111725,0.930931
0.253968,0.666668,0.597988,2.070016,0.867254
0.269841,0.765334,0.587735,2.013783,0.807892
0.285714,0.864,0.577481,1.9555,0.770848
0.309524,0.812,0.593442,1.899098,0.763196
0.333333,0.76,0.609402,1.835983,0.763196
0.357143,0.708,0.625363,1.783682,0.763196
0.380952,0.656,0.641323,1.731293,0.766665
0.428571,0.6,0.602728,1.683054,0.80226
0.47619,0.543999,0.564132,1.63892,0.869498
0.52381,0.560001,0.549042,1.613686,0.942397
0.47619,0.511999,0.517121,1.599495,1.01751
0.380952,0.464002,0.46895,1.58099,1.100212
0.47619,0.432002,0.45444,1.574132,1.187917
0.380952,0.432002,0.421938,1.573636,1.275217
0.428571,0.4,0.399013,1.572267,1.378124
0.47619,0.367999,0.376088,1.570413,1.492612
0.571429,0.288001,0.283227,1.56854,1.591716
0.52381,0.272,0.282647,1.566371,1.696296
0.595238,0.287999,0.275682,1.55547,1.807793
0.666667,0.303999,0.268717,1.533063,1.903911
0.714286,0.303999,0.316309,1.500414,1.987398
0.761905,0.360001,0.379571,1.456171,2.068928
0.857143,0.288001,0.30238,1.39593,2.142891
0.857143,0.335999,0.365061,1.318749,2.205675
0.904762,0.367999,0.381312,1.239515,2.246583
0.857143,0.360001,0.380731,1.152274,2.265089
0.904762,0.448,0.381312,1.058829,2.266
0.809524,0.448,0.474173,0.974656,2.266
0.809524,0.456001,0.458503,0.886335,2.263625
0.857143,0.471999,0.474753,0.810229,2.227294
0.809524,0.496001,0.505514,0.747112,2.178683
0.809524,0.503999,0.505514,0.730267,2.107493
0.761905,0.503999,0.504933,0.730267,2.049776
0.761905,0.584,0.661637,0.730267,1.965166
0.714286,0.568002,0.567034,0.730722,1.893266
0.714286,0.584,0.598375,0.756297,1.827139
0.666667,0.592001,0.597795,0.777811,1.721969
0.619048,0.664001,0.659896,0.795229,1.629111
0.666667,0.656,0.660476,0.817811,1.522218
0.619048,0.712002,0.722577,0.841674,1.410947
0.666667,0.696001,0.691817,0.857587,1.330489
0.571429,0.704001,0.706326,0.866533,1.255097
0.52381,0.688,0.705746,0.872927,1.158311
0.52381,0.736001,0.721416,0.879898,1.060751
0.47619,0.736001,0.736506,0.888634,0.941917
0.52381,0.744002,0.737086,0.903092,0.855192
0.571429,0.776002,0.769008,0.948998,0.78008
0.52381,0.751999,0.737086,1.012158,0.723856
0.52381,0.72,0.721416,1.079813,0.68238
0.52381,0.688,0.690075,1.159244,0.65475
0.428571,0.680001,0.68108,1.241011,0.651089
0.333333,0.672002,0.672084,1.324842,0.651089
0.428571,0.624,0.626233,1.423911,0.651089
0.333333,0.624,0.625073,1.527831,0.655192
0.333333,0.600001,0.609402,1.61623,0.676942
0.285714,0.552,0.561811,1.706329,0.708462
0.285714,0.528001,0.54614,1.789352,0.745684
0.333333,0.511999,0.51538,1.861965,0.797355
0.333333,0.464002,0.468369,1.921861,0.850982
0.285714,0.439999,0.452118,1.980681,0.93104
0.238095,0.407999,0.420197,2.026308,1.00271
0.333333,0.424001,0.437028,2.077262,1.08891
0.380952,0.360001,0.359257,2.11975,1.186
0.349206,0.336002,0.332753,2.148671,1.280218
0.31746,0.312001,0.306249,2.151228,1.37719
0.285714,0.288001,0.279745,2.151228,1.479191
0.285714,0.231999,0.232734,2.151228,1.573154
0.380952,0.211999,0.226059,2.144888,1.648163
0.47619,0.191999,0.219385,2.100491,1.743125
0.47619,0.223998,0.219385,2.037413,1.838232
0.428571,0.256001,0.250145,1.9905,1.896833
0.47619,0.272,0.297737,1.949994,1.917795
0.47619,0.24,0.266396,1.910527,1.917795
0.47619,0.303999,0.313407,1.878411,1.917795
0.47619,0.303999,0.329077,1.841767,1.91453
0.52381,0.376,0.408009,1.791266,1.868273
0.47619,0.399999,0.407429,1.742539,1.792537
0.380952,0.448,0.50029,1.703141,1.698165
0.380952,0.48,0.515961,1.67025,1.600653
0.47619,0.496001,0.517121,1.636169,1.499507
0.380952,0.568002,0.594312,1.600394,1.395592
0.428571,0.575999,0.594893,1.563717,1.309238
0.47619,0.568002,0.579803,1.516571,1.2276
0.47619,0.608002,0.626814,1.471125,1.1595
0.571429,0.575999,0.580963,1.423687,1.103537
0.52381,0.672002,0.658735,1.377345,1.069218
0.52381,0.680002,0.690075,1.313951,1.050968
0.571429,0.704001,0.706326,1.254438,1.0495
0.666667,0.728,0.691817,1.190239,1.0495
0.619048,0.696001,0.706907,1.124146,1.0495
0.619048,0.656,0.659896,1.064849,1.063588
0.666667,0.656,0.660476,1.021241,1.099588
0.666667,0.632001,0.629135,1.000125,1.148
0.714286,0.608002,0.629716,0.971211,1.204023
0.714286,0.608002,0.598375,0.939542,1.269908
0.714286,0.575999,0.598375,0.914095,1.343369
0.666667,0.543999,0.566454,0.898712,1.426531
0.714286,0.536002,0.535694,0.895951,1.512506
0.761905,0.503999,0.520604,0.895951,1.603375
0.761905,0.488001,0.504933,0.895951,1.68199
0.809524,0.456001,0.458503,0.899781,1.762219
0.809524,0.448,0.458503,0.911279,1.83255
0.809524,0.416,0.427162,0.966861,1.897551
0.857143,0.399999,0.396402,1.124015,1.973433
0.809524,0.360001,0.411492,1.190255,2.020206
0.809524,0.335999,0.34881,1.25565,2.048746
0.761905,0.327998,0.34823,1.296482,2.06798
0.761905,0.28,0.301219,1.362505,2.080894
0.714286,0.223998,0.237957,1.43125,2.081148
0.666667,0.24,0.253047,1.516405,2.081148
0.619048,0.176,0.252467,1.55143,2.080557
0.619048,0.184001,0.189785,1.568212,2.065782
0.619048,0.191999,0.205456,1.588956,2.049655
0.619048,0.231999,0.236796,1.602541,2.029623
0.571429,0.295999,0.298897,1.611328,2.008112
0.571429,0.320001,0.298897,1.614407,1.9718
0.619048,0.303999,0.330818,1.614407,1.933582
0.571429,0.327998,0.345908,1.614407,1.883418
0.666667,0.376,0.40975,1.611753,1.828823
0.571429,0.4,0.416425,1.602461,1.76449
0.47619,0.424001,0.423099,1.600359,1.673995
0.380952,0.488001,0.531631,1.600359,1.580423
0.428571,0.528001,0.547882,1.600359,1.485162
0.47619,0.575999,0.532792,1.601302,1.384884
0.380952,0.543999,0.531631,1.613712,1.285877
0.285714,0.511999,0.53047,1.639335,1.183949
0.333333,0.543999,0.546721,1.674638,1.092399
0.333333,0.552,0.562391,1.720128,1.009559
0.285714,0.592001,0.577481,1.769625,0.951
0.333333,0.575999,0.593732,1.83155,0.898725
0.285714,0.575999,0.585316,1.8995,0.862
0.238095,0.575999,0.576901,1.961468,0.8535
0.285714,0.552,0.561811,2.025366,0.8535
0.190476,0.511999,0.513639,2.070351,0.8535
0.222222,0.485333,0.493132,2.100146,0.86181
0.253968,0.458668,0.472625,2.121829,0.892507
0.285714,0.432002,0.452118,2.142179,0.943669
0.238095,0.448,0.435868,2.147133,1.005059
0.333333,0.367999,0.390017,2.1573,1.08345
0.333333,0.376,0.374347,2.167498,1.166087
0.285714,0.367999,0.389437,2.179472,1.257146
0.238095,0.303999,0.310505,2.191794,1.360981
0.333333,0.288001,0.295995,2.204144,1.442758
0.285714,0.256001,0.264074,2.212435,1.5342
0.380952,0.199999,0.218224,2.212581,1.637455
0.333333,0.159999,0.170633,2.21279,1.654
0.285714,0.136,0.154382,2.213,1.698339
0.352381,0.1568,0.173999,2.210415,1.776095
0.419048,0.1776,0.193616,2.192777,1.852626
0.485714,0.1984,0.213233,2.138086,1.952487
0.552381,0.2192,0.23285,2.074958,2.050045
0.619048,0.24,0.252467,2.027358,2.103614
0.571429,0.184001,0.236216,1.9692,2.142932
0.642857,0.196001,0.229251,1.897117,2.180289
0.714286,0.208,0.222287,1.828316,2.206169
0.761905,0.199999,0.207197,1.736881,2.236985
0.809524,0.256001,0.270459,1.652784,2.258432
0.809524,0.272,0.286129,1.550754,2.271
0.809524,0.303999,0.31747,1.451519,2.271
0.809524,0.335999,0.364481,1.361875,2.271
0.809524,0.360001,0.395821,1.275525,2.269852
0.761905,0.399999,0.410911,1.20165,2.249852
0.761905,0.471999,0.489263,1.142125,2.219625
0.809524,0.488001,0.505514,1.082951,2.172872
0.809524,0.52,0.521184,1.020953,2.105085
0.714286,0.488001,0.504353,0.975242,2.028705
0.714286,0.503999,0.504353,0.948976,1.945307
0.666667,0.488001,0.503772,0.94125,1.851475
0.666667,0.511999,0.566454,0.939339,1.760884
0.666667,0.560001,0.550784,0.939052,1.667003
0.619048,0.543999,0.565873,0.939052,1.502486
0.571429,0.608002,0.612304,0.939827,1.408915
0.571429,0.647999,0.643645,0.939336,1.309565
0.571429,0.656,0.643645,0.939081,1.215032
0.52381,0.768001,0.752757,0.939081,1.125569
0.571429,0.72,0.721997,0.939081,1.036512
0.52381,0.768001,0.768427,0.936395,0.943387
0.539683,0.784001,0.779068,0.9355,0.874865
0.555556,0.800002,0.789708,0.9355,0.847117
0.571429,0.816002,0.800348,0.9355,0.812692
0.571429,0.832,0.831689,0.936375,0.765194
0.52381,0.736001,0.737086,0.943181,0.72146
0.52381,0.751999,0.752757,0.958261,0.69229
0.52381,0.751999,0.752757,0.980407,0.677428
0.428571,0.768001,0.751596,1.006845,0.677233
0.52381,0.696001,0.690075,1.041923,0.676688
0.428571,0.688,0.688915,1.087311,0.673239
0.428571,0.888003,0.704585,1.144017,0.671107
0.428571,0.816002,0.694138,1.206704,0.6709
0.428571,0.744002,0.683691,1.299659,0.670503
0.428571,0.672002,0.673244,1.376186,0.662015
0.404762,0.632001,0.633778,1.432,0.655304
0.380952,0.592001,0.594312,1.501646,0.655304
0.380952,0.592001,0.594312,1.584819,0.656804
0.380952,0.600001,0.609983,1.647701,0.657304
0.333333,0.600001,0.593732,1.715875,0.666
0.285714,0.584,0.577481,1.793187,0.699413
0.333333,0.543999,0.546721,1.864636,0.741292
0.238095,0.528001,0.54556,1.940536,0.796888
0.190476,0.448,0.466628,1.998373,0.850117
0.285714,0.464002,0.467789,2.045393,0.91633
0.238095,0.416,0.420197,2.068296,0.97773
0.333333,0.439999,0.452699,2.069844,1.046098
0.333333,0.352001,0.358677,2.069844,1.13392
0.428571,0.344,0.344167,2.069844,1.217143
0.380952,0.303999,0.327916,2.059324,1.311301
0.380952,0.320001,0.312246,2.028816,1.422922
0.47619,0.306667,0.308183,1.977873,1.52791
0.571429,0.293334,0.304121,1.934844,1.615238
0.666667,0.28,0.300058,1.884336,1.714978
0.714286,0.216001,0.237957,1.827417,1.819933
0.714286,0.231999,0.253627,1.769533,1.914745
0.761905,0.256001,0.269878,1.704,2.00025
0.809524,0.24,0.254788,1.635499,2.079196
0.857143,0.295999,0.286709,1.551544,2.143067
0.857143,0.312,0.31805,1.472843,2.196204
0.809524,0.335999,0.364481,1.404258,2.23607
0.857143,0.360001,0.365061,1.324934,2.269542
0.857143,0.399999,0.412072,1.236685,2.276833
0.809524,0.416,0.427162,1.15575,2.276833
0.857143,0.488001,0.490424,1.07872,2.276833
0.809524,0.471999,0.474173,1.002865,2.267744
0.809524,0.464002,0.474173,0.938049,2.227618
0.809524,0.471999,0.489843,0.885261,2.164636
0.809524,0.471999,0.474173,0.854842,2.105646
0.761905,0.536002,0.536274,0.830166,2.033109
0.714286,0.568002,0.598375,0.818148,1.956177
0.714286,0.584,0.582705,0.808114,1.865
0.714286,0.592001,0.598375,0.803,1.778963
0.714286,0.616,0.676727,0.803,1.691556
0.666667,0.664001,0.660476,0.803,1.5573
0.619048,0.656,0.675566,0.803774,1.456093
0.619048,0.672002,0.675566,0.804561,1.362194
0.619048,0.696001,0.706907,0.805,1.264153
0.619048,0.736001,0.738247,0.80755,1.181292
0.52381,0.784002,0.768427,0.818345,1.093108
0.619048,0.728,0.691236,0.83821,1.002012
0.52381,0.680002,0.690075,0.868061,0.928559
0.571429,0.704001,0.690656,0.919436,0.852052
0.52381,0.664001,0.674405,0.966957,0.805925
0.52381,0.688,0.690075,1.026075,0.770993
0.47619,0.680002,0.673825,1.092644,0.745681
0.47619,0.680002,0.658154,1.168936,0.728034
0.52381,0.704001,0.705746,1.247722,0.71251
0.428571,0.656002,0.665409,1.330738,0.694574
0.333333,0.608002,0.625073,1.404371,0.679534
0.380952,0.600001,0.609983,1.488441,0.665453
0.333333,0.600001,0.609402,1.561407,0.661
0.380952,0.624,0.625653,1.647736,0.661
0.333333,0.608,0.609402,1.726373,0.661
0.285714,0.592001,0.593151,1.796923,0.66225
0.285714,0.592001,0.577481,1.858507,0.678074
0.380952,0.575999,0.578642,1.910919,0.715388
0.428571,0.552,0.563552,1.954043,0.75835
0.52381,0.592001,0.549042,1.968139,0.805228
0.428571,0.560001,0.547882,1.968139,0.85779
0.333333,0.528001,0.546721,1.968139,0.905836
0.380952,0.528001,0.531631,1.962445,0.963086
0.428571,0.511999,0.500871,1.922948,1.01571
0.52381,0.48,0.533372,1.872695,1.0728
0.52381,0.448,0.45502,1.813505,1.129642
0.619048,0.496001,0.487522,1.752687,1.189539
0.571429,0.48,0.486941,1.687988,1.258121
0.666667,0.48,0.488102,1.616529,1.327918
0.619048,0.471999,0.471851,1.543317,1.397058
0.619048,0.503999,0.518862,1.478828,1.454374
0.690476,0.484,0.504063,1.407528,1.525835
0.761905,0.464002,0.489263,1.349859,1.589139
0.761905,0.456001,0.457922,1.290825,1.641786
0.809524,0.464002,0.458503,1.233951,1.689889
0.809524,0.464002,0.458503,1.166853,1.754812
0.809524,0.456001,0.474173,1.067392,1.860907
0.857143,0.48,0.490424,1.011392,1.937919
0.857143,0.464002,0.474753,0.970642,1.999357
0.809524,0.456001,0.458503,0.953212,2.020707
0.809524,0.448,0.458503,0.953212,2.04611
0.809524,0.392001,0.442832,0.953212,2.079816
0.857143,0.392001,0.412072,0.954562,2.109258
0.904762,0.416,0.428323,1.034147,2.132191
0.904762,0.367999,0.381312,1.139337,2.149615
0.857143,0.320001,0.33372,1.204671,2.165886
0.809524,0.288001,0.301799,1.248909,2.181493
0.904762,0.312,0.31863,1.312293,2.261976
0.833333,0.26,0.270749,1.374375,2.288992
0.761905,0.208,0.222867,1.433688,2.308921
0.761905,0.191999,0.191526,1.487988,2.32611
0.746032,0.157332,0.159992,1.512174,2.33
0.730159,0.122665,0.128458,1.529537,2.33
0.714286,0.087998,0.096924,1.559102,2.33
0.619048,0.064,0.080093,1.631417,2.33
0.52381,0.088,0.094602,1.726447,2.309955
0.428571,0.112001,0.109112,1.798765,2.273939
0.47619,0.095999,0.125363,1.880811,2.216787
0.428571,0.159999,0.171793,1.935674,2.174323
0.380952,0.144001,0.171213,1.989943,2.117248
0.333333,0.216001,0.217644,2.045998,2.064054
0.321429,0.258001,0.26451,2.092375,1.994
0.309524,0.300001,0.311376,2.128406,1.913418
0.297619,0.342001,0.358241,2.166928,1.804325
0.285714,0.384,0.405107,2.183766,1.716497
0.190476,0.432002,0.435287,2.193119,1.633519
0.190476,0.439999,0.435287,2.20909,1.538323
0.238095,0.448,0.451538,2.226362,1.439729
0.190476,0.503999,0.513639,2.227385,1.329972
0.238095,0.52,0.514219,2.227385,1.230188
0.190476,0.560001,0.513639,2.227385,1.137965
0.238095,0.52,0.52989,2.220292,1.075671
0.285714,0.543999,0.54614,2.200596,1.028322
0.285714,0.528001,0.54614,2.1805,0.976372
0.333333,0.560001,0.562391,2.148431,0.924625
0.285714,0.600001,0.608822,2.105806,0.880046
0.333333,0.608002,0.625073,2.042625,0.834125
0.285714,0.640002,0.671503,1.985987,0.797673
0.238095,0.672002,0.717934,1.921084,0.765866
0.285714,0.688002,0.722432,1.845946,0.736402
0.333333,0.704001,0.72693,1.786042,0.712914
0.380952,0.720001,0.731428,1.706732,0.699398
0.428571,0.736001,0.735926,1.623931,0.683595
0.428571,0.784002,0.782937,1.547537,0.672715
0.428571,0.768001,0.767266,1.464125,0.672
0.460317,0.752,0.757206,1.387842,0.672
0.492063,0.736,0.747146,1.310552,0.672
0.52381,0.72,0.737086,1.255152,0.677736
0.428571,0.728,0.720255,1.237857,0.69089
0.428571,0.704001,0.704585,1.237857,0.704236
0.333333,0.688,0.703424,1.237857,0.722125
0.333333,0.664001,0.687754,1.237857,0.744589
0.428571,0.608002,0.610563,1.263698,0.779089
0.428571,0.584,0.626233,1.310655,0.818227
0.428571,0.543999,0.547882,1.373264,0.867361
0.52381,0.52,0.549042,1.434744,0.914152
0.428571,0.464002,0.46953,1.502527,0.974712
0.380952,0.448,0.453279,1.572,1.045875
0.47619,0.407999,0.376088,1.64344,1.120536
0.428571,0.367999,0.359837,1.705688,1.189063
0.380952,0.303999,0.312246,1.756083,1.266222
0.365079,0.277332,0.280712,1.801451,1.354952
0.349206,0.250665,0.249178,1.840059,1.433286
0.333333,0.223998,0.217644,1.885784,1.533662
0.380952,0.191999,0.186883,1.934451,1.617819
0.380952,0.159999,0.186883,1.971096,1.691068
0.428571,0.167999,0.191381,1.997448,1.772089
0.47619,0.175999,0.195879,2.00196,1.854903
0.52381,0.183998,0.200377,2.00196,1.918129
0.571429,0.191999,0.204875,2.00196,1.981593
0.571429,0.159999,0.173535,1.995051,2.032055
0.642857,0.172,0.18224,1.965561,2.075895
0.714286,0.184001,0.190946,1.894335,2.117515
0.809524,0.231999,0.254788,1.813062,2.150358
0.809524,0.248001,0.254788,1.717211,2.190875
0.857143,0.320001,0.33372,1.631548,2.223124
0.809524,0.327998,0.33314,1.531048,2.255298
0.809524,0.392001,0.411492,1.397086,2.27141
0.857143,0.448,0.443413,1.29677,2.27141
0.809524,0.399999,0.411492,1.203929,2.27141
0.809524,0.503999,0.521184,1.123547,2.270571
0.857143,0.511999,0.521764,1.041743,2.260073
0.809524,0.48,0.489843,0.961027,2.235032
0.809524,0.543999,0.536854,0.873285,2.192591
0.809524,0.543999,0.552525,0.80484,2.139117
0.761905,0.552,0.567615,0.767782,2.093028
0.761905,0.575999,0.583285,0.730759,2.034162
0.714286,0.608002,0.614045,0.701327,1.96301
0.714286,0.616,0.629716,0.690615,1.878808
0.714286,0.672002,0.676727,0.690615,1.784377
0.714286,0.656,0.739408,0.690615,1.678375
0.714286,0.712002,0.708067,0.692404,1.5815
0.666667,0.696001,0.723157,0.70515,1.467511
0.619048,0.751999,0.738247,0.719342,1.372119
0.52381,0.800001,0.799768,0.732699,1.270358
0.619048,0.751999,0.753918,0.74516,1.164322
0.571429,0.792,0.784678,0.755383,1.068759
0.52381,0.800001,0.784098,0.766872,0.974635
0.52381,0.848002,0.831109,0.781231,0.887151
0.52381,0.800001,0.799768,0.803743,0.809549
0.52381,0.784002,0.784098,0.837018,0.742565
0.47619,0.736001,0.736506,0.883403,0.683326
0.52381,0.76,0.768427,0.928171,0.644967
0.52381,0.784002,0.768427,0.987038,0.611222
0.52381,0.776002,0.768427,1.04725,0.6035
0.428571,0.751999,0.735926,1.106785,0.6035
0.52381,0.656,0.674405,1.185114,0.6035
0.47619,0.672002,0.673825,1.245286,0.606117
0.47619,0.624,0.658154,1.295688,0.633156
0.47619,0.640002,0.642484,1.330406,0.671708
0.571429,0.543999,0.549623,1.350625,0.71925
0.52381,0.511999,0.517702,1.367371,0.780447
0.47619,0.528001,0.517121,1.379633,0.857026
0.52381,0.464002,0.549042,1.381975,0.939506
0.619048,0.471999,0.456181,1.38235,1.045221
0.571429,0.439999,0.455601,1.38235,1.15754
0.666667,0.367999,0.37841,1.380591,1.266323
0.666667,0.352001,0.37841,1.372507,1.411663
0.666667,0.335999,0.347069,1.3675,1.515548
0.714286,0.312,0.331979,1.3675,1.633461
0.761905,0.287999,0.301219,1.3675,1.741442
0.809524,0.263999,0.270459,1.3675,1.817912
0.761905,0.248001,0.269878,1.372985,1.901953
0.809524,0.191999,0.207777,1.391084,1.986784
0.761905,0.184001,0.191526,1.422875,2.0595
0.666667,0.159999,0.174695,1.466472,2.11585
0.619048,0.159999,0.174115,1.529274,2.15869
0.571429,0.072,0.079512,1.586497,2.179351
0.52381,0.055999,0.078932,1.652845,2.186846
0.428571,0.015998,0.062101,1.689,2.187407
0.380952,0.032,0.061521,1.724125,2.187407
0.285714,0.095999,0.154382,1.806938,2.187407
0.261905,0.12,0.161927,1.874871,2.185579
0.238095,0.144001,0.169472,1.945463,2.167501
0.222222,0.178667,0.184949,2.017088,2.123135
0.206349,0.213334,0.200426,2.075233,2.081107
0.190476,0.248001,0.215902,2.120345,2.038551
0.261905,0.26,0.255949,2.153,1.991766
0.333333,0.272,0.295995,2.179703,1.940204
0.261905,0.34,0.357806,2.200184,1.858108
0.190476,0.407999,0.419617,2.233879,1.748336
0.238095,0.464002,0.451538,2.243609,1.653366
0.190476,0.456001,0.482298,2.245048,1.574387
0.238095,0.496001,0.514219,2.248427,1.486575
0.190476,0.524001,0.529309,2.248677,1.398412
0.142857,0.552,0.544399,2.247925,1.290712
0.190476,0.552,0.54498,2.244965,1.183026
0.285714,0.552,0.54614,2.242046,1.101155
0.190476,0.584,0.57632,2.231234,1.026191
0.190476,0.584,0.57632,2.203276,0.945375
0.238095,0.608002,0.592571,2.181299,0.890717
0.238095,0.608002,0.623912,2.15354,0.848814
0.257143,0.604802,0.617876,2.116157,0.816766
0.27619,0.601602,0.61184,2.057861,0.787398
0.295238,0.598401,0.605804,2.003432,0.77025
0.314286,0.595201,0.599768,1.94236,0.77
0.333333,0.592001,0.593732,1.887163,0.77
0.333333,0.584,0.593732,1.839479,0.77
0.333333,0.608002,0.593732,1.804089,0.777331
0.333333,0.543999,0.562391,1.782003,0.790306
0.380952,0.543999,0.547301,1.768125,0.81694
0.428571,0.511999,0.500871,1.767807,0.844375
0.380952,0.496001,0.50029,1.765658,0.903566
0.428571,0.496001,0.4852,1.764625,0.970375
0.452381,0.456001,0.446315,1.762597,1.047642
0.47619,0.416,0.407429,1.76069,1.12929
0.5,0.376,0.368543,1.74919,1.224888
0.52381,0.335999,0.329658,1.729109,1.327172
0.619048,0.34,0.338654,1.703334,1.427158
0.714286,0.344,0.347649,1.660595,1.546942
0.761905,0.327998,0.34823,1.611125,1.65
0.809524,0.327998,0.34881,1.556038,1.755338
0.809524,0.384,0.395821,1.495872,1.856424
0.857143,0.384,0.396402,1.43175,1.950604
0.809524,0.416,0.411492,1.356828,2.035557
0.809524,0.471999,0.474173,1.26475,2.118249
0.809524,0.488001,0.505514,1.184147,2.174625
0.857143,0.471999,0.490424,1.092168,2.218832
0.809524,0.503999,0.521184,1.010033,2.23187
0.761905,0.536002,0.583285,0.934983,2.23187
0.857143,0.552,0.600116,0.862973,2.23187
0.809524,0.600001,0.599536,0.779621,2.230072
0.809524,0.592001,0.599536,0.711605,2.204094
0.761905,0.536002,0.536274,0.658962,2.146522
0.761905,0.568002,0.567615,0.624475,2.078833
0.714286,0.592001,0.598375,0.612229,2.0056
0.666667,0.647999,0.660476,0.612229,1.917204
0.714286,0.72,0.723738,0.612229,1.838328
0.714286,0.672002,0.692397,0.613548,1.780929
0.714286,0.688,0.692397,0.627855,1.754212
0.666667,0.696001,0.691817,0.645818,1.683217
0.761905,0.72,0.708648,0.664937,1.589271
0.690476,0.72,0.723447,0.696706,1.519238
0.619048,0.72,0.738247,0.707286,1.446441
0.619048,0.728,0.738247,0.716676,1.365836
0.571429,0.736001,0.737667,0.729262,1.274785
0.571429,0.800001,0.800348,0.748445,1.192953
0.571429,0.768001,0.769008,0.778893,1.023996
0.52381,0.768001,0.768427,0.821318,0.89823
0.619048,0.816002,0.800929,0.86371,0.820724
0.52381,0.72,0.721416,0.898013,0.750911
0.428571,0.72,0.720255,0.948625,0.677125
0.333333,0.712002,0.719095,0.998711,0.635189
0.31746,0.701336,0.708454,1.060175,0.605062
0.301587,0.690669,0.697814,1.134222,0.582038
0.285714,0.680002,0.687174,1.201342,0.569999
0.285714,0.680002,0.671503,1.282251,0.567407
0.380952,0.660002,0.664829,1.361554,0.567407
0.47619,0.640002,0.658154,1.443375,0.567407
0.404762,0.624002,0.633778,1.576303,0.572098
0.333333,0.608002,0.609402,1.750942,0.590547
0.285714,0.575999,0.593151,1.822806,0.610324
0.238095,0.575999,0.576901,1.896047,0.636879
0.285714,0.568002,0.577481,1.969333,0.665331
0.238095,0.536002,0.52989,2.048222,0.701448
0.190476,0.511999,0.513639,2.124673,0.745487
0.190476,0.464002,0.482298,2.175702,0.801829
0.142857,0.399999,0.419037,2.205125,0.854471
0.142857,0.416,0.419037,2.235757,0.90655
0.238095,0.367999,0.388857,2.261621,0.961886
0.238095,0.335999,0.341846,2.285025,1.023842
0.238095,0.327998,0.341846,2.360887,1.098897
0.238095,0.352001,0.279164,2.411,1.162625
0.261905,0.342001,0.291207,2.411,1.241125
0.285714,0.332,0.30325,2.411,1.310048
0.309524,0.322,0.315293,2.41097,1.36815
0.333333,0.312,0.327336,2.398662,1.423426
0.380952,0.384,0.390598,2.376814,1.45943
0.428571,0.399999,0.391178,2.347707,1.479253
0.428571,0.335999,0.344167,2.266903,1.513165
0.47619,0.399999,0.407429,2.169164,1.55998
0.47619,0.416,0.43877,2.096449,1.582143
0.52381,0.488001,0.486361,2.014126,1.594766
0.571429,0.48,0.486941,1.919326,1.602634
0.52381,0.464002,0.45502,1.815268,1.609202
0.642857,0.496001,0.495647,1.707163,1.615353
0.761905,0.528001,0.536274,1.597351,1.623009
0.761905,0.488001,0.504933,1.480611,1.63225
0.761905,0.511999,0.504933,1.362008,1.639396
0.809524,0.503999,0.521184,1.274112,1.648625
0.761905,0.552,0.567615,1.186083,1.664959
0.809524,0.552,0.568195,1.114207,1.695077
0.809524,0.503999,0.521184,1.062116,1.725038
0.809524,0.52,0.521184,1.001504,1.770642
0.809524,0.488001,0.505514,0.947481,1.829425
0.761905,0.471999,0.504933,0.918522,1.87573
0.857143,0.456001,0.474753,0.913362,1.921702
0.857143,0.432002,0.443413,0.913362,1.966856
0.857143,0.360001,0.365061,0.913362,2.00494
0.809524,0.367999,0.395821,0.939805,2.042118
0.809524,0.295999,0.31747,1.067016,2.088156
0.809524,0.263999,0.301799,1.136856,2.127039
0.761905,0.272,0.269878,1.197593,2.160735
0.761905,0.248001,0.254208,1.271074,2.183862
0.666667,0.191999,0.206036,1.339286,2.196896
0.619048,0.208,0.205456,1.417182,2.203555
0.714286,0.144001,0.143935,1.491501,2.203805
0.714286,0.104,0.112594,1.527334,2.203805
0.619048,0.127999,0.127104,1.554237,2.203805
0.571429,0.112001,0.126524,1.60489,2.195131
0.47619,0.144001,0.141033,1.696519,2.176752
0.380952,0.159999,0.171213,1.768463,2.157976
0.47619,0.127999,0.141033,1.834751,2.132437
0.357143,0.159999,0.170923,1.899041,2.104599
0.238095,0.191999,0.200813,1.958901,2.083658
0.238095,0.191999,0.200813,2.01206,2.048788
0.333333,0.256001,0.295995,2.057257,2.001765
0.285714,0.288001,0.311085,2.08698,1.959282
0.238095,0.320001,0.326175,2.120638,1.894548
0.190476,0.344,0.356936,2.156429,1.811203
0.190476,0.392001,0.403947,2.19236,1.723588
0.190476,0.424001,0.419617,2.216265,1.64514
0.285714,0.407999,0.420778,2.229519,1.560825
0.190476,0.439999,0.435287,2.244424,1.46897
0.238095,0.471999,0.467208,2.258661,1.383252
0.238095,0.543999,0.482879,2.261071,1.291687
0.142857,0.511999,0.513059,2.261071,1.217097
0.238095,0.543999,0.52989,2.261071,1.150247
0.285714,0.575999,0.593151,2.252286,1.094358
0.333333,0.608002,0.609402,2.229443,1.022039
0.238095,0.640002,0.623912,2.204572,0.973189
0.285714,0.600001,0.608822,2.176659,0.927625
0.285714,0.680002,0.624492,2.147553,0.883519
0.285714,0.616,0.624492,2.106873,0.849831
0.333333,0.624,0.640743,2.045681,0.813698
0.285714,0.640002,0.640163,1.977532,0.787973
0.380952,0.680002,0.672664,1.913597,0.771711
0.380952,0.728,0.719675,1.855723,0.764709
0.428571,0.712002,0.704585,1.786209,0.757289
0.52381,0.72,0.721416,1.714732,0.756103
0.52381,0.72,0.721416,1.635308,0.756103
0.571429,0.712002,0.721997,1.549183,0.756103
0.52381,0.664001,0.674405,1.468846,0.757927
0.47619,0.688,0.673825,1.401434,0.769244
0.52381,0.688,0.690075,1.327715,0.79284
0.619048,0.656,0.644225,1.276142,0.8145
0.619048,0.688,0.675566,1.222456,0.846685
0.619048,0.664001,0.675566,1.16767,0.895572
0.666667,0.640002,0.660476,1.115726,0.96078
0.666667,0.616,0.629135,1.077804,1.027273
0.666667,0.616,0.629135,1.043029,1.104708
0.714286,0.608002,0.614045,1.013063,1.182204
0.666667,0.608002,0.613465,0.994539,1.238013
0.714286,0.592001,0.598375,0.978012,1.2948
0.714286,0.592001,0.598375,0.959842,1.35875
0.714286,0.592001,0.598375,0.954867,1.407708
0.714286,0.600001,0.598375,0.954867,1.444096
0.666667,0.568002,0.582124,0.954867,1.479855
0.571429,0.575999,0.565293,0.956131,1.482143
0.619048,0.575999,0.581544,0.974102,1.482143
0.571429,0.528001,0.580963,0.998104,1.482143
0.571429,0.511999,0.518282,1.022505,1.468583
0.571429,0.496001,0.502612,1.060633,1.438142
0.5,0.496001,0.493906,1.110875,1.407875
0.428571,0.496001,0.4852,1.174428,1.378084
0.380952,0.464002,0.48462,1.245527,1.350602
0.380952,0.456001,0.46895,1.3235,1.314833
0.333333,0.428,0.437028,1.422904,1.283139
0.285714,0.399999,0.405107,1.499788,1.26579
0.333333,0.392001,0.405688,1.602954,1.254578
0.285714,0.384,0.373767,1.711449,1.254438
0.238095,0.352001,0.357516,1.819,1.254438
0.190476,0.312,0.294254,1.90169,1.256688
0.190476,0.263999,0.262914,1.974022,1.275227
0.214286,0.243999,0.247533,2.043706,1.324013
0.238095,0.223998,0.232153,2.11099,1.383759
0.238095,0.191999,0.200813,2.163234,1.45077
0.238095,0.199999,0.200813,2.214375,1.532875
0.285714,0.151998,0.170052,2.233308,1.623331
0.404762,0.131999,0.171503,2.2365,1.725282
0.52381,0.112001,0.172954,2.2365,1.80185
0.571429,0.095999,0.126524,2.2365,1.878889
0.666667,0.127999,0.143355,2.226725,1.943663
0.714286,0.159999,0.206616,2.185689,2.014585
0.761905,0.24,0.238537,2.116383,2.088429
0.761905,0.248001,0.254208,2.032692,2.152946
0.809524,0.231999,0.254788,1.949808,2.204451
0.857143,0.288001,0.30238,1.8452,2.258182
0.857143,0.303999,0.30238,1.744312,2.303032
0.809524,0.376,0.380151,1.686021,2.336318
0.809524,0.399999,0.411492,1.598831,2.346645
0.809524,0.439999,0.458503,1.492667,2.346645
0.809524,0.448,0.458503,1.391017,2.346645
0.809524,0.48,0.458503,1.297624,2.341406
0.761905,0.592001,0.598955,1.202624,2.308834
0.761905,0.568002,0.583285,1.121755,2.259973
0.809524,0.664001,0.677887,1.044293,2.190882
0.714286,0.647999,0.645386,0.931894,2.108258
0.714286,0.656,0.661056,0.845329,2.022524
0.666667,0.688,0.691817,0.797401,1.92078
0.666667,0.680002,0.707487,0.757821,1.81137
0.619048,0.704001,0.722577,0.726516,1.697671
0.619048,0.751999,0.753918,0.70675,1.579792
0.571429,0.728,0.737667,0.705,1.464617
0.571429,0.688,0.721997,0.704127,1.39025
0.52381,0.751999,0.737086,0.698277,1.297372
0.52381,0.736001,0.737086,0.690033,1.192208
0.571429,0.751999,0.753337,0.688775,1.090065
0.47619,0.736001,0.720836,0.700871,0.994944
0.428571,0.72,0.720255,0.719344,0.892572
0.380952,0.728,0.719675,0.748076,0.811791
0.333333,0.672002,0.672084,0.769875,0.744658
0.428571,0.672002,0.673244,0.848011,0.690397
0.333333,0.664001,0.672084,0.913541,0.652491
0.333333,0.664001,0.672084,1.012344,0.625896
0.333333,0.656,0.640743,1.085867,0.603193
0.285714,0.640002,0.640163,1.33925,0.600242
0.238095,0.640002,0.639582,1.541125,0.600242
0.285714,0.629335,0.624492,1.620309,0.600242
0.333333,0.618669,0.609402,1.698932,0.607665
0.380952,0.608002,0.594312,1.767867,0.637662
0.333333,0.568002,0.562391,1.823676,0.675353
0.428571,0.503999,0.532211,1.865431,0.716198
0.428571,0.496001,0.500871,1.894795,0.756737
0.333333,0.468,0.476204,1.905232,0.803823
0.238095,0.439999,0.451538,1.909273,0.861
0.333333,0.407999,0.452699,1.911874,0.908474
0.380952,0.335999,0.359257,1.916453,0.994203
0.428571,0.320001,0.328497,1.92066,1.084521
0.428571,0.295999,0.265815,1.923043,1.167203
0.47619,0.256001,0.266396,1.923918,1.239682
0.492063,0.229334,0.240472,1.927249,1.334777
0.507937,0.202667,0.214548,1.936597,1.429606
0.52381,0.176,0.188624,1.943781,1.539903
0.52381,0.168,0.172954,1.944639,1.638608
0.571429,0.199999,0.204875,1.944639,1.731958
0.619048,0.223998,0.236796,1.944639,1.815082
0.666667,0.215999,0.229541,1.934212,1.901857
0.714286,0.208,0.222287,1.893609,1.992522
0.714286,0.199999,0.237957,1.848869,2.053176
0.809524,0.288001,0.301799,1.793329,2.108814
0.761905,0.28,0.285548,1.719535,2.161225
0.761905,0.272,0.269878,1.646655,2.202152
0.761905,0.263999,0.269878,1.573367,2.2375
0.761905,0.256001,0.285548,1.497405,2.263754
0.714286,0.303999,0.316309,1.436187,2.267
0.714286,0.303999,0.300638,1.389311,2.267
0.619048,0.303999,0.330818,1.359582,2.267
0.619048,0.320001,0.315148,1.351,2.264252
0.619048,0.399999,0.42484,1.351,2.230406
0.571429,0.399999,0.40859,1.351,2.165447
0.52381,0.416,0.42368,1.351877,2.088888
0.52381,0.464002,0.470691,1.36641,2.012131
0.619048,0.448,0.471851,1.383017,1.913
0.547619,0.48,0.502322,1.410846,1.812939
0.47619,0.511999,0.532792,1.441383,1.710794
0.47619,0.560001,0.564132,1.469892,1.611608
0.52381,0.560001,0.564713,1.490052,1.525788
0.428571,0.624,0.626233,1.503093,1.424681
0.380952,0.672002,0.672664,1.504,1.33339
0.47619,0.640002,0.642484,1.504,1.255021
0.52381,0.696001,0.674405,1.504,1.1848
0.47619,0.688,0.705165,1.499549,1.121476
0.47619,0.72,0.736506,1.473275,1.051376
0.47619,0.76,0.752176,1.439055,0.982006
0.571429,0.800001,0.800348,1.392682,0.903333
0.47619,0.736001,0.752176,1.3653,0.855408
0.47619,0.816002,0.814858,1.328843,0.808433
0.571429,0.804001,0.808183,1.291375,0.768875
0.666667,0.792,0.801509,1.249429,0.743797
0.619048,0.744002,0.753918,1.202931,0.743063
0.571429,0.76,0.753337,1.146383,0.743063
0.666667,0.736001,0.754498,1.095175,0.743063
0.666667,0.768001,0.785839,1.055645,0.753451
0.666667,0.751999,0.770168,1.0545,0.79675
0.666667,0.768001,0.770168,1.0545,0.836865
0.714286,0.76,0.770749,1.0545,0.87843
0.619048,0.768001,0.753918,1.073149,0.917343
0.619048,0.751999,0.753918,1.081429,0.931975
0.619048,0.751999,0.753918,1.08421,0.931975
0.52381,0.704001,0.690075,1.085169,0.931975
0.52381,0.696001,0.690075,1.085807,0.919974
0.47619,0.680002,0.658154,1.08275,0.86725
0.47619,0.656,0.658154,1.084549,0.83375
0.47619,0.656,0.673825,1.088351,0.80059
0.428571,0.640002,0.641904,1.093647,0.769435
0.52381,0.632001,0.658735,1.101655,0.749539
0.452381,0.588,0.603018,1.137912,0.748719
0.380952,0.543999,0.547301,1.201369,0.748719
0.333333,0.503999,0.51538,1.305899,0.748719
0.380952,0.511999,0.515961,1.41975,0.76743
0.333333,0.456001,0.452699,1.530625,0.784125
0.428571,0.424001,0.438189,1.632417,0.804663
0.357143,0.412,0.421648,1.732217,0.837495
0.285714,0.399999,0.405107,1.815461,0.888639
0.238095,0.327998,0.326175,1.902759,0.952608
0.190476,0.327998,0.325595,1.985595,1.016965
0.238095,0.24,0.263494,2.0485,1.083
0.285714,0.256001,0.232734,2.110258,1.162254
0.285714,0.184001,0.170052,2.160534,1.251218
0.333333,0.168,0.170633,2.190458,1.339875
0.380952,0.151998,0.171213,2.208426,1.425455
0.428571,0.127999,0.171793,2.208426,1.551023
0.547619,0.152,0.173244,2.208426,1.629317
0.666667,0.176,0.174695,2.207676,1.746372
0.666667,0.168,0.174695,2.179962,1.86055
0.761905,0.184001,0.207197,2.122212,1.95805
0.761905,0.295999,0.301219,2.056701,2.047207
0.714286,0.28,0.284968,1.992104,2.116357
0.809524,0.288001,0.301799,1.919277,2.170688
0.809524,0.335999,0.33314,1.819497,2.221426
0.809524,0.360001,0.364481,1.707162,2.260888
0.809524,0.399999,0.411492,1.606981,2.28425
0.809524,0.424001,0.442832,1.488919,2.286
0.809524,0.456001,0.505514,1.3785,2.286
0.809524,0.496001,0.505514,1.283238,2.286
0.761905,0.511999,0.520604,1.186977,2.275615
0.761905,0.496001,0.504933,1.111911,2.253994
0.809524,0.575999,0.583865,1.039,2.21825
0.761905,0.584,0.583285,0.969159,2.154823
0.714286,0.584,0.582705,0.910856,2.084084
0.714286,0.632001,0.614045,0.869382,2.01089
0.666667,0.632001,0.629135,0.82783,1.915902
0.666667,0.632001,0.629135,0.797625,1.823906
0.619048,0.647999,0.644225,0.788156,1.730971
0.52381,0.72,0.705746,0.788156,1.673565
0.595238,0.704,0.698781,0.788156,1.64622
0.666667,0.688,0.691817,0.788281,1.623245
0.666667,0.640002,0.644806,0.792,1.595692
0.666667,0.624,0.644806,0.797,1.567
0.619048,0.636,0.644225,0.83317,1.49984
0.571429,0.647999,0.643645,0.90815,1.431304
0.666667,0.592001,0.597795,0.953328,1.288327
0.761905,0.560001,0.567615,0.978193,1.241722
0.666667,0.511999,0.519443,0.990512,1.236984
0.714286,0.424001,0.426001,1.015685,1.236
0.714286,0.471999,0.473012,1.03525,1.236
0.714286,0.439999,0.457342,1.08,1.236375
0.714286,0.432002,0.426001,1.10863,1.249791
0.809524,0.367999,0.395821,1.119297,1.333264
0.761905,0.367999,0.379571,1.13225,1.505073
0.761905,0.320001,0.316889,1.140559,1.66659
0.809524,0.303999,0.301799,1.153658,1.7595
0.761905,0.303999,0.301219,1.163431,1.838902
0.809524,0.223998,0.239118,1.18504,1.923637
0.857143,0.176,0.192687,1.216787,1.995364
0.809524,0.184001,0.192107,1.251923,2.057896
0.714286,0.159999,0.175276,1.301095,2.109694
0.666667,0.176,0.190366,1.366996,2.160398
0.619048,0.104,0.127104,1.439449,2.195339
0.619048,0.136,0.158445,1.518077,2.221473
0.52381,0.095999,0.110273,1.582125,2.2255
0.452381,0.1,0.117237,1.647375,2.2255
0.380952,0.104,0.124202,1.699229,2.2255
0.380952,0.151998,0.155543,1.744093,2.222653
0.261905,0.199999,0.208938,1.794596,2.198827
0.142857,0.248001,0.262333,1.857307,2.155645
0.190476,0.248001,0.262914,1.92904,2.123591
0.238095,0.248001,0.263494,1.973783,2.072873
0.333333,0.312,0.311666,2.014889,2.014042
0.238095,0.352001,0.357516,2.051643,1.954953
0.190476,0.360001,0.372606,2.094059,1.887458
0.190476,0.376,0.341265,2.13471,1.807026
0.238095,0.432002,0.435868,2.165779,1.734907
0.190476,0.48,0.482298,2.1785,1.648742
0.190476,0.464002,0.466628,2.187918,1.541381
0.238095,0.471999,0.482879,2.19334,1.456215
0.190476,0.511999,0.529309,2.193737,1.370781
0.190476,0.552,0.591991,2.193737,1.283023
0.190476,0.592001,0.591991,2.193737,1.207352
0.190476,0.536002,0.56065,2.190102,1.16297
0.190476,0.584,0.57632,2.175762,1.09184
0.238095,0.584,0.592571,2.163819,1.026392
0.238095,0.600001,0.592571,2.14525,0.968875
0.309524,0.596001,0.601277,2.118,0.92175
0.380952,0.592001,0.609983,2.089835,0.888577
0.333333,0.543999,0.546721,2.05448,0.860893
0.333333,0.584,0.609402,2.009113,0.853917
0.428571,0.568002,0.594893,1.970785,0.853917
0.333333,0.575999,0.578062,1.925875,0.853917
0.352381,0.550399,0.556355,1.87671,0.855208
0.371429,0.524799,0.534649,1.837375,0.8655
0.390476,0.4992,0.512943,1.82,0.876887
0.409524,0.4736,0.491236,1.82,0.894
0.428571,0.448,0.46953,1.82,0.914494
0.404762,0.416,0.430064,1.820225,0.939243
0.380952,0.384,0.390598,1.832234,0.966194
0.428571,0.360001,0.359837,1.854283,1.004329
0.380952,0.320001,0.327916,1.877214,1.055192
0.428571,0.288001,0.297156,1.883823,1.126573
0.52381,0.284001,0.298317,1.883823,1.202335
0.619048,0.28,0.299478,1.883823,1.308625
0.619048,0.367999,0.252467,1.881863,1.399129
0.690476,0.367999,0.316019,1.852269,1.522895
0.761905,0.367999,0.379571,1.803835,1.648052
0.761905,0.352001,0.379571,1.743108,1.760875
0.857143,0.344,0.349391,1.668955,1.864393
0.809524,0.407999,0.411492,1.598247,1.94862
0.809524,0.407999,0.442832,1.52115,2.026302
0.809524,0.399999,0.427162,1.43508,2.093877
0.809524,0.456001,0.458503,1.336416,2.153582
0.809524,0.448,0.474173,1.227633,2.201724
0.857143,0.503999,0.506094,1.130794,2.229202
0.809524,0.496001,0.505514,1.038941,2.232591
0.809524,0.48,0.489843,0.955502,2.232591
0.809524,0.528001,0.552525,0.890494,2.232591
0.809524,0.528001,0.568195,0.834257,2.230181
0.809524,0.503999,0.521184,0.777256,2.206877
0.809524,0.552,0.568195,0.721444,2.17058
0.714286,0.552,0.551364,0.683711,2.124017
0.714286,0.552,0.551364,0.6478,2.056255
0.714286,0.600001,0.598375,0.635,1.97815
0.666667,0.608002,0.613465,0.635,1.902983
0.666667,0.672002,0.660476,0.635,1.824816
0.619048,0.664001,0.659896,0.636071,1.737596
0.571429,0.656,0.659315,0.646142,1.6674
0.619048,0.647999,0.644225,0.67361,1.593748
0.571429,0.616,0.627974,0.704064,1.59228
0.52381,0.688,0.674405,0.742086,1.574334
0.52381,0.688,0.690075,0.818882,1.540841
0.52381,0.656,0.658735,0.899027,1.505748
0.452381,0.672,0.673535,0.975923,1.501229
0.380952,0.688,0.688334,1.122834,1.501229
0.380952,0.608002,0.609983,1.243891,1.491038
0.428571,0.592001,0.610563,1.321448,1.44344
0.380952,0.608002,0.594312,1.410625,1.397875
0.380952,0.568002,0.562972,1.500657,1.360356
0.428571,0.568002,0.594893,1.584956,1.129238
0.333333,0.544001,0.554556,1.630059,0.835967
0.238095,0.52,0.514219,1.667158,0.817967
0.285714,0.496001,0.499129,1.686672,0.817967
0.333333,0.536002,0.53105,1.709631,0.817967
0.285714,0.52,0.53047,1.784808,0.846075
0.285714,0.496001,0.499129,1.865125,0.903375
0.380952,0.511999,0.515961,1.92975,0.961875
0.47619,0.48,0.485781,1.97375,1.016038
0.47619,0.464002,0.47011,1.978,1.065383
0.47619,0.464002,0.47011,1.978,1.113872
0.52381,0.468,0.470691,1.978,1.16583
0.571429,0.471999,0.471271,1.965412,1.213941
0.52381,0.464002,0.45502,1.918035,1.256176
0.619048,0.48,0.471851,1.844125,1.299
0.571429,0.48,0.518282,1.781881,1.338244
0.619048,0.464002,0.471851,1.710544,1.385757
0.619048,0.471999,0.456181,1.641972,1.433152
0.619048,0.456001,0.471851,1.574374,1.475171
0.619048,0.448,0.456181,1.507855,1.514325
0.666667,0.420001,0.433256,1.432383,1.554739
0.714286,0.392001,0.410331,1.386607,1.586704
0.714286,0.367999,0.39466,1.338875,1.632
0.666667,0.399999,0.40975,1.301188,1.672936
0.761905,0.367999,0.379571,1.26764,1.733965
0.809524,0.376,0.380151,1.251827,1.785944
0.857143,0.352001,0.365061,1.251202,1.85161
0.809524,0.295999,0.301799,1.251202,1.915875
0.714286,0.24,0.269298,1.251202,1.983989
0.714286,0.256001,0.269298,1.260622,2.012768
0.666667,0.184001,0.206036,1.284116,2.029256
0.619048,0.159999,0.174115,1.318506,2.059131
0.666667,0.119998,0.127684,1.360556,2.087434
0.571429,0.127999,0.142194,1.407471,2.104435
0.52381,0.112001,0.110273,1.470625,2.116775
0.52381,0.095999,0.125943,1.537,2.123911
0.47619,0.112001,0.109692,1.609517,2.127
0.380952,0.095999,0.108532,1.704108,2.127
0.333333,0.176,0.186303,1.7798,2.127
0.285714,0.151998,0.154382,1.856129,2.124625
0.238095,0.168,0.169472,1.92936,2.105772
0.285714,0.208,0.201393,2.001026,2.071208
0.333333,0.24,0.248984,2.053541,2.046059
0.238095,0.263999,0.279164,2.100986,2.01533
0.142857,0.303999,0.340685,2.138063,1.970312
0.142857,0.352001,0.372026,2.171903,1.906627
0.142857,0.335999,0.340685,2.192913,1.836294
0.190476,0.399999,0.388276,2.2066,1.772663
0.190476,0.392001,0.419617,2.218647,1.704546
0.190476,0.464002,0.466628,2.227705,1.641666
0.238095,0.439999,0.451538,2.23,1.566796
0.333333,0.471999,0.484039,2.23,1.4815
0.285714,0.48,0.467789,2.23,1.393387
0.285714,0.48,0.467789,2.2296,1.317814
0.285714,0.624,0.608822,2.221001,1.251404
0.285714,0.616,0.608822,2.200949,1.189094
0.238095,0.632001,0.623912,2.181459,1.14832
0.238095,0.656,0.702263,2.166522,1.105607
0.357143,0.668001,0.695879,2.150244,1.051187
0.47619,0.680002,0.689495,2.126481,0.997099
0.428571,0.688,0.704585,2.097696,0.943732
0.380952,0.680002,0.688334,2.061003,0.905419
0.428571,0.72,0.720255,2.016712,0.860175
0.428571,0.72,0.720255,1.974432,0.823383
0.428571,0.704001,0.720255,1.908076,0.78055
0.404762,0.680001,0.688624,1.829388,0.730144
0.380952,0.656,0.656994,1.753846,0.694799
0.333333,0.672002,0.672084,1.681125,0.678513
0.333333,0.656,0.656413,1.630547,0.677183
0.333333,0.656,0.656413,1.575028,0.677183
0.365079,0.618667,0.625459,1.542513,0.677183
0.396825,0.581333,0.594506,1.536769,0.681168
0.428571,0.543999,0.563552,1.536769,0.697123
0.333333,0.471999,0.468369,1.536769,0.723625
0.380952,0.439999,0.437609,1.541385,0.769764
0.380952,0.392001,0.406268,1.560762,0.828195
0.380952,0.376,0.374927,1.592955,0.902151
0.428571,0.392001,0.391178,1.626864,0.988235
0.52381,0.303999,0.313987,1.654443,1.057939
0.571429,0.28,0.298897,1.689969,1.159909
0.571429,0.295999,0.298897,1.717891,1.25058
0.619048,0.223998,0.252467,1.737125,1.360712
0.714286,0.208,0.222287,1.7375,1.469125
0.714286,0.208,0.222287,1.7375,1.57127
0.761905,0.208,0.254208,1.7375,1.66857
0.761905,0.28,0.301219,1.73276,1.762276
0.809524,0.28,0.301799,1.708132,1.865804
0.761905,0.320001,0.332559,1.668022,1.958336
0.857143,0.312,0.33372,1.617261,2.054112
0.857143,0.376,0.396402,1.564915,2.131363
0.809524,0.424001,0.427162,1.508266,2.195264
0.857143,0.424001,0.427742,1.458739,2.243085
0.809524,0.392001,0.395821,1.395043,2.284519
0.809524,0.432002,0.442832,1.320695,2.308724
0.761905,0.399999,0.426582,1.24075,2.310045
0.809524,0.399999,0.411492,1.153826,2.310045
0.761905,0.424001,0.426582,1.094246,2.310045
0.714286,0.464002,0.488683,1.041243,2.284674
0.714286,0.511999,0.504353,1.001859,2.245039
0.761905,0.552,0.567615,0.965482,2.194473
0.714286,0.584,0.567034,0.940304,2.137881
0.619048,0.616,0.612885,0.938679,2.05422
0.619048,0.575999,0.597214,0.938679,1.969472
0.619048,0.624,0.644225,0.938679,1.88245
0.619048,0.608002,0.628555,0.955399,1.789926
0.571429,0.688,0.690656,0.963113,1.682048
0.52381,0.736001,0.737086,0.963988,1.610686
0.571429,0.728,0.721997,0.964,1.522517
0.52381,0.712002,0.737086,0.964,1.451556
0.571429,0.72,0.706326,0.964,1.378531
0.47619,0.736001,0.752176,0.964125,1.27102
0.47619,0.704001,0.705165,0.967142,1.168359
0.47619,0.688,0.705165,0.974861,1.055375
0.428571,0.768001,0.767266,0.987609,0.957744
0.428571,0.768001,0.767266,0.998975,0.86812
0.380952,0.736001,0.735345,1.026803,0.777146
0.47619,0.751999,0.752176,1.061546,0.713348
0.428571,0.704001,0.704585,1.112021,0.653596
0.428571,0.688,0.688915,1.160494,0.617167
0.333333,0.672002,0.656413,1.217469,0.588568
0.380952,0.624,0.641323,1.281281,0.583034
0.333333,0.616,0.625073,1.344,0.583034
0.428571,0.624,0.610563,1.395628,0.583034
0.380952,0.576001,0.562972,1.438351,0.592462
0.333333,0.528001,0.51538,1.465889,0.613111
0.357143,0.536,0.531341,1.503068,0.641613
0.380952,0.543999,0.547301,1.546754,0.676255
0.380952,0.496001,0.453279,1.593628,0.717996
0.285714,0.416,0.420778,1.636113,0.774247
0.333333,0.407999,0.405688,1.679029,0.84431
0.333333,0.352001,0.358677,1.724926,0.912063
0.380952,0.344,0.343587,1.763277,0.973796
0.47619,0.272,0.282066,1.793843,1.042261
0.492063,0.258666,0.266589,1.82475,1.113281
0.507937,0.245333,0.251112,1.84475,1.198625
0.52381,0.231999,0.235636,1.854016,1.296774
0.428571,0.199999,0.218804,1.858988,1.39107
0.52381,0.159999,0.188624,1.868116,1.490301
0.47619,0.191999,0.188044,1.877281,1.56925
0.428571,0.208,0.203134,1.883,1.657939
0.52381,0.191999,0.172954,1.899875,1.741875
0.452381,0.159999,0.156413,1.92775,1.812125
0.380952,0.127999,0.139872,1.947875,1.86925
0.380952,0.112001,0.139872,1.974783,1.923154
0.285714,0.159999,0.170052,2.003792,1.94624
0.238095,0.136,0.138131,2.04245,1.964625
0.238095,0.178666,0.185142,2.077685,1.970054
0.238095,0.221333,0.232153,2.115178,1.976549
0.238095,0.263999,0.279164,2.151142,1.981355
0.238095,0.288001,0.294835,2.174375,1.982
0.238095,0.303999,0.310505,2.191295,1.981339
0.190476,0.295999,0.309925,2.201597,1.974909
0.190476,0.399999,0.403947,2.207625,1.969219
0.142857,0.416,0.419037,2.211615,1.952698
0.238095,0.439999,0.435868,2.220376,1.903941
0.333333,0.432002,0.452699,2.228616,1.847254
0.285714,0.464002,0.475624,2.231844,1.770757
0.238095,0.496001,0.498549,2.233977,1.653822
0.142857,0.528001,0.544399,2.235033,1.522289
0.190476,0.492001,0.513639,2.235283,1.439572
0.238095,0.456001,0.482879,2.235283,1.341463
0.238095,0.464002,0.482879,2.235283,1.249697
0.238095,0.448,0.451538,2.232571,1.176312
0.285714,0.432002,0.452118,2.205425,1.102303
0.238095,0.424001,0.435868,2.18125,1.056977
0.238095,0.456001,0.435868,2.163332,1.039908
0.285714,0.399999,0.405107,2.14723,1.039908
0.333333,0.384,0.390017,2.131362,1.039908
0.333333,0.327998,0.343006,2.11654,1.041927
0.238095,0.303999,0.310505,2.103158,1.071807
0.333333,0.327998,0.343006,2.088909,1.143531
0.380952,0.288001,0.296576,2.077449,1.217502
0.380952,0.28,0.280905,2.064638,1.294392
0.428571,0.272,0.281486,2.051812,1.368
0.571429,0.276,0.283227,2.034411,1.45462
0.714286,0.28,0.284968,2.012767,1.537278
0.666667,0.24,0.206036,1.991171,1.613399
0.666667,0.223998,0.237377,1.961349,1.698796
0.761905,0.24,0.254208,1.927252,1.776135
0.761905,0.24,0.254208,1.893266,1.819052
0.857143,0.272,0.286709,1.849743,1.890997
0.809524,0.327998,0.31747,1.79689,1.952075
0.809524,0.335999,0.34881,1.741074,1.996226
0.809524,0.367999,0.380151,1.662589,2.069267
0.857143,0.392001,0.412072,1.598814,2.126968
0.809524,0.432002,0.442832,1.529552,2.17783
0.857143,0.448,0.459083,1.448385,2.238661
0.857143,0.464002,0.490424,1.370375,2.272375
0.857143,0.488001,0.506094,1.2785,2.290795
0.857143,0.52,0.537435,1.193915,2.29092
0.809524,0.552,0.552525,1.107926,2.29092
0.809524,0.568002,0.568195,1.004175,2.29092
0.761905,0.568002,0.567615,0.919564,2.269758
0.714286,0.575999,0.598375,0.840538,2.229126
0.761905,0.672002,0.661637,0.767094,2.177759
0.761905,0.664001,0.661637,0.709625,2.113
0.666667,0.656,0.660476,0.680344,2.061043
0.666667,0.751999,0.738828,0.65515,1.982062
0.571429,0.736001,0.674985,0.651467,1.892641
0.690476,0.756001,0.723447,0.651467,1.796098
0.809524,0.776002,0.771909,0.651467,1.696685
0.666667,0.784001,0.778003,0.654483,1.592642
0.52381,0.792,0.784098,0.673619,1.506546
0.571429,0.784002,0.784678,0.710715,1.415943
0.571429,0.784002,0.784678,0.73495,1.316434
0.619048,0.784002,0.785258,0.758688,1.22821
0.52381,0.751999,0.752757,0.788582,1.136153
0.52381,0.751999,0.752757,0.822026,1.063074
0.47619,0.736001,0.736506,0.86714,0.979379
0.47619,0.72,0.736506,0.914296,0.900215
0.47619,0.736001,0.736506,0.965375,0.819
0.428571,0.76,0.767266,1.005547,0.740735
0.428571,0.751999,0.735926,1.05846,0.693631
0.428571,0.728,0.720255,1.1168,0.65766
0.428571,0.751999,0.751596,1.183633,0.628698
0.52381,0.72,0.705746,1.25845,0.622173
0.428571,0.712002,0.704585,1.3135,0.622173
0.47619,0.656,0.673825,1.365104,0.622173
0.47619,0.640002,0.642484,1.402954,0.624232
0.52381,0.640002,0.658735,1.420725,0.639347
0.571429,0.560001,0.580963,1.421,0.665552
0.52381,0.560001,0.564713,1.421,0.695875
0.47619,0.511999,0.532792,1.421,0.74844
0.571429,0.536002,0.533952,1.415149,0.819625
0.666667,0.496001,0.488102,1.399475,0.891725
0.666667,0.471999,0.472432,1.383567,0.974402
0.571429,0.407999,0.42426,1.363783,1.085829
0.666667,0.399999,0.39408,1.344496,1.176698
0.714286,0.384,0.39466,1.332068,1.260609
0.738095,0.332,0.355775,1.322225,1.3586
0.761905,0.28,0.316889,1.312875,1.46033
0.761905,0.263999,0.269878,1.311,1.556441
0.809524,0.24,0.223447,1.311,1.644672
0.785714,0.208,0.207487,1.311,1.717721
0.761905,0.176,0.191526,1.313347,1.805341
0.714286,0.159999,0.175276,1.336077,1.890944
0.714286,0.144001,0.159605,1.370627,1.974992
0.595238,0.092001,0.126814,1.410477,2.036385
0.47619,0.040001,0.094022,1.466375,2.097
0.47619,0.015998,0.0,1.53308,2.143541
0.412698,0.050665,0.046237,1.600479,2.180265
0.349206,0.085331,0.092474,1.673864,2.197034
0.285714,0.119998,0.138712,1.73,2.198
0.333333,0.208,0.217644,1.764031,2.198
0.333333,0.176,0.217644,1.853376,2.198
0.285714,0.191999,0.201393,1.933052,2.188544
0.261905,0.215999,0.224608,2.008705,2.156722
0.238095,0.24,0.247824,2.076394,2.111065
0.238095,0.24,0.232153,2.126541,2.061483
0.285714,0.191999,0.217063,2.174458,2.004817
0.380952,0.24,0.249565,2.209319,1.96148
0.47619,0.24,0.250725,2.218,1.904044
0.428571,0.223998,0.187464,2.218,1.867012
0.428571,0.256001,0.250145,2.218,1.834638
0.47619,0.184001,0.282066,2.217625,1.828725
0.595238,0.196001,0.252176,2.21,1.828725
0.714286,0.208,0.222287,2.190246,1.828725
0.761905,0.248001,0.254208,2.153204,1.83649
0.761905,0.256001,0.285548,2.099788,1.861799
0.809524,0.352001,0.364481,2.03877,1.895317
0.809524,0.312,0.33314,1.963849,1.940633
0.809524,0.464002,0.427162,1.882668,1.977809
0.809524,0.528001,0.474173,1.789192,2.01786
0.809524,0.464002,0.521184,1.703301,2.055178
0.809524,0.560001,0.568195,1.65716,2.089491
0.809524,0.552,0.568195,1.567367,2.109791
0.809524,0.584,0.615206,1.468065,2.109791
0.761905,0.616,0.614626,1.346803,2.109791
0.761905,0.664001,0.677307,1.230391,2.106067
0.714286,0.672002,0.692397,1.131,2.078384
0.666667,0.680002,0.676146,1.049445,2.042229
0.666667,0.704001,0.691817,0.964755,1.978685
0.619048,0.692002,0.691236,0.830861,1.892965
0.571429,0.680002,0.690656,0.735525,1.803075
0.619048,0.751999,0.753918,0.708106,1.710299
0.52381,0.704001,0.643064,0.707464,1.632951
0.571429,0.712002,0.706326,0.707464,1.522654
0.47619,0.696001,0.705165,0.707464,1.404157
0.52381,0.712002,0.705746,0.723346,1.299327
0.428571,0.700001,0.704585,0.764053,1.196241
0.333333,0.688,0.703424,0.812177,1.103326
0.349206,0.68,0.687947,0.870973,1.014934
0.365079,0.672001,0.67247,0.936313,0.936187
0.380952,0.664001,0.656994,1.011881,0.861088
0.380952,0.632001,0.641323,1.096863,0.794427
0.285714,0.640002,0.640163,1.184339,0.741913
0.285714,0.624,0.624492,1.287771,0.692053
0.285714,0.608,0.608822,1.382644,0.657096
0.285714,0.592001,0.593151,1.473211,0.631289
0.285714,0.576001,0.577481,1.575257,0.606746
0.285714,0.560001,0.561811,1.656778,0.603636
0.190476,0.52,0.529309,1.761826,0.603636
0.285714,0.488001,0.499129,1.855911,0.603636
0.238095,0.496001,0.498549,1.934322,0.606872
0.238095,0.439999,0.435868,2.01196,0.631924
0.190476,0.448,0.450958,2.073153,0.663835
0.190476,0.376,0.403947,2.128812,0.701273
0.190476,0.392001,0.403947,2.173399,0.75301
0.214286,0.354001,0.365061,2.196629,0.81123
0.238095,0.316001,0.326175,2.217,0.885375
0.261905,0.278,0.28729,2.229053,0.973564
0.285714,0.24,0.248404,2.241486,1.047203
0.380952,0.223998,0.233894,2.251771,1.136813
0.333333,0.159999,0.123622,2.262553,1.224749
0.238095,0.144001,0.185142,2.274172,1.319263
0.269841,0.176,0.206423,2.279713,1.394388
0.301587,0.208,0.227704,2.288431,1.477011
0.333333,0.24,0.248984,2.29762,1.580944
0.285714,0.223998,0.185723,2.29762,1.654186
0.333333,0.223998,0.233314,2.29762,1.760859
0.380952,0.248001,0.233894,2.296824,1.826187
0.365079,0.282667,0.280712,2.278021,1.86591
0.349206,0.317334,0.32753,2.245457,1.886
0.333333,0.352001,0.374347,2.227002,1.886
0.380952,0.352001,0.374927,2.20825,1.886
0.285714,0.399999,0.420778,2.179506,1.884869
0.380952,0.439999,0.437609,2.144316,1.854526
0.365079,0.472,0.473979,2.107695,1.777503
0.349206,0.504001,0.51035,2.069163,1.707383
0.333333,0.536002,0.546721,2.037403,1.651515
0.428571,0.616,0.563552,2.007377,1.572588
0.47619,0.592001,0.579803,1.969375,1.502875
0.380952,0.624,0.625653,1.925955,1.418916
0.380952,0.672002,0.656994,1.885441,1.328506
0.428571,0.672002,0.673244,1.848837,1.24805
0.47619,0.688,0.673825,1.803006,1.173978
0.47619,0.72,0.705165,1.764444,1.118121
0.428571,0.72,0.704585,1.717597,1.058879
0.380952,0.768001,0.813697,1.665847,1.001572
0.5,0.744,0.768137,1.608371,0.94751
0.619048,0.72,0.722577,1.573701,0.901609
0.571429,0.672002,0.674985,1.548375,0.859049
0.571429,0.712002,0.690656,1.485371,0.830189
0.619048,0.680001,0.675566,1.421209,0.825
0.666667,0.647999,0.660476,1.357218,0.825
0.571429,0.656,0.643645,1.304609,0.825
0.666667,0.575999,0.582124,1.253767,0.825625
0.714286,0.568002,0.582705,1.208033,0.849638
0.714286,0.552,0.567034,1.135888,0.906288
0.714286,0.536002,0.567034,1.055927,0.960853
0.809524,0.543999,0.552525,1.015608,1.048913
0.761905,0.528001,0.551944,0.993236,1.116861
0.809524,0.528001,0.552525,0.971977,1.203835
0.809524,0.496001,0.521184,0.951836,1.309579
0.714286,0.511999,0.535694,0.93969,1.391524
0.809524,0.503999,0.505514,0.921329,1.485692
0.809524,0.439999,0.521184,0.901846,1.577822
0.809524,0.471999,0.474173,0.884077,1.654577
0.809524,0.432002,0.427162,0.876,1.751721
0.761905,0.407999,0.410911,0.876,1.833948
0.761905,0.399999,0.410911,0.876,1.882101
0.761905,0.407999,0.410911,0.877228,1.927734
0.714286,0.432002,0.441672,0.898987,1.966275
0.714286,0.432002,0.457342,0.985648,1.9755
0.714286,0.496001,0.504353,1.038616,1.9755
0.714286,0.496001,0.504353,1.078571,1.9755
0.619048,0.48,0.597214,1.117301,1.972157
0.571429,0.528001,0.518282,1.145287,1.94747
0.571429,0.528001,0.533952,1.146205,1.916092
0.571429,0.560001,0.533952,1.146455,1.874844
0.5,0.580001,0.564423,1.152848,1.82275
0.428571,0.600001,0.594893,1.162144,1.760692
0.380952,0.600001,0.594312,1.169412,1.684855
0.285714,0.608002,0.608822,1.169787,1.604266
0.333333,0.616,0.609402,1.169787,1.524825
0.428571,0.575999,0.594893,1.183654,1.440116
0.380952,0.608002,0.594312,1.219794,1.332288
0.380952,0.616,0.594312,1.263063,1.238437
0.333333,0.628001,0.609402,1.321299,1.141009
0.285714,0.640002,0.624492,1.382861,1.055895
0.190476,0.608002,0.623331,1.444188,0.981914
0.214286,0.572002,0.584446,1.509757,0.916799
0.238095,0.536002,0.54556,1.575018,0.859875
0.238095,0.52,0.52989,1.648505,0.811376
0.333333,0.488001,0.49971,1.734857,0.783979
0.333333,0.439999,0.437028,1.802451,0.783823
0.285714,0.407999,0.405107,1.876605,0.783823
0.285714,0.383999,0.384214,1.931172,0.783823
0.285714,0.359999,0.36332,1.977625,0.810426
0.285714,0.335999,0.342426,2.014653,0.851978
0.222222,0.303999,0.310311,2.051619,0.913538
0.15873,0.272,0.278197,2.082,0.99
0.095238,0.24,0.246082,2.115809,1.080092
0.238095,0.199999,0.216483,2.144255,1.175943
0.380952,0.159999,0.186883,2.15849,1.265768
0.428571,0.159999,0.156123,2.167859,1.366342
0.47619,0.127999,0.156703,2.169211,1.464309
0.571429,0.136,0.157864,2.169211,1.531716
0.6,0.1488,0.173883,2.169211,1.622852
0.628571,0.1616,0.189901,2.165375,1.685867
0.657143,0.1744,0.20592,2.145625,1.765875
0.685714,0.187199,0.221938,2.120263,1.846777
0.714286,0.199999,0.237957,2.081207,1.923418
0.761905,0.248001,0.269878,2.027017,1.997467
0.761905,0.24,0.269878,1.964496,2.055645
0.761905,0.24,0.254208,1.902304,2.119303
0.761905,0.231999,0.254208,1.835767,2.160419
0.761905,0.208,0.222867,1.761875,2.20125
0.666667,0.208,0.237377,1.674,2.223984
0.619048,0.199999,0.252467,1.597095,2.224984
0.547619,0.256,0.282937,1.537652,2.224984
0.47619,0.312,0.313407,1.500773,2.224984
0.428571,0.28,0.281486,1.49769,2.215116
0.47619,0.303999,0.329077,1.49769,2.197758
0.380952,0.303999,0.327916,1.49769,2.166781
0.357143,0.324,0.343297,1.511095,2.123013
0.333333,0.344,0.358677,1.559577,2.06769
0.238095,0.352001,0.357516,1.623867,2.002473
0.142857,0.367999,0.387696,1.683625,1.930209
0.095238,0.399999,0.387115,1.745749,1.852945
0.166667,0.448,0.434997,1.813145,1.774801
0.238095,0.496001,0.482879,1.893651,1.683936
0.238095,0.528001,0.514219,1.965885,1.597167
0.190476,0.511999,0.513639,2.031462,1.518658
0.238095,0.552,0.52989,2.076659,1.454938
0.190476,0.624,0.623331,2.118678,1.387055
0.190476,0.647999,0.639002,2.147507,1.33365
0.285714,0.624,0.624492,2.179847,1.271576
0.285714,0.647999,0.655833,2.1813,1.209389
0.238095,0.664001,0.655252,2.1813,1.1356
0.238095,0.72,0.717934,2.1813,1.063873
0.333333,0.704001,0.703424,2.175236,0.990523
0.333333,0.680002,0.719095,2.140375,0.910125
0.238095,0.840001,1.0,2.093942,0.851305
0.238095,0.640002,0.639582,2.051667,0.811146
0.285714,0.632001,0.640163,1.997164,0.751924
0.285714,0.608002,0.608822,1.932434,0.704494
0.285714,0.575999,0.54614,1.871875,0.677864
0.333333,0.572,0.554556,1.798615,0.677864
0.380952,0.568002,0.562972,1.748762,0.677864
0.380952,0.464002,0.46895,1.725136,0.679932
0.333333,0.448,0.452699,1.719849,0.693571
0.452381,0.416,0.430644,1.719697,0.719647
0.571429,0.384,0.40859,1.719697,0.765791
0.47619,0.352001,0.360418,1.719697,0.836735
0.52381,0.344,0.353163,1.721273,0.907551
0.571429,0.335999,0.345908,1.726738,1.001625
0.642857,0.319999,0.331109,1.726738,1.103125
0.714286,0.303999,0.316309,1.726738,1.196943
0.714286,0.384,0.36332,1.726113,1.303562
0.761905,0.344,0.285548,1.711458,1.414258
0.714286,0.416,0.426001,1.692146,1.524266
0.761905,0.364,0.450087,1.673043,1.628739
0.809524,0.312,0.474173,1.634374,1.739852
0.857143,0.376,0.412072,1.575768,1.851415
0.857143,0.456001,0.427742,1.520159,1.933321
0.857143,0.456001,0.459083,1.440192,2.022142
0.857143,0.503999,0.521764,1.361386,2.089387
0.857143,0.503999,0.521764,1.276944,2.150764
0.857143,0.488001,0.506094,1.189042,2.204771
0.761905,0.448,0.473593,1.113768,2.241022
0.809524,0.496001,0.521184,1.035944,2.251674
0.761905,0.496001,0.520604,0.957361,2.251674
0.761905,0.560001,0.551944,0.893705,2.251674
0.666667,0.640002,0.644806,0.836752,2.250755
0.666667,0.656,0.644806,0.795956,2.219211
0.666667,0.647999,0.660476,0.769596,2.172847
0.619048,0.632001,0.644225,0.756818,2.116212
0.666667,0.664001,0.660476,0.7565,2.05718
0.619048,0.728,0.722577,0.7565,1.962
0.666667,0.736001,0.738828,0.7565,1.886481
0.619048,0.744,0.753918,0.767318,1.859801
0.571429,0.751999,0.769008,0.783908,1.82591
0.47619,0.751999,0.752176,0.804808,1.74328
0.52381,0.751999,0.752757,0.821952,1.647157
0.571429,0.744002,0.753337,0.841366,1.538941
0.52381,0.736001,0.744922,0.860596,1.430216
0.47619,0.728,0.736506,0.883482,1.356311
0.52381,0.72,0.721416,0.926302,1.277024
0.47619,0.736001,0.736506,0.954793,1.114088
0.428571,0.768001,0.767266,0.987315,0.946176
0.52381,0.751999,0.752757,1.021633,0.860842
0.47619,0.751999,0.736506,1.053262,0.811605
0.428571,0.736001,0.735926,1.090171,0.774212
0.428571,0.72,0.720255,1.140656,0.737162
0.47619,0.688,0.705165,1.19286,0.711469
0.428571,0.688,0.704585,1.244353,0.68564
0.47619,0.656,0.658154,1.286385,0.667256
0.52381,0.640002,0.627394,1.322266,0.666881
0.52381,0.568002,0.580383,1.341875,0.666881
0.571429,0.575999,0.565293,1.350286,0.666881
0.571429,0.552,0.565293,1.352146,0.673133
0.619048,0.528001,0.518862,1.352184,0.703794
0.619048,0.511999,0.503192,1.352184,0.758293
0.666667,0.464002,0.472432,1.352146,0.823064
0.714286,0.439999,0.457342,1.348789,0.904772
0.714286,0.432002,0.410331,1.334176,0.983147
0.761905,0.404001,0.403076,1.319504,1.074976
0.809524,0.376,0.395821,1.304425,1.18665
0.714286,0.303999,0.316309,1.292625,1.29725
0.714286,0.272,0.300638,1.281919,1.400682
0.761905,0.248001,0.254208,1.271471,1.509507
0.714286,0.223998,0.222287,1.2711,1.604203
0.666667,0.191999,0.206036,1.2711,1.695148
0.571429,0.176,0.189205,1.2711,1.785599
0.47619,0.168,0.172374,1.287525,1.873099
0.380952,0.159999,0.171213,1.330881,1.947485
0.47619,0.199999,0.203714,1.381088,2.001568
0.380952,0.223999,0.223447,1.39603,2.012515
0.285714,0.248,0.24318,1.475979,2.042059
0.190476,0.272,0.262914,1.561237,2.0475
0.142857,0.256001,0.262333,1.650375,2.0475
0.142857,0.352001,0.356355,1.742362,2.0475
0.238095,0.312,0.279164,1.83415,2.038237
0.190476,0.367999,0.388276,1.931849,1.978333
0.190476,0.376,0.372606,2.011539,1.873735
0.190476,0.360001,0.356936,2.07338,1.814351
0.214286,0.348,0.349391,2.113154,1.761768
0.238095,0.335999,0.341846,2.144955,1.697304
0.285714,0.344,0.342426,2.168875,1.621625
0.309524,0.34,0.342716,2.1735,1.53975
0.333333,0.335999,0.343006,2.1735,1.472625
0.380952,0.384,0.374927,2.1735,1.441492
0.380952,0.352001,0.374927,2.172512,1.419582
0.47619,0.38,0.376088,2.162636,1.413742
0.571429,0.407999,0.377249,2.138347,1.413742
0.666667,0.320001,0.331399,2.106339,1.414867
0.619048,0.303999,0.330818,2.064508,1.417056
0.666667,0.327998,0.362739,2.00025,1.445875
0.714286,0.352001,0.36332,1.928544,1.493568
0.714286,0.367999,0.39466,1.8547,1.546377
0.714286,0.416,0.410331,1.774286,1.598548
0.714286,0.439999,0.504353,1.692372,1.654923
0.761905,0.48,0.489263,1.63058,1.694845
0.761905,0.488001,0.504933,1.54771,1.740994
0.809524,0.528001,0.536854,1.4675,1.782375
0.809524,0.552,0.568195,1.388976,1.829415
0.809524,0.568002,0.568195,1.3192,1.863169
0.714286,0.575999,0.598375,1.2422,1.880213
0.761905,0.632001,0.661637,1.178112,1.881
0.714286,0.616,0.614045,1.113777,1.881
0.666667,0.672002,0.660476,1.038903,1.881
0.619048,0.712002,0.722577,0.969515,1.863964
0.619048,0.736001,0.738247,0.905507,1.834524
0.619048,0.744002,0.722577,0.848112,1.787086
0.619048,0.728,0.753918,0.804448,1.729394
0.666667,0.76,0.754498,0.775979,1.673119
0.571429,0.736001,0.737667,0.758411,1.643218
0.571429,0.712002,0.721997,0.757161,1.610015
0.619048,0.736001,0.738247,0.757161,1.600243
0.547619,0.712001,0.713871,0.757161,1.575952
0.47619,0.688,0.689495,0.765344,1.55549
0.428571,0.72,0.704585,0.784521,1.528113
0.380952,0.76,0.751016,0.818823,1.491046
0.380952,0.696001,0.688334,0.85845,1.433508
0.380952,0.672001,0.667441,0.903734,1.37587
0.380952,0.648,0.646547,0.962952,1.224763
0.380952,0.624,0.625653,1.026669,1.148936
0.333333,0.624,0.625073,1.116525,1.092356
0.285714,0.624,0.608822,1.227318,0.79811
0.238095,0.608002,0.608241,1.310447,0.733152
0.238095,0.608002,0.608241,1.387551,0.709771
0.190476,0.616,0.623331,1.457738,0.688234
0.142857,0.608002,0.607081,1.544472,0.675
0.238095,0.600001,0.608241,1.63167,0.675
0.285714,0.600001,0.593151,1.709915,0.675
0.285714,0.584,0.577481,1.79289,0.675875
0.380952,0.592001,0.594312,1.876313,0.689116
0.380952,0.575999,0.578642,1.939497,0.710949
0.380952,0.543999,0.562972,1.980399,0.728851
0.380952,0.496001,0.515961,2.013179,0.747482
0.428571,0.543999,0.516541,2.016,0.766174
0.52381,0.543999,0.549042,2.016,0.78331
0.52381,0.543999,0.549042,2.016,0.806456
0.52381,0.543999,0.564713,2.004316,0.827128
0.52381,0.543999,0.549042,1.961729,0.862875
0.47619,0.543999,0.548462,1.907422,0.909133
0.47619,0.543999,0.548462,1.843419,0.96699
0.52381,0.511999,0.517702,1.78933,1.028757
0.428571,0.448,0.45386,1.735201,1.093979
0.47619,0.416,0.423099,1.688894,1.139543
0.47619,0.416,0.407429,1.661,1.1815
0.452381,0.371999,0.383633,1.647702,1.230412
0.428571,0.327998,0.359837,1.647702,1.263972
0.333333,0.344,0.343006,1.647702,1.292736
0.380952,0.295999,0.312246,1.649452,1.320092
0.428571,0.320001,0.312826,1.678109,1.362355
0.309524,0.284001,0.28787,1.717041,1.392318
0.190476,0.248001,0.262914,1.767625,1.431875
0.266667,0.2368,0.25444,1.804027,1.495886
0.342857,0.2256,0.245966,1.867609,1.533228
0.419048,0.214399,0.237493,1.924103,1.582516
0.495238,0.203199,0.229019,1.978439,1.639493
0.571429,0.191999,0.220546,2.012828,1.686168
0.619048,0.208,0.236796,2.031969,1.720666
0.619048,0.216001,0.236796,2.033,1.753452
0.714286,0.223998,0.237957,2.033,1.812725
0.761905,0.263999,0.269878,2.033,1.860407
0.761905,0.320001,0.316889,1.996473,1.922629
0.809524,0.335999,0.34881,1.932019,1.995365
0.857143,0.360001,0.365061,1.854414,2.048
0.809524,0.335999,0.34881,1.771025,2.097642
0.857143,0.384,0.396402,1.684456,2.131359
0.809524,0.367999,0.380151,1.603538,2.162937
0.809524,0.407999,0.427162,1.515858,2.188323
0.761905,0.399999,0.410911,1.431348,2.205751
0.761905,0.424001,0.457922,1.357323,2.208
0.761905,0.407999,0.426582,1.275012,2.208
0.666667,0.464002,0.472432,1.199984,2.208
0.666667,0.511999,0.503772,1.130934,2.206139
0.714286,0.511999,0.535694,1.072127,2.190472
0.619048,0.568002,0.565873,1.028905,2.165758
0.666667,0.616,0.597795,0.996453,2.129244
0.666667,0.600001,0.597795,0.975629,2.075658
0.619048,0.680002,0.675566,0.969775,2.015024
0.619048,0.640002,0.644225,0.967794,1.957552
0.619048,0.640002,0.644225,0.966561,1.878418
0.571429,0.736001,0.721997,0.96425,1.792668
0.571429,0.72,0.721997,0.961291,1.709252
0.571429,0.704001,0.721997,0.955773,1.657393
0.47619,0.76,0.752176,0.947694,1.627067
0.52381,0.751999,0.752757,0.941692,1.602098
0.428571,0.736001,0.735926,0.941567,1.547942
0.47619,0.816002,0.814858,0.941567,1.466875
0.428571,0.768001,0.814277,0.941567,1.386617
0.428571,0.704001,0.704585,0.948405,1.349546
0.47619,0.672002,0.689495,0.972989,1.32637
0.428571,0.672002,0.688915,0.998869,1.287407
0.428571,0.696001,0.688915,1.039357,1.117012
0.428571,0.672002,0.688915,1.079439,0.970218
0.380952,0.688,0.672664,1.122244,0.912596
0.380952,0.647999,0.656994,1.173705,0.872739
0.380952,0.640002,0.641323,1.238102,0.840285
0.380952,0.608002,0.594312,1.306044,0.816341
0.428571,0.600001,0.594893,1.374625,0.711913
0.380952,0.560001,0.562972,1.434187,0.699316
0.452381,0.536,0.540337,1.492254,0.699316
0.52381,0.511999,0.517702,1.524992,0.699316
0.619048,0.496001,0.503192,1.54656,0.726348
0.619048,0.511999,0.503192,1.552,0.775875
0.666667,0.488001,0.503772,1.552,0.833758
0.619048,0.48,0.471851,1.552,0.888402
0.619048,0.432002,0.42484,1.5515,0.915391
0.571429,0.376,0.392919,1.53261,0.970088
0.666667,0.335999,0.362739,1.500593,1.051957
0.714286,0.344,0.316309,1.457297,1.154229
0.714286,0.327998,0.331979,1.425862,1.241931
0.666667,0.295999,0.347069,1.3946,1.346981
0.761905,0.248001,0.254208,1.367654,1.460077
0.714286,0.248001,0.253627,1.355,1.563333
0.761905,0.184001,0.207197,1.355,1.672671
0.714286,0.191999,0.206616,1.355,1.763713
0.714286,0.159999,0.175276,1.355,1.831044
0.619048,0.136,0.158445,1.376128,1.89529
0.571429,0.136,0.157864,1.40861,1.95914
0.571429,0.144001,0.157864,1.448107,2.01462
0.47619,0.144001,0.141033,1.495491,2.071228
0.428571,0.0,0.03076,1.551083,2.127083
0.365079,0.056,0.076997,1.606962,2.167127
0.301587,0.112,0.123235,1.663755,2.197143
0.238095,0.168,0.169472,1.730698,2.201351
0.238095,0.176,0.185142,1.796053,2.201351
0.285714,0.216001,0.232734,1.871318,2.201351
0.238095,0.24,0.247824,1.954404,2.196366
0.238095,0.303999,0.326175,2.030248,2.175972
0.190476,0.320001,0.325595,2.100528,2.127726
0.238095,0.320001,0.341846,2.147985,2.081111
0.190476,0.360001,0.356936,2.189878,2.023186
0.142857,0.432002,0.434707,2.225727,1.954687
0.142857,0.448,0.450377,2.244731,1.898573
0.142857,0.464002,0.466048,2.264871,1.829089
0.142857,0.432002,0.450377,2.282779,1.751687
0.190476,0.48,0.466628,2.297488,1.653328
0.095238,0.568002,0.57516,2.309739,1.571617
0.142857,0.528001,0.528729,2.325422,1.497406
0.190476,0.536002,0.54498,2.336626,1.417792
0.190476,0.560001,0.54498,2.346681,1.332274
0.238095,0.560001,0.56123,2.352726,1.24578
0.238095,0.600001,0.608241,2.352726,1.19095
0.142857,0.608002,0.607081,2.352726,1.131436
0.238095,0.632001,0.623912,2.352453,1.06343
0.285714,0.656,0.640163,2.345161,0.994477
0.380952,0.704001,0.704005,2.332795,0.934311
0.380952,0.656,0.656994,2.316,0.870375
0.380952,0.664001,0.656994,2.295396,0.815177
0.428571,0.640002,0.641904,2.25525,0.775375
0.428571,0.664001,0.657574,2.213444,0.74675
0.428571,0.688,0.688915,2.153054,0.721181
0.52381,0.72,0.705746,2.082806,0.695159
0.52381,0.688,0.705746,2.023047,0.682061
0.52381,0.688,0.690075,1.935782,0.678873
0.571429,0.704001,0.706326,1.86099,0.678873
0.571429,0.704001,0.706326,1.771835,0.678873
0.571429,0.688,0.706326,1.690604,0.681936
0.619048,0.704001,0.691236,1.608552,0.69752
0.666667,0.672002,0.676146,1.532975,0.719225
0.650794,0.661335,0.665506,1.474982,0.74048
0.634921,0.650668,0.654866,1.40275,0.774625
0.619048,0.640002,0.644225,1.326747,0.813279
0.714286,0.616,0.645386,1.252861,0.857343
0.761905,0.656,0.661637,1.192164,0.906139
0.761905,0.608002,0.614626,1.13988,0.976023
0.761905,0.608002,0.614626,1.088045,1.048389
0.761905,0.616,0.630296,1.039865,1.112843
0.761905,0.592001,0.598955,0.989153,1.177454
0.761905,0.552,0.567615,0.934922,1.250712
0.761905,0.600001,0.614626,0.888125,1.324625
0.857143,0.552,0.537435,0.841358,1.409949
0.809524,0.528001,0.521184,0.80543,1.48904
0.857143,0.543999,0.553105,0.779902,1.547149
0.857143,0.488001,0.506094,0.75952,1.585551
0.857143,0.488001,0.490424,0.739253,1.638141
0.857143,0.48,0.490424,0.728161,1.692649
0.809524,0.448,0.458503,0.728161,1.752905
0.809524,0.432002,0.442832,0.728161,1.803469
0.809524,0.352001,0.380151,0.728161,1.85475
0.809524,0.392001,0.395821,0.736415,1.9115
0.809524,0.528001,0.380151,0.754505,1.959415
0.714286,0.439999,0.441672,0.777591,1.989324
0.714286,0.456001,0.457342,0.805985,2.029342
0.714286,0.442667,0.452118,0.847358,2.052617
0.714286,0.429334,0.446895,0.903132,2.053242
0.714286,0.416,0.441672,0.94375,2.053242
0.595238,0.436,0.455891,0.986393,2.049746
0.47619,0.456001,0.47011,1.038079,2.030612
0.428571,0.511999,0.532211,1.081676,1.993348
0.428571,0.528001,0.532211,1.118513,1.941551
0.428571,0.560001,0.579222,1.155186,1.88299
0.428571,0.575999,0.579222,1.181824,1.825227
0.47619,0.592001,0.595473,1.207897,1.767591
0.47619,0.592001,0.579803,1.235982,1.695808
0.380952,0.616,0.609983,1.260625,1.659111
0.285714,0.608002,0.608822,1.288238,1.62011
0.333333,0.632001,0.640743,1.318113,1.588951
0.333333,0.664001,0.656413,1.34247,1.553975
0.238095,0.624,0.639582,1.365653,1.5042
0.333333,0.656,0.656413,1.391533,1.423058
0.285714,0.632001,0.640163,1.422826,1.332488
0.333333,0.624,0.625073,1.457939,1.242726
0.285714,0.616001,0.616657,1.500262,1.154805
0.238095,0.608002,0.608241,1.546767,1.053159
0.238095,0.575999,0.576901,1.599539,0.782355
0.238095,0.536002,0.52989,1.667988,0.734867
0.333333,0.496001,0.49971,1.746528,0.702854
0.285714,0.496001,0.499129,1.822836,0.6984
0.190476,0.448,0.450958,1.886125,0.6984
0.285714,0.416,0.436448,1.93675,0.6984
0.380952,0.399999,0.406268,1.97035,0.7017
0.47619,0.335999,0.344748,1.991693,0.732952
0.428571,0.335999,0.344167,1.997597,0.772074
0.47619,0.263999,0.282066,2.00083,0.8275
0.380952,0.256001,0.249565,2.003747,0.891507
0.285714,0.199999,0.217063,2.004,0.968375
0.333333,0.195999,0.209808,2.003754,1.069462
0.380952,0.191999,0.202554,2.003,1.155125
0.47619,0.223998,0.235055,2.003,1.243185
0.47619,0.223998,0.235055,2.003065,1.347843
0.571429,0.256001,0.251886,2.003948,1.451351
0.571429,0.24,0.236216,2.003504,1.550521
0.571429,0.199999,0.236216,2.002847,1.64529
0.52381,0.288001,0.298317,2.000618,1.71611
0.595238,0.252001,0.260012,1.99777,1.80517
0.666667,0.216001,0.221706,1.979506,1.884423
0.619048,0.24,0.236796,1.956537,1.944901
0.714286,0.216001,0.222287,1.935734,1.983077
0.619048,0.367999,0.362159,1.913344,2.016797
0.571429,0.288001,0.314568,1.869646,2.038944
0.571429,0.303999,0.314568,1.811271,2.051777
0.619048,0.303999,0.315148,1.746367,2.051777
0.571429,0.392001,0.43993,1.68,2.051777
0.690476,0.38,0.402205,1.654016,2.051722
0.809524,0.367999,0.364481,1.637502,2.045757
0.714286,0.384,0.39466,1.624347,2.026499
0.666667,0.440001,0.448926,1.609744,2.002023
0.619048,0.496001,0.503192,1.588137,1.97319
0.714286,0.471999,0.473012,1.556621,1.944387
0.666667,0.471999,0.472432,1.526728,1.923978
0.666667,0.503999,0.503772,1.501661,1.90349
0.666667,0.543999,0.566454,1.466662,1.88384
0.714286,0.592001,0.582705,1.359409,1.865564
0.714286,0.632001,0.614045,1.291895,1.846256
0.666667,0.704001,0.707487,1.228023,1.828073
0.666667,0.72,0.707487,1.173708,1.809415
0.714286,0.72,0.692397,1.148564,1.781374
0.619048,0.744002,0.738247,1.137307,1.728846
0.595238,0.772001,0.769298,1.118233,1.678672
0.571429,0.800001,0.800348,1.083252,1.619364
0.571429,0.824,0.816019,1.052959,1.567684
0.571429,0.816002,0.816019,1.016942,1.497765
0.571429,0.848002,0.831689,0.98299,1.414427
0.571429,0.792,0.800348,0.950639,1.331563
0.52381,0.776002,0.784098,0.918135,1.253709
0.52381,0.768001,0.784098,0.826373,1.174447
0.571429,0.784002,0.769008,0.792771,1.102388
0.52381,0.751999,0.752757,0.773583,1.016148
0.47619,0.751999,0.767847,0.773333,0.940917
0.47619,0.751999,0.767847,0.773333,0.874767
0.428571,0.751999,0.751596,0.773333,0.8166
0.380952,0.76,0.751016,0.786716,0.770295
0.428571,0.72,0.704585,0.818999,0.731291
0.333333,0.688,0.703424,0.85625,0.702495
0.380952,0.672002,0.672664,0.914223,0.67355
0.428571,0.672002,0.688915,0.976193,0.65025
0.428571,0.704001,0.688915,1.034309,0.629504
0.380952,0.688,0.688334,1.109,0.608109
0.380952,0.72,0.704005,1.168158,0.59524
0.428571,0.672002,0.688915,1.241363,0.583685
0.333333,0.696001,0.687754,1.318313,0.578937
0.333333,0.680002,0.687754,1.399174,0.5785
0.428571,0.668001,0.673244,1.465511,0.5785
0.52381,0.656,0.658735,1.53593,0.5785
0.452381,0.616,0.618688,1.598833,0.581875
0.380952,0.575999,0.578642,1.652165,0.60096
0.428571,0.543999,0.563552,1.687,0.6215
0.47619,0.543999,0.564132,1.6945,0.639927
0.52381,0.511999,0.533372,1.6945,0.655573
0.428571,0.48,0.4852,1.6945,0.674919
0.52381,0.439999,0.45502,1.692592,0.704491
0.428571,0.399999,0.406849,1.675312,0.753767
0.47619,0.432002,0.391759,1.659014,0.809014
0.52381,0.367999,0.376669,1.646265,0.869721
0.619048,0.360001,0.362159,1.637125,0.943
0.619048,0.344,0.377829,1.62495,1.028275
0.571429,0.327998,0.314568,1.617366,1.090232
0.619048,0.295999,0.315148,1.606326,1.178111
0.714286,0.263999,0.269298,1.5947,1.277083
0.714286,0.256001,0.269298,1.588847,1.358643
0.666667,0.208,0.221706,1.577816,1.45487
0.714286,0.184001,0.206616,1.56775,1.553875
0.642857,0.172,0.190075,1.5665,1.642188
0.571429,0.159999,0.173535,1.5665,1.725035
0.47619,0.112001,0.125363,1.5665,1.816849
0.428571,0.095999,0.109112,1.569625,1.899895
0.47619,0.079998,0.094022,1.584771,1.986365
0.380952,0.079998,0.092861,1.6035,2.055125
0.333333,0.131999,0.139292,1.63581,2.117242
0.285714,0.184001,0.185723,1.674971,2.155603
0.285714,0.168,0.185723,1.720831,2.18385
0.333333,0.208,0.201973,1.767209,2.184467
0.238095,0.191999,0.216483,1.819508,2.184467
0.190476,0.248001,0.262914,1.881631,2.184467
0.142857,0.263999,0.278003,1.95278,2.165295
0.190476,0.367999,0.356936,2.051241,2.11475
0.142857,0.376,0.387696,2.11175,2.076978
0.142857,0.432002,0.434707,2.155746,2.02839
0.190476,0.48,0.482298,2.187128,1.988566
0.190476,0.464002,0.466628,2.220035,1.931105
0.095238,0.503999,0.496808,2.257626,1.852015
0.142857,0.511999,0.497388,2.285625,1.775
0.190476,0.48,0.482298,2.307201,1.692816
0.095238,0.496001,0.496808,2.314873,1.606434
0.142857,0.464002,0.466048,2.323583,1.516708
0.238095,0.488001,0.498549,2.333355,1.423031
0.238095,0.456001,0.467208,2.337025,1.323094
0.238095,0.432002,0.451538,2.337025,1.226565
0.333333,0.416,0.437028,2.337025,1.148325
0.238095,0.416,0.420197,2.334643,1.071179
0.238095,0.399999,0.404527,2.322967,1.008375
0.238095,0.392001,0.388857,2.315261,0.986689
0.238095,0.360001,0.373186,2.309833,0.986689
0.238095,0.312,0.310505,2.30583,0.986689
0.190476,0.303999,0.325595,2.301185,0.986689
0.190476,0.288001,0.325595,2.291408,1.005617
0.285714,0.231999,0.248404,2.27675,1.044
0.333333,0.205999,0.209808,2.266416,1.097148
0.380952,0.179999,0.171213,2.257875,1.15425
0.428571,0.153999,0.132618,2.245448,1.209125
0.47619,0.127999,0.094022,2.23429,1.278975
0.571429,0.127999,0.095183,2.225569,1.350222
0.619048,0.095999,0.111434,2.215172,1.411093
0.690476,0.123999,0.13581,2.197775,1.497292
0.761905,0.151998,0.160186,2.192711,1.576001
0.761905,0.216001,0.222867,2.183659,1.664688
0.809524,0.256001,0.254788,2.165035,1.762653
0.809524,0.248001,0.270459,2.134047,1.859258
0.761905,0.28,0.316889,2.088828,1.955452
0.857143,0.288001,0.30238,2.033518,2.042188
0.857143,0.327998,0.349391,1.963078,2.122714
0.857143,0.367999,0.380731,1.885876,2.178083
0.857143,0.384,0.396402,1.799665,2.231711
0.857143,0.416,0.427742,1.709788,2.291024
0.857143,0.432002,0.443413,1.599951,2.347056
0.904762,0.48,0.491004,1.497716,2.400114
0.857143,0.456001,0.459083,1.414462,2.409989
0.857143,0.432002,0.443413,1.304882,2.4115
0.809524,0.528001,0.536854,1.225405,2.4115
0.809524,0.48,0.489843,1.189423,2.409125
0.857143,0.48,0.490424,1.12425,2.404864
0.809524,0.503999,0.521184,1.04881,2.40121
0.809524,0.536002,0.536854,0.981071,2.392865
0.809524,0.584,0.599536,0.919875,2.370455
0.809524,0.584,0.599536,0.860985,2.342337
0.761905,0.640002,0.677307,0.80912,2.303697
0.761905,0.704001,0.708648,0.772777,2.275103
0.666667,0.624,0.629135,0.684253,2.24375
0.666667,0.696001,0.691817,0.65773,2.211924
0.666667,0.704001,0.691817,0.653035,2.156221
0.619048,0.751999,0.769588,0.652713,2.070521
0.619048,0.800001,0.785258,0.652713,1.97532
0.571429,0.800001,0.800348,0.652713,1.876245
0.571429,0.800001,0.816019,0.658576,1.771079
0.571429,0.832,0.816019,0.668684,1.662703
0.571429,0.808001,0.816019,0.677798,1.551133
0.571429,0.800001,0.800348,0.684521,1.444875
0.619048,0.792,0.785258,0.68587,1.331
0.571429,0.776002,0.784678,0.687158,1.223862
0.47619,0.800001,0.783517,0.689552,1.127617
0.52381,0.784002,0.784098,0.696334,1.023426
0.47619,0.776002,0.752176,0.704201,0.937647
0.52381,0.768001,0.737086,0.717546,0.860039
0.571429,0.704001,0.721997,0.74021,0.779057
0.52381,0.72,0.721416,0.76793,0.725633
0.52381,0.709333,0.710969,0.811301,0.681412
0.52381,0.698666,0.700522,0.864809,0.65173
0.52381,0.688,0.690075,0.924705,0.647133
0.52381,0.624,0.627394,0.999395,0.647133
0.571429,0.592001,0.596634,1.067073,0.647133
0.571429,0.592001,0.580963,1.119125,0.652338
0.666667,0.48,0.488102,1.164255,0.683052
0.619048,0.528001,0.534533,1.191867,0.715465
0.52381,0.496001,0.502031,1.209938,0.753438
0.595238,0.472001,0.479396,1.220513,0.807514
0.666667,0.448,0.456761,1.234041,0.887153
0.666667,0.448,0.456761,1.238973,0.958277
0.619048,0.416,0.40917,1.242858,1.025011
0.666667,0.407999,0.40975,1.247224,1.107408
0.714286,0.352001,0.36332,1.252625,1.199716
0.761905,0.344,0.34823,1.254,1.288922
0.761905,0.295999,0.316889,1.254,1.378292
0.738095,0.276,0.293093,1.254582,1.464392
0.714286,0.256001,0.269298,1.255876,1.552603
0.761905,0.208,0.207197,1.256467,1.627839
0.714286,0.191999,0.206616,1.256598,1.677028
0.619048,0.199999,0.221126,1.257592,1.75411
0.619048,0.191999,0.189785,1.264879,1.816221
0.571429,0.168,0.173535,1.287283,1.897605
0.52381,0.144001,0.157284,1.319839,1.9714
0.52381,0.119998,0.125943,1.362926,2.035813
0.428571,0.104,0.124782,1.414651,2.092412
0.380952,0.116,0.132037,1.478925,2.14425
0.333333,0.127999,0.139292,1.541385,2.18019
0.333333,0.176,0.186303,1.616613,2.18538
0.333333,0.231999,0.233314,1.680797,2.18538
0.238095,0.295999,0.294835,1.754417,2.18538
0.285714,0.272,0.279745,1.827244,2.181737
0.238095,0.28,0.294835,1.9005,2.16005
0.238095,0.312,0.310505,1.970464,2.132125
0.190476,0.399999,0.403947,2.035876,2.096583
0.142857,0.416,0.419037,2.078083,2.054955
0.238095,0.407999,0.404527,2.112272,2.009906
0.238095,0.448,0.467208,2.138423,1.966874
0.238095,0.496001,0.498549,2.16338,1.917948
0.142857,0.52,0.513059,2.183969,1.845113
0.142857,0.503999,0.528729,2.201057,1.760259
0.238095,0.536002,0.52989,2.206247,1.679415
0.190476,0.560001,0.56065,2.207321,1.588857
0.190476,0.568002,0.57632,2.217024,1.49925
0.142857,0.552,0.544399,2.219548,1.419422
0.238095,0.543999,0.54556,2.219548,1.318948
0.285714,0.528001,0.53047,2.219548,1.239867
0.238095,0.536002,0.52989,2.216774,1.163984
0.261905,0.528001,0.54585,2.205697,1.100746
0.285714,0.52,0.561811,2.199976,1.024677
0.380952,0.624,0.641323,2.198377,0.963373
0.428571,0.624,0.626233,2.196863,0.897643
0.380952,0.656,0.641323,2.195375,0.843945
0.285714,0.608002,0.608822,2.193814,0.805832
0.285714,0.608002,0.608822,2.181379,0.7975
0.285714,0.584002,0.587928,2.163167,0.7975
0.285714,0.560002,0.567034,2.14107,0.7975
0.285714,0.536002,0.54614,2.105042,0.798125
0.31746,0.530668,0.53608,2.059823,0.805539
0.349206,0.525334,0.526021,2.004349,0.820264
0.380952,0.52,0.515961,1.950978,0.837172
0.309524,0.476001,0.483749,1.904035,0.855641
0.238095,0.432002,0.451538,1.87088,0.860553
0.333333,0.416,0.421358,1.848875,0.863028
0.380952,0.392001,0.406268,1.835055,0.865602
0.333333,0.368001,0.374347,1.83418,0.867117
0.285714,0.344001,0.342426,1.83418,0.873375
0.238095,0.320001,0.310505,1.83418,0.894478
0.404762,0.272,0.281196,1.839192,0.935871
0.571429,0.223998,0.251886,1.847489,0.978455
0.619048,0.256001,0.268137,1.852615,1.048235
0.571429,0.256001,0.283227,1.855,1.126499
0.619048,0.248001,0.268137,1.858039,1.204265
0.714286,0.191999,0.206616,1.87065,1.325333
0.761905,0.184001,0.191526,1.87623,1.427555
0.809524,0.176,0.207777,1.87623,1.510903
0.761905,0.248001,0.254208,1.87623,1.604948
0.809524,0.223998,0.239118,1.87311,1.691108
0.857143,0.327998,0.33372,1.850955,1.778957
0.857143,0.327998,0.33372,1.826975,1.857723
0.904762,0.335999,0.349971,1.797469,1.936315
0.857143,0.376,0.349391,1.747512,1.97165
0.952381,0.424001,0.428903,1.684633,2.036378
0.904762,0.432002,0.443993,1.619933,2.108063
0.904762,0.456001,0.459663,1.556184,2.183711
0.904762,0.471999,0.506674,1.491125,2.246125
0.904762,0.456001,0.459663,1.416625,2.27725
0.809524,0.48,0.489843,1.339597,2.318875
0.761905,0.511999,0.520604,1.274817,2.350597
0.809524,0.528001,0.536854,1.22251,2.37063
0.761905,0.552,0.567615,1.104656,2.372673
0.809524,0.600001,0.615206,1.033589,2.372673
0.761905,0.632001,0.630296,0.959,2.372673
0.714286,0.664001,0.676727,0.87483,2.358867
0.666667,0.632001,0.644806,0.816625,2.339625
0.714286,0.632001,0.645386,0.771625,2.2945
0.714286,0.688,0.645386,0.739306,2.246204
0.666667,0.72,0.707487,0.714514,2.179505
0.619048,0.736001,0.738247,0.7095,2.107546
0.666667,0.751999,0.754498,0.7095,2.032044
0.619048,0.768001,0.769588,0.7095,1.933256
0.619048,0.784002,0.800929,0.710607,1.849233
0.52381,0.816002,0.815438,0.722305,1.752748
0.571429,0.816002,0.816019,0.738056,1.647706
0.52381,0.848002,0.784098,0.748875,1.546875
0.47619,0.816002,0.799187,0.752,1.477969
0.571429,0.800001,0.800348,0.752633,1.402823
0.5,0.792002,0.807313,0.754275,1.318437
0.428571,0.784002,0.814277,0.75975,1.233625
0.428571,0.768001,0.767266,0.765717,1.150611
0.47619,0.751999,0.705165,0.77074,1.075049
0.380952,0.728,0.735345,0.7758,1.011373
0.428571,0.704001,0.688915,0.786669,0.956972
0.380952,0.72,0.719675,0.816845,0.884209
0.285714,0.751999,0.781196,0.862862,0.806271
0.238095,0.688,0.686593,0.923742,0.750655
0.333333,0.696001,0.672084,0.987158,0.700783
0.333333,0.656,0.672084,1.060125,0.655875
0.285714,0.640002,0.640163,1.132133,0.62517
0.333333,0.640002,0.640743,1.208515,0.599967
0.301587,0.608001,0.619462,1.290361,0.579145
0.269841,0.576,0.598181,1.375141,0.560363
0.238095,0.543999,0.576901,1.467278,0.541844
0.142857,0.52,0.528729,1.562375,0.530375
0.142857,0.496001,0.497388,1.662656,0.525
0.190476,0.48,0.482298,1.759197,0.525
0.190476,0.471999,0.466628,1.836079,0.525
0.238095,0.376,0.373186,1.898891,0.525
0.238095,0.335999,0.357516,1.975733,0.530069
0.190476,0.367999,0.356936,2.044959,0.546444
0.285714,0.371999,0.358096,2.11731,0.59166
0.380952,0.376,0.359257,2.178925,0.648702
0.285714,0.376,0.373767,2.211,0.711375
0.380952,0.399999,0.390598,2.238131,0.788377
0.333333,0.335999,0.358677,2.260022,0.859597
0.380952,0.367999,0.374927,2.274052,0.941231
0.47619,0.399999,0.391759,2.276714,1.045535
0.428571,0.399999,0.399013,2.276714,1.128488
0.380952,0.399999,0.406268,2.276714,1.212358
0.47619,0.471999,0.423099,2.272523,1.292772
0.52381,0.496001,0.45502,2.246,1.34875
0.47619,0.511999,0.626814,2.217141,1.395546
0.52381,0.511999,0.517702,2.178344,1.434839
0.571429,0.516,0.518282,2.137593,1.480204
0.619048,0.52,0.518862,2.077563,1.492242
0.619048,0.528001,0.534533,1.991813,1.497398
0.619048,0.511999,0.518862,1.919306,1.499267
0.619048,0.584,0.597214,1.851567,1.499267
0.666667,0.560001,0.566454,1.779484,1.499267
0.666667,0.616,0.629135,1.71224,1.498988
0.714286,0.640002,0.645386,1.650517,1.489906
0.714286,0.647999,0.614045,1.578796,1.459339
0.714286,0.616,0.614045,1.5082,1.43835
0.714286,0.608002,0.614045,1.435456,1.437
0.714286,0.575999,0.598375,1.357892,1.437
0.714286,0.584,0.582705,1.296239,1.437
0.666667,0.600001,0.597795,1.226,1.4378
0.714286,0.584001,0.582705,1.160929,1.440772
0.761905,0.568002,0.567615,1.086525,1.452715
0.761905,0.511999,0.520604,1.020417,1.465422
0.809524,0.52,0.521184,0.9645,1.47675
0.761905,0.439999,0.457922,0.918709,1.493969
0.809524,0.439999,0.458503,0.889522,1.516356
0.809524,0.424001,0.427162,0.87083,1.536302
0.809524,0.424001,0.427162,0.869196,1.550365
0.809524,0.399999,0.411492,0.869196,1.566763
0.809524,0.352001,0.380151,0.869196,1.5905
0.761905,0.327998,0.34823,0.874867,1.623139
0.809524,0.263999,0.286129,0.893223,1.670817
0.761905,0.28,0.285548,0.905967,1.721521
0.761905,0.263999,0.285548,0.924523,1.774322
0.857143,0.24,0.255369,0.960493,1.851615
0.857143,0.248001,0.255369,0.985802,1.907
0.761905,0.208,0.215032,1.018568,1.955524
0.666667,0.168,0.174695,1.055725,2.008029
0.619048,0.176,0.189785,1.094063,2.040906
0.666667,0.176,0.174695,1.202079,2.081838
0.571429,0.152,0.157864,1.265109,2.117246
0.47619,0.127999,0.141033,1.325496,2.136914
0.428571,0.223998,0.234475,1.391517,2.151839
0.52381,0.223998,0.219965,1.459542,2.167464
0.571429,0.223998,0.236216,1.521553,2.168387
0.571429,0.24,0.251886,1.58909,2.168387
0.52381,0.303999,0.298317,1.635338,2.168387
0.52381,0.288001,0.313987,1.665038,2.16639
0.428571,0.352001,0.359837,1.71353,2.151846
0.47619,0.360001,0.360418,1.760902,2.135414
0.571429,0.416,0.40859,1.782277,2.121269
0.571429,0.399999,0.42426,1.783,2.096286
0.619048,0.456001,0.471851,1.783,2.073889
0.619048,0.48,0.471851,1.783,2.048139
0.571429,0.552,0.549623,1.771375,2.004
0.571429,0.528001,0.533952,1.746705,1.952912
0.52381,0.600001,0.596053,1.709556,1.895491
0.571429,0.640002,0.659315,1.667975,1.840442
0.619048,0.704001,0.675566,1.623338,1.783718
0.619048,0.72,0.722577,1.575985,1.730886
0.571429,0.736001,0.721997,1.517673,1.671298
0.571429,0.72,0.721997,1.467216,1.618015
0.571429,0.712002,0.721997,1.406119,1.56097
0.52381,0.751999,0.737086,1.344952,1.51489
0.52381,0.768001,0.768427,1.292742,1.463148
0.47619,0.784001,0.775682,1.211235,1.339779
0.428571,0.800001,0.782937,1.163011,1.295917
0.52381,0.784002,0.768427,1.098636,1.231667
0.47619,0.751999,0.736506,1.065875,1.193125
0.428571,0.688,0.688915,1.02771,1.128111
0.380952,0.712002,0.719675,0.995931,1.079505
0.380952,0.712002,0.704005,0.984226,1.045509
0.47619,0.672002,0.642484,0.984226,1.007773
0.333333,0.672002,0.672084,0.984226,0.97702
0.190476,0.672002,0.701683,0.993446,0.94781
0.206349,0.658668,0.675759,1.02275,0.916245
0.222222,0.645335,0.649836,1.074891,0.87422
0.238095,0.632001,0.623912,1.137394,0.822084
0.238095,0.600001,0.608241,1.187959,0.78674
0.285714,0.608002,0.577481,1.275253,0.751471
0.333333,0.592001,0.593732,1.356144,0.723512
0.261905,0.572,0.577191,1.441206,0.559146
0.190476,0.552,0.56065,1.524052,0.530112
0.285714,0.552,0.54614,1.612702,0.530112
0.285714,0.456001,0.483459,1.706111,0.530112
0.380952,0.464002,0.453279,1.800869,0.532472
0.333333,0.460001,0.452699,1.885158,0.539737
0.285714,0.456001,0.452118,1.959444,0.549626
0.190476,0.392,0.396111,2.028258,0.563622
0.095238,0.327998,0.340104,2.096985,0.596698
0.261905,0.324,0.326465,2.156459,0.639341
0.428571,0.320001,0.312826,2.202576,0.688245
0.333333,0.304001,0.295995,2.243028,0.747941
0.238095,0.288001,0.279164,2.272413,0.820476
0.285714,0.268001,0.267992,2.289359,0.900148
0.333333,0.248001,0.25682,2.294202,0.969594
0.380952,0.228,0.245647,2.29446,1.058993
0.428571,0.208,0.234475,2.29446,1.140174
0.52381,0.228,0.243471,2.29446,1.22522
0.619048,0.248001,0.252467,2.290283,1.313266
0.642857,0.252001,0.268427,2.277712,1.383942
0.666667,0.256001,0.284388,2.253646,1.473374
0.714286,0.28,0.316309,2.214951,1.556089
0.714286,0.344,0.347649,2.173966,1.628108
0.714286,0.376,0.39466,2.125808,1.692225
0.714286,0.392001,0.410331,2.059031,1.767273
0.761905,0.439999,0.442252,1.99575,1.82975
0.761905,0.439999,0.457922,1.903375,1.8955
0.761905,0.496001,0.504933,1.806644,1.949764
0.761905,0.496001,0.504933,1.712714,1.98675
0.714286,0.560001,0.567034,1.631177,2.012449
0.666667,0.568002,0.582124,1.543419,2.022875
0.666667,0.592001,0.582124,1.47394,2.023
0.666667,0.624,0.613465,1.414108,2.023
0.666667,0.632001,0.629135,1.339625,2.020375
0.666667,0.688,0.676146,1.258369,1.985528
0.619048,0.680002,0.691236,1.186,1.939
0.666667,0.751999,0.770168,1.119389,1.891437
0.666667,0.736001,0.738828,1.062607,1.853989
0.619048,0.736001,0.738247,1.006468,1.798259
0.619048,0.768001,0.769588,0.956147,1.736677
0.595238,0.76,0.769298,0.915895,1.668462
0.571429,0.751999,0.769008,0.882901,1.591694
0.619048,0.736001,0.769588,0.855071,1.506662
0.52381,0.768001,0.768427,0.8362,1.423945
0.47619,0.76,0.767847,0.82225,1.332031
0.428571,0.744002,0.751596,0.817365,1.242258
0.428571,0.696001,0.704585,0.811702,1.166087
0.428571,0.688,0.688915,0.808303,1.074153
0.380952,0.664001,0.704005,0.807094,0.99475
0.380952,0.672002,0.688334,0.807,0.94892
0.428571,0.688,0.673244,0.808746,0.905388
0.333333,0.680001,0.672084,0.815824,0.842829
0.238095,0.672002,0.670923,0.845619,0.786523
0.261905,0.672002,0.671213,0.914405,0.731711
0.285714,0.672002,0.671503,0.982212,0.691455
0.380952,0.672002,0.672664,1.056436,0.658751
0.285714,0.672002,0.655833,1.142852,0.630935
0.380952,0.640002,0.641323,1.264165,0.598028
0.4,0.617602,0.622751,1.435278,0.571556
0.419048,0.595202,0.604179,1.509922,0.571556
0.438095,0.572801,0.585607,1.578656,0.571556
0.457143,0.550401,0.567034,1.645012,0.575671
0.47619,0.528001,0.548462,1.696577,0.594564
0.52381,0.560001,0.564713,1.735005,0.617074
0.619048,0.528001,0.550203,1.7515,0.63475
0.619048,0.511999,0.518862,1.7515,0.65735
0.619048,0.543999,0.534533,1.7515,0.684752
0.690476,0.543999,0.535403,1.74971,0.715672
0.761905,0.543999,0.536274,1.724744,0.75059
0.714286,0.503999,0.504353,1.685387,0.795034
0.761905,0.471999,0.504933,1.641747,0.851922
0.761905,0.496001,0.520604,1.600023,0.913154
0.714286,0.496001,0.504353,1.558676,0.981971
0.809524,0.552,0.568195,1.506577,1.077726
0.857143,0.575999,0.568775,1.461161,1.15889
0.761905,0.568002,0.583285,1.398259,1.23151
0.857143,0.552,0.553105,1.347039,1.293152
0.857143,0.511999,0.521764,1.28875,1.375875
0.809524,0.496001,0.505514,1.223267,1.465088
0.809524,0.496001,0.505514,1.1589,1.547111
0.857143,0.488001,0.490424,1.100125,1.616875
0.857143,0.503999,0.506094,1.038393,1.686057
0.857143,0.488001,0.490424,0.982943,1.746465
0.857143,0.439999,0.459083,0.91856,1.818675
0.857143,0.432002,0.427742,0.858252,1.890737
0.857143,0.384,0.396402,0.812022,1.948664
0.904762,0.367999,0.365641,0.781284,1.987958
0.809524,0.288001,0.31747,0.754629,2.029141
0.761905,0.303999,0.316889,0.748508,2.060227
0.809524,0.223998,0.239118,0.748508,2.087729
0.761905,0.199999,0.222867,0.748508,2.10683
0.809524,0.184001,0.176436,0.748631,2.12362
0.761905,0.151998,0.175856,0.767142,2.139728
0.666667,0.136,0.159025,0.800321,2.150133
0.571429,0.095999,0.110853,0.8335,2.158051
0.571429,0.079998,0.095183,0.875375,2.166375
0.404762,0.083998,0.100987,0.925469,2.176297
0.238095,0.087998,0.10679,0.985022,2.187438
0.285714,0.112001,0.123041,1.066475,2.203129
0.380952,0.144001,0.155543,1.144592,2.215042
0.428571,0.136,0.140453,1.234761,2.224283
0.380952,0.136,0.155543,1.332372,2.233845
0.357143,0.156,0.170923,1.437201,2.24347
0.333333,0.176,0.186303,1.532622,2.245
0.428571,0.168,0.187464,1.638246,2.245
0.52381,0.159999,0.188624,1.739738,2.245
0.52381,0.199999,0.188624,1.839401,2.240541
0.52381,0.223998,0.188624,1.928549,2.219559
0.619048,0.176,0.189785,1.99975,2.1945
0.571429,0.256001,0.267557,2.057104,2.16996
0.571429,0.288001,0.283227,2.096085,2.14416
0.666667,0.28,0.300058,2.113338,2.121768
0.761905,0.288001,0.301219,2.113338,2.09177
0.666667,0.439999,0.456761,2.113338,2.050908
0.738095,0.4,0.418456,2.111544,2.0255
0.809524,0.360001,0.380151,2.086612,2.013135
0.809524,0.399999,0.427162,2.053812,2.003437
0.809524,0.432002,0.442832,2.013,2.000511
0.761905,0.503999,0.520604,1.97988,1.998794
0.761905,0.52,0.520604,1.920882,1.998544
0.809524,0.543999,0.536854,1.854277,1.998544
0.761905,0.624,0.630296,1.75808,1.998794
0.809524,0.624,0.646547,1.662875,2.0055
0.761905,0.616,0.614626,1.555042,2.015486
0.761905,0.632001,0.630296,1.44755,2.021
0.761905,0.575999,0.583285,1.331633,2.021
0.666667,0.592001,0.676146,1.222105,2.021
0.666667,0.656,0.660476,1.124196,2.0208
0.714286,0.536002,0.535694,1.049705,2.010503
0.666667,0.503999,0.503772,0.964741,1.992749
0.619048,0.511999,0.518862,0.891606,1.9642
0.666667,0.496001,0.519443,0.822315,1.917168
0.571429,0.464002,0.486941,0.77187,1.858597
0.52381,0.432002,0.45502,0.731725,1.792308
0.47619,0.407999,0.43877,0.73,1.740133
0.47619,0.416,0.407429,0.73,1.695947
0.428571,0.399999,0.406849,0.73,1.650097
0.428571,0.399999,0.391178,0.744704,1.615782
0.285714,0.392,0.389437,0.797737,1.580372
0.142857,0.384,0.387696,0.86525,1.5505
0.190476,0.384,0.388276,0.94119,1.526476
0.238095,0.384,0.388857,1.037439,1.501151
0.238095,0.407999,0.404527,1.129024,1.484288
0.238095,0.399999,0.404527,1.235181,1.470042
0.333333,0.416,0.421358,1.341744,1.453889
0.238095,0.432002,0.420197,1.45475,1.440625
0.238095,0.439999,0.451538,1.571167,1.423021
0.238095,0.464002,0.467208,1.68775,1.39725
0.285714,0.464002,0.452118,1.778813,1.377232
0.285714,0.488001,0.483459,1.883874,1.353306
0.190476,0.456001,0.482298,1.962116,1.333616
0.285714,0.464002,0.483459,2.013304,1.314736
0.285714,0.48,0.499129,2.063756,1.283609
0.333333,0.511999,0.53105,2.108844,1.261404
0.380952,0.543999,0.562972,2.133045,1.228279
0.47619,0.543999,0.548462,2.134395,1.204169
0.571429,0.543999,0.533952,2.134395,1.188882
0.571429,0.560001,0.549623,2.131666,1.172968
0.571429,0.575999,0.580963,2.118511,1.151772
0.619048,0.608002,0.628555,2.096375,1.132
0.619048,0.608002,0.612885,2.062054,1.12425
0.619048,0.688,0.706907,2.017534,1.124
0.571429,0.744002,0.753337,1.966612,1.124
0.571429,0.776002,0.737667,1.910944,1.124333
0.619048,0.76,0.753918,1.845026,1.12741
0.666667,0.784002,0.785839,1.760497,1.140713
0.571429,0.792,0.800348,1.680256,1.157245
0.571429,0.792,0.800348,1.574572,1.174273
0.52381,0.768001,0.768427,1.464019,1.175
0.619048,0.768001,0.785258,1.363864,1.175
0.571429,0.736001,0.737667,1.235375,1.175
0.619048,0.776002,0.785258,1.137905,1.172651
0.571429,0.72,0.721997,1.034392,1.151434
0.571429,0.72,0.72722,0.933903,1.111432
0.571429,0.72,0.732443,0.865909,1.067035
0.571429,0.72,0.737667,0.800043,0.998673
0.5,0.692,0.705456,0.771443,0.936375
0.428571,0.664001,0.673244,0.771258,0.882337
0.333333,0.664001,0.672084,0.771258,0.835471
0.380952,0.624,0.625653,0.771258,0.80559
0.285714,0.656,0.655833,0.79852,0.772734
0.285714,0.640002,0.655833,0.858554,0.735149
0.285714,0.640002,0.671503,0.923328,0.708718
0.285714,0.624,0.624492,1.002791,0.689698
0.238095,0.584,0.592571,1.097675,0.671435
0.238095,0.575999,0.592571,1.188625,0.656375
0.190476,0.584,0.591991,1.270317,0.643953
0.190476,0.592001,0.591991,1.346058,0.622352
0.142857,0.608002,0.59141,1.42625,0.606625
0.190476,0.608002,0.639002,1.525315,0.603
0.190476,0.608002,0.623331,1.60975,0.603
0.190476,0.608002,0.607661,1.689,0.603
0.190476,0.608002,0.591991,1.775821,0.6035
0.238095,0.575999,0.576901,1.868618,0.609977
0.333333,0.560001,0.578062,1.946654,0.616463
0.333333,0.568002,0.578062,2.023524,0.642734
0.333333,0.528001,0.546721,2.103775,0.663284
0.333333,0.511999,0.51538,2.168453,0.681303
0.380952,0.511999,0.531631,2.261348,0.713242
0.428571,0.511999,0.500871,2.319273,0.73395
0.47619,0.528001,0.517121,2.325323,0.748048
0.52381,0.496001,0.502031,2.325323,0.754662
0.47619,0.511999,0.501451,2.325323,0.767099
0.571429,0.471999,0.471271,2.324247,0.780985
0.619048,0.511999,0.518862,2.295705,0.796285
0.619048,0.456001,0.471851,2.243696,0.821688
0.666667,0.471999,0.472432,2.154836,0.856958
0.714286,0.488001,0.504353,2.049422,0.903178
0.761905,0.528001,0.536274,1.990884,0.95417
0.809524,0.560001,0.552525,1.911161,1.02664
0.761905,0.560001,0.567615,1.842936,1.089201
0.857143,0.496001,0.506094,1.75626,1.165992
0.761905,0.503999,0.520604,1.677051,1.235611
0.857143,0.503999,0.521764,1.606996,1.298425
0.809524,0.464002,0.489843,1.524352,1.367947
0.904762,0.511999,0.506674,1.433513,1.433129
0.857143,0.511999,0.506094,1.339336,1.495151
0.857143,0.488001,0.521764,1.253045,1.553777
0.857143,0.488001,0.490424,1.155743,1.622115
0.857143,0.48,0.490424,1.078606,1.684911
0.857143,0.471999,0.490424,1.004184,1.754171
0.809524,0.424001,0.427162,0.93257,1.822162
0.809524,0.376,0.380151,0.880073,1.874154
0.857143,0.392001,0.380731,0.831493,1.928616
0.857143,0.327998,0.33372,0.797625,1.983536
0.857143,0.320001,0.349391,0.795,2.042864
0.809524,0.256001,0.270459,0.795,2.085839
0.809524,0.248001,0.254788,0.795,2.127554
0.904762,0.223998,0.240279,0.818868,2.155182
0.833333,0.183999,0.215902,0.841718,2.171565
0.761905,0.144001,0.191526,0.865675,2.186417
0.714286,0.119998,0.128265,0.896924,2.196683
0.714286,0.087998,0.112594,1.009177,2.208057
0.642857,0.091999,0.103889,1.130866,2.227339
0.571429,0.095999,0.095183,1.185287,2.235109
0.5,0.1,0.086477,1.23997,2.243634
0.428571,0.104,0.077771,1.276602,2.2525
0.380952,0.116,0.116367,1.331946,2.258479
0.333333,0.127999,0.154962,1.399793,2.270198
0.238095,0.191999,0.200813,1.485045,2.274367
0.238095,0.208,0.216483,1.520588,2.274367
0.142857,0.248001,0.246663,1.551427,2.274367
0.190476,0.327998,0.341265,1.626952,2.274025
0.238095,0.327998,0.326175,1.725729,2.259037
0.214286,0.367999,0.365061,1.825645,2.226696
0.190476,0.407999,0.403947,1.89976,2.19738
0.190476,0.407999,0.403947,1.974103,2.153688
0.190476,0.48,0.466628,2.045622,2.09697
0.190476,0.488001,0.497969,2.096752,2.047308
0.190476,0.511999,0.513639,2.153053,1.973342
0.142857,0.503999,0.513059,2.189124,1.903262
0.238095,0.560001,0.56123,2.220618,1.822967
0.238095,0.584,0.576901,2.254585,1.734904
0.238095,0.624,0.608241,2.281008,1.656651
0.190476,0.656,0.686013,2.307124,1.571514
0.285714,0.640002,0.624492,2.32618,1.483326
0.333333,0.608002,0.609402,2.331,1.382046
0.285714,0.656,0.655833,2.331,1.290054
0.333333,0.656,0.656413,2.331,1.194808
0.285714,0.76,0.749855,2.328464,1.116689
0.238095,0.76,0.717934,2.309704,1.048454
0.357143,0.74,0.719385,2.288748,0.963267
0.47619,0.72,0.720836,2.255967,0.890969
0.428571,0.768001,0.767266,2.210808,0.831479
0.47619,0.776002,0.736506,2.158146,0.773806
0.52381,0.751999,0.768427,2.09775,0.729125
0.52381,0.800001,0.799768,2.033819,0.690157
0.571429,0.792,0.800348,1.961527,0.661353
0.571429,0.784002,0.800348,1.886239,0.63772
0.571429,0.800001,0.800348,1.810826,0.624217
0.666667,0.768001,0.754498,1.720034,0.614573
0.619048,0.744002,0.753918,1.6306,0.613782
0.571429,0.728,0.737667,1.55025,0.613782
0.642857,0.716001,0.722867,1.476321,0.613782
0.714286,0.704001,0.708067,1.389265,0.614411
0.714286,0.656,0.661056,1.320088,0.625688
0.714286,0.640002,0.645386,1.226477,0.640288
0.761905,0.616,0.630296,1.149825,0.666255
0.761905,0.632001,0.630296,1.064976,0.705565
0.857143,0.568002,0.568775,0.997831,0.746976
0.809524,0.552,0.552525,0.945614,0.795063
0.857143,0.543999,0.553105,0.899125,0.899375
0.809524,0.511999,0.521184,0.867031,0.975276
0.857143,0.488001,0.490424,0.840585,1.040185
0.809524,0.456001,0.458503,0.806129,1.138076
0.809524,0.392001,0.411492,0.783046,1.226967
0.809524,0.392001,0.380151,0.768977,1.333272
0.809524,0.367999,0.380151,0.768199,1.42632
0.809524,0.320001,0.33314,0.768199,1.513155
0.857143,0.272,0.286709,0.768199,1.575241
0.857143,0.272,0.286709,0.803259,1.602944
0.761905,0.248001,0.269878,0.828264,1.666206
0.809524,0.248001,0.254788,0.848393,1.749835
0.809524,0.288001,0.301799,0.877587,1.825713
0.785714,0.292,0.309344,0.919435,1.906808
0.761905,0.295999,0.316889,1.06275,1.97525
0.714286,0.335999,0.347649,1.217969,2.027094
0.666667,0.367999,0.362739,1.292521,2.068162
0.619048,0.344,0.362159,1.320445,2.166821
0.571429,0.360001,0.392919,1.360295,2.198801
0.47619,0.376,0.391759,1.424283,2.203236
0.47619,0.432002,0.43877,1.443375,2.203236
0.47619,0.471999,0.501451,1.452438,2.203236
0.428571,0.528001,0.516541,1.460883,2.201871
0.47619,0.528001,0.517121,1.464801,2.184114
0.47619,0.552,0.548462,1.464003,2.155057
0.428571,0.575999,0.579222,1.463851,2.117687
0.380952,0.588,0.609983,1.463851,2.070597
0.333333,0.600001,0.640743,1.464406,2.020888
0.333333,0.664001,0.656413,1.465513,1.959238
0.285714,0.656,0.671503,1.466908,1.875797
0.238095,0.680002,0.670923,1.468864,1.78595
0.261905,0.666002,0.65946,1.473228,1.705149
0.285714,0.652001,0.647998,1.482453,1.603953
0.309524,0.638001,0.636535,1.494185,1.489976
0.333333,0.624,0.625073,1.512499,1.380258
0.285714,0.640002,0.624492,1.546547,1.24105
0.238095,0.616,0.639582,1.576375,1.142142
0.285714,0.632001,0.624492,1.602848,1.032619
0.333333,0.640002,0.625073,1.629654,0.947388
0.238095,0.640002,0.639582,1.658986,0.872438
0.285714,0.616,0.608822,1.70062,0.786445
0.238095,0.536002,0.54556,1.743628,0.722667
0.190476,0.543999,0.54498,1.788952,0.668358
0.238095,0.503999,0.498549,1.830734,0.626944
0.285714,0.503999,0.499129,1.869613,0.599249
0.253968,0.463999,0.456955,1.911061,0.590996
0.222222,0.424,0.41478,1.948835,0.590996
0.190476,0.384,0.372606,1.996563,0.590996
0.190476,0.352001,0.325595,2.046096,0.5926
0.238095,0.263999,0.279164,2.088852,0.60834
0.238095,0.288001,0.247824,2.129298,0.634927
0.238095,0.24,0.247824,2.165254,0.676771
0.190476,0.184001,0.247243,2.1915,0.722625
0.238095,0.184001,0.216483,2.211377,0.772069
0.238095,0.112001,0.138131,2.226281,0.834918
0.428571,0.112001,0.132618,2.235375,0.905375
0.619048,0.112001,0.127104,2.237456,0.969613
0.603175,0.133334,0.147804,2.245152,1.053166
0.587302,0.154667,0.168505,2.259125,1.13225
0.571429,0.176,0.189205,2.277132,1.217255
0.47619,0.168,0.188044,2.291625,1.30825
0.571429,0.151998,0.189205,2.297,1.402335
0.666667,0.168,0.190366,2.297,1.491339
0.571429,0.24,0.251886,2.297,1.592458
0.666667,0.24,0.253047,2.297,1.675589
0.619048,0.223998,0.236796,2.29304,1.75538
0.666667,0.248001,0.268717,2.271746,1.84205
0.666667,0.263999,0.268717,2.237483,1.9315
0.571429,0.303999,0.314568,2.1915,2.013625
0.619048,0.288001,0.299478,2.138914,2.078998
0.619048,0.303999,0.315148,2.082088,2.134679
0.571429,0.367999,0.361579,2.026021,2.169169
0.52381,0.416,0.42368,1.954535,2.191488
0.52381,0.432002,0.42368,1.881323,2.220821
0.428571,0.471999,0.4852,1.802629,2.222446
0.428571,0.511999,0.516541,1.715085,2.222446
0.47619,0.48,0.501451,1.64546,2.221459
0.47619,0.511999,0.517121,1.598602,2.1992
0.380952,0.548,0.555136,1.570061,2.159366
0.285714,0.584,0.593151,1.549521,2.128483
0.380952,0.604,0.609983,1.527394,2.075905
0.47619,0.624,0.626814,1.518486,2.014365
0.47619,0.624,0.626814,1.505861,1.94324
0.52381,0.72,0.705746,1.497621,1.854489
0.52381,0.72,0.737086,1.495341,1.778207
0.571429,0.751999,0.737667,1.490725,1.678353
0.619048,0.736001,0.738247,1.488122,1.613093
0.571429,0.704001,0.706326,1.486073,1.543877
0.619048,0.656,0.675566,1.478793,1.430408
0.571429,0.672002,0.674985,1.462479,1.326521
0.666667,0.704001,0.691817,1.443167,1.236976
0.666667,0.696001,0.691817,1.421496,1.150883
0.666667,0.664001,0.676146,1.393729,1.080207
0.666667,0.672002,0.676146,1.362063,1.020087
0.714286,0.680002,0.676727,1.3312,0.976825
0.714286,0.640002,0.645386,1.275629,0.935911
0.714286,0.600001,0.614045,1.220019,0.9325
0.809524,0.632001,0.630876,1.165105,0.9325
0.761905,0.600001,0.598955,1.117049,0.9325
0.714286,0.552,0.567034,1.079117,0.936567
0.761905,0.560001,0.567615,1.040151,0.96076
0.761905,0.528001,0.551944,0.992875,1.006375
0.761905,0.536002,0.536274,0.951588,1.05566
0.714286,0.488001,0.551364,0.912732,1.113856
0.809524,0.464002,0.474173,0.882717,1.173883
0.714286,0.424001,0.441672,0.855993,1.24779
0.809524,0.448,0.458503,0.841827,1.306783
0.809524,0.392001,0.411492,0.829337,1.366473
0.857143,0.399999,0.365061,0.827,1.4264
0.809524,0.344,0.364481,0.827,1.477582
0.761905,0.360001,0.34823,0.827,1.532735
0.809524,0.303999,0.31747,0.829044,1.602026
0.714286,0.320001,0.316309,0.840662,1.673812
0.714286,0.303999,0.316309,0.855217,1.735796
0.809524,0.295999,0.31747,0.872024,1.801375
0.666667,0.287999,0.300058,0.89767,1.85725
0.52381,0.28,0.282647,0.927279,1.913171
0.47619,0.199999,0.219385,0.976479,1.950833
0.460317,0.216,0.203521,1.093031,1.987146
0.444444,0.232,0.187657,1.188018,2.011535
0.428571,0.248001,0.171793,1.245482,2.030035
0.47619,0.295999,0.235055,1.304942,2.034
0.404762,0.283999,0.249855,1.376673,2.034
0.333333,0.272,0.264655,1.442412,2.034
0.285714,0.344,0.311085,1.509581,2.031917
0.238095,0.34,0.326175,1.544181,2.019407
0.190476,0.335999,0.341265,1.568431,2.003941
0.142857,0.335999,0.340685,1.599884,1.985006
0.190476,0.392001,0.388276,1.657209,1.959228
0.142857,0.376,0.387696,1.723625,1.937482
0.238095,0.439999,0.451538,1.790082,1.911836
0.238095,0.464002,0.451538,1.849786,1.879203
0.285714,0.48,0.483459,1.901093,1.83921
0.285714,0.496001,0.499129,1.955054,1.792663
0.190476,0.584,0.57632,2.010525,1.7337
0.190476,0.575999,0.57632,2.061375,1.66825
0.285714,0.575999,0.577481,2.106192,1.599367
0.285714,0.560001,0.577481,2.142095,1.53572
0.285714,0.592001,0.593151,2.183122,1.447045
0.333333,0.608002,0.609402,2.206535,1.376264
0.380952,0.608002,0.609983,2.215,1.297687
0.333333,0.664001,0.656413,2.215,1.231825
0.428571,0.672002,0.673244,2.215,1.177513
0.333333,0.704001,0.703424,2.213125,1.118273
0.380952,0.656,0.672664,2.18325,1.064
0.47619,0.672002,0.689495,2.139427,1.014876
0.47619,0.688,0.689495,2.09599,0.966014
0.428571,0.688,0.673244,2.048316,0.922125
0.52381,0.672002,0.674405,1.99534,0.884029
0.571429,0.640002,0.627974,1.943681,0.856437
0.619048,0.656,0.644225,1.89875,0.8335
0.619048,0.640002,0.659896,1.852511,0.816466
0.571429,0.632001,0.643645,1.80189,0.801734
0.666667,0.592001,0.613465,1.751179,0.793015
0.666667,0.600001,0.613465,1.70591,0.792125
0.714286,0.608002,0.614045,1.640442,0.792125
0.714286,0.568002,0.567034,1.564937,0.792125
0.714286,0.543999,0.551364,1.513925,0.800925
0.714286,0.560001,0.598375,1.448112,0.820624
0.809524,0.560001,0.568195,1.388935,0.848295
0.809524,0.511999,0.536854,1.325404,0.878269
0.761905,0.511999,0.520604,1.261793,0.928868
0.761905,0.48,0.489263,1.196396,0.993216
0.809524,0.471999,0.489843,1.141361,1.064335
0.809524,0.464002,0.474173,1.097258,1.140602
0.809524,0.424001,0.427162,1.059258,1.218602
0.809524,0.407999,0.427162,1.027967,1.299316
0.809524,0.367999,0.380151,0.997014,1.371854
0.809524,0.344,0.34881,0.963471,1.463097
0.809524,0.295999,0.31747,0.945541,1.530883
0.809524,0.288001,0.301799,0.931195,1.611272
0.714286,0.263999,0.284968,0.93,1.683625
0.761905,0.272,0.269878,0.93,1.748688
0.761905,0.231999,0.238537,0.93,1.803427
0.666667,0.184001,0.206036,0.94003,1.859647
0.619048,0.159999,0.174115,1.030549,1.916023
0.619048,0.144001,0.158445,1.068331,1.960468
0.619048,0.144001,0.174115,1.095213,2.002338
0.571429,0.191999,0.189205,1.173563,2.046047
0.547619,0.199999,0.204585,1.266499,2.086118
0.52381,0.208,0.219965,1.324175,2.109575
0.52381,0.223998,0.235636,1.381172,2.12382
0.571429,0.24,0.251886,1.418816,2.130109
0.452381,0.287999,0.297446,1.44109,2.131219
0.333333,0.335999,0.343006,1.473843,2.131219
0.428571,0.320001,0.328497,1.535756,2.131219
0.47619,0.352001,0.344748,1.58032,2.128317
0.428571,0.360001,0.391178,1.608375,2.1132
0.52381,0.38,0.400174,1.669518,2.099541
0.619048,0.399999,0.40917,1.715,2.088
0.619048,0.464002,0.471851,1.748553,2.072821
0.571429,0.48,0.486941,1.755068,2.059033
0.619048,0.552,0.550203,1.755068,2.041366
0.619048,0.528001,0.534533,1.755068,2.019065
0.619048,0.575999,0.581544,1.752374,1.989362
0.619048,0.632001,0.628555,1.736151,1.946725
0.666667,0.640002,0.644806,1.705906,1.903003
0.666667,0.608002,0.629135,1.665793,1.839589
0.666667,0.696001,0.707487,1.631575,1.800149
0.619048,0.751999,0.753918,1.587801,1.768364
0.666667,0.751999,0.738828,1.55225,1.734089
0.666667,0.736001,0.738828,1.497482,1.70148
0.666667,0.76,0.770168,1.438559,1.666809
0.619048,0.816002,0.800929,1.364281,1.631652
0.619048,0.800001,0.800929,1.298352,1.598345
0.571429,0.824,0.831689,1.217286,1.562633
0.619048,0.832,0.832269,1.145079,1.524934
0.619048,0.832,0.832269,1.066766,1.471544
0.619048,0.808001,0.800929,1.000066,1.421873
0.619048,0.776002,0.785258,0.940697,1.372915
0.571429,0.751999,0.753337,0.880887,1.317487
0.52381,0.784002,0.799768,0.815,1.252625
0.52381,0.784002,0.784098,0.760561,1.190361
0.47619,0.808001,0.799187,0.720148,1.132018
0.428571,0.776002,0.767266,0.683732,1.069965
0.47619,0.704001,0.720836,0.660794,1.007262
0.52381,0.672002,0.658735,0.660794,0.943867
0.428571,0.688,0.673244,0.660794,0.88071
0.47619,0.640002,0.658154,0.661419,0.828017
0.428571,0.664001,0.673244,0.678164,0.784711
0.47619,0.656,0.658154,0.710968,0.748166
0.404762,0.656,0.657284,0.754425,0.718425
0.333333,0.656,0.656413,0.812962,0.692035
0.380952,0.664001,0.656994,0.888936,0.665907
0.285714,0.608002,0.608822,0.962113,0.644933
0.380952,0.608002,0.609983,1.042821,0.624645
0.285714,0.543999,0.561811,1.117381,0.608094
0.380952,0.543999,0.547301,1.187886,0.597601
0.333333,0.52,0.53105,1.26029,0.592859
0.333333,0.496001,0.49971,1.325588,0.592859
0.285714,0.48,0.483459,1.391712,0.592859
0.301587,0.453333,0.457535,1.45925,0.592984
0.31746,0.426666,0.431612,1.53041,0.598078
0.333333,0.399999,0.405688,1.604182,0.611872
0.285714,0.367999,0.373767,1.677608,0.631203
0.238095,0.360001,0.373186,1.73065,0.650694
0.238095,0.303999,0.326175,1.792598,0.678147
0.285714,0.327998,0.342426,1.853875,0.715375
0.285714,0.312,0.326756,1.90175,0.762125
0.380952,0.28,0.249565,1.943853,0.815887
0.428571,0.272,0.312826,1.980902,0.870646
0.47619,0.303999,0.313407,2.01725,0.934286
0.428571,0.320001,0.312826,2.04325,1.004179
0.47619,0.303999,0.329077,2.067194,1.079927
0.428571,0.303999,0.391178,2.079,1.14725
0.52381,0.335999,0.345328,2.088107,1.229515
0.52381,0.327998,0.345328,2.092,1.298197
0.619048,0.352001,0.362159,2.092,1.372375
0.666667,0.376,0.37841,2.092,1.445265
0.571429,0.384,0.42426,2.09055,1.518092
0.666667,0.448,0.456761,2.076352,1.589148
0.666667,0.456001,0.472432,2.056914,1.643508
0.666667,0.471999,0.488102,2.027393,1.687354
0.714286,0.48,0.488683,1.995941,1.710319
0.761905,0.448,0.457922,1.949986,1.727144
0.761905,0.456001,0.473593,1.893578,1.733805
0.761905,0.471999,0.473593,1.843368,1.733805
0.809524,0.503999,0.505514,1.776137,1.733805
0.809524,0.511999,0.505514,1.69299,1.734278
0.809524,0.471999,0.474173,1.607544,1.735043
0.857143,0.456001,0.474753,1.526822,1.735569
0.857143,0.471999,0.474753,1.443125,1.735569
0.857143,0.464002,0.474753,1.356518,1.737771
0.809524,0.471999,0.474173,1.264657,1.745755
0.857143,0.432002,0.459083,1.192109,1.754759
0.857143,0.424001,0.443413,1.110284,1.77243
0.809524,0.439999,0.442832,1.047167,1.791368
0.809524,0.360001,0.364481,0.999299,1.809924
0.857143,0.335999,0.365061,0.956582,1.837386
0.809524,0.312,0.33314,0.920875,1.872
0.809524,0.312,0.31747,0.904029,1.921471
0.809524,0.248001,0.270459,0.903333,1.962943
0.761905,0.223998,0.238537,0.903333,1.980183
0.809524,0.184001,0.207777,0.903504,1.990836
0.714286,0.168,0.175276,0.90575,2.017118
0.666667,0.136,0.159025,0.926604,2.033632
0.666667,0.136,0.127684,0.997716,2.059731
0.666667,0.087998,0.096344,1.037928,2.075011
0.666667,0.047998,0.065003,1.185523,2.08498
0.666667,0.047998,0.065003,1.323305,2.090294
0.523809,0.087998,0.110273,1.374333,2.111003
0.380952,0.127999,0.155543,1.398652,2.193711
0.380952,0.159999,0.171213,1.453672,2.203413
0.285714,0.136,0.138712,1.515531,2.203576
0.238095,0.168,0.169472,1.552199,2.203717
0.238095,0.151998,0.169472,1.572915,2.204
0.285714,0.272,0.279745,1.599956,2.204
0.190476,0.272,0.262914,1.625239,2.203521
0.238095,0.256001,0.263494,1.654393,2.203076
0.142857,0.288001,0.293674,1.718728,2.202125
0.238095,0.320001,0.357516,1.79234,2.201296
0.285714,0.344,0.358096,1.859778,2.192149
0.190476,0.352001,0.356936,1.925618,2.166771
0.095238,0.352001,0.340104,1.973885,2.13721
0.142857,0.376,0.387696,2.014841,2.108254
0.095238,0.344,0.340104,2.040518,2.06585
0.166667,0.316001,0.31747,2.069788,2.014427
0.238095,0.288001,0.294835,2.109114,1.942702
0.285714,0.263999,0.279745,2.151719,1.866685
0.285714,0.256001,0.248404,2.183143,1.782726
0.285714,0.327998,0.342426,2.206195,1.709891
0.238095,0.288001,0.310505,2.227393,1.637952
0.309524,0.304001,0.319211,2.249336,1.570313
0.380952,0.320001,0.327916,2.273439,1.507281
0.47619,0.328,0.336912,2.281302,1.463035
0.571429,0.335999,0.345908,2.28207,1.410505
0.571429,0.335999,0.361579,2.28207,1.395
0.619048,0.352001,0.362159,2.28207,1.395
0.571429,0.432002,0.43993,2.280654,1.395
0.666667,0.376,0.37841,2.272728,1.396317
0.666667,0.448,0.456761,2.256761,1.414317
0.619048,0.503999,0.518862,2.226883,1.453136
0.666667,0.511999,0.503772,2.196254,1.487357
0.666667,0.552,0.550784,2.152005,1.527971
0.666667,0.608002,0.613465,2.090628,1.573126
0.666667,0.616,0.613465,2.01149,1.608289
0.666667,0.600001,0.613465,1.917371,1.653521
0.714286,0.608002,0.614045,1.798368,1.702369
0.666667,0.704001,0.691817,1.706312,1.742139
0.666667,0.704001,0.707487,1.623603,1.766829
0.619048,0.680002,0.691236,1.542196,1.772159
0.619048,0.704001,0.722577,1.444556,1.772159
0.571429,0.712002,0.706326,1.353282,1.772159
0.52381,0.792,0.784098,1.265282,1.771869
0.619048,0.751999,0.753918,1.201472,1.759242
0.571429,0.800001,0.784678,1.125394,1.722215
0.52381,0.784002,0.784098,1.059402,1.678606
0.52381,0.768001,0.768427,0.983558,1.621113
0.52381,0.76,0.752757,0.920213,1.566554
0.52381,0.72,0.721416,0.856267,1.5007
0.571429,0.704001,0.706326,0.809385,1.433604
0.547619,0.704001,0.698201,0.772538,1.360129
0.52381,0.704001,0.690075,0.753866,1.295268
0.47619,0.656,0.658154,0.751875,1.213322
0.571429,0.656,0.643645,0.751875,1.138105
0.47619,0.624,0.618979,0.751875,1.068708
0.380952,0.592001,0.594312,0.760802,0.986541
0.428571,0.568,0.563552,0.791443,0.911654
0.47619,0.543999,0.532792,0.8326,0.840801
0.47619,0.543999,0.548462,0.876603,0.78543
0.428571,0.536002,0.532211,0.921604,0.749201
0.428571,0.511999,0.532211,0.971963,0.744564
0.333333,0.527999,0.538886,1.030663,0.744564
0.238095,0.543999,0.54556,1.094789,0.744564
0.285714,0.543999,0.54614,1.165005,0.747239
0.285714,0.552,0.54614,1.237938,0.764985
0.238095,0.543999,0.52989,1.314375,0.79325
0.285714,0.464002,0.483459,1.379805,0.825874
0.238095,0.48,0.482879,1.44219,0.853599
0.333333,0.471999,0.468369,1.505118,0.876541
0.333333,0.416,0.437028,1.574375,0.888764
0.285714,0.432002,0.436448,1.639532,0.904489
0.333333,0.360001,0.358677,1.694305,0.9135
0.404762,0.356001,0.351712,1.75078,0.915205
0.47619,0.352001,0.344748,1.790389,0.916973
0.485714,0.3616,0.354266,1.843565,0.917691
0.495238,0.3712,0.363784,1.890383,0.91817
0.504762,0.380799,0.373302,1.937172,0.920443
0.514286,0.390399,0.382821,1.99075,0.943828
0.52381,0.399999,0.392339,2.048457,0.971647
0.547619,0.407999,0.400464,2.072601,1.0035
0.571429,0.416,0.40859,2.076435,1.045454
0.571429,0.416,0.42426,2.076435,1.084183
0.619048,0.48,0.471851,2.076435,1.181493
0.666667,0.464002,0.472432,2.072258,1.249115
0.666667,0.496001,0.488102,2.045975,1.3356
0.761905,0.536002,0.551944,2.004823,1.426861
0.761905,0.575999,0.583285,1.967375,1.497
0.761905,0.560001,0.567615,1.930002,1.55599
0.761905,0.528001,0.536274,1.889876,1.602459
0.809524,0.503999,0.521184,1.837449,1.6443
0.809524,0.528001,0.521184,1.783864,1.658317
0.857143,0.496001,0.506094,1.719593,1.664917
0.857143,0.543999,0.553105,1.653872,1.671518
0.857143,0.52,0.537435,1.576556,1.673875
0.904762,0.503999,0.538015,1.490559,1.675283
0.904762,0.528001,0.522345,1.40673,1.683331
0.857143,0.496001,0.506094,1.322548,1.694028
0.857143,0.503999,0.506094,1.243177,1.70545
0.857143,0.48,0.490424,1.151709,1.722893
0.857143,0.456001,0.459083,1.075582,1.744051
0.809524,0.496001,0.489843,0.990264,1.776084
0.904762,0.448,0.459663,0.919087,1.814008
0.888889,0.418667,0.433353,0.866404,1.852588
0.873016,0.389334,0.407042,0.822048,1.895838
0.857143,0.360001,0.380731,0.786805,1.942078
0.809524,0.303999,0.31747,0.75767,1.978071
0.809524,0.327998,0.33314,0.743925,2.004611
0.809524,0.248001,0.270459,0.742965,2.026346
0.714286,0.272,0.269298,0.742965,2.066628
0.761905,0.208,0.222867,0.742965,2.098848
0.714286,0.168,0.190946,0.749862,2.12089
0.666667,0.127999,0.143355,0.767563,2.124758
0.619048,0.119998,0.142774,0.793481,2.124758
0.571429,0.095999,0.126524,0.879836,2.124758
0.52381,0.127999,0.141613,1.001838,2.119639
0.571429,0.112001,0.142194,1.136664,2.07705
0.47619,0.127999,0.141033,1.259282,2.046618
0.404762,0.143999,0.155833,1.347115,2.045891
0.333333,0.159999,0.170633,1.420027,2.045891
0.333333,0.184001,0.186303,1.499109,2.045891
0.285714,0.144001,0.154382,1.576338,2.047312
0.238095,0.176,0.192977,1.607096,2.05083
0.190476,0.208,0.231573,1.624198,2.054816
0.238095,0.263999,0.263494,1.635264,2.111504
0.285714,0.288001,0.326756,1.667493,2.169239
0.190476,0.320001,0.325595,1.74475,2.169239
0.190476,0.352001,0.356936,1.826825,2.169239
0.142857,0.367999,0.372026,1.881345,2.16915
0.190476,0.384,0.372606,1.921073,2.155717
0.142857,0.407999,0.403366,1.980305,2.128684
0.238095,0.399999,0.404527,2.02875,2.101
0.190476,0.456001,0.435287,2.081125,2.053
0.142857,0.503999,0.513059,2.118074,1.998632
0.142857,0.52,0.513059,2.152625,1.93475
0.190476,0.552,0.54498,2.178412,1.870938
0.142857,0.536002,0.544399,2.214698,1.778823
0.190476,0.536002,0.54498,2.250651,1.702864
0.142857,0.543999,0.544399,2.271835,1.627407
0.238095,0.528001,0.623912,2.290947,1.536822
0.285714,0.552,0.561811,2.29748,1.468363
0.238095,0.536002,0.52989,2.304131,1.400259
0.333333,0.543999,0.53105,2.3065,1.318929
0.285714,0.568002,0.593151,2.3065,1.246526
0.285714,0.536002,0.53047,2.3065,1.184912
0.285714,0.560001,0.561811,2.303939,1.120223
0.380952,0.584,0.578642,2.294039,1.073049
0.380952,0.552,0.562972,2.277378,1.030223
0.333333,0.528001,0.53105,2.257848,0.981526
0.333333,0.543999,0.546721,2.239422,0.928377
0.380952,0.528001,0.531631,2.220117,0.888243
0.333333,0.464002,0.468369,2.194802,0.852485
0.380952,0.496001,0.48462,2.169415,0.833239
0.380952,0.432002,0.421938,2.135722,0.831826
0.285714,0.416,0.420778,2.103865,0.831826
0.357143,0.376,0.382472,2.078325,0.831826
0.428571,0.335999,0.344167,2.057121,0.835208
0.47619,0.352001,0.360418,2.026375,0.8535
0.571429,0.288001,0.345908,1.989775,0.876544
0.619048,0.272,0.283807,1.948633,0.907069
0.571429,0.256001,0.267557,1.917093,0.945658
0.666667,0.24,0.237377,1.890317,0.989203
0.714286,0.288001,0.253627,1.879056,1.024987
0.761905,0.327998,0.34823,1.863135,1.075278
0.761905,0.327998,0.332559,1.850095,1.142359
0.761905,0.344,0.3639,1.845264,1.223433
0.857143,0.344,0.33372,1.836658,1.295813
0.809524,0.352001,0.364481,1.828199,1.368219
0.809524,0.327998,0.33314,1.816708,1.458535
0.857143,0.360001,0.365061,1.801677,1.548843
0.809524,0.376,0.411492,1.782284,1.641732
0.857143,0.384,0.396402,1.755102,1.736749
0.809524,0.367999,0.395821,1.719512,1.81254
0.809524,0.439999,0.442832,1.660254,1.888346
0.809524,0.456001,0.458503,1.607333,1.968579
0.809524,0.52,0.521184,1.555125,2.041125
0.761905,0.503999,0.504933,1.491152,2.117271
0.761905,0.496001,0.504933,1.435169,2.171405
0.761905,0.543999,0.551944,1.371824,2.217419
0.714286,0.568002,0.567034,1.29232,2.266923
0.714286,0.568002,0.567034,1.223172,2.292444
0.714286,0.592001,0.614045,1.175776,2.294831
0.666667,0.616,0.629135,1.166456,2.294831
0.619048,0.656,0.659896,1.154121,2.294831
0.571429,0.672002,0.674985,1.140784,2.287965
0.619048,0.688,0.691236,1.124261,2.25256
0.52381,0.680002,0.674405,1.113375,2.210764
0.571429,0.688,0.690656,1.113,2.151978
0.52381,0.696001,0.690075,1.112762,2.079756
0.52381,0.696001,0.690075,1.104883,2.015132
0.47619,0.656,0.658154,1.092521,1.932096
0.571429,0.664001,0.659315,1.08327,1.850751
0.511905,0.658001,0.654672,1.041625,1.769125
0.452381,0.652001,0.650029,0.948487,1.690882
0.392857,0.646002,0.645386,0.942237,1.610612
0.333333,0.640002,0.640743,0.942237,1.530344
0.428571,0.656,0.657574,0.942237,1.445235
0.380952,0.616,0.641323,0.952365,1.353949
0.333333,0.624,0.632908,0.973585,1.307196
0.285714,0.632001,0.624492,1.013759,1.223947
0.261905,0.632001,0.624202,1.044506,1.14794
0.238095,0.632001,0.623912,1.083342,1.082652
0.238095,0.624,0.608241,1.132877,1.014801
0.238095,0.560001,0.576901,1.174761,0.949505
0.166667,0.552,0.568195,1.234235,0.901765
0.095238,0.543999,0.559489,1.316927,0.850073
0.126984,0.514667,0.523312,1.396807,0.794244
0.15873,0.485333,0.487135,1.474719,0.746641
0.190476,0.456001,0.450958,1.563029,0.707312
0.190476,0.416,0.419617,1.644725,0.684725
0.190476,0.376,0.372606,1.730875,0.667006
0.095238,0.303999,0.308764,1.81343,0.666008
0.142857,0.312,0.309344,1.877125,0.666008
0.238095,0.256001,0.279164,1.943399,0.666008
0.190476,0.231999,0.247243,2.004149,0.676002
0.095238,0.191999,0.199071,2.05825,0.70575
0.142857,0.184001,0.199652,2.099246,0.749935
0.142857,0.191999,0.199652,2.136037,0.802488
0.238095,0.24,0.247824,2.168333,0.852168
0.238095,0.263999,0.279164,2.192327,0.905578
0.285714,0.272,0.232734,2.225567,0.982343
0.238095,0.28,0.310505,2.260647,1.052334
0.285714,0.320001,0.311085,2.296542,1.14284
0.333333,0.336001,0.343006,2.330721,1.233505
0.380952,0.352001,0.374927,2.351973,1.318946
0.47619,0.367999,0.360418,2.373768,1.41132
0.380952,0.448,0.437609,2.392412,1.484933
0.47619,0.48,0.485781,2.394306,1.555994
0.47619,0.464002,0.47011,2.394306,1.627897
0.47619,0.464002,0.47011,2.394306,1.697797
0.428571,0.48,0.45386,2.386687,1.739105
0.52381,0.511999,0.517702,2.35725,1.747211
0.571429,0.496001,0.502612,2.33475,1.747211
0.52381,0.496001,0.502031,2.311473,1.747211
0.571429,0.48,0.502612,2.269287,1.744144
0.571429,0.528001,0.533952,2.219298,1.718301
0.619048,0.568002,0.565873,2.174674,1.679831
0.666667,0.575999,0.566454,2.102999,1.630131
0.571429,0.672002,0.674985,2.033651,1.593375
0.52381,0.664001,0.690075,1.963431,1.545101
0.642857,0.600001,0.613175,1.890702,1.504457
0.761905,0.536002,0.536274,1.819694,1.44699
0.761905,0.672002,0.614626,1.762257,1.417679
0.761905,0.616,0.614626,1.710122,1.401576
0.761905,0.608002,0.614626,1.651997,1.390451
0.809524,0.608002,0.615206,1.603927,1.3895
0.809524,0.600001,0.615206,1.539125,1.3895
0.809524,0.608002,0.615206,1.486858,1.3895
0.857143,0.536002,0.553105,1.415597,1.393091
0.809524,0.536002,0.552525,1.343552,1.418509
0.809524,0.536002,0.552525,1.265083,1.443425
0.809524,0.568002,0.568195,1.197081,1.455902
0.857143,0.511999,0.490424,1.122381,1.472092
0.761905,0.471999,0.473593,1.045637,1.49017
0.809524,0.503999,0.521184,0.97977,1.510118
0.857143,0.407999,0.427742,0.913336,1.540106
0.857143,0.416,0.427742,0.856486,1.575733
0.857143,0.376,0.380731,0.790435,1.621594
0.809524,0.352001,0.364481,0.742837,1.666978
0.809524,0.303999,0.31747,0.69571,1.724957
0.857143,0.28,0.286709,0.666388,1.777715
0.809524,0.24,0.254788,0.658672,1.83
0.761905,0.216001,0.238537,0.658672,1.880797
0.714286,0.231999,0.237957,0.658672,1.932494
0.761905,0.216001,0.238537,0.659562,1.982491
0.714286,0.231999,0.237957,0.677294,2.037822
0.595238,0.208,0.220836,0.717759,2.087561
0.47619,0.184001,0.203714,0.815756,2.12198
0.464286,0.176,0.195734,0.94634,2.150778
0.452381,0.168,0.187754,1.070479,2.18078
0.440476,0.159999,0.179774,1.186554,2.205183
0.428571,0.151998,0.171793,1.301977,2.226469
0.357143,0.191999,0.202263,1.365945,2.24658
0.285714,0.231999,0.232734,1.446633,2.266871
0.285714,0.234666,0.24318,1.522625,2.27
0.285714,0.237333,0.253627,1.547813,2.27
0.285714,0.24,0.264074,1.560909,2.27
0.261905,0.267999,0.28729,1.570098,2.26471
0.238095,0.295999,0.310505,1.58125,2.247625
0.238095,0.335999,0.341846,1.613937,2.219642
0.190476,0.335999,0.341265,1.696835,2.17446
0.238095,0.432002,0.420197,1.774321,2.133505
0.238095,0.424001,0.420197,1.827042,2.074297
0.190476,0.407999,0.419617,1.879282,2.0305
0.238095,0.456001,0.451538,1.933637,2.000561
0.238095,0.528001,0.514219,1.985808,1.961837
0.190476,0.528001,0.529309,2.029344,1.918488
0.142857,0.543999,0.544399,2.069243,1.870819
0.142857,0.575999,0.57574,2.111988,1.809411
0.190476,0.568,0.568485,2.1499,1.744024
0.238095,0.560001,0.56123,2.185154,1.685117
0.238095,0.560001,0.576901,2.2275,1.6404
0.142857,0.624,0.622751,2.250447,1.584714
0.142857,0.647999,0.654092,2.283163,1.509335
0.238095,0.664001,0.655252,2.301917,1.441422
0.190476,0.664001,0.654672,2.30235,1.358505
0.238095,0.616,0.623912,2.30235,1.288477
0.238095,0.616,0.608241,2.30235,1.222621
0.238095,0.575999,0.592571,2.29925,1.155
0.261905,0.588,0.592861,2.284033,1.08947
0.285714,0.600001,0.593151,2.268864,1.019707
0.238095,0.560001,0.54556,2.245485,0.95415
0.190476,0.560001,0.529309,2.216509,0.907026
0.190476,0.511999,0.513639,2.187969,0.863312
0.285714,0.456001,0.452118,2.16106,0.81643
0.31746,0.421334,0.421165,2.128829,0.777222
0.349206,0.386668,0.390211,2.0855,0.7425
0.380952,0.352001,0.359257,2.039258,0.716812
0.428571,0.335999,0.328497,1.992525,0.713824
0.428571,0.303999,0.312826,1.948949,0.713824
0.464286,0.27,0.293674,1.925121,0.713824
0.5,0.235999,0.274521,1.905881,0.716412
0.535714,0.201999,0.255369,1.8975,0.742625
0.571429,0.168,0.236216,1.8975,0.781384
0.571429,0.184001,0.189205,1.8975,0.832838
0.52381,0.095999,0.110273,1.897964,0.897326
0.47619,0.127999,0.109692,1.904406,0.976539
0.571429,0.112001,0.142194,1.912856,1.074504
0.642857,0.168,0.197911,1.92618,1.16638
0.714286,0.223998,0.253627,1.937605,1.264375
0.761905,0.22,0.254208,1.957125,1.376474
0.809524,0.216001,0.254788,1.963262,1.460654
0.761905,0.216001,0.238537,1.963262,1.565848
0.809524,0.303999,0.31747,1.963262,1.658402
0.857143,0.303999,0.31805,1.963262,1.748218
0.857143,0.399999,0.396402,1.959565,1.82678
0.761905,0.399999,0.410911,1.946417,1.900383
0.857143,0.399999,0.412072,1.922992,1.983386
0.857143,0.432002,0.443413,1.889842,2.057959
0.857143,0.424001,0.443413,1.848213,2.11277
0.809524,0.439999,0.458503,1.794441,2.168651
0.904762,0.528001,0.538015,1.745432,2.218157
0.809524,0.471999,0.474173,1.688625,2.261731
0.857143,0.503999,0.521764,1.625662,2.297396
0.809524,0.511999,0.521184,1.570801,2.332951
0.761905,0.471999,0.489263,1.528252,2.355087
0.761905,0.536002,0.551944,1.456016,2.369215
0.809524,0.543999,0.552525,1.369821,2.3705
0.761905,0.575999,0.598955,1.299568,2.3705
0.761905,0.592001,0.614626,1.226084,2.3705
0.714286,0.608002,0.629716,1.147828,2.36532
0.714286,0.624,0.645386,1.079066,2.3442
0.666667,0.640002,0.644806,1.015397,2.318481
0.666667,0.688,0.691817,0.9865,2.308
0.619048,0.704001,0.706907,0.894125,2.2565
0.619048,0.688,0.691236,0.828135,2.194096
0.571429,0.792,0.769008,0.79078,2.128991
0.619048,0.792,0.785258,0.767306,2.06441
0.666667,0.744002,0.738828,0.753751,2.00196
0.619048,0.736001,0.753918,0.744086,1.931297
0.571429,0.728,0.737667,0.735951,1.845099
0.666667,0.768001,0.785839,0.726811,1.758437
0.571429,0.768001,0.769008,0.715296,1.669035
0.47619,0.751999,0.752176,0.713382,1.593489
0.47619,0.751999,0.752176,0.713015,1.517886
0.47619,0.744,0.74173,0.713015,1.43271
0.47619,0.736,0.731283,0.713015,1.364835
0.47619,0.728,0.720836,0.7177,1.329216
0.428571,0.696001,0.688915,0.723125,1.248375
0.380952,0.696001,0.672664,0.730809,1.157171
0.428571,0.656,0.657574,0.76105,1.059047
0.380952,0.640002,0.656994,0.801864,0.96833
0.285714,0.704001,0.702844,0.838129,0.89003
0.285714,0.680002,0.702844,0.869357,0.837964
0.380952,0.72,0.719675,0.902483,0.784661
0.428571,0.704001,0.704585,0.93937,0.728662
0.357143,0.700001,0.695879,0.981283,0.684525
0.285714,0.696001,0.687174,1.048954,0.650937
0.285714,0.664001,0.671503,1.118903,0.627064
0.380952,0.647999,0.656994,1.193555,0.611391
0.380952,0.647999,0.656994,1.269861,0.595739
0.428571,0.592001,0.610563,1.348204,0.581252
0.428571,0.560001,0.579222,1.416194,0.57367
0.380952,0.552,0.547301,1.493816,0.572727
0.380952,0.575999,0.562972,1.567893,0.572727
0.428571,0.536002,0.532211,1.635706,0.572727
0.380952,0.503999,0.515961,1.693488,0.580328
0.444444,0.485332,0.495841,1.745642,0.598832
0.507937,0.466666,0.475721,1.785937,0.620414
0.571429,0.448,0.455601,1.797357,0.641897
0.571429,0.416,0.42426,1.797357,0.666307
0.52381,0.352001,0.360998,1.797357,0.694583
0.619048,0.360001,0.362159,1.796147,0.712579
0.619048,0.352001,0.362159,1.768891,0.735625
0.714286,0.34,0.347649,1.73737,0.765816
0.809524,0.327998,0.33314,1.702964,0.812492
0.761905,0.288001,0.301219,1.668937,0.868031
0.714286,0.24,0.269298,1.646351,0.936185
0.714286,0.248001,0.253627,1.628631,1.013296
0.714286,0.199999,0.222287,1.613908,1.09629
0.714286,0.184001,0.253627,1.595375,1.188925
0.619048,0.191999,0.189785,1.578521,1.276104
0.666667,0.159999,0.174695,1.561767,1.364152
0.595238,0.143999,0.158154,1.542339,1.452678
0.52381,0.127999,0.141613,1.52026,1.555164
0.52381,0.087998,0.094602,1.497128,1.653184
0.47619,0.064,0.078352,1.477724,1.739734
0.428571,0.087998,0.093442,1.472781,1.79912
0.380952,0.136,0.155543,1.472781,1.882514
0.380952,0.144001,0.139872,1.472781,1.963028
0.380952,0.127999,0.139872,1.473086,2.041714
0.380952,0.216001,0.218224,1.482871,2.112798
0.357143,0.222001,0.225769,1.501901,2.164435
0.333333,0.228,0.233314,1.531125,2.20225
0.309524,0.234,0.240859,1.56825,2.225875
0.285714,0.24,0.248404,1.610071,2.2275
0.285714,0.263999,0.248404,1.667339,2.2275
0.190476,0.288001,0.247243,1.736261,2.2275
0.238095,0.352001,0.357516,1.817095,2.219008
0.190476,0.320001,0.325595,1.867137,2.211865
0.190476,0.367999,0.372606,1.932824,2.179437
0.190476,0.360001,0.372606,1.9905,2.136375
0.214286,0.38,0.396402,2.041854,2.087596
0.238095,0.399999,0.420197,2.078833,2.052825
0.238095,0.416,0.420197,2.099876,2.011833
0.190476,0.456001,0.419617,2.115045,1.976542
0.238095,0.399999,0.420197,2.122101,1.943127
0.190476,0.407999,0.419617,2.145635,1.892736
0.142857,0.407999,0.403366,2.16059,1.850673
0.238095,0.396,0.412362,2.168835,1.813804
0.333333,0.384,0.421358,2.181669,1.762657
0.285714,0.448,0.436448,2.190816,1.704964
0.380952,0.416,0.421938,2.205261,1.629403
0.380952,0.416,0.421938,2.207,1.576875
0.428571,0.432002,0.422519,2.207,1.501498
0.47619,0.52,0.43877,2.207,1.424138
0.47619,0.511999,0.517121,2.20675,1.364096
0.47619,0.464002,0.485781,2.203125,1.300125
0.52381,0.503999,0.502031,2.193596,1.263075
0.52381,0.560001,0.549042,2.179751,1.248432
0.571429,0.575999,0.580963,2.163792,1.246742
0.571429,0.640002,0.612304,2.140357,1.246742
0.571429,0.640002,0.643645,2.113898,1.246742
0.666667,0.608002,0.613465,2.0836,1.250682
0.619048,0.640002,0.691236,2.048875,1.266875
0.714286,0.672002,0.661056,2.003469,1.279969
0.714286,0.647999,0.645386,1.958962,1.287213
0.714286,0.688,0.692397,1.910814,1.292164
0.666667,0.72,0.723157,1.849427,1.299073
0.666667,0.728,0.754498,1.773458,1.305135
0.666667,0.751999,0.738828,1.694875,1.3115
0.619048,0.736001,0.738247,1.585589,1.321472
0.619048,0.768001,0.769588,1.482238,1.331871
0.619048,0.800001,0.800929,1.380455,1.341794
0.619048,0.832,0.832269,1.296209,1.353797
0.619048,0.808001,0.816599,1.218762,1.362774
0.571429,0.784002,0.800348,1.12525,1.364548
0.571429,0.792,0.784678,1.037719,1.364548
0.52381,0.816002,0.831109,0.956839,1.364548
0.619048,0.76,0.769588,0.883875,1.361274
0.619048,0.72,0.738247,0.822902,1.337281
0.571429,0.744,0.753337,0.779067,1.323725
0.52381,0.768001,0.768427,0.746759,1.278209
0.52381,0.751999,0.752757,0.729202,1.226821
0.52381,0.736001,0.737086,0.707628,1.14764
0.404762,0.728,0.7278,0.699375,1.086624
0.285714,0.72,0.718514,0.699,1.011775
0.285714,0.704001,0.702844,0.699,0.94827
0.333333,0.692002,0.687754,0.699,0.894625
0.380952,0.680002,0.672664,0.709314,0.86465
0.285714,0.688,0.671503,0.734415,0.805944
0.238095,0.632001,0.639582,0.760813,0.772937
0.190476,0.600001,0.607661,0.802008,0.746513
0.238095,0.608002,0.608241,0.861633,0.721287
0.285714,0.592001,0.608822,0.923283,0.70122
0.285714,0.600001,0.608822,0.997118,0.68144
0.238095,0.560001,0.56123,1.074152,0.661476
0.238095,0.560001,0.54556,1.158121,0.639278
0.190476,0.544001,0.537145,1.239031,0.616052
0.142857,0.528001,0.528729,1.320493,0.590013
0.166667,0.512001,0.513349,1.405502,0.566852
0.190476,0.496001,0.497969,1.48525,0.551875
0.142857,0.407999,0.403366,1.553329,0.542964
0.190476,0.360001,0.388276,1.627239,0.542964
0.190476,0.367999,0.388276,1.70997,0.542964
0.285714,0.295999,0.311085,1.789686,0.542964
0.238095,0.295999,0.294835,1.864922,0.550263
0.142857,0.288001,0.293674,1.928615,0.575322
0.238095,0.216001,0.247824,1.987764,0.608103
0.142857,0.216001,0.215322,2.047959,0.644188
0.190476,0.208,0.215902,2.108662,0.69492
0.238095,0.184001,0.200813,2.166931,0.779931
0.238095,0.176,0.185142,2.247597,0.853906
0.238095,0.136,0.153802,2.29162,0.915577
0.238095,0.136,0.138131,2.330193,0.98762
0.285714,0.104,0.107371,2.359331,1.05484
0.380952,0.124,0.132037,2.379875,1.124125
0.47619,0.144001,0.156703,2.387452,1.202097
0.52381,0.144001,0.172954,2.389,1.278122
0.595238,0.200001,0.213001,2.389,1.353972
0.666667,0.256001,0.253047,2.389,1.422046
0.761905,0.248001,0.254208,2.386031,1.504179
0.761905,0.256001,0.254208,2.380251,1.575246
0.761905,0.272,0.285548,2.368742,1.65345
0.714286,0.352001,0.36332,2.347725,1.722714
0.761905,0.344,0.3639,2.333668,1.784092
0.761905,0.407999,0.395241,2.308461,1.851217
0.761905,0.399999,0.410911,2.272445,1.908492
0.761905,0.456001,0.473593,2.223955,1.963698
0.761905,0.488001,0.504933,2.15972,2.015543
0.761905,0.543999,0.551944,2.09593,2.054412
0.714286,0.528001,0.535694,2.02845,2.083559
0.714286,0.568002,0.582705,1.95654,2.109195
0.714286,0.575999,0.582705,1.875756,2.140121
0.666667,0.592001,0.597795,1.79406,2.169433
0.666667,0.584,0.597795,1.705639,2.186468
0.666667,0.608002,0.613465,1.618858,2.188
0.619048,0.640002,0.644225,1.537402,2.188
0.571429,0.704001,0.737667,1.456146,2.188
0.619048,0.712002,0.706907,1.3861,2.180717
0.571429,0.704001,0.706326,1.316215,2.157644
0.571429,0.672002,0.674985,1.251391,2.127728
0.571429,0.751999,0.737667,1.1794,2.082819
0.52381,0.712002,0.674405,1.104627,2.022181
0.52381,0.672002,0.658735,1.03883,1.96275
0.571429,0.656,0.674985,0.97846,1.89041
0.52381,0.672002,0.674405,0.930543,1.809707
0.47619,0.72,0.705165,0.902246,1.737743
0.47619,0.704001,0.673825,0.873472,1.674396
0.428571,0.700001,0.688915,0.866,1.600584
0.380952,0.696001,0.704005,0.863297,1.531064
0.333333,0.688,0.703424,0.855779,1.43519
0.31746,0.666667,0.677114,0.848935,1.285849
0.301587,0.645334,0.650803,0.847,1.19068
0.285714,0.624,0.624492,0.852813,1.114898
0.285714,0.656,0.655833,0.86443,1.030665
0.285714,0.656,0.655833,0.874637,0.949243
0.190476,0.624,0.639002,0.888032,0.880168
0.238095,0.624,0.639582,0.925071,0.804085
0.142857,0.647999,0.622751,0.982388,0.756021
0.190476,0.608002,0.607661,1.047922,0.723864
0.174603,0.600001,0.597021,1.117275,0.695352
0.15873,0.592001,0.58638,1.286217,0.669102
0.142857,0.584,0.57574,1.3915,0.6415
0.190476,0.568002,0.57632,1.455724,0.617511
0.238095,0.568002,0.576901,1.527512,0.598581
0.238095,0.511999,0.514219,1.603022,0.584199
0.285714,0.52,0.5148,1.675302,0.5755
0.261905,0.484,0.483169,1.739357,0.574
0.238095,0.448,0.451538,1.809813,0.574
0.238095,0.399999,0.404527,1.867701,0.574
0.238095,0.367999,0.388857,1.926193,0.579461
0.238095,0.376,0.373186,1.970015,0.59702
0.238095,0.352001,0.357516,2.006925,0.616875
0.142857,0.320001,0.356355,2.030776,0.636103
0.238095,0.320001,0.341846,2.04625,0.663
0.333333,0.344,0.358677,2.055113,0.703711
0.285714,0.376,0.373767,2.057302,0.740693
0.285714,0.344,0.342426,2.06277,0.787581
0.285714,0.399999,0.405107,2.065811,0.835385
0.333333,0.376,0.358677,2.067223,0.889052
0.380952,0.392001,0.406268,2.073892,0.950327
0.47619,0.432002,0.423099,2.092569,1.00559
0.52381,0.384,0.392339,2.114736,1.062453
0.47619,0.399999,0.43877,2.143033,1.1235
0.47619,0.439999,0.45444,2.165204,1.173698
0.547619,0.452,0.463146,2.181012,1.250406
0.619048,0.464002,0.471851,2.199345,1.313098
0.666667,0.48,0.488102,2.205096,1.357737
0.714286,0.496001,0.504353,2.205096,1.400491
0.761905,0.488001,0.489263,2.205096,1.426713
0.714286,0.488001,0.488683,2.203665,1.453375
0.761905,0.496001,0.504933,2.175377,1.473463
0.809524,0.488001,0.489843,2.152947,1.480562
0.809524,0.511999,0.521184,2.120716,1.482397
0.857143,0.503999,0.521764,2.062974,1.483911
0.857143,0.52,0.537435,2.009369,1.484765
0.809524,0.503999,0.521184,1.930496,1.487375
0.809524,0.503999,0.505514,1.852125,1.499125
0.809524,0.511999,0.505514,1.759532,1.515524
0.857143,0.471999,0.490424,1.657694,1.534213
0.857143,0.456001,0.459083,1.568063,1.54921
0.857143,0.384,0.396402,1.457992,1.575058
0.809524,0.399999,0.395821,1.359,1.609292
0.809524,0.360001,0.364481,1.258194,1.654835
0.857143,0.320001,0.31805,1.180029,1.696658
0.761905,0.288001,0.301219,1.096529,1.748283
0.761905,0.258667,0.275102,1.0198,1.804659
0.761905,0.229333,0.248984,0.944662,1.869811
0.761905,0.199999,0.222867,0.89222,1.922332
0.714286,0.156,0.183111,0.850912,1.949509
0.666667,0.112001,0.143355,0.837582,1.961816
0.619048,0.127999,0.142774,0.837582,1.974
0.52381,0.184001,0.188624,0.837582,1.99273
0.52381,0.144001,0.172954,0.839575,2.003856
0.571429,0.127999,0.157864,0.944636,2.011205
0.52381,0.159999,0.157284,1.114519,2.017077
0.52381,0.144001,0.141613,1.246048,2.021022
0.380952,0.156,0.163378,1.316952,2.023505
0.238095,0.168,0.185142,1.398625,2.09215
0.285714,0.191999,0.185723,1.489105,2.105002
0.190476,0.223998,0.215902,1.57348,2.107602
0.285714,0.295999,0.295415,1.614322,2.109693
0.238095,0.319999,0.326175,1.635753,2.115528
0.190476,0.344,0.356936,1.658028,2.117
0.142857,0.335999,0.340685,1.67561,2.117
0.190476,0.384,0.388276,1.706848,2.117
0.238095,0.384,0.404527,1.769875,2.11525
0.190476,0.407999,0.419617,1.836625,2.101375
0.142857,0.464002,0.450377,1.874618,2.095028
0.238095,0.464002,0.482879,1.912924,2.085984
0.238095,0.496001,0.498549,1.942033,2.063742
0.285714,0.511999,0.5148,1.975088,2.028279
0.190476,0.528001,0.56065,2.021855,1.961205
0.285714,0.552,0.54614,2.056484,1.894129
0.238095,0.575999,0.56123,2.089777,1.81816
0.238095,0.592001,0.592571,2.108971,1.759468
0.238095,0.592001,0.592571,2.132101,1.683265
0.285714,0.624,0.624492,2.156213,1.601036
0.285714,0.616,0.624492,2.184453,1.53712
0.285714,0.72,0.734185,2.201263,1.456737
0.285714,0.640002,0.640163,2.21015,1.379946
0.285714,0.624,0.640163,2.21015,1.296073
0.285714,0.640002,0.640163,2.21015,1.223875
0.238095,0.696001,0.686593,2.2094,1.156375
0.333333,0.728,0.734765,2.200006,1.09458
0.357143,0.708,0.71155,2.190651,1.018827
0.380952,0.688,0.688334,2.172639,0.958387
0.428571,0.72,0.720255,2.157443,0.910954
0.428571,0.640002,0.641904,2.135783,0.849208
0.47619,0.608002,0.611143,2.104825,0.795039
0.428571,0.640002,0.641904,2.065583,0.750697
0.380952,0.647999,0.625653,2.026387,0.710177
0.47619,0.608002,0.611143,1.987716,0.677699
0.428571,0.575999,0.579222,1.952855,0.657108
0.47619,0.560001,0.564132,1.917389,0.652633
0.571429,0.560001,0.565293,1.883296,0.652633
0.47619,0.464002,0.485781,1.835375,0.652633
0.452381,0.472001,0.477655,1.779904,0.653766
0.428571,0.48,0.46953,1.718262,0.664935
0.47619,0.448,0.43877,1.652411,0.683988
0.571429,0.367999,0.392919,1.595108,0.705756
0.47619,0.320001,0.329077,1.543864,0.734027
0.52381,0.352001,0.345328,1.506592,0.760036
0.619048,0.320001,0.268137,1.475091,0.786867
0.52381,0.223998,0.235636,1.451,0.822875
0.619048,0.231999,0.236796,1.437356,0.867594
0.571429,0.176,0.189205,1.429056,0.928796
0.571429,0.191999,0.220546,1.429037,0.996427
0.619048,0.159999,0.189785,1.428125,1.071371
0.619048,0.199999,0.205456,1.428125,1.13813
0.666667,0.199999,0.221706,1.437568,1.199411
0.761905,0.231999,0.238537,1.458875,1.267725
0.809524,0.335999,0.33314,1.510375,1.366475
0.809524,0.24,0.254788,1.551488,1.422039
0.809524,0.28,0.286129,1.610014,1.48449
0.857143,0.327998,0.349391,1.650207,1.530301
0.857143,0.360001,0.380731,1.695543,1.590764
0.857143,0.392001,0.412072,1.738339,1.652154
0.809524,0.432002,0.442832,1.76775,1.727215
0.761905,0.448,0.457922,1.7715,1.812715
0.857143,0.528001,0.506094,1.7715,1.902722
0.857143,0.52,0.521764,1.7715,1.981657
0.857143,0.511999,0.521764,1.763349,2.048492
0.809524,0.511999,0.536854,1.734808,2.106473
0.857143,0.528001,0.490424,1.693437,2.156473
0.761905,0.52,0.520604,1.644921,2.197458
0.809524,0.560001,0.568195,1.575,2.2325
0.761905,0.560001,0.567615,1.492746,2.255857
0.761905,0.592001,0.598955,1.403215,2.271722
0.714286,0.600001,0.614045,1.30475,2.279927
0.714286,0.616,0.614045,1.212399,2.281
0.619048,0.664001,0.659896,1.128492,2.281
0.666667,0.680002,0.691817,1.047459,2.281
0.619048,0.696001,0.659896,0.970816,2.276843
0.571429,0.664001,0.690656,0.893768,2.257312
0.619048,0.688,0.691236,0.831345,2.229163
0.619048,0.728,0.722577,0.764625,2.190875
0.571429,0.744002,0.721997,0.714525,2.154883
0.571429,0.76,0.784678,0.66729,2.105457
0.571429,0.751999,0.769008,0.639329,2.056417
0.619048,0.751999,0.738247,0.633427,1.995759
0.714286,0.728,0.739408,0.633427,1.935728
0.619048,0.704001,0.714742,0.633427,1.864742
0.52381,0.680002,0.690075,0.634598,1.782172
0.52381,0.672002,0.705746,0.650626,1.694296
0.52381,0.640002,0.643064,0.678537,1.592618
0.571429,0.640002,0.643645,0.705146,1.501094
0.571429,0.616,0.612304,0.727698,1.405774
0.619048,0.511999,0.518862,0.73699,1.314206
0.619048,0.496001,0.503192,0.752104,1.219125
0.595238,0.472001,0.479396,0.767223,1.121778
0.571429,0.448,0.455601,0.782963,1.045216
0.547619,0.423999,0.431805,0.795085,0.935938
0.52381,0.399999,0.408009,0.806996,0.897865
0.619048,0.367999,0.377829,0.822584,0.897865
0.619048,0.352001,0.362159,0.842423,0.897865
0.666667,0.288001,0.315728,0.892336,0.933547
0.666667,0.263999,0.284388,0.934875,1.016625
0.666667,0.24,0.253047,0.9445,1.045111
0.634921,0.213333,0.231766,1.015455,1.088028
0.603175,0.186666,0.210486,1.150728,1.137332
0.571429,0.159999,0.189205,1.188989,1.213644
0.52381,0.159999,0.172954,1.218508,1.290735
0.47619,0.144001,0.156703,1.24725,1.3545
0.47619,0.119998,0.109692,1.266785,1.392555
0.380952,0.112001,0.108532,1.287331,1.431376
0.309524,0.131999,0.139002,1.309287,1.46221
0.238095,0.151998,0.169472,1.340837,1.509904
0.285714,0.248001,0.248404,1.377487,1.582808
0.285714,0.24,0.264074,1.411958,1.653432
0.285714,0.256001,0.264074,1.455472,1.723066
0.190476,0.352001,0.341265,1.49902,1.784219
0.142857,0.320001,0.340685,1.55225,1.846525
0.238095,0.303999,0.310505,1.614258,1.906915
0.238095,0.335999,0.326175,1.673766,1.957281
0.190476,0.303999,0.325595,1.742283,1.990157
0.285714,0.295999,0.295415,1.814775,2.009382
0.190476,0.295999,0.294254,1.868367,2.033967
0.261905,0.267999,0.279454,1.933875,2.042
0.333333,0.24,0.264655,1.99925,2.042
0.333333,0.335999,0.327336,2.056042,2.042
0.333333,0.320001,0.327336,2.102622,2.028562
0.452381,0.316001,0.320952,2.149933,1.976893
0.571429,0.312,0.314568,2.182776,1.921812
0.571429,0.312,0.345908,2.203435,1.861155
0.571429,0.352001,0.361579,2.226875,1.8085
0.666667,0.367999,0.37841,2.248269,1.710375
0.619048,0.432002,0.456181,2.251523,1.64044
0.571429,0.488001,0.518282,2.2541,1.579407
0.619048,0.488001,0.503192,2.2541,1.533652
0.666667,0.52,0.519443,2.25385,1.498137
0.619048,0.568002,0.581544,2.2531,1.497223
0.714286,0.560001,0.567034,2.232375,1.497223
0.714286,0.575999,0.582705,2.19105,1.498098
0.714286,0.656,0.661056,2.143635,1.528625
0.761905,0.632001,0.645966,2.103152,1.553391
0.714286,0.640002,0.645386,2.058164,1.590168
0.666667,0.640002,0.644806,1.995158,1.626858
0.666667,0.616,0.613465,1.917775,1.66458
0.666667,0.608002,0.613465,1.830231,1.698413
0.714286,0.632001,0.629716,1.722979,1.723055
0.666667,0.644001,0.652641,1.62565,1.723738
0.619048,0.656,0.675566,1.519946,1.723738
0.666667,0.672002,0.660476,1.425183,1.723738
0.595238,0.66,0.65177,1.340145,1.716545
0.52381,0.647999,0.643064,1.238296,1.699717
0.52381,0.608002,0.611724,1.151358,1.682511
0.52381,0.608002,0.627394,1.065125,1.658575
0.47619,0.632001,0.626814,0.984417,1.625432
0.47619,0.616,0.626814,0.916489,1.591415
0.309524,0.616,0.632618,0.857705,1.551684
0.142857,0.616,0.638421,0.817429,1.512671
0.190476,0.624,0.623331,0.7995,1.476128
0.222222,0.602667,0.602825,0.7995,1.441465
0.253968,0.581334,0.582318,0.7995,1.385575
0.285714,0.560001,0.561811,0.80175,1.316019
0.238095,0.548001,0.54556,0.835857,1.23807
0.190476,0.536002,0.529309,0.887591,1.164094
0.238095,0.536002,0.54556,1.008535,1.10184
0.238095,0.536002,0.52989,1.107616,1.04634
0.285714,0.488001,0.499129,1.169963,1.00926
0.269841,0.464001,0.467595,1.246124,0.952779
0.253968,0.44,0.436061,1.332966,0.914448
0.238095,0.416,0.404527,1.415011,0.889573
0.238095,0.320001,0.326175,1.502891,0.864923
0.238095,0.312,0.310505,1.584391,0.841801
0.142857,0.303999,0.278003,1.621432,0.818125
0.095238,0.248001,0.261753,1.674461,0.793484
0.238095,0.244,0.255659,1.753609,0.771107
0.380952,0.24,0.249565,1.810436,0.764468
0.333333,0.248001,0.248984,1.88687,0.764468
0.452381,0.22,0.203424,1.954844,0.764468
0.571429,0.191999,0.157864,2.001424,0.769226
0.619048,0.144001,0.174115,2.064395,0.819967
0.619048,0.168,0.174115,2.1365,0.858468
0.52381,0.228,0.235636,2.175977,0.907703
0.428571,0.288001,0.297156,2.20997,0.976793
0.428571,0.28,0.281486,2.226141,1.036667
0.428571,0.288001,0.281486,2.249305,1.127087
0.333333,0.320001,0.358677,2.272947,1.229836
0.428571,0.384,0.375508,2.274612,1.319625
0.333333,0.399999,0.421358,2.274612,1.422988
0.404762,0.423999,0.437899,2.274612,1.529227
0.47619,0.448,0.45444,2.271355,1.638864
0.47619,0.48,0.47011,2.25424,1.710111
0.47619,0.536002,0.548462,2.225297,1.775602
0.47619,0.543999,0.532792,2.17062,1.852912
0.428571,0.559999,0.547882,2.100932,1.924159
0.380952,0.575999,0.562972,2.037687,1.982375
0.333333,0.624,0.656413,1.977685,2.0055
0.380952,0.712001,0.719675,1.917145,2.0055
0.428571,0.800001,0.782937,1.866551,2.0055
0.47619,0.672002,0.689495,1.8318,2.005001
0.52381,0.72,0.705746,1.801025,1.977078
0.52381,0.704001,0.721416,1.77983,1.921049
0.52381,0.736001,0.690075,1.76308,1.850674
0.619048,0.712002,0.706907,1.747737,1.7693
0.619048,0.712002,0.722577,1.727781,1.683131
0.666667,0.704001,0.723157,1.701415,1.599605
0.714286,0.664001,0.676727,1.67043,1.505309
0.666667,0.688,0.676146,1.639859,1.419293
0.714286,0.656,0.661056,1.608972,1.343566
0.761905,0.664001,0.661637,1.575424,1.252779
0.761905,0.664001,0.677307,1.546881,1.177472
0.761905,0.664001,0.661637,1.5076,1.103067
0.761905,0.672002,0.677307,1.465063,1.046137
0.714286,0.632001,0.645386,1.415098,0.995698
0.809524,0.584,0.599536,1.371715,0.967655
0.761905,0.560001,0.583285,1.321739,0.951384
0.761905,0.552,0.567615,1.255623,0.949518
0.809524,0.543999,0.552525,1.207865,0.949518
0.857143,0.552,0.537435,1.140377,0.949518
0.809524,0.536002,0.536854,1.076289,0.953268
0.809524,0.488001,0.489843,1.015118,1.000452
0.809524,0.471999,0.489843,0.952572,1.053171
0.809524,0.471999,0.474173,0.912934,1.11153
0.857143,0.456001,0.474753,0.877,1.163239
0.761905,0.488001,0.489263,0.8395,1.22125
0.761905,0.48,0.504933,0.812556,1.278387
0.761905,0.48,0.504933,0.786097,1.358959
0.761905,0.48,0.489263,0.769981,1.428555
0.642857,0.496,0.503482,0.759267,1.49269
0.52381,0.511999,0.517702,0.75585,1.561002
0.619048,0.503999,0.503192,0.75585,1.620875
0.571429,0.511999,0.518282,0.75585,1.67047
0.47619,0.552,0.564132,0.756952,1.723825
0.571429,0.575999,0.580963,0.775531,1.776681
0.52381,0.560001,0.564713,0.809068,1.830095
0.52381,0.616,0.611724,0.844324,1.877149
0.52381,0.575999,0.580383,0.878168,1.910035
0.47619,0.592001,0.595473,0.913777,1.915
0.428571,0.608002,0.610563,0.940375,1.915
0.47619,0.592001,0.595473,0.957607,1.915
0.428571,0.624,0.626233,0.969786,1.908575
0.380952,0.647999,0.641323,0.98139,1.875415
0.333333,0.616,0.625073,0.995131,1.826687
0.285714,0.628001,0.624492,1.009525,1.761216
0.238095,0.640002,0.623912,1.025179,1.691422
0.238095,0.592001,0.592571,1.04225,1.677769
0.238095,0.592001,0.576901,1.067607,1.677769
0.190476,0.575999,0.57632,1.095928,1.677769
0.202381,0.545999,0.545125,1.139987,1.696598
0.214286,0.516,0.513929,1.183798,1.711374
0.22619,0.486,0.482734,1.216095,1.711374
0.238095,0.456001,0.451538,1.25817,1.711374
0.238095,0.416,0.420197,1.309235,1.698915
0.285714,0.432002,0.436448,1.371365,1.628603
0.285714,0.352001,0.342426,1.435703,1.558972
0.190476,0.320001,0.309925,1.510235,1.409469
0.238095,0.272,0.279164,1.579546,0.976783
0.285714,0.256001,0.264074,1.64353,0.729813
0.238095,0.256001,0.247824,1.720951,0.682146
0.285714,0.263999,0.248404,1.781661,0.649294
0.285714,0.288001,0.279745,1.838625,0.631
0.238095,0.263999,0.279164,1.897444,0.631
0.238095,0.263999,0.279164,1.940735,0.631
0.333333,0.256001,0.280325,1.98575,0.637125
0.285714,0.223998,0.232734,2.028771,0.676449
0.404762,0.24,0.25769,2.065319,0.728522
0.52381,0.256001,0.282647,2.0977,0.797225
0.428571,0.228,0.25798,2.123651,0.878452
0.333333,0.199999,0.233314,2.150947,0.971295
0.428571,0.159999,0.187464,2.172083,1.065909
0.52381,0.231999,0.251306,2.181375,1.171217
0.619048,0.208,0.221126,2.185947,1.27781
0.666667,0.263999,0.284388,2.191416,1.388603
0.714286,0.216001,0.222287,2.200934,1.474656
0.714286,0.191999,0.190946,2.210003,1.544059
0.666667,0.223998,0.237377,2.229707,1.587112
0.761905,0.24,0.254208,2.251625,1.6155
0.809524,0.223998,0.239118,2.270844,1.630897
0.761905,0.335999,0.34823,2.276375,1.633616
0.809524,0.312,0.31747,2.276375,1.636048
0.857143,0.327998,0.33372,2.276375,1.638286
0.857143,0.367999,0.396402,2.273391,1.648199
0.904762,0.407999,0.412652,2.253832,1.678524
0.857143,0.384,0.396402,2.204333,1.732753
0.857143,0.407999,0.427742,2.149668,1.785524
0.857143,0.456001,0.459083,2.081879,1.849561
0.809524,0.464002,0.474173,2.008763,1.915633
0.809524,0.488001,0.489843,1.947768,1.972661
0.809524,0.511999,0.521184,1.89113,2.026406
0.809524,0.560001,0.568195,1.820195,2.097221
0.809524,0.600001,0.615206,1.75075,2.14475
0.809524,0.560001,0.583865,1.674334,2.194864
0.761905,0.592001,0.614626,1.596108,2.246747
0.761905,0.616,0.630296,1.5272,2.291625
0.761905,0.647999,0.661637,1.467768,2.325062
0.714286,0.696001,0.692397,1.396915,2.359298
0.714286,0.688,0.676727,1.363334,2.372962
0.666667,0.696001,0.691817,1.310881,2.373453
0.666667,0.688,0.691817,1.247551,2.373453
0.714286,0.751999,0.755078,1.172875,2.373453
0.619048,0.768001,0.753918,1.092834,2.362457
0.666667,0.784002,0.785839,1.000858,2.319436
0.619048,0.76,0.769588,0.915336,2.275638
0.619048,0.776002,0.785258,0.858048,2.239771
0.619048,0.751999,0.753918,0.74525,2.186
0.619048,0.728,0.738247,0.685689,2.130358
0.666667,0.768001,0.770168,0.641361,2.052463
0.619048,0.76,0.753918,0.60906,1.968807
0.666667,0.736001,0.754498,0.591054,1.889353
0.619048,0.736001,0.738247,0.585195,1.801292
0.52381,0.704001,0.705746,0.585195,1.719752
0.52381,0.688,0.705746,0.585195,1.644433
0.52381,0.672002,0.674405,0.58582,1.56031
0.47619,0.656,0.658154,0.594962,1.478462
0.428571,0.624,0.641904,0.613486,1.398572
0.47619,0.640002,0.626814,0.64281,1.330415
0.380952,0.616,0.625653,0.658405,1.239813
0.380952,0.575999,0.594312,0.67518,1.150691
0.380952,0.608002,0.609983,0.6865,1.099125
0.380952,0.575999,0.578642,0.70775,1.021625
0.333333,0.543999,0.546721,0.72825,0.961625
0.333333,0.511999,0.51538,0.73,0.921312
0.380952,0.496001,0.48462,0.73,0.872613
0.333333,0.432002,0.452699,0.73,0.833412
0.333333,0.448,0.452699,0.728857,0.787584
0.333333,0.384,0.390017,0.706642,0.766245
0.333333,0.344,0.358677,0.704509,0.740029
0.285714,0.352001,0.358096,0.704509,0.64644
0.333333,0.344,0.358677,0.711627,0.61855
0.380952,0.384,0.406268,0.726341,0.61855
0.380952,0.416,0.453279,0.793967,0.61855
0.428571,0.424001,0.438189,0.8743,0.618721
0.380952,0.448,0.46895,1.093064,0.630744
0.428571,0.448,0.45386,1.199788,0.648179
0.52381,0.416,0.42368,1.460091,0.673593
0.52381,0.439999,0.43935,1.621825,0.801039
0.47619,0.448,0.47011,1.692281,0.87265
0.52381,0.511999,0.502031,1.750099,0.914486
0.571429,0.52,0.518282,1.787383,0.961897
0.619048,0.556,0.565873,1.823143,1.013209
0.666667,0.592001,0.613465,1.861708,1.083904
0.619048,0.543999,0.550203,1.886776,1.1738
0.666667,0.543999,0.550784,1.939294,1.234845
0.714286,0.536002,0.535694,1.958838,1.30163
0.809524,0.511999,0.521184,1.97675,1.344295
0.761905,0.568002,0.583285,1.98,1.367451
0.761905,0.575999,0.567615,1.98,1.383254
0.809524,0.584,0.599536,1.98,1.396734
0.857143,0.543999,0.537435,1.975278,1.423968
0.809524,0.568002,0.583865,1.933195,1.434444
0.809524,0.552,0.568195,1.88309,1.43848
0.809524,0.543999,0.552525,1.820172,1.44225
0.809524,0.543999,0.552525,1.744109,1.443887
0.857143,0.439999,0.553105,1.664677,1.448066
0.809524,0.503999,0.505514,1.577089,1.457499
0.904762,0.464002,0.475334,1.487438,1.462121
0.857143,0.456001,0.474753,1.39003,1.466518
0.857143,0.407999,0.427742,1.291518,1.471883
0.904762,0.399999,0.428323,1.202652,1.480435
0.857143,0.399999,0.412072,1.1258,1.495197
0.857143,0.384,0.396402,1.068781,1.515099
0.761905,0.407999,0.426582,0.999564,1.551124
0.809524,0.384,0.395821,0.935305,1.592013
0.809524,0.376,0.380151,0.87767,1.637686
0.761905,0.360001,0.379571,0.831025,1.688017
0.761905,0.352001,0.3639,0.79675,1.731625
0.666667,0.376,0.37841,0.769756,1.752245
0.666667,0.376,0.39408,0.758199,1.769127
0.666667,0.352001,0.362739,0.758199,1.789558
0.666667,0.360001,0.37841,0.758199,1.82461
0.619048,0.399999,0.40917,0.758598,1.858724
0.666667,0.464002,0.519443,0.776782,1.893065
0.619048,0.448,0.456181,0.806648,1.922075
0.619048,0.536002,0.518862,0.929797,1.956525
0.619048,0.528001,0.534533,1.077234,1.995114
0.52381,0.592001,0.596053,1.212049,2.07707
0.52381,0.624,0.627394,1.258758,2.104959
0.47619,0.624,0.626814,1.289437,2.106045
0.52381,0.640002,0.643064,1.309419,2.106045
0.52381,0.656,0.690075,1.311419,2.106045
0.52381,0.72,0.705746,1.311419,2.099261
0.5,0.704,0.689785,1.304815,2.070982
0.47619,0.688,0.673825,1.221802,2.028442
0.47619,0.672002,0.658154,1.170783,1.985335
0.52381,0.736001,0.721416,1.167033,1.941268
0.47619,0.640002,0.642484,1.167033,1.899393
0.428571,0.656,0.657574,1.16496,1.857402
0.380952,0.672002,0.672664,1.1635,1.812733
0.380952,0.656,0.656994,1.1635,1.756402
0.333333,0.640002,0.656413,1.1635,1.695633
0.333333,0.656,0.656413,1.15925,1.622383
0.285714,0.664001,0.655833,1.146489,1.574065
0.238095,0.632001,0.655252,1.138421,1.543871
0.285714,0.592001,0.593151,1.13321,1.503896
0.285714,0.575999,0.577481,1.133,1.467217
0.333333,0.575999,0.570226,1.133,1.398057
0.380952,0.575999,0.562972,1.133,1.325
0.285714,0.48,0.483459,1.141098,1.29226
0.238095,0.439999,0.451538,1.168131,1.265028
0.238095,0.416,0.435868,1.197521,1.235898
0.285714,0.368001,0.381602,1.233702,1.167978
0.333333,0.320001,0.327336,1.279398,0.933369
0.380952,0.303999,0.312246,1.334422,0.882195
0.285714,0.288001,0.295415,1.397887,0.850174
0.238095,0.256001,0.279164,1.470368,0.83065
0.238095,0.223998,0.232153,1.546725,0.743121
0.285714,0.175999,0.193558,1.635081,0.60568
0.333333,0.127999,0.154962,1.716136,0.60568
0.285714,0.144001,0.154382,1.791142,0.60568
0.333333,0.136,0.139292,1.868054,0.60718
0.380952,0.159999,0.155543,1.926625,0.627375
0.428571,0.151998,0.156123,1.987375,0.663578
0.47619,0.144001,0.141033,2.037885,0.72208
0.428571,0.151998,0.171793,2.075572,0.792756
0.547619,0.147999,0.157574,2.103497,0.880783
0.666667,0.144001,0.143355,2.121672,0.981664
0.619048,0.127999,0.142774,2.142872,1.079969
0.571429,0.168,0.173535,2.170063,1.175039
0.52381,0.176,0.188624,2.188235,1.264565
0.52381,0.176,0.204295,2.194881,1.366547
0.47619,0.208,0.219385,2.209946,1.464954
0.47619,0.208,0.235055,2.22225,1.554165
0.47619,0.272,0.266396,2.231528,1.653433
0.47619,0.288001,0.297737,2.234807,1.752147
0.52381,0.303999,0.313987,2.234807,1.876601
0.428571,0.335999,0.344167,2.234807,1.991567
0.47619,0.367999,0.376088,2.232945,2.053572
0.428571,0.448,0.438189,2.223825,2.098397
0.333333,0.471999,0.484039,2.196835,2.143571
0.285714,0.471999,0.561811,2.157109,2.190672
0.285714,0.575999,0.577481,2.112114,2.209012
0.380952,0.592001,0.594312,2.059343,2.209012
0.47619,0.575999,0.595473,2.003367,2.209012
0.47619,0.608002,0.611143,1.964961,2.209012
0.47619,0.680002,0.705165,1.910841,2.195652
0.52381,0.688,0.690075,1.876236,2.18877
0.47619,0.72,0.720836,1.856756,2.177292
0.52381,0.72,0.737086,1.842004,2.150177
0.571429,0.704001,0.721997,1.829274,2.106591
0.52381,0.736001,0.737086,1.819905,2.046781
0.47619,0.736001,0.752176,1.802214,1.967236
0.52381,0.724002,0.737086,1.777221,1.880895
0.571429,0.712002,0.721997,1.762266,1.791625
0.619048,0.696001,0.706907,1.753159,1.696687
0.666667,0.704001,0.707487,1.735037,1.597936
0.666667,0.768001,0.84852,1.718504,1.501711
0.714286,0.680002,0.676727,1.690802,1.38836
0.761905,0.647999,0.645966,1.663085,1.292242
0.761905,0.616,0.630296,1.630882,1.196799
0.761905,0.640002,0.645966,1.606236,1.122905
0.809524,0.575999,0.583865,1.569309,1.03994
0.809524,0.575999,0.599536,1.509439,0.965133
0.809524,0.575999,0.583865,1.451099,0.917373
0.857143,0.552,0.568775,1.383219,0.874679
0.809524,0.52,0.521184,1.312137,0.855625
0.857143,0.503999,0.521764,1.253504,0.8555
0.857143,0.488001,0.506094,1.198375,0.8555
0.904762,0.471999,0.491004,1.136533,0.8555
0.904762,0.424001,0.443993,1.081106,0.882315
0.857143,0.376,0.396402,1.044413,0.945121
0.904762,0.376,0.396982,0.998625,1.026379
0.857143,0.384,0.396402,0.950513,1.101669
0.904762,0.392001,0.412652,0.903714,1.206138
0.857143,0.439999,0.459083,0.845346,1.303391
0.857143,0.439999,0.443413,0.806676,1.389032
0.809524,0.488001,0.505514,0.764423,1.498794
0.857143,0.424001,0.443413,0.739778,1.56602
0.809524,0.503999,0.536854,0.705284,1.601645
0.761905,0.496001,0.489263,0.685893,1.640194
0.761905,0.52,0.536274,0.68518,1.725419
0.714286,0.560001,0.567034,0.68518,1.801701
0.714286,0.552,0.582705,0.68518,1.868935
0.714286,0.656,0.661056,0.697635,1.933595
0.714286,0.688,0.692397,0.733565,1.995607
0.666667,0.712002,0.723157,0.796697,2.043585
0.666667,0.656,0.660476,0.947604,2.146265
0.619048,0.704001,0.722577,1.013898,2.187226
0.619048,0.688,0.691236,1.055447,2.198278
0.571429,0.72,0.721997,1.070875,2.198278
0.47619,0.776002,0.752176,1.0715,2.198278
0.571429,0.712002,0.721997,1.0715,2.198208
0.47619,0.768001,0.767847,1.0715,2.183877
0.47619,0.751999,0.752176,1.028626,2.151632
0.47619,0.72,0.705165,0.891652,2.093437
0.47619,0.696001,0.720836,0.856375,2.0235
0.380952,0.712002,0.704005,0.833431,1.948034
0.47619,0.688,0.689495,0.813562,1.868019
0.428571,0.688,0.688915,0.787096,1.795419
0.285714,0.664001,0.663668,0.769282,1.710562
0.142857,0.640002,0.638421,0.7645,1.628192
0.238095,0.612001,0.608241,0.7645,1.528514
0.333333,0.584,0.578062,0.7645,1.419621
0.333333,0.575999,0.562391,0.766817,1.32555
0.333333,0.568002,0.562391,0.783332,1.229388
0.380952,0.503999,0.515961,0.808165,1.135124
0.285714,0.459999,0.467789,0.844424,1.050408
0.190476,0.416,0.419617,0.898219,0.941422
0.285714,0.396,0.420778,0.962843,0.831907
0.380952,0.376,0.421938,1.02765,0.75054
0.428571,0.392001,0.406849,1.083676,0.698304
0.333333,0.448,0.452699,1.159034,0.643493
0.333333,0.464002,0.452699,1.229,0.606061
0.380952,0.432002,0.437609,1.308144,0.593242
0.404762,0.448002,0.457487,1.400833,0.593242
0.428571,0.464002,0.477365,1.478922,0.593242
0.452381,0.480001,0.497243,1.544079,0.598798
0.47619,0.496001,0.517121,1.62474,0.629032
0.47619,0.511999,0.517121,1.692525,0.6522
0.571429,0.560001,0.549623,1.760125,0.6945
0.619048,0.568002,0.612885,1.821318,0.741932
0.571429,0.592001,0.612304,1.870745,0.802715
0.571429,0.592001,0.580963,1.91011,0.874922
0.666667,0.600001,0.613465,1.945972,0.952808
0.666667,0.608002,0.597795,1.968473,1.037583
0.666667,0.592001,0.597795,1.989354,1.107165
0.666667,0.560001,0.566454,1.999375,1.1655
0.761905,0.575999,0.551944,2.0,1.217602
0.761905,0.575999,0.567615,2.0,1.262794
0.809524,0.592001,0.615206,2.0,1.285389
0.857143,0.592001,0.615786,1.989231,1.2955
0.809524,0.584,0.583865,1.96049,1.296366
0.809524,0.543999,0.552525,1.926302,1.296648
0.809524,0.52,0.536854,1.871574,1.297187
0.857143,0.439999,0.553105,1.804528,1.298
0.857143,0.496001,0.521764,1.724086,1.298
0.857143,0.503999,0.506094,1.639738,1.298625
0.904762,0.48,0.475334,1.569464,1.30045
0.857143,0.432002,0.459083,1.480849,1.304939
0.857143,0.399999,0.396402,1.39511,1.310806
0.857143,0.407999,0.396402,1.317027,1.319469
0.857143,0.384,0.396402,1.245936,1.330507
0.857143,0.303999,0.31805,1.177625,1.343347
0.809524,0.24,0.270459,1.117173,1.354182
0.857143,0.231999,0.239698,1.054643,1.365279
0.809524,0.216001,0.223447,0.995008,1.38357
0.809524,0.151998,0.176436,0.934521,1.42638
0.714286,0.151998,0.167441,0.887993,1.474168
0.619048,0.151998,0.158445,0.846,1.52625
0.619048,0.144001,0.158445,0.801941,1.587326
0.666667,0.055999,0.065003,0.770711,1.640043
0.547619,0.055999,0.071387,0.747333,1.691688
0.428571,0.055999,0.077771,0.745,1.795574
0.428571,0.032,0.062101,0.745,1.894556
0.428571,0.047998,0.046431,0.745,1.972569
0.52381,0.055999,0.063262,0.822821,2.039369
0.619048,0.064,0.080093,0.928675,2.102109
0.666667,0.127999,0.143355,1.021407,2.149056
0.666667,0.104,0.127684,1.120443,2.193508
0.666667,0.119998,0.143355,1.185336,2.228878
0.666667,0.191999,0.206036,1.254716,2.258509
0.666667,0.272,0.284388,1.339015,2.283235
0.666667,0.303999,0.300058,1.424449,2.300044
0.714286,0.327998,0.331979,1.468541,2.302956
0.714286,0.344,0.347649,1.494779,2.30825
0.761905,0.360001,0.379571,1.53675,2.309375
0.761905,0.367999,0.395241,1.555808,2.311617
0.761905,0.432002,0.426582,1.611571,2.314236
0.714286,0.439999,0.457342,1.68927,2.315325
0.714286,0.448,0.473012,1.764118,2.316207
0.714286,0.496001,0.504353,1.826295,2.319209
0.714286,0.552,0.551364,1.877416,2.320863
0.714286,0.568002,0.582705,1.904695,2.323551
0.714286,0.624,0.629716,1.906425,2.324038
0.714286,0.616,0.614045,1.906425,2.324038
0.714286,0.712002,0.708067,1.906425,2.324038
0.714286,0.712002,0.770749,1.88362,2.322778
0.666667,0.736001,0.738828,1.837736,2.312135
0.619048,0.72,0.722577,1.777884,2.296923
0.619048,0.792,0.832269,1.697008,2.275423
0.666667,0.808001,0.817179,1.624917,2.253708
0.619048,0.864,0.84794,1.533987,2.230362
0.619048,0.800001,0.816599,1.457917,2.200979
0.571429,0.784002,0.784678,1.376169,2.159335
0.571429,0.784002,0.769008,1.304163,2.12236
0.666667,0.76,0.770168,1.218972,2.074486
0.619048,0.784002,0.769588,1.140269,2.024866
0.619048,0.768001,0.785258,1.070046,1.962771
0.571429,0.704001,0.721997,1.014,1.9045
0.47619,0.704001,0.705165,0.966653,1.844155
0.47619,0.704001,0.705165,0.902874,1.760437
0.52381,0.704001,0.705746,0.856662,1.669791
0.52381,0.640002,0.643064,0.806965,1.593714
0.47619,0.640002,0.626814,0.766472,1.513343
0.428571,0.628001,0.634068,0.730436,1.432074
0.380952,0.616,0.641323,0.68499,1.28893
0.285714,0.632001,0.640163,0.6745,1.194429
0.238095,0.647999,0.655252,0.6745,1.094629
0.285714,0.672002,0.671503,0.6745,1.02617
0.333333,0.672002,0.672084,0.678242,0.948141
0.333333,0.647999,0.640743,0.693686,0.877053
0.333333,0.672002,0.640743,0.723961,0.818203
0.285714,0.647999,0.655833,0.746159,0.791778
0.285714,0.575999,0.593151,0.79932,0.753948
0.285714,0.560001,0.561811,0.848895,0.735897
0.238095,0.543999,0.54556,0.918294,0.720487
0.238095,0.568002,0.576901,0.996736,0.719073
0.333333,0.488001,0.49971,1.087105,0.718823
0.380952,0.48,0.46895,1.174435,0.715287
0.428571,0.407999,0.391178,1.267706,0.712087
0.380952,0.392001,0.406268,1.358124,0.710521
0.285714,0.376,0.342426,1.458278,0.710271
0.285714,0.330666,0.316309,1.548711,0.707742
0.285714,0.285333,0.290192,1.640608,0.707656
0.285714,0.24,0.264074,1.717288,0.707656
0.380952,0.24,0.249565,1.797883,0.707656
0.47619,0.208,0.235055,1.859011,0.707914
0.571429,0.256001,0.283227,1.905887,0.709172
0.47619,0.231999,0.250725,1.931625,0.71225
0.571429,0.223998,0.236216,1.942918,0.729459
0.666667,0.24,0.253047,1.952613,0.7668
0.761905,0.248001,0.269878,1.95602,0.808061
0.761905,0.231999,0.254208,1.961329,0.84575
0.809524,0.248001,0.270459,1.965997,0.894875
0.809524,0.288001,0.301799,1.969444,0.951608
0.809524,0.295999,0.301799,1.974217,1.030963
0.857143,0.335999,0.365061,1.990373,1.108414
0.809524,0.399999,0.411492,2.008351,1.200173
0.809524,0.407999,0.411492,2.011702,1.293625
0.857143,0.448,0.443413,2.011702,1.376505
0.904762,0.464002,0.475334,2.011702,1.484735
0.857143,0.416,0.443413,2.012101,1.553
0.857143,0.448,0.459083,1.992224,1.654289
0.809524,0.439999,0.442832,1.96875,1.74375
0.809524,0.448,0.458503,1.93302,1.829198
0.809524,0.471999,0.474173,1.876412,1.925329
0.809524,0.456001,0.474173,1.823504,1.976937
0.761905,0.48,0.489263,1.763162,2.030297
0.809524,0.496001,0.505514,1.680139,2.084336
0.761905,0.575999,0.583285,1.612912,2.147019
0.809524,0.616,0.630876,1.552922,2.194631
0.809524,0.592001,0.615206,1.543016,2.229397
0.714286,0.640002,0.629716,1.532314,2.262047
0.714286,0.624,0.614045,1.505026,2.28388
0.619048,0.632001,0.644225,1.486879,2.288547
0.666667,0.712002,0.723157,1.425125,2.288547
0.619048,0.744002,0.738247,1.355121,2.288547
0.666667,0.792,0.801509,1.308718,2.284742
0.619048,0.816002,0.832269,1.258078,2.275395
0.571429,0.848002,0.831689,1.202081,2.251559
0.571429,0.840001,0.831689,1.087334,2.222067
0.52381,0.816002,0.815438,0.911883,2.189658
0.52381,0.816002,0.815438,0.844332,2.166275
0.47619,0.832,0.846198,0.804638,2.136999
0.52381,0.848002,0.831109,0.792194,2.085656
0.47619,0.848002,0.835752,0.787935,2.028942
0.428571,0.848002,0.840395,0.787154,1.960283
0.380952,0.848002,0.845038,0.785968,1.886312
0.47619,0.816002,0.799187,0.784871,1.815137
0.380952,0.808001,0.813697,0.784492,1.708745
0.428571,0.751999,0.767266,0.782473,1.632948
0.428571,0.744002,0.751596,0.774663,1.54132
0.333333,0.736001,0.734765,0.766695,1.43276
0.333333,0.751999,0.734765,0.761284,1.3233
0.380952,0.728,0.688334,0.758126,1.219978
0.333333,0.704001,0.703424,0.758,1.115625
0.333333,0.736001,0.734765,0.758,1.019497
0.333333,0.696001,0.703424,0.758,0.961817
0.357143,0.690001,0.691962,0.762017,0.888784
0.380952,0.684001,0.680499,0.78025,0.799375
0.404762,0.678001,0.669037,0.807046,0.722075
0.428571,0.672002,0.657574,0.851879,0.639242
0.428571,0.592001,0.610563,0.905144,0.5835
0.47619,0.632001,0.626814,0.968232,0.52104
0.52381,0.584,0.596053,1.032558,0.466683
0.571429,0.592001,0.580963,1.131542,0.400348
0.619048,0.575999,0.581544,1.223918,0.379
0.666667,0.575999,0.566454,1.283478,0.379
0.619048,0.511999,0.518862,1.365514,0.379
0.666667,0.488001,0.503772,1.417699,0.386096
0.714286,0.496001,0.504353,1.494336,0.405938
0.714286,0.448,0.473012,1.548262,0.432703
0.761905,0.464002,0.457922,1.612664,0.479092
0.761905,0.439999,0.473593,1.649753,0.52357
0.761905,0.471999,0.473593,1.67,0.565371
0.761905,0.416,0.442252,1.67,0.609573
0.809524,0.376,0.395821,1.67,0.652475
0.809524,0.360001,0.380151,1.669071,0.693965
0.809524,0.327998,0.34881,1.65015,0.751031
0.809524,0.312,0.33314,1.61539,0.8172
0.809524,0.248001,0.270459,1.576198,0.87751
0.809524,0.28,0.286129,1.537609,0.949885
0.857143,0.248001,0.255369,1.495065,1.022383
0.904762,0.208,0.208938,1.447889,1.091366
0.857143,0.223998,0.224028,1.400875,1.16325
0.809524,0.231999,0.239118,1.360348,1.233747
0.809524,0.272,0.286129,1.322839,1.30339
0.809524,0.248001,0.270459,1.289227,1.359748
0.809524,0.248001,0.270459,1.254019,1.4277
0.761905,0.272,0.269878,1.215401,1.505317
0.714286,0.272,0.284968,1.198726,1.585719
0.714286,0.367999,0.39466,1.198726,1.670042
0.714286,0.399999,0.410331,1.198726,1.759042
0.619048,0.367999,0.377829,1.199937,1.839398
0.619048,0.416,0.42484,1.214474,1.911153
0.619048,0.464002,0.471851,1.282084,1.980392
0.666667,0.503999,0.519443,1.301193,2.03835
0.619048,0.543999,0.550203,1.334319,2.0926
0.571429,0.560001,0.565293,1.369857,2.132239
0.619048,0.616,0.597214,1.404869,2.165735
0.619048,0.688,0.691236,1.413775,2.191183
0.571429,0.640002,0.659315,1.4145,2.201889
0.52381,0.712002,0.705746,1.42,2.202568
0.619048,0.728,0.691236,1.412745,2.202568
0.571429,0.736001,0.737667,1.40651,2.202568
0.619048,0.704001,0.722577,1.399246,2.195053
0.619048,0.712002,0.706907,1.387794,2.166015
0.619048,0.688,0.691236,1.364759,2.134079
0.619048,0.656,0.659896,1.344316,2.096113
0.619048,0.688,0.691236,1.329191,2.061988
0.666667,0.688,0.707487,1.309067,2.003613
0.619048,0.624,0.628555,1.2812,1.9374
0.619048,0.616,0.612885,1.250026,1.861355
0.666667,0.552,0.550784,1.221104,1.792662
0.666667,0.528001,0.550784,1.191004,1.716654
0.666667,0.528001,0.535113,1.165872,1.631207
0.761905,0.471999,0.489263,1.144356,1.546674
0.761905,0.471999,0.504933,1.121755,1.460023
0.761905,0.439999,0.457922,1.089832,1.370654
0.761905,0.432002,0.473593,1.062344,1.292297
0.714286,0.407999,0.410331,1.043809,1.248565
0.761905,0.392001,0.395241,1.03083,1.221473
0.714286,0.344,0.36332,1.01675,1.199262
0.809524,0.335999,0.33314,1.000534,1.178476
0.857143,0.28,0.30238,0.977879,1.176207
0.761905,0.24,0.269878,0.952097,1.185965
0.761905,0.231999,0.238537,0.931343,1.185965
0.714286,0.184001,0.206616,0.886504,1.206496
0.666667,0.184001,0.190366,0.869742,1.256228
0.619048,0.159999,0.158445,0.869742,1.302326
0.619048,0.127999,0.142774,0.869742,1.332903
0.52381,0.095999,0.094602,0.873482,1.362152
0.52381,0.072,0.141613,0.8975,1.428242
0.47619,0.055999,0.062681,0.915172,1.49625
0.428571,0.079999,0.069936,0.937,1.544586
0.380952,0.104,0.077191,0.964317,1.604908
0.285714,0.168,0.170052,1.064166,1.649189
0.285714,0.199999,0.201393,1.090907,1.704457
0.285714,0.216001,0.217063,1.112737,1.768736
0.238095,0.263999,0.279164,1.140531,1.823632
0.190476,0.28,0.278584,1.171801,1.879978
0.190476,0.272,0.294254,1.211651,1.937958
0.095238,0.344,0.340104,1.264245,1.98254
0.142857,0.303999,0.309344,1.317279,2.030052
0.238095,0.320001,0.326175,1.376519,2.060948
0.142857,0.399999,0.387696,1.399994,2.076
0.190476,0.399999,0.403947,1.506982,2.105012
0.142857,0.432002,0.434707,1.608926,2.135266
0.190476,0.432002,0.435287,1.693067,2.138
0.190476,0.488001,0.482298,1.77285,2.138
0.190476,0.471999,0.482298,1.857295,2.138
0.190476,0.496001,0.497969,1.9414,2.13315
0.095238,0.568002,0.559489,2.017116,2.103629
0.095238,0.552,0.559489,2.094252,2.064675
0.190476,0.552,0.54498,2.147225,2.026125
0.238095,0.560001,0.56123,2.185135,1.978583
0.285714,0.543999,0.561811,2.218528,1.922171
0.285714,0.575999,0.577481,2.256331,1.849282
0.380952,0.600001,0.625653,2.285574,1.775344
0.285714,0.584,0.593151,2.309697,1.708664
0.190476,0.656,0.639002,2.338187,1.629422
0.309524,0.644001,0.640453,2.366047,1.552668
0.428571,0.632001,0.641904,2.382895,1.479142
0.333333,0.600001,0.617237,2.403986,1.405187
0.238095,0.568002,0.592571,2.422068,1.323673
0.333333,0.560001,0.546721,2.423318,1.268158
0.285714,0.503999,0.499129,2.423318,1.221721
0.333333,0.575999,0.578062,2.423318,1.174773
0.238095,0.511999,0.514219,2.413089,1.129141
0.285714,0.475999,0.483459,2.394761,1.085347
0.333333,0.439999,0.452699,2.369329,1.018127
0.333333,0.416,0.437028,2.349307,0.969917
0.333333,0.399999,0.405688,2.320852,0.933625
0.380952,0.384,0.406268,2.28103,0.896742
0.285714,0.320001,0.342426,2.234075,0.854679
0.404762,0.288001,0.304701,2.192525,0.824675
0.52381,0.256001,0.266976,2.150698,0.800642
0.52381,0.303999,0.298317,2.105824,0.781059
0.52381,0.288001,0.298317,2.070996,0.77083
0.619048,0.303999,0.252467,2.03704,0.766452
0.714286,0.263999,0.284968,2.00704,0.765952
0.761905,0.223998,0.238537,1.998,0.765952
0.761905,0.199999,0.222867,1.998,0.765577
0.857143,0.28,0.30238,1.997,0.771497
0.809524,0.295999,0.31747,1.997804,0.794664
0.857143,0.28,0.286709,2.002901,0.831757
0.809524,0.327998,0.34881,2.010345,0.888049
0.857143,0.360001,0.380731,2.016407,0.975573
0.857143,0.367999,0.396402,2.021,1.055
0.904762,0.432002,0.443993,2.021,1.136531
0.952381,0.448,0.460244,2.021,1.234059
0.904762,0.456001,0.459663,2.021,1.325562
0.904762,0.48,0.475334,2.012177,1.410131
0.857143,0.488001,0.490424,1.981137,1.503092
0.809524,0.471999,0.474173,1.950222,1.594972
0.809524,0.471999,0.489843,1.9175,1.680167
0.809524,0.528001,0.536854,1.871679,1.753637
0.809524,0.568002,0.536854,1.821726,1.834604
0.761905,0.647999,0.645966,1.760598,1.920801
0.809524,0.640002,0.630876,1.666905,1.978979
0.761905,0.624,0.598955,1.602609,2.051054
0.714286,0.647999,0.645386,1.537305,2.127068
0.666667,0.656,0.660476,1.454336,2.199603
0.666667,0.656,0.676146,1.365122,2.260822
0.666667,0.672002,0.691817,1.275872,2.313447
0.619048,0.728,0.785258,1.188484,2.355746
0.619048,0.784002,0.785258,1.111825,2.372
0.619048,0.76,0.785258,1.016951,2.372
0.619048,0.832,0.87928,0.9315,2.372
0.571429,0.768001,0.784678,0.843569,2.370875
0.619048,0.784002,0.769588,0.783091,2.347269
0.619048,0.751999,0.769588,0.738324,2.305122
0.619048,0.808001,0.816599,0.707407,2.262337
0.571429,0.784002,0.816019,0.674257,2.201875
0.666667,0.824,0.83285,0.647698,2.126081
0.666667,0.832,0.84852,0.642406,2.049313
0.666667,0.848002,0.83285,0.642406,1.967072
0.642857,0.836001,0.832559,0.642406,1.871758
0.619048,0.824,0.832269,0.642552,1.77974
0.571429,0.816002,0.816019,0.644771,1.67958
0.619048,0.800001,0.800929,0.647536,1.590417
0.571429,0.768001,0.769008,0.650883,1.505602
0.666667,0.704001,0.723157,0.652759,1.404064
0.619048,0.712002,0.706907,0.653,1.343125
0.619048,0.680002,0.691236,0.653766,1.25876
0.619048,0.647999,0.659896,0.654,1.172986
0.666667,0.616,0.629135,0.654,1.093252
0.761905,0.632001,0.630296,0.654,0.988831
0.666667,0.575999,0.582124,0.654734,0.921685
0.714286,0.552,0.551364,0.661888,0.861448
0.714286,0.552,0.551364,0.667514,0.807437
0.761905,0.471999,0.489263,0.674268,0.778299
0.714286,0.456001,0.473012,0.691137,0.731191
0.761905,0.456001,0.473593,0.715536,0.702214
0.809524,0.407999,0.411492,0.728806,0.694565
0.809524,0.407999,0.411492,0.734034,0.694565
0.809524,0.384,0.411492,0.737818,0.694565
0.857143,0.344,0.349391,0.739136,0.696984
0.857143,0.303999,0.31805,0.769814,0.726024
0.809524,0.320001,0.31747,0.804714,0.770287
0.857143,0.256001,0.286709,0.824135,0.824254
0.761905,0.256001,0.254208,0.84947,0.880036
0.809524,0.151998,0.160766,0.857002,0.945812
0.761905,0.127999,0.160186,0.875815,1.018946
0.714286,0.119998,0.128265,0.899268,1.09275
0.761905,0.064,0.081834,0.918961,1.175093
0.666667,0.079998,0.080673,0.935897,1.251531
0.571429,0.095999,0.110853,0.951631,1.339704
0.47619,0.064,0.078352,0.962556,1.423454
0.47619,0.079998,0.094022,0.972651,1.510808
0.428571,0.104,0.124782,0.982292,1.599615
0.333333,0.151998,0.139292,1.030326,1.705772
0.333333,0.159999,0.170633,1.08135,1.780419
0.285714,0.144001,0.138712,1.10364,1.868121
0.301587,0.170667,0.175469,1.161073,1.955126
0.31746,0.197332,0.212227,1.253675,2.025904
0.333333,0.223998,0.248984,1.301935,2.088703
0.304762,0.247999,0.270575,1.345364,2.151436
0.27619,0.271999,0.292165,1.398496,2.210136
0.247619,0.295999,0.313755,1.431182,2.243136
0.219048,0.32,0.335345,1.458374,2.264927
0.190476,0.344,0.356936,1.517197,2.281625
0.238095,0.360001,0.373186,1.576947,2.285
0.285714,0.392001,0.405107,1.61428,2.285
0.238095,0.432002,0.451538,1.653153,2.285
0.285714,0.439999,0.436448,1.745331,2.281458
0.380952,0.456001,0.453279,1.831417,2.251958
0.333333,0.464002,0.468369,1.942269,2.207121
0.238095,0.488001,0.52989,1.996898,2.173
0.285714,0.528001,0.53047,2.055047,2.13825
0.357143,0.536,0.547011,2.11249,2.081237
0.428571,0.543999,0.563552,2.144,2.050885
0.428571,0.511999,0.532211,2.184026,1.991322
0.428571,0.48,0.500871,2.223048,1.932983
0.428571,0.448,0.46953,2.242625,1.86931
0.333333,0.48,0.484039,2.248574,1.805525
0.333333,0.488001,0.484039,2.251942,1.732908
0.380952,0.456001,0.46895,2.252883,1.678625
0.380952,0.432001,0.442832,2.252883,1.611467
0.380952,0.408,0.416715,2.252538,1.54271
0.380952,0.384,0.390598,2.249723,1.471384
0.47619,0.335999,0.376088,2.238553,1.409846
0.47619,0.320001,0.329077,2.215979,1.346372
0.52381,0.248001,0.266976,2.194954,1.296337
0.428571,0.288001,0.281486,2.156666,1.244609
0.5,0.28,0.298027,2.125875,1.1935
0.571429,0.272,0.314568,2.087008,1.146746
0.619048,0.276,0.315148,2.039348,1.109637
0.666667,0.28,0.315728,1.999016,1.080625
0.666667,0.256001,0.284388,1.952885,1.075
0.761905,0.28,0.301219,1.904095,1.075
0.809524,0.312,0.301799,1.877954,1.075
0.761905,0.344,0.34823,1.863338,1.078791
0.761905,0.360001,0.3639,1.860856,1.102627
0.761905,0.416,0.426582,1.858642,1.138576
0.714286,0.407999,0.426001,1.85778,1.181455
0.761905,0.392001,0.395241,1.852189,1.242953
0.714286,0.439999,0.441672,1.850479,1.304209
0.714286,0.471999,0.473012,1.849875,1.36513
0.714286,0.52,0.520023,1.848341,1.435263
0.714286,0.503999,0.504353,1.846994,1.510875
0.761905,0.543999,0.551944,1.843104,1.59263
0.761905,0.552,0.567615,1.828315,1.674518
0.761905,0.568002,0.583285,1.809261,1.743174
0.761905,0.592001,0.598955,1.793404,1.788513
0.761905,0.624,0.630296,1.771831,1.8428
0.761905,0.712002,0.708648,1.739452,1.897615
0.761905,0.632001,0.645966,1.686333,1.950271
0.761905,0.640002,0.661637,1.592758,1.999965
0.761905,0.680002,0.692977,1.531111,2.032369
0.761905,0.696001,0.692977,1.45813,2.054557
0.761905,0.704001,0.677307,1.368789,2.056208
0.761905,0.751999,0.755659,1.29801,2.056208
0.714286,0.744002,0.755078,1.224534,2.056208
0.714286,0.736001,0.723738,1.169647,2.051924
0.666667,0.768001,0.770168,1.128187,2.035752
0.666667,0.808001,0.817179,1.089372,2.007455
0.619048,0.808001,0.816599,1.055961,1.973395
0.619048,0.816002,0.816599,1.015625,1.92725
0.619048,0.800001,0.816599,0.982425,1.895192
0.619048,0.800001,0.800929,0.94857,1.870298
0.571429,0.800001,0.784678,0.899062,1.844472
0.619048,0.792,0.785258,0.850203,1.8188
0.619048,0.751999,0.753918,0.802244,1.792314
0.619048,0.768001,0.769588,0.750528,1.757957
0.619048,0.768001,0.769588,0.706826,1.722231
0.52381,0.784002,0.799768,0.674228,1.690177
0.47619,0.736001,0.752176,0.643219,1.65416
0.52381,0.768001,0.768427,0.620222,1.613582
0.52381,0.744002,0.752757,0.605069,1.56566
0.428571,0.704001,0.704585,0.591666,1.50607
0.47619,0.704001,0.705165,0.58325,1.446375
0.47619,0.736001,0.720836,0.579082,1.387422
0.380952,0.680002,0.688334,0.575387,1.321238
0.428571,0.688,0.688915,0.5714,1.244567
0.333333,0.672002,0.672084,0.5714,1.164395
0.404762,0.684001,0.680789,0.5714,1.070692
0.47619,0.696001,0.689495,0.5714,0.984037
0.380952,0.672002,0.672664,0.578304,0.898766
0.285714,0.624,0.640163,0.59325,0.838
0.238095,0.624,0.623912,0.611,0.792
0.285714,0.575999,0.577481,0.63525,0.754125
0.333333,0.592001,0.593732,0.673344,0.720016
0.333333,0.560001,0.562391,0.720663,0.695032
0.428571,0.511999,0.500871,0.783437,0.672958
0.333333,0.503999,0.49971,0.855536,0.653736
0.285714,0.488001,0.499129,0.933324,0.637286
0.190476,0.432002,0.435287,1.01505,0.622468
0.285714,0.399999,0.389437,1.130754,0.591406
0.333333,0.360001,0.374347,1.217794,0.571563
0.238095,0.320001,0.341846,1.281526,0.558956
0.333333,0.312,0.327336,1.352525,0.555008
0.285714,0.272,0.28758,1.415694,0.555133
0.238095,0.231999,0.247824,1.49325,0.555133
0.285714,0.199999,0.217063,1.572535,0.555133
0.31746,0.202666,0.21745,1.642342,0.556849
0.349206,0.205333,0.217837,1.71356,0.566394
0.380952,0.208,0.218224,1.78316,0.585474
0.333333,0.263999,0.280325,1.831285,0.607561
0.238095,0.256001,0.263494,1.880436,0.637828
0.357143,0.256001,0.264945,1.912413,0.676692
0.47619,0.256001,0.266396,1.948892,0.732081
0.571429,0.303999,0.314568,1.980047,0.797297
0.571429,0.263999,0.220546,2.011188,0.862646
0.619048,0.312,0.315148,2.039305,0.927714
0.666667,0.320001,0.315728,2.068663,1.001311
0.619048,0.248001,0.252467,2.098123,1.072505
0.714286,0.312,0.331979,2.132634,1.146256
0.714286,0.327998,0.347649,2.178625,1.20525
0.761905,0.335999,0.34823,2.208125,1.279688
0.809524,0.376,0.380151,2.224644,1.36848
0.809524,0.384,0.395821,2.240578,1.450959
0.809524,0.376,0.395821,2.250859,1.530583
0.809524,0.416,0.442832,2.26334,1.60802
0.809524,0.456001,0.442832,2.26397,1.686246
0.761905,0.464002,0.473593,2.26397,1.748606
0.761905,0.503999,0.520604,2.26397,1.794
0.809524,0.52,0.505514,2.260672,1.821991
0.761905,0.543999,0.567615,2.237903,1.83398
0.761905,0.575999,0.583285,2.202698,1.845761
0.809524,0.656,0.662217,2.153163,1.851559
0.809524,0.647999,0.646547,2.083125,1.86075
0.809524,0.704001,0.709228,1.989325,1.871196
0.714286,0.704001,0.692397,1.887233,1.884942
0.666667,0.656,0.660476,1.803936,1.900714
0.761905,0.751999,0.739988,1.716836,1.930724
0.666667,0.672002,0.691817,1.637448,1.969558
0.666667,0.696001,0.691817,1.538881,2.012722
0.666667,0.751999,0.754498,1.458909,2.053118
0.666667,0.76,0.738828,1.371375,2.099
0.571429,0.784002,0.769008,1.281182,2.132427
0.571429,0.784002,0.769008,1.186793,2.141041
0.619048,0.768001,0.769588,1.112207,2.141041
0.666667,0.776002,0.770168,1.037402,2.141041
0.666667,0.688,0.691817,0.971575,2.140273
0.619048,0.680002,0.675566,0.915084,2.116243
0.571429,0.688,0.690656,0.862941,2.067834
0.47619,0.704001,0.720836,0.819375,2.01025
0.428571,0.751999,0.735926,0.770734,1.936114
0.47619,0.688,0.689495,0.725756,1.856137
0.380952,0.72,0.719675,0.684139,1.77101
0.428571,0.700001,0.688915,0.651014,1.695191
0.47619,0.680002,0.658154,0.623543,1.619608
0.404762,0.652001,0.641613,0.600272,1.541742
0.333333,0.624,0.625073,0.580558,1.461262
0.333333,0.608002,0.609402,0.578323,1.385625
0.380952,0.624,0.625653,0.578323,1.291507
0.365079,0.618668,0.620236,0.578323,1.10245
0.349206,0.613335,0.614819,0.581673,1.010044
0.333333,0.608002,0.609402,0.598769,0.935035
0.238095,0.552,0.54556,0.617355,0.877075
0.238095,0.536002,0.54556,0.644405,0.8275
0.333333,0.511999,0.51538,0.677999,0.808147
0.285714,0.496001,0.499129,0.717499,0.792341
0.285714,0.464002,0.467789,0.781076,0.783086
0.333333,0.407999,0.421358,0.848227,0.765199
0.214286,0.392,0.396402,0.935468,0.752448
0.095238,0.376,0.371445,1.005793,0.743743
0.0,0.360001,0.354614,1.090563,0.741949
0.190476,0.340001,0.341265,1.17327,0.72426
0.380952,0.320001,0.327916,1.256258,0.705016
0.428571,0.312,0.328497,1.341117,0.686314
0.52381,0.288001,0.282647,1.415385,0.670864
0.52381,0.256001,0.266976,1.502978,0.668
0.47619,0.295999,0.297737,1.588786,0.668
0.428571,0.223998,0.234475,1.644145,0.668
0.47619,0.191999,0.203714,1.723075,0.671195
0.47619,0.176,0.188044,1.808871,0.688143
0.47619,0.127999,0.141033,1.880021,0.715131
0.428571,0.127999,0.124782,1.946442,0.752011
0.428571,0.112001,0.124782,1.985748,0.797614
0.428571,0.112001,0.124782,2.004002,0.85075
0.428571,0.176,0.171793,2.005,0.897125
0.333333,0.176,0.170633,2.005,0.969547
0.333333,0.184001,0.186303,2.005,1.038273
0.285714,0.223998,0.248404,1.998806,1.12004
0.238095,0.231999,0.232153,1.974958,1.227276
0.333333,0.208,0.217644,1.941671,1.332031
0.238095,0.231999,0.232153,1.928554,1.408039
0.333333,0.231999,0.233314,1.90958,1.498331
0.285714,0.277332,0.284968,1.887022,1.591159
0.238095,0.322666,0.336622,1.876,1.669034
0.190476,0.367999,0.388276,1.875,1.747254
0.238095,0.392001,0.388857,1.875,1.803375
0.238095,0.407999,0.420197,1.875,1.846697
0.190476,0.471999,0.466628,1.887137,1.879613
0.142857,0.471999,0.466048,1.91336,1.92311
0.142857,0.496001,0.497388,1.960743,1.961666
0.190476,0.503999,0.513639,2.015188,1.977772
0.142857,0.528001,0.544399,2.061571,1.986
0.238095,0.503999,0.514219,2.108444,1.986
0.238095,0.543999,0.608241,2.141151,1.986
0.261905,0.6,0.647707,2.165775,1.986
0.285714,0.656,0.687174,2.188869,1.973756
0.380952,0.632001,0.641323,2.200676,1.954664
0.349206,0.632001,0.625266,2.209825,1.929029
0.31746,0.632001,0.609209,2.222184,1.894
0.285714,0.632001,0.593151,2.228567,1.846399
0.333333,0.640002,0.656413,2.235354,1.775524
0.380952,0.624,0.641323,2.25156,1.719951
0.380952,0.592001,0.594312,2.269092,1.644115
0.428571,0.575999,0.594893,2.293955,1.575844
0.47619,0.584,0.595473,2.315999,1.493116
0.47619,0.560001,0.548462,2.323025,1.414708
0.47619,0.52,0.548462,2.323025,1.335727
0.380952,0.488001,0.50029,2.323025,1.26796
0.380952,0.48,0.48462,2.321744,1.196904
0.428571,0.448,0.45386,2.298726,1.131254
0.52381,0.416,0.42368,2.275234,1.069013
0.52381,0.335999,0.345328,2.231947,1.015389
0.571429,0.352001,0.361579,2.19878,0.962078
0.47619,0.303999,0.297737,2.151775,0.907083
0.47619,0.303999,0.313407,2.105261,0.851439
0.571429,0.267999,0.283227,2.073502,0.81078
0.666667,0.231999,0.253047,2.01975,0.780375
0.666667,0.272,0.268717,1.969941,0.763453
0.761905,0.208,0.207197,1.933225,0.7625
0.809524,0.24,0.270459,1.895966,0.7625
0.809524,0.312,0.33314,1.859992,0.7625
0.809524,0.288001,0.301799,1.816996,0.771633
0.857143,0.272,0.30238,1.778217,0.804953
0.857143,0.352001,0.380731,1.746269,0.859684
0.857143,0.416,0.427742,1.720786,0.922228
0.857143,0.367999,0.474753,1.704875,0.985375
0.857143,0.432002,0.443413,1.699642,1.044428
0.857143,0.48,0.474753,1.697765,1.115246
0.857143,0.471999,0.474753,1.693409,1.198252
0.809524,0.511999,0.521184,1.689419,1.294425
0.809524,0.488001,0.521184,1.68775,1.398798
0.809524,0.560001,0.583865,1.686625,1.50075
0.809524,0.568002,0.568195,1.685588,1.595063
0.809524,0.584,0.599536,1.685,1.689375
0.714286,0.575999,0.582705,1.680672,1.772435
0.714286,0.592001,0.598375,1.66524,1.865436
0.761905,0.608002,0.614626,1.636437,1.9423
0.714286,0.656,0.661056,1.594806,2.022625
0.761905,0.664001,0.677307,1.559681,2.088625
0.714286,0.696001,0.708067,1.51275,2.143375
0.666667,0.656,0.738828,1.452554,2.193677
0.619048,0.768001,0.753918,1.374062,2.240563
0.666667,0.728,0.738828,1.292625,2.271103
0.619048,0.76,0.785258,1.209231,2.2785
0.666667,0.751999,0.754498,1.117132,2.2785
0.619048,0.784002,0.785258,1.035479,2.2785
0.619048,0.751999,0.769588,0.968647,2.274668
0.666667,0.72,0.738828,0.903806,2.247476
0.666667,0.744002,0.738828,0.860103,2.217223
0.666667,0.76,0.754498,0.818957,2.167178
0.619048,0.672002,0.800929,0.783051,2.118178
0.619048,0.768001,0.785258,0.753079,2.061349
0.666667,0.784002,0.801509,0.724772,1.984946
0.571429,0.768001,0.753337,0.7,1.907125
0.619048,0.751999,0.753918,0.675375,1.822625
0.547619,0.716001,0.721706,0.65289,1.737765
0.47619,0.680002,0.689495,0.634205,1.64751
0.47619,0.704001,0.705165,0.626474,1.576544
0.47619,0.712002,0.720836,0.626283,1.497629
0.380952,0.704001,0.704005,0.626283,1.438125
0.47619,0.688,0.689495,0.626283,1.348426
0.52381,0.640002,0.658735,0.639352,1.24977
0.428571,0.624,0.641904,0.659595,1.16921
0.47619,0.647999,0.658154,0.675429,1.109402
0.428571,0.575999,0.594893,0.687319,1.069757
0.428571,0.568002,0.579222,0.703594,1.029657
0.47619,0.536,0.556297,0.71857,1.002735
0.52381,0.503999,0.533372,0.739821,0.956059
0.52381,0.543999,0.549042,0.763125,0.922125
0.428571,0.543999,0.547882,0.786125,0.906875
0.52381,0.503999,0.486361,0.81431,0.890494
0.571429,0.484,0.471271,0.850679,0.86901
0.619048,0.464002,0.456181,0.891703,0.843385
0.666667,0.448,0.441091,0.942725,0.810701
0.619048,0.399999,0.40917,0.999446,0.774161
0.666667,0.376,0.37841,1.060668,0.741036
0.619048,0.384,0.377829,1.126824,0.714216
0.666667,0.320001,0.347069,1.207924,0.708586
0.666667,0.288001,0.300058,1.276017,0.708586
0.666667,0.256001,0.268717,1.351644,0.708586
0.650794,0.232001,0.258077,1.404182,0.713302
0.634921,0.208001,0.247437,1.45049,0.737274
0.619048,0.184001,0.236796,1.477172,0.768934
0.619048,0.184001,0.189785,1.489471,0.810977
0.619048,0.165334,0.168891,1.489471,0.86559
0.619048,0.146666,0.147998,1.489471,0.926837
0.619048,0.127999,0.127104,1.489221,1.011623
0.52381,0.144001,0.157284,1.473749,1.113098
0.404762,0.1,0.108822,1.460827,1.201356
0.285714,0.055999,0.06036,1.446397,1.292831
0.238095,0.144001,0.138131,1.42333,1.399956
0.285714,0.119998,0.123041,1.402469,1.50199
0.285714,0.191999,0.201393,1.386933,1.602391
0.380952,0.199999,0.186883,1.386786,1.688212
0.285714,0.248001,0.264074,1.386786,1.766942
0.190476,0.28,0.294254,1.386786,1.834705
0.238095,0.28,0.279164,1.393227,1.882791
0.190476,0.312,0.309925,1.418975,1.927579
0.095238,0.335999,0.340104,1.457579,1.97069
0.190476,0.352001,0.356936,1.509703,2.004984
0.142857,0.376,0.372026,1.556301,2.033461
0.095238,0.439999,0.434127,1.606541,2.05626
0.166667,0.452,0.442832,1.672515,2.072904
0.238095,0.464002,0.451538,1.742508,2.075
0.238095,0.471999,0.467208,1.806893,2.075
0.238095,0.456001,0.451538,1.872218,2.075
0.238095,0.496001,0.498549,1.939679,2.071625
0.190476,0.496001,0.482298,2.01114,2.064115
0.190476,0.439999,0.450958,2.070372,2.055992
0.238095,0.445333,0.456761,2.112496,2.03393
0.285714,0.450667,0.462565,2.147479,2.005802
0.333333,0.456001,0.468369,2.179011,1.971102
0.333333,0.416,0.437028,2.203311,1.932731
0.428571,0.432002,0.438189,2.218125,1.893875
0.380952,0.432002,0.437609,2.230625,1.8406
0.47619,0.384,0.407429,2.239641,1.775409
0.428571,0.384,0.391178,2.24846,1.691424
0.47619,0.367999,0.376088,2.264235,1.616917
0.507937,0.357332,0.366028,2.274943,1.550452
0.539683,0.346666,0.355968,2.277898,1.473757
0.571429,0.335999,0.345908,2.27959,1.400302
0.619048,0.352001,0.346489,2.27959,1.310977
0.571429,0.327998,0.345908,2.278693,1.23093
0.666667,0.360001,0.37841,2.275826,1.167348
0.714286,0.360001,0.37899,2.263225,1.11497
0.809524,0.335999,0.34881,2.244008,1.055302
0.809524,0.327998,0.33314,2.233082,1.031
0.761905,0.367999,0.379571,2.224669,1.031
0.761905,0.407999,0.379571,2.220875,1.031
0.761905,0.344,0.34823,2.20966,1.031321
0.761905,0.360001,0.3639,2.185946,1.052563
0.714286,0.384,0.410331,2.154687,1.107142
0.761905,0.384,0.395241,2.117099,1.175466
0.714286,0.416,0.410331,2.078489,1.232153
0.714286,0.48,0.488683,2.023345,1.296178
0.714286,0.528001,0.520023,1.960633,1.350596
0.714286,0.528001,0.551364,1.914945,1.398362
0.714286,0.575999,0.582705,1.864356,1.447365
0.666667,0.608002,0.597795,1.803501,1.512761
0.714286,0.664001,0.645386,1.741387,1.581523
0.666667,0.640002,0.644806,1.686439,1.640512
0.619048,0.688,0.706907,1.62824,1.702485
0.571429,0.712002,0.753337,1.574318,1.755482
0.571429,0.728,0.737667,1.516896,1.819396
0.571429,0.744002,0.753337,1.454988,1.898299
0.571429,0.776002,0.769008,1.401729,1.965375
0.666667,0.776002,0.785839,1.350186,2.013889
0.547619,0.780002,0.760882,1.297918,2.057359
0.428571,0.784002,0.735926,1.255143,2.089098
0.52381,0.744002,0.737086,1.230868,2.092
0.571429,0.72,0.721997,1.213254,2.092
0.571429,0.72,0.737667,1.20055,2.092
0.52381,0.728,0.721416,1.194058,2.07705
0.571429,0.751999,0.753337,1.175922,2.024346
0.47619,0.736001,0.736506,1.152777,1.960205
0.47619,0.72,0.720836,1.129294,1.896554
0.47619,0.704001,0.720836,1.094095,1.827016
0.428571,0.696001,0.688915,1.055905,1.756103
0.428571,0.656,0.673244,1.015172,1.674684
0.380952,0.672002,0.672664,0.974375,1.584875
0.333333,0.640002,0.656413,0.9361,1.504411
0.333333,0.696001,0.687754,0.895077,1.415677
0.333333,0.72,0.719095,0.860758,1.331081
0.428571,0.848002,0.720255,0.837994,1.253374
0.333333,0.776002,0.711259,0.823281,1.167593
0.238095,0.704001,0.702263,0.809834,1.09828
0.238095,0.693335,0.686593,0.807945,1.031809
0.238095,0.682668,0.670923,0.807945,0.979375
0.238095,0.672002,0.655252,0.807945,0.941542
0.285714,0.640002,0.655833,0.816636,0.921009
0.380952,0.640002,0.641323,0.861436,0.889471
0.333333,0.608002,0.609402,0.912536,0.859845
0.333333,0.568002,0.562391,0.983468,0.839903
0.428571,0.552,0.563552,1.057339,0.797524
0.380952,0.543999,0.547301,1.115456,0.758177
0.380952,0.536002,0.547301,1.180274,0.723577
0.5,0.580001,0.587928,1.245602,0.688358
0.619048,0.624,0.628555,1.305067,0.659677
0.619048,0.471999,0.471851,1.382729,0.626813
0.619048,0.464002,0.471851,1.458598,0.599006
0.666667,0.439999,0.425421,1.532598,0.580201
0.666667,0.456001,0.472432,1.615342,0.566883
0.714286,0.460001,0.473012,1.689826,0.563136
0.761905,0.464002,0.473593,1.754595,0.56228
0.714286,0.464002,0.457342,1.821135,0.562
0.761905,0.439999,0.457922,1.845404,0.562
0.761905,0.416,0.442252,1.845779,0.562
0.809524,0.448,0.458503,1.845779,0.566867
0.809524,0.424001,0.427162,1.845779,0.584675
0.809524,0.424001,0.427162,1.831387,0.611168
0.809524,0.335999,0.34881,1.793282,0.649648
0.809524,0.303999,0.31747,1.750254,0.69892
0.809524,0.288001,0.301799,1.711944,0.760363
0.857143,0.288001,0.30238,1.673823,0.832296
0.738095,0.252001,0.269588,1.640685,0.909347
0.619048,0.216001,0.236796,1.603974,0.996711
0.619048,0.208,0.221126,1.555996,1.097428
0.619048,0.176,0.189785,1.509212,1.192792
0.666667,0.176,0.190366,1.452427,1.296336
0.5,0.172,0.180499,1.404135,1.381746
0.333333,0.168,0.170633,1.3477,1.471323
0.380952,0.176,0.186883,1.286561,1.566586
0.285714,0.216001,0.217063,1.23471,1.641259
0.333333,0.24,0.233314,1.195891,1.728088
0.333333,0.24,0.248984,1.195741,1.811859
0.285714,0.272,0.295415,1.195741,1.878703
0.190476,0.312,0.325595,1.195741,1.932
0.238095,0.344,0.341846,1.210437,1.988405
0.238095,0.352001,0.373186,1.21472,2.021331
0.333333,0.344,0.374347,1.224501,2.044821
0.285714,0.413333,0.431225,1.243264,2.072331
0.238095,0.482667,0.488102,1.287733,2.093888
0.190476,0.552,0.54498,1.357018,2.123875
0.285714,0.575999,0.577481,1.40202,2.158324
0.238095,0.575999,0.576901,1.422414,2.171375
0.285714,0.584,0.593151,1.448398,2.1715
0.190476,0.584,0.57632,1.483255,2.1715
0.190476,0.536002,0.56065,1.555048,2.1715
0.285714,0.540001,0.561811,1.633367,2.165533
0.380952,0.543999,0.562972,1.721111,2.140668
0.285714,0.511999,0.5148,1.802574,2.09919
0.333333,0.488001,0.49971,1.888375,2.03525
0.333333,0.52,0.51538,1.940895,1.974798
0.428571,0.471999,0.500871,1.97866,1.923195
0.333333,0.439999,0.437028,2.011751,1.873324
0.428571,0.439999,0.438189,2.055476,1.808303
0.428571,0.384,0.391178,2.096633,1.727859
0.380952,0.384,0.390598,2.126,1.633969
0.428571,0.352001,0.359837,2.130032,1.551574
0.47619,0.320001,0.329077,2.130578,1.475025
0.52381,0.332,0.337493,2.130578,1.392381
0.571429,0.344,0.345908,2.130505,1.318822
0.571429,0.335999,0.361579,2.129173,1.246589
0.666667,0.352001,0.37841,2.11395,1.149262
0.714286,0.367999,0.347649,2.08478,1.075833
0.761905,0.376,0.379571,2.0505,1.024875
0.761905,0.303999,0.316889,2.029879,0.990472
0.809524,0.288001,0.31747,2.015347,0.970072
0.809524,0.320001,0.33314,2.00476,0.9672
0.857143,0.392001,0.412072,1.995681,0.9672
0.857143,0.392001,0.412072,1.989946,0.9672
0.857143,0.407999,0.427742,1.973237,0.97735
0.809524,0.424001,0.442832,1.95815,1.023225
0.857143,0.496001,0.506094,1.941125,1.07275
0.857143,0.52,0.521764,1.920324,1.118661
0.809524,0.488001,0.521184,1.900333,1.153806
0.857143,0.560001,0.568775,1.876225,1.208875
0.904762,0.560001,0.569356,1.849375,1.273125
0.809524,0.552,0.552525,1.827612,1.340175
0.809524,0.560001,0.568195,1.808359,1.408131
0.809524,0.584,0.599536,1.787445,1.481949
0.809524,0.560001,0.568195,1.757388,1.547389
0.761905,0.584,0.598955,1.716835,1.609597
0.761905,0.656,0.645966,1.658644,1.680268
0.714286,0.664001,0.676727,1.615757,1.748858
0.761905,0.72,0.724318,1.553293,1.823621
0.714286,0.712002,0.708067,1.483325,1.897333
0.666667,0.72,0.707487,1.40175,1.970125
0.666667,0.751999,0.754498,1.322974,2.028461
0.619048,0.712002,0.722577,1.2385,2.086125
0.619048,0.736001,0.738247,1.170335,2.127499
0.571429,0.744002,0.737667,1.098136,2.164816
0.571429,0.824,0.831689,1.030233,2.188115
0.571429,0.800001,0.816019,0.96775,2.19
0.52381,0.816002,0.815438,0.903733,2.19
0.571429,0.824,0.831689,0.831625,2.19
0.52381,0.776002,0.784098,0.774107,2.185977
0.47619,0.784002,0.767847,0.717217,2.162024
0.47619,0.768001,0.767847,0.677792,2.135696
0.52381,0.800001,0.799768,0.639468,2.096382
0.571429,0.808001,0.800348,0.612754,2.040901
0.47619,0.776002,0.799187,0.6115,1.982241
0.47619,0.776002,0.814858,0.6115,1.9168
0.52381,0.768001,0.768427,0.6115,1.83507
0.47619,0.768001,0.767847,0.620305,1.7477
0.571429,0.76,0.753337,0.647,1.643364
0.619048,0.704001,0.722577,0.674436,1.540161
0.52381,0.72,0.721416,0.70024,1.448678
0.571429,0.712002,0.706326,0.727202,1.347311
0.47619,0.656,0.658154,0.748016,1.251979
0.47619,0.640002,0.642484,0.765174,1.156612
0.47619,0.608002,0.626814,0.777307,1.075961
0.428571,0.624,0.610563,0.786552,0.996153
0.52381,0.584,0.564713,0.793138,0.929475
0.52381,0.575999,0.580383,0.802242,0.84852
0.571429,0.560001,0.565293,0.810817,0.796387
0.571429,0.528001,0.533952,0.824484,0.745325
0.619048,0.511999,0.518862,0.846588,0.70528
0.571429,0.496001,0.502612,0.877826,0.672935
0.619048,0.456001,0.471851,0.91313,0.636015
0.571429,0.399999,0.42426,0.958329,0.601306
0.666667,0.424001,0.441091,1.003273,0.554415
0.714286,0.399999,0.410331,1.0573,0.541819
0.714286,0.376,0.37899,1.119564,0.536639
0.714286,0.352001,0.347649,1.155588,0.536639
0.714286,0.303999,0.331979,1.169838,0.538229
0.714286,0.272,0.300638,1.1785,0.56
0.619048,0.272,0.283807,1.181,0.6085
0.714286,0.208,0.222287,1.186271,0.674361
0.714286,0.208,0.206616,1.196431,0.714989
0.666667,0.159999,0.190366,1.206701,0.769242
0.619048,0.112001,0.111434,1.221972,0.828242
0.619048,0.127999,0.127104,1.242878,0.891249
0.571429,0.112001,0.126524,1.261165,0.947932
0.52381,0.112001,0.125943,1.277792,1.00291
0.428571,0.144001,0.156123,1.292427,1.068281
0.47619,0.144001,0.156703,1.298212,1.130748
0.47619,0.151998,0.156703,1.299215,1.20471
0.47619,0.199999,0.188044,1.299945,1.2695
0.404762,0.231999,0.218514,1.300015,1.354994
0.333333,0.263999,0.248984,1.300584,1.44775
0.285714,0.295999,0.295415,1.301,1.54532
0.333333,0.335999,0.374347,1.302933,1.627004
0.285714,0.355999,0.373767,1.31432,1.712188
0.238095,0.376,0.373186,1.329691,1.790241
0.285714,0.384,0.389437,1.353885,1.878619
0.238095,0.384,0.388857,1.38125,1.941875
0.238095,0.432002,0.451538,1.412433,1.994879
0.285714,0.439999,0.436448,1.451564,2.043859
0.285714,0.439999,0.436448,1.508209,2.093281
0.238095,0.416,0.420197,1.560048,2.129053
0.238095,0.432002,0.435868,1.635103,2.174298
0.238095,0.48,0.467208,1.701875,2.178
0.190476,0.407999,0.419617,1.782226,2.178
0.142857,0.424001,0.387696,1.86796,2.178
0.214286,0.404001,0.388566,1.943458,2.168417
0.285714,0.384,0.389437,2.002383,2.146696
0.285714,0.376,0.373767,2.055191,2.096786
0.238095,0.416,0.404527,2.102038,2.033464
0.333333,0.424001,0.405688,2.133293,1.968617
0.428571,0.416,0.422519,2.165113,1.883133
0.333333,0.335999,0.374347,2.205402,1.788864
0.404762,0.312,0.351712,2.216495,1.712691
0.47619,0.288001,0.329077,2.2175,1.626408
0.571429,0.303999,0.314568,2.2175,1.508352
0.619048,0.293333,0.309925,2.21671,1.438487
0.666667,0.282666,0.305281,2.214085,1.36188
0.714286,0.272,0.300638,2.213826,1.278301
0.714286,0.288001,0.284968,2.202596,1.220948
0.809524,0.272,0.286129,2.17806,1.174768
0.809524,0.208,0.223447,2.163704,1.125133
0.809524,0.216001,0.223447,2.156855,1.106373
0.809524,0.231999,0.254788,2.153436,1.1055
0.809524,0.231999,0.34881,2.15168,1.1055
0.809524,0.327998,0.34881,2.149996,1.1055
0.857143,0.335999,0.33372,2.146375,1.122375
0.809524,0.399999,0.395821,2.135144,1.160201
0.857143,0.416,0.427742,2.125375,1.197333
0.857143,0.448,0.459083,2.106152,1.236994
0.809524,0.456001,0.474173,2.086494,1.279256
0.904762,0.439999,0.459663,2.057289,1.314466
0.857143,0.424001,0.443413,2.023766,1.363065
0.904762,0.432002,0.443993,1.975351,1.435306
0.857143,0.464002,0.459083,1.939928,1.489609
0.809524,0.528001,0.489843,1.896696,1.554582
0.809524,0.448,0.458503,1.852443,1.621696
0.761905,0.432002,0.442252,1.79503,1.70589
0.761905,0.48,0.489263,1.738558,1.787913
0.761905,0.52,0.520604,1.679644,1.873652
0.761905,0.496001,0.520604,1.627705,1.944527
0.714286,0.543999,0.551364,1.580282,2.002024
0.714286,0.568002,0.582705,1.52228,2.063655
0.666667,0.656,0.660476,1.46387,2.124336
0.666667,0.632001,0.644806,1.40434,2.172846
0.571429,0.672002,0.659315,1.349536,2.211704
0.619048,0.672002,0.659896,1.295247,2.242651
0.619048,0.712002,0.706907,1.237003,2.266908
0.666667,0.704001,0.723157,1.163018,2.290377
0.619048,0.744002,0.753918,1.101056,2.30133
0.619048,0.792,0.800929,1.035075,2.30141
0.619048,0.784002,0.785258,0.985379,2.30141
0.571429,0.768001,0.769008,0.931129,2.30141
0.52381,0.744002,0.737086,0.883595,2.29308
0.571429,0.696001,0.721997,0.840187,2.27323
0.52381,0.72,0.721416,0.817625,2.234378
0.571429,0.72,0.737667,0.816,2.190053
0.571429,0.728,0.737667,0.816,2.135871
0.52381,0.704001,0.721416,0.81625,2.076811
0.47619,0.688,0.705165,0.819555,2.025157
0.47619,0.696001,0.720836,0.831384,1.955496
0.52381,0.672002,0.674405,0.844177,1.887115
0.571429,0.656,0.674985,0.854344,1.816331
0.571429,0.632001,0.659315,0.858237,1.785091
0.52381,0.592001,0.627394,0.863552,1.749917
0.47619,0.616,0.611143,0.865,1.723379
0.571429,0.543999,0.565293,0.865,1.692999
0.571429,0.560001,0.549623,0.865,1.687666
0.619048,0.568002,0.550203,0.864153,1.710469
0.571429,0.464002,0.455601,0.861959,1.711736
0.571429,0.464002,0.471271,0.861959,1.68736
0.595238,0.452,0.455891,0.861959,1.663105
0.619048,0.439999,0.440511,0.861959,1.644461
0.714286,0.384,0.39466,0.864906,1.644391
0.666667,0.360001,0.37841,0.872682,1.56217
0.714286,0.360001,0.36332,0.882637,1.255529
0.714286,0.327998,0.347649,0.908113,1.19314
0.666667,0.312,0.315728,0.947841,1.178957
0.666667,0.295999,0.315728,0.986864,1.149597
0.666667,0.24,0.253047,1.097301,0.922984
0.666667,0.208,0.221706,1.159053,0.888419
0.619048,0.191999,0.205456,1.207345,0.888419
0.666667,0.208,0.206036,1.247006,0.888419
0.571429,0.184001,0.189205,1.274404,0.898636
0.47619,0.216001,0.172374,1.277087,0.92577
0.428571,0.202667,0.171793,1.277087,0.967096
0.380952,0.189334,0.171213,1.277087,1.011887
0.333333,0.176,0.170633,1.257945,1.082344
0.380952,0.176,0.202554,1.248919,1.15699
0.333333,0.192,0.217644,1.243598,1.237739
0.285714,0.208,0.232734,1.24234,1.319307
0.285714,0.248001,0.264074,1.24234,1.413647
0.269841,0.28,0.289998,1.24234,1.50765
0.253968,0.312,0.315922,1.24284,1.589639
0.238095,0.344,0.341846,1.254984,1.668642
0.285714,0.352001,0.358096,1.284125,1.750876
0.238095,0.439999,0.451538,1.32211,1.832311
0.190476,0.456001,0.466628,1.356664,1.896728
0.285714,0.456001,0.452118,1.400148,1.943105
0.190476,0.503999,0.497969,1.437714,1.97795
0.222222,0.501333,0.503579,1.4975,2.013
0.253968,0.498667,0.509189,1.567875,2.045
0.285714,0.496001,0.5148,1.645875,2.055593
0.333333,0.52,0.51538,1.699977,2.056218
0.285714,0.540001,0.538305,1.754618,2.058627
0.238095,0.560001,0.56123,1.792233,2.058627
0.285714,0.624,0.624492,1.852098,2.054909
0.238095,0.592001,0.623912,1.904295,2.048174
0.333333,0.584,0.593732,1.960765,2.040746
0.285714,0.560001,0.561811,2.014,2.004125
0.238095,0.543999,0.56123,2.054614,1.961548
0.222222,0.528,0.540143,2.086426,1.91772
0.206349,0.512001,0.519056,2.118918,1.881599
0.190476,0.496001,0.497969,2.14884,1.827495
0.285714,0.488001,0.467789,2.171494,1.757966
0.238095,0.424001,0.420197,2.180546,1.692464
0.285714,0.38,0.389437,2.189155,1.581073
0.333333,0.335999,0.358677,2.19948,1.503153
0.428571,0.352001,0.375508,2.21143,1.4288
0.333333,0.320001,0.327336,2.220081,1.334463
0.333333,0.295999,0.311666,2.220202,1.227116
0.333333,0.248001,0.264655,2.220202,1.147383
0.380952,0.272,0.265235,2.220202,1.069407
0.428571,0.256001,0.281486,2.211156,1.00544
0.428571,0.288001,0.281486,2.18825,0.95925
0.428571,0.256001,0.265815,2.152971,0.910721
0.5,0.268001,0.266686,2.106125,0.866625
0.571429,0.28,0.267557,2.067264,0.840914
0.666667,0.223998,0.237377,2.028679,0.830325
0.666667,0.263999,0.268717,1.994718,0.830325
0.666667,0.367999,0.37841,1.97215,0.830325
0.714286,0.303999,0.284968,1.959,0.831083
0.714286,0.360001,0.36332,1.957125,0.842338
0.714286,0.384,0.39466,1.9565,0.875005
0.809524,0.464002,0.474173,1.9565,0.923625
0.761905,0.456001,0.457922,1.964398,0.978395
0.761905,0.392001,0.395241,1.983505,1.062418
0.809524,0.424001,0.427162,1.993962,1.143492
0.761905,0.488001,0.504933,2.014079,1.232441
0.761905,0.496001,0.504933,2.034425,1.307558
0.714286,0.511999,0.520023,2.039,1.3865
0.714286,0.543999,0.551364,2.039,1.468903
0.714286,0.592001,0.598375,2.039,1.549069
0.714286,0.640002,0.645386,2.037559,1.614703
0.714286,0.664001,0.645386,2.020348,1.670835
0.714286,0.704001,0.692397,1.99597,1.71817
0.714286,0.712002,0.723738,1.962875,1.75
0.666667,0.792,0.723157,1.910037,1.779005
0.666667,0.736001,0.738828,1.847645,1.817762
0.714286,0.800001,0.786419,1.784195,1.849475
0.619048,0.784002,0.785258,1.723206,1.871048
0.619048,0.776002,0.722577,1.651913,1.882191
0.571429,0.784002,0.800348,1.58531,1.896258
0.571429,0.800001,0.800348,1.517385,1.908502
0.571429,0.792,0.769008,1.4498,1.914851
0.571429,0.704001,0.721997,1.383285,1.914949
0.571429,0.704001,0.706326,1.316384,1.914949
0.619048,0.664001,0.659896,1.248505,1.914949
0.539683,0.672001,0.669375,1.188505,1.90628
0.460317,0.68,0.678855,1.1349,1.884795
0.380952,0.688,0.688334,1.086135,1.847942
0.428571,0.640002,0.641904,1.048387,1.809858
0.428571,0.608002,0.610563,1.005,1.7625
0.333333,0.608002,0.609402,0.962625,1.702625
0.238095,0.600001,0.592571,0.924374,1.635203
0.285714,0.575999,0.577481,0.878444,1.542145
0.190476,0.552,0.56065,0.846292,1.462752
0.190476,0.528001,0.529309,0.817084,1.383732
0.238095,0.511999,0.498549,0.791861,1.320951
0.238095,0.48,0.467208,0.784232,1.292427
0.190476,0.448,0.435287,0.782616,1.261381
0.238095,0.416,0.412362,0.769245,1.205234
0.285714,0.384,0.389437,0.768415,1.129208
0.285714,0.367999,0.358096,0.781811,1.069164
0.190476,0.28,0.278584,0.805295,1.013218
0.238095,0.272,0.279164,0.826695,0.974332
0.285714,0.256001,0.264074,0.866508,0.928625
0.333333,0.272,0.280325,0.926633,0.84575
0.333333,0.272,0.280325,1.000857,0.733221
0.428571,0.303999,0.281486,1.069677,0.720692
0.357143,0.303999,0.296286,1.153568,0.705046
0.285714,0.303999,0.311085,1.22403,0.697683
0.380952,0.303999,0.327916,1.380115,0.697683
0.380952,0.256001,0.280905,1.536172,0.697683
0.452381,0.276,0.281776,1.628117,0.697763
0.52381,0.295999,0.282647,1.724742,0.701573
0.571429,0.327998,0.345908,1.809658,0.711152
0.666667,0.352001,0.347069,1.899153,0.726113
0.714286,0.367999,0.36332,1.986653,0.750499
0.761905,0.344,0.34823,2.069666,0.791601
0.761905,0.352001,0.3639,2.130095,0.846856
0.809524,0.376,0.395821,2.181517,0.915008
0.809524,0.384,0.395821,2.226329,0.98192
0.809524,0.424001,0.427162,2.25857,1.064251
0.761905,0.416,0.426582,2.267393,1.154121
0.761905,0.432002,0.442252,2.267393,1.252505
0.809524,0.471999,0.489843,2.267393,1.349532
0.761905,0.488001,0.504933,2.266916,1.453245
0.761905,0.52,0.536274,2.261177,1.526698
0.714286,0.560001,0.551364,2.243284,1.585609
0.714286,0.528001,0.535694,2.210006,1.641572
0.714286,0.536002,0.535694,2.170144,1.67975
0.714286,0.543999,0.551364,2.131477,1.686142
0.619048,0.592001,0.597214,2.088411,1.690067
0.619048,0.575999,0.565873,2.0438,1.695357
0.52381,0.600001,0.596053,1.993177,1.701334
0.52381,0.688,0.674405,1.934617,1.70525
0.47619,0.640002,0.673825,1.875821,1.716966
0.47619,0.640002,0.642484,1.823086,1.730996
0.380952,0.624,0.641323,1.762161,1.755952
0.428571,0.672002,0.673244,1.684137,1.791273
0.333333,0.624,0.672084,1.628487,1.833084
0.428571,0.664001,0.657574,1.572241,1.889167
0.333333,0.647999,0.640743,1.557308,1.959368
0.238095,0.647999,0.639582,1.492162,2.001536
0.238095,0.647999,0.639582,1.417013,2.011239
0.238095,0.632001,0.639582,1.333781,2.011239
0.333333,0.640002,0.640743,1.278716,2.011239
0.285714,0.624,0.640163,1.233964,2.011239
0.333333,0.647999,0.656413,1.180205,2.000988
0.380952,0.656,0.625653,1.1329,1.951549
0.380952,0.647999,0.625653,1.038745,1.886435
0.428571,0.624,0.641904,0.999,1.798302
0.428571,0.672002,0.657574,0.999,1.716875
0.47619,0.656,0.658154,0.999,1.634501
0.52381,0.696001,0.674405,1.002864,1.542362
0.52381,0.728,0.690075,1.031773,1.444726
0.571429,0.736001,0.721997,1.063404,1.359082
0.571429,0.704001,0.706326,1.109014,1.26447
0.619048,0.704001,0.659896,1.16275,1.169375
0.666667,0.712002,0.723157,1.235556,1.071645
0.666667,0.688,0.691817,1.307242,0.990012
0.666667,0.672002,0.676146,1.386035,0.910787
0.714286,0.672002,0.676727,1.462007,0.845751
0.761905,0.640002,0.661637,1.559508,0.779966
0.714286,0.656,0.661056,1.646424,0.741496
0.761905,0.608002,0.630296,1.738768,0.713808
0.714286,0.592001,0.614045,1.819734,0.696449
0.714286,0.568002,0.582705,1.874521,0.688826
0.714286,0.511999,0.520023,1.884762,0.686817
0.666667,0.48,0.488102,1.884762,0.686817
0.619048,0.48,0.503192,1.884762,0.686817
0.52381,0.448,0.45502,1.875147,0.686817
0.619048,0.392001,0.3935,1.831648,0.689922
0.619048,0.367999,0.377829,1.762451,0.695865
0.571429,0.335999,0.345908,1.668686,0.709241
0.5,0.308,0.329367,1.578375,0.7185
0.428571,0.28,0.312826,1.482379,0.729663
0.428571,0.223998,0.218804,1.387376,0.754896
0.333333,0.24,0.248984,1.296544,0.786704
0.333333,0.144001,0.154962,1.202273,0.833323
0.333333,0.136,0.154962,1.1244,0.88102
0.333333,0.144001,0.154962,1.049431,0.934753
0.380952,0.144001,0.147707,0.992403,0.997278
0.428571,0.144001,0.140453,0.921077,1.078202
0.5,0.152,0.164829,0.866457,1.153886
0.571429,0.159999,0.189205,0.825947,1.238241
0.571429,0.151998,0.173535,0.811092,1.324541
0.690476,0.183999,0.198491,0.811092,1.388343
0.809524,0.216001,0.223447,0.811092,1.434674
0.809524,0.231999,0.254788,0.819648,1.4785
0.857143,0.295999,0.286709,0.856366,1.516425
0.809524,0.327998,0.301799,0.924831,1.551025
0.857143,0.367999,0.396402,1.00075,1.574977
0.857143,0.424001,0.443413,1.096867,1.591867
0.857143,0.399999,0.427742,1.199117,1.609042
0.904762,0.448,0.459663,1.3135,1.628833
1.0,0.407999,0.445154,1.424009,1.65369
0.904762,0.376,0.381312,1.534451,1.686917
0.857143,0.344,0.365061,1.63732,1.724198
0.809524,0.392001,0.395821,1.754477,1.77206
0.809524,0.320001,0.34881,1.851726,1.815704
0.809524,0.327998,0.380151,1.920025,1.891787
0.714286,0.407999,0.426001,1.986846,1.961736
0.714286,0.367999,0.426001,2.016496,2.028436
0.714286,0.384,0.410331,2.016496,2.080554
0.666667,0.424001,0.40975,2.016496,2.120121
0.666667,0.392001,0.40975,2.014525,2.150811
0.666667,0.416,0.40975,1.977706,2.170926
0.666667,0.407999,0.40975,1.899605,2.203125
0.714286,0.399999,0.426001,1.831786,2.220987
0.666667,0.456001,0.472432,1.739125,2.230563
0.714286,0.448,0.473012,1.634646,2.240813
0.714286,0.464002,0.488683,1.543599,2.254625
0.714286,0.52,0.520023,1.52535,2.265014
0.761905,0.552,0.551944,1.490093,2.270376
0.761905,0.568002,0.598955,1.396712,2.270376
0.714286,0.600001,0.582705,1.313758,2.267768
0.714286,0.736001,0.723738,1.249812,2.263289
0.714286,0.704001,0.708067,1.195458,2.264661
0.714286,0.72,0.708067,1.144885,2.262898
0.666667,0.712002,0.707487,1.114375,2.261018
0.619048,0.751999,0.753918,1.070215,2.259625
0.571429,0.792,0.800348,1.03525,2.249261
0.619048,0.816002,0.800929,1.03525,2.229897
0.52381,0.912002,0.831109,1.03525,2.19294
0.595238,0.844002,0.800638,1.045438,2.146912
0.666667,0.776002,0.770168,1.109055,2.077533
0.619048,0.780002,0.769588,1.149929,2.022576
0.571429,0.784002,0.769008,1.180072,1.969377
0.571429,0.704001,0.706326,1.203793,1.91646
0.571429,0.688,0.690656,1.213188,1.886758
0.47619,0.688,0.673825,1.213438,1.855556
0.52381,0.696001,0.705746,1.213438,1.832175
0.428571,0.672002,0.688915,1.213438,1.811815
0.380952,0.652001,0.656994,1.195504,1.78335
0.333333,0.632001,0.625073,1.158803,1.750987
0.333333,0.600001,0.609402,1.108803,1.714862
0.333333,0.608002,0.593732,1.052572,1.672701
0.285714,0.575999,0.577481,0.99432,1.625249
0.285714,0.592001,0.593151,0.936071,1.566384
0.285714,0.584,0.577481,0.882325,1.5032
0.285714,0.575999,0.577481,0.836595,1.431655
0.190476,0.536002,0.54498,0.793833,1.36
0.238095,0.552,0.56123,0.755009,1.290306
0.285714,0.496001,0.499129,0.732255,1.224462
0.190476,0.471999,0.482298,0.728141,1.135137
0.238095,0.432002,0.435868,0.728141,1.07025
0.190476,0.376,0.388276,0.728141,0.992451
0.190476,0.384,0.388276,0.731196,0.924569
0.238095,0.384,0.388857,0.76175,0.87825
0.238095,0.344,0.357516,0.805322,0.842762
0.285714,0.378,0.389437,0.866153,0.799172
0.333333,0.412,0.421358,0.935414,0.783561
0.380952,0.446,0.453279,1.008099,0.770412
0.428571,0.48,0.4852,1.072867,0.763841
0.333333,0.552,0.562391,1.1735,0.762
0.428571,0.516,0.524376,1.26785,0.761879
0.52381,0.48,0.486361,1.376455,0.761018
0.52381,0.488001,0.502031,1.468531,0.761391
0.571429,0.511999,0.518282,1.561098,0.762025
0.619048,0.592001,0.597214,1.65587,0.762705
0.666667,0.552,0.613465,1.755656,0.76572
0.666667,0.528001,0.535113,1.861745,0.78365
0.666667,0.552,0.550784,1.938444,0.803859
0.666667,0.575999,0.535113,2.021932,0.833642
0.714286,0.568002,0.582705,2.092476,0.869125
0.714286,0.568002,0.567034,2.141448,0.913956
0.714286,0.600001,0.598375,2.189496,0.963787
0.809524,0.600001,0.615206,2.234944,1.00726
0.714286,0.575999,0.582705,2.265294,1.056289
0.666667,0.568002,0.582124,2.270106,1.119379
0.666667,0.52,0.519443,2.270106,1.171266
0.619048,0.456001,0.456181,2.270106,1.20675
0.666667,0.464002,0.472432,2.268142,1.229334
0.619048,0.407999,0.456181,2.231387,1.246108
0.52381,0.399999,0.392339,2.179949,1.263267
0.47619,0.360001,0.391759,2.102882,1.27654
0.380952,0.352001,0.374927,2.024163,1.279456
0.47619,0.367999,0.376088,1.93768,1.286004
0.47619,0.320001,0.329077,1.831959,1.289709
0.380952,0.272,0.280905,1.717113,1.291698
0.333333,0.272,0.280325,1.616457,1.297797
0.285714,0.248001,0.264074,1.504275,1.308725
0.261905,0.204,0.224608,1.409734,1.323081
0.238095,0.159999,0.185142,1.330711,1.339011
0.238095,0.168,0.185142,1.250717,1.361458
0.333333,0.144001,0.154962,1.18075,1.38375
0.428571,0.159999,0.171793,1.11906,1.413218
0.428571,0.176,0.171793,1.066904,1.446511
0.47619,0.191999,0.203714,1.036109,1.481037
0.52381,0.24,0.251306,1.034273,1.505578
0.571429,0.266667,0.278003,1.034273,1.52416
0.619048,0.293334,0.304701,1.034273,1.533257
0.666667,0.320001,0.331399,1.040136,1.539656
0.714286,0.303999,0.331979,1.077342,1.546646
0.666667,0.399999,0.40975,1.132052,1.549919
0.666667,0.439999,0.441091,1.201095,1.55229
0.666667,0.432002,0.441091,1.299941,1.554543
0.761905,0.456001,0.473593,1.409052,1.55757
0.761905,0.488001,0.489263,1.526755,1.559163
0.761905,0.496001,0.473593,1.638503,1.562599
0.809524,0.488001,0.489843,1.717375,1.5715
0.809524,0.528001,0.489843,1.778591,1.58186
0.809524,0.488001,0.489843,1.856635,1.618279
0.809524,0.528001,0.521184,1.929878,1.659172
0.904762,0.511999,0.522345,1.994063,1.699709
0.809524,0.511999,0.521184,2.057071,1.742722
0.857143,0.488001,0.506094,2.097391,1.815124
0.904762,0.448,0.443993,2.105,1.867002
0.857143,0.448,0.459083,2.105,1.906492
0.857143,0.376,0.380731,2.105,1.936503
0.857143,0.352001,0.349391,2.099532,1.942074
0.857143,0.320001,0.33372,2.061172,1.942074
0.809524,0.320001,0.33314,2.00567,1.942074
0.809524,0.24,0.270459,1.927626,1.940445
0.809524,0.24,0.254788,1.829591,1.92904
0.761905,0.191999,0.191526,1.722724,1.92676
0.714286,0.144001,0.175276,1.616425,1.917874
0.714286,0.079998,0.096924,1.538746,1.901379
0.666667,0.079998,0.096344,1.445779,1.894654
0.523809,0.127999,0.141613,1.373405,1.890949
0.380952,0.176,0.186883,1.293305,1.890949
0.452381,0.183999,0.195589,1.193645,1.890949
0.52381,0.191999,0.204295,1.120375,1.891212
0.52381,0.263999,0.282647,1.044625,1.899125
0.52381,0.272,0.266976,0.975375,1.926125
0.52381,0.256001,0.266976,0.898571,1.962286
0.47619,0.295999,0.313407,0.850456,1.990239
0.428571,0.344,0.344167,0.818153,2.030851
0.5,0.348,0.360708,0.8125,2.070671
0.571429,0.352001,0.377249,0.8125,2.116174
0.571429,0.416,0.42426,0.8125,2.158889
0.619048,0.448,0.456181,0.825897,2.198478
0.666667,0.488001,0.503772,0.870994,2.236531
0.666667,0.511999,0.519443,0.937303,2.271998
0.571429,0.640002,0.643645,1.007838,2.307023
0.666667,0.616,0.629135,1.07825,2.334572
0.714286,0.680002,0.676727,1.163692,2.351013
0.714286,0.688,0.692397,1.250146,2.352
0.666667,0.656,0.660476,1.354672,2.352
0.666667,0.696001,0.707487,1.454873,2.352
0.619048,0.680002,0.738247,1.543863,2.341237
0.619048,0.808001,0.800929,1.617114,2.320542
0.619048,0.784002,0.785258,1.68485,2.293827
0.619048,0.744002,0.753918,1.728147,2.259382
0.666667,0.768001,0.754498,1.762938,2.221299
0.619048,0.72,0.722577,1.797923,2.174625
0.571429,0.72,0.706326,1.817716,2.08664
0.47619,0.736001,0.720836,1.818621,2.016425
0.5,0.704001,0.689785,1.818621,1.950089
0.52381,0.672002,0.658735,1.816371,1.873297
0.47619,0.656,0.658154,1.793808,1.802286
0.428571,0.632001,0.657574,1.76204,1.732921
0.380952,0.608002,0.594312,1.717363,1.667746
0.428571,0.647999,0.641904,1.659,1.611625
0.333333,0.592001,0.593732,1.578624,1.567242
0.333333,0.543999,0.562391,1.48684,1.531996
0.285714,0.584,0.577481,1.3957,1.498375
0.238095,0.560001,0.576901,1.306641,1.469556
0.285714,0.572,0.577481,1.201805,1.423196
0.333333,0.584,0.578062,1.111033,1.37288
0.333333,0.560001,0.546721,1.033231,1.318784
0.333333,0.503999,0.51538,0.966,1.2665
0.380952,0.488001,0.48462,0.905798,1.218339
0.333333,0.448,0.452699,0.848927,1.164883
0.238095,0.327998,0.341846,0.813625,1.105792
0.269841,0.322666,0.337009,0.811,1.057125
0.301587,0.317333,0.332173,0.811,1.028048
0.333333,0.312,0.327336,0.811,0.98475
0.333333,0.312,0.327336,0.823221,0.964225
0.333333,0.248001,0.248984,0.883417,0.94001
0.333333,0.231999,0.233314,0.98216,0.919341
0.452381,0.211999,0.219095,1.053018,0.900435
0.571429,0.191999,0.204875,1.136113,0.881571
0.571429,0.168,0.173535,1.241044,0.866691
0.666667,0.151998,0.174695,1.331931,0.862726
0.571429,0.159999,0.173535,1.434117,0.857844
0.571429,0.119998,0.142194,1.545381,0.833043
0.666667,0.159999,0.174695,1.625935,0.82021
0.666667,0.144001,0.159025,1.689883,0.813781
0.714286,0.184001,0.253627,1.782066,0.813781
0.761905,0.24,0.254208,1.862994,0.813781
0.761905,0.295999,0.301219,1.955227,0.81697
0.761905,0.28,0.301219,2.013661,0.83444
0.809524,0.327998,0.34881,2.056023,0.864785
0.714286,0.335999,0.331979,2.099386,0.904789
0.761905,0.335999,0.34823,2.135995,0.950577
0.714286,0.320001,0.331979,2.158226,1.016992
0.666667,0.320001,0.347069,2.175443,1.123002
0.666667,0.416,0.362739,2.188933,1.205894
0.619048,0.399999,0.40917,2.193506,1.30197
0.619048,0.456001,0.456181,2.194897,1.392918
0.619048,0.424001,0.440511,2.195029,1.479755
0.571429,0.436,0.455601,2.195029,1.586527
0.52381,0.448,0.470691,2.194265,1.697718
0.47619,0.48,0.501451,2.184825,1.793015
0.47619,0.543999,0.564132,2.161021,1.871745
0.571429,0.592001,0.612304,2.125832,1.948982
0.47619,0.608002,0.626814,2.083943,2.020541
0.52381,0.640002,0.643064,2.035999,2.084472
0.571429,0.632001,0.659315,1.979264,2.142111
0.52381,0.680002,0.690075,1.909794,2.189074
0.52381,0.72,0.705746,1.82502,2.214327
0.47619,0.776002,0.720836,1.72675,2.23667
0.47619,0.768001,0.767847,1.648736,2.24468
0.52381,0.78,0.776262,1.554766,2.24468
0.571429,0.792,0.784678,1.47523,2.24468
0.571429,0.800001,0.800348,1.411226,2.239787
0.571429,0.800001,0.800348,1.35112,2.21815
0.571429,0.792,0.800348,1.30858,2.189464
0.52381,0.816002,0.815438,1.28783,2.146793
0.571429,0.784002,0.800348,1.287,2.083809
0.619048,0.808001,0.800929,1.287,2.009358
0.619048,0.751999,0.753918,1.287,1.92525
0.666667,0.728,0.738828,1.297589,1.826668
0.761905,0.76,0.771329,1.319964,1.717043
0.666667,0.696001,0.707487,1.341673,1.630682
0.666667,0.688,0.691817,1.363401,1.528876
0.714286,0.664001,0.676727,1.38598,1.432734
0.666667,0.656,0.660476,1.392451,1.343231
0.761905,0.592001,0.598955,1.392451,1.266496
0.714286,0.600001,0.582705,1.392451,1.188194
0.761905,0.575999,0.583285,1.385083,1.119458
0.809524,0.592001,0.599536,1.363306,1.060617
0.857143,0.536002,0.537435,1.333049,1.007479
0.857143,0.52,0.553105,1.28561,0.945145
0.761905,0.536002,0.551944,1.243203,0.903208
0.857143,0.536002,0.553105,1.175361,0.85314
0.857143,0.488001,0.506094,1.117863,0.827254
0.809524,0.503999,0.521184,1.051219,0.809689
0.809524,0.456001,0.474173,0.996344,0.80891
0.809524,0.464002,0.505514,0.930219,0.80891
0.904762,0.456001,0.475334,0.877539,0.80891
0.809524,0.416,0.427162,0.828209,0.817705
0.809524,0.416,0.427162,0.78985,0.8497
0.809524,0.392001,0.411492,0.771622,0.881529
0.809524,0.376,0.380151,0.7586,0.945668
0.809524,0.376,0.395821,0.744625,1.016453
0.761905,0.416,0.426582,0.737399,1.078389
0.761905,0.439999,0.442252,0.733093,1.148285
0.761905,0.488001,0.489263,0.729491,1.23064
0.714286,0.456001,0.473012,0.724946,1.305929
0.666667,0.496001,0.503772,0.719747,1.404076
0.619048,0.543999,0.550203,0.718,1.481625
0.619048,0.568002,0.565873,0.718,1.562361
0.571429,0.608002,0.612304,0.718,1.61819
0.571429,0.592001,0.596634,0.718272,1.709487
0.571429,0.704001,0.674985,0.724401,1.788625
0.571429,0.656,0.659315,0.73918,1.871675
0.47619,0.784002,0.783517,0.75534,1.93535
0.47619,0.704001,0.720836,0.782387,1.999348
0.380952,0.680002,0.704005,0.804825,2.029465
0.404762,0.696002,0.704295,0.82719,2.03
0.428571,0.712002,0.704585,0.850494,2.03
0.428571,0.704001,0.720255,0.875948,2.03
0.428571,0.744002,0.735926,0.901123,2.024667
0.428571,0.72,0.720255,0.935579,2.012494
0.333333,0.672002,0.672084,0.971387,1.996048
0.333333,0.656,0.656413,1.002147,1.9773
0.285714,0.640002,0.640163,1.027375,1.95075
0.238095,0.647999,0.655252,1.045326,1.930542
0.285714,0.616,0.608822,1.055445,1.912153
0.238095,0.552,0.54556,1.057,1.890967
0.190476,0.584,0.591991,1.057,1.869529
0.238095,0.527999,0.52989,1.057,1.822533
0.285714,0.471999,0.467789,1.058,1.746894
0.333333,0.439999,0.452699,1.05775,1.66215
0.380952,0.384,0.406268,1.055705,1.620271
0.333333,0.352001,0.358677,1.055705,1.58974
0.380952,0.335999,0.343587,1.064481,1.549386
0.380952,0.320001,0.327916,1.082368,1.521558
0.428571,0.256001,0.281486,1.102636,1.489911
0.52381,0.231999,0.251306,1.129384,1.448075
0.52381,0.223998,0.235636,1.136137,1.348276
0.52381,0.208,0.219965,1.147534,1.264758
0.571429,0.184001,0.189205,1.192844,1.187167
0.666667,0.223998,0.221706,1.245513,1.1203
0.714286,0.127999,0.143935,1.317519,0.838186
0.761905,0.127999,0.144515,1.3943,0.629297
0.761905,0.168,0.144515,1.471864,0.596179
0.809524,0.208,0.223447,1.553422,0.589
0.857143,0.231999,0.286709,1.62454,0.589
0.809524,0.303999,0.301799,1.699625,0.589
0.857143,0.327998,0.31805,1.774375,0.59175
0.857143,0.327998,0.349391,1.84475,0.627375
0.857143,0.367999,0.380731,1.912596,0.679174
0.857143,0.335999,0.349391,1.964558,0.7431
0.857143,0.392001,0.396402,1.99843,0.809754
0.809524,0.416,0.427162,2.032229,0.897996
0.809524,0.424001,0.427162,2.047924,0.996492
0.761905,0.439999,0.442252,2.0515,1.099201
0.809524,0.439999,0.442832,2.0515,1.203173
0.761905,0.448,0.457922,2.0515,1.315777
0.761905,0.575999,0.567615,2.050008,1.431926
0.857143,0.592001,0.600116,2.030778,1.549204
0.809524,0.656,0.662217,2.005367,1.648168
0.761905,0.632001,0.661637,1.979976,1.753464
0.761905,0.624,0.630296,1.942554,1.857129
0.690476,0.656,0.637261,1.914773,1.931753
0.619048,0.688,0.644225,1.866161,2.022877
0.619048,0.664001,0.659896,1.81159,2.107345
0.571429,0.751999,0.737667,1.748023,2.166907
0.571429,0.712002,0.721997,1.674992,2.225773
0.571429,0.768001,0.769008,1.605641,2.284224
0.52381,0.751999,0.768427,1.519945,2.32847
0.52381,0.736001,0.752757,1.451049,2.348079
0.47619,0.72,0.720836,1.369375,2.374744
0.47619,0.688,0.705165,1.312828,2.377989
0.47619,0.672002,0.689495,1.240108,2.377989
0.571429,0.688,0.706326,1.161855,2.377989
0.452381,0.704,0.704875,1.070317,2.365107
0.333333,0.72,0.703424,1.015699,2.32775
0.428571,0.680002,0.688915,0.970277,2.277575
0.428571,0.672002,0.673244,0.936053,2.246106
0.52381,0.624,0.643064,0.89593,2.177963
0.404762,0.608,0.618108,0.86275,2.10225
0.285714,0.592001,0.593151,0.842644,2.013685
0.285714,0.568002,0.577481,0.823379,1.913703
0.285714,0.560001,0.561811,0.810735,1.826497
0.238095,0.528001,0.54556,0.798084,1.719666
0.190476,0.536002,0.54498,0.796495,1.63475
0.238095,0.560001,0.54556,0.796495,1.556453
0.285714,0.528001,0.54614,0.796495,1.475928
0.238095,0.52,0.514219,0.799843,1.44338
0.238095,0.536002,0.52989,0.814691,1.414176
0.333333,0.512001,0.507545,0.835478,1.34516
0.428571,0.488001,0.4852,0.8629,1.253625
0.444444,0.501334,0.501064,0.895125,1.186125
0.460317,0.514668,0.516928,0.936084,1.158828
0.47619,0.528001,0.532792,0.987649,1.136041
0.507937,0.541335,0.548849,1.035442,1.105562
0.539683,0.554668,0.564906,1.097276,1.04685
0.571429,0.568002,0.580963,1.167332,0.920056
0.619048,0.608002,0.612885,1.248338,0.895058
0.571429,0.503999,0.518282,1.34022,0.870872
0.619048,0.543999,0.550203,1.4365,0.84575
0.619048,0.511999,0.534533,1.526699,0.833505
0.666667,0.543999,0.550784,1.612866,0.736476
0.714286,0.608002,0.598375,1.701892,0.679802
0.761905,0.640002,0.630296,1.786491,0.679802
0.761905,0.600001,0.598955,1.871411,0.679802
0.761905,0.575999,0.583285,1.950581,0.68743
0.809524,0.600001,0.615206,2.020625,0.72815
0.809524,0.575999,0.583865,2.063333,0.770833
0.809524,0.552,0.568195,2.0968,0.819259
0.809524,0.536002,0.536854,2.102733,0.86225
0.761905,0.496001,0.520604,2.102733,0.898763
0.857143,0.488001,0.490424,2.102733,0.930417
0.857143,0.448,0.474753,2.095367,0.972864
0.809524,0.464002,0.474173,2.048357,1.016409
0.857143,0.416,0.427742,1.970783,1.070858
0.809524,0.416,0.427162,1.909633,1.111441
0.857143,0.367999,0.396402,1.841524,1.138668
0.857143,0.344,0.365061,1.77468,1.165189
0.857143,0.288001,0.30238,1.716385,1.191098
0.857143,0.28,0.286709,1.631489,1.221769
0.833333,0.24,0.255078,1.545915,1.246828
0.809524,0.199999,0.223447,1.450178,1.274765
0.761905,0.208,0.207197,1.366394,1.303407
0.690476,0.192,0.198491,1.270206,1.339061
0.619048,0.176,0.189785,1.182462,1.375871
0.52381,0.136,0.157284,1.10136,1.415654
0.571429,0.064,0.079512,1.030418,1.455088
0.571429,0.064,0.079512,0.959571,1.504609
0.47619,0.032,0.062681,0.898654,1.558645
0.380952,0.087998,0.108532,0.850849,1.619561
0.285714,0.112001,0.123041,0.844042,1.67425
0.238095,0.127999,0.138131,0.843989,1.714239
0.285714,0.184001,0.185723,0.843989,1.728039
0.380952,0.216001,0.218224,0.84437,1.783208
0.285714,0.24,0.217063,0.852438,1.854738
0.238095,0.26,0.247824,0.876233,1.921933
0.190476,0.28,0.278584,0.91469,1.97708
0.190476,0.327998,0.341265,0.96216,2.026033
0.238095,0.327998,0.326175,1.126578,2.070133
0.190476,0.376,0.380441,1.236568,2.111404
0.142857,0.424001,0.434707,1.27548,2.201575
0.238095,0.432002,0.451538,1.31179,2.224333
0.142857,0.464002,0.481718,1.379766,2.238315
0.190476,0.488001,0.482298,1.458608,2.250105
0.190476,0.496001,0.497969,1.519167,2.261167
0.238095,0.536002,0.54556,1.555306,2.269625
0.238095,0.543999,0.54556,1.583681,2.27
0.190476,0.624,0.623331,1.599573,2.27
0.285714,0.568002,0.54614,1.625239,2.27
0.190476,0.616,0.607661,1.689283,2.267767
0.190476,0.584,0.591991,1.747875,2.2545
0.214286,0.596001,0.600116,1.824241,2.225313
0.238095,0.608002,0.608241,1.907844,2.183575
0.333333,0.640002,0.640743,1.981772,2.133971
0.238095,0.640002,0.639582,2.051012,2.071022
0.142857,0.608002,0.622751,2.09831,2.016972
0.214286,0.600001,0.600116,2.13728,1.966923
0.285714,0.592001,0.577481,2.165107,1.906363
0.333333,0.584,0.578062,2.199247,1.846724
0.333333,0.578667,0.572838,2.215693,1.782014
0.333333,0.573334,0.567615,2.22408,1.714268
0.333333,0.568002,0.562391,2.233706,1.642435
0.285714,0.511999,0.561811,2.238223,1.581324
0.238095,0.432002,0.451538,2.259007,1.482605
0.278912,0.409144,0.425172,2.269983,1.392272
0.319728,0.386287,0.398806,2.271937,1.311904
0.360544,0.36343,0.37244,2.271937,1.241771
0.401361,0.340572,0.346074,2.271937,1.160179
0.442177,0.317714,0.319708,2.271623,1.078346
0.482993,0.294857,0.293342,2.258129,1.01358
0.52381,0.272,0.266976,2.242514,0.942945
0.619048,0.248001,0.283807,2.217166,0.888479
0.619048,0.288001,0.299478,2.190258,0.840746
0.666667,0.303999,0.300058,2.164133,0.802494
0.761905,0.272,0.285548,2.130418,0.766177
0.714286,0.24,0.269298,2.091753,0.732929
0.809524,0.295999,0.31747,2.056722,0.723225
0.761905,0.327998,0.34823,2.026483,0.720042
0.809524,0.367999,0.380151,2.001694,0.720042
0.809524,0.376,0.395821,1.987222,0.720042
0.809524,0.335999,0.364481,1.987222,0.720542
0.857143,0.424001,0.412072,1.987222,0.728125
0.857143,0.399999,0.427742,1.987222,0.748957
0.809524,0.407999,0.411492,1.99041,0.779747
0.809524,0.407999,0.411492,1.999519,0.824012
0.809524,0.416,0.427162,2.005359,0.880378
0.761905,0.399999,0.426582,2.0055,0.954533
0.761905,0.416,0.410911,2.0055,1.030304
0.761905,0.424001,0.426582,2.0055,1.111313
0.761905,0.424001,0.442252,2.004322,1.218065
0.761905,0.439999,0.442252,2.002999,1.329612
0.714286,0.528001,0.520023,1.998374,1.435929
0.761905,0.496001,0.520604,1.975693,1.531159
0.714286,0.528001,0.551364,1.946929,1.615161
0.761905,0.600001,0.630296,1.903197,1.672568
0.714286,0.584,0.551364,1.852554,1.785251
0.714286,0.592001,0.598375,1.810604,1.868292
0.666667,0.608002,0.613465,1.766296,1.932066
0.619048,0.624,0.628555,1.688629,2.007488
0.619048,0.712002,0.706907,1.595763,2.063593
0.571429,0.728,0.769008,1.507306,2.123456
0.52381,0.744002,0.737086,1.432533,2.172093
0.52381,0.751999,0.752757,1.351455,2.208978
0.52381,0.736001,0.737086,1.26483,2.243478
0.52381,0.704001,0.721416,1.183047,2.26736
0.52381,0.712002,0.721416,1.119377,2.271768
0.52381,0.704001,0.690075,1.038008,2.271768
0.47619,0.768001,0.767847,0.981273,2.271768
0.428571,0.751999,0.751596,0.930013,2.267219
0.333333,0.751999,0.734765,0.893991,2.248781
0.428571,0.72,0.720255,0.875443,2.22403
0.47619,0.704001,0.705165,0.861758,2.192639
0.380952,0.704001,0.704005,0.851469,2.147597
0.47619,0.704001,0.689495,0.846722,2.09538
0.380952,0.688,0.688334,0.842046,2.033316
0.285714,0.672002,0.687174,0.839616,1.965506
0.333333,0.704001,0.719095,0.835298,1.895457
0.285714,0.704001,0.687174,0.825958,1.830389
0.309524,0.700001,0.695299,0.813178,1.741587
0.333333,0.696001,0.703424,0.804637,1.665621
0.333333,0.656,0.656413,0.801109,1.574057
0.333333,0.656,0.656413,0.801109,1.485625
0.238095,0.608002,0.608241,0.80062,1.43806
0.333333,0.584001,0.585897,0.797241,1.36385
0.428571,0.560001,0.563552,0.795209,1.288505
0.380952,0.528001,0.531631,0.799329,1.176694
0.380952,0.52,0.515961,0.803149,1.062598
0.380952,0.503999,0.515961,0.815707,0.987869
0.47619,0.464002,0.47011,0.83079,0.951738
0.428571,0.439999,0.45386,0.876578,0.919679
0.428571,0.384,0.391178,0.928204,0.886159
0.47619,0.352001,0.344748,0.979618,0.867232
0.428571,0.352001,0.359837,1.054953,0.823928
0.47619,0.320001,0.329077,1.143812,0.788055
0.47619,0.288001,0.313407,1.33487,0.763605
0.428571,0.295999,0.312826,1.417618,0.745621
0.52381,0.292,0.306152,1.475602,0.729052
0.619048,0.288001,0.299478,1.541246,0.557374
0.619048,0.28,0.283807,1.613689,0.539362
0.714286,0.335999,0.331979,1.681693,0.539362
0.809524,0.272,0.286129,1.734441,0.539362
0.809524,0.320001,0.34881,1.785763,0.549498
0.809524,0.344,0.34881,1.817226,0.568536
0.809524,0.360001,0.380151,1.832375,0.590104
0.809524,0.399999,0.411492,1.833,0.613084
0.809524,0.392001,0.411492,1.833,0.653148
0.857143,0.456001,0.459083,1.833,0.695909
0.857143,0.432002,0.443413,1.826044,0.766443
0.857143,0.448,0.459083,1.811695,0.840265
0.857143,0.496001,0.521764,1.798526,0.918593
0.809524,0.456001,0.458503,1.791418,1.010257
0.857143,0.439999,0.459083,1.788375,1.096625
0.857143,0.439999,0.443413,1.787578,1.177
0.809524,0.432002,0.427162,1.785551,1.248831
0.809524,0.407999,0.411492,1.784136,1.330335
0.809524,0.471999,0.489843,1.782375,1.41425
0.809524,0.488001,0.521184,1.778629,1.493135
0.809524,0.511999,0.521184,1.777815,1.5825
0.761905,0.552,0.551944,1.7695,1.670922
0.761905,0.568002,0.583285,1.749177,1.755791
0.714286,0.568002,0.582705,1.722658,1.832464
0.714286,0.640002,0.629716,1.692054,1.896847
0.714286,0.640002,0.661056,1.641539,1.967547
0.714286,0.664001,0.661056,1.577392,2.036531
0.666667,0.704001,0.691817,1.508959,2.100599
0.619048,0.751999,0.738247,1.431381,2.147867
0.619048,0.744002,0.753918,1.337429,2.193671
0.619048,0.72,0.753918,1.256328,2.22275
0.619048,0.688,0.691236,1.175724,2.250469
0.52381,0.736001,0.752757,1.090089,2.270579
0.52381,0.704001,0.690075,1.016573,2.27076
0.52381,0.72,0.705746,0.956473,2.27076
0.47619,0.736001,0.720836,0.896321,2.27076
0.571429,0.816002,0.800348,0.840225,2.261306
0.52381,0.768001,0.768427,0.802769,2.242407
0.428571,0.768001,0.767266,0.781398,2.220486
0.47619,0.751999,0.767847,0.777,2.195446
0.428571,0.751999,0.735926,0.776259,2.165178
0.52381,0.768001,0.752757,0.7735,2.124288
0.428571,0.784002,0.782937,0.770808,2.088625
0.47619,0.768001,0.783517,0.770617,2.043046
0.428571,0.72,0.735926,0.770617,1.979087
0.47619,0.736001,0.720836,0.764169,1.910659
0.380952,0.751999,0.735345,0.751692,1.839037
0.47619,0.728,0.736506,0.738848,1.75237
0.47619,0.664001,0.673825,0.731931,1.677073
0.571429,0.592001,0.612304,0.725822,1.589823
0.666667,0.640002,0.613465,0.725,1.54746
0.571429,0.560001,0.580963,0.725,1.507746
0.571429,0.592001,0.580963,0.725,1.431137
0.52381,0.536002,0.533372,0.725108,1.350125
0.571429,0.528001,0.518282,0.733343,1.264892
0.619048,0.511999,0.503192,0.74983,1.181107
0.571429,0.511999,0.518282,0.773375,1.10825
0.619048,0.439999,0.440511,0.809058,1.037096
0.619048,0.448,0.456181,0.849355,0.946738
0.619048,0.399999,0.42484,0.915548,0.758309
0.666667,0.355999,0.37841,0.981784,0.703178
0.714286,0.312,0.331979,1.068757,0.645635
0.761905,0.320001,0.34823,1.138278,0.604103
0.714286,0.28,0.300638,1.210465,0.564337
0.761905,0.288001,0.301219,1.275005,0.5319
0.666667,0.248001,0.253047,1.336617,0.523
0.714286,0.256001,0.284968,1.387382,0.523
0.619048,0.208,0.221126,1.420165,0.523
0.619048,0.184001,0.189785,1.441345,0.526182
0.571429,0.127999,0.142194,1.445295,0.553844
0.571429,0.144001,0.142194,1.445295,0.588391
0.619048,0.072,0.080093,1.445295,0.632947
0.619048,0.072,0.095763,1.444898,0.697625
0.452381,0.116,0.140743,1.438293,0.789904
0.285714,0.159999,0.185723,1.42793,0.873359
0.380952,0.176,0.233894,1.415041,0.962095
0.285714,0.176,0.185723,1.399833,1.045946
0.190476,0.223998,0.231573,1.388937,1.133508
0.238095,0.256001,0.263494,1.375306,1.231022
0.285714,0.24,0.248404,1.359003,1.328562
0.238095,0.335999,0.310505,1.347154,1.407489
0.142857,0.392001,0.387696,1.330273,1.489784
0.190476,0.399999,0.403947,1.327331,1.556194
0.142857,0.439999,0.466048,1.327331,1.629036
0.142857,0.463999,0.481718,1.327331,1.707219
0.142857,0.487999,0.497388,1.330482,1.772607
0.142857,0.511999,0.513059,1.355738,1.852413
0.190476,0.536002,0.529309,1.389593,1.925917
0.190476,0.560001,0.607661,1.426,1.977
0.190476,0.528001,0.529309,1.46345,2.012
0.206349,0.525334,0.529503,1.516791,2.048398
0.222222,0.522667,0.529696,1.571545,2.080006
0.238095,0.52,0.52989,1.626662,2.100591
0.333333,0.664001,0.656413,1.687887,2.106455
0.285714,0.600001,0.608822,1.744102,2.106455
0.380952,0.640002,0.656994,1.80823,2.106455
0.333333,0.640002,0.640743,1.875302,2.099364
0.428571,0.72,0.720255,1.939933,2.076386
0.428571,0.688,0.688915,1.988623,2.057803
0.428571,0.672002,0.673244,2.020244,2.020382
0.428571,0.672002,0.704585,2.049935,1.969138
0.47619,0.736001,0.736506,2.083979,1.91306
0.428571,0.76,0.751596,2.126066,1.833926
0.52381,0.76,0.752757,2.166737,1.750504
0.571429,0.744002,0.753337,2.192214,1.675518
0.571429,0.768001,0.753337,2.210543,1.602849
0.619048,0.72,0.722577,2.229065,1.510581
0.619048,0.704001,0.706907,2.25938,1.418891
0.666667,0.704001,0.707487,2.291353,1.338109
0.714286,0.688,0.708067,2.301911,1.245558
0.666667,0.704001,0.691817,2.301911,1.163107
0.666667,0.688,0.691817,2.301911,1.090125
0.571429,0.664001,0.674985,2.300434,1.011474
0.642857,0.66,0.675856,2.282523,0.945349
0.714286,0.656,0.676727,2.25545,0.898034
0.666667,0.664001,0.676146,2.217534,0.862986
0.619048,0.640002,0.644225,2.173,0.836
0.666667,0.632001,0.644806,2.112682,0.799845
0.619048,0.568002,0.581544,2.052359,0.768727
0.666667,0.592001,0.582124,1.964875,0.740352
0.666667,0.552,0.550784,1.876571,0.724086
0.619048,0.536002,0.550203,1.814534,0.71333
0.52381,0.511999,0.517702,1.769755,0.710697
0.571429,0.511999,0.518282,1.705784,0.710697
0.452381,0.491999,0.493326,1.634516,0.710697
0.333333,0.471999,0.468369,1.564404,0.710697
0.380952,0.399999,0.421938,1.481878,0.72152
0.380952,0.432002,0.437609,1.390953,0.74357
0.380952,0.384,0.390598,1.311929,0.769362
0.333333,0.367999,0.374347,1.24504,0.802125
0.333333,0.360001,0.374347,1.124848,0.849066
0.285714,0.352001,0.358096,1.055982,0.895802
0.285714,0.327998,0.326756,1.002373,0.956438
0.285714,0.312,0.326756,0.950125,1.03925
0.380952,0.303999,0.296576,0.900401,1.107279
0.380952,0.272,0.265235,0.859829,1.17409
0.380952,0.159999,0.155543,0.834,1.239593
0.380952,0.159999,0.171213,0.832,1.281922
0.380952,0.087998,0.092861,0.832,1.308335
0.380952,0.104,0.124202,0.832,1.3095
0.428571,0.104,0.077771,0.83697,1.3095
0.428571,0.064,0.093442,0.86673,1.3095
0.52381,0.144001,0.125943,0.915105,1.305694
0.619048,0.119998,0.142774,0.971308,1.293392
0.571429,0.151998,0.157864,1.042068,1.282046
0.666667,0.163999,0.174695,1.119184,1.274431
0.761905,0.176,0.191526,1.199767,1.27077
0.714286,0.216001,0.269298,1.2895,1.27077
0.809524,0.28,0.286129,1.399662,1.27077
0.809524,0.295999,0.31747,1.492052,1.270895
0.809524,0.312,0.31747,1.566097,1.272827
0.809524,0.352001,0.364481,1.677815,1.274211
0.809524,0.344,0.34881,1.783593,1.285899
0.904762,0.407999,0.428323,1.879737,1.301358
0.857143,0.439999,0.443413,1.983986,1.319606
0.857143,0.439999,0.474753,2.063865,1.350732
0.809524,0.496001,0.489843,2.1368,1.383735
0.857143,0.448,0.459083,2.213926,1.435532
0.809524,0.48,0.489843,2.260292,1.485242
0.809524,0.52,0.521184,2.300845,1.543588
0.809524,0.52,0.521184,2.319931,1.628356
0.809524,0.575999,0.583865,2.319931,1.688989
0.761905,0.560001,0.567615,2.319931,1.7786
0.714286,0.543999,0.551364,2.319931,1.858249
0.809524,0.616,0.615206,2.292329,1.951942
0.809524,0.608002,0.615206,2.239417,2.032936
0.761905,0.613335,0.619849,2.178458,2.105292
0.714286,0.618668,0.624492,2.112412,2.163632
0.666667,0.624,0.629135,2.031543,2.212827
0.714286,0.616,0.614045,1.94575,2.250875
0.714286,0.600001,0.614045,1.85725,2.279125
0.666667,0.584,0.597795,1.785849,2.307333
0.571429,0.640002,0.643645,1.703706,2.325851
0.619048,0.664001,0.691236,1.61575,2.335094
0.52381,0.672002,0.674405,1.524839,2.339219
0.52381,0.640002,0.658735,1.429385,2.3395
0.47619,0.656,0.673825,1.344297,2.3395
0.460317,0.656,0.663184,1.261935,2.3395
0.444444,0.656,0.652544,1.160103,2.329825
0.428571,0.656,0.641904,1.056925,2.306788
0.380952,0.664001,0.688334,0.956819,2.280379
0.47619,0.672002,0.658154,0.877786,2.244438
0.428571,0.664001,0.649739,0.816701,2.205114
0.380952,0.656,0.641323,0.767956,2.154111
0.357143,0.638,0.625363,0.729248,2.098174
0.333333,0.62,0.609402,0.706632,2.038621
0.309524,0.602,0.593442,0.691576,1.974225
0.285714,0.584,0.577481,0.682484,1.906616
0.285714,0.568002,0.561811,0.682313,1.845439
0.285714,0.560001,0.561811,0.682313,1.773599
0.214286,0.536,0.54527,0.682313,1.712781
0.142857,0.511999,0.528729,0.688594,1.653014
0.190476,0.464002,0.482298,0.714048,1.597055
0.285714,0.439999,0.452118,0.750639,1.541293
0.190476,0.407999,0.403947,0.775222,1.492736
0.238095,0.376,0.388857,0.81775,1.422437
0.285714,0.367999,0.373767,0.865327,1.350448
0.238095,0.367999,0.357516,0.913719,1.291836
0.238095,0.288001,0.279164,0.967898,1.236572
0.190476,0.248001,0.247243,1.030673,1.155339
0.190476,0.248001,0.247243,1.10306,1.068886
0.285714,0.208,0.201393,1.149885,0.984672
0.238095,0.184001,0.200813,1.222354,0.913499
0.285714,0.184001,0.201393,1.277396,0.856025
0.333333,0.184001,0.201973,1.3416,0.799834
0.428571,0.144001,0.156123,1.413262,0.754312
0.47619,0.127999,0.109692,1.487493,0.713209
0.571429,0.047998,0.079512,1.578907,0.671885
0.619048,0.047998,0.080093,1.666591,0.639198
0.52381,0.144001,0.141613,1.746059,0.626667
0.47619,0.112001,0.141033,1.814342,0.626667
0.47619,0.144001,0.156703,1.878924,0.626667
0.380952,0.191999,0.202554,1.945647,0.62725
0.285714,0.208,0.232734,1.999403,0.652766
0.357143,0.215999,0.233604,2.056545,0.699738
0.428571,0.223998,0.234475,2.105291,0.763946
0.428571,0.256001,0.265815,2.15539,0.847288
0.428571,0.320001,0.328497,2.195037,0.925033
0.428571,0.335999,0.328497,2.229163,1.00615
0.47619,0.367999,0.391759,2.258395,1.096106
0.428571,0.448,0.438189,2.272754,1.168063
0.428571,0.416,0.422519,2.302599,1.248623
0.52381,0.503999,0.43935,2.336,1.33225
0.428571,0.48,0.4852,2.340847,1.408063
0.52381,0.496001,0.502031,2.341326,1.482542
0.47619,0.548001,0.548462,2.341326,1.566951
0.428571,0.600001,0.594893,2.341326,1.650203
0.428571,0.575999,0.579222,2.34069,1.712731
0.428571,0.584,0.594893,2.334997,1.780933
0.52381,0.616,0.658735,2.30765,1.858997
0.5,0.62,0.642774,2.248475,1.930388
0.47619,0.624,0.626814,2.198125,2.008488
0.428571,0.575999,0.579222,2.153281,2.076827
0.428571,0.584,0.579222,2.104932,2.131526
0.428571,0.560001,0.563552,2.072496,2.158761
0.47619,0.543999,0.548462,2.032957,2.178028
0.380952,0.528001,0.547301,1.996875,2.182
0.428571,0.52,0.524376,1.971375,2.182
0.47619,0.511999,0.501451,1.949014,2.182
0.47619,0.399999,0.407429,1.936695,2.171875
0.571429,0.360001,0.361579,1.921925,2.109927
0.52381,0.367999,0.360998,1.905058,2.04066
0.571429,0.335999,0.298897,1.880837,1.962901
0.52381,0.327998,0.329658,1.856313,1.885122
0.619048,0.288001,0.299478,1.839937,1.819312
0.666667,0.28,0.284388,1.818673,1.739614
0.714286,0.28,0.284968,1.798592,1.645932
0.761905,0.28,0.285548,1.771325,1.547659
0.809524,0.231999,0.254788,1.746862,1.459992
0.809524,0.231999,0.239118,1.720223,1.370025
0.857143,0.256001,0.271039,1.694664,1.28569
0.809524,0.312,0.33314,1.671504,1.209573
0.857143,0.28,0.286709,1.642156,1.126184
0.857143,0.352001,0.365061,1.61075,1.063375
0.809524,0.376,0.380151,1.580958,1.020528
0.857143,0.392001,0.412072,1.558799,0.990625
0.857143,0.424001,0.427742,1.540417,0.9895
0.904762,0.416,0.428323,1.535206,0.9895
0.904762,0.52,0.522345,1.535206,0.9895
0.857143,0.496001,0.506094,1.535206,1.006772
0.809524,0.503999,0.505514,1.535331,1.061115
0.809524,0.488001,0.505514,1.536566,1.118375
0.761905,0.511999,0.520604,1.53729,1.185335
0.761905,0.568002,0.583285,1.539292,1.212611
0.761905,0.600001,0.598955,1.541283,1.277847
0.809524,0.647999,0.646547,1.54825,1.359
0.761905,0.647999,0.661637,1.553948,1.461517
0.714286,0.712002,0.661056,1.554198,1.556713
0.714286,0.664001,0.676727,1.554198,1.657125
0.666667,0.736001,0.723157,1.554198,1.735127
0.666667,0.696001,0.707487,1.550884,1.819051
0.571429,0.751999,0.769008,1.54478,1.944418
0.571429,0.784002,0.784678,1.52838,2.063353
0.619048,0.768001,0.785258,1.497109,2.145802
0.666667,0.76,0.754498,1.460241,2.216169
0.666667,0.751999,0.770168,1.412102,2.280441
0.666667,0.76,0.754498,1.3585,2.329625
0.666667,0.728,0.738828,1.299616,2.36151
0.619048,0.728,0.738247,1.239309,2.37471
0.714286,0.704001,0.708067,1.18207,2.37471
0.714286,0.664001,0.676727,1.125794,2.37471
0.619048,0.647999,0.659896,1.040251,2.368839
0.571429,0.632001,0.643645,0.974236,2.338096
0.690476,0.632001,0.637261,0.910066,2.29209
0.809524,0.632001,0.630876,0.853054,2.248268
0.809524,0.511999,0.552525,0.807827,2.196647
0.666667,0.496,0.519443,0.76485,2.134617
0.52381,0.48,0.486361,0.726266,2.066573
0.52381,0.464002,0.470691,0.685202,1.986404
0.428571,0.464002,0.45386,0.651316,1.902473
0.380952,0.432002,0.453279,0.623534,1.809015
0.47619,0.416,0.423099,0.606758,1.726446
0.428571,0.384,0.391178,0.593875,1.637125
0.333333,0.344,0.358677,0.59125,1.544702
0.380952,0.335999,0.359257,0.59125,1.458056
0.333333,0.324,0.343006,0.59125,1.360198
0.285714,0.312,0.326756,0.592496,1.259674
0.285714,0.288001,0.295415,0.605986,1.161875
0.301587,0.266667,0.264268,0.626821,1.071951
0.31746,0.245333,0.233121,0.646734,1.005187
0.333333,0.223998,0.201973,0.666161,0.957433
0.428571,0.231999,0.218804,0.680853,0.9395
0.333333,0.263999,0.280325,0.704736,0.938
0.333333,0.248001,0.248984,0.736796,0.938
0.333333,0.248001,0.264655,0.77125,0.938
0.238095,0.344,0.357516,0.813333,0.946333
0.309524,0.344,0.334881,0.871202,0.975451
0.380952,0.344,0.312246,0.941488,1.008241
0.47619,0.320001,0.329077,1.005993,1.03755
0.47619,0.320001,0.329077,1.086018,1.073399
0.428571,0.376,0.391178,1.169044,1.106998
0.380952,0.432002,0.453279,1.252125,1.142125
0.47619,0.416,0.407429,1.353766,1.168055
0.47619,0.48,0.47011,1.460968,1.207775
0.428571,0.524001,0.516541,1.565302,1.255771
0.380952,0.568002,0.562972,1.649672,1.318262
0.285714,0.552,0.577481,1.729487,1.380062
0.333333,0.584,0.656413,1.7895,1.418314
0.428571,0.608002,0.610563,1.853671,1.44806
0.428571,0.624,0.641904,1.910951,1.478157
0.47619,0.640002,0.626814,1.953228,1.507623
0.404762,0.688002,0.688624,1.997334,1.550436
0.333333,0.736001,0.750435,2.018949,1.594096
0.404762,0.736001,0.735636,2.038339,1.625876
0.47619,0.736001,0.720836,2.050555,1.647411
0.47619,0.784002,0.720836,2.073302,1.684256
0.52381,0.784002,0.768427,2.087234,1.725596
0.52381,0.751999,0.752757,2.10851,1.763568
0.571429,0.72,0.737667,2.11426,1.765
0.571429,0.712002,0.721997,2.11426,1.765
0.619048,0.696001,0.706907,2.11426,1.765
0.571429,0.751999,0.737667,2.113198,1.757825
0.619048,0.736001,0.738247,2.097948,1.727481
0.571429,0.688,0.737667,2.07025,1.69325
0.642857,0.672,0.699362,2.031527,1.644793
0.714286,0.656,0.661056,1.992365,1.589817
0.714286,0.664001,0.661056,1.955315,1.53312
0.809524,0.664001,0.662217,1.920492,1.477052
0.761905,0.640002,0.645966,1.881649,1.413599
0.714286,0.616,0.629716,1.844072,1.346063
0.809524,0.624,0.615206,1.809572,1.274896
0.809524,0.536002,0.568195,1.778875,1.20425
0.761905,0.568002,0.567615,1.741833,1.143833
0.761905,0.488001,0.489263,1.702619,1.084631
0.809524,0.511999,0.521184,1.65085,1.01279
0.857143,0.496001,0.521764,1.601681,0.95121
0.857143,0.511999,0.506094,1.546194,0.890527
0.857143,0.496001,0.506094,1.488675,0.839386
0.857143,0.488001,0.506094,1.440004,0.796877
0.857143,0.488001,0.506094,1.382125,0.7555
0.809524,0.52,0.536854,1.328875,0.730375
0.761905,0.552,0.551944,1.286953,0.728
0.761905,0.552,0.567615,1.247478,0.728
0.809524,0.536002,0.536854,1.20271,0.728
0.809524,0.464002,0.474173,1.157323,0.731685
0.714286,0.448,0.457342,1.114628,0.754245
0.761905,0.439999,0.457922,1.063477,0.800093
0.714286,0.464002,0.473012,1.015667,0.888893
0.666667,0.52,0.535113,0.981663,0.958865
0.619048,0.560001,0.612885,0.939781,1.032855
0.619048,0.592001,0.581544,0.899731,1.105609
0.595238,0.604,0.596924,0.864879,1.189913
0.571429,0.616,0.612304,0.832618,1.283292
0.52381,0.664001,0.658735,0.81116,1.351696
0.47619,0.688,0.689495,0.795046,1.436268
0.47619,0.672002,0.673825,0.782212,1.49615
0.428571,0.704001,0.735926,0.774945,1.566378
0.47619,0.736001,0.736506,0.774427,1.65594
0.52381,0.696001,0.705746,0.774427,1.730988
0.428571,0.736001,0.735926,0.774427,1.812823
0.47619,0.751999,0.752176,0.77772,1.886223
0.380952,0.72,0.735345,0.789152,1.944523
0.333333,0.728,0.719095,0.802916,1.99673
0.428571,0.688,0.720255,0.81925,2.02
0.333333,0.684001,0.695589,0.833662,2.02
0.238095,0.680002,0.670923,0.837981,2.02
0.285714,0.672002,0.671503,0.838823,2.019522
0.238095,0.624,0.623912,0.84019,1.994698
0.238095,0.616,0.608241,0.842572,1.956126
0.238095,0.560001,0.576901,0.8455,1.9105
0.190476,0.552,0.56065,0.858218,1.850032
0.285714,0.543999,0.54614,0.875391,1.790321
0.285714,0.464002,0.483459,0.89255,1.725004
0.238095,0.456001,0.467208,0.911529,1.661378
0.214286,0.436,0.451248,0.934854,1.588964
0.190476,0.416,0.435287,0.956271,1.534919
0.238095,0.368001,0.381021,0.982406,1.50112
0.285714,0.320001,0.326756,1.004166,1.46929
0.285714,0.320001,0.326756,1.0216,1.438834
0.190476,0.288001,0.294254,1.039688,1.378005
0.190476,0.256001,0.247243,1.062,1.28175
0.261905,0.212001,0.216773,1.08424,1.200765
0.333333,0.168,0.186303,1.112327,1.112552
0.380952,0.159999,0.124202,1.150259,1.014028
0.380952,0.112001,0.139872,1.188333,0.93875
0.428571,0.136,0.140453,1.232659,0.752826
0.380952,0.176,0.186883,1.278424,0.62896
0.47619,0.16,0.172374,1.326217,0.587774
0.571429,0.144001,0.157864,1.388067,0.559371
0.666667,0.216001,0.206036,1.458868,0.536305
0.666667,0.184001,0.206036,1.531037,0.527
0.619048,0.223998,0.221126,1.610729,0.527
0.619048,0.216001,0.236796,1.725468,0.527
0.571429,0.223998,0.251886,1.817728,0.52997
0.52381,0.288001,0.298317,1.890515,0.55325
0.52381,0.272,0.298317,1.95991,0.582415
0.47619,0.303999,0.344748,2.027999,0.621826
0.52381,0.320001,0.313987,2.09726,0.686909
0.52381,0.376,0.376669,2.269739,0.767651
0.52381,0.424001,0.43935,2.440442,0.855258
0.47619,0.503999,0.501451,2.490625,0.963
0.47619,0.511999,0.501451,2.51937,1.069948
0.428571,0.511999,0.516541,2.548363,1.162743
0.428571,0.575999,0.563552,2.561283,1.264536
0.428571,0.624,0.610563,2.561283,1.348777
0.428571,0.608002,0.594893,2.561283,1.422096
0.52381,0.640002,0.658735,2.552838,1.494219
0.52381,0.688,0.690075,2.431181,1.576068
0.52381,0.704001,0.690075,2.342861,1.65552
0.571429,0.792,0.784678,2.335937,1.745377
0.571429,0.784002,0.784678,2.32259,1.818535
0.571429,0.768001,0.769008,2.264003,1.881204
0.571429,0.76,0.753337,2.218855,1.92703
0.52381,0.76,0.784098,2.1858,1.977536
0.571429,0.768001,0.769008,2.13192,2.036555
0.571429,0.736001,0.737667,2.064875,2.08975
0.666667,0.76,0.754498,1.995,2.114968
0.666667,0.736001,0.723157,1.930771,2.119707
0.666667,0.704001,0.707487,1.866005,2.119707
0.571429,0.72,0.721997,1.812868,2.119707
0.666667,0.704,0.699652,1.776766,2.118446
0.761905,0.688,0.677307,1.749539,2.099095
0.714286,0.672002,0.676727,1.732375,2.07075
0.714286,0.624,0.614045,1.715195,2.005967
0.761905,0.616,0.630296,1.700114,1.91646
0.761905,0.568002,0.583285,1.684073,1.829233
0.714286,0.584,0.582705,1.667425,1.736676
0.809524,0.575999,0.568195,1.648183,1.627207
0.809524,0.528001,0.536854,1.62282,1.518795
0.809524,0.528001,0.536854,1.59381,1.413508
0.857143,0.503999,0.506094,1.552875,1.30075
0.857143,0.48,0.506094,1.50175,1.212663
0.857143,0.439999,0.459083,1.454363,1.142737
0.809524,0.432002,0.442832,1.39701,1.051939
0.857143,0.399999,0.427742,1.338633,0.981071
0.761905,0.432002,0.442252,1.269758,0.917607
0.761905,0.439999,0.442252,1.206886,0.875201
0.761905,0.488001,0.489263,1.139098,0.852875
0.714286,0.543999,0.535694,1.076398,0.851
0.714286,0.448,0.457342,1.03871,0.851
0.666667,0.48,0.488102,1.007532,0.851
0.666667,0.471999,0.472432,0.97101,0.855141
0.619048,0.464002,0.471851,0.936492,0.881451
0.619048,0.48,0.487522,0.894976,0.924533
0.571429,0.528001,0.533952,0.860714,0.977112
0.547619,0.560001,0.557168,0.830891,1.047213
0.52381,0.592001,0.580383,0.8035,1.13125
0.47619,0.640002,0.642484,0.7795,1.216625
0.47619,0.624,0.673825,0.746327,1.299403
0.428571,0.632001,0.594893,0.729024,1.384965
0.380952,0.656,0.656994,0.715121,1.473198
0.428571,0.568002,0.579222,0.712,1.569008
0.380952,0.575999,0.594312,0.712,1.64893
0.380952,0.584,0.594312,0.712,1.729194
0.285714,0.608002,0.624492,0.714728,1.797873
0.285714,0.640002,0.640163,0.730761,1.853111
0.285714,0.600001,0.593151,0.7501,1.892037
0.238095,0.592001,0.592571,0.779559,1.930459
0.285714,0.584,0.593151,0.806233,1.958273
0.333333,0.543999,0.546721,0.84932,1.9635
0.285714,0.528001,0.53047,0.89175,1.9635
0.238095,0.511999,0.498549,0.930375,1.9635
0.190476,0.439999,0.450958,0.962804,1.96196
0.190476,0.416,0.419617,0.986962,1.941928
0.190476,0.399999,0.403947,1.005153,1.909904
0.238095,0.335999,0.341846,1.022758,1.869885
0.238095,0.303999,0.310505,1.04573,1.816356
0.190476,0.303999,0.294254,1.069648,1.757713
0.309524,0.256,0.256529,1.092218,1.679891
0.428571,0.208,0.218804,1.11775,1.6015
0.380952,0.144001,0.171213,1.142583,1.523944
0.333333,0.176,0.170633,1.176211,1.432899
0.380952,0.159999,0.171213,1.216,1.334875
0.380952,0.144001,0.139872,1.253381,1.247316
0.428571,0.159999,0.171793,1.303563,1.148325
0.380952,0.176,0.202554,1.352,1.063625
0.428571,0.208,0.203134,1.408635,0.980528
0.428571,0.208,0.218804,1.462,0.9185
0.47619,0.208,0.235055,1.51966,0.863719
0.47619,0.272,0.297737,1.598309,0.807224
0.52381,0.24,0.266976,1.676651,0.764586
0.52381,0.288001,0.298317,1.75279,0.745609
0.571429,0.272,0.298897,1.838853,0.745145
0.571429,0.367999,0.377249,1.90625,0.745145
0.571429,0.352001,0.377249,1.970873,0.745145
0.619048,0.407999,0.3935,2.023909,0.757085
0.52381,0.464002,0.45502,2.066545,0.797666
0.52381,0.496001,0.486361,2.100378,0.854624
0.52381,0.48,0.502031,2.134758,0.932912
0.47619,0.528001,0.548462,2.164186,1.016327
0.52381,0.560001,0.580383,2.175673,1.116313
0.47619,0.592001,0.642484,2.176843,1.231489
0.47619,0.672002,0.673825,2.178,1.342541
0.428571,0.624,0.720255,2.178,1.439678
0.47619,0.688,0.705165,2.177704,1.549935
0.52381,0.688,0.690075,2.17336,1.651165
0.52381,0.72,0.705746,2.168941,1.738011
0.52381,0.72,0.721416,2.150956,1.825623
0.571429,0.672002,0.659315,2.135951,1.892909
0.571429,0.656,0.674985,2.134223,1.935817
0.619048,0.696001,0.706907,2.132669,1.959875
0.619048,0.696001,0.706907,2.131148,1.988424
0.571429,0.704001,0.706326,2.128258,1.995565
0.619048,0.696001,0.706907,2.110821,1.995565
0.666667,0.688,0.691817,2.079046,1.995565
0.666667,0.680002,0.691817,2.036519,1.990145
0.714286,0.656,0.661056,1.98471,1.965804
0.809524,0.632001,0.630876,1.912053,1.945315
0.809524,0.656,0.662217,1.844643,1.932237
0.809524,0.647999,0.646547,1.760586,1.888656
0.761905,0.640002,0.661637,1.69475,1.826
0.761905,0.600001,0.598955,1.618718,1.777806
0.761905,0.543999,0.551944,1.558137,1.72625
0.809524,0.560001,0.568195,1.508486,1.654989
0.809524,0.543999,0.552525,1.46993,1.603004
0.857143,0.488001,0.506094,1.423625,1.523589
0.833333,0.464,0.482298,1.402875,1.4705
0.809524,0.439999,0.458503,1.372246,1.378715
0.857143,0.456001,0.459083,1.343322,1.288138
0.857143,0.416,0.427742,1.311066,1.201661
0.857143,0.407999,0.412072,1.273625,1.11925
0.857143,0.327998,0.349391,1.23325,1.04625
0.809524,0.303999,0.31747,1.194951,0.992261
0.761905,0.272,0.285548,1.166135,0.95777
0.809524,0.223998,0.239118,1.145698,0.9535
0.761905,0.24,0.238537,1.121279,0.9535
0.666667,0.208,0.221706,1.096683,0.9535
0.761905,0.159999,0.160186,1.067631,0.959983
0.642857,0.168,0.18224,1.034809,0.996152
0.52381,0.176,0.204295,1.00212,1.050051
0.47619,0.159999,0.188044,0.974957,1.107327
0.47619,0.168,0.172374,0.93574,1.174842
0.404762,0.179999,0.195009,0.892333,1.245542
0.333333,0.191999,0.217644,0.857375,1.301875
0.238095,0.231999,0.263494,0.810555,1.383944
0.333333,0.272,0.280325,0.775386,1.460391
0.345238,0.272,0.276553,0.749125,1.53775
0.357143,0.272,0.27278,0.7455,1.603746
0.369048,0.272,0.269008,0.7455,1.664041
0.380952,0.272,0.265235,0.7455,1.721234
0.47619,0.256001,0.266396,0.753564,1.774548
0.47619,0.256001,0.266396,0.778334,1.825095
0.428571,0.303999,0.312826,0.811961,1.875027
0.47619,0.335999,0.344748,0.869289,1.931672
0.52381,0.367999,0.376669,1.042277,1.990739
0.619048,0.367999,0.3935,1.181396,2.031543
0.571429,0.352001,0.377249,1.262064,2.072818
0.571429,0.416,0.42426,1.318153,2.107464
0.666667,0.448,0.456761,1.372672,2.133496
0.666667,0.448,0.456761,1.434339,2.1425
0.666667,0.511999,0.519443,1.488185,2.1425
0.666667,0.528001,0.519443,1.524643,2.1425
0.619048,0.592001,0.597214,1.557623,2.1425
0.666667,0.632001,0.613465,1.58625,2.131286
0.571429,0.688,0.690656,1.607969,2.101404
0.571429,0.672002,0.674985,1.673602,2.05686
0.666667,0.728,0.738828,1.75895,2.019881
0.619048,0.72,0.722577,1.830246,2.000762
0.619048,0.736,0.733024,1.893973,1.973102
0.619048,0.752,0.743471,1.95115,1.928223
0.619048,0.768001,0.753918,2.006117,1.875209
0.571429,0.800001,0.784678,2.045752,1.819941
0.571429,0.76,0.753337,2.05125,1.777127
0.52381,0.768001,0.799768,2.05125,1.758172
0.571429,0.800001,0.784678,2.05125,1.735989
0.52381,0.751999,0.752757,2.04639,1.719121
0.47619,0.72,0.720836,2.033125,1.706125
0.428571,0.72,0.720255,2.011902,1.69511
0.47619,0.656,0.658154,1.969741,1.684836
0.47619,0.672002,0.673825,1.917614,1.682051
0.47619,0.688,0.689495,1.841603,1.681143
0.47619,0.672002,0.642484,1.764834,1.678554
0.333333,0.676002,0.656413,1.675117,1.676822
0.190476,0.680002,0.670342,1.587704,1.675151
0.190476,0.642669,0.639002,1.501,1.6645
0.190476,0.605335,0.607661,1.41842,1.648814
0.190476,0.568002,0.57632,1.329111,1.623749
0.190476,0.568002,0.57632,1.249528,1.613508
0.285714,0.543999,0.54614,1.179619,1.613508
0.285714,0.488001,0.5148,1.114496,1.609131
0.285714,0.48,0.5148,1.044567,1.587167
0.190476,0.456001,0.450958,0.991529,1.566137
0.095238,0.432002,0.387115,0.931347,1.542279
0.142857,0.384,0.36419,0.876012,1.536
0.190476,0.335999,0.341265,0.839894,1.493947
0.285714,0.344,0.358096,0.821,1.423166
0.190476,0.256001,0.262914,0.821,1.356319
0.238095,0.220001,0.232153,0.821,1.294995
0.285714,0.184001,0.201393,0.821,1.137633
0.190476,0.168,0.184562,0.843621,0.85199
0.238095,0.163999,0.177307,0.891005,0.786061
0.285714,0.159999,0.170052,0.959931,0.711932
0.357143,0.119998,0.131747,1.030936,0.665307
0.428571,0.079998,0.093442,1.12396,0.633129
0.47619,0.095999,0.094022,1.213811,0.610705
0.428571,0.119998,0.124782,1.276716,0.598017
0.5,0.095999,0.109983,1.371519,0.590134
0.571429,0.072,0.095183,1.4675,0.588
0.547619,0.084,0.110563,1.560009,0.588
0.52381,0.095999,0.125943,1.654356,0.588
0.47619,0.127999,0.141033,1.734142,0.588
0.47619,0.112001,0.141033,1.826223,0.597552
0.404762,0.156,0.171503,1.909288,0.61631
0.333333,0.199999,0.201973,1.984572,0.647436
0.238095,0.295999,0.294835,2.054349,0.688636
0.333333,0.295999,0.280325,2.116325,0.741675
0.333333,0.28,0.311666,2.164,0.828
0.380952,0.376,0.359257,2.195392,0.910826
0.333333,0.399999,0.405688,2.223987,1.01953
0.285714,0.384,0.389437,2.246843,1.109581
0.190476,0.448,0.450958,2.268272,1.191486
0.285714,0.432002,0.452118,2.272976,1.285483
0.238095,0.528001,0.52989,2.279929,1.384071
0.285714,0.540001,0.54614,2.285002,1.472522
0.333333,0.552,0.562391,2.290468,1.557044
0.285714,0.624,0.624492,2.294129,1.644717
0.333333,0.608002,0.609402,2.294129,1.720323
0.238095,0.632001,0.686593,2.294129,1.782417
0.333333,0.66,0.687754,2.294097,1.863854
0.428571,0.688,0.688915,2.294,1.932113
0.47619,0.728,0.705165,2.27675,1.98975
0.47619,0.696001,0.689495,2.243609,2.051717
0.47619,0.768001,0.767847,2.215708,2.096083
0.571429,0.736001,0.737667,2.170063,2.144359
0.52381,0.800001,0.799768,2.136692,2.169767
0.52381,0.800001,0.799768,2.108198,2.187117
0.571429,0.800001,0.800348,2.085125,2.188367
0.619048,0.792,0.800929,2.063688,2.188367
0.619048,0.736001,0.753918,2.055515,2.188367
0.571429,0.768001,0.753337,2.051291,2.160331
0.619048,0.752001,0.738247,2.050085,2.129591
0.666667,0.736001,0.723157,2.048832,2.061342
0.666667,0.728,0.723157,2.047487,1.976213
0.666667,0.704001,0.707487,2.041979,1.897886
0.714286,0.688,0.692397,2.021815,1.791015
0.761905,0.656,0.661637,2.016558,1.696973
0.761905,0.632001,0.630296,2.011313,1.603404
0.761905,0.664001,0.661637,2.000418,1.508687
0.809524,0.600001,0.599536,1.986971,1.422066
0.809524,0.575999,0.599536,1.968547,1.343297
0.809524,0.568002,0.583865,1.940197,1.266769
0.809524,0.616,0.630876,1.911737,1.198061
0.857143,0.608002,0.615786,1.875602,1.132827
0.904762,0.600001,0.600696,1.827448,1.047384
0.809524,0.608002,0.615206,1.781746,0.991785
0.809524,0.575999,0.568195,1.704371,0.917782
0.809524,0.592001,0.599536,1.630124,0.861874
0.761905,0.543999,0.567615,1.561527,0.820562
0.714286,0.560001,0.567034,1.490708,0.783
0.714286,0.560001,0.551364,1.406349,0.757
0.714286,0.560001,0.567034,1.322126,0.754
0.666667,0.584,0.582124,1.232877,0.754
0.666667,0.584,0.582124,1.139453,0.754
0.666667,0.680002,0.676146,1.064731,0.757442
0.666667,0.600001,0.613465,1.006514,0.782041
0.603175,0.629334,0.612691,0.95393,0.814305
0.539683,0.658667,0.611917,0.902717,0.854027
0.47619,0.688,0.611143,0.857333,0.907894
0.47619,0.685334,0.637261,0.825439,0.95593
0.47619,0.682668,0.663378,0.795323,1.020361
0.47619,0.680002,0.689495,0.773094,1.092579
0.380952,0.680002,0.688334,0.753335,1.176947
0.380952,0.656,0.672664,0.73261,1.27047
0.333333,0.712002,0.703424,0.71383,1.359604
0.428571,0.640002,0.641904,0.694672,1.457105
0.428571,0.656,0.626233,0.688,1.55206
0.380952,0.664001,0.609983,0.688,1.640781
0.333333,0.672002,0.593732,0.688,1.719379
0.285714,0.600001,0.608822,0.688417,1.773398
0.333333,0.600001,0.609402,0.689008,1.818575
0.333333,0.575999,0.593732,0.690908,1.823872
0.333333,0.568002,0.578062,0.696426,1.823872
0.285714,0.48,0.483459,0.70324,1.823872
0.238095,0.464002,0.467208,0.697662,1.822609
0.142857,0.48,0.481718,0.696185,1.794047
0.238095,0.399999,0.404527,0.702011,1.768663
0.238095,0.376,0.279164,0.711905,1.726086
0.190476,0.367999,0.341265,0.722689,1.694448
0.285714,0.303999,0.311085,0.734737,1.669055
0.190476,0.288001,0.309925,0.764222,1.643585
0.142857,0.272,0.293674,0.801457,1.618463
0.238095,0.272,0.263494,0.845752,1.594961
0.285714,0.216001,0.185723,0.8814,1.577625
0.190476,0.159999,0.168891,0.909374,1.530609
0.285714,0.147999,0.154382,0.951243,1.448661
0.380952,0.136,0.139872,1.005621,1.354428
0.380952,0.112001,0.124202,1.068177,1.265565
0.428571,0.095999,0.109112,1.13319,1.186943
0.547619,0.116,0.134068,1.214449,1.101214
0.666667,0.136,0.159025,1.293712,0.8928
0.619048,0.136,0.150609,1.392019,0.816858
0.571429,0.136,0.142194,1.481968,0.756323
0.595238,0.162,0.169907,1.559206,0.732523
0.619048,0.188,0.19762,1.641959,0.728391
0.642857,0.214,0.225334,1.7275,0.728391
0.666667,0.24,0.253047,1.806814,0.728391
0.714286,0.223998,0.222287,1.890404,0.729805
0.666667,0.22,0.229541,1.968726,0.748677
0.619048,0.216001,0.236796,2.023532,0.771417
0.619048,0.24,0.252467,2.075269,0.806331
0.619048,0.223998,0.236796,2.119739,0.849231
0.571429,0.28,0.298897,2.155575,0.911942
0.619048,0.303999,0.346489,2.187758,0.989891
0.619048,0.367999,0.362159,2.225875,1.07225
0.571429,0.367999,0.361579,2.251946,1.153712
0.52381,0.432002,0.376669,2.295805,1.247884
0.52381,0.392001,0.392339,2.313844,1.323852
0.52381,0.464002,0.45502,2.335176,1.413506
0.52381,0.536002,0.45502,2.353989,1.498682
0.428571,0.528001,0.547882,2.362795,1.584904
0.52381,0.608002,0.611724,2.363024,1.656761
0.47619,0.608002,0.595473,2.363024,1.715351
0.52381,0.624,0.627394,2.363024,1.798125
0.47619,0.624,0.642484,2.323597,1.871083
0.428571,0.688,0.688915,2.270571,1.962822
0.52381,0.712002,0.705746,2.232377,2.037219
0.571429,0.717335,0.71155,2.1786,2.104671
0.619048,0.722668,0.717353,2.114701,2.145688
0.666667,0.728,0.723157,2.05162,2.19553
0.642857,0.73,0.726785,1.967875,2.242063
0.619048,0.732001,0.730412,1.889809,2.28105
0.595238,0.734001,0.734039,1.803562,2.311787
0.571429,0.736001,0.737667,1.755304,2.321436
0.619048,0.76,0.753918,1.700154,2.322167
0.666667,0.751999,0.754498,1.658875,2.322167
0.666667,0.76,0.754498,1.623936,2.321215
0.666667,0.728,0.723157,1.606296,2.31004
0.666667,0.712002,0.707487,1.589267,2.270916
0.714286,0.680002,0.645386,1.577572,2.215378
0.809524,0.696001,0.709228,1.570996,2.140038
0.857143,0.696001,0.75682,1.559961,2.058777
0.761905,0.656,0.645966,1.546875,1.98825
0.761905,0.624,0.630296,1.527667,1.887542
0.809524,0.632001,0.646547,1.511448,1.79787
0.809524,0.792,0.583865,1.499126,1.69269
0.761905,0.616,0.630296,1.489941,1.606293
0.809524,0.632001,0.646547,1.47448,1.500607
0.761905,0.632001,0.630296,1.458033,1.403466
0.761905,0.632001,0.630296,1.44052,1.317574
0.761905,0.608002,0.598955,1.413887,1.232817
0.761905,0.560001,0.567615,1.382402,1.151668
0.761905,0.552,0.551944,1.354201,1.075192
0.761905,0.543999,0.567615,1.319033,0.995083
0.761905,0.528001,0.536274,1.278916,0.926428
0.714286,0.528001,0.551364,1.242796,0.884469
0.761905,0.543999,0.536274,1.203095,0.851152
0.666667,0.536002,0.550784,1.1685,0.837
0.571429,0.560001,0.565293,1.13294,0.837
0.52381,0.528001,0.549042,1.094642,0.837
0.571429,0.560001,0.549623,1.058094,0.8375
0.571429,0.560001,0.549623,1.011128,0.851465
0.52381,0.543999,0.549042,0.966392,0.89206
0.47619,0.543999,0.532792,0.922036,0.930457
0.47619,0.52,0.517121,0.88196,0.977612
0.380952,0.536002,0.547301,0.841133,1.038431
0.47619,0.496001,0.501451,0.798625,1.115
0.452381,0.488001,0.489408,0.768806,1.178591
0.428571,0.480001,0.477365,0.739947,1.257504
0.404762,0.472002,0.465322,0.719561,1.325341
0.380952,0.464002,0.453279,0.700725,1.391618
0.333333,0.407999,0.421358,0.688374,1.465358
0.238095,0.407999,0.404527,0.686478,1.521897
0.285714,0.367999,0.358096,0.686478,1.559132
0.190476,0.327998,0.356936,0.686478,1.590364
0.238095,0.303999,0.310505,0.718712,1.598457
0.238095,0.303999,0.294835,0.763744,1.598457
0.238095,0.256001,0.247824,0.785834,1.598457
0.238095,0.248001,0.263494,0.809318,1.598457
0.142857,0.184001,0.199652,0.838777,1.588684
0.190476,0.176,0.184562,0.875025,1.578727
0.261905,0.144001,0.154092,0.915729,1.573006
0.333333,0.112001,0.123622,0.951148,1.564744
0.238095,0.079998,0.10679,0.9762,1.54894
0.380952,0.063998,0.077191,0.997197,1.526767
0.52381,0.047998,0.047591,1.013969,1.497517
0.52381,0.040001,0.063262,1.055277,1.458723
0.619048,0.112001,0.142774,1.109961,1.407714
0.714286,0.087998,0.112594,1.164029,1.358962
0.714286,0.119998,0.143935,1.225748,1.29916
0.761905,0.144001,0.175856,1.291204,1.246832
0.809524,0.184001,0.192107,1.363074,1.204613
0.793651,0.232,0.244148,1.438339,1.169564
0.777778,0.279999,0.296189,1.521065,1.14102
0.761905,0.327998,0.34823,1.61395,1.121419
0.761905,0.367999,0.379571,1.709051,1.1195
0.809524,0.376,0.380151,1.807146,1.1195
0.809524,0.384,0.411492,1.891442,1.1195
0.857143,0.432002,0.443413,1.957053,1.126389
0.857143,0.448,0.459083,2.031815,1.147955
0.857143,0.464002,0.490424,2.100673,1.180965
0.904762,0.448,0.459663,2.15661,1.231268
0.857143,0.456001,0.459083,2.198768,1.294433
0.857143,0.424001,0.443413,2.2327,1.372996
0.857143,0.448,0.474753,2.260116,1.4497
0.952381,0.392001,0.413233,2.286217,1.523793
0.857143,0.384,0.396402,2.317178,1.604409
0.857143,0.367999,0.396402,2.327983,1.696773
0.857143,0.360001,0.380731,2.327983,1.781354
0.761905,0.367999,0.379571,2.327983,1.868307
0.809524,0.344,0.364481,2.324237,1.946747
0.857143,0.352001,0.380731,2.29125,2.023375
0.785714,0.332,0.34852,2.252585,2.092466
0.714286,0.312,0.316309,2.20403,2.153341
0.809524,0.223998,0.223447,2.141333,2.21425
0.761905,0.22,0.207197,2.09148,2.247571
0.714286,0.216001,0.190946,2.007485,2.293896
0.571429,0.248001,0.236216,1.921498,2.3319
0.428571,0.28,0.281486,1.837942,2.360708
0.380952,0.199999,0.233894,1.735083,2.396148
0.333333,0.176,0.186303,1.647037,2.440352
0.238095,0.191999,0.200813,1.552596,2.461862
0.238095,0.216001,0.216483,1.467183,2.467389
0.190476,0.208,0.215902,1.397671,2.468185
0.238095,0.244,0.216483,1.351338,2.468185
0.285714,0.28,0.217063,1.261032,2.468185
0.333333,0.288001,0.311666,1.170939,2.464296
0.238095,0.328,0.341846,1.087695,2.44357
0.142857,0.367999,0.372026,1.005532,2.392897
0.190476,0.399999,0.388276,0.936226,2.361016
0.190476,0.416,0.419617,0.886121,2.342336
0.142857,0.432002,0.419037,0.853625,2.327786
0.238095,0.448,0.451538,0.845,2.310774
0.190476,0.501334,0.503192,0.845,2.293772
0.142857,0.554668,0.554846,0.845,2.276723
0.095238,0.608002,0.6065,0.857144,2.261385
0.214286,0.644002,0.623622,0.914668,2.240564
0.333333,0.680002,0.640743,0.983406,2.209475
0.285714,0.616,0.577481,1.062083,2.174275
0.285714,0.613334,0.593151,1.143507,2.143822
0.285714,0.610668,0.608822,1.222375,2.119687
0.285714,0.608002,0.624492,1.305337,2.096479
0.333333,0.656,0.640743,1.392198,2.078387
0.380952,0.72,0.719675,1.474744,2.061415
0.380952,0.696001,0.704005,1.545585,2.047422
0.380952,0.736001,0.735345,1.615092,2.031168
0.428571,0.800001,0.767266,1.700486,2.01185
0.380952,0.784002,0.782356,1.808977,1.981838
0.47619,0.736001,0.736506,1.862627,1.955107
0.52381,0.672002,0.690075,1.926625,1.9155
0.52381,0.751999,0.768427,1.978116,1.872394
0.571429,0.688,0.706326,2.0285,1.831031
0.52381,0.76,0.737086,2.074598,1.773382
0.619048,0.784002,0.785258,2.118061,1.711141
0.571429,0.768001,0.769008,2.163816,1.645339
0.619048,0.76,0.769588,2.187604,1.590631
0.619048,0.76,0.769588,2.2151,1.507308
0.619048,0.72,0.738247,2.24078,1.414542
0.666667,0.696001,0.707487,2.248905,1.331905
0.666667,0.704001,0.691817,2.249,1.25239
0.714286,0.72,0.708067,2.249,1.183439
0.761905,0.704001,0.692977,2.249,1.11191
0.666667,0.728,0.738828,2.23765,1.045098
0.666667,0.72,0.707487,2.218375,0.975125
0.761905,0.72,0.724318,2.192653,0.90661
0.714286,0.72,0.723738,2.156692,0.849971
0.666667,0.72,0.723157,2.120745,0.804735
0.666667,0.712002,0.707487,2.078383,0.766621
0.666667,0.72,0.723157,2.028731,0.732252
0.619048,0.704001,0.691236,1.978586,0.708191
0.619048,0.664001,0.665119,1.910625,0.691
0.619048,0.624,0.639002,1.834307,0.688
0.619048,0.584,0.612885,1.751943,0.688
0.571429,0.604,0.620139,1.67225,0.686167
0.52381,0.624,0.627394,1.598536,0.68225
0.452381,0.608,0.610853,1.522115,0.681629
0.380952,0.592001,0.594312,1.443298,0.686397
0.333333,0.584,0.578062,1.379657,0.690844
0.285714,0.575999,0.577481,1.319625,0.695824
0.333333,0.511999,0.53105,1.25725,0.70187
0.285714,0.496,0.506965,1.185611,0.720226
0.238095,0.48,0.482879,1.133255,0.74184
0.333333,0.48,0.484039,1.061325,0.778585
0.333333,0.48,0.484039,1.010129,0.814197
0.285714,0.471999,0.483459,0.957153,0.870331
0.214286,0.459999,0.466918,0.907138,0.986802
0.142857,0.448,0.450377,0.8685,1.0315
0.238095,0.464002,0.451538,0.834275,1.06325
0.261905,0.456001,0.451828,0.800314,1.114871
0.285714,0.448,0.452118,0.785852,1.160533
0.333333,0.432002,0.421358,0.785852,1.201642
0.333333,0.471999,0.437028,0.785852,1.223
0.452381,0.475999,0.45415,0.787237,1.223
0.571429,0.48,0.471271,0.864753,1.223
0.571429,0.511999,0.502612,0.92075,1.2215
0.619048,0.528001,0.534533,0.933366,1.201429
0.666667,0.552,0.550784,0.958976,1.170423
0.619048,0.543999,0.534533,1.001008,1.129486
0.666667,0.568002,0.566454,1.053306,1.084554
0.666667,0.52,0.535113,1.108527,1.047377
0.714286,0.543999,0.551364,1.1495,1.01575
0.761905,0.543999,0.567615,1.174426,0.986
0.714286,0.52,0.535694,1.210794,0.956586
0.761905,0.543999,0.551944,1.298788,0.928848
0.809524,0.552,0.552525,1.38089,0.912352
0.809524,0.560001,0.568195,1.490552,0.9073
0.809524,0.575999,0.583865,1.581844,0.9073
0.809524,0.552,0.568195,1.695295,0.9073
0.857143,0.528001,0.553105,1.777,0.908425
0.857143,0.52,0.521764,1.861976,0.924479
0.809524,0.511999,0.536854,1.94266,0.959643
0.809524,0.52,0.521184,2.010613,1.007794
0.809524,0.511999,0.536854,2.060297,1.050576
0.857143,0.471999,0.474753,2.091691,1.087503
0.809524,0.471999,0.474173,2.092502,1.123582
0.809524,0.439999,0.458503,2.092502,1.156848
0.809524,0.424001,0.442832,2.092502,1.192068
0.857143,0.416,0.412072,2.083947,1.22085
0.857143,0.424001,0.427742,2.04738,1.245205
0.809524,0.448,0.458503,1.972549,1.278133
0.761905,0.456001,0.473593,1.902899,1.305893
0.714286,0.439999,0.457342,1.812388,1.34262
0.714286,0.432002,0.441672,1.734413,1.36849
0.619048,0.432002,0.440511,1.6625,1.392
0.666667,0.432002,0.441091,1.581495,1.406232
0.619048,0.464002,0.487522,1.478607,1.423595
0.619048,0.488001,0.503192,1.399766,1.442875
0.571429,0.552,0.549623,1.328426,1.462015
0.52381,0.584,0.611724,1.239327,1.48651
0.571429,0.608002,0.659315,1.175798,1.515512
0.52381,0.672002,0.658735,1.113337,1.55697
0.52381,0.672002,0.674405,1.059375,1.5975
0.47619,0.647999,0.673825,1.004141,1.646
0.47619,0.704001,0.705165,0.951542,1.698175
0.428571,0.704001,0.69675,0.899835,1.753268
0.380952,0.704001,0.688334,0.856425,1.801007
0.428571,0.696001,0.704585,0.818062,1.845573
0.428571,0.72,0.720255,0.79808,1.87733
0.428571,0.696001,0.688915,0.796107,1.905732
0.428571,0.704001,0.688915,0.796107,1.934006
0.452381,0.700001,0.689205,0.796107,1.956375
0.47619,0.696001,0.689495,0.814134,1.976613
0.380952,0.647999,0.656994,0.849031,1.998156
0.285714,0.656,0.655833,0.922647,2.013879
0.190476,0.647999,0.654672,1.000763,2.015
0.238095,0.688,0.686593,1.037985,2.015
0.190476,0.632001,0.686013,1.07075,2.015
0.238095,0.624,0.623912,1.094775,2.0075
0.285714,0.584,0.577481,1.107688,1.983
0.238095,0.552,0.56123,1.11674,1.953297
0.238095,0.575999,0.576901,1.125863,1.908185
0.333333,0.511999,0.49971,1.131583,1.856706
0.333333,0.48,0.468369,1.135958,1.79232
0.238095,0.407999,0.404527,1.139625,1.720374
0.238095,0.384,0.404527,1.14,1.644875
0.285714,0.367999,0.358096,1.1415,1.56375
0.380952,0.352001,0.359257,1.147961,1.488274
0.333333,0.295999,0.311666,1.153986,1.405054
0.380952,0.288001,0.296576,1.163227,1.360975
0.333333,0.256001,0.248984,1.172975,1.333512
0.369048,0.240001,0.233749,1.184308,1.30739
0.404762,0.224,0.218514,1.202471,1.260872
0.440476,0.207999,0.203279,1.237416,1.19182
0.47619,0.191999,0.188044,1.277125,1.115
0.571429,0.195999,0.19704,1.324484,1.03992
0.666667,0.199999,0.206036,1.388388,0.958635
0.714286,0.231999,0.237957,1.438503,0.911238
0.761905,0.223998,0.254208,1.500441,0.859131
0.761905,0.28,0.285548,1.561969,0.641059
0.809524,0.288001,0.301799,1.62457,0.593294
0.857143,0.288001,0.30238,1.687887,0.581181
0.857143,0.303999,0.30238,1.754614,0.580241
0.809524,0.352001,0.364481,1.809735,0.580241
0.809524,0.335999,0.34881,1.871658,0.580241
0.809524,0.392001,0.411492,1.920024,0.582664
0.761905,0.432002,0.410911,1.964663,0.591654
0.761905,0.424001,0.442252,1.993454,0.609204
0.809524,0.543999,0.568195,2.0155,0.638375
0.809524,0.543999,0.552525,2.032013,0.675641
0.809524,0.608002,0.599536,2.043167,0.739847
0.714286,0.575999,0.598375,2.049804,0.818777
0.714286,0.584,0.582705,2.060873,0.903311
0.714286,0.608002,0.629716,2.068415,0.997721
0.666667,0.672002,0.660476,2.068415,1.094419
0.666667,0.640002,0.660476,2.068415,1.196993
0.714286,0.728,0.723738,2.067643,1.303084
0.666667,0.736001,0.738828,2.060464,1.403804
0.619048,0.736001,0.769588,2.057019,1.492572
0.619048,0.824,0.832269,2.053599,1.584339
0.619048,0.816002,0.832269,2.031334,1.684147
0.619048,0.808001,0.816599,1.990859,1.780248
0.619048,0.824,0.832269,1.954964,1.874268
0.619048,0.832,0.832269,1.912007,1.945845
0.619048,0.872001,0.86361,1.850608,2.02221
0.571429,0.872001,0.8787,1.799345,2.09007
0.571429,0.872001,0.8787,1.752782,2.135192
0.619048,0.832,0.84794,1.670751,2.184387
0.666667,0.864,0.86419,1.637595,2.226697
0.666667,0.848002,0.84852,1.616205,2.262723
0.666667,0.816002,0.817179,1.531544,2.27873
0.619048,0.848002,0.832269,1.504518,2.279
0.619048,0.768001,0.816599,1.463304,2.279
0.571429,0.72,0.721997,1.388083,2.279
0.619048,0.728,0.722577,1.327932,2.265014
0.666667,0.712002,0.723157,1.269607,2.227042
0.761905,0.680002,0.692977,1.156665,2.169972
0.714286,0.664001,0.676727,1.025756,2.09341
0.714286,0.647999,0.645386,0.980696,2.006444
0.761905,0.656,0.645966,0.885459,1.918552
0.761905,0.616,0.614626,0.827823,1.836239
0.761905,0.575999,0.583285,0.798599,1.739555
0.761905,0.575999,0.567615,0.772368,1.651126
0.761905,0.536002,0.551944,0.744066,1.561282
0.857143,0.536002,0.553105,0.726585,1.460125
0.857143,0.52,0.521764,0.7125,1.358375
0.857143,0.511999,0.506094,0.704827,1.263184
0.857143,0.496001,0.506094,0.696865,1.175012
0.857143,0.471999,0.490424,0.695,1.081491
0.857143,0.471999,0.474753,0.695,1.008677
0.857143,0.456001,0.474753,0.695,0.931754
0.809524,0.464002,0.474173,0.695408,0.85511
0.809524,0.496001,0.489843,0.702325,0.792295
0.761905,0.511999,0.504933,0.711475,0.734002
0.714286,0.528001,0.535694,0.719625,0.686408
0.714286,0.511999,0.535694,0.719833,0.655894
0.714286,0.528001,0.535694,0.720767,0.653093
0.619048,0.592001,0.597214,0.724144,0.653093
0.714286,0.647999,0.661056,0.726717,0.653093
0.666667,0.652,0.668311,0.728153,0.662398
0.619048,0.656,0.675566,0.728667,0.712383
0.619048,0.656,0.659896,0.732037,0.789451
0.52381,0.644001,0.6509,0.738783,0.842943
0.428571,0.632001,0.641904,0.753305,0.912533
0.47619,0.640002,0.658154,0.767598,0.988029
0.428571,0.647999,0.657574,0.772027,1.084315
0.412698,0.653333,0.657381,0.772027,1.16918
0.396825,0.658667,0.657187,0.772027,1.267408
0.380952,0.664001,0.656994,0.76377,1.353125
0.357143,0.636002,0.633198,0.746799,1.426554
0.333333,0.608002,0.609402,0.737992,1.516686
0.285714,0.560001,0.561811,0.726241,1.603892
0.285714,0.568002,0.577481,0.723483,1.693025
0.238095,0.575999,0.576901,0.723483,1.768469
0.190476,0.552,0.56065,0.723483,1.847565
0.238095,0.511999,0.514219,0.756091,1.91876
0.222222,0.487999,0.493132,0.818679,1.966601
0.206349,0.463999,0.472045,0.837059,2.002126
0.190476,0.439999,0.450958,0.851554,2.009481
0.190476,0.432002,0.435287,0.867369,2.009481
0.142857,0.335999,0.340685,0.88435,2.009481
0.238095,0.320001,0.341846,0.894637,1.997873
0.142857,0.312,0.309344,0.903414,1.951875
0.142857,0.335999,0.325015,0.909162,1.8935
0.190476,0.367999,0.356936,0.918659,1.827
0.190476,0.360001,0.372606,0.930805,1.754613
0.142857,0.384,0.372026,0.941375,1.654622
0.238095,0.399999,0.373186,0.955722,1.559504
0.261905,0.403999,0.385229,0.982072,1.461575
0.285714,0.407999,0.397272,1.016317,1.363571
0.309524,0.412,0.409315,1.055879,1.267655
0.333333,0.416,0.421358,1.10182,1.172387
0.380952,0.439999,0.437609,1.156844,1.081361
0.380952,0.496001,0.515961,1.225655,0.990212
0.47619,0.471999,0.485781,1.295242,0.920948
0.47619,0.488001,0.501451,1.384348,0.852784
0.52381,0.560001,0.580383,1.481263,0.798762
0.619048,0.584,0.581544,1.574185,0.761012
0.52381,0.560001,0.564713,1.665875,0.733375
0.571429,0.511999,0.533952,1.745,0.724
0.52381,0.575999,0.549042,1.81945,0.724
0.619048,0.616,0.581544,1.909171,0.724
0.666667,0.647999,0.644806,2.00118,0.726141
0.666667,0.616,0.613465,2.076918,0.7568
0.666667,0.616,0.629135,2.14755,0.810768
0.666667,0.608002,0.613465,2.206213,0.869963
0.714286,0.568002,0.582705,2.257125,0.93075
0.714286,0.575999,0.582705,2.292125,1.005375
0.761905,0.592001,0.598955,2.317806,1.076065
0.761905,0.552,0.567615,2.344571,1.149773
0.761905,0.536002,0.551944,2.356167,1.232548
0.809524,0.528001,0.552525,2.357186,1.282473
0.809524,0.543999,0.552525,2.358922,1.322908
0.809524,0.503999,0.521184,2.358922,1.33171
0.809524,0.496001,0.505514,2.357305,1.33171
0.809524,0.48,0.489843,2.355833,1.33171
0.714286,0.503999,0.535694,2.349887,1.331386
0.809524,0.48,0.489843,2.321835,1.311427
0.809524,0.392001,0.411492,2.273027,1.295289
0.809524,0.376,0.380151,2.2015,1.287083
0.761905,0.416,0.426582,2.120372,1.269209
0.809524,0.352001,0.364481,2.050253,1.240791
0.809524,0.288001,0.301799,1.965352,1.227304
0.809524,0.28,0.286129,1.898361,1.225911
0.761905,0.199999,0.254208,1.80084,1.224161
0.714286,0.176,0.190946,1.707921,1.223963
0.666667,0.112001,0.159025,1.612188,1.223926
0.666667,0.151998,0.174695,1.521585,1.223963
0.571429,0.104,0.110853,1.440484,1.224198
0.52381,0.144001,0.157284,1.347729,1.227901
0.47619,0.127999,0.125363,1.260557,1.236835
0.404762,0.107999,0.116657,1.177799,1.254035
0.333333,0.087998,0.107951,1.094765,1.279377
0.285714,0.144001,0.123041,1.018802,1.309176
0.380952,0.144001,0.155543,0.954317,1.344461
0.47619,0.119998,0.141033,0.902838,1.382879
0.52381,0.168,0.157284,0.867,1.42075
0.619048,0.136,0.142774,0.832727,1.478266
0.547619,0.14,0.149739,0.811278,1.53828
0.47619,0.144001,0.156703,0.794558,1.610987
0.428571,0.151998,0.156123,0.79375,1.689228
0.547619,0.175999,0.188915,0.79375,1.763018
0.666667,0.199999,0.221706,0.79375,1.825165
0.714286,0.191999,0.206616,0.799312,1.878481
0.761905,0.223998,0.238537,0.815938,1.933438
0.761905,0.28,0.285548,0.840465,1.974757
0.809524,0.272,0.301799,0.937439,2.035328
0.809524,0.288001,0.286129,0.984701,2.074526
0.857143,0.367999,0.380731,1.09259,2.116613
0.809524,0.367999,0.395821,1.156029,2.147985
0.857143,0.424001,0.443413,1.220517,2.179617
0.809524,0.471999,0.489843,1.282,2.212625
0.809524,0.471999,0.489843,1.347901,2.24055
0.857143,0.471999,0.490424,1.41549,2.267273
0.857143,0.496001,0.568775,1.45225,2.275698
0.857143,0.543999,0.537435,1.505363,2.275698
0.809524,0.543999,0.552525,1.550571,2.275698
0.857143,0.543999,0.568775,1.630291,2.275052
0.809524,0.575999,0.599536,1.711978,2.260541
0.809524,0.543999,0.552525,1.778812,2.232609
0.809524,0.600001,0.615206,1.854479,2.194638
0.761905,0.632001,0.630296,1.935724,2.175485
0.761905,0.632001,0.645966,1.998263,2.162432
0.761905,0.616,0.630296,2.055045,2.136779
0.761905,0.672002,0.755659,2.093125,2.112098
0.666667,0.688,0.676146,2.099466,2.107103
0.619048,0.688,0.691236,2.099466,2.107103
0.619048,0.704001,0.722577,2.099466,2.107103
0.571429,0.736001,0.769008,2.096771,2.114052
0.619048,0.800001,0.738247,2.056754,2.123331
0.52381,0.800001,0.799768,2.006582,2.132583
0.571429,0.800001,0.784678,1.945127,2.139
0.52381,0.784002,0.784098,1.891617,2.161643
0.571429,0.800001,0.800348,1.810496,2.219517
0.47619,0.76,0.767847,1.709875,2.2505
0.428571,0.736001,0.735926,1.60587,2.273044
0.47619,0.744002,0.752176,1.499493,2.284439
0.52381,0.744002,0.737086,1.407486,2.28725
0.52381,0.751999,0.752757,1.311579,2.287667
0.52381,0.72,0.721416,1.199903,2.287667
0.47619,0.688,0.689495,1.10511,2.286417
0.47619,0.688,0.689495,0.980047,2.246927
0.47619,0.672002,0.673825,0.894713,2.216398
0.47619,0.688,0.673825,0.816017,2.182245
0.404762,0.668,0.657284,0.735742,2.141456
0.333333,0.647999,0.640743,0.677744,2.107865
0.380952,0.6,0.594312,0.632107,2.057532
0.428571,0.552,0.547882,0.6025,1.99675
0.5,0.540001,0.548752,0.579165,1.931879
0.571429,0.528001,0.549623,0.576,1.867308
0.619048,0.439999,0.440511,0.576,1.796998
0.52381,0.448,0.43935,0.576,1.711662
0.619048,0.407999,0.377829,0.581177,1.628235
0.666667,0.327998,0.347069,0.598499,1.546127
0.619048,0.324,0.338654,0.617648,1.469383
0.571429,0.320001,0.330238,0.638343,1.385416
0.571429,0.293334,0.304121,0.676946,1.294911
0.571429,0.266667,0.278003,0.708133,1.203908
0.571429,0.24,0.251886,0.735827,1.120535
0.595238,0.192,0.228671,0.772155,1.050261
0.619048,0.144001,0.205456,0.816537,0.963301
0.619048,0.144001,0.158445,0.874901,0.866151
0.571429,0.136,0.142194,0.924446,0.800843
0.47619,0.124,0.133198,0.977149,0.743782
0.380952,0.112001,0.124202,1.01325,0.692657
0.369048,0.136,0.147562,1.065781,0.653062
0.357143,0.16,0.170923,1.133807,0.627308
0.345238,0.184,0.194283,1.189697,0.623904
0.333333,0.208,0.217644,1.240781,0.623904
0.309524,0.24,0.248694,1.29661,0.623904
0.285714,0.272,0.279745,1.334582,0.625322
0.190476,0.312,0.325595,1.36635,0.642492
0.190476,0.344,0.341265,1.387535,0.67507
0.142857,0.327998,0.356355,1.410305,0.72193
0.190476,0.384,0.372606,1.427587,0.776329
0.142857,0.416,0.419037,1.445744,0.855695
0.142857,0.456001,0.434707,1.468754,0.940821
0.190476,0.439999,0.450958,1.489362,1.030595
0.142857,0.432002,0.450377,1.50275,1.126375
0.190476,0.528001,0.497969,1.510308,1.239056
0.190476,0.536002,0.56065,1.515587,1.343353
0.190476,0.536002,0.529309,1.527097,1.449739
0.190476,0.568002,0.591991,1.53805,1.562675
0.095238,0.584,0.543819,1.54425,1.648578
0.142857,0.552,0.544399,1.545418,1.749875
0.15873,0.528,0.528922,1.548551,1.855067
0.174603,0.504,0.513446,1.571825,1.938161
0.190476,0.48,0.497969,1.608599,2.018103
0.142857,0.511999,0.497388,1.66043,2.069659
0.095238,0.471999,0.481138,1.706544,2.112534
0.166667,0.452,0.466338,1.753216,2.143179
0.238095,0.432002,0.451538,1.79792,2.145718
0.285714,0.448,0.467789,1.845769,2.145718
0.285714,0.448,0.452118,1.886375,2.145718
0.380952,0.48,0.48462,1.935483,2.133013
0.47619,0.488001,0.485781,2.005268,2.079018
0.47619,0.439999,0.43877,2.055841,2.028286
0.52381,0.464002,0.45502,2.09018,1.981387
0.571429,0.52,0.518282,2.134985,1.898233
0.52381,0.52,0.533372,2.171078,1.8255
0.571429,0.516,0.526117,2.211875,1.74749
0.619048,0.511999,0.518862,2.273167,1.63449
0.666667,0.488001,0.488102,2.310353,1.54753
0.666667,0.52,0.503772,2.330042,1.467457
0.666667,0.488001,0.488102,2.348124,1.384822
0.619048,0.656,0.659896,2.365605,1.321606
0.690476,0.579999,0.582414,2.368,1.228281
0.761905,0.503999,0.504933,2.368,1.164514
0.809524,0.488001,0.505514,2.368,1.093406
0.809524,0.48,0.489843,2.35875,1.009477
0.857143,0.488001,0.490424,2.341418,0.932666
0.857143,0.488001,0.506094,2.317913,0.884033
0.761905,0.511999,0.520604,2.300564,0.858283
0.857143,0.52,0.521764,2.282095,0.857
0.761905,0.552,0.520604,2.26727,0.857
0.857143,0.543999,0.537435,2.261462,0.857
0.857143,0.528001,0.537435,2.252565,0.869256
0.857143,0.543999,0.553105,2.242569,0.903917
0.904762,0.575999,0.585026,2.225823,0.954124
0.857143,0.552,0.584446,2.204519,1.006075
0.809524,0.560001,0.583865,2.172527,1.060798
0.809524,0.575999,0.583865,2.130655,1.110806
0.809524,0.543999,0.552525,2.076479,1.163296
0.761905,0.560001,0.567615,2.012462,1.211545
0.809524,0.503999,0.521184,1.920011,1.26388
0.761905,0.560001,0.567615,1.827871,1.304651
0.714286,0.543999,0.535694,1.726375,1.337375
0.714286,0.568002,0.567034,1.629021,1.359362
0.666667,0.552,0.550784,1.532277,1.376194
0.666667,0.592001,0.597795,1.426619,1.397867
0.666667,0.584,0.597795,1.337712,1.423409
0.619048,0.600001,0.612885,1.250923,1.451477
0.619048,0.672002,0.675566,1.178986,1.480409
0.571429,0.640002,0.643645,1.115516,1.524408
0.47619,0.600001,0.611143,1.062879,1.57273
0.52381,0.680002,0.690075,1.009359,1.636421
0.47619,0.672002,0.673825,0.959224,1.713343
0.571429,0.688,0.674985,0.930015,1.781669
0.47619,0.688,0.705165,0.896265,1.854125
0.47619,0.696001,0.689495,0.8685,1.908091
0.380952,0.688,0.688334,0.849833,1.958
0.428571,0.656,0.657574,0.827625,2.0155
0.380952,0.656,0.656994,0.804722,2.068314
0.428571,0.608002,0.626233,0.790404,2.110751
0.333333,0.608002,0.609402,0.77766,2.145093
0.238095,0.616,0.623912,0.768372,2.152616
0.238095,0.592,0.597795,0.753398,2.152616
0.238095,0.567999,0.571677,0.730945,2.152616
0.238095,0.543999,0.54556,0.709087,2.150087
0.285714,0.568002,0.561811,0.687761,2.125779
0.333333,0.52,0.523215,0.685172,2.084911
0.380952,0.471999,0.48462,0.685172,2.031468
0.47619,0.399999,0.407429,0.685172,1.977817
0.357143,0.38,0.390308,0.688925,1.913323
0.238095,0.360001,0.373186,0.712453,1.851517
0.333333,0.344,0.343006,0.746689,1.785209
0.333333,0.312,0.343006,0.785462,1.720095
0.333333,0.272,0.280325,0.821723,1.658545
0.380952,0.247999,0.2574,0.85691,1.590039
0.428571,0.223998,0.234475,0.886345,1.522034
0.428571,0.199999,0.218804,0.909426,1.451778
0.47619,0.147999,0.164539,0.936234,1.366696
0.52381,0.095999,0.110273,0.964597,1.284085
0.571429,0.123999,0.134359,0.992512,1.210484
0.619048,0.151998,0.158445,1.027207,1.125449
0.666667,0.112001,0.127684,1.069789,1.041075
0.714286,0.136,0.143935,1.114029,0.971093
0.761905,0.159999,0.160186,1.170517,0.90267
0.714286,0.191999,0.206616,1.233125,0.844125
0.761905,0.208,0.238537,1.300784,0.795109
0.857143,0.248001,0.271039,1.354991,0.764098
0.761905,0.288001,0.316889,1.41525,0.742083
0.809524,0.308,0.325305,1.471759,0.7395
0.857143,0.327998,0.33372,1.536095,0.7395
0.809524,0.376,0.380151,1.592,0.7395
0.809524,0.376,0.395821,1.66045,0.750511
0.857143,0.407999,0.427742,1.7145,0.7775
0.857143,0.416,0.427742,1.772305,0.812706
0.857143,0.416,0.427742,1.825553,0.845968
0.857143,0.432002,0.443413,1.881212,0.901118
0.904762,0.416,0.443993,1.921578,0.961705
0.857143,0.416,0.443413,1.959972,1.025716
0.904762,0.335999,0.349971,2.000508,1.118558
0.857143,0.327998,0.349391,2.016115,1.20982
0.904762,0.327998,0.349971,2.017077,1.31067
0.857143,0.320001,0.349391,2.017077,1.405448
0.809524,0.344,0.34881,2.017077,1.496474
0.761905,0.376,0.395241,2.016384,1.586279
0.761905,0.303999,0.316889,2.014886,1.670114
0.761905,0.28,0.285548,2.007139,1.773122
0.714286,0.256001,0.269298,1.994706,1.860239
0.666667,0.272,0.300058,1.985428,1.949887
0.547619,0.244,0.259431,1.966865,2.027088
0.428571,0.216001,0.218804,1.938191,2.120527
0.52381,0.208,0.235636,1.915623,2.182875
0.47619,0.215999,0.235055,1.879173,2.247321
0.428571,0.223998,0.234475,1.84229,2.290972
0.309524,0.256,0.248694,1.790747,2.332179
0.190476,0.288001,0.262914,1.71977,2.371689
0.238095,0.335999,0.341846,1.628244,2.407708
0.190476,0.352001,0.356936,1.555848,2.429646
0.190476,0.360001,0.356936,1.474323,2.434254
0.095238,0.432002,0.434127,1.383891,2.437612
0.190476,0.399999,0.388276,1.301836,2.438
0.190476,0.439999,0.450958,1.207133,2.438
0.142857,0.48,0.481718,1.124827,2.438
0.142857,0.511999,0.528729,1.044007,2.431611
0.142857,0.560001,0.56007,0.977504,2.409324
0.238095,0.560001,0.576901,0.909107,2.379732
0.190476,0.575999,0.54498,0.85211,2.351321
0.238095,0.543999,0.54556,0.8355,2.336063
0.285714,0.552,0.5148,0.8355,2.317909
0.31746,0.568001,0.546527,0.8355,2.302473
0.349206,0.584001,0.578255,0.8355,2.288
0.380952,0.600001,0.609983,0.859125,2.263
0.333333,0.592001,0.609402,0.904102,2.233012
0.380952,0.624,0.625653,0.962702,2.200711
0.380952,0.640002,0.656994,1.025763,2.170517
0.47619,0.656,0.658154,1.088304,2.142848
0.47619,0.696001,0.658154,1.168546,2.106622
0.52381,0.751999,0.752757,1.248833,2.071009
0.52381,0.76,0.768427,1.332536,2.030821
0.619048,0.768001,0.769588,1.436375,1.983
0.52381,0.72,0.737086,1.508625,1.947625
0.571429,0.736001,0.737667,1.589218,1.906867
0.571429,0.751999,0.737667,1.683386,1.862209
0.52381,0.728,0.721416,1.765659,1.824183
0.571429,0.704001,0.706326,1.844496,1.778649
0.571429,0.704001,0.706326,1.91888,1.718591
0.571429,0.704001,0.706326,1.99295,1.641467
0.619048,0.704001,0.706907,2.054757,1.56662
0.714286,0.672002,0.692397,2.101832,1.499706
0.666667,0.672002,0.676146,2.149582,1.429125
0.714286,0.664001,0.676727,2.185989,1.368308
0.714286,0.575999,0.582705,2.221188,1.284805
0.761905,0.624,0.598955,2.234763,1.20947
0.714286,0.592001,0.582705,2.234763,1.129875
0.714286,0.616,0.614045,2.234763,1.067053
0.761905,0.600001,0.598955,2.233763,1.007993
0.761905,0.575999,0.630296,2.21873,0.961621
0.714286,0.608002,0.614045,2.187343,0.934011
0.761905,0.528001,0.551944,2.144851,0.895471
0.761905,0.575999,0.583285,2.098768,0.863571
0.666667,0.592001,0.613465,2.036994,0.832536
0.761905,0.528001,0.551944,1.961202,0.809894
0.761905,0.488001,0.489263,1.8905,0.796875
0.761905,0.488001,0.489263,1.823545,0.788581
0.690476,0.460001,0.464887,1.736866,0.782911
0.619048,0.432002,0.440511,1.651833,0.776925
0.52381,0.416,0.43935,1.563687,0.776
0.52381,0.432002,0.42368,1.485618,0.776
0.47619,0.367999,0.376088,1.3995,0.776
0.428571,0.335999,0.344167,1.318141,0.778707
0.380952,0.288001,0.296576,1.249622,0.791597
0.47619,0.303999,0.297737,1.196606,0.803243
0.47619,0.248001,0.266396,1.15036,0.817896
0.380952,0.272,0.280905,1.11719,0.841709
0.371429,0.24,0.240046,1.095278,0.873755
0.361905,0.208,0.199187,1.066155,0.938359
0.352381,0.176,0.158328,1.04477,0.981625
0.342857,0.144001,0.11747,1.020871,1.027836
0.333333,0.112001,0.076611,0.986775,1.087044
0.285714,0.055999,0.07603,0.94502,1.166585
0.380952,0.055999,0.061521,0.907186,1.238719
0.380952,0.055999,0.04585,0.870942,1.30068
0.380952,0.087998,0.108532,0.84145,1.366866
0.428571,0.112001,0.109112,0.815488,1.421487
0.5,0.112001,0.125653,0.795099,1.495216
0.571429,0.112001,0.142194,0.788,1.559593
0.619048,0.168,0.189785,0.788,1.616453
0.52381,0.223998,0.235636,0.788,1.650997
0.642857,0.227999,0.244922,0.7895,1.653122
0.761905,0.231999,0.254208,0.811762,1.653122
0.761905,0.263999,0.269878,0.843806,1.653122
0.809524,0.288001,0.286129,0.885321,1.645826
0.761905,0.335999,0.426582,0.940571,1.622191
0.809524,0.360001,0.380151,1.012815,1.592577
0.809524,0.384,0.380151,1.088214,1.569325
0.809524,0.392001,0.411492,1.175555,1.547735
0.857143,0.439999,0.459083,1.268997,1.531933
0.857143,0.432002,0.443413,1.366349,1.527
0.857143,0.471999,0.490424,1.482724,1.527
0.857143,0.456001,0.474753,1.5476,1.527
0.809524,0.484,0.497678,1.656725,1.529625
0.761905,0.511999,0.520604,1.753135,1.545873
0.761905,0.488001,0.504933,1.856097,1.573624
0.714286,0.52,0.535694,1.94252,1.617306
0.714286,0.543999,0.551364,2.03487,1.679236
0.714286,0.664001,0.645386,2.10619,1.748326
0.714286,0.664001,0.661056,2.165943,1.815289
0.619048,0.688,0.722577,2.214275,1.898558
0.619048,0.664001,0.659896,2.244296,1.979
0.571429,0.704001,0.706326,2.247342,2.043035
0.619048,0.704001,0.722577,2.247342,2.113718
0.571429,0.751999,0.753337,2.247342,2.163417
0.571429,0.751999,0.769008,2.243046,2.187326
0.52381,0.751999,0.752757,2.218572,2.20453
0.52381,0.768001,0.752757,2.173636,2.21958
0.571429,0.72,0.721997,2.105136,2.228916
0.571429,0.704001,0.721997,2.032957,2.235158
0.52381,0.688,0.705746,1.943874,2.243236
0.52381,0.704001,0.690075,1.838121,2.246397
0.428571,0.656,0.657574,1.742918,2.250188
0.380952,0.656,0.656994,1.607676,2.25025
0.333333,0.664001,0.672084,1.503433,2.250188
0.428571,0.656,0.657574,1.399814,2.247647
0.380952,0.680002,0.656994,1.320256,2.24625
0.380952,0.656,0.656994,1.237375,2.23975
0.428571,0.632001,0.626233,1.151631,2.226661
0.428571,0.616,0.610563,1.085097,2.209819
0.47619,0.616,0.611143,1.021426,2.190025
0.52381,0.575999,0.580383,0.965473,2.162239
0.619048,0.560001,0.565873,0.911019,2.128566
0.571429,0.536002,0.549623,0.872999,2.086361
0.587302,0.522668,0.534146,0.849326,2.032622
0.603175,0.509335,0.518669,0.828554,1.976159
0.619048,0.496001,0.503192,0.815519,1.901991
0.619048,0.416,0.42484,0.805749,1.81125
0.714286,0.424001,0.441672,0.804335,1.74538
0.666667,0.376,0.331399,0.80015,1.707317
0.68254,0.362666,0.336816,0.797252,1.678316
0.698413,0.349333,0.342233,0.795333,1.639361
0.714286,0.335999,0.347649,0.775684,1.619158
0.714286,0.320001,0.331979,0.75275,1.574272
0.666667,0.263999,0.268717,0.75275,1.497867
0.714286,0.256001,0.253627,0.75275,1.411359
0.714286,0.208,0.222287,0.760313,1.325812
0.619048,0.191999,0.221126,0.800654,1.259155
0.619048,0.191999,0.205456,0.851096,1.150918
0.619048,0.159999,0.189785,0.904141,0.84113
0.571429,0.175999,0.19704,0.977438,0.790773
0.52381,0.191999,0.204295,1.164286,0.765
0.404762,0.143999,0.163668,1.21713,0.765
0.285714,0.095999,0.123041,1.279681,0.765
0.380952,0.127999,0.139872,1.340087,0.765686
0.333333,0.104,0.123622,1.397914,0.780862
0.333333,0.127999,0.139292,1.44023,0.809544
0.380952,0.176,0.186883,1.466451,0.841778
0.349206,0.202667,0.212614,1.474719,0.883044
0.31746,0.229334,0.238344,1.474719,0.925877
0.285714,0.256001,0.264074,1.474719,0.97
0.285714,0.231999,0.248404,1.473544,1.025069
0.238095,0.28,0.294835,1.457348,1.100696
0.190476,0.303999,0.309925,1.418993,1.201138
0.190476,0.327998,0.325595,1.388815,1.263335
0.142857,0.399999,0.387696,1.363042,1.333043
0.142857,0.367999,0.356355,1.342219,1.400755
0.190476,0.384,0.372606,1.321369,1.474407
0.190476,0.503999,0.513639,1.30709,1.563517
0.285714,0.496001,0.483459,1.30689,1.65051
0.333333,0.488001,0.49971,1.30689,1.725486
0.261905,0.512001,0.51451,1.30689,1.787342
0.190476,0.536002,0.529309,1.315691,1.83881
0.142857,0.536002,0.528729,1.336051,1.883824
0.190476,0.528001,0.529309,1.364852,1.925007
0.095238,0.536002,0.528149,1.406896,1.96271
0.190476,0.528001,0.54498,1.463335,1.994867
0.285714,0.592001,0.577481,1.517833,2.021833
0.309524,0.596001,0.585607,1.571222,2.040956
0.333333,0.600001,0.593732,1.637076,2.063878
0.357143,0.604002,0.601857,1.697444,2.081699
0.380952,0.608002,0.609983,1.778888,2.088533
0.428571,0.608002,0.626233,1.851242,2.088533
0.47619,0.608002,0.611143,1.905125,2.088533
0.52381,0.672002,0.674405,1.977298,2.085854
0.47619,0.624,0.658154,2.037495,2.05808
0.47619,0.656,0.673825,2.072394,2.018429
0.52381,0.672002,0.674405,2.095975,1.982979
0.52381,0.672002,0.690075,2.115024,1.949706
0.52381,0.704001,0.690075,2.126422,1.909009
0.428571,0.688,0.673244,2.134311,1.868798
0.47619,0.640002,0.642484,2.160533,1.802108
0.47619,0.672002,0.673825,2.18465,1.7258
0.47619,0.672002,0.673825,2.2035,1.65675
0.47619,0.672002,0.673825,2.22004,1.593251
0.52381,0.640002,0.658735,2.252188,1.507913
0.571429,0.656,0.659315,2.275058,1.413286
0.52381,0.608002,0.627394,2.284811,1.329425
0.52381,0.608002,0.658735,2.285141,1.247018
0.47619,0.608002,0.611143,2.285141,1.17025
0.47619,0.592001,0.595473,2.285141,1.111031
0.47619,0.543999,0.548462,2.280066,1.045537
0.47619,0.511999,0.532792,2.269404,1.000914
0.47619,0.528001,0.532792,2.258638,0.963182
0.47619,0.511999,0.517121,2.246735,0.944408
0.428571,0.464002,0.4852,2.242931,0.93482
0.428571,0.432002,0.438189,2.221454,0.926317
0.380952,0.407999,0.406268,2.18975,0.912312
0.333333,0.407999,0.405688,2.137875,0.89925
0.31746,0.370666,0.36893,2.082144,0.89052
0.301587,0.333332,0.332173,2.009138,0.880843
0.285714,0.295999,0.295415,1.931086,0.867964
0.238095,0.28,0.279164,1.843963,0.852181
0.261905,0.235999,0.240279,1.752728,0.841534
0.285714,0.191999,0.201393,1.6788,0.840979
0.285714,0.127999,0.185723,1.597057,0.840979
0.333333,0.176,0.170633,1.527565,0.840979
0.238095,0.127999,0.122461,1.460037,0.843569
0.253968,0.119999,0.112207,1.39562,0.861438
0.269841,0.112,0.101954,1.35003,0.883069
0.285714,0.104,0.091701,1.320005,0.897989
0.380952,0.088,0.092861,1.312,0.902048
0.47619,0.072,0.094022,1.312,0.902936
0.52381,0.087998,0.110273,1.312,0.902969
0.571429,0.079998,0.110853,1.315375,0.903102
0.666667,0.127999,0.159025,1.333316,0.905
0.619048,0.151998,0.158445,1.371777,0.9066
0.690476,0.187998,0.198491,1.402858,0.9077
0.761905,0.223998,0.238537,1.427278,0.9085
0.809524,0.24,0.239118,1.453661,0.918729
0.809524,0.312,0.33314,1.47,0.94425
0.857143,0.288001,0.30238,1.476875,0.983383
0.809524,0.448,0.364481,1.501132,1.016218
0.809524,0.439999,0.364481,1.540603,1.051676
0.809524,0.424001,0.427162,1.587942,1.0987
0.809524,0.456001,0.474173,1.654112,1.165347
0.809524,0.464002,0.474173,1.71302,1.21371
0.857143,0.503999,0.521764,1.773796,1.245807
0.857143,0.528001,0.537435,1.8419,1.29475
0.761905,0.52,0.520604,1.907618,1.340821
0.809524,0.543999,0.568195,1.956153,1.392569
0.761905,0.552,0.551944,2.004772,1.453241
0.761905,0.608002,0.614626,2.037763,1.504899
0.761905,0.656,0.661637,2.053365,1.55289
0.761905,0.640002,0.661637,2.082375,1.618625
0.666667,0.624,0.629135,2.106451,1.716685
0.761905,0.736001,0.724318,2.125355,1.791742
0.666667,0.672002,0.660476,2.152582,1.856805
0.619048,0.704001,0.706907,2.170494,1.919399
0.603175,0.736001,0.738054,2.172304,1.981097
0.587302,0.768001,0.769201,2.172304,2.024533
0.571429,0.800001,0.800348,2.172304,2.068733
0.666667,0.920002,0.785839,2.168019,2.112763
0.595238,0.848002,0.784968,2.14189,2.138148
0.52381,0.776002,0.784098,2.112787,2.15332
0.52381,0.736001,0.752757,2.055306,2.177273
0.52381,0.751999,0.752757,1.99418,2.197601
0.47619,0.768001,0.767847,1.919623,2.217087
0.52381,0.776002,0.768427,1.835025,2.236621
0.428571,0.768001,0.751596,1.736985,2.253804
0.428571,0.751999,0.767266,1.646834,2.265209
0.444444,0.749334,0.757013,1.536199,2.276556
0.460317,0.746668,0.74676,1.427758,2.280538
0.47619,0.744002,0.736506,1.338428,2.280538
0.428571,0.704001,0.720255,1.238089,2.280538
0.47619,0.712002,0.720836,1.141392,2.279778
0.47619,0.704001,0.705165,1.055125,2.263
0.47619,0.688,0.689495,0.9662,2.23105
0.571429,0.696001,0.706326,0.896651,2.194037
0.571429,0.704001,0.690656,0.839895,2.150504
0.571429,0.568002,0.580963,0.787299,2.092025
0.52381,0.560001,0.564713,0.75245,2.028873
0.547619,0.540001,0.549333,0.728268,1.955694
0.571429,0.52,0.533952,0.721,1.873558
0.619048,0.504,0.518862,0.721,1.77542
0.666667,0.488001,0.503772,0.721,1.721365
0.571429,0.48,0.486941,0.721961,1.687483
0.642857,0.396,0.401625,0.735082,1.672373
0.714286,0.312,0.316309,0.750365,1.645766
0.761905,0.399999,0.410911,0.771821,1.628835
0.714286,0.335999,0.331979,0.788935,1.61879
0.714286,0.327998,0.331979,0.806585,1.539104
0.714286,0.327998,0.316309,0.835011,1.462089
0.666667,0.272,0.268717,0.865542,1.399513
0.714286,0.223998,0.237957,0.901474,1.301362
0.714286,0.191999,0.206616,0.932835,1.018186
0.619048,0.176,0.189785,0.962317,0.908008
0.52381,0.184001,0.204295,1.003462,0.81525
0.619048,0.151998,0.142774,1.038706,0.671508
0.571429,0.072,0.095183,1.090606,0.64606
0.47619,0.095999,0.094022,1.142953,0.628341
0.404762,0.095999,0.100987,1.182078,0.607504
0.333333,0.095999,0.107951,1.223771,0.607217
0.333333,0.087998,0.092281,1.253558,0.607217
0.380952,0.144001,0.155543,1.26698,0.607217
0.333333,0.144001,0.154962,1.267,0.618519
0.285714,0.176,0.193558,1.267,0.6431
0.238095,0.208,0.232153,1.267,0.678641
0.285714,0.288001,0.264074,1.259163,0.729736
0.190476,0.263999,0.278584,1.245602,0.793034
0.142857,0.256001,0.262333,1.23893,0.862063
0.142857,0.367999,0.356355,1.233033,0.948995
0.142857,0.407999,0.403366,1.227878,1.03553
0.142857,0.416,0.403366,1.221971,1.139602
0.190476,0.456001,0.466628,1.216677,1.227588
0.190476,0.496001,0.497969,1.20825,1.334625
0.142857,0.52,0.513059,1.206,1.435469
0.190476,0.528001,0.513639,1.206,1.544009
0.190476,0.511999,0.513639,1.206,1.639369
0.190476,0.528001,0.529309,1.2067,1.734626
0.142857,0.584,0.57574,1.218094,1.80808
0.142857,0.568002,0.56007,1.244294,1.885194
0.238095,0.575999,0.592571,1.280261,1.961324
0.333333,0.584,0.593732,1.325475,2.025617
0.285714,0.608002,0.608822,1.380968,2.085742
0.333333,0.640002,0.625073,1.446779,2.129868
0.428571,0.640002,0.626233,1.528122,2.174232
0.380952,0.632001,0.641323,1.602618,2.211248
0.428571,0.656,0.657574,1.677221,2.234047
0.47619,0.704001,0.689495,1.754504,2.239
0.47619,0.656,0.673825,1.833503,2.239
0.428571,0.768001,0.767266,1.906312,2.239
0.52381,0.736001,0.752757,1.97154,2.2382
0.47619,0.776002,0.783517,2.039442,2.232115
0.47619,0.768001,0.767847,2.116348,2.196925
0.571429,0.72,0.737667,2.180053,2.136135
0.571429,0.704001,0.721997,2.226363,2.081453
0.571429,0.704001,0.706326,2.267998,2.028538
0.607143,0.716001,0.726349,2.307563,1.982779
0.642857,0.728,0.746373,2.3435,1.913
0.678571,0.74,0.766396,2.36525,1.822298
0.714286,0.751999,0.786419,2.3665,1.722807
0.619048,0.672002,0.691236,2.3665,1.642665
0.619048,0.647999,0.675566,2.3665,1.555456
0.666667,0.696001,0.691817,2.365444,1.47534
0.666667,0.680002,0.691817,2.362553,1.381501
0.571429,0.664001,0.659315,2.360522,1.27497
0.619048,0.672002,0.675566,2.358783,1.185065
0.619048,0.632001,0.644225,2.356077,1.114584
0.619048,0.608002,0.628555,2.338004,1.039961
0.619048,0.592001,0.581544,2.315524,0.966019
0.571429,0.575999,0.580963,2.303729,0.902831
0.619048,0.528001,0.550203,2.281394,0.841794
0.52381,0.511999,0.533372,2.240019,0.794987
0.52381,0.528001,0.533372,2.169831,0.754976
0.47619,0.511999,0.517121,2.093177,0.718669
0.380952,0.464002,0.46895,2.022206,0.68822
0.380952,0.496001,0.50029,1.931852,0.666595
0.380952,0.48,0.453279,1.8546,0.656587
0.285714,0.439999,0.436448,1.765243,0.64768
0.285714,0.392001,0.389437,1.664843,0.643419
0.333333,0.360001,0.374347,1.579625,0.643
0.285714,0.360001,0.342426,1.491208,0.643
0.285714,0.295999,0.311085,1.390439,0.643
0.261905,0.283999,0.30296,1.297014,0.655764
0.238095,0.272,0.294835,1.211986,0.680516
0.238095,0.28,0.279164,1.162354,0.698754
0.357143,0.300001,0.296286,1.10113,0.734109
0.47619,0.320001,0.313407,1.038353,0.786404
0.428571,0.224,0.218804,0.990003,0.843717
0.380952,0.127999,0.124202,0.941423,0.905085
0.285714,0.159999,0.170052,0.914974,0.97426
0.333333,0.176,0.170633,0.879808,1.045837
0.404762,0.168,0.163668,0.851057,1.110719
0.47619,0.159999,0.156703,0.83381,1.176473
0.571429,0.191999,0.220546,0.83381,1.227053
0.571429,0.208,0.220546,0.83381,1.239875
0.666667,0.159999,0.174695,0.837891,1.244
0.666667,0.159999,0.174695,0.85842,1.243496
0.666667,0.231999,0.237377,0.883692,1.242491
0.666667,0.231999,0.253047,0.937916,1.241939
0.761905,0.223998,0.254208,0.999015,1.234769
0.809524,0.272,0.286129,1.069106,1.225392
0.809524,0.288001,0.286129,1.151902,1.218251
0.809524,0.344,0.34881,1.244375,1.218251
0.809524,0.407999,0.411492,1.322617,1.218251
0.809524,0.392001,0.411492,1.41412,1.218557
0.761905,0.503999,0.489263,1.522051,1.225598
0.857143,0.471999,0.474753,1.6015,1.23
0.809524,0.448,0.458503,1.704492,1.242047
0.857143,0.503999,0.521764,1.782435,1.261071
0.809524,0.471999,0.489843,1.859966,1.294078
0.761905,0.48,0.504933,1.914174,1.339036
0.809524,0.536002,0.536854,1.968285,1.393035
0.761905,0.552,0.551944,2.014341,1.44294
0.761905,0.560001,0.567615,2.049148,1.496115
0.761905,0.592001,0.598955,2.086868,1.553712
0.714286,0.608002,0.614045,2.110354,1.606528
0.714286,0.647999,0.645386,2.125023,1.652915
0.761905,0.647999,0.645966,2.145917,1.705502
0.666667,0.688,0.691817,2.1655,1.743625
0.619048,0.736001,0.738247,2.167,1.777056
0.619048,0.712002,0.722577,2.167,1.813513
0.571429,0.768001,0.769008,2.167,1.854806
0.619048,0.768001,0.769588,2.154,1.904375
0.619048,0.784002,0.785258,2.117684,1.953694
0.714286,0.784002,0.786419,2.082664,2.000029
0.619048,0.776002,0.769588,2.030937,2.031191
0.619048,0.736001,0.753918,1.97933,2.057712
0.571429,0.744002,0.753337,1.908155,2.089036
0.52381,0.736001,0.737086,1.839251,2.110465
0.52381,0.751999,0.737086,1.763863,2.127131
0.52381,0.72,0.737086,1.685256,2.145158
0.52381,0.728,0.737086,1.65887,2.158179
0.47619,0.72,0.720836,1.631659,2.166232
0.428571,0.656,0.673244,1.568159,2.168212
0.428571,0.656,0.657574,1.48073,2.168212
0.428571,0.608002,0.610563,1.397688,2.168212
0.428571,0.608002,0.610563,1.311114,2.161869
0.333333,0.575999,0.593732,1.249985,2.150677
0.333333,0.592001,0.593732,1.177353,2.132101
0.380952,0.608002,0.609983,1.08875,2.103875
0.309524,0.568002,0.569936,0.9215,2.070375
0.238095,0.528001,0.52989,0.855974,2.034835
0.285714,0.48,0.499129,0.830425,1.988658
0.285714,0.464002,0.483459,0.800883,1.949922
0.380952,0.471999,0.48462,0.782813,1.878782
0.333333,0.416,0.421358,0.77876,1.81184
0.31746,0.381333,0.395047,0.775433,1.723795
0.301587,0.346667,0.368737,0.773188,1.630128
0.285714,0.312,0.342426,0.7726,1.540344
0.190476,0.320001,0.325595,0.7726,1.452895
0.285714,0.327998,0.342426,0.7726,1.366404
0.333333,0.367999,0.374347,0.776919,1.312424
0.285714,0.407999,0.405107,0.785428,1.240576
0.333333,0.392001,0.405688,0.786375,1.199875
0.380952,0.407999,0.374927,0.78975,1.12325
0.380952,0.399999,0.406268,0.805376,1.055571
0.380952,0.392001,0.390598,0.830286,1.002435
0.452381,0.404001,0.407139,0.866995,0.951972
0.52381,0.416,0.42368,0.90337,0.920197
0.52381,0.48,0.470691,0.949789,0.874078
0.52381,0.464002,0.502031,0.987782,0.819
0.619048,0.52,0.534533,1.041572,0.776369
0.571429,0.528001,0.533952,1.111497,0.759477
0.619048,0.528001,0.550203,1.179775,0.749943
0.619048,0.575999,0.565873,1.254548,0.743559
0.571429,0.575999,0.580963,1.325733,0.743184
0.666667,0.52,0.550784,1.391974,0.743184
0.666667,0.608002,0.597795,1.46961,0.743184
0.714286,0.584,0.598375,1.554766,0.748133
0.714286,0.575999,0.598375,1.635266,0.76924
0.761905,0.568002,0.614626,1.718208,0.797816
0.761905,0.568002,0.583285,1.788965,0.82621
0.809524,0.552,0.568195,1.863613,0.857869
0.809524,0.503999,0.505514,1.928801,0.912273
0.761905,0.488001,0.504933,2.003877,0.955398
0.761905,0.503999,0.520604,2.050178,0.996432
0.809524,0.511999,0.505514,2.076428,1.056589
0.904762,0.464002,0.475334,2.100505,1.113959
0.904762,0.448,0.459663,2.113496,1.189358
0.857143,0.432002,0.443413,2.113746,1.264286
0.857143,0.424001,0.443413,2.113746,1.331171
0.857143,0.399999,0.396402,2.113746,1.374677
0.809524,0.360001,0.380151,2.110246,1.405478
0.809524,0.344,0.364481,2.096955,1.42657
0.809524,0.367999,0.364481,2.07335,1.431657
0.809524,0.303999,0.31747,2.052936,1.431657
0.809524,0.256001,0.270459,2.021807,1.431657
0.761905,0.263999,0.285548,1.974274,1.425041
0.714286,0.256001,0.253627,1.908252,1.395516
0.619048,0.256001,0.244631,1.850174,1.378742
0.52381,0.256001,0.235636,1.760623,1.358972
0.52381,0.208,0.219965,1.674633,1.337691
0.428571,0.151998,0.171793,1.58627,1.310597
0.428571,0.176,0.187464,1.493308,1.262649
0.47619,0.151998,0.188044,1.403322,1.254
0.47619,0.159999,0.156703,1.336829,1.254
0.380952,0.176,0.155543,1.265923,1.254
0.47619,0.144001,0.156703,1.202895,1.255004
0.52381,0.151998,0.172954,1.129748,1.271229
0.52381,0.176,0.172954,1.07425,1.302625
0.52381,0.248001,0.266976,1.01284,1.345674
0.52381,0.24,0.251306,0.958375,1.401525
0.52381,0.24,0.251306,0.905982,1.465013
0.47619,0.295999,0.313407,0.867989,1.531318
0.571429,0.320001,0.314568,0.837669,1.60479
0.571429,0.320001,0.345908,0.819725,1.683075
0.619048,0.344,0.362159,0.8185,1.76155
0.666667,0.376,0.39408,0.8185,1.842125
0.714286,0.399999,0.410331,0.8185,1.922928
0.619048,0.448,0.456181,0.858866,1.995771
0.619048,0.456001,0.456181,0.989841,2.042795
0.619048,0.511999,0.550203,1.138683,2.097848
0.619048,0.608002,0.612885,1.284727,2.156944
0.666667,0.608002,0.629135,1.344236,2.205519
0.714286,0.672002,0.676727,1.397026,2.245853
0.690476,0.684001,0.684272,1.441464,2.262726
0.666667,0.696001,0.691817,1.484,2.264235
0.619048,0.680002,0.675566,1.493375,2.264235
0.666667,0.664001,0.660476,1.502878,2.264235
0.666667,0.575999,0.582124,1.516227,2.261135
0.666667,0.616,0.613465,1.531907,2.241014
0.619048,0.656,0.644225,1.538047,2.217772
0.619048,0.624,0.644225,1.605659,2.194257
0.714286,0.608002,0.614045,1.67128,2.17867
0.666667,0.568002,0.566454,1.742715,2.156172
0.571429,0.592001,0.612304,1.802841,2.134259
0.52381,0.647999,0.596053,1.856849,2.113616
0.52381,0.608002,0.611724,1.900446,2.094723
0.47619,0.568002,0.564132,1.922259,2.085673
0.47619,0.543999,0.532792,1.924019,2.079234
0.47619,0.528001,0.532792,1.924019,2.074
0.428571,0.528001,0.532211,1.924019,2.061723
0.333333,0.496001,0.51538,1.919179,2.047019
0.285714,0.52,0.5148,1.891388,2.025099
0.285714,0.528001,0.54614,1.853258,1.991675
0.285714,0.448,0.467789,1.800411,1.955339
0.285714,0.424001,0.420778,1.754904,1.911855
0.333333,0.399999,0.405688,1.702216,1.864363
0.333333,0.352001,0.358677,1.6325,1.813375
0.333333,0.303999,0.327336,1.569437,1.763
0.333333,0.320001,0.280325,1.506342,1.710655
0.380952,0.256001,0.280905,1.453102,1.667032
0.380952,0.208,0.202554,1.38642,1.612191
0.333333,0.184001,0.186303,1.318407,1.563056
0.380952,0.168,0.186883,1.251147,1.514596
0.380952,0.119998,0.139872,1.18475,1.459375
0.47619,0.127999,0.125363,1.133542,1.40225
0.428571,0.079998,0.093442,1.094681,1.360526
0.380952,0.095999,0.092861,1.037534,1.316768
0.428571,0.079998,0.093442,0.985475,1.284402
0.47619,0.064,0.078352,0.967455,1.256846
0.47619,0.072,0.109692,0.967,1.233488
0.595238,0.116,0.142484,0.967,1.218148
0.714286,0.159999,0.175276,0.967,1.211454
0.714286,0.159999,0.190946,0.987571,1.210018
0.714286,0.176,0.190946,1.023286,1.209375
0.761905,0.191999,0.207197,1.064956,1.207683
0.714286,0.184001,0.206616,1.126836,1.202234
0.666667,0.199999,0.206036,1.174806,1.17824
0.666667,0.216001,0.221706,1.232916,1.158914
0.619048,0.244,0.252467,1.290188,1.14521
0.571429,0.272,0.283227,1.361279,1.13384
0.571429,0.288001,0.298897,1.432317,1.11527
0.52381,0.231999,0.235636,1.517844,1.10822
0.428571,0.367999,0.375508,1.602298,1.10822
0.428571,0.376,0.375508,1.683197,1.10822
0.380952,0.412,0.414103,1.764409,1.114665
0.333333,0.448,0.452699,1.838125,1.1435
0.31746,0.464001,0.468176,1.901514,1.168698
0.301587,0.480001,0.483653,1.956494,1.197289
0.285714,0.496001,0.499129,1.99298,1.257331
0.333333,0.548001,0.562391,2.014191,1.33673
0.380952,0.600001,0.625653,2.043996,1.423464
0.380952,0.640002,0.656994,2.074883,1.507801
0.380952,0.696001,0.688334,2.088793,1.599604
0.380952,0.680002,0.688334,2.090359,1.699853
0.380952,0.744002,0.798027,2.091596,1.789867
0.380952,0.768001,0.813697,2.092225,1.889266
0.47619,0.736001,0.736506,2.092225,1.984229
0.428571,0.768001,0.782937,2.090801,2.053522
0.52381,0.776002,0.784098,2.088822,2.108168
0.52381,0.792,0.799768,2.078057,2.17538
0.571429,0.848002,0.847359,2.054914,2.223974
0.619048,0.816002,0.816599,2.02621,2.251812
0.619048,0.800001,0.800929,1.988914,2.287092
0.619048,0.768001,0.785258,1.950995,2.304875
0.619048,0.744002,0.753918,1.9198,2.307969
0.666667,0.72,0.723157,1.872277,2.3085
0.714286,0.712002,0.723738,1.813146,2.3085
0.714286,0.728,0.723738,1.773384,2.307797
0.761905,0.672002,0.677307,1.741853,2.300375
0.714286,0.688,0.692397,1.719055,2.281112
0.761905,0.632001,0.630296,1.707717,2.246882
0.761905,0.624,0.630296,1.707342,2.1972
0.809524,0.584,0.599536,1.707342,2.133387
0.857143,0.568002,0.584446,1.707342,2.044868
0.809524,0.528001,0.536854,1.726435,1.937752
0.857143,0.552,0.537435,1.751625,1.8314
0.857143,0.496001,0.506094,1.769742,1.73355
0.857143,0.464002,0.490424,1.793507,1.630106
0.857143,0.439999,0.443413,1.821681,1.542618
0.809524,0.424001,0.427162,1.832,1.433396
0.809524,0.407999,0.411492,1.832,1.330986
0.761905,0.263999,0.285548,1.832,1.2244
0.761905,0.28,0.301219,1.83,1.145184
0.761905,0.367999,0.3639,1.800198,1.06828
0.761905,0.367999,0.379571,1.753674,0.979797
0.714286,0.399999,0.410331,1.693599,0.903461
0.809524,0.432002,0.474173,1.609871,0.822146
0.761905,0.528001,0.473593,1.525179,0.754812
0.761905,0.503999,0.504933,1.437865,0.710444
0.714286,0.528001,0.535694,1.344425,0.677221
0.714286,0.560001,0.567034,1.262686,0.671593
0.714286,0.616,0.629716,1.178908,0.671593
0.761905,0.672002,0.645966,1.085721,0.671593
0.714286,0.656,0.661056,1.007623,0.679671
0.666667,0.664001,0.676146,0.936885,0.72194
0.714286,0.704001,0.708067,0.879359,0.788276
0.714286,0.728,0.723738,0.82475,0.85954
0.666667,0.712002,0.723157,0.785871,0.922837
0.619048,0.744002,0.753918,0.746319,1.00463
0.619048,0.704001,0.706907,0.71125,1.097875
0.666667,0.832,0.817179,0.686978,1.190403
0.666667,0.808001,0.801509,0.668707,1.294523
0.619048,0.784002,0.785258,0.654175,1.407563
0.619048,0.744002,0.753918,0.6461,1.482098
0.52381,0.72,0.737086,0.646,1.585363
0.47619,0.656,0.673825,0.646,1.67956
0.52381,0.688,0.690075,0.646,1.78
0.571429,0.672002,0.690656,0.654267,1.874739
0.535714,0.670002,0.682385,0.68342,1.94747
0.5,0.668001,0.674115,0.717421,1.994288
0.464286,0.666001,0.665844,0.75825,2.048469
0.428571,0.664001,0.657574,0.818992,2.097496
0.380952,0.608002,0.609983,0.889375,2.109281
0.380952,0.568002,0.531631,0.958125,2.109281
0.285714,0.580001,0.553976,1.020879,2.109281
0.190476,0.592001,0.57632,1.063389,2.103599
0.190476,0.568002,0.57632,1.086092,2.088742
0.238095,0.536002,0.54556,1.084967,2.059072
0.333333,0.496001,0.51538,1.084967,2.023646
0.380952,0.471999,0.46895,1.084967,1.979273
0.333333,0.435999,0.437028,1.082046,1.925533
0.285714,0.399999,0.405107,1.055958,1.867778
0.333333,0.367999,0.374347,1.024657,1.809758
0.238095,0.272,0.294835,0.976804,1.734681
0.222222,0.261333,0.273747,0.931387,1.662018
0.206349,0.250666,0.25266,0.882588,1.585794
0.190476,0.24,0.231573,0.824068,1.501487
0.333333,0.204,0.186303,0.776001,1.43314
0.47619,0.168,0.141033,0.737655,1.363152
0.52381,0.184001,0.235636,0.71329,1.322188
0.52381,0.199999,0.219965,0.710713,1.297024
0.619048,0.159999,0.158445,0.710713,1.270581
0.619048,0.176,0.205456,0.710713,1.216375
0.666667,0.208,0.221706,0.716115,1.14559
0.761905,0.191999,0.207197,0.752746,1.084172
0.809524,0.263999,0.301799,0.807833,1.023012
0.809524,0.312,0.31747,0.866734,0.978437
0.809524,0.335999,0.34881,0.929374,0.941088
0.857143,0.376,0.396402,1.005744,0.82656
0.857143,0.399999,0.412072,1.076633,0.753909
0.904762,0.384,0.443993,1.157693,0.742258
0.809524,0.396,0.427162,1.255365,0.734265
0.714286,0.407999,0.410331,1.347195,0.72819
0.809524,0.471999,0.489843,1.456825,0.726
0.761905,0.471999,0.489263,1.549328,0.726
0.761905,0.471999,0.489263,1.636129,0.726
0.761905,0.52,0.520604,1.733569,0.726988
0.714286,0.543999,0.645386,1.828201,0.748059
0.714286,0.624,0.614045,1.910972,0.781842
0.666667,0.608002,0.613465,1.979684,0.818911
0.666667,0.680002,0.691817,2.030742,0.863012
0.714286,0.688,0.692397,2.084637,0.925618
0.619048,0.672002,0.675566,2.127619,0.988723
0.619048,0.672002,0.675566,2.177178,1.068227
0.619048,0.712002,0.722577,2.218994,1.15631
0.571429,0.808001,0.816019,2.251729,1.231647
0.619048,0.736001,0.753918,2.274661,1.313666
0.571429,0.751999,0.753337,2.292417,1.411915
0.619048,0.784002,0.769588,2.292417,1.506027
0.571429,0.751999,0.753337,2.292417,1.601935
0.619048,0.688,0.675566,2.290517,1.699621
0.571429,0.680002,0.690656,2.252593,1.797066
0.52381,0.704001,0.721416,2.196857,1.878906
0.47619,0.688,0.689495,2.128801,1.943344
0.444444,0.672001,0.673438,2.027067,1.999075
0.412698,0.656001,0.657381,1.928721,2.037789
0.380952,0.640002,0.641323,1.819201,2.081374
0.333333,0.592001,0.609402,1.70425,2.1185
0.380952,0.616,0.609983,1.613728,2.1461
0.333333,0.600001,0.593732,1.51768,2.169607
0.285714,0.584,0.577481,1.411086,2.187242
0.190476,0.592001,0.57632,1.319041,2.19
0.142857,0.568002,0.57574,1.23397,2.19
0.238095,0.575999,0.576901,1.165633,2.19
0.238095,0.511999,0.514219,1.110231,2.182205
0.238095,0.52,0.514219,1.067341,2.146091
0.285714,0.488001,0.499129,1.013369,2.098858
0.380952,0.456001,0.46895,0.976602,2.039505
0.285714,0.4,0.428613,0.953228,1.965316
0.190476,0.344,0.388276,0.933344,1.886503
0.238095,0.344,0.341846,0.915391,1.788995
0.238095,0.312,0.310505,0.89983,1.687542
0.285714,0.312,0.326756,0.883458,1.590761
0.301587,0.304,0.321726,0.864875,1.481
0.31746,0.296001,0.316696,0.852742,1.40784
0.333333,0.288001,0.311666,0.851,1.324046
0.380952,0.28,0.296576,0.851,1.271012
0.47619,0.263999,0.266396,0.851,1.170725
0.571429,0.256001,0.283227,0.857551,1.082357
0.571429,0.263999,0.267557,0.875761,1.007752
0.571429,0.248001,0.251886,0.897701,0.956985
0.571429,0.248001,0.267557,0.923937,0.90766
0.47619,0.295999,0.329077,0.956162,0.870999
0.52381,0.320001,0.329658,1.011827,0.842901
0.47619,0.352001,0.344748,1.088285,0.7785
0.47619,0.384,0.376088,1.15976,0.752633
0.47619,0.432002,0.423099,1.227089,0.731833
0.47619,0.448,0.47011,1.294273,0.716906
0.52381,0.48,0.486361,1.36498,0.703021
0.571429,0.560001,0.565293,1.416793,0.695172
0.547619,0.568,0.572838,1.442108,0.695
0.52381,0.575999,0.580383,1.535364,0.695
0.428571,0.640002,0.657574,1.60567,0.695
0.47619,0.672002,0.658154,1.72772,0.695
0.52381,0.680002,0.674405,1.81525,0.69725
0.47619,0.672002,0.673825,1.905625,0.716875
0.52381,0.72,0.737086,1.982058,0.751217
0.47619,0.76,0.752176,2.050708,0.802417
0.52381,0.76,0.737086,2.094997,0.863426
0.571429,0.751999,0.769008,2.129058,0.921836
0.571429,0.776002,0.769008,2.164435,0.979851
0.619048,0.744002,0.753918,2.1905,1.054027
0.619048,0.680002,0.691236,2.1905,1.134375
0.571429,0.688,0.706326,2.1905,1.227939
0.571429,0.688,0.674985,2.189136,1.30106
0.619048,0.664001,0.675566,2.172297,1.378531
0.666667,0.640002,0.660476,2.149417,1.434693
0.666667,0.688,0.676146,2.109729,1.498168
0.666667,0.664001,0.660476,2.042143,1.58497
0.714286,0.664001,0.676727,1.960833,1.652201
0.761905,0.672002,0.677307,1.890791,1.71653
0.761905,0.632001,0.630296,1.835081,1.766705
0.761905,0.616,0.708648,1.786073,1.804798
0.809524,0.632001,0.630876,1.748759,1.8115
0.761905,0.624,0.630296,1.71895,1.8115
0.714286,0.552,0.567034,1.703128,1.8115
0.714286,0.568002,0.582705,1.693753,1.808125
0.619048,0.52,0.534533,1.685,1.773923
0.666667,0.568002,0.566454,1.682763,1.714625
0.666667,0.528001,0.550784,1.679589,1.647795
0.571429,0.608002,0.596634,1.665526,1.559604
0.52381,0.608002,0.611724,1.64655,1.491193
0.571429,0.600001,0.596634,1.618319,1.393556
0.52381,0.592001,0.580383,1.591024,1.299933
0.47619,0.560001,0.564132,1.557726,1.207481
0.428571,0.560001,0.563552,1.516081,1.114037
0.47619,0.592001,0.579803,1.471081,1.034287
0.428571,0.575999,0.594893,1.419239,0.972705
0.380952,0.608002,0.609983,1.36705,0.916712
0.357143,0.612001,0.617528,1.318281,0.875937
0.333333,0.616,0.625073,1.264539,0.860278
0.428571,0.592001,0.610563,1.201409,0.860153
0.380952,0.616,0.594312,1.153837,0.860153
0.47619,0.600001,0.595473,1.115401,0.860153
0.52381,0.560001,0.580383,1.078465,0.872699
0.47619,0.592001,0.579803,1.05415,0.893033
0.547619,0.564001,0.565003,1.031356,0.923125
0.619048,0.536002,0.550203,1.014,0.957375
0.666667,0.584,0.566454,0.987215,0.992864
0.619048,0.592001,0.581544,0.956198,1.027933
0.714286,0.608002,0.614045,0.913709,1.082245
0.761905,0.600001,0.614626,0.864733,1.13554
0.761905,0.624,0.630296,0.795254,1.204741
0.761905,0.624,0.630296,0.729119,1.261764
0.761905,0.632001,0.645966,0.667595,1.312405
0.761905,0.640002,0.645966,0.624062,1.366068
0.761905,0.656,0.661637,0.621,1.406406
0.761905,0.640002,0.661637,0.621,1.445
0.761905,0.640002,0.645966,0.621,1.458
0.714286,0.672002,0.676727,0.648311,1.458
0.761905,0.672002,0.692977,0.701428,1.458
0.761905,0.704001,0.692977,0.781757,1.455551
0.809524,0.656,0.662217,0.851896,1.430458
0.809524,0.640002,0.646547,0.926469,1.39069
0.761905,0.624,0.630296,0.997476,1.346267
0.809524,0.600001,0.599536,1.078231,1.288164
0.809524,0.552,0.568195,1.158467,1.226583
0.857143,0.543999,0.553105,1.22879,1.175446
0.857143,0.552,0.568775,1.304006,1.125941
0.809524,0.543999,0.536854,1.388671,1.071224
0.857143,0.511999,0.521764,1.464957,1.034845
0.857143,0.496001,0.521764,1.528128,1.016583
0.857143,0.456001,0.474753,1.579531,1.004469
0.809524,0.392001,0.411492,1.589375,1.003625
0.857143,0.376,0.380731,1.589375,1.003625
0.857143,0.344,0.365061,1.589375,1.003875
0.904762,0.312,0.31863,1.571373,1.022664
0.857143,0.28,0.286709,1.528603,1.060875
0.809524,0.272,0.270459,1.4725,1.10125
0.857143,0.216001,0.224028,1.389375,1.155
0.761905,0.191999,0.207197,1.307331,1.206664
0.714286,0.176,0.190946,1.199466,1.267478
0.666667,0.144001,0.159025,1.115,1.313461
0.571429,0.112001,0.126524,1.016113,1.362371
0.5,0.095999,0.109983,0.918631,1.409541
0.428571,0.079998,0.093442,0.840625,1.44225
0.428571,0.079998,0.093442,0.751125,1.4725
0.380952,0.151998,0.139872,0.669806,1.494622
0.333333,0.159999,0.170633,0.615903,1.513303
0.285714,0.199999,0.209228,0.557453,1.534009
0.238095,0.24,0.247824,0.507635,1.562518
0.190476,0.28,0.286419,0.472325,1.59379
0.142857,0.320001,0.325015,0.447028,1.620357
0.238095,0.335999,0.326175,0.435697,1.641146
0.142857,0.312,0.325015,0.435697,1.659123
0.142857,0.367999,0.372026,0.435697,1.678
0.142857,0.399999,0.387696,0.436023,1.700152
0.190476,0.439999,0.450958,0.450067,1.725059
0.142857,0.464002,0.466048,0.473692,1.754283
0.190476,0.48,0.482298,0.495125,1.783875
0.190476,0.543999,0.56065,0.520644,1.826222
0.190476,0.528001,0.513639,0.54825,1.870125
0.190476,0.560001,0.56065,0.584625,1.9355
0.238095,0.511999,0.52989,0.619071,1.970022
0.238095,0.52,0.514219,0.664036,1.974073
0.142857,0.511999,0.466048,0.761166,1.987605
0.261905,0.491999,0.491004,0.937833,2.006571
0.380952,0.471999,0.515961,1.099223,2.024468
0.357143,0.444,0.468659,1.175141,2.029651
0.333333,0.416,0.421358,1.253407,2.033913
0.238095,0.416,0.420197,1.341021,2.045833
0.380952,0.38,0.382763,1.424417,2.047929
0.52381,0.344,0.345328,1.483297,2.05115
0.52381,0.320001,0.345328,1.515031,2.06794
0.52381,0.367999,0.376669,1.53604,2.178031
0.52381,0.320001,0.329658,1.559997,2.2005
0.52381,0.295999,0.313987,1.5895,2.2005
0.619048,0.315999,0.322983,1.678982,2.2005
0.714286,0.335999,0.331979,1.78408,2.18002
0.761905,0.312,0.316889,1.876125,2.1515
0.809524,0.288001,0.301799,1.958279,2.111118
0.761905,0.28,0.285548,2.014426,2.067142
0.809524,0.312,0.301799,2.070842,2.004312
0.857143,0.312,0.33372,2.116653,1.944778
0.809524,0.360001,0.364481,2.146625,1.89775
0.809524,0.399999,0.442832,2.188911,1.821044
0.857143,0.352001,0.380731,2.226383,1.730881
0.857143,0.424001,0.459083,2.246662,1.655294
0.809524,0.439999,0.442832,2.261479,1.567908
0.857143,0.471999,0.490424,2.278936,1.46665
0.857143,0.575999,0.584446,2.292795,1.382083
0.857143,0.543999,0.553105,2.295012,1.2914
0.809524,0.52,0.521184,2.295012,1.193055
0.809524,0.536002,0.536854,2.295012,1.124476
0.809524,0.575999,0.583865,2.286017,1.065097
0.761905,0.600001,0.614626,2.263925,1.01395
0.761905,0.584,0.583285,2.24724,0.994
0.761905,0.656,0.630296,2.226675,0.994
0.714286,0.672002,0.676727,2.206674,0.994
0.714286,0.712002,0.708067,2.185924,0.994
0.666667,0.696001,0.723157,2.157012,1.010117
0.619048,0.704001,0.706907,2.127867,1.053714
0.571429,0.768001,0.769008,2.094153,1.108858
0.619048,0.784002,0.785258,2.064754,1.166052
0.619048,0.792,0.785258,2.024344,1.242162
0.571429,0.784002,0.784678,1.982521,1.297067
0.571429,0.832,0.816019,1.942555,1.351503
0.571429,0.832,0.831689,1.889551,1.425295
0.52381,0.751999,0.752757,1.838768,1.496474
0.571429,0.712002,0.721997,1.774315,1.579842
0.571429,0.744002,0.737667,1.707354,1.665926
0.571429,0.736001,0.737667,1.650376,1.740242
0.52381,0.72,0.737086,1.588359,1.813728
0.52381,0.736001,0.752757,1.53436,1.863778
0.52381,0.768001,0.768427,1.466961,1.940529
0.47619,0.736001,0.720836,1.413551,2.041944
0.47619,0.72,0.736506,1.349688,2.120839
0.52381,0.696001,0.690075,1.289633,2.174355
0.52381,0.704001,0.690075,1.222507,2.224384
0.52381,0.696001,0.705746,1.160754,2.259137
0.571429,0.656,0.643645,1.099016,2.2721
0.571429,0.575999,0.596634,1.036241,2.2721
0.47619,0.575999,0.579803,0.967,2.2721
0.571429,0.543999,0.565293,0.923048,2.2706
0.52381,0.528001,0.517702,0.846899,2.242343
0.619048,0.464002,0.471851,0.792989,2.196594
0.714286,0.464002,0.473012,0.752496,2.137727
0.761905,0.496001,0.504933,0.721741,2.068618
0.690476,0.428001,0.433546,0.697728,1.990591
0.619048,0.360001,0.362159,0.68415,1.894011
0.619048,0.312,0.330818,0.6839,1.79435
0.666667,0.288001,0.300058,0.6839,1.688129
0.666667,0.303999,0.315728,0.6839,1.60055
0.714286,0.216001,0.237957,0.68796,1.556618
0.619048,0.216001,0.221126,0.699563,1.525616
0.714286,0.168,0.175276,0.707539,1.449466
0.761905,0.184001,0.191526,0.712125,1.354625
0.666667,0.148001,0.159025,0.715903,1.26145
0.571429,0.112001,0.126524,0.724639,1.169486
0.47619,0.079998,0.109692,0.7395,1.0875
0.380952,0.087998,0.092861,0.76169,1.019018
0.380952,0.112001,0.139872,0.792694,0.915613
0.285714,0.144001,0.154382,0.828617,0.758462
0.333333,0.144001,0.154962,0.87125,0.721875
0.238095,0.176,0.185142,0.927875,0.6875
0.333333,0.216001,0.217644,0.987829,0.66419
0.238095,0.263999,0.232153,1.0585,0.644
0.333333,0.303999,0.311666,1.121904,0.631117
0.238095,0.308,0.310505,1.167292,0.625237
0.142857,0.312,0.309344,1.204261,0.624
0.142857,0.392001,0.403366,1.288665,0.624
0.142857,0.392001,0.403366,1.391439,0.624
0.190476,0.464002,0.466628,1.49323,0.627
0.190476,0.48,0.482298,1.530067,0.660736
0.142857,0.543999,0.544399,1.537102,0.731125
0.142857,0.543999,0.544399,1.54,0.855364
0.142857,0.552,0.544399,1.54,0.955773
0.238095,0.52,0.52989,1.539192,1.050037
0.190476,0.528001,0.529309,1.516921,1.121921
0.238095,0.552,0.54556,1.457625,1.244969
0.190476,0.552,0.56065,1.408,1.365225
0.238095,0.592001,0.56123,1.408,1.467169
0.190476,0.656,0.654672,1.408,1.555511
0.214286,0.646,0.647127,1.408367,1.640931
0.238095,0.636,0.639582,1.42471,1.72216
0.261905,0.626,0.632037,1.45181,1.811151
0.285714,0.616,0.624492,1.493348,1.890799
0.333333,0.543999,0.562391,1.53675,1.95625
0.333333,0.575999,0.593732,1.583575,2.012874
0.380952,0.575999,0.594312,1.636863,2.056066
0.333333,0.568002,0.562391,1.69134,2.09503
0.428571,0.543999,0.547882,1.746655,2.105
0.380952,0.511999,0.515961,1.817082,2.105
0.428571,0.511999,0.500871,1.878913,2.105
0.428571,0.464002,0.46953,1.945203,2.104659
0.47619,0.392001,0.407429,2.014875,2.0975
0.571429,0.384,0.377249,2.074125,2.060614
0.571429,0.367999,0.392919,2.117358,2.018011
0.571429,0.376,0.392919,2.158601,1.965984
0.619048,0.367999,0.377829,2.1961,1.911186
0.666667,0.384,0.39408,2.229058,1.842395
0.761905,0.399999,0.379571,2.25492,1.775369
0.809524,0.376,0.364481,2.277994,1.711434
0.809524,0.344,0.364481,2.291341,1.624454
0.809524,0.367999,0.380151,2.308243,1.527628
0.809524,0.384,0.395821,2.319961,1.445759
0.857143,0.416,0.427742,2.343237,1.360245
0.857143,0.456001,0.459083,2.344536,1.274284
0.809524,0.471999,0.489843,2.344536,1.197419
0.809524,0.471999,0.489843,2.344536,1.110556
0.857143,0.536002,0.537435,2.333259,1.036
0.904762,0.560001,0.569356,2.313319,0.972111
0.857143,0.543999,0.568775,2.293823,0.930643
0.809524,0.511999,0.536854,2.265156,0.889633
0.857143,0.568002,0.553105,2.222071,0.850437
0.809524,0.608002,0.615206,2.166019,0.813559
0.761905,0.560001,0.551944,2.109521,0.779625
0.761905,0.575999,0.598955,2.061271,0.765636
0.761905,0.600001,0.614626,2.018033,0.757891
0.761905,0.672002,0.677307,1.98465,0.757891
0.714286,0.664001,0.676727,1.958228,0.757891
0.714286,0.672002,0.676727,1.93247,0.758418
0.666667,0.72,0.723157,1.913348,0.779018
0.619048,0.76,0.753918,1.897457,0.819681
0.619048,0.736001,0.722577,1.888,0.879
0.619048,0.751999,0.753918,1.878806,0.93961
0.619048,0.816002,0.800929,1.863427,1.005278
0.619048,0.800001,0.800929,1.844086,1.088803
0.571429,0.816002,0.831689,1.82055,1.177
0.619048,0.808001,0.816599,1.795546,1.258762
0.619048,0.792,0.800929,1.763886,1.351024
0.571429,0.792,0.800348,1.72171,1.447768
0.619048,0.736001,0.738247,1.667765,1.558018
0.666667,0.751999,0.754498,1.622255,1.635881
0.619048,0.704001,0.722577,1.571462,1.713971
0.619048,0.712002,0.722577,1.508164,1.803354
0.571429,0.680002,0.674985,1.434793,1.884536
0.47619,0.672002,0.658154,1.360222,1.960873
0.52381,0.664001,0.658735,1.275367,2.032576
0.47619,0.656,0.658154,1.194017,2.086931
0.428571,0.576001,0.587057,1.112728,2.128426
0.380952,0.496001,0.515961,1.028375,2.162283
0.404762,0.488001,0.50058,0.943527,2.182393
0.428571,0.48,0.4852,0.863192,2.182393
0.380952,0.432002,0.437609,0.794142,2.182393
0.428571,0.424001,0.422519,0.723879,2.180708
0.47619,0.416,0.407429,0.660868,2.158474
0.380952,0.303999,0.327916,0.610376,2.121034
0.428571,0.327998,0.328497,0.570125,2.077125
0.52381,0.295999,0.313987,0.54653,2.021503
0.52381,0.272,0.298317,0.541708,1.955161
0.5,0.208,0.235345,0.541708,1.869198
0.47619,0.144001,0.172374,0.541708,1.791812
0.47619,0.144001,0.156703,0.542927,1.688999
0.52381,0.191999,0.188624,0.554448,1.590286
0.571429,0.184001,0.204875,0.573468,1.489575
0.52381,0.176,0.172954,0.595933,1.385311
0.52381,0.223998,0.235636,0.615764,1.277327
0.619048,0.216001,0.221126,0.629871,1.180923
0.619048,0.191999,0.205456,0.642544,1.081849
0.714286,0.256001,0.269298,0.653388,0.989334
0.714286,0.223998,0.237957,0.674767,0.903867
0.761905,0.272,0.285548,0.699508,0.83096
0.761905,0.288001,0.285548,0.729999,0.761192
0.761905,0.327998,0.34823,0.757724,0.714812
0.809524,0.367999,0.380151,0.784197,0.689783
0.809524,0.392001,0.395821,0.812413,0.685
0.857143,0.416,0.427742,0.84031,0.685
0.809524,0.471999,0.442832,0.887093,0.685
0.809524,0.424001,0.427162,0.941915,0.69125
0.809524,0.416,0.427162,1.001685,0.733899
0.857143,0.448,0.459083,1.066906,0.775979
0.809524,0.392001,0.395821,1.131575,0.814728
0.809524,0.416,0.427162,1.202085,0.847026
0.857143,0.384,0.412072,1.270261,0.879695
0.809524,0.376,0.380151,1.344313,0.938528
0.809524,0.327998,0.34881,1.411125,1.036053
0.809524,0.344,0.33314,1.489031,1.094452
0.809524,0.320001,0.33314,1.576682,1.159879
0.714286,0.360001,0.347649,1.634573,1.240741
0.714286,0.335999,0.347649,1.701183,1.315658
0.714286,0.248001,0.284968,1.750791,1.389632
0.666667,0.208,0.221706,1.791905,1.474409
0.619048,0.208,0.221126,1.833052,1.558814
0.52381,0.272,0.282647,1.86575,1.64325
0.52381,0.256001,0.266976,1.89525,1.728125
0.492063,0.266668,0.28226,1.912625,1.81525
0.460317,0.277335,0.297543,1.932754,1.878725
0.428571,0.288001,0.312826,1.940933,1.944943
0.333333,0.303999,0.295995,1.940933,1.991885
0.333333,0.303999,0.327336,1.940933,2.029749
0.238095,0.367999,0.341846,1.938479,2.054518
0.238095,0.407999,0.420197,1.92344,2.072125
0.238095,0.456001,0.467208,1.88394,2.084221
0.190476,0.439999,0.435287,1.829212,2.099492
0.238095,0.496001,0.498549,1.755797,2.116001
0.285714,0.536002,0.54614,1.669954,2.14325
0.269841,0.552001,0.556394,1.605156,2.16621
0.253968,0.568001,0.566647,1.518711,2.189504
0.238095,0.584,0.576901,1.420988,2.210177
0.238095,0.592001,0.592571,1.32016,2.228588
0.238095,0.632001,0.623912,1.227125,2.237168
0.309524,0.652001,0.640453,1.1345,2.237168
0.380952,0.672002,0.656994,1.050145,2.237168
0.380952,0.664001,0.672664,0.993868,2.23631
0.285714,0.728,0.718514,0.945652,2.229476
0.380952,0.704001,0.704005,0.932,2.22623
0.428571,0.704001,0.720255,0.932,2.223875
0.380952,0.728,0.719675,0.932,2.221125
0.428571,0.712002,0.704585,0.937125,2.207625
0.52381,0.784002,0.784098,0.97232,2.186233
0.571429,0.784002,0.800348,1.022142,2.160008
0.52381,0.792,0.784098,1.092416,2.122868
0.52381,0.800001,0.784098,1.16471,2.085128
0.571429,0.776002,0.784678,1.236224,2.049553
0.619048,0.800001,0.800929,1.320125,2.013375
0.571429,0.751999,0.753337,1.39795,1.981725
0.619048,0.712002,0.706907,1.483089,1.945415
0.571429,0.736001,0.737667,1.562972,1.911072
0.619048,0.751999,0.753918,1.649233,1.873233
0.714286,0.768001,0.755078,1.718809,1.837802
0.690476,0.740002,0.739118,1.784516,1.803752
0.666667,0.712002,0.723157,1.841186,1.766265
0.571429,0.728,0.737667,1.901018,1.707476
0.587302,0.720001,0.727413,1.967129,1.621203
0.603175,0.712001,0.71716,2.010099,1.543395
0.619048,0.704001,0.706907,2.058665,1.436246
0.619048,0.640002,0.659896,2.081333,1.366303
0.619048,0.656,0.644225,2.105567,1.285536
0.571429,0.560001,0.580963,2.128474,1.197315
0.52381,0.560001,0.549042,2.13125,1.102424
0.571429,0.543999,0.565293,2.13125,1.004056
0.492063,0.522666,0.543432,2.13125,0.935688
0.412698,0.501333,0.521571,2.12432,0.884718
0.333333,0.48,0.49971,2.098916,0.844149
0.333333,0.448,0.437028,2.064823,0.807903
0.333333,0.399999,0.405688,2.028759,0.764566
0.333333,0.424001,0.421358,1.969802,0.705504
0.301587,0.397334,0.394854,1.908862,0.659718
0.269841,0.370667,0.36835,1.845433,0.63424
0.238095,0.344,0.341846,1.785398,0.614856
0.238095,0.312,0.326175,1.735987,0.600552
0.285714,0.288001,0.295415,1.671763,0.593119
0.333333,0.312,0.327336,1.592848,0.59295
0.357143,0.34,0.351132,1.521976,0.59295
0.380952,0.367999,0.374927,1.43866,0.59295
0.380952,0.352001,0.343587,1.345971,0.607107
0.47619,0.376,0.391759,1.261069,0.633347
0.52381,0.384,0.376669,1.182456,0.662935
0.47619,0.407999,0.407429,1.123979,0.689539
0.52381,0.407999,0.408009,1.054504,0.732408
0.571429,0.416,0.42426,1.007919,0.764601
0.571429,0.496001,0.502612,0.961365,0.804808
0.52381,0.52,0.517702,0.948115,0.853389
0.52381,0.48,0.502031,0.931695,0.890004
0.619048,0.496001,0.503192,0.926899,0.931935
0.52381,0.624,0.643064,0.926899,0.957708
0.619048,0.580001,0.589379,0.926899,0.973106
0.714286,0.536002,0.535694,0.928399,0.976759
0.714286,0.584,0.582705,0.929899,0.979615
0.761905,0.600001,0.614626,0.929899,0.982171
0.809524,0.600001,0.615206,0.935591,0.985416
0.761905,0.592001,0.614626,0.947799,0.998962
0.761905,0.640002,0.645966,0.9604,1.014925
0.809524,0.608002,0.615206,0.969322,1.024194
0.809524,0.575999,0.583865,1.000568,1.039229
0.809524,0.575999,0.583865,1.120037,1.051337
0.857143,0.503999,0.521764,1.223545,1.072104
0.904762,0.52,0.553685,1.334858,1.099545
0.857143,0.552,0.568775,1.458313,1.137426
0.857143,0.488001,0.506094,1.55188,1.172507
0.857143,0.52,0.521764,1.699107,1.205523
0.857143,0.511999,0.521764,1.877327,1.227293
0.809524,0.503999,0.505514,1.936387,1.272258
0.857143,0.488001,0.490424,1.983143,1.312984
0.857143,0.448,0.459083,2.029148,1.370497
0.809524,0.439999,0.458503,2.061125,1.418375
0.857143,0.392001,0.412072,2.077802,1.470848
0.857143,0.376,0.412072,2.078102,1.524531
0.857143,0.392001,0.396402,2.078102,1.53633
0.857143,0.303999,0.31805,2.076877,1.53633
0.809524,0.256001,0.270459,2.058964,1.53633
0.809524,0.231999,0.254788,2.006518,1.53608
0.761905,0.24,0.254208,1.924201,1.534612
0.714286,0.184001,0.175276,1.846186,1.531291
0.714286,0.127999,0.128265,1.7535,1.522375
0.666667,0.119998,0.127684,1.678338,1.503203
0.714286,0.104,0.128265,1.599594,1.48399
0.619048,0.091999,0.103598,1.516995,1.479127
0.52381,0.079998,0.078932,1.434545,1.472582
0.52381,0.095999,0.094602,1.359762,1.468
0.52381,0.104,0.172954,1.294625,1.468
0.47619,0.079998,0.094022,1.228923,1.468
0.47619,0.119998,0.172374,1.167216,1.468484
0.52381,0.144001,0.157284,1.106787,1.485418
0.380952,0.172,0.186883,1.035605,1.51661
0.238095,0.199999,0.216483,0.972025,1.5515
0.238095,0.231999,0.247824,0.903154,1.597219
0.190476,0.263999,0.278584,0.842101,1.647954
0.142857,0.272,0.262333,0.796926,1.696022
0.142857,0.344,0.309344,0.753041,1.754066
0.190476,0.367999,0.388276,0.719266,1.809781
0.190476,0.384,0.403947,0.691232,1.86295
0.142857,0.407999,0.403366,0.676,1.917375
0.142857,0.439999,0.434707,0.676,1.985792
0.142857,0.432002,0.434707,0.676,2.035346
0.190476,0.496001,0.497969,0.676,2.079985
0.190476,0.488001,0.497969,0.684152,2.111969
0.142857,0.536002,0.544399,0.703772,2.135103
0.190476,0.511999,0.497969,0.732802,2.15196
0.190476,0.503999,0.497969,0.764749,2.160917
0.190476,0.511999,0.513639,0.901375,2.169359
0.095238,0.496001,0.528149,1.049163,2.174913
0.047619,0.52,0.511898,1.147,2.178125
0.119048,0.5,0.497098,1.213088,2.181
0.190476,0.48,0.482298,1.291014,2.183113
0.190476,0.464002,0.482298,1.3675,2.18675
0.190476,0.471999,0.466628,1.453724,2.19356
0.095238,0.392001,0.387115,1.519744,2.206635
0.095238,0.312,0.387115,1.537025,2.216069
0.142857,0.327998,0.325015,1.555569,2.224172
0.095238,0.312,0.308764,1.601875,2.225367
0.142857,0.223998,0.246663,1.671988,2.225367
0.142857,0.231999,0.230992,1.74327,2.225367
0.214286,0.204,0.216193,1.819792,2.224636
0.285714,0.176,0.201393,1.870622,2.221074
0.333333,0.176,0.201973,1.931436,2.195392
0.452381,0.176,0.195589,1.987108,2.162542
0.571429,0.176,0.189205,2.042208,2.124646
0.52381,0.127999,0.157284,2.085647,2.074335
0.571429,0.127999,0.142194,2.12707,2.005371
0.619048,0.127999,0.142774,2.158536,1.936818
0.559524,0.151999,0.165554,2.189845,1.867393
0.5,0.175999,0.188334,2.222269,1.788262
0.440476,0.199999,0.211114,2.254555,1.696458
0.380952,0.223998,0.233894,2.272986,1.621604
0.333333,0.223998,0.233314,2.298902,1.536521
0.428571,0.256001,0.250145,2.322739,1.458033
0.380952,0.24,0.249565,2.34775,1.372125
0.428571,0.320001,0.328497,2.367633,1.308872
0.428571,0.352001,0.344167,2.374504,1.245444
0.357143,0.364,0.358967,2.374504,1.184381
0.285714,0.376,0.373767,2.374504,1.140099
0.333333,0.360001,0.374347,2.374504,1.09512
0.285714,0.424001,0.467789,2.370706,1.046369
0.297619,0.446001,0.483604,2.366258,1.010766
0.309524,0.468,0.49942,2.366258,0.990762
0.321429,0.49,0.515235,2.366258,0.989016
0.333333,0.511999,0.53105,2.366508,0.989016
0.333333,0.568002,0.562391,2.377,0.989016
0.333333,0.592001,0.593732,2.402311,0.998814
0.333333,0.600001,0.593732,2.416662,1.036019
0.333333,0.640002,0.687754,2.430486,1.091441
0.285714,0.608002,0.608822,2.437078,1.145501
0.333333,0.664001,0.687754,2.437078,1.211948
0.428571,0.656,0.657574,2.437078,1.290337
0.47619,0.688,0.673825,2.432895,1.36591
0.428571,0.768001,0.767266,2.421319,1.46316
0.47619,0.784002,0.767847,2.387,1.55727
0.47619,0.72,0.720836,2.371365,1.650845
0.52381,0.816002,0.815438,2.365738,1.683
0.47619,0.72,0.736506,2.315117,1.732536
0.52381,0.72,0.737086,2.290418,1.813208
0.571429,0.72,0.737667,2.227235,1.915494
0.619048,0.72,0.738247,2.167278,1.994361
0.619048,0.751999,0.753918,2.104405,2.062573
0.571429,0.751999,0.737667,2.047,2.10975
0.666667,0.744002,0.754498,1.995129,2.1305
0.619048,0.744002,0.753918,1.951916,2.1305
0.666667,0.744002,0.738828,1.92346,2.1305
0.666667,0.72,0.723157,1.922934,2.129006
0.714286,0.672002,0.676727,1.922934,2.082578
0.714286,0.712002,0.708067,1.922934,1.996355
0.761905,0.680002,0.677307,1.931126,1.908972
0.761905,0.656,0.661637,1.948077,1.813864
0.761905,0.664001,0.661637,1.959766,1.722615
0.761905,0.656,0.677307,1.977051,1.623264
0.809524,0.575999,0.599536,1.987927,1.538537
0.714286,0.640002,0.692397,1.989,1.457383
0.761905,0.600001,0.622461,1.989,1.399672
0.809524,0.560001,0.552525,1.989,1.342611
0.809524,0.543999,0.552525,1.98675,1.286156
0.904762,0.543999,0.569356,1.973643,1.239123
0.857143,0.48,0.506094,1.948017,1.182955
0.857143,0.48,0.490424,1.923056,1.126771
0.857143,0.448,0.443413,1.891396,1.065467
0.857143,0.439999,0.459083,1.85465,1.004375
0.761905,0.384,0.395241,1.811041,0.946561
0.857143,0.367999,0.380731,1.75983,0.892196
0.857143,0.384,0.380731,1.70733,0.848641
0.857143,0.288001,0.30238,1.646693,0.809464
0.904762,0.272,0.28729,1.592507,0.779738
0.857143,0.223998,0.239698,1.529327,0.749528
0.809524,0.184001,0.207777,1.451215,0.726011
0.761905,0.176,0.175856,1.385551,0.716717
0.666667,0.136,0.143355,1.318687,0.716265
0.571429,0.119998,0.142194,1.264785,0.716265
0.619048,0.079998,0.095763,1.214242,0.716265
0.619048,0.032,0.048752,1.151999,0.729702
0.52381,0.047998,0.078932,1.093865,0.75396
0.428571,0.079998,0.093442,1.032198,0.793732
0.52381,0.119998,0.125943,0.981962,0.835115
0.52381,0.104,0.125943,0.932875,0.872
0.47619,0.159999,0.156703,0.880552,0.921198
0.47619,0.144001,0.156703,0.833108,0.978242
0.52381,0.136,0.157284,0.791387,1.036305
0.52381,0.168,0.172954,0.749879,1.109068
0.47619,0.144001,0.156703,0.716681,1.179717
0.47619,0.127999,0.156703,0.692159,1.244939
0.571429,0.151998,0.157864,0.669445,1.319764
0.47619,0.127999,0.141033,0.652521,1.3995
0.571429,0.176,0.189205,0.647,1.479709
0.571429,0.176,0.173535,0.647,1.556474
0.666667,0.216001,0.221706,0.647,1.6355
0.571429,0.256001,0.236216,0.647375,1.701968
0.619048,0.300001,0.291642,0.653812,1.764038
0.666667,0.344,0.347069,0.664034,1.819753
0.714286,0.327998,0.36332,0.68351,1.88326
0.714286,0.320001,0.331979,0.71425,1.94975
0.761905,0.407999,0.426582,0.7497,2.005048
0.714286,0.471999,0.473012,0.795088,2.049486
0.761905,0.496001,0.504933,0.853899,2.084669
0.714286,0.511999,0.520023,0.998034,2.094583
0.714286,0.528001,0.535694,1.159654,2.101273
0.666667,0.543999,0.550784,1.294382,2.107835
0.666667,0.584,0.597795,1.361048,2.118113
0.714286,0.656,0.645386,1.434298,2.128238
0.666667,0.632001,0.613465,1.512,2.13625
0.714286,0.568002,0.567034,1.574644,2.153263
0.761905,0.575999,0.583285,1.609164,2.163764
0.761905,0.568002,0.567615,1.635737,2.170997
0.714286,0.511999,0.535694,1.660944,2.178449
0.666667,0.543999,0.550784,1.6858,2.23075
0.619048,0.575999,0.565873,1.740732,2.238
0.714286,0.52,0.520023,1.811493,2.238
0.666667,0.456001,0.456761,1.865125,2.238
0.619048,0.416,0.42484,1.910349,2.226227
0.52381,0.432002,0.43935,1.945779,2.213294
0.52381,0.376,0.42368,1.969831,2.193991
0.547619,0.36,0.384794,2.000597,2.185171
0.571429,0.344,0.345908,2.019844,2.171506
0.5,0.316001,0.321532,2.044886,2.1675
0.428571,0.288001,0.297156,2.068725,2.168
0.380952,0.303999,0.312246,2.0895,2.1695
0.285714,0.272,0.279745,2.0895,2.169625
0.285714,0.303999,0.311085,2.0895,2.170671
0.190476,0.28,0.278584,2.088577,2.181033
0.190476,0.306667,0.309925,2.074952,2.18865
0.190476,0.333334,0.341265,2.033733,2.189
0.190476,0.360001,0.372606,1.961769,2.189
0.190476,0.424001,0.419617,1.8735,2.18895
0.190476,0.456001,0.466628,1.80051,2.185517
0.190476,0.48,0.482298,1.707997,2.16747
0.238095,0.488001,0.498549,1.604938,2.139793
0.190476,0.543999,0.529309,1.510698,2.114667
0.190476,0.52,0.529309,1.410604,2.067413
0.190476,0.543999,0.54498,1.325,2.0075
0.238095,0.592001,0.592571,1.247291,1.93821
0.285714,0.600001,0.593151,1.169567,1.866127
0.333333,0.584,0.578062,1.103186,1.807068
0.285714,0.624,0.655833,1.042527,1.741504
0.333333,0.608002,0.609402,0.996162,1.674971
0.380952,0.672002,0.656994,0.947051,1.607278
0.380952,0.736001,0.735345,0.904557,1.551999
0.380952,0.736001,0.735345,0.874,1.52025
0.380952,0.744002,0.735345,0.868,1.508
0.428571,0.72,0.720255,0.868,1.508
0.428571,0.768001,0.751596,0.868,1.508
0.428571,0.728,0.735926,0.880584,1.508388
0.47619,0.784002,0.767847,0.936991,1.514037
0.571429,0.751999,0.831689,0.998539,1.520378
0.571429,0.832,0.831689,1.071028,1.535915
0.52381,0.792,0.799768,1.148406,1.554786
0.52381,0.792,0.784098,1.246766,1.599508
0.619048,0.800001,0.832269,1.36743,1.617387
0.571429,0.800001,0.784678,1.498033,1.621087
0.571429,0.751999,0.753337,1.594578,1.622875
0.571429,0.712002,0.737667,1.650726,1.623
0.666667,0.768001,0.754498,1.728501,1.622813
0.666667,0.736001,0.723157,1.829848,1.619996
0.666667,0.712002,0.707487,1.927768,1.611911
0.714286,0.704001,0.692397,2.014989,1.583813
0.714286,0.656,0.661056,2.084145,1.527077
0.714286,0.592001,0.598375,2.114274,1.481825
0.809524,0.592001,0.583865,2.149158,1.4456
0.761905,0.575999,0.583285,2.177125,1.4105
0.857143,0.584,0.600116,2.198087,1.36282
0.809524,0.560001,0.568195,2.205903,1.312167
0.857143,0.575999,0.584446,2.205903,1.261858
0.857143,0.608002,0.631457,2.205903,1.201505
0.857143,0.600001,0.615786,2.205677,1.141754
0.857143,0.616,0.615786,2.193697,1.070799
0.809524,0.600001,0.599536,2.180083,1.001695
0.857143,0.592001,0.600116,2.158342,0.947214
0.857143,0.536002,0.553105,2.117648,0.896773
0.857143,0.568002,0.584446,2.072882,0.849373
0.857143,0.503999,0.521764,2.015293,0.797705
0.857143,0.528001,0.537435,1.960104,0.758045
0.857143,0.543999,0.553105,1.89179,0.713023
0.857143,0.560001,0.568775,1.832962,0.6848
0.809524,0.632001,0.630876,1.757951,0.659902
0.809524,0.632001,0.646547,1.684375,0.64075
0.761905,0.632001,0.630296,1.607994,0.624932
0.761905,0.616,0.630296,1.529382,0.620817
0.761905,0.600001,0.614626,1.448958,0.620817
0.714286,0.680002,0.692397,1.369209,0.620817
0.666667,0.704001,0.707487,1.289191,0.624151
0.666667,0.736001,0.738828,1.194872,0.644461
0.666667,0.751999,0.738828,1.10888,0.668374
0.571429,0.784002,0.784678,1.036077,0.696042
0.619048,0.751999,0.769588,0.972729,0.730646
0.619048,0.704001,0.722577,0.923279,0.765031
0.571429,0.736001,0.737667,0.881536,0.810889
0.571429,0.72,0.737667,0.84847,0.864153
0.52381,0.800001,0.768427,0.822405,0.919982
0.47619,0.768001,0.767847,0.794776,0.997585
0.47619,0.768001,0.767847,0.779565,1.071364
0.47619,0.72,0.783517,0.760875,1.149875
0.428571,0.696001,0.688915,0.740137,1.237596
0.380952,0.704001,0.704005,0.717445,1.334375
0.380952,0.704001,0.719675,0.689571,1.443368
0.333333,0.728,0.719095,0.680075,1.532972
0.428571,0.776002,0.767266,0.673375,1.627205
0.380952,0.760002,0.758851,0.667183,1.707194
0.333333,0.744002,0.750435,0.660642,1.757831
0.380952,0.72,0.719675,0.654648,1.827568
0.428571,0.768001,0.767266,0.648,1.882007
0.428571,0.751999,0.751596,0.648,1.923438
0.428571,0.736001,0.735926,0.645972,1.945069
0.428571,0.696001,0.704585,0.63963,1.963664
0.47619,0.688,0.705165,0.638324,1.9675
0.5,0.644001,0.650609,0.638,1.9675
0.52381,0.600001,0.596053,0.608037,1.9675
0.619048,0.640002,0.628555,0.57175,1.966011
0.571429,0.608002,0.612304,0.5715,1.95235
0.595238,0.600001,0.604759,0.5715,1.928408
0.619048,0.592001,0.597214,0.5715,1.894591
0.619048,0.560001,0.550203,0.574,1.8493
0.571429,0.543999,0.565293,0.582141,1.781457
0.595238,0.504,0.518572,0.59425,1.719041
0.619048,0.464002,0.471851,0.606941,1.685257
0.714286,0.432,0.449507,0.619003,1.648278
0.809524,0.399999,0.427162,0.630329,1.608364
0.761905,0.439999,0.442252,0.644412,1.567284
0.809524,0.399999,0.411492,0.664439,1.472875
0.761905,0.376,0.395241,0.689149,1.385486
0.714286,0.344,0.36332,0.717125,1.303375
0.738095,0.328,0.340104,0.753125,1.225
0.761905,0.312,0.316889,0.79825,1.151125
0.809524,0.248001,0.270459,0.858725,0.91255
0.714286,0.248001,0.237957,0.925429,0.733625
0.761905,0.191999,0.207197,1.008904,0.678914
0.714286,0.176,0.190946,1.091318,0.637501
0.666667,0.144001,0.174695,1.17234,0.605902
0.595238,0.136,0.158154,1.258188,0.575834
0.52381,0.127999,0.141613,1.343526,0.550338
0.404762,0.159999,0.171503,1.424625,0.53325
0.285714,0.191999,0.201393,1.493559,0.522
0.285714,0.159999,0.170052,1.5424,0.514695
0.301587,0.207999,0.217257,1.576618,0.512597
0.31746,0.255999,0.264461,1.599,0.512597
0.333333,0.303999,0.311666,1.599,0.512597
0.238095,0.344,0.357516,1.599,0.512973
0.333333,0.303999,0.311666,1.599,0.519443
0.285714,0.335999,0.342426,1.589023,0.529461
0.238095,0.367999,0.373186,1.555266,0.557672
0.238095,0.399999,0.404527,1.517274,0.603194
0.190476,0.439999,0.435287,1.479966,0.66115
0.190476,0.48,0.482298,1.439642,0.738806
0.190476,0.488001,0.482298,1.400214,0.812258
0.142857,0.511999,0.513059,1.354125,0.9025
0.190476,0.496001,0.482298,1.313758,0.991045
0.190476,0.543999,0.56065,1.264982,1.112304
0.285714,0.616,0.608822,1.232527,1.208554
0.285714,0.608002,0.577481,1.202298,1.313176
0.190476,0.640002,0.639002,1.176774,1.428326
0.206349,0.666668,0.680983,1.174774,1.523737
0.222222,0.693334,0.722964,1.174774,1.626998
0.238095,0.72,0.764945,1.174774,1.730486
0.285714,0.72,0.671503,1.232062,1.825145
0.285714,0.696001,0.702844,1.329114,1.900987
0.380952,0.72,0.735345,1.351782,1.969957
0.380952,0.768001,0.766686,1.372724,2.025042
0.428571,0.736001,0.735926,1.405432,2.070011
0.52381,0.816002,0.799768,1.457144,2.105956
0.428571,0.768001,0.782937,1.514609,2.12921
0.52381,0.784002,0.799768,1.551685,2.14
0.52381,0.800001,0.815438,1.572375,2.14
0.571429,0.832,0.831689,1.601818,2.14
0.571429,0.832,0.831689,1.629453,2.139621
0.52381,0.832,0.831109,1.700196,2.129895
0.571429,0.800001,0.800348,1.764448,2.112936
0.619048,0.784002,0.785258,1.848436,2.086266
0.619048,0.776002,0.769588,1.933221,2.051303
0.666667,0.768001,0.785839,1.999078,2.013014
0.571429,0.72,0.721997,2.046541,1.976047
0.666667,0.736001,0.723157,2.07987,1.933913
0.714286,0.736001,0.739408,2.103278,1.893415
0.666667,0.712002,0.723157,2.129368,1.842286
0.714286,0.704001,0.645386,2.160076,1.779611
0.714286,0.624,0.629716,2.1867,1.683511
0.809524,0.616,0.630876,2.207425,1.601328
0.714286,0.600001,0.614045,2.22219,1.542921
0.809524,0.600001,0.583865,2.238531,1.458081
0.809524,0.584,0.583865,2.251948,1.367124
0.809524,0.560001,0.568195,2.2585,1.280125
0.857143,0.560001,0.553105,2.259,1.196369
0.857143,0.543999,0.553105,2.259,1.1155
0.809524,0.52,0.521184,2.259,1.039079
0.809524,0.488001,0.505514,2.250937,0.958461
0.857143,0.496001,0.506094,2.217871,0.878881
0.809524,0.464002,0.474173,2.180668,0.818394
0.857143,0.432002,0.459083,2.140999,0.777411
0.857143,0.456001,0.459083,2.088128,0.736997
0.857143,0.439999,0.427742,2.030615,0.702036
0.809524,0.471999,0.474173,1.953656,0.662321
0.761905,0.488001,0.489263,1.872591,0.634826
0.857143,0.488001,0.506094,1.78058,0.620112
0.809524,0.488001,0.505514,1.687002,0.61179
0.809524,0.511999,0.521184,1.583784,0.604282
0.714286,0.543999,0.535694,1.485502,0.603716
0.714286,0.52,0.535694,1.400827,0.603716
0.666667,0.52,0.503772,1.312125,0.603716
0.666667,0.503999,0.519443,1.230875,0.618304
0.666667,0.48,0.503772,1.160343,0.634668
0.619048,0.536002,0.534533,1.083314,0.658579
0.619048,0.592001,0.565873,1.017434,0.688601
0.571429,0.575999,0.596634,0.975517,0.716258
0.52381,0.608002,0.627394,0.932748,0.755848
0.428571,0.575999,0.579222,0.899375,0.8035
0.47619,0.575999,0.579803,0.8737,0.862606
0.428571,0.592001,0.594893,0.851057,0.919261
0.428571,0.624,0.626233,0.818689,0.982712
0.404762,0.64,0.641613,0.801592,1.045385
0.380952,0.656,0.656994,0.779569,1.127244
0.47619,0.664001,0.658154,0.755468,1.21579
0.380952,0.656,0.656994,0.731516,1.313589
0.47619,0.656,0.673825,0.71328,1.402979
0.428571,0.640002,0.641904,0.691356,1.488375
0.428571,0.616,0.626233,0.673185,1.561453
0.47619,0.640002,0.626814,0.665195,1.628239
0.47619,0.575999,0.579803,0.665195,1.718063
0.380952,0.511999,0.531631,0.665195,1.794738
0.380952,0.536002,0.531631,0.666354,1.855151
0.428571,0.511999,0.500871,0.677,1.909583
0.52381,0.472001,0.470691,0.69325,1.957625
0.619048,0.432002,0.440511,0.716145,1.997248
0.619048,0.432002,0.456181,0.743505,2.032377
0.571429,0.384,0.392919,0.771551,2.061068
0.571429,0.320001,0.345908,0.800589,2.079111
0.52381,0.320001,0.329658,0.827619,2.084648
0.52381,0.327998,0.329658,0.844975,2.084648
0.619048,0.263999,0.268137,0.85144,2.084648
0.666667,0.191999,0.206036,0.853255,2.083771
0.714286,0.184001,0.206616,0.85544,2.06505
0.666667,0.176,0.174695,0.856125,2.034627
0.666667,0.151998,0.159025,0.859272,1.995631
0.666667,0.151998,0.159025,0.875643,1.93986
0.571429,0.136,0.157864,0.895984,1.881949
0.52381,0.127999,0.141613,0.922861,1.80989
0.47619,0.127999,0.141033,0.957144,1.720394
0.380952,0.072,0.077191,0.991008,1.639032
0.380952,0.087998,0.077191,1.037383,1.53968
0.309524,0.107999,0.115496,1.06,1.495
0.238095,0.127999,0.153802,1.089525,1.445262
0.285714,0.144001,0.138712,1.157251,1.335322
0.238095,0.223998,0.232153,1.212566,1.247641
0.253968,0.255999,0.248017,1.274013,1.144026
0.269841,0.288,0.263881,1.329,1.057
0.285714,0.320001,0.279745,1.384742,0.977746
0.238095,0.335999,0.341846,1.442397,0.904964
0.238095,0.407999,0.404527,1.48873,0.853604
0.261905,0.423999,0.420488,1.526414,0.8248
0.285714,0.439999,0.436448,1.538243,0.8248
0.285714,0.456001,0.436448,1.539625,0.8248
0.190476,0.488001,0.497969,1.540142,0.82505
0.190476,0.496001,0.497969,1.542142,0.845
0.142857,0.560001,0.56007,1.544739,0.894938
0.190476,0.560001,0.56065,1.549135,0.964985
0.285714,0.52,0.53047,1.556358,1.035009
0.238095,0.543999,0.52989,1.567898,1.121299
0.190476,0.536002,0.529309,1.576294,1.215228
0.142857,0.528001,0.544399,1.580941,1.302239
0.238095,0.464002,0.467208,1.585221,1.377182
0.190476,0.511999,0.513639,1.586875,1.472919
0.214286,0.516,0.506094,1.588305,1.571958
0.238095,0.52,0.498549,1.593002,1.661294
0.190476,0.471999,0.466628,1.598105,1.741311
0.285714,0.432002,0.452118,1.61154,1.822093
0.269841,0.394668,0.410137,1.635873,1.902425
0.253968,0.357334,0.368156,1.67241,1.976567
0.238095,0.320001,0.326175,1.713521,2.046859
0.285714,0.320001,0.326756,1.748683,2.101615
0.309524,0.272,0.280035,1.787164,2.138693
0.333333,0.224,0.233314,1.83286,2.154419
0.357143,0.176,0.186593,1.877493,2.154419
0.380952,0.127999,0.139872,1.930315,2.154419
0.428571,0.112001,0.124782,1.984567,2.153395
0.380952,0.079998,0.108532,2.042981,2.129808
0.47619,0.064,0.078352,2.090619,2.096335
0.47619,0.079998,0.094022,2.136938,2.060922
0.52381,0.087998,0.094602,2.165002,2.017725
0.571429,0.095999,0.095183,2.192825,1.955497
0.619048,0.119998,0.127104,2.211106,1.899128
0.714286,0.191999,0.206616,2.229588,1.82717
0.761905,0.24,0.254208,2.237998,1.761563
0.809524,0.231999,0.239118,2.24706,1.688543
0.857143,0.24,0.255369,2.251033,1.601467
0.904762,0.272,0.28729,2.251946,1.49883
0.904762,0.327998,0.349971,2.252,1.395333
0.857143,0.392001,0.396402,2.252,1.306423
0.857143,0.392001,0.412072,2.251587,1.21801
0.857143,0.432002,0.443413,2.247265,1.13309
0.904762,0.456001,0.475334,2.237433,1.061153
0.904762,0.471999,0.506674,2.225114,0.99081
0.904762,0.448,0.459663,2.212162,0.941562
0.857143,0.432002,0.459083,2.208062,0.919541
0.809524,0.416,0.411492,2.20528,0.917569
0.857143,0.439999,0.459083,2.203742,0.917569
0.857143,0.384,0.396402,2.20111,0.917569
0.857143,0.448,0.443413,2.2,0.920585
0.857143,0.439999,0.474753,2.199204,0.948217
0.809524,0.48,0.474173,2.186119,0.988062
0.809524,0.560001,0.568195,2.174515,1.021896
0.809524,0.536002,0.552525,2.159801,1.072534
0.761905,0.608002,0.567615,2.156562,1.121875
0.761905,0.608002,0.614626,2.150073,1.18001
0.714286,0.568002,0.582705,2.131943,1.253922
0.714286,0.640002,0.645386,2.127782,1.343792
0.714286,0.640002,0.645386,2.12771,1.454661
0.714286,0.712002,0.708067,2.127407,1.570597
0.666667,0.712002,0.707487,2.124165,1.670483
0.666667,0.704001,0.707487,2.118988,1.769413
0.619048,0.712002,0.722577,2.117645,1.869323
0.619048,0.736001,0.738247,2.117645,1.969891
0.571429,0.768001,0.769008,2.109911,2.065391
0.571429,0.808001,0.800348,2.082618,2.127124
0.52381,0.816002,0.799768,2.04941,2.181938
0.571429,0.800001,0.784678,2.000656,2.219221
0.619048,0.776002,0.785258,1.929414,2.255836
0.52381,0.784002,0.799768,1.853953,2.293836
0.52381,0.76,0.768427,1.779869,2.321331
0.571429,0.751999,0.769008,1.699777,2.340498
0.619048,0.72,0.722577,1.602421,2.360706
0.595238,0.716001,0.714452,1.498171,2.375206
0.571429,0.712002,0.706326,1.390011,2.385706
0.571429,0.677335,0.674985,1.282183,2.391
0.571429,0.642669,0.643645,1.188768,2.391
0.571429,0.608002,0.612304,1.080819,2.391
0.52381,0.560001,0.580383,0.989857,2.38975
0.571429,0.568002,0.580963,0.901375,2.380125
0.642857,0.536,0.542658,0.820511,2.360439
0.714286,0.503999,0.504353,0.756375,2.33825
0.761905,0.456001,0.457922,0.720753,2.320823
0.761905,0.432002,0.442252,0.706503,2.30429
0.761905,0.407999,0.426582,0.7055,2.283886
0.761905,0.416,0.426582,0.7055,2.253703
0.761905,0.432002,0.442252,0.7055,2.220217
0.809524,0.367999,0.380151,0.709422,2.178875
0.857143,0.367999,0.380731,0.710344,2.132391
0.857143,0.344,0.349391,0.710344,2.070625
0.809524,0.312,0.33314,0.710344,1.995544
0.809524,0.288001,0.301799,0.708757,1.912394
0.761905,0.28,0.301219,0.70321,1.876455
0.761905,0.288001,0.301219,0.693915,1.831608
0.761905,0.263999,0.269878,0.688764,1.750511
0.714286,0.216001,0.237957,0.688764,1.642055
0.666667,0.231999,0.253047,0.688764,1.534568
0.666667,0.256001,0.268717,0.689561,1.434322
0.619048,0.327998,0.346489,0.700933,1.322885
0.666667,0.376,0.37841,0.713875,1.238047
0.571429,0.399999,0.40859,0.734483,1.070473
0.571429,0.432002,0.43993,0.762375,0.916625
0.571429,0.471999,0.471271,0.80325,0.8315
0.52381,0.543999,0.549042,0.847933,0.763073
0.47619,0.552,0.548462,0.900125,0.7053
0.571429,0.584,0.580963,0.944318,0.683113
0.47619,0.575999,0.595473,0.980944,0.682969
0.47619,0.592001,0.595473,1.011464,0.682969
0.380952,0.640002,0.641323,1.042005,0.682969
0.428571,0.656,0.657574,1.067258,0.695348
0.333333,0.664001,0.656413,1.092792,0.74575
0.380952,0.672002,0.688334,1.11424,0.812584
0.380952,0.672002,0.688334,1.132039,0.897478
0.380952,0.672002,0.688334,1.146102,1.00004
0.380952,0.672002,0.688334,1.154094,1.087925
0.333333,0.608002,0.609402,1.155656,1.195446
0.380952,0.608002,0.625653,1.156578,1.28775
0.380952,0.560001,0.578642,1.157875,1.401822
0.380952,0.543999,0.562972,1.159494,1.516572
0.380952,0.496001,0.50029,1.161356,1.625672
0.380952,0.48,0.46895,1.223328,1.722253
0.380952,0.496001,0.48462,1.330445,1.829055
0.428571,0.399999,0.406849,1.409292,1.928444
0.380952,0.384,0.359257,1.422689,2.018417
0.428571,0.376,0.375508,1.444384,2.08542
0.428571,0.303999,0.328497,1.453095,2.142556
0.428571,0.312,0.312826,1.453095,2.186474
0.52381,0.272,0.282647,1.453095,2.196947
0.52381,0.191999,0.219965,1.4582,2.196947
0.52381,0.159999,0.204295,1.428904,2.196947
0.52381,0.168,0.172954,1.42262,2.194899
0.47619,0.127999,0.156703,1.42262,2.150518
0.428571,0.127999,0.140453,1.42262,2.10939
0.52381,0.112001,0.125943,1.43131,2.07253
0.428571,0.127999,0.124782,1.439306,2.012369
0.428571,0.127999,0.140453,1.44075,1.972414
0.380952,0.112001,0.108532,1.4405,1.914654
0.333333,0.104,0.123622,1.4405,1.836814
0.238095,0.168,0.185142,1.438833,1.750033
0.238095,0.159999,0.169472,1.427484,1.639847
0.190476,0.184001,0.184562,1.412154,1.529578
0.190476,0.248001,0.262914,1.410253,1.41705
0.285714,0.28,0.279745,1.410253,1.326952
0.190476,0.312,0.309925,1.410253,1.22971
0.238095,0.344,0.388857,1.413306,1.115679
0.214286,0.388001,0.404237,1.428636,1.014708
0.190476,0.432002,0.419617,1.454311,0.919995
0.142857,0.439999,0.450377,1.495293,0.831164
0.238095,0.471999,0.482879,1.544633,0.753
0.238095,0.48,0.498549,1.603862,0.70575
0.238095,0.511999,0.498549,1.666147,0.703
0.238095,0.560001,0.576901,1.710031,0.703
0.285714,0.575999,0.561811,1.749155,0.703
0.190476,0.543999,0.529309,1.783684,0.721205
0.190476,0.575999,0.56065,1.814125,0.769
0.238095,0.575999,0.56123,1.831502,0.856123
0.238095,0.560001,0.54556,1.845875,0.95165
0.238095,0.52,0.514219,1.851,1.050955
0.190476,0.48,0.482298,1.851,1.150859
0.190476,0.48,0.497969,1.851,1.254726
0.238095,0.464002,0.467208,1.852622,1.366468
0.285714,0.407999,0.436448,1.853481,1.4698
0.333333,0.399999,0.405688,1.853481,1.575919
0.333333,0.376,0.374347,1.855082,1.66692
0.333333,0.288001,0.295995,1.859774,1.750279
0.361905,0.268801,0.277539,1.874969,1.817756
0.390476,0.2496,0.259083,1.901483,1.880863
0.419048,0.2304,0.240627,1.928951,1.959115
0.447619,0.211199,0.222171,1.964339,2.00278
0.47619,0.191999,0.203714,2.001294,2.040884
0.52381,0.216001,0.219965,2.04675,2.042017
0.619048,0.168,0.174115,2.074266,2.042017
0.666667,0.176,0.159025,2.109216,2.042017
0.761905,0.176,0.175856,2.138759,2.030469
0.809524,0.176,0.207777,2.171902,2.004503
0.809524,0.272,0.270459,2.201383,1.962484
0.761905,0.320001,0.316889,2.23375,1.904
0.761905,0.312,0.332559,2.269375,1.8285
0.761905,0.416,0.426582,2.287116,1.761768
0.809524,0.360001,0.395821,2.309267,1.691594
0.809524,0.392001,0.395821,2.316508,1.635239
0.809524,0.407999,0.427162,2.323278,1.568622
0.809524,0.448,0.458503,2.3275,1.469513
0.761905,0.456001,0.457922,2.3275,1.384986
0.761905,0.496001,0.504933,2.3275,1.283019
0.761905,0.511999,0.504933,2.3255,1.191125
0.714286,0.511999,0.520023,2.313628,1.115609
0.714286,0.592001,0.598375,2.296,1.036875
0.714286,0.600001,0.614045,2.282013,0.976525
0.666667,0.664001,0.660476,2.26044,0.91467
0.666667,0.640002,0.676146,2.230551,0.882567
0.619048,0.632001,0.644225,2.207875,0.877279
0.571429,0.672002,0.690656,2.19005,0.877279
0.619048,0.696001,0.706907,2.186734,0.877279
0.571429,0.712002,0.706326,2.186734,0.882879
0.47619,0.768001,0.752176,2.186734,0.914628
0.52381,0.736001,0.752757,2.189382,0.961388
0.571429,0.768001,0.753337,2.198181,1.013051
0.52381,0.736001,0.737086,2.202,1.081053
0.47619,0.751999,0.752176,2.202,1.163553
0.380952,0.751999,0.735345,2.202,1.251067
0.47619,0.744002,0.736506,2.202,1.35566
0.428571,0.728,0.720255,2.19254,1.47466
0.380952,0.736001,0.751016,2.175627,1.570799
0.428571,0.728,0.720255,2.143046,1.67066
0.357143,0.724,0.719385,2.103098,1.757463
0.285714,0.72,0.718514,2.049049,1.841727
0.333333,0.664001,0.672084,1.985875,1.927875
0.333333,0.664001,0.672084,1.921448,1.997636
0.321429,0.654001,0.660186,1.868397,2.055699
0.309524,0.644001,0.648288,1.77475,2.123375
0.297619,0.634,0.63639,1.690289,2.160877
0.285714,0.624,0.624492,1.594314,2.200333
0.238095,0.632001,0.623912,1.546395,2.22522
0.238095,0.616,0.623912,1.485905,2.227225
0.285714,0.640002,0.624492,1.413884,2.227225
0.333333,0.640002,0.640743,1.3465,2.227225
0.238095,0.632001,0.623912,1.266236,2.223461
0.285714,0.632001,0.624492,1.192194,2.188701
0.333333,0.640002,0.640743,1.132443,2.143755
0.333333,0.616,0.609402,1.067958,2.08455
0.428571,0.592001,0.610563,0.974672,2.021288
0.380952,0.616,0.609983,0.90875,1.95575
0.428571,0.560001,0.594893,0.878669,1.875702
0.52381,0.543999,0.549042,0.849812,1.775937
0.47619,0.560001,0.548462,0.833937,1.673937
0.52381,0.575999,0.564713,0.827,1.568281
0.547619,0.552,0.557168,0.827,1.454774
0.571429,0.528001,0.549623,0.824092,1.36837
0.619048,0.536002,0.534533,0.818855,1.311
0.666667,0.503999,0.519443,0.817224,1.267443
0.714286,0.511999,0.520023,0.780811,1.162899
0.714286,0.503999,0.520023,0.738676,1.055595
0.714286,0.536002,0.567034,0.738676,0.966925
0.761905,0.543999,0.551944,0.738676,0.878693
0.761905,0.536002,0.536274,0.743838,0.795908
0.761905,0.528001,0.551944,0.794301,0.724377
0.666667,0.575999,0.597795,0.851875,0.664375
0.714286,0.552,0.567034,0.917625,0.611178
0.714286,0.560001,0.551364,1.021381,0.572697
0.714286,0.560001,0.582705,1.304874,0.53904
0.714286,0.528001,0.535694,1.418717,0.526
0.714286,0.528001,0.520023,1.497243,0.526
0.714286,0.511999,0.520023,1.582998,0.526
0.619048,0.496001,0.487522,1.653236,0.527
0.666667,0.432002,0.441091,1.715198,0.542464
0.714286,0.392001,0.39466,1.777057,0.570114
0.666667,0.367999,0.37841,1.834371,0.602289
0.642857,0.36,0.362449,1.879953,0.643893
0.619048,0.352001,0.346489,1.905936,0.679839
0.52381,0.335999,0.329658,1.934903,0.713983
0.571429,0.303999,0.330238,1.9475,0.738472
0.571429,0.256001,0.251886,1.9475,0.759178
0.52381,0.208,0.204295,1.9475,0.77752
0.47619,0.223998,0.235055,1.946875,0.78302
0.380952,0.168,0.186883,1.924781,0.789859
0.380952,0.127999,0.139872,1.892568,0.795631
0.380952,0.127999,0.139872,1.858282,0.807032
0.404762,0.12,0.132327,1.798606,0.833477
0.428571,0.112001,0.124782,1.735554,0.866619
0.47619,0.12,0.133198,1.670512,0.910633
0.52381,0.127999,0.141613,1.599313,0.965835
0.571429,0.144001,0.157864,1.528825,1.0221
0.619048,0.144001,0.158445,1.46118,1.08055
0.666667,0.191999,0.206036,1.384339,1.15068
0.714286,0.208,0.222287,1.319435,1.215615
0.809524,0.231999,0.239118,1.248085,1.296914
0.809524,0.288001,0.301799,1.19003,1.369753
0.857143,0.312,0.31805,1.13325,1.44725
0.833333,0.336001,0.33343,1.078791,1.519806
0.809524,0.360001,0.34881,1.031478,1.587493
0.809524,0.399999,0.411492,0.989902,1.651652
0.809524,0.407999,0.411492,0.965987,1.6941
0.857143,0.448,0.459083,0.944885,1.733474
0.809524,0.464002,0.474173,0.932226,1.764672
0.857143,0.52,0.521764,0.931767,1.773062
0.809524,0.503999,0.521184,0.931767,1.773062
0.761905,0.488001,0.489263,0.931767,1.773062
0.761905,0.488001,0.504933,0.946938,1.771156
0.761905,0.560001,0.567615,0.97124,1.766344
0.714286,0.560001,0.582705,1.007428,1.763326
0.761905,0.632001,0.630296,1.054788,1.763
0.714286,0.624,0.629716,1.107308,1.763
0.761905,0.608002,0.630296,1.168797,1.763
0.714286,0.647999,0.661056,1.232184,1.765419
0.666667,0.696001,0.691817,1.304288,1.778504
0.714286,0.688,0.676727,1.389513,1.797457
0.619048,0.72,0.722577,1.446407,1.806915
0.571429,0.72,0.721997,1.484762,1.815008
0.571429,0.751999,0.737667,1.569982,1.843847
0.571429,0.768001,0.769008,1.6505,1.882125
0.619048,0.768001,0.769588,1.724075,1.926308
0.619048,0.751999,0.769588,1.780825,1.962648
0.714286,0.840001,0.974463,1.844187,2.030004
0.619048,0.76,0.753918,1.892943,2.082966
0.571429,0.768001,0.753337,1.920625,2.142241
0.619048,0.784002,0.800929,1.9225,2.200132
0.619048,0.768001,0.769588,1.9225,2.235841
0.571429,0.736001,0.737667,1.9225,2.257279
0.52381,0.784002,0.784098,1.911021,2.270832
0.52381,0.768001,0.768427,1.888511,2.273238
0.52381,0.751999,0.768427,1.837223,2.275579
0.47619,0.696001,0.705165,1.806944,2.276108
0.47619,0.704001,0.705165,1.745231,2.277542
0.428571,0.656,0.657574,1.657025,2.282467
0.380952,0.680002,0.688334,1.591804,2.290192
0.333333,0.688,0.687754,1.555547,2.293629
0.285714,0.656,0.655833,1.472005,2.29375
0.333333,0.640002,0.656413,1.374556,2.29375
0.285714,0.624002,0.632327,1.287562,2.29375
0.238095,0.608002,0.608241,1.18304,2.286149
0.333333,0.632001,0.640743,1.091778,2.269811
0.261905,0.636002,0.632037,1.025353,2.247737
0.190476,0.640002,0.623331,0.968375,2.216875
0.142857,0.616,0.607081,0.860131,2.173403
0.095238,0.575999,0.6065,0.817508,2.123812
0.190476,0.624,0.623331,0.794739,2.063843
0.095238,0.672002,0.6065,0.781528,2.005076
0.190476,0.640002,0.639002,0.767855,1.933899
0.190476,0.629335,0.628555,0.753875,1.848625
0.190476,0.618669,0.618108,0.742013,1.778825
0.190476,0.608002,0.607661,0.732716,1.747915
0.285714,0.592001,0.593151,0.72292,1.696669
0.333333,0.600001,0.578062,0.72292,1.609583
0.380952,0.568002,0.594312,0.72292,1.543814
0.428571,0.568002,0.594893,0.72292,1.484568
0.380952,0.543999,0.562972,0.727723,1.388552
0.47619,0.560001,0.579803,0.750666,1.293346
0.52381,0.592001,0.580383,0.776995,1.213029
0.571429,0.575999,0.580963,0.803429,1.073757
0.619048,0.592001,0.597214,0.829788,0.949075
0.571429,0.528001,0.533952,0.8575,0.901429
0.571429,0.511999,0.533952,0.872274,0.863094
0.666667,0.496001,0.519443,0.884859,0.812387
0.619048,0.52,0.518862,0.897842,0.786573
0.666667,0.536002,0.535113,0.91092,0.763519
0.761905,0.608002,0.598955,0.924633,0.745032
0.761905,0.624,0.598955,0.950478,0.722994
0.761905,0.584,0.567615,0.989534,0.698385
0.761905,0.616,0.614626,1.041171,0.669898
0.761905,0.552,0.567615,1.091558,0.646902
0.809524,0.600001,0.599536,1.159002,0.623708
0.809524,0.543999,0.552525,1.247732,0.599656
0.857143,0.536002,0.553105,1.336875,0.579449
0.904762,0.536002,0.553685,1.419929,0.572972
0.857143,0.536002,0.553105,1.50041,0.572
0.952381,0.528001,0.522925,1.582266,0.572
0.904762,0.511999,0.522345,1.658127,0.572
0.857143,0.448,0.459083,1.741175,0.572
0.857143,0.439999,0.443413,1.824433,0.572586
0.809524,0.407999,0.427162,1.897,0.585375
0.857143,0.360001,0.365061,1.968625,0.61225
0.809524,0.312,0.31747,2.03725,0.630349
0.809524,0.288001,0.31747,2.103553,0.639285
0.857143,0.248001,0.271039,2.146694,0.649821
0.761905,0.231999,0.238537,2.169163,0.660211
0.714286,0.208,0.222287,2.169163,0.668385
0.666667,0.191999,0.206036,2.169163,0.67325
0.619048,0.136,0.142774,2.168623,0.682891
0.619048,0.095999,0.127104,2.14766,0.690109
0.571429,0.072,0.095183,2.110768,0.716536
0.47619,0.095999,0.109692,2.06975,0.763484
0.52381,0.1,0.110273,2.02531,0.814397
0.571429,0.104,0.110853,1.969131,0.858702
0.619048,0.127999,0.134939,1.897296,0.909309
0.666667,0.151998,0.159025,1.832511,0.953987
0.714286,0.191999,0.206616,1.750435,1.015719
0.761905,0.191999,0.207197,1.662878,1.078669
0.714286,0.256001,0.269298,1.575831,1.136804
0.714286,0.335999,0.331979,1.486503,1.179101
0.714286,0.320001,0.331979,1.38493,1.228757
0.761905,0.392001,0.410911,1.311781,1.283193
0.761905,0.392001,0.410911,1.251708,1.335667
0.761905,0.407999,0.426582,1.167125,1.4115
0.761905,0.464002,0.489263,1.050929,1.479661
0.714286,0.496001,0.504353,0.976429,1.543036
0.714286,0.511999,0.520023,0.911375,1.60275
0.714286,0.52,0.520023,0.863122,1.649585
0.666667,0.568002,0.566454,0.812485,1.702042
0.619048,0.608002,0.612885,0.76475,1.761
0.666667,0.575999,0.582124,0.722857,1.824786
0.619048,0.600001,0.612885,0.697309,1.894739
0.619048,0.575999,0.581544,0.695246,1.948531
0.619048,0.543999,0.534533,0.695246,2.02325
0.619048,0.52,0.518862,0.695246,2.078458
0.52381,0.536002,0.533372,0.704165,2.12715
0.571429,0.496001,0.502612,0.740698,2.161854
0.52381,0.592001,0.596053,0.798913,2.198462
0.47619,0.575999,0.579803,0.845867,2.217471
0.380952,0.640002,0.625653,0.907167,2.223542
0.428571,0.608002,0.594893,0.97908,2.224919
0.428571,0.640002,0.626233,1.063705,2.224919
0.380952,0.568002,0.594312,1.150767,2.224606
0.333333,0.575999,0.578062,1.237557,2.221448
0.285714,0.584,0.593151,1.334936,2.216578
0.253968,0.6,0.603211,1.407629,2.21469
0.222222,0.616001,0.613271,1.487945,2.21469
0.190476,0.632001,0.623331,1.578761,2.21469
0.261905,0.628001,0.624202,1.655516,2.21469
0.333333,0.624,0.625073,1.723378,2.245243
0.285714,0.608002,0.608822,1.753695,2.253316
0.285714,0.600001,0.593151,1.752683,2.253493
0.333333,0.592001,0.593732,1.751672,2.253669
0.309524,0.564001,0.562101,1.75066,2.253846
0.285714,0.536002,0.53047,1.743576,2.253989
0.31746,0.509335,0.509963,1.696762,2.253822
0.349206,0.482668,0.489456,1.632233,2.238822
0.380952,0.456001,0.46895,1.558024,2.215872
0.380952,0.471999,0.46895,1.48271,2.195232
0.47619,0.471999,0.477945,1.403739,2.166934
0.571429,0.471999,0.486941,1.338061,2.131033
0.47619,0.439999,0.45444,1.281061,2.088954
0.47619,0.416,0.423099,1.21305,2.029527
0.380952,0.416,0.374927,1.154211,1.967027
0.428571,0.376,0.391178,1.099777,1.88762
0.47619,0.360001,0.376088,1.061793,1.806796
0.571429,0.335999,0.361579,1.037333,1.73199
0.428571,0.303999,0.336332,1.021,1.647106
0.285714,0.272,0.311085,1.021,1.578205
0.380952,0.248001,0.265235,1.021,1.488944
0.380952,0.24,0.249565,1.022087,1.421102
0.380952,0.208,0.202554,1.039258,1.385409
0.301587,0.184,0.191139,1.072469,1.385409
0.222222,0.16,0.179725,1.113899,1.385409
0.142857,0.136,0.168311,1.157286,1.388102
0.190476,0.144001,0.137551,1.206134,1.512361
0.238095,0.112001,0.122461,1.266561,1.547169
0.357143,0.095999,0.116077,1.329945,1.547169
0.47619,0.079998,0.109692,1.38825,1.547169
0.571429,0.127999,0.157864,1.451883,1.528726
0.571429,0.112001,0.142194,1.518159,1.475281
0.666667,0.14,0.159025,1.585501,1.416469
0.761905,0.168,0.175856,1.643486,1.363222
0.809524,0.231999,0.239118,1.713258,0.996336
0.714286,0.272,0.331979,1.787592,0.764652
0.761905,0.256001,0.269878,1.858445,0.71968
0.809524,0.344,0.34881,1.925675,0.68904
0.857143,0.312,0.33372,1.975076,0.6845
0.857143,0.327998,0.33372,1.99783,0.6845
0.904762,0.376,0.365641,1.99783,0.6845
0.857143,0.36,0.357226,1.99783,0.696109
0.809524,0.344,0.34881,1.99783,0.74883
0.714286,0.320001,0.331979,1.984432,0.811255
0.714286,0.335999,0.347649,1.94723,0.89649
0.714286,0.344,0.347649,1.902369,0.990152
0.666667,0.367999,0.37841,1.853814,1.080349
0.666667,0.392001,0.39408,1.814369,1.164362
0.619048,0.376,0.377829,1.767849,1.248408
0.619048,0.416,0.42484,1.723504,1.332831
0.571429,0.424001,0.42426,1.713818,1.403271
0.47619,0.496001,0.501451,1.712693,1.453984
0.571429,0.543999,0.549623,1.709318,1.483849
0.47619,0.496001,0.517121,1.713683,1.501876
0.428571,0.464002,0.46953,1.73696,1.524286
0.428571,0.52,0.516541,1.773398,1.556562
0.428571,0.511999,0.516541,1.832479,1.590776
0.428571,0.560001,0.532211,1.907948,1.622552
0.428571,0.624,0.610563,1.972888,1.662722
0.428571,0.608002,0.610563,2.043955,1.70831
0.428571,0.672002,0.641904,2.095281,1.768997
0.333333,0.72,0.703424,2.140225,1.841722
0.428571,0.688,0.704585,2.184464,1.911247
0.47619,0.704001,0.689495,2.213917,1.958083
0.380952,0.736001,0.766686,2.213917,2.000876
0.428571,0.76,0.767266,2.213917,2.046867
0.52381,0.751999,0.768427,2.213688,2.079973
0.52381,0.832,0.815438,2.178869,2.126374
0.52381,0.848002,0.831109,2.115575,2.161373
0.52381,0.832,0.815438,2.035459,2.196019
0.52381,0.832,0.831109,1.970812,2.215204
0.619048,0.784002,0.785258,1.883567,2.238445
0.619048,0.768001,0.753918,1.788502,2.26313
0.619048,0.776002,0.769588,1.674847,2.284596
0.666667,0.768001,0.754498,1.575569,2.286071
0.666667,0.736001,0.754498,1.49277,2.286071
0.714286,0.751999,0.739408,1.414224,2.286071
0.666667,0.704001,0.723157,1.355613,2.276469
0.666667,0.712002,0.707487,1.298609,2.242229
0.714286,0.656,0.661056,1.265042,2.217875
0.761905,0.640002,0.645966,1.257667,2.1862
0.761905,0.616,0.630296,1.257667,2.157758
0.666667,0.592001,0.597795,1.257667,2.122546
0.761905,0.604,0.60679,1.258688,2.08403
0.857143,0.616,0.615786,1.269483,2.033911
0.809524,0.575999,0.599536,1.284306,1.984216
0.809524,0.503999,0.521184,1.302375,1.93275
0.809524,0.543999,0.552525,1.320264,1.860681
0.809524,0.543999,0.552525,1.335898,1.787112
0.809524,0.528001,0.536854,1.351676,1.715897
0.809524,0.496001,0.521184,1.373777,1.644805
0.857143,0.503999,0.506094,1.398656,1.568581
0.809524,0.471999,0.489843,1.429063,1.489089
0.857143,0.424001,0.443413,1.460221,1.4055
0.904762,0.384,0.381312,1.4863,1.335434
0.857143,0.384,0.412072,1.502702,1.268685
0.857143,0.352001,0.365061,1.506331,1.17292
0.857143,0.327998,0.33372,1.506331,1.093351
0.857143,0.295999,0.30238,1.506331,1.009782
0.857143,0.288001,0.30238,1.504643,0.929686
0.809524,0.244,0.262623,1.486764,0.858986
0.761905,0.199999,0.222867,1.453429,0.799985
0.761905,0.151998,0.160186,1.414683,0.753926
0.666667,0.176,0.174695,1.370804,0.713053
0.619048,0.176,0.189785,1.323466,0.676593
0.571429,0.112001,0.142194,1.271931,0.64989
0.52381,0.127999,0.141613,1.224371,0.642452
0.52381,0.095999,0.110273,1.153567,0.642452
0.52381,0.079998,0.125943,1.081268,0.642452
0.428571,0.112001,0.093442,1.013578,0.643443
0.333333,0.087998,0.107951,0.953582,0.664104
0.380952,0.104,0.108532,0.904807,0.699999
0.285714,0.112001,0.123041,0.855878,0.749678
0.357143,0.112001,0.123912,0.81719,0.803074
0.428571,0.112001,0.124782,0.780782,0.870843
0.412698,0.141334,0.15593,0.754099,0.941354
0.396825,0.170667,0.187077,0.730805,1.035046
0.380952,0.199999,0.218224,0.714049,1.126836
0.452381,0.235999,0.2426,0.698709,1.217172
0.52381,0.272,0.266976,0.682233,1.314632
0.52381,0.272,0.282647,0.66958,1.406987
0.571429,0.295999,0.314568,0.658128,1.50363
0.619048,0.320001,0.330818,0.651295,1.594698
0.714286,0.335999,0.36332,0.650938,1.681649
0.714286,0.367999,0.37899,0.650938,1.772952
0.714286,0.416,0.410331,0.650938,1.85784
0.714286,0.399999,0.426001,0.656609,1.925594
0.619048,0.511999,0.518862,0.671169,1.976815
0.666667,0.52,0.535113,0.691475,2.027857
0.714286,0.568002,0.582705,0.716091,2.068342
0.714286,0.592001,0.598375,0.755511,2.102979
0.666667,0.584,0.582124,0.802909,2.125327
0.714286,0.584,0.582705,0.911756,2.148303
0.666667,0.584,0.582124,1.075923,2.174424
0.666667,0.568002,0.613465,1.204742,2.199594
0.714286,0.528001,0.535694,1.262747,2.216975
0.666667,0.560001,0.566454,1.347865,2.229552
0.714286,0.528001,0.551364,1.443044,2.237075
0.714286,0.52,0.520023,1.500978,2.23729
0.619048,0.511999,0.518862,1.520787,2.23729
0.619048,0.496001,0.503192,1.545565,2.23643
0.666667,0.503999,0.503772,1.570739,2.231898
0.595238,0.451999,0.448056,1.591802,2.227151
0.52381,0.399999,0.392339,1.636342,2.214732
0.52381,0.384,0.392339,1.717081,2.197803
0.52381,0.352001,0.376669,1.790907,2.17717
0.47619,0.320001,0.329077,1.873442,2.155339
0.52381,0.327998,0.329658,1.946538,2.141625
0.428571,0.311998,0.320662,2.003782,2.114328
0.333333,0.295999,0.311666,2.042272,2.097127
0.428571,0.288001,0.312826,2.085963,2.062037
0.333333,0.304001,0.319501,2.095,2.049118
0.238095,0.320001,0.326175,2.095,2.042214
0.238095,0.367999,0.373186,2.095,2.042054
0.238095,0.352001,0.357516,2.089806,2.037371
0.190476,0.360001,0.388276,2.053921,2.027818
0.142857,0.416,0.434707,2.02025,2.027693
0.190476,0.464002,0.482298,1.981901,2.027264
0.095238,0.48,0.481138,1.933733,2.026074
0.190476,0.48,0.482298,1.865996,2.024936
0.142857,0.552,0.544399,1.796346,2.022003
0.190476,0.536002,0.513639,1.713756,2.005825
0.095238,0.568002,0.57516,1.632885,1.972214
0.190476,0.560001,0.56065,1.56531,1.939032
0.142857,0.608,0.607081,1.488127,1.909034
0.095238,0.656,0.653511,1.407104,1.880039
0.190476,0.66,0.678178,1.32275,1.839625
0.285714,0.664001,0.702844,1.251205,1.796697
0.380952,0.640002,0.641323,1.177559,1.736652
0.428571,0.656,0.657574,1.123949,1.690318
0.428571,0.656,0.657574,1.057917,1.629906
0.47619,0.640002,0.658154,1.00765,1.585625
0.47619,0.688,0.689495,0.969029,1.547246
0.428571,0.72,0.735926,0.961839,1.517796
0.428571,0.744002,0.751596,0.961839,1.499624
0.5,0.772001,0.775972,0.961839,1.490935
0.571429,0.800001,0.800348,0.96871,1.479586
0.571429,0.792,0.784678,1.018569,1.475575
0.571429,0.776002,0.769008,1.0895,1.473547
0.619048,0.744002,0.769588,1.167242,1.471471
0.619048,0.728,0.738247,1.254,1.470948
0.571429,0.728,0.737667,1.288247,1.471041
0.666667,0.704001,0.723157,1.371006,1.472752
0.619048,0.728,0.722577,1.46646,1.475912
0.619048,0.728,0.738247,1.544969,1.482891
0.666667,0.688,0.691817,1.641706,1.488951
0.714286,0.664001,0.676727,1.734334,1.4943
0.714286,0.680002,0.676727,1.806527,1.497194
0.761905,0.600001,0.661637,1.882129,1.497194
0.761905,0.600001,0.614626,1.939,1.497194
0.761905,0.616,0.614626,2.001723,1.496722
0.761905,0.616,0.614626,2.065946,1.481139
0.809524,0.624,0.615206,2.114867,1.456397
0.761905,0.624,0.614626,2.169284,1.426478
0.809524,0.600001,0.615206,2.206375,1.390625
0.809524,0.543999,0.568195,2.240306,1.351612
0.857143,0.568002,0.584446,2.273703,1.29608
0.904762,0.584,0.585026,2.290699,1.2234
0.857143,0.568002,0.568775,2.291,1.148222
0.904762,0.528001,0.553685,2.291,1.085424
0.904762,0.568002,0.569356,2.291,1.0275
0.880952,0.540001,0.553395,2.280855,0.955162
0.857143,0.511999,0.537435,2.257017,0.895989
0.809524,0.488001,0.505514,2.215,0.8406
0.857143,0.439999,0.459083,2.170891,0.794001
0.809524,0.448,0.458503,2.115565,0.746176
0.809524,0.432002,0.442832,2.060521,0.711711
0.809524,0.344,0.34881,1.988087,0.678733
0.857143,0.327998,0.349391,1.916714,0.655653
0.809524,0.327998,0.34881,1.840625,0.640889
0.761905,0.312,0.316889,1.742427,0.633104
0.761905,0.272,0.285548,1.663604,0.630595
0.761905,0.28,0.285548,1.583169,0.630595
0.714286,0.234667,0.24318,1.50963,0.630595
0.666667,0.189334,0.200813,1.431646,0.631329
0.619048,0.144001,0.158445,1.359999,0.643988
0.666667,0.144001,0.159025,1.301632,0.663375
0.571429,0.168,0.204875,1.233203,0.693455
0.52381,0.144001,0.157284,1.175151,0.722741
0.52381,0.168,0.188624,1.119336,0.759273
0.47619,0.188,0.21155,1.071597,0.797526
0.428571,0.208,0.234475,1.026072,0.84554
0.380952,0.176,0.202554,0.985103,0.924103
0.380952,0.159999,0.186883,0.956524,0.992418
0.285714,0.176,0.185723,0.912197,1.054506
0.380952,0.184001,0.171213,0.868843,1.126081
0.428571,0.191999,0.203134,0.82709,1.203773
0.47619,0.191999,0.172374,0.787568,1.290627
0.52381,0.191999,0.188624,0.756279,1.368795
0.547619,0.188,0.19675,0.725014,1.453969
0.571429,0.184001,0.204875,0.690045,1.540983
0.619048,0.223998,0.221126,0.647018,1.612581
0.571429,0.24,0.236216,0.621507,1.707852
0.666667,0.312,0.300058,0.611527,1.790502
0.666667,0.312,0.331399,0.611527,1.87974
0.666667,0.335999,0.347069,0.611527,1.943665
0.666667,0.360001,0.362739,0.613705,2.011748
0.714286,0.392001,0.39466,0.644871,2.077851
0.761905,0.424001,0.457922,0.656038,2.124884
0.761905,0.456001,0.473593,0.67461,2.152517
0.761905,0.456001,0.489263,0.703413,2.154867
0.666667,0.488001,0.488102,0.732002,2.154867
0.714286,0.496001,0.504353,0.76554,2.154867
0.666667,0.560001,0.582124,0.802171,2.149819
0.714286,0.568002,0.582705,0.827337,2.137922
0.761905,0.616,0.630296,0.850121,2.124549
0.714286,0.640002,0.645386,0.912203,2.116439
0.666667,0.664001,0.676146,0.987545,2.116218
0.714286,0.680002,0.692397,1.057342,2.116218
0.666667,0.72,0.707487,1.128615,2.116
0.619048,0.712002,0.722577,1.215052,2.116
0.619048,0.728,0.722577,1.278783,2.115585
0.619048,0.784002,0.769588,1.347953,2.115564
0.571429,0.768001,0.784678,1.441102,2.113095
0.547619,0.76,0.760882,1.526508,2.106685
0.52381,0.751999,0.737086,1.595222,2.098596
0.52381,0.768001,0.815438,1.657725,2.085958
0.52381,0.736001,0.721416,1.714918,2.067312
0.571429,0.736001,0.737667,1.766045,2.049433
0.52381,0.688,0.690075,1.810269,2.035328
0.52381,0.712002,0.721416,1.845575,2.023937
0.428571,0.688,0.688915,1.87825,2.01475
0.380952,0.680001,0.672664,1.897625,2.003438
0.333333,0.672002,0.656413,1.924125,1.98475
0.285714,0.624,0.640163,1.94683,1.983
0.380952,0.624,0.625653,1.949313,1.983
0.357143,0.612001,0.617528,1.949313,1.983
0.333333,0.600001,0.609402,1.949313,1.987851
0.285714,0.600001,0.608822,1.943219,2.003604
0.285714,0.568002,0.577481,1.912869,2.013275
0.238095,0.560001,0.576901,1.880922,2.018743
0.190476,0.528001,0.54498,1.825956,2.023544
0.238095,0.52,0.498549,1.752738,2.024583
0.333333,0.48,0.49971,1.676905,2.024583
0.309524,0.459999,0.468079,1.588855,2.024583
0.285714,0.439999,0.436448,1.518622,2.022353
0.261905,0.416,0.420488,1.441936,2.002388
0.238095,0.392001,0.404527,1.357694,1.976102
0.333333,0.367999,0.374347,1.280182,1.947833
0.333333,0.360001,0.374347,1.200232,1.909948
0.333333,0.376,0.374347,1.138117,1.869727
0.380952,0.376,0.390598,1.084265,1.824521
0.365079,0.410666,0.416522,1.027653,1.767085
0.349206,0.445333,0.442445,0.9755,1.7065
0.333333,0.48,0.468369,0.944624,1.662621
0.380952,0.439999,0.437609,0.893037,1.5822
0.47619,0.464002,0.47011,0.855495,1.527049
0.428571,0.48,0.4852,0.837189,1.524666
0.47619,0.48,0.485781,0.820174,1.515817
0.571429,0.52,0.526117,0.795414,1.436021
0.666667,0.560001,0.566454,0.786202,1.346225
0.571429,0.552,0.549623,0.786202,1.254928
0.619048,0.528001,0.550203,0.786202,1.159924
0.714286,0.560001,0.582705,0.79056,1.077435
0.761905,0.568002,0.583285,0.830516,1.01409
0.761905,0.568002,0.614626,0.883949,0.891965
0.761905,0.536002,0.536274,0.924206,0.75207
0.809524,0.608002,0.599536,0.995923,0.713612
0.809524,0.608002,0.615206,1.084073,0.66455
0.809524,0.632001,0.646547,1.170634,0.633925
0.857143,0.608002,0.600116,1.270125,0.612264
0.809524,0.592001,0.599536,1.349783,0.59938
0.857143,0.560001,0.568775,1.429163,0.588662
0.809524,0.560001,0.583865,1.51412,0.586375
0.809524,0.528001,0.583865,1.598691,0.586375
0.857143,0.48,0.506094,1.681225,0.586375
0.857143,0.511999,0.553105,1.768,0.589102
0.857143,0.52,0.521764,1.844888,0.611456
0.857143,0.496001,0.506094,1.925716,0.645542
0.857143,0.488001,0.506094,1.995423,0.692177
0.857143,0.456001,0.459083,2.058345,0.747242
0.904762,0.432002,0.459663,2.108574,0.802295
0.857143,0.399999,0.427742,2.142127,0.865389
0.857143,0.376,0.396402,2.192311,0.94398
0.857143,0.376,0.380731,2.217166,1.012245
0.809524,0.295999,0.31747,2.222528,1.075086
0.809524,0.263999,0.301799,2.222528,1.13772
0.809524,0.256001,0.270459,2.222528,1.202659
0.809524,0.231999,0.239118,2.221114,1.244746
0.761905,0.191999,0.207197,2.211156,1.286266
0.761905,0.176,0.191526,2.2005,1.302125
0.761905,0.144001,0.160186,2.165839,1.313096
0.666667,0.055999,0.080673,2.120151,1.329632
0.666667,0.032,0.065003,2.076185,1.341556
0.619048,0.023999,0.048752,2.020804,1.351
0.52381,0.023999,0.047591,1.942863,1.355188
0.52381,0.032,0.063262,1.862827,1.357433
0.52381,0.047998,0.047591,1.766127,1.363215
0.47619,0.168,0.172374,1.672848,1.372094
0.428571,0.191999,0.203134,1.566814,1.384704
0.309524,0.195999,0.209518,1.469573,1.392948
0.190476,0.199999,0.215902,1.359323,1.407482
0.285714,0.204,0.217063,1.257507,1.430655
0.380952,0.208,0.218224,1.163502,1.458189
0.380952,0.191999,0.218224,1.085267,1.489843
0.47619,0.176,0.188044,1.020245,1.530204
0.52381,0.191999,0.188624,0.950424,1.577149
0.428571,0.223998,0.234475,0.876982,1.620315
0.47619,0.239999,0.250725,0.79444,1.687655
0.52381,0.256,0.266976,0.737683,1.745684
0.571429,0.272,0.283227,0.698129,1.795258
0.619048,0.288001,0.299478,0.672928,1.834284
0.666667,0.303999,0.315728,0.659221,1.877075
0.619048,0.312,0.299478,0.659109,1.914232
0.690476,0.284001,0.284678,0.659109,1.955466
0.761905,0.256001,0.269878,0.659109,1.995252
0.714286,0.320001,0.331979,0.674228,2.041581
0.761905,0.344,0.34823,0.705115,2.082329
0.761905,0.344,0.3639,0.746552,2.113505
0.714286,0.407999,0.410331,0.788854,2.138775
0.714286,0.424001,0.441672,0.881737,2.166721
0.714286,0.407999,0.426001,0.980222,2.189837
0.714286,0.52,0.535694,1.145305,2.210456
0.761905,0.52,0.536274,1.272734,2.226021
0.761905,0.560001,0.567615,1.340605,2.229886
0.761905,0.536002,0.551944,1.396887,2.231168
0.761905,0.632001,0.598955,1.464944,2.234074
0.666667,0.624,0.644806,1.5247,2.246208
0.619048,0.647999,0.644225,1.563292,2.2555
0.666667,0.688,0.691817,1.586084,2.26425
0.666667,0.664001,0.676146,1.597874,2.268547
0.619048,0.784002,0.769588,1.61557,2.26882
0.619048,0.776002,0.785258,1.661,2.26882
0.619048,0.768001,0.769588,1.746262,2.26882
0.619048,0.768001,0.769588,1.832484,2.266507
0.52381,0.768001,0.768427,1.901897,2.256117
0.571429,0.784002,0.784678,1.965246,2.231465
0.571429,0.696001,0.706326,2.017994,2.192213
0.52381,0.72,0.737086,2.068,2.148625
0.52381,0.768001,0.768427,2.106807,2.118062
0.428571,0.751999,0.782937,2.123505,2.069243
0.52381,0.768001,0.752757,2.124094,2.017003
0.52381,0.728,0.721416,2.124094,1.987273
0.428571,0.724,0.728091,2.124094,1.964403
0.333333,0.72,0.734765,2.110886,1.954186
0.333333,0.704001,0.687754,2.07734,1.952419
0.285714,0.688,0.640163,2.03575,1.952419
0.309524,0.652,0.632618,1.985452,1.953089
0.333333,0.616,0.625073,1.899586,1.965625
0.285714,0.616,0.608822,1.842439,1.982681
0.190476,0.616,0.623331,1.804162,1.989208
0.238095,0.616,0.608241,1.76066,1.994889
0.285714,0.640002,0.640163,1.696975,2.007225
0.238095,0.608002,0.623912,1.623883,2.021178
0.261905,0.616001,0.616367,1.556445,2.03493
0.285714,0.624,0.608822,1.475605,2.047643
0.285714,0.616,0.608822,1.383996,2.048524
0.333333,0.575999,0.578062,1.316131,2.048524
0.380952,0.608002,0.609983,1.250733,2.048524
0.428571,0.576001,0.587057,1.182189,2.038521
0.47619,0.543999,0.564132,1.116666,2.003904
0.47619,0.568002,0.564132,1.051537,1.948994
0.52381,0.632001,0.564713,0.992916,1.883545
0.52381,0.575999,0.596053,0.945864,1.811532
0.571429,0.592001,0.612304,0.902519,1.730912
0.619048,0.592001,0.612885,0.863466,1.650923
0.666667,0.575999,0.582124,0.833,1.606642
0.619048,0.528001,0.534533,0.805616,1.577825
0.690476,0.540001,0.543239,0.778149,1.535871
0.761905,0.552,0.551944,0.76144,1.464386
0.666667,0.536002,0.550784,0.758156,1.369052
0.714286,0.552002,0.559199,0.758156,1.274407
0.761905,0.568002,0.567615,0.758156,1.194399
0.809524,0.52,0.536854,0.761449,1.096926
0.857143,0.511999,0.600116,0.779896,1.02223
0.809524,0.52,0.536854,0.808939,0.855618
0.857143,0.536002,0.537435,0.845565,0.740685
0.857143,0.528001,0.537435,0.891415,0.698525
0.857143,0.52,0.537435,0.951733,0.667736
0.857143,0.52,0.537435,1.023617,0.64348
0.857143,0.536002,0.537435,1.105531,0.623294
0.857143,0.471999,0.490424,1.192889,0.608665
0.857143,0.464002,0.474753,1.273246,0.597893
0.857143,0.456001,0.459083,1.360548,0.588509
0.904762,0.432002,0.459663,1.447756,0.585
0.857143,0.384,0.396402,1.529922,0.585
0.857143,0.327998,0.349391,1.610319,0.585
0.904762,0.295999,0.30296,1.678009,0.586297
0.84127,0.269333,0.281292,1.756288,0.600913
0.777778,0.242667,0.259625,1.848097,0.626475
0.714286,0.216001,0.237957,1.912767,0.653656
0.666667,0.223998,0.221706,1.965125,0.678717
0.714286,0.184001,0.190946,1.9865,0.697267
0.714286,0.144001,0.175276,1.9865,0.715037
0.619048,0.112001,0.142774,1.9865,0.731758
0.619048,0.136,0.158445,1.98554,0.755406
0.571429,0.119998,0.142194,1.954597,0.783183
0.571429,0.136,0.157864,1.900894,0.814221
0.47619,0.095999,0.109692,1.824721,0.858952
0.428571,0.127999,0.124782,1.747354,0.912406
0.380952,0.168,0.186883,1.677068,0.963496
0.333333,0.208,0.217644,1.586742,1.020939
0.297619,0.22,0.228961,1.512427,1.071615
0.261905,0.232001,0.240279,1.44737,1.121874
0.22619,0.244001,0.251596,1.368068,1.181052
0.190476,0.256001,0.262914,1.280975,1.249525
0.238095,0.304,0.310505,1.202557,1.316906
0.285714,0.352,0.358096,1.126764,1.384028
0.333333,0.399999,0.405688,1.062339,1.444804
0.238095,0.456001,0.451538,1.000742,1.512106
0.190476,0.456001,0.466628,0.949446,1.573782
0.142857,0.503999,0.513059,0.890026,1.652791
0.142857,0.48,0.513059,0.846,1.7195
0.190476,0.471999,0.482298,0.806375,1.788375
0.142857,0.552,0.56007,0.774875,1.84925
0.190476,0.543999,0.54498,0.748611,1.904277
0.238095,0.560001,0.54556,0.731086,1.952473
0.238095,0.560001,0.56123,0.7298,2.002548
0.238095,0.592001,0.592571,0.7298,2.05549
0.285714,0.592001,0.593151,0.7298,2.097024
0.333333,0.592001,0.609402,0.745702,2.135615
0.380952,0.736001,0.641323,0.769695,2.16282
0.333333,0.672002,0.687754,0.800754,2.182392
0.285714,0.736001,0.765525,0.878866,2.19332
0.357143,0.704001,0.719385,1.057689,2.207987
0.428571,0.672002,0.673244,1.160429,2.221086
0.47619,0.776002,0.752176,1.234207,2.223263
0.380952,0.704001,0.704005,1.30541,2.223495
0.333333,0.712002,0.719095,1.361113,2.223495
0.380952,0.712002,0.719675,1.448872,2.223356
0.285714,0.72,0.718514,1.50141,2.222093
0.333333,0.696001,0.703424,1.533859,2.217674
0.380952,0.680002,0.688334,1.555391,2.213315
0.380952,0.656,0.656994,1.581094,2.207238
0.333333,0.624,0.625073,1.646544,2.200444
0.380952,0.608002,0.625653,1.731643,2.18519
0.333333,0.624,0.625073,1.815908,2.15888
0.428571,0.584,0.563552,1.894875,2.11975
0.428571,0.528,0.516541,1.943807,2.090429
0.428571,0.472,0.46953,1.982159,2.068334
0.428571,0.416,0.422519,2.00882,2.049794
0.52381,0.432002,0.42368,2.035134,2.017494
0.52381,0.399999,0.408009,2.066414,1.964383
0.47619,0.383999,0.391759,2.102834,1.8913
0.428571,0.367999,0.375508,2.127851,1.807808
0.5,0.328,0.345038,2.144564,1.721523
0.571429,0.288001,0.314568,2.157184,1.636895
0.619048,0.272,0.299478,2.177382,1.535442
0.619048,0.256001,0.268137,2.204956,1.442687
0.714286,0.24,0.206616,2.228952,1.341499
0.714286,0.216001,0.237957,2.25273,1.236388
0.714286,0.231999,0.237957,2.263,1.149262
0.761905,0.223998,0.238537,2.263,1.077069
0.809524,0.216001,0.223447,2.263,1.008785
0.857143,0.256001,0.271039,2.26239,0.948283
0.809524,0.24,0.270459,2.246512,0.899115
0.809524,0.272,0.286129,2.219133,0.854222
0.857143,0.312,0.33372,2.183838,0.813822
0.857143,0.344,0.349391,2.131317,0.782517
0.857143,0.344,0.365061,2.06617,0.756022
0.857143,0.344,0.365061,1.997924,0.726396
0.857143,0.399999,0.427742,1.922241,0.70047
0.857143,0.439999,0.443413,1.858318,0.685648
0.809524,0.407999,0.411492,1.782312,0.681022
0.809524,0.439999,0.458503,1.718203,0.674075
0.809524,0.471999,0.458503,1.664667,0.669658
0.809524,0.464002,0.474173,1.613527,0.669544
0.761905,0.496001,0.489263,1.56875,0.669544
0.809524,0.592001,0.599536,1.531814,0.669544
0.761905,0.592001,0.614626,1.506907,0.673359
0.714286,0.608002,0.614045,1.505522,0.681264
0.714286,0.608002,0.614045,1.505522,0.691167
0.666667,0.640002,0.644806,1.505522,0.703704
0.666667,0.736001,0.738828,1.5207,0.715114
0.666667,0.736001,0.754498,1.560133,0.731762
0.619048,0.816002,0.800929,1.594119,0.755938
0.619048,0.784002,0.769588,1.625481,0.795704
0.619048,0.768001,0.769588,1.660073,0.848706
0.666667,0.72,0.723157,1.689219,0.911042
0.619048,0.736001,0.738247,1.717033,0.985275
0.571429,0.72,0.721997,1.740193,1.061293
0.571429,0.728,0.721997,1.755958,1.148446
0.571429,0.751999,0.769008,1.757024,1.243059
0.52381,0.751999,0.737086,1.757024,1.338466
0.428571,0.76,0.767266,1.757024,1.440468
0.47619,0.736001,0.736506,1.753784,1.538694
0.428571,0.751999,0.751596,1.745287,1.630507
0.428571,0.696001,0.688915,1.735776,1.71333
0.428571,0.640002,0.641904,1.724896,1.808
0.52381,0.664001,0.690075,1.703595,1.912764
0.412698,0.656001,0.673051,1.673918,2.011836
0.301587,0.648002,0.656026,1.642696,2.099238
0.190476,0.640002,0.639002,1.607839,2.173803
0.238095,0.640002,0.639582,1.564589,2.236945
0.190476,0.600001,0.607661,1.516177,2.28635
0.190476,0.624,0.607661,1.46807,2.331828
0.238095,0.616,0.608241,1.402364,2.37113
0.238095,0.616,0.608241,1.327375,2.392875
0.238095,0.608,0.603018,1.245835,2.394
0.238095,0.6,0.597795,1.154157,2.394
0.238095,0.592001,0.592571,1.083657,2.394
0.285714,0.608002,0.608822,1.018947,2.383666
0.190476,0.608002,0.607661,0.972648,2.360383
0.285714,0.600001,0.608822,0.924643,2.324873
0.238095,0.608002,0.608241,0.877981,2.268661
0.190476,0.575999,0.591991,0.83925,2.20225
0.285714,0.608002,0.593151,0.817432,2.127053
0.238095,0.560001,0.56123,0.787164,2.034478
0.309524,0.568,0.562101,0.767079,1.941494
0.380952,0.575999,0.562972,0.743263,1.841979
0.380952,0.581333,0.573418,0.716479,1.721339
0.380952,0.586667,0.583865,0.700333,1.653128
0.380952,0.592001,0.594312,0.68475,1.56525
0.452381,0.612001,0.603018,0.669752,1.465468
0.52381,0.632001,0.611724,0.657279,1.356683
0.571429,0.592001,0.596634,0.654488,1.255056
0.619048,0.600001,0.612885,0.654488,1.153303
0.619048,0.592001,0.612885,0.654488,1.059592
0.642857,0.628001,0.63668,0.656491,0.987173
0.666667,0.664001,0.660476,0.663487,0.919332
0.666667,0.656,0.660476,0.679714,0.860978
0.714286,0.640002,0.645386,0.695162,0.812228
0.761905,0.624,0.645966,0.717973,0.76163
0.761905,0.624,0.630296,0.744307,0.720932
0.761905,0.608002,0.598955,0.81972,0.683965
0.761905,0.616,0.614626,0.906236,0.650917
0.857143,0.584,0.600116,1.000383,0.623392
0.809524,0.584,0.568195,1.094937,0.600187
0.857143,0.568002,0.568775,1.188737,0.577995
0.857143,0.536002,0.553105,1.285076,0.559466
0.857143,0.528001,0.537435,1.489149,0.546722
0.809524,0.503999,0.521184,1.598793,0.536311
0.904762,0.471999,0.491004,1.691318,0.532794
0.809524,0.471999,0.489843,1.78586,0.532794
0.833333,0.459999,0.474463,1.87586,0.532794
0.857143,0.448,0.459083,1.95349,0.533026
0.857143,0.392001,0.396402,2.033511,0.539655
0.809524,0.376,0.395821,2.096028,0.554929
0.857143,0.303999,0.31805,2.15604,0.580502
0.857143,0.263999,0.30238,2.200319,0.610665
0.857143,0.256001,0.255369,2.236359,0.642508
0.809524,0.223998,0.254788,2.244305,0.674891
0.809524,0.24,0.239118,2.244305,0.700467
0.809524,0.231999,0.239118,2.244305,0.71531
0.761905,0.191999,0.207197,2.242087,0.73202
0.809524,0.263999,0.270459,2.214653,0.747881
0.761905,0.288001,0.285548,2.165255,0.761994
0.761905,0.256001,0.254208,2.111617,0.777087
0.761905,0.272,0.285548,2.051629,0.796746
0.714286,0.312,0.331979,1.980427,0.823982
0.714286,0.303999,0.316309,1.879372,0.86735
0.714286,0.320001,0.331979,1.79975,0.90665
0.714286,0.392001,0.39466,1.714876,0.943225
0.666667,0.448,0.441091,1.625941,0.980625
0.666667,0.439999,0.456761,1.563733,1.018353
0.666667,0.528001,0.535113,1.470187,1.062849
0.619048,0.575999,0.581544,1.381116,1.107852
0.571429,0.575999,0.596634,1.304369,1.148558
0.571429,0.543999,0.549623,1.218882,1.196411
0.571429,0.592001,0.580963,1.13325,1.24775
0.52381,0.647999,0.596053,1.053014,1.302209
0.571429,0.664001,0.612304,0.972769,1.366353
0.452381,0.688002,0.657864,0.909887,1.427257
0.333333,0.712002,0.703424,0.85725,1.4855
0.428571,0.872001,0.688915,0.803875,1.552375
0.428571,0.640002,0.657574,0.760592,1.616514
0.428571,0.656,0.657574,0.725153,1.683327
0.428571,0.640002,0.641904,0.699807,1.756372
0.380952,0.656,0.656994,0.695,1.833352
0.357143,0.668001,0.664539,0.695,1.905432
0.333333,0.680002,0.672084,0.695,1.964028
0.428571,0.688,0.673244,0.698375,2.011125
0.309524,0.664001,0.656123,0.731812,2.054699
0.190476,0.640002,0.639002,0.819211,2.095527
0.142857,0.608002,0.622751,0.865677,2.129105
0.261905,0.596001,0.600696,0.909838,2.158767
0.380952,0.584,0.578642,0.979929,2.191866
0.285714,0.540001,0.538305,1.047698,2.21698
0.190476,0.496001,0.497969,1.117182,2.237841
0.190476,0.496001,0.497969,1.195926,2.255201
0.142857,0.439999,0.450377,1.244287,2.266514
0.142857,0.384,0.403366,1.280412,2.270132
0.238095,0.327998,0.341846,1.32886,2.270132
0.333333,0.295999,0.327336,1.370862,2.270132
0.321429,0.271999,0.288015,1.405297,2.269571
0.309524,0.247999,0.248694,1.412135,2.257302
0.297619,0.223999,0.209373,1.412135,2.243197
0.285714,0.199999,0.170052,1.412135,2.225697
0.190476,0.168,0.200232,1.407605,2.207027
0.285714,0.159999,0.154382,1.386707,2.183561
0.333333,0.104,0.107951,1.35149,2.143208
0.380952,0.095999,0.092861,1.310338,2.095085
0.333333,0.095999,0.123622,1.276693,2.04491
0.428571,0.032,0.062101,1.240723,1.993264
0.380952,0.059999,0.077191,1.206649,1.922279
0.333333,0.087998,0.092281,1.184808,1.843811
0.238095,0.136,0.145966,1.16632,1.74875
0.142857,0.184001,0.199652,1.155641,1.653821
0.190476,0.199999,0.200232,1.151338,1.565339
0.142857,0.199999,0.215322,1.146472,1.501344
0.190476,0.303999,0.309925,1.143255,1.406402
0.238095,0.308,0.31834,1.142219,1.299356
0.285714,0.312,0.326756,1.142344,1.174091
0.238095,0.327998,0.341846,1.145743,1.064661
0.190476,0.376,0.388276,1.151447,0.944617
0.285714,0.392001,0.436448,1.174823,0.842434
0.238095,0.52,0.498549,1.238031,0.751906
0.238095,0.48,0.498549,1.300559,0.685553
0.333333,0.528001,0.53105,1.372096,0.628664
0.238095,0.608002,0.608241,1.457126,0.589618
0.333333,0.600001,0.640743,1.669612,0.56807
0.285714,0.672002,0.671503,1.774565,0.568
0.333333,0.656,0.640743,1.862507,0.568
0.380952,0.656,0.656994,1.935713,0.568
0.380952,0.616,0.625653,2.017992,0.59247
0.380952,0.584,0.594312,2.089385,0.633695
0.428571,0.608002,0.610563,2.153163,0.671725
0.52381,0.584,0.596053,2.215557,0.730886
0.428571,0.560001,0.563552,2.265174,0.797688
0.380952,0.511999,0.531631,2.313111,0.885609
0.333333,0.464002,0.468369,2.340653,0.967903
0.428571,0.432002,0.438189,2.360933,1.050995
0.428571,0.464002,0.45386,2.37715,1.146674
0.333333,0.392001,0.358677,2.393003,1.235985
0.428571,0.362667,0.338944,2.394828,1.339805
0.52381,0.333333,0.319211,2.394828,1.435167
0.619048,0.303999,0.299478,2.394828,1.547
0.619048,0.28,0.299478,2.389905,1.668332
0.619048,0.256001,0.283807,2.374937,1.761187
0.714286,0.272001,0.292803,2.356413,1.811703
0.809524,0.288001,0.301799,2.332577,1.872932
0.809524,0.303999,0.301799,2.290485,1.958504
0.904762,0.248001,0.271619,2.270563,2.026612
0.857143,0.320001,0.33372,2.258803,2.067398
0.809524,0.312,0.411492,2.254706,2.093075
0.857143,0.352001,0.380731,2.255986,2.106395
0.857143,0.407999,0.427742,2.255986,2.10802
0.857143,0.416,0.427742,2.255986,2.10802
0.904762,0.488001,0.491004,2.25976,2.10802
0.857143,0.464002,0.474753,2.270966,2.090459
0.904762,0.511999,0.506674,2.273766,2.046562
0.857143,0.511999,0.521764,2.274,1.988911
0.857143,0.496001,0.490424,2.274,1.916337
0.809524,0.528001,0.521184,2.271606,1.810813
0.761905,0.496001,0.504933,2.265601,1.709727
0.761905,0.52,0.536274,2.251172,1.607225
0.761905,0.543999,0.551944,2.231078,1.50844
0.761905,0.568002,0.567615,2.201079,1.389561
0.714286,0.696001,0.708067,2.168004,1.299586
0.666667,0.656,0.660476,2.134908,1.204193
0.619048,0.680002,0.675566,2.092565,1.108596
0.714286,0.688,0.708067,2.042188,1.030495
0.666667,0.704001,0.707487,1.988726,0.966889
0.571429,0.728,0.737667,1.931433,0.903675
0.571429,0.751999,0.737667,1.88425,0.8615
0.571429,0.784002,0.784678,1.844929,0.854
0.571429,0.768001,0.784678,1.815877,0.854
0.52381,0.784002,0.784098,1.797506,0.854
0.428571,0.808001,0.798607,1.788587,0.859371
0.52381,0.736001,0.737086,1.77981,0.928771
0.571429,0.712002,0.737667,1.775365,1.01098
0.5,0.724002,0.728961,1.77075,1.093449
0.428571,0.736001,0.720255,1.77,1.19527
0.428571,0.72,0.735926,1.767556,1.289981
0.380952,0.736001,0.719675,1.763618,1.393887
0.428571,0.716001,0.704585,1.750804,1.506125
0.47619,0.696001,0.689495,1.732785,1.604741
0.52381,0.672002,0.674405,1.70777,1.681199
0.47619,0.656,0.673825,1.676968,1.734561
0.428571,0.624,0.626233,1.635397,1.82875
0.52381,0.600001,0.611724,1.581455,1.922644
0.571429,0.624,0.643645,1.524721,2.01225
0.52381,0.560001,0.564713,1.4648,2.114575
0.571429,0.528001,0.533952,1.392,2.192875
0.52381,0.528001,0.533372,1.323323,2.252036
0.52381,0.511999,0.517702,1.250613,2.298831
0.619048,0.48,0.487522,1.173483,2.333534
0.571429,0.448,0.455601,1.096931,2.337
0.666667,0.352001,0.362739,1.02775,2.337
0.619048,0.352001,0.377829,0.9445,2.337
0.666667,0.367999,0.37841,0.863734,2.32804
0.761905,0.344,0.34823,0.798583,2.294354
0.809524,0.28,0.301799,0.740871,2.24398
0.761905,0.28,0.285548,0.703665,2.191925
0.738095,0.264001,0.269588,0.680673,2.132954
0.714286,0.248001,0.253627,0.670964,2.059031
0.809524,0.191999,0.207777,0.670839,1.934841
0.761905,0.188,0.199362,0.670839,1.810124
0.714286,0.184001,0.190946,0.670839,1.704732
0.714286,0.136,0.143935,0.680013,1.60909
0.761905,0.144001,0.160186,0.695791,1.506725
0.654762,0.148,0.166715,0.709482,1.40887
0.547619,0.152,0.173244,0.71969,1.321385
0.440476,0.155999,0.179774,0.727525,1.226676
0.333333,0.159999,0.186303,0.738549,1.148183
0.238095,0.216001,0.232153,0.74979,1.09262
0.190476,0.248001,0.247243,0.774532,0.994355
0.285714,0.256001,0.264074,0.807524,0.909576
0.285714,0.272,0.279745,0.852556,0.827472
0.333333,0.327998,0.358677,0.900354,0.761458
0.261905,0.327998,0.342136,0.956056,0.703806
0.190476,0.327998,0.325595,1.010215,0.662898
0.190476,0.320001,0.341265,1.083234,0.635353
0.238095,0.367999,0.420197,1.159512,0.632552
0.190476,0.399999,0.403947,1.241401,0.632552
0.238095,0.448,0.451538,1.310975,0.632552
0.142857,0.48,0.466048,1.363437,0.639002
0.142857,0.511999,0.513059,1.403883,0.662775
0.190476,0.536002,0.529309,1.425418,0.691182
0.142857,0.575999,0.59141,1.428007,0.721141
0.238095,0.552,0.54556,1.428007,0.767607
0.142857,0.560001,0.56007,1.428007,1.03467
0.190476,0.616,0.607661,1.422465,1.160416
0.190476,0.616,0.623331,1.408045,1.226257
0.238095,0.560001,0.576901,1.398417,1.316281
0.238095,0.543999,0.52989,1.396889,1.392996
0.238095,0.575999,0.592571,1.396889,1.476625
0.238095,0.600001,0.608241,1.396889,1.560875
0.285714,0.632001,0.616657,1.398468,1.603694
0.333333,0.664001,0.625073,1.406092,1.655871
0.333333,0.696001,0.687754,1.418627,1.702523
0.333333,0.736001,0.734765,1.434699,1.748875
0.380952,0.744002,0.735345,1.44782,1.815998
0.380952,0.751999,0.751016,1.465831,1.903222
0.428571,0.76,0.751596,1.489514,1.98693
0.428571,0.751999,0.735926,1.517938,2.058305
0.47619,0.744002,0.752176,1.558462,2.116387
0.428571,0.768001,0.782937,1.612533,2.164117
0.52381,0.808001,0.799768,1.652537,2.172733
0.52381,0.800001,0.799768,1.69546,2.172733
0.52381,0.848002,0.831109,1.742476,2.172733
0.52381,0.768001,0.784098,1.80125,2.1723
0.52381,0.76,0.752757,1.873375,2.146375
0.52381,0.72,0.721416,1.9395,2.111028
0.619048,0.768001,0.785258,1.98575,2.080417
0.571429,0.744002,0.753337,2.022547,2.030192
0.619048,0.764002,0.761753,2.046888,1.975281
0.666667,0.784002,0.770168,2.065105,1.92525
0.690476,0.756001,0.746953,2.089913,1.870288
0.714286,0.728,0.723738,2.115063,1.816737
0.761905,0.672002,0.677307,2.138678,1.743737
0.714286,0.664001,0.676727,2.157631,1.678292
0.714286,0.656,0.645386,2.184421,1.59508
0.809524,0.647999,0.646547,2.203152,1.5235
0.809524,0.616,0.630876,2.226457,1.449163
0.714286,0.592001,0.645386,2.250733,1.375375
0.809524,0.600001,0.599536,2.270495,1.298208
0.809524,0.584,0.599536,2.274895,1.217542
0.809524,0.536002,0.552525,2.275012,1.157708
0.809524,0.543999,0.536854,2.275012,1.095015
0.809524,0.528001,0.536854,2.274647,1.040301
0.857143,0.496001,0.506094,2.271758,0.987792
0.857143,0.496001,0.521764,2.255915,0.929645
0.904762,0.48,0.491004,2.232655,0.889288
0.904762,0.48,0.491004,2.206131,0.867527
0.857143,0.464002,0.474753,2.170428,0.851782
0.904762,0.52,0.522345,2.137755,0.844719
0.857143,0.496001,0.506094,2.09504,0.844011
0.857143,0.496001,0.506094,2.051236,0.841184
0.857143,0.496001,0.506094,1.996144,0.832966
0.761905,0.536002,0.536274,1.945819,0.821845
0.714286,0.543999,0.535694,1.893125,0.80125
0.761905,0.575999,0.583285,1.836,0.77725
0.714286,0.624,0.629716,1.770117,0.755892
0.714286,0.680002,0.645386,1.694413,0.734859
0.666667,0.688,0.691817,1.635993,0.718648
0.714286,0.744002,0.755078,1.563626,0.699169
0.666667,0.712002,0.723157,1.501947,0.693112
0.571429,0.72,0.721997,1.426302,0.693013
0.571429,0.768001,0.769008,1.352517,0.693013
0.52381,0.72,0.721416,1.277915,0.693013
0.52381,0.768001,0.784098,1.212267,0.701528
0.571429,0.784002,0.784678,1.161392,0.716578
0.47619,0.768001,0.767847,1.119482,0.732877
0.380952,0.751999,0.751016,1.0819,0.762538
0.428571,0.712002,0.720255,1.043184,0.894092
0.380952,0.72,0.719675,1.013,1.024375
0.380952,0.672002,0.688334,0.991925,1.088514
0.380952,0.704001,0.688334,0.956453,1.138282
0.285714,0.736001,0.734185,0.919278,1.190192
0.238095,0.688,0.702263,0.883674,1.249668
0.238095,0.72,0.717934,0.856402,1.291628
0.238095,0.688,0.686593,0.827607,1.330998
0.238095,0.704001,0.702263,0.80099,1.369567
0.285714,0.672002,0.671503,0.771277,1.399438
0.380952,0.632001,0.641323,0.733443,1.426655
0.333333,0.647999,0.640743,0.712947,1.500622
0.333333,0.624,0.625073,0.703413,1.580415
0.285714,0.600001,0.604904,0.697525,1.67503
0.238095,0.576001,0.584736,0.697,1.75159
0.190476,0.552001,0.564568,0.697,1.830817
0.142857,0.528001,0.544399,0.697,1.888069
0.142857,0.511999,0.513059,0.702663,1.946844
0.095238,0.496001,0.481138,0.716773,2.006337
0.142857,0.416,0.419037,0.73559,2.050865
0.142857,0.399999,0.403366,0.744427,2.06279
0.190476,0.344,0.356936,0.74543,2.06279
0.285714,0.320001,0.373767,0.745213,2.06279
0.31746,0.330667,0.36893,0.745213,2.060321
0.349206,0.341334,0.364094,0.74391,2.030785
0.380952,0.352001,0.359257,0.7385,1.984375
0.333333,0.356001,0.366512,0.738,1.9295
0.285714,0.360001,0.373767,0.738,1.86627
0.285714,0.384,0.389437,0.738,1.787935
0.357143,0.4,0.405978,0.738899,1.706156
0.428571,0.416,0.422519,0.744132,1.676789
0.452381,0.456001,0.45415,0.749038,1.646779
0.47619,0.496001,0.485781,0.756301,1.568934
0.571429,0.488001,0.486941,0.76775,1.4595
0.571429,0.496001,0.502612,0.785625,1.352625
0.52381,0.52,0.533372,0.806573,1.262019
0.619048,0.528001,0.550203,0.83226,1.173077
0.619048,0.568002,0.550203,0.866138,1.076429
0.619048,0.560001,0.565873,0.908711,0.954318
0.666667,0.568002,0.566454,0.969088,0.720388
0.714286,0.624,0.629716,1.036855,0.644578
0.666667,0.600001,0.597795,1.109479,0.581144
0.666667,0.616,0.613465,1.19775,0.522375
0.714286,0.624,0.645386,1.273298,0.482543
0.714286,0.616,0.614045,1.366229,0.446183
0.714286,0.696001,0.661056,1.463801,0.421235
0.809524,0.560001,0.583865,1.567978,0.410943
0.809524,0.608002,0.630876,1.670625,0.410227
0.809524,0.560001,0.568195,1.77175,0.410227
0.809524,0.568002,0.568195,1.845495,0.410227
0.809524,0.536002,0.552525,1.922331,0.410781
0.857143,0.528001,0.553105,1.985697,0.421781
0.857143,0.488001,0.490424,2.035135,0.44349
0.809524,0.456001,0.474173,2.082875,0.482
0.857143,0.416,0.443413,2.108664,0.525148
0.857143,0.424001,0.443413,2.13107,0.586367
0.857143,0.376,0.380731,2.156817,0.655541
0.857143,0.344,0.365061,2.187484,0.736258
0.904762,0.327998,0.349971,2.224217,0.826052
0.809524,0.288001,0.31747,2.25221,0.915811
0.809524,0.24,0.254788,2.273019,1.000714
0.857143,0.248001,0.255369,2.281077,1.077396
0.809524,0.184001,0.207777,2.281077,1.132596
0.714286,0.144001,0.175276,2.281077,1.19025
0.666667,0.104,0.127684,2.281077,1.266678
0.619048,0.072,0.080093,2.271461,1.364388
0.571429,0.032,0.048172,2.244162,1.432658
0.619048,0.008001,0.033082,2.211983,1.479221
0.571429,0.015998,0.032501,2.175229,1.506523
0.47619,0.051998,0.062681,2.125691,1.549035
0.380952,0.087998,0.092861,2.055837,1.552989
0.380952,0.144001,0.155543,1.978891,1.552989
0.380952,0.168,0.155543,1.912583,1.552989
0.333333,0.184,0.175856,1.842477,1.534212
0.285714,0.2,0.196169,1.76413,1.505582
0.238095,0.216001,0.216483,1.672723,1.470713
0.261905,0.248001,0.224608,1.584781,1.451582
0.285714,0.28,0.232734,1.500973,1.417094
0.333333,0.28,0.311666,1.400375,1.402222
0.428571,0.344,0.297156,1.320207,1.402222
0.333333,0.360001,0.374347,1.244071,1.402222
0.285714,0.384,0.389437,1.169228,1.402671
0.285714,0.432002,0.436448,1.107742,1.407754
0.261905,0.464002,0.467499,1.039808,1.427313
0.238095,0.496001,0.498549,0.970874,1.455552
0.238095,0.52,0.514219,0.904539,1.48951
0.285714,0.511999,0.5148,0.846843,1.529216
0.380952,0.568002,0.531631,0.80252,1.571394
0.285714,0.600001,0.593151,0.766873,1.619335
0.333333,0.632001,0.625073,0.740156,1.67241
0.309524,0.576001,0.577771,0.735,1.736896
0.285714,0.52,0.53047,0.735,1.808638
0.238095,0.496001,0.514219,0.735,1.879294
0.285714,0.503999,0.499129,0.739681,1.948915
0.238095,0.471999,0.482879,0.823377,1.997506
0.285714,0.457999,0.463871,0.879419,2.030468
0.333333,0.444,0.444864,0.99982,2.071475
0.380952,0.43,0.425856,1.12083,2.114425
0.428571,0.416,0.406849,1.248333,2.142325
0.380952,0.384,0.390598,1.320481,2.1815
0.47619,0.335999,0.344748,1.371985,2.196791
0.571429,0.327998,0.345908,1.433592,2.207764
0.47619,0.312,0.360418,1.461511,2.217239
0.52381,0.272,0.282647,1.498895,2.231543
0.619048,0.272,0.283807,1.531131,2.24449
0.714286,0.295999,0.316309,1.557259,2.263928
0.761905,0.288001,0.285548,1.579234,2.276
0.761905,0.28,0.301219,1.632109,2.281
0.809524,0.312,0.33314,1.725406,2.281
0.809524,0.312,0.31747,1.801887,2.281
0.761905,0.352001,0.3639,1.89231,2.275952
0.714286,0.384,0.37899,1.960944,2.245968
0.714286,0.360001,0.37899,2.018,2.209
0.714286,0.344,0.36332,2.079213,2.151764
0.619048,0.399999,0.40917,2.130625,2.09475
0.619048,0.416,0.42484,2.178533,2.019271
0.619048,0.416,0.42484,2.205918,1.945373
0.571429,0.503999,0.43993,2.218988,1.89249
0.571429,0.496001,0.502612,2.219245,1.818742
0.571429,0.488001,0.486941,2.219245,1.767812
0.52381,0.511999,0.517702,2.219245,1.71464
0.47619,0.543999,0.548462,2.216559,1.645802
0.47619,0.608002,0.611143,2.203002,1.57878
0.47619,0.624,0.626814,2.181375,1.49375
0.428571,0.656,0.641904,2.152209,1.406042
0.52381,0.688,0.690075,2.126125,1.32075
0.52381,0.704001,0.690075,2.092445,1.240359
0.47619,0.784002,0.783517,2.063315,1.172164
0.571429,0.808001,0.816019,2.0343,1.09955
0.666667,0.816002,0.817179,2.01176,1.034221
0.571429,0.808001,0.800348,1.98525,0.965125
0.571429,0.784002,0.784678,1.965134,0.931214
0.571429,0.751999,0.769008,1.94906,0.922052
0.619048,0.768001,0.769588,1.944,0.922052
0.666667,0.792,0.785839,1.94375,0.922052
0.619048,0.751999,0.769588,1.943,0.924552
0.619048,0.800001,0.769588,1.9429,0.951859
0.714286,0.72,0.723738,1.9426,1.008117
0.714286,0.672002,0.708067,1.9426,1.1175
0.738095,0.688002,0.708358,1.9426,1.203257
0.761905,0.704001,0.708648,1.9386,1.272715
0.761905,0.656,0.661637,1.926129,1.339392
0.761905,0.632001,0.645966,1.904684,1.442955
0.809524,0.647999,0.662217,1.875751,1.543247
0.809524,0.632001,0.646547,1.837375,1.642125
0.761905,0.664001,0.645966,1.784808,1.741271
0.761905,0.647999,0.645966,1.733768,1.809179
0.761905,0.656,0.645966,1.664429,1.897676
0.714286,0.647999,0.661056,1.592776,1.990076
0.714286,0.616,0.629716,1.518103,2.072663
0.666667,0.552,0.550784,1.435373,2.14428
0.666667,0.600001,0.566454,1.376551,2.17
0.571429,0.575999,0.580963,1.325588,2.17
0.571429,0.608002,0.612304,1.284832,2.17
0.52381,0.624,0.627394,1.256063,2.16881
0.428571,0.568002,0.579222,1.25175,2.142311
0.47619,0.575999,0.564132,1.25175,2.077675
0.47619,0.528001,0.548462,1.25175,1.987842
0.47619,0.543999,0.564132,1.257502,1.886571
0.380952,0.564,0.562972,1.273564,1.787852
0.285714,0.584,0.561811,1.289341,1.68528
0.285714,0.560001,0.561811,1.307815,1.583242
0.285714,0.575999,0.577481,1.3332,1.47845
0.285714,0.52,0.53047,1.345495,1.375037
0.190476,0.511999,0.497969,1.34562,1.284561
0.285714,0.464002,0.467789,1.34562,1.196492
0.285714,0.48,0.483459,1.34562,1.129264
0.238095,0.424001,0.420197,1.333823,1.055151
0.190476,0.360001,0.372606,1.314859,0.986871
0.142857,0.360001,0.325015,1.289029,0.911416
0.238095,0.320001,0.310505,1.244369,0.84648
0.333333,0.28,0.295995,1.205141,0.808422
0.301587,0.237333,0.248597,1.175856,0.786762
0.269841,0.194666,0.201199,1.13145,0.772275
0.238095,0.151998,0.153802,1.088859,0.7717
0.333333,0.095999,0.107951,1.046833,0.7717
0.380952,0.087998,0.092861,1.00075,0.77195
0.333333,0.095999,0.154962,0.94398,0.784419
0.238095,0.144001,0.153802,0.885125,0.830974
0.261905,0.164001,0.177597,0.826992,0.903719
0.285714,0.184001,0.201393,0.783706,0.963931
0.238095,0.216001,0.232153,0.74611,1.045696
0.333333,0.24,0.248984,0.716349,1.132097
0.333333,0.256001,0.264655,0.698375,1.2215
0.428571,0.263999,0.281486,0.686148,1.312659
0.47619,0.303999,0.313407,0.678746,1.390129
0.428571,0.352001,0.359837,0.676219,1.446921
0.428571,0.335999,0.344167,0.676219,1.48042
0.428571,0.384,0.375508,0.676219,1.481533
0.380952,0.448,0.453279,0.677094,1.481533
0.380952,0.464002,0.46895,0.692363,1.481533
0.428571,0.496001,0.516541,0.706016,1.477145
0.428571,0.575999,0.563552,0.737906,1.450309
0.47619,0.624,0.611143,0.784583,1.410964
0.428571,0.624,0.610563,0.841752,1.363018
0.428571,0.640002,0.641904,0.903622,1.328762
0.47619,0.688,0.689495,0.975148,1.272817
0.428571,0.736001,0.751596,1.062125,1.22075
0.428571,0.751999,0.751596,1.154291,1.166557
0.428571,0.768001,0.798607,1.252045,1.114348
0.47619,0.72,0.736506,1.340301,1.070407
0.47619,0.784002,0.767847,1.437339,1.01546
0.571429,0.768001,0.769008,1.548896,0.961459
0.571429,0.792,0.784678,1.658116,0.928871
0.603175,0.792,0.790288,1.766451,0.923042
0.634921,0.792,0.795899,1.859727,0.923042
0.666667,0.792,0.801509,1.934023,0.923042
0.666667,0.784002,0.785839,1.996146,0.928035
0.714286,0.768001,0.755078,2.050615,0.953573
0.714286,0.72,0.723738,2.100025,1.006071
0.714286,0.672002,0.676727,2.128119,1.091756
0.714286,0.712002,0.708067,2.143625,1.188
0.714286,0.688,0.692397,2.162625,1.29575
0.761905,0.672002,0.677307,2.170105,1.401919
0.761905,0.647999,0.661637,2.179014,1.507539
0.761905,0.600001,0.614626,2.200948,1.605464
0.809524,0.592001,0.599536,2.206726,1.707066
0.809524,0.560001,0.552525,2.211465,1.786736
0.761905,0.560001,0.567615,2.218926,1.882391
0.809524,0.52,0.536854,2.235543,1.950085
0.857143,0.488001,0.506094,2.24,1.994611
0.857143,0.488001,0.506094,2.24,2.006465
0.857143,0.464002,0.474753,2.24,2.006465
0.857143,0.464002,0.474753,2.235679,2.006465
0.809524,0.503999,0.489843,2.211458,2.005754
0.809524,0.48,0.489843,2.18369,1.974744
0.761905,0.511999,0.520604,2.144883,1.921008
0.809524,0.528001,0.536854,2.086654,1.86608
0.714286,0.448,0.457342,2.023,1.815875
0.666667,0.488001,0.488102,1.959314,1.762996
0.619048,0.48,0.503192,1.896237,1.70254
0.666667,0.496001,0.488102,1.845911,1.636292
0.571429,0.592001,0.580963,1.810764,1.551689
0.571429,0.608002,0.612304,1.774872,1.487493
0.52381,0.608002,0.627394,1.724892,1.39869
0.571429,0.608002,0.627974,1.679886,1.310725
0.52381,0.568002,0.588218,1.641011,1.2206
0.47619,0.528001,0.548462,1.601624,1.140939
0.47619,0.592001,0.595473,1.543507,1.041779
0.452381,0.584,0.595183,1.486503,0.96439
0.428571,0.575999,0.594893,1.410743,0.882614
0.380952,0.600001,0.609983,1.3525,0.82825
0.333333,0.608002,0.609402,1.286424,0.780248
0.238095,0.656,0.655252,1.2365,0.7565
0.285714,0.608002,0.608822,1.185805,0.754
0.285714,0.608002,0.608822,1.116994,0.754
0.285714,0.568002,0.577481,1.057077,0.754
0.190476,0.568002,0.56065,0.985341,0.760045
0.190476,0.584,0.57632,0.923653,0.782355
0.190476,0.568002,0.57632,0.864182,0.81997
0.238095,0.575999,0.592571,0.807708,0.875527
0.238095,0.584,0.576901,0.767775,0.930115
0.190476,0.511999,0.529309,0.734571,0.985245
0.285714,0.503999,0.53047,0.70766,1.049585
0.190476,0.503999,0.497969,0.687456,1.134057
0.238095,0.471999,0.482879,0.674842,1.221811
0.142857,0.432002,0.434707,0.669548,1.322155
0.190476,0.367999,0.372606,0.669548,1.413632
0.190476,0.348799,0.353802,0.669548,1.505369
0.190476,0.329599,0.334997,0.671149,1.578778
0.190476,0.310399,0.316193,0.680507,1.674755
0.190476,0.291199,0.297388,0.699299,1.764552
0.190476,0.272,0.278584,0.721886,1.829989
0.357143,0.235999,0.233604,0.756099,1.903101
0.52381,0.199999,0.188624,0.784319,1.961565
0.404762,0.175999,0.171503,0.818391,1.988
0.285714,0.151998,0.154382,0.846834,1.988
0.301587,0.133332,0.138905,0.869817,1.988
0.31746,0.114666,0.123428,0.88658,1.987724
0.333333,0.095999,0.107951,0.90414,1.961128
0.285714,0.136,0.138712,0.92675,1.913831
0.285714,0.127999,0.154382,0.951286,1.856036
0.285714,0.119998,0.138712,0.980111,1.775816
0.333333,0.112001,0.139292,1.011091,1.693403
0.428571,0.095999,0.109112,1.046995,1.607834
0.447619,0.118399,0.128149,1.09045,1.509852
0.466667,0.1408,0.147185,1.136573,1.419843
0.485714,0.1632,0.166222,1.182202,1.337667
0.504762,0.1856,0.185258,1.238021,1.241998
0.52381,0.208,0.204295,1.289908,1.15405
0.571429,0.223998,0.220546,1.333409,1.088318
0.52381,0.208,0.219965,1.384682,1.025364
0.571429,0.288001,0.283227,1.441924,0.967185
0.619048,0.272,0.268137,1.51335,0.909985
0.666667,0.272,0.284388,1.585462,0.858161
0.619048,0.303999,0.346489,1.653317,0.81355
0.714286,0.344,0.36332,1.726114,0.773377
0.619048,0.399999,0.3935,1.799636,0.741301
0.666667,0.399999,0.40975,1.877592,0.714982
0.714286,0.432002,0.441672,1.941375,0.703556
0.714286,0.439999,0.441672,2.015811,0.702733
0.714286,0.48,0.473012,2.076768,0.702733
0.666667,0.528001,0.519443,2.128869,0.702733
0.714286,0.496001,0.504353,2.177299,0.716462
0.666667,0.464002,0.488102,2.216224,0.747994
0.619048,0.464002,0.456181,2.245759,0.793067
0.619048,0.424001,0.440511,2.261575,0.844213
0.571429,0.448,0.455601,2.276685,0.884486
0.47619,0.456001,0.47011,2.284816,0.956383
0.52381,0.456001,0.470691,2.286135,1.053182
0.52381,0.511999,0.502031,2.286135,1.143196
0.47619,0.496001,0.517121,2.286101,1.23215
0.47619,0.575999,0.548462,2.28425,1.329301
0.428571,0.560001,0.563552,2.283669,1.39716
0.428571,0.575999,0.579222,2.281955,1.482416
0.428571,0.608002,0.594893,2.271055,1.579238
0.428571,0.624,0.610563,2.265065,1.658154
0.47619,0.624,0.626814,2.262871,1.731835
0.47619,0.624,0.626814,2.247977,1.812023
0.52381,0.616,0.627394,2.228636,1.877447
0.571429,0.624,0.627974,2.206799,1.942506
0.52381,0.672002,0.674405,2.185875,1.998625
0.52381,0.688,0.674405,2.18026,2.035086
0.52381,0.688,0.705746,2.172639,2.060597
0.571429,0.696001,0.706326,2.167437,2.070393
0.619048,0.680002,0.691236,2.158335,2.073571
0.666667,0.672002,0.723157,2.149898,2.075167
0.666667,0.672002,0.676146,2.136924,2.076
0.666667,0.640002,0.644806,2.104355,2.076
0.666667,0.656,0.644806,2.080141,2.076
0.714286,0.672002,0.661056,2.047055,2.075375
0.761905,0.640002,0.645966,2.00025,2.067375
0.761905,0.640002,0.645966,1.958266,2.059326
0.761905,0.592001,0.598955,1.905489,2.051461
0.809524,0.616,0.630876,1.843436,2.035947
0.761905,0.584,0.583285,1.78225,2.019125
0.809524,0.552,0.568195,1.723704,1.992836
0.809524,0.536002,0.552525,1.664597,1.971181
0.857143,0.568002,0.568775,1.59489,1.955805
0.809524,0.552,0.568195,1.535594,1.942165
0.857143,0.560001,0.553105,1.462837,1.922162
0.857143,0.552,0.568775,1.40199,1.905395
0.857143,0.552,0.553105,1.327755,1.876231
0.857143,0.528001,0.553105,1.265213,1.836224
0.809524,0.52,0.536854,1.204625,1.787875
0.809524,0.496001,0.505514,1.156,1.7315
0.714286,0.536002,0.535694,1.136,1.676875
0.761905,0.464002,0.473593,1.136,1.636396
0.714286,0.488001,0.488683,1.136,1.602778
0.714286,0.488001,0.488683,1.13625,1.570875
0.714286,0.52,0.520023,1.170292,1.529655
0.666667,0.568002,0.582124,1.225149,1.496566
0.666667,0.560001,0.566454,1.244845,1.464983
0.619048,0.608002,0.612885,1.287388,1.422962
0.571429,0.696001,0.690656,1.343355,1.368304
0.571429,0.672002,0.659315,1.393554,1.303753
0.619048,0.712002,0.722577,1.436737,1.229328
0.52381,0.704001,0.705746,1.468012,1.14649
0.571429,0.751999,0.721997,1.475,1.071844
0.52381,0.768001,0.752757,1.475,1.008
0.47619,0.768001,0.767847,1.475,0.953402
0.380952,0.800001,0.798027,1.472223,0.91658
0.428571,0.72,0.720255,1.448672,0.900339
0.47619,0.680002,0.689495,1.414373,0.899339
0.380952,0.736001,0.735345,1.369085,0.899339
0.380952,0.704001,0.719675,1.301195,0.899339
0.380952,0.688,0.672664,1.239794,0.905085
0.333333,0.647999,0.656413,1.171625,0.93475
0.309524,0.652,0.656123,1.101423,0.980582
0.285714,0.656,0.655833,1.041922,1.030672
0.285714,0.632001,0.624492,0.977549,1.08993
0.285714,0.592001,0.593151,0.919853,1.153507
0.285714,0.584,0.577481,0.859704,1.227925
0.190476,0.543999,0.54498,0.81075,1.3035
0.238095,0.52,0.52989,0.763964,1.392133
0.285714,0.496001,0.499129,0.724964,1.483508
0.333333,0.471999,0.484039,0.69887,1.565695
0.285714,0.416,0.420778,0.679676,1.644461
0.190476,0.344,0.356936,0.675625,1.718234
0.285714,0.352001,0.342426,0.675625,1.794379
0.333333,0.344,0.358677,0.675625,1.869679
0.333333,0.288001,0.295995,0.676719,1.940989
0.333333,0.263999,0.264655,0.690051,1.989439
0.380952,0.248001,0.265235,0.710125,2.012927
0.428571,0.159999,0.171793,0.724912,2.012927
0.380952,0.159999,0.202554,0.736348,2.012927
0.428571,0.176,0.187464,0.748567,2.012677
0.428571,0.159999,0.171793,0.761815,1.992625
0.333333,0.256001,0.233314,0.781497,1.948778
0.428571,0.24,0.250145,0.806556,1.895278
0.333333,0.272,0.280325,0.835285,1.834395
0.380952,0.288001,0.327916,0.869352,1.74875
0.380952,0.335999,0.343587,0.88991,1.696354
0.47619,0.320001,0.329077,0.909459,1.627149
0.47619,0.352001,0.360418,0.925449,1.553948
0.571429,0.327998,0.361579,0.937775,1.475783
0.571429,0.392001,0.345908,0.951911,1.410875
0.52381,0.456001,0.470691,0.967732,1.374805
0.571429,0.456001,0.471271,0.978617,1.345552
0.52381,0.511999,0.517702,0.990769,1.310808
0.571429,0.48,0.486941,1.007642,1.260978
0.52381,0.543999,0.549042,1.033853,1.234217
0.595238,0.576001,0.573418,1.070664,1.201412
0.666667,0.608002,0.597795,1.113113,1.160327
0.619048,0.592001,0.612885,1.16575,1.0935
0.619048,0.696001,0.706907,1.22676,1.024957
0.571429,0.672002,0.659315,1.294775,0.805975
0.571429,0.672002,0.674985,1.351023,0.751801
0.619048,0.672002,0.667731,1.431816,0.724166
0.666667,0.672002,0.660476,1.51145,0.67405
0.666667,0.664001,0.660476,1.594915,0.6011
0.761905,0.664001,0.677307,1.68225,0.6011
0.761905,0.656,0.692977,1.765941,0.6011
0.714286,0.656,0.645386,1.847656,0.604344
0.761905,0.608002,0.630296,1.906493,0.636402
0.761905,0.647999,0.645966,1.959331,0.677628
0.761905,0.616,0.614626,2.003279,0.719934
0.809524,0.592001,0.599536,2.032652,0.775692
0.857143,0.568002,0.568775,2.057797,0.846822
0.857143,0.568002,0.584446,2.082081,0.924275
0.809524,0.536002,0.536854,2.095925,1.012439
0.809524,0.536002,0.552525,2.096469,1.115264
0.857143,0.488001,0.506094,2.096469,1.220214
0.857143,0.488001,0.506094,2.096469,1.335469
0.857143,0.464002,0.474753,2.087536,1.450357
0.857143,0.432002,0.427742,2.079408,1.547204
0.857143,0.384,0.396402,2.072603,1.636819
0.809524,0.399999,0.411492,2.046625,1.722223
0.809524,0.335999,0.380151,2.01425,1.79525
0.809524,0.295999,0.301799,1.985765,1.855545
0.809524,0.24,0.270459,1.967833,1.891129
0.809524,0.263999,0.270459,1.963079,1.893754
0.761905,0.191999,0.207197,1.957674,1.893754
0.761905,0.216001,0.222867,1.953458,1.893754
0.678571,0.194001,0.206181,1.9385,1.874625
0.595238,0.172,0.189495,1.924101,1.852029
0.511905,0.149999,0.172809,1.90108,1.823305
0.428571,0.127999,0.156123,1.866777,1.773873
0.428571,0.127999,0.156123,1.817125,1.727875
0.380952,0.176,0.186883,1.763992,1.682082
0.285714,0.136,0.138712,1.693014,1.620239
0.428571,0.131999,0.148288,1.618284,1.561385
0.571429,0.127999,0.157864,1.544957,1.513717
0.571429,0.136,0.157864,1.470779,1.464652
0.619048,0.176,0.174115,1.406246,1.410361
0.571429,0.208,0.220546,1.337888,1.356537
0.571429,0.216001,0.220546,1.268097,1.310387
0.47619,0.191999,0.219385,1.20575,1.26975
0.595238,0.211999,0.236506,1.132673,1.233415
0.714286,0.231999,0.253627,1.06431,1.220556
0.738095,0.263999,0.277423,1.008892,1.220556
0.761905,0.295999,0.301219,0.955375,1.220556
0.761905,0.303999,0.316889,0.908475,1.222239
0.714286,0.399999,0.39466,0.878556,1.241022
0.809524,0.384,0.411492,0.853167,1.273053
0.809524,0.424001,0.411492,0.824908,1.3178
0.809524,0.448,0.458503,0.796854,1.36971
0.857143,0.511999,0.521764,0.771664,1.429111
0.809524,0.528001,0.536854,0.748246,1.496286
0.809524,0.488001,0.536854,0.729468,1.566996
0.809524,0.496001,0.505514,0.716335,1.644453
0.809524,0.511999,0.521184,0.706374,1.703917
0.809524,0.511999,0.536854,0.704781,1.769815
0.809524,0.584,0.583865,0.704781,1.825067
0.809524,0.552,0.552525,0.704781,1.878821
0.761905,0.560001,0.551944,0.706625,1.936502
0.809524,0.592001,0.599536,0.719305,1.989018
0.761905,0.608002,0.598955,0.735139,2.025375
0.761905,0.632001,0.630296,0.761507,2.042461
0.714286,0.600001,0.614045,0.796858,2.063831
0.714286,0.568002,0.567034,0.840125,2.081917
0.714286,0.543999,0.551364,0.907333,2.101699
0.714286,0.528001,0.535694,0.981625,2.1345
0.666667,0.543999,0.566454,1.051256,2.164045
0.619048,0.552,0.550203,1.102156,2.179424
0.571429,0.536002,0.549623,1.201483,2.189949
0.619048,0.471999,0.471851,1.292657,2.198691
0.571429,0.428,0.43993,1.392005,2.201752
0.52381,0.384,0.408009,1.474507,2.202045
0.571429,0.432002,0.42426,1.558004,2.202045
0.47619,0.392001,0.407429,1.647151,2.202045
0.428571,0.367999,0.375508,1.736125,2.190511
0.428571,0.335999,0.359837,1.810159,2.174813
0.380952,0.416,0.406268,1.865727,2.163247
0.285714,0.352001,0.373767,1.909417,2.160033
0.285714,0.392001,0.405107,1.937185,2.158467
0.261905,0.420001,0.436158,1.941,2.156192
0.238095,0.448,0.467208,1.941,2.155012
0.285714,0.503999,0.499129,1.941,2.154003
0.238095,0.439999,0.451538,1.928036,2.153092
0.142857,0.52,0.528729,1.888627,2.153
0.142857,0.536002,0.544399,1.835832,2.153
0.238095,0.560001,0.56123,1.789452,2.15316
0.190476,0.584,0.57632,1.723346,2.155351
0.238095,0.560001,0.576901,1.650382,2.162593
0.285714,0.592001,0.593151,1.57175,2.172
0.333333,0.584,0.593732,1.483761,2.180116
0.333333,0.592001,0.609402,1.3805,2.190625
0.333333,0.608002,0.625073,1.296506,2.197031
0.380952,0.632001,0.625653,1.183247,2.197031
0.380952,0.688,0.688334,1.090842,2.197031
0.428571,0.696001,0.673244,0.999235,2.196656
0.428571,0.736001,0.767266,0.913986,2.183271
0.52381,0.704001,0.705746,0.841359,2.152755
0.47619,0.72,0.705165,0.784897,2.114619
0.47619,0.768001,0.767847,0.74736,2.07185
0.52381,0.768001,0.752757,0.712381,2.015658
0.571429,0.776002,0.721997,0.689158,1.970161
0.52381,0.800001,0.799768,0.673558,1.919379
0.47619,0.816002,0.799187,0.667193,1.860929
0.47619,0.792,0.799187,0.667193,1.787878
0.5,0.796,0.783807,0.667193,1.716184
0.52381,0.800001,0.768427,0.668759,1.635012
0.47619,0.76,0.752176,0.689634,1.569446
0.47619,0.736001,0.752176,0.721308,1.519622
0.52381,0.76,0.752757,0.772242,1.472398
0.52381,0.72,0.737086,0.821049,1.43537
0.619048,0.688,0.706907,0.894125,1.406352
0.571429,0.653333,0.674985,0.942,1.397409
0.52381,0.618667,0.643064,1.026086,1.397409
0.47619,0.584,0.611143,1.144194,1.397409
0.380952,0.568002,0.578642,1.261334,1.400228
0.428571,0.572,0.571387,1.352508,1.406784
0.47619,0.575999,0.564132,1.438682,1.429472
0.52381,0.528001,0.549042,1.524257,1.433875
0.47619,0.543999,0.564132,1.631234,1.433875
0.380952,0.568002,0.547301,1.730569,1.433875
0.428571,0.560001,0.579222,1.820976,1.431066
0.52381,0.640002,0.643064,1.892773,1.409973
0.47619,0.560001,0.564132,1.95179,1.367946
0.428571,0.560001,0.563552,2.004158,1.319228
0.380952,0.552,0.562972,2.062718,1.257296
0.5,0.527999,0.540917,2.122179,1.177461
0.619048,0.503999,0.518862,2.142448,1.128337
0.619048,0.496001,0.503192,2.143897,1.071625
0.571429,0.448,0.455601,2.143897,1.023338
0.571429,0.503999,0.502612,2.143897,0.967164
0.619048,0.448,0.456181,2.138184,0.90375
0.714286,0.416,0.441672,2.112671,0.847923
0.666667,0.432002,0.425421,2.072167,0.806792
0.714286,0.384,0.39466,2.019771,0.771854
0.714286,0.399999,0.410331,1.962237,0.746337
0.666667,0.352001,0.362739,1.896807,0.721826
0.666667,0.320001,0.331399,1.837744,0.698764
0.666667,0.295999,0.315728,1.780134,0.677923
0.714286,0.256001,0.284968,1.7018,0.664733
0.666667,0.223998,0.253047,1.608254,0.657339
0.761905,0.208,0.222867,1.531673,0.65673
0.761905,0.184001,0.207197,1.449896,0.65673
0.714286,0.176,0.190946,1.3793,0.65623
0.619048,0.168,0.142774,1.320776,0.65649
0.52381,0.159999,0.172954,1.26051,0.666592
0.571429,0.127999,0.142194,1.195784,0.686125
0.47619,0.087998,0.109692,1.092656,0.711451
0.47619,0.079998,0.078352,1.027826,0.728011
0.357143,0.079998,0.092571,0.986561,0.74377
0.238095,0.079998,0.10679,0.9765,0.76
0.333333,0.095999,0.092281,0.9765,0.772844
0.285714,0.144001,0.138712,0.9765,0.78436
0.333333,0.159999,0.186303,0.978875,0.7955
0.285714,0.191999,0.185723,1.012638,0.814829
0.285714,0.231999,0.248404,1.064082,0.838791
0.285714,0.288001,0.248404,1.123629,0.8713
0.190476,0.288001,0.325595,1.190996,0.903546
0.190476,0.312,0.356936,1.270431,0.933668
0.190476,0.335999,0.341265,1.335341,0.965224
0.285714,0.399999,0.389437,1.397512,1.007625
0.190476,0.376,0.388276,1.458773,1.041691
0.095238,0.439999,0.434127,1.524137,1.074089
0.142857,0.452,0.450377,1.578657,1.102996
0.190476,0.464002,0.466628,1.616415,1.119571
0.190476,0.528001,0.529309,1.623579,1.136465
0.142857,0.511999,0.528729,1.623579,1.150149
0.238095,0.528001,0.54556,1.623579,1.168458
0.190476,0.552,0.56065,1.614139,1.182447
0.142857,0.528001,0.528729,1.58075,1.20025
0.190476,0.503999,0.497969,1.529753,1.234108
0.238095,0.48,0.482879,1.48387,1.278557
0.190476,0.48,0.466628,1.439673,1.33466
0.142857,0.471999,0.466048,1.394747,1.39826
0.214286,0.448,0.451248,1.359134,1.461282
0.285714,0.424001,0.436448,1.331875,1.535456
0.285714,0.407999,0.420778,1.305907,1.606256
0.238095,0.392001,0.420197,1.302,1.689277
0.285714,0.352001,0.358096,1.302,1.760402
0.333333,0.320001,0.335171,1.302,1.828866
0.380952,0.288001,0.312246,1.309625,1.881144
0.333333,0.288001,0.280325,1.329106,1.924468
0.404762,0.264001,0.25769,1.361962,1.973389
0.47619,0.24,0.235055,1.401058,2.004334
0.571429,0.223998,0.236216,1.44585,2.03046
0.619048,0.184001,0.205456,1.5036,2.066825
0.690476,0.216001,0.198491,1.535355,2.102125
0.761905,0.248001,0.191526,1.598579,2.140349
0.761905,0.216001,0.222867,1.686211,2.157162
0.666667,0.263999,0.268717,1.74315,2.157162
0.714286,0.248001,0.269298,1.817808,2.156813
0.666667,0.272,0.284388,1.891581,2.155763
0.619048,0.303999,0.299478,1.961456,2.145479
0.619048,0.352001,0.346489,2.0225,2.1255
0.571429,0.384,0.345908,2.093739,2.092888
0.571429,0.352001,0.377249,2.151772,2.048489
0.571429,0.399999,0.40859,2.190364,2.006417
0.619048,0.456001,0.471851,2.219067,1.970039
0.571429,0.48,0.486941,2.232717,1.93308
0.47619,0.528001,0.532792,2.237285,1.88549
0.571429,0.511999,0.518282,2.250424,1.821388
0.47619,0.528001,0.548462,2.2625,1.750375
0.52381,0.552,0.564713,2.270862,1.682036
0.428571,0.624,0.626233,2.277875,1.60725
0.52381,0.624,0.627394,2.282458,1.537432
0.428571,0.688,0.673244,2.286395,1.439055
0.52381,0.672002,0.690075,2.286395,1.349293
0.47619,0.680002,0.689495,2.286395,1.26814
0.52381,0.72,0.721416,2.28577,1.205047
0.52381,0.736001,0.752757,2.270462,1.137913
0.52381,0.768001,0.737086,2.248071,1.075173
0.52381,0.736001,0.737086,2.220971,1.011396
0.52381,0.704001,0.705746,2.201356,0.97021
0.47619,0.680002,0.689495,2.192716,0.960889
0.547619,0.708002,0.713871,2.189448,0.960889
0.619048,0.736001,0.738247,2.179607,0.960889
0.619048,0.712002,0.722577,2.175463,0.964767
0.571429,0.712002,0.721997,2.164375,0.997625
0.666667,0.672002,0.691817,2.150751,1.048043
0.666667,0.696001,0.691817,2.139212,1.105601
0.714286,0.632001,0.629716,2.123521,1.193305
0.714286,0.608002,0.629716,2.105293,1.276592
0.619048,0.608002,0.612885,2.082514,1.356867
0.690476,0.604002,0.60592,2.055128,1.434017
0.761905,0.600001,0.598955,2.022375,1.505625
0.714286,0.575999,0.582705,1.984555,1.595466
0.761905,0.600001,0.567615,1.94582,1.688375
0.761905,0.552,0.551944,1.868583,1.785179
0.809524,0.543999,0.552525,1.806122,1.912697
0.809524,0.496001,0.505514,1.760643,1.968666
0.857143,0.488001,0.490424,1.695951,2.039488
0.857143,0.464002,0.474753,1.647,2.08475
0.809524,0.448,0.427162,1.586625,2.140406
0.809524,0.392001,0.395821,1.543664,2.150582
0.857143,0.384,0.380731,1.510039,2.150582
0.857143,0.320001,0.349391,1.487547,2.150582
0.761905,0.295999,0.301219,1.479761,2.140687
0.761905,0.272,0.285548,1.471122,2.097799
0.761905,0.231999,0.269878,1.464894,2.040777
0.761905,0.24,0.222867,1.455564,1.960624
0.714286,0.136,0.159605,1.443125,1.86525
0.666667,0.151998,0.190366,1.432233,1.765689
0.714286,0.24,0.253627,1.422995,1.672704
0.714286,0.216001,0.222287,1.418711,1.561305
0.714286,0.223998,0.237957,1.415444,1.471036
0.761905,0.24,0.269878,1.4129,1.371057
0.761905,0.288001,0.301219,1.409251,1.292989
0.714286,0.327998,0.331979,1.402264,1.217696
0.666667,0.376,0.37841,1.391674,1.1424
0.666667,0.367999,0.37841,1.37522,1.069542
0.619048,0.384,0.377829,1.352181,1.010767
0.571429,0.464002,0.471271,1.315855,0.955462
0.619048,0.48,0.487522,1.266349,0.901323
0.571429,0.528001,0.533952,1.225028,0.868625
0.619048,0.511999,0.534533,1.174963,0.845867
0.52381,0.52,0.533372,1.134523,0.845867
0.47619,0.592001,0.579803,1.09879,0.845867
0.52381,0.640002,0.643064,1.067125,0.846617
0.47619,0.575999,0.595473,1.037743,0.866566
0.428571,0.575999,0.594893,1.012125,0.910711
0.333333,0.624,0.625073,0.980187,0.998086
0.333333,0.616,0.609402,0.950287,1.056175
0.285714,0.688,0.734185,0.919647,1.126097
0.285714,0.584,0.593151,0.893117,1.200898
0.285714,0.608002,0.593151,0.870332,1.273667
0.285714,0.568002,0.577481,0.853134,1.336167
0.238095,0.608002,0.608241,0.831194,1.416914
0.142857,0.604002,0.622751,0.812471,1.485967
0.047619,0.600001,0.637261,0.79068,1.550503
0.142857,0.592001,0.607081,0.773992,1.629496
0.238095,0.584,0.576901,0.772,1.697545
0.238095,0.536002,0.54556,0.772,1.75791
0.190476,0.52,0.513639,0.772,1.81012
0.238095,0.48,0.498549,0.774233,1.856155
0.190476,0.496001,0.513639,0.784309,1.903184
0.190476,0.424001,0.435287,0.80034,1.9406
0.142857,0.432002,0.419037,0.838409,1.979711
0.142857,0.376,0.372026,0.966461,2.027427
0.190476,0.335999,0.341265,1.047269,2.063832
0.238095,0.288001,0.294835,1.1025,2.09925
0.238095,0.28,0.294835,1.16506,2.130849
0.238095,0.223998,0.294835,1.236175,2.156325
0.333333,0.199999,0.217644,1.284169,2.171268
0.238095,0.151998,0.138131,1.353052,2.191512
0.238095,0.125332,0.122461,1.41775,2.196
0.238095,0.098666,0.10679,1.434757,2.196
0.238095,0.072,0.09112,1.452469,2.196
0.269841,0.104,0.117624,1.468997,2.195988
0.301587,0.136,0.144128,1.482,2.195049
0.333333,0.168,0.170633,1.482,2.190864
0.285714,0.136,0.154382,1.482,2.184096
0.380952,0.208,0.202554,1.48075,2.155065
0.428571,0.223998,0.234475,1.459738,2.113429
0.428571,0.248001,0.250145,1.423744,2.060497
0.380952,0.303999,0.312246,1.387263,1.996812
0.404762,0.328,0.336042,1.352719,1.923816
0.428571,0.352001,0.359837,1.322805,1.879836
0.428571,0.399999,0.391178,1.301681,1.856321
0.380952,0.464002,0.453279,1.297156,1.826419
0.380952,0.48,0.48462,1.297156,1.809002
0.380952,0.511999,0.46895,1.297156,1.781426
0.333333,0.560001,0.562391,1.300353,1.74062
0.380952,0.560001,0.578642,1.321946,1.664691
0.428571,0.592001,0.579222,1.364856,1.553429
0.428571,0.575999,0.579222,1.397507,1.505396
0.47619,0.656,0.658154,1.450677,1.41823
0.47619,0.656,0.658154,1.523666,1.137134
0.47619,0.696001,0.705165,1.587599,1.060498
0.47619,0.751999,0.736506,1.669835,0.831938
0.428571,0.768001,0.782937,1.770689,0.685503
0.47619,0.728,0.752176,1.859626,0.65411
0.52381,0.816002,0.784098,1.954544,0.652365
0.52381,0.808001,0.799768,2.044712,0.655107
0.571429,0.816002,0.831689,2.120768,0.656021
0.571429,0.848002,0.831689,2.187728,0.664739
0.571429,0.784002,0.800348,2.233127,0.695107
0.666667,0.832,0.83285,2.266695,0.735475
0.571429,0.784002,0.784678,2.2882,0.795028
0.52381,0.768001,0.768427,2.301364,0.865973
0.571429,0.756001,0.761172,2.307263,0.931632
0.619048,0.744002,0.753918,2.310362,1.006367
0.666667,0.688,0.676146,2.311,1.092568
0.619048,0.712002,0.706907,2.316554,1.176848
0.619048,0.688,0.691236,2.322894,1.268004
0.571429,0.664001,0.659315,2.331323,1.357175
0.666667,0.656,0.660476,2.338261,1.455577
0.571429,0.656,0.643645,2.339005,1.553489
0.547619,0.624,0.612014,2.339005,1.638504
0.52381,0.592001,0.580383,2.339005,1.7426
0.5,0.560001,0.548752,2.331865,1.832328
0.47619,0.528001,0.517121,2.31175,1.909875
0.380952,0.488001,0.48462,2.296806,1.971261
0.380952,0.448,0.453279,2.284925,2.019738
0.285714,0.424001,0.436448,2.269547,2.03315
0.238095,0.392001,0.404527,2.255182,2.03315
0.238095,0.407999,0.404527,2.227945,2.03315
0.333333,0.364,0.366512,2.19812,2.020427
0.428571,0.320001,0.328497,2.168474,1.962811
0.380952,0.295999,0.312246,2.127625,1.89
0.333333,0.28,0.248984,2.077647,1.82905
0.333333,0.176,0.186303,2.027797,1.757174
0.380952,0.168,0.171213,1.98163,1.680982
0.428571,0.159999,0.156123,1.943914,1.614353
0.428571,0.208,0.187464,1.904518,1.537996
0.47619,0.176,0.188044,1.868542,1.465025
0.571429,0.180001,0.220546,1.822084,1.388547
0.666667,0.184001,0.253047,1.78525,1.31159
0.619048,0.256001,0.252467,1.7435,1.231875
0.666667,0.231999,0.253047,1.687189,1.1498
0.714286,0.251999,0.269298,1.634582,1.043431
0.761905,0.272,0.285548,1.583067,0.961975
0.761905,0.367999,0.395241,1.52255,0.894811
0.761905,0.424001,0.442252,1.45823,0.843125
0.857143,0.424001,0.427742,1.392066,0.804962
0.809524,0.407999,0.411492,1.325516,0.762212
0.809524,0.424001,0.442832,1.27213,0.733899
0.809524,0.448,0.458503,1.212786,0.727516
0.809524,0.432002,0.458503,1.145193,0.725619
0.857143,0.503999,0.521764,1.061756,0.725619
0.809524,0.488001,0.489843,0.996485,0.725619
0.809524,0.471999,0.474173,0.937521,0.729037
0.714286,0.456001,0.473012,0.901368,0.748597
0.761905,0.511999,0.520604,0.879875,0.774852
0.761905,0.503999,0.520604,0.8785,0.807163
0.761905,0.536002,0.551944,0.8785,0.828614
0.714286,0.624,0.629716,0.8785,0.862693
0.666667,0.632001,0.629135,0.889829,0.909832
0.666667,0.672002,0.676146,0.911853,0.966565
0.666667,0.696001,0.691817,0.941173,1.018682
0.666667,0.688,0.691817,0.978072,1.05534
0.619048,0.688,0.691236,1.025448,1.085044
0.571429,0.744002,0.737667,1.090619,1.110985
0.619048,0.736001,0.753918,1.167347,1.142336
0.619048,0.751999,0.769588,1.244035,1.16901
0.666667,0.751999,0.754498,1.349844,1.189057
0.650794,0.738667,0.743858,1.45775,1.198375
0.634921,0.725335,0.733217,1.564639,1.206242
0.619048,0.712002,0.722577,1.670146,1.219925
0.571429,0.688,0.690656,1.766119,1.247888
0.666667,0.647999,0.644806,1.832433,1.28448
0.619048,0.640002,0.644225,1.890807,1.339866
0.619048,0.592001,0.597214,1.935754,1.394258
0.619048,0.584,0.612885,1.96472,1.451135
0.619048,0.552,0.581544,1.993544,1.531456
0.714286,0.560001,0.582705,2.016585,1.619276
0.619048,0.528001,0.550203,2.0275,1.703015
0.666667,0.560001,0.566454,2.029,1.758755
0.595238,0.552,0.557748,2.029,1.833635
0.52381,0.543999,0.549042,2.027375,1.902438
0.571429,0.52,0.518282,2.0005,1.9775
0.47619,0.488001,0.485781,1.959041,2.0322
0.380952,0.48,0.46895,1.917258,2.060793
0.428571,0.432002,0.438189,1.863963,2.082325
0.333333,0.432002,0.452699,1.821252,2.094708
0.428571,0.456001,0.46953,1.715251,2.118824
0.380952,0.464002,0.453279,1.622614,2.139323
0.396825,0.442667,0.432579,1.529625,2.15775
0.412698,0.421333,0.411879,1.426195,2.174258
0.428571,0.399999,0.391178,1.321575,2.185825
0.380952,0.367999,0.359257,1.230625,2.189
0.333333,0.335999,0.327336,1.141498,2.189
0.285714,0.256001,0.264074,1.061956,2.189
0.380952,0.223998,0.233894,0.991557,2.183384
0.47619,0.223998,0.219385,0.937445,2.158727
0.52381,0.216001,0.219965,0.892051,2.123266
0.547619,0.208,0.220255,0.860251,2.08239
0.571429,0.199999,0.220546,0.839375,2.02775
0.619048,0.176,0.189785,0.822826,1.966986
0.619048,0.191999,0.205456,0.806897,1.889036
0.666667,0.24,0.253047,0.797864,1.805474
0.666667,0.288001,0.300058,0.793877,1.707805
0.714286,0.303999,0.316309,0.790434,1.609012
0.761905,0.312,0.332559,0.788346,1.512859
0.714286,0.360001,0.36332,0.787081,1.439774
0.619048,0.407999,0.42484,0.787081,1.342145
0.619048,0.392001,0.40917,0.787622,1.245111
0.619048,0.399999,0.456181,0.791036,1.150634
0.619048,0.416,0.42484,0.79736,1.120723
0.571429,0.432002,0.455601,0.803464,1.103253
0.47619,0.432002,0.45444,0.815612,1.094125
0.460317,0.442668,0.45947,0.827375,1.0935
0.444444,0.453335,0.4645,0.835906,1.099513
0.428571,0.464002,0.46953,0.844842,1.110503
0.380952,0.484,0.48462,0.864072,1.118277
0.333333,0.503999,0.49971,0.899212,1.153527
0.285714,0.536002,0.499129,0.934868,1.189859
0.238095,0.552,0.608241,0.977754,1.214717
0.309524,0.568,0.593442,1.010061,1.240776
0.380952,0.584,0.578642,1.048065,1.274375
0.428571,0.568002,0.579222,1.113,1.299298
0.47619,0.640002,0.626814,1.148186,1.302
0.47619,0.592001,0.611143,1.20386,1.301
0.47619,0.656,0.658154,1.247357,1.300453
0.380952,0.728,0.735345,1.279988,1.298812
0.428571,0.728,0.720255,1.341756,1.291859
0.380952,0.784002,0.782356,1.411638,1.276081
0.428571,0.751999,0.751596,1.490125,1.25025
0.47619,0.764001,0.767847,1.571391,1.224486
0.52381,0.776002,0.784098,1.650192,1.2196
0.47619,0.768001,0.783517,1.728633,1.2196
0.52381,0.816002,0.815438,1.816931,1.2196
0.52381,0.808001,0.815438,1.903906,1.222039
0.571429,0.848002,0.816019,1.964649,1.247838
0.571429,0.800001,0.784678,2.014188,1.291728
0.619048,0.736001,0.738247,2.044125,1.34425
0.714286,0.76,0.770749,2.054473,1.418357
0.714286,0.728,0.739408,2.054473,1.518005
0.666667,0.72,0.723157,2.054473,1.611867
0.666667,0.680002,0.691817,2.053546,1.713515
0.714286,0.704001,0.708067,2.031996,1.808921
0.714286,0.672002,0.676727,1.994378,1.903498
0.714286,0.632001,0.629716,1.958636,1.975273
0.761905,0.575999,0.598955,1.914858,2.032898
0.809524,0.592001,0.599536,1.860621,2.075972
0.809524,0.600001,0.599536,1.797906,2.096
0.809524,0.552,0.568195,1.73101,2.096
0.857143,0.568002,0.568775,1.622833,2.096
0.857143,0.560001,0.553105,1.535963,2.095375
0.857143,0.528001,0.537435,1.46,2.06725
0.857143,0.471999,0.474753,1.394875,2.015875
0.857143,0.471999,0.490424,1.342112,1.956474
0.809524,0.464002,0.474173,1.323,1.888944
0.857143,0.412002,0.427742,1.323,1.808656
0.904762,0.360001,0.381312,1.323,1.739343
0.904762,0.320001,0.349971,1.323,1.667428
0.904762,0.295999,0.31863,1.342325,1.576336
0.904762,0.288001,0.30296,1.394283,1.481764
0.904762,0.28,0.30296,1.445125,1.378375
0.857143,0.360001,0.33372,1.497134,1.301969
0.857143,0.360001,0.349391,1.560158,1.217016
0.857143,0.352001,0.349391,1.639425,1.129042
0.809524,0.376,0.395821,1.699752,1.06443
0.761905,0.456001,0.457922,1.714,1.031219
0.666667,0.424001,0.425421,1.714,1.008744
0.619048,0.448,0.440511,1.714,0.990794
0.666667,0.471999,0.519443,1.708436,0.964637
0.571429,0.511999,0.518282,1.677807,0.92193
0.619048,0.575999,0.534533,1.625006,0.878108
0.619048,0.560001,0.597214,1.550588,0.837114
0.547619,0.552,0.572838,1.480471,0.798748
0.47619,0.543999,0.548462,1.410586,0.764168
0.380952,0.575999,0.578642,1.332375,0.731
0.333333,0.592001,0.609402,1.26225,0.714
0.285714,0.632001,0.640163,1.203713,0.714
0.285714,0.640002,0.624492,1.127088,0.714
0.285714,0.616,0.624492,1.060648,0.714609
0.238095,0.672002,0.608241,0.989391,0.730837
0.309524,0.640002,0.616947,0.933139,0.763387
0.380952,0.608002,0.625653,0.888988,0.805657
0.309524,0.604002,0.609112,0.855828,0.857942
0.238095,0.600001,0.592571,0.826548,0.942988
0.238095,0.616,0.608241,0.78975,1.02175
0.238095,0.608002,0.608241,0.770124,1.091182
0.238095,0.600001,0.608241,0.758707,1.162523
0.190476,0.528001,0.529309,0.750343,1.245212
0.238095,0.52,0.52989,0.743875,1.30975
0.190476,0.488001,0.482298,0.734209,1.392084
0.238095,0.464002,0.467208,0.724195,1.473156
0.142857,0.439999,0.450377,0.713691,1.537444
0.142857,0.399999,0.387696,0.706674,1.595349
0.190476,0.367999,0.372606,0.706595,1.679219
0.190476,0.360001,0.403947,0.706595,1.748157
0.238095,0.303999,0.310505,0.706595,1.848207
0.333333,0.295999,0.311666,0.712258,1.931963
0.309524,0.251999,0.264364,0.73637,2.021985
0.285714,0.208,0.217063,0.762274,2.091185
0.190476,0.168,0.153221,0.820688,2.152202
0.333333,0.127999,0.131457,0.949622,2.185746
0.47619,0.087998,0.109692,1.082582,2.232845
0.428571,0.144001,0.140453,1.144102,2.26774
0.47619,0.119998,0.125363,1.253066,2.287363
0.47619,0.176,0.172374,1.271455,2.291395
0.428571,0.191999,0.187464,1.271455,2.291395
0.547619,0.188,0.188915,1.270454,2.290447
0.666667,0.184001,0.190366,1.266565,2.278093
0.714286,0.212001,0.214452,1.217682,2.257549
0.761905,0.24,0.238537,1.144617,2.217899
0.809524,0.256001,0.270459,1.12264,2.149622
0.809524,0.312,0.31747,1.113371,2.088319
0.809524,0.303999,0.31747,1.109975,2.013741
0.761905,0.327998,0.426582,1.109975,1.922877
0.809524,0.367999,0.411492,1.109975,1.815134
0.857143,0.416,0.427742,1.121048,1.710283
0.857143,0.464002,0.474753,1.160451,1.580138
0.809524,0.407999,0.427162,1.199395,1.476973
0.904762,0.48,0.491004,1.241554,1.371268
0.857143,0.48,0.506094,1.29525,1.25675
0.857143,0.52,0.537435,1.36016,1.143133
0.857143,0.503999,0.537435,1.435285,1.038216
0.809524,0.536002,0.536854,1.522617,0.939562
0.809524,0.52,0.536854,1.610487,0.860527
0.809524,0.560001,0.552525,1.70096,0.795298
0.809524,0.600001,0.552525,1.776774,0.748127
0.761905,0.688,0.692977,1.853425,0.706606
0.761905,0.712002,0.708648,1.932275,0.687256
0.714286,0.696001,0.661056,2.002063,0.687256
0.666667,0.664001,0.660476,2.055963,0.687256
0.666667,0.688,0.691817,2.108606,0.687256
0.666667,0.76,0.770168,2.157583,0.693013
0.761905,0.76,0.786999,2.193161,0.72885
0.666667,0.816002,0.801509,2.214956,0.768259
0.619048,0.800001,0.800929,2.238028,0.815468
0.619048,0.784002,0.800929,2.249543,0.87223
0.571429,0.784002,0.784678,2.257344,0.940749
0.619048,0.808001,0.769588,2.260267,1.037278
0.619048,0.751999,0.753918,2.27176,1.115735
0.571429,0.746667,0.748114,2.286051,1.210509
0.52381,0.741334,0.74231,2.29325,1.272728
0.47619,0.736001,0.736506,2.295513,1.365117
0.47619,0.72,0.736506,2.297,1.450603
0.428571,0.688,0.704585,2.297,1.5445
0.380952,0.688,0.672664,2.296099,1.68683
0.428571,0.656,0.657574,2.291979,1.785738
0.47619,0.640002,0.642484,2.269101,1.863888
0.380952,0.640002,0.641323,2.241017,1.937595
0.380952,0.656001,0.656994,2.219981,2.004921
0.380952,0.672001,0.672664,2.182838,2.058992
0.380952,0.688,0.688334,2.131998,2.110061
0.333333,0.696001,0.687754,2.069005,2.152363
0.285714,0.672002,0.671503,1.985184,2.19193
0.380952,0.640002,0.641323,1.892563,2.207466
0.428571,0.656,0.657574,1.819553,2.227208
0.380952,0.640002,0.641323,1.744642,2.245713
0.380952,0.640002,0.641323,1.715124,2.258905
0.333333,0.592001,0.593732,1.666,2.261631
0.428571,0.560001,0.579222,1.574036,2.261631
0.52381,0.496001,0.502031,1.480391,2.261631
0.47619,0.511999,0.517121,1.398801,2.258454
0.52381,0.528001,0.517702,1.321041,2.247332
0.47619,0.496001,0.501451,1.220488,2.22849
0.507937,0.466667,0.480944,1.144375,2.211
0.539683,0.437334,0.460437,0.978006,2.187129
0.571429,0.407999,0.43993,0.852,2.1675
0.666667,0.376,0.39408,0.808348,2.143852
0.761905,0.344,0.34823,0.76419,2.112707
0.666667,0.312,0.331399,0.724278,2.06546
0.666667,0.312,0.331399,0.696195,2.017625
0.666667,0.295999,0.315728,0.665735,1.936894
0.714286,0.28,0.300638,0.645797,1.866797
0.761905,0.248001,0.254208,0.632135,1.781458
0.761905,0.256001,0.269878,0.622131,1.683895
0.809524,0.263999,0.270459,0.617256,1.593936
0.777778,0.237333,0.249178,0.615718,1.496922
0.746032,0.210667,0.227897,0.615718,1.403042
0.714286,0.184001,0.206616,0.615718,1.313795
0.714286,0.144001,0.143935,0.615789,1.220208
0.714286,0.104,0.112594,0.629635,1.162532
0.714286,0.079998,0.112594,0.655911,1.09561
0.619048,0.104,0.127104,0.684864,1.014497
0.619048,0.047998,0.064423,0.73675,0.94275
0.52381,0.047998,0.078932,0.809563,0.854875
0.47619,0.079998,0.094022,0.87455,0.784129
0.47619,0.064,0.078352,0.949985,0.742883
0.380952,0.12,0.132037,1.013965,0.713311
0.285714,0.176,0.185723,1.083184,0.689728
0.333333,0.168,0.170633,1.15765,0.676825
0.285714,0.24,0.248404,1.239501,0.666375
0.380952,0.263999,0.280905,1.320235,0.656565
0.285714,0.320001,0.342426,1.398867,0.6495
0.285714,0.344,0.342426,1.475315,0.6495
0.285714,0.399999,0.420778,1.547843,0.6495
0.238095,0.399999,0.420197,1.608467,0.649885
0.238095,0.407999,0.420197,1.666764,0.653967
0.238095,0.496001,0.498549,1.711633,0.6607
0.238095,0.456001,0.467208,1.733562,0.673263
0.142857,0.511999,0.513059,1.735875,0.687528
0.142857,0.536002,0.59141,1.735875,0.705871
0.190476,0.575999,0.57632,1.735875,0.7275
0.190476,0.584,0.591991,1.72819,0.76313
0.285714,0.568002,0.561811,1.705,0.7985
0.333333,0.592001,0.593732,1.675777,0.8473
0.285714,0.592001,0.593151,1.638247,0.928049
0.285714,0.616,0.577481,1.61356,1.014494
0.285714,0.621333,0.598375,1.59729,1.083437
0.285714,0.626667,0.619269,1.574884,1.174395
0.285714,0.632001,0.640163,1.552178,1.26019
0.333333,0.616,0.609402,1.5339,1.342758
0.333333,0.575999,0.578062,1.50754,1.442066
0.333333,0.554666,0.557168,1.488755,1.53762
0.333333,0.533333,0.536274,1.471638,1.636682
0.333333,0.511999,0.51538,1.453555,1.722985
0.333333,0.490666,0.494486,1.431748,1.8202
0.333333,0.469333,0.473593,1.427164,1.900785
0.333333,0.448,0.452699,1.427164,1.98479
0.380952,0.407999,0.421938,1.427164,2.059125
0.428571,0.367999,0.391178,1.431183,2.124767
0.428571,0.392001,0.391178,1.451034,2.173998
0.547619,0.364,0.361288,1.47733,2.198761
0.666667,0.335999,0.331399,1.505813,2.204136
0.666667,0.320001,0.331399,1.54829,2.214703
0.619048,0.320001,0.330818,1.590172,2.219
0.666667,0.308,0.315728,1.626978,2.219
0.714286,0.295999,0.300638,1.705625,2.219
0.809524,0.272,0.286129,1.771,2.213375
0.857143,0.272,0.286709,1.84175,2.208434
0.857143,0.288001,0.31805,1.88953,2.201964
0.857143,0.295999,0.31805,1.932225,2.194659
0.857143,0.352001,0.380731,1.99528,2.173703
0.904762,0.376,0.396982,2.038388,2.135918
0.857143,0.439999,0.443413,2.07124,2.090284
0.857143,0.432002,0.443413,2.105375,2.032625
0.857143,0.448,0.459083,2.134279,1.970098
0.857143,0.471999,0.506094,2.161704,1.892883
0.809524,0.511999,0.521184,2.187012,1.79319
0.857143,0.503999,0.506094,2.21844,1.688323
0.809524,0.511999,0.521184,2.227138,1.606349
0.809524,0.552,0.568195,2.242021,1.515814
0.761905,0.496001,0.661637,2.2515,1.432875
0.761905,0.560001,0.567615,2.252,1.345792
0.714286,0.552,0.551364,2.252,1.251931
0.714286,0.616,0.614045,2.252,1.183376
0.714286,0.600001,0.598375,2.251143,1.111155
0.666667,0.640002,0.660476,2.246567,1.033792
0.619048,0.664001,0.691236,2.229252,0.968264
0.619048,0.72,0.753918,2.201482,0.909246
0.595238,0.72,0.722287,2.1685,0.858375
0.571429,0.72,0.690656,2.125801,0.816771
0.571429,0.736001,0.721997,2.085279,0.781308
0.52381,0.72,0.705746,2.02879,0.75855
0.52381,0.736001,0.737086,1.979578,0.758067
0.428571,0.736001,0.735926,1.91788,0.758067
0.428571,0.736001,0.751596,1.869979,0.758067
0.380952,0.72,0.735345,1.836564,0.769807
0.428571,0.688,0.673244,1.814349,0.79832
0.380952,0.672002,0.672664,1.809,0.825272
0.333333,0.688,0.703424,1.809,0.865847
0.380952,0.736001,0.735345,1.809,0.922073
0.285714,0.72,0.718514,1.809085,0.989093
0.285714,0.728,0.734185,1.811126,1.053542
0.333333,0.704001,0.703424,1.811389,1.11925
0.333333,0.712002,0.719095,1.811389,1.192625
0.380952,0.704001,0.704005,1.811263,1.286116
0.380952,0.704001,0.688334,1.802653,1.422012
0.47619,0.688,0.673825,1.774429,1.517
0.47619,0.608002,0.595473,1.741408,1.61355
0.47619,0.616,0.611143,1.718002,1.68435
0.428571,0.560001,0.579222,1.676355,1.764035
0.460317,0.544,0.558715,1.616559,1.862054
0.492063,0.528,0.538209,1.543125,1.969
0.52381,0.511999,0.517702,1.465057,2.068477
0.52381,0.511999,0.502031,1.375548,2.157329
0.571429,0.464,0.463436,1.299742,2.22029
0.619048,0.416,0.42484,1.230789,2.265738
0.619048,0.407999,0.40917,1.14685,2.310013
0.619048,0.384,0.3935,1.07145,2.322
0.619048,0.367999,0.377829,1.006943,2.322
0.690476,0.36,0.370865,0.9435,2.322
0.761905,0.352001,0.3639,0.896556,2.318653
0.809524,0.24,0.254788,0.846394,2.27674
0.714286,0.231999,0.253627,0.813517,2.211453
0.761905,0.256001,0.269878,0.809076,2.157887
0.714286,0.24,0.237957,0.809,2.082979
0.714286,0.159999,0.175276,0.809,1.999247
0.666667,0.144001,0.159025,0.80923,1.922266
0.619048,0.112001,0.111434,0.810757,1.840165
0.619048,0.104,0.127104,0.812011,1.755249
0.619048,0.095999,0.111434,0.813555,1.686116
0.52381,0.079998,0.094602,0.816773,1.594087
0.52381,0.087998,0.094602,0.826189,1.508937
0.47619,0.095999,0.109692,0.839969,1.429425
0.428571,0.123999,0.132618,0.84855,1.351844
0.380952,0.151998,0.155543,0.860814,1.287848
0.47619,0.168,0.172374,0.872581,1.205993
0.396825,0.199999,0.207971,0.896908,1.109085
0.31746,0.231999,0.243567,0.951453,1.007847
0.238095,0.263999,0.279164,1.017218,0.911484
0.285714,0.295999,0.295415,1.087807,0.819211
0.190476,0.367999,0.356936,1.16672,0.742424
0.190476,0.357332,0.356936,1.2355,0.700027
0.190476,0.346666,0.356936,1.326992,0.654965
0.190476,0.335999,0.356936,1.400787,0.617851
0.238095,0.367999,0.388857,1.484107,0.596231
0.238095,0.367999,0.373186,1.544417,0.593
0.238095,0.352001,0.357516,1.680609,0.593
0.285714,0.303999,0.264074,1.805564,0.59375
0.238095,0.272,0.279164,1.839875,0.5975
0.285714,0.272,0.279745,1.8495,0.603304
0.380952,0.312,0.327916,1.8495,0.609575
0.333333,0.272,0.280325,1.8495,0.629879
0.380952,0.28,0.296576,1.848021,0.660553
0.428571,0.276,0.297156,1.822488,0.709796
0.47619,0.272,0.297737,1.735369,0.761189
0.47619,0.320001,0.344748,1.615103,0.837558
0.571429,0.288001,0.314568,1.584884,0.920222
0.571429,0.320001,0.314568,1.550312,1.01078
0.666667,0.335999,0.347069,1.510599,1.117319
0.666667,0.399999,0.425421,1.473958,1.224573
0.666667,0.432002,0.441091,1.439805,1.345555
0.666667,0.48,0.488102,1.418318,1.438609
0.714286,0.48,0.488683,1.398236,1.549373
0.714286,0.488001,0.504353,1.387756,1.633093
0.761905,0.528001,0.536274,1.387175,1.736162
0.809524,0.568002,0.568195,1.387175,1.83555
0.761905,0.600001,0.598955,1.387175,1.922922
0.714286,0.616,0.582705,1.394012,2.007906
0.761905,0.672002,0.677307,1.427759,2.082605
0.714286,0.640002,0.598375,1.462101,2.139322
0.714286,0.712002,0.708067,1.507149,2.191116
0.666667,0.696001,0.691817,1.563907,2.223123
0.619048,0.696001,0.706907,1.629717,2.229818
0.666667,0.832,0.754498,1.701625,2.229818
0.714286,0.888003,0.81776,1.773383,2.229818
0.666667,0.800001,0.801509,1.852947,2.227109
0.619048,0.904001,0.86361,1.931172,2.19578
0.619048,0.784002,0.785258,1.9885,2.157283
0.571429,0.800001,0.800348,2.043297,2.113076
0.571429,0.800001,0.784678,2.090625,2.072875
0.619048,0.72,0.722577,2.130931,2.026508
0.571429,0.72,0.721997,2.153156,1.993387
0.619048,0.768001,0.769588,2.168685,1.941189
0.666667,0.792,0.785839,2.189175,1.878897
0.571429,0.736001,0.737667,2.210487,1.819591
0.547619,0.728,0.721706,2.235442,1.69823
0.52381,0.72,0.705746,2.272288,1.594651
0.47619,0.704001,0.705165,2.308333,1.551121
0.428571,0.688,0.657574,2.319985,1.497964
0.380952,0.632001,0.641323,2.323,1.450299
0.380952,0.632001,0.594312,2.323151,1.4329
0.333333,0.640002,0.640743,2.325774,1.424
0.333333,0.624,0.625073,2.32706,1.424
0.301587,0.613334,0.619462,2.326872,1.424
0.269841,0.602667,0.613852,2.324489,1.427544
0.238095,0.592001,0.608241,2.323125,1.4535
0.238095,0.552,0.54556,2.320409,1.474182
0.238095,0.543999,0.54556,2.312053,1.501997
0.238095,0.511999,0.514219,2.288508,1.529607
0.142857,0.503999,0.497388,2.252721,1.560469
0.142857,0.503999,0.497388,2.194897,1.590133
0.095238,0.432002,0.434127,2.128737,1.612263
0.190476,0.407999,0.419617,2.038432,1.646367
0.095238,0.439999,0.418456,1.929719,1.681219
0.214286,0.455999,0.443413,1.806535,1.719801
0.333333,0.471999,0.468369,1.701686,1.74802
0.285714,0.471999,0.467789,1.603679,1.771244
0.333333,0.511999,0.51538,1.492636,1.778445
0.333333,0.488001,0.49971,1.378292,1.778445
0.380952,0.536002,0.531631,1.270892,1.778445
0.428571,0.516002,0.516541,1.171267,1.777222
0.47619,0.496001,0.501451,1.076774,1.757972
0.380952,0.575999,0.562972,0.992967,1.723493
0.47619,0.48,0.501451,0.921841,1.684472
0.428571,0.575999,0.579222,0.868875,1.644125
0.5,0.572,0.580093,0.837625,1.6105
0.571429,0.568002,0.580963,0.789746,1.539805
0.571429,0.575999,0.580963,0.751654,1.482947
0.619048,0.592001,0.581544,0.731847,1.414919
0.714286,0.624,0.629716,0.726359,1.333641
0.714286,0.624,0.629716,0.717294,1.240737
0.714286,0.624,0.629716,0.706856,1.184487
0.809524,0.592001,0.615206,0.696761,1.1145
0.714286,0.616,0.629716,0.695348,1.042489
0.761905,0.608002,0.614626,0.693136,0.980865
0.761905,0.600001,0.614626,0.6866,0.903309
0.809524,0.600001,0.599536,0.682425,0.825125
0.809524,0.552,0.552525,0.694023,0.792399
0.809524,0.536002,0.536854,0.70532,0.773046
0.857143,0.536002,0.537435,0.714052,0.758425
0.904762,0.528001,0.538015,0.742725,0.74911
0.857143,0.560001,0.568775,0.833788,0.736579
0.857143,0.528001,0.537435,0.918813,0.72413
0.857143,0.48,0.506094,1.009009,0.710042
0.857143,0.503999,0.506094,1.105445,0.700281
0.809524,0.448,0.458503,1.186772,0.694107
0.809524,0.456001,0.458503,1.369233,0.687271
0.857143,0.399999,0.412072,1.51279,0.685053
0.857143,0.367999,0.380731,1.598915,0.684818
0.952381,0.335999,0.350551,1.691,0.684818
0.904762,0.308,0.31863,1.785956,0.684818
0.857143,0.28,0.286709,1.872761,0.687206
0.857143,0.231999,0.255369,1.95243,0.703401
0.857143,0.248001,0.255369,2.018964,0.732405
0.809524,0.216001,0.239118,2.080425,0.773114
0.761905,0.191999,0.191526,2.142478,0.820251
0.690476,0.143999,0.143645,2.180517,0.88432
0.619048,0.095999,0.095763,2.211989,0.967458
0.619048,0.087998,0.095763,2.224787,1.051163
0.52381,0.064,0.078932,2.224787,1.112447
0.52381,0.079998,0.094602,2.224787,1.153866
0.47619,0.136,0.156703,2.223878,1.185021
0.380952,0.144001,0.155543,2.212875,1.188407
0.285714,0.184001,0.185723,2.18714,1.188407
0.285714,0.208,0.217063,2.153125,1.188407
0.238095,0.24,0.247824,2.092267,1.181623
0.333333,0.231999,0.217644,2.014147,1.165231
0.285714,0.216001,0.248404,1.935893,1.154072
0.333333,0.191999,0.201973,1.85585,1.151
0.380952,0.176,0.186883,1.782515,1.151
0.333333,0.168,0.178468,1.704125,1.151
0.285714,0.159999,0.170052,1.604383,1.151
0.333333,0.184001,0.186303,1.500458,1.155296
0.428571,0.168,0.171793,1.40351,1.167679
0.5,0.204,0.204005,1.339572,1.190513
0.571429,0.24,0.236216,1.247281,1.23484
0.666667,0.223998,0.237377,1.158218,1.288505
0.666667,0.24,0.237377,1.059758,1.350288
0.714286,0.276,0.277133,0.988515,1.404012
0.761905,0.312,0.316889,0.916746,1.457532
0.761905,0.288001,0.301219,0.851245,1.51837
0.761905,0.327998,0.332559,0.794429,1.588939
0.761905,0.384,0.395241,0.747344,1.660828
0.761905,0.439999,0.442252,0.710997,1.727226
0.761905,0.448,0.457922,0.683387,1.789319
0.761905,0.496001,0.504933,0.664284,1.848315
0.809524,0.511999,0.521184,0.660378,1.919125
0.761905,0.52,0.536274,0.660378,1.986899
0.809524,0.600001,0.615206,0.660378,2.056471
0.761905,0.575999,0.583285,0.668645,2.116894
0.714286,0.600001,0.598375,0.709339,2.165943
0.761905,0.664001,0.661637,0.754309,2.201551
0.666667,0.680002,0.707487,0.802688,2.227813
0.666667,0.688,0.691817,0.854875,2.24825
0.666667,0.751999,0.754498,0.918536,2.263832
0.666667,0.712002,0.723157,0.989994,2.277311
0.666667,0.704001,0.691817,1.070197,2.284133
0.619048,0.696001,0.691236,1.137645,2.287149
0.619048,0.712002,0.706907,1.205669,2.294008
0.619048,0.656,0.659896,1.27729,2.301292
0.619048,0.656,0.675566,1.351282,2.301292
0.52381,0.704001,0.721416,1.438438,2.301292
0.571429,0.688,0.674985,1.524652,2.300917
0.571429,0.736001,0.706326,1.588,2.298
0.47619,0.712002,0.705165,1.624413,2.286984
0.428571,0.640002,0.641904,1.71587,2.256891
0.428571,0.640002,0.641904,1.808494,2.217065
0.333333,0.704001,0.672084,1.89405,2.171789
0.380952,0.647999,0.641323,1.973493,2.115062
0.333333,0.647999,0.640743,2.031077,2.066252
0.333333,0.640002,0.625073,2.08225,2.011125
0.285714,0.575999,0.577481,2.126165,1.950212
0.285714,0.592001,0.593151,2.140773,1.9063
0.238095,0.543999,0.592571,2.140773,1.845377
0.333333,0.536002,0.546721,2.140773,1.815225
0.380952,0.503999,0.515961,2.13883,1.798
0.333333,0.496001,0.49971,2.11425,1.797
0.428571,0.48,0.46953,2.0915,1.797
0.47619,0.471999,0.47011,2.061305,1.803944
0.47619,0.416,0.47011,2.03125,1.838938
0.571429,0.392001,0.40859,1.998764,1.868461
0.52381,0.392001,0.376669,1.927484,1.922771
0.619048,0.360001,0.377829,1.863851,1.962744
0.619048,0.367999,0.3935,1.77669,2.022039
0.52381,0.335999,0.345328,1.704312,2.069769
0.571429,0.303999,0.314568,1.613696,2.109773
0.619048,0.272,0.283807,1.520647,2.141452
0.619048,0.263999,0.283807,1.431891,2.1505
0.666667,0.248001,0.253047,1.362674,2.1505
0.571429,0.191999,0.189205,1.291579,2.1505
0.619048,0.144001,0.158445,1.225116,2.149469
0.619048,0.144001,0.174115,1.158264,2.125485
0.619048,0.087998,0.095763,1.095796,2.080214
0.571429,0.064,0.079512,1.02564,2.023245
0.47619,0.136,0.125363,0.963115,1.963905
0.428571,0.159999,0.156123,0.904593,1.895242
0.333333,0.159999,0.186303,0.857054,1.83179
0.333333,0.112001,0.139292,0.8175,1.7595
0.333333,0.191999,0.170633,0.77009,1.66114
0.269841,0.197332,0.190753,0.735215,1.577361
0.206349,0.202666,0.210873,0.71898,1.487018
0.142857,0.208,0.230992,0.71898,1.420042
0.238095,0.295999,0.294835,0.71898,1.392589
0.190476,0.28,0.309925,0.71898,1.365664
0.190476,0.352001,0.341265,0.728408,1.330067
0.190476,0.344,0.356936,0.751202,1.272924
0.142857,0.407999,0.403366,0.788125,1.22825
0.238095,0.376,0.388857,0.844587,1.171992
0.142857,0.432002,0.434707,0.917625,1.1185
0.238095,0.416,0.388857,1.00125,1.05325
0.214286,0.407999,0.388566,1.081301,0.990924
0.190476,0.399999,0.388276,1.164339,0.809546
0.285714,0.376,0.358096,1.246857,0.764189
0.333333,0.367999,0.390017,1.332878,0.735194
0.333333,0.384,0.390017,1.422458,0.705842
0.380952,0.367999,0.390598,1.502591,0.703622
0.47619,0.384,0.391759,1.561938,0.703622
0.47619,0.376,0.391759,1.633481,0.704443
0.428571,0.352001,0.359837,1.701425,0.731312
0.47619,0.367999,0.360418,1.749488,0.792993
0.571429,0.335999,0.345908,1.785137,0.823396
0.571429,0.360001,0.361579,1.8005,0.893005
0.619048,0.352001,0.377829,1.8005,0.958087
0.571429,0.448,0.455601,1.8005,1.027235
0.619048,0.448,0.471851,1.799,1.109202
0.666667,0.528001,0.535113,1.779025,1.19279
0.666667,0.464002,0.472432,1.744959,1.283051
0.714286,0.496001,0.488683,1.70402,1.381125
0.714286,0.552,0.567034,1.669667,1.464807
0.761905,0.560001,0.567615,1.633945,1.561865
0.714286,0.575999,0.567034,1.599475,1.670417
0.714286,0.616,0.629716,1.580573,1.764346
0.714286,0.624,0.629716,1.579573,1.847716
0.666667,0.664001,0.644806,1.579573,1.928008
0.666667,0.664001,0.644806,1.579573,1.966713
0.714286,0.656,0.661056,1.592375,2.0055
0.714286,0.664001,0.661056,1.634348,2.059585
0.761905,0.656,0.645966,1.683014,2.092558
0.714286,0.640002,0.661056,1.733247,2.103529
0.761905,0.672002,0.630296,1.794254,2.103529
0.857143,0.608002,0.568775,1.860802,2.103529
0.761905,0.600001,0.57545,1.94264,2.103529
0.666667,0.592001,0.582124,2.005759,2.080645
0.666667,0.575999,0.597795,2.060626,2.043672
0.666667,0.552,0.550784,2.109243,2.007314
0.619048,0.496001,0.518862,2.151375,1.964375
0.571429,0.48,0.471271,2.197549,1.904101
0.571429,0.456001,0.455601,2.238825,1.835121
0.52381,0.432002,0.45502,2.260301,1.774459
0.52381,0.424001,0.42368,2.28046,1.717933
0.47619,0.424001,0.43877,2.300648,1.654608
0.380952,0.448,0.453279,2.3037,1.599087
0.333333,0.48,0.468369,2.3037,1.531531
0.333333,0.399999,0.452699,2.3037,1.482125
0.285714,0.448,0.452118,2.295552,1.424797
0.333333,0.464002,0.468369,2.274152,1.377377
0.285714,0.424001,0.452118,2.252879,1.341162
0.190476,0.503999,0.466628,2.233844,1.337
0.285714,0.507999,0.491294,2.216347,1.337
0.380952,0.511999,0.515961,2.195056,1.337
0.333333,0.536,0.538886,2.170653,1.34748
0.285714,0.560001,0.561811,2.143563,1.375002
0.285714,0.592001,0.593151,2.108028,1.407507
0.238095,0.624,0.623912,2.059389,1.442671
0.285714,0.600001,0.608822,1.999243,1.489015
0.333333,0.664001,0.656413,1.935988,1.534712
0.333333,0.664001,0.672084,1.851363,1.582337
0.428571,0.640002,0.641904,1.763625,1.617
0.428571,0.664001,0.673244,1.67625,1.651375
0.333333,0.672002,0.703424,1.591457,1.683495
0.380952,0.716001,0.72751,1.516658,1.709115
0.428571,0.76,0.751596,1.433245,1.723
0.47619,0.72,0.720836,1.356568,1.723
0.52381,0.751999,0.721416,1.277549,1.723
0.571429,0.696001,0.706326,1.209415,1.723
0.666667,0.72,0.738828,1.135625,1.7055
0.666667,0.736001,0.754498,1.060771,1.675754
0.714286,0.712002,0.708067,0.986718,1.636576
0.666667,0.704001,0.707487,0.931915,1.598572
0.666667,0.696001,0.707487,0.879173,1.547611
0.714286,0.688,0.692397,0.835916,1.492289
0.714286,0.672002,0.692397,0.801669,1.44596
0.714286,0.616,0.614045,0.772704,1.393174
0.761905,0.600001,0.630296,0.758225,1.343629
0.761905,0.632001,0.630296,0.757133,1.302291
0.809524,0.616,0.615206,0.757133,1.285834
0.809524,0.543999,0.568195,0.757133,1.285594
0.809524,0.560001,0.552525,0.762549,1.285594
0.809524,0.52,0.536854,0.782139,1.285594
0.809524,0.52,0.521184,0.821121,1.297632
0.809524,0.464002,0.489843,0.8735,1.315875
0.809524,0.503999,0.521184,0.945044,1.333743
0.809524,0.439999,0.442832,1.02943,1.348237
0.809524,0.416,0.427162,1.122062,1.354808
0.809524,0.407999,0.411492,1.213518,1.355952
0.857143,0.392001,0.396402,1.318947,1.355952
0.809524,0.392001,0.395821,1.420787,1.355952
0.761905,0.448,0.457922,1.511522,1.345322
0.809524,0.448,0.458503,1.604836,1.319125
0.809524,0.424001,0.442832,1.691908,1.298947
0.761905,0.448,0.457922,1.756858,1.267937
0.714286,0.48,0.488683,1.825364,1.245818
0.666667,0.471999,0.488102,1.887188,1.217757
0.714286,0.640002,0.551364,1.93965,1.168575
0.619048,0.543999,0.550203,1.985211,1.105071
0.52381,0.600001,0.643064,2.014625,1.050479
0.619048,0.640002,0.565873,2.0225,0.998845
0.52381,0.688,0.643064,2.0225,0.956884
0.47619,0.672002,0.720836,2.0225,0.913052
0.52381,0.632001,0.627394,2.017928,0.857221
0.52381,0.632001,0.627394,1.995411,0.818554
0.47619,0.616,0.626814,1.960706,0.784282
0.380952,0.616,0.594312,1.910189,0.746889
0.428571,0.592001,0.657574,1.859355,0.72705
0.47619,0.616,0.626814,1.790125,0.71475
0.440476,0.614,0.622461,1.7195,0.7135
0.404762,0.612001,0.618108,1.652927,0.7135
0.369048,0.610001,0.613755,1.579695,0.7135
0.333333,0.608002,0.609402,1.498146,0.714375
0.333333,0.560001,0.562391,1.416514,0.725724
0.285714,0.543999,0.54614,1.341806,0.744162
0.238095,0.536002,0.52989,1.269905,0.769882
0.238095,0.496001,0.498549,1.201506,0.799881
0.285714,0.48,0.467789,1.131013,0.843966
0.190476,0.439999,0.450958,1.070469,0.892894
0.238095,0.384,0.388857,1.010468,0.949034
0.238095,0.407999,0.388857,0.948642,1.022798
0.285714,0.335999,0.342426,0.895812,1.10361
0.238095,0.320001,0.326175,0.852361,1.185602
0.238095,0.288001,0.294835,0.809555,1.286109
0.238095,0.28,0.294835,0.778923,1.36952
0.261905,0.235999,0.248114,0.75291,1.452345
0.285714,0.191999,0.201393,0.737387,1.545618
0.238095,0.159999,0.185142,0.734887,1.61645
0.238095,0.168,0.169472,0.732387,1.695617
0.285714,0.144001,0.154382,0.732387,1.75906
0.333333,0.151998,0.154962,0.742459,1.813758
0.428571,0.119998,0.124782,0.778232,1.868967
0.52381,0.127999,0.172954,0.839094,1.927922
0.619048,0.144001,0.142774,0.931603,1.967627
0.571429,0.144001,0.173535,0.985658,1.988253
0.666667,0.159999,0.174695,1.023275,1.995974
0.714286,0.191999,0.206616,1.056675,1.997
0.714286,0.199999,0.237957,1.089662,1.997
0.714286,0.335999,0.331979,1.092549,1.997
0.714286,0.335999,0.347649,1.092549,1.993174
0.714286,0.312,0.331979,1.092549,1.9695
0.714286,0.367999,0.37899,1.075534,1.940931
0.714286,0.360001,0.37899,1.059398,1.907981
0.809524,0.416,0.427162,1.05412,1.859174
0.761905,0.439999,0.489263,1.050375,1.806248
0.761905,0.488001,0.473593,1.048094,1.770272
0.761905,0.48,0.489263,1.046091,1.735928
0.714286,0.528001,0.535694,1.046091,1.692625
0.714286,0.560001,0.567034,1.046091,1.601991
0.714286,0.568002,0.551364,1.047591,1.505873
0.714286,0.592001,0.598375,1.06969,1.398117
0.714286,0.680002,0.692397,1.096214,1.307544
0.666667,0.672002,0.676146,1.132984,1.216208
0.666667,0.72,0.723157,1.175558,1.116769
0.619048,0.696001,0.691236,1.22608,0.87992
0.571429,0.728,0.737667,1.303649,0.819031
0.619048,0.744002,0.753918,1.363976,0.789346
0.52381,0.704001,0.705746,1.443418,0.761375
0.52381,0.712002,0.705746,1.528043,0.753
0.428571,0.76,0.767266,1.612332,0.753
0.47619,0.751999,0.767847,1.69178,0.753
0.47619,0.751999,0.752176,1.756348,0.757231
0.47619,0.751999,0.736506,1.816743,0.784587
0.47619,0.72,0.705165,1.876619,0.82931
0.428571,0.704001,0.720255,1.928371,0.879996
0.428571,0.72,0.704585,1.98225,0.942625
0.380952,0.751999,0.735345,2.04,1.01075
0.380952,0.72,0.735345,2.10275,1.0765
0.428571,0.72,0.720255,2.14081,1.1393
0.428571,0.704001,0.704585,2.177851,1.190345
0.428571,0.688,0.704585,2.232503,1.26256
0.333333,0.688,0.703424,2.267828,1.34192
0.380952,0.688,0.672664,2.315943,1.456868
0.333333,0.656,0.656413,2.335759,1.550297
0.428571,0.600001,0.610563,2.335759,1.640817
0.47619,0.624,0.626814,2.335759,1.7246
0.47619,0.575999,0.579803,2.3353,1.797964
0.52381,0.560001,0.549042,2.320004,1.901539
0.47619,0.52,0.564132,2.298698,1.957829
0.571429,0.503999,0.518282,2.268132,2.013541
0.571429,0.464002,0.471271,2.213781,2.072237
0.52381,0.464002,0.470691,2.156735,2.11256
0.595238,0.416,0.432385,2.084375,2.150125
0.666667,0.367999,0.39408,1.98208,2.191099
0.714286,0.392001,0.39466,1.885952,2.217421
0.761905,0.344,0.34823,1.793636,2.224092
0.714286,0.360001,0.37899,1.687765,2.224336
0.714286,0.288001,0.300638,1.583318,2.224336
0.809524,0.288001,0.31747,1.499737,2.223924
0.761905,0.263999,0.285548,1.406492,2.214031
0.761905,0.216001,0.238537,1.31325,2.188
0.761905,0.191999,0.207197,1.226511,2.148015
0.666667,0.168,0.190366,1.146369,2.093084
0.603175,0.144,0.163475,1.068437,2.028226
0.539683,0.119999,0.136583,1.012729,1.96276
0.47619,0.095999,0.109692,0.95854,1.884117
0.428571,0.064,0.077771,0.919006,1.808442
0.380952,0.095999,0.108532,0.879794,1.716145
0.285714,0.119998,0.123041,0.852875,1.61475
0.285714,0.151998,0.138712,0.839554,1.533185
0.380952,0.184001,0.233894,0.836906,1.44968
0.309524,0.200001,0.233024,0.836906,1.361506
0.238095,0.216001,0.232153,0.836906,1.276009
0.238095,0.261334,0.273941,0.839107,1.201046
0.238095,0.306667,0.315728,0.855047,1.108471
0.238095,0.352001,0.357516,0.877034,1.044714
0.238095,0.320001,0.326175,0.912125,0.971835
0.238095,0.384,0.404527,0.9577,0.899485
0.214286,0.436,0.443413,1.007418,0.83223
0.190476,0.488001,0.482298,1.05764,0.774085
0.190476,0.503999,0.497969,1.117715,0.717604
0.190476,0.488001,0.497969,1.181465,0.681034
0.142857,0.528001,0.513059,1.272649,0.643544
0.190476,0.511999,0.513639,1.342898,0.623
0.190476,0.503999,0.497969,1.403107,0.623
0.238095,0.552,0.56123,1.443951,0.623
0.190476,0.568002,0.56065,1.494014,0.623069
0.190476,0.592001,0.591991,1.524492,0.630211
0.238095,0.632001,0.623912,1.531602,0.641789
0.285714,0.632001,0.624492,1.531602,0.654432
0.333333,0.688,0.672084,1.531602,0.67725
0.333333,0.656,0.672084,1.527926,0.712059
0.333333,0.688,0.672084,1.509896,0.760947
0.380952,0.592001,0.578642,1.47044,0.828341
0.380952,0.600001,0.594312,1.445556,0.896704
0.428571,0.568002,0.579222,1.427425,0.988557
0.380952,0.575999,0.578642,1.41225,1.074625
0.380952,0.584,0.578642,1.393897,1.171547
0.428571,0.488001,0.500871,1.377065,1.277598
0.333333,0.471999,0.468369,1.3623,1.386488
0.333333,0.439999,0.452699,1.345233,1.499756
0.428571,0.407999,0.406849,1.34008,1.601401
0.428571,0.320001,0.328497,1.34008,1.691236
0.380952,0.384,0.390598,1.34008,1.772573
0.428571,0.376,0.391178,1.34056,1.864328
0.380952,0.432002,0.437609,1.352636,1.954405
0.47619,0.448,0.45444,1.373875,2.0435
0.47619,0.416,0.423099,1.406243,2.119026
0.52381,0.428,0.43935,1.444919,2.164419
0.571429,0.439999,0.455601,1.496739,2.200253
0.619048,0.488001,0.518862,1.55025,2.222705
0.666667,0.528001,0.550784,1.609,2.226911
0.666667,0.496001,0.503772,1.681775,2.226911
0.714286,0.575999,0.582705,1.772586,2.226911
0.666667,0.552,0.582124,1.855632,2.210041
0.714286,0.568002,0.567034,1.945269,2.162418
0.666667,0.624,0.629135,2.014898,2.113134
0.714286,0.664001,0.661056,2.065138,2.070956
0.761905,0.640002,0.645966,2.120829,2.013298
0.761905,0.624,0.630296,2.162826,1.95687
0.714286,0.632001,0.629716,2.207843,1.892621
0.666667,0.664001,0.629135,2.244493,1.82516
0.761905,0.688,0.692977,2.270845,1.766697
0.761905,0.696001,0.692977,2.297557,1.675311
0.714286,0.680002,0.692397,2.316916,1.597203
0.666667,0.736001,0.738828,2.334032,1.501762
0.666667,0.808001,0.801509,2.338,1.430052
0.666667,0.800001,0.801509,2.338,1.362892
0.619048,0.824,0.816599,2.338,1.289714
0.571429,0.816002,0.831689,2.333937,1.202187
0.619048,0.848002,0.84794,2.322469,1.126777
0.714286,0.816002,0.83343,2.31465,1.043975
0.666667,0.832,0.817179,2.304731,0.990934
0.666667,0.76,0.770168,2.29022,0.933627
0.666667,0.800001,0.785839,2.262125,0.89175
0.666667,0.784002,0.785839,2.227042,0.848708
0.666667,0.768001,0.754498,2.18278,0.812172
0.666667,0.728,0.723157,2.127846,0.781664
0.666667,0.72,0.723157,2.066946,0.757939
0.666667,0.688,0.676146,1.998997,0.7445
0.666667,0.672002,0.676146,1.94566,0.7445
0.761905,0.656,0.661637,1.897613,0.7445
0.714286,0.672002,0.661056,1.86357,0.744875
0.761905,0.632001,0.630296,1.83429,0.765978
0.809524,0.592001,0.599536,1.806308,0.807561
0.857143,0.592001,0.584446,1.792323,0.864003
0.857143,0.584,0.600116,1.785819,0.932101
0.857143,0.560001,0.568775,1.783607,1.005789
0.857143,0.543999,0.568775,1.782155,1.042416
0.904762,0.560001,0.569356,1.776938,1.126649
0.857143,0.536002,0.553105,1.75782,1.217684
0.904762,0.543999,0.538015,1.74187,1.285739
0.904762,0.528001,0.538015,1.735812,1.336438
0.857143,0.536002,0.537435,1.718341,1.393899
0.857143,0.471999,0.474753,1.697303,1.43285
0.857143,0.439999,0.459083,1.671716,1.456532
0.809524,0.439999,0.442832,1.645867,1.470711
0.857143,0.367999,0.396402,1.61086,1.479186
0.761905,0.367999,0.379571,1.561794,1.482243
0.809524,0.384,0.380151,1.502414,1.488558
0.714286,0.344,0.36332,1.433392,1.492167
0.714286,0.344,0.347649,1.366455,1.493502
0.619048,0.320001,0.330818,1.307569,1.495522
0.619048,0.320001,0.330818,1.242606,1.496
0.52381,0.312,0.329658,1.170125,1.496
0.52381,0.272,0.282647,1.093356,1.496
0.47619,0.288001,0.297737,1.017295,1.496
0.428571,0.288001,0.297156,0.951971,1.489111
0.428571,0.392001,0.406849,0.883375,1.4755
0.357143,0.412002,0.421648,0.830877,1.464831
0.285714,0.432002,0.436448,0.77332,1.46302
0.285714,0.439999,0.436448,0.733,1.453109
0.285714,0.424001,0.436448,0.695823,1.445445
0.333333,0.416,0.421358,0.666658,1.437069
0.333333,0.424001,0.437028,0.645894,1.417677
0.285714,0.439999,0.436448,0.6433,1.380795
0.333333,0.412,0.421358,0.6433,1.292875
0.380952,0.384,0.406268,0.6433,1.214785
0.333333,0.416,0.405688,0.645641,1.126959
0.404762,0.4,0.406558,0.654666,1.052173
0.47619,0.384,0.407429,0.660375,0.9995
0.52381,0.432002,0.43935,0.666095,0.929722
0.52381,0.448,0.45502,0.692611,0.924222
0.571429,0.496001,0.455601,0.710914,0.924222
0.571429,0.456001,0.471271,0.726531,0.924222
0.571429,0.448,0.455601,0.740289,0.960156
0.619048,0.448,0.456181,0.757548,1.03755
0.666667,0.448,0.472432,0.76258,1.106875
0.666667,0.496001,0.503772,0.76258,1.172859
0.666667,0.552,0.550784,0.76258,1.239359
0.714286,0.528001,0.567034,0.759209,1.301268
0.666667,0.575999,0.566454,0.744521,1.376092
0.714286,0.552,0.567034,0.732469,1.439417
0.666667,0.536002,0.566454,0.716641,1.515115
0.714286,0.560001,0.567034,0.695151,1.599023
0.619048,0.536002,0.565873,0.6685,1.68775
0.571429,0.632001,0.674985,0.652392,1.767545
0.619048,0.511999,0.503192,0.625467,1.856878
0.571429,0.52,0.518282,0.600975,1.941299
0.619048,0.543999,0.565873,0.595,2.010333
0.52381,0.575999,0.596053,0.595,2.048411
0.52381,0.608002,0.611724,0.595,2.078758
0.571429,0.624,0.627974,0.599621,2.104301
0.571429,0.600001,0.612304,0.626001,2.112202
0.47619,0.528001,0.532792,0.665079,2.112202
0.428571,0.528001,0.516541,0.736835,2.112202
0.47619,0.511999,0.532792,0.814976,2.110414
0.428571,0.552,0.563552,0.900536,2.087848
0.428571,0.568002,0.579222,0.963637,2.065089
0.412698,0.546667,0.558135,1.05816,2.035243
0.396825,0.525333,0.537048,1.152611,2.00317
0.380952,0.503999,0.515961,1.248487,1.970786
0.333333,0.503999,0.507545,1.343112,1.935241
0.285714,0.503999,0.499129,1.433795,1.892031
0.190476,0.503999,0.513639,1.517499,1.837455
0.190476,0.503999,0.513639,1.592394,1.77659
0.190476,0.52,0.513639,1.677855,1.70448
0.142857,0.536002,0.528729,1.745375,1.644125
0.095238,0.575999,0.559489,1.813056,1.596131
0.142857,0.552,0.56007,1.879753,1.524066
0.190476,0.552,0.54498,1.929303,1.45389
0.142857,0.560001,0.544399,1.967093,1.384524
0.238095,0.560001,0.553395,1.989575,1.334089
0.333333,0.560001,0.562391,1.997,1.305331
0.285714,0.528001,0.53047,1.997,1.296735
0.380952,0.504,0.508125,1.997,1.296735
0.47619,0.48,0.485781,1.997,1.296735
0.428571,0.568002,0.516541,1.984261,1.29736
0.47619,0.48,0.485781,1.955133,1.308
0.511905,0.472,0.478381,1.938954,1.317693
0.547619,0.464,0.470981,1.885419,1.335114
0.583333,0.456,0.463581,1.831895,1.353879
0.619048,0.448,0.456181,1.766537,1.374113
0.619048,0.456001,0.456181,1.694039,1.398878
0.666667,0.416,0.441091,1.606031,1.430977
0.714286,0.424001,0.441672,1.511246,1.444387
0.714286,0.448,0.457342,1.420054,1.448833
0.761905,0.432002,0.442252,1.329034,1.460474
0.857143,0.439999,0.459083,1.24336,1.477939
0.809524,0.424001,0.442832,1.170003,1.497362
0.809524,0.439999,0.442832,1.11825,1.505
0.761905,0.448,0.410911,1.06078,1.505
0.857143,0.456001,0.459083,1.000572,1.505
0.809524,0.352001,0.364481,0.9765,1.504125
0.761905,0.327998,0.332559,0.9765,1.49417
0.857143,0.303999,0.31805,0.9765,1.478519
0.809524,0.272,0.286129,0.985135,1.451412
0.809524,0.223998,0.239118,1.014361,1.406424
0.809524,0.24,0.254788,1.044375,1.363375
0.714286,0.216001,0.206616,1.08977,1.309494
0.666667,0.159999,0.174695,1.138028,1.24944
0.571429,0.144001,0.142194,1.18825,1.187594
0.52381,0.079998,0.094602,1.238124,1.134363
0.52381,0.055999,0.063262,1.297106,1.081448
0.428571,0.087998,0.046431,1.351305,1.046449
0.428571,0.032,0.062101,1.425712,1.012688
0.428571,0.104,0.109112,1.5138,0.980137
0.380952,0.136,0.139872,1.6042,0.959125
0.428571,0.159999,0.171793,1.691342,0.943535
0.428571,0.208,0.218804,1.775384,0.931132
0.333333,0.256,0.264655,1.863375,0.921618
0.238095,0.303999,0.310505,1.929935,0.916889
0.333333,0.295999,0.311666,2.010819,0.916889
0.285714,0.295999,0.311085,2.072375,0.916889
0.238095,0.303999,0.294835,2.117674,0.916889
0.238095,0.392001,0.388857,2.160542,0.919468
0.285714,0.392001,0.420778,2.203894,0.929298
0.190476,0.424001,0.419617,2.235647,0.931096
0.285714,0.456001,0.452118,2.245883,0.931096
0.285714,0.464002,0.483459,2.245883,0.933114
0.333333,0.48,0.452699,2.245883,0.93651
0.333333,0.496001,0.49971,2.241691,0.941657
0.285714,0.464002,0.483459,2.213324,0.942
0.285714,0.48,0.467789,2.162857,0.947802
0.333333,0.48,0.484039,2.104092,0.97801
0.238095,0.432002,0.435868,2.040219,1.018046
0.333333,0.448,0.452699,1.987369,1.065302
0.333333,0.456001,0.468369,1.916,1.127
0.380952,0.448,0.453279,1.823481,1.209702
0.47619,0.496001,0.485781,1.739674,1.282934
0.47619,0.384,0.391759,1.661312,1.357438
0.5,0.384,0.392049,1.572801,1.418855
0.52381,0.384,0.392339,1.493357,1.504924
0.619048,0.392001,0.40917,1.45462,1.580187
0.619048,0.384,0.42484,1.396595,1.666734
0.666667,0.448,0.456761,1.293034,1.70678
0.714286,0.464002,0.473012,1.272,1.750839
0.761905,0.464002,0.473593,1.272,1.81492
0.761905,0.488001,0.489263,1.272,1.873797
0.714286,0.503999,0.520023,1.273125,1.921798
0.761905,0.560001,0.567615,1.287014,1.966263
0.761905,0.543999,0.567615,1.300579,1.994986
0.761905,0.560001,0.583285,1.307326,2.024715
0.714286,0.575999,0.582705,1.339946,2.088469
0.714286,0.616,0.629716,1.373125,2.16325
0.714286,0.616,0.629716,1.424923,2.188775
0.714286,0.608002,0.629716,1.447483,2.218606
0.714286,0.728,0.723738,1.489753,2.234028
0.619048,0.688,0.691236,1.523161,2.243984
0.666667,0.696001,0.691817,1.595057,2.24621
0.666667,0.704001,0.723157,1.680524,2.24621
0.642857,0.720001,0.730702,1.747813,2.24621
0.619048,0.736001,0.738247,1.826482,2.245647
0.52381,0.680002,0.658735,1.913106,2.225334
0.52381,0.688,0.658735,1.98721,2.187009
0.52381,0.693334,0.669182,2.036479,2.153965
0.52381,0.698668,0.679629,2.062038,2.102524
0.52381,0.704001,0.690075,2.078875,2.046649
0.52381,0.661334,0.653511,2.086508,1.987774
0.52381,0.618667,0.616947,2.096328,1.929923
0.52381,0.575999,0.580383,2.103558,1.858902
0.52381,0.568002,0.549042,2.103558,1.784681
0.52381,0.543999,0.549042,2.106155,1.70556
0.52381,0.52,0.517702,2.1085,1.623101
0.52381,0.511999,0.517702,2.106875,1.531901
0.52381,0.471999,0.486361,2.104948,1.45531
0.571429,0.416,0.42426,2.10234,1.38025
0.571429,0.407999,0.40859,2.098709,1.304125
0.619048,0.392001,0.3935,2.090958,1.238753
0.666667,0.352001,0.347069,2.06611,1.185047
0.666667,0.327998,0.331399,2.041289,1.148976
0.666667,0.320001,0.315728,2.019053,1.145742
0.666667,0.256001,0.268717,2.002671,1.145
0.666667,0.216001,0.237377,1.99179,1.145
0.666667,0.199999,0.206036,1.966537,1.157524
0.666667,0.159999,0.174695,1.927813,1.200211
0.666667,0.127999,0.143355,1.898232,1.242955
0.666667,0.119998,0.127684,1.857947,1.294635
0.595238,0.095999,0.111143,1.814448,1.344586
0.52381,0.072,0.094602,1.759155,1.39611
0.47619,0.084,0.094022,1.692892,1.452022
0.428571,0.095999,0.093442,1.614742,1.496605
0.380952,0.095999,0.092861,1.538715,1.536697
0.380952,0.144001,0.218224,1.459704,1.585632
0.309524,0.172,0.209518,1.375364,1.634298
0.238095,0.199999,0.200813,1.305449,1.66867
0.190476,0.288001,0.309925,1.226285,1.700458
0.142857,0.312,0.293674,1.15672,1.717415
0.238095,0.352001,0.357516,1.098032,1.717415
0.190476,0.344,0.356936,1.018009,1.717415
0.095238,0.432002,0.434127,0.949927,1.717415
0.142857,0.456001,0.466048,0.873125,1.705729
0.142857,0.496001,0.497388,0.822406,1.672651
0.142857,0.503999,0.513059,0.780458,1.628802
0.190476,0.511999,0.529309,0.744737,1.578236
0.142857,0.528001,0.513059,0.724875,1.5515
0.142857,0.496001,0.497388,0.7205,1.522423
0.142857,0.503999,0.497388,0.7205,1.492265
0.190476,0.464002,0.466628,0.7205,1.441863
0.190476,0.448,0.466628,0.728274,1.353471
0.238095,0.464002,0.467208,0.749025,1.275957
0.333333,0.503999,0.49971,0.767634,1.207532
0.333333,0.496001,0.51538,0.790777,1.176667
0.333333,0.48,0.468369,0.80564,1.137157
0.428571,0.528001,0.532211,0.827385,1.10925
0.428571,0.543999,0.547882,0.863358,0.982117
0.47619,0.464002,0.485781,0.926885,0.964867
0.428571,0.496001,0.516541,1.0064,0.964867
0.47619,0.528001,0.532792,1.083675,0.964867
0.52381,0.560001,0.533372,1.157188,0.993338
0.571429,0.528001,0.549623,1.195907,1.033101
0.571429,0.600001,0.596634,1.326826,1.064522
0.666667,0.616,0.613465,1.399219,1.1111
0.571429,0.680002,0.690656,1.4245,1.188125
0.666667,0.656,0.660476,1.436125,1.269612
0.714286,0.680002,0.676727,1.438881,1.409126
0.619048,0.656,0.659896,1.440686,1.52425
0.619048,0.688,0.675566,1.441828,1.622844
0.714286,0.751999,0.755078,1.447578,1.696469
0.666667,0.736001,0.738828,1.45424,1.754617
0.619048,0.784002,0.769588,1.475141,1.85398
0.619048,0.776002,0.785258,1.501386,1.944
0.619048,0.768001,0.769588,1.526632,2.004381
0.619048,0.800001,0.785258,1.569788,2.064149
0.571429,0.824,0.800348,1.605333,2.097862
0.619048,0.816002,0.816599,1.649304,2.137915
0.52381,0.751999,0.752757,1.700926,2.153
0.571429,0.736001,0.737667,1.772196,2.153
0.571429,0.76,0.753337,1.851846,2.153
0.52381,0.728,0.737086,1.93846,2.151909
0.52381,0.704001,0.705746,2.008361,2.123131
0.428571,0.72,0.720255,2.066183,2.088347
0.380952,0.680002,0.688334,2.103734,2.045668
0.47619,0.672002,0.689495,2.1427,1.987955
0.380952,0.656,0.641323,2.17836,1.91917
0.333333,0.624,0.625073,2.207616,1.833119
0.380952,0.624,0.609983,2.217569,1.75029
0.333333,0.592001,0.593732,2.21958,1.655074
0.285714,0.560001,0.577481,2.222583,1.555834
0.285714,0.575999,0.577481,2.22545,1.470224
0.285714,0.552,0.561811,2.234023,1.36834
0.190476,0.543999,0.56065,2.24335,1.271833
0.238095,0.575999,0.576901,2.244,1.176816
0.285714,0.488001,0.499129,2.244,1.104138
0.238095,0.464002,0.482879,2.244,1.043717
0.190476,0.48,0.466628,2.243517,1.004093
0.190476,0.407999,0.419617,2.241702,0.993131
0.190476,0.416,0.403947,2.235351,0.993131
0.238095,0.352001,0.357516,2.218,0.993131
0.333333,0.336001,0.343006,2.183794,0.994807
0.428571,0.320001,0.328497,2.148373,1.018483
0.428571,0.360001,0.375508,2.107833,1.046164
0.412698,0.381335,0.390985,2.058145,1.070652
0.396825,0.402668,0.406462,1.999697,1.092304
0.380952,0.424001,0.421938,1.920087,1.115575
0.452381,0.412,0.407139,1.809543,1.159715
0.52381,0.399999,0.392339,1.731355,1.19855
0.52381,0.416,0.42368,1.647962,1.224467
0.52381,0.464002,0.45502,1.564737,1.24655
0.571429,0.448,0.455601,1.475034,1.260011
0.666667,0.52,0.535113,1.397456,1.274183
0.666667,0.536002,0.535113,1.316971,1.291513
0.714286,0.536002,0.551364,1.232508,1.300673
0.714286,0.511999,0.535694,1.131922,1.303639
0.761905,0.560001,0.551944,1.08725,1.360194
0.761905,0.528001,0.536274,1.021042,1.443
0.761905,0.552,0.551944,0.952707,1.443
0.809524,0.528001,0.552525,0.904797,1.443
0.809524,0.568002,0.568195,0.869221,1.438837
0.809524,0.568002,0.568195,0.839433,1.405308
0.809524,0.536002,0.552525,0.799632,1.351767
0.809524,0.528001,0.536854,0.787827,1.284296
0.809524,0.496001,0.505514,0.784867,1.185199
0.809524,0.496001,0.505514,0.780576,0.942731
0.761905,0.503999,0.504933,0.779304,0.813875
0.809524,0.459999,0.458503,0.751312,0.793663
0.857143,0.416,0.412072,0.673448,0.76026
0.857143,0.384,0.396402,0.673,0.748734
0.809524,0.399999,0.395821,0.673,0.728802
0.809524,0.312,0.31747,0.673,0.714625
0.761905,0.288001,0.301219,0.72372,0.697762
0.714286,0.263999,0.284968,0.802809,0.683219
0.809524,0.216001,0.239118,0.905593,0.675147
0.761905,0.191999,0.207197,1.007549,0.673125
0.714286,0.159999,0.175276,1.21105,0.673
0.666667,0.176,0.174695,1.259333,0.673
0.619048,0.159999,0.158445,1.467687,0.673
0.619048,0.151998,0.142774,1.610375,0.673
0.547619,0.127999,0.134068,1.722139,0.67666
0.47619,0.104,0.125363,1.823987,0.700665
0.404762,0.131999,0.140163,1.916578,0.741353
0.333333,0.159999,0.154962,1.992277,0.785281
0.428571,0.144001,0.156123,2.056308,0.837791
0.52381,0.144001,0.157284,2.093513,0.881425
0.539683,0.149333,0.162701,2.133488,0.938639
0.555556,0.154666,0.168118,2.146508,1.004051
0.571429,0.159999,0.173535,2.146508,1.078
0.619048,0.136,0.158445,2.146508,1.164257
0.571429,0.24,0.267557,2.145963,1.240958
0.666667,0.208,0.237377,2.135303,1.311742
0.666667,0.248001,0.253047,2.118238,1.365491
0.714286,0.303999,0.300638,2.097323,1.413203
0.714286,0.303999,0.331979,2.056271,1.457824
0.714286,0.320001,0.331979,1.997857,1.501677
0.714286,0.360001,0.37899,1.932535,1.523836
0.666667,0.424001,0.441091,1.857803,1.543036
0.714286,0.399999,0.426001,1.776812,1.555858
0.619048,0.432002,0.440511,1.692033,1.566021
0.571429,0.448,0.471271,1.5979,1.5788
0.619048,0.471999,0.471851,1.490375,1.590625
0.666667,0.511999,0.503772,1.412377,1.597022
0.666667,0.511999,0.535113,1.316007,1.611149
0.714286,0.528001,0.535694,1.219441,1.631069
0.714286,0.552,0.567034,1.148206,1.646748
0.714286,0.568002,0.582705,1.081721,1.665806
0.714286,0.656,0.645386,1.016039,1.693106
0.761905,0.647999,0.645966,0.953362,1.728246
0.761905,0.632001,0.645966,0.895125,1.772875
0.761905,0.672002,0.677307,0.844284,1.820539
0.761905,0.672002,0.677307,0.805621,1.862338
0.761905,0.664001,0.677307,0.77493,1.909369
0.809524,0.680002,0.693558,0.769852,1.949948
0.809524,0.728,0.662217,0.769852,1.980566
0.714286,0.704001,0.708067,0.769852,2.013968
0.714286,0.696001,0.708067,0.777588,2.0445
0.714286,0.728,0.739408,0.810535,2.072349
0.714286,0.776002,0.770749,0.861521,2.080771
0.666667,0.792,0.754498,0.968625,2.084805
0.666667,0.832,0.83285,1.085614,2.088023
0.666667,0.784002,0.770168,1.170312,2.090377
0.619048,0.768001,0.769588,1.254462,2.0917
0.666667,0.76,0.770168,1.333929,2.098853
0.619048,0.784002,0.769588,1.415044,2.103316
0.619048,0.736001,0.738247,1.485535,2.106975
0.619048,0.76,0.753918,1.566377,2.109877
0.571429,0.751999,0.753337,1.613946,2.112185
0.52381,0.748001,0.752757,1.638419,2.116791
0.47619,0.744002,0.752176,1.687917,2.1175
0.52381,0.72,0.721416,1.758418,2.116394
0.47619,0.712001,0.689495,1.813865,2.112031
0.428571,0.704001,0.657574,1.865313,2.099617
0.47619,0.656,0.658154,1.902342,2.082566
0.380952,0.640002,0.625653,1.926974,2.060584
0.380952,0.696001,0.594312,1.929466,2.052
0.380952,0.624,0.641323,1.929466,2.052
0.428571,0.656,0.657574,1.929466,2.052
0.380952,0.652,0.649158,1.922108,2.052375
0.333333,0.647999,0.640743,1.888625,2.05575
0.238095,0.592001,0.592571,1.84255,2.058283
0.285714,0.584,0.593151,1.787943,2.059024
0.285714,0.536002,0.53047,1.733586,2.059024
0.25,0.518002,0.514364,1.668739,2.059024
0.214286,0.500002,0.498259,1.594517,2.05565
0.178571,0.482002,0.482153,1.532902,2.039129
0.142857,0.464002,0.466048,1.472,2.01025
0.238095,0.416,0.420197,1.422758,1.969492
0.285714,0.407999,0.389437,1.386965,1.920686
0.285714,0.392001,0.389437,1.356807,1.858871
0.190476,0.320001,0.325595,1.330397,1.798172
0.190476,0.320001,0.309925,1.304768,1.725922
0.190476,0.24,0.247243,1.280719,1.666531
0.238095,0.248001,0.247824,1.256362,1.607337
0.333333,0.24,0.248984,1.229444,1.56475
0.285714,0.208,0.185723,1.209976,1.512236
0.190476,0.256001,0.278584,1.190229,1.465526
0.238095,0.272,0.279164,1.142424,1.464902
0.285714,0.295999,0.295415,1.067724,1.464902
0.333333,0.272,0.280325,0.991862,1.464902
0.369048,0.3,0.304266,0.930568,1.467641
0.404762,0.328,0.328207,0.870443,1.472282
0.440476,0.356,0.352147,0.804482,1.473763
0.47619,0.384,0.376088,0.743603,1.473763
0.52381,0.407999,0.42368,0.621738,1.473822
0.47619,0.48,0.485781,0.59274,1.47077
0.571429,0.448,0.43993,0.581725,1.447053
0.619048,0.48,0.487522,0.5757,1.397621
0.619048,0.536002,0.534533,0.5757,1.327383
0.666667,0.511999,0.503772,0.576663,1.209973
0.619048,0.584,0.597214,0.594623,1.105426
0.714286,0.592001,0.535694,0.62461,1.042312
0.714286,0.640002,0.645386,0.646875,0.979
0.761905,0.647999,0.630296,0.661958,0.945421
0.761905,0.616,0.630296,0.689661,0.891588
0.714286,0.616,0.629716,0.7235,0.851875
0.809524,0.632001,0.630876,0.77775,0.8095
0.857143,0.616,0.615786,0.83402,0.778997
0.857143,0.568002,0.584446,0.903785,0.747125
0.809524,0.575999,0.583865,0.964175,0.726141
0.857143,0.600001,0.600116,1.026844,0.711229
0.904762,0.536002,0.538015,1.095767,0.702444
0.857143,0.511999,0.553105,1.166806,0.695683
0.857143,0.503999,0.521764,1.242244,0.693913
0.857143,0.48,0.474753,1.316932,0.69368
0.857143,0.464002,0.474753,1.392648,0.69368
0.857143,0.416,0.427742,1.478813,0.69385
0.904762,0.367999,0.396982,1.575638,0.694766
0.857143,0.335999,0.349391,1.673081,0.695747
0.857143,0.295999,0.31805,1.758931,0.697826
0.857143,0.288001,0.286709,1.833797,0.701499
0.809524,0.24,0.270459,1.887073,0.705509
0.761905,0.223998,0.238537,1.948705,0.731027
0.857143,0.223998,0.177017,1.99525,0.764042
0.761905,0.191999,0.222867,2.04825,0.811167
0.666667,0.079998,0.112014,2.087379,0.869442
0.666667,0.079998,0.096344,2.120087,0.911495
0.571429,0.055999,0.095183,2.153089,0.976339
0.47619,0.047998,0.094022,2.176923,1.051677
0.47619,0.087998,0.094022,2.211375,1.12725
0.380952,0.159999,0.155543,2.261922,1.200276
0.285714,0.159999,0.154382,2.307597,1.289486
0.285714,0.184001,0.185723,2.332547,1.372727
0.333333,0.231999,0.248984,2.338009,1.451789
0.333333,0.223998,0.233314,2.34,1.520522
0.285714,0.223998,0.232734,2.34,1.587711
0.333333,0.191999,0.217644,2.3395,1.619865
0.404762,0.175999,0.202844,2.334318,1.648206
0.47619,0.159999,0.188044,2.306737,1.655711
0.428571,0.168,0.187464,2.242649,1.655711
0.52381,0.208,0.219965,2.19054,1.655711
0.47619,0.24,0.250725,2.111465,1.651225
0.571429,0.24,0.236216,2.02329,1.627778
0.52381,0.320001,0.313987,1.9745,1.593125
0.619048,0.304001,0.315148,1.909219,1.569248
0.714286,0.288001,0.316309,1.814076,1.543583
0.714286,0.344,0.410331,1.713336,1.507953
0.761905,0.392001,0.395241,1.627965,1.477763
0.761905,0.384,0.410911,1.525208,1.452422
0.761905,0.432002,0.442252,1.437863,1.441254
0.809524,0.471999,0.474173,1.345716,1.441
0.809524,0.48,0.489843,1.255575,1.441
0.809524,0.48,0.505514,1.14925,1.441
0.857143,0.552,0.568775,1.045219,1.449438
0.809524,0.560001,0.552525,0.953227,1.479496
0.809524,0.575999,0.568195,0.872476,1.516365
0.761905,0.616,0.598955,0.803386,1.564621
0.761905,0.632001,0.630296,0.751498,1.615242
0.714286,0.647999,0.645386,0.71348,1.665627
0.666667,0.664001,0.676146,0.677906,1.730063
0.714286,0.704001,0.708067,0.668625,1.799859
0.714286,0.728,0.723738,0.668625,1.874174
0.666667,0.816002,0.817179,0.668625,1.949161
0.714286,0.824,0.83343,0.672159,1.999877
0.714286,0.832,0.83343,0.741818,2.053393
0.642857,0.812,0.809054,0.781561,2.097742
0.571429,0.792,0.784678,0.827442,2.133954
0.619048,0.808001,0.816599,0.979543,2.17666
0.571429,0.896,0.910041,1.119723,2.216587
0.666667,0.888003,0.879861,1.192931,2.241218
0.619048,0.880002,0.87928,1.279487,2.246264
0.619048,0.896,0.87928,1.341347,2.248215
0.619048,0.832,0.832269,1.380484,2.249371
0.571429,0.824,0.800348,1.436745,2.251367
0.52381,0.800001,0.799768,1.528745,2.253233
0.52381,0.800001,0.799768,1.578672,2.254233
0.47619,0.792,0.783517,1.603181,2.255233
0.428571,0.784002,0.798607,1.638904,2.253157
0.428571,0.768001,0.782937,1.708166,2.232559
0.380952,0.784002,0.766686,1.808858,2.209952
0.47619,0.704001,0.720836,1.918636,2.191311
0.52381,0.736001,0.721416,1.996625,2.153727
0.428571,0.712002,0.704585,2.063728,2.096421
0.419048,0.704002,0.701335,2.113739,2.034125
0.409524,0.696002,0.698085,2.141625,1.99548
0.4,0.688002,0.694835,2.1425,1.953118
0.390476,0.680002,0.691584,2.1425,1.932546
0.380952,0.672002,0.688334,2.1425,1.926936
0.333333,0.672002,0.672084,2.135252,1.925915
0.285714,0.600001,0.608822,2.106696,1.925915
0.333333,0.640002,0.640743,2.063752,1.925915
0.285714,0.592001,0.593151,1.99842,1.933302
0.238095,0.592001,0.592571,1.945062,1.954125
0.238095,0.575999,0.576901,1.860238,1.973056
0.190476,0.584,0.591991,1.774231,1.990098
0.238095,0.543999,0.56123,1.6985,2.003
0.238095,0.536002,0.54556,1.581433,2.032426
0.238095,0.52,0.514219,1.47514,2.049877
0.190476,0.48,0.482298,1.373977,2.060504
0.142857,0.432002,0.434707,1.281815,2.060836
0.142857,0.424001,0.434707,1.202609,2.060836
0.174603,0.432001,0.440317,1.121342,2.060836
0.206349,0.44,0.445928,1.028128,2.05296
0.238095,0.448,0.451538,0.949625,2.031875
0.285714,0.496001,0.499129,0.868007,1.991524
0.285714,0.456001,0.467789,0.804409,1.942465
0.238095,0.439999,0.451538,0.748035,1.884145
0.304762,0.449599,0.461753,0.710374,1.824136
0.371429,0.4592,0.471967,0.675115,1.746703
0.438095,0.4688,0.482182,0.650814,1.663168
0.504762,0.4784,0.492397,0.647815,1.573259
0.571429,0.488001,0.502612,0.647815,1.476993
0.571429,0.511999,0.518282,0.647815,1.37389
0.52381,0.536002,0.533372,0.649926,1.269223
0.571429,0.511999,0.518282,0.660706,1.173566
0.619048,0.543999,0.534533,0.67023,1.093353
0.666667,0.528001,0.535113,0.679234,1.020398
0.666667,0.52,0.519443,0.68733,0.942466
0.714286,0.52,0.551364,0.699475,0.871078
0.714286,0.552,0.535694,0.717729,0.794899
0.761905,0.52,0.551944,0.736227,0.713866
0.761905,0.552,0.567615,0.756805,0.649389
0.714286,0.568002,0.567034,0.779203,0.614531
0.809524,0.536002,0.536854,0.802931,0.584331
0.857143,0.536002,0.537435,0.830505,0.565981
0.809524,0.536002,0.536854,0.874211,0.551581
0.857143,0.536002,0.537435,0.926167,0.55
0.761905,0.536002,0.551944,0.99326,0.55
0.761905,0.52,0.536274,1.073018,0.55
0.809524,0.504,0.513349,1.143875,0.564125
0.857143,0.488001,0.490424,1.199818,0.590177
0.857143,0.456001,0.474753,1.254925,0.614488
0.857143,0.439999,0.459083,1.300475,0.633556
0.857143,0.416,0.427742,1.345267,0.653228
0.809524,0.360001,0.380151,1.386567,0.668249
0.761905,0.335999,0.34823,1.418323,0.669221
0.809524,0.296,0.309634,1.441766,0.669221
0.857143,0.256001,0.271039,1.483128,0.669221
0.809524,0.223998,0.239118,1.536214,0.666728
0.761905,0.208,0.222867,1.606642,0.654234
0.714286,0.184001,0.206616,1.675977,0.647455
0.714286,0.136,0.159605,1.75352,0.647455
0.714286,0.064,0.081254,1.848489,0.647455
0.666667,0.032,0.049333,1.94556,0.648841
0.571429,0.040001,0.048172,2.035375,0.667843
0.47619,0.047998,0.062681,2.129004,0.710317
0.380952,0.112001,0.124202,2.19423,0.746282
0.357143,0.12,0.139582,2.252755,0.79071
0.333333,0.127999,0.154962,2.292185,0.850393
0.333333,0.136,0.107951,2.318132,0.917129
0.285714,0.216001,0.217063,2.324763,0.989541
0.253968,0.248001,0.242794,2.324763,1.048868
0.222222,0.28,0.268524,2.324763,1.092574
0.190476,0.312,0.294254,2.322978,1.130364
0.238095,0.320001,0.341846,2.309627,1.160537
0.238095,0.376,0.373186,2.293284,1.179401
0.285714,0.352001,0.358096,2.269926,1.193897
0.190476,0.407999,0.403947,2.22846,1.199852
0.190476,0.488001,0.482298,2.178383,1.210852
0.190476,0.48,0.482298,2.113111,1.230738
0.142857,0.488001,0.497388,2.025129,1.263609
0.142857,0.52,0.528729,1.932703,1.302178
0.15873,0.52,0.528922,1.869414,1.328225
0.174603,0.52,0.529116,1.792301,1.3441
0.190476,0.52,0.529309,1.713466,1.360726
0.285714,0.543999,0.54614,1.636681,1.381349
0.285714,0.543999,0.54614,1.546923,1.404002
0.214286,0.523999,0.521764,1.468966,1.425842
0.142857,0.503999,0.497388,1.389778,1.451422
0.142857,0.528001,0.513059,1.311745,1.480497
0.190476,0.480001,0.474463,1.227527,1.517549
0.238095,0.432002,0.435868,1.148187,1.562443
0.333333,0.407999,0.421358,1.081579,1.609476
0.380952,0.367999,0.374927,1.003554,1.666446
0.333333,0.327998,0.358677,0.931908,1.728136
0.428571,0.248001,0.265815,0.886713,1.772617
0.428571,0.248001,0.265815,0.836479,1.824246
0.333333,0.24,0.280325,0.797124,1.865758
0.380952,0.144001,0.155543,0.759484,1.920474
0.428571,0.127999,0.140453,0.7535,1.970375
0.488095,0.155999,0.168601,0.7535,2.019654
0.547619,0.183999,0.19675,0.7535,2.062312
0.607143,0.211999,0.224898,0.764109,2.098886
0.666667,0.24,0.253047,0.816994,2.132901
0.761905,0.191999,0.191526,0.855242,2.16157
0.809524,0.256001,0.270459,0.991244,2.19174
0.857143,0.263999,0.286709,1.137442,2.21857
0.809524,0.327998,0.31747,1.209544,2.231361
0.809524,0.344,0.364481,1.285914,2.242227
0.857143,0.376,0.396402,1.366037,2.247856
0.857143,0.424001,0.443413,1.44871,2.250046
0.904762,0.439999,0.443993,1.528682,2.250688
0.904762,0.488001,0.491004,1.619451,2.250688
0.857143,0.536002,0.553105,1.649089,2.250688
0.904762,0.536002,0.553685,1.675647,2.247969
0.809524,0.503999,0.521184,1.757578,2.230684
0.809524,0.496001,0.521184,1.856033,2.207519
0.809524,0.575999,0.583865,1.92187,2.193183
0.809524,0.624,0.630876,1.990946,2.159282
0.857143,0.640002,0.631457,2.054224,2.115387
0.761905,0.600001,0.598955,2.11992,2.061055
0.714286,0.647999,0.645386,2.187666,1.980131
0.761905,0.624,0.630296,2.231996,1.91434
0.761905,0.656,0.630296,2.25949,1.837548
0.666667,0.680002,0.676146,2.276278,1.755048
0.714286,0.672002,0.676727,2.309436,1.67811
0.666667,0.712002,0.707487,2.314121,1.602481
0.619048,0.696001,0.706907,2.314121,1.532036
0.666667,0.72,0.723157,2.314121,1.452908
0.571429,0.784002,0.784678,2.313216,1.380083
0.619048,0.768001,0.769588,2.301797,1.29664
0.571429,0.768001,0.769008,2.282219,1.217431
0.571429,0.864,0.86303,2.250992,1.149266
0.52381,0.768001,0.768427,2.222609,1.10098
0.571429,0.736001,0.753337,2.192365,1.069412
0.52381,0.76,0.768427,2.165893,1.024997
0.571429,0.768001,0.769008,2.150371,1.003496
0.52381,0.768001,0.784098,2.132545,1.0
0.47619,0.776002,0.752176,2.118,1.0
0.571429,0.704001,0.706326,2.118,1.0
0.571429,0.672002,0.674985,2.118,1.009645
0.52381,0.672002,0.674405,2.118875,1.038904
0.47619,0.608002,0.626814,2.128158,1.070775
0.52381,0.624,0.627394,2.137285,1.123359
0.47619,0.543999,0.548462,2.142563,1.196022
0.47619,0.528001,0.548462,2.146188,1.286647
0.47619,0.496001,0.501451,2.147,1.39766
0.47619,0.471999,0.47011,2.147,1.532934
0.47619,0.456001,0.47011,2.147,1.643133
0.571429,0.392001,0.392919,2.142918,1.75615
0.571429,0.360001,0.377249,2.102287,1.865051
0.619048,0.360001,0.3935,2.050409,1.961256
0.595238,0.308001,0.330528,1.994681,2.03613
0.571429,0.256001,0.267557,1.92825,2.105875
0.571429,0.24,0.251886,1.848571,2.159127
0.52381,0.199999,0.188624,1.747421,2.191629
0.571429,0.127999,0.142194,1.640111,2.243247
0.52381,0.144001,0.157284,1.546116,2.271319
0.428571,0.127999,0.140453,1.444084,2.280127
0.52381,0.079998,0.110273,1.387358,2.295299
0.428571,0.104,0.156123,1.304703,2.311245
0.428571,0.136,0.124782,1.203136,2.315816
0.309524,0.147999,0.139002,1.070949,2.315816
0.190476,0.159999,0.153221,0.956745,2.315816
0.238095,0.179999,0.185142,0.881169,2.313439
0.285714,0.199999,0.217063,0.80711,2.301076
0.238095,0.223998,0.232153,0.727424,2.287872
0.285714,0.208,0.279745,0.648572,2.261424
0.285714,0.312,0.311085,0.565285,2.235417
0.190476,0.352001,0.372606,0.552625,2.174096
0.190476,0.384,0.388276,0.5525,2.086324
0.142857,0.367999,0.372026,0.5525,2.00076
0.174603,0.415999,0.403753,0.5525,1.909504
0.206349,0.463999,0.435481,0.563826,1.817922
0.238095,0.511999,0.467208,0.589786,1.718625
0.142857,0.503999,0.513059,0.611459,1.632309
0.142857,0.575999,0.622751,0.631334,1.546434
0.214286,0.584,0.600116,0.646011,1.51058
0.285714,0.592001,0.577481,0.657404,1.475898
0.333333,0.575999,0.593732,0.668238,1.396462
0.285714,0.688,0.687174,0.675163,1.301471
0.380952,0.656,0.656994,0.678042,1.231244
0.428571,0.672002,0.673244,0.680336,1.155149
0.428571,0.672002,0.688915,0.693404,1.082512
0.428571,0.704001,0.704585,0.714207,1.027592
0.47619,0.736001,0.736506,0.732925,0.981422
0.47619,0.751999,0.783517,0.783763,0.829728
0.47619,0.768001,0.783517,0.83996,0.796307
0.52381,0.768001,0.768427,0.907669,0.790319
0.52381,0.800001,0.799768,0.974047,0.790319
0.52381,0.800001,0.799768,1.038634,0.790319
0.571429,0.784002,0.769008,1.100603,0.793906
0.52381,0.751999,0.768427,1.143158,0.825292
0.47619,0.768001,0.752176,1.193677,0.869701
0.571429,0.688,0.690656,1.243494,0.926438
0.547619,0.672,0.659025,1.302098,0.995856
0.52381,0.656,0.627394,1.35852,1.075314
0.619048,0.608002,0.612885,1.40691,1.163904
0.666667,0.608002,0.613465,1.446686,1.224964
0.619048,0.572002,0.577626,1.484439,1.292432
0.571429,0.536002,0.541788,1.518025,1.360965
0.52381,0.500002,0.505949,1.555722,1.442473
0.47619,0.464002,0.47011,1.593516,1.55925
0.47619,0.456001,0.45444,1.631308,1.65815
0.52381,0.416,0.42368,1.656556,1.731222
0.47619,0.392001,0.391759,1.679979,1.791859
0.47619,0.352001,0.360418,1.717618,1.863232
0.47619,0.272,0.297737,1.767708,1.933704
0.47619,0.248001,0.266396,1.823305,1.996008
0.571429,0.191999,0.204875,1.888081,2.031064
0.619048,0.223998,0.252467,1.944062,2.04
0.571429,0.231999,0.236216,1.995657,2.04
0.666667,0.248001,0.268717,2.029421,2.04
0.714286,0.248001,0.269298,2.070941,2.038125
0.761905,0.248001,0.269878,2.11931,2.013446
0.809524,0.295999,0.31747,2.147391,1.971535
0.857143,0.295999,0.30238,2.173901,1.930039
0.904762,0.288001,0.30296,2.201748,1.870047
0.857143,0.327998,0.33372,2.226598,1.802568
0.857143,0.360001,0.380731,2.238584,1.737657
0.857143,0.360001,0.380731,2.255879,1.657823
0.857143,0.439999,0.443413,2.27541,1.575885
0.857143,0.456001,0.459083,2.27707,1.503307
0.904762,0.448,0.459663,2.27707,1.423526
0.904762,0.488001,0.491004,2.27707,1.326341
0.904762,0.424001,0.443993,2.271871,1.229428
0.904762,0.439999,0.443993,2.24278,1.148245
0.904762,0.424001,0.428323,2.210506,1.073336
0.857143,0.376,0.380731,2.17224,0.993151
0.904762,0.384,0.396982,2.129263,0.936419
0.857143,0.399999,0.427742,2.073446,0.86875
0.809524,0.399999,0.395821,2.00628,0.806892
0.809524,0.376,0.395821,1.93601,0.754896
0.761905,0.424001,0.410911,1.865254,0.716828
0.666667,0.424001,0.425421,1.775758,0.680103
0.761905,0.536002,0.489263,1.696358,0.654594
0.666667,0.464002,0.456761,1.626705,0.635129
0.619048,0.48,0.456181,1.55405,0.6172
0.571429,0.511999,0.502612,1.476925,0.599467
0.52381,0.52,0.502031,1.395758,0.595
0.52381,0.575999,0.580383,1.336611,0.595
0.52381,0.560001,0.564713,1.267782,0.595
0.47619,0.640002,0.626814,1.225603,0.599485
0.428571,0.608002,0.594893,1.199912,0.618188
0.428571,0.624,0.610563,1.199912,0.64575
0.47619,0.568002,0.579803,1.199912,0.674244
0.380952,0.604002,0.609983,1.200559,0.717911
0.285714,0.640002,0.640163,1.222891,0.77289
0.333333,0.632001,0.640743,1.266125,0.840375
0.428571,0.672002,0.673244,1.316328,0.903641
0.357143,0.652001,0.664539,1.367419,0.963391
0.285714,0.632001,0.655833,1.4135,1.025875
0.285714,0.624,0.624492,1.464875,1.08675
0.238095,0.640002,0.639582,1.520758,1.14635
0.190476,0.640002,0.639002,1.577288,1.2142
0.190476,0.632001,0.654672,1.632499,1.276748
0.285714,0.656,0.671503,1.671354,1.321694
0.238095,0.632001,0.639582,1.69428,1.398097
0.190476,0.664001,0.654672,1.719583,1.47625
0.190476,0.656,0.654672,1.741173,1.572673
0.238095,0.680002,0.655252,1.744866,1.682875
0.285714,0.647999,0.655833,1.744866,1.781581
0.380952,0.640002,0.641323,1.744866,1.869707
0.380952,0.664001,0.672664,1.739042,1.938858
0.380952,0.672002,0.688334,1.707734,2.017271
0.428571,0.704001,0.688915,1.676525,2.082451
0.428571,0.72,0.704585,1.621875,2.151875
0.47619,0.72,0.720836,1.543089,2.213762
0.428571,0.72,0.720255,1.448587,2.269169
0.47619,0.744,0.752176,1.362654,2.304521
0.52381,0.768001,0.784098,1.270577,2.337848
0.571429,0.816002,0.831689,1.183415,2.370827
0.571429,0.816002,0.800348,1.098867,2.381497
0.52381,0.800001,0.784098,1.022408,2.381497
0.619048,0.816002,0.816599,0.948239,2.381497
0.666667,0.832,0.83285,0.875337,2.381497
0.571429,0.816002,0.816019,0.826148,2.373479
0.619048,0.816002,0.800929,0.796309,2.353671
0.619048,0.800001,0.800929,0.795111,2.338677
0.619048,0.784002,0.785258,0.795111,2.329233
0.619048,0.768001,0.769588,0.795111,2.315625
0.571429,0.736001,0.721997,0.816738,2.2895
0.619048,0.704001,0.691236,0.875296,2.239714
0.52381,0.647999,0.627394,0.951284,2.169483
0.571429,0.624,0.627974,0.986694,2.112654
0.619048,0.608002,0.612885,1.034172,2.039326
0.571429,0.608002,0.596634,1.066012,1.979846
0.47619,0.584,0.595473,1.092027,1.911035
0.47619,0.575999,0.579803,1.124277,1.81091
0.428571,0.560001,0.547882,1.155125,1.702817
0.428571,0.528001,0.547882,1.169722,1.594442
0.333333,0.448,0.437028,1.181625,1.490812
0.285714,0.503999,0.499129,1.201697,1.390995
0.238095,0.424001,0.435868,1.241693,1.278228
0.261905,0.396,0.404817,1.281741,1.188224
0.285714,0.367999,0.373767,1.327625,1.09305
0.238095,0.312,0.326175,1.37681,1.00385
0.285714,0.327998,0.342426,1.43506,0.928925
0.238095,0.279999,0.286999,1.492068,0.866029
0.190476,0.231999,0.231573,1.558311,0.802478
0.261905,0.208,0.208938,1.640691,0.742053
0.333333,0.184001,0.186303,1.710656,0.700437
0.31746,0.144001,0.149545,1.784357,0.659674
0.301587,0.104,0.112788,1.863637,0.621487
0.285714,0.064,0.07603,1.926849,0.594298
0.357143,0.084,0.100406,1.993962,0.573745
0.428571,0.104,0.124782,2.063,0.573
0.428571,0.144001,0.156123,2.113425,0.573
0.428571,0.127999,0.156123,2.160406,0.573
0.380952,0.176,0.186883,2.171,0.575027
0.47619,0.144001,0.172374,2.171,0.578058
0.47619,0.168,0.172374,2.171,0.580044
0.507937,0.192,0.193654,2.171,0.58175
0.539683,0.216,0.214935,2.154219,0.588518
0.571429,0.24,0.236216,2.102039,0.595088
0.571429,0.24,0.251886,2.02928,0.602037
0.619048,0.263999,0.283807,1.937481,0.607824
0.52381,0.360001,0.360998,1.845587,0.615659
0.571429,0.352001,0.361579,1.740375,0.62625
0.619048,0.335999,0.362159,1.649179,0.6337
0.52381,0.399999,0.486361,1.540627,0.637432
0.571429,0.432002,0.43993,1.451373,0.638312
0.619048,0.456001,0.42484,1.383062,0.639875
0.714286,0.503999,0.504353,1.292068,0.64046
0.666667,0.52,0.519443,1.207778,0.645324
0.619048,0.471999,0.487522,1.135696,0.652701
0.619048,0.503999,0.503192,1.067518,0.665232
0.52381,0.528001,0.533372,0.997853,0.686183
0.52381,0.496001,0.533372,0.928778,0.705208
0.47619,0.543999,0.564132,0.88475,0.717973
0.547619,0.552,0.565003,0.85131,0.726943
0.619048,0.560001,0.565873,0.849,0.735631
0.666667,0.575999,0.582124,0.849,0.743908
0.666667,0.584,0.597795,0.849,0.755364
0.666667,0.624,0.613465,0.856014,0.76942
0.714286,0.656,0.661056,0.9037,0.785221
0.666667,0.680002,0.691817,0.961262,0.797213
0.761905,0.712002,0.708648,1.049688,0.834125
0.761905,0.688,0.708648,1.123047,0.887203
0.761905,0.640002,0.661637,1.214589,0.892084
0.761905,0.600001,0.598955,1.327665,0.897599
0.809524,0.584,0.583865,1.425553,0.915197
0.793651,0.594666,0.599342,1.531697,0.93407
0.777778,0.605333,0.614819,1.630068,0.956456
0.761905,0.616,0.630296,1.73812,0.986759
0.761905,0.584,0.583285,1.822768,1.015542
0.809524,0.556,0.56036,1.913558,1.059258
0.857143,0.528001,0.537435,2.009553,1.118411
0.857143,0.543999,0.521764,2.089557,1.186052
0.904762,0.503999,0.522345,2.170217,1.272971
0.857143,0.496001,0.506094,2.229559,1.35179
0.857143,0.503999,0.427742,2.272978,1.458602
0.857143,0.456001,0.459083,2.317275,1.55269
0.761905,0.432002,0.457922,2.336877,1.624177
0.809524,0.439999,0.458503,2.337,1.705815
0.809524,0.439999,0.458503,2.337,1.809424
0.809524,0.456001,0.458503,2.337,1.901875
0.785714,0.456001,0.466048,2.330133,1.98504
0.761905,0.456001,0.473593,2.311331,2.051012
0.714286,0.528001,0.535694,2.302326,2.090702
0.714286,0.528001,0.551364,2.268766,2.11007
0.666667,0.552,0.566454,2.230847,2.123895
0.666667,0.575999,0.582124,2.166443,2.124741
0.619048,0.575999,0.565873,2.089415,2.124741
0.619048,0.640002,0.581544,2.016679,2.124496
0.619048,0.688,0.691236,1.949684,2.123294
0.587302,0.714667,0.716967,1.880507,2.117537
0.555556,0.741334,0.742697,1.824234,2.104675
0.52381,0.768001,0.768427,1.7744,2.086716
0.52381,0.751999,0.768427,1.727257,2.070957
0.52381,0.76,0.721416,1.6744,2.043008
0.47619,0.76,0.752176,1.633748,1.999751
0.428571,0.730667,0.730702,1.577432,1.949172
0.380952,0.701334,0.709228,1.535877,1.894758
0.333333,0.672002,0.687754,1.488645,1.833298
0.380952,0.704001,0.704005,1.451928,1.782932
0.333333,0.696001,0.687754,1.418004,1.729584
0.285714,0.712002,0.702844,1.387654,1.684292
0.238095,0.696001,0.702263,1.354875,1.629875
0.333333,0.672002,0.687754,1.331426,1.567309
0.380952,0.656,0.641323,1.315521,1.506992
0.380952,0.640002,0.641323,1.301533,1.456156
0.285714,0.624,0.608822,1.287289,1.424998
0.333333,0.568002,0.562391,1.257844,1.388344
0.380952,0.552,0.547301,1.215652,1.364367
0.47619,0.536002,0.532792,1.164518,1.35522
0.47619,0.496001,0.517121,1.116548,1.35522
0.428571,0.496001,0.500871,1.059375,1.35522
0.428571,0.448,0.46953,0.997674,1.355845
0.428571,0.456001,0.4852,0.938661,1.364496
0.47619,0.528001,0.517121,0.883574,1.379561
0.47619,0.511999,0.532792,0.827795,1.407921
0.380952,0.680002,0.656994,0.784662,1.441101
0.47619,0.616001,0.603308,0.749088,1.47837
0.571429,0.552,0.549623,0.71665,1.524285
0.619048,0.560001,0.565873,0.680875,1.59025
0.666667,0.575999,0.582124,0.650904,1.665993
0.714286,0.616,0.614045,0.631465,1.749222
0.714286,0.608002,0.614045,0.630085,1.827558
0.714286,0.640002,0.645386,0.630085,1.895195
0.714286,0.664001,0.661056,0.630085,1.936943
0.761905,0.592001,0.614626,0.642977,1.980748
0.761905,0.600001,0.614626,0.727764,2.031361
0.809524,0.632001,0.630876,0.778383,2.081998
0.761905,0.575999,0.583285,0.812743,2.102984
0.809524,0.560001,0.583865,0.846071,2.104
0.857143,0.560001,0.568775,0.870024,2.10175
0.857143,0.560001,0.553105,0.886,2.101
0.857143,0.503999,0.521764,0.8865,2.091109
0.809524,0.52,0.521184,0.89,2.060012
0.857143,0.464002,0.474753,0.891456,2.018175
0.857143,0.496001,0.490424,0.892837,1.960392
0.857143,0.416,0.427742,0.892673,1.885384
0.857143,0.384,0.396402,0.892673,1.800637
0.857143,0.360001,0.365061,0.892755,1.744875
0.857143,0.312,0.33372,0.896409,1.666127
0.809524,0.312,0.33314,0.911399,1.539938
0.857143,0.288001,0.30238,0.930822,1.431416
0.809524,0.24,0.270459,0.952968,1.329659
0.761905,0.256001,0.254208,0.97505,1.240725
0.761905,0.208,0.222867,1.003577,1.128845
0.714286,0.199999,0.222287,1.035162,1.026464
0.68254,0.173332,0.190559,1.083496,0.909504
0.650794,0.146665,0.158831,1.127573,0.826796
0.619048,0.119998,0.127104,1.187125,0.75038
0.52381,0.127999,0.125943,1.243726,0.700126
0.452381,0.152,0.156413,1.303119,0.661594
0.380952,0.176,0.186883,1.361203,0.635356
0.333333,0.173333,0.186303,1.424724,0.630422
0.285714,0.170667,0.185723,1.493789,0.630422
0.238095,0.168,0.185142,1.550576,0.630422
0.238095,0.208,0.232153,1.610461,0.634108
0.238095,0.231999,0.247824,1.661614,0.653542
0.333333,0.320001,0.280325,1.69705,0.680442
0.333333,0.263999,0.280325,1.720111,0.716041
0.333333,0.303999,0.311666,1.732375,0.761907
0.285714,0.327998,0.326756,1.734,0.813829
0.380952,0.327998,0.312246,1.734,0.883823
0.285714,0.376,0.373767,1.734,0.95025
0.238095,0.352001,0.310505,1.733406,1.033525
0.285714,0.312,0.311085,1.717546,1.098667
0.238095,0.344,0.341846,1.692016,1.154648
0.238095,0.288001,0.294835,1.660603,1.199946
0.333333,0.352001,0.374347,1.5961,1.248109
0.238095,0.288001,0.279164,1.54805,1.277647
0.261905,0.288001,0.271619,1.482332,1.296383
0.285714,0.288001,0.264074,1.402391,1.309775
0.380952,0.272,0.280905,1.311917,1.317632
0.428571,0.288001,0.297156,1.216815,1.338885
0.47619,0.295999,0.297737,1.124419,1.364468
0.571429,0.24,0.251886,1.03869,1.391962
0.47619,0.223998,0.250725,0.952719,1.430486
0.595238,0.259998,0.275682,0.887382,1.469656
0.714286,0.295999,0.300638,0.83325,1.513
0.761905,0.352001,0.3639,0.785333,1.558985
0.761905,0.352001,0.3639,0.746,1.606739
0.761905,0.416,0.426582,0.715359,1.66325
0.761905,0.448,0.442252,0.713145,1.728116
0.761905,0.48,0.489263,0.713145,1.807265
0.809524,0.528001,0.536854,0.713145,1.836185
0.761905,0.511999,0.520604,0.736032,1.847964
0.761905,0.552,0.551944,0.759113,1.890975
0.761905,0.568002,0.536274,0.785333,1.942833
0.761905,0.568002,0.583285,0.81821,1.99373
0.761905,0.608002,0.645966,0.858766,2.032201
0.666667,0.616,0.629135,0.908853,2.069782
0.666667,0.680002,0.707487,1.026068,2.09321
0.666667,0.672002,0.676146,1.173889,2.141195
0.714286,0.736001,0.739408,1.254428,2.262122
0.619048,0.736001,0.738247,1.368424,2.285815
0.619048,0.704001,0.706907,1.459417,2.290299
0.607143,0.710001,0.710679,1.533888,2.290299
0.595238,0.716001,0.714452,1.61928,2.290299
0.583333,0.722001,0.718224,1.68495,2.289464
0.571429,0.728,0.721997,1.719691,2.282615
0.52381,0.72,0.737086,1.75,2.266375
0.428571,0.751999,0.735926,1.760782,2.244818
0.52381,0.751999,0.752757,1.782639,2.212473
0.514286,0.731199,0.733836,1.823763,2.169587
0.504762,0.710399,0.714916,1.892296,2.14143
0.495238,0.689599,0.695995,1.950131,2.107863
0.485714,0.668799,0.677075,1.993826,2.059819
0.47619,0.647999,0.658154,2.047193,2.004967
0.452381,0.636,0.642194,2.089815,1.918707
0.428571,0.624,0.626233,2.131164,1.82395
0.52381,0.592001,0.580383,2.159,1.765125
0.52381,0.72,0.564713,2.16483,1.71525
0.428571,0.528001,0.532211,2.166,1.672723
0.380952,0.511999,0.515961,2.166,1.629314
0.47619,0.48,0.485781,2.166,1.580911
0.380952,0.536002,0.609983,2.165613,1.539251
0.333333,0.456001,0.421358,2.164506,1.489345
0.396825,0.416,0.396015,2.157937,1.443257
0.460317,0.376,0.370671,2.141739,1.4206
0.52381,0.335999,0.345328,2.138307,1.41956
0.52381,0.320001,0.329658,2.133606,1.41956
0.571429,0.335999,0.314568,2.131661,1.41956
0.619048,0.28,0.299478,2.128682,1.423956
0.571429,0.256001,0.267557,2.123269,1.451341
0.571429,0.24,0.251886,2.102406,1.498163
0.666667,0.191999,0.206036,2.066592,1.560963
0.619048,0.143999,0.19762,2.037231,1.617604
0.571429,0.095999,0.189205,1.977331,1.677991
0.52381,0.176,0.188624,1.908855,1.739387
0.571429,0.168,0.189205,1.840212,1.790462
0.504762,0.159999,0.17899,1.747385,1.840894
0.438095,0.151999,0.168775,1.651621,1.885099
0.371429,0.143999,0.158561,1.55475,1.920125
0.304762,0.135999,0.148346,1.455791,1.939715
0.238095,0.127999,0.138131,1.356488,1.94084
0.238095,0.112001,0.122461,1.265826,1.94084
0.238095,0.191999,0.200813,1.179047,1.94084
0.238095,0.223998,0.232153,1.073872,1.920304
0.238095,0.303999,0.263494,1.010453,1.887687
0.238095,0.360001,0.357516,0.939903,1.836234
0.238095,0.344,0.341846,0.8805,1.778375
0.142857,0.392001,0.387696,0.834136,1.711489
0.190476,0.392001,0.388276,0.804312,1.644124
0.190476,0.424001,0.435287,0.786825,1.576161
0.285714,0.471999,0.483459,0.785637,1.517456
0.285714,0.471999,0.483459,0.785637,1.429055
0.285714,0.511999,0.5148,0.785637,1.367531
0.333333,0.52,0.53105,0.797347,1.28398
0.261905,0.516,0.522345,0.83225,1.177125
0.190476,0.511999,0.513639,0.88431,1.089162
0.190476,0.52,0.513639,0.943301,1.009518
0.238095,0.536002,0.54556,0.983187,0.952136
0.238095,0.52,0.514219,1.02782,0.871698
0.285714,0.503999,0.499129,1.078798,0.797843
0.301587,0.485332,0.483653,1.136589,0.759687
0.31746,0.466666,0.468176,1.204989,0.723409
0.333333,0.448,0.452699,1.26675,0.69325
0.285714,0.432002,0.436448,1.32275,0.683
0.380952,0.407999,0.421938,1.356648,0.683
0.333333,0.344,0.358677,1.391685,0.683
0.333333,0.320001,0.343006,1.423787,0.685371
0.333333,0.293334,0.311666,1.450363,0.715985
0.333333,0.266667,0.280325,1.481104,0.777598
0.333333,0.24,0.248984,1.52132,0.856772
0.404762,0.251999,0.25769,1.557919,0.94154
0.47619,0.263999,0.266396,1.594149,1.027098
0.571429,0.176,0.204875,1.636018,1.114602
0.619048,0.216001,0.236796,1.668712,1.196321
0.666667,0.232001,0.245212,1.67306,1.282357
0.714286,0.248001,0.253627,1.67306,1.3545
0.714286,0.263999,0.269298,1.67306,1.421203
0.714286,0.288001,0.316309,1.671335,1.521176
0.714286,0.335999,0.347649,1.660329,1.616892
0.666667,0.392001,0.39408,1.651444,1.694355
0.571429,0.456001,0.471271,1.650694,1.786883
0.666667,0.471999,0.488102,1.650694,1.854227
0.714286,0.48,0.488683,1.650694,1.928368
0.666667,0.568002,0.582124,1.662,2.008875
0.666667,0.568002,0.582124,1.697486,2.061454
0.666667,0.584,0.597795,1.746424,2.09645
0.619048,0.632001,0.644225,1.804875,2.10825
0.571429,0.688,0.690656,1.85205,2.109
0.52381,0.712002,0.705746,1.898105,2.109
0.571429,0.776002,0.800348,1.931083,2.109
0.571429,0.751999,0.784678,1.975531,2.10825
0.619048,0.72,0.722577,2.022025,2.094229
0.52381,0.736001,0.721416,2.081875,2.054375
0.428571,0.72,0.720255,2.115083,2.01296
0.412698,0.709333,0.709615,2.154581,1.970055
0.396825,0.698666,0.698975,2.18972,1.903374
0.380952,0.688,0.688334,2.226217,1.806419
0.428571,0.680002,0.673244,2.270647,1.710706
0.380952,0.672002,0.672664,2.302005,1.62671
0.333333,0.672002,0.672084,2.312259,1.550311
0.380952,0.624,0.609983,2.315648,1.48853
0.380952,0.616,0.625653,2.315808,1.395167
0.333333,0.575999,0.593732,2.315808,1.301125
0.285714,0.592001,0.593151,2.315333,1.206706
0.238095,0.592001,0.576901,2.306612,1.137371
0.142857,0.584,0.59141,2.288338,1.067505
0.238095,0.600001,0.592571,2.266918,0.994641
0.238095,0.597334,0.597795,2.241906,0.936377
0.238095,0.594668,0.603018,2.218465,0.901623
0.238095,0.592001,0.608241,2.191166,0.9
0.333333,0.600001,0.609402,2.166972,0.9
0.285714,0.608002,0.608822,2.150036,0.9
0.285714,0.624,0.624492,2.136364,0.914978
0.333333,0.575999,0.593732,2.122317,0.95024
0.380952,0.543999,0.531631,2.101523,1.005611
0.428571,0.536002,0.547882,2.087254,1.05766
0.380952,0.448,0.46895,2.081364,1.078877
0.380952,0.456001,0.453279,2.059226,1.160526
0.285714,0.448,0.452118,2.040658,1.243718
0.285714,0.407999,0.405107,2.01775,1.333125
0.31746,0.354666,0.358483,1.982925,1.443369
0.349206,0.301334,0.311859,1.946129,1.532758
0.380952,0.248001,0.265235,1.906905,1.632058
0.333333,0.208,0.217644,1.863224,1.737385
0.428571,0.256001,0.218804,1.824696,1.820038
0.47619,0.208,0.219385,1.774145,1.907558
0.52381,0.223998,0.219965,1.72193,1.979005
0.52381,0.256001,0.266976,1.665947,2.029618
0.547619,0.300001,0.361288,1.603301,2.062125
0.571429,0.344,0.455601,1.54825,2.06435
0.666667,0.316001,0.37841,1.502333,2.06435
0.761905,0.288001,0.301219,1.452469,2.06435
0.809524,0.272,0.301799,1.396152,2.054195
0.857143,0.295999,0.30238,1.337408,2.015334
0.857143,0.327998,0.349391,1.263075,1.949966
0.857143,0.392001,0.427742,1.215843,1.863613
0.809524,0.392001,0.411492,1.173965,1.764125
0.761905,0.439999,0.442252,1.121428,1.627862
0.809524,0.48,0.474173,1.096855,1.529597
0.809524,0.464002,0.474173,1.083468,1.444924
0.809524,0.624,0.552525,1.055803,1.418006
0.809524,0.552,0.521184,1.029413,1.388563
0.809524,0.552,0.568195,1.027507,1.327028
0.857143,0.608002,0.615786,1.022511,1.232797
0.809524,0.624,0.630876,1.0205,1.148875
0.761905,0.584,0.598955,1.020625,1.080898
0.714286,0.632001,0.629716,1.026147,1.024268
0.714286,0.647999,0.661056,1.038383,0.980815
0.761905,0.696001,0.692977,1.067701,0.936827
0.857143,0.736001,0.741149,1.129134,0.760409
0.785714,0.724002,0.724608,1.208424,0.724393
0.714286,0.712002,0.708067,1.302169,0.714598
0.666667,0.736001,0.723157,1.398119,0.707101
0.619048,0.704001,0.722577,1.48525,0.706301
0.571429,0.728001,0.74289,1.572796,0.706301
0.52381,0.752002,0.763204,1.650179,0.706301
0.47619,0.776002,0.783517,1.738403,0.711152
0.52381,0.780002,0.784098,1.813162,0.726275
0.571429,0.784002,0.784678,1.886246,0.746932
0.571429,0.76,0.753337,1.939471,0.770224
0.47619,0.768001,0.767847,1.975313,0.794256
0.47619,0.712002,0.705165,2.012947,0.812063
0.52381,0.744002,0.752757,2.018,0.823116
0.47619,0.688,0.673825,2.018,0.832701
0.47619,0.696001,0.689495,2.018,0.853578
0.428571,0.680002,0.688915,2.006683,0.873346
0.428571,0.672002,0.688915,1.97689,0.899175
0.428571,0.704001,0.704585,1.952125,0.927625
0.47619,0.680002,0.689495,1.92754,0.977121
0.380952,0.672002,0.656994,1.903628,1.035589
0.380952,0.608002,0.625653,1.876045,1.101439
0.380952,0.640002,0.609983,1.852624,1.182078
0.285714,0.616,0.593151,1.849,1.250779
0.333333,0.592001,0.593732,1.849,1.332084
0.238095,0.552,0.54556,1.848017,1.416662
0.333333,0.536002,0.53105,1.846035,1.558128
0.285714,0.511999,0.499129,1.838511,1.64705
0.285714,0.48,0.483459,1.820742,1.725613
0.285714,0.488001,0.499129,1.804017,1.796971
0.357143,0.492001,0.5,1.786179,1.833838
0.428571,0.496001,0.500871,1.743171,1.895899
0.333333,0.456001,0.468369,1.703156,1.94425
0.428571,0.484,0.493035,1.64772,1.998488
0.52381,0.511999,0.517702,1.581997,2.041761
0.52381,0.496001,0.517702,1.504375,2.08625
0.619048,0.464002,0.471851,1.436713,2.117435
0.571429,0.496001,0.486941,1.367702,2.133187
0.619048,0.528001,0.534533,1.295256,2.134178
0.619048,0.496001,0.503192,1.223888,2.134178
0.714286,0.543999,0.551364,1.158995,2.134178
0.714286,0.552,0.520023,1.101299,2.125601
0.714286,0.52,0.535694,1.035433,2.096642
0.761905,0.543999,0.551944,0.980552,2.057617
0.809524,0.536002,0.536854,0.922048,2.010343
0.809524,0.52,0.536854,0.859373,1.954943
0.809524,0.536002,0.536854,0.814565,1.904677
0.857143,0.552,0.553105,0.773985,1.843004
0.904762,0.552,0.553685,0.739679,1.780087
0.857143,0.536002,0.553105,0.711496,1.711621
0.904762,0.624,0.600696,0.694078,1.642191
0.857143,0.503999,0.521764,0.6889,1.572974
0.857143,0.503999,0.506094,0.6889,1.492789
0.809524,0.503999,0.505514,0.6889,1.424797
0.857143,0.424001,0.427742,0.689775,1.352894
0.857143,0.399999,0.396402,0.702389,1.295186
0.857143,0.392001,0.396402,0.715472,1.227694
0.809524,0.335999,0.34881,0.719,1.212
0.857143,0.288001,0.30238,0.719302,1.211059
0.833333,0.256,0.270749,0.738073,1.152581
0.809524,0.223998,0.239118,0.754657,1.115549
0.761905,0.159999,0.191526,0.79947,1.040795
0.761905,0.151998,0.175856,0.839327,0.969307
0.714286,0.151998,0.159605,0.89352,0.906
0.714286,0.119998,0.143935,0.951517,0.834471
0.666667,0.107999,0.127684,1.006209,0.779049
0.619048,0.095999,0.111434,1.055658,0.720836
0.5,0.104,0.117818,1.138664,0.680206
0.380952,0.112001,0.124202,1.209674,0.65936
0.333333,0.168,0.186303,1.270286,0.652043
0.285714,0.168,0.185723,1.32636,0.652043
0.238095,0.176,0.185142,1.383203,0.652043
0.190476,0.176,0.200232,1.440977,0.653754
0.285714,0.272,0.279745,1.519818,0.660009
0.238095,0.295999,0.310505,1.587922,0.666455
0.238095,0.344,0.341846,1.653109,0.68342
0.190476,0.376,0.372606,1.708076,0.706628
0.190476,0.367999,0.388276,1.767026,0.741103
0.190476,0.399999,0.403947,1.82266,0.784033
0.190476,0.384,0.388276,1.881896,0.839588
0.190476,0.416,0.403947,1.927359,0.902714
0.285714,0.367999,0.373767,1.954915,0.949767
0.190476,0.288001,0.294254,1.958581,1.00016
0.238095,0.295999,0.310505,1.958581,1.03367
0.285714,0.303999,0.311085,1.958581,1.062715
0.333333,0.344,0.350842,1.95154,1.098625
0.380952,0.384,0.390598,1.91275,1.14025
0.428571,0.416,0.422519,1.851493,1.18061
0.47619,0.4,0.407429,1.780684,1.217045
0.52381,0.384,0.392339,1.692177,1.263156
0.52381,0.367999,0.408009,1.619457,1.306352
0.47619,0.448,0.43877,1.53597,1.356989
0.571429,0.432002,0.43993,1.440776,1.419486
0.52381,0.456001,0.486361,1.3395,1.48
0.642857,0.468,0.495647,1.235388,1.538487
0.761905,0.48,0.504933,1.151295,1.584784
0.761905,0.52,0.536274,1.073853,1.63395
0.761905,0.560001,0.567615,0.994452,1.69072
0.761905,0.584,0.583285,0.93806,1.739687
0.761905,0.616,0.614626,0.878036,1.803752
0.714286,0.624,0.645386,0.828577,1.86354
0.714286,0.664001,0.661056,0.785982,1.92299
0.761905,0.688,0.677307,0.746392,1.984091
0.714286,0.672002,0.676727,0.726859,2.024405
0.666667,0.728,0.723157,0.726,2.058835
0.666667,0.784002,0.770168,0.726,2.082226
0.666667,0.736001,0.770168,0.726,2.10402
0.619048,0.776002,0.753918,0.741733,2.133158
0.571429,0.712002,0.737667,0.794417,2.169171
0.619048,0.72,0.722577,0.866357,2.198156
0.571429,0.751999,0.769008,0.915353,2.21633
0.571429,0.72,0.721997,0.977204,2.236021
0.619048,0.704001,0.706907,1.049977,2.251199
0.571429,0.776002,0.769008,1.124359,2.262558
0.52381,0.800001,0.784098,1.219206,2.272667
0.555556,0.789334,0.779261,1.32075,2.273
0.587302,0.778667,0.774424,1.425598,2.273
0.619048,0.768001,0.769588,1.534129,2.273
0.571429,0.736001,0.753337,1.636628,2.254636
0.571429,0.744002,0.737667,1.738689,2.215648
0.666667,0.76,0.723157,1.824383,2.177347
0.571429,0.647999,0.659315,1.909135,2.143187
0.619048,0.624,0.628555,1.995222,2.096047
0.666667,0.640002,0.644806,2.065625,2.040875
0.666667,0.560001,0.550784,2.1335,1.969375
0.666667,0.543999,0.550784,2.19421,1.886405
0.714286,0.511999,0.504353,2.23755,1.805639
0.761905,0.488001,0.489263,2.25163,1.745435
0.714286,0.48,0.488683,2.270516,1.676943
0.761905,0.439999,0.442252,2.281333,1.607531
0.761905,0.416,0.426582,2.282,1.520663
0.761905,0.335999,0.34823,2.282,1.441155
0.761905,0.312,0.332559,2.282,1.37457
0.809524,0.263999,0.286129,2.278708,1.337442
0.714286,0.295999,0.300638,2.273011,1.335591
0.761905,0.256001,0.269878,2.269412,1.335591
0.761905,0.208,0.285548,2.265191,1.335591
0.714286,0.288001,0.300638,2.244464,1.342364
0.761905,0.272,0.269878,2.21342,1.365214
0.714286,0.263999,0.284968,2.181181,1.388295
0.714286,0.352001,0.36332,2.133799,1.41369
0.619048,0.352001,0.346489,2.066102,1.4395
0.571429,0.384,0.377249,1.980521,1.464473
0.619048,0.352001,0.362159,1.886008,1.496279
0.571429,0.392001,0.40859,1.793233,1.509458
0.52381,0.416,0.42368,1.711,1.515625
0.52381,0.464002,0.470691,1.607309,1.533514
0.52381,0.496001,0.502031,1.514173,1.554307
0.52381,0.511999,0.517702,1.425349,1.584396
0.47619,0.511999,0.595473,1.331927,1.612177
0.380952,0.552,0.578642,1.225288,1.626898
0.428571,0.608002,0.641904,1.128634,1.626148
0.428571,0.568002,0.579222,1.028829,1.624648
0.380952,0.656,0.641323,0.935651,1.624648
0.380952,0.656,0.656994,0.853375,1.617537
0.309524,0.676,0.663958,0.787006,1.589961
0.238095,0.696001,0.670923,0.724518,1.546548
0.333333,0.632001,0.640743,0.679129,1.48231
0.238095,0.632001,0.623912,0.656387,1.408492
0.238095,0.600001,0.608241,0.655387,1.332467
0.190476,0.616,0.623331,0.655387,1.250839
0.285714,0.632001,0.624492,0.655387,1.199302
0.285714,0.647999,0.640163,0.665476,1.113824
0.261905,0.62,0.616367,0.692285,1.043699
0.238095,0.592001,0.592571,0.72578,0.98326
0.190476,0.552,0.57632,0.770155,0.927382
0.142857,0.543999,0.544399,0.817548,0.871387
0.238095,0.48,0.498549,0.869858,0.822578
0.238095,0.439999,0.451538,0.921031,0.78873
0.238095,0.456001,0.467208,0.966625,0.783848
0.238095,0.407999,0.435868,1.00182,0.783848
0.285714,0.344,0.373767,1.019141,0.783848
0.238095,0.303999,0.294835,1.019171,0.792337
0.142857,0.272,0.293674,1.019171,0.813832
0.309524,0.231999,0.28787,1.019171,0.858566
0.47619,0.191999,0.282066,1.016123,0.926828
0.380952,0.151998,0.171213,1.015746,1.004358
0.333333,0.104,0.139292,1.015746,1.09725
0.380952,0.119998,0.124202,1.015746,1.17805
0.333333,0.095999,0.107951,1.016998,1.277326
0.380952,0.122666,0.139872,1.025733,1.367084
0.428571,0.149333,0.171793,1.095791,1.461253
0.47619,0.176,0.203714,1.164744,1.57015
0.380952,0.223998,0.280905,1.181904,1.653125
0.428571,0.303999,0.297156,1.208456,1.742942
0.438095,0.336,0.331747,1.238346,1.820085
0.447619,0.368,0.366338,1.27073,1.878982
0.457143,0.400001,0.400929,1.299426,1.933862
0.466667,0.432001,0.435519,1.345477,1.998817
0.47619,0.464002,0.47011,1.358047,2.042263
0.571429,0.448,0.43993,1.379348,2.0535
0.571429,0.482667,0.481718,1.400473,2.0535
0.571429,0.517333,0.523506,1.415426,2.048516
0.571429,0.552,0.565293,1.433365,2.047891
0.666667,0.543999,0.550784,1.454474,2.021609
0.666667,0.560001,0.550784,1.468327,1.976733
0.666667,0.616,0.613465,1.484552,1.90729
0.666667,0.664001,0.660476,1.493706,1.833665
0.714286,0.664001,0.661056,1.50306,1.761517
0.666667,0.664001,0.644806,1.51,1.705
0.714286,0.624,0.629716,1.516674,1.603501
0.761905,0.640002,0.645966,1.526729,1.500071
0.761905,0.664001,0.677307,1.535009,1.399457
0.761905,0.608002,0.614626,1.540314,1.305237
0.714286,0.632001,0.645386,1.545416,1.214591
0.809524,0.616,0.599536,1.548093,1.106764
0.857143,0.560001,0.584446,1.553071,1.026965
0.857143,0.575999,0.584446,1.571196,0.920215
0.857143,0.560001,0.584446,1.60137,0.833459
0.857143,0.568002,0.568775,1.641229,0.767274
0.904762,0.496001,0.522345,1.690041,0.712633
0.857143,0.496001,0.490424,1.750197,0.665188
0.952381,0.48,0.491584,1.804121,0.636636
0.857143,0.432002,0.459083,1.875198,0.624582
0.857143,0.424001,0.443413,1.9435,0.624582
0.857143,0.432002,0.443413,2.012192,0.624582
0.809524,0.464002,0.474173,2.078484,0.625707
0.809524,0.48,0.489843,2.143026,0.645513
0.809524,0.496001,0.505514,2.186128,0.67201
0.857143,0.432002,0.443413,2.226818,0.723773
0.761905,0.511999,0.520604,2.254875,0.764125
0.714286,0.503999,0.488683,2.278165,0.844849
0.714286,0.543999,0.535694,2.287706,0.921756
0.666667,0.560001,0.550784,2.288,1.015313
0.619048,0.568002,0.565873,2.288,1.111322
0.666667,0.616,0.613465,2.288,1.211293
0.619048,0.592001,0.597214,2.286195,1.310032
0.571429,0.640002,0.627974,2.276514,1.388601
0.571429,0.640002,0.612304,2.268651,1.517586
0.47619,0.680002,0.673825,2.266654,1.649882
0.571429,0.656,0.612304,2.25558,1.752426
0.52381,0.632001,0.627394,2.2273,1.862858
0.47619,0.608002,0.642484,2.219196,1.929925
0.47619,0.672002,0.673825,2.203168,1.999018
0.428571,0.712002,0.704585,2.191246,2.037855
0.47619,0.672002,0.689495,2.185683,2.039
0.380952,0.676002,0.680499,2.177875,2.039
0.285714,0.680002,0.671503,2.154852,2.039
0.333333,0.632001,0.625073,2.10975,2.033
0.333333,0.640002,0.640743,2.070126,1.990934
0.285714,0.624,0.671503,2.030942,1.924942
0.261905,0.628001,0.647707,1.98075,1.855875
0.238095,0.632001,0.623912,1.917901,1.78078
0.285714,0.560001,0.561811,1.847,1.71825
0.285714,0.575999,0.561811,1.76233,1.668768
0.333333,0.496001,0.51538,1.677113,1.613032
0.333333,0.496001,0.51538,1.595125,1.567375
0.333333,0.416,0.437028,1.518073,1.531487
0.285714,0.448,0.452118,1.430043,1.496086
0.357143,0.416,0.429483,1.345448,1.47205
0.428571,0.384,0.406849,1.257229,1.451888
0.52381,0.384,0.392339,1.170021,1.434875
0.47619,0.384,0.391759,1.084814,1.432
0.571429,0.38,0.392919,0.99181,1.432
0.666667,0.376,0.39408,0.910496,1.432
0.714286,0.352001,0.37899,0.848436,1.436835
0.714286,0.376,0.37899,0.790942,1.460124
0.714286,0.376,0.39466,0.736296,1.504819
0.761905,0.432002,0.395241,0.701005,1.551881
0.809524,0.424001,0.442832,0.661121,1.62476
0.809524,0.424001,0.442832,0.629625,1.7115
0.809524,0.464002,0.474173,0.624,1.791807
0.809524,0.488001,0.489843,0.624,1.880726
0.857143,0.464002,0.474753,0.624,1.953023
0.809524,0.503999,0.505514,0.629391,2.019666
0.761905,0.448,0.442252,0.647358,2.077337
0.761905,0.439999,0.442252,0.67572,2.127125
0.761905,0.448,0.457922,0.714905,2.165178
0.809524,0.503999,0.505514,0.760844,2.176727
0.761905,0.471999,0.489263,0.804037,2.176727
0.761905,0.568002,0.567615,0.834093,2.176727
0.714286,0.552,0.567034,0.846318,2.173992
0.714286,0.575999,0.582705,0.851433,2.146618
0.714286,0.647999,0.645386,0.85615,2.096816
0.666667,0.656,0.676146,0.864052,2.049015
0.666667,0.664001,0.676146,0.874097,1.985907
0.666667,0.704001,0.707487,0.884853,1.905757
0.619048,0.736001,0.738247,0.894189,1.807992
0.619048,0.736001,0.738247,0.904019,1.707365
0.619048,0.784002,0.785258,0.912705,1.597668
0.619048,0.856003,0.84794,0.92881,1.493872
0.587302,0.826669,0.826659,0.954766,1.4015
0.555556,0.797335,0.805378,0.989707,1.290609
0.52381,0.768001,0.784098,1.016477,1.194816
0.571429,0.768001,0.753337,1.053116,1.099266
0.619048,0.751999,0.753918,1.096835,1.01317
0.571429,0.76,0.769008,1.160439,0.922855
0.52381,0.744002,0.737086,1.232246,0.847784
0.52381,0.744002,0.737086,1.328822,0.768128
0.52381,0.736001,0.737086,1.413648,0.710053
0.47619,0.76,0.752176,1.489575,0.666704
0.380952,0.704001,0.719675,1.583625,0.625315
0.333333,0.688,0.703424,1.675279,0.616379
0.428571,0.640002,0.641904,1.754905,0.616379
0.380952,0.624,0.641323,1.843954,0.616379
0.309524,0.624,0.632618,1.917182,0.622431
0.238095,0.624,0.623912,1.969078,0.658071
0.190476,0.624,0.623331,2.011026,0.705381
0.190476,0.608002,0.607661,2.022708,0.753657
0.238095,0.584,0.592571,2.022708,0.815219
0.190476,0.600001,0.591991,2.022708,0.894483
0.095238,0.592001,0.59083,2.021094,0.994736
0.142857,0.600001,0.59141,2.007127,1.11486
0.142857,0.584,0.59141,1.978862,1.220977
0.190476,0.575999,0.57632,1.936342,1.316006
0.095238,0.592001,0.59083,1.889585,1.409748
0.190476,0.592001,0.591991,1.832699,1.512058
0.190476,0.600001,0.591991,1.781149,1.572415
0.142857,0.592001,0.59141,1.71271,1.651527
0.238095,0.632001,0.663088,1.630014,1.74505
0.333333,0.672002,0.734765,1.550669,1.810499
0.333333,0.616,0.625073,1.449352,1.862347
0.428571,0.640002,0.641904,1.354978,1.912364
0.52381,0.640002,0.643064,1.261075,1.94159
0.452381,0.680001,0.673535,1.160162,1.970525
0.380952,0.72,0.704005,1.07117,2.000058
0.47619,0.688,0.689495,0.994496,2.02379
0.5,0.704,0.69762,0.913258,2.036025
0.52381,0.72,0.705746,0.859677,2.03615
0.619048,0.712002,0.722577,0.8176,2.03615
0.666667,0.744002,0.738828,0.7954,2.03615
0.714286,0.72,0.723738,0.793,2.030407
0.714286,0.712002,0.723738,0.793,2.013216
0.761905,0.744002,0.739988,0.792625,1.982828
0.738095,0.724002,0.724028,0.791,1.934057
0.714286,0.704001,0.708067,0.791,1.881753
0.761905,0.672002,0.692977,0.791,1.813523
0.714286,0.680002,0.692397,0.788875,1.740297
0.809524,0.672002,0.677887,0.773804,1.655772
0.825397,0.656001,0.667634,0.755282,1.579875
0.84127,0.640001,0.657381,0.731257,1.550294
0.857143,0.624,0.647127,0.710524,1.515388
0.809524,0.600001,0.630876,0.686304,1.415553
0.857143,0.575999,0.584446,0.67575,1.31491
0.857143,0.575999,0.584446,0.67575,1.210829
0.809524,0.528001,0.536854,0.67575,1.119796
0.857143,0.511999,0.521764,0.67575,1.027875
0.857143,0.496001,0.506094,0.686064,0.943884
0.809524,0.471999,0.489843,0.710976,0.796008
0.857143,0.448,0.459083,0.745498,0.689765
0.904762,0.439999,0.443993,0.812532,0.641772
0.857143,0.399999,0.412072,0.884549,0.609703
0.809524,0.392001,0.411492,0.96295,0.586877
0.904762,0.320001,0.334301,1.041,0.574333
0.809524,0.272,0.286129,1.125818,0.566076
0.857143,0.24,0.255369,1.222518,0.558341
0.761905,0.223998,0.238537,1.31053,0.555632
0.857143,0.151998,0.177017,1.407916,0.552517
0.793651,0.154665,0.176243,1.494248,0.550875
0.730159,0.157332,0.175469,1.596258,0.550875
0.666667,0.159999,0.174695,1.695274,0.550875
0.571429,0.079998,0.095183,1.778616,0.552844
0.52381,0.064,0.078932,1.882125,0.562051
0.47619,0.064,0.094022,1.964165,0.574003
0.47619,0.072,0.094022,2.035689,0.586255
0.428571,0.104,0.124782,2.088022,0.600574
0.428571,0.112001,0.124782,2.156224,0.626707
0.428571,0.064,0.093442,2.20316,0.662614
0.404762,0.059999,0.085316,2.20956,0.697373
0.380952,0.055999,0.077191,2.20956,0.719498
0.380952,0.055999,0.061521,2.20956,0.735138
0.428571,0.055999,0.062101,2.2074,0.750271
0.380952,0.023999,0.04585,2.185914,0.758801
0.47619,0.064,0.078352,2.145663,0.768011
0.428571,0.079998,0.093442,2.085467,0.779421
0.52381,0.091999,0.110273,2.006518,0.784964
0.619048,0.104,0.127104,1.924147,0.797272
0.571429,0.112001,0.126524,1.841241,0.812112
0.619048,0.144001,0.174115,1.749602,0.832258
0.714286,0.196001,0.175276,1.662102,0.842995
0.809524,0.248001,0.176436,1.566804,0.85353
0.793651,0.272001,0.228477,1.475284,0.864315
0.777778,0.296001,0.280518,1.389921,0.876051
0.761905,0.320001,0.332559,1.300644,0.891597
0.809524,0.344,0.34881,1.217133,0.911798
0.809524,0.376,0.380151,1.140125,0.936125
0.809524,0.432002,0.427162,1.060143,0.973237
0.761905,0.456001,0.473593,0.981518,1.018121
0.761905,0.496001,0.489263,0.911822,1.066061
0.761905,0.543999,0.551944,0.842329,1.130359
0.714286,0.52,0.567034,0.790542,1.187408
0.714286,0.592001,0.598375,0.74956,1.243658
0.714286,0.600001,0.614045,0.709435,1.311533
0.714286,0.600001,0.598375,0.677759,1.377856
0.714286,0.704001,0.708067,0.650701,1.447939
0.714286,0.647999,0.645386,0.629361,1.52618
0.714286,0.712002,0.708067,0.626191,1.598008
0.666667,0.688,0.676146,0.626191,1.686035
0.666667,0.72,0.723157,0.626191,1.727159
0.666667,0.744002,0.738828,0.629767,1.784818
0.619048,0.736001,0.722577,0.645876,1.827274
0.619048,0.751999,0.753918,0.67438,1.827274
0.619048,0.736001,0.738247,0.712694,1.827274
0.619048,0.72,0.738247,0.750654,1.798048
0.666667,0.728,0.723157,0.780546,1.724222
0.666667,0.640002,0.723157,0.827117,1.630625
0.619048,0.624,0.628555,0.858379,1.611125
0.619048,0.624,0.644225,0.908758,1.596
0.571429,0.632001,0.643645,0.957108,1.596
0.571429,0.624,0.627974,0.993666,1.596
0.571429,0.640002,0.643645,1.055703,1.597008
0.5,0.616001,0.619269,1.134968,1.646383
0.428571,0.592001,0.594893,1.228425,1.711958
0.380952,0.608002,0.594312,1.348386,1.835721
0.380952,0.552,0.562972,1.447786,1.951267
0.47619,0.52,0.532792,1.513375,2.03125
0.47619,0.528001,0.517121,1.600366,2.117994
0.428571,0.513601,0.500871,1.64,2.126921
0.380952,0.499201,0.48462,1.689946,2.131
0.333333,0.484801,0.468369,1.762573,2.131
0.285714,0.470401,0.452118,1.809014,2.129273
0.238095,0.456001,0.435868,1.851639,2.128
0.333333,0.399999,0.452699,1.880986,2.117195
0.285714,0.367999,0.373767,1.903381,2.106725
0.238095,0.360001,0.373186,1.908579,2.102775
0.190476,0.327998,0.341265,1.907589,2.102175
0.238095,0.288001,0.294835,1.906722,2.10165
0.285714,0.248001,0.264074,1.905856,2.101125
0.238095,0.24,0.247824,1.904866,2.100525
0.333333,0.191999,0.201973,1.903062,2.100538
0.285714,0.176,0.201393,1.900484,2.101853
0.357143,0.176,0.194428,1.875333,2.117353
0.428571,0.176,0.187464,1.836654,2.124759
0.571429,0.199999,0.21271,1.790604,2.125981
0.714286,0.223998,0.237957,1.749864,2.125981
0.714286,0.119998,0.128265,1.710537,2.125981
0.666667,0.119998,0.127684,1.679959,2.122905
0.714286,0.119998,0.128265,1.623482,2.120034
0.761905,0.223998,0.238537,1.562602,2.112254
0.809524,0.231999,0.254788,1.449666,2.108718
0.857143,0.248001,0.271039,1.386803,2.098108
0.857143,0.272,0.286709,1.294281,2.047795
0.857143,0.28,0.30238,1.175556,2.001703
0.809524,0.303999,0.31747,1.120625,1.974231
0.857143,0.312,0.31805,1.048726,1.95395
0.809524,0.263999,0.270459,0.969375,1.897375
0.761905,0.263999,0.269878,0.876857,1.862529
0.761905,0.231999,0.254208,0.823787,1.769444
0.809524,0.28,0.301799,0.783123,1.678768
0.714286,0.295999,0.316309,0.7475,1.582409
0.714286,0.320001,0.316309,0.71869,1.48446
0.619048,0.327998,0.330818,0.701729,1.398875
0.619048,0.335999,0.362159,0.699825,1.366
0.571429,0.360001,0.361579,0.699825,1.343323
0.47619,0.407999,0.407429,0.699825,1.281626
0.52381,0.464002,0.486361,0.700662,1.212407
0.52381,0.384,0.392339,0.710156,1.152
0.428571,0.448,0.45386,0.729592,1.100522
0.380952,0.471999,0.46895,0.773444,1.076
0.428571,0.48,0.46953,0.797858,1.062908
0.380952,0.528001,0.531631,0.815,1.052
0.333333,0.543999,0.546721,0.849957,1.051055
0.380952,0.608002,0.609983,0.906194,1.044454
0.333333,0.624,0.625073,0.960625,1.028625
0.380952,0.624,0.641323,1.01486,0.998377
0.333333,0.656,0.656413,1.10256,0.981472
0.380952,0.672002,0.656994,1.182694,0.972403
0.428571,0.688,0.688915,1.272349,0.96561
0.380952,0.72,0.719675,1.346615,0.943792
0.47619,0.72,0.705165,1.417407,0.936516
0.47619,0.704001,0.705165,1.485144,0.936516
0.52381,0.704001,0.705746,1.569066,0.936516
0.47619,0.744002,0.767847,1.650625,0.936516
0.428571,0.800001,0.814277,1.731733,0.944119
0.52381,0.784002,0.784098,1.816758,0.966095
0.555556,0.765335,0.774038,1.889803,0.988779
0.587302,0.746668,0.763978,1.955812,1.022176
0.619048,0.728,0.753918,1.991645,1.065169
0.571429,0.736001,0.737667,1.994744,1.083246
0.571429,0.736001,0.737667,2.019936,1.125358
0.571429,0.744002,0.737667,2.044277,1.160975
0.619048,0.744002,0.738247,2.059583,1.298082
0.619048,0.792,0.800929,2.0709,1.44652
0.619048,0.784002,0.785258,2.0709,1.489713
0.571429,0.784002,0.769008,2.066625,1.573992
0.571429,0.72,0.721997,2.066,1.647684
0.571429,0.704001,0.706326,2.058083,1.742117
0.571429,0.688,0.690656,2.038435,1.829337
0.52381,0.624,0.643064,2.006992,1.910324
0.47619,0.656,0.658154,1.96429,1.979512
0.380952,0.640002,0.594312,1.896691,2.033481
0.47619,0.584,0.595473,1.809408,2.079551
0.428571,0.608002,0.594893,1.768172,2.111318
0.428571,0.592001,0.563552,1.693735,2.127017
0.428571,0.560001,0.579222,1.62975,2.127017
0.380952,0.560001,0.562972,1.57095,2.127017
0.47619,0.496001,0.501451,1.480212,2.123962
0.404762,0.464002,0.46924,1.382919,2.11504
0.333333,0.432002,0.437028,1.329958,2.088895
0.333333,0.376,0.405688,1.263114,1.979053
0.238095,0.367999,0.373186,1.207418,1.883483
0.266667,0.332799,0.342194,1.204,1.858217
0.295238,0.297599,0.311201,1.204,1.825125
0.323809,0.262399,0.280209,1.204,1.797162
0.352381,0.227199,0.249216,1.208083,1.78819
0.380952,0.191999,0.218224,1.243767,1.77138
0.428571,0.191999,0.203134,1.293776,1.76513
0.52381,0.223998,0.204295,1.339596,1.747104
0.619048,0.136,0.158445,1.357086,1.730875
0.714286,0.127999,0.128265,1.357086,1.710051
0.642857,0.136,0.127394,1.357086,1.667591
0.571429,0.144001,0.126524,1.349896,1.629074
0.52381,0.184001,0.125943,1.31239,1.59035
0.619048,0.168,0.189785,1.30879,1.555505
0.666667,0.208,0.221706,1.30879,1.494411
0.714286,0.216001,0.237957,1.30879,1.415012
0.714286,0.263999,0.284968,1.318572,1.298003
0.666667,0.28,0.268717,1.342802,1.184007
0.761905,0.288001,0.301219,1.358825,1.102759
0.714286,0.320001,0.331979,1.37922,1.00444
0.714286,0.320001,0.331979,1.390042,0.923246
0.714286,0.344,0.347649,1.445848,0.828969
0.761905,0.327998,0.34823,1.455278,0.709879
0.761905,0.344,0.34823,1.455278,0.662145
0.666667,0.392001,0.40975,1.452539,0.639748
0.619048,0.367999,0.377829,1.421393,0.6365
0.666667,0.416,0.441091,1.367399,0.637065
0.571429,0.452,0.463436,1.308365,0.637629
0.47619,0.488001,0.485781,1.258967,0.646787
0.52381,0.48,0.502031,1.218155,0.686748
0.52381,0.52,0.533372,1.183921,0.734397
0.428571,0.624,0.610563,1.14044,0.770526
0.47619,0.62,0.611143,1.107593,0.806792
0.52381,0.616,0.611724,1.092508,0.864475
0.47619,0.616,0.611143,1.072666,0.885052
0.380952,0.680002,0.688334,1.046307,0.893797
0.452381,0.708002,0.71271,1.039797,0.89412
0.52381,0.736001,0.737086,1.041388,0.89444
0.571429,0.72,0.721997,1.042979,0.89476
0.619048,0.728,0.722577,1.044571,0.895081
0.52381,0.784002,0.768427,1.046162,0.895401
0.47619,0.800001,0.814858,1.047753,0.895721
0.52381,0.816002,0.815438,1.049345,0.896041
0.571429,0.832,0.831689,1.083946,0.90104
0.666667,0.808001,0.817179,1.133487,0.908795
0.619048,0.800001,0.800929,1.203072,0.912001
0.666667,0.751999,0.754498,1.2769,0.916796
0.666667,0.736001,0.754498,1.365556,0.920772
0.619048,0.704001,0.722577,1.460223,0.928289
0.714286,0.736001,0.723738,1.546223,0.942664
0.714286,0.688,0.692397,1.58802,0.954433
0.714286,0.688,0.692397,1.667405,0.984147
0.761905,0.680002,0.677307,1.733347,1.018743
0.761905,0.624,0.645966,1.79361,1.066436
0.714286,0.624,0.629716,1.850665,1.125597
0.761905,0.616,0.614626,1.8895,1.1825
0.761905,0.575999,0.583285,1.921128,1.233494
0.809524,0.536002,0.552525,1.967936,1.323123
0.809524,0.543999,0.536854,2.000543,1.409715
0.857143,0.488001,0.537435,2.018534,1.48853
0.857143,0.456001,0.474753,2.043479,1.566878
0.809524,0.432002,0.442832,2.045,1.639222
0.809524,0.367999,0.395821,2.045,1.762469
0.809524,0.392001,0.395821,2.045,1.847125
0.809524,0.335999,0.364481,2.037789,1.930758
0.761905,0.312,0.332559,1.99919,2.010245
0.761905,0.256001,0.269878,1.9705,2.051896
0.761905,0.248001,0.254208,1.919091,2.104944
0.761905,0.248001,0.254208,1.853077,2.141786
0.714286,0.24,0.253627,1.784017,2.155558
0.666667,0.263999,0.268717,1.715314,2.156164
0.619048,0.312,0.330818,1.644284,2.156164
0.619048,0.320001,0.315148,1.593619,2.156164
0.571429,0.344,0.345908,1.562731,2.152231
0.619048,0.327998,0.346489,1.54339,2.146123
0.52381,0.416,0.42368,1.508,2.13725
0.571429,0.448,0.455601,1.458596,2.119576
0.619048,0.488001,0.550203,1.391276,2.089589
0.52381,0.496001,0.533372,1.342375,2.052821
0.571429,0.616,0.612304,1.305289,2.008103
0.52381,0.624,0.549042,1.283314,1.951267
0.52381,0.624,0.627394,1.276821,1.896675
0.428571,0.608,0.618398,1.260978,1.823475
0.333333,0.592001,0.609402,1.252595,1.719496
0.238095,0.624,0.608241,1.250917,1.628684
0.333333,0.62,0.625073,1.249542,1.559616
0.428571,0.616,0.641904,1.248437,1.516741
0.380952,0.640002,0.641323,1.248437,1.489535
0.285714,0.640002,0.640163,1.248437,1.377341
0.380952,0.616,0.625653,1.248327,1.27855
0.333333,0.543999,0.546721,1.240012,1.185554
0.285714,0.560001,0.561811,1.219875,1.087
0.285714,0.511999,0.5148,1.193272,1.002772
0.285714,0.496001,0.54614,1.175983,0.963638
0.285714,0.432002,0.420778,1.134875,0.897386
0.238095,0.407999,0.404527,1.089781,0.840791
0.333333,0.384,0.390017,1.044117,0.802108
0.428571,0.360001,0.359837,0.98955,0.795317
0.333333,0.335999,0.390017,0.931575,0.795317
0.428571,0.320001,0.328497,0.879243,0.795317
0.380952,0.223998,0.233894,0.8675,0.805985
0.380952,0.191999,0.202554,0.863355,0.844738
0.428571,0.188,0.195299,0.86091,0.915625
0.47619,0.184001,0.188044,0.850868,0.972569
0.47619,0.159999,0.156703,0.828697,1.046344
0.52381,0.159999,0.172954,0.808951,1.129496
0.52381,0.184001,0.235636,0.796927,1.196319
0.619048,0.256001,0.268137,0.786171,1.279957
0.619048,0.272,0.268137,0.781758,1.369926
0.666667,0.295999,0.300058,0.776883,1.47491
0.619048,0.327998,0.346489,0.747477,1.5216
0.714286,0.312,0.331979,0.737829,1.536001
0.761905,0.367999,0.395241,0.736324,1.542
0.761905,0.392001,0.410911,0.736324,1.545
0.714286,0.448,0.457342,0.736324,1.545
0.714286,0.464002,0.473012,0.736494,1.544386
0.666667,0.488001,0.503772,0.754289,1.542929
0.666667,0.511999,0.519443,0.789377,1.515099
0.619048,0.536002,0.550203,0.828582,1.505885
0.619048,0.584,0.550203,0.892207,1.505885
0.619048,0.624,0.628555,0.959694,1.505885
0.619048,0.640002,0.659896,1.033532,1.556812
0.571429,0.688,0.721997,1.118032,1.627154
0.571429,0.712002,0.706326,1.212432,1.742192
0.571429,0.751999,0.753337,1.296002,1.777127
0.571429,0.736001,0.737667,1.37065,1.853555
0.571429,0.751999,0.769008,1.416989,1.887936
0.619048,0.808001,0.816599,1.458116,1.887936
0.619048,0.824,0.816599,1.479125,1.887936
0.619048,0.792,0.785258,1.481,1.884077
0.619048,0.76,0.753918,1.481,1.82554
0.571429,0.736001,0.737667,1.481,1.75215
0.571429,0.72,0.737667,1.481,1.745
0.52381,0.704001,0.721416,1.481,1.745
0.52381,0.72,0.705746,1.479271,1.73594
0.428571,0.696001,0.688915,1.45968,1.626316
0.428571,0.672002,0.673244,1.456,1.50303
0.428571,0.640002,0.641904,1.456,1.381125
0.380952,0.608002,0.609983,1.456,1.267384
0.428571,0.608002,0.594893,1.457675,1.154045
0.428571,0.575999,0.594893,1.475929,1.061904
0.428571,0.592001,0.610563,1.502018,0.985244
0.333333,0.575999,0.578062,1.545231,0.88601
0.285714,0.575999,0.577481,1.591125,0.794893
0.238095,0.568002,0.576901,1.655585,0.7775
0.333333,0.576001,0.578062,1.7005,0.7775
0.428571,0.584,0.579222,1.733417,0.7775
0.380952,0.584,0.578642,1.781777,0.781094
0.333333,0.560001,0.562391,1.826079,0.820644
0.428571,0.544001,0.532211,1.844684,0.873839
0.52381,0.528001,0.502031,1.865776,0.934611
0.571429,0.52,0.502612,1.882125,1.015125
0.619048,0.575999,0.487522,1.886,1.048
0.628571,0.568,0.49704,1.894585,1.109812
0.638095,0.56,0.506558,1.901,1.156
0.647619,0.552001,0.516077,1.901,1.231767
0.657143,0.544001,0.525595,1.901,1.355949
0.666667,0.536002,0.535113,1.901,1.448125
0.761905,0.568002,0.551944,1.899403,1.543792
0.714286,0.52,0.520023,1.896033,1.662654
0.809524,0.48,0.505514,1.876959,1.769936
0.809524,0.496001,0.521184,1.845924,1.860448
0.857143,0.52,0.537435,1.80802,1.91687
0.857143,0.511999,0.521764,1.777505,1.91835
0.857143,0.488001,0.506094,1.738807,1.91835
0.809524,0.48,0.489843,1.67832,1.91835
0.809524,0.456001,0.474173,1.619285,1.890458
0.857143,0.439999,0.443413,1.554621,1.847518
0.857143,0.448,0.459083,1.464776,1.821857
0.761905,0.376,0.379571,1.385125,1.789375
0.809524,0.351999,0.364481,1.310326,1.747065
0.857143,0.327998,0.349391,1.232597,1.691446
0.809524,0.263999,0.286129,1.17124,1.642687
0.761905,0.248001,0.269878,1.10967,1.612763
0.809524,0.231999,0.254788,1.071135,1.590831
0.738095,0.199999,0.214742,1.045158,1.549127
0.666667,0.168,0.174695,1.029312,1.497653
0.666667,0.216001,0.221706,1.027595,1.439579
0.595238,0.172,0.18166,1.021679,1.421477
0.52381,0.127999,0.141613,1.015071,1.365364
0.547619,0.163999,0.18108,1.006335,1.291451
0.571429,0.199999,0.220546,0.998888,1.216424
0.52381,0.256001,0.266976,0.972605,1.112197
0.571429,0.335999,0.330238,0.941958,1.02014
0.52381,0.384,0.376669,0.9101,0.9464
0.52381,0.407999,0.376669,0.876346,0.918982
0.52381,0.432002,0.43935,0.850173,0.896324
0.52381,0.48,0.470691,0.845065,0.861319
0.47619,0.48,0.501451,0.845065,0.832979
0.52381,0.52,0.533372,0.845065,0.815222
0.52381,0.560001,0.564713,0.856266,0.795838
0.52381,0.656,0.643064,0.916356,0.778037
0.428571,0.560001,0.579222,0.989526,0.772204
0.428571,0.575999,0.563552,1.078766,0.769571
0.428571,0.632001,0.610563,1.182048,0.763599
0.380952,0.568002,0.578642,1.282103,0.754522
0.333333,0.608002,0.609402,1.389041,0.743791
0.285714,0.656,0.640163,1.491125,0.7375
0.285714,0.632001,0.624492,1.581375,0.736
0.285714,0.616,0.608822,1.629368,0.735408
0.285714,0.616,0.624492,1.703176,0.735
0.269841,0.616,0.619075,1.755863,0.735408
0.253968,0.616,0.613658,1.767257,0.736
0.238095,0.616,0.608241,1.767257,0.73675
0.238095,0.608002,0.608241,1.767257,0.749133
0.285714,0.608002,0.640163,1.764943,0.778673
0.285714,0.624,0.624492,1.733638,0.824085
0.190476,0.584,0.56065,1.685234,0.875733
0.285714,0.552,0.561811,1.612703,0.949004
0.190476,0.536002,0.529309,1.550762,1.007693
0.190476,0.464002,0.482298,1.507547,1.049178
0.238095,0.52,0.514219,1.43272,1.119837
0.238095,0.407999,0.420197,1.3505,1.20075
0.285714,0.399999,0.405107,1.267585,1.287058
0.333333,0.335999,0.343006,1.184404,1.372984
0.285714,0.335999,0.342426,1.111785,1.444756
0.380952,0.295999,0.327916,1.036367,1.517799
0.380952,0.295999,0.327916,0.973131,1.54
0.333333,0.184001,0.186303,0.922261,1.54
0.428571,0.119998,0.124782,0.877089,1.542046
0.333333,0.119998,0.139292,0.837074,1.542939
0.333333,0.127999,0.139292,0.824196,1.53078
0.365079,0.165333,0.150126,0.824196,1.512109
0.396825,0.202666,0.16096,0.824196,1.508
0.428571,0.24,0.171793,0.833522,1.508
0.380952,0.191999,0.202554,0.92307,1.509832
0.428571,0.176,0.187464,0.98118,1.528225
0.52381,0.159999,0.188624,1.060891,1.602537
0.571429,0.168,0.189205,1.121304,1.694341
0.619048,0.176,0.189785,1.166778,1.828552
0.571429,0.228,0.244051,1.252218,1.886161
0.52381,0.28,0.298317,1.333835,1.907952
0.52381,0.303999,0.329658,1.412491,2.016612
0.571429,0.335999,0.361579,1.455016,2.046125
0.571429,0.360001,0.361579,1.511896,2.055
0.619048,0.360001,0.3935,1.553868,2.055
0.666667,0.416,0.441091,1.57692,2.055
0.619048,0.432002,0.440511,1.578,2.047762
0.619048,0.471999,0.518862,1.578,2.009837
0.666667,0.552,0.550784,1.578,1.987817
0.666667,0.528001,0.550784,1.571768,1.924046
0.666667,0.575999,0.582124,1.552033,1.855686
0.761905,0.584,0.567615,1.521686,1.773767
0.714286,0.575999,0.582705,1.488865,1.694475
0.714286,0.575999,0.582705,1.487,1.69
0.761905,0.584,0.598955,1.486936,1.689728
0.809524,0.584,0.599536,1.468901,1.613519
0.809524,0.592001,0.599536,1.456115,1.5115
0.761905,0.575999,0.567615,1.456115,1.440758
0.809524,0.536002,0.552525,1.456115,1.308878
0.809524,0.536002,0.552525,1.45774,1.179542
0.857143,0.52,0.537435,1.4732,1.07798
0.857143,0.52,0.521764,1.5,0.9985
0.857143,0.488001,0.490424,1.540465,0.907674
0.904762,0.424001,0.443993,1.604069,0.801436
0.857143,0.456001,0.474753,1.681278,0.716775
0.857143,0.399999,0.412072,1.757081,0.668305
0.857143,0.384,0.396402,1.84141,0.627412
0.857143,0.344,0.349391,1.913004,0.603133
0.809524,0.312,0.31747,1.994885,0.590231
0.809524,0.24,0.270459,2.039731,0.586098
0.809524,0.223998,0.239118,2.07014,0.582985
0.809524,0.208,0.207777,2.106236,0.580251
0.809524,0.191999,0.223447,2.147104,0.580245
0.738095,0.171998,0.191236,2.154625,0.582502
0.666667,0.151998,0.159025,2.1565,0.593965
0.666667,0.127999,0.143355,2.1565,0.642584
0.571429,0.087998,0.103018,2.156248,0.715355
0.47619,0.047998,0.062681,2.153632,0.752616
0.380952,0.064,0.077191,2.14427,0.826161
0.333333,0.079998,0.076611,2.132898,0.888711
0.333333,0.072,0.076611,2.110986,1.003149
0.333333,0.072,0.076611,2.094162,1.180394
0.285714,0.248001,0.248404,2.086776,1.37743
0.285714,0.191999,0.170052,2.073651,1.491225
0.238095,0.231999,0.247824,2.061302,1.550431
0.285714,0.223998,0.248404,2.039056,1.652222
0.166667,0.279999,0.286129,2.016675,1.729535
0.047619,0.335999,0.323854,1.999083,1.792937
0.119048,0.328,0.332559,1.987011,1.842381
0.190476,0.320001,0.341265,1.978578,1.86552
0.238095,0.295999,0.326175,1.970382,1.877506
0.238095,0.303999,0.310505,1.950272,1.879722
0.238095,0.288001,0.310505,1.927711,1.879722
0.190476,0.312,0.309925,1.911708,1.879722
0.238095,0.327998,0.310505,1.882613,1.878506
0.333333,0.367999,0.374347,1.857456,1.868665
0.333333,0.376,0.405688,1.818692,1.854433
0.428571,0.327998,0.344167,1.800301,1.847241
0.47619,0.399999,0.407429,1.742099,1.824182
0.47619,0.367999,0.391759,1.708487,1.812239
0.47619,0.376,0.376088,1.64133,1.790062
0.571429,0.399999,0.42426,1.587308,1.770192
0.619048,0.407999,0.456181,1.521022,1.741712
0.571429,0.432002,0.43993,1.434871,1.698161
0.666667,0.560001,0.566454,1.356117,1.654183
0.714286,0.552,0.551364,1.268425,1.610122
0.714286,0.560001,0.567034,1.174273,1.570104
0.761905,0.592001,0.583285,1.101334,1.486571
0.761905,0.616,0.630296,1.040686,1.425654
0.714286,0.680002,0.692397,0.988363,1.425654
0.761905,0.632001,0.661637,0.931278,1.425654
0.666667,0.664001,0.660476,0.895708,1.418261
0.666667,0.640002,0.644806,0.844304,1.434118
0.619048,0.704001,0.706907,0.790353,1.477853
0.619048,0.696001,0.706907,0.744576,1.533738
0.571429,0.704001,0.721997,0.719,1.609432
0.571429,0.696001,0.706326,0.719,1.694829
0.571429,0.736001,0.706326,0.720741,1.688207
0.571429,0.704001,0.690656,0.721321,1.686
0.47619,0.608002,0.626814,0.741498,1.686
0.428571,0.608002,0.618398,0.773323,1.646927
0.380952,0.608002,0.609983,0.820583,1.555717
0.47619,0.632001,0.642484,0.87105,1.508369
0.380952,0.656,0.656994,0.932199,1.508369
0.285714,0.808001,0.624492,0.988349,1.508369
0.333333,0.608002,0.593732,1.057915,1.510669
0.333333,0.592001,0.593732,1.136817,1.526189
0.285714,0.568002,0.561811,1.210152,1.623502
0.380952,0.616,0.609983,1.271796,1.72608
0.238095,0.62,0.616077,1.286,1.749
0.095238,0.624,0.622171,1.332375,1.805875
0.130952,0.624,0.622606,1.391053,1.874864
0.166667,0.624,0.623041,1.487306,1.999696
0.202381,0.624,0.623476,1.56795,2.060375
0.238095,0.624,0.623912,1.63761,2.063
0.285714,0.584,0.593151,1.722063,2.063
0.333333,0.592001,0.593732,1.818559,2.063
0.285714,0.552,0.561811,1.9135,2.047875
0.238095,0.536002,0.514219,1.987125,1.990197
0.333333,0.488001,0.484039,2.014,1.961
0.333333,0.471999,0.468369,2.039669,1.917937
0.285714,0.448,0.452118,2.076931,1.848512
0.380952,0.464,0.46895,2.128314,1.767709
0.47619,0.48,0.485781,2.182072,1.671771
0.47619,0.456001,0.47011,2.198155,1.583561
0.571429,0.48,0.486941,2.198155,1.509442
0.571429,0.424001,0.43993,2.198155,1.463835
0.666667,0.464002,0.488102,2.197486,1.432888
0.666667,0.496001,0.488102,2.1906,1.409712
0.761905,0.528001,0.536274,2.17345,1.408551
0.714286,0.488001,0.504353,2.144354,1.408551
0.761905,0.552,0.567615,2.12057,1.407388
0.809524,0.536002,0.536854,2.070908,1.413584
0.809524,0.511999,0.521184,2.017698,1.421177
0.809524,0.528001,0.521184,1.925428,1.464708
0.809524,0.511999,0.521184,1.854969,1.513182
0.857143,0.52,0.537435,1.79338,1.544367
0.904762,0.511999,0.538015,1.729599,1.568125
0.857143,0.496001,0.506094,1.643625,1.582625
0.809524,0.536002,0.536854,1.544424,1.595522
0.857143,0.471999,0.490424,1.482149,1.597446
0.857143,0.424001,0.443413,1.372707,1.597446
0.857143,0.424001,0.427742,1.274628,1.597446
0.857143,0.360001,0.474753,1.156919,1.574148
0.857143,0.335999,0.349391,1.051753,1.542239
0.857143,0.360001,0.365061,0.975934,1.523213
0.857143,0.288001,0.31805,0.952657,1.513383
0.809524,0.248001,0.254788,0.874458,1.467012
0.809524,0.248001,0.254788,0.841,1.445
0.809524,0.223998,0.239118,0.841,1.413853
0.761905,0.184001,0.191526,0.841,1.378777
0.714286,0.191999,0.190946,0.841,1.310533
0.666667,0.167999,0.174695,0.843604,1.204694
0.619048,0.143998,0.158445,0.87675,1.143375
0.571429,0.119998,0.142194,0.934316,1.0948
0.47619,0.127999,0.125363,1.029061,0.998556
0.571429,0.047998,0.079512,1.101428,0.941271
0.47619,0.063998,0.086187,1.200159,0.870805
0.380952,0.079998,0.092861,1.284294,0.792228
0.333333,0.127999,0.139292,1.3505,0.7415
0.285714,0.151998,0.154382,1.417641,0.721407
0.190476,0.159999,0.168891,1.481,0.705
0.190476,0.215999,0.221126,1.48875,0.703625
0.190476,0.271999,0.27336,1.582671,0.687437
0.190476,0.327998,0.325595,1.690024,0.671192
0.285714,0.335999,0.326756,1.74725,0.663305
0.238095,0.335999,0.341846,1.849138,0.64876
0.190476,0.384,0.403947,1.953427,0.638559
0.190476,0.376,0.388276,2.039531,0.638559
0.190476,0.432002,0.450958,2.094931,0.638559
0.142857,0.448,0.434707,2.112,0.638817
0.126984,0.485333,0.497195,2.112,0.647707
0.111111,0.522667,0.559683,2.112,0.664604
0.095238,0.560001,0.622171,2.110291,0.692225
0.142857,0.543999,0.544399,2.068895,0.733803
0.190476,0.560001,0.56065,2.018264,0.791435
0.238095,0.503999,0.514219,1.981557,0.839505
0.142857,0.600001,0.607081,1.931579,0.88701
0.190476,0.608002,0.607661,1.888068,0.943738
0.238095,0.604002,0.608241,1.857215,1.029464
0.285714,0.600001,0.608822,1.812103,1.110947
0.285714,0.568002,0.593151,1.739594,1.189996
0.285714,0.552,0.54614,1.663636,1.262477
0.285714,0.575999,0.561811,1.58975,1.324375
0.190476,0.543999,0.54498,1.51119,1.381315
0.095238,0.528001,0.528149,1.41953,1.442545
0.15873,0.480001,0.481911,1.318833,1.508167
0.222222,0.432001,0.435674,1.234364,1.564099
0.285714,0.384,0.389437,1.126085,1.621142
0.333333,0.335999,0.343006,1.029222,1.684663
0.380952,0.303999,0.312246,0.943625,1.766625
0.333333,0.288001,0.295995,0.872543,1.832554
0.357143,0.26,0.27278,0.818375,1.844351
0.380952,0.231999,0.249565,0.793201,1.844351
0.47619,0.227999,0.24289,0.766441,1.844351
0.571429,0.223998,0.236216,0.758804,1.821727
0.52381,0.191999,0.204295,0.758804,1.7595
0.571429,0.151998,0.142194,0.758804,1.731819
0.666667,0.163999,0.16686,0.760681,1.708456
0.761905,0.176,0.191526,0.806846,1.66742
0.761905,0.191999,0.222867,0.844289,1.658
0.809524,0.263999,0.270459,0.889334,1.658
0.761905,0.263999,0.269878,0.945755,1.658
0.761905,0.231999,0.254208,1.020013,1.692646
0.761905,0.24,0.269878,1.092279,1.818452
0.761905,0.256001,0.269878,1.166506,1.909265
0.761905,0.303999,0.316889,1.2505,1.940127
0.714286,0.344,0.347649,1.30859,2.001837
0.761905,0.360001,0.3639,1.376162,2.065133
0.714286,0.384,0.426001,1.452917,2.161633
0.666667,0.392,0.417586,1.53604,2.181467
0.619048,0.399999,0.40917,1.589186,2.185867
0.619048,0.464002,0.518862,1.655827,2.185867
0.52381,0.448,0.42368,1.697701,2.179787
0.571429,0.448,0.43993,1.744555,2.146032
0.619048,0.511999,0.518862,1.807387,2.090816
0.619048,0.528001,0.534533,1.881093,2.033783
0.571429,0.560001,0.565293,1.935783,1.982179
0.571429,0.560001,0.565293,1.988185,1.930759
0.47619,0.647999,0.642484,2.012274,1.89235
0.428571,0.688,0.688915,2.058331,1.830347
0.380952,0.672002,0.719675,2.112367,1.737682
0.5,0.700001,0.721126,2.154167,1.662
0.619048,0.728,0.722577,2.181279,1.581915
0.571429,0.736001,0.737667,2.214894,1.488817
0.571429,0.736001,0.737667,2.242313,1.394888
0.619048,0.792,0.800929,2.266241,1.288984
0.571429,0.768001,0.784678,2.272,1.197625
0.619048,0.792,0.800929,2.272,1.139167
0.619048,0.808001,0.800929,2.272,1.053417
0.619048,0.776002,0.769588,2.271625,0.97925
0.619048,0.76,0.753918,2.260828,0.918112
0.666667,0.784002,0.785839,2.235125,0.857344
0.619048,0.728,0.722577,2.207056,0.815906
0.666667,0.72,0.723157,2.164571,0.76981
0.714286,0.688,0.708067,2.1206,0.746875
0.714286,0.704001,0.692397,2.077951,0.745
0.761905,0.624,0.630296,2.04373,0.745
0.761905,0.640002,0.630296,2.026303,0.745
0.666667,0.560001,0.582124,2.007287,0.750486
0.738095,0.564001,0.582995,1.995905,0.776962
0.809524,0.568002,0.583865,1.995153,0.819681
0.809524,0.568002,0.583865,1.995153,0.870021
0.809524,0.575999,0.583865,1.992159,0.950904
0.809524,0.568002,0.583865,1.987805,1.081598
0.857143,0.575999,0.568775,1.987246,1.190832
0.857143,0.568002,0.584446,1.987246,1.282766
0.809524,0.552,0.552525,1.986715,1.388964
0.857143,0.536002,0.537435,1.977455,1.488818
0.809524,0.528001,0.536854,1.961031,1.594421
0.761905,0.52,0.520604,1.939625,1.712625
0.809524,0.496001,0.505514,1.912242,1.820032
0.714286,0.464002,0.473012,1.848625,1.8805
0.714286,0.456001,0.473012,1.786305,1.934197
0.714286,0.471999,0.473012,1.748009,2.013669
0.619048,0.448,0.456181,1.712401,2.069216
0.666667,0.416,0.441091,1.649555,2.136209
0.571429,0.392001,0.40859,1.598389,2.199006
0.52381,0.367999,0.360998,1.575542,2.221345
0.428571,0.367999,0.359837,1.526333,2.250667
0.47619,0.344,0.376088,1.471037,2.254
0.380952,0.344,0.343587,1.430711,2.254
0.380952,0.338666,0.343587,1.389174,2.254
0.380952,0.333332,0.343587,1.325665,2.24607
0.380952,0.327998,0.343587,1.276426,2.213032
0.357143,0.303999,0.319791,1.242466,2.164849
0.333333,0.28,0.295995,1.231377,2.093359
0.238095,0.303999,0.294835,1.231377,2.016
0.142857,0.344,0.356355,1.231377,1.939286
0.190476,0.335999,0.356936,1.233001,1.865492
0.309524,0.344,0.350551,1.248893,1.783197
0.428571,0.352001,0.344167,1.266818,1.714204
0.380952,0.303999,0.327916,1.282902,1.640231
0.380952,0.335999,0.343587,1.286,1.556731
0.428571,0.335999,0.344167,1.286,1.509937
0.52381,0.439999,0.486361,1.286,1.442044
0.52381,0.48,0.486361,1.284914,1.362833
0.47619,0.52,0.501451,1.258837,1.278058
0.52381,0.48,0.470691,1.226927,1.197228
0.428571,0.528001,0.579222,1.189277,1.124296
0.547619,0.512001,0.541497,1.144021,1.050394
0.666667,0.496001,0.503772,1.099095,0.989559
0.714286,0.511999,0.520023,1.051608,0.930586
0.714286,0.528001,0.535694,1.001185,0.89875
0.666667,0.640002,0.644806,0.958584,0.898
0.714286,0.584,0.598375,0.926242,0.898
0.714286,0.592001,0.614045,0.887667,0.898
0.761905,0.616,0.614626,0.86002,0.916917
0.761905,0.632001,0.645966,0.835898,0.933549
0.761905,0.647999,0.661637,0.807504,0.974525
0.761905,0.680002,0.692977,0.789698,1.003604
0.666667,0.664001,0.676146,0.763659,1.056632
0.714286,0.736001,0.723738,0.73108,1.13033
0.666667,0.736001,0.754498,0.711117,1.190992
0.714286,0.768001,0.770749,0.68596,1.284058
0.666667,0.751999,0.770168,0.662656,1.359969
0.666667,0.792,0.785839,0.64867,1.444102
0.619048,0.76,0.753918,0.636494,1.544681
0.619048,0.736001,0.738247,0.636494,1.651443
0.619048,0.712002,0.722577,0.636494,1.732214
0.619048,0.712002,0.706907,0.640139,1.792495
0.603175,0.693335,0.691043,0.649668,1.819229
0.587302,0.674667,0.675179,0.657093,1.832536
0.571429,0.656,0.659315,0.676819,1.832536
0.571429,0.640002,0.659315,0.694883,1.832536
0.47619,0.608002,0.626814,0.713297,1.816188
0.47619,0.592001,0.595473,0.741877,1.731503
0.428571,0.543999,0.547882,0.772147,1.701278
0.333333,0.536002,0.53105,0.81998,1.6685
0.380952,0.543999,0.531631,0.871927,1.645194
0.357143,0.496,0.492165,0.932467,1.620342
0.333333,0.448,0.452699,0.967165,1.597313
0.238095,0.496001,0.498549,1.052326,1.575192
0.222222,0.448001,0.451345,1.132729,1.557299
0.206349,0.400001,0.40414,1.228945,1.54609
0.190476,0.352001,0.356936,1.312524,1.535314
0.238095,0.335999,0.326175,1.388654,1.528981
0.285714,0.303999,0.311085,1.4969,1.524356
0.333333,0.248001,0.248984,1.592242,1.510254
0.333333,0.208,0.217644,1.68925,1.492
0.333333,0.176,0.186303,1.7724,1.476724
0.380952,0.159999,0.186883,1.837354,1.462129
0.428571,0.168,0.187464,1.891997,1.457242
0.52381,0.195999,0.19646,1.960282,1.457242
0.619048,0.223998,0.205456,1.976792,1.457242
0.619048,0.199999,0.221126,1.985671,1.457342
0.52381,0.208,0.188624,1.989096,1.458641
0.619048,0.251999,0.252467,1.989096,1.460234
0.714286,0.295999,0.316309,1.989096,1.461
0.761905,0.272,0.285548,1.983703,1.461201
0.809524,0.320001,0.34881,1.94171,1.461891
0.809524,0.399999,0.411492,1.904186,1.464268
0.809524,0.352001,0.364481,1.848636,1.468041
0.809524,0.432002,0.442832,1.784875,1.470003
0.904762,0.503999,0.506674,1.705619,1.472809
0.857143,0.488001,0.490424,1.578662,1.477719
0.857143,0.511999,0.521764,1.494812,1.481458
0.857143,0.48,0.506094,1.420088,1.484
0.809524,0.496001,0.505514,1.350125,1.484625
0.809524,0.432002,0.458503,1.2935,1.4915
0.857143,0.424001,0.443413,1.224467,1.50123
0.809524,0.416,0.427162,1.154375,1.51125
0.809524,0.392001,0.395821,1.099655,1.521774
0.761905,0.376,0.395241,1.015705,1.5325
0.761905,0.392001,0.395241,0.95314,1.5325
0.666667,0.360001,0.37841,0.865747,1.5325
0.619048,0.360001,0.377829,0.800162,1.531375
0.619048,0.335999,0.362159,0.733427,1.50846
0.52381,0.303999,0.313987,0.682375,1.47175
0.571429,0.327998,0.330238,0.640377,1.425991
0.47619,0.263999,0.266396,0.635,1.39164
0.47619,0.272,0.282066,0.635,1.334644
0.404762,0.312,0.320371,0.635,1.262108
0.333333,0.352001,0.358677,0.641865,1.174495
0.238095,0.367999,0.357516,0.679255,1.113529
0.333333,0.376,0.390017,0.75225,1.086512
0.285714,0.399999,0.405107,0.802125,1.06175
0.285714,0.360001,0.373767,0.822454,1.050527
0.261905,0.392001,0.389147,0.859803,1.032396
0.238095,0.424001,0.404527,0.896326,1.014667
0.238095,0.416,0.404527,0.908,1.009
0.357143,0.428,0.413813,0.959987,0.995506
0.47619,0.439999,0.423099,1.050952,0.985234
0.428571,0.399999,0.406849,1.147721,0.977966
0.52381,0.488001,0.486361,1.249426,0.97156
0.52381,0.456001,0.470691,1.352385,0.967921
0.571429,0.448,0.471271,1.433166,0.969735
0.666667,0.488001,0.488102,1.510151,0.97509
0.666667,0.543999,0.550784,1.554896,0.980201
0.666667,0.503999,0.519443,1.651953,0.98727
0.666667,0.575999,0.629135,1.73925,1.020125
0.714286,0.568002,0.582705,1.803914,1.064446
0.714286,0.600001,0.629716,1.841,1.098
0.714286,0.656,0.676727,1.841,1.098
0.666667,0.672002,0.660476,1.843094,1.119196
0.714286,0.704001,0.723738,1.877972,1.209025
0.714286,0.751999,0.755078,1.937994,1.363908
0.619048,0.744002,0.753918,2.004217,1.433079
0.571429,0.776002,0.769008,2.006967,1.45625
0.52381,0.784002,0.784098,2.006967,1.544963
0.52381,0.768001,0.768427,2.006548,1.600669
0.52381,0.784002,0.784098,1.995232,1.689963
0.52381,0.76,0.752757,1.956558,1.788786
0.47619,0.736001,0.752176,1.919621,1.857063
0.571429,0.712002,0.721997,1.871025,1.869032
0.47619,0.72,0.720836,1.804452,1.869032
0.380952,0.696001,0.704005,1.695032,1.869032
0.380952,0.856003,0.688334,1.606708,1.836149
0.333333,0.688,0.687754,1.503442,1.735769
0.238095,0.688,0.702263,1.429332,1.654213
0.309524,0.672,0.679629,1.37405,1.604105
0.380952,0.656,0.656994,1.286423,1.5995
0.333333,0.640002,0.656413,1.169706,1.5995
0.333333,0.624,0.625073,1.066391,1.5995
0.333333,0.560001,0.562391,0.975544,1.630407
0.380952,0.543999,0.547301,0.895607,1.715345
0.428571,0.496001,0.516541,0.852541,1.82969
0.428571,0.448,0.45386,0.842734,1.951646
0.428571,0.416,0.422519,0.842734,2.062083
0.52381,0.399999,0.408009,0.842734,2.099375
0.52381,0.384,0.392339,0.851554,2.099375
0.47619,0.384,0.376088,0.889375,2.099375
0.466667,0.3488,0.341497,0.95735,2.089272
0.457143,0.3136,0.306907,1.05937,2.043798
0.447619,0.2784,0.272316,1.151034,2.00244
0.438095,0.2432,0.237725,1.226498,1.968534
0.428571,0.208,0.203134,1.320039,1.923704
0.47619,0.119998,0.125363,1.397188,1.8521
0.380952,0.151998,0.186883,1.493924,1.781527
0.380952,0.112001,0.108532,1.589752,1.72329
0.333333,0.136,0.107951,1.67978,1.669988
0.238095,0.136,0.153802,1.764151,1.616048
0.238095,0.119998,0.138131,1.84925,1.553125
0.190476,0.295999,0.309925,1.908937,1.496574
0.190476,0.256001,0.262914,1.941088,1.459915
0.142857,0.288001,0.293674,1.978235,1.395504
0.142857,0.352001,0.356355,2.014812,1.33425
0.095238,0.360001,0.371445,2.018125,1.289352
0.047619,0.399999,0.402205,2.018125,1.280453
0.047619,0.439999,0.417876,2.016375,1.280453
0.071428,0.465999,0.453424,1.986339,1.280453
0.095238,0.491999,0.488973,1.934514,1.281227
0.119048,0.517999,0.524521,1.892187,1.294295
0.142857,0.543999,0.56007,1.808359,1.322359
0.142857,0.560001,0.56007,1.746367,1.340238
0.142857,0.528001,0.544399,1.635928,1.350647
0.190476,0.543999,0.529309,1.560089,1.351684
0.238095,0.528001,0.514219,1.47446,1.352
0.190476,0.471999,0.466628,1.394658,1.351966
0.238095,0.488001,0.482879,1.282612,1.350811
0.190476,0.399999,0.403947,1.177085,1.34794
0.238095,0.399999,0.404527,1.06525,1.342
0.285714,0.367999,0.373767,0.983,1.321125
0.333333,0.327998,0.343006,0.9485,1.301
0.380952,0.288001,0.296576,0.884737,1.2537
0.285714,0.28,0.279745,0.764164,1.20567
0.285714,0.272,0.264074,0.740327,1.178599
0.380952,0.247999,0.2574,0.740327,1.145266
0.47619,0.223998,0.250725,0.740327,1.052307
0.52381,0.215999,0.235636,0.750879,0.964676
0.571429,0.208,0.220546,0.798212,0.884081
0.642857,0.248001,0.260592,0.863237,0.816635
0.714286,0.288001,0.300638,0.927425,0.74315
0.714286,0.320001,0.331979,1.039709,0.692767
0.714286,0.344,0.347649,1.212302,0.648236
0.714286,0.352001,0.37899,1.301375,0.626747
0.714286,0.424001,0.426001,1.373167,0.62631
0.666667,0.439999,0.456761,1.4595,0.62631
0.666667,0.439999,0.441091,1.534368,0.62631
0.571429,0.511999,0.518282,1.597376,0.636144
0.571429,0.536002,0.533952,1.640921,0.658578
0.571429,0.592001,0.580963,1.674364,0.691782
0.619048,0.616,0.628555,1.703512,0.750644
0.619048,0.647999,0.659896,1.705,0.815319
0.619048,0.72,0.706907,1.705,0.914117
0.595238,0.712001,0.698781,1.705,0.990918
0.571429,0.704001,0.690656,1.6975,1.066375
0.571429,0.712002,0.706326,1.67424,1.266635
0.571429,0.72,0.721997,1.673,1.388742
0.571429,0.792,0.800348,1.673,1.473754
0.619048,0.792,0.785258,1.673245,1.56025
0.619048,0.816002,0.800929,1.674809,1.581375
0.571429,0.808001,0.816019,1.686817,1.675282
0.571429,0.776002,0.769008,1.707134,1.746735
0.619048,0.772001,0.769588,1.741251,1.80718
0.666667,0.768001,0.770168,1.785241,1.857392
0.666667,0.768001,0.707487,1.825639,1.877334
0.666667,0.72,0.723157,1.882391,1.8775
0.666667,0.712002,0.707487,1.954192,1.8775
0.714286,0.688,0.661056,2.023762,1.8775
0.714286,0.656,0.661056,2.088125,1.853625
0.809524,0.640002,0.646547,2.142271,1.805716
0.857143,0.584,0.584446,2.194391,1.741928
0.761905,0.608002,0.614626,2.240483,1.673016
0.857143,0.584,0.584446,2.2945,1.584375
0.857143,0.543999,0.568775,2.322736,1.517237
0.857143,0.568002,0.568775,2.344629,1.431125
0.857143,0.543999,0.553105,2.351461,1.341786
0.857143,0.536002,0.553105,2.351461,1.22347
0.809524,0.543999,0.536854,2.351461,1.117445
0.809524,0.543999,0.552525,2.351211,1.023257
0.809524,0.528001,0.521184,2.342501,0.933845
0.761905,0.511999,0.520604,2.329909,0.861877
0.714286,0.511999,0.520023,2.313823,0.80634
0.714286,0.511999,0.520023,2.300875,0.796335
0.714286,0.528001,0.535694,2.290847,0.796335
0.714286,0.575999,0.567034,2.284597,0.796335
0.666667,0.543999,0.550784,2.278831,0.806208
0.714286,0.560001,0.567034,2.264362,0.853647
0.666667,0.624,0.629135,2.244376,0.922123
0.595238,0.6,0.604759,2.21129,1.019138
0.52381,0.575999,0.580383,2.180118,1.110833
0.52381,0.575999,0.580383,2.130788,1.231776
0.47619,0.624,0.626814,2.08425,1.341563
0.428571,0.624,0.626233,2.024559,1.453207
0.47619,0.640002,0.642484,1.988129,1.512252
0.380952,0.664001,0.672664,1.949107,1.566229
0.380952,0.680002,0.672664,1.880123,1.655545
0.380952,0.624,0.641323,1.799281,1.751688
0.333333,0.600001,0.609402,1.737114,1.810053
0.380952,0.608002,0.609983,1.687625,1.820259
0.380952,0.575999,0.578642,1.641512,1.830075
0.285714,0.528001,0.53047,1.546087,1.8425
0.428571,0.508001,0.508706,1.464572,1.8425
0.571429,0.488001,0.486941,1.401617,1.8425
0.571429,0.48,0.486941,1.356315,1.837669
0.571429,0.464002,0.471271,1.299139,1.79043
0.571429,0.456001,0.471271,1.252807,1.727631
0.571429,0.456001,0.455601,1.203667,1.65375
0.666667,0.367999,0.39408,1.167754,1.631196
0.666667,0.384,0.39408,1.150057,1.582065
0.666667,0.352001,0.362739,1.120211,1.484151
0.761905,0.335999,0.34823,1.102,1.417
0.809524,0.295999,0.286129,1.074319,1.329125
0.714286,0.256001,0.269298,1.053617,1.270518
0.809524,0.208,0.239118,1.005614,1.166722
0.761905,0.191999,0.191526,0.953819,1.084029
0.761905,0.159999,0.175856,0.899775,1.007058
0.68254,0.138665,0.159218,0.85597,0.945228
0.603175,0.117333,0.142581,0.82928,0.90416
0.52381,0.095999,0.125943,0.795375,0.886962
0.571429,0.023999,0.048172,0.778125,0.886962
0.52381,0.055999,0.031921,0.769289,0.886962
0.428571,0.043999,0.046431,0.760919,0.895963
0.333333,0.032,0.06094,0.755653,0.946133
0.285714,0.055999,0.07603,0.744659,0.986804
0.333333,0.168,0.170633,0.735442,1.036783
0.357143,0.176,0.178758,0.715478,1.124275
0.380952,0.184001,0.186883,0.685375,1.1825
0.285714,0.216001,0.224898,0.667799,1.267456
0.190476,0.248001,0.262914,0.648125,1.389375
0.142857,0.263999,0.278003,0.629735,1.507897
0.095238,0.272,0.277423,0.616389,1.558612
0.142857,0.376,0.372026,0.611854,1.560221
0.095238,0.399999,0.402786,0.610689,1.593042
0.190476,0.424001,0.435287,0.610689,1.640095
0.190476,0.416,0.419617,0.613445,1.645628
0.142857,0.48,0.481718,0.631523,1.648594
0.142857,0.464002,0.450377,0.673361,1.665558
0.047619,0.464002,0.464887,0.707277,1.67957
0.095238,0.432,0.434127,0.730607,1.683625
0.142857,0.399999,0.403366,0.763962,1.678248
0.238095,0.432002,0.435868,0.804164,1.663296
0.238095,0.392001,0.388857,0.861603,1.653543
0.238095,0.432002,0.435868,0.915663,1.647125
0.357143,0.428001,0.452989,0.967199,1.59458
0.47619,0.424001,0.47011,0.992,1.552
0.428571,0.404001,0.422519,0.996657,1.544107
0.380952,0.384,0.374927,1.053398,1.447947
0.428571,0.439999,0.438189,1.108094,1.360263
0.428571,0.416,0.438189,1.168229,1.272637
0.47619,0.471999,0.485781,1.2055,1.2185
0.428571,0.496001,0.500871,1.268765,1.12534
0.428571,0.511999,0.532211,1.31606,1.05811
0.52381,0.560001,0.564713,1.385334,0.971088
0.619048,0.608002,0.597214,1.463947,0.868228
0.571429,0.592001,0.596634,1.526279,0.813733
0.666667,0.560001,0.566454,1.57334,0.810233
0.714286,0.600001,0.645386,1.59578,0.810233
0.809524,0.664001,0.662217,1.59578,0.810233
0.761905,0.664001,0.661637,1.59578,0.832865
0.857143,1.0,0.991875,1.594085,0.907625
0.833333,0.836001,0.834881,1.56609,0.996554
0.809524,0.672002,0.677887,1.542133,1.126226
0.809524,0.608002,0.630876,1.506424,1.235897
0.761905,0.616,0.614626,1.465381,1.340699
0.809524,0.624,0.615206,1.427923,1.449796
0.761905,0.640002,0.630296,1.396578,1.560026
0.809524,0.616,0.615206,1.373736,1.586392
0.809524,0.640002,0.630876,1.354502,1.593553
0.761905,0.656,0.645966,1.352288,1.640305
0.761905,0.647999,0.661637,1.352288,1.694449
0.714286,0.680002,0.692397,1.352288,1.767097
0.666667,0.72,0.723157,1.356679,1.796098
0.714286,0.736001,0.723738,1.378265,1.82287
0.619048,0.776002,0.769588,1.436185,1.886747
0.619048,0.76,0.769588,1.482195,1.921667
0.666667,0.751999,0.754498,1.5199,1.957349
0.571429,0.736001,0.737667,1.596377,2.085126
0.571429,0.72,0.721997,1.706237,2.155231
0.571429,0.712002,0.721997,1.796544,2.156513
0.571429,0.688,0.706326,1.877702,2.156513
0.571429,0.696001,0.706326,1.968375,2.149679
0.571429,0.704001,0.690656,2.023434,2.131664
0.47619,0.672002,0.673825,2.079575,2.076018
0.47619,0.672002,0.689495,2.12249,2.016307
0.47619,0.624,0.626814,2.153424,1.963014
0.47619,0.624,0.611143,2.173006,1.92386
0.52381,0.592001,0.596053,2.207448,1.848088
0.5,0.592001,0.595763,2.23702,1.759976
0.47619,0.592001,0.595473,2.261563,1.665432
0.52381,0.52,0.502031,2.272302,1.577441
0.571429,0.432002,0.455601,2.281814,1.460483
0.666667,0.496001,0.503772,2.288433,1.371583
0.619048,0.416,0.42484,2.300347,1.287978
0.666667,0.384,0.39408,2.315,1.209207
0.666667,0.376,0.37841,2.316048,1.1295
0.666667,0.344,0.347069,2.317381,1.014033
0.714286,0.344,0.347649,2.317364,0.881708
0.666667,0.24,0.268717,2.316548,0.851125
0.666667,0.263999,0.268717,2.315,0.8495
0.571429,0.24,0.251886,2.313983,0.8495
0.619048,0.168,0.174115,2.3049,0.8495
0.571429,0.168,0.173535,2.266347,0.859621
0.47619,0.112001,0.125363,2.232448,0.895598
0.428571,0.136,0.156123,2.194475,0.953953
0.428571,0.168,0.187464,2.134977,1.102165
0.380952,0.151998,0.155543,2.059141,1.158189
0.380952,0.119998,0.139872,1.975912,1.198859
0.333333,0.216001,0.248984,1.879742,1.240414
0.333333,0.24,0.264655,1.801129,1.268535
0.285714,0.248001,0.248404,1.718446,1.293071
0.238095,0.248001,0.263494,1.65675,1.308375
0.238095,0.263999,0.263494,1.576344,1.326
0.333333,0.272,0.295995,1.483073,1.347525
0.238095,0.327998,0.341846,1.381292,1.367019
0.333333,0.288001,0.295995,1.290242,1.373999
0.333333,0.312,0.280325,1.201941,1.384875
0.428571,0.376,0.391178,1.129181,1.406668
0.47619,0.320001,0.329077,1.038235,1.423259
0.571429,0.352001,0.377249,0.936289,1.436933
0.52381,0.376,0.376669,0.864267,1.4552
0.619048,0.384,0.3935,0.823725,1.470888
0.619048,0.384,0.40917,0.76581,1.50055
0.619048,0.448,0.471851,0.70848,1.538754
0.714286,0.48,0.504353,0.668735,1.572159
0.666667,0.52,0.535113,0.624111,1.604118
0.714286,0.544001,0.559199,0.58892,1.617284
0.761905,0.568002,0.583285,0.587372,1.615559
0.761905,0.616,0.614626,0.585825,1.613833
0.809524,0.696001,0.693558,0.584278,1.612108
0.761905,0.664001,0.692977,0.587673,1.598038
0.714286,0.736001,0.739408,0.609218,1.542078
0.714286,0.696001,0.708067,0.635119,1.511629
0.714286,0.768001,0.770749,0.658869,1.458504
0.714286,0.784002,0.770749,0.673879,1.401695
0.714286,0.736001,0.739408,0.70975,1.286875
0.642857,0.760002,0.762043,0.769824,1.187881
0.571429,0.784002,0.784678,0.828383,1.144592
0.571429,0.768001,0.769008,0.884774,1.095201
0.52381,0.744002,0.752757,0.934141,1.029234
0.47619,0.751999,0.752176,0.988466,0.922259
0.47619,0.736001,0.705165,1.057877,0.830847
0.571429,0.72,0.690656,1.09554,0.783496
0.571429,0.712002,0.706326,1.162582,0.761787
0.511905,0.694002,0.68993,1.237093,0.761787
0.452381,0.676002,0.673535,1.267953,0.761787
0.392857,0.658002,0.657139,1.285915,0.763888
0.333333,0.640002,0.640743,1.29975,0.771125
0.333333,0.632001,0.625073,1.307373,0.784994
0.285714,0.608002,0.624492,1.339506,0.848404
0.238095,0.616,0.608241,1.366661,0.974556
0.238095,0.624,0.623912,1.371571,1.055014
0.142857,0.600001,0.607081,1.371786,1.141088
0.238095,0.608002,0.608241,1.372772,1.156744
0.238095,0.592001,0.592571,1.375757,1.158873
0.142857,0.608002,0.607081,1.377318,1.225377
0.214286,0.596001,0.600116,1.378952,1.321
0.285714,0.584,0.593151,1.388125,1.373
0.333333,0.592001,0.578062,1.415252,1.454589
0.333333,0.536002,0.546721,1.456879,1.540617
0.380952,0.503999,0.515961,1.498583,1.623929
0.380952,0.448,0.46895,1.549717,1.671773
0.333333,0.464002,0.468369,1.57746,1.707044
0.380952,0.456001,0.437609,1.646984,1.832181
0.428571,0.392001,0.391178,1.7165,1.939625
0.47619,0.352001,0.360418,1.7755,1.948
0.571429,0.312,0.330238,1.822872,1.948
0.571429,0.272,0.283227,1.879358,1.948
0.666667,0.263999,0.284388,1.949612,1.915908
0.571429,0.216001,0.267557,1.998958,1.861958
0.619048,0.24,0.268137,2.038732,1.798169
0.666667,0.216001,0.221706,2.054,1.743453
0.714286,0.263999,0.269298,2.054,1.700342
0.714286,0.312,0.347649,2.054,1.674653
0.761905,0.295999,0.316889,2.052375,1.660437
0.809524,0.327998,0.34881,2.02675,1.6595
0.761905,0.344,0.34823,1.998672,1.6595
0.761905,0.367999,0.3639,1.928025,1.6595
0.714286,0.392001,0.410331,1.847726,1.670718
0.761905,0.439999,0.442252,1.75106,1.693892
0.714286,0.471999,0.488683,1.648576,1.711807
0.714286,0.503999,0.520023,1.532942,1.728067
0.809524,0.568002,0.583865,1.420442,1.735719
0.761905,0.656,0.661637,1.320686,1.736284
0.761905,0.647999,0.645966,1.210613,1.736284
0.761905,0.688,0.692977,1.099586,1.736284
0.761905,0.656,0.724318,1.012319,1.732642
0.714286,0.696001,0.723738,0.914787,1.714386
0.666667,0.72,0.723157,0.834281,1.684732
0.666667,0.736001,0.754498,0.761684,1.639216
0.619048,0.808001,0.800929,0.719417,1.599911
0.619048,0.792,0.816599,0.685674,1.552154
0.619048,0.800001,0.800929,0.673576,1.515668
0.571429,0.784002,0.784678,0.673237,1.450326
0.52381,0.784002,0.768427,0.673237,1.398422
0.47619,0.768001,0.767847,0.673237,1.294978
0.428571,0.76,0.751596,0.67672,1.176328
0.47619,0.792,0.752176,0.723875,1.057375
0.52381,0.72,0.721416,0.770063,0.983135
0.428571,0.736001,0.735926,0.844042,0.892541
0.333333,0.712001,0.711259,0.945588,0.797964
0.238095,0.688,0.686593,1.027454,0.7195
0.285714,0.688,0.702844,1.116266,0.65619
0.333333,0.648001,0.656413,1.224506,0.619781
0.380952,0.608002,0.609983,1.332938,0.590125
0.333333,0.592001,0.609402,1.416554,0.57302
0.238095,0.624,0.608241,1.484317,0.561388
0.285714,0.600001,0.593151,1.576472,0.546773
0.190476,0.584,0.591991,1.6778,0.534583
0.095238,0.600001,0.57516,1.779778,0.528731
0.190476,0.572,0.56065,1.863279,0.527908
0.285714,0.543999,0.54614,1.955163,0.524757
0.333333,0.575999,0.562391,2.026697,0.507086
0.285714,0.52,0.53047,2.083305,0.462125
0.333333,0.488001,0.484039,2.117766,0.4605
0.380952,0.48,0.48462,2.119967,0.4605
0.333333,0.536002,0.468369,2.119967,0.4605
0.428571,0.516002,0.4852,2.119967,0.478454
0.52381,0.496001,0.502031,2.104349,0.523804
0.619048,0.575999,0.565873,2.067855,0.583256
0.571429,0.568002,0.565293,2.017187,0.666063
0.571429,0.52,0.533952,1.986392,0.726325
0.571429,0.592001,0.612304,1.938349,0.879796
0.666667,0.575999,0.582124,1.878804,1.055341
0.761905,0.624,0.630296,1.826739,1.184766
0.714286,0.592001,0.598375,1.791286,1.290286
0.666667,0.616,0.613465,1.760692,1.421654
0.666667,0.624,0.644806,1.738905,1.535161
0.714286,0.608002,0.629716,1.712174,1.652744
0.714286,0.608002,0.614045,1.684513,1.749449
0.666667,0.624,0.613465,1.649031,1.839766
0.666667,0.568002,0.582124,1.601286,1.920789
0.666667,0.560001,0.566454,1.556136,1.995266
0.666667,0.536002,0.550784,1.525274,2.020188
0.619048,0.48,0.487522,1.462286,2.034371
0.619048,0.48,0.471851,1.389478,2.037103
0.571429,0.432002,0.43993,1.302925,2.037103
0.47619,0.416,0.423099,1.218521,2.034146
0.52381,0.432002,0.42368,1.140876,2.024132
0.52381,0.352001,0.376669,1.071913,1.978384
0.452381,0.320001,0.336622,0.989848,1.922625
0.380952,0.288001,0.296576,0.95225,1.888375
0.285714,0.248001,0.279745,0.92567,1.857062
0.380952,0.208,0.233894,0.865333,1.82275
0.428571,0.176,0.203134,0.818601,1.785927
0.380952,0.168,0.171213,0.788557,1.717354
0.285714,0.104,0.123041,0.751711,1.613189
0.357143,0.108,0.123912,0.72071,1.507895
0.428571,0.112001,0.124782,0.706703,1.416133
0.47619,0.127999,0.156703,0.706621,1.337367
0.47619,0.127999,0.156703,0.706621,1.24039
0.547619,0.136,0.149739,0.706884,1.176341
0.619048,0.144001,0.142774,0.723946,1.051426
0.690476,0.192,0.198491,0.777211,0.946422
0.761905,0.24,0.254208,0.840456,0.858562
0.809524,0.231999,0.254788,0.911078,0.784765
0.809524,0.256001,0.270459,0.967212,0.724975
0.809524,0.256001,0.270459,1.033145,0.647381
0.714286,0.231999,0.237957,1.089338,0.580745
0.666667,0.24,0.237377,1.183888,0.51245
0.666667,0.295999,0.300058,1.29193,0.489076
0.571429,0.344,0.314568,1.389177,0.480517
0.666667,0.384,0.39408,1.4785,0.475125
0.666667,0.376,0.37841,1.53866,0.474
0.571429,0.416,0.392919,1.583248,0.474
0.47619,0.456001,0.407429,1.658889,0.474
0.47619,0.384,0.407429,1.748905,0.49755
0.52381,0.448,0.470691,1.831678,0.541268
0.5,0.492001,0.478236,1.875125,0.545113
0.47619,0.536002,0.485781,1.908589,0.550982
0.428571,0.584,0.594893,1.945027,0.561705
0.428571,0.600001,0.594893,1.98225,0.578919
0.380952,0.640002,0.641323,2.0,0.617441
0.428571,0.672002,0.673244,2.0,0.652198
0.47619,0.728,0.752176,2.0,0.703211
0.428571,0.792,0.782937,1.998521,0.746333
0.47619,0.808001,0.814858,1.959521,0.75
0.492063,0.802668,0.809828,1.887077,0.758577
0.507937,0.797334,0.804798,1.850683,0.802086
0.52381,0.792,0.799768,1.718348,0.871278
0.571429,0.784002,0.784678,1.661296,0.912065
0.571429,0.800001,0.800348,1.60897,1.036096
0.619048,0.816002,0.816599,1.561835,1.095714
0.571429,0.816002,0.816019,1.487472,1.165291
0.619048,0.816002,0.816599,1.3864,1.230925
0.666667,0.776002,0.770168,1.265279,1.288981
0.714286,0.736001,0.723738,1.151281,1.312352
0.714286,0.736001,0.755078,1.05496,1.324012
0.714286,0.696001,0.708067,0.992411,1.32837
0.714286,0.704001,0.708067,0.981828,1.32837
0.809524,0.696001,0.709228,0.981828,1.325512
0.761905,0.640002,0.661637,0.981828,1.321202
0.809524,0.616,0.630876,0.988121,1.319214
0.857143,0.608002,0.600116,1.018,1.318552
0.857143,0.600001,0.615786,1.060563,1.318552
0.857143,0.560001,0.568775,1.133468,1.318552
0.857143,0.528001,0.553105,1.220919,1.364797
0.857143,0.511999,0.537435,1.308344,1.386637
0.904762,0.503999,0.506674,1.429653,1.414986
0.904762,0.471999,0.475334,1.525291,1.438439
0.904762,0.439999,0.459663,1.624525,1.462338
0.904762,0.416,0.428323,1.699083,1.482898
0.857143,0.367999,0.459083,1.750855,1.494965
0.857143,0.407999,0.412072,1.810418,1.514532
0.857143,0.384,0.396402,1.855767,1.529672
0.904762,0.392001,0.396982,1.901213,1.596638
0.809524,0.360001,0.380151,1.915086,1.66175
0.857143,0.392001,0.396402,1.916781,1.746845
0.809524,0.503999,0.505514,1.916781,1.827625
0.761905,0.511999,0.536274,1.916086,1.866845
0.809524,0.496001,0.521184,1.901094,1.935876
0.809524,0.528001,0.536854,1.86072,2.047042
0.761905,0.584,0.598955,1.803928,2.159063
0.714286,0.608002,0.629716,1.745812,2.168
0.714286,0.688,0.676727,1.670507,2.168
0.714286,0.672002,0.692397,1.60023,2.168
0.714286,0.76,0.755078,1.551761,2.167775
0.714286,0.768001,0.770749,1.522,2.164275
0.619048,0.728,0.738247,1.491716,2.156125
0.619048,0.688,0.706907,1.453856,2.130404
0.619048,0.736001,0.738247,1.437977,2.065625
0.666667,0.736001,0.738828,1.430678,2.01975
0.595238,0.744,0.730122,1.436985,1.948315
0.52381,0.751999,0.721416,1.443292,1.927804
0.47619,0.736001,0.720836,1.454506,1.900509
0.428571,0.688,0.704585,1.513367,1.848082
0.52381,0.656,0.658735,1.559612,1.816823
0.571429,0.616,0.627974,1.631084,1.747913
0.47619,0.604,0.618979,1.669204,1.606286
0.380952,0.592001,0.609983,1.708959,1.481449
0.333333,0.560001,0.562391,1.711612,1.36133
0.428571,0.568002,0.563552,1.711612,1.239667
0.357143,0.516002,0.523506,1.711612,1.130927
0.285714,0.464002,0.483459,1.675142,1.010102
0.190476,0.456001,0.450958,1.598206,0.887995
0.238095,0.448,0.451538,1.510533,0.778792
0.142857,0.432002,0.434707,1.442916,0.717474
0.238095,0.384,0.388857,1.373389,0.670415
0.238095,0.384,0.373186,1.353,0.655
0.142857,0.335999,0.340685,1.353,0.655
0.166667,0.324,0.33314,1.345804,0.655
0.190476,0.312,0.325595,1.2625,0.655
0.238095,0.335999,0.326175,1.171474,0.657843
0.309524,0.312,0.311376,1.081429,0.682165
0.380952,0.288001,0.296576,1.0133,0.732796
0.333333,0.223998,0.233314,0.970408,0.763024
0.380952,0.208,0.218224,0.885095,0.842524
0.428571,0.159999,0.187464,0.8375,0.901625
0.428571,0.176,0.203134,0.786548,0.972286
0.52381,0.188,0.21213,0.751548,1.027411
0.619048,0.199999,0.221126,0.748,1.033
0.619048,0.168,0.189785,0.692278,1.141325
0.666667,0.199999,0.237377,0.628129,1.267958
0.714286,0.223998,0.222287,0.59475,1.413125
0.761905,0.24,0.246373,0.585949,1.468678
0.809524,0.256001,0.270459,0.579767,1.542095
0.761905,0.320001,0.332559,0.577,1.559
0.761905,0.320001,0.332559,0.577,1.585479
0.809524,0.344,0.34881,0.577,1.742342
0.809524,0.327998,0.34881,0.578751,1.786636
0.714286,0.355999,0.36332,0.616733,1.786663
0.619048,0.384,0.377829,0.648486,1.759991
0.666667,0.384,0.37841,0.693727,1.711095
0.714286,0.48,0.488683,0.741353,1.679896
0.642857,0.472001,0.479977,0.764772,1.694192
0.571429,0.464002,0.471271,0.79929,1.703963
0.571429,0.552,0.549623,0.839551,1.703963
0.619048,0.552,0.581544,0.868594,1.704624
0.47619,0.572,0.587638,0.874,1.706534
0.333333,0.592001,0.593732,0.874,1.706534
0.404762,0.628001,0.633778,0.874,1.712105
0.47619,0.664001,0.673825,0.874,1.719652
0.571429,0.680002,0.690656,0.874,1.71252
0.52381,0.728,0.705746,0.872745,1.706006
0.571429,0.736001,0.737667,0.853791,1.706
0.571429,0.800001,0.784678,0.81806,1.704566
0.52381,0.800001,0.784098,0.756948,1.686632
0.571429,0.751999,0.769008,0.744226,1.64144
0.619048,0.744002,0.769588,0.744226,1.56175
0.619048,0.728,0.738247,0.744226,1.447227
0.666667,0.728,0.723157,0.749371,1.284754
0.666667,0.688,0.691817,0.783146,1.150696
0.666667,0.664001,0.691817,0.816386,1.036223
0.714286,0.672002,0.676727,0.844305,0.916769
0.714286,0.656,0.676727,0.900856,0.818977
0.761905,0.656,0.677307,0.981177,0.73875
0.714286,0.664001,0.661056,1.006811,0.721506
0.714286,0.647999,0.661056,1.188315,0.674602
0.761905,0.640002,0.645966,1.225,0.665
0.714286,0.656,0.645386,1.312358,0.665
0.666667,0.592001,0.597795,1.377,0.665
0.666667,0.584,0.597795,1.477683,0.665
0.666667,0.584,0.597795,1.593824,0.67025
0.619048,0.568002,0.565873,1.686188,0.696359
0.52381,0.568002,0.564713,1.758394,0.750525
0.492063,0.592002,0.590443,1.827375,0.870557
0.460317,0.616002,0.616173,1.884829,0.945167
0.428571,0.640002,0.641904,1.936157,0.987668
0.428571,0.608002,0.626233,2.013381,1.045607
0.333333,0.592001,0.609402,2.068146,1.083943
0.380952,0.568002,0.578642,2.086,1.22607
0.333333,0.616,0.578062,2.085875,1.340013
0.238095,0.624,0.608241,2.072965,1.413992
0.285714,0.608002,0.593151,2.06349,1.450588
0.269841,0.573334,0.566841,2.05255,1.51959
0.253968,0.538667,0.54053,2.027101,1.591851
0.238095,0.503999,0.514219,1.997905,1.658816
0.238095,0.48,0.482879,1.975571,1.707916
0.222222,0.437334,0.435674,1.943056,1.769452
0.206349,0.394667,0.38847,1.89994,1.845391
0.190476,0.352001,0.341265,1.86697,1.902737
0.190476,0.335999,0.341265,1.836965,1.926027
0.238095,0.327998,0.341846,1.793008,1.926027
0.190476,0.231999,0.247243,1.742627,1.926027
0.190476,0.231999,0.247243,1.663982,1.92507
0.142857,0.216001,0.215322,1.573446,1.859994
0.214286,0.14,0.145676,1.497695,1.767905
0.285714,0.064,0.07603,1.435917,1.681887
0.357143,0.068,0.084736,1.378219,1.661516
0.428571,0.072,0.093442,1.335481,1.657
0.428571,0.095999,0.124782,1.305017,1.656
0.52381,0.112001,0.125943,1.299568,1.656
0.571429,0.176,0.204875,1.299568,1.656
0.666667,0.208,0.221706,1.299568,1.662875
0.714286,0.208,0.237957,1.30219,1.665
0.761905,0.28,0.269878,1.313144,1.665
0.761905,0.288001,0.301219,1.318344,1.665
0.761905,0.327998,0.332559,1.326128,1.621508
0.761905,0.327998,0.332559,1.326533,1.508536
0.714286,0.392001,0.39466,1.326533,1.403162
0.761905,0.360001,0.379571,1.326533,1.355
0.714286,0.399999,0.410331,1.321383,1.313
0.761905,0.511999,0.536274,1.301431,1.220457
0.714286,0.552,0.551364,1.269762,1.078616
0.714286,0.584,0.614045,1.230316,0.895803
0.666667,0.640002,0.644806,1.1935,0.778
0.619048,0.656,0.659896,1.159,0.73825
0.619048,0.696001,0.706907,1.110994,0.734
0.666667,0.72,0.738828,1.067375,0.734
0.619048,0.744002,0.753918,1.042684,0.734
0.571429,0.768001,0.769008,0.990363,0.751288
0.619048,0.800001,0.800929,0.959463,0.839605
0.619048,0.784002,0.769588,0.914851,0.969998
0.666667,0.776002,0.770168,0.883,1.067
0.619048,0.76,0.753918,0.861811,1.141006
0.571429,0.76,0.737667,0.821677,1.267457
0.52381,0.688,0.705746,0.812286,1.335905
0.428571,0.751999,0.751596,0.811774,1.391019
0.428571,0.704001,0.704585,0.811774,1.419109
0.428571,0.672002,0.688915,0.811831,1.436
0.428571,0.640002,0.657574,0.8223,1.436
0.428571,0.640002,0.641904,0.853551,1.436
0.380952,0.640002,0.641323,0.913594,1.432206
0.333333,0.608002,0.609402,0.972375,1.4
0.238095,0.575999,0.576901,1.017445,1.364844
0.285714,0.568002,0.561811,1.110174,1.290812
0.285714,0.543999,0.561811,1.189343,1.226966
0.333333,0.52,0.51538,1.264939,1.131614
0.238095,0.48,0.482879,1.316435,1.013038
0.285714,0.456001,0.459954,1.41057,0.929317
0.333333,0.432002,0.437028,1.502762,0.864939
0.428571,0.376,0.391178,1.598222,0.802195
0.47619,0.360001,0.376088,1.698971,0.746167
0.52381,0.320001,0.313987,1.801362,0.732692
0.52381,0.301334,0.30354,1.889547,0.732692
0.52381,0.282666,0.293093,1.967129,0.732692
0.52381,0.263999,0.282647,2.032428,0.735394
0.619048,0.295999,0.299478,2.08725,0.765
0.666667,0.320001,0.347069,2.133286,0.803125
0.761905,0.312,0.316889,2.172016,0.81187
0.714286,0.288001,0.316309,2.196766,0.857377
0.761905,0.295999,0.301219,2.234467,0.951039
0.761905,0.272,0.285548,2.271166,1.072875
0.666667,0.352001,0.347069,2.28,1.171665
0.619048,0.352001,0.377829,2.28,1.281106
0.666667,0.320001,0.331399,2.28,1.389625
0.571429,0.352001,0.345908,2.27982,1.498745
0.571429,0.335999,0.345908,2.26934,1.61223
0.52381,0.416,0.42368,2.243553,1.756045
0.52381,0.432002,0.43935,2.201626,1.833886
0.52381,0.416,0.43935,2.154259,1.883413
0.428571,0.543999,0.547882,2.075357,1.925867
0.428571,0.52,0.532211,2.006481,2.006463
0.333333,0.568002,0.562391,1.946292,2.057983
0.380952,0.592001,0.594312,1.926704,2.077177
0.47619,0.656,0.658154,1.858322,2.080144
0.47619,0.656,0.658154,1.756195,2.080144
0.47619,0.640002,0.642484,1.662129,2.080144
0.47619,0.656,0.658154,1.568284,2.074905
0.52381,0.72,0.721416,1.461099,2.014849
0.52381,0.704001,0.705746,1.36675,1.99
0.539683,0.741335,0.758174,1.290121,1.955641
0.555556,0.778669,0.810602,1.207307,1.893471
0.571429,0.816002,0.86303,1.13841,1.809636
0.571429,0.751999,0.753337,1.088375,1.72875
0.571429,0.76,0.753337,1.030909,1.619923
0.666667,0.751999,0.738828,0.991125,1.590111
0.619048,0.736001,0.738247,0.96125,1.56625
0.619048,0.744002,0.738247,0.936645,1.499935
0.666667,0.696001,0.723157,0.913383,1.425806
0.666667,0.664001,0.676146,0.895758,1.331137
0.666667,0.656,0.660476,0.8935,1.219028
0.666667,0.672002,0.676146,0.8935,1.116968
0.714286,0.592001,0.598375,0.8935,1.041616
0.714286,0.560001,0.567034,0.900403,0.987516
0.714286,0.552,0.567034,0.909592,0.965617
0.666667,0.552,0.550784,0.942465,0.903342
0.666667,0.560001,0.566454,0.985717,0.834862
0.619048,0.568002,0.581544,1.036702,0.755254
0.571429,0.568002,0.565293,1.094017,0.686406
0.571429,0.592001,0.596634,1.186,0.647125
0.52381,0.543999,0.549042,1.293442,0.629948
0.52381,0.528001,0.549042,1.398397,0.626453
0.47619,0.543999,0.532792,1.499413,0.626453
0.47619,0.543999,0.548462,1.576888,0.626453
0.428571,0.568002,0.594893,1.670368,0.640727
0.47619,0.600001,0.611143,1.731032,0.73175
0.380952,0.608002,0.609983,1.762096,0.779851
0.380952,0.560001,0.562972,1.820639,0.840484
0.285714,0.536002,0.54614,1.852129,0.890108
0.238095,0.575999,0.56123,1.887392,0.98022
0.190476,0.552,0.56065,1.956115,1.132188
0.142857,0.568002,0.56007,1.959,1.242824
0.142857,0.543999,0.528729,1.959,1.37791
0.238095,0.48,0.498549,1.959,1.466903
0.238095,0.432002,0.435868,1.935502,1.578484
0.190476,0.416,0.419617,1.882309,1.689419
0.190476,0.399999,0.403947,1.827885,1.779073
0.142857,0.312,0.309344,1.757541,1.855255
0.047619,0.303999,0.308183,1.656495,1.895282
0.190476,0.283999,0.294254,1.5655,1.94312
0.333333,0.263999,0.280325,1.478657,1.967354
0.428571,0.28,0.281486,1.420609,1.97
0.428571,0.277333,0.286709,1.404172,1.97
0.428571,0.274667,0.291933,1.378653,1.97
0.428571,0.272,0.297156,1.359659,1.97
0.52381,0.303999,0.313987,1.353863,1.955118
0.571429,0.295999,0.314568,1.351402,1.904117
0.666667,0.367999,0.37841,1.351402,1.893
0.619048,0.352001,0.3935,1.351402,1.893
0.666667,0.456001,0.456761,1.355769,1.872474
0.666667,0.464002,0.441091,1.378834,1.780163
0.619048,0.52,0.534533,1.397347,1.674694
0.714286,0.543999,0.551364,1.424635,1.525533
0.666667,0.536002,0.550784,1.433,1.387359
0.714286,0.543999,0.567034,1.433,1.247624
0.761905,0.575999,0.583285,1.433,1.188
0.761905,0.632001,0.645966,1.430624,1.116654
0.761905,0.664001,0.677307,1.416592,1.01685
0.809524,0.647999,0.630876,1.39368,0.929369
0.809524,0.616,0.630876,1.363561,0.866601
0.761905,0.552,0.567615,1.312433,0.842477
0.809524,0.575999,0.568195,1.279064,0.842477
0.761905,0.560001,0.567615,1.237723,0.842477
0.809524,0.536002,0.536854,1.186524,0.844629
0.809524,0.528001,0.536854,1.14198,0.861028
0.857143,0.48,0.474753,1.090233,0.885454
0.857143,0.432002,0.443413,1.039425,0.950622
0.809524,0.416,0.442832,0.993037,1.017518
0.857143,0.399999,0.396402,0.96375,1.051235
0.952381,0.392001,0.397562,0.919867,1.095335
0.857143,0.344,0.380731,0.876607,1.129158
0.857143,0.312,0.31805,0.870145,1.167286
0.857143,0.327998,0.380731,0.87,1.20964
0.809524,0.384,0.395821,0.871645,1.226
0.809524,0.392001,0.411492,0.884777,1.25106
0.809524,0.392001,0.395821,0.920316,1.268828
0.809524,0.464002,0.474173,0.969376,1.284877
0.714286,0.439999,0.441672,1.007926,1.286
0.714286,0.432002,0.457342,1.041238,1.286
0.714286,0.488001,0.504353,1.071943,1.286
0.714286,0.511999,0.504353,1.091875,1.28325
0.666667,0.592001,0.629135,1.137875,1.25975
0.714286,0.640002,0.661056,1.19125,1.229375
0.619048,0.640002,0.644225,1.251565,1.166621
0.666667,0.647999,0.644806,1.311954,1.100707
0.619048,0.668,0.667731,1.377446,1.00459
0.571429,0.688,0.690656,1.409529,0.968489
0.52381,0.72,0.737086,1.503425,0.903178
0.52381,0.792,0.737086,1.5845,0.858375
0.52381,0.816002,0.815438,1.658422,0.825463
0.571429,0.816002,0.816019,1.759044,0.790721
0.52381,0.816002,0.831109,1.861717,0.785538
0.571429,0.808001,0.816019,1.9431,0.785538
0.52381,0.800001,0.799768,2.034853,0.785538
0.47619,0.784002,0.752176,2.102181,0.794822
0.571429,0.800001,0.784678,2.156742,0.846037
0.52381,0.72,0.721416,2.19925,0.918125
0.571429,0.688,0.706326,2.231372,1.00083
0.52381,0.704001,0.705746,2.24275,1.116549
0.642857,0.668001,0.675856,2.24275,1.223416
0.761905,0.632001,0.645966,2.24275,1.318324
0.714286,0.616,0.614045,2.240875,1.403416
0.714286,0.632001,0.629716,2.217375,1.4895
0.761905,0.632001,0.614626,2.198641,1.529481
0.761905,0.560001,0.551944,2.169229,1.569802
0.809524,0.528001,0.552525,2.111625,1.627875
0.809524,0.496001,0.505514,2.03296,1.66525
0.857143,0.511999,0.506094,1.948398,1.674228
0.809524,0.471999,0.505514,1.879306,1.676
0.809524,0.488001,0.489843,1.767619,1.676
0.857143,0.48,0.506094,1.614958,1.674458
0.904762,0.464002,0.475334,1.510952,1.670315
0.857143,0.503999,0.506094,1.42169,1.618312
0.857143,0.448,0.474753,1.292807,1.481467
0.761905,0.48,0.489263,1.192074,1.353954
0.761905,0.456001,0.473593,1.109121,1.301794
0.761905,0.432002,0.426582,1.014398,1.255617
0.666667,0.432002,0.441091,0.938729,1.252161
0.666667,0.392001,0.425421,0.858827,1.252161
0.666667,0.448,0.441091,0.766694,1.252161
0.666667,0.471999,0.550784,0.717244,1.280743
0.619048,0.488001,0.487522,0.681891,1.433738
0.571429,0.528001,0.533952,0.675227,1.59141
0.52381,0.608002,0.627394,0.675227,1.643968
0.428571,0.616,0.673244,0.675227,1.644193
0.47619,0.575999,0.611143,0.677239,1.644193
0.428571,0.592001,0.594893,0.697254,1.642987
0.47619,0.632001,0.626814,0.758931,1.609574
0.47619,0.656,0.658154,0.803238,1.580975
0.52381,0.704001,0.721416,0.857,1.57985
0.52381,0.751999,0.752757,0.900473,1.57985
0.571429,0.744002,0.753337,0.960577,1.57985
0.571429,0.768001,0.784678,1.004375,1.58325
0.619048,0.776002,0.785258,1.027373,1.608942
0.571429,0.808001,0.816019,1.050134,1.674846
0.619048,0.800001,0.800929,1.051963,1.733173
0.571429,0.816002,0.816019,1.051963,1.795146
0.619048,0.808001,0.800929,1.051963,1.825
0.619048,0.792,0.800929,1.050357,1.825
0.619048,0.744002,0.738247,1.032744,1.825
0.666667,0.776002,0.770168,1.012489,1.8205
0.619048,0.696001,0.722577,0.98925,1.755125
0.666667,0.688,0.676146,0.967871,1.69903
0.666667,0.664001,0.660476,0.9571,1.660578
0.666667,0.632001,0.660476,0.953763,1.622132
0.714286,0.616,0.614045,0.94471,1.517805
0.809524,0.592001,0.615206,0.870039,1.435401
0.809524,0.528001,0.536854,0.818613,1.379464
0.809524,0.528001,0.536854,0.818613,1.280987
0.761905,0.496001,0.520604,0.818613,1.142509
0.809524,0.471999,0.489843,0.81996,1.010229
0.761905,0.399999,0.426582,0.837922,0.886578
0.761905,0.367999,0.395241,0.893458,0.800696
0.761905,0.392001,0.395241,0.915951,0.736502
0.809524,0.303999,0.31747,0.975972,0.721
0.761905,0.28,0.285548,1.084975,0.721
0.857143,0.263999,0.239698,1.085977,0.723746
0.904762,0.216001,0.240279,1.085,0.726495
0.785714,0.204,0.230992,1.085,0.757901
0.666667,0.191999,0.221706,1.077147,0.828304
0.619048,0.199999,0.205456,1.057825,0.919998
0.571429,0.223998,0.236216,1.040125,1.032762
0.52381,0.168,0.172954,0.986342,1.117838
0.428571,0.168,0.187464,0.934911,1.189793
0.380952,0.144001,0.171213,0.903375,1.236375
0.380952,0.191999,0.202554,0.855221,1.320001
0.396825,0.197332,0.207971,0.826821,1.435631
0.412698,0.202666,0.213388,0.806655,1.461983
0.428571,0.208,0.218804,0.80256,1.491172
0.47619,0.24,0.250725,0.80256,1.50865
0.52381,0.272,0.282647,0.80256,1.532578
0.52381,0.288001,0.282647,0.80328,1.588415
0.571429,0.352001,0.361579,0.81105,1.623739
0.619048,0.352001,0.377829,0.8305,1.668
0.619048,0.384,0.40917,0.852909,1.676
0.642857,0.424001,0.464306,0.871236,1.682
0.666667,0.464002,0.519443,0.903269,1.690328
0.666667,0.488001,0.503772,0.93125,1.696166
0.714286,0.496001,0.504353,0.974,1.69672
0.619048,0.592001,0.597214,1.025185,1.687839
0.666667,0.608002,0.644806,1.048369,1.675
0.714286,0.640002,0.598375,1.081275,1.658
0.619048,0.672002,0.659896,1.115397,1.616239
0.714286,0.751999,0.739408,1.150809,1.570809
0.619048,0.72,0.738247,1.177134,1.492734
0.666667,0.736001,0.754498,1.223875,1.37075
0.571429,0.751999,0.753337,1.270788,1.245681
0.571429,0.768001,0.753337,1.30815,1.123597
0.571429,0.704001,0.721997,1.335392,1.019717
0.52381,0.736001,0.721416,1.34425,0.931668
0.52381,0.768001,0.752757,1.3445,0.843876
0.52381,0.751999,0.752757,1.3445,0.78533
0.428571,0.744002,0.735926,1.344375,0.759
0.52381,0.736001,0.737086,1.329121,0.759
0.52381,0.672002,0.690075,1.299941,0.759
0.428571,0.647999,0.641904,1.258044,0.760611
0.428571,0.632001,0.610563,1.207022,0.772361
0.333333,0.624,0.625073,1.14954,0.779038
0.285714,0.624,0.624492,1.084899,0.798097
0.285714,0.608002,0.608822,1.030322,0.838527
0.238095,0.616,0.592571,0.990064,0.892763
0.285714,0.568002,0.577481,0.944656,0.948914
0.238095,0.488001,0.498549,0.900425,0.98595
0.238095,0.488001,0.482879,0.858317,1.019476
0.238095,0.448,0.467208,0.843658,1.034651
0.285714,0.456001,0.467789,0.84,1.077272
0.285714,0.352001,0.358096,0.84,1.175265
0.304762,0.329601,0.33639,0.84,1.2655
0.32381,0.3072,0.314684,0.842625,1.350816
0.342857,0.2848,0.292977,0.8505,1.4365
0.361905,0.2624,0.271271,0.862424,1.481129
0.380952,0.24,0.249565,0.889428,1.553777
0.428571,0.191999,0.218804,0.924031,1.635987
0.47619,0.191999,0.203714,0.975929,1.721857
0.428571,0.159999,0.171793,1.020989,1.7781
0.380952,0.119998,0.171213,1.072921,1.830568
0.47619,0.144001,0.156703,1.108625,1.86
0.47619,0.159999,0.156703,1.148963,1.884981
0.47619,0.159999,0.156703,1.215276,1.91386
0.52381,0.159999,0.172954,1.294402,1.928893
0.47619,0.208,0.219385,1.385256,1.932713
0.52381,0.192,0.204295,1.46727,1.934328
0.571429,0.176,0.189205,1.551003,1.934328
0.666667,0.151998,0.159025,1.607553,1.933349
0.619048,0.184001,0.189785,1.682375,1.926229
0.52381,0.223998,0.251306,1.753875,1.901625
0.52381,0.256001,0.266976,1.783348,1.88451
0.52381,0.288001,0.298317,1.814878,1.860349
0.52381,0.256001,0.298317,1.824676,1.847456
0.571429,0.303999,0.314568,1.826,1.831385
0.52381,0.327998,0.329658,1.826,1.83
0.52381,0.335999,0.360998,1.824125,1.817541
0.52381,0.432002,0.43935,1.797056,1.788504
0.52381,0.496001,0.502031,1.750034,1.756004
0.47619,0.543999,0.548462,1.700034,1.732182
0.47619,0.528001,0.532792,1.638874,1.708911
0.47619,0.592001,0.595473,1.566477,1.683419
0.47619,0.616,0.564132,1.474691,1.658443
0.571429,0.584,0.596634,1.38344,1.622409
0.571429,0.592001,0.596634,1.293065,1.580284
0.619048,0.616,0.628555,1.214127,1.538905
0.571429,0.680002,0.674985,1.132034,1.492245
0.619048,0.72,0.722577,1.084723,1.467578
0.52381,0.688,0.705746,0.911041,1.43332
0.619048,0.72,0.722577,0.867037,1.413148
0.666667,0.751999,0.738828,0.842219,1.381467
0.714286,0.72,0.739408,0.782459,1.298353
0.714286,0.728,0.723738,0.742125,1.201814
0.714286,0.656,0.661056,0.739,1.123333
0.714286,0.672002,0.676727,0.739,1.041139
0.761905,0.640002,0.645966,0.739,0.970828
0.761905,0.647999,0.645966,0.750828,0.906193
0.714286,0.672002,0.661056,0.882758,0.823625
0.761905,0.616,0.614626,0.982437,0.752007
0.761905,0.592001,0.598955,1.060497,0.708767
0.857143,0.552,0.568775,1.149349,0.685643
0.809524,0.560001,0.568195,1.253142,0.666737
0.857143,0.543999,0.553105,1.340563,0.655436
0.809524,0.543999,0.552525,1.414722,0.654082
0.857143,0.496001,0.521764,1.498547,0.654082
0.904762,0.471999,0.491004,1.595658,0.654082
0.857143,0.432002,0.459083,1.690953,0.66077
0.904762,0.432002,0.459663,1.77975,0.69425
0.857143,0.416,0.412072,1.847688,0.736938
0.809524,0.376,0.395821,1.904031,0.789397
0.761905,0.352001,0.379571,1.946597,0.836174
0.714286,0.352001,0.347649,1.974837,0.885726
0.761905,0.28,0.285548,2.013474,0.978492
0.761905,0.263999,0.285548,2.029106,1.083034
0.666667,0.288001,0.300058,2.030554,1.198817
0.619048,0.320001,0.346489,2.030554,1.285783
0.571429,0.352001,0.361579,2.030554,1.383845
0.571429,0.416,0.40859,2.028421,1.525663
0.47619,0.416,0.423099,2.017074,1.650907
0.47619,0.439999,0.43877,2.002617,1.757012
0.47619,0.464002,0.47011,1.984232,1.827662
0.47619,0.543999,0.532792,1.965533,1.885838
0.47619,0.511999,0.517121,1.957484,1.911883
0.380952,0.575999,0.578642,1.938422,1.949375
0.47619,0.656,0.642484,1.92674,1.96551
0.428571,0.656,0.657574,1.905625,1.98825
0.428571,0.640002,0.626233,1.886937,2.007198
0.380952,0.658668,0.646547,1.864333,2.03213
0.333333,0.677334,0.66686,1.827836,2.060049
0.285714,0.696001,0.687174,1.78443,2.085594
0.285714,0.736001,0.718514,1.748246,2.089544
0.238095,0.672002,0.670923,1.724372,2.089544
0.285714,0.672002,0.687174,1.689725,2.089544
0.285714,0.664001,0.671503,1.662782,2.085713
0.285714,0.608002,0.608822,1.628467,2.063382
0.285714,0.608002,0.608822,1.60875,2.033
0.238095,0.592001,0.608241,1.602761,2.0178
0.285714,0.552,0.561811,1.580889,1.951515
0.238095,0.552,0.54556,1.558598,1.866856
0.238095,0.488001,0.498549,1.554,1.847
0.285714,0.456001,0.467789,1.547361,1.811037
0.190476,0.471999,0.450958,1.530443,1.719398
0.285714,0.376,0.389437,1.53,1.717
0.238095,0.344,0.357516,1.53,1.717
0.333333,0.376,0.390017,1.520033,1.694242
0.261905,0.287999,0.310795,1.472122,1.584845
0.190476,0.199999,0.231573,1.436529,1.503942
0.190476,0.199999,0.200232,1.407708,1.449154
0.095238,0.199999,0.214742,1.34368,1.34507
0.238095,0.235999,0.239988,1.267839,1.244218
0.380952,0.272,0.265235,1.18736,1.156486
0.380952,0.223998,0.233894,1.106243,1.109617
0.333333,0.24,0.248984,1.035528,1.107493
0.452381,0.256,0.25827,0.991065,1.107493
0.571429,0.272,0.267557,0.920837,1.107493
0.52381,0.28,0.345328,0.887307,1.119309
0.571429,0.272,0.283227,0.840782,1.161534
0.571429,0.312,0.330238,0.778605,1.255575
0.666667,0.335999,0.362739,0.748196,1.302924
0.619048,0.424001,0.40917,0.711941,1.384216
0.619048,0.392001,0.3935,0.681365,1.47386
0.619048,0.456001,0.456181,0.668666,1.492794
0.666667,0.456001,0.472432,0.656417,1.49563
0.714286,0.52,0.504353,0.655537,1.511746
0.666667,0.448,0.456761,0.655537,1.574676
0.666667,0.488001,0.472432,0.655537,1.665569
0.761905,0.536002,0.536274,0.657927,1.696593
0.761905,0.552,0.567615,0.677131,1.712102
0.761905,0.575999,0.583285,0.710328,1.731599
0.761905,0.543999,0.551944,0.745398,1.742087
0.809524,0.52,0.536854,0.781399,1.779611
0.857143,0.511999,0.521764,0.841237,1.869873
0.809524,0.543999,0.552525,0.874383,1.882563
0.809524,0.543999,0.536854,0.937868,1.88925
0.809524,0.511999,0.521184,1.017452,1.893
0.857143,0.488001,0.490424,1.105375,1.892625
0.809524,0.464002,0.474173,1.177887,1.88475
0.904762,0.424001,0.459663,1.2371,1.879939
0.857143,0.407999,0.427742,1.276546,1.85893
0.857143,0.399999,0.412072,1.311293,1.825787
0.857143,0.327998,0.33372,1.352804,1.7539
0.904762,0.312,0.31863,1.356,1.748
0.809524,0.28,0.286129,1.356,1.748
0.857143,0.231999,0.255369,1.356,1.748
0.857143,0.263999,0.271039,1.379146,1.66192
0.857143,0.248001,0.255369,1.403371,1.528088
0.809524,0.312,0.31747,1.421914,1.364639
0.809524,0.272,0.301799,1.437912,1.223298
0.809524,0.288001,0.286129,1.459773,1.081386
0.809524,0.392001,0.380151,1.489875,0.95175
0.714286,0.344,0.347649,1.531555,0.821498
0.714286,0.352001,0.36332,1.578207,0.694641
0.666667,0.424001,0.441091,1.61825,0.609
0.714286,0.448,0.441672,1.647053,0.579924
0.666667,0.52,0.519443,1.681792,0.552621
0.666667,0.592001,0.597795,1.7431,0.528097
0.619048,0.624,0.612885,1.805992,0.52
0.666667,0.608002,0.597795,1.86271,0.52
0.666667,0.624,0.613465,1.913754,0.5245
0.571429,0.656,0.659315,1.959667,0.57948
0.47619,0.72,0.720836,2.018642,0.643876
0.571429,0.751999,0.769008,2.067776,0.722073
0.571429,0.768001,0.769008,2.103113,0.772331
0.571429,0.784002,0.784678,2.136024,0.860461
0.666667,0.840001,0.84852,2.166633,0.956123
0.619048,0.840001,0.832269,2.18925,1.03475
0.571429,0.816002,0.816019,2.204791,1.107553
0.571429,0.800001,0.784678,2.2135,1.176477
0.571429,0.848002,0.831689,2.2135,1.273773
0.619048,0.816002,0.816599,2.2135,1.376184
0.619048,0.816002,0.800929,2.211562,1.472425
0.52381,0.776002,0.784098,2.193818,1.557679
0.47619,0.768001,0.783517,2.167125,1.62475
0.52381,0.768001,0.768427,2.136229,1.673763
0.47619,0.751999,0.767847,2.113747,1.695202
0.47619,0.704001,0.705165,2.063043,1.729157
0.428571,0.704001,0.704585,2.012271,1.733645
0.47619,0.72,0.720836,1.942486,1.733645
0.52381,0.712002,0.721416,1.891766,1.733645
0.428571,0.672002,0.673244,1.836989,1.730889
0.380952,0.664001,0.664829,1.756625,1.717875
0.333333,0.656,0.656413,1.674782,1.703404
0.238095,0.616,0.608241,1.573519,1.690137
0.190476,0.640002,0.639002,1.485821,1.680574
0.238095,0.640002,0.623912,1.393203,1.66458
0.142857,0.647999,0.638421,1.304905,1.598744
0.047619,0.632001,0.62159,1.222178,1.587
0.095238,0.636002,0.622171,1.149754,1.587
0.142857,0.640002,0.622751,1.096682,1.587
0.238095,0.647999,0.639582,1.0675,1.587
0.142857,0.656,0.638421,1.045622,1.589078
0.190476,0.640002,0.639002,0.986964,1.614342
0.285714,0.647999,0.655833,0.914505,1.657334
0.285714,0.624,0.624492,0.862462,1.6695
0.333333,0.672002,0.656413,0.848,1.67139
0.333333,0.656,0.672084,0.834751,1.67202
0.380952,0.672002,0.688334,0.807342,1.67202
0.333333,0.680002,0.687754,0.79859,1.658836
0.428571,0.700001,0.704585,0.79859,1.618577
0.52381,0.72,0.721416,0.79859,1.562431
0.571429,0.728,0.721997,0.823972,1.51186
0.452381,0.692,0.689205,0.900597,1.482377
0.333333,0.656,0.656413,0.949213,1.482377
0.380952,0.644001,0.649158,1.008816,1.487619
0.428571,0.632001,0.641904,1.0619,1.514281
0.52381,0.592001,0.611724,1.127755,1.625663
0.428571,0.600001,0.594893,1.179873,1.744183
0.428571,0.543999,0.563552,1.217532,1.805579
0.52381,0.536002,0.533372,1.232,1.947328
0.47619,0.532001,0.540627,1.232,2.052468
0.428571,0.528001,0.547882,1.232,2.081887
0.333333,0.48,0.484039,1.231,2.081887
0.238095,0.439999,0.451538,1.21479,2.081887
0.261905,0.403999,0.412652,1.189887,2.077151
0.285714,0.367999,0.373767,1.157838,2.007212
0.285714,0.392001,0.405107,1.126318,1.926642
0.333333,0.367999,0.390017,1.092488,1.829873
0.285714,0.328,0.342426,1.057235,1.732951
0.238095,0.288001,0.294835,1.020835,1.638478
0.285714,0.28,0.295415,1.019099,1.62408
0.190476,0.208,0.215902,0.997309,1.536707
0.285714,0.196001,0.193558,0.857203,1.463433
0.380952,0.184001,0.171213,0.842729,1.430012
0.380952,0.072,0.092861,0.828062,1.357215
0.428571,0.112001,0.109112,0.788956,1.25454
0.428571,0.032,0.062101,0.745495,1.149237
0.47619,0.032,0.062681,0.725651,1.095367
0.404762,0.072,0.100987,0.714105,1.00289
0.333333,0.112001,0.139292,0.714105,0.910055
0.428571,0.151998,0.156123,0.714105,0.831777
0.333333,0.184001,0.201973,0.739954,0.75325
0.333333,0.256001,0.248984,0.787895,0.684628
0.333333,0.288001,0.295995,0.797989,0.646002
0.380952,0.288001,0.312246,0.825774,0.60143
0.428571,0.367999,0.359837,0.899736,0.561238
0.47619,0.399999,0.407429,0.962094,0.538254
0.428571,0.384,0.391178,1.047858,0.514608
0.380952,0.432002,0.437609,1.096996,0.503491
0.380952,0.416,0.421938,1.194557,0.485904
0.380952,0.416,0.421938,1.313133,0.464817
0.380952,0.399999,0.406268,1.378094,0.4483
0.285714,0.424001,0.420778,1.475465,0.428812
0.357143,0.436,0.437319,1.57514,0.423298
0.428571,0.448,0.45386,1.688328,0.423298
0.52381,0.416,0.42368,1.798656,0.423691
0.571429,0.439999,0.43993,1.890805,0.423691
0.52381,0.416,0.42368,1.974832,0.426703
0.571429,0.528001,0.43993,2.060313,0.435251
0.619048,0.496001,0.503192,2.134382,0.451474
0.571429,0.48,0.502612,2.189373,0.475053
0.666667,0.560001,0.566454,2.215923,0.497217
0.666667,0.592001,0.597795,2.216231,0.517019
0.571429,0.656,0.643645,2.216231,0.528735
0.619048,0.648001,0.644225,2.216231,0.534261
0.666667,0.640002,0.644806,2.206183,0.537264
0.666667,0.647999,0.660476,2.160066,0.539916
0.714286,0.672002,0.692397,2.095576,0.546019
0.714286,0.704001,0.708067,2.017364,0.556416
0.761905,0.704001,0.724318,1.967532,0.565657
0.761905,0.688,0.677307,1.886528,0.581473
0.761905,0.688,0.692977,1.788988,0.605597
0.714286,0.647999,0.661056,1.686125,0.638375
0.761905,0.616,0.630296,1.587336,0.678248
0.761905,0.616,0.630296,1.51675,0.732844
0.761905,0.616,0.614626,1.464375,0.7715
0.761905,0.600001,0.614626,1.435,0.798595
0.761905,0.608002,0.598955,1.435,0.826375
0.761905,0.592001,0.583285,1.435,0.848875
0.809524,0.560001,0.568195,1.435,0.860471
0.809524,0.543999,0.552525,1.450261,0.889505
0.809524,0.552,0.568195,1.491179,0.916911
0.761905,0.552,0.520604,1.523375,0.93125
0.714286,0.560001,0.582705,1.5655,0.94525
0.714286,0.575999,0.582705,1.603754,0.953238
0.666667,0.496001,0.519443,1.677793,0.984765
0.619048,0.528001,0.534533,1.739381,1.024142
0.666667,0.552,0.566454,1.805923,1.065347
0.619048,0.548,0.558038,1.8854,1.104125
0.571429,0.543999,0.549623,1.954074,1.173152
0.47619,0.584,0.595473,2.038129,1.240328
0.47619,0.592001,0.579803,2.119711,1.319223
0.52381,0.528001,0.533372,2.194643,1.418979
0.47619,0.525334,0.532792,2.232266,1.50606
0.428571,0.522667,0.532211,2.254875,1.567938
0.380952,0.52,0.531631,2.26,1.625322
0.333333,0.536002,0.53105,2.26,1.672593
0.285714,0.514002,0.510882,2.26,1.72
0.238095,0.492001,0.490714,2.250431,1.750918
0.190476,0.47,0.470546,2.22364,1.830933
0.142857,0.448,0.450377,2.18273,1.893395
0.190476,0.448,0.435287,2.133068,1.926378
0.238095,0.424001,0.435868,2.092316,1.936593
0.333333,0.368001,0.382182,2.057567,1.937
0.428571,0.312,0.328497,2.029354,1.937
0.428571,0.263999,0.297156,1.996104,1.93625
0.428571,0.303999,0.328497,1.96625,1.915946
0.380952,0.295999,0.296576,1.934801,1.847422
0.380952,0.320001,0.343587,1.912969,1.749746
0.47619,0.376,0.344748,1.889558,1.651733
0.52381,0.371999,0.368833,1.86488,1.540304
0.571429,0.367999,0.392919,1.862,1.451725
0.571429,0.335999,0.377249,1.862,1.44
0.666667,0.384,0.37841,1.856412,1.44
0.619048,0.416,0.42484,1.842739,1.44
0.666667,0.384,0.40975,1.83625,1.447799
0.666667,0.48,0.503772,1.83625,1.469355
0.666667,0.503999,0.519443,1.83525,1.483213
0.619048,0.543999,0.550203,1.810821,1.501625
0.666667,0.568002,0.566454,1.763084,1.505
0.619048,0.536002,0.550203,1.703798,1.505
0.714286,0.632001,0.629716,1.608609,1.505
0.714286,0.624,0.629716,1.519133,1.498637
0.761905,0.640002,0.661637,1.421245,1.447301
0.761905,0.672002,0.677307,1.302101,1.312272
0.761905,0.664001,0.677307,1.198926,1.189306
0.761905,0.680002,0.677307,1.131265,1.16059
0.761905,0.672002,0.677307,1.062428,1.136103
0.761905,0.656,0.645966,1.007783,1.111774
0.761905,0.647999,0.645966,0.969197,1.107
0.761905,0.664001,0.677307,0.922267,1.107
0.761905,0.640002,0.645966,0.87995,1.107
0.761905,0.656,0.661637,0.821676,1.14334
0.761905,0.672002,0.661637,0.766467,1.288813
0.761905,0.672002,0.661637,0.732875,1.344
0.761905,0.656,0.661637,0.716728,1.379001
0.761905,0.672002,0.661637,0.707471,1.413068
0.761905,0.664001,0.677307,0.701059,1.465477
0.761905,0.664001,0.661637,0.701059,1.502
0.761905,0.672002,0.677307,0.701059,1.520061
0.714286,0.647999,0.661056,0.702461,1.574644
0.809524,0.688,0.693558,0.719712,1.613168
0.761905,0.647999,0.661637,0.746509,1.626
0.761905,0.672002,0.677307,0.807474,1.626
0.714286,0.696001,0.676727,0.84575,1.626
0.761905,0.672002,0.677307,0.877109,1.626
0.761905,0.664001,0.661637,0.906625,1.62
0.857143,0.696001,0.662797,0.948837,1.596745
0.809524,0.712001,0.693558,0.978375,1.58125
0.761905,0.728,0.724318,1.020125,1.523375
0.809524,0.672002,0.677887,1.034003,1.503628
0.761905,0.680002,0.661637,1.085495,1.428662
0.761905,0.704001,0.708648,1.132756,1.339769
0.761905,0.704001,0.708648,1.183559,1.240136
0.761905,0.728,0.739988,1.271833,1.1541
0.761905,0.712002,0.708648,1.348724,1.091004
0.714286,0.680002,0.676727,1.403906,1.054677
0.761905,0.72,0.708648,1.502069,0.99575
0.809524,0.704001,0.724898,1.600668,0.944236
0.761905,0.664001,0.661637,1.701229,0.930583
0.761905,0.688,0.677307,1.788776,0.930583
0.761905,0.672002,0.677307,1.868121,0.930583
0.761905,0.669335,0.677307,1.942829,0.93746
0.761905,0.666668,0.677307,2.001088,0.974703
0.761905,0.664001,0.677307,2.037269,1.024046
0.761905,0.672002,0.677307,2.052098,1.090058
0.761905,0.688,0.692977,2.053,1.16162
0.761905,0.688,0.661637,2.053,1.283997
0.761905,0.696001,0.661637,2.053,1.366807
0.761905,0.672002,0.692977,2.040578,1.432901
0.714286,0.656,0.661056,2.003431,1.506504
0.761905,0.656,0.661637,1.949876,1.574439
0.761905,0.640002,0.661637,1.888428,1.615466
0.714286,0.656,0.661056,1.832365,1.617664
0.761905,0.656,0.645966,1.789501,1.615998
0.714286,0.672002,0.661056,1.716876,1.611
0.761905,0.647999,0.645966,1.622224,1.607986
0.761905,0.624,0.645966,1.560838,1.603883
0.714286,0.640002,0.629716,1.494183,1.588088
0.761905,0.608002,0.598955,1.452125,1.576375
0.761905,0.624,0.614626,1.406375,1.56025
0.761905,0.640002,0.645966,1.320027,1.529774
0.714286,0.647999,0.645386,1.21925,1.503846
0.714286,0.672002,0.661056,1.123817,1.490511
0.761905,0.656,0.645966,1.034439,1.481842
0.761905,0.672002,0.677307,0.943788,1.470069
0.761905,0.712002,0.724318,0.8755,1.460653
0.809524,0.688,0.677887,0.80341,1.46
