0.75,0.650407,0.571507,0.385027,1.105366
0.75,0.650407,0.571507,0.587979,1.657098
0.75,0.650407,0.571507,0.594083,1.657098
0.75,0.650407,0.571507,0.596405,1.657098
0.75,0.650407,0.571507,0.597386,1.647598
0.75,0.650407,0.571507,0.600862,1.628768
0.75,0.650407,0.571507,0.611583,1.614735
0.75,0.626018,0.571507,0.612125,1.575888
0.75,0.626018,0.571507,0.613391,1.5615
0.75,0.650407,0.586416,0.615269,1.561
0.75,0.634146,0.571507,0.616311,1.561
0.75,0.642276,0.571507,0.616415,1.564281
0.75,0.634146,0.586416,0.617208,1.580393
0.75,0.609756,0.571507,0.621737,1.583273
0.8,0.634146,0.57206,0.622656,1.584513
0.7,0.634146,0.570955,0.622871,1.586771
0.7,0.658538,0.570955,0.622177,1.590352
0.75,0.626018,0.571507,0.622138,1.595894
0.75,0.609756,0.571507,0.622296,1.604066
0.85,0.617887,0.557703,0.622034,1.616943
0.8,0.621953,0.564605,0.622108,1.668887
0.75,0.626018,0.571507,0.622513,1.742083
0.8,0.593498,0.542242,0.624845,1.824723
0.85,0.560975,0.512976,0.634432,1.919277
0.8,0.569105,0.512424,0.677906,1.98545
0.8,0.528455,0.452789,0.686569,2.037826
0.85,0.536585,0.498067,0.690161,2.139949
0.85,0.479676,0.393705,0.714281,2.194951
0.85,0.512196,0.46825,0.722125,2.262499
0.85,0.495935,0.453341,0.758862,2.30261
0.85,0.487804,0.438432,0.85199,2.351456
0.85,0.430895,0.393705,0.922646,2.366122
0.85,0.390244,0.363887,0.999488,2.370752
0.85,0.373985,0.33407,1.074625,2.3735
0.9,0.325204,0.304804,1.167455,2.373875
0.95,0.276422,0.260629,1.277373,2.375
0.9,0.260164,0.23026,1.384792,2.375
0.9,0.243902,0.23026,1.536053,2.36525
0.85,0.195122,0.184981,1.645084,2.358187
0.8,0.146342,0.139702,1.723017,2.3328
0.75,0.121953,0.109332,1.807711,2.314804
0.65,0.089433,0.07841,1.905134,2.29757
0.6,0.105691,0.092766,1.963556,2.280653
0.45,0.089431,0.068747,2.047984,2.221339
0.3,0.073171,0.044727,2.178615,2.074365
0.25,0.081302,0.044174,2.198321,1.900657
0.25,0.089433,0.073992,2.2115,1.832688
0.15,0.113822,0.162341,2.226473,1.774
0.2,0.178862,0.162893,2.226473,1.717341
0.15,0.268294,0.236886,2.20994,1.559717
0.2,0.252033,0.222529,2.1995,1.417636
0.25,0.276422,0.252899,2.190843,1.364328
0.2,0.284553,0.267256,2.147993,1.3215
0.15,0.382113,0.341248,2.106918,1.272176
0.2,0.414636,0.356709,2.064633,1.188931
0.25,0.398375,0.357261,1.997804,1.123554
0.15,0.398375,0.356157,1.963652,1.033774
0.2,0.487804,0.416345,1.891842,0.964272
0.2,0.552847,0.520707,1.834468,0.893233
0.2,0.601625,0.535616,1.759212,0.854037
0.25,0.609756,0.551077,1.661142,0.845474
0.3,0.593498,0.551629,1.57779,0.833044
0.2,0.666669,0.61016,1.507047,0.808894
0.3,0.609756,0.566538,1.43341,0.780785
0.35,0.723578,0.656543,1.352405,0.78
0.4,0.723578,0.649641,1.259915,0.78
0.45,0.723578,0.642739,1.201242,0.782062
0.45,0.707316,0.642739,1.170537,0.826569
0.5,0.691058,0.628382,1.130205,0.877033
0.5,0.707316,0.628382,1.084506,0.924565
0.6,0.642276,0.614578,1.062,0.990544
0.55,0.691058,0.628934,1.015405,1.049055
0.5,0.609756,0.553838,0.937829,1.120492
0.55,0.650407,0.584208,0.872302,1.196681
0.65,0.666669,0.61513,0.846125,1.268935
0.65,0.658538,0.61513,0.846,1.341471
0.6,0.626018,0.569851,0.846,1.432957
0.65,0.585367,0.540585,0.843739,1.531699
0.75,0.626018,0.571507,0.840019,1.583875
0.85,0.552847,0.512976,0.840019,1.651315
0.8,0.544716,0.497515,0.839164,1.699438
0.8,0.512196,0.467697,0.839852,1.805116
0.75,0.536585,0.482054,0.841597,1.930462
0.8,0.552847,0.497515,0.841597,2.020439
0.8,0.495935,0.452789,0.843112,2.08867
0.8,0.447156,0.422971,0.895505,2.118473
0.85,0.414636,0.378796,0.945122,2.176714
0.85,0.430895,0.393705,0.998838,2.261531
0.8,0.398375,0.363335,1.028536,2.351034
0.9,0.341465,0.304804,1.05798,2.427099
0.8,0.317073,0.288791,1.103017,2.469925
0.9,0.292684,0.274986,1.172917,2.476
0.9,0.276422,0.260077,1.282698,2.477992
0.85,0.260164,0.229707,1.394308,2.491464
0.85,0.211382,0.184981,1.488325,2.49568
0.85,0.170731,0.155163,1.55547,2.493773
0.8,0.170731,0.139702,1.662018,2.489669
0.8,0.09756,0.094975,1.742355,2.4885
0.85,0.048782,0.06571,1.802667,2.4885
0.8,0.056909,0.050248,1.834085,2.454901
0.7,0.06504,0.049144,1.85518,2.335129
0.6,0.073171,0.04804,1.873842,2.25325
0.55,0.09756,0.032579,1.90333,2.184417
0.5,0.105691,0.046935,1.945885,2.088404
0.4,0.13008,0.120375,2.01064,1.964989
0.35,0.166666,0.149641,2.083953,1.880117
0.3,0.203251,0.178907,2.103105,1.75156
0.25,0.178862,0.163446,2.111553,1.65345
0.3,0.284553,0.238542,2.112618,1.557
0.2,0.292684,0.267256,2.122755,1.417505
0.25,0.325204,0.297626,2.133594,1.280108
0.25,0.382113,0.342352,2.123923,1.226347
0.15,0.390244,0.341248,2.108222,1.142837
0.15,0.471545,0.415792,2.094853,1.051875
0.15,0.463415,0.415792,2.069665,0.969769
0.2,0.512196,0.446162,2.0245,0.947875
0.2,0.577236,0.520707,1.915639,0.925812
0.175,0.589431,0.520431,1.846532,0.90654
0.15,0.601625,0.520155,1.794386,0.8703
0.2,0.577236,0.535616,1.723329,0.820109
0.25,0.658538,0.580895,1.667968,0.7905
0.3,0.658538,0.596356,1.50755,0.7905
0.35,0.658538,0.596908,1.415355,0.7905
0.4,0.626018,0.575097,1.335994,0.806
0.45,0.593498,0.553285,1.280746,0.852031
0.5,0.658538,0.598564,1.250663,0.928086
0.55,0.691058,0.614025,1.19275,0.991125
0.55,0.674796,0.628934,1.123858,1.042342
0.55,0.626018,0.584208,1.031988,1.116662
0.55,0.642276,0.584208,0.985125,1.17825
0.55,0.650407,0.584208,0.918746,1.290241
0.65,0.593498,0.540585,0.885129,1.397939
0.6,0.577236,0.525124,0.87123,1.499767
0.7,0.593498,0.541137,0.863482,1.588729
0.65,0.560975,0.495859,0.863373,1.669818
0.7,0.552847,0.51132,0.863373,1.722632
0.75,0.569105,0.511872,0.867779,1.762
0.75,0.560975,0.511872,0.901126,1.766721
0.75,0.528455,0.467145,0.982125,1.776711
0.7,0.495935,0.466593,1.074121,1.789977
0.7,0.487804,0.451684,1.162069,1.799263
0.6,0.414636,0.390944,1.263518,1.824598
0.7,0.398375,0.332413,1.346065,1.876598
0.6,0.349593,0.301491,1.425863,1.920641
0.7,0.325204,0.302595,1.516,1.94625
0.65,0.292684,0.272225,1.646988,1.959717
0.575,0.272358,0.249034,1.768353,1.977336
0.5,0.252033,0.225842,1.818118,2.015072
0.483333,0.235772,0.210749,1.838625,2.05
0.466667,0.219512,0.195656,1.860419,2.070293
0.45,0.203251,0.180563,1.884187,2.1055
0.4,0.162604,0.135284,1.938591,2.1055
0.4,0.154473,0.150193,1.958152,2.1055
0.35,0.154473,0.149641,1.966871,2.100137
0.3,0.146342,0.119271,1.967,1.987404
0.35,0.203251,0.179459,1.966875,1.896375
0.3,0.203251,0.178907,1.966625,1.773521
0.2,0.292684,0.252347,1.952703,1.6561
0.275,0.304878,0.268084,1.90613,1.627373
0.35,0.317073,0.283821,1.805062,1.535527
0.35,0.382113,0.343457,1.708688,1.347118
0.4,0.422764,0.388736,1.669134,1.22625
0.35,0.471545,0.418001,1.650312,1.119223
0.25,0.520327,0.461623,1.620654,1.012412
0.25,0.536585,0.491441,1.578871,0.96334
0.3,0.601625,0.551629,1.510344,0.903602
0.35,0.617885,0.56709,1.435273,0.832355
0.4,0.634146,0.582551,1.371034,0.796767
0.35,0.642276,0.596908,1.290785,0.795814
0.4,0.739836,0.672004,1.22662,0.795814
0.45,0.723578,0.642739,1.158307,0.795814
0.55,0.747967,0.703479,1.092433,0.820313
0.5,0.723578,0.6582,1.004818,0.901978
0.55,0.739836,0.658752,0.99371,0.999492
0.6,0.682927,0.614578,0.979791,1.094715
0.6,0.691058,0.614578,0.938384,1.185131
0.65,0.658538,0.600221,0.85525,1.306
0.7,0.650407,0.585864,0.810926,1.417867
0.75,0.642276,0.586416,0.788079,1.526665
0.8,0.634146,0.586969,0.788079,1.641994
0.75,0.544716,0.496963,0.788079,1.768848
0.8,0.536585,0.497515,0.791658,1.860753
0.85,0.544716,0.512976,0.80862,1.941996
0.85,0.520327,0.46825,0.830653,2.008236
0.8,0.487804,0.43788,0.8405,2.091649
0.85,0.487804,0.453341,0.87875,2.170024
0.85,0.487804,0.393705,0.945625,2.203917
0.9,0.414636,0.394257,1.013515,2.213164
0.8,0.357724,0.333517,1.156927,2.221389
0.8,0.373985,0.348426,1.230776,2.237843
0.8,0.292684,0.273882,1.295554,2.240198
0.85,0.243902,0.229707,1.380999,2.226417
0.8,0.260164,0.229155,1.49691,2.219696
0.75,0.252033,0.228603,1.575391,2.219429
0.65,0.227644,0.197681,1.661235,2.209006
0.65,0.186993,0.152954,1.739203,2.144878
0.6,0.138211,0.107675,1.798968,2.082498
0.55,0.13008,0.122032,1.847755,2.02073
0.55,0.105691,0.181668,1.926339,1.94977
0.45,0.126016,0.1582,2.03335,1.904932
0.35,0.146342,0.134732,2.055145,1.873418
0.25,0.170731,0.148537,2.073211,1.7094
0.2,0.203251,0.177802,2.091071,1.600854
0.2,0.211382,0.177802,2.109096,1.537959
0.25,0.300814,0.267808,2.127962,1.379547
0.25,0.308942,0.282717,2.134419,1.32268
0.2,0.349593,0.311982,2.134419,1.279375
0.15,0.390244,0.356157,2.129814,1.235933
0.1,0.398375,0.355605,2.106673,1.179274
0.1,0.406505,0.370514,2.083358,1.125259
0.2,0.439025,0.401436,2.011874,1.074419
0.25,0.487804,0.446715,1.962295,1.057216
0.25,0.487804,0.446715,1.952189,1.039094
0.25,0.455284,0.416897,1.812469,1.030187
0.3,0.528455,0.462176,1.687124,1.023023
0.3,0.593498,0.447267,1.620491,0.992134
0.316667,0.588078,0.472299,1.596283,0.987679
0.333333,0.582657,0.497331,1.538708,0.989884
0.35,0.577236,0.522363,1.470457,1.001441
0.3,0.723578,0.655991,1.416309,1.018074
0.366667,0.677508,0.61697,1.336696,1.086818
0.433333,0.631438,0.57795,1.285645,1.14421
0.5,0.585367,0.538929,1.25875,1.157573
0.5,0.609756,0.553838,1.231124,1.176832
0.55,0.609756,0.539481,1.129038,1.25779
0.55,0.609756,0.539481,1.098754,1.320741
0.6,0.569105,0.525124,1.052896,1.423559
0.65,0.536585,0.495859,1.019505,1.573371
0.75,0.560975,0.511872,1.002739,1.63218
0.65,0.528455,0.466041,0.95986,1.727709
0.7,0.512196,0.466593,0.91922,1.803625
0.75,0.495935,0.452236,0.913681,1.884671
0.8,0.471545,0.43788,0.915575,1.957734
0.75,0.487804,0.452236,0.915575,2.00613
0.85,0.455284,0.408614,0.91895,2.049671
0.85,0.398375,0.378796,0.96252,2.112318
0.85,0.422764,0.393705,1.007843,2.15658
0.85,0.349593,0.319161,1.074646,2.216929
0.8,0.382113,0.363335,1.129455,2.277929
0.9,0.325204,0.304804,1.194816,2.310618
0.85,0.300814,0.289343,1.274121,2.314142
0.85,0.292684,0.274434,1.318646,2.314142
0.85,0.268294,0.229707,1.328043,2.309368
0.8,0.243902,0.229155,1.337952,2.258837
0.8,0.260164,0.244064,1.3505,2.201625
0.7,0.235774,0.213142,1.382165,2.138753
0.7,0.243902,0.183324,1.428495,2.078503
0.65,0.219513,0.197681,1.48225,2.009365
0.6,0.235774,0.226946,1.512594,1.934683
0.55,0.268294,0.226394,1.515189,1.851097
0.5,0.252033,0.225842,1.515189,1.726731
0.5,0.382113,0.345113,1.515189,1.608377
0.45,0.373985,0.344561,1.513172,1.501041
0.5,0.398375,0.345113,1.5125,1.49268
0.45,0.422765,0.374379,1.5125,1.41689
0.4,0.447156,0.403644,1.52382,1.300148
0.4,0.479676,0.448371,1.575,1.094236
0.4,0.544716,0.508007,1.594464,0.991157
0.4,0.536585,0.508007,1.612131,0.832306
0.35,0.593498,0.522363,1.646048,0.73681
0.35,0.626018,0.552181,1.707721,0.668831
0.25,0.601625,0.64053,1.790148,0.66519
0.3,0.609756,0.551629,1.898125,0.66519
0.25,0.585367,0.521259,1.953765,0.66519
0.25,0.569105,0.521259,1.999921,0.66941
0.2,0.593498,0.520707,2.087663,0.696017
0.2,0.577236,0.520707,2.13712,0.747227
0.2,0.601625,0.535616,2.215987,0.846757
0.2,0.512196,0.47598,2.261354,0.98983
0.15,0.495935,0.460519,2.267041,1.128562
0.183333,0.444445,0.411191,2.270094,1.214912
0.216667,0.392955,0.361863,2.27144,1.301611
0.25,0.341465,0.312535,2.27069,1.432695
0.25,0.373985,0.342352,2.27044,1.550944
0.2,0.308942,0.282165,2.26969,1.657375
0.2,0.276422,0.252347,2.238875,1.7651
0.15,0.252033,0.207068,2.174178,1.810875
0.15,0.227644,0.207068,2.063146,1.897217
0.25,0.186993,0.178355,1.986078,2.0095
0.35,0.170733,0.16455,1.889333,2.075056
0.45,0.154473,0.150745,1.850319,2.110306
0.5,0.162604,0.091662,1.682186,2.26165
0.55,0.203251,0.181668,1.581798,2.293746
0.625,0.219513,0.197405,1.454267,2.293746
0.7,0.235774,0.213142,1.351271,2.293746
0.7,0.243902,0.272777,1.278921,2.290431
0.75,0.252033,0.258421,1.223177,2.279118
0.75,0.325204,0.27333,1.0677,2.251569
0.85,0.365854,0.33407,0.97944,2.177949
0.85,0.373985,0.348978,0.871429,2.117904
0.8,0.398375,0.363335,0.861938,2.045196
0.8,0.422764,0.393153,0.85634,1.941841
0.75,0.439025,0.392601,0.845636,1.83421
0.7,0.487804,0.436775,0.828729,1.735171
0.7,0.463415,0.421866,0.820398,1.618882
0.7,0.536585,0.481502,0.808091,1.507052
0.7,0.552847,0.51132,0.808091,1.384497
0.6,0.666669,0.58476,0.808091,1.296123
0.6,0.634146,0.554942,0.811755,1.254387
0.55,0.658538,0.584208,0.864539,1.071411
0.5,0.650407,0.598564,0.867,0.953885
0.55,0.674796,0.628934,0.871488,0.908
0.55,0.707316,0.658752,0.890446,0.907385
0.45,0.739836,0.657648,1.051738,0.812527
0.35,0.723578,0.686361,1.175125,0.682509
0.45,0.658538,0.657648,1.254351,0.672872
0.45,0.658538,0.583103,1.340877,0.665883
0.4,0.691058,0.612369,1.457254,0.663
0.35,0.658538,0.581999,1.569765,0.665883
0.3,0.691058,0.581447,1.658555,0.672903
0.35,0.634146,0.581999,1.778279,0.690875
0.35,0.609756,0.552181,1.88571,0.713174
0.25,0.569105,0.50635,1.972648,0.775879
0.3,0.560975,0.491993,2.038395,0.849261
0.3,0.544716,0.491993,2.111369,0.93865
0.25,0.495935,0.446715,2.129869,1.046359
0.15,0.504065,0.460519,2.174952,1.165328
0.2,0.439025,0.386527,2.236237,1.282758
0.15,0.382113,0.341248,2.289375,1.402852
0.15,0.398375,0.356157,2.29976,1.470631
0.25,0.292684,0.252899,2.322322,1.578056
0.15,0.284553,0.236886,2.3265,1.704801
0.225,0.280487,0.245168,2.327875,1.821581
0.3,0.276422,0.253451,2.314582,1.955611
0.25,0.170731,0.133628,2.291022,2.045663
0.3,0.121953,0.089453,2.249343,2.180198
0.3,0.089433,0.089453,2.124744,2.224105
0.3,0.113822,0.089453,2.03614,2.268864
0.35,0.121953,0.090006,1.900701,2.270152
0.425,0.130082,0.098288,1.8545,2.270152
0.5,0.138211,0.106571,1.786315,2.25952
0.5,0.089433,0.091662,1.660758,2.23734
0.6,0.150407,0.137493,1.584832,2.2285
0.7,0.211382,0.183324,1.493621,2.19634
0.75,0.211382,0.198785,1.436396,2.144043
0.65,0.276422,0.257316,1.368328,2.1
0.65,0.284553,0.257316,1.366659,2.007777
0.6,0.317073,0.286582,1.366659,1.896939
0.6,0.357724,0.3164,1.366659,1.771356
0.65,0.382113,0.316952,1.375689,1.660389
0.575,0.382113,0.331033,1.383345,1.518596
0.5,0.382113,0.345113,1.391179,1.409244
0.4,0.536585,0.478189,1.402398,1.283804
0.45,0.512196,0.463832,1.403547,1.163186
0.45,0.552847,0.508559,1.404047,1.080035
0.35,0.593498,0.522363,1.400076,0.965229
0.4,0.609756,0.552733,1.388987,0.855166
0.4,0.617887,0.567642,1.354312,0.802552
0.45,0.650407,0.583103,1.296556,0.794238
0.4,0.674796,0.612369,1.243306,0.791863
0.5,0.674796,0.628382,1.198712,0.791625
0.45,0.699189,0.642739,1.136513,0.792703
0.45,0.723578,0.672557,1.067339,0.793738
0.55,0.756098,0.68857,1.00893,0.804006
0.5,0.739836,0.673109,0.983814,0.862429
0.55,0.691058,0.614025,0.976417,0.969998
0.6,0.674796,0.614578,0.973323,1.068751
0.6,0.626018,0.569851,0.950739,1.16813
0.65,0.674796,0.600221,0.934875,1.262
0.7,0.642276,0.570955,0.871601,1.360056
0.6,0.593498,0.540033,0.825308,1.490953
0.65,0.569105,0.525676,0.822867,1.610435
0.683333,0.555555,0.511136,0.822867,1.714792
0.716667,0.542005,0.496595,0.822867,1.808526
0.75,0.528455,0.482054,0.824933,1.902827
0.75,0.544716,0.482054,0.836224,1.932717
0.8,0.512196,0.460243,0.854234,2.012884
0.85,0.479676,0.438432,0.86397,2.107951
0.85,0.495935,0.393705,0.883131,2.189021
0.85,0.406505,0.363887,0.932685,2.246421
0.85,0.422764,0.378796,1.0023,2.25
0.85,0.382113,0.319161,1.090271,2.25
0.8,0.349593,0.3037,1.148072,2.2515
0.85,0.268294,0.244616,1.195125,2.256875
0.85,0.219513,0.214798,1.25325,2.257
0.8,0.219513,0.184428,1.283675,2.251625
0.75,0.195124,0.168967,1.310123,2.239246
0.7,0.170731,0.168415,1.326759,2.228561
0.7,0.170731,0.153506,1.37517,2.217169
0.65,0.219513,0.197681,1.402195,2.177371
0.65,0.284553,0.257316,1.417031,2.096082
0.7,0.317073,0.272777,1.432553,2.010836
0.65,0.325204,0.287134,1.444,1.900548
0.6,0.333334,0.301491,1.459156,1.776733
0.55,0.349593,0.315848,1.48,1.661093
0.5,0.398375,0.360022,1.48,1.553199
0.55,0.414636,0.375483,1.48,1.464722
0.5,0.471545,0.419658,1.481585,1.362746
0.45,0.512196,0.448923,1.48634,1.192686
0.45,0.544716,0.49365,1.48634,1.012417
0.45,0.528455,0.49365,1.48798,0.939712
0.35,0.569105,0.537272,1.507525,0.878766
0.4,0.617887,0.567642,1.55506,0.821931
0.4,0.626018,0.552733,1.620052,0.759
0.3,0.593498,0.521811,1.71033,0.677881
0.3,0.658538,0.596356,1.7995,0.610667
0.3,0.723578,0.596356,1.907775,0.532319
0.3,0.634146,0.566538,1.946822,0.525646
0.2,0.577236,0.535616,2.02349,0.525646
0.25,0.617887,0.551077,2.087161,0.526453
0.2,0.593498,0.535616,2.133407,0.582666
0.3,0.577236,0.53672,2.19907,0.691352
0.25,0.569105,0.50635,2.275125,0.77125
0.15,0.536585,0.475428,2.348814,0.835982
0.15,0.528455,0.475428,2.409325,0.94055
0.1,0.487804,0.430149,2.41445,1.040931
0.15,0.463415,0.400883,2.41445,1.145548
0.1,0.414636,0.370514,2.41445,1.25157
0.1,0.373985,0.340696,2.406648,1.374275
0.1,0.390244,0.340696,2.40292,1.445809
0.1,0.300814,0.28106,2.40292,1.499273
0.1,0.260164,0.221425,2.402312,1.681203
0.2,0.211382,0.192711,2.397907,1.862359
0.2,0.186993,0.177802,2.395,1.955055
0.3,0.178862,0.149089,2.391828,2.001996
0.4,0.154473,0.135284,2.312658,2.069651
0.35,0.121953,0.090006,2.218375,2.132
0.25,0.09756,0.073992,2.12848,2.201424
0.325,0.085365,0.045003,2.055611,2.273071
0.4,0.073171,0.016013,1.984683,2.297407
0.475,0.077236,0.054114,1.907979,2.301777
0.55,0.081302,0.092214,1.779235,2.314364
0.65,0.138211,0.152954,1.60243,2.333079
0.65,0.186993,0.152954,1.535763,2.349398
0.7,0.195124,0.153506,1.4625,2.358441
0.775,0.199187,0.169244,1.349428,2.367246
0.85,0.203251,0.184981,1.26896,2.367246
0.85,0.252033,0.229707,1.231896,2.367246
0.85,0.243902,0.214798,1.133833,2.331915
0.75,0.357724,0.318056,1.102744,2.058689
0.75,0.341465,0.303147,1.079426,1.964693
0.75,0.325204,0.303147,1.04709,1.886463
0.75,0.373985,0.347874,0.994347,1.797483
0.75,0.414636,0.362783,0.96473,1.738557
0.7,0.439025,0.392049,0.96473,1.738557
0.7,0.479676,0.451684,0.906782,1.675174
0.7,0.577236,0.51132,0.886,1.560005
0.65,0.601625,0.525676,0.886,1.498068
0.65,0.560975,0.525676,0.886,1.343601
0.65,0.593498,0.525676,0.893419,1.209148
0.6,0.609756,0.599669,0.926046,1.109233
0.55,0.658536,0.614025,0.94805,1.002128
0.5,0.707316,0.628382,0.970055,0.895023
0.6,0.666669,0.614578,0.991426,0.790998
0.55,0.674796,0.614025,1.012342,0.738204
0.45,0.715447,0.642739,1.086,0.702257
0.45,0.715447,0.642739,1.209819,0.659061
0.45,0.682927,0.598012,1.237078,0.645937
0.45,0.682927,0.62783,1.372465,0.643178
0.4,0.666669,0.59746,1.514021,0.643178
0.35,0.644988,0.577029,1.632,0.644034
0.3,0.623307,0.556599,1.737265,0.651237
0.25,0.601625,0.536168,1.811382,0.670733
0.2,0.609756,0.535616,1.890698,0.724776
0.25,0.577236,0.476532,1.957985,0.777744
0.25,0.552847,0.50635,2.008417,0.861171
0.3,0.512196,0.477084,2.071875,0.918587
0.2,0.528455,0.461071,2.132821,0.963492
0.2,0.455284,0.416345,2.165818,1.169273
0.2,0.414636,0.371618,2.165818,1.291625
0.25,0.414636,0.357261,2.165818,1.333937
0.3,0.357724,0.313087,2.162212,1.376789
0.35,0.333334,0.313639,2.102988,1.55821
0.35,0.300814,0.283821,2.07755,1.623425
0.35,0.268294,0.254003,1.994096,1.725673
0.35,0.235774,0.224186,1.925505,1.818307
0.4,0.211384,0.19492,1.904806,1.88809
0.45,0.186993,0.165654,1.882002,1.960732
0.55,0.203251,0.181668,1.85151,2.056549
0.65,0.211382,0.197681,1.832844,2.093861
0.55,0.203251,0.181668,1.699137,2.1565
0.65,0.203251,0.197681,1.571875,2.237002
0.65,0.195124,0.182772,1.497239,2.298323
0.7,0.170731,0.168415,1.479042,2.306
0.65,0.186993,0.152954,1.479113,2.306
0.7,0.146342,0.138597,1.479113,2.300223
0.7,0.170731,0.138597,1.479199,2.257645
0.7,0.154473,0.153506,1.47713,2.2485
0.75,0.219513,0.198785,1.474095,2.195625
0.675,0.256098,0.235229,1.474095,2.085625
0.6,0.292684,0.271673,1.474095,1.967016
0.6,0.284553,0.271673,1.44981,1.850017
0.6,0.365854,0.331309,1.400146,1.75841
0.5,0.349593,0.300387,1.381139,1.658564
0.55,0.422764,0.375483,1.367,1.586617
0.55,0.414636,0.375483,1.367,1.505484
0.6,0.430895,0.390944,1.366508,1.388045
0.58,0.466667,0.423523,1.361286,1.284875
0.56,0.502439,0.456102,1.345161,1.214
0.54,0.538212,0.48868,1.3407,1.17835
0.52,0.573984,0.521259,1.297285,1.038126
0.5,0.609756,0.553838,1.231231,0.947357
0.45,0.691058,0.612921,1.205894,0.904948
0.45,0.674796,0.62783,1.173269,0.878507
0.45,0.756098,0.687465,1.161817,0.875764
0.4,0.90244,1.0,1.154419,0.875764
0.5,0.699189,0.643291,1.14575,0.875764
0.55,0.658538,0.599117,1.126164,0.890622
0.55,0.642276,0.599117,1.103379,0.948941
0.6,0.666669,0.614578,1.087155,1.003024
0.5,0.658538,0.598564,1.029074,1.078542
0.575,0.650407,0.591938,0.96975,1.13325
0.65,0.642276,0.585312,0.900233,1.2042
0.65,0.609756,0.555494,0.858071,1.318403
0.75,0.585367,0.54169,0.846632,1.4199
0.7,0.585367,0.526229,0.843266,1.526781
0.7,0.560975,0.51132,0.840297,1.606051
0.8,0.552847,0.497515,0.84,1.68346
0.8,0.528455,0.497515,0.840098,1.784989
0.8,0.552847,0.452789,0.844192,1.89774
0.8,0.479676,0.467697,0.849874,1.967142
0.8,0.447156,0.408062,0.876621,2.059695
0.8,0.422764,0.393153,0.937283,2.141645
0.8,0.414636,0.393153,0.989757,2.197051
0.9,0.357724,0.334622,1.044303,2.23454
0.9,0.333334,0.289895,1.141281,2.277718
0.85,0.276422,0.259525,1.183277,2.329565
0.85,0.284553,0.259525,1.257169,2.351
0.85,0.211382,0.19989,1.340418,2.351
0.8,0.203251,0.199337,1.461281,2.351
0.7,0.195124,0.168415,1.551727,2.343759
0.75,0.154473,0.13915,1.606343,2.300641
0.7,0.162604,0.138597,1.65897,2.229984
0.65,0.089433,0.07841,1.72376,2.183385
0.525,0.105693,0.099393,1.803375,2.158
0.4,0.121953,0.120375,1.874291,2.10394
0.35,0.105691,0.104914,1.942283,1.98524
0.35,0.154473,0.134732,1.974833,1.823
0.35,0.260164,0.224186,1.981,1.755492
0.3,0.292684,0.253451,1.981,1.716571
0.2,0.276422,0.267256,1.981,1.680375
0.25,0.284553,0.267808,1.9805,1.647
0.3,0.292684,0.26836,1.976375,1.634375
0.25,0.317073,0.297626,1.97,1.537922
0.25,0.349593,0.312535,1.962073,1.520282
0.3,0.378048,0.327996,1.918807,1.474484
0.35,0.406504,0.343457,1.794745,1.434478
0.4,0.434959,0.358918,1.74271,1.396611
0.45,0.463415,0.374379,1.698775,1.354717
0.45,0.495935,0.463832,1.625816,1.29224
0.45,0.512196,0.463832,1.544359,1.242791
0.4,0.609756,0.552733,1.538,1.239
0.45,0.597562,0.545831,1.386897,1.189256
0.5,0.585367,0.538929,1.241177,1.154069
0.5,0.642276,0.598564,1.13825,1.139343
0.55,0.658538,0.599117,1.056763,1.132133
0.6,0.658538,0.614578,0.962798,1.120902
0.6,0.682927,0.569851,0.918109,1.079612
0.6,0.715447,0.659304,0.872765,0.958032
0.6,0.756098,0.689122,0.854621,0.890853
0.55,0.861789,0.792932,0.832891,0.799825
0.6,0.731709,0.674213,0.8315,0.75643
0.6,0.739836,0.689122,0.8315,0.750033
0.55,0.707316,0.643843,0.8315,0.750033
0.5,0.747967,0.6582,0.849667,0.752016
0.6,0.691058,0.629486,0.887566,0.746637
0.55,0.691058,0.628934,0.935215,0.745506
0.55,0.691058,0.614025,1.05388,0.745506
0.45,0.707316,0.642739,1.137993,0.742122
0.45,0.699189,0.642739,1.236773,0.716793
0.375,0.686993,0.627002,1.3185,0.701564
0.3,0.674796,0.611264,1.3905,0.701564
0.4,0.658538,0.612369,1.508388,0.701564
0.3,0.617887,0.566538,1.598459,0.707606
0.3,0.593498,0.551629,1.688074,0.729827
0.25,0.593498,0.536168,1.755221,0.767977
0.35,0.577236,0.507454,1.855215,0.80667
0.275,0.548782,0.491717,1.96351,0.834055
0.2,0.520327,0.47598,2.059309,0.872147
0.2,0.471545,0.431253,2.119773,0.932023
0.2,0.439025,0.401436,2.146125,1.032342
0.2,0.414636,0.371618,2.148,1.119447
0.25,0.414636,0.37217,2.152426,1.239934
0.3,0.349593,0.327996,2.156068,1.300559
0.3,0.317073,0.283269,2.161368,1.333274
0.25,0.317073,0.282717,2.167375,1.517951
0.2,0.235774,0.20762,2.170125,1.587627
0.25,0.214093,0.188294,2.198125,1.654125
0.3,0.192412,0.168967,2.185649,1.782183
0.35,0.170731,0.149641,2.172548,1.938013
0.3,0.138211,0.13418,2.170125,1.996034
0.35,0.06504,0.045279,2.165958,2.066827
0.475,0.060975,0.054114,2.123267,2.203606
0.6,0.056909,0.062949,1.946026,2.426685
0.65,0.06504,0.063501,1.880568,2.49334
0.7,0.056909,0.049144,1.847375,2.524414
0.75,0.073171,0.064605,1.764625,2.549899
0.85,0.089433,0.080618,1.560275,2.627305
0.9,0.138211,0.140806,1.477927,2.64486
0.9,0.178862,0.170624,1.403028,2.65075
0.8,0.203251,0.184428,1.336076,2.65075
0.9,0.243902,0.23026,1.194948,2.65075
0.9,0.252033,0.215351,1.162156,2.618239
0.85,0.252033,0.229707,1.1435,2.5305
0.8,0.349593,0.3037,1.117996,2.441602
0.8,0.365854,0.333517,1.09721,2.305448
0.85,0.479676,0.423523,1.076824,2.209334
0.8,0.479676,0.422971,0.950972,2.158622
0.8,0.479676,0.43788,0.879344,2.071219
0.8,0.495935,0.43788,0.802651,1.957875
0.8,0.463415,0.422971,0.757975,1.863
0.7,0.560975,0.51132,0.7557,1.775792
0.75,0.585367,0.526781,0.7557,1.669
0.7,0.544716,0.496411,0.757975,1.620124
0.7,0.601625,0.541137,0.772625,1.507345
0.75,0.609756,0.556599,0.796828,1.399625
0.65,0.601625,0.555494,0.811456,1.34459
0.65,0.626018,0.570403,0.820195,1.340171
0.7,0.609756,0.556046,0.86315,1.340171
0.6,0.528455,0.480398,0.92758,1.340171
0.65,0.528455,0.466041,1.006615,1.356444
0.55,0.463415,0.42021,1.085918,1.36825
0.6,0.414636,0.390944,1.197941,1.374476
0.55,0.414636,0.375483,1.33508,1.406703
0.5,0.414636,0.374931,1.4254,1.430163
0.45,0.414636,0.374379,1.586031,1.445775
0.5,0.308942,0.300387,1.694361,1.44968
0.4,0.325204,0.254555,1.829012,1.44565
0.3,0.337398,0.283269,1.998749,1.405889
0.2,0.349593,0.311982,2.080368,1.348713
0.25,0.325204,0.282717,2.123304,1.323944
0.2,0.398375,0.371618,2.138931,1.264188
0.1,0.430895,0.340696,2.146646,1.213479
0.2,0.455284,0.461071,2.171148,1.164631
0.15,0.463415,0.415792,2.193917,1.081815
0.2,0.447156,0.416345,2.200062,0.991351
0.15,0.495935,0.44561,2.197667,0.956375
0.15,0.504065,0.44561,2.197667,0.907375
0.15,0.528455,0.475428,2.194352,0.874523
0.2,0.560975,0.505798,2.108606,0.870094
0.15,0.569105,0.535064,2.043254,0.866476
0.2,0.613822,0.565433,1.97795,0.843083
0.25,0.658538,0.595803,1.921133,0.784343
0.35,0.617887,0.552181,1.86281,0.728785
0.35,0.699189,0.656543,1.784828,0.696995
0.25,0.707316,0.715075,1.71844,0.694342
0.25,0.650407,0.610712,1.617462,0.6935
0.35,0.674796,0.611817,1.532,0.6935
0.4,0.739836,0.686913,1.469602,0.694766
0.45,0.739836,0.657648,1.379375,0.702375
0.45,0.707316,0.657648,1.278006,0.719353
0.45,0.674796,0.62783,1.189831,0.763022
0.55,0.691058,0.614025,1.172794,0.821539
0.5,0.666669,0.613473,1.157612,0.909642
0.6,0.650407,0.58476,1.152625,1.001125
0.6,0.650407,0.58476,1.134994,1.036587
0.6,0.626018,0.554942,1.104602,1.118642
0.55,0.626018,0.55439,1.042286,1.209997
0.65,0.593498,0.540585,0.925776,1.31943
0.75,0.560975,0.496963,0.875222,1.40164
0.75,0.560975,0.496963,0.837286,1.529859
0.75,0.520327,0.467145,0.834,1.659137
0.8,0.552847,0.497515,0.834,1.749645
0.75,0.520327,0.467145,0.834,1.841175
0.8,0.479676,0.43788,0.840138,1.91151
0.85,0.479676,0.438432,0.853636,1.985761
0.85,0.471545,0.438432,0.86227,2.073555
0.85,0.373985,0.438432,0.889401,2.152151
0.9,0.398375,0.349531,0.9405,2.208825
0.8,0.349593,0.3037,1.001871,2.227768
0.85,0.300814,0.289343,1.079258,2.232098
0.8,0.276422,0.244064,1.151778,2.234753
0.8,0.235774,0.214246,1.227182,2.238264
0.8,0.219513,0.199337,1.317487,2.24
0.8,0.178862,0.16952,1.400887,2.239632
0.75,0.211382,0.198785,1.48856,2.23925
0.65,0.211382,0.182772,1.573009,2.236196
0.55,0.170731,0.15185,1.60375,2.18575
0.5,0.178862,0.166207,1.629585,2.103016
0.4,0.162604,0.150193,1.684125,2.040283
0.4,0.186993,0.180011,1.74625,1.968914
0.3,0.186993,0.163998,1.835548,1.877874
0.3,0.235774,0.208724,1.969687,1.752004
0.3,0.252033,0.223633,1.974959,1.715875
0.275,0.280487,0.245721,1.978344,1.639944
0.25,0.308942,0.267808,1.99623,1.57
0.35,0.373985,0.328548,1.99623,1.515296
0.275,0.410571,0.350083,1.983616,1.436
0.2,0.447156,0.371618,1.978105,1.228484
0.2,0.536585,0.47598,1.971625,1.157385
0.3,0.520327,0.477084,1.9655,1.079209
0.25,0.520327,0.461623,1.9655,0.975637
0.25,0.569105,0.50635,1.951435,0.905625
0.35,0.544716,0.522363,1.860943,0.863211
0.3,0.617887,0.551629,1.77948,0.827717
0.3,0.585367,0.521811,1.721528,0.793522
0.35,0.626018,0.581999,1.687147,0.751182
0.35,0.642276,0.56709,1.647293,0.729
0.4,0.658538,0.59746,1.586468,0.729
0.35,0.674796,0.596908,1.488234,0.729
0.35,0.642276,0.596908,1.406875,0.744423
0.45,0.642276,0.583103,1.330714,0.801048
0.45,0.666669,0.598012,1.283963,0.821151
0.55,0.674796,0.614025,1.242683,0.891837
0.55,0.707316,0.643843,1.146628,0.925366
0.6,0.707316,0.629486,1.050782,0.957353
0.7,0.699189,0.615682,0.969391,1.011148
0.65,0.642276,0.585312,0.915636,1.078195
0.6,0.609756,0.554942,0.888637,1.176489
0.65,0.617887,0.555494,0.867875,1.28775
0.65,0.617887,0.540585,0.854919,1.370516
0.7,0.609756,0.556046,0.833856,1.47192
0.75,0.577236,0.526781,0.788473,1.561615
0.75,0.569105,0.511872,0.777179,1.682606
0.75,0.585367,0.526781,0.777179,1.758131
0.75,0.528455,0.482054,0.777179,1.811083
0.75,0.512196,0.467145,0.798723,1.884421
0.8,0.479676,0.43788,0.872028,1.920904
0.85,0.430895,0.393705,0.918038,1.937063
0.85,0.463415,0.423523,0.948832,1.966168
0.85,0.439025,0.393705,0.981689,1.971399
0.8,0.430895,0.408062,1.042621,1.971399
0.8,0.406505,0.363335,1.1245,1.971399
0.7,0.410571,0.37714,1.158619,1.89817
0.6,0.414636,0.390944,1.20784,1.711397
0.6,0.414636,0.376035,1.256474,1.659264
0.525,0.422765,0.360298,1.368771,1.624654
0.45,0.430895,0.344561,1.484761,1.569144
0.45,0.422764,0.344561,1.545467,1.516958
0.35,0.447156,0.403092,1.66,1.4635
0.35,0.463415,0.418001,1.842371,1.28061
0.3,0.422764,0.372722,1.956436,1.199753
0.25,0.447156,0.431806,2.011899,1.145542
0.15,0.439025,0.415792,2.076355,1.112763
0.2,0.463415,0.431253,2.151567,1.086924
0.1,0.479676,0.430149,2.209339,1.085195
0.1,0.471545,0.41524,2.237167,1.085195
0.15,0.430895,0.385975,2.289375,1.085195
0.2,0.414636,0.371618,2.311008,1.100229
0.1,0.382113,0.340696,2.313797,1.200659
0.15,0.365854,0.356157,2.32201,1.306307
0.05,0.292684,0.265599,2.330355,1.386823
0.1,0.247967,0.221425,2.335333,1.484098
0.15,0.203251,0.17725,2.32201,1.585109
0.2,0.203251,0.177802,2.313063,1.772765
0.25,0.203251,0.178355,2.309282,1.870131
0.2,0.13008,0.118167,2.303547,1.959406
0.3,0.121951,0.089453,2.269039,2.02025
0.4,0.113822,0.06074,2.236391,2.048993
0.45,0.040651,0.046383,2.210575,2.087453
0.55,0.105691,0.092214,2.091689,2.175302
0.65,0.089433,0.07841,1.939129,2.273551
0.7,0.170731,0.153506,1.843346,2.337172
0.75,0.170731,0.154059,1.745291,2.365258
0.7,0.235774,0.198233,1.640531,2.371
0.75,0.272358,0.236057,1.574557,2.371
0.8,0.308942,0.273882,1.431711,2.371
0.85,0.325204,0.304252,1.348879,2.361367
0.85,0.333334,0.304252,1.279325,2.344328
0.85,0.430895,0.393705,1.160257,2.306835
0.85,0.414636,0.363887,1.105784,2.263294
0.8,0.463415,0.422971,0.963096,2.203814
0.85,0.479676,0.438432,0.880962,2.087384
0.8,0.528455,0.467697,0.829232,2.026886
0.75,0.520327,0.467145,0.796408,1.945559
0.8,0.617887,0.57206,0.734465,1.857044
0.75,0.666669,0.601325,0.687375,1.785125
0.7,0.609756,0.556046,0.684,1.673026
0.7,0.642276,0.585864,0.684,1.564875
0.65,0.626018,0.585312,0.684,1.462094
0.6,0.658538,0.599669,0.684,1.368875
0.65,0.666669,0.600221,0.713099,1.288175
0.65,0.674796,0.61513,0.753261,1.194269
0.65,0.699189,0.644948,0.78333,1.005864
0.55,0.723578,0.643843,0.823149,0.870367
0.5,0.739836,0.673109,0.870642,0.75269
0.5,0.747967,0.673109,0.91425,0.71275
0.5,0.707316,0.628382,1.00484,0.709788
0.4625,0.693089,0.616786,1.129962,0.691264
0.425,0.678862,0.605191,1.23218,0.671483
0.3875,0.664634,0.593595,1.341874,0.641031
0.35,0.650407,0.581999,1.463817,0.6295
0.325,0.597562,0.544451,1.58447,0.6295
0.3,0.544716,0.506902,1.673723,0.63225
0.266667,0.533876,0.491625,1.779858,0.64833
0.233333,0.523036,0.476348,1.868608,0.685455
0.2,0.512196,0.461071,1.938342,0.736617
0.2,0.479676,0.446162,1.979988,0.805768
0.25,0.447156,0.401988,2.093611,0.899307
0.25,0.439025,0.401988,2.183678,0.978537
0.15,0.398375,0.341248,2.252284,1.088128
0.2,0.333334,0.311982,2.263,1.201292
0.2,0.308942,0.282165,2.2693,1.3051
0.15,0.284553,0.236886,2.277706,1.426975
0.2,0.243902,0.222529,2.285146,1.528902
0.15,0.154473,0.17725,2.28575,1.636066
0.25,0.203251,0.178355,2.285375,1.814482
0.35,0.138211,0.134732,2.28575,1.921161
0.3,0.121953,0.104362,2.2855,2.025274
0.25,0.105691,0.10381,2.284155,2.058071
0.383333,0.111111,0.105283,2.175701,2.099928
0.516667,0.116532,0.106755,2.066885,2.181378
0.65,0.121953,0.108227,1.958309,2.258987
0.65,0.121953,0.108227,1.83909,2.340612
0.7,0.113822,0.093871,1.776363,2.386416
0.8,0.186993,0.154611,1.659658,2.424207
0.8,0.211382,0.199337,1.55973,2.433931
0.8,0.219513,0.184428,1.472052,2.433931
0.85,0.276422,0.259525,1.368225,2.433931
0.85,0.292684,0.274434,1.283576,2.422132
0.9,0.308942,0.289895,1.23446,2.38304
0.85,0.390244,0.348978,1.112823,2.343677
0.85,0.406505,0.363887,1.029135,2.309359
0.8,0.430895,0.378244,0.944187,2.259742
0.75,0.439025,0.392601,0.898379,2.192586
0.75,0.479676,0.437327,0.887076,2.09397
0.75,0.455284,0.422419,0.880938,1.986137
0.7,0.512196,0.466593,0.876763,1.884956
0.75,0.569105,0.526781,0.871216,1.797419
0.7,0.569105,0.526229,0.857466,1.659767
0.7,0.609756,0.556046,0.855,1.569294
0.65,0.626018,0.570403,0.855,1.469736
0.6,0.674796,0.614578,0.855,1.428295
0.6,0.658538,0.599669,0.87697,1.416375
0.5,0.707316,0.643291,0.892627,1.337831
0.55,0.788618,0.718388,0.905422,1.160393
0.45,0.80488,0.717283,0.937177,0.922557
0.5,0.8374,0.732744,0.968347,0.776703
0.45,0.707316,0.657648,0.972796,0.646208
0.45,0.739836,0.672557,1.001157,0.5629
0.45,0.699189,0.657648,1.063793,0.534528
0.5,0.715447,0.6582,1.174171,0.533947
0.425,0.699187,0.642463,1.275966,0.533787
0.35,0.682927,0.626726,1.361487,0.533787
0.3,0.682927,0.611264,1.458143,0.533941
0.3,0.682927,0.626173,1.557456,0.537638
0.3,0.593498,0.53672,1.653024,0.549952
0.3,0.536585,0.506902,1.745832,0.552506
0.3,0.544716,0.491993,1.845265,0.557608
0.3,0.520327,0.462176,1.888146,0.593914
0.2,0.504065,0.431253,1.891,0.601471
0.1,0.447156,0.400331,1.947786,0.815846
0.175,0.390245,0.356433,2.047822,1.054719
0.25,0.333334,0.312535,2.133547,1.17139
0.25,0.325204,0.297626,2.181204,1.27444
0.25,0.308942,0.267808,2.191135,1.387388
0.15,0.308942,0.281612,2.191135,1.522797
0.2,0.247967,0.229983,2.19251,1.619753
0.25,0.186993,0.178355,2.196911,1.710805
0.35,0.170731,0.149641,2.184112,1.819081
0.35,0.195124,0.179459,2.170464,1.887198
0.3,0.162604,0.149089,2.152892,1.948143
0.35,0.186993,0.16455,2.117163,1.964171
0.35,0.162604,0.149641,2.037439,1.965403
0.45,0.252033,0.22529,1.916606,1.965403
0.55,0.284553,0.241303,1.83951,1.953202
0.5,0.300814,0.270569,1.78582,1.933004
0.6,0.333334,0.286582,1.69782,1.86475
0.65,0.317073,0.287134,1.584,1.814691
0.55,0.398375,0.330756,1.473639,1.79252
0.6,0.430895,0.361126,1.372684,1.767603
0.6,0.520327,0.465489,1.328766,1.752308
0.5,0.560975,0.509111,1.262274,1.708767
0.5625,0.569105,0.517256,1.180989,1.644866
0.625,0.577236,0.5254,1.102369,1.580513
0.6875,0.585367,0.533545,1.03425,1.544423
0.75,0.593498,0.54169,0.9475,1.535614
0.75,0.634146,0.586416,0.865137,1.534988
0.75,0.658538,0.586416,0.802926,1.534988
0.7,0.634146,0.600773,0.765285,1.538243
0.7,0.617887,0.585864,0.718582,1.548281
0.75,0.585367,0.54169,0.699817,1.564524
0.8,0.601625,0.542242,0.699192,1.603316
0.8,0.585367,0.542242,0.699192,1.672709
0.75,0.577236,0.54169,0.699192,1.725911
0.8,0.528455,0.482606,0.71762,1.749472
0.8,0.495935,0.43788,0.766345,1.800775
0.85,0.447156,0.423523,0.812442,1.851962
0.85,0.414636,0.378796,0.844962,1.928774
0.9,0.382113,0.36444,0.892734,1.996219
0.85,0.317073,0.304252,0.950951,2.047792
0.85,0.276422,0.259525,1.016369,2.117937
0.8,0.276422,0.229155,1.120377,2.152103
0.8,0.219513,0.214246,1.236125,2.201125
0.8,0.178862,0.16952,1.362675,2.221637
0.85,0.203251,0.229707,1.441174,2.221637
0.75,0.178862,0.168967,1.486661,2.221637
0.75,0.219513,0.183876,1.538619,2.216362
0.625,0.207318,0.182496,1.58059,2.170769
0.5,0.195124,0.181115,1.617125,2.096875
0.4,0.252033,0.209829,1.653786,2.014578
0.45,0.268294,0.240199,1.666391,1.903362
0.4,0.235774,0.224738,1.697275,1.821113
0.45,0.349593,0.314743,1.750853,1.817125
0.35,0.398375,0.373274,1.7733,1.797893
0.25,0.406505,0.37217,1.773478,1.773148
0.25,0.430895,0.401988,1.769642,1.716436
0.3,0.463415,0.424903,1.738703,1.408161
0.35,0.495935,0.447819,1.734208,1.343343
0.4,0.560975,0.508007,1.722662,1.290408
0.4,0.552847,0.478189,1.710185,1.208332
0.4,0.577236,0.508007,1.666188,1.12273
0.45,0.593498,0.553285,1.595071,1.041949
0.45,0.593498,0.553285,1.52968,0.962473
0.45,0.666669,0.568194,1.471068,0.911054
0.35,0.699189,0.626726,1.41015,0.835824
0.45,0.691058,0.612921,1.363365,0.775157
0.5,0.707316,0.643291,1.31175,0.770766
0.5,0.680217,0.618443,1.284653,0.770766
0.5,0.653118,0.593595,1.280444,0.770766
0.5,0.626018,0.568747,1.279012,0.803383
0.45,0.642276,0.568194,1.271443,0.862962
0.55,0.642276,0.569299,1.263148,0.907681
0.5,0.626018,0.568747,1.261523,0.965735
0.5,0.626018,0.553838,1.258888,1.023827
0.525,0.597562,0.539205,1.217388,1.159699
0.55,0.569105,0.524572,1.184097,1.191014
0.6,0.528455,0.480398,1.159029,1.244828
0.5,0.528455,0.479293,1.142325,1.343484
0.575,0.528455,0.472667,1.139609,1.411143
0.65,0.528455,0.466041,1.123082,1.499859
0.725,0.520325,0.466869,1.112321,1.55718
0.8,0.512196,0.467697,1.080425,1.661675
0.8,0.439025,0.393153,0.999778,1.744242
0.8,0.439025,0.393153,0.952525,1.804095
0.75,0.447156,0.40751,0.925469,1.850839
0.8,0.455284,0.408062,0.899472,1.978062
0.9,0.430895,0.409166,0.899472,2.059099
0.9,0.414636,0.379348,0.901472,2.142023
0.95,0.398375,0.364992,0.902598,2.216781
0.9,0.390244,0.36444,0.929805,2.278029
0.9,0.390244,0.349531,0.954068,2.305257
0.85,0.373985,0.363887,0.959128,2.385054
0.9,0.325204,0.289895,0.96615,2.428025
0.9,0.308942,0.289895,0.999272,2.429367
0.85,0.276422,0.259525,1.072295,2.429367
0.9,0.268294,0.23026,1.157863,2.429367
0.8,0.203251,0.184428,1.253856,2.412165
0.85,0.186993,0.170072,1.310004,2.364454
0.75,0.186993,0.154059,1.37026,2.355
0.65,0.146342,0.138045,1.449183,2.344
0.7,0.146342,0.123689,1.512956,2.332681
0.65,0.138211,0.138045,1.5765,2.320565
0.75,0.121953,0.124241,1.639379,2.319
0.625,0.105693,0.100497,1.692404,2.314241
0.5,0.089433,0.076753,1.759923,2.253688
0.4,0.105691,0.090558,1.811043,2.193902
0.4,0.081302,0.06074,1.846554,2.148033
0.35,0.105691,0.075097,1.890417,2.114321
0.25,0.105691,0.088901,1.970528,2.055236
0.3,0.105691,0.089453,1.99675,2.02944
0.2,0.195124,0.162893,2.023354,2.014709
0.183333,0.219514,0.182588,2.076504,1.986789
0.166667,0.243904,0.202282,2.113516,1.928264
0.15,0.268294,0.221977,2.14175,1.798755
0.15,0.284553,0.251795,2.165182,1.649771
0.15,0.357724,0.356157,2.201766,1.502632
0.15,0.325204,0.281612,2.232275,1.478247
0.2,0.349593,0.311982,2.277688,1.456789
0.15,0.382113,0.341248,2.280563,1.366
0.15,0.414636,0.371066,2.2627,1.306105
0.1,0.422764,0.41524,2.2255,1.251723
0.2,0.447156,0.386527,2.22475,1.193234
0.2,0.528455,0.47598,2.17075,1.112152
0.25,0.520327,0.461623,2.11425,1.074339
0.15,0.544716,0.490337,2.081293,1.0405
0.25,0.512196,0.476532,2.024383,1.014094
0.25,0.487804,0.446715,2.002766,0.969217
0.25,0.552847,0.491441,1.981042,0.969217
0.275,0.560977,0.499172,1.931549,0.975
0.3,0.569107,0.506902,1.879519,0.975
0.325,0.577236,0.514633,1.861069,1.027706
0.35,0.585366,0.522363,1.816919,1.093685
0.375,0.593496,0.530094,1.791575,1.122779
0.4,0.601625,0.537824,1.739395,1.137415
0.5,0.544716,0.494202,1.651477,1.149375
0.5,0.512196,0.479293,1.587143,1.1625
0.5,0.560975,0.509111,1.488633,1.168
0.55,0.560975,0.509663,1.418315,1.168012
0.55,0.577236,0.524572,1.273508,1.230268
0.55,0.650407,0.584208,1.173689,1.267016
0.6,0.626018,0.569851,1.081402,1.295654
0.7,0.666669,0.615682,0.996625,1.301394
0.65,0.634146,0.585312,0.922915,1.303335
0.7,0.650407,0.585864,0.846684,1.308888
0.65,0.601625,0.555494,0.789789,1.323
0.7,0.609756,0.541137,0.78,1.369875
0.75,0.617887,0.571507,0.78,1.443737
0.75,0.601625,0.556599,0.78,1.508626
0.75,0.520327,0.482054,0.786457,1.560556
0.75,0.536585,0.496963,0.797963,1.649398
0.75,0.487804,0.437327,0.833065,1.701221
0.85,0.430895,0.393705,0.853622,1.800713
0.8,0.430895,0.378244,0.886596,1.897933
0.75,0.398375,0.377692,0.948281,1.971326
0.75,0.341465,0.318056,1.02575,1.993459
0.7,0.333334,0.332413,1.088454,1.99725
0.8,0.268294,0.244064,1.171896,2.004074
0.7,0.227644,0.198233,1.246433,2.041741
0.7,0.203251,0.183324,1.327313,2.088855
0.65,0.211382,0.21259,1.416356,2.134764
0.6,0.170731,0.167311,1.494591,2.178951
0.6,0.170731,0.152402,1.572964,2.187092
0.55,0.089433,0.092214,1.665856,2.187092
0.45,0.162604,0.135837,1.739921,2.186592
0.35,0.138211,0.134732,1.796611,2.179197
0.425,0.162602,0.157924,1.875754,2.127297
0.5,0.186993,0.181115,1.909636,2.115774
0.4,0.203251,0.180011,1.947052,2.085486
0.45,0.252033,0.240199,1.96679,1.980492
0.35,0.292684,0.268912,1.968263,1.906796
0.25,0.333334,0.297626,1.969591,1.848309
0.35,0.317073,0.283821,1.97725,1.792375
0.35,0.382113,0.343457,1.9825,1.71888
0.25,0.398375,0.37217,1.9825,1.623708
0.25,0.430895,0.387079,1.989162,1.49165
0.2,0.479676,0.446162,1.99255,1.280195
0.3,0.504065,0.447267,1.99255,1.215014
0.2,0.569105,0.520707,1.99255,1.15175
0.3,0.528455,0.477084,1.964671,1.080971
0.275,0.569105,0.514081,1.942049,1.00677
0.25,0.609756,0.551077,1.933701,0.916125
0.25,0.626018,0.565986,1.921458,0.836407
0.35,0.642276,0.581999,1.896497,0.771909
0.3,0.642276,0.581447,1.867523,0.726863
0.3,0.642276,0.581447,1.770093,0.6975
0.425,0.703253,0.642463,1.655693,0.688743
0.55,0.764229,0.703479,1.598827,0.678369
0.55,0.739836,0.718388,1.566926,0.663988
0.45,0.747967,0.672557,1.484659,0.654454
0.45,0.723578,0.642739,1.395488,0.654454
0.55,0.739836,0.658752,1.347521,0.654454
0.5,0.723578,0.6582,1.313959,0.654454
0.5,0.674796,0.613473,1.271444,0.694169
0.55,0.682927,0.628934,1.199983,0.76321
0.6,0.691058,0.644395,1.09975,0.815344
0.55,0.699189,0.628934,1.068363,0.869294
0.55,0.715447,0.643843,1.0126,0.917657
0.65,0.658538,0.600221,0.939219,0.984434
0.7,0.609756,0.570955,0.865,1.0545
0.7,0.609756,0.556046,0.799283,1.132116
0.75,0.617887,0.571507,0.773158,1.206063
0.75,0.593498,0.54169,0.765547,1.309351
0.75,0.577236,0.526781,0.75883,1.409199
0.8,0.544716,0.497515,0.758,1.510456
0.8,0.520327,0.482606,0.758325,1.596525
0.8,0.528455,0.482606,0.761908,1.681189
0.85,0.447156,0.408614,0.762378,1.755078
0.8,0.430895,0.393153,0.774689,1.846295
0.75,0.390244,0.362783,0.835289,1.902661
0.8,0.325204,0.288791,0.913366,1.917357
0.8,0.308942,0.273882,0.993618,1.922848
0.8,0.284553,0.258973,1.108386,1.951298
0.75,0.300814,0.27333,1.153096,2.020262
0.7,0.276422,0.257869,1.230918,2.025
0.65,0.349593,0.302043,1.270375,2.025
0.6,0.341465,0.3164,1.33125,2.025
0.5,0.349593,0.315295,1.3595,2.015
0.55,0.357724,0.315848,1.381412,1.942214
0.6,0.398375,0.361126,1.408777,1.873737
0.475,0.414635,0.3672,1.438017,1.776942
0.35,0.430895,0.373274,1.48875,1.68875
0.35,0.455284,0.403092,1.572625,1.5945
0.4,0.463415,0.418553,1.62925,1.501
0.35,0.495935,0.447819,1.671653,1.4215
0.3,0.528455,0.477084,1.717641,1.299
0.2,0.528455,0.490889,1.753875,1.155883
0.25,0.479676,0.446715,1.818325,1.049402
0.2,0.495935,0.461071,1.930022,0.9819
0.15,0.528455,0.490337,1.955596,0.940278
0.15,0.536585,0.490337,1.998766,0.916178
0.15,0.536585,0.475428,2.045191,0.890375
0.15,0.504065,0.460519,2.091375,0.875467
0.1,0.447156,0.400331,2.17627,0.875467
0.15,0.447156,0.400883,2.268875,0.875467
0.2,0.406505,0.356709,2.319444,0.880649
0.1,0.373985,0.325787,2.329757,0.96217
0.1,0.300814,0.266151,2.350913,1.078177
0.15,0.292684,0.251795,2.366717,1.203913
0.1,0.252033,0.221425,2.37491,1.302429
0.2,0.162604,0.147985,2.37234,1.427096
0.2,0.186993,0.162893,2.372337,1.572668
0.2,0.162604,0.147985,2.372337,1.661572
0.275,0.126018,0.111541,2.33719,1.742762
0.35,0.089433,0.075097,2.30475,1.822671
0.4,0.105691,0.075649,2.274534,1.865658
0.45,0.06504,0.061292,2.2446,1.943967
0.5,0.056909,0.046935,2.217945,2.30075
0.575,0.093495,0.099945,2.19825,2.360499
0.65,0.13008,0.152954,2.069741,2.368275
0.7,0.203251,0.183324,1.967549,2.3705
0.75,0.227644,0.198785,1.8606,2.369875
0.8,0.243902,0.229155,1.69885,2.367175
0.8,0.292684,0.273882,1.601054,2.3673
0.8,0.284553,0.273882,1.536439,2.366663
0.8,0.325204,0.3037,1.428146,2.354649
0.8,0.414636,0.378244,1.277173,2.343857
0.75,0.422764,0.392601,1.166035,2.333303
0.75,0.422764,0.392601,1.102048,2.322536
0.75,0.414636,0.377692,1.076967,2.280102
0.75,0.430895,0.377692,1.062115,2.18991
0.7,0.512196,0.481502,1.052615,2.086049
0.7,0.536585,0.496411,1.039503,1.961549
0.65,0.577236,0.525676,1.025261,1.83232
0.65,0.617887,0.570403,0.979907,1.778942
0.7,0.617887,0.570955,0.910008,1.683333
0.65,0.654473,0.607675,0.876,1.587961
0.6,0.691058,0.644395,0.875625,1.477668
0.55,0.739836,0.673661,0.867757,1.348746
0.6,0.756098,0.674213,0.849621,1.274
0.6,0.764229,0.659304,0.83426,1.141125
0.5,0.723578,0.6582,0.831704,0.984855
0.55,0.707316,0.643843,0.832487,0.859189
0.5,0.674796,0.628382,0.832487,0.787017
0.4,0.715447,0.642187,0.832487,0.782
0.433333,0.704607,0.632615,0.887494,0.743625
0.466667,0.693767,0.623044,1.052792,0.672114
0.5,0.682927,0.613473,1.145041,0.652295
0.4,0.674796,0.612369,1.225145,0.640036
0.325,0.642276,0.581723,1.316048,0.638052
0.25,0.609756,0.551077,1.411208,0.63806
0.25,0.593498,0.536168,1.505228,0.639877
0.3,0.560975,0.506902,1.57884,0.650565
0.3,0.552847,0.491993,1.639021,0.66347
0.3,0.495935,0.432358,1.686565,0.775289
0.25,0.479676,0.416897,1.763364,0.842072
0.2,0.430895,0.386527,1.854436,0.892608
0.25,0.422764,0.37217,1.917924,0.964063
0.2,0.382113,0.3418,2.018956,1.014351
0.3,0.349593,0.327996,2.085167,1.084518
0.25,0.308942,0.282717,2.087,1.164719
0.3,0.292684,0.26836,2.087,1.223125
0.3,0.268294,0.238542,2.087,1.304258
0.3,0.186993,0.163998,2.084033,1.484298
0.3,0.186993,0.163998,2.07971,1.59468
0.35,0.170731,0.16455,2.07971,1.701899
0.4,0.170731,0.150193,2.073946,1.803008
0.45,0.170731,0.165654,2.052633,1.943524
0.55,0.178862,0.15185,2.047,2.005298
0.55,0.170731,0.136941,2.047,2.017842
0.675,0.134146,0.115958,1.955945,2.111969
0.8,0.09756,0.094975,1.803156,2.237627
0.8,0.105691,0.094975,1.738864,2.285522
0.85,0.162604,0.155163,1.654673,2.352682
0.85,0.170731,0.155163,1.57436,2.407342
0.8,0.252033,0.214246,1.504136,2.459556
0.8,0.268294,0.244064,1.439756,2.478
0.8,0.341465,0.318609,1.377863,2.478
0.85,0.382113,0.348978,1.314582,2.478
0.8,0.390244,0.363335,1.264378,2.464222
0.85,0.373985,0.348978,1.214537,2.411957
0.8,0.382113,0.348426,1.14735,2.340386
0.8,0.430895,0.393153,1.102517,2.244721
0.8,0.463415,0.422971,0.98327,2.211365
0.75,0.463415,0.437327,0.855007,2.156136
0.7,0.471545,0.436775,0.844714,2.075312
0.7,0.495935,0.451684,0.844214,2.031164
0.65,0.536585,0.48095,0.844214,1.934093
0.7,0.577236,0.526229,0.844214,1.843768
0.7,0.609756,0.570955,0.85625,1.767
0.65,0.650407,0.585312,0.863,1.679175
0.6,0.626018,0.569851,0.864125,1.592515
0.6,0.666669,0.599669,0.869263,1.480965
0.6,0.642276,0.58476,0.8725,1.384468
0.5,0.747967,0.6582,0.87421,1.309859
0.516667,0.758807,0.678262,0.879605,1.199625
0.533333,0.769647,0.698325,0.875307,1.12
0.55,0.780487,0.718388,0.876027,1.076341
0.6,0.796749,0.71894,0.882233,0.851031
0.6,0.747967,0.674213,0.889565,0.767863
0.6,0.723578,0.644395,0.894774,0.713376
0.55,0.682927,0.614025,0.897701,0.701761
0.55,0.674796,0.614025,0.900068,0.701761
0.5,0.666669,0.613473,0.923449,0.701761
0.5,0.642276,0.598564,0.99037,0.70703
0.45,0.626018,0.583103,1.044012,0.749233
0.5,0.609756,0.553838,1.080299,0.7982
0.45,0.609756,0.553285,1.155839,0.883929
0.4,0.585367,0.522916,1.238495,0.917151
0.475,0.548782,0.493926,1.315375,0.941375
0.55,0.512196,0.464936,1.372731,0.989303
0.6,0.544716,0.495306,1.426938,1.01913
0.55,0.439025,0.405301,1.45525,1.049511
0.566667,0.406505,0.375667,1.457085,1.152875
0.583333,0.373985,0.346033,1.465356,1.3045
0.6,0.341465,0.3164,1.487,1.39975
0.65,0.333334,0.287134,1.49,1.508213
0.7,0.365854,0.317504,1.49818,1.611643
0.7,0.268294,0.24296,1.516702,1.703587
0.75,0.227644,0.213694,1.531817,1.812547
0.75,0.205963,0.193816,1.533064,1.909142
0.75,0.184284,0.173937,1.537566,2.002875
0.75,0.162604,0.154059,1.542125,2.097625
0.65,0.126018,0.115682,1.546567,2.174629
0.55,0.089433,0.077305,1.568429,2.251392
0.566667,0.075882,0.06755,1.627867,2.287248
0.583333,0.062332,0.057795,1.681,2.290897
0.6,0.048782,0.04804,1.724357,2.290897
0.55,0.048782,0.047488,1.809547,2.294177
0.6,0.073171,0.122584,1.940786,2.294328
0.5,0.040651,0.046935,1.993568,2.23547
0.35,0.073171,0.067642,2.008659,2.223221
0.2,0.105691,0.088349,2.050906,2.190031
0.25,0.142276,0.126173,2.105628,2.127612
0.3,0.178862,0.163998,2.134896,2.073972
0.25,0.243902,0.208172,2.149624,2.031801
0.3,0.235774,0.208724,2.157125,1.962546
0.2,0.260164,0.222529,2.145499,1.88614
0.3,0.284553,0.253451,2.138538,1.807875
0.2,0.357724,0.311982,2.155468,1.719492
0.15,0.365854,0.326339,2.169359,1.692806
0.25,0.398375,0.342352,2.18675,1.666982
0.2,0.422764,0.371618,2.182625,1.540533
0.25,0.463415,0.431806,2.149609,1.395875
0.3,0.479676,0.432358,2.100825,1.278875
0.25,0.487804,0.431806,2.064633,1.24375
0.3,0.495935,0.447267,2.04825,1.19175
0.3,0.552847,0.506902,2.012493,1.122085
0.3,0.593498,0.53672,1.928711,1.076977
0.3,0.609756,0.551629,1.895427,1.04025
0.35,0.626018,0.581999,1.866333,0.94284
0.35,0.650407,0.596908,1.818292,0.865023
0.35,0.658538,0.596908,1.73474,0.812314
0.35,0.715447,0.641634,1.679615,0.735716
0.4,0.731709,0.672004,1.577033,0.7142
0.4,0.756098,0.672004,1.485145,0.705675
0.45,0.747967,0.672557,1.41259,0.700925
0.45,0.707316,0.642739,1.364988,0.69445
0.5,0.674796,0.628382,1.304924,0.694225
0.45,0.666669,0.612921,1.279,0.700067
0.55,0.642276,0.614025,1.234671,0.712623
0.5,0.642276,0.568747,1.199974,0.728712
0.5,0.609756,0.568747,1.171236,0.810063
0.5,0.699189,0.688018,1.158389,0.896188
0.55,0.646344,0.614025,1.156115,0.955732
0.6,0.593498,0.540033,1.146454,1.051257
0.65,0.548782,0.495859,1.132742,1.129425
0.7,0.504065,0.451684,1.0759,1.227275
0.75,0.471545,0.437327,1.018207,1.307367
0.75,0.512196,0.467145,0.960044,1.442912
0.8,0.520327,0.467697,0.93271,1.545741
0.8,0.487804,0.452789,0.929694,1.654058
0.85,0.479676,0.453341,0.924086,1.73352
0.85,0.463415,0.423523,0.884937,1.845536
0.85,0.455284,0.408614,0.861609,1.918125
0.85,0.447156,0.423523,0.858,1.976825
0.85,0.414636,0.378796,0.858,2.099038
0.9,0.382113,0.349531,0.858625,2.156454
0.85,0.365854,0.319161,0.873298,2.174785
0.85,0.365854,0.33407,0.9097,2.191226
0.9,0.325204,0.274986,0.942565,2.211121
0.85,0.292684,0.274434,0.988988,2.223625
0.85,0.243902,0.214798,1.022,2.248172
0.9,0.268294,0.245168,1.250605,2.273465
0.85,0.203251,0.170072,1.3469,2.28954
0.85,0.186993,0.170072,1.39202,2.331133
0.8,0.113822,0.109884,1.433474,2.342895
0.75,0.113822,0.094423,1.460862,2.351538
0.75,0.056909,0.049696,1.466203,2.360348
0.675,0.056909,0.056322,1.5054,2.361
0.6,0.056909,0.062949,1.576554,2.357918
0.5,0.105691,0.091662,1.674671,2.351079
0.5,0.056909,0.061844,1.743847,2.350643
0.4,0.073171,0.068194,1.795732,2.35
0.3,0.089433,0.074544,1.851188,2.321757
0.4,0.105691,0.075649,1.968883,2.169018
0.366667,0.130081,0.105098,2.045828,2.062562
0.333333,0.154472,0.134548,2.069038,2.052525
0.3,0.178862,0.163998,2.109331,2.049569
0.4,0.191056,0.180011,2.109331,2.032329
0.5,0.203251,0.196024,2.074352,2.009509
0.55,0.219513,0.181668,2.024171,2.004188
0.45,0.268294,0.255108,1.991312,1.99525
0.5,0.317073,0.270569,1.905169,1.987393
0.55,0.341465,0.300939,1.860015,1.961696
0.55,0.317073,0.28603,1.785782,1.947022
0.5,0.382113,0.360022,1.683818,1.91841
0.6,0.455284,0.405853,1.661196,1.867101
0.6,0.447156,0.435671,1.625673,1.792463
0.55,0.430895,0.405301,1.594735,1.690184
0.55,0.528455,0.494754,1.500865,1.630728
0.65,0.536585,0.48095,1.399851,1.607218
0.65,0.585367,0.525676,1.288,1.570011
0.625,0.613822,0.547764,1.237757,1.522625
0.6,0.642276,0.569851,1.175632,1.480659
0.55,0.723578,0.643843,1.093379,1.418201
0.6,0.739836,0.674213,1.042964,1.322404
0.55,0.723578,0.733297,1.010171,1.206007
0.6,0.77236,0.689122,0.954645,1.132308
0.6,0.780487,0.689122,0.88725,1.090375
0.55,0.817073,0.725842,0.816661,0.981746
0.5,0.853658,0.762562,0.792075,0.93416
0.5,0.853658,0.777471,0.763275,0.825183
0.5,0.8374,0.762562,0.747992,0.752154
0.55,0.829269,0.748205,0.738504,0.689512
0.55,0.807589,0.733297,0.737951,0.634115
0.55,0.785909,0.718388,0.737951,0.612241
0.55,0.764229,0.703479,0.737951,0.608313
0.5,0.707316,0.643291,0.749398,0.607918
0.5,0.707316,0.643291,0.824782,0.607918
0.5,0.674796,0.613473,0.906281,0.615728
0.45,0.658538,0.598012,0.976123,0.640361
0.5,0.691058,0.613473,1.055572,0.661618
0.45,0.666667,0.598012,1.16134,0.672048
0.4,0.642276,0.582551,1.260278,0.673726
0.3,0.593498,0.53672,1.332155,0.682153
0.3,0.585367,0.521811,1.389778,0.689875
0.25,0.585367,0.521259,1.488224,0.689375
0.25,0.569105,0.521259,1.587732,0.690125
0.2,0.569105,0.505798,1.697789,0.6885
0.2,0.552847,0.505798,1.834489,0.687
0.15,0.512196,0.460519,1.936604,0.694412
0.25,0.495935,0.446715,2.000125,0.723764
0.15,0.455284,0.415792,2.112875,0.764665
0.15,0.455284,0.400883,2.186051,0.809984
0.2,0.406505,0.356709,2.226955,0.862716
0.15,0.390244,0.356157,2.233355,0.887826
0.15,0.325204,0.296521,2.236933,1.037104
0.2,0.333334,0.297073,2.240815,1.129041
0.25,0.260164,0.223081,2.245528,1.24176
0.2,0.243902,0.222529,2.253864,1.351138
0.3,0.219513,0.208724,2.271125,1.439735
0.4,0.195124,0.180011,2.278,1.61375
0.4,0.178862,0.165102,2.266875,1.691687
0.45,0.176539,0.163524,2.260827,1.721008
0.5,0.174216,0.161947,2.219327,1.75488
0.55,0.171894,0.160369,2.129234,1.956158
0.6,0.169572,0.158792,2.094892,2.033787
0.65,0.167249,0.157214,2.032594,2.082333
0.7,0.164926,0.155636,1.992347,2.176097
0.75,0.162604,0.154059,1.938384,2.311874
0.75,0.176153,0.163998,1.924345,2.35015
0.75,0.189702,0.173937,1.885908,2.387235
0.75,0.203251,0.183876,1.818761,2.396256
0.8,0.219513,0.199337,1.784394,2.399438
0.8,0.284553,0.258973,1.625849,2.404915
0.8,0.268294,0.258973,1.540903,2.412547
0.85,0.325204,0.274434,1.484712,2.43848
0.8,0.357724,0.318609,1.31275,2.442248
0.9,0.373985,0.334622,1.261412,2.442248
0.8,0.349593,0.333517,1.201536,2.442248
0.85,0.406505,0.363887,1.064537,2.418253
0.85,0.390244,0.363887,1.035882,2.359458
0.8,0.382113,0.348426,0.994657,2.306741
0.75,0.414636,0.362783,0.934475,2.268616
0.75,0.441736,0.39757,0.911528,2.237575
0.75,0.468835,0.432358,0.910841,2.218614
0.75,0.495935,0.467145,0.910841,2.199902
0.7,0.479676,0.436775,0.911528,2.139439
0.7,0.609756,0.556046,0.918375,2.053261
0.65,0.544716,0.495859,0.919,1.942389
0.65,0.577236,0.525676,0.919,1.85093
0.6,0.593498,0.540033,0.919,1.759219
0.65,0.593498,0.555494,0.913916,1.694764
0.6,0.658538,0.569851,0.913,1.637839
0.583333,0.674797,0.589545,0.913,1.57205
0.566667,0.691057,0.60924,0.913,1.446161
0.55,0.707316,0.628934,0.916687,1.336511
0.55,0.674796,0.614025,0.932879,1.255517
0.6,0.650407,0.58476,0.974823,1.179247
0.6,0.634146,0.569851,1.066443,1.168
0.65,0.642276,0.570403,1.066443,1.152217
0.6,0.609756,0.554942,1.075218,1.128265
0.55,0.560975,0.509663,1.104855,1.122436
0.55,0.552847,0.494754,1.109385,1.13223
0.6,0.528455,0.480398,1.107171,1.122436
0.6,0.455284,0.420762,1.106813,1.148382
0.6,0.463415,0.435671,1.15039,1.255027
0.65,0.382113,0.361679,1.216501,1.32939
0.6,0.398375,0.361126,1.287123,1.409542
0.65,0.365854,0.316952,1.345707,1.474436
0.65,0.349593,0.302043,1.387142,1.511497
0.65,0.300814,0.272225,1.429892,1.580415
0.7,0.308942,0.272777,1.439709,1.661911
0.575,0.264227,0.234125,1.465577,1.749211
0.45,0.219513,0.195472,1.488135,1.853225
0.45,0.146342,0.135837,1.534331,1.884745
0.45,0.121953,0.106019,1.619907,1.88753
0.35,0.105691,0.090006,1.710171,1.912676
0.35,0.113822,0.104914,1.759208,1.941198
0.4,0.073171,0.075649,1.80754,1.951221
0.4,0.089433,0.075649,1.871485,1.957218
0.3,0.13008,0.104362,1.997264,1.959089
0.4,0.138211,0.135284,2.049546,1.96324
0.325,0.162602,0.141911,2.104191,1.962365
0.25,0.186993,0.148537,2.187441,1.956149
0.2,0.195124,0.177802,2.206,1.914253
0.2,0.276422,0.237438,2.20738,1.871871
0.2,0.325204,0.282165,2.210065,1.850875
0.15,0.357724,0.326339,2.208146,1.810795
0.25,0.373985,0.327443,2.207,1.773535
0.15,0.414636,0.356157,2.207,1.718492
0.2,0.390244,0.356709,2.203164,1.620262
0.15,0.455284,0.415792,2.190464,1.515758
0.1,0.439025,0.400331,2.192756,1.387413
0.15,0.471545,0.430701,2.188212,1.279505
0.15,0.479676,0.430701,2.159335,1.247611
0.2,0.479676,0.446162,2.152591,1.205917
0.3,0.512196,0.462176,2.144405,1.113768
0.2,0.552847,0.505798,2.137296,1.029526
0.2,0.569105,0.520707,2.114889,0.973792
0.25,0.634146,0.610712,2.061207,0.925563
0.25,0.601625,0.536168,2.014899,0.911365
0.35,0.723578,0.671452,1.963276,0.902597
0.45,0.642276,0.583103,1.928264,0.887489
0.35,0.577236,0.522363,1.881375,0.866733
0.25,0.609756,0.551077,1.849724,0.792125
0.275,0.609756,0.551353,1.820486,0.784
0.3,0.609756,0.551629,1.765865,0.784
0.35,0.626018,0.552181,1.665744,0.789625
0.4,0.601625,0.537824,1.640681,0.851242
0.5,0.609756,0.553838,1.600863,0.8935
0.45,0.609756,0.538377,1.571666,0.931368
0.5,0.601625,0.538929,1.551875,0.940375
0.55,0.552847,0.494754,1.493267,0.947736
0.45,0.544716,0.508559,1.419284,0.966797
0.6,0.560976,0.510215,1.340353,1.003718
0.75,0.577236,0.511872,1.30575,1.038875
0.7,0.577236,0.526229,1.234626,1.170221
0.65,0.577236,0.518222,1.214336,1.230375
0.6,0.577236,0.510215,1.187613,1.291008
0.65,0.495935,0.451132,1.155125,1.384892
0.7,0.48374,0.429321,1.134189,1.459138
0.75,0.471545,0.40751,1.080635,1.518329
0.8,0.520327,0.482606,1.011159,1.560046
0.75,0.495935,0.437327,0.955669,1.607503
0.8,0.471545,0.43788,0.934375,1.679625
0.825,0.46748,0.430701,0.92605,1.761167
0.85,0.463415,0.423523,0.914125,1.822925
0.85,0.455284,0.408614,0.90747,1.90765
0.85,0.414636,0.378796,0.905379,1.949946
0.85,0.455284,0.423523,0.876875,2.00324
0.85,0.382113,0.423523,0.873,2.122673
0.9,0.373985,0.349531,0.873,2.192079
0.8,0.382113,0.348426,0.873,2.207159
0.8,0.300814,0.273882,0.902943,2.207159
0.85,0.284553,0.259525,0.959463,2.208784
0.85,0.252033,0.229707,1.015371,2.220306
0.75,0.268294,0.243512,1.070283,2.221181
0.8,0.186993,0.16952,1.11425,2.221181
0.75,0.162604,0.154059,1.180355,2.242437
0.65,0.162604,0.138045,1.266501,2.283427
0.65,0.154473,0.138045,1.331187,2.299375
0.75,0.170731,0.034787,1.400208,2.3025
0.65,0.040651,0.018774,1.493974,2.303405
0.55,0.040651,0.032579,1.591177,2.306377
0.55,0.056909,0.047488,1.647954,2.30402
0.45,0.09756,0.083655,1.701095,2.301262
0.35,0.138211,0.119823,1.74961,2.274918
0.3,0.13008,0.104362,1.898874,2.176832
0.4,0.186993,0.165102,2.009077,2.154044
0.275,0.195122,0.186085,2.031,2.115854
0.15,0.203251,0.207068,2.033158,2.045875
0.2,0.195124,0.177802,2.050315,1.979888
0.125,0.207318,0.191883,2.079113,1.958764
0.05,0.219513,0.205964,2.102,1.925209
0.125,0.276424,0.251518,2.11895,1.898086
0.2,0.333334,0.297073,2.139,1.822325
0.2,0.357724,0.311982,2.16126,1.73804
0.2,0.390244,0.3418,2.177039,1.661746
0.25,0.406505,0.327443,2.178872,1.588167
0.2,0.430895,0.386527,2.184,1.50471
0.2,0.414636,0.386527,2.178414,1.405281
0.2,0.439025,0.386527,2.17142,1.343808
0.3,0.365854,0.342904,2.117653,1.301875
0.25,0.365854,0.327443,2.079967,1.269125
0.25,0.414636,0.357261,2.056324,1.215
0.3,0.406505,0.372722,2.037029,1.215
0.3,0.455284,0.40254,2.011356,1.2135
0.4,0.447156,0.418553,1.969194,1.2105
0.4,0.479676,0.418553,1.920438,1.236016
0.45,0.512196,0.463832,1.890313,1.25425
0.35,0.520327,0.462728,1.838431,1.256
0.425,0.516262,0.463556,1.794803,1.256
0.5,0.512196,0.464384,1.711285,1.249517
0.4,0.601625,0.537824,1.616405,1.230702
0.5,0.577236,0.52402,1.563475,1.230833
0.45,0.634146,0.598012,1.493868,1.227416
0.525,0.638211,0.591386,1.380025,1.219611
0.6,0.642276,0.58476,1.307037,1.210077
0.6,0.617887,0.540033,1.232288,1.205364
0.633333,0.615177,0.540401,1.165455,1.216605
0.666667,0.612467,0.540769,1.07468,1.2175
0.7,0.609756,0.541137,1.003393,1.224
0.7,0.626018,0.570955,0.947448,1.22575
0.65,0.626018,0.570403,0.933062,1.276937
0.7,0.609756,0.556046,0.915555,1.324827
0.7,0.585367,0.541137,0.869777,1.390834
0.75,0.560975,0.511872,0.832375,1.473375
0.8,0.585367,0.527333,0.776264,1.548227
0.8,0.512196,0.467697,0.72319,1.628426
0.8,0.520327,0.467697,0.716141,1.679171
0.85,0.495935,0.453341,0.716141,1.739233
0.8,0.504065,0.452789,0.716141,1.800117
0.8,0.495935,0.452789,0.718651,1.860623
0.85,0.406505,0.363887,0.748896,1.923133
0.85,0.382113,0.348978,0.793038,1.946462
0.85,0.390244,0.363887,0.81086,2.020659
0.85,0.341465,0.319161,0.822244,2.097482
0.85,0.308942,0.274434,0.842668,2.207058
0.85,0.284553,0.259525,0.889201,2.268185
0.85,0.276422,0.259525,0.959849,2.279564
0.8,0.235774,0.214246,1.039789,2.293172
0.85,0.219513,0.19989,1.094712,2.304455
0.8,0.186993,0.184428,1.152997,2.31228
0.75,0.178862,0.154059,1.216708,2.313175
0.7,0.186993,0.168415,1.264896,2.327004
0.65,0.170731,0.152954,1.335426,2.329336
0.6,0.138211,0.122584,1.375619,2.329336
0.6,0.056909,0.062949,1.44125,2.329336
0.55,0.06504,0.062396,1.536125,2.316132
0.583333,0.094851,0.087613,1.604261,2.265466
0.616667,0.124662,0.112829,1.643704,2.220833
0.65,0.154473,0.138045,1.712812,2.201961
0.75,0.186993,0.154059,1.768337,2.179356
0.65,0.227644,0.21259,1.7885,2.159625
0.65,0.254743,0.237438,1.7885,2.148565
0.65,0.281842,0.262286,1.7885,2.139915
0.65,0.308942,0.287134,1.760244,2.115934
0.6,0.300814,0.286582,1.72972,2.096819
0.7,0.373985,0.347322,1.63028,2.085
0.7,0.430895,0.37714,1.563167,2.076167
0.7,0.422764,0.392049,1.492185,2.049054
0.65,0.487804,0.451132,1.477441,1.963838
0.6,0.520327,0.465489,1.406514,1.906365
0.5,0.560975,0.52402,1.3715,1.86194
0.55,0.593498,0.539481,1.316588,1.807354
0.55,0.626018,0.539481,1.241543,1.733218
0.6,0.609756,0.58476,1.175799,1.692242
0.6,0.674796,0.614578,1.049771,1.605661
0.6,0.666669,0.599669,1.020328,1.503782
0.6,0.707316,0.644395,1.004366,1.392662
0.5,0.77236,0.732744,0.960124,1.299613
0.55,0.788618,0.733297,0.922879,1.248489
0.55,0.747967,0.68857,0.87308,1.182596
0.55,0.853658,0.763114,0.821225,1.076462
0.5,0.8374,0.762562,0.807911,0.950115
0.5,0.845531,0.777471,0.807911,0.879907
0.45,0.821138,0.76201,0.807911,0.818154
0.5,0.804878,0.740199,0.808088,0.784276
0.55,0.788618,0.718388,0.828967,0.677398
0.45,0.723578,0.672557,0.836826,0.604552
0.475,0.731707,0.672833,0.847072,0.576668
0.5,0.739836,0.673109,0.875106,0.532027
0.45,0.731709,0.657648,0.926344,0.527984
0.35,0.691058,0.626726,1.040967,0.527984
0.45,0.691058,0.62783,1.102544,0.527984
0.375,0.703253,0.634456,1.160976,0.54024
0.3,0.715447,0.641082,1.223004,0.548837
0.25,0.666669,0.610712,1.314047,0.5505
0.35,0.617887,0.552181,1.419087,0.551125
0.3,0.560975,0.521811,1.520552,0.554975
0.25,0.593498,0.521259,1.597133,0.564799
0.25,0.585367,0.521259,1.652887,0.568
0.15,0.577236,0.5127,1.704443,0.574104
0.05,0.569105,0.504141,1.76015,0.619123
0.083333,0.539296,0.484631,1.816956,0.691963
0.116667,0.509486,0.465121,1.860543,0.748674
0.15,0.479676,0.44561,1.913602,0.781217
0.25,0.447156,0.401988,1.96475,0.7985
0.25,0.398375,0.37217,2.082258,0.848914
0.25,0.414636,0.37217,2.169985,0.887615
0.2625,0.382116,0.34249,2.22875,0.925
0.275,0.349594,0.312811,2.2741,0.98015
0.2875,0.317073,0.283131,2.293301,1.058215
0.3,0.284553,0.253451,2.310737,1.133956
0.225,0.247967,0.222805,2.318251,1.208661
0.15,0.211382,0.192159,2.321939,1.323657
0.2,0.227644,0.192711,2.340744,1.390364
0.2,0.178862,0.147985,2.369779,1.480907
0.25,0.138211,0.118719,2.4005,1.596573
0.25,0.089433,0.088901,2.403,1.71101
0.25,0.09756,0.088901,2.403,1.80358
0.25,0.073171,0.059083,2.403,1.854483
0.3,0.105691,0.089453,2.395072,1.91483
0.4,0.162604,0.150193,2.295301,1.983812
0.45,0.13008,0.106019,2.264125,2.036625
0.45,0.138211,0.120928,2.252775,2.078672
0.5,0.154473,0.12148,2.242597,2.094621
0.55,0.170731,0.15185,2.197985,2.11188
0.625,0.178862,0.167587,2.10275,2.152756
0.7,0.186993,0.183324,1.907187,2.163754
0.75,0.170731,0.168967,1.819904,2.172151
0.8,0.235774,0.199337,1.777463,2.190951
0.8,0.260164,0.229155,1.722783,2.201744
0.8,0.333334,0.318609,1.634,2.2085
0.8,0.333334,0.318609,1.540003,2.234458
0.85,0.479676,0.319161,1.460223,2.256003
0.85,0.382113,0.348978,1.413083,2.276
0.85,0.390244,0.358918,1.328345,2.276
0.85,0.398375,0.368857,1.204488,2.276
0.85,0.406505,0.378796,1.107294,2.274805
0.8,0.390244,0.348426,1.069127,2.264524
0.8,0.414636,0.363335,1.018675,2.251683
0.75,0.398375,0.377692,0.942139,2.227132
0.75,0.447156,0.40751,0.933,2.199277
0.7,0.463415,0.421866,0.933,2.171698
0.75,0.512196,0.482054,0.933,2.135731
0.7,0.512196,0.451684,0.934622,2.05583
0.75,0.577236,0.511872,0.934337,2.0105
0.65,0.560975,0.525676,0.934337,1.952448
0.65,0.634146,0.585312,0.934337,1.877744
0.75,0.609756,0.556599,0.913271,1.757945
0.65,0.666669,0.600221,0.869681,1.695624
0.6,0.666669,0.614578,0.847375,1.625233
0.6,0.707316,0.644395,0.838959,1.551775
0.55,0.764229,0.658752,0.830879,1.493038
0.6,0.739836,0.659304,0.821879,1.408763
0.55,0.674796,0.628934,0.815519,1.347099
0.45,0.723578,0.657648,0.792071,1.286375
0.5,0.723578,0.643291,0.782852,1.057417
0.45,0.747967,0.672557,0.782852,0.938019
0.5,0.707316,0.6582,0.802039,0.818365
0.45,0.707316,0.642739,0.824281,0.729076
0.45,0.77236,0.76201,0.855504,0.715521
0.4,0.715447,0.642187,0.915431,0.691446
0.45,0.731709,0.672557,0.956063,0.670092
0.35,0.723578,0.671452,1.037451,0.641705
0.25,0.715447,0.64053,1.138061,0.573988
0.35,0.666669,0.611817,1.206518,0.52477
0.4,0.617887,0.567642,1.29448,0.488493
0.3,0.642276,0.566538,1.359188,0.485551
0.3,0.642276,0.566538,1.42176,0.4845
0.25,0.617887,0.565986,1.501754,0.4845
0.2,0.609756,0.535616,1.564039,0.48876
0.3,0.577236,0.506902,1.62071,0.520321
0.2,0.536585,0.490889,1.675258,0.58831
0.25,0.512196,0.476532,1.756936,0.61257
0.15,0.504065,0.44561,1.857261,0.635764
0.25,0.487804,0.446715,1.964687,0.659238
0.3,0.422764,0.372722,2.02425,0.744187
0.2,0.406505,0.371618,2.048,0.775125
0.3,0.398375,0.342904,2.048,0.841721
0.3,0.382113,0.327996,2.049071,0.946021
0.316667,0.355013,0.303331,2.063351,1.018149
0.333333,0.327914,0.278667,2.0661,1.126236
0.35,0.300814,0.254003,2.0661,1.21007
0.25,0.252033,0.252899,2.070925,1.312407
0.35,0.308942,0.268912,2.074,1.386869
0.4,0.243902,0.224738,2.074,1.440654
0.383333,0.224932,0.199706,2.074,1.58685
0.366667,0.205962,0.174673,2.065433,1.692048
0.35,0.186993,0.149641,2.030293,1.775982
0.4,0.178862,0.142739,2.02875,1.835492
0.45,0.170731,0.135837,2.02875,1.874115
0.45,0.235774,0.195472,2.011069,1.900397
0.5,0.211384,0.181115,1.998251,1.949667
0.55,0.186993,0.166759,1.989916,2.014276
0.55,0.195124,0.181668,1.965311,2.113953
0.65,0.211384,0.197681,1.945278,2.18128
0.75,0.227644,0.213694,1.904961,2.205855
0.75,0.219513,0.198785,1.815438,2.21624
0.8,0.252033,0.214246,1.713012,2.219776
0.8,0.300814,0.244064,1.641592,2.224277
0.85,0.268294,0.259525,1.560168,2.237963
0.85,0.300814,0.274434,1.47427,2.273939
0.8,0.317073,0.288791,1.420807,2.324139
0.8,0.414636,0.378244,1.363687,2.337099
0.8,0.422764,0.378244,1.30589,2.337099
0.85,0.447156,0.408614,1.213379,2.337099
0.85,0.520327,0.46825,1.148344,2.335599
0.85,0.463415,0.423523,1.085772,2.27275
0.8,0.520327,0.467697,1.042207,2.237228
0.85,0.528455,0.483158,0.910809,2.224401
0.75,0.569105,0.526781,0.82631,2.214211
0.75,0.552847,0.496963,0.757275,2.181713
0.75,0.585367,0.54169,0.707779,2.117232
0.7,0.658538,0.600773,0.66516,2.061863
0.7,0.609756,0.570955,0.649175,1.971931
0.7,0.642276,0.600773,0.64354,1.865787
0.6,0.707316,0.644395,0.63755,1.762527
0.55,0.691058,0.658752,0.631144,1.619804
0.55,0.788618,0.703479,0.62673,1.507395
0.6,0.780487,0.704031,0.626334,1.418098
0.6,0.80488,0.733849,0.626709,1.308333
0.55,0.77236,0.718388,0.626709,1.221436
0.55,0.796749,0.718388,0.642355,1.10575
0.55,0.723578,0.673661,0.670358,1.016833
0.5,0.739836,0.673109,0.72006,0.922071
0.5,0.707316,0.643291,0.743557,0.835098
0.45,0.739836,0.657648,0.772439,0.75244
0.4,0.723578,0.657096,0.79359,0.634523
0.5,0.691058,0.643291,0.833813,0.58789
0.375,0.686993,0.634456,0.93475,0.584651
0.25,0.682927,0.625621,1.038724,0.583401
0.35,0.626018,0.611817,1.136905,0.575292
0.25,0.593498,0.536168,1.223128,0.572333
0.3,0.593498,0.551629,1.309958,0.5641
0.2,0.585367,0.520707,1.407408,0.566565
0.3,0.585367,0.53672,1.500036,0.575708
0.225,0.573171,0.520983,1.590434,0.579
0.15,0.560975,0.505246,1.644138,0.579
0.1,0.544716,0.474876,1.733839,0.584217
0.2,0.560975,0.505798,1.819348,0.609545
0.25,0.560975,0.521259,1.903675,0.631175
0.15,0.544716,0.505246,1.987994,0.694789
0.15,0.520327,0.475428,2.0815,0.743783
0.2,0.520327,0.505798,2.164458,0.779103
0.15,0.536585,0.490337,2.222573,0.829728
0.15,0.536585,0.460519,2.22832,0.875913
0.1,0.504065,0.459967,2.23865,0.922266
0.1,0.512196,0.459967,2.252641,0.968432
0.1,0.528455,0.474876,2.256575,1.009481
0.2,0.495935,0.446162,2.262335,1.018008
0.3,0.487804,0.447267,2.254906,1.021902
0.2,0.479676,0.431253,2.242653,1.026192
0.3,0.479676,0.417449,2.240657,1.039073
0.4,0.439025,0.388736,2.237247,1.059488
0.4,0.430895,0.388736,2.178387,1.067988
0.45,0.528455,0.478741,2.107483,1.073484
0.5,0.479676,0.434567,1.99599,1.105775
0.5,0.487804,0.419658,1.907875,1.17696
0.5,0.471545,0.449475,1.86575,1.262117
0.55,0.455284,0.42021,1.822314,1.345
0.6,0.430895,0.405853,1.718923,1.385125
0.6,0.414636,0.405853,1.6645,1.401766
0.7,0.528455,0.481502,1.579436,1.411345
0.7,0.528455,0.481502,1.521191,1.423539
0.7,0.512196,0.466593,1.406844,1.468481
0.75,0.536585,0.496963,1.339869,1.522359
0.8,0.552847,0.512424,1.244372,1.610567
0.8,0.512196,0.467697,1.177578,1.672215
0.85,0.495935,0.46825,1.114502,1.728174
0.85,0.479676,0.438432,1.060596,1.75
0.85,0.536585,0.483158,0.997908,1.763857
0.9,0.520327,0.468802,0.896507,1.803495
0.85,0.528455,0.46825,0.81827,1.852175
0.9,0.520327,0.483711,0.751901,1.928132
0.85,0.455284,0.438432,0.738515,2.000815
0.85,0.471545,0.438432,0.726689,2.052943
0.85,0.463415,0.438432,0.717365,2.102952
0.9,0.439025,0.409166,0.704668,2.150967
0.8,0.365854,0.333517,0.704668,2.207578
0.85,0.365854,0.304252,0.704668,2.229
0.75,0.308942,0.288239,0.716005,2.229
0.85,0.276422,0.244616,0.774297,2.229
0.9,0.219513,0.215351,0.84175,2.226625
0.8,0.235774,0.214246,0.887359,2.199818
0.75,0.186993,0.183876,0.927783,2.174785
0.75,0.170731,0.154059,0.979544,2.024478
0.65,0.138211,0.108227,1.069297,1.998497
0.6,0.073171,0.077858,1.154562,1.998497
0.6,0.073171,0.077858,1.249995,1.998497
0.55,0.113822,0.077305,1.469627,2.149289
0.5,0.073171,0.076753,1.518043,2.218127
0.4,0.07046,0.075649,1.57695,2.220863
0.3,0.06775,0.074544,1.654022,2.223763
0.2,0.06504,0.07344,1.782529,2.225606
0.3,0.105691,0.104362,1.854213,2.225298
0.3,0.13008,0.119271,1.928918,2.225298
0.225,0.170731,0.148261,1.987231,2.215602
0.15,0.211382,0.17725,2.007879,2.200198
0.2,0.268294,0.222529,2.145419,2.063857
0.15,0.333334,0.296521,2.209942,2.012274
0.15,0.317073,0.281612,2.274666,1.940021
0.15,0.390244,0.341248,2.315431,1.867355
0.25,0.382113,0.342352,2.315431,1.848268
0.15,0.447156,0.400883,2.315431,1.772422
0.15,0.439025,0.385975,2.314806,1.628125
0.1,0.471545,0.41524,2.311292,1.571744
0.2,0.479676,0.431253,2.308917,1.420515
0.15,0.520327,0.460519,2.302966,1.292437
0.2,0.512196,0.461071,2.29618,1.245562
0.15,0.585367,0.564881,2.273599,1.201672
0.15,0.585367,0.505246,2.262,1.119027
0.2,0.626018,0.565433,2.243786,1.016975
0.25,0.617887,0.565986,2.196395,0.957975
0.3,0.666669,0.596356,2.170388,0.934089
0.25,0.658538,0.595803,2.134498,0.924614
0.25,0.666669,0.610712,2.018883,0.89695
0.35,0.715449,0.641634,1.988274,0.84811
0.45,0.764229,0.672557,1.953678,0.743578
0.45,0.77236,0.702374,1.872291,0.679004
0.5,0.788618,0.702927,1.80787,0.668572
0.45,0.77236,0.687465,1.713272,0.661476
0.45,0.788618,0.717283,1.637323,0.657805
0.35,0.739836,0.686361,1.553984,0.653167
0.45,0.739836,0.672557,1.503919,0.6485
0.475,0.756098,0.687742,1.41231,0.650875
0.5,0.77236,0.702927,1.33584,0.656
0.45,0.788618,0.717283,1.247712,0.656
0.55,0.77236,0.703479,1.188811,0.656
0.5,0.788618,0.702927,1.129149,0.663249
0.55,0.756098,0.673661,1.074082,0.699585
0.65,0.626018,0.570403,1.047453,0.730664
0.6,0.691058,0.629486,1.034,0.78646
0.65,0.658538,0.600221,1.005633,0.82415
0.6,0.626018,0.58476,0.9594,0.866612
0.7,0.593498,0.541137,0.955012,0.912581
0.8,0.601625,0.557151,0.954687,0.955821
0.75,0.504065,0.452236,0.956082,1.008043
0.75,0.544716,0.496963,0.964653,1.064355
0.75,0.544716,0.482054,0.964653,1.171666
0.8,0.504065,0.467697,0.956238,1.222271
0.85,0.487804,0.453341,0.950042,1.312335
0.9,0.414636,0.379348,0.931917,1.419083
0.85,0.471545,0.438432,0.927196,1.506573
0.85,0.471545,0.438432,0.926261,1.585442
0.85,0.471545,0.423523,0.924228,1.675299
0.85,0.439025,0.423523,0.919154,1.800622
0.85,0.406505,0.378796,0.916268,1.851975
0.85,0.373985,0.348978,0.90753,1.915329
0.8,0.373985,0.348426,0.901773,2.025835
0.85,0.325204,0.304252,0.904,2.108593
0.85,0.308942,0.289343,0.904,2.158698
0.8,0.300814,0.273882,0.904,2.160073
0.85,0.317073,0.274434,0.92863,2.16129
0.8,0.284553,0.258973,1.003887,2.173409
0.725,0.329269,0.302871,1.076589,2.169933
0.65,0.373985,0.34677,1.099936,2.161626
0.6,0.373985,0.346218,1.123296,2.158619
0.55,0.373985,0.345665,1.175015,2.15575
0.5,0.325204,0.300387,1.222204,2.13326
0.45,0.430895,0.374379,1.251219,2.066352
0.425,0.430895,0.381557,1.283445,1.959881
0.4,0.430895,0.388736,1.30405,1.8698
0.3,0.520327,0.491993,1.33025,1.774217
0.35,0.479676,0.418001,1.392252,1.7194
0.3,0.528455,0.40254,1.483,1.623775
0.25,0.487804,0.431806,1.516348,1.550397
0.25,0.560975,0.491441,1.557354,1.478308
0.233333,0.563685,0.501196,1.638121,1.361932
0.216667,0.566395,0.510952,1.670425,1.261613
0.2,0.569105,0.520707,1.682749,1.184956
0.2,0.593498,0.535616,1.736406,1.072629
0.2,0.552847,0.490889,1.86925,0.942875
0.2,0.552847,0.490889,1.92573,0.90575
0.15,0.536585,0.490337,1.988192,0.848634
0.175,0.495935,0.453341,2.0535,0.77352
0.2,0.455284,0.416345,2.116808,0.745402
0.2,0.455284,0.401436,2.167047,0.744902
0.25,0.382113,0.401988,2.207491,0.744902
0.2,0.382113,0.356709,2.225914,0.744902
0.25,0.398375,0.357261,2.237309,0.76975
0.266667,0.355015,0.317688,2.244702,0.850446
0.283333,0.311654,0.278115,2.261143,0.959486
0.3,0.268294,0.238542,2.2745,1.053288
0.316667,0.238483,0.213878,2.28584,1.126254
0.333333,0.208673,0.189214,2.303013,1.230645
0.35,0.178862,0.16455,2.304817,1.318666
0.3,0.186993,0.163998,2.286266,1.37789
0.425,0.170733,0.150469,2.224293,1.479625
0.55,0.154473,0.136941,2.172,1.621
0.5,0.170731,0.151298,2.155147,1.72755
0.625,0.154471,0.137769,2.137759,1.837668
0.75,0.138211,0.124241,2.132659,1.921522
0.8,0.154473,0.139702,2.082912,2.062069
0.85,0.162604,0.155163,1.978525,2.135703
0.8,0.235774,0.258973,1.92075,2.163125
0.85,0.268294,0.229707,1.861648,2.172216
0.8,0.292684,0.258973,1.745005,2.218536
0.8,0.325204,0.288791,1.679775,2.269718
0.85,0.357724,0.319161,1.632389,2.298346
0.9,0.357724,0.334622,1.450732,2.388435
0.85,0.365854,0.33407,1.386742,2.439
0.85,0.439025,0.408614,1.323211,2.439
0.8,0.390244,0.363335,1.252426,2.439
0.85,0.398375,0.363887,1.196621,2.43275
0.8,0.422764,0.393153,1.129175,2.393358
0.8,0.439025,0.408062,1.002532,2.359502
0.75,0.479676,0.452236,0.905385,2.34079
0.75,0.495935,0.452236,0.864325,2.30532
0.8,0.471545,0.43788,0.814625,2.270894
0.75,0.552847,0.511872,0.809,2.206
0.7,0.585367,0.526229,0.808375,2.146824
0.75,0.617887,0.556599,0.802229,2.069121
0.7,0.626018,0.570955,0.786758,1.995913
0.65,0.642276,0.555494,0.773778,1.899112
0.55,0.642276,0.584208,0.773153,1.802958
0.6,0.699189,0.629486,0.735785,1.699499
0.55,0.691058,0.643843,0.694435,1.6085
0.6,0.682927,0.629486,0.693253,1.548367
0.55,0.691058,0.643843,0.693253,1.465694
0.55,0.707316,0.628934,0.693253,1.441986
0.55,0.658538,0.614025,0.740128,1.272722
0.5,0.650407,0.598564,0.779729,1.190923
0.5,0.626018,0.583655,0.795858,1.115127
0.5,0.691058,0.613473,0.810911,1.016419
0.45,0.650407,0.598012,0.821961,0.950774
0.4,0.666669,0.59746,0.867167,0.789815
0.4,0.642276,0.59746,0.898472,0.720609
0.45,0.634146,0.583103,0.985613,0.710055
0.4,0.609756,0.567642,1.073844,0.706478
0.35,0.682927,0.611817,1.159462,0.701482
0.3,0.626016,0.559083,1.253847,0.695062
0.25,0.569105,0.50635,1.332642,0.695062
0.25,0.552847,0.476532,1.429125,0.666193
0.2,0.617887,0.535616,1.517298,0.619281
0.15,0.536585,0.490337,1.595161,0.616041
0.2,0.560975,0.505798,1.654869,0.616041
0.1,0.520327,0.474876,1.741471,0.611135
0.15,0.504065,0.460519,1.820095,0.610911
0.15,0.455284,0.400883,1.901511,0.705379
0.15,0.455284,0.400883,1.975846,0.74786
0.15,0.430895,0.385975,2.069638,0.758977
0.15,0.414636,0.371066,2.169127,0.772184
0.25,0.373985,0.342352,2.258273,0.790182
0.25,0.357724,0.327443,2.289186,0.817288
0.15,0.317073,0.266703,2.296,0.871921
0.2,0.308942,0.267256,2.296,0.950939
0.2,0.300814,0.267256,2.29475,1.040888
0.2,0.219513,0.192711,2.291,1.153836
0.3,0.186993,0.178907,2.304666,1.260113
0.3,0.13008,0.104362,2.314207,1.359434
0.25,0.146342,0.118719,2.302928,1.452867
0.3,0.105691,0.104362,2.292716,1.565265
0.3,0.13008,0.104362,2.291,1.683599
0.35,0.186993,0.149641,2.291,1.774198
0.4,0.154473,0.135284,2.276225,1.840475
0.3,0.154473,0.149089,2.234769,1.898935
0.25,0.252033,0.223081,2.199519,1.968643
0.4,0.264227,0.232192,2.17019,2.017486
0.55,0.276422,0.241303,2.163233,2.035138
0.6,0.300814,0.286582,2.143942,2.056937
0.55,0.349594,0.330756,2.119197,2.056937
0.5,0.398375,0.374931,2.0912,2.052078
0.45,0.414636,0.374379,2.055226,1.979635
0.45,0.463415,0.419105,2.023025,1.907392
0.5,0.479676,0.434567,1.971875,1.80123
0.4,0.585367,0.522916,1.900665,1.740734
0.475,0.581302,0.516289,1.860809,1.660769
0.55,0.577236,0.509663,1.797815,1.619703
0.45,0.560975,0.523468,1.752773,1.591803
0.45,0.707316,0.62783,1.699938,1.523375
0.5,0.723578,0.643291,1.594,1.435391
0.5,0.739836,0.6582,1.533299,1.32375
0.5,0.747967,0.6582,1.486396,1.236475
0.55,0.691058,0.628934,1.469184,1.19656
0.55,0.691058,0.614025,1.372413,1.077988
0.55,0.682927,0.55439,1.317441,1.033898
0.6,0.658538,0.58476,1.210941,1.013375
0.65,0.609756,0.570403,1.123585,0.995011
0.6,0.626018,0.569851,1.079726,0.987682
0.65,0.593498,0.540585,1.03,0.987682
0.65,0.528455,0.495859,1.022667,0.987682
0.7,0.512196,0.451684,1.021178,1.01513
0.75,0.479676,0.452236,1.014137,1.152745
0.75,0.512196,0.452236,0.99187,1.196326
0.75,0.504065,0.452236,0.971126,1.2465
0.85,0.487804,0.438432,0.945738,1.340125
0.85,0.487804,0.438432,0.93933,1.449846
0.85,0.512196,0.453341,0.924058,1.543395
0.8,0.471545,0.43788,0.911685,1.64841
0.85,0.414636,0.378796,0.897071,1.75921
0.8,0.398375,0.363335,0.884498,1.818495
0.85,0.398375,0.378796,0.87843,1.877469
0.85,0.357724,0.319161,0.880396,1.948008
0.85,0.325204,0.304252,0.88505,2.044797
0.9,0.300814,0.274986,0.888708,2.100502
0.85,0.260164,0.229707,0.889543,2.112627
0.85,0.260164,0.229707,0.91668,2.122673
0.8,0.219513,0.199337,0.972365,2.129136
0.85,0.162604,0.140254,1.046004,2.140333
0.75,0.09756,0.094423,1.102611,2.143
0.7,0.113822,0.093871,1.130929,2.16792
0.683333,0.092142,0.073808,1.173184,2.237639
0.666667,0.070462,0.053746,1.228046,2.295677
0.65,0.048782,0.033683,1.306862,2.329927
0.6,0.036585,0.025676,1.40902,2.335412
0.55,0.024389,0.01767,1.504913,2.341911
0.45,0.073171,0.031474,1.594272,2.345447
0.35,0.073171,0.060188,1.694684,2.3501
0.3,0.154473,0.119271,1.788346,2.352375
0.25,0.154473,0.133628,1.83825,2.3538
0.25,0.170731,0.148537,1.88471,2.3538
0.35,0.195124,0.179459,1.91125,2.3538
0.35,0.243902,0.179459,1.950875,2.324
0.25,0.219513,0.193263,1.97757,2.24175
0.25,0.300814,0.282717,1.998935,2.088502
0.25,0.300814,0.267808,2.08926,2.030891
0.2,0.414636,0.356709,2.109625,1.99832
0.2,0.398375,0.356709,2.113375,1.925704
0.15,0.504065,0.44561,2.125728,1.868407
0.2,0.406505,0.371618,2.144014,1.791276
0.1,0.471545,0.430149,2.151,1.702847
0.2,0.471545,0.416345,2.151,1.518996
0.15,0.463415,0.415792,2.126074,1.375
0.2,0.495935,0.446162,2.1025,1.329055
0.25,0.455284,0.416897,2.112051,1.304902
0.25,0.560975,0.50635,2.108863,1.24508
0.2,0.560975,0.505798,2.10049,1.173034
0.15,0.560975,0.505246,2.095171,1.103634
0.2,0.569105,0.513252,2.08075,1.076313
0.25,0.577236,0.521259,2.053392,1.070781
0.3,0.585367,0.529266,2.006104,1.06375
0.35,0.593498,0.537272,1.962182,1.051931
0.4,0.601625,0.537824,1.91641,1.045842
0.4,0.626018,0.552733,1.891952,1.038667
0.45,0.634146,0.568194,1.840119,1.009242
0.5,0.650407,0.598564,1.793452,0.963525
0.55,0.642276,0.584208,1.690497,0.9617
0.55,0.634146,0.569299,1.59183,0.9617
0.55,0.552847,0.509663,1.51799,0.9617
0.6,0.544716,0.495306,1.472348,0.969925
0.7,0.552847,0.541137,1.431325,0.982712
0.7,0.528455,0.496411,1.398419,0.99805
0.65,0.544716,0.495859,1.276616,1.028034
0.65,0.504065,0.466041,1.223176,1.071984
0.65,0.479676,0.436223,1.16406,1.111816
0.65,0.471545,0.436223,1.125375,1.161875
0.65,0.471545,0.421314,1.112574,1.199324
0.6,0.439025,0.390944,1.107416,1.274521
0.6,0.430895,0.405853,1.103041,1.356324
0.55,0.447156,0.390392,1.101693,1.453475
0.45,0.479676,0.419105,1.094192,1.528234
0.5,0.463415,0.404749,1.068108,1.603875
0.45,0.430895,0.404197,1.059,1.661051
0.35,0.430895,0.388183,1.059,1.702333
0.4,0.382113,0.358918,1.059,1.702333
0.4,0.382113,0.344009,1.076523,1.703583
0.35,0.365854,0.328548,1.129306,1.706083
0.3,0.373985,0.342904,1.192036,1.694213
0.35,0.365854,0.313639,1.267382,1.64092
0.3,0.365854,0.327996,1.332746,1.559292
0.3,0.365854,0.342904,1.378505,1.515771
0.3,0.382113,0.357813,1.45525,1.498703
0.25,0.349593,0.327443,1.555295,1.494567
0.25,0.390244,0.357261,1.575087,1.494281
0.35,0.378049,0.343457,1.604256,1.495561
0.45,0.365854,0.329652,1.636411,1.495561
0.35,0.373985,0.328548,1.703364,1.495561
0.4,0.365854,0.3291,1.835673,1.469321
0.4,0.357724,0.3291,1.887,1.429796
0.45,0.439025,0.344561,1.891177,1.410734
0.45,0.455284,0.404197,1.89721,1.401145
0.55,0.439025,0.390392,1.892625,1.401145
0.55,0.487804,0.450028,1.885125,1.456626
0.5,0.463415,0.434567,1.794031,1.52043
0.6,0.528455,0.480398,1.750875,1.532888
0.65,0.512196,0.466041,1.708159,1.535
0.65,0.504065,0.466041,1.664952,1.535
0.75,0.552847,0.496963,1.609375,1.534365
0.75,0.601625,0.54169,1.47056,1.520706
0.8,0.544716,0.497515,1.379495,1.514
0.75,0.536585,0.482054,1.29838,1.514
0.8,0.528455,0.467697,1.224,1.514
0.8,0.487804,0.452789,1.115539,1.51744
0.75,0.520327,0.482054,1.057404,1.538797
0.8,0.495935,0.452789,1.023099,1.593772
0.85,0.455284,0.438432,0.969423,1.663405
0.95,0.463415,0.424627,0.912156,1.698309
0.9,0.471545,0.438984,0.828763,1.734964
0.85,0.414636,0.378796,0.794,1.793246
0.9,0.487804,0.438984,0.788945,1.874168
0.9,0.414636,0.36444,0.785195,1.957569
0.9,0.390244,0.349531,0.783139,2.044125
0.85,0.341465,0.319161,0.782583,2.065195
0.9,0.284553,0.274986,0.784142,2.107125
0.85,0.268294,0.244616,0.790098,2.170244
0.9,0.268294,0.23026,0.794,2.242617
0.85,0.203251,0.184981,0.795375,2.291403
0.85,0.178862,0.170072,0.82775,2.29965
0.75,0.154473,0.154059,0.858717,2.302125
0.75,0.162604,0.124241,0.937867,2.310544
0.7,0.138211,0.123689,1.010435,2.31944
0.7,0.081302,0.049144,1.094242,2.329259
0.75,0.040651,0.034787,1.36906,2.333431
0.65,0.073171,0.07841,1.51125,2.357336
0.55,0.0,0.002761,1.593396,2.358
0.5,0.040651,0.032027,1.669535,2.358
0.4,0.06504,0.045831,1.702951,2.358
0.416667,0.084011,0.065894,1.705269,2.3565
0.433333,0.102982,0.085956,1.708519,2.357135
0.45,0.121953,0.106019,1.751453,2.3575
0.45,0.121953,0.106019,1.793257,2.356125
0.35,0.186993,0.179459,1.826631,2.3485
0.3,0.219513,0.178907,1.842638,2.352128
0.25,0.252033,0.208172,1.869635,2.354171
0.2,0.252033,0.222529,1.899092,2.354171
0.2,0.292684,0.267256,1.95168,2.340773
0.25,0.276422,0.252899,1.97882,2.244738
0.233333,0.325203,0.297442,2.004226,2.036167
0.216667,0.373983,0.341984,2.086051,1.969941
0.2,0.422764,0.386527,2.132375,1.916491
0.15,0.447156,0.400883,2.139319,1.824551
0.05,0.422764,0.399779,2.162438,1.696217
0.15,0.439025,0.400883,2.221063,1.66044
0.2,0.487804,0.446162,2.225766,1.57325
0.25,0.504065,0.491441,2.256839,1.361907
0.25,0.504065,0.446715,2.261929,1.299992
0.2,0.520327,0.461071,2.261929,1.250593
0.15,0.585367,0.520155,2.261929,1.23
0.25,0.536585,0.491441,2.237321,1.197236
0.2,0.626018,0.565433,2.209067,1.137277
0.2,0.634146,0.565433,2.200871,1.075971
0.25,0.642276,0.580895,2.183665,0.998916
0.3,0.634146,0.581447,2.1765,0.941677
0.3,0.634146,0.581447,2.165508,0.900831
0.3,0.723578,0.611264,2.054658,0.886698
0.4,0.626018,0.567642,1.981086,0.88297
0.45,0.739836,0.642739,1.939581,0.872875
0.4,0.674796,0.612369,1.909803,0.849906
0.45,0.691058,0.62783,1.877972,0.772694
0.35,0.691058,0.656543,1.849744,0.694
0.45,0.691058,0.642739,1.787358,0.694
0.55,0.691058,0.628934,1.685733,0.694
0.55,0.674796,0.599117,1.596696,0.702
0.6,0.642276,0.58476,1.5505,0.72025
0.65,0.666669,0.600221,1.507564,0.763448
0.65,0.658538,0.590282,1.47022,0.768153
0.65,0.650407,0.580342,1.396106,0.770434
0.65,0.642276,0.570403,1.309298,0.775673
0.65,0.593498,0.555494,1.248804,0.777155
0.7,0.593498,0.526229,1.182725,0.821775
0.7,0.495935,0.451684,1.130063,0.910062
0.65,0.504065,0.466041,1.110203,0.975965
0.75,0.520327,0.482054,1.0725,1.065375
0.75,0.512196,0.467145,1.004314,1.18498
0.85,0.520327,0.483158,0.958475,1.262536
0.8,0.512196,0.467697,0.935191,1.301058
0.8,0.495935,0.452789,0.893441,1.372282
0.8,0.479676,0.422971,0.841974,1.47832
0.85,0.479676,0.423523,0.830097,1.594717
0.8,0.430895,0.408062,0.82788,1.724347
0.85,0.439025,0.378796,0.823538,1.793653
0.8,0.430895,0.393153,0.805893,1.896302
0.9,0.382113,0.349531,0.774241,1.984277
0.9,0.333334,0.304804,0.762391,2.096807
0.9,0.341465,0.304804,0.762391,2.185208
0.9,0.341465,0.334622,0.762391,2.228
0.9,0.333334,0.304804,0.793589,2.231487
0.85,0.325204,0.289343,0.880156,2.239824
0.75,0.333334,0.303147,0.940134,2.250638
0.8,0.333334,0.3037,0.990275,2.258775
0.7,0.300814,0.257869,1.057946,2.263409
0.65,0.276422,0.257316,1.137488,2.272
0.65,0.268294,0.242408,1.400541,2.272
0.6,0.260164,0.241855,1.502502,2.272
0.5,0.284553,0.25566,1.574822,2.272
0.5,0.300814,0.270569,1.574822,2.257957
0.5,0.349593,0.300387,1.515709,2.188902
0.4,0.349593,0.314191,1.394822,2.046052
0.5,0.398375,0.330204,1.376668,1.954075
0.366667,0.406504,0.35358,1.364223,1.899504
0.233333,0.414634,0.376956,1.428848,1.851526
0.1,0.422764,0.400331,1.44,1.81872
0.175,0.45122,0.423523,1.504314,1.774128
0.25,0.479676,0.446715,1.592801,1.68049
0.15,0.504065,0.430701,1.686394,1.554476
0.15,0.512196,0.460519,1.693,1.54625
0.1,0.495935,0.445058,1.700975,1.431333
0.0,0.585367,0.48868,1.762024,1.315111
0.1,0.601627,0.504694,1.814152,1.244246
0.2,0.617887,0.520707,1.874128,1.157723
0.2,0.593498,0.535616,1.928846,1.105914
0.15,0.593498,0.549972,1.998626,1.037677
0.2,0.609756,0.550525,2.064885,0.957752
0.2,0.601625,0.535616,2.085487,0.86143
0.25,0.577236,0.521259,2.108182,0.810114
0.25,0.536585,0.50635,2.137376,0.801498
0.25,0.528455,0.476532,2.163019,0.788875
0.2,0.495935,0.431253,2.204684,0.776874
0.25,0.487804,0.431806,2.241394,0.73942
0.15,0.430895,0.385975,2.279275,0.71119
0.25,0.398375,0.342352,2.296,0.711
0.2,0.382113,0.3418,2.296,0.711
0.25,0.325204,0.267808,2.296,0.711
0.25,0.292684,0.267808,2.29525,0.750157
0.25,0.268294,0.252899,2.262953,0.836454
0.25,0.268294,0.23799,2.251655,0.9271
0.2,0.227644,0.192711,2.251655,1.028605
0.2,0.170731,0.147985,2.251655,1.151005
0.3,0.170731,0.13418,2.247965,1.261092
0.2,0.154473,0.133076,2.259769,1.32975
0.2,0.121953,0.103258,2.259769,1.380393
0.2,0.09756,0.07344,2.259769,1.476347
0.25,0.089433,0.073992,2.251385,1.669666
0.35,0.081302,0.045279,2.2395,1.725835
0.45,0.077236,0.046383,2.2395,1.800569
0.55,0.073171,0.047488,2.241875,1.882397
0.6,0.04878,0.04804,2.249369,1.970784
0.65,0.024389,0.048592,2.243858,2.085198
0.7,0.069105,0.064053,2.253,2.190075
0.75,0.113822,0.079514,2.253,2.226349
0.8,0.13008,0.124793,2.246364,2.304385
0.8,0.154473,0.154611,2.176222,2.33525
0.825,0.186993,0.17725,2.104597,2.38925
0.85,0.219513,0.19989,2.018,2.453997
0.9,0.284553,0.260077,1.972191,2.490406
0.85,0.308942,0.319161,1.923934,2.516558
0.85,0.373985,0.33407,1.816045,2.5262
0.85,0.398375,0.363887,1.70667,2.5262
0.85,0.390244,0.363887,1.610261,2.528174
0.8,0.406505,0.378244,1.48786,2.507816
0.85,0.447156,0.408614,1.452006,2.4925
0.8,0.495935,0.422971,1.404229,2.497
0.8,0.504065,0.422971,1.233875,2.489089
0.85,0.544716,0.512976,1.1835,2.44825
0.8,0.569105,0.497515,1.079524,2.402117
0.75,0.552847,0.496963,1.013899,2.368169
0.75,0.577236,0.526781,0.969159,2.317286
0.7,0.560975,0.51132,0.948672,2.244893
0.65,0.617887,0.555494,0.891978,2.193797
0.7,0.593498,0.526229,0.814468,2.124152
0.65,0.593498,0.555494,0.741225,2.046868
0.6,0.707316,0.659304,0.72425,1.957931
0.55,0.715447,0.628934,0.72375,1.850875
0.6,0.756098,0.704031,0.72375,1.78
0.6,0.691058,0.644395,0.72375,1.672776
0.55,0.739836,0.673661,0.746237,1.570179
0.6,0.796749,0.659304,0.757,1.481975
0.6,0.707316,0.644395,0.757,1.42975
0.55,0.707316,0.643843,0.757,1.286176
0.55,0.756098,0.703479,0.76107,1.174641
0.45,0.77236,0.702374,0.765279,1.078375
0.4,0.707316,0.672004,0.765279,1.010152
0.35,0.715447,0.656543,0.765279,0.949423
0.4,0.707316,0.627278,0.795842,0.867073
0.35,0.691058,0.626726,0.858207,0.783126
0.4,0.658538,0.59746,0.944289,0.715292
0.3,0.674796,0.611264,1.056228,0.642318
0.35,0.682927,0.626726,1.123733,0.605022
0.35,0.707316,0.641634,1.185652,0.519957
0.325,0.699187,0.626449,1.247311,0.488202
0.3,0.691058,0.611264,1.31892,0.482016
0.4,0.658538,0.59746,1.405645,0.4745
0.3,0.658538,0.596356,1.502383,0.477281
0.4,0.658538,0.582551,1.576888,0.494045
0.35,0.569105,0.522363,1.642456,0.509224
0.4,0.560975,0.508007,1.71975,0.554363
0.3,0.528455,0.462176,1.773116,0.566859
0.4,0.528455,0.478189,1.8245,0.597097
0.45,0.471545,0.419105,1.8245,0.637971
0.5,0.463415,0.464384,1.8245,0.664549
0.5,0.398375,0.374931,1.82225,0.695625
0.5,0.414636,0.374931,1.773,0.760625
0.55,0.349593,0.330756,1.719831,0.841738
0.6,0.341465,0.3164,1.709911,0.927992
0.65,0.284553,0.257316,1.688464,1.054564
0.65,0.268294,0.257316,1.653722,1.115551
0.7,0.260164,0.228051,1.621906,1.230361
0.75,0.235774,0.213694,1.613244,1.325596
0.8,0.203251,0.184428,1.597375,1.4448
0.775,0.211382,0.184152,1.5837,1.548842
0.75,0.219513,0.183876,1.543338,1.656311
0.75,0.138211,0.124241,1.502947,1.792033
0.75,0.13008,0.124241,1.502947,1.905125
0.65,0.089433,0.093319,1.502947,2.00056
0.6,0.105691,0.092766,1.505363,2.095342
0.5,0.138211,0.106571,1.51295,2.164075
0.5,0.056909,0.046935,1.526052,2.191425
0.45,0.016262,0.016565,1.540181,2.230685
0.425,0.044716,0.046107,1.5636,2.389133
0.4,0.073171,0.075649,1.589624,2.401273
0.3,0.085365,0.081999,1.648664,2.401273
0.2,0.09756,0.088349,1.707423,2.401273
0.2,0.127371,0.103258,1.767471,2.386384
0.2,0.157182,0.118167,1.831103,2.356211
0.2,0.186993,0.133076,1.88325,2.336731
0.25,0.211382,0.178355,1.941005,2.319213
0.15,0.227644,0.192159,2.088081,2.20644
0.25,0.219513,0.208172,2.124435,2.156024
0.2,0.284553,0.252347,2.132049,2.13246
0.2,0.349593,0.297073,2.154844,2.094625
0.25,0.333334,0.297626,2.179444,2.034375
0.15,0.365854,0.341248,2.204256,1.990589
0.1,0.487804,0.430149,2.232503,1.924612
0.2,0.455284,0.401436,2.260072,1.84425
0.15,0.471545,0.415792,2.26465,1.744375
0.15,0.512196,0.475428,2.292338,1.654536
0.2,0.536585,0.47598,2.310942,1.596915
0.25,0.504065,0.461623,2.32709,1.491166
0.25,0.528455,0.476532,2.315096,1.423492
0.2,0.593498,0.520707,2.278357,1.357955
0.3,0.569105,0.521811,2.23181,1.322712
0.25,0.650407,0.595803,2.189514,1.26887
0.25,0.658538,0.610712,2.184677,1.137685
0.3,0.642276,0.596356,2.178767,1.022129
0.35,0.674796,0.611817,2.176036,0.99198
0.35,0.691058,0.626726,2.148323,0.938702
0.45,0.674796,0.642739,2.074622,0.896962
0.45,0.691058,0.612921,2.012083,0.8705
0.466667,0.712738,0.632984,1.94425,0.860708
0.483333,0.734418,0.653046,1.883177,0.813097
0.5,0.756098,0.673109,1.833189,0.775087
0.5,0.739836,0.673109,1.768335,0.7397
0.55,0.691058,0.628934,1.695104,0.686867
0.45,0.691058,0.612921,1.603873,0.675234
0.575,0.678864,0.614301,1.516652,0.673759
0.7,0.666669,0.615682,1.418875,0.673759
0.65,0.674796,0.630039,1.336158,0.675315
0.75,0.593498,0.556599,1.303969,0.680525
0.7,0.593498,0.548592,1.251255,0.687826
0.65,0.593498,0.540585,1.212877,0.700234
0.7,0.577236,0.541137,1.170417,0.712596
0.7,0.536585,0.556046,1.119827,0.771726
0.75,0.544716,0.496963,1.043014,0.871071
0.8,0.569105,0.512424,1.031375,0.945744
0.8,0.512196,0.467697,1.026307,1.033123
0.85,0.528455,0.46825,1.020458,1.147606
0.85,0.552847,0.512976,0.980335,1.25911
0.85,0.463415,0.438432,0.929125,1.319875
0.9,0.463415,0.424075,0.902125,1.422541
0.8,0.439025,0.393153,0.868527,1.526545
0.85,0.406505,0.393705,0.862419,1.625022
0.85,0.422764,0.378796,0.85691,1.707294
0.85,0.414636,0.378796,0.849923,1.809167
0.9,0.341465,0.304804,0.842923,1.862323
0.8,0.292684,0.273882,0.822262,1.934879
0.85,0.276424,0.259525,0.8105,2.032
0.9,0.260164,0.245168,0.8105,2.097012
0.9,0.235774,0.23026,0.812875,2.143271
0.9,0.211382,0.185533,0.8235,2.20883
0.85,0.186993,0.170072,0.872675,2.219849
0.8,0.146342,0.124793,0.951446,2.231463
0.75,0.089433,0.094423,1.009534,2.234373
0.75,0.040651,0.049696,1.078912,2.236907
0.65,0.089433,0.07841,1.131778,2.261755
0.7,0.081302,0.078962,1.197984,2.31312
0.625,0.077236,0.05577,1.286438,2.350702
0.55,0.073171,0.032579,1.341678,2.384883
0.5,0.056909,0.12148,1.434913,2.389
0.4,0.113822,0.120375,1.536049,2.390544
0.4,0.170731,0.150193,1.60652,2.39456
0.45,0.146342,0.120928,1.677746,2.394827
0.4,0.186993,0.165102,1.725528,2.390544
0.35,0.227644,0.209277,1.760691,2.38608
0.35,0.211382,0.194368,1.816394,2.378955
0.275,0.260162,0.238266,1.885375,2.352272
0.2,0.308942,0.282165,1.930053,2.26597
0.3,0.308942,0.283269,1.935293,2.222519
0.2,0.398375,0.356709,1.939287,2.149961
0.2,0.409214,0.366648,1.946505,2.07967
0.2,0.420055,0.376588,1.952305,1.999701
0.2,0.430895,0.386527,1.988531,1.915122
0.25,0.487804,0.431806,2.023189,1.840455
0.2,0.455284,0.416345,2.046689,1.752955
0.3,0.495935,0.447267,2.136,1.551383
0.25,0.504065,0.446715,2.136,1.515282
0.2,0.560975,0.446162,2.136,1.483621
0.2,0.585367,0.535616,2.135666,1.442573
0.2,0.577236,0.535616,2.102761,1.336215
0.15,0.593498,0.535064,2.095385,1.249117
0.15,0.658538,0.609608,2.082931,1.168136
0.25,0.626018,0.580895,2.072638,1.091911
0.25,0.609756,0.551077,2.068026,1.027542
0.35,0.601625,0.552181,2.061374,0.967889
0.3,0.666669,0.611264,2.026959,0.926755
0.3,0.650407,0.596356,1.971398,0.869318
0.3,0.699189,0.611264,1.959566,0.819361
0.4,0.699189,0.642187,1.951445,0.710359
0.35,0.674796,0.611817,1.942259,0.694085
0.35,0.658538,0.596908,1.934441,0.694254
0.45,0.658538,0.612921,1.883702,0.694338
0.35,0.601625,0.537272,1.816211,0.698882
0.4,0.609756,0.582551,1.741921,0.726287
0.4,0.609756,0.552733,1.690285,0.732
0.4,0.609756,0.59746,1.654372,0.73575
0.5,0.552847,0.494202,1.54599,0.746436
0.5,0.528455,0.479293,1.492167,0.753715
0.45,0.479676,0.448923,1.471605,0.758817
0.45,0.471545,0.448923,1.4635,0.768844
0.45,0.463415,0.434014,1.4635,0.794257
0.5,0.365854,0.345113,1.4635,0.851583
0.6,0.333334,0.3164,1.470133,0.931706
0.65,0.341465,0.302043,1.483769,0.981702
0.65,0.349593,0.316952,1.483769,1.063903
0.75,0.260164,0.243512,1.483769,1.136403
0.75,0.284553,0.258421,1.483841,1.232154
0.75,0.186993,0.168967,1.482081,1.2687
0.8,0.203251,0.16952,1.480592,1.334251
0.85,0.243902,0.229707,1.476717,1.4455
0.85,0.227644,0.214798,1.4755,1.594311
0.85,0.235774,0.229707,1.475,1.736273
0.85,0.276422,0.244616,1.474023,1.858713
0.9,0.325204,0.289895,1.459685,1.979893
0.9,0.357724,0.334622,1.448153,2.020885
0.9,0.373985,0.334622,1.382187,2.156396
0.9,0.382113,0.349531,1.362754,2.24925
0.883333,0.384823,0.349347,1.35044,2.34536
0.866667,0.387533,0.349163,1.29893,2.440805
0.85,0.390244,0.348978,1.267188,2.473562
0.85,0.422764,0.378796,1.207511,2.521466
0.85,0.414636,0.363887,1.093968,2.522716
0.85,0.414636,0.378796,1.028144,2.522716
0.85,0.487804,0.453341,0.948641,2.522716
0.8,0.520327,0.467697,0.847904,2.508076
0.8,0.520327,0.482606,0.764125,2.471702
0.75,0.487804,0.467145,0.747,2.395777
0.7,0.544716,0.496411,0.747,2.35365
0.7,0.528455,0.481502,0.747,2.325722
0.65,0.569105,0.510768,0.775667,2.239412
0.65,0.544716,0.495859,0.787889,2.180526
0.6,0.609756,0.554942,0.787889,2.128943
0.6,0.626018,0.569851,0.787889,2.044135
0.65,0.642276,0.570403,0.780945,1.930315
0.65,0.634146,0.585312,0.774,1.822238
0.6,0.658538,0.58476,0.774,1.760457
0.575,0.642278,0.569575,0.774,1.680862
0.55,0.626018,0.55439,0.789101,1.549971
0.5,0.617887,0.568747,0.818372,1.459659
0.55,0.666669,0.569299,0.838589,1.384821
0.475,0.678864,0.598288,0.864534,1.303663
0.4,0.691058,0.627278,0.904739,1.25077
0.35,0.674796,0.611817,0.908936,1.155046
0.45,0.682927,0.62783,0.913463,1.027051
0.4,0.609756,0.552733,0.915229,0.980702
0.45,0.601625,0.553285,0.927327,0.90569
0.35,0.577236,0.522363,1.011346,0.870164
0.35,0.601625,0.537272,1.124011,0.815087
0.3,0.617887,0.551629,1.20037,0.791509
0.283333,0.601627,0.536536,1.294532,0.752222
0.266667,0.585366,0.521443,1.375955,0.708135
0.25,0.569105,0.50635,1.437807,0.670355
0.2,0.536585,0.47598,1.509479,0.667
0.2,0.495935,0.446162,1.577426,0.667
0.2,0.487804,0.431253,1.66335,0.666625
0.2,0.447156,0.386527,1.744725,0.667846
0.25,0.439025,0.401988,1.804549,0.694346
0.25,0.392955,0.357261,1.872356,0.736475
0.25,0.346885,0.312535,1.970256,0.757472
0.25,0.300814,0.267808,2.056498,0.760282
0.2,0.268294,0.237438,2.138583,0.764375
0.1,0.235774,0.206516,2.200677,0.789772
0.15,0.207318,0.17725,2.219859,0.845875
0.2,0.178862,0.147985,2.226167,0.92053
0.25,0.178862,0.148537,2.227453,1.028375
0.3,0.073171,0.104362,2.229329,1.117552
0.4,0.077236,0.098012,2.230945,1.249036
0.5,0.081302,0.091662,2.237758,1.374851
0.4,0.105691,0.090558,2.264,1.484587
0.45,0.138211,0.106019,2.265125,1.56249
0.55,0.154473,0.122032,2.274609,1.662019
0.6125,0.154473,0.122722,2.286828,1.745459
0.675,0.154473,0.123412,2.287581,1.832597
0.7375,0.154473,0.124103,2.273981,1.873961
0.8,0.154473,0.124793,2.232395,1.977355
0.85,0.154473,0.125345,2.180445,2.118988
0.8,0.154473,0.139702,2.109938,2.257062
0.85,0.252033,0.229707,1.922037,2.3685
0.85,0.252033,0.229707,1.863132,2.379
0.85,0.325204,0.289343,1.826435,2.379125
0.85,0.349593,0.33407,1.794258,2.407502
0.85,0.382113,0.33407,1.76826,2.436
0.9,0.430895,0.409166,1.74372,2.436
0.9,0.430895,0.394257,1.638864,2.436
0.85,0.398375,0.363887,1.46775,2.447986
0.85,0.422764,0.393705,1.40501,2.455446
0.8,0.430895,0.378244,1.296568,2.455446
0.8,0.430895,0.393153,1.1978,2.455446
0.75,0.504065,0.452236,1.139847,2.450552
0.75,0.487804,0.437327,1.101966,2.410158
0.75,0.520327,0.452236,0.98843,2.386258
0.75,0.504065,0.467145,0.942521,2.352111
0.7,0.512196,0.481502,0.84997,2.317497
0.65,0.556911,0.518222,0.779933,2.296487
0.6,0.601625,0.554942,0.779808,2.268806
0.65,0.626018,0.570403,0.779808,2.1855
0.55,0.609756,0.55439,0.779808,2.1116
0.6,0.666669,0.614578,0.798912,2.03223
0.55,0.682927,0.643843,0.841226,1.942039
0.55,0.739836,0.673661,0.851773,1.84925
0.45,0.77236,0.687465,0.855033,1.753495
0.5,0.739836,0.673109,0.863571,1.610596
0.45,0.723578,0.672557,0.867,1.538375
0.5,0.723578,0.643291,0.866052,1.509443
0.45,0.731709,0.687465,0.866052,1.41815
0.45,0.756098,0.687465,0.86775,1.333097
0.4,0.894309,0.985091,0.8755,1.207757
0.45,0.674796,0.62783,0.893626,1.081502
0.416667,0.680217,0.627462,0.9016,0.932819
0.383333,0.685638,0.627094,0.903,0.811075
0.35,0.691058,0.626726,0.903688,0.742601
0.3,0.634146,0.581447,0.914215,0.629421
0.3,0.658538,0.596356,0.950672,0.564584
0.25,0.609756,0.565986,1.000483,0.54675
0.25,0.609756,0.536168,1.07765,0.544452
0.3,0.585367,0.551629,1.165891,0.536762
0.25,0.601627,0.558531,1.249814,0.531362
0.2,0.617887,0.565433,1.337438,0.526115
0.2,0.609756,0.565433,1.441829,0.517806
0.3,0.609756,0.566538,1.553472,0.5035
0.2,0.609756,0.550525,1.636919,0.5035
0.2,0.626018,0.565433,1.737717,0.5035
0.233333,0.604337,0.550893,1.79144,0.509391
0.266667,0.582656,0.536352,1.856432,0.535696
0.3,0.560975,0.521811,1.9351,0.562435
0.25,0.471545,0.416897,2.001987,0.581505
0.35,0.463415,0.418001,2.089365,0.586832
0.3,0.430895,0.372722,2.137847,0.638734
0.3,0.422764,0.372722,2.146,0.712359
0.25,0.357724,0.327443,2.146,0.7482
0.275,0.337398,0.312811,2.146,0.7695
0.3,0.317073,0.298178,2.144625,0.81375
0.3,0.317073,0.283269,2.11625,0.885875
0.3,0.276422,0.223633,2.076683,0.958751
0.35,0.203251,0.194368,2.034141,1.0175
0.45,0.195122,0.188018,2.002125,1.082586
0.55,0.186993,0.181668,1.991125,1.172827
0.45,0.170731,0.150745,1.983388,1.230693
0.55,0.154473,0.136941,1.9741,1.413951
0.6,0.154473,0.137493,1.955364,1.537292
0.65,0.146342,0.138045,1.941903,1.618312
0.7,0.13008,0.10878,1.937887,1.675649
0.8,0.146342,0.124793,1.938326,1.749361
0.85,0.138211,0.140254,1.941239,1.793344
0.85,0.186993,0.170072,1.928988,1.853248
0.95,0.195124,0.200994,1.90925,1.99575
0.85,0.268294,0.229707,1.903459,2.111925
0.8,0.268294,0.273882,1.890019,2.184575
0.85,0.333334,0.304252,1.808375,2.2895
0.85,0.325204,0.289343,1.774011,2.363365
0.9,0.382113,0.349531,1.730844,2.402166
0.85,0.390244,0.348978,1.579585,2.442376
0.9,0.414636,0.379348,1.506579,2.472134
0.9,0.439025,0.379348,1.408375,2.503375
0.8,0.430895,0.408062,1.356004,2.535539
0.85,0.439025,0.408614,1.266329,2.541048
0.85,0.471545,0.423523,1.09425,2.541048
0.8,0.447156,0.422971,1.032346,2.541048
0.75,0.504065,0.452236,0.962136,2.531816
0.75,0.544716,0.511872,0.928783,2.489692
0.7,0.528455,0.496411,0.900087,2.415202
0.7,0.577236,0.51132,0.785052,2.377625
0.7,0.634146,0.556046,0.738915,2.346362
0.65,0.609756,0.540585,0.669083,2.310759
0.6,0.674796,0.614578,0.662083,2.260077
0.55,0.626018,0.55439,0.662083,2.213939
0.55,0.634146,0.584208,0.662083,2.144387
0.6,0.666669,0.614578,0.67975,2.040842
0.5,0.756098,0.688018,0.6905,1.923375
0.55,0.739836,0.673661,0.693163,1.809764
0.5,0.756098,0.688018,0.699578,1.684272
0.5,0.715447,0.6582,0.712045,1.563636
0.45,0.723578,0.657648,0.711,1.463682
0.5,0.674796,0.628382,0.711,1.366082
0.5,0.674796,0.628382,0.711,1.27934
0.45,0.691058,0.62783,0.717444,1.233
0.45,0.691058,0.62783,0.764766,1.166656
0.4,0.707316,0.642187,0.844358,0.982189
0.3,0.723578,0.655991,0.856402,0.866818
0.3,0.666669,0.596356,0.876056,0.755931
0.35,0.609756,0.56709,0.90592,0.648407
0.3,0.634146,0.566538,0.949856,0.605388
0.25,0.593498,0.536168,1.024942,0.597625
0.25,0.617887,0.551077,1.122821,0.59268
0.2,0.617887,0.550525,1.2,0.586969
0.25,0.626018,0.551077,1.262553,0.578625
0.25,0.617887,0.565986,1.382675,0.564323
0.2,0.626018,0.565433,1.501586,0.526323
0.2,0.617887,0.550525,1.593469,0.515218
0.1,0.593498,0.534511,1.673426,0.509161
0.175,0.577236,0.520431,1.746323,0.509161
0.25,0.560975,0.50635,1.824012,0.515177
0.25,0.495935,0.446715,1.895922,0.562746
0.3,0.471545,0.432358,1.983351,0.631344
0.3,0.463415,0.432358,2.0781,0.63425
0.35,0.479676,0.418001,2.144831,0.652845
0.25,0.455284,0.416897,2.164,0.682665
0.375,0.443089,0.403368,2.164,0.733608
0.5,0.430895,0.38984,2.164,0.784878
0.55,0.430895,0.390392,2.15,0.8125
0.6,0.443089,0.398399,2.038883,0.884302
0.65,0.455284,0.406405,2.001999,0.911551
0.7,0.422764,0.406957,1.965952,0.972279
0.75,0.447156,0.422419,1.944561,1.030196
0.75,0.463415,0.422419,1.92465,1.126218
0.8,0.471545,0.43788,1.86588,1.263298
0.8,0.463415,0.422971,1.7773,1.353152
0.8,0.447156,0.408062,1.679655,1.390726
0.85,0.447156,0.393705,1.609404,1.427024
0.8,0.447156,0.408062,1.492065,1.505037
0.85,0.447156,0.423523,1.422045,1.570802
0.85,0.463415,0.423523,1.305737,1.693832
0.85,0.447156,0.408614,1.250908,1.75425
0.85,0.439025,0.408614,1.171625,1.847169
0.9,0.422764,0.379348,1.093503,1.904391
0.85,0.414636,0.378796,0.998462,1.9577
0.85,0.398375,0.363887,0.940566,2.029625
0.85,0.333334,0.289343,0.927375,2.064221
0.85,0.276422,0.259525,0.913029,2.12831
0.9,0.300814,0.274986,0.902692,2.154015
0.9,0.252033,0.23026,0.902692,2.20207
0.85,0.235774,0.19989,0.905,2.228182
0.75,0.186993,0.168967,0.905,2.246625
0.7,0.186993,0.168415,0.906594,2.255625
0.7,0.154473,0.153506,0.939375,2.255625
0.65,0.089433,0.07841,0.970309,2.257813
0.65,0.081302,0.108227,1.009509,2.26
0.55,0.040651,0.047488,1.068951,2.26
0.55,0.081302,0.032579,1.188145,2.26
0.5,0.101627,0.05439,1.253619,2.266958
0.45,0.121953,0.076201,1.311762,2.272281
0.35,0.154473,0.134732,1.384083,2.267406
0.35,0.170731,0.149641,1.434527,2.267406
0.35,0.178862,0.16455,1.504769,2.267076
0.25,0.203251,0.178355,1.562552,2.236337
0.15,0.260164,0.251795,1.61598,2.204952
0.15,0.243902,0.221977,1.685108,2.198498
0.15,0.252033,0.221977,1.763671,2.190563
0.15,0.300814,0.266703,1.855707,2.187751
0.2,0.317073,0.282165,1.932411,2.175286
0.2,0.357724,0.297073,1.996385,2.124793
0.15,0.406505,0.356157,2.037294,2.06674
0.2,0.398375,0.356709,2.075621,1.999119
0.2,0.406505,0.356709,2.083624,1.958225
0.2,0.463415,0.416345,2.091237,1.891503
0.2,0.479676,0.431253,2.092684,1.820772
0.25,0.471545,0.416897,2.147173,1.760538
0.25,0.528455,0.476532,2.216657,1.667877
0.3,0.536585,0.477084,2.270606,1.583027
0.25,0.552847,0.50635,2.27969,1.523548
0.3,0.528455,0.477084,2.281195,1.425068
0.3,0.609756,0.551629,2.257574,1.321375
0.3,0.593498,0.551629,2.223524,1.233685
0.4,0.682927,0.642187,2.1865,1.203199
0.3,0.682927,0.581447,2.105441,1.160552
0.3,0.682927,0.626173,2.087858,1.074477
0.35,0.691058,0.626726,2.062829,0.995838
0.4,0.699189,0.627278,2.033653,0.938798
0.45,0.650407,0.62783,1.991875,0.869875
0.466667,0.663958,0.628014,1.939039,0.849048
0.483333,0.677508,0.628198,1.833693,0.843173
0.5,0.691058,0.628382,1.777786,0.835915
0.45,0.674796,0.598012,1.715034,0.831688
0.525,0.682927,0.613749,1.669814,0.830317
0.6,0.691058,0.629486,1.580157,0.824283
0.65,0.658538,0.600221,1.521628,0.81444
0.6,0.642276,0.569851,1.480226,0.817953
0.6,0.626018,0.569851,1.404256,0.820029
0.7,0.593498,0.556046,1.347053,0.820772
0.75,0.642276,0.586416,1.31185,0.89145
0.75,0.609756,0.556599,1.293554,0.949378
0.7,0.560975,0.526229,1.258447,0.98406
0.7,0.569105,0.51132,1.179772,1.019819
0.75,0.536585,0.482054,1.018836,1.126793
0.8,0.512196,0.452789,0.953383,1.171387
0.8,0.495935,0.452789,0.90675,1.184875
0.8,0.495935,0.452789,0.885032,1.213738
0.8,0.463415,0.43788,0.873888,1.249897
0.8,0.406505,0.378244,0.868213,1.293024
0.9,0.414636,0.379348,0.863183,1.381169
0.85,0.406505,0.363887,0.857925,1.484328
0.85,0.349593,0.33407,0.844503,1.557655
0.85,0.349593,0.304252,0.829,1.670318
0.85,0.341465,0.319161,0.829,1.752995
0.85,0.317073,0.289343,0.829,1.848353
0.95,0.308942,0.275538,0.829741,1.934307
0.825,0.268293,0.236886,0.865199,1.975375
0.7,0.227644,0.198233,0.915535,2.000084
0.7,0.186993,0.168415,0.963789,2.017194
0.7,0.162604,0.168415,1.001402,2.04742
0.7,0.203251,0.168415,1.03054,2.089431
0.65,0.219513,0.152954,1.04875,2.154625
0.6,0.203251,0.167311,1.059327,2.208825
0.525,0.243902,0.211209,1.219118,2.226975
0.45,0.284553,0.255108,1.696471,2.259899
0.4,0.300814,0.314191,1.696471,2.259899
0.3,0.292684,0.253451,1.702971,2.259899
0.4,0.260164,0.224738,1.718471,2.259899
0.325,0.296749,0.261182,1.707852,2.24577
0.25,0.333334,0.297626,1.703204,2.199875
0.25,0.349593,0.297626,1.703204,2.145893
0.2,0.382113,0.311982,1.705454,2.094621
0.2,0.382113,0.3418,1.725125,2.06275
0.15,0.439025,0.385975,1.761339,1.962665
0.1,0.471545,0.400331,1.779153,1.846205
0.15,0.471545,0.415792,1.816803,1.706951
0.15,0.479676,0.430701,1.858625,1.675139
0.15,0.487804,0.44561,1.88783,1.631737
0.15,0.504065,0.44561,1.916,1.584233
0.2,0.495935,0.446162,1.941794,1.574952
0.25,0.495935,0.446715,2.021923,1.403289
0.2,0.560975,0.505798,2.086256,1.277016
0.2,0.520327,0.461071,2.095525,1.210948
0.25,0.544716,0.461623,2.101494,1.147692
0.25,0.504065,0.461623,2.108082,1.084069
0.25,0.577236,0.521259,2.102718,1.026302
0.3,0.601625,0.551629,2.127387,0.980108
0.2,0.585367,0.535616,2.129887,0.948433
0.25,0.577236,0.536168,2.129887,0.893812
0.25,0.601625,0.536168,2.1236,0.877712
0.3,0.601625,0.551629,2.096639,0.873946
0.35,0.609756,0.552181,2.060167,0.868913
0.25,0.642276,0.565986,2.017952,0.867349
0.35,0.642276,0.581999,1.977502,0.862013
0.45,0.642276,0.568194,1.959735,0.843782
0.5,0.699189,0.613473,1.939548,0.806552
0.45,0.626018,0.568194,1.899833,0.793
0.55,0.666669,0.614025,1.85837,0.793
0.45,0.682927,0.612921,1.817902,0.793
0.55,0.658538,0.599117,1.74025,0.799625
0.55,0.626018,0.569299,1.710553,0.854232
0.55,0.642276,0.599117,1.677356,0.864
0.6,0.626018,0.58476,1.593515,0.864
0.5,0.609756,0.553838,1.538188,0.864
0.55,0.560975,0.509663,1.472502,0.866711
0.55,0.560975,0.494754,1.420742,0.868672
0.5,0.520327,0.479293,1.364875,0.868672
0.55,0.495936,0.457482,1.30168,0.870629
0.6,0.471545,0.435671,1.244894,0.931884
0.7,0.430895,0.392049,1.20235,1.009667
0.7,0.403794,0.37217,1.189967,1.050172
0.7,0.376693,0.352292,1.175403,1.097481
0.7,0.349593,0.332413,1.13375,1.161273
0.65,0.333334,0.287134,1.127,1.182709
0.75,0.292684,0.27333,1.127,1.215053
0.8,0.276422,0.258973,1.127201,1.316432
0.8,0.268294,0.244064,1.132554,1.386539
0.8,0.325204,0.3037,1.18664,1.450555
0.85,0.357724,0.319161,1.249243,1.527077
0.85,0.333334,0.304252,1.263471,1.564616
0.85,0.349593,0.319161,1.263471,1.644877
0.85,0.398375,0.363887,1.263235,1.726289
0.85,0.414636,0.378796,1.264735,1.806987
0.9,0.430895,0.394257,1.268,1.951684
1.0,0.471545,0.425179,1.265735,2.05875
0.9,0.45122,0.409166,1.25938,2.108989
0.8,0.430895,0.393153,1.24335,2.250652
0.8,0.439025,0.408062,1.233162,2.312607
0.8,0.479676,0.43788,1.199778,2.312607
0.75,0.487804,0.437327,1.110965,2.312675
0.8,0.528455,0.467697,1.048907,2.314197
0.75,0.471545,0.437327,0.986695,2.302902
0.75,0.569105,0.511872,0.925033,2.289505
0.65,0.544716,0.510768,0.820277,2.27225
0.65,0.593498,0.510768,0.738206,2.25756
0.65,0.609756,0.555494,0.6985,2.229634
0.6,0.617887,0.554942,0.6985,2.207184
0.55,0.617887,0.55439,0.6985,2.150189
0.6,0.650407,0.599669,0.718562,2.060232
0.55,0.674796,0.614025,0.758029,1.980001
0.55,0.658538,0.599117,0.761062,1.890837
0.5,0.674796,0.598564,0.768452,1.782692
0.5,0.707316,0.628382,0.777375,1.674138
0.5,0.658538,0.598564,0.782704,1.564384
0.55,0.642276,0.569299,0.788545,1.465125
0.5,0.630082,0.568747,0.806875,1.391191
0.45,0.617887,0.568194,0.863693,1.291781
0.35,0.650407,0.581999,0.891897,1.218717
0.316667,0.628727,0.566722,0.904054,1.172743
0.283333,0.607047,0.551445,0.917929,1.089778
0.25,0.585367,0.536168,0.994,0.910625
0.3,0.593498,0.53672,1.036,0.80175
0.3,0.536585,0.491993,1.092554,0.727049
0.2,0.560975,0.505798,1.154995,0.704253
0.15,0.577236,0.505246,1.273627,0.699055
0.25,0.528455,0.461623,1.317439,0.695033
0.2,0.487804,0.446162,1.394038,0.688336
0.2,0.463415,0.431253,1.459883,0.665365
0.2,0.406505,0.371618,1.552934,0.650459
0.2,0.422764,0.371618,1.650967,0.650459
0.3,0.422764,0.372722,1.769342,0.650459
0.2,0.333334,0.297073,1.84569,0.654895
0.2,0.333334,0.297073,1.891355,0.703982
0.25,0.280489,0.290171,1.925742,0.736532
0.3,0.227644,0.283269,1.959664,0.774038
0.4,0.203251,0.19492,2.016086,0.83825
0.45,0.170731,0.195472,2.08275,0.914875
0.35,0.178862,0.179459,2.14125,0.97775
0.25,0.186993,0.163446,2.178558,1.038375
0.325,0.138213,0.127002,2.209991,1.115646
0.4,0.089433,0.090558,2.220275,1.214852
0.45,0.084012,0.09608,2.22408,1.30215
0.5,0.078591,0.101601,2.23418,1.413556
0.55,0.073171,0.107123,2.361866,1.518187
0.6,0.073171,0.062949,2.411539,1.640036
0.65,0.121953,0.108227,2.368912,1.734646
0.65,0.13008,0.108227,2.317624,1.847088
0.7,0.211382,0.168415,2.247521,1.930867
0.8,0.195124,0.184428,2.2385,1.973808
0.7,0.325204,0.287686,2.21725,1.996757
0.8,0.235774,0.214246,2.164,2.037507
0.9,0.292684,0.260077,2.103266,2.082864
0.8,0.260164,0.244064,1.966828,2.20738
0.75,0.260164,0.228603,1.916511,2.259819
0.75,0.243902,0.243512,1.882766,2.308887
0.75,0.235774,0.213694,1.860898,2.334989
0.75,0.235774,0.213694,1.788263,2.357225
0.7,0.292684,0.272777,1.615917,2.411375
0.65,0.300814,0.272225,1.551426,2.415856
0.65,0.341465,0.316952,1.4735,2.417925
0.7,0.357724,0.317504,1.397407,2.4178
0.6,0.365854,0.3164,1.325004,2.416
0.65,0.373985,0.331861,1.283785,2.412375
0.65,0.357724,0.331861,1.26069,2.372415
0.575,0.38618,0.353396,1.25969,2.331387
0.5,0.414636,0.374931,1.256023,2.29727
0.45,0.447156,0.404197,1.247,2.26777
0.45,0.471545,0.389288,1.246265,2.222464
0.4,0.512196,0.46328,1.246265,2.170618
0.4,0.479676,0.433462,1.246265,2.086566
0.4,0.495935,0.448371,1.241383,2.008527
0.35,0.53252,0.477637,1.235,1.923069
0.3,0.569105,0.506902,1.235,1.838275
0.35,0.569105,0.522363,1.23725,1.780025
0.4,0.609756,0.552733,1.269775,1.718575
0.4,0.601625,0.552733,1.379881,1.661595
0.45,0.609756,0.553285,1.458375,1.565434
0.35,0.699189,0.626726,1.479273,1.448
0.3,0.723578,0.655991,1.495689,1.435633
0.35,0.731707,0.671452,1.506514,1.340395
0.4,0.739836,0.686913,1.521621,1.171344
0.5,0.699189,0.628382,1.532686,1.064891
0.5,0.723578,0.673109,1.543648,1.014888
0.5,0.707316,0.628382,1.54777,0.937919
0.55,0.642276,0.614025,1.5483,0.859664
0.55,0.661247,0.623965,1.547906,0.825377
0.55,0.680218,0.633904,1.545608,0.815582
0.55,0.699189,0.643843,1.500992,0.81247
0.55,0.691058,0.628934,1.424317,0.793459
0.6,0.723578,0.659304,1.366948,0.778615
0.6,0.674796,0.629486,1.312623,0.776
0.6,0.658538,0.599669,1.247699,0.776
0.616667,0.672088,0.604822,1.207957,0.776
0.633333,0.685639,0.609976,1.184732,0.798345
0.65,0.699189,0.61513,1.178677,0.845127
0.725,0.642278,0.578686,1.168972,0.877558
0.8,0.585367,0.542242,1.157298,0.923665
0.7,0.569105,0.526229,1.13656,0.94306
0.7,0.560975,0.541137,1.086948,0.958515
0.8,0.544716,0.482606,1.039522,0.974721
0.8,0.504065,0.467697,1.002283,0.995619
0.75,0.495935,0.452236,0.961033,1.018056
0.75,0.479676,0.452236,0.932916,1.101136
0.85,0.471545,0.423523,0.929,1.185125
0.8,0.463415,0.422971,0.925375,1.239205
0.8,0.471545,0.43788,0.918677,1.317092
0.85,0.422764,0.393705,0.913601,1.390963
0.85,0.406505,0.378796,0.91148,1.4602
0.85,0.373985,0.348978,0.908399,1.525457
0.9,0.373985,0.334622,0.884743,1.632723
0.85,0.333334,0.304252,0.876135,1.757219
0.85,0.333334,0.304252,0.876135,1.837943
0.8,0.268294,0.258973,0.876135,1.908372
0.9,0.219513,0.185533,0.885601,1.954136
0.8,0.203251,0.184428,0.932608,1.96428
0.8,0.170731,0.154611,0.964862,1.990004
0.75,0.195124,0.168967,0.968464,2.050819
0.65,0.170731,0.152954,0.973354,2.124125
0.75,0.13008,0.109332,0.986835,2.188211
0.65,0.138211,0.138045,1.010818,2.225564
0.55,0.089433,0.077305,1.058653,2.240254
0.5,0.105691,0.061844,1.144486,2.240735
0.45,0.073171,0.061292,1.239255,2.248959
0.35,0.073171,0.045279,1.296573,2.255981
0.3,0.121953,0.104362,1.338762,2.256922
0.3,0.138211,0.119271,1.377447,2.256922
0.3,0.154473,0.13418,1.448017,2.285625
0.35,0.178862,0.16455,1.52962,2.289
0.3,0.203251,0.193816,1.591528,2.289
0.25,0.233062,0.218112,1.655736,2.289
0.2,0.262873,0.242408,1.728071,2.249579
0.15,0.292684,0.266703,1.774443,2.212786
0.2,0.300814,0.267256,1.800106,2.187178
0.2,0.341465,0.297073,1.833686,2.145758
0.3,0.349593,0.313087,1.863,2.12275
0.316667,0.346884,0.313271,1.937924,2.091635
0.333333,0.344174,0.313455,1.991675,2.053883
0.35,0.341465,0.313639,2.041625,1.97267
0.35,0.365854,0.328548,2.046063,1.89636
0.4,0.398375,0.344009,2.053628,1.831441
0.35,0.471545,0.43291,2.080375,1.743574
0.4,0.520327,0.46328,2.082,1.670513
0.5,0.495935,0.464384,2.091625,1.587125
0.45,0.520327,0.463832,2.16,1.43184
0.45,0.585367,0.523468,2.16,1.402925
0.35,0.642276,0.581999,2.16,1.3925
0.4,0.626018,0.612369,2.15449,1.392
0.5,0.658538,0.613473,2.078607,1.384434
0.4,0.747967,0.657096,1.994245,1.374454
0.5,0.674796,0.613473,1.881252,1.353437
0.45,0.723578,0.657648,1.794155,1.34375
0.55,0.691058,0.643843,1.755122,1.325178
0.55,0.739836,0.68857,1.702958,1.265765
0.55,0.739836,0.673661,1.647086,1.19745
0.6,0.756098,0.674213,1.562073,1.119309
0.5,0.739836,0.673109,1.501728,1.063485
0.575,0.715447,0.659028,1.431875,1.04686
0.65,0.691058,0.644948,1.3435,1.03175
0.6,0.642276,0.58476,1.289585,0.962346
0.6375,0.642276,0.581447,1.220203,0.898465
0.675,0.642276,0.578134,1.162427,0.86326
0.7125,0.642276,0.574821,1.086427,0.854139
0.75,0.642276,0.571507,1.072556,0.854139
0.65,0.626018,0.570403,1.065534,0.854139
0.65,0.593498,0.555494,1.048,0.863175
0.7,0.552847,0.526229,1.030971,0.868505
0.75,0.544716,0.511872,0.979587,0.874605
0.8,0.552847,0.512424,0.919424,0.920302
0.8,0.544716,0.467697,0.89478,1.059243
0.85,0.512196,0.46825,0.89478,1.217391
0.85,0.520327,0.46825,0.89478,1.249514
0.9,0.495935,0.453893,0.89478,1.285048
0.85,0.487804,0.453341,0.884209,1.313713
0.85,0.495935,0.438432,0.875477,1.340975
0.9,0.520327,0.468802,0.855736,1.398284
0.85,0.455284,0.423523,0.833347,1.488618
0.9,0.390244,0.349531,0.818,1.581375
0.9,0.382113,0.349531,0.814067,1.646015
0.85,0.308942,0.274434,0.804317,1.764856
0.85,0.292684,0.259525,0.798386,1.804292
0.85,0.284553,0.259525,0.798445,1.841567
0.8,0.252033,0.229155,0.798867,1.960875
0.9,0.219513,0.200442,0.800046,2.043004
0.9,0.178862,0.170624,0.800557,2.126653
1.0,0.162604,0.156819,0.800557,2.190693
0.85,0.142278,0.110436,0.802603,2.238762
0.7,0.121953,0.064053,0.829307,2.309178
0.6,0.056909,0.04804,0.893197,2.315898
0.55,0.089433,0.077305,0.97,2.317708
0.5,0.056909,0.046935,1.019985,2.31965
0.5,0.06504,0.046935,1.074604,2.32475
0.5,0.121953,0.106571,1.152036,2.328158
0.6,0.170731,0.152402,1.211272,2.338854
0.55,0.146342,0.136941,1.313059,2.346785
0.5,0.186993,0.166207,1.3807,2.346785
0.5,0.186993,0.181115,1.444744,2.342892
0.45,0.195124,0.150745,1.526988,2.330125
0.375,0.223578,0.187189,1.59634,2.307
0.3,0.252033,0.223633,1.644065,2.292835
0.35,0.300814,0.268912,1.703373,2.283576
0.35,0.317073,0.283821,1.797824,2.270403
0.25,0.365854,0.327443,1.849661,2.236291
0.3,0.365854,0.327996,1.849661,2.191454
0.4,0.422764,0.373827,1.849661,2.130314
0.3,0.406505,0.357813,1.847875,2.083167
0.25,0.479676,0.431806,1.816004,2.037021
0.2,0.495935,0.431253,1.814,2.025859
0.2,0.512196,0.461071,1.814,1.98502
0.2,0.569105,0.490889,1.814,1.898601
0.25,0.569105,0.50635,1.838635,1.828119
0.2,0.560975,0.520707,1.900528,1.751586
0.233333,0.607046,0.555862,1.947224,1.679552
0.266667,0.653118,0.591018,1.95,1.532057
0.3,0.699189,0.626173,1.95,1.479346
0.3,0.682927,0.611264,1.957416,1.444935
0.3,0.674796,0.626173,2.021865,1.329133
0.3,0.666669,0.581447,2.017536,1.28175
0.2,0.650407,0.595251,1.954223,1.21325
0.25,0.601625,0.551077,1.92225,1.131588
0.25,0.626018,0.565986,1.901875,1.055383
0.3,0.577236,0.53672,1.9015,0.954889
0.3,0.569105,0.506902,1.896484,0.871392
0.3,0.544716,0.491993,1.868071,0.811486
0.3,0.520327,0.491993,1.824489,0.777152
0.3,0.495935,0.432358,1.765125,0.753884
0.3,0.471545,0.432358,1.708442,0.71475
0.2,0.406505,0.371618,1.679317,0.678926
0.275,0.378049,0.350083,1.679,0.677551
0.35,0.349593,0.328548,1.676625,0.673303
0.4,0.317073,0.293319,1.669817,0.660559
0.45,0.284553,0.258089,1.678992,0.6846
0.5,0.252033,0.22286,1.722719,0.750461
0.55,0.219513,0.187631,1.751491,0.809129
0.6,0.186993,0.152402,1.755258,0.837398
0.5,0.178862,0.151298,1.757998,0.8978
0.55,0.166667,0.144395,1.774185,1.001794
0.6,0.154473,0.137493,1.797793,1.06602
0.65,0.121953,0.108227,1.799806,1.209768
0.75,0.162604,0.154059,1.793615,1.536228
0.85,0.154473,0.140254,1.806862,1.616137
0.85,0.146342,0.140254,1.804141,1.668758
0.8,0.203251,0.184428,1.79642,1.716859
0.85,0.227644,0.19989,1.783548,1.811862
0.85,0.227644,0.19989,1.779,1.874296
0.85,0.227644,0.214798,1.759122,1.968005
0.85,0.276422,0.274434,1.747764,2.079777
0.85,0.308942,0.274434,1.740932,2.170462
0.8,0.308942,0.273882,1.718864,2.275518
0.8,0.317073,0.288791,1.672546,2.385454
0.75,0.341465,0.303147,1.638111,2.43472
0.8,0.398375,0.363335,1.600487,2.487564
0.75,0.422764,0.377692,1.53514,2.495082
0.8,0.422764,0.43788,1.481061,2.499323
0.75,0.430895,0.392601,1.433924,2.500098
0.85,0.479676,0.453341,1.388125,2.500098
0.75,0.512196,0.4746,1.259148,2.493049
0.65,0.544716,0.495859,1.190246,2.441786
0.7,0.560975,0.51132,1.159179,2.436875
0.65,0.642276,0.570403,1.115204,2.408861
0.65,0.626018,0.570403,1.085496,2.321967
0.6,0.642276,0.58476,1.070327,2.243293
0.6,0.642276,0.599669,1.048848,2.145957
0.6,0.739836,0.674213,1.007552,2.095573
0.55,0.707316,0.643843,0.976197,2.034841
0.6,0.77236,0.704031,0.940051,1.976872
0.55,0.756098,0.703479,0.928806,1.91166
0.55,0.813007,0.733297,0.928806,1.847225
0.6,0.788618,0.71894,0.927806,1.779694
0.6,0.829269,0.748758,0.927806,1.693425
0.5,0.8374,0.762562,0.928806,1.624683
0.6,0.821138,0.748758,0.934897,1.53592
0.6,0.788618,0.71894,0.951,1.429766
0.55,0.739836,0.673661,0.944625,1.281359
0.55,0.707316,0.658752,0.918444,1.171817
0.6,0.723578,0.629486,0.892749,1.082765
0.55,0.626018,0.569299,0.847072,1.008623
0.65,0.617887,0.570403,0.845125,0.963711
0.683333,0.620598,0.570771,0.8455,0.858189
0.716667,0.623308,0.571139,0.8455,0.781875
0.75,0.626018,0.571507,0.848137,0.702835
0.75,0.601625,0.556599,0.858063,0.69753
0.8,0.601625,0.557151,0.89941,0.69753
0.8,0.520327,0.482606,0.927944,0.69753
0.8,0.528455,0.482606,0.937,0.74181
0.8,0.569105,0.512424,0.943407,0.853344
0.9,0.544716,0.49862,0.947248,0.99473
0.9,0.536585,0.483711,0.945196,1.110448
0.9,0.536585,0.49862,0.942031,1.216818
0.95,0.520327,0.469354,0.939573,1.323362
0.95,0.520327,0.469354,0.934422,1.420435
0.85,0.455284,0.46825,0.926595,1.493606
0.9,0.487804,0.438984,0.899223,1.554568
0.9,0.455284,0.409166,0.816744,1.6393
0.85,0.439025,0.393705,0.777,1.693
0.85,0.382113,0.348978,0.73825,1.785375
0.85,0.390244,0.348978,0.681726,1.928234
0.9,0.308942,0.289895,0.675823,1.986973
0.9,0.300814,0.274986,0.665725,2.054959
0.85,0.284553,0.259525,0.65596,2.128375
0.85,0.227644,0.214798,0.65596,2.188017
0.8,0.219513,0.199337,0.65596,2.220517
0.75,0.186993,0.168967,0.657955,2.266166
0.75,0.162604,0.154059,0.670419,2.276758
0.7,0.073171,0.078962,0.724485,2.276758
0.75,0.073171,0.064605,0.796468,2.276758
0.675,0.056911,0.048868,0.884786,2.27275
0.6,0.040651,0.033131,0.951681,2.26485
0.45,0.073171,0.061292,1.000549,2.263116
0.3,0.105691,0.089453,1.055469,2.257912
0.4,0.09756,0.075649,1.135008,2.252547
0.3,0.146342,0.119271,1.213251,2.26899
0.25,0.13008,0.10381,1.280296,2.274703
0.35,0.162604,0.119823,1.431785,2.275011
0.35,0.203251,0.179459,1.553203,2.275114
0.3,0.223576,0.216179,1.6344,2.268682
0.25,0.243902,0.252899,1.706176,2.261907
0.2,0.308942,0.267256,1.867696,2.231551
0.25,0.317073,0.282717,1.9305,2.206605
0.2,0.349593,0.311982,1.959059,2.17075
0.2,0.357724,0.326891,1.987048,2.155568
0.2,0.430895,0.386527,2.013573,2.129194
0.25,0.439025,0.401988,2.077075,2.10299
0.2,0.463415,0.416345,2.110049,2.073969
0.2,0.463415,0.431253,2.192565,2.056
0.2,0.495935,0.446162,2.233737,1.968788
0.2,0.560975,0.505798,2.271932,1.921058
0.15,0.577236,0.520155,2.273804,1.849021
0.2,0.658538,0.565433,2.276275,1.688564
0.2,0.609756,0.535616,2.256304,1.600628
0.2,0.593498,0.520707,2.227483,1.509679
0.25,0.560975,0.50635,2.225325,1.448984
0.25,0.552847,0.491441,2.219713,1.378274
0.3,0.585367,0.521811,2.212703,1.305625
0.3,0.528455,0.477084,2.199125,1.1871
0.3,0.544716,0.491993,2.196949,1.065546
0.3,0.544716,0.477084,2.182458,1.021712
0.25,0.495935,0.446715,2.15025,0.94875
0.3,0.475609,0.424903,2.121733,0.90625
0.35,0.455284,0.403092,2.069716,0.878151
0.4,0.430895,0.388736,2.04158,0.837183
0.4,0.447156,0.388736,2.028643,0.790821
0.5,0.373985,0.345113,1.993707,0.786299
0.5,0.398375,0.330204,1.965079,0.786299
0.55,0.382113,0.345665,1.950151,0.786299
0.55,0.382113,0.345665,1.933292,0.807218
0.6,0.382113,0.331309,1.920299,0.913625
0.55,0.333334,0.315848,1.901982,0.997375
0.6,0.304878,0.286582,1.869557,1.052598
0.65,0.276422,0.257316,1.803134,1.107655
0.65,0.276422,0.242408,1.742238,1.162233
0.75,0.268294,0.258421,1.695415,1.220869
0.8,0.317073,0.288791,1.673473,1.2863
0.8,0.317073,0.3037,1.663298,1.357467
0.9,0.292684,0.274986,1.631468,1.460208
0.9,0.317073,0.289895,1.58824,1.559115
0.9,0.365854,0.334622,1.559188,1.645782
0.9,0.341465,0.319713,1.525084,1.711213
0.9,0.357724,0.319713,1.459603,1.765066
0.85,0.325204,0.304252,1.420024,1.829238
0.85,0.349593,0.304252,1.401087,1.886609
0.8,0.308942,0.288791,1.381087,1.969875
0.8,0.317073,0.288791,1.368748,2.087021
0.75,0.357724,0.332965,1.355497,2.181028
0.7,0.390244,0.362231,1.328145,2.249912
0.75,0.439025,0.392601,1.286836,2.316304
0.7,0.414636,0.362231,1.240957,2.327054
0.7,0.447156,0.406957,1.039441,2.338567
0.683333,0.452576,0.416713,0.9604,2.365476
0.666667,0.457995,0.426468,0.919264,2.367607
0.65,0.463415,0.436223,0.872297,2.367607
0.6,0.439025,0.405853,0.872297,2.355303
0.55,0.479676,0.450028,0.872297,2.317157
0.5,0.463415,0.419658,0.878834,2.294629
0.4,0.560975,0.493098,0.946958,2.21225
0.4,0.577236,0.522916,0.992867,2.140339
0.45,0.560975,0.538377,1.02951,2.033138
0.35,0.577236,0.522363,1.044151,1.91095
0.35,0.609756,0.537272,1.046761,1.813125
0.3,0.666669,0.596356,1.051785,1.705627
0.35,0.634146,0.581999,1.06095,1.62221
0.45,0.642276,0.583103,1.072198,1.533336
0.5,0.650407,0.598564,1.110501,1.472048
0.4,0.707316,0.642187,1.193567,1.394262
0.4,0.707316,0.642187,1.221,1.373
0.4,0.764229,0.686913,1.2745,1.305906
0.35,0.77236,0.70127,1.366685,1.168446
0.4,0.821138,0.746549,1.409177,1.041571
0.5,0.788618,0.717835,1.418397,0.970353
0.5,0.80488,0.717835,1.433493,0.899995
0.5,0.821138,0.747653,1.444218,0.84357
0.55,0.80488,0.68857,1.444218,0.760108
0.5,0.788618,0.717835,1.444218,0.685775
0.45,0.80488,0.747101,1.442499,0.679
0.55,0.80488,0.733297,1.398217,0.675754
0.6,0.80488,0.733849,1.316246,0.667021
0.65,0.788618,0.719492,1.277026,0.650967
0.6,0.747967,0.674213,1.254435,0.649169
0.6,0.707316,0.659304,1.239113,0.648925
0.6,0.699189,0.629486,1.229374,0.633064
0.65,0.658538,0.61513,1.223897,0.598161
0.65,0.691058,0.61513,1.209291,0.594786
0.65,0.626018,0.585312,1.150119,0.594786
0.7,0.609756,0.556046,1.135506,0.594786
0.75,0.617887,0.556599,1.102492,0.617042
0.75,0.552847,0.496963,1.075346,0.665179
0.8,0.536585,0.482606,1.031873,0.71645
0.75,0.560975,0.54169,0.934165,0.750678
0.8,0.504065,0.452789,0.854725,0.80677
0.8,0.504065,0.452789,0.8468,0.838094
0.85,0.471545,0.438432,0.844,0.898959
0.85,0.479676,0.438432,0.844,1.0051
0.85,0.414636,0.378796,0.855542,1.101373
0.8,0.455284,0.408062,0.863234,1.233551
0.85,0.382113,0.363887,0.863234,1.28756
0.85,0.422764,0.378796,0.863234,1.391553
0.85,0.317073,0.304252,0.85975,1.519042
0.85,0.300814,0.274434,0.8595,1.629762
0.85,0.308942,0.274434,0.858625,1.713543
0.9,0.252033,0.23026,0.856958,1.786537
0.8,0.227644,0.214246,0.851976,1.870081
0.85,0.211382,0.184981,0.855004,1.970579
0.8,0.178862,0.16952,0.858,2.051169
0.7,0.186993,0.168415,0.864217,2.134193
0.75,0.138211,0.13915,0.87228,2.201875
0.7,0.105691,0.093871,0.878925,2.25575
0.6,0.105691,0.092766,0.928812,2.259384
0.6,0.089433,0.092766,0.987919,2.261
0.6,0.121953,0.092766,1.054664,2.2665
0.55,0.186993,0.166759,1.116114,2.265848
0.5,0.170731,0.151298,1.174982,2.262473
0.5,0.214092,0.191055,1.23584,2.260261
0.5,0.257453,0.230812,1.275816,2.255035
0.5,0.300814,0.270569,1.3198,2.257
0.4,0.252033,0.239647,1.379191,2.257
0.35,0.287263,0.263943,1.481382,2.25016
0.3,0.322493,0.288239,1.585503,2.221619
0.25,0.357724,0.312535,1.641711,2.200408
0.2,0.357724,0.311982,1.679336,2.192828
0.25,0.414636,0.37217,1.687039,2.189561
0.2,0.447156,0.416345,1.705182,2.172338
0.2,0.422764,0.371618,1.719811,2.144379
0.15,0.455284,0.415792,1.725803,2.075848
0.15,0.447156,0.400883,1.737772,1.992028
0.1,0.552847,0.504694,1.743435,1.891375
0.175,0.536587,0.483158,1.773665,1.816998
0.25,0.520327,0.461623,1.827963,1.7285
0.2,0.512196,0.461071,1.861391,1.669438
0.15,0.577236,0.520155,1.878754,1.603965
0.2,0.593498,0.535616,1.9075,1.551875
0.2,0.609756,0.550525,1.985034,1.504841
0.25,0.626018,0.565986,2.048675,1.33975
0.2,0.634146,0.580342,2.072159,1.258536
0.25,0.723578,0.670348,2.099742,1.163934
0.3,0.642276,0.581447,2.122889,1.058606
0.3,0.658538,0.581447,2.1397,1.018027
0.35,0.666669,0.626726,2.145083,0.976088
0.3,0.642276,0.596356,2.145083,0.9163
0.4,0.739836,0.672004,2.145083,0.868671
0.45,0.691058,0.672557,2.139876,0.824485
0.4,0.731709,0.686913,2.094287,0.786681
0.35,0.8374,0.805632,2.032671,0.778251
0.45,0.739836,0.687465,1.994281,0.770972
0.55,0.756098,0.703479,1.977625,0.762398
0.6,0.723578,0.659304,1.956889,0.731471
0.55,0.756098,0.718388,1.926058,0.714589
0.55,0.788618,0.703479,1.872745,0.713387
0.65,0.788618,0.719492,1.798395,0.713387
0.55,0.780487,0.703479,1.735594,0.713306
0.6,0.739836,0.689122,1.629863,0.705766
0.583333,0.726287,0.669059,1.561312,0.705
0.566667,0.712738,0.648997,1.526784,0.705
0.55,0.699189,0.628934,1.43934,0.702088
0.625,0.678864,0.607399,1.354233,0.698351
0.7,0.658538,0.585864,1.288443,0.698351
0.75,0.650407,0.571507,1.214625,0.698351
0.7,0.609756,0.556046,1.13477,0.70181
0.75,0.585367,0.526781,1.046063,0.744718
0.7,0.569105,0.526229,0.961435,0.789319
0.7,0.560975,0.496411,0.934636,0.834026
0.7,0.528455,0.496411,0.922447,0.871909
0.7,0.544716,0.481502,0.856752,0.920375
0.75,0.463415,0.422419,0.82764,0.963025
0.7,0.495935,0.436775,0.80467,1.000074
0.8,0.422764,0.378244,0.784682,1.124606
0.85,0.406505,0.378796,0.794232,1.230695
0.8,0.382113,0.348426,0.796514,1.327878
0.75,0.398375,0.347874,0.781675,1.41574
0.675,0.382115,0.347046,0.787841,1.486944
0.6,0.365854,0.346218,0.800173,1.53325
0.55,0.300814,0.271121,0.818034,1.636187
0.5,0.292684,0.25566,0.826368,1.702986
0.5,0.268294,0.240751,0.852688,1.736319
0.5,0.235774,0.225842,0.927875,1.747083
0.4,0.252033,0.224738,1.018702,1.753762
0.35,0.235774,0.209277,1.083161,1.756511
0.25,0.227644,0.193263,1.131625,1.76063
0.25,0.203251,0.178355,1.147886,1.7725
0.35,0.170731,0.149641,1.164125,1.814155
0.4,0.105691,0.105467,1.188,1.823119
0.35,0.089431,0.090006,1.238222,1.823119
0.3,0.073171,0.074544,1.319606,1.823119
0.25,0.06504,0.044174,1.399845,1.813464
0.35,0.056909,0.03037,1.478402,1.754252
0.35,0.040651,0.03037,1.5258,1.706767
0.45,0.024389,0.016565,1.581083,1.702
0.45,0.089433,0.09111,1.663935,1.702
0.55,0.06504,0.047488,1.817072,1.702
0.625,0.121951,0.100497,1.911372,1.749439
0.7,0.178862,0.153506,2.032493,1.827698
0.8,0.154473,0.124793,2.071516,1.846742
0.85,0.154473,0.155163,2.147375,1.886343
0.8,0.276422,0.258973,2.158084,1.988383
0.8,0.284553,0.258973,2.189813,2.007653
0.85,0.308942,0.289343,2.190132,2.048725
0.85,0.357724,0.319161,2.166935,2.193952
0.9,0.414636,0.379348,2.149454,2.282144
0.85,0.406505,0.378796,2.146048,2.393
0.9,0.439025,0.409166,2.140667,2.423571
0.9,0.495935,0.453893,2.068414,2.435083
0.8,0.495935,0.452789,1.900634,2.446
0.85,0.463415,0.423523,1.782375,2.451
0.8,0.487804,0.43788,1.647914,2.455882
0.75,0.487804,0.452236,1.55135,2.458
0.7,0.577236,0.526229,1.486956,2.451013
0.7,0.577236,0.526229,1.430687,2.447
0.7,0.609756,0.51132,1.332166,2.424038
0.7,0.699189,0.630591,1.287768,2.393069
0.65,0.691058,0.630039,1.185577,2.385871
0.7,0.658538,0.600773,1.09875,2.34556
0.6,0.666669,0.599669,1.049427,2.29775
0.5,0.691058,0.628382,0.913909,2.28275
0.55,0.707316,0.628934,0.803152,2.233983
0.6,0.674796,0.614578,0.751263,2.200468
0.55,0.707316,0.643843,0.751263,2.130606
0.5,0.723578,0.6582,0.749322,2.028875
0.4,0.674796,0.627278,0.746489,1.917917
0.45,0.666669,0.612921,0.74848,1.793196
0.55,0.666669,0.599117,0.7564,1.675794
0.425,0.666669,0.597736,0.75948,1.573537
0.3,0.666669,0.596356,0.769959,1.465377
0.25,0.642276,0.565986,0.778298,1.432466
0.25,0.626018,0.580895,0.812147,1.372106
0.25,0.609756,0.551077,0.939684,1.220689
0.25,0.585367,0.536168,0.947,1.205174
0.25,0.569105,0.521259,0.966985,1.089692
0.25,0.552847,0.50635,1.030728,0.944886
0.25,0.560975,0.491441,1.033,0.921201
0.25,0.552847,0.491441,1.033,0.731424
0.2,0.544716,0.490889,1.045796,0.690071
0.25,0.520327,0.476532,1.116,0.639
0.2,0.504065,0.461071,1.202137,0.639
0.1,0.504065,0.430149,1.320995,0.639
0.2,0.430895,0.386527,1.388807,0.622221
0.25,0.414636,0.37217,1.469161,0.619795
0.2,0.414636,0.356709,1.591047,0.635998
0.2,0.357724,0.326891,1.671631,0.638746
0.15,0.300814,0.281612,1.78668,0.639479
0.15,0.300814,0.296521,1.876563,0.640213
0.05,0.300814,0.265599,1.96997,0.640213
0.15,0.268294,0.236886,2.022654,0.643218
0.25,0.235774,0.208172,2.052414,0.694088
0.3,0.195124,0.163998,2.08927,0.851816
0.25,0.186993,0.163446,2.126581,0.935781
0.25,0.170731,0.148537,2.183796,0.980587
0.375,0.146342,0.120099,2.246314,0.991372
0.5,0.121953,0.091662,2.27258,1.018943
0.45,0.105691,0.106019,2.27258,1.068318
0.55,0.121951,0.114578,2.272955,1.145889
0.65,0.138211,0.123136,2.281682,1.254551
0.7,0.146342,0.257869,2.283266,1.346984
0.8,0.203251,0.184428,2.283266,1.453891
0.8,0.219513,0.199337,2.276714,1.543374
0.8,0.276422,0.244064,2.26075,1.613179
0.8,0.300814,0.273882,2.258,1.678305
0.85,0.300814,0.274434,2.257875,1.753319
0.85,0.325204,0.304252,2.238458,1.858117
0.75,0.357724,0.318056,2.192124,1.954125
0.8,0.365854,0.333517,2.132478,2.021207
0.85,0.357724,0.319161,2.017292,2.112989
0.75,0.398375,0.362783,1.925875,2.205875
0.75,0.406505,0.347874,1.854375,2.284062
0.7,0.426831,0.37714,1.840375,2.317875
0.65,0.447156,0.406405,1.690195,2.370456
0.55,0.487804,0.435119,1.604156,2.389464
0.5,0.487804,0.434567,1.484,2.392758
0.5,0.512196,0.449475,1.359069,2.393344
0.45,0.544716,0.478741,1.256194,2.392047
0.5,0.528455,0.479293,1.131961,2.388803
0.5,0.569105,0.479293,1.07525,2.364589
0.5,0.626018,0.568747,1.059,2.260035
0.5,0.634146,0.568747,1.059,2.219561
0.45,0.658538,0.583103,1.059,2.130315
0.5,0.674796,0.613473,1.060357,2.040208
0.5,0.691058,0.628382,1.063475,1.961604
0.5,0.723578,0.6582,1.070957,1.857968
0.4,0.764229,0.672004,1.111454,1.719038
0.45,0.788618,0.702374,1.132875,1.57875
0.5,0.764229,0.702927,1.151566,1.460783
0.5,0.77236,0.688018,1.195606,1.361761
0.55,0.788618,0.718388,1.252767,1.27158
0.55,0.747967,0.643843,1.27264,1.241089
0.55,0.723578,0.643843,1.27264,1.22843
0.5,0.699189,0.628382,1.27264,1.084153
0.6,0.691058,0.629486,1.268548,0.970523
0.65,0.691058,0.61513,1.243545,0.922757
0.65,0.674796,0.600221,1.232239,0.872519
0.7,0.626018,0.570955,1.225419,0.823875
0.7,0.601625,0.541137,1.22,0.79175
0.65,0.585367,0.540585,1.22,0.78975
0.75,0.560975,0.511872,1.186766,0.78975
0.65,0.536585,0.495859,1.125234,0.789875
0.75,0.520325,0.482054,1.057426,0.79628
0.85,0.504065,0.46825,1.016237,0.805714
0.8,0.536585,0.482606,0.969142,0.8231
0.8,0.471545,0.422971,0.947,0.835231
0.85,0.544716,0.378796,0.934083,0.892484
0.8,0.463415,0.422971,0.91175,0.968203
0.8,0.430895,0.408062,0.904983,1.047283
0.85,0.357724,0.348978,0.897697,1.133875
0.85,0.365854,0.348978,0.896,1.274409
0.85,0.365854,0.33407,0.896,1.33325
0.85,0.284553,0.259525,0.896,1.413748
0.85,0.284553,0.244616,0.896773,1.509891
0.85,0.219513,0.19989,0.905503,1.629683
0.75,0.170731,0.168967,0.900273,1.691038
0.8,0.203251,0.199337,0.896,1.7395
0.7,0.170731,0.168415,0.895653,1.799176
0.7,0.162604,0.10878,0.892136,1.871615
0.65,0.113822,0.093319,0.890371,1.942674
0.55,0.121953,0.107123,0.890371,2.018315
0.55,0.056909,0.062396,0.890371,2.100299
0.425,0.089431,0.083379,0.895914,2.129236
0.3,0.121953,0.104362,0.954845,2.145572
0.3,0.13008,0.104362,1.030967,2.152308
0.35,0.170731,0.149641,1.086774,2.167918
0.3,0.162604,0.149089,1.15605,2.182017
0.35,0.170731,0.16455,1.238575,2.186991
0.35,0.211382,0.194368,1.300528,2.225633
0.3,0.235774,0.208724,1.369128,2.237556
0.25,0.252033,0.223081,1.431927,2.237556
0.225,0.264227,0.237714,1.534696,2.237556
0.2,0.276422,0.252347,1.616199,2.224786
0.3,0.365854,0.342904,1.685227,2.200252
0.3,0.365854,0.327996,1.745658,2.199138
0.25,0.430895,0.387079,1.798958,2.191267
0.2,0.422764,0.386527,1.891422,2.177905
0.2,0.471545,0.416345,1.949619,2.149604
0.25,0.455284,0.401988,1.993688,2.082805
0.25,0.430895,0.387079,2.006987,1.985901
0.25,0.373985,0.342352,2.016995,1.93055
0.25,0.414636,0.37217,2.030596,1.884895
0.35,0.422764,0.373274,2.048231,1.857733
0.4,0.406505,0.358918,2.055971,1.830263
0.4,0.414636,0.373827,2.054213,1.743379
0.45,0.414636,0.374379,2.040122,1.656422
0.45,0.414636,0.374379,2.030786,1.530979
0.55,0.414636,0.390392,2.020613,1.486855
0.5,0.365854,0.315295,1.990027,1.441751
0.55,0.325204,0.28603,1.98304,1.357669
0.55,0.373985,0.330756,1.979054,1.278252
0.65,0.341465,0.302043,1.969523,1.245792
0.7,0.365854,0.332413,1.975491,1.208625
0.75,0.398375,0.347874,1.954035,1.203
0.8,0.382113,0.348426,1.916116,1.203
0.85,0.373985,0.348978,1.906953,1.249
0.8,0.430895,0.393153,1.904856,1.320258
0.85,0.430895,0.393705,1.890526,1.408125
0.85,0.455284,0.408614,1.865127,1.427784
0.9,0.504065,0.453893,1.847686,1.454742
0.95,0.512196,0.469354,1.745004,1.491955
0.85,0.491871,0.453341,1.610394,1.534875
0.75,0.471545,0.437327,1.559975,1.588525
0.75,0.487804,0.467145,1.520324,1.678125
0.75,0.512196,0.467145,1.497528,1.709838
0.7,0.560975,0.496411,1.397867,1.78441
0.7,0.634146,0.600773,1.346816,1.927258
0.65,0.682927,0.630039,1.232903,1.984302
0.65,0.682927,0.61513,1.122125,2.027125
0.6,0.626018,0.569851,1.053175,2.062125
0.65,0.650407,0.585312,0.9435,2.073421
0.65,0.642276,0.585312,0.872191,2.081484
0.55,0.674796,0.643843,0.770013,2.081484
0.55,0.707316,0.643843,0.742875,2.081484
0.5,0.756098,0.673109,0.7415,2.075613
0.55,0.764229,0.68857,0.7415,2.016308
0.5,0.658538,0.598564,0.7415,1.924458
0.55,0.666669,0.599117,0.75325,1.804708
0.5,0.674796,0.613473,0.7585,1.664441
0.425,0.670733,0.605191,0.7585,1.535681
0.35,0.666669,0.596908,0.761974,1.432591
0.4,0.650407,0.582551,0.766494,1.330839
0.325,0.626016,0.566814,0.767481,1.237925
0.25,0.601625,0.551077,0.768435,1.195095
0.3,0.593498,0.566538,0.78325,1.115822
0.2,0.560975,0.47598,0.817375,1.037375
0.25,0.520327,0.476532,0.84756,0.997554
0.2,0.569105,0.520707,0.911243,0.897665
0.2,0.552847,0.490889,0.966586,0.789485
0.2,0.536585,0.490889,1.022629,0.732914
0.25,0.552847,0.491441,1.085248,0.664853
0.3,0.495935,0.447267,1.165131,0.638952
0.25,0.512196,0.461623,1.238138,0.6385
0.2,0.463415,0.416345,1.3345,0.6372
0.2,0.414636,0.386527,1.427645,0.635
0.2,0.422764,0.386527,1.51039,0.6359
0.15,0.373985,0.326339,1.610631,0.6368
0.25,0.284553,0.252899,1.732675,0.6369
0.2,0.276422,0.252347,1.847479,0.63795
0.15,0.260164,0.221977,1.945372,0.639
0.05,0.252033,0.235781,2.043413,0.639482
0.175,0.223578,0.19989,2.114648,0.667733
0.3,0.195124,0.163998,2.134172,0.780007
0.35,0.178862,0.16455,2.166524,0.819583
0.333333,0.173442,0.159396,2.197646,0.86098
0.316667,0.168023,0.154243,2.242404,0.890713
0.3,0.162604,0.149089,2.292689,0.952291
0.4,0.13008,0.120375,2.319061,1.016427
0.4,0.154473,0.135284,2.320635,1.125124
0.35,0.219513,0.16455,2.347189,1.2108
0.3,0.284553,0.193816,2.364979,1.302011
0.25,0.292684,0.252899,2.347189,1.415854
0.3,0.300814,0.253451,2.335959,1.540387
0.35,0.333334,0.291276,2.311444,1.619943
0.4,0.365854,0.3291,2.290557,1.715514
0.35,0.398375,0.380729,2.27667,1.840125
0.3,0.430895,0.432358,2.263825,1.885937
0.35,0.479676,0.43291,2.24208,1.923098
0.3,0.495935,0.462176,2.207629,1.966936
0.35,0.528455,0.477637,2.046409,2.01354
0.3,0.577236,0.521811,1.931151,2.048
0.4,0.585367,0.537824,1.919678,2.048
0.4,0.593498,0.537824,1.919678,2.048
0.4,0.650407,0.552733,1.922169,2.018955
0.4,0.707316,0.627278,1.913789,1.942064
0.4,0.707316,0.642187,1.909,1.836983
0.4,0.723578,0.657096,1.912083,1.776425
0.5,0.739836,0.688018,1.938049,1.71075
0.5,0.756098,0.673109,1.938049,1.67817
0.55,0.747967,0.673661,1.910824,1.634249
0.5,0.691058,0.628382,1.862904,1.528953
0.55,0.658538,0.614025,1.705337,1.355032
0.65,0.682927,0.61513,1.690196,1.27169
0.6,0.658538,0.599669,1.684133,1.157402
0.6,0.650407,0.599669,1.674466,1.05905
0.7,0.634146,0.585864,1.627306,0.970183
0.65,0.609756,0.555494,1.553889,0.930863
0.6,0.601625,0.540033,1.480125,0.910375
0.7,0.585367,0.526229,1.445388,0.872415
0.7,0.577236,0.526229,1.368953,0.809363
0.75,0.577236,0.526781,1.32658,0.78795
0.75,0.560975,0.511872,1.25917,0.78795
0.75,0.544716,0.482054,1.212215,0.78795
0.8,0.504065,0.467697,1.192778,0.7912
0.85,0.512196,0.46825,1.175528,0.833477
0.85,0.455284,0.438432,1.15968,0.867453
0.85,0.463415,0.423523,1.143127,0.947216
0.8,0.447156,0.393153,1.084334,1.030321
0.85,0.414636,0.363887,1.01654,1.096918
0.8,0.406505,0.378244,0.973228,1.177862
0.8,0.333334,0.3037,0.9475,1.270673
0.85,0.317073,0.289343,0.942133,1.350987
0.825,0.272358,0.251795,0.93429,1.452177
0.8,0.227644,0.214246,0.923925,1.530498
0.75,0.195124,0.183876,0.887778,1.607406
0.75,0.203251,0.183876,0.845698,1.669025
0.75,0.146342,0.124241,0.83694,1.76083
0.65,0.13008,0.108227,0.83694,1.853486
0.65,0.105691,0.093319,0.83694,1.902224
0.6,0.113822,0.092766,0.84147,1.944403
0.475,0.085365,0.069023,0.87842,1.987984
0.35,0.056909,0.045279,0.936082,2.026147
0.3,0.056909,0.029818,0.975799,2.101769
0.3,0.03252,0.029818,1.015474,2.165305
0.25,0.056909,0.059083,1.15963,2.185829
0.35,0.113822,0.104914,1.436323,2.199788
0.3,0.138211,0.104362,1.505971,2.211665
0.25,0.203251,0.163446,1.591385,2.221981
0.35,0.211382,0.209277,1.73285,2.223496
0.25,0.252033,0.223081,1.765574,2.230016
0.15,0.357724,0.31143,1.765574,2.228812
0.05,0.268294,0.25069,1.765574,2.227984
0.15,0.292684,0.266703,1.79945,2.227984
0.15,0.357724,0.31143,1.917657,2.207699
0.15,0.406505,0.356157,2.032282,2.135556
0.15,0.422764,0.371066,2.107989,2.106468
0.2,0.414636,0.371618,2.17193,2.064295
0.1,0.463415,0.41524,2.22175,2.0325
0.2,0.504065,0.461071,2.233653,2.024111
0.2,0.487804,0.461071,2.234037,1.999898
0.15,0.512196,0.460519,2.234037,1.96867
0.2,0.585367,0.535616,2.209268,1.893975
0.2,0.544716,0.47598,2.168,1.804199
0.2,0.512196,0.461071,2.168,1.75903
0.2,0.552847,0.490889,2.168,1.715151
0.2,0.560975,0.520707,2.176625,1.636415
0.25,0.642276,0.565986,2.212027,1.505275
0.25,0.634146,0.580895,2.277813,1.368066
0.15,0.609756,0.549972,2.277813,1.334074
0.2,0.674796,0.625069,2.277482,1.263858
0.25,0.650407,0.595803,2.264489,1.161856
0.3,0.626018,0.566538,2.244657,1.093059
0.3,0.601625,0.53672,2.234823,1.043924
0.25,0.609756,0.536168,2.232802,1.005161
0.35,0.585365,0.529818,2.217929,0.93949
0.45,0.560975,0.523468,2.21221,0.863633
0.5,0.577236,0.52402,2.201364,0.80777
0.5,0.577236,0.509111,2.154125,0.799759
0.5,0.544716,0.494202,2.1221,0.783751
0.4,0.520327,0.46328,1.974,0.781
0.5,0.512196,0.464384,1.943191,0.781234
0.5,0.463415,0.404749,1.902324,0.777935
0.45,0.455284,0.404197,1.879535,0.777935
0.525,0.46748,0.419934,1.861367,0.773776
0.6,0.479676,0.435671,1.804242,0.772389
0.65,0.520327,0.466041,1.73446,0.784556
0.7,0.512196,0.466593,1.658412,0.808232
0.7,0.487804,0.436775,1.646548,0.821373
0.8,0.528455,0.482606,1.641588,0.849728
0.75,0.495935,0.467145,1.633475,0.970909
0.8,0.430895,0.408062,1.628163,1.047496
0.8,0.422764,0.378244,1.624219,1.099162
0.8,0.447156,0.408062,1.601928,1.132373
0.85,0.463415,0.423523,1.546304,1.166939
0.8,0.471545,0.43788,1.52427,1.216796
0.8,0.455284,0.422971,1.463027,1.269895
0.9,0.471545,0.438984,1.414125,1.345664
0.85,0.463415,0.423523,1.404797,1.422088
0.85,0.455284,0.408614,1.389165,1.501063
0.9,0.390244,0.36444,1.343772,1.566461
0.9,0.406505,0.379348,1.291625,1.601875
0.95,0.325204,0.275538,1.248395,1.61765
0.9,0.284553,0.260077,1.165059,1.653569
0.85,0.268294,0.244616,1.083832,1.715707
0.85,0.243902,0.229707,1.001381,1.793139
0.775,0.239838,0.21397,0.968159,1.876837
0.7,0.235774,0.198233,0.943666,1.923112
0.7,0.203251,0.183324,0.922544,2.003769
0.65,0.203251,0.182772,0.903896,2.070386
0.6,0.186993,0.152402,0.871788,2.150511
0.6,0.089433,0.077858,0.870413,2.179
0.55,0.105691,0.077305,0.870413,2.179
0.5,0.073171,0.076753,0.870413,2.180389
0.45,0.081302,0.076201,0.883051,2.193218
0.4,0.089433,0.075649,0.927375,2.198931
0.3,0.13008,0.104362,1.01216,2.198931
0.25,0.170731,0.133628,1.085418,2.200757
0.15,0.146342,0.117615,1.165402,2.224379
0.15,0.195124,0.162341,1.250333,2.226178
0.166667,0.222223,0.192343,1.320455,2.226178
0.183333,0.249322,0.222345,1.433808,2.226178
0.2,0.276422,0.252347,1.549055,2.192555
0.15,0.325204,0.281612,1.587743,2.148354
0.15,0.349593,0.31143,1.64125,2.141
0.2,0.333334,0.297073,1.793962,2.13646
0.2,0.382113,0.3418,1.847389,2.1255
0.15,0.398375,0.31143,1.882522,2.106625
0.2,0.520327,0.461071,1.916712,2.090958
0.25,0.422764,0.387079,1.9545,2.046328
0.2,0.447156,0.386527,2.010497,2.038661
0.25,0.463415,0.401988,2.103128,1.99054
0.25,0.487804,0.431806,2.112125,1.924125
0.35,0.471545,0.418001,2.151031,1.823789
0.35,0.463415,0.418001,2.233586,1.717379
0.35,0.560975,0.507454,2.267802,1.681988
0.35,0.560975,0.507454,2.286472,1.613383
0.35,0.593498,0.537272,2.287347,1.563527
0.4,0.658538,0.59746,2.284722,1.421094
0.3,0.723578,0.641082,2.282087,1.34025
0.35,0.682927,0.619271,2.25843,1.327879
0.4,0.642276,0.59746,2.234781,1.302148
0.45,0.674796,0.612921,2.205602,1.272751
0.5,0.626018,0.568747,2.154236,1.22019
0.5,0.77236,0.702927,2.103246,1.136234
0.45,0.691058,0.642739,2.083042,1.102549
0.55,0.739836,0.68857,2.045011,1.080625
0.55,0.691058,0.628934,1.971788,1.062755
0.45,0.674796,0.612921,1.894141,1.048846
0.5,0.658538,0.598564,1.823317,1.031658
0.4,0.642276,0.582551,1.740991,1.013703
0.45,0.634146,0.583103,1.631786,0.983075
0.55,0.609756,0.55439,1.570638,0.949192
0.55,0.577236,0.539481,1.5171,0.915068
0.45,0.544716,0.508559,1.480865,0.874967
0.5,0.544716,0.494202,1.41998,0.855105
0.55,0.479676,0.435119,1.329654,0.852162
0.6,0.479676,0.435671,1.260449,0.852162
0.6,0.430895,0.405853,1.212701,0.852162
0.6,0.463415,0.405853,1.154093,0.859318
0.65,0.439025,0.406405,1.101767,0.866
0.75,0.406505,0.377692,1.081433,0.868575
0.7,0.398375,0.362231,1.081433,0.872887
0.65,0.365854,0.331861,1.081433,0.882182
0.75,0.341465,0.303147,1.081433,0.922083
0.8,0.317073,0.318609,1.130687,0.979089
0.8,0.268294,0.244064,1.218558,1.024817
0.7,0.268294,0.24296,1.2535,1.088303
0.75,0.219513,0.198785,1.2535,1.175995
0.8,0.170731,0.154611,1.254375,1.2474
0.7,0.138211,0.123689,1.265151,1.321187
0.65,0.154473,0.138045,1.268656,1.440943
0.65,0.121953,0.108227,1.25603,1.533116
0.65,0.06504,0.063501,1.248113,1.645386
0.75,0.13008,0.124241,1.234116,1.69497
0.75,0.138211,0.109332,1.229422,1.762547
0.7,0.146342,0.138597,1.242,1.90685
0.7,0.13008,0.123689,1.247,2.002746
0.75,0.162604,0.13915,1.247,2.077398
0.75,0.203251,0.183876,1.254328,2.154966
0.75,0.203251,0.183876,1.299339,2.20439
0.8,0.292684,0.273882,1.356914,2.232921
0.85,0.308942,0.274434,1.409569,2.244342
0.8,0.317073,0.273882,1.480966,2.281274
0.75,0.317073,0.288239,1.534804,2.335043
0.75,0.308942,0.288239,1.563727,2.382837
0.75,0.365854,0.318056,1.599468,2.421116
0.7,0.333334,0.302595,1.640842,2.452997
0.7,0.333334,0.302595,1.657121,2.483432
0.65,0.365854,0.316952,1.657742,2.497
0.6,0.414636,0.390944,1.657742,2.497
0.55,0.398375,0.360574,1.657306,2.4965
0.55,0.422764,0.390392,1.60225,2.487743
0.55,0.422764,0.375483,1.494681,2.453065
0.5,0.439024,0.397294,1.42326,2.39663
0.45,0.455284,0.419105,1.410493,2.372844
0.4,0.463415,0.433462,1.355328,2.361018
0.4,0.495935,0.448371,1.288776,2.336934
0.45,0.577236,0.508559,1.184369,2.307838
0.45,0.577236,0.523468,1.116918,2.288302
0.35,0.601625,0.537272,1.116918,2.257133
0.4,0.593498,0.537824,1.116918,2.168558
0.4,0.650407,0.59746,1.118614,2.064958
0.35,0.666669,0.596908,1.136201,1.955137
0.35,0.691058,0.626726,1.155131,1.890204
0.35,0.682927,0.626726,1.205709,1.79649
0.4,0.691058,0.627278,1.23525,1.69875
0.4,0.707316,0.642187,1.257,1.558813
0.4,0.756098,0.686913,1.309481,1.431197
0.4,0.756098,0.686913,1.393977,1.328667
0.45,0.788618,0.702374,1.463693,1.288625
0.45,0.739836,0.672557,1.485203,1.282355
0.5,0.739836,0.673109,1.489,1.263005
0.45,0.739836,0.672557,1.489,1.122253
0.45,0.747967,0.672557,1.489,1.028188
0.4,0.731709,0.672004,1.494,0.914375
0.5,0.707316,0.628382,1.478875,0.855189
0.5,0.691058,0.613473,1.469625,0.823006
0.5,0.691058,0.628382,1.462643,0.796435
0.55,0.642276,0.599117,1.458326,0.731182
0.65,0.626018,0.585312,1.457,0.671269
0.65,0.569105,0.525676,1.457,0.663037
0.65,0.609756,0.555494,1.421171,0.659108
0.7,0.569105,0.526229,1.362233,0.651677
0.7,0.577236,0.526229,1.33913,0.639988
0.75,0.569105,0.526781,1.285909,0.647418
0.75,0.569105,0.511872,1.271,0.65525
0.8,0.569105,0.527333,1.271,0.662192
0.8,0.552847,0.497515,1.263177,0.665468
0.8,0.520327,0.512424,1.257391,0.665378
0.8,0.512196,0.452789,1.257652,0.678218
0.75,0.504065,0.467145,1.262652,0.743331
0.85,0.463415,0.438432,1.262652,0.815746
0.9,0.455284,0.424075,1.254163,0.910391
0.9,0.471545,0.424075,1.161523,0.992082
0.9,0.447156,0.409166,1.108643,1.097109
0.9,0.430895,0.409166,1.066178,1.152741
0.85,0.406505,0.378796,1.019032,1.276208
0.8,0.422764,0.393153,0.99347,1.38975
0.85,0.357724,0.33407,0.981461,1.470851
0.85,0.325204,0.304252,0.944858,1.552154
0.85,0.308942,0.289343,0.892408,1.619673
0.85,0.300814,0.259525,0.828569,1.679436
0.85,0.268294,0.244616,0.764345,1.776399
0.85,0.260164,0.244616,0.75686,1.863625
0.75,0.211382,0.198785,0.75686,1.96675
0.7,0.211382,0.183324,0.75686,2.018505
0.65,0.203251,0.167863,0.767365,2.109176
0.6,0.089433,0.092766,0.800058,2.160826
0.6,0.09756,0.077858,0.817673,2.197366
0.55,0.154473,0.136941,0.844749,2.200442
0.425,0.162602,0.143015,0.883794,2.200442
0.3,0.170731,0.149089,0.915357,2.200442
0.4,0.186993,0.150193,0.975265,2.190727
0.4,0.178862,0.150193,1.306488,2.16212
0.35,0.154473,0.149641,1.339313,2.16212
0.35,0.203251,0.209277,1.383297,2.16212
0.325,0.215447,0.209001,1.463646,2.16352
0.3,0.227644,0.208724,1.50116,2.185876
0.25,0.227644,0.208172,1.50207,2.188568
0.283333,0.260164,0.233389,1.50207,2.188568
0.316667,0.292684,0.258605,1.50207,2.188568
0.35,0.325204,0.283821,1.564681,2.183987
0.3,0.365854,0.342904,1.63725,2.154426
0.3,0.382113,0.327996,1.72767,2.124144
0.25,0.447156,0.401988,1.809288,2.093308
0.25,0.479676,0.416897,1.891,2.033383
0.2,0.520327,0.461071,1.920359,2.003176
0.3,0.569105,0.506902,1.968889,1.975758
0.3,0.560975,0.506902,1.972,1.9576
0.35,0.536585,0.492546,1.982512,1.918262
0.3,0.536585,0.491993,2.006571,1.842326
0.2,0.560975,0.505798,2.015813,1.773285
0.3,0.520327,0.477084,2.019,1.733065
0.2,0.479676,0.431253,2.014625,1.709573
0.225,0.487805,0.438984,2.016418,1.6855
0.25,0.495935,0.446715,2.027825,1.65376
0.25,0.471545,0.416897,2.027825,1.610028
0.35,0.390244,0.343457,2.02602,1.568741
0.3,0.382113,0.327996,2.004194,1.433874
0.25,0.349593,0.327443,1.94335,1.361036
0.25,0.349593,0.312535,1.917426,1.233964
0.35,0.333334,0.313639,1.8765,1.175365
0.325,0.292684,0.268636,1.869456,1.109199
0.3,0.252033,0.223633,1.875569,1.000358
0.425,0.235773,0.210105,1.876808,0.905431
0.55,0.219513,0.196576,1.87525,0.813839
0.6,0.154473,0.122584,1.87425,0.813839
0.65,0.138211,0.123136,1.878117,0.813839
0.6,0.105691,0.092766,1.8825,0.816964
0.6,0.081302,0.077858,1.88725,0.869028
0.65,0.121953,0.123136,1.893267,0.948729
0.75,0.154473,0.13915,1.916767,1.020815
0.75,0.252033,0.228603,1.928346,1.085757
0.75,0.260164,0.228603,1.943605,1.193844
0.85,0.227644,0.19989,1.958042,1.25475
0.85,0.260164,0.229707,1.972,1.425625
0.9,0.276422,0.260077,1.972,1.55075
0.9,0.317073,0.289895,1.972,1.640187
0.9,0.357724,0.319713,1.980652,1.728077
0.85,0.390244,0.363887,1.961639,1.789005
0.85,0.357724,0.348978,1.949232,1.84733
0.85,0.398375,0.363887,1.925464,1.937223
0.9,0.430895,0.409166,1.861125,2.019416
0.85,0.455284,0.423523,1.832257,2.125
0.9,0.439025,0.394257,1.806583,2.224777
0.85,0.471545,0.438432,1.7834,2.333278
0.8,0.504065,0.452789,1.676066,2.386578
0.8,0.495935,0.452789,1.585223,2.42428
0.8,0.520327,0.482606,1.500528,2.451064
0.75,0.528455,0.482054,1.413807,2.46396
0.75,0.617887,0.556599,1.316126,2.47191
0.7,0.536585,0.51132,1.192928,2.481029
0.65,0.577236,0.570403,1.082493,2.489972
0.65,0.585367,0.540585,1.038825,2.489972
0.55,0.593498,0.55439,0.985628,2.489972
0.6,0.658538,0.599669,0.900173,2.470348
0.55,0.658538,0.599117,0.848116,2.410623
0.5,0.707316,0.643291,0.826979,2.313746
0.45,0.699189,0.642739,0.747049,2.258468
0.45,0.707316,0.657648,0.702456,2.188594
0.45,0.715447,0.642739,0.677469,2.159485
0.45,0.707316,0.642739,0.671094,2.082298
0.45,0.707316,0.612921,0.671094,2.018333
0.5,0.642276,0.583655,0.671094,1.889081
0.4,0.674796,0.612369,0.698233,1.758333
0.45,0.658538,0.583103,0.721123,1.705104
0.35,0.634146,0.581999,0.74625,1.61625
0.3,0.658538,0.611264,0.774542,1.542063
0.3,0.674796,0.611264,0.783276,1.400034
0.25,0.707316,0.64053,0.795521,1.29173
0.3,0.674796,0.655991,0.824482,1.185104
0.3,0.609756,0.566538,0.868659,1.10302
0.25,0.609756,0.551077,0.908903,1.054333
0.2,0.609756,0.550525,0.960375,0.991
0.25,0.601625,0.551077,1.012579,0.894923
0.15,0.585367,0.520155,1.035002,0.82033
0.15,0.560975,0.520155,1.113412,0.696148
0.15,0.569105,0.505246,1.193996,0.605317
0.2,0.528455,0.490889,1.240884,0.583
0.1,0.536585,0.474876,1.312909,0.579069
0.15,0.508131,0.44561,1.380073,0.574589
0.2,0.479676,0.416345,1.469149,0.56218
0.2,0.422764,0.386527,1.563914,0.557406
0.15,0.406505,0.356157,1.657228,0.557406
0.15,0.341465,0.296521,1.77436,0.535479
0.2,0.341465,0.297073,1.860734,0.493635
0.2,0.284553,0.267256,1.939929,0.472
0.15,0.235774,0.207068,1.980016,0.472
0.15,0.227644,0.207068,2.00677,0.468375
0.2,0.219513,0.192711,2.03352,0.46775
0.25,0.211382,0.193263,2.0688,0.489371
0.2,0.138211,0.118167,2.162436,0.533714
0.3,0.138211,0.074544,2.236408,0.578757
0.4,0.077236,0.06074,2.288029,0.7415
0.5,0.016262,0.046935,2.343198,0.814734
0.4,0.008131,0.023468,2.392309,0.884005
0.3,0.0,0.0,2.395309,0.962013
0.3,0.056909,0.044727,2.395309,1.050803
0.3,0.073171,0.059636,2.400083,1.112232
0.3,0.154473,0.13418,2.411962,1.201567
0.35,0.154473,0.134732,2.414051,1.299487
0.3,0.138211,0.13418,2.414051,1.393427
0.425,0.170731,0.157924,2.409013,1.435398
0.55,0.203251,0.181668,2.409,1.537129
0.5,0.235774,0.196024,2.413159,1.732645
0.45,0.300814,0.270017,2.424258,1.817342
0.4,0.292684,0.269464,2.420724,1.87965
0.35,0.349593,0.388183,2.408125,1.943174
0.4,0.365854,0.344009,2.398759,1.979471
0.45,0.414636,0.374379,2.386592,2.091113
0.5,0.430895,0.38984,2.37575,2.152396
0.5,0.463415,0.404749,2.323695,2.224901
0.45,0.487804,0.448923,2.163064,2.232019
0.5,0.544716,0.479293,2.136315,2.232019
0.45,0.560975,0.49365,2.119721,2.227165
0.5,0.569105,0.52402,2.106053,2.176014
0.5,0.596206,0.543898,2.085456,2.092305
0.5,0.623307,0.563777,2.067375,2.024062
0.5,0.650407,0.583655,2.007291,1.944941
0.5,0.674796,0.598564,1.931636,1.898957
0.45,0.707316,0.62783,1.882033,1.839875
0.45,0.707316,0.642739,1.864492,1.757898
0.5,0.720867,0.65323,1.84344,1.726431
0.55,0.734417,0.663722,1.816,1.683832
0.6,0.747967,0.674213,1.816,1.671269
0.5,0.739836,0.673109,1.816,1.665
0.6,0.731709,0.659304,1.777088,1.665
0.65,0.674796,0.61513,1.704169,1.659883
0.55,0.666669,0.614025,1.633929,1.394718
0.625,0.646344,0.585036,1.595,1.267
0.7,0.626018,0.556046,1.595,1.267
0.75,0.617887,0.571507,1.561011,1.235833
0.75,0.626018,0.571507,1.426328,1.036168
0.75,0.609756,0.54169,1.384875,0.93275
0.8,0.609756,0.542242,1.303743,0.893754
0.8,0.569105,0.512424,1.217608,0.881283
0.9,0.536585,0.483711,1.166735,0.88
0.85,0.552847,0.498067,1.075707,0.88
0.9,0.536585,0.49862,1.033419,0.88
0.9,0.512196,0.468802,1.012875,0.884764
0.8,0.536585,0.497515,0.99525,0.89375
0.9,0.487804,0.453893,0.960065,0.906024
0.9,0.495935,0.453893,0.93088,0.92717
0.9,0.447156,0.409166,0.920382,0.997681
0.9,0.439025,0.424075,0.914265,1.103775
0.9,0.414636,0.379348,0.913153,1.207835
0.95,0.365854,0.335174,0.909772,1.30718
0.9,0.333334,0.304804,0.87359,1.390837
0.85,0.341465,0.319161,0.832051,1.468137
0.9,0.292684,0.260077,0.781146,1.556737
0.85,0.252033,0.229707,0.740318,1.647398
0.9,0.276422,0.245168,0.705415,1.760244
0.8,0.235774,0.199337,0.695143,1.869953
0.8,0.203251,0.184428,0.687539,1.949419
0.8,0.154473,0.124793,0.679563,2.02965
0.8,0.113822,0.094975,0.666319,2.102418
0.7,0.113822,0.093871,0.665957,2.158969
0.65,0.121953,0.093319,0.665957,2.262641
0.55,0.113822,0.092214,0.665957,2.285846
0.45,0.105691,0.09111,0.702739,2.287045
0.5,0.178862,0.106571,0.766521,2.291167
0.4,0.105691,0.105467,0.837048,2.298992
0.4,0.178862,0.105467,0.905345,2.318752
0.325,0.195122,0.141911,0.951246,2.310551
0.25,0.211382,0.178355,0.979383,2.306241
0.3,0.186993,0.163998,1.038464,2.301579
0.2,0.252033,0.20762,1.123375,2.30544
0.2,0.284553,0.252347,1.204933,2.305734
0.15,0.317073,0.296521,1.288453,2.305694
0.15,0.317073,0.281612,1.356062,2.295875
0.2,0.333334,0.297073,1.454882,2.270642
0.3,0.357724,0.327996,1.538432,2.244
0.225,0.394309,0.356985,1.592073,2.212302
0.15,0.430895,0.385975,1.772922,2.193905
0.1,0.512196,0.445058,1.824832,2.183661
0.1,0.487804,0.445058,1.847649,2.17556
0.2,0.552847,0.520707,1.864124,2.148278
0.25,0.487804,0.446715,1.88356,2.079491
0.25,0.544716,0.536168,1.903064,1.995499
0.2,0.585367,0.520707,1.939273,1.932154
0.25,0.585367,0.551077,2.034228,1.889396
0.25,0.609756,0.551077,2.068367,1.829625
0.25,0.626018,0.565986,2.090157,1.753261
0.3,0.642276,0.581447,2.109521,1.671052
0.3,0.658538,0.611264,2.17648,1.436178
0.35,0.626018,0.56709,2.1872,1.367537
0.35,0.658538,0.56709,2.214885,1.32296
0.3,0.691058,0.611264,2.244634,1.280893
0.35,0.682927,0.611817,2.218439,1.177613
0.45,0.715447,0.642739,2.209704,1.121933
0.525,0.723578,0.658476,2.1953,1.08084
0.6,0.731709,0.674213,2.194941,1.021319
0.7,0.739836,0.690226,2.178323,0.94406
0.6,0.658538,0.599669,2.117232,0.904465
0.65,0.658538,0.585312,2.060095,0.877086
0.65,0.650407,0.600221,2.032162,0.859664
0.65,0.658537,0.600221,1.9835,0.842125
0.65,0.666667,0.600221,1.906467,0.807187
0.65,0.674796,0.600221,1.882399,0.768959
0.7,0.658536,0.593319,1.83275,0.767
0.75,0.642276,0.586416,1.765888,0.767
0.75,0.601625,0.54169,1.701787,0.767
0.75,0.585367,0.571507,1.59819,0.789117
0.8,0.617887,0.557151,1.523941,0.80547
0.85,0.560975,0.498067,1.465763,0.821699
0.85,0.536585,0.498067,1.351994,0.830435
0.85,0.504065,0.453341,1.277875,0.841223
0.85,0.487804,0.453341,1.1765,0.848577
0.85,0.479676,0.438432,1.082501,0.863677
0.85,0.422764,0.393705,1.023674,0.920218
0.8,0.406505,0.363335,0.972107,1.003882
0.8,0.390244,0.363335,0.915562,1.096199
0.8,0.325204,0.288791,0.884409,1.174061
0.8,0.325204,0.288791,0.835984,1.272304
0.9,0.268294,0.260077,0.79575,1.37625
0.9,0.252033,0.215351,0.727846,1.45884
0.9,0.268294,0.245168,0.683615,1.50933
0.9,0.243902,0.245168,0.680694,1.590627
0.8,0.199187,0.199337,0.682194,1.675502
0.7,0.154473,0.153506,0.682194,1.767227
0.75,0.146342,0.094423,0.684093,1.838836
0.7,0.09756,0.078962,0.689484,1.91204
0.6,0.073171,0.04804,0.738333,1.9376
0.5,0.040651,0.032027,0.766347,1.987101
0.6,0.06504,0.04804,0.788843,2.086017
0.475,0.052845,0.046659,0.841087,2.134081
0.35,0.040651,0.045279,0.901902,2.163472
0.33,0.073171,0.071894,0.981227,2.17321
0.31,0.105691,0.098509,1.070963,2.1778
0.29,0.138211,0.125124,1.143594,2.181277
0.27,0.170731,0.151739,1.205195,2.188726
0.25,0.203251,0.178355,1.277947,2.231549
0.2,0.247967,0.215075,1.328974,2.279961
0.15,0.292684,0.251795,1.382896,2.305445
0.2,0.317073,0.282165,1.477252,2.306811
0.15,0.349593,0.31143,1.551972,2.306811
0.15,0.422764,0.385975,1.634007,2.306811
0.2,0.495935,0.386527,1.708767,2.287811
0.15,0.455284,0.400883,1.765062,2.276
0.2,0.479676,0.416345,1.812155,2.263796
0.1,0.560975,0.489785,1.846875,2.248985
0.2,0.577236,0.490889,1.969342,2.228413
0.15,0.512196,0.475428,2.045044,2.136875
0.15,0.601625,0.535064,2.17639,2.102339
0.15,0.593498,0.535064,2.238737,2.057061
0.15,0.609756,0.549972,2.270304,2.027364
0.15,0.626018,0.564881,2.292474,1.909893
0.175,0.646344,0.580066,2.293954,1.821226
0.2,0.666669,0.595251,2.285437,1.722375
0.3,0.650407,0.596356,2.286393,1.690861
0.35,0.650407,0.581999,2.287068,1.645244
0.3,0.626018,0.566538,2.288587,1.520048
0.25,0.626018,0.551077,2.286092,1.412448
0.35,0.593498,0.552181,2.280025,1.26363
0.45,0.593498,0.538377,2.276795,1.19075
0.45,0.577236,0.508559,2.263519,1.109722
0.35,0.552847,0.492546,2.255273,1.013388
0.35,0.544716,0.477637,2.246831,0.934974
0.375,0.514906,0.453065,2.239844,0.860478
0.4,0.485096,0.428493,2.213442,0.766055
0.425,0.455285,0.40392,2.184786,0.665734
0.45,0.425475,0.379348,2.149285,0.638375
0.475,0.395665,0.354776,2.097171,0.614713
0.5,0.365854,0.330204,2.061452,0.601402
0.575,0.317074,0.286306,2.040811,0.601103
0.65,0.268294,0.242408,2.004832,0.618125
0.7,0.300814,0.272777,1.982314,0.6395
0.75,0.276422,0.258421,1.877478,0.68166
0.75,0.284553,0.258421,1.817631,0.738309
0.8,0.300814,0.273882,1.770694,0.816497
0.8,0.317073,0.3037,1.739362,0.854309
0.85,0.349593,0.319161,1.684723,0.897072
0.85,0.382113,0.348978,1.638154,0.975806
0.85,0.382113,0.363887,1.632,1.033912
0.85,0.439025,0.393705,1.6295,1.120663
0.85,0.471545,0.423523,1.6205,1.227391
0.9,0.479676,0.438984,1.616,1.31975
0.8,0.479676,0.43788,1.614234,1.43869
0.8,0.495935,0.452789,1.612399,1.507419
0.75,0.544716,0.496963,1.587104,1.584359
0.75,0.560975,0.511872,1.533519,1.697078
0.7,0.577236,0.541137,1.496824,1.791618
0.75,0.609756,0.556599,1.4771,1.899511
0.75,0.658538,0.601325,1.470824,1.991816
0.65,0.626018,0.585312,1.449574,2.15775
0.6,0.658538,0.599669,1.378875,2.2365
0.55,0.691058,0.628934,1.295292,2.267502
0.6,0.699189,0.629486,1.203133,2.268758
0.55,0.691058,0.643843,1.078179,2.272143
0.6,0.715447,0.659304,0.966466,2.272855
0.6,0.723578,0.659304,0.884436,2.272232
0.5,0.731709,0.673109,0.83763,2.24288
0.45,0.77236,0.687465,0.75477,2.18624
0.55,0.756098,0.673661,0.752215,2.098697
0.5,0.715447,0.643291,0.741348,2.003089
0.4,0.723578,0.657096,0.736445,1.923957
0.45,0.707316,0.62783,0.731557,1.870417
0.4,0.723578,0.672004,0.719375,1.766001
0.4,0.756098,0.672004,0.716375,1.655305
0.35,0.682927,0.626726,0.698282,1.53647
0.35,0.674796,0.626726,0.695782,1.430065
0.25,0.691058,0.610712,0.695782,1.318125
0.25,0.707316,0.625621,0.695782,1.227313
0.3,0.650407,0.581447,0.715935,1.146032
0.3,0.617887,0.566538,0.749468,1.067191
0.2,0.642276,0.595251,0.790273,0.995216
0.3,0.634146,0.581447,0.811942,0.919007
0.225,0.626016,0.573164,0.85734,0.769297
0.15,0.617887,0.564881,0.910294,0.652121
0.1,0.536585,0.504694,0.97298,0.606295
0.15,0.520327,0.475428,1.04386,0.572427
0.05,0.487804,0.414688,1.108615,0.544013
0.125,0.45122,0.400607,1.183263,0.536669
0.2,0.414636,0.386527,1.267512,0.527
0.15,0.422764,0.385975,1.369,0.5168
0.1,0.382113,0.325787,1.47175,0.493125
0.1,0.349593,0.310878,1.566329,0.453797
0.15,0.349593,0.31143,1.655676,0.450345
0.2,0.284553,0.252347,1.734102,0.450345
0.2,0.300814,0.252347,1.784287,0.444933
0.2,0.268294,0.237438,1.849007,0.434666
0.2,0.252033,0.222529,1.931984,0.446672
0.1,0.219513,0.191607,2.057464,0.464697
0.15,0.256098,0.214522,2.247575,0.477658
0.2,0.292684,0.237438,2.28275,0.510167
0.25,0.300814,0.252899,2.328114,0.62417
0.25,0.317073,0.282717,2.333832,0.699174
0.3,0.317073,0.283269,2.339206,0.760933
0.35,0.300814,0.283821,2.344111,0.84813
0.4,0.333334,0.299282,2.344741,0.938487
0.35,0.398375,0.358366,2.347901,1.038984
0.4,0.390244,0.373827,2.353229,1.110616
0.45,0.373985,0.329652,2.372677,1.162195
0.5,0.398375,0.360022,2.3745,1.220915
0.55,0.463415,0.42021,2.389125,1.324913
0.55,0.479676,0.42021,2.393407,1.46961
0.55,0.479676,0.435119,2.381711,1.560499
0.6,0.495935,0.45058,2.36225,1.620202
0.65,0.504065,0.451132,2.355037,1.677056
0.7,0.552847,0.51132,2.347294,1.705307
0.7,0.504065,0.466593,2.325328,1.705307
0.7,0.520327,0.496411,2.214326,1.705307
0.7,0.504065,0.466593,2.198384,1.69372
0.8,0.520327,0.482606,2.164611,1.665438
0.75,0.536585,0.496963,2.097875,1.6545
0.8,0.479676,0.43788,2.011615,1.645123
0.8,0.495935,0.43788,1.937706,1.633863
0.8,0.479676,0.452789,1.872685,1.607526
0.85,0.504065,0.453341,1.802182,1.562018
0.85,0.487804,0.453341,1.709367,1.537625
0.85,0.569105,0.453341,1.594447,1.52763
0.85,0.471545,0.423523,1.503763,1.52825
0.9,0.439025,0.409166,1.440625,1.52825
0.883333,0.409214,0.379164,1.351026,1.544333
0.866667,0.379404,0.349163,1.231938,1.573885
0.85,0.349593,0.319161,1.167482,1.595799
0.8,0.317073,0.288791,1.092477,1.615034
0.9,0.292684,0.274986,1.048581,1.626024
0.8,0.256098,0.23661,0.953567,1.631832
0.7,0.219513,0.198233,0.929635,1.639544
0.65,0.170731,0.167863,0.911075,1.671558
0.7,0.178862,0.153506,0.904802,1.771273
0.65,0.105691,0.07841,0.898753,1.802459
0.6,0.105691,0.077858,0.887625,1.857777
0.6,0.105691,0.092766,0.88245,1.91693
0.55,0.073171,0.032579,0.8817,1.978081
0.45,0.075881,0.041414,0.868805,2.025657
0.35,0.078591,0.050248,0.855205,2.101694
0.25,0.081302,0.059083,0.855205,2.118106
0.25,0.154473,0.148537,0.855205,2.119606
0.25,0.170731,0.148537,0.856828,2.121938
0.2,0.170731,0.147985,0.889378,2.145077
0.3,0.235774,0.208724,0.952159,2.156519
0.25,0.276422,0.23799,1.039625,2.156519
0.25,0.243902,0.23799,1.103404,2.157561
0.2,0.252033,0.222529,1.17425,2.182872
0.2,0.382113,0.3418,1.258673,2.185489
0.25,0.390244,0.342352,1.35912,2.192534
0.25,0.439025,0.387079,1.448467,2.201125
0.15,0.463415,0.460519,1.537229,2.21825
0.2,0.504065,0.461071,1.615477,2.219
0.2,0.471545,0.431253,1.686625,2.219363
0.15,0.504065,0.475428,1.766142,2.220453
0.15,0.528455,0.490337,1.846323,2.220453
0.2,0.577236,0.520707,1.894423,2.228703
0.25,0.585367,0.536168,1.933493,2.230203
0.3,0.658538,0.596356,2.036056,2.093702
0.3,0.674796,0.611264,2.100387,2.021745
0.35,0.715447,0.686361,2.120034,2.001292
0.35,0.674796,0.611817,2.211133,1.94506
0.45,0.691058,0.62783,2.281627,1.8845
0.45,0.707316,0.657648,2.308238,1.78194
0.5,0.691058,0.643291,2.308238,1.742118
0.5,0.723578,0.673109,2.310863,1.696104
0.5,0.723578,0.643291,2.328466,1.664851
0.5,0.723578,0.643291,2.307259,1.6177
0.55,0.739836,0.673661,2.288594,1.455258
0.65,0.723578,0.644948,2.285441,1.314544
0.65,0.658538,0.600221,2.238375,1.195
0.6,0.658538,0.58476,2.21025,1.062688
0.65,0.634146,0.570403,2.178158,1.030413
0.7,0.577236,0.526229,2.145818,0.997628
0.7,0.560975,0.51132,2.082045,0.961819
0.75,0.495935,0.452236,2.023018,0.903599
0.75,0.479676,0.437327,1.964625,0.822823
0.75,0.455284,0.422419,1.906186,0.786386
0.85,0.398375,0.363887,1.817918,0.740558
0.85,0.390244,0.348978,1.742294,0.722303
0.85,0.373985,0.33407,1.676654,0.712936
0.85,0.333334,0.304252,1.563924,0.701746
0.8,0.325204,0.288791,1.527913,0.701746
0.8,0.260164,0.244064,1.441945,0.712936
0.8,0.260164,0.244064,1.357679,0.725646
0.8,0.203251,0.184428,1.346883,0.743421
0.8,0.195124,0.184428,1.33196,0.823035
0.725,0.154473,0.123965,1.283549,0.897818
0.65,0.113822,0.063501,1.214145,0.975705
0.65,0.105691,0.07841,1.121666,1.062464
0.55,0.089433,0.092214,1.177903,1.166917
0.5,0.126018,0.128934,1.31883,1.231229
0.45,0.162604,0.165654,1.3789,1.281156
0.4,0.13008,0.120375,1.144099,1.399027
0.35,0.158536,0.149641,1.018125,1.588967
0.3,0.186993,0.178907,1.026188,1.707503
0.25,0.227644,0.193263,1.080279,1.821852
0.2,0.243902,0.20762,1.151681,1.920673
0.15,0.300814,0.266703,1.142648,2.026919
0.15,0.325204,0.281612,1.133615,2.1165
0.1,0.373985,0.340696,1.171318,2.192989
0.15,0.398375,0.363611,1.248822,2.23295
0.2,0.422764,0.386527,1.327733,2.252089
0.2,0.455284,0.401436,1.408522,2.257809
0.2,0.463415,0.461071,1.495625,2.262265
0.25,0.495935,0.416897,1.513042,2.27494
0.25,0.479676,0.431806,1.539176,2.276798
0.25,0.455284,0.431806,1.615319,2.276798
0.15,0.552847,0.475428,1.72025,2.276798
0.25,0.593498,0.536168,1.776131,2.239865
0.2,0.634146,0.565433,1.814331,2.179758
0.25,0.642276,0.580895,1.837048,2.159881
0.35,0.707316,0.626726,1.906266,2.121202
0.35,0.626018,0.581999,2.018922,2.071441
0.45,0.674796,0.612921,2.199648,2.023209
0.45,0.650407,0.612921,2.206468,1.79027
0.55,0.674796,0.628934,2.210195,1.669919
0.5,0.707316,0.643291,2.214509,1.640316
0.4,0.674796,0.612369,2.207168,1.544722
0.5,0.674796,0.613473,2.19072,1.453478
0.5,0.691058,0.628382,2.186175,1.398861
0.6,0.658538,0.599669,2.176125,1.33925
0.7,0.601625,0.556046,2.166,1.25825
0.6,0.560975,0.510215,2.16375,1.160072
0.65,0.593498,0.540585,2.14772,1.073206
0.65,0.609756,0.555494,2.121573,1.021115
0.7,0.560975,0.51132,2.104858,0.985325
0.75,0.536585,0.482054,2.071046,0.941325
0.7,0.495935,0.466593,2.030759,0.889168
0.65,0.463415,0.421314,1.984933,0.848375
0.7,0.487804,0.451684,1.95782,0.7825
0.65,0.398375,0.361679,1.913017,0.744668
0.6,0.365854,0.3164,1.835677,0.744225
0.65,0.325204,0.316952,1.765768,0.73542
0.575,0.296749,0.286306,1.703333,0.733
0.5,0.268294,0.25566,1.574354,0.73655
0.55,0.227644,0.211485,1.473204,0.747137
0.65,0.203251,0.182772,1.382347,0.756578
0.575,0.203251,0.181944,1.256466,0.778055
0.5,0.203251,0.181115,1.140512,0.932483
0.45,0.146342,0.120928,1.096392,0.991178
0.45,0.081302,0.076201,1.064691,1.078482
0.35,0.105691,0.075097,1.045913,1.183279
0.4,0.060976,0.045831,1.040972,1.268706
0.45,0.016262,0.016565,1.02525,1.297314
0.45,0.040651,0.016565,1.012625,1.334458
0.5,0.03252,0.032027,1.012,1.446489
0.6,0.056909,0.04804,1.012,1.54566
0.65,0.06504,0.063501,1.012,1.615947
0.75,0.089433,0.094423,1.099119,1.622068
0.75,0.178862,0.154059,1.23099,1.637806
0.8,0.178862,0.154611,1.254209,1.646239
0.8,0.211382,0.199337,1.292984,1.683662
0.8,0.211382,0.184428,1.326967,1.798611
0.8,0.317073,0.288791,1.427985,1.844236
0.85,0.357724,0.319161,1.567768,1.847647
0.85,0.333334,0.304252,1.71606,1.850651
0.8,0.414636,0.378244,1.809651,1.854018
0.85,0.422764,0.378796,1.895979,1.870921
0.85,0.447156,0.393705,1.962311,1.905339
0.85,0.455284,0.408614,2.067981,1.966402
0.85,0.422764,0.393705,2.125375,2.061467
0.8,0.398375,0.363335,2.14335,2.119246
0.8,0.463415,0.422971,2.14335,2.212789
0.8,0.479676,0.43788,2.142565,2.2542
0.75,0.504065,0.452236,2.140213,2.35433
0.75,0.512196,0.452236,2.064852,2.4095
0.75,0.528455,0.482054,1.968424,2.42275
0.7,0.609756,0.541137,1.837969,2.435546
0.7,0.609756,0.541137,1.743335,2.442906
0.6,0.585367,0.540033,1.661635,2.443048
0.65,0.609756,0.555494,1.574082,2.441548
0.55,0.626016,0.569299,1.481037,2.441548
0.45,0.642276,0.583103,1.393296,2.441548
0.55,0.658538,0.584208,1.310947,2.446399
0.45,0.658538,0.583103,1.232745,2.450625
0.45,0.658538,0.583103,1.130119,2.434428
0.55,0.642276,0.584208,1.066825,2.423935
0.5,0.609756,0.553838,0.913726,2.415576
0.45,0.577236,0.523468,0.815469,2.399366
0.4,0.520327,0.478189,0.788125,2.354516
0.35,0.504065,0.447819,0.788125,2.274269
0.4,0.479676,0.418553,0.771626,2.145201
0.3,0.463415,0.417449,0.763843,2.063684
0.25,0.398375,0.357261,0.765017,1.975375
0.35,0.382113,0.343457,0.771156,1.862
0.35,0.349593,0.313639,0.791257,1.735784
0.4,0.365854,0.3291,0.80775,1.605581
0.325,0.308944,0.276091,0.819812,1.502063
0.25,0.252033,0.223081,0.877036,1.424773
0.3,0.260164,0.238542,0.93975,1.356333
0.35,0.186993,0.16455,0.973141,1.24908
0.45,0.162604,0.135837,1.000729,1.156399
0.5,0.154473,0.136389,1.027324,0.983297
0.45,0.170731,0.135837,1.054749,0.869002
0.5,0.178862,0.151298,1.11093,0.83812
0.625,0.182927,0.152678,1.132,0.837625
0.75,0.186993,0.154059,1.254833,0.835625
0.7,0.219513,0.183324,1.380849,0.826114
0.6,0.243902,0.212038,1.495481,0.833138
0.5,0.300814,0.240751,1.604608,0.838192
0.45,0.317073,0.284925,1.813455,0.848146
0.5,0.349593,0.300387,1.914071,0.856875
0.55,0.317073,0.28603,1.951721,0.954236
0.5,0.398375,0.360022,2.005546,1.082948
0.4,0.455284,0.388736,2.023778,1.152568
0.5,0.495935,0.449475,2.030111,1.267732
0.5,0.479676,0.434567,2.054715,1.45066
0.45,0.528455,0.478741,2.067589,1.552021
0.45,0.560975,0.49365,2.108517,1.657573
0.4,0.609756,0.567642,2.125565,1.723891
0.45,0.609756,0.553285,2.122276,1.786609
0.55,0.626018,0.584208,2.122276,1.898261
0.45,0.642276,0.583103,2.113248,1.999265
0.45,0.682927,0.62783,2.01553,2.090226
0.4,0.723578,0.657096,1.878462,2.141602
0.45,0.77236,0.687465,1.804316,2.154295
0.45,0.739836,0.672557,1.676021,2.154295
0.45,0.723578,0.672557,1.60843,2.151795
0.475,0.695124,0.63556,1.601651,2.122865
0.5,0.666669,0.598564,1.573375,1.983208
0.55,0.658538,0.599117,1.537729,1.915353
0.55,0.674796,0.614025,1.524581,1.838513
0.5,0.691058,0.628382,1.512314,1.706308
0.6,0.666669,0.599669,1.459657,1.659688
0.6,0.642276,0.58476,1.447136,1.548327
0.65,0.609756,0.555494,1.447136,1.458489
0.7,0.577236,0.526229,1.446284,1.431
0.7,0.552847,0.51132,1.433468,1.338868
0.75,0.528455,0.482054,1.430861,1.141151
0.75,0.560975,0.496963,1.413341,1.045297
0.85,0.520327,0.46825,1.408867,0.981261
0.8,0.463415,0.422971,1.403463,0.929718
0.75,0.471545,0.437327,1.382923,0.845514
0.8,0.422764,0.393153,1.35831,0.799563
0.85,0.414636,0.378796,1.301372,0.748288
0.85,0.365854,0.33407,1.219542,0.741
0.85,0.317073,0.289343,1.196125,0.741
0.85,0.276422,0.244616,1.179817,0.741
0.8,0.252033,0.244064,1.163084,0.75375
0.8,0.268294,0.244064,1.148625,0.826761
0.75,0.203251,0.168967,1.116072,0.915931
0.7,0.195124,0.183324,1.079072,0.984387
0.75,0.138211,0.124241,1.016979,1.059588
0.7,0.073171,0.064053,0.94765,1.22425
0.6,0.073171,0.062949,0.914987,1.276562
0.5,0.077236,0.069299,0.906316,1.344977
0.4,0.081302,0.075649,0.897866,1.439872
0.4,0.105691,0.105467,0.890651,1.525553
0.4,0.154473,0.120375,0.882899,1.622944
0.35,0.13008,0.104914,0.881266,1.726375
0.3,0.138211,0.119271,0.881266,1.811091
0.2,0.186993,0.162893,0.88361,1.9145
0.2,0.235774,0.20762,0.901268,1.961435
0.15,0.260164,0.221977,0.972917,1.976549
0.15,0.268294,0.236886,1.072881,2.00176
0.15,0.333334,0.296521,1.107212,2.098482
0.15,0.341465,0.296521,1.138915,2.186459
0.2,0.439025,0.401436,1.210679,2.293242
0.15,0.439025,0.400883,1.290875,2.304872
0.05,0.414636,0.38487,1.375003,2.312044
0.1,0.430895,0.385422,1.468091,2.326074
0.15,0.390244,0.326339,1.530822,2.3403
0.2,0.300814,0.267256,1.569563,2.344725
0.25,0.365854,0.327443,1.65165,2.345
0.2,0.349593,0.326891,1.728,2.345
0.3,0.333334,0.298178,1.776129,2.345
0.3,0.365854,0.298178,1.835098,2.345
0.325,0.35366,0.305908,1.872443,2.294291
0.35,0.341465,0.313639,1.923197,2.274832
0.35,0.317073,0.283821,1.986008,2.190635
0.38,0.310569,0.275207,2.166961,2.112959
0.41,0.304065,0.266593,2.187,1.935433
0.44,0.297561,0.257979,2.207687,1.791125
0.47,0.291057,0.249365,2.2585,1.631566
0.5,0.284553,0.240751,2.28,1.5305
0.55,0.284553,0.241303,2.28,1.409449
0.65,0.308944,0.272225,2.24125,1.363117
0.75,0.333334,0.303147,2.234228,1.313625
0.75,0.325204,0.288239,2.240831,1.3095
0.85,0.276422,0.259525,2.236375,1.3095
0.8,0.300814,0.273882,2.235825,1.334453
0.8,0.333334,0.318609,2.234255,1.373453
0.8,0.390244,0.363335,2.236375,1.372375
0.8,0.406505,0.363335,2.241103,1.372
0.8,0.390244,0.348426,2.241375,1.374375
0.8,0.495935,0.43788,2.235677,1.376425
0.75,0.487804,0.437327,2.22982,1.377702
0.8,0.520327,0.452789,2.204795,1.396526
0.8,0.504065,0.452789,2.124301,1.427
0.8,0.552847,0.527333,2.071481,1.463692
0.7,0.536585,0.481502,2.031448,1.554309
0.7,0.528455,0.496411,1.959613,1.727895
0.7,0.585367,0.526229,1.86455,1.847716
0.7,0.601625,0.556046,1.783708,1.913475
0.65,0.650407,0.585312,1.705949,1.931221
0.6,0.699189,0.629486,1.625375,1.942125
0.65,0.739836,0.659856,1.55105,1.9745
0.75,0.756098,0.690779,1.513086,2.013075
0.65,0.764229,0.689674,1.438211,2.104744
0.55,0.77236,0.68857,1.314638,2.142919
0.5,0.756098,0.688018,1.215485,2.183798
0.4,0.739836,0.672004,1.09311,2.187
0.4,0.77236,0.686913,1.062919,2.187
0.45,0.77236,0.687465,1.023569,2.183581
0.4,0.691058,0.642187,0.965766,2.168278
0.5,0.658538,0.598564,0.927655,2.090958
0.45,0.658538,0.612921,0.869639,2.011038
0.45,0.674796,0.612921,0.771625,1.968212
0.433333,0.653116,0.592858,0.7655,1.870592
0.416667,0.631436,0.572796,0.764165,1.763387
0.4,0.609756,0.552733,0.758255,1.684392
0.35,0.560975,0.507454,0.747411,1.585677
0.25,0.520327,0.476532,0.744875,1.488382
0.25,0.512196,0.461623,0.734072,1.375051
0.25,0.447156,0.401988,0.731286,1.274571
0.2,0.414636,0.386527,0.731286,1.187528
0.2,0.390244,0.356709,0.731286,1.105151
0.3,0.390244,0.342904,0.73508,1.036647
0.225,0.353658,0.289895,0.795115,0.913956
0.15,0.317073,0.236886,0.85725,0.818125
0.25,0.243902,0.223081,0.908867,0.70915
0.3,0.211382,0.178907,0.96535,0.597242
0.325,0.150407,0.127002,1.039125,0.566
0.35,0.089433,0.075097,1.188854,0.566
0.45,0.121953,0.106019,1.249958,0.566
0.55,0.089433,0.077305,1.318625,0.563625
0.5,0.154473,0.136389,1.42133,0.5875
0.5,0.138211,0.12148,1.525692,0.5875
0.6,0.186993,0.152402,1.603287,0.587584
0.6,0.178862,0.152402,1.659863,0.600809
0.7,0.199187,0.17587,1.714338,0.6045
0.8,0.219513,0.199337,1.769,0.6045
0.7,0.243902,0.228051,1.816829,0.6045
0.75,0.252033,0.213694,1.822917,0.654788
0.7,0.268294,0.24296,1.86904,0.766125
0.7,0.252033,0.228051,1.989429,0.828559
0.6,0.260164,0.241855,2.074751,0.9299
0.55,0.300814,0.271121,2.1035,1.085916
0.566667,0.327914,0.301123,2.105188,1.214497
0.583333,0.355013,0.331125,2.118763,1.343972
0.6,0.382113,0.361126,2.13486,1.499439
0.525,0.422764,0.390116,2.147,1.650439
0.45,0.463415,0.419105,2.147,1.770588
0.4,0.5,0.455826,2.171875,1.903692
0.35,0.536585,0.492546,2.1765,1.99273
0.4,0.544716,0.493098,2.1765,2.023831
0.45,0.560975,0.508559,2.1765,2.072095
0.45,0.601625,0.538377,2.123375,2.138652
0.4,0.609756,0.552733,1.897321,2.188574
0.45,0.626018,0.568194,1.818145,2.24275
0.375,0.658538,0.604638,1.749358,2.255
0.3,0.691058,0.641082,1.661339,2.2585
0.35,0.715447,0.671452,1.545988,2.271315
0.4,0.739836,0.701822,1.471,2.271419
0.45,0.707316,0.657648,1.460213,2.25673
0.45,0.739836,0.672557,1.451084,2.22343
0.45,0.739836,0.672557,1.442153,2.19775
0.5,0.77236,0.717835,1.437847,2.137629
0.4,0.80488,0.73164,1.435588,2.008343
0.475,0.80488,0.725014,1.432,1.872179
0.55,0.80488,0.718388,1.432,1.723512
0.6,0.723578,0.659304,1.432,1.637018
0.6,0.756098,0.674213,1.438609,1.576978
0.55,0.731709,0.658752,1.465679,1.478205
0.65,0.658538,0.61513,1.49,1.41175
0.7,0.699189,0.630591,1.501547,1.209197
0.65,0.650407,0.585312,1.513866,1.10498
0.7,0.626018,0.570955,1.5145,0.990472
0.7,0.585367,0.526229,1.508157,0.877572
0.75,0.552847,0.511872,1.480289,0.78629
0.75,0.569105,0.511872,1.467329,0.71657
0.75,0.552847,0.467145,1.435805,0.678979
0.8,0.463415,0.452789,1.407325,0.630875
0.8,0.479676,0.43788,1.388992,0.567025
0.85,0.471545,0.423523,1.370415,0.541125
0.8,0.382113,0.363335,1.311847,0.541
0.85,0.373985,0.33407,1.252666,0.541
0.85,0.357724,0.319161,1.174665,0.541125
0.8,0.300814,0.258973,1.063037,0.550882
0.8,0.260164,0.244064,1.001912,0.571382
0.8,0.260164,0.214246,0.929315,0.617717
0.75,0.235774,0.198785,0.901696,0.728535
0.65,0.170731,0.152954,0.886816,0.846771
0.725,0.162602,0.138874,0.87564,0.915235
0.8,0.154473,0.124793,0.841406,1.009323
0.7,0.121953,0.10878,0.825712,1.12191
0.65,0.113822,0.108227,0.82545,1.241569
0.6,0.105691,0.092766,0.833775,1.356625
0.65,0.121953,0.108227,0.844524,1.467519
0.65,0.203251,0.167863,0.845024,1.554218
0.65,0.178862,0.152954,0.854975,1.633553
0.6,0.227644,0.18222,0.861105,1.71306
0.5,0.252033,0.210933,0.867992,1.811692
0.45,0.235774,0.210381,0.873447,1.915151
0.35,0.276422,0.239094,0.889346,2.022005
0.4,0.333334,0.299282,0.922279,2.07805
0.45,0.333334,0.299834,0.960765,2.087376
0.425,0.365854,0.33683,1.093164,2.109101
0.4,0.398375,0.373827,1.213429,2.135456
0.3625,0.422764,0.395776,1.246293,2.209818
0.325,0.447155,0.417725,1.312246,2.249638
0.2875,0.471545,0.439674,1.3935,2.249638
0.25,0.495935,0.461623,1.462709,2.253834
0.35,0.536585,0.492546,1.531517,2.318321
0.25,0.560975,0.50635,1.579039,2.358854
0.3,0.626018,0.566538,1.627555,2.355136
0.3,0.626018,0.566538,1.652453,2.319349
0.2,0.593498,0.535616,1.700486,2.246138
0.2,0.552847,0.490889,1.745,2.236568
0.25,0.577236,0.50635,1.745,2.234183
0.25,0.536585,0.476532,1.745,2.193397
0.15,0.536585,0.490337,1.732905,2.099081
0.175,0.491871,0.445886,1.717857,2.01535
0.2,0.447156,0.401436,1.726119,1.943867
0.2,0.414636,0.371618,1.721551,1.874515
0.2,0.398375,0.356709,1.715831,1.74497
0.15,0.382113,0.341248,1.715528,1.649447
0.1,0.300814,0.266151,1.718915,1.540856
0.15,0.260164,0.236886,1.719915,1.347794
0.2,0.219513,0.192711,1.737896,1.278608
0.25,0.170731,0.163446,1.740896,1.171018
0.25,0.178862,0.163446,1.745573,1.087376
0.25,0.13008,0.118719,1.75628,0.999906
0.35,0.105691,0.104914,1.809939,0.91453
0.35,0.121953,0.104914,1.833811,0.833777
0.45,0.138211,0.135837,1.864488,0.772512
0.5,0.154473,0.136389,1.886521,0.755917
0.625,0.146342,0.130315,1.908145,0.748335
0.75,0.138211,0.124241,1.929896,0.74568
0.8,0.146342,0.139702,1.955188,0.74568
0.75,0.178862,0.154059,2.010813,0.751185
0.8,0.195124,0.154611,2.051621,0.810637
0.75,0.154473,0.13915,2.105108,0.938398
0.8,0.300814,0.258973,2.182858,1.028875
0.8,0.292684,0.273882,2.212061,1.118704
0.8,0.292684,0.258973,2.224994,1.213804
0.8,0.284553,0.258973,2.226542,1.309144
0.8,0.300814,0.273882,2.226542,1.395801
0.7,0.292684,0.272777,2.228885,1.453729
0.7,0.325204,0.287686,2.229321,1.642405
0.7,0.349593,0.317504,2.229241,1.754
0.7,0.325204,0.317504,2.218948,1.819887
0.65,0.382113,0.361679,2.202302,1.859768
0.65,0.422764,0.361679,2.193793,1.974823
0.6,0.398375,0.376035,2.192043,2.024429
0.5,0.430895,0.38984,2.135065,2.05625
0.5,0.479676,0.434567,2.045875,2.074158
0.5,0.495935,0.434567,1.959239,2.0828
0.45,0.528455,0.448923,1.853369,2.130817
0.45,0.520327,0.463832,1.751863,2.225113
0.45,0.560975,0.523468,1.663152,2.339566
0.45,0.609756,0.553285,1.59,2.353066
0.45,0.626018,0.553285,1.418375,2.353066
0.4,0.674796,0.627278,1.275375,2.351799
0.5,0.642276,0.583655,1.20973,2.33527
0.483333,0.674796,0.618259,1.172966,2.310025
0.466667,0.707316,0.652862,1.167787,2.247478
0.45,0.739836,0.687465,1.167787,2.224853
0.5,0.747967,0.688018,1.167966,2.211322
0.45,0.723578,0.657648,1.181875,2.109513
0.55,0.77236,0.718388,1.203443,2.034048
0.45,0.77236,0.717283,1.220946,2.008371
0.5,0.788618,0.702927,1.231125,1.935375
0.6,0.77236,0.704031,1.252568,1.823386
0.575,0.735774,0.666483,1.283425,1.701927
0.55,0.699189,0.628934,1.307222,1.564119
0.5,0.691058,0.643291,1.324084,1.472836
0.6,0.691058,0.629486,1.358984,1.371344
0.65,0.666669,0.61513,1.399866,1.278285
0.65,0.658538,0.600221,1.410725,1.151019
0.75,0.658538,0.586416,1.410725,1.104725
0.75,0.609756,0.556599,1.410725,1.045401
0.75,0.585367,0.54169,1.402978,0.959882
0.75,0.544716,0.511872,1.364648,0.877065
0.85,0.569105,0.527885,1.347949,0.799405
0.8,0.504065,0.467697,1.321224,0.726416
0.8,0.504065,0.467697,1.287659,0.704932
0.9,0.495935,0.438984,1.270034,0.704182
0.9,0.495935,0.453893,1.240546,0.704182
0.8,0.439025,0.393153,1.135951,0.704182
0.85,0.382113,0.348978,1.096248,0.718632
0.85,0.373985,0.348978,1.049741,0.725708
0.85,0.333334,0.289343,1.000444,0.730897
0.9,0.317073,0.289895,0.958267,0.745947
0.9,0.276422,0.200442,0.94575,0.766239
0.8,0.219513,0.199337,0.945,0.846114
0.75,0.186993,0.154059,0.94475,0.9365
0.8,0.138211,0.139702,0.940592,0.997143
0.7,0.13008,0.10878,0.934138,1.132551
0.7,0.113822,0.093871,0.911414,1.237179
0.7,0.121953,0.078962,0.81975,1.317221
0.7,0.09756,0.093871,0.7875,1.420621
0.7,0.105691,0.10878,0.785731,1.510083
0.65,0.138211,0.108227,0.775606,1.605147
0.65,0.121953,0.123136,0.772315,1.669669
0.65,0.138211,0.138045,0.766971,1.713302
0.6,0.211382,0.197129,0.771099,1.78899
0.55,0.230353,0.216455,0.779069,1.883725
0.5,0.249324,0.235781,0.784,1.997155
0.45,0.268294,0.255108,0.785783,2.08625
0.45,0.292684,0.255108,0.81594,2.132285
0.4,0.365854,0.344009,0.890382,2.141669
0.4,0.422764,0.388736,0.966458,2.171544
0.45,0.373985,0.344561,1.100343,2.202661
0.35,0.463415,0.403092,1.154569,2.248207
0.4,0.463415,0.433462,1.217152,2.291564
0.5,0.471545,0.449475,1.31906,2.333625
0.4625,0.489838,0.460243,1.422125,2.345418
0.425,0.508131,0.47101,1.518567,2.347945
0.3875,0.526423,0.481778,1.603909,2.350675
0.35,0.544716,0.492546,1.659412,2.354852
0.25,0.569105,0.50635,1.690333,2.357875
0.3,0.601625,0.521811,1.690333,2.358
0.25,0.569105,0.50635,1.690333,2.357227
0.15,0.577236,0.520155,1.690008,2.351409
0.1,0.626018,0.877416,1.66827,2.344316
0.15,0.577236,0.520155,1.665645,2.286085
0.2,0.585367,0.535616,1.665645,2.206624
0.2,0.544716,0.490889,1.662405,2.117101
0.1,0.528455,0.474876,1.655205,2.038633
0.15,0.504065,0.460519,1.655205,1.9252
0.2,0.463415,0.416345,1.666017,1.820006
0.2,0.463415,0.416345,1.66889,1.72083
0.15,0.398375,0.356157,1.652687,1.612303
0.1,0.373985,0.340696,1.6495,1.459301
0.15,0.349593,0.31143,1.6495,1.378393
0.2,0.365854,0.326891,1.6658,1.308524
0.1,0.268294,0.251242,1.676182,1.220231
0.15,0.252034,0.221977,1.687967,1.130402
0.2,0.235774,0.192711,1.72153,0.939151
0.15,0.170731,0.147432,1.766775,0.825125
0.2,0.170731,0.133076,1.800896,0.786598
0.2,0.105691,0.088349,1.837618,0.78273
0.325,0.105691,0.074821,1.858373,0.78087
0.45,0.105691,0.061292,1.894601,0.773967
0.45,0.056909,0.061292,1.949951,0.769697
0.5,0.105691,0.091662,2.012504,0.74435
0.55,0.105691,0.092214,2.071294,0.724141
0.65,0.113822,0.108227,2.119355,0.724141
0.7,0.162604,0.138597,2.16272,0.724141
0.7,0.186993,0.153506,2.177788,0.724641
0.7,0.186993,0.168415,2.189061,0.759256
0.7,0.162604,0.153506,2.196233,0.835961
0.6,0.138211,0.137493,2.20625,0.93328
0.65,0.203251,0.167863,2.261732,1.067742
0.55,0.186993,0.166759,2.310495,1.164173
0.55,0.195124,0.181668,2.31166,1.254518
0.5,0.268294,0.240751,2.328969,1.344658
0.6,0.276422,0.271673,2.348402,1.440897
0.65,0.333334,0.302043,2.356698,1.49884
0.525,0.325204,0.300663,2.371613,1.593388
0.4,0.317073,0.299282,2.39,1.645601
0.4,0.349593,0.314191,2.39,1.738762
0.35,0.406505,0.358366,2.39,1.826559
0.35,0.414636,0.388183,2.385457,1.939901
0.3,0.455284,0.417449,2.315652,2.042047
0.25,0.495935,0.446715,2.212033,2.131383
0.3,0.536585,0.477084,2.054913,2.262406
0.3,0.552847,0.506902,1.901832,2.311521
0.35,0.585367,0.537272,1.798822,2.321544
0.35,0.617887,0.56709,1.735551,2.276784
0.25,0.707316,0.625621,1.675625,2.287613
0.375,0.674796,0.604638,1.629168,2.301935
0.5,0.642276,0.583655,1.621973,2.294402
0.4,0.658538,0.582551,1.621973,2.251725
0.35,0.715447,0.641634,1.621973,2.227159
0.45,0.707316,0.672557,1.644948,2.210398
0.4,0.715447,0.657096,1.669485,2.153533
0.45,0.70935,0.650193,1.674515,2.052314
0.5,0.703253,0.643291,1.689652,1.955073
0.55,0.697155,0.636389,1.71671,1.856568
0.6,0.691058,0.629486,1.741028,1.738653
0.55,0.707316,0.643843,1.75375,1.648165
0.55,0.658538,0.614025,1.771025,1.541552
0.6,0.699189,0.644395,1.789141,1.466461
0.55,0.666669,0.614025,1.790266,1.358006
0.575,0.638213,0.584484,1.792549,1.325175
0.6,0.609756,0.554942,1.797066,1.238289
0.65,0.626018,0.570403,1.795945,1.144062
0.75,0.609756,0.571507,1.787107,1.039475
0.75,0.577236,0.511872,1.777683,0.9255
0.7,0.569105,0.51132,1.760458,0.822031
0.75,0.552847,0.496963,1.735516,0.742391
0.8,0.650407,0.57206,1.686897,0.694376
0.8,0.504065,0.452789,1.624659,0.679726
0.8,0.487804,0.422971,1.577484,0.665
0.85,0.471545,0.438432,1.530588,0.653393
0.85,0.504065,0.453341,1.44964,0.634976
0.85,0.455284,0.423523,1.367874,0.6255
0.9,0.463415,0.424075,1.287786,0.6255
0.8,0.422764,0.43788,1.262069,0.627395
0.85,0.406505,0.378796,1.201995,0.648621
0.9,0.414636,0.379348,1.176094,0.69766
0.85,0.406505,0.348978,1.15925,0.768488
0.85,0.357724,0.33407,1.130923,0.851567
0.85,0.317073,0.289343,1.12823,0.910127
0.8,0.276422,0.244064,1.12823,0.971125
0.8,0.268294,0.258973,1.121325,1.059875
0.8,0.227644,0.214246,1.050717,1.154506
0.8,0.252033,0.229155,1.010625,1.294526
0.7,0.300814,0.257869,0.9865,1.426771
0.75,0.243902,0.213694,0.931001,1.540189
0.75,0.260164,0.213694,0.914076,1.594439
0.75,0.325204,0.303147,0.911445,1.662179
0.65,0.333334,0.316952,0.897988,1.726371
0.6,0.317073,0.286582,0.870125,1.834164
0.55,0.300814,0.28603,0.854125,1.952877
0.5,0.357724,0.285478,0.830477,2.03461
0.5,0.349593,0.300387,0.820117,2.059819
0.6,0.430895,0.390944,0.821375,2.134085
0.5,0.463415,0.434567,0.836875,2.210359
0.5,0.463415,0.434567,0.858758,2.236
0.45,0.504065,0.456378,0.879883,2.236
0.4,0.544716,0.478189,0.939637,2.236
0.4,0.634146,0.567642,1.014198,2.233062
0.4,0.626018,0.567642,1.087742,2.234076
0.35,0.650407,0.581999,1.130533,2.235339
0.4,0.601625,0.537824,1.203445,2.233241
0.3,0.609756,0.685809,1.302296,2.221125
0.4,0.747967,0.672004,1.381054,2.201346
0.35,0.658538,0.596908,1.391902,2.197861
0.35,0.658538,0.596908,1.39581,2.183835
0.3,0.662604,0.60381,1.40686,2.113363
0.25,0.666669,0.610712,1.41811,2.041021
0.2,0.666669,0.61016,1.423914,1.9659
0.3,0.650407,0.611264,1.424914,1.895217
0.283333,0.615177,0.571323,1.4555,1.830333
0.266667,0.579947,0.531382,1.513721,1.77175
0.25,0.544716,0.491441,1.587125,1.678195
0.25,0.544716,0.491441,1.592,1.594005
0.25,0.487804,0.446715,1.592154,1.514215
0.3,0.471545,0.447267,1.595828,1.43443
0.25,0.430895,0.342352,1.596348,1.33849
0.35,0.398375,0.358366,1.593963,1.202802
0.25,0.349593,0.312535,1.59177,1.062876
0.25,0.365854,0.327443,1.587538,0.961794
0.25,0.268294,0.223081,1.587867,0.847375
0.25,0.203251,0.193263,1.600236,0.790345
0.15,0.170731,0.192159,1.608042,0.741638
0.191667,0.155826,0.172741,1.615793,0.699129
0.233333,0.140921,0.153322,1.635,0.672761
0.275,0.126016,0.133904,1.707107,0.662092
0.316667,0.111111,0.114486,1.75375,0.566898
0.358333,0.096207,0.095067,1.791125,0.538816
0.4,0.081302,0.075649,1.839703,0.538422
0.5,0.024389,0.002209,1.899982,0.538422
0.55,0.024389,0.002761,1.983748,0.539089
0.55,0.008131,0.01767,1.993625,0.572938
0.65,0.056909,0.048592,2.007531,0.616202
0.65,0.056909,0.048592,2.041562,0.674395
0.65,0.073171,0.063501,2.063823,0.763183
0.7,0.146342,0.123689,2.081811,0.846461
0.8,0.121953,0.109884,2.11125,0.945955
0.7,0.211382,0.272777,2.137738,1.017454
0.75,0.186993,0.168967,2.151984,1.108168
0.85,0.252033,0.244616,2.152984,1.208075
0.75,0.235774,0.213694,2.162051,1.265625
0.85,0.317073,0.289343,2.184216,1.384587
0.8,0.317073,0.288791,2.220842,1.56505
0.85,0.373985,0.33407,2.275689,1.617758
0.85,0.373985,0.348978,2.27838,1.65821
0.9,0.390244,0.36444,2.269255,1.74492
0.85,0.357724,0.363887,2.261042,1.945265
0.85,0.357724,0.319161,2.254788,2.003897
0.85,0.414636,0.274434,2.219645,2.05471
0.85,0.325204,0.274434,2.20375,2.112408
0.8,0.325204,0.288791,2.198607,2.155693
0.8,0.341465,0.3037,2.187537,2.219463
0.8,0.284553,0.258973,2.159787,2.264125
0.7,0.333334,0.332413,2.093106,2.282875
0.65,0.300814,0.272225,1.900629,2.369
0.55,0.276422,0.241303,1.841802,2.379112
0.45,0.300814,0.270017,1.768404,2.395444
0.55,0.300814,0.271121,1.685383,2.405687
0.45,0.284553,0.255108,1.582177,2.407
0.4,0.284553,0.239647,1.499225,2.407
0.4,0.325204,0.3291,1.418528,2.407
0.35,0.349594,0.336002,1.34272,2.407
0.3,0.373985,0.342904,1.257427,2.406264
0.35,0.357724,0.328548,1.191726,2.388917
0.35,0.390244,0.358366,1.162465,2.315812
0.25,0.471545,0.416897,1.09215,2.295085
0.2,0.487804,0.446162,1.017881,2.292051
0.25,0.520327,0.461623,0.978525,2.284575
0.2,0.536585,0.490889,0.978525,2.273328
0.25,0.569105,0.50635,0.978525,2.271
0.25,0.585367,0.536168,0.995277,2.269425
0.25,0.642276,0.580895,1.102883,2.242527
0.3,0.642276,0.581447,1.15225,2.212375
0.3,0.691058,0.611264,1.199225,2.150695
0.3,0.691058,0.611264,1.257964,2.05919
0.35,0.658538,0.611817,1.338894,1.972175
0.4,0.699189,0.642187,1.409431,1.870222
0.4,0.715447,0.642187,1.448728,1.820985
0.35,0.707316,0.656543,1.518559,1.800924
0.383333,0.726287,0.67182,1.60605,1.7985
0.416667,0.745258,0.687097,1.685,1.793375
0.45,0.764229,0.702374,1.76842,1.767065
0.4,0.756098,0.686913,1.871611,1.738854
0.475,0.739838,0.665378,1.891203,1.704123
0.55,0.723578,0.643843,1.935444,1.567168
0.55,0.642276,0.584208,1.977508,1.303444
0.65,0.658538,0.600221,2.002364,1.213817
0.7,0.650407,0.600773,2.039025,1.128567
0.65,0.609756,0.555494,2.049,1.03325
0.65,0.609756,0.555494,2.049,0.952873
0.7,0.569105,0.526229,2.04217,0.910733
0.7,0.560975,0.526229,1.947938,0.869535
0.75,0.495935,0.452236,1.881233,0.829444
0.75,0.560975,0.496963,1.864202,0.754283
0.8,0.552847,0.497515,1.84061,0.697702
0.85,0.536585,0.498067,1.791105,0.642316
0.85,0.544716,0.483158,1.664289,0.634
0.9,0.455284,0.409166,1.553496,0.629082
0.85,0.487804,0.453341,1.505458,0.620366
0.9,0.528455,0.424075,1.438634,0.620705
0.85,0.447156,0.408614,1.359927,0.626869
0.9,0.430895,0.409166,1.301756,0.635703
0.8,0.414636,0.378244,1.244992,0.646875
0.9,0.349593,0.319713,1.178216,0.678161
0.85,0.349593,0.319161,1.119506,0.777118
0.85,0.341465,0.304252,1.098835,0.85729
0.85,0.308942,0.289343,1.082098,0.946052
0.8,0.317073,0.288791,1.075299,1.00895
0.8,0.325204,0.3037,1.04042,1.104204
0.7,0.349593,0.302595,0.993667,1.196333
0.75,0.325204,0.318056,0.946967,1.28296
0.625,0.337398,0.309221,0.883625,1.382682
0.5,0.349593,0.300387,0.851549,1.468128
0.5,0.317073,0.285478,0.839031,1.545282
0.4,0.382113,0.3291,0.819255,1.635798
0.3,0.422764,0.372722,0.804311,1.722591
0.4,0.382113,0.358918,0.79452,1.789611
0.45,0.495935,0.404197,0.76225,1.838191
0.4,0.479676,0.433462,0.751,1.930859
0.45,0.463415,0.434014,0.751,2.061992
0.35,0.471545,0.418001,0.75175,2.082734
0.25,0.463415,0.431806,0.762262,2.087462
0.2,0.504065,0.446162,0.802597,2.094188
0.25,0.528456,0.469078,0.861861,2.098736
0.3,0.552847,0.491993,0.915427,2.113766
0.25,0.544716,0.491441,1.027102,2.128812
0.25,0.536585,0.50635,1.146703,2.128812
0.2,0.520327,0.461071,1.190233,2.128812
0.25,0.512196,0.461623,1.209376,2.127664
0.3,0.487804,0.447267,1.237534,2.027404
0.2625,0.459349,0.420762,1.2555,1.989374
0.225,0.430895,0.394257,1.259,1.929008
0.1875,0.40244,0.367753,1.277129,1.872961
0.15,0.373985,0.341248,1.358885,1.810919
0.25,0.325204,0.297626,1.440648,1.755216
0.2,0.308942,0.267256,1.505177,1.675302
0.2,0.252033,0.222529,1.549298,1.585849
0.25,0.219513,0.178355,1.600105,1.527435
0.3,0.219513,0.253451,1.643425,1.459016
0.25,0.170731,0.148537,1.671614,1.401147
0.3,0.146342,0.119271,1.75953,1.318426
0.35,0.146342,0.134732,1.840436,1.241542
0.3,0.154473,0.13418,1.873271,1.1482
0.4,0.138213,0.120375,1.884645,1.088344
0.5,0.121953,0.106571,1.921952,1.024529
0.6,0.154473,0.122584,1.971032,0.923125
0.6,0.121953,0.122584,2.008516,0.886
0.65,0.13008,0.123136,2.079722,0.886
0.7,0.211382,0.183324,2.114597,0.886
0.75,0.243902,0.213694,2.145479,0.89083
0.75,0.268294,0.243512,2.174562,0.946235
0.7,0.308942,0.287686,2.210223,1.045841
0.8,0.300814,0.258973,2.227814,1.128105
0.8,0.365854,0.333517,2.253113,1.181463
0.8,0.349593,0.333517,2.265361,1.238589
0.8,0.390244,0.348426,2.28525,1.308516
0.75,0.373985,0.347874,2.305517,1.436133
0.75,0.414636,0.40751,2.318645,1.474723
0.75,0.382113,0.362783,2.344083,1.496861
0.75,0.447156,0.40751,2.344083,1.553053
0.7,0.439025,0.392049,2.344083,1.693654
0.65,0.463415,0.436223,2.342333,1.856
0.65,0.471545,0.436223,2.299125,1.939985
0.6,0.512196,0.465489,2.247629,1.951277
0.65,0.544716,0.510768,2.201587,1.970625
0.6,0.617887,0.554942,2.160189,1.997563
0.6,0.577236,0.525124,2.076811,2.002045
0.55,0.674796,0.614025,1.983137,2.024922
0.6,0.707316,0.644395,1.83823,2.097797
0.5,0.691058,0.628382,1.716359,2.176
0.5,0.707316,0.628382,1.578408,2.176
0.6,0.691058,0.629486,1.485405,2.176
0.5,0.723578,0.643291,1.409001,2.148363
0.4,0.747967,0.686913,1.33875,2.081453
0.4,0.731709,0.672004,1.300396,2.066125
0.4,0.707316,0.642187,1.247808,2.060124
0.45,0.674796,0.62783,1.20083,2.053602
0.45,0.674796,0.598012,1.05275,2.035625
0.4,0.658538,0.59746,1.012783,1.990208
0.5,0.650407,0.583655,1.012033,1.954
0.4,0.638213,0.575097,1.012033,1.901813
0.3,0.626018,0.566538,1.012033,1.825288
0.4,0.609756,0.552733,1.040504,1.729232
0.3,0.577236,0.521811,1.051508,1.658608
0.25,0.577236,0.50635,1.051508,1.570556
0.25,0.528455,0.476532,1.051508,1.467
0.2,0.552847,0.490889,1.05752,1.424862
0.25,0.544716,0.491441,1.062034,1.358571
0.25,0.560975,0.491441,1.062034,1.221965
0.2,0.528455,0.461071,1.062034,1.053899
0.2,0.495935,0.446162,1.071525,0.958693
0.25,0.487804,0.431806,1.120258,0.876686
0.2,0.430895,0.386527,1.136369,0.843093
0.3,0.479676,0.417449,1.14879,0.717627
0.2,0.447156,0.401436,1.166747,0.638858
0.2,0.406505,0.366648,1.191262,0.627644
0.2,0.365854,0.331861,1.210598,0.627644
0.2,0.325204,0.297073,1.257868,0.627644
0.2,0.341465,0.282165,1.330803,0.648791
0.3,0.365854,0.327996,1.384701,0.656666
0.4,0.373985,0.3291,1.429659,0.65957
0.375,0.361789,0.321369,1.500702,0.663313
0.35,0.349593,0.313639,1.648339,0.667033
0.35,0.349593,0.313639,1.719509,0.675039
0.416667,0.338753,0.304436,1.758258,0.67995
0.483333,0.327913,0.295233,1.830733,0.682275
0.55,0.317073,0.28603,1.90134,0.714102
0.55,0.317073,0.300939,1.971482,0.795882
0.65,0.422764,0.34677,2.036589,0.816906
0.6,0.357724,0.331309,2.095619,0.835337
0.6,0.447156,0.390944,2.166086,0.84459
0.65,0.430895,0.391496,2.198097,0.8658
0.75,0.430895,0.392601,2.20929,0.914434
0.75,0.430895,0.40751,2.211843,0.991746
0.75,0.455284,0.40751,2.222005,1.099837
0.85,0.504065,0.46825,2.225761,1.181687
0.75,0.495935,0.467145,2.228141,1.245125
0.75,0.520327,0.467145,2.316958,1.286976
0.8,0.495935,0.452789,2.318858,1.342
0.85,0.487804,0.438432,2.297821,1.347
0.9,0.463415,0.424075,2.294333,1.347
0.8,0.471545,0.43788,2.24794,1.349136
0.85,0.430895,0.393705,2.193331,1.353542
0.9,0.439025,0.394257,2.167125,1.386879
0.9,0.447156,0.409166,2.110118,1.391325
0.9,0.414636,0.394257,2.059315,1.397075
0.9,0.430895,0.379348,1.993194,1.460111
0.9,0.373985,0.334622,1.88658,1.502093
0.9,0.341465,0.304804,1.745325,1.586862
0.9,0.300814,0.274986,1.637976,1.617592
0.9,0.292684,0.274986,1.576529,1.638437
0.85,0.260164,0.229707,1.5115,1.643792
0.85,0.252033,0.229707,1.390364,1.645875
0.8,0.227644,0.199337,1.337754,1.64982
0.9,0.203251,0.215351,1.279902,1.651277
0.85,0.195122,0.192435,1.156933,1.662805
0.8,0.186993,0.16952,1.074583,1.703107
0.675,0.138213,0.130867,0.998879,1.812873
0.55,0.089433,0.092214,0.922209,1.846125
0.45,0.121953,0.09111,0.889943,1.857247
0.45,0.121953,0.106019,0.826568,1.869062
0.375,0.162602,0.149917,0.798982,1.944363
0.3,0.203251,0.193816,0.793525,1.993486
0.2,0.243902,0.237438,0.788482,2.047762
0.2,0.203251,0.20762,0.787047,2.072434
0.25,0.333334,0.267808,0.787051,2.119657
0.15,0.268294,0.236886,0.790462,2.181375
0.15,0.357724,0.31143,0.793254,2.243929
0.2,0.365854,0.297073,0.810363,2.295273
0.2,0.401085,0.3418,0.863375,2.305678
0.2,0.436315,0.386527,0.889545,2.316133
0.2,0.471545,0.431253,0.910111,2.359736
0.15,0.504065,0.44561,0.964125,2.3745
0.15,0.504065,0.44561,1.046287,2.3745
0.2,0.528455,0.490889,1.126388,2.3745
0.15,0.495935,0.460519,1.233034,2.3745
0.1,0.528455,0.504694,1.340758,2.334012
0.2,0.593498,0.535616,1.418252,2.262938
0.25,0.642276,0.580895,1.479011,2.184998
0.15,0.601625,0.549972,1.576714,2.1755
0.25,0.650407,0.580895,1.662625,2.154714
0.3,0.658538,0.596356,1.773535,2.125425
0.3,0.707316,0.581447,1.874078,2.109444
0.35,0.674796,0.611817,1.948907,2.054558
0.35,0.674796,0.596908,2.045601,1.931634
0.45,0.707316,0.642739,2.089055,1.838181
0.4,0.699189,0.642187,2.136998,1.787119
0.45,0.747967,0.702374,2.160583,1.602826
0.5,0.739836,0.673109,2.175875,1.550406
0.5,0.747967,0.673109,2.324699,1.47554
0.55,0.723578,0.658752,2.357037,1.401376
0.55,0.739836,0.68857,2.360494,1.329789
0.6,0.756098,0.689122,2.361493,1.241557
0.6,0.77236,0.71894,2.363159,1.165748
0.6,0.788618,0.71894,2.360496,1.062555
0.55,0.796749,0.718388,2.357261,0.995257
0.6,0.796749,0.704031,2.330574,0.937291
0.5,0.788618,0.702927,2.260077,0.874625
0.5,0.747967,0.673109,2.162231,0.847344
0.5,0.715447,0.6582,2.085953,0.838694
0.516667,0.691057,0.633536,2.05151,0.828865
0.533333,0.666667,0.608872,2.012516,0.800758
0.55,0.642276,0.584208,1.968387,0.765897
0.5,0.642276,0.583655,1.909583,0.723158
0.55,0.626018,0.55439,1.837894,0.721711
0.5,0.577236,0.52402,1.753113,0.717538
0.4,0.512196,0.46328,1.675104,0.703525
0.4,0.479676,0.433462,1.591524,0.692381
0.35,0.439025,0.403092,1.518235,0.687143
0.35,0.398375,0.358366,1.435023,0.69779
0.4,0.430895,0.373827,1.342961,0.703695
0.3,0.333334,0.313087,1.279375,0.703695
0.35,0.317073,0.283821,1.211495,0.708021
0.3,0.268294,0.26836,1.142779,0.745913
0.325,0.243904,0.235091,1.087742,0.778921
0.35,0.219513,0.201822,1.018375,0.801211
0.375,0.195122,0.168553,1.004422,0.817452
0.4,0.170731,0.135284,1.004422,0.826728
0.4,0.13008,0.120375,1.004422,0.829
0.5,0.13008,0.091662,1.046838,0.829
0.55,0.056909,0.062396,1.11893,0.829
0.5,0.105691,0.091662,1.152471,0.836464
0.575,0.101625,0.09249,1.192305,0.8405
0.65,0.09756,0.093319,1.236621,0.8405
0.7,0.121953,0.093871,1.255138,0.842194
0.7,0.186993,0.153506,1.309125,0.864298
0.7,0.219513,0.198233,1.384,0.9225
0.7,0.227644,0.213142,1.424117,0.988319
0.75,0.219513,0.198785,1.509056,1.052058
0.8,0.284553,0.258973,1.545347,1.090583
0.8,0.300814,0.258973,1.624971,1.125911
0.75,0.349593,0.318056,1.695446,1.172502
0.75,0.349593,0.332965,1.764956,1.246145
0.7,0.422764,0.332413,1.833319,1.297198
0.75,0.373985,0.347874,1.881928,1.464865
0.75,0.463415,0.422419,1.903645,1.553541
0.7,0.455284,0.406957,1.938451,1.669382
0.8,0.479676,0.43788,1.994032,1.759479
0.7,0.552847,0.496411,2.016118,1.872413
0.7,0.609756,0.556046,2.039717,1.941683
0.7,0.609756,0.556046,2.053417,1.999952
0.65,0.617887,0.570403,2.053417,2.078496
0.65,0.642276,0.600221,1.986875,2.190875
0.55,0.658538,0.614025,1.912041,2.271611
0.5,0.642276,0.598564,1.854282,2.33632
0.5,0.642276,0.598564,1.797839,2.378328
0.55,0.691058,0.628934,1.754379,2.378328
0.55,0.691058,0.628934,1.707875,2.378328
0.45,0.691058,0.612921,1.649934,2.376238
0.45,0.642276,0.583103,1.571385,2.34217
0.45,0.674796,0.598012,1.48037,2.308999
0.45,0.666669,0.598012,1.43183,2.224569
0.4125,0.660571,0.593871,1.35692,2.198244
0.375,0.654473,0.589729,1.269115,2.193504
0.3375,0.648375,0.585588,1.200213,2.157785
0.3,0.642276,0.581447,1.148875,2.095875
0.3,0.658538,0.596356,1.138483,2.00682
0.3,0.626018,0.581447,1.128592,1.905235
0.25,0.593498,0.536168,1.104304,1.812946
0.25,0.617887,0.551077,1.071339,1.732195
0.15,0.593498,0.549972,1.008153,1.672036
0.2,0.577236,0.535616,0.965553,1.613288
0.2,0.609756,0.565433,0.965553,1.512829
0.216667,0.598916,0.550709,0.965553,1.37565
0.233333,0.588076,0.535984,0.963742,1.288677
0.25,0.577236,0.521259,0.973726,1.160034
0.2,0.560975,0.505798,1.008242,1.055581
0.25,0.495935,0.446715,1.016069,0.996142
0.2,0.487804,0.446162,1.023978,0.866258
0.25,0.495935,0.446715,1.062989,0.764179
0.25,0.373985,0.327443,1.08052,0.698347
0.2,0.382113,0.3418,1.141297,0.651028
0.25,0.357724,0.327443,1.214314,0.646835
0.3,0.276422,0.238542,1.29725,0.64021
0.25,0.235774,0.208172,1.367046,0.637508
0.25,0.203251,0.193263,1.421488,0.631815
0.3,0.166666,0.156543,1.519433,0.610951
0.35,0.13008,0.119823,1.648833,0.5845
0.45,0.121953,0.106019,1.730586,0.583
0.35,0.09756,0.090006,1.798429,0.583
0.425,0.121951,0.120652,1.846875,0.586452
0.5,0.146342,0.151298,1.915052,0.614296
0.6,0.154473,0.122584,1.968811,0.648451
0.7,0.170731,0.153506,2.01244,0.661093
0.7,0.243902,0.228051,2.066665,0.665449
0.8,0.186993,0.16952,2.100065,0.66903
0.8,0.219513,0.199337,2.12975,0.672995
0.85,0.268294,0.244616,2.139917,0.699562
0.85,0.268294,0.244616,2.147292,0.780109
0.85,0.333334,0.33407,2.151175,0.850833
0.8,0.373985,0.333517,2.156384,0.919232
0.85,0.406505,0.33407,2.228383,0.970935
0.85,0.398375,0.363887,2.265523,1.048006
0.85,0.455284,0.423523,2.270439,1.18
0.85,0.439025,0.393705,2.270439,1.2409
0.85,0.430895,0.408614,2.270439,1.281756
0.9,0.479676,0.438984,2.269296,1.517589
0.8,0.439025,0.408062,2.22865,1.653098
0.75,0.455284,0.40751,2.208414,1.732625
0.75,0.439025,0.40751,2.186223,1.797755
0.75,0.528455,0.496963,2.176807,1.966125
0.75,0.577236,0.54169,2.166511,2.019471
0.7,0.577236,0.526229,2.082942,2.173334
0.75,0.650407,0.586416,1.960642,2.19002
0.675,0.654473,0.593043,1.925227,2.18777
0.6,0.658538,0.599669,1.890647,2.199266
0.65,0.707316,0.644948,1.81941,2.215968
0.6,0.756098,0.689122,1.670863,2.2225
0.6,0.756098,0.674213,1.497,2.236377
0.6,0.731709,0.689122,1.412246,2.316377
0.7,0.756098,0.675318,1.363125,2.37075
0.6,0.731707,0.65185,1.248082,2.372
0.5,0.707316,0.628382,1.139743,2.36625
0.45,0.707316,0.62783,1.081241,2.358
0.4,0.691058,0.642187,1.052891,2.35797
0.4,0.682927,0.627278,0.963627,2.341927
0.35,0.691058,0.626726,0.900236,2.286896
0.3,0.666669,0.611264,0.837939,2.264076
0.3,0.658538,0.596356,0.822756,2.207382
0.25,0.634146,0.551077,0.822756,2.120726
0.3,0.593498,0.53672,0.820726,2.024605
0.25,0.593498,0.521259,0.816807,1.982758
0.25,0.577236,0.521259,0.80306,1.909125
0.15,0.601625,0.535064,0.80306,1.862831
0.2,0.569105,0.520707,0.808508,1.777325
0.2,0.585367,0.520707,0.814435,1.674044
0.25,0.577236,0.521259,0.814435,1.571152
0.3,0.560975,0.506902,0.81306,1.486985
0.35,0.536585,0.492546,0.81453,1.421244
0.25,0.528455,0.461623,0.828503,1.34065
0.25,0.463415,0.416897,0.854124,1.177887
0.3,0.398375,0.357813,0.86406,1.06766
0.35,0.430895,0.388183,0.872092,0.836481
0.4,0.447156,0.403644,0.886413,0.743972
0.45,0.455284,0.404197,0.935368,0.70658
0.5,0.479676,0.419658,1.003537,0.681238
0.45,0.447156,0.404197,1.06019,0.662479
0.55,0.463415,0.42021,1.120698,0.650343
0.65,0.430895,0.391496,1.197551,0.615449
0.7,0.439025,0.392049,1.299252,0.562226
0.8,0.495935,0.452789,1.39375,0.525
0.75,0.479676,0.437327,1.501382,0.514
0.75,0.520327,0.467145,1.598728,0.514
0.8,0.512196,0.467697,1.650136,0.514
0.8,0.495935,0.467697,1.781436,0.520282
0.8,0.504065,0.467697,1.899618,0.63435
0.85,0.463415,0.438432,2.019501,0.66695
0.9,0.471545,0.438984,2.139917,0.708996
0.85,0.479676,0.438432,2.186991,0.793356
0.9,0.487804,0.438984,2.186991,0.850375
0.9,0.447156,0.409166,2.186991,0.876477
0.85,0.422764,0.393705,2.168118,0.896913
0.85,0.414636,0.378796,2.071587,0.928663
0.9,0.398375,0.36444,2.015664,1.011068
0.95,0.325204,0.290447,1.965525,1.113323
0.85,0.276422,0.244616,1.945375,1.231551
0.8,0.268294,0.244064,1.901125,1.34899
0.75,0.235774,0.198785,1.855263,1.449682
0.7,0.186993,0.168415,1.746419,1.478907
0.7,0.195124,0.183324,1.645193,1.496955
0.7,0.146342,0.138597,1.559073,1.522392
0.55,0.109756,0.107123,1.456018,1.588945
0.4,0.073171,0.075649,1.405599,1.607624
0.4,0.073171,0.06074,1.265945,1.737002
0.4,0.073171,0.075649,1.157458,1.814144
0.35,0.105691,0.090006,1.075988,1.857528
0.3,0.146342,0.149089,1.028675,1.869775
0.35,0.178862,0.149641,0.95583,1.90773
0.25,0.162604,0.148537,0.8812,1.978296
0.15,0.227644,0.207068,0.863375,2.048625
0.15,0.276422,0.251795,0.847,2.083715
0.25,0.260164,0.223081,0.844332,2.108121
0.175,0.308944,0.274434,0.844332,2.157871
0.1,0.357724,0.325787,0.844332,2.198291
0.15,0.390244,0.341248,0.847916,2.201041
0.2,0.439025,0.386527,0.866773,2.202422
0.2,0.487804,0.446162,0.933898,2.212147
0.15,0.512196,0.44561,1.066766,2.224991
0.15,0.487804,0.44561,1.12775,2.225322
0.15,0.512196,0.460519,1.277509,2.222151
0.15,0.544716,0.490337,1.36086,2.20612
0.15,0.593498,0.490337,1.450768,2.204603
0.2,0.569105,0.520707,1.519113,2.20687
0.25,0.609756,0.551077,1.571473,2.218961
0.25,0.609756,0.551077,1.636668,2.210851
0.25,0.674796,0.595803,1.722979,2.198892
0.3,0.658538,0.596356,1.821705,2.197897
0.35,0.674796,0.611817,1.854048,2.197087
0.3,0.707316,0.641082,1.927514,2.197087
0.375,0.678862,0.627002,1.982633,2.193356
0.45,0.650407,0.612921,2.130241,2.021689
0.5,0.658538,0.583655,2.151492,1.915826
0.5,0.674796,0.613473,2.166625,1.896375
0.55,0.658538,0.599117,2.17107,1.84498
0.5,0.666667,0.606019,2.180541,1.763389
0.45,0.674796,0.612921,2.285956,1.629498
0.55,0.674796,0.55439,2.309097,1.562197
0.6,0.617887,0.569851,2.309097,1.461617
0.6,0.609756,0.554942,2.309097,1.391175
0.65,0.593498,0.540585,2.302198,1.283443
0.675,0.573173,0.518498,2.244148,1.177061
0.7,0.552847,0.496411,2.163678,1.116625
0.75,0.552847,0.496963,2.152548,1.021772
0.75,0.569105,0.526781,2.14825,0.956141
0.75,0.504065,0.437327,2.144719,0.925073
0.75,0.471545,0.392601,2.123482,0.891247
0.8,0.382113,0.348426,2.086491,0.879401
0.85,0.390244,0.356433,2.0615,0.820068
0.9,0.398375,0.36444,2.017425,0.747657
0.9,0.390244,0.36444,1.984609,0.715414
0.85,0.382113,0.348978,1.928425,0.707
0.85,0.398375,0.348978,1.819979,0.71
0.85,0.349593,0.319161,1.727285,0.714
0.8,0.341465,0.3037,1.644676,0.716292
0.75,0.317073,0.303147,1.565278,0.748869
0.65,0.300814,0.272225,1.486591,0.777202
0.7,0.300814,0.287686,1.397309,0.7925
0.7,0.317073,0.287686,1.32225,0.815849
0.6,0.300814,0.271673,1.2025,0.849103
0.55,0.341464,0.308393,1.157519,0.885819
0.5,0.382113,0.345113,1.133808,0.93597
0.5,0.398375,0.360022,1.123642,1.017753
0.45,0.398375,0.35947,1.117811,1.096152
0.4,0.447156,0.3291,1.114669,1.18675
0.3,0.45122,0.365268,1.102057,1.222791
0.2,0.455284,0.401436,1.038799,1.316184
0.3,0.504065,0.447267,0.987544,1.413463
0.25,0.512196,0.446715,0.976954,1.521816
0.3,0.512196,0.477084,0.974546,1.646362
0.3,0.528455,0.477084,0.967054,1.766919
0.275,0.51626,0.469354,0.95083,1.86325
0.25,0.504065,0.461623,0.940775,1.955704
0.25,0.528455,0.476532,0.948889,2.049137
0.15,0.512196,0.460519,0.950264,2.107852
0.25,0.544716,0.476532,0.950264,2.112825
0.2,0.536585,0.47598,0.954963,2.112825
0.15,0.544716,0.490337,0.973385,2.112825
0.15,0.536585,0.505246,1.004153,2.096538
0.25,0.463415,0.416897,1.045015,2.061667
0.2,0.455284,0.416345,1.185932,2.044594
0.225,0.43496,0.386803,1.27332,1.998578
0.25,0.414636,0.357261,1.350337,1.96787
0.25,0.333334,0.23799,1.414534,1.918816
0.25,0.317073,0.282717,1.432593,1.833853
0.2,0.341465,0.282165,1.444587,1.751679
0.3,0.252033,0.208724,1.480377,1.661021
0.3,0.178862,0.163998,1.528446,1.595613
0.35,0.203251,0.179459,1.596546,1.544747
0.25,0.138211,0.118719,1.714325,1.502257
0.35,0.121951,0.104914,1.744345,1.473
0.45,0.105691,0.09111,1.80273,1.296378
0.45,0.105691,0.09111,1.835104,1.101337
0.5,0.146342,0.136389,1.8535,0.983125
0.6,0.138211,0.137493,1.865087,0.932125
0.65,0.105691,0.093319,1.888282,0.930875
0.7,0.13008,0.123689,1.943625,0.922986
0.65,0.308942,0.272225,1.978,0.905259
0.75,0.288618,0.250966,2.019177,0.892167
0.85,0.268294,0.229707,2.124996,0.87
0.9,0.308942,0.274986,2.180166,0.87
0.85,0.268294,0.244616,2.194221,0.87
0.9,0.341465,0.319713,2.196416,0.871393
0.85,0.349593,0.319161,2.218009,0.91819
0.85,0.365854,0.33407,2.243382,0.9945
0.85,0.414636,0.378796,2.266921,1.049681
0.85,0.406505,0.363887,2.282875,1.093688
0.8,0.422764,0.378244,2.306175,1.134219
0.8,0.430895,0.393153,2.307,1.207736
0.8,0.495935,0.452789,2.307,1.319457
0.8,0.471545,0.43788,2.307,1.447972
0.75,0.479676,0.437327,2.28686,1.55524
0.7,0.560975,0.51132,2.221313,1.665237
0.75,0.544716,0.511872,2.199387,1.762634
0.7,0.642276,0.585864,2.107633,1.829077
0.7,0.626018,0.570955,2.06444,1.989098
0.65,0.642276,0.585312,2.045578,2.257783
0.65,0.650407,0.600221,2.021875,2.304
0.6,0.682927,0.629486,1.896875,2.314138
0.6,0.723578,0.659304,1.807125,2.32075
0.55,0.756098,0.673661,1.76957,2.328417
0.516667,0.745258,0.668323,1.57291,2.347788
0.483333,0.734418,0.662985,1.474443,2.393943
0.45,0.723578,0.657648,1.417022,2.407045
0.5,0.691058,0.628382,1.249528,2.406034
0.5,0.707316,0.643291,1.172653,2.403
0.5,0.739836,0.628382,1.123704,2.393508
0.4,0.699189,0.627278,1.071175,2.370099
0.4,0.691058,0.627278,1.025357,2.318302
0.4,0.715447,0.642187,0.95175,2.255607
0.35,0.691058,0.641634,0.895219,2.229441
0.35,0.674796,0.611817,0.8465,2.202924
0.35,0.634146,0.581999,0.844001,2.130498
0.3,0.617887,0.566538,0.830918,2.042385
0.3,0.634146,0.566538,0.821816,1.974232
0.25,0.642276,0.580895,0.816125,1.856159
0.35,0.585367,0.522363,0.81388,1.757637
0.25,0.544716,0.50635,0.80435,1.644877
0.2,0.544716,0.490889,0.795628,1.541657
0.15,0.552847,0.490337,0.787001,1.483128
0.05,0.479676,0.429597,0.785,1.433374
0.075,0.471545,0.422419,0.7855,1.385826
0.1,0.463415,0.41524,0.796081,1.313843
0.175,0.43496,0.40116,0.830669,1.077835
0.25,0.406505,0.387079,0.864327,0.9417
0.2,0.349593,0.311982,0.87722,0.843339
0.15,0.317073,0.281612,0.9125,0.754125
0.15,0.279132,0.251795,0.988398,0.709352
0.15,0.241191,0.221977,1.053719,0.698146
0.15,0.203251,0.192159,1.13019,0.691
0.05,0.211382,0.176146,1.192072,0.690742
0.175,0.170731,0.162617,1.265348,0.68813
0.3,0.13008,0.149089,1.346738,0.65932
0.35,0.081302,0.075097,1.420992,0.611825
0.3,0.09756,0.089453,1.516931,0.6008
0.3,0.105691,0.089453,1.579896,0.6008
0.25,0.113822,0.088901,1.609628,0.6008
0.25,0.162604,0.148537,1.684049,0.607484
0.35,0.138211,0.119823,1.746068,0.633926
0.25,0.252033,0.208172,1.84245,0.654339
0.25,0.243902,0.223081,1.929225,0.67485
0.3,0.256098,0.223633,2.026002,0.713375
0.35,0.268294,0.224186,2.14775,0.74726
0.366667,0.295394,0.259157,2.206811,0.825698
0.383333,0.322493,0.294128,2.209007,0.899944
0.4,0.349593,0.3291,2.217427,0.941666
0.35,0.430895,0.388183,2.229651,1.027985
0.4,0.430895,0.344009,2.244994,1.144017
0.4,0.468835,0.393705,2.254088,1.243245
0.4,0.506776,0.443401,2.267927,1.349765
0.4,0.544716,0.493098,2.2962,1.450891
0.45,0.544716,0.49365,2.2962,1.549051
0.45,0.609756,0.553285,2.316282,1.638859
0.45,0.674796,0.612921,2.38221,1.699056
0.45,0.691058,0.612921,2.375526,1.747614
0.55,0.715447,0.643843,2.36123,1.795103
0.5,0.707316,0.583655,2.336637,1.844646
0.6,0.634146,0.58476,2.329891,2.019629
0.5,0.658538,0.583655,2.329891,2.0655
0.6,0.609756,0.554942,2.329891,2.0655
0.6,0.626018,0.569851,2.302884,2.0655
0.6,0.634146,0.58476,2.260777,2.046821
0.65,0.601625,0.540585,2.250542,2.00258
0.65,0.601625,0.540585,2.205287,1.97296
0.65,0.577236,0.510768,2.146184,1.878304
0.75,0.512196,0.482054,2.111809,1.727
0.8,0.536585,0.482606,2.079204,1.693691
0.8,0.512196,0.482606,1.912906,1.658262
0.85,0.560975,0.527885,1.851958,1.604146
0.8,0.536585,0.482606,1.84008,1.489025
0.85,0.512196,0.46825,1.8286,1.442948
0.85,0.504065,0.453341,1.79975,1.33983
0.9,0.422764,0.409166,1.756628,1.167625
0.85,0.406505,0.378796,1.726866,1.118839
0.8,0.382113,0.363335,1.639257,1.084891
0.85,0.325204,0.319161,1.524805,1.033711
0.85,0.317073,0.289343,1.462605,0.995937
0.85,0.243902,0.229707,1.437982,0.970749
0.85,0.284553,0.259525,1.401224,0.950092
0.8,0.203251,0.184428,1.310749,0.941706
0.8,0.203251,0.184428,1.245332,0.941706
0.75,0.203251,0.168967,1.199228,0.942252
0.7,0.186993,0.138597,1.175828,0.952999
0.7,0.089433,0.078962,1.131938,1.043243
0.7,0.040651,0.034235,1.092536,1.115317
0.625,0.040651,0.040861,1.05691,1.1855
0.55,0.040651,0.047488,1.01067,1.285487
0.5,0.089433,0.076753,0.954876,1.392723
0.425,0.113822,0.075925,0.909459,1.480315
0.35,0.138211,0.075097,0.901953,1.606375
0.3,0.195124,0.178907,0.896372,1.684772
0.35,0.170731,0.179459,0.8873,1.769467
0.25,0.235774,0.208172,0.86875,1.837684
0.25,0.235774,0.208172,0.834875,1.950692
0.25,0.211382,0.193263,0.832,2.013217
0.2,0.235774,0.20762,0.832,2.066775
0.25,0.292684,0.267808,0.832,2.136125
0.2,0.357724,0.311982,0.865219,2.176837
0.2,0.373985,0.326891,0.941445,2.189678
0.2,0.422764,0.386527,1.000466,2.203591
0.25,0.390244,0.357261,1.083595,2.22518
0.225,0.45122,0.386803,1.179073,2.276876
0.2,0.512196,0.416345,1.263187,2.320474
0.15,0.528455,0.475428,1.354847,2.35229
0.15,0.512196,0.475428,1.43975,2.35229
0.15,0.520327,0.460519,1.513971,2.35229
0.25,0.544716,0.491441,1.602984,2.33037
0.3,0.528455,0.462176,1.663774,2.300598
0.25,0.552847,0.476532,1.714663,2.293962
0.25,0.617887,0.551077,1.80847,2.287704
0.25,0.617887,0.551077,1.8795,2.2805
0.25,0.642276,0.595803,1.952778,2.273639
0.35,0.642276,0.581999,2.077946,2.131435
0.35,0.642276,0.581999,2.152699,2.078889
0.45,0.658538,0.583103,2.180989,2.029126
0.4,0.674796,0.59746,2.207052,1.953353
0.4,0.650407,0.59746,2.246826,1.820125
0.45,0.691058,0.62783,2.299708,1.756916
0.5,0.691058,0.628382,2.369857,1.622125
0.5,0.658538,0.598564,2.414508,1.539724
0.55,0.650407,0.584208,2.421538,1.501162
0.5,0.626018,0.568747,2.421801,1.480937
0.45,0.642276,0.598012,2.421801,1.404362
0.575,0.626016,0.577029,2.417101,1.327638
0.7,0.609756,0.556046,2.381875,1.259431
0.7,0.569105,0.51132,2.368766,1.194322
0.7,0.560975,0.51132,2.349216,1.099858
0.75,0.536585,0.482054,2.341524,1.000476
0.75,0.504065,0.452236,2.3215,0.92139
0.75,0.471545,0.437327,2.27204,0.849168
0.75,0.455284,0.40751,2.215951,0.812
0.8,0.430895,0.393153,2.146715,0.799375
0.8,0.398375,0.378244,1.99954,0.795526
0.75,0.430895,0.392601,1.96725,0.791375
0.85,0.398375,0.363887,1.923081,0.764012
0.85,0.406505,0.363887,1.834071,0.73025
0.85,0.398375,0.363887,1.738332,0.729
0.85,0.398375,0.363887,1.68905,0.729
0.8,0.398375,0.363335,1.621357,0.729375
0.8,0.382113,0.348426,1.556774,0.738028
0.75,0.398375,0.347874,1.515662,0.767243
0.65,0.439025,0.466041,1.404513,0.821925
0.7,0.373985,0.347322,1.327573,0.841727
0.625,0.40244,0.368857,1.256336,0.848358
0.55,0.430895,0.390392,1.206717,0.857934
0.6,0.414636,0.376035,1.142954,0.908976
0.6,0.463415,0.420762,1.115611,1.012043
0.525,0.495935,0.472115,1.099149,1.093268
0.45,0.528455,0.523468,1.06064,1.154887
0.35,0.528455,0.477637,1.029481,1.261673
0.35,0.544716,0.507454,1.014844,1.356857
0.35,0.560975,0.507454,0.986,1.47659
0.35,0.552847,0.507454,0.963739,1.549695
0.25,0.626018,0.565986,0.96,1.678377
0.25,0.609756,0.551077,0.957012,1.744125
0.3,0.609756,0.551629,0.952532,1.8185
0.25,0.601625,0.536168,0.95362,1.867765
0.3,0.634146,0.551629,0.958549,1.932648
0.2,0.544716,0.505798,0.964125,2.001188
0.3,0.544716,0.491993,0.96837,2.046267
0.25,0.512196,0.461623,0.975879,2.050892
0.2,0.487804,0.431253,1.00944,2.050892
0.2,0.455284,0.416345,1.019721,2.046169
0.25,0.430895,0.387079,1.0245,1.993673
0.3,0.365854,0.327996,1.035614,1.95546
0.275,0.337398,0.305356,1.057453,1.864
0.25,0.308942,0.282717,1.060328,1.818054
0.2,0.252033,0.222529,1.129091,1.766102
0.25,0.211382,0.178355,1.240096,1.73324
0.3,0.211382,0.178907,1.323001,1.687712
0.2,0.162604,0.147985,1.366996,1.633061
0.325,0.166667,0.141911,1.378845,1.52109
0.45,0.170731,0.135837,1.392662,1.415756
0.5,0.138211,0.12148,1.452176,1.302126
0.55,0.105691,0.107123,1.519803,1.187971
0.675,0.109756,0.101049,1.55255,1.103817
0.8,0.113822,0.094975,1.572147,1.046415
0.8,0.13008,0.109884,1.59337,0.914778
0.85,0.195124,0.170072,1.619959,0.771034
0.85,0.203251,0.184981,1.670455,0.682883
0.8,0.284553,0.244064,1.705243,0.613
0.85,0.325204,0.319161,1.772394,0.613
0.85,0.317073,0.289343,1.799477,0.613
0.85,0.382113,0.33407,1.825297,0.61325
0.85,0.357724,0.33407,1.93718,0.648721
0.8,0.357724,0.333517,2.072185,0.764
0.8,0.349593,0.318609,2.19774,0.871386
0.8,0.406505,0.363335,2.19774,0.973402
0.8,0.398375,0.363335,2.19774,1.045019
0.8,0.390244,0.348426,2.184055,1.131587
0.75,0.430895,0.377692,2.16381,1.34386
0.7,0.439025,0.406957,2.16381,1.475044
0.8,0.463415,0.422971,2.16381,1.582784
0.7,0.495935,0.466593,2.163107,1.693375
0.65,0.560975,0.495859,2.153818,1.77475
0.7,0.585367,0.541137,2.137378,1.876905
0.7,0.626018,0.570955,2.137,1.919348
0.65,0.650407,0.570403,2.092052,2.113826
0.65,0.642276,0.600221,1.970375,2.165
0.6,0.674796,0.629486,1.952079,2.196987
0.6,0.707316,0.629486,1.920978,2.271721
0.5,0.77236,0.717835,1.868138,2.338415
0.5,0.739836,0.688018,1.670625,2.402559
0.55,0.821138,0.718388,1.506054,2.413617
0.5,1.0,0.79238,1.428846,2.421404
0.5,0.739836,0.673109,1.378769,2.431182
0.6,0.723578,0.778575,1.281723,2.439932
0.5,0.739836,0.6582,1.193425,2.4425
0.5,0.77236,0.717835,1.090886,2.436202
0.55,0.691058,0.628934,1.023959,2.432571
0.5,0.674796,0.613473,0.969524,2.429677
0.4,0.642276,0.582551,0.966,2.429677
0.4,0.593498,0.552733,0.966,2.425975
0.4,0.601625,0.537824,0.960019,2.363439
0.4,0.552847,0.508007,0.956,2.302916
0.35,0.528455,0.477637,0.956,2.208349
0.25,0.536585,0.476532,0.956,2.105012
0.3,0.528455,0.477084,0.947496,2.005617
0.35,0.528455,0.477637,0.923238,1.887465
0.25,0.528455,0.461623,0.91282,1.793845
0.35,0.520327,0.477637,0.911764,1.740252
0.3,0.536585,0.477084,0.911136,1.621451
0.25,0.577236,0.521259,0.898616,1.480125
0.15,0.536585,0.490337,0.889242,1.346502
0.1,0.528455,0.474876,0.888989,1.258307
0.1,0.504065,0.459967,0.876272,1.187925
0.133333,0.490515,0.445426,0.844014,1.105346
0.166667,0.476965,0.430885,0.833147,0.990633
0.2,0.463415,0.416345,0.833147,0.809607
0.25,0.422764,0.37217,0.833147,0.782408
0.2,0.373985,0.3418,0.845824,0.779862
0.25,0.349593,0.312535,0.916141,0.757575
0.2,0.349593,0.311982,1.0161,0.751488
0.15,0.268294,0.236886,1.139604,0.741561
0.15,0.260164,0.236886,1.19839,0.751488
0.2,0.211382,0.177802,1.24618,0.750853
0.25,0.195124,0.148537,1.326554,0.755233
0.2,0.170731,0.147985,1.433792,0.755233
0.2,0.146342,0.133076,1.563439,0.756242
0.2,0.13008,0.118167,1.667764,0.763551
0.275,0.101625,0.089177,1.735745,0.7977
0.35,0.073171,0.060188,1.774135,0.909196
0.35,0.09756,0.060188,1.84988,0.924308
0.4,0.081302,0.06074,1.944585,0.93701
0.35,0.081302,0.060188,2.051597,0.957933
0.45,0.109756,0.083655,2.069603,0.99475
0.55,0.138211,0.107123,2.069603,1.005338
0.6,0.105691,0.092766,2.085177,1.009906
0.65,0.186993,0.182772,2.100062,1.015798
0.75,0.178862,0.168967,2.103083,1.039558
0.85,0.170731,0.155163,2.103083,1.061943
0.8,0.219513,0.214246,2.122521,1.069144
0.85,0.243902,0.229707,2.185527,1.086057
0.85,0.276422,0.244616,2.219107,1.12575
0.85,0.300814,0.274434,2.21983,1.191939
0.85,0.406505,0.348978,2.227712,1.255999
0.85,0.430895,0.393705,2.246401,1.315357
0.85,0.373985,0.33407,2.282,1.384791
0.9,0.398375,0.379348,2.282,1.444868
0.85,0.422764,0.393705,2.299068,1.537211
0.85,0.447156,0.408614,2.30305,1.681324
0.85,0.471545,0.438432,2.304539,1.739927
0.8,0.390244,0.363335,2.308595,1.81514
0.75,0.414636,0.377692,2.312179,1.861131
0.75,0.422764,0.392601,2.317194,1.872096
0.7,0.463415,0.421866,2.316025,1.938934
0.75,0.463415,0.422419,2.308189,2.027125
0.7,0.487804,0.436775,2.282641,2.128728
0.65,0.471545,0.436223,2.273233,2.197876
0.6,0.414636,0.390944,2.191498,2.26825
0.6,0.422764,0.376035,2.112466,2.277
0.5,0.398375,0.374931,2.053715,2.279336
0.45,0.406505,0.35947,1.849883,2.290951
0.35,0.406505,0.358366,1.792361,2.304424
0.35,0.420056,0.373274,1.749181,2.3065
0.35,0.433606,0.388183,1.650626,2.3065
0.35,0.447156,0.403092,1.553781,2.317203
0.35,0.439025,0.388183,1.376869,2.339344
0.25,0.455284,0.401988,1.314515,2.343
0.25,0.471545,0.431806,1.234848,2.343
0.3,0.528455,0.477084,1.174024,2.342566
0.2,0.528455,0.47598,1.054636,2.330463
0.2,0.528455,0.47598,0.976077,2.309339
0.25,0.520327,0.476532,0.881219,2.256905
0.2,0.617887,0.565433,0.801081,2.215868
0.25,0.642276,0.580895,0.801081,2.193596
0.25,0.626018,0.565986,0.801081,2.132007
0.3,0.626018,0.581447,0.803206,2.065684
0.35,0.593498,0.552181,0.840875,1.992625
0.35,0.666669,0.611817,0.911453,1.940066
0.4,0.707316,0.642187,0.959,1.908805
0.4,0.747967,0.701822,1.037458,1.852827
0.4,0.764229,0.701822,1.069076,1.776234
0.45,0.77236,0.687465,1.104021,1.66083
0.4,0.691058,0.642187,1.164037,1.584886
0.45,0.699189,0.642739,1.255449,1.552139
0.5,0.691058,0.613473,1.334816,1.541452
0.6,0.691058,0.614578,1.431839,1.526077
0.65,0.699189,0.630039,1.52034,1.495563
0.7,0.796749,0.720044,1.694934,1.468644
0.65,0.674796,0.61513,1.849092,1.338496
0.6,0.658538,0.599669,1.904252,1.258008
0.65,0.650407,0.585312,1.938492,1.193749
0.7,0.626018,0.585864,1.974464,1.113132
0.75,0.593498,0.54169,1.974,1.077446
0.75,0.593498,0.54169,1.976,1.051796
0.75,0.593498,0.556599,1.976,1.03375
0.85,0.560975,0.512976,1.9755,0.988496
0.8,0.536585,0.497515,1.967898,0.951424
0.85,0.593498,0.542794,1.944112,0.919757
0.85,0.536585,0.498067,1.924032,0.846325
0.85,0.495935,0.46825,1.894372,0.746212
0.85,0.495935,0.453341,1.838714,0.671242
0.85,0.455284,0.423523,1.759767,0.659
0.9,0.430895,0.394257,1.627747,0.659
0.85,0.373985,0.33407,1.571234,0.655625
0.9,0.349593,0.319713,1.484186,0.651125
0.8,0.341465,0.318609,1.416143,0.661048
0.9,0.300814,0.334622,1.325544,0.666702
0.85,0.252033,0.214798,1.282188,0.680436
0.75,0.203251,0.183876,1.217573,0.711424
0.75,0.211382,0.183876,1.159144,0.823212
0.75,0.186993,0.168967,1.132626,0.90981
0.75,0.13008,0.109332,1.130158,0.941661
0.7,0.138211,0.123689,1.106139,0.996114
0.625,0.121951,0.107951,1.041376,1.041959
0.55,0.105691,0.092214,0.934785,1.08296
0.45,0.113822,0.09111,0.8575,1.204266
0.35,0.162604,0.134732,0.834893,1.2845
0.316667,0.189703,0.154243,0.801367,1.375576
0.283333,0.216802,0.173753,0.768212,1.463034
0.25,0.243902,0.193263,0.742349,1.56569
0.2,0.219513,0.192711,0.716651,1.641069
0.25,0.284553,0.252899,0.652347,1.748026
0.2,0.292684,0.267256,0.644169,1.829758
0.2,0.341465,0.297073,0.644169,1.896176
0.2,0.341465,0.311982,0.644169,2.001284
0.2,0.390244,0.356709,0.659377,2.049704
0.2,0.430895,0.386527,0.709127,2.061545
0.2,0.430895,0.386527,0.733453,2.08325
0.25,0.471545,0.446715,0.760961,2.130415
0.3,0.447156,0.40254,0.8385,2.1755
0.25,0.495935,0.446715,0.899203,2.240038
0.25,0.504065,0.461623,1.015655,2.30102
0.35,0.544716,0.477637,1.08463,2.340203
0.35,0.601625,0.522363,1.228532,2.344711
0.3,0.609756,0.53672,1.348246,2.345341
0.3,0.617887,0.551629,1.431644,2.345621
0.4,0.617887,0.552733,1.544086,2.34503
0.4,0.609756,0.552733,1.62903,2.343654
0.35,0.536585,0.537272,1.729213,2.338691
0.4,0.512196,0.46328,1.807375,2.212625
0.45,0.512196,0.463832,1.882942,2.094089
0.55,0.544716,0.494754,1.928721,2.055183
0.5,0.528455,0.464384,2.027927,1.982736
0.5,0.512196,0.464384,2.131323,1.876142
0.55,0.463415,0.42021,2.160456,1.817109
0.6,0.479676,0.420762,2.186919,1.777748
0.6,0.382113,0.346218,2.228458,1.638326
0.65,0.382113,0.34677,2.314485,1.490902
0.75,0.382113,0.392601,2.327059,1.429164
0.75,0.430895,0.392601,2.364198,1.37052
0.75,0.357724,0.318056,2.379385,1.342625
0.75,0.333334,0.318056,2.345576,1.302938
0.85,0.333334,0.319161,2.31221,1.255888
0.85,0.333334,0.289343,2.213028,1.142441
0.85,0.341465,0.319161,2.118476,1.025933
0.85,0.357724,0.33407,2.06974,0.964143
0.9,0.390244,0.36444,2.011579,0.940184
0.85,0.414636,0.393705,1.972326,0.911332
0.9,0.463415,0.424075,1.950737,0.85299
0.85,0.479676,0.438432,1.911107,0.793136
0.85,0.463415,0.438432,1.762929,0.7925
0.85,0.544716,0.498067,1.681732,0.7925
0.85,0.512196,0.46825,1.629315,0.7925
0.8,0.512196,0.467697,1.607904,0.830389
0.85,0.495935,0.46825,1.551644,0.91865
0.8,0.512196,0.467697,1.532046,0.992571
0.75,0.544716,0.496963,1.520495,1.050049
0.75,0.585367,0.526781,1.502105,1.119125
0.75,0.577236,0.496963,1.487877,1.193412
0.75,0.617887,0.571507,1.446625,1.274421
0.7,0.593498,0.541137,1.363854,1.362099
0.7,0.658538,0.630591,1.337447,1.439466
0.65,0.650407,0.600221,1.321649,1.543132
0.6,0.682927,0.614578,1.305281,1.651382
0.6,0.682927,0.614578,1.275188,1.761483
0.65,0.756098,0.674765,1.265064,1.852051
0.6,0.731709,0.674213,1.230335,1.939347
0.55,0.77236,0.673661,1.195618,2.018125
0.6,0.707316,0.644395,1.121969,2.097972
0.525,0.707316,0.651022,1.069908,2.176512
0.45,0.707316,0.657648,1.028623,2.211447
0.55,0.715447,0.658752,0.974715,2.211447
0.5,0.707316,0.628382,0.919145,2.211447
0.5,0.699189,0.643291,0.87047,2.209085
0.5,0.691058,0.628382,0.779125,2.185625
0.4,0.707316,0.642187,0.707954,2.167601
0.4,0.723578,0.627278,0.696333,2.144233
0.4,0.666669,0.642187,0.696333,2.112937
0.35,0.626018,0.581999,0.696333,2.094237
0.3,0.634146,0.566538,0.697754,2.050644
0.3,0.609756,0.566538,0.71078,1.98206
0.25,0.626018,0.565986,0.751217,1.881022
0.25,0.626018,0.580895,0.774481,1.766049
0.2,0.601625,0.550525,0.779203,1.691875
0.25,0.642276,0.565986,0.78645,1.62
0.2,0.609756,0.535616,0.789,1.578775
0.2,0.601625,0.535616,0.790672,1.497263
0.15,0.560975,0.505246,0.7965,1.426948
0.25,0.569105,0.521259,0.825746,1.266827
0.35,0.577236,0.537272,0.865828,1.13435
0.35,0.520327,0.477637,0.888811,1.062815
0.3,0.528455,0.477084,0.888811,1.000459
0.4,0.544716,0.493098,0.888811,0.998
0.45,0.560975,0.49365,0.885812,0.997322
0.55,0.577236,0.509663,0.699816,0.812452
0.5,0.544716,0.494202,1.318838,0.659149
0.6,0.512196,0.465489,1.434277,0.647625
0.65,0.552847,0.495859,1.475861,0.64
0.65,0.520327,0.48095,1.574625,0.64
0.6,0.536585,0.465489,1.655632,0.64
0.7,0.609756,0.51132,1.741134,0.646625
0.7,0.560975,0.496411,1.797163,0.670103
0.8,0.560975,0.542242,1.856393,0.68931
0.75,0.528455,0.482054,1.95018,0.700614
0.75,0.552847,0.496963,1.968407,0.712857
0.75,0.536585,0.482054,1.968407,0.753096
0.85,0.455284,0.423523,1.968407,0.778958
0.85,0.479676,0.438432,1.952491,0.793141
0.85,0.479676,0.438432,1.882375,0.802125
0.85,0.463415,0.423523,1.825186,0.815121
0.85,0.512196,0.453341,1.782206,0.842465
0.9,0.463415,0.424075,1.731686,0.908512
0.85,0.471545,0.423523,1.697714,0.988097
0.9,0.471545,0.409166,1.627484,1.085519
0.85,0.463415,0.408614,1.565063,1.144338
0.85,0.430895,0.393705,1.49881,1.181901
0.9,0.439025,0.394257,1.383548,1.230014
0.85,0.382113,0.348978,1.278125,1.244125
0.85,0.349593,0.319161,1.203515,1.304364
0.85,0.300814,0.274434,1.138369,1.411146
0.85,0.292684,0.274434,1.117012,1.482892
0.85,0.243902,0.214798,1.103003,1.51487
0.75,0.235774,0.243512,1.088023,1.520427
0.8,0.227644,0.199337,1.060802,1.534407
0.75,0.176153,0.178907,0.961585,1.6047
0.7,0.124662,0.158476,0.892853,1.656423
0.65,0.073171,0.138045,0.843071,1.700505
0.6,0.105691,0.077858,0.808398,1.741279
0.475,0.089431,0.069023,0.7885,1.793898
0.35,0.073171,0.060188,0.780258,1.822875
0.35,0.09756,0.045279,0.748733,1.853921
0.3,0.154473,0.104362,0.716215,1.947871
0.4,0.211382,0.180011,0.710965,2.033043
0.35,0.170731,0.16455,0.710965,2.147931
0.25,0.215447,0.200718,0.71817,2.229416
0.15,0.260164,0.236886,0.746958,2.233041
0.2,0.227644,0.20762,0.787464,2.233041
0.15,0.276422,0.236886,0.857793,2.233041
0.2,0.321138,0.282165,0.920125,2.223938
0.25,0.365854,0.327443,0.972654,2.22022
0.25,0.390244,0.342352,1.054146,2.210232
0.35,0.447156,0.388183,1.130533,2.207864
0.25,0.463415,0.461623,1.227358,2.207576
0.2,0.520327,0.461071,1.336939,2.208808
0.225,0.504065,0.446438,1.401669,2.231996
0.25,0.487804,0.431806,1.483086,2.246145
0.25,0.463415,0.416897,1.577882,2.247525
0.3,0.495935,0.432358,1.658234,2.250375
0.3,0.495935,0.447267,1.728259,2.255531
0.3,0.520327,0.477084,1.803601,2.255156
0.4,0.528455,0.493098,1.871125,2.252787
0.4,0.560975,0.508007,1.938785,2.252531
0.35,0.642276,0.581999,1.983055,2.216254
0.45,0.658538,0.598012,2.107881,2.01475
0.55,0.634146,0.584208,2.136,1.940261
0.55,0.682927,0.599117,2.1595,1.8543
0.5,0.707316,0.643291,2.177437,1.764841
0.5,0.731709,0.6582,2.214117,1.734427
0.55,0.747967,0.68857,2.218607,1.644135
0.6,0.756098,0.689122,2.21937,1.364344
0.55,0.723578,0.673661,2.218377,1.278881
0.65,0.739836,0.674765,2.206234,1.229803
0.65,0.691058,0.630039,2.158987,1.179774
0.55,0.642276,0.599117,2.123878,1.166457
0.65,0.691058,0.644948,2.106516,1.125548
0.55,0.609756,0.55439,2.094329,1.096754
0.55,0.585367,0.539481,2.074416,1.095339
0.55,0.609756,0.55439,2.063295,1.097339
0.6,0.560975,0.510215,2.016875,1.081803
0.6,0.528455,0.540033,1.932477,1.07225
0.7,0.528455,0.496411,1.820011,1.05698
0.75,0.495935,0.452236,1.727553,1.05473
0.75,0.463415,0.437327,1.62793,1.044276
0.85,0.471545,0.438432,1.547346,1.005132
0.8,0.471545,0.422971,1.480204,0.98114
0.85,0.455284,0.408614,1.386027,0.961576
0.85,0.439025,0.408614,1.286975,0.940653
0.8,0.447156,0.408062,1.23676,0.919348
0.8,0.373985,0.333517,1.163244,0.909625
0.85,0.317073,0.304252,1.152349,0.871952
0.85,0.308942,0.274434,1.135647,0.775572
0.85,0.308942,0.289343,1.135,0.714919
0.8,0.219513,0.199337,1.141169,0.69775
0.75,0.186993,0.183876,1.152125,0.697
0.7,0.162604,0.153506,1.153667,0.697
0.7,0.178862,0.153506,1.149787,0.69775
0.7,0.138211,0.123689,1.1455,0.763817
0.6,0.154473,0.137493,1.1455,0.829184
0.425,0.126016,0.113197,1.11025,0.910846
0.25,0.09756,0.088901,1.044867,1.015562
0.35,0.12195,0.119823,1.002958,1.148688
0.45,0.146341,0.150745,0.999029,1.266531
0.55,0.170731,0.181668,0.995411,1.40552
0.6,0.268294,0.226946,0.980063,1.555034
0.6,0.186993,0.18222,0.974537,1.67374
0.5,0.300814,0.270569,0.944988,1.774593
0.5,0.341465,0.330204,0.907652,1.854773
0.55,0.371275,0.350635,0.905133,1.959834
0.6,0.401085,0.371066,0.905133,2.027352
0.65,0.430895,0.391496,0.908508,2.066191
0.65,0.447156,0.406405,0.987168,2.110626
0.65,0.528455,0.48095,1.089955,2.151249
0.6,0.560975,0.525124,1.189939,2.196636
0.65,0.593498,0.540585,1.214975,2.263856
0.6,0.658538,0.599669,1.295285,2.301043
0.65,0.682927,0.61513,1.412117,2.301043
0.6,0.707316,0.644395,1.510375,2.301043
0.6,0.715447,0.644395,1.597,2.299533
0.55,0.747967,0.673661,1.667826,2.275566
0.55,0.723578,0.658752,1.761756,2.239227
0.55,0.707316,0.658752,1.847502,2.204469
0.55,0.691058,0.643843,1.900261,2.198588
0.45,0.674796,0.62783,1.905,2.18416
0.5,0.707316,0.628382,1.905,2.164977
0.45,0.674796,0.62783,1.905,2.159837
0.45,0.642276,0.598012,1.887823,2.12589
0.35,0.642276,0.581999,1.838511,2.048358
0.45,0.593498,0.538377,1.796005,1.934962
0.375,0.589433,0.530094,1.760105,1.840586
0.3,0.585367,0.521811,1.670967,1.760883
0.2,0.544716,0.505798,1.566033,1.708145
0.2,0.520327,0.47598,1.461255,1.686674
0.2,0.528455,0.47598,1.384163,1.627564
0.25,0.471545,0.446715,1.321792,1.540307
0.2,0.430895,0.386527,1.227542,1.454208
0.3,0.406505,0.372722,1.176552,1.368423
0.2,0.317073,0.282165,1.146983,1.266533
0.15,0.308942,0.281612,1.071999,1.132592
0.2,0.300814,0.267256,1.007234,1.065542
0.2,0.203251,0.192711,0.953797,1.0052
0.216667,0.176151,0.168047,0.951,0.979916
0.233333,0.149052,0.143383,0.951,0.964323
0.25,0.121953,0.118719,0.951,0.956853
0.2,0.138211,0.103258,1.023984,0.935707
0.283333,0.105691,0.07933,1.116464,0.881493
0.366667,0.073171,0.055402,1.155498,0.819217
0.45,0.040651,0.031474,1.231178,0.790329
0.5,0.040651,0.032027,1.3065,0.779272
0.6,0.073171,0.070403,1.412001,0.776454
0.7,0.105691,0.10878,1.546644,0.773318
0.75,0.121953,0.094423,1.648066,0.784444
0.75,0.138211,0.124241,1.689062,0.80824
0.8,0.178862,0.16952,1.823296,0.82665
0.85,0.219513,0.214798,1.999377,0.87254
0.85,0.243902,0.214798,2.056375,0.94275
0.8,0.300814,0.273882,2.07195,1.029734
0.85,0.325204,0.289343,2.085157,1.12484
0.8,0.333334,0.3037,2.115539,1.179752
0.8,0.349593,0.318609,2.176706,1.215843
0.8,0.406505,0.363335,2.196403,1.341095
0.75,0.382113,0.347874,2.213447,1.574861
0.75,0.439025,0.422419,2.227229,1.66353
0.75,0.520327,0.467145,2.228274,1.779961
0.75,0.520327,0.482054,2.228829,1.826815
0.75,0.650407,0.586416,2.23975,1.916409
0.7,0.593498,0.541137,2.262,2.150209
0.7,0.634146,0.570955,2.262,2.188375
0.65,0.650407,0.600221,2.259625,2.225332
0.65,0.674796,0.600221,2.231141,2.229504
0.65,0.691058,0.630039,2.212266,2.24096
0.6,0.699189,0.629486,2.127021,2.24296
0.6,0.707316,0.644395,2.047799,2.244482
0.6,0.723578,0.644395,1.918609,2.304277
0.55,0.682927,0.628934,1.75191,2.424154
0.6,0.674796,0.614578,1.667933,2.472691
0.55,0.691058,0.614025,1.524557,2.478588
0.6,0.634146,0.614578,1.379125,2.478588
0.475,0.642276,0.605743,1.289886,2.478588
0.35,0.650407,0.596908,1.260455,2.438921
0.35,0.650407,0.581999,1.253452,2.349045
0.25,0.593498,0.551077,1.214738,2.286446
0.35,0.609756,0.537272,1.173863,2.237027
0.3,0.585365,0.521811,1.057,2.17575
0.25,0.560975,0.50635,0.981342,2.069787
0.3,0.560975,0.506902,0.928118,1.958157
0.275,0.54878,0.491717,0.903025,1.850883
0.25,0.536585,0.476532,0.896113,1.772355
0.3,0.504065,0.417449,0.89482,1.652851
0.25,0.463415,0.401988,0.893135,1.516756
0.35,0.430895,0.388183,0.891808,1.428389
0.3,0.382113,0.342904,0.871058,1.272125
0.35,0.373985,0.343457,0.861,1.169612
0.275,0.341464,0.305356,0.861,1.045885
0.2,0.308942,0.267256,0.861,0.977547
0.225,0.262195,0.23026,0.874781,0.923003
0.25,0.215447,0.193263,0.920456,0.893825
0.275,0.1687,0.156267,1.085616,0.88912
0.3,0.121953,0.119271,1.178375,0.884726
0.4,0.09756,0.075649,1.249862,0.871515
0.4,0.089433,0.075649,1.295956,0.835234
0.425,0.085367,0.075925,1.360854,0.788896
0.45,0.081302,0.076201,1.45025,0.78
0.45,0.056909,0.061292,1.526166,0.77925
0.5,0.113822,0.091662,1.594315,0.765627
0.625,0.126016,0.115406,1.6801,0.764299
0.75,0.138211,0.13915,1.756307,0.779635
0.8,0.162604,0.154611,1.855069,0.826577
0.8,0.195124,0.184428,1.980982,0.898176
0.85,0.268294,0.229707,2.102233,0.980151
0.85,0.317073,0.274434,2.133154,1.026816
0.85,0.284553,0.244616,2.146995,1.076934
0.8,0.333334,0.318609,2.179442,1.104492
0.8,0.406505,0.348426,2.205875,1.140401
0.8,0.398375,0.393153,2.207,1.232977
0.8,0.479676,0.422971,2.207,1.344503
0.75,0.471545,0.437327,2.210559,1.490083
0.8,0.487804,0.43788,2.208559,1.630875
0.75,0.512196,0.467145,2.198071,1.692092
0.7,0.512196,0.466593,2.172905,1.844689
0.7,0.528455,0.466593,2.171366,1.930021
0.7,0.528455,0.481502,2.161711,1.990686
0.65,0.593498,0.540585,2.1605,2.084914
0.65,0.658538,0.585312,2.1585,2.17679
0.6,0.658538,0.599669,2.145741,2.239572
0.6,0.609756,0.569851,2.051335,2.305774
0.55,0.707316,0.68857,1.8314,2.347
0.45,0.747967,0.687465,1.771788,2.349196
0.55,0.593498,0.539481,1.740944,2.3535
0.5,0.617887,0.553838,1.64775,2.36662
0.45,0.642276,0.568194,1.487773,2.36448
0.4,0.617887,0.552733,1.369289,2.350927
0.3,0.609756,0.566538,1.214115,2.347611
0.35,0.585367,0.522363,1.099776,2.328561
0.3,0.577236,0.521811,1.058704,2.241501
0.25,0.544716,0.491441,1.028288,2.154065
0.25,0.560975,0.50635,0.978822,2.114021
0.2,0.544716,0.520707,0.942587,2.04706
0.2,0.520327,0.47598,0.899521,1.990224
0.2,0.498646,0.456102,0.8757,1.91775
0.2,0.476965,0.436223,0.8757,1.826388
0.2,0.455284,0.416345,0.8757,1.741206
0.2,0.487804,0.431253,0.8782,1.64667
0.15,0.382113,0.341248,0.916739,1.543932
0.15,0.349593,0.31143,0.928634,1.470375
0.2,0.325204,0.297073,0.947085,1.379292
0.2,0.325204,0.282165,0.964731,1.227653
0.225,0.284553,0.282441,0.976934,1.112071
0.25,0.243902,0.282717,1.001499,1.017202
0.35,0.256098,0.268912,1.048897,0.973484
0.45,0.268294,0.255108,1.114638,0.941456
0.5,0.398375,0.345113,1.222397,0.899025
0.55,0.341465,0.315848,1.300467,0.832666
0.6,0.382113,0.361126,1.383979,0.79014
0.6,0.398375,0.346218,1.511863,0.751738
0.65,0.422764,0.391496,1.617375,0.70725
0.65,0.447156,0.406405,1.716707,0.7045
0.7,0.512196,0.451684,1.87715,0.7045
0.75,0.512196,0.467145,1.997212,0.7045
0.75,0.528455,0.482054,2.03402,0.724956
0.75,0.512196,0.467145,2.06694,0.784633
0.75,0.528455,0.482054,2.108875,0.864513
0.8,0.536585,0.497515,2.179584,0.93054
0.85,0.609756,0.542794,2.21393,1.009869
0.85,0.617887,0.557703,2.221272,1.052047
0.85,0.609756,0.557703,2.236125,1.124515
0.85,0.577236,0.542794,2.2435,1.31181
0.85,0.601625,0.527885,2.235361,1.342435
0.8,0.528455,0.482606,2.218036,1.392177
0.8,0.536585,0.482606,2.209306,1.436125
0.85,0.471545,0.423523,2.147025,1.517625
0.85,0.439025,0.408614,1.967198,1.65775
0.85,0.430895,0.393705,1.934032,1.68265
0.8,0.390244,0.348426,1.894305,1.68595
0.75,0.373985,0.362783,1.785425,1.696261
0.75,0.292684,0.318056,1.66085,1.705702
0.75,0.300814,0.258421,1.4835,1.708851
0.75,0.227644,0.198785,1.406614,1.699488
0.75,0.211382,0.198785,1.319548,1.688875
0.7,0.178862,0.153506,1.20475,1.698925
0.8,0.195124,0.109884,1.127302,1.716498
0.675,0.158538,0.101049,1.028618,1.7308
0.55,0.121953,0.092214,0.929969,1.737979
0.425,0.113822,0.083379,0.809094,1.744651
0.3,0.105691,0.074544,0.743648,1.789936
0.25,0.121953,0.10381,0.703396,1.818595
0.2,0.13008,0.103258,0.643882,1.856384
0.2,0.219513,0.20762,0.573967,1.871557
0.15,0.227644,0.207068,0.573967,1.88093
0.15,0.276422,0.251795,0.573967,1.902028
0.15,0.292684,0.266703,0.575225,1.947192
0.15,0.349593,0.326339,0.622099,1.98056
0.15,0.414636,0.356157,0.698029,2.006782
0.2,0.349593,0.326891,0.760111,2.040466
0.15,0.406505,0.371066,0.828247,2.104367
0.15,0.504065,0.44561,0.917852,2.14931
0.25,0.479676,0.431806,0.976686,2.1565
0.15,0.520327,0.475428,1.099278,2.162327
0.2,0.593498,0.535616,1.148148,2.172786
0.15,0.593498,0.520155,1.205924,2.188882
0.2,0.593498,0.550525,1.298736,2.197197
0.3,0.617887,0.551629,1.435407,2.211025
0.25,0.617887,0.565986,1.581692,2.2119
0.3,0.62805,0.577719,1.685125,2.2119
0.35,0.638213,0.589453,1.727976,2.214275
0.4,0.648375,0.601187,1.799729,2.224625
0.45,0.658538,0.612921,1.874937,2.193575
0.45,0.691058,0.62783,1.911125,2.16875
0.4,0.707316,0.642187,2.017514,2.083346
0.4,0.682927,0.612369,2.175822,1.90192
0.5,0.658538,0.613473,2.283608,1.774795
0.45,0.626018,0.568194,2.32619,1.703391
0.45,0.642276,0.583103,2.338031,1.564
0.5,0.577236,0.509111,2.34585,1.410709
0.45,0.536585,0.49365,2.347312,1.32765
0.55,0.552847,0.479845,2.345016,1.287545
0.5,0.495935,0.449475,2.345016,1.229554
0.6,0.447156,0.390944,2.318666,1.147117
0.65,0.382113,0.376588,2.292318,1.060992
0.65,0.406505,0.376588,2.2825,1.001572
0.7,0.382113,0.347322,2.255397,0.870868
0.75,0.357724,0.332965,2.201156,0.84275
0.75,0.341465,0.303147,2.06675,0.813179
0.8,0.341465,0.3037,1.981534,0.795625
0.85,0.349593,0.33407,1.908716,0.79063
0.85,0.341465,0.319161,1.845827,0.786324
0.9,0.373985,0.334622,1.725448,0.779107
0.9,0.373985,0.334622,1.699298,0.769982
0.85,0.406505,0.363887,1.608731,0.764195
0.9,0.463415,0.409166,1.519708,0.76791
0.85,0.504065,0.423523,1.396281,0.773935
0.85,0.447156,0.408614,1.335281,0.776871
0.85,0.479676,0.423523,1.332,0.776871
0.9,0.471545,0.424075,1.332,0.796637
0.85,0.536585,0.483158,1.3285,0.817851
0.85,0.520327,0.46825,1.32,0.866359
0.85,0.463415,0.423523,1.320375,0.980482
0.8,0.504065,0.452789,1.326298,1.044148
0.75,0.626018,0.54169,1.3385,1.187619
0.75,0.560975,0.526781,1.346003,1.307328
0.7,0.626018,0.556046,1.345003,1.401125
0.6,0.593498,0.540033,1.321798,1.515322
0.65,0.609756,0.555494,1.315,1.614993
0.6,0.634146,0.540033,1.3125,1.756981
0.6,0.577236,0.540033,1.264644,1.91888
0.5,0.626018,0.553838,1.227296,2.010712
0.45,0.642276,0.568194,1.198872,2.090546
0.4,0.650407,0.582551,1.149507,2.128924
0.4,0.642276,0.582551,1.076067,2.191812
0.35,0.658538,0.581999,0.999867,2.22211
0.4,0.658538,0.59746,0.866858,2.241746
0.4,0.634146,0.552733,0.811097,2.241746
0.4,0.609756,0.552733,0.781646,2.241746
0.3,0.593496,0.53672,0.760586,2.233897
0.2,0.577236,0.520707,0.745308,2.192229
0.2,0.569105,0.520707,0.71107,2.150513
0.2,0.536585,0.47598,0.707747,2.111911
0.3,0.487804,0.462176,0.709247,2.086169
0.3,0.528455,0.477084,0.709247,2.008157
0.225,0.455284,0.409166,0.712044,1.931915
0.15,0.382113,0.341248,0.729226,1.821787
0.2,0.390244,0.3418,0.739288,1.70375
0.1,0.341465,0.295969,0.744875,1.585993
0.2,0.313009,0.27471,0.783849,1.411828
0.3,0.284553,0.253451,0.829457,1.307619
0.35,0.268294,0.239094,0.890607,1.213887
0.25,0.195124,0.178355,0.969753,1.168375
0.3,0.13008,0.104362,1.015375,1.110678
0.3,0.105691,0.104362,1.10637,1.008663
0.35,0.09756,0.075097,1.215994,0.91597
0.35,0.073171,0.060188,1.299427,0.841499
0.45,0.170731,0.150745,1.413825,0.76665
0.4,0.186993,0.165102,1.514422,0.732895
0.45,0.162604,0.150745,1.589651,0.730557
0.55,0.227644,0.181668,1.695651,0.726532
0.55,0.219513,0.196576,1.822375,0.7215
0.6,0.211382,0.18222,1.919226,0.7215
0.6,0.284553,0.256764,1.984804,0.7215
0.5,0.325204,0.285478,2.075952,0.727875
0.525,0.345529,0.308117,2.124532,0.769613
0.55,0.365854,0.330756,2.144117,0.864423
0.55,0.382113,0.345665,2.152194,0.967581
0.5,0.414636,0.374931,2.202176,1.018737
0.5,0.447156,0.404749,2.2425,1.066321
0.45,0.544716,0.478741,2.2425,1.178269
0.5,0.536585,0.479293,2.2425,1.420901
0.45,0.569105,0.508559,2.236747,1.567126
0.5,0.585367,0.509111,2.226863,1.659085
0.45,0.577236,0.538377,2.179063,1.76251
0.45,0.674796,0.598012,2.142782,1.822138
0.55,0.658538,0.599117,2.123746,1.889759
0.55,0.674796,0.599117,2.0215,2.043199
0.5,0.723578,0.6582,1.939825,2.113375
0.55,0.723578,0.658752,1.901392,2.1475
0.5,0.731709,0.6582,1.892784,2.1475
0.45,0.77236,0.702374,1.879052,2.143125
0.45,0.77236,0.702374,1.868001,2.084593
0.5,0.77236,0.702927,1.855449,2.064218
0.55,0.739836,0.673661,1.82,2.016641
0.5,0.739836,0.673109,1.77229,1.975091
0.6,0.674796,0.629486,1.696004,1.957436
0.6,0.674796,0.614578,1.596466,1.922967
0.65,0.666669,0.61513,1.545185,1.821925
0.65,0.658538,0.600221,1.533462,1.701058
0.55,0.642276,0.569299,1.526596,1.586502
0.65,0.630082,0.562949,1.516439,1.529566
0.75,0.617887,0.556599,1.490728,1.464571
0.75,0.577236,0.511872,1.457315,1.338193
0.75,0.552847,0.511872,1.443647,1.267033
0.85,0.560975,0.512976,1.414243,1.231988
0.85,0.536585,0.498067,1.37402,1.14625
0.8,0.520327,0.482606,1.337786,0.98273
0.85,0.512196,0.46825,1.279056,0.859369
0.85,0.512196,0.46825,1.225201,0.809696
0.85,0.455284,0.423523,1.190616,0.806893
0.85,0.463415,0.423523,1.142722,0.806893
0.85,0.430895,0.393705,1.09205,0.808143
0.85,0.406505,0.363887,1.071095,0.820245
0.8,0.373985,0.348426,0.991402,0.84154
0.85,0.317073,0.304252,0.952842,0.854328
0.85,0.284553,0.274434,0.9235,0.86845
0.85,0.243902,0.214798,0.9235,0.891501
0.8,0.211382,0.184428,0.9235,0.952576
0.7,0.186993,0.168415,0.920875,1.052904
0.8,0.178862,0.154611,0.91,1.145263
0.775,0.146342,0.131971,0.91,1.162677
0.75,0.113822,0.109332,0.91,1.240551
0.575,0.085365,0.077581,0.90675,1.28975
0.4,0.056909,0.045831,0.865607,1.31824
0.4,0.06504,0.06074,0.79482,1.460824
0.4,0.105691,0.105467,0.781312,1.565712
0.35,0.138211,0.104914,0.772181,1.623933
0.32,0.131707,0.101601,0.740337,1.70635
0.29,0.125203,0.098288,0.737337,1.750787
0.26,0.118699,0.094975,0.723583,1.87125
0.23,0.112195,0.091662,0.721667,2.007581
0.2,0.105691,0.088349,0.721667,2.108965
0.1,0.089433,0.072336,0.722,2.148446
0.15,0.105691,0.087797,0.760569,2.173164
0.225,0.101625,0.081171,0.847056,2.18925
0.3,0.09756,0.074544,0.937083,2.201492
0.35,0.105691,0.090006,0.9975,2.210094
0.316667,0.119241,0.104546,1.07061,2.23245
0.283333,0.132792,0.119087,1.176778,2.250018
0.25,0.146342,0.133628,1.262382,2.26038
0.3,0.146342,0.13418,1.342971,2.26038
0.4,0.154473,0.135284,1.432625,2.249973
0.383333,0.166668,0.147524,1.513807,2.224317
0.366667,0.178863,0.159764,1.601447,2.172868
0.35,0.191058,0.172004,1.698869,2.166743
0.333333,0.203253,0.184244,1.781125,2.163212
0.316667,0.215448,0.196484,1.858394,2.152544
0.3,0.227644,0.208724,2.07367,2.105296
0.25,0.219513,0.193263,2.1155,2.09255
0.2,0.300814,0.267256,2.118875,2.078817
0.2,0.292684,0.252347,2.12853,2.061
0.15,0.325204,0.296521,2.134863,2.0595
0.2,0.398375,0.356709,2.134131,2.060699
0.183333,0.420055,0.376403,2.137169,2.062597
0.166667,0.441734,0.396098,2.191194,2.062597
0.15,0.463415,0.415792,2.218121,2.061948
0.2,0.479676,0.431253,2.236226,2.055945
0.15,0.471545,0.415792,2.250122,2.052315
0.15,0.512196,0.460519,2.254117,2.046543
0.2,0.536585,0.47598,2.254117,2.043
0.2,0.512196,0.446162,2.254117,2.043
0.225,0.487805,0.438984,2.253367,2.043
0.25,0.463415,0.431806,2.246678,2.043071
0.3,0.504065,0.462176,2.222363,2.043284
0.2,0.463415,0.416345,2.205,2.043284
0.325,0.487805,0.440088,2.170343,2.043534
0.45,0.512196,0.463832,2.114625,2.05
0.45,0.474256,0.424075,2.142875,2.038273
0.45,0.436315,0.384318,2.198098,2.021
0.45,0.398375,0.344561,2.210579,1.985957
0.5,0.382113,0.345113,2.245521,1.937558
0.55,0.398375,0.360574,2.274735,1.776672
0.6,0.414636,0.361126,2.287275,1.690656
0.7,0.398375,0.37714,2.295542,1.633114
0.7,0.373985,0.332413,2.305281,1.558932
0.8,0.414636,0.393153,2.304275,1.384594
0.85,0.439025,0.393705,2.298046,1.330694
0.85,0.430895,0.408614,2.294513,1.293121
0.85,0.455284,0.408614,2.2895,1.217801
0.85,0.504065,0.46825,2.281625,1.156538
0.85,0.520327,0.46825,2.277192,1.107982
0.85,0.552847,0.512976,2.260375,1.007611
0.8,0.536585,0.497515,2.245889,0.910394
0.85,0.601625,0.542794,2.238231,0.852
0.8,0.552847,0.497515,2.172917,0.852
0.75,0.536585,0.482054,2.05084,0.854398
0.75,0.577236,0.526781,2.022351,0.881693
0.75,0.560975,0.496963,1.979437,0.913556
0.7,0.544716,0.496411,1.933546,0.973829
0.7,0.593498,0.556046,1.841271,1.014569
0.65,0.634146,0.585312,1.723229,1.108752
0.65,0.691058,0.630039,1.650045,1.203
0.65,0.691058,0.61513,1.600375,1.305177
0.6,0.674796,0.614578,1.554107,1.405091
0.55,0.739836,0.673661,1.490938,1.50031
0.55,0.756098,0.673661,1.434005,1.57687
0.55,0.788618,0.718388,1.31475,1.682427
0.55,0.77236,0.703479,1.273373,1.710437
0.55,0.77236,0.703479,1.216475,1.77215
0.5,0.788618,0.717835,1.11546,1.902583
0.55,0.77236,0.68857,1.000423,1.968783
0.45,0.788618,0.717283,0.842954,1.999908
0.5,0.788618,0.717835,0.801418,2.001721
0.45,0.821138,0.76201,0.764352,2.001721
0.5,0.80488,0.717835,0.676996,1.999478
0.4,0.77236,0.716731,0.641572,1.981669
0.35,0.756098,0.70127,0.626669,1.962019
0.45,0.756098,0.687465,0.618,1.937098
0.4,0.747967,0.672004,0.618,1.897621
0.45,0.715447,0.642739,0.618,1.821169
0.45,0.626018,0.583103,0.665306,1.683496
0.5,0.626018,0.568747,0.731282,1.613051
0.6,0.666669,0.599669,0.741705,1.54178
0.5,0.642276,0.583655,0.747871,1.439571
0.55,0.620596,0.564329,0.749126,1.364125
0.6,0.598916,0.545003,0.752441,1.319876
0.65,0.577236,0.525676,0.756474,1.250903
0.6,0.528455,0.495306,0.77364,1.176572
0.65,0.512196,0.451132,0.797532,0.983
0.7,0.544716,0.496411,0.804837,0.892364
0.65,0.471545,0.436223,0.843554,0.817543
0.65,0.487804,0.436223,0.902188,0.714771
0.7,0.495935,0.451684,0.94482,0.621746
0.7,0.479676,0.451684,0.998109,0.548578
0.7,0.471545,0.436775,1.05915,0.514691
0.7,0.495935,0.451684,1.129322,0.507411
0.75,0.471545,0.422419,1.195868,0.503
0.75,0.447156,0.40751,1.250539,0.503
0.75,0.422764,0.392601,1.283824,0.504833
0.8,0.414636,0.378244,1.286324,0.511781
0.85,0.382113,0.363887,1.286324,0.521529
0.85,0.406505,0.363887,1.286324,0.568242
0.85,0.349593,0.319161,1.274637,0.627104
0.85,0.292684,0.274434,1.267,0.68575
0.85,0.317073,0.274434,1.26325,0.758722
0.8,0.252033,0.229155,1.255196,0.802876
0.8,0.235774,0.214246,1.252031,0.863035
0.75,0.219513,0.198785,1.251125,0.917904
0.8,0.13008,0.124793,1.213248,1.058377
0.75,0.121953,0.109332,1.15777,1.138989
0.75,0.073171,0.079514,1.130111,1.196875
0.7,0.09756,0.078962,1.096746,1.278144
0.65,0.089433,0.07841,1.081996,1.362722
0.6,0.154473,0.137493,1.07481,1.47335
0.5,0.211382,0.181115,1.066102,1.525083
0.55,0.227644,0.211485,1.057264,1.546321
0.5,0.223578,0.210933,1.055652,1.579137
0.45,0.219513,0.210381,1.049321,1.622036
0.375,0.272358,0.254279,0.995718,1.711785
0.3,0.325204,0.298178,0.90973,1.804757
0.25,0.357724,0.312535,0.90973,1.848072
0.233333,0.390244,0.342168,0.90973,1.917292
0.216667,0.422764,0.371802,0.914566,1.962187
0.2,0.455284,0.401436,0.935905,2.029983
0.175,0.46748,0.416068,0.953172,2.103209
0.15,0.479676,0.430701,0.994611,2.176868
0.2,0.520327,0.490889,1.205415,2.24577
0.2,0.560975,0.520707,1.416155,2.290619
0.25,0.504065,0.446715,1.467844,2.300913
0.15,0.520327,0.490337,1.540433,2.320751
0.225,0.532522,0.49862,1.583726,2.34172
0.3,0.544716,0.506902,1.594927,2.353345
0.35,0.560975,0.522363,1.594927,2.354088
0.35,0.609756,0.537272,1.594927,2.341687
0.45,0.626018,0.583103,1.631596,2.341
0.4,0.617887,0.567642,1.685626,2.341
0.4,0.593498,0.537824,1.738283,2.328761
0.5,0.642276,0.598564,1.77541,2.225027
0.5,0.642276,0.568747,1.779875,2.134059
0.55,0.642276,0.584208,1.781475,2.047739
0.55,0.626018,0.584208,1.802513,1.963187
0.6,0.642276,0.58476,1.862634,1.87814
0.6,0.617887,0.569851,1.957848,1.73175
0.65,0.658538,0.585312,2.012828,1.645205
0.625,0.617887,0.555218,2.093687,1.457883
0.6,0.577236,0.525124,2.128562,1.337688
0.65,0.569105,0.510768,2.141607,1.205103
0.65,0.536585,0.495859,2.160351,1.118887
0.7,0.528455,0.481502,2.165154,1.049242
0.75,0.544716,0.496963,2.165205,1.027099
0.75,0.512196,0.467145,2.165033,0.992673
0.75,0.495935,0.467145,2.161705,0.928704
0.85,0.479676,0.423523,2.082426,0.918166
0.75,0.455284,0.40751,1.947705,0.913057
0.85,0.447156,0.423523,1.908083,0.90215
0.85,0.357724,0.33407,1.885271,0.901
0.85,0.439025,0.408614,1.810407,0.902725
0.85,0.414636,0.393705,1.71129,0.886258
0.85,0.365854,0.33407,1.630379,0.859425
0.8,0.406505,0.363335,1.5775,0.855475
0.85,0.365854,0.33407,1.533924,0.855475
0.8,0.308942,0.273882,1.428494,0.8578
0.8,0.333334,0.288791,1.385182,0.88986
0.8,0.219513,0.199337,1.347833,0.916679
0.8,0.203251,0.199337,1.247803,0.952378
0.75,0.186993,0.183876,1.175407,1.012179
0.7,0.219513,0.198233,1.096554,1.053895
0.7,0.186993,0.153506,1.031903,1.11829
0.65,0.235774,0.21259,1.002582,1.220005
0.65,0.252033,0.227499,0.996829,1.316912
0.575,0.235773,0.211761,0.99158,1.401389
0.5,0.219513,0.196024,0.975896,1.455043
0.5,0.252033,0.285478,0.959116,1.542358
0.375,0.280487,0.299006,0.896421,1.674048
0.25,0.308942,0.312535,0.856145,1.782071
0.25,0.308942,0.282717,0.851895,1.859869
0.2,0.357724,0.311982,0.851895,1.965852
0.2,0.341465,0.297073,0.851895,2.036257
0.2,0.422764,0.371618,0.863689,2.093825
0.15,0.430895,0.385975,0.896222,2.142581
0.15,0.414636,0.371066,0.908517,2.195119
0.2,0.414636,0.401436,0.916473,2.23356
0.2,0.439025,0.386527,0.945105,2.282541
0.1,0.398375,0.355605,0.991476,2.298
0.2,0.341465,0.297073,1.061897,2.298
0.2,0.357724,0.326891,1.143375,2.298
0.3,0.398375,0.357813,1.233557,2.293875
0.35,0.357724,0.313639,1.295787,2.268231
0.35,0.390244,0.328548,1.380995,2.219898
0.35,0.398375,0.358366,1.466393,2.185781
0.4,0.398375,0.358918,1.528896,2.16475
0.45,0.398375,0.35947,1.594276,2.158263
0.55,0.398375,0.360574,1.639552,2.124169
0.55,0.382113,0.345665,1.664787,2.065711
0.65,0.439025,0.391496,1.692642,1.982109
0.6,0.382113,0.346218,1.743382,1.902223
0.65,0.414636,0.406405,1.829483,1.8329
0.7,0.382113,0.347322,1.947938,1.763919
0.8,0.398375,0.363335,1.971276,1.631626
0.75,0.447156,0.422419,2.001483,1.542078
0.75,0.455284,0.40751,2.026218,1.509096
0.75,0.439025,0.40751,2.098203,1.36689
0.7,0.495935,0.451684,2.16077,1.294302
0.7,0.560975,0.496411,2.190294,1.26068
0.7,0.528455,0.481502,2.224008,1.233847
0.7,0.569105,0.51132,2.2295,1.221685
0.7,0.617887,0.556046,2.2295,1.19923
0.75,0.593498,0.54169,2.2295,1.199
0.7,0.601625,0.541137,2.229375,1.19923
0.75,0.699189,0.646052,2.213643,1.225386
0.7,0.691058,0.6455,2.146377,1.239036
0.6,0.674796,0.629486,2.106012,1.29202
0.6,0.658538,0.614578,2.06275,1.39008
0.55,0.650407,0.584208,1.976597,1.450357
0.6,0.626018,0.58476,1.830042,1.476015
0.55,0.650407,0.599117,1.77925,1.488663
0.55,0.699189,0.628934,1.730796,1.511583
0.55,0.682927,0.614025,1.634125,1.559562
0.5,0.699189,0.628382,1.584392,1.587202
0.5,0.658538,0.598564,1.511743,1.599375
0.45,0.626018,0.568194,1.410735,1.616431
0.45,0.634146,0.553285,1.297861,1.66525
0.45,0.628726,0.553285,1.213415,1.708982
0.45,0.623307,0.553285,1.160774,1.737419
0.45,0.617887,0.553285,1.06932,1.770089
0.35,0.617887,0.559636,1.020544,1.770089
0.25,0.617887,0.565986,0.96022,1.770089
0.3,0.601625,0.566538,0.94586,1.76004
0.3,0.593498,0.53672,0.934987,1.669945
0.25,0.536585,0.491441,0.921541,1.600626
0.2,0.544716,0.47598,0.879946,1.536136
0.15,0.528455,0.475428,0.831264,1.434714
0.2,0.479676,0.431253,0.818247,1.363731
0.25,0.422764,0.387079,0.815484,1.330673
0.25,0.398375,0.37217,0.815484,1.272875
0.25,0.406505,0.357261,0.815803,1.228934
0.275,0.361789,0.312811,0.831016,1.19325
0.3,0.317073,0.26836,0.882615,1.133814
0.3,0.292684,0.26836,0.910922,1.039281
0.3,0.243902,0.223633,0.947551,1.020483
0.35,0.211382,0.179459,1.061339,0.959256
0.3,0.227644,0.163998,1.137642,0.823754
0.3,0.146342,0.13418,1.2,0.754063
0.35,0.138211,0.134732,1.240493,0.742324
0.3,0.138211,0.119271,1.300111,0.742182
0.325,0.150407,0.134456,1.377299,0.742369
0.35,0.162604,0.149641,1.476611,0.72858
0.45,0.186993,0.150745,1.57284,0.720833
0.55,0.219513,0.196576,1.658715,0.729045
0.6,0.146342,0.137493,1.727706,0.742182
0.7,0.186993,0.168415,1.794955,0.7291
0.75,0.186993,0.168967,1.840375,0.722206
0.65,0.284553,0.242408,1.880675,0.722206
0.75,0.243902,0.168967,1.920018,0.725954
0.7,0.227644,0.213142,1.935195,0.760936
0.7,0.227644,0.213142,1.956493,0.906125
0.65,0.260164,0.227499,1.987875,0.996674
0.65,0.252033,0.227499,1.996,1.081957
0.55,0.349593,0.345665,1.996,1.1815
0.6,0.349593,0.331309,2.033953,1.243607
0.6,0.365854,0.331309,2.055533,1.299091
0.55,0.447156,0.405301,2.105656,1.377616
0.45,0.414636,0.374379,2.127779,1.454637
0.4,0.544716,0.493098,2.14425,1.664759
0.5,0.479676,0.434567,2.14425,1.755275
0.45,0.528455,0.463832,2.123527,1.79825
0.5,0.512196,0.479293,2.122073,1.848548
0.45,0.609756,0.553285,2.121963,1.910453
0.5,0.593498,0.553838,2.119555,1.994217
0.45,0.593498,0.538377,2.098922,2.01208
0.5,0.642276,0.568747,2.073803,2.036472
0.4,0.674796,0.612369,1.950025,2.087897
0.45,0.674796,0.62783,1.841308,2.098446
0.5,0.691058,0.628382,1.788323,2.114902
0.5,0.691058,0.643291,1.755077,2.132125
0.5,0.707316,0.643291,1.709161,2.145154
0.55,0.739836,0.673661,1.63124,2.13925
0.6,0.739836,0.674213,1.564068,2.122982
0.6,0.764229,0.689122,1.554127,2.119214
0.6,0.731709,0.674213,1.508532,2.118855
0.55,0.77236,0.68857,1.491821,2.077339
0.55,0.739836,0.673661,1.476978,2.027582
0.45,0.707316,0.642739,1.469969,1.916108
0.55,0.695122,0.643843,1.450142,1.848511
0.65,0.682927,0.644948,1.432123,1.76164
0.7,0.666669,0.615682,1.431123,1.657995
0.65,0.642276,0.585312,1.435123,1.612952
0.65,0.634146,0.570403,1.435123,1.552642
0.7,0.609756,0.556046,1.450812,1.458975
0.75,0.617887,0.556599,1.473,1.364662
0.75,0.560975,0.526781,1.474,1.248604
0.8,0.520327,0.482606,1.474,1.098587
0.8,0.520327,0.482606,1.468044,1.03853
0.85,0.544716,0.498067,1.446716,0.945407
0.85,0.487804,0.453341,1.413377,0.912675
0.85,0.406505,0.363887,1.373645,0.867226
0.85,0.439025,0.408614,1.347705,0.794357
0.85,0.463415,0.408614,1.305125,0.728263
0.85,0.447156,0.423523,1.272844,0.728
0.9,0.414636,0.394257,1.23299,0.728
0.85,0.390244,0.363887,1.16125,0.728
0.85,0.390244,0.348978,1.11654,0.773867
0.9,0.333334,0.319713,1.099845,0.813625
0.85,0.276422,0.259525,1.050028,0.837619
0.85,0.235774,0.214798,0.990211,0.855575
0.8,0.284553,0.258973,0.913734,0.868666
0.75,0.195124,0.183876,0.873085,0.896669
0.65,0.195124,0.167863,0.873085,0.961287
0.6,0.186993,0.167311,0.872835,1.044994
0.6,0.154473,0.137493,0.87199,1.117782
0.6,0.170731,0.152402,0.871395,1.190625
0.5,0.146342,0.12148,0.871395,1.244418
0.4,0.121953,0.090558,0.871395,1.319875
0.45,0.121953,0.09111,0.854319,1.419512
0.45,0.138211,0.120928,0.829224,1.508171
0.45,0.089433,0.09111,0.81475,1.579802
0.5,0.203251,0.181115,0.814,1.704633
0.45,0.186993,0.180563,0.814,1.833335
0.35,0.219513,0.194368,0.81425,1.922625
0.25,0.252033,0.223081,0.819531,1.988751
0.25,0.276422,0.23799,0.843388,2.03392
0.3,0.292684,0.253451,0.867016,2.077518
0.3,0.349593,0.313087,0.914493,2.156287
0.3,0.357724,0.327996,0.940047,2.165965
0.2,0.406505,0.3418,0.978016,2.165965
0.15,0.439025,0.400883,1.016484,2.167306
0.2,0.455284,0.416345,1.042491,2.178313
0.15,0.479676,0.430701,1.092498,2.19
0.2,0.479676,0.431253,1.195473,2.193
0.25,0.520327,0.461623,1.280886,2.217791
0.15,0.520327,0.475428,1.362641,2.233375
0.25,0.504065,0.461623,1.490302,2.235
0.3,0.552847,0.462176,1.606002,2.235
0.25,0.544716,0.491441,1.640348,2.234625
0.3,0.585367,0.521811,1.712817,2.223887
0.3,0.609756,0.581447,1.802234,2.205406
0.4,0.617887,0.552733,1.880732,2.192673
0.375,0.613822,0.552457,1.894,2.1575
0.35,0.609756,0.552181,1.8945,2.113285
0.3,0.642276,0.581447,1.902424,2.095
0.35,0.666669,0.581999,1.920625,2.058542
0.4,0.658538,0.567642,1.924,2.010479
0.45,0.691058,0.612921,1.924,1.976891
0.416667,0.685638,0.612553,1.942325,1.897435
0.383333,0.680217,0.612185,2.089208,1.680409
0.35,0.674796,0.611817,2.112894,1.609221
0.366667,0.658537,0.597092,2.134137,1.529071
0.383333,0.642277,0.582367,2.152125,1.40125
0.4,0.626018,0.567642,2.155,1.289091
0.4,0.634146,0.567642,2.155,1.205688
0.5,0.552847,0.509111,2.155,1.143758
0.5,0.536585,0.52402,2.151625,1.112112
0.466667,0.490515,0.473955,2.142251,1.084925
0.433333,0.444445,0.423891,2.125592,1.023227
0.4,0.398375,0.373827,2.114731,0.946337
0.4,0.382113,0.3291,2.106,0.88675
0.45,0.333334,0.299834,2.101715,0.873375
0.35,0.317073,0.283821,2.067465,0.783062
0.45,0.306233,0.274986,2.034969,0.754407
0.55,0.295393,0.266151,1.986381,0.728754
0.65,0.284553,0.257316,1.924839,0.708125
0.75,0.292684,0.258421,1.876601,0.708125
0.8,0.186993,0.184428,1.819378,0.700125
0.85,0.154473,0.155163,1.710262,0.700125
0.85,0.203251,0.155163,1.6463,0.716671
0.85,0.235774,0.214798,1.532927,0.74738
0.85,0.284553,0.244616,1.446672,0.782854
0.85,0.284553,0.244616,1.40952,0.791516
0.85,0.308942,0.289343,1.376871,0.798263
0.85,0.341465,0.304252,1.374991,0.801468
0.9,0.341465,0.319713,1.374991,0.807378
0.9,0.349593,0.319713,1.374991,0.8351
0.9,0.373985,0.349531,1.38073,0.858636
0.9,0.414636,0.379348,1.423222,0.895838
0.85,0.422764,0.378796,1.462797,0.954054
0.8,0.398375,0.363335,1.483523,1.015197
0.8,0.439025,0.393153,1.485329,1.088313
0.8,0.463415,0.408062,1.50027,1.264766
0.75,0.487804,0.452236,1.516376,1.350302
0.75,0.487804,0.482054,1.525947,1.481884
0.7,0.528455,0.481502,1.531875,1.586719
0.7,0.560975,0.496411,1.536,1.685261
0.6,0.528455,0.495306,1.536,1.772316
0.7,0.569105,0.51132,1.536,1.872275
0.6,0.528455,0.495306,1.531897,1.970618
0.55,0.593498,0.524572,1.497911,2.00842
0.5,0.609756,0.553838,1.434237,2.041105
0.5,0.626018,0.568747,1.39775,2.092685
0.55,0.626018,0.569299,1.375611,2.254839
0.5,0.634146,0.568747,1.359888,2.36198
0.4,0.642276,0.582551,1.32734,2.40741
0.4,0.642276,0.582551,1.246809,2.423747
0.45,0.674796,0.598012,1.165083,2.423747
0.4,0.642276,0.567642,1.12925,2.423747
0.4,0.650407,0.59746,1.112623,2.421785
0.35,0.682927,0.641634,1.029804,2.402537
0.3,0.715447,0.641082,0.984625,2.36203
0.35,0.642276,0.581999,0.926016,2.33747
0.3,0.626018,0.566538,0.9119,2.295135
0.3,0.601625,0.53672,0.9114,2.241086
0.25,0.609756,0.536168,0.9099,2.175837
0.25,0.634146,0.565986,0.920325,2.101962
0.2,0.634146,0.565433,0.945609,2.008633
0.2,0.626018,0.565433,0.972125,1.857511
0.25,0.609756,0.551077,0.988375,1.731402
0.25,0.626018,0.565986,1.007842,1.667291
0.15,0.601625,0.549972,1.026726,1.54345
0.25,0.569105,0.521259,1.038742,1.448557
0.25,0.609756,0.536168,1.068519,1.388119
0.3,0.544716,0.491993,1.149729,1.262262
0.2,0.495935,0.446162,1.174922,1.218165
0.2,0.463415,0.416345,1.200165,1.107348
0.2,0.422764,0.386527,1.20269,1.005619
0.266667,0.387533,0.352476,1.210272,0.922873
0.333333,0.352303,0.318424,1.221258,0.853931
0.4,0.317073,0.284373,1.230302,0.82915
0.4,0.284553,0.269464,1.2924,0.811917
0.3,0.235774,0.223633,1.341067,0.800681
0.3,0.252033,0.208724,1.379698,0.785833
0.35,0.195124,0.16455,1.431577,0.773813
0.35,0.195124,0.16455,1.485858,0.705901
0.45,0.105691,0.09111,1.549343,0.637361
0.425,0.097562,0.083379,1.63147,0.596726
0.4,0.089433,0.075649,1.727203,0.587879
0.35,0.073171,0.060188,1.797887,0.587879
0.35,0.06504,0.060188,1.899863,0.588034
0.25,0.146342,0.118719,1.993599,0.594064
0.25,0.121953,0.118719,2.03372,0.616612
0.15,0.170731,0.147432,2.053439,0.636036
0.15,0.219513,0.192159,2.073568,0.641292
0.15,0.235774,0.207068,2.073568,0.646325
0.1,0.260164,0.221425,2.073568,0.659926
0.15,0.333334,0.296521,2.071426,0.675423
0.2,0.349593,0.326891,2.048557,0.716689
0.2,0.398375,0.326891,2.012682,0.788392
0.1,0.439025,0.400331,1.9915,0.868766
0.15,0.463415,0.415792,1.985148,0.985312
0.15,0.471545,0.415792,1.978662,1.112906
0.2,0.495935,0.446162,1.979888,1.151101
0.2,0.520327,0.461071,1.997863,1.212651
0.2,0.531167,0.47101,2.005589,1.394878
0.2,0.542007,0.48095,2.001863,1.431749
0.2,0.552847,0.490889,2.025661,1.491399
0.183333,0.609757,0.545371,2.03459,1.618381
0.166667,0.666668,0.599853,2.080193,1.891506
0.15,0.723578,0.654335,2.090182,1.947798
0.2,0.626018,0.580342,2.164334,1.980122
0.3,0.739836,0.6709,2.231898,1.995092
0.35,0.682927,0.626726,2.259732,2.015175
0.3,0.691058,0.626173,2.29325,2.027702
0.35,0.699189,0.626726,2.322578,2.027702
0.4,0.723578,0.672004,2.330574,2.015901
0.45,0.764229,0.702374,2.331,1.997075
0.45,0.77236,0.717283,2.354268,1.979016
0.5,0.788618,0.717835,2.3815,1.893663
0.5,0.788618,0.717835,2.382875,1.826994
0.5,0.853658,0.777471,2.390199,1.688177
0.6,0.813007,0.733849,2.392669,1.523849
0.5,0.756098,0.702927,2.343748,1.481492
0.55,0.77236,0.703479,2.294319,1.33
0.5,0.747967,0.673109,2.300362,1.206938
0.6,0.707316,0.644395,2.293413,1.15978
0.6,0.707316,0.629486,2.302224,1.091563
0.6,0.682927,0.659304,2.301246,1.004023
0.65,0.674796,0.61513,2.2885,0.916495
0.65,0.642276,0.585312,2.286774,0.818002
0.65,0.634146,0.585312,2.273454,0.706774
0.65,0.593498,0.525676,2.237415,0.688221
0.7,0.544716,0.570955,2.143062,0.668096
0.7,0.544716,0.496411,2.0394,0.645792
0.7,0.504065,0.466593,2.013375,0.600282
0.65,0.544716,0.48095,1.964891,0.570864
0.75,0.495935,0.452236,1.850186,0.528
0.75,0.495935,0.437327,1.719458,0.528
0.75,0.430895,0.40751,1.617358,0.528
0.75,0.430895,0.392601,1.558375,0.528
0.75,0.357724,0.332965,1.4885,0.534664
0.75,0.365854,0.318056,1.387423,0.54
0.75,0.325204,0.288239,1.283857,0.540279
0.85,0.292684,0.259525,1.186468,0.543654
0.85,0.260164,0.229707,1.123036,0.565293
0.85,0.243902,0.214798,1.067014,0.604866
0.75,0.195124,0.198785,0.99825,0.633954
0.8,0.178862,0.16952,0.91518,0.660755
0.8,0.186993,0.16952,0.91018,0.762912
0.8,0.211382,0.184428,0.91018,0.824985
0.85,0.227644,0.214798,0.897348,0.886197
0.85,0.195124,0.170072,0.88815,0.931503
0.85,0.300814,0.274434,0.934375,0.979386
0.9,0.276422,0.260077,0.9345,1.156227
0.9,0.333334,0.304804,0.9345,1.192218
0.9,0.333334,0.289895,0.93125,1.256561
0.9,0.414636,0.36444,0.922338,1.319125
0.9,0.406505,0.394257,0.922,1.452562
0.9,0.471545,0.424075,0.926389,1.520668
0.9,0.479676,0.438984,0.927402,1.609351
0.9,0.487804,0.453893,0.958783,1.682973
0.95,0.520327,0.469354,1.011982,1.737604
0.9,0.544716,0.49862,1.018726,1.779982
0.8,0.520327,0.601877,1.031421,1.841363
0.85,0.495935,0.453341,1.03705,1.923067
0.85,0.634146,0.587521,1.05459,2.003375
0.8,0.463415,0.422971,1.088461,2.094033
0.85,0.487804,0.453341,1.157785,2.185105
0.8,0.528455,0.467697,1.228781,2.245088
0.8,0.495935,0.452789,1.294176,2.300955
0.75,0.536585,0.496963,1.328293,2.358641
0.75,0.552847,0.511872,1.366314,2.412446
0.75,0.536585,0.496963,1.389477,2.475403
0.7,0.569105,0.526229,1.391458,2.505836
0.65,0.601625,0.555494,1.391458,2.505836
0.65,0.601625,0.540585,1.391458,2.505836
0.6,0.682927,0.614578,1.349365,2.501543
0.6,0.691058,0.629486,1.264782,2.491172
0.55,0.788618,0.718388,1.184212,2.464627
0.55,0.77236,0.703479,1.0965,2.448226
0.5,0.861789,0.762562,1.024341,2.442722
0.55,0.756098,0.673661,0.955698,2.433564
0.45,0.739836,0.687465,0.879229,2.422674
0.55,0.756098,0.673661,0.761645,2.416121
0.55,0.739836,0.673661,0.704614,2.402111
0.6,0.715447,0.644395,0.672069,2.35525
0.55,0.691058,0.628934,0.638,2.29674
0.45,0.674798,0.612921,0.599927,2.210644
0.35,0.658538,0.596908,0.552731,2.131282
0.35,0.626018,0.56709,0.53135,2.065958
0.3,0.577236,0.506902,0.53135,2.029497
0.35,0.569105,0.522363,0.53135,2.013017
0.3,0.577236,0.506902,0.548914,1.993069
0.25,0.569105,0.50635,0.62071,1.944524
0.15,0.569105,0.505246,0.716394,1.885117
0.25,0.528455,0.491441,0.792783,1.803924
0.25,0.544716,0.476532,0.840669,1.702867
0.25,0.455284,0.416897,0.850684,1.594793
0.25,0.479676,0.416897,0.858601,1.493757
0.25,0.422764,0.37217,0.871606,1.410191
0.2,0.422764,0.386527,0.898795,1.325233
0.15,0.365854,0.31143,0.921,1.24
0.25,0.300814,0.312535,0.921,1.201565
0.25,0.322495,0.317504,0.921,1.085811
0.25,0.344174,0.322474,0.93075,0.98071
0.25,0.365854,0.327443,0.94875,0.802358
0.25,0.382113,0.342352,0.949,0.71849
0.25,0.390244,0.342352,0.949,0.645634
0.35,0.414636,0.388183,0.975238,0.613612
0.25,0.382113,0.342352,1.065146,0.577153
0.3,0.414636,0.372722,1.15931,0.569871
0.3,0.406505,0.357813,1.236727,0.567129
0.35,0.430895,0.388183,1.343155,0.5655
0.45,0.512196,0.448923,1.4145,0.565667
0.45,0.495935,0.478741,1.497281,0.568318
0.5,0.560975,0.509111,1.637044,0.571727
0.6,0.601625,0.540033,1.720897,0.640776
0.55,0.512196,0.450028,1.771234,0.666511
0.6,0.512196,0.480398,1.857515,0.693177
0.55,0.504065,0.450028,1.964114,0.733939
0.65,0.528455,0.48095,2.018591,0.759498
0.7,0.512196,0.466593,2.117771,0.805048
0.7,0.495935,0.466593,2.188875,0.875402
0.7,0.463415,0.421866,2.214736,0.963848
0.75,0.447156,0.40751,2.223185,1.065198
0.75,0.447156,0.40751,2.22975,1.127992
0.8,0.439025,0.393153,2.232487,1.211525
0.8,0.430895,0.408062,2.232838,1.278638
0.85,0.439025,0.408614,2.225457,1.316203
0.85,0.439025,0.393705,2.226102,1.334808
0.8,0.439025,0.408062,2.228407,1.334808
0.825,0.426831,0.393429,2.218205,1.318301
0.85,0.414636,0.378796,2.199863,1.299791
0.85,0.365854,0.33407,2.187179,1.318519
0.95,0.382113,0.350083,2.171084,1.41193
0.85,0.357724,0.33407,2.112152,1.395345
0.9,0.349593,0.334622,1.992903,1.37325
0.9,0.268294,0.245168,1.943051,1.374
0.85,0.260164,0.244616,1.866863,1.374
0.85,0.243902,0.19989,1.82902,1.373875
0.95,0.195124,0.171176,1.7325,1.366
0.85,0.182927,0.162617,1.657344,1.33625
0.75,0.170731,0.154059,1.513535,1.336
0.7,0.105691,0.078962,1.309077,1.336
0.65,0.056909,0.048592,1.242575,1.33625
0.6,0.056909,0.04804,1.22197,1.356034
0.55,0.09756,0.077305,1.212,1.400877
0.55,0.024389,0.01767,1.195249,1.45531
0.45,0.056909,0.031474,1.147595,1.53831
0.375,0.09756,0.075373,1.078409,1.660019
0.3,0.138211,0.119271,1.003925,1.738702
0.3,0.105691,0.104362,0.927489,1.831534
0.35,0.154473,0.134732,0.908875,1.898347
0.3,0.235774,0.208724,0.901875,2.005541
0.3,0.268294,0.223633,0.8965,2.066875
0.25,0.260164,0.223081,0.897625,2.121723
0.25,0.292684,0.267808,0.898,2.172841
0.15,0.341465,0.31143,0.906375,2.238715
0.15,0.373985,0.331309,0.921767,2.276875
0.15,0.406505,0.351187,0.956504,2.278232
0.15,0.439025,0.371066,1.005,2.285154
0.15,0.414636,0.371066,1.054417,2.291
0.15,0.430895,0.385975,1.095872,2.290321
0.1,0.479676,0.400331,1.160141,2.290094
0.15,0.520327,0.475428,1.224812,2.291261
0.2,0.479676,0.431253,1.295827,2.295638
0.15,0.536585,0.475428,1.417098,2.30946
0.15,0.552847,0.490337,1.524945,2.322075
0.2,0.536585,0.490889,1.62941,2.320035
0.25,0.544716,0.491441,1.776783,2.318921
0.25,0.634146,0.565986,1.856438,2.317566
0.25,0.642276,0.536168,1.92575,2.29975
0.2,0.617887,0.550525,1.970625,2.285815
0.275,0.634147,0.566262,1.986608,2.286455
0.35,0.650407,0.581999,2.012143,2.233601
0.35,0.626018,0.56709,2.064579,2.15951
0.4,0.642276,0.59746,2.196186,2.047184
0.35,0.650407,0.581999,2.207654,1.914881
0.4,0.723578,0.657096,2.209602,1.866616
0.45,0.699189,0.657648,2.215406,1.805606
0.55,0.756098,0.673661,2.222562,1.74639
0.45,0.707316,0.642739,2.223676,1.685188
0.45,0.674796,0.612921,2.2234,1.631784
0.4,0.674796,0.627278,2.229979,1.451746
0.45,0.691058,0.62783,2.242489,1.413291
0.4,0.674796,0.627278,2.322112,1.388965
0.45,0.609756,0.553285,2.348881,1.303514
0.5,0.593498,0.553838,2.377356,1.093708
0.5,0.585367,0.509111,2.380133,1.020872
0.4,0.528455,0.493098,2.380133,0.99904
0.4,0.504065,0.448371,2.380133,0.935823
0.5,0.447156,0.419658,2.367125,0.87475
0.5,0.430896,0.38984,2.303102,0.828426
0.5,0.414635,0.360022,2.223,0.79919
0.5,0.398375,0.330204,2.069722,0.77375
0.6,0.349593,0.301491,2.016808,0.760817
0.65,0.325204,0.287134,1.978982,0.755961
0.75,0.292684,0.258421,1.936579,0.744867
0.7,0.284553,0.257869,1.894717,0.711793
0.8,0.284553,0.258973,1.84,0.690594
0.85,0.276422,0.259525,1.774486,0.690125
0.85,0.276422,0.259525,1.653722,0.690125
0.85,0.292684,0.274434,1.584484,0.685024
0.85,0.276422,0.289343,1.533956,0.68
0.9,0.317073,0.289895,1.498583,0.683524
0.9,0.390244,0.349531,1.402505,0.693397
0.9,0.422764,0.379348,1.351098,0.704444
0.95,0.414636,0.379901,1.334185,0.710445
0.95,0.430895,0.394809,1.334185,0.717125
0.9,0.463415,0.468802,1.334185,0.741956
0.8,0.455284,0.408062,1.341167,0.820268
0.8,0.471545,0.422971,1.350289,0.852314
0.85,0.512196,0.46825,1.374017,0.921012
0.85,0.544716,0.483158,1.375561,0.99809
0.8,0.569105,0.452789,1.378836,1.11109
0.8,0.544716,0.512424,1.385977,1.161875
0.75,0.577236,0.556599,1.392613,1.245312
0.7,0.634146,0.585864,1.396699,1.360501
0.7,0.642276,0.600773,1.401347,1.465512
0.65,0.666669,0.600221,1.401694,1.534875
0.65,0.682927,0.644948,1.401694,1.650202
0.65,0.699189,0.644948,1.401694,1.773452
0.55,0.756098,0.658752,1.399522,1.892131
0.6,0.739836,0.674213,1.381534,1.989404
0.55,0.747967,0.658752,1.377601,2.092533
0.55,0.739836,0.673661,1.373583,2.17506
0.5,0.723578,0.643291,1.35943,2.255202
0.55,0.707316,0.658752,1.353416,2.32825
0.55,0.723578,0.658752,1.271347,2.341625
0.5,0.682927,0.628382,1.144805,2.346125
0.5,0.723578,0.673109,1.058318,2.36374
0.45,0.723578,0.657648,1.013893,2.367979
0.4,0.707316,0.642187,0.938872,2.364422
0.35,0.707316,0.641634,0.815669,2.351375
0.3,0.739836,0.6709,0.753445,2.331266
0.3,0.617887,0.566538,0.708113,2.303071
0.3,0.642276,0.581447,0.694,2.265283
0.25,0.617887,0.565986,0.693125,2.201188
0.3,0.626018,0.566538,0.685674,2.103942
0.266667,0.623308,0.56617,0.684667,2.008784
0.233333,0.620598,0.565802,0.68475,1.907636
0.2,0.617887,0.565433,0.686778,1.775903
0.216667,0.623307,0.570587,0.699143,1.630937
0.233333,0.628726,0.575741,0.706,1.554254
0.25,0.634146,0.580895,0.706,1.505967
0.35,0.585367,0.537272,0.735179,1.445556
0.3,0.536585,0.491993,0.773545,1.385821
0.3,0.536585,0.477084,0.810731,1.227227
0.2,0.479676,0.416345,0.826803,1.060286
0.3,0.463416,0.409994,0.836036,0.978798
0.4,0.447156,0.403644,0.8455,0.826875
0.4,0.447156,0.403644,0.860125,0.76089
0.4,0.430895,0.388736,0.935389,0.725144
0.45,0.414636,0.374379,1.02592,0.70485
0.55,0.349593,0.330756,1.10481,0.699509
0.55,0.357724,0.315848,1.178164,0.684707
0.6,0.333334,0.286582,1.262683,0.670721
0.65,0.308942,0.272225,1.337574,0.646732
0.65,0.284553,0.272225,1.415457,0.594731
0.7,0.268294,0.24296,1.490125,0.584399
0.75,0.268294,0.243512,1.560706,0.584399
0.65,0.219513,0.197681,1.642476,0.584399
0.75,0.203251,0.183876,1.729634,0.584077
0.625,0.182927,0.167587,1.818216,0.598048
0.5,0.162604,0.151298,1.861809,0.632856
0.55,0.089433,0.092214,1.943035,0.66328
0.55,0.089433,0.077305,2.028252,0.664123
0.5,0.089433,0.076753,2.044004,0.671601
0.4,0.089433,0.075649,2.044004,0.67475
0.4,0.089433,0.075649,2.044004,0.68819
0.3,0.138213,0.111817,2.022367,0.727498
0.2,0.186993,0.147985,1.955125,0.764875
0.225,0.207318,0.155715,1.9115,0.81706
0.25,0.227644,0.163446,1.889302,0.855472
0.15,0.268294,0.236886,1.863855,0.97725
0.133333,0.287264,0.251611,1.849442,1.108661
0.116667,0.306234,0.266335,1.823147,1.207584
0.1,0.325204,0.28106,1.76919,1.309648
0.2,0.390244,0.3418,1.737836,1.389986
0.15,0.406505,0.371066,1.623313,1.464275
0.1,0.430895,0.385422,1.551558,1.4915
0.1,0.447156,0.430149,1.539125,1.589128
0.15,0.512196,0.490337,1.510311,1.73475
0.15,0.479676,0.430701,1.48422,1.859139
0.1,0.520327,0.459967,1.482928,1.960784
0.15,0.524391,0.475428,1.482928,2.036543
0.2,0.528455,0.490889,1.483996,2.118609
0.15,0.544716,0.535064,1.486113,2.127
0.25,0.560975,0.50635,1.510585,2.135125
0.25,0.569105,0.50635,1.581107,2.160164
0.25,0.634146,0.580895,1.715059,2.166316
0.2,0.682927,0.61016,1.772063,2.156425
0.2,0.666669,0.595251,1.811478,2.129025
0.233333,0.626018,0.565802,1.882168,2.101721
0.266667,0.585367,0.536352,2.059997,2.031253
0.3,0.544716,0.506902,2.183055,1.986944
0.25,0.609756,0.551077,2.19218,1.948666
0.25,0.626018,0.551077,2.19218,1.913339
0.35,0.544716,0.507454,2.19218,1.889362
0.3,0.504065,0.447267,2.232063,1.846195
0.35,0.485096,0.42794,2.218555,1.80393
0.4,0.466126,0.408614,2.207567,1.764378
0.45,0.447156,0.389288,2.207567,1.682141
0.45,0.398375,0.374379,2.265756,1.526628
0.45,0.365854,0.344561,2.341886,1.421277
0.45,0.365854,0.329652,2.408333,1.249875
0.5125,0.355692,0.319161,2.408333,1.15947
0.575,0.345529,0.308669,2.417753,1.062302
0.6375,0.335366,0.298178,2.422172,1.026671
0.7,0.325204,0.287686,2.414138,0.999105
0.75,0.227644,0.213694,2.400225,0.949505
0.75,0.268294,0.243512,2.346031,0.8785
0.8,0.219513,0.199337,2.31507,0.824919
0.85,0.252033,0.244616,2.292805,0.757086
0.85,0.317073,0.289343,2.1975,0.70806
0.85,0.349593,0.319161,2.088907,0.700646
0.85,0.390244,0.33407,2.028752,0.692066
0.9,0.349593,0.319713,1.986455,0.679006
0.85,0.373985,0.33407,1.946451,0.690415
0.85,0.349593,0.319161,1.927979,0.692017
0.85,0.406505,0.33407,1.879015,0.692093
0.85,0.398375,0.348978,1.856,0.694848
0.8,0.373985,0.318609,1.852356,0.729827
0.8,0.382113,0.348426,1.849416,0.752727
0.75,0.463415,0.40751,1.846029,0.83146
0.8,0.471545,0.43788,1.847529,0.902551
0.75,0.447156,0.40751,1.840015,0.944074
0.7,0.536585,0.451684,1.809085,1.0455
0.7,0.544716,0.496411,1.786232,1.15185
0.65,0.552847,0.510768,1.757965,1.245123
0.6,0.577236,0.525124,1.739912,1.357162
0.6,0.609756,0.540033,1.709362,1.481728
0.6,0.636857,0.574821,1.68941,1.585468
0.6,0.663958,0.609608,1.670415,1.62407
0.6,0.691058,0.644395,1.611124,1.738829
0.6,0.731709,0.659304,1.521018,1.855804
0.6,0.739836,0.689122,1.479431,1.945471
0.6,0.77236,0.704031,1.444414,2.031931
0.6,0.788618,0.71894,1.424825,2.122556
0.5,0.8374,0.777471,1.331236,2.214489
0.55,0.853658,0.763114,1.260788,2.282284
0.566667,0.856369,0.763298,1.234661,2.30576
0.583333,0.859079,0.763482,1.181094,2.336319
0.6,0.861789,0.763666,1.081482,2.34213
0.55,0.8374,0.763114,0.963996,2.343885
0.6,0.77236,0.689122,0.891433,2.343885
0.55,0.739836,0.68857,0.863874,2.342726
0.55,0.756098,0.703479,0.863874,2.32698
0.5,0.764229,0.717835,0.863874,2.294745
0.5,0.739836,0.673109,0.870909,2.225981
0.45,0.707316,0.642739,0.909994,2.1356
0.4,0.691058,0.642187,0.928352,2.045511
0.35,0.658538,0.611817,0.933278,1.954685
0.35,0.617887,0.56709,0.933455,1.8586
0.3,0.658538,0.581447,0.936151,1.773023
0.4,0.609756,0.537824,0.939316,1.685092
0.325,0.601627,0.536996,0.934615,1.60375
0.25,0.593498,0.536168,0.932904,1.509431
0.2,0.585367,0.535616,0.92849,1.412788
0.2,0.585367,0.520707,0.926147,1.298526
0.2,0.520327,0.461071,0.920336,1.199262
0.25,0.463415,0.431806,0.90184,1.080444
0.25,0.463415,0.416897,0.868437,1.030795
0.25,0.447156,0.401988,0.830446,0.956746
0.15,0.373985,0.326339,0.798784,0.874177
0.1,0.317073,0.28106,0.761967,0.776855
0.116667,0.289973,0.256396,0.756622,0.683361
0.133333,0.262874,0.231732,0.74959,0.629803
0.15,0.235774,0.207068,0.740861,0.566475
0.15,0.235774,0.207068,0.740861,0.526099
0.25,0.186993,0.178355,0.740861,0.5182
0.15,0.203251,0.17725,0.752805,0.5182
0.15,0.146342,0.117615,0.796063,0.5182
0.15,0.154473,0.132523,0.895225,0.52435
0.15,0.170731,0.162341,0.975416,0.540823
0.2,0.170731,0.147985,1.072293,0.540448
0.2,0.195124,0.177802,1.172748,0.541737
0.2,0.268294,0.237438,1.231056,0.550449
0.2,0.268294,0.237438,1.328423,0.559858
0.2,0.252033,0.222529,1.442335,0.574813
0.25,0.349593,0.312535,1.516279,0.577
0.35,0.325204,0.291276,1.58978,0.586733
0.45,0.300814,0.270017,1.690901,0.631605
0.5,0.349593,0.315295,1.783673,0.65561
0.45,0.333334,0.299834,1.899194,0.678097
0.5,0.333334,0.374931,2.034478,0.702047
0.5,0.439025,0.404749,2.139949,0.729683
0.5,0.463415,0.404749,2.214587,0.817498
0.5,0.528455,0.479293,2.241435,0.873125
0.6,0.504065,0.435671,2.250356,0.93469
0.55,0.495935,0.450028,2.258516,1.075719
0.55,0.560975,0.509663,2.278047,1.198624
0.55,0.560975,0.524572,2.317755,1.304225
0.65,0.569105,0.510768,2.352853,1.406434
0.65,0.617887,0.570403,2.355207,1.484053
0.65,0.601625,0.555494,2.355582,1.52025
0.7,0.569105,0.51132,2.355582,1.570444
0.75,0.560975,0.511872,2.351822,1.670782
0.7,0.560975,0.51132,2.299109,1.867941
0.75,0.528455,0.467145,2.237607,1.919776
0.75,0.536585,0.467145,2.22684,1.925637
0.8,0.552847,0.497515,2.215039,1.925637
0.85,0.504065,0.46825,2.210554,1.925637
0.85,0.512196,0.46825,2.2045,1.92409
0.85,0.479676,0.453341,2.205429,1.892781
0.85,0.520327,0.46825,2.206358,1.827105
0.85,0.463415,0.438432,2.183694,1.777374
0.85,0.471545,0.423523,2.161004,1.717954
0.9,0.447156,0.409166,2.102191,1.610455
0.95,0.406505,0.379901,1.97597,1.552879
1.0,0.382113,0.365544,1.943,1.514321
0.95,0.349593,0.320265,1.927405,1.475261
0.9,0.341465,0.319713,1.896009,1.419256
0.8,0.252033,0.229155,1.843919,1.38403
0.9,0.268294,0.23026,1.638298,1.343925
0.8,0.195124,0.16952,1.543218,1.29093
0.8,0.178862,0.154611,1.467063,1.288
0.9,0.154473,0.140806,1.341951,1.288
0.8,0.126016,0.117338,1.258818,1.288
0.7,0.09756,0.093871,1.19375,1.289375
0.683333,0.07859,0.073808,1.113789,1.303102
0.666667,0.059621,0.053746,1.032887,1.321089
0.65,0.040651,0.033683,0.951104,1.342047
0.65,0.048782,0.07841,0.912873,1.367039
0.566667,0.056912,0.07252,0.864498,1.44189
0.483333,0.065041,0.06663,0.815179,1.529665
0.4,0.073171,0.06074,0.799333,1.630312
0.35,0.081302,0.075097,0.794915,1.691505
0.25,0.09756,0.088901,0.79109,1.75267
0.2,0.154473,0.118167,0.7878,1.808487
0.2,0.138211,0.133076,0.781314,1.870715
0.25,0.211382,0.193263,0.78,1.990625
0.225,0.243902,0.222805,0.78,2.072125
0.2,0.276422,0.252347,0.78,2.104875
0.2,0.300814,0.267256,0.795852,2.110117
0.2,0.308942,0.267256,0.836426,2.125993
0.1,0.365854,0.340696,0.884849,2.172344
0.2,0.357724,0.326891,0.902431,2.228119
0.15,0.414636,0.371066,0.93014,2.294942
0.2,0.447156,0.401436,0.971,2.340625
0.2,0.504065,0.446162,1.055995,2.344
0.2,0.495935,0.446162,1.164378,2.344
0.2,0.528455,0.490889,1.243478,2.344
0.2,0.528455,0.47598,1.342734,2.306667
0.2,0.577236,0.520707,1.416112,2.3
0.2,0.560975,0.505798,1.519947,2.3
0.2,0.560975,0.505798,1.5863,2.3
0.15,0.577236,0.520155,1.653625,2.312613
0.25,0.613822,0.551077,1.72078,2.328169
0.35,0.650407,0.581999,1.77064,2.328169
0.25,0.626018,0.565986,1.824906,2.34046
0.35,0.682927,0.596908,1.886957,2.34046
0.4,0.682927,0.612369,1.923141,2.286253
0.35,0.691058,0.626726,2.070465,2.178358
0.4,0.691058,0.627278,2.19164,2.124635
0.35,0.674796,0.626726,2.2119,2.087408
0.45,0.650407,0.612921,2.21505,2.039115
0.45,0.756098,0.672557,2.244736,1.982641
0.5,0.756098,0.688018,2.297236,1.919984
0.45,0.739836,0.672557,2.309885,1.850334
0.55,0.723578,0.643843,2.309885,1.756447
0.6,0.723578,0.659304,2.338821,1.603409
0.65,0.699189,0.644948,2.385016,1.397837
0.65,0.658538,0.600221,2.385016,1.309375
0.65,0.642276,0.585312,2.385016,1.234406
0.65,0.634146,0.585312,2.383364,1.209527
0.7,0.658538,0.600773,2.363852,1.185972
0.65,0.642276,0.600221,2.357,1.120351
0.65,0.642276,0.570403,2.286821,1.028527
0.7,0.626018,0.570955,2.232346,0.940375
0.7,0.593498,0.541137,2.201339,0.860631
0.75,0.560975,0.511872,2.181678,0.776667
0.75,0.560975,0.511872,2.135829,0.776667
0.85,0.560975,0.498067,2.098473,0.77375
0.75,0.536585,0.482054,2.017689,0.761277
0.8,0.471545,0.43788,1.954429,0.743232
0.85,0.463415,0.423523,1.917,0.7315
0.85,0.455284,0.423523,1.873669,0.7315
0.9,0.455284,0.409166,1.808411,0.722008
0.85,0.422764,0.393705,1.689354,0.70243
0.85,0.430895,0.393705,1.639552,0.698406
0.75,0.430895,0.392601,1.521762,0.698406
0.75,0.422764,0.392601,1.438418,0.698406
0.7,0.365854,0.332413,1.357656,0.712251
0.65,0.373985,0.331861,1.299844,0.745748
0.65,0.390244,0.316952,1.239679,0.782752
0.55,0.390244,0.360574,1.190537,0.806663
0.55,0.406505,0.375483,1.089771,0.829893
0.5,0.398375,0.345113,1.017315,0.850075
0.5,0.414636,0.360022,0.962227,0.87482
0.5,0.398375,0.345113,0.906448,0.956211
0.4,0.455284,0.448371,0.88927,1.050598
0.3,0.341465,0.313087,0.875341,1.154967
0.35,0.430895,0.388183,0.872375,1.262697
0.25,0.439025,0.327443,0.858939,1.289015
0.2,0.398375,0.371618,0.838875,1.35275
0.2,0.422764,0.371618,0.810898,1.389614
0.25,0.414636,0.357261,0.803412,1.483737
0.3,0.398375,0.372722,0.803412,1.566437
0.3,0.398375,0.357813,0.803412,1.634192
0.2,0.325204,0.297073,0.808734,1.694526
0.2,0.308942,0.267256,0.8365,1.76725
0.2,0.252033,0.222529,0.862442,1.803625
0.2,0.252033,0.20762,0.880442,1.842608
0.2,0.195124,0.162893,0.903089,1.930923
0.25,0.211382,0.193263,0.924337,1.974432
0.25,0.162604,0.133628,0.932146,1.974515
0.25,0.154473,0.118719,0.946955,1.974515
0.25,0.13008,0.10381,0.973663,1.974515
0.3,0.073171,0.074544,1.001332,1.943098
0.375,0.081302,0.067918,1.033506,1.88928
0.45,0.089433,0.061292,1.078704,1.82215
0.55,0.040651,0.032579,1.142229,1.800018
0.55,0.040651,0.032579,1.224827,1.778987
0.55,0.040651,0.032579,1.29325,1.759612
0.55,0.178862,0.032579,1.359597,1.709966
0.625,0.186993,0.100497,1.441203,1.640125
0.7,0.195124,0.168415,1.57851,1.502181
0.8,0.203251,0.184428,1.669592,1.424845
0.8,0.219513,0.184428,1.758953,1.398582
0.9,0.268294,0.23026,1.853087,1.378754
0.85,0.284553,0.259525,2.000045,1.359686
0.9,0.260164,0.23026,2.079993,1.229453
0.85,0.325204,0.274434,2.15767,1.207
0.85,0.382113,0.348978,2.163,1.207
0.9,0.406505,0.36444,2.163,1.207
0.9,0.414636,0.379348,2.1645,1.226875
0.9,0.471545,0.438984,2.171561,1.27375
0.85,0.528455,0.46825,2.225053,1.317727
0.85,0.487804,0.408614,2.231296,1.398175
0.85,0.479676,0.438432,2.238134,1.49725
0.8,0.495935,0.43788,2.283031,1.55953
0.8,0.487804,0.452789,2.292208,1.72903
0.8,0.544716,0.482606,2.298573,1.822958
0.8,0.552847,0.512424,2.31275,1.902393
0.8,0.560975,0.512424,2.274823,1.949581
0.8,0.577236,0.527333,2.25825,1.998308
0.75,0.577236,0.54169,2.229866,2.03699
0.8,0.699189,0.586969,2.2165,2.059625
0.7,0.585367,0.541137,2.180529,2.11585
0.7,0.617887,0.556046,2.137296,2.146535
0.65,0.585367,0.525676,2.102375,2.189125
0.65,0.560975,0.525676,2.025926,2.233675
0.65,0.585367,0.540585,1.807939,2.3185
0.65,0.674796,0.61513,1.723602,2.32491
0.6,0.642276,0.599669,1.640357,2.343838
0.5,0.682927,0.643291,1.586013,2.351418
0.5,0.658538,0.613473,1.456336,2.354713
0.5,0.691058,0.613473,1.343739,2.409577
0.45,0.796749,0.717283,1.263023,2.41577
0.5,0.609756,0.568747,1.161031,2.41577
0.45,0.626018,0.568194,1.078209,2.41577
0.45,0.642276,0.583103,0.991562,2.396897
0.35,0.674796,0.596908,0.912375,2.381188
0.25,0.593498,0.551077,0.848576,2.365177
0.3,0.626018,0.566538,0.811366,2.343875
0.25,0.593498,0.521259,0.7555,2.309776
0.35,0.544716,0.477637,0.727746,2.277331
0.25,0.552847,0.491441,0.726246,2.235397
0.3,0.520327,0.477084,0.725143,2.145745
0.2,0.528455,0.47598,0.71727,2.07299
0.15,0.504065,0.460519,0.715,2.002395
0.175,0.48374,0.445886,0.715,1.912369
0.2,0.463415,0.431253,0.709696,1.852189
0.2,0.414636,0.371618,0.683375,1.788708
0.25,0.382113,0.357261,0.682,1.72943
0.25,0.414636,0.342352,0.682,1.634461
0.25,0.373985,0.327443,0.682,1.55575
0.25,0.252033,0.23799,0.709158,1.499258
0.25,0.300814,0.252899,0.78125,1.430375
0.25,0.252033,0.223081,0.848891,1.3565
0.225,0.231707,0.207896,0.894823,1.280185
0.2,0.211382,0.192711,0.927912,1.22142
0.225,0.182927,0.16317,0.96459,1.125
0.25,0.154473,0.133628,0.97,0.954106
0.35,0.121953,0.104914,0.97,0.885767
0.35,0.105691,0.090006,0.931854,0.818312
0.4,0.105691,0.075649,0.794381,0.781148
0.4,0.073171,0.06074,0.624999,0.778542
0.4,0.089433,0.075649,0.624999,0.776128
0.3,0.056909,0.029818,0.624999,0.773967
0.35,0.077235,0.060188,0.841237,0.770866
0.4,0.09756,0.090558,1.521094,0.765423
0.35,0.121953,0.104914,1.613662,0.765
0.35,0.170731,0.149641,1.70318,0.765
0.45,0.170731,0.165654,1.786655,0.765
0.5,0.186993,0.151298,1.852375,0.777875
0.5,0.235774,0.196024,1.911107,0.810068
0.45,0.243902,0.22529,1.986543,0.87083
0.35,0.325204,0.283821,2.056766,0.962562
0.45,0.365854,0.314743,2.100479,0.989621
0.5,0.365854,0.330204,2.193279,1.016229
0.45,0.398375,0.366924,2.225808,1.047956
0.4,0.430895,0.403644,2.243583,1.186098
0.4,0.463415,0.418553,2.257504,1.28217
0.5,0.463415,0.434567,2.253244,1.3225
0.5,0.528455,0.464384,2.242091,1.366225
0.5,0.544716,0.494202,2.239534,1.398458
0.55,0.528455,0.479845,2.228117,1.550148
0.6,0.577236,0.510215,2.235651,1.709237
0.55,0.544716,0.509663,2.253193,1.738204
0.55,0.626018,0.524572,2.240773,1.770875
0.55,0.560975,0.509663,2.239,1.871875
0.6,0.528455,0.495306,2.239,1.926689
0.65,0.528455,0.495859,2.236344,1.961558
0.7,0.520327,0.481502,2.2315,2.021099
0.7,0.536585,0.481502,2.231875,2.064754
0.8,0.544716,0.497515,2.231309,2.085113
0.75,0.577236,0.54169,2.228389,2.085113
0.75,0.569105,0.526781,2.214541,2.091561
0.8,0.577236,0.527333,2.204875,2.09371
0.8,0.634146,0.57206,2.179775,2.049444
0.8,0.577236,0.527333,2.157395,2.00104
0.8,0.544716,0.497515,2.148448,1.978023
0.8,0.520327,0.482606,2.017855,1.955322
0.75,0.487804,0.452236,1.886785,1.926645
0.85,0.471545,0.438432,1.815891,1.889336
0.8,0.455284,0.422971,1.776,1.862093
0.85,0.455284,0.378796,1.760122,1.83539
0.85,0.463415,0.423523,1.735324,1.75449
0.85,0.406505,0.363887,1.718798,1.576581
0.8,0.414636,0.378244,1.687742,1.516477
0.85,0.357724,0.319161,1.672594,1.435085
0.85,0.365854,0.319161,1.620693,1.34125
0.8,0.430895,0.393153,1.561625,1.287558
0.8,0.365854,0.318609,1.487995,1.247992
0.8,0.308942,0.273882,1.464712,1.227795
0.75,0.243902,0.228603,1.41581,1.18725
0.7,0.243902,0.228051,1.325625,1.1825
0.75,0.235774,0.213694,1.252907,1.1825
0.75,0.227644,0.228603,1.181657,1.1825
0.616667,0.205963,0.202282,1.09978,1.231942
0.483333,0.184284,0.175962,1.04136,1.365398
0.35,0.162604,0.149641,1.029391,1.43712
0.25,0.235774,0.208172,0.994101,1.506426
0.35,0.260164,0.224186,0.921868,1.550251
0.3,0.252033,0.223633,0.826038,1.587125
0.4,0.325204,0.284373,0.728054,1.641329
0.4,0.341465,0.284373,0.652408,1.667268
0.325,0.36992,0.320817,0.617,1.698075
0.25,0.398375,0.357261,0.617,1.721007
0.3,0.463415,0.417449,0.617,1.747
0.3,0.471545,0.40254,0.617855,1.75081
0.3,0.447156,0.40254,0.655855,1.7528
0.4,0.520327,0.478189,0.7395,1.756192
0.4,0.536585,0.493098,0.771758,1.762567
0.383333,0.577236,0.527701,0.778625,1.841423
0.366667,0.617887,0.562304,0.783125,1.888008
0.35,0.658538,0.596908,0.793704,1.941278
0.25,0.77236,0.700166,0.84786,1.990568
0.35,0.731709,0.663998,0.878301,2.022762
0.45,0.691058,0.62783,0.8985,2.032013
0.5,0.682927,0.613473,0.986006,2.09083
0.5,0.756098,0.673109,1.10797,2.157186
0.55,0.739836,0.673661,1.167747,2.18768
0.5,0.723578,0.6582,1.235895,2.18768
0.5,0.723578,0.643291,1.317964,2.18768
0.55,0.626018,0.584208,1.3948,2.179554
0.6,0.642276,0.58476,1.482071,2.11723
0.7,0.634146,0.660409,1.564547,2.022859
0.65,0.593498,0.555494,1.641847,1.996125
0.65,0.593498,0.525676,1.753782,1.970956
0.75,0.609756,0.556599,1.836675,1.93338
0.8,0.577236,0.512424,1.948377,1.881412
0.8,0.536585,0.497515,2.059577,1.766413
0.8,0.504065,0.452789,2.081822,1.599004
0.8,0.520327,0.467697,2.088824,1.483935
0.85,0.536585,0.483158,2.094,1.41725
0.75,0.463415,0.422419,2.094,1.35003
0.75,0.447156,0.40751,2.094,1.242275
0.75,0.463415,0.40751,2.094,1.18521
0.8,0.487804,0.452789,2.090773,1.088086
0.7,0.459349,0.421866,2.045539,0.911055
0.6,0.430895,0.390944,1.967004,0.877205
0.55,0.447156,0.405301,1.899976,0.823
0.5,0.414636,0.374931,1.814721,0.798487
0.45,0.487804,0.419105,1.763015,0.7681
0.5,0.382113,0.345113,1.700104,0.698834
0.4875,0.349593,0.318885,1.637936,0.677938
0.475,0.317073,0.292656,1.526791,0.677938
0.4625,0.284553,0.266427,1.401726,0.677938
0.45,0.252033,0.240199,1.350735,0.680881
0.5,0.292684,0.285478,1.277101,0.71326
0.375,0.276424,0.261734,1.20515,0.732308
0.25,0.260164,0.23799,1.1233,0.813125
0.25,0.243902,0.223081,1.015313,0.873071
0.15,0.292684,0.266703,1.004946,0.938234
0.15,0.341465,0.31143,0.99897,1.074385
0.2,0.365854,0.3418,0.992922,1.162
0.1,0.398375,0.370514,0.977457,1.26856
0.1,0.447156,0.445058,0.947192,1.37034
0.15,0.439025,0.385975,0.879701,1.427603
0.15,0.455284,0.400883,0.817298,1.506361
0.2,0.512196,0.461071,0.769596,1.611005
0.25,0.487804,0.461623,0.735284,1.726777
0.15,0.430895,0.385975,0.735284,1.811
0.1,0.422764,0.370514,0.735284,1.811
0.1,0.398375,0.355605,0.736527,1.809
0.175,0.365854,0.326615,0.844064,1.807
0.25,0.333334,0.297626,0.93153,1.772007
0.225,0.300814,0.260077,1.017809,1.729396
0.2,0.268294,0.222529,1.09311,1.669784
0.25,0.138211,0.118719,1.224441,1.561408
0.2,0.113822,0.088349,1.281102,1.531059
0.3,0.113822,0.089453,1.370432,1.531059
0.4,0.089433,0.090558,1.47175,1.531059
0.5,0.101627,0.099117,1.678467,1.532029
0.6,0.113822,0.107675,1.891725,1.53463
0.575,0.113822,0.09249,1.946234,1.543761
0.55,0.113822,0.077305,1.999696,1.548181
0.625,0.154473,0.130315,2.039385,1.561117
0.7,0.195124,0.183324,2.062964,1.59225
0.775,0.203253,0.184152,2.069981,1.608
0.85,0.211382,0.184981,2.08781,1.608
0.85,0.227644,0.19989,2.125441,1.608
0.9,0.243902,0.215351,2.204125,1.516864
0.9,0.243902,0.349531,2.22719,1.405672
0.9,0.398375,0.36444,2.230149,1.35111
0.9,0.398375,0.36444,2.236246,1.257352
0.85,0.422764,0.378796,2.239,1.197067
0.85,0.414636,0.378796,2.23994,1.161692
0.85,0.422764,0.393705,2.248766,1.127228
0.8,0.422764,0.378244,2.294241,1.109543
0.75,0.463415,0.40751,2.327423,1.098983
0.75,0.455284,0.422419,2.34003,1.098983
0.7,0.471545,0.436775,2.3445,1.13393
0.65,0.504065,0.510768,2.346664,1.232416
0.65,0.528455,0.495859,2.348828,1.340871
0.65,0.544716,0.48095,2.347496,1.453375
0.6,0.536585,0.569851,2.341,1.49874
0.5,0.577236,0.509111,2.328996,1.559359
0.45,0.577236,0.553285,2.285107,1.661984
0.45,0.617887,0.523468,2.263952,1.803397
0.5,0.650407,0.553838,2.252401,1.975265
0.4,0.674796,0.612369,2.234504,2.140279
0.3,0.674796,0.611264,2.147477,2.153414
0.35,0.642276,0.581999,2.075646,2.159207
0.25,0.658538,0.580895,2.025444,2.165031
0.3,0.577236,0.53672,1.92492,2.165123
0.3,0.569105,0.521811,1.727375,2.167997
0.25,0.544716,0.50635,1.6334,2.17455
0.2,0.560975,0.505798,1.558264,2.218794
0.15,0.560975,0.490337,1.467801,2.294539
0.225,0.528455,0.476256,1.407123,2.339458
0.3,0.495935,0.462176,1.272879,2.342333
0.35,0.512196,0.462728,1.082,2.342333
0.35,0.487804,0.447819,0.998883,2.342333
0.45,0.447156,0.419105,0.902292,2.333065
0.5,0.382113,0.345113,0.872672,2.305584
0.5,0.414636,0.360022,0.872672,2.261969
0.55,0.333334,0.315848,0.872672,2.170853
0.5,0.349593,0.315295,0.872922,2.107875
0.5,0.333334,0.315295,0.910798,2.017256
0.625,0.345529,0.32413,1.018842,1.902535
0.75,0.357724,0.332965,1.058554,1.785078
0.8,0.447156,0.408062,1.082069,1.652246
0.8,0.447156,0.422971,1.098221,1.521397
0.85,0.520327,0.46825,1.122007,1.434988
0.85,0.528455,0.498067,1.1355,1.334101
0.8,0.577236,0.512424,1.221474,1.218531
0.8,0.601625,0.542242,1.304629,1.053206
0.85,0.593498,0.542794,1.349924,0.981676
0.8,0.577236,0.542242,1.368153,0.927945
0.85,0.601625,0.557703,1.400078,0.824269
0.85,0.601625,0.557703,1.451149,0.768185
0.85,0.593498,0.542794,1.528125,0.754746
0.85,0.593498,0.557703,1.651813,0.754746
0.85,0.609756,0.542794,1.698,0.754746
0.8,0.626018,0.57206,1.774323,0.770717
0.85,0.609756,0.557703,1.825942,0.822175
0.85,0.617887,0.557703,1.905986,0.85342
0.8,0.601625,0.557151,1.92107,0.925916
0.8,0.609756,0.542242,1.92107,0.96197
