0.952093,0.809426,0.865417,0.434541,1.243299
0.952093,1.068468,0.951743,0.590208,1.657098
0.952093,0.938956,0.951743,0.595267,1.657098
0.952093,0.938956,0.951743,0.59705,1.655098
0.952093,1.068468,1.03807,0.598693,1.634854
0.952093,0.982115,0.951743,0.60982,1.619753
0.952093,1.025292,0.951743,0.612,1.585853
0.952093,0.982115,1.03807,0.613213,1.562213
0.952093,0.852603,0.951743,0.615269,1.561
1.165082,0.982115,0.954941,0.616332,1.561
0.739105,0.982115,0.948546,0.616415,1.567906
0.739105,1.111645,0.948546,0.61839,1.582161
0.952093,0.938956,0.951743,0.622189,1.583773
0.952093,0.852603,0.951743,0.622871,1.585573
1.37807,0.89578,0.871811,0.622411,1.588694
0.952093,0.938956,0.951743,0.622138,1.594504
1.165082,0.766268,0.782287,0.622264,1.602853
1.37807,0.593561,0.612831,0.622034,1.616943
1.165082,0.636737,0.609634,0.622108,1.668887
1.165082,0.420872,0.264327,0.62261,1.751793
1.37807,0.464049,0.526504,0.625939,1.849956
1.37807,0.161848,-0.077783,0.65142,1.948109
1.37807,0.334537,0.353851,0.683844,2.0072
1.37807,0.248183,0.267524,0.688444,2.087149
1.37807,0.205006,0.181197,0.704554,2.175969
1.37807,-0.097194,-0.077783,0.720406,2.245029
1.37807,-0.31306,-0.250436,0.751864,2.300156
1.37807,-0.399395,-0.42309,0.85199,2.351456
1.591059,-0.658437,-0.592546,0.932643,2.366715
1.804047,-0.91748,-0.848329,1.032959,2.372541
1.591059,-1.003815,-1.02418,1.117212,2.3735
1.591059,-1.090168,-1.02418,1.233925,2.3747
1.165082,-1.608234,-1.548535,1.362002,2.375
0.952093,-1.737746,-1.724386,1.513743,2.3672
0.526117,-1.910435,-1.903434,1.645084,2.358187
0.313128,-1.8241,-1.820304,1.723017,2.3328
-0.964803,-1.996789,-2.098468,1.824869,2.311432
-1.177791,-1.953612,-2.101665,1.913917,2.297334
-1.177791,-1.910435,-1.929012,1.995546,2.263904
-1.603768,-1.780923,-1.417446,2.116859,2.148296
-1.39078,-1.435546,-1.414249,2.195821,1.96622
-1.603768,-0.960638,-0.985812,2.20725,1.8435
-1.39078,-1.046991,-1.068942,2.224294,1.793
-1.177791,-0.91748,-0.893091,2.226522,1.723473
-1.39078,-0.874303,-0.809962,2.20994,1.559717
-1.603768,-0.356237,-0.381525,2.199,1.41194
-1.39078,-0.18353,-0.292001,2.182414,1.352289
-1.177791,-0.269883,-0.288804,2.140672,1.3135
-1.603768,-0.269883,-0.295198,2.090234,1.24164
-1.39078,0.205006,0.053306,2.031562,1.14811
-1.39078,0.550402,0.657593,1.97615,1.072731
-1.39078,0.809426,0.74392,1.908054,0.978908
-1.177791,0.852603,0.833444,1.850754,0.909073
-0.964803,0.766268,0.836641,1.769343,0.858937
-1.39078,1.154822,1.175553,1.661142,0.845474
-0.964803,0.852603,0.922968,1.568432,0.831279
-0.751815,1.457023,1.444125,1.488297,0.798625
-0.325837,1.457023,1.364193,1.411952,0.78
-0.325837,1.370669,1.364193,1.289721,0.78
-0.112849,1.284334,1.281064,1.215995,0.78
-0.112849,1.370669,1.281064,1.1743,0.818905
0.313128,1.025292,1.201132,1.130205,0.877033
0.10014,1.284334,1.284261,1.082105,0.933587
-0.112849,0.852603,0.84943,1.054443,1.003577
0.10014,1.068468,1.025281,0.997003,1.067098
0.526117,1.154822,1.204329,0.911365,1.150286
0.526117,1.111645,1.204329,0.851884,1.231847
0.313128,0.938956,0.942151,0.846,1.310961
0.526117,0.723091,0.772695,0.846,1.41032
0.952093,0.938956,0.951743,0.844191,1.52001
1.37807,0.550402,0.612831,0.840019,1.583875
1.165082,0.507225,0.523307,0.840019,1.651315
1.165082,0.334537,0.350653,0.83865,1.711002
0.952093,0.464049,0.433783,0.841102,1.840552
1.165082,0.550402,0.523307,0.841597,1.963481
1.165082,0.248183,0.264327,0.841597,2.063276
1.165082,-0.010841,0.091673,0.861443,2.102365
1.37807,-0.18353,-0.16411,0.927763,2.149858
1.37807,-0.097194,-0.077783,0.9879,2.242272
1.165082,-0.269883,-0.253634,1.025014,2.33839
1.591059,-0.572084,-0.592546,1.05798,2.427099
1.165082,-0.701614,-0.685267,1.110448,2.47114
1.591059,-0.831126,-0.7652,1.197125,2.476
1.591059,-0.91748,-0.851526,1.312948,2.481161
1.37807,-1.003815,-1.027377,1.430553,2.492899
1.37807,-1.262857,-1.286357,1.524412,2.496124
1.37807,-1.478722,-1.459011,1.61746,2.491235
1.165082,-1.478722,-1.548535,1.726047,2.4885
1.165082,-1.867277,-1.807515,1.7945,2.4885
1.37807,-2.126301,-1.976971,1.837697,2.44037
1.165082,-2.083142,-2.066495,1.85886,2.309318
0.313128,-1.996789,-2.079284,1.884184,2.228002
0.10014,-1.867277,-2.168808,1.921155,2.141401
-0.112849,-1.8241,-2.085679,1.971453,2.027541
-0.538826,-1.694588,-1.66044,2.062177,1.912686
-0.964803,-1.306034,-1.321527,2.10199,1.775685
-1.177791,-1.435546,-1.411051,2.110434,1.66876
-0.964803,-0.874303,-0.976221,2.112618,1.557
-1.39078,-0.831126,-0.809962,2.123604,1.395604
-1.177791,-0.658437,-0.634111,2.134407,1.264017
-1.177791,-0.356237,-0.375131,2.120267,1.212321
-1.603768,-0.31306,-0.381525,2.101412,1.106363
-1.603768,0.118671,0.050108,2.089603,1.006117
-1.603768,0.075494,0.050108,2.043871,0.953421
-1.39078,0.334537,0.225959,1.940875,0.929937
-1.39078,0.679914,0.657593,1.862969,0.912915
-1.603768,0.809426,0.654396,1.79987,0.87554
-1.39078,0.679914,0.74392,1.723329,0.820109
-1.177791,1.111645,1.006097,1.647774,0.7905
-0.964803,1.111645,1.095621,1.478806,0.7905
-0.751815,1.111645,1.098818,1.381874,0.7905
-0.325837,0.766268,0.846233,1.308266,0.833125
-0.112849,1.111645,1.10841,1.262226,0.882969
0.10014,1.284334,1.197934,1.214734,0.973519
0.10014,1.19798,1.284261,1.152383,1.020942
0.10014,0.938956,1.025281,1.03977,1.10965
0.10014,1.025292,1.025281,0.985125,1.17825
0.10014,1.068468,1.025281,0.918746,1.290241
0.526117,0.766268,0.772695,0.880774,1.432805
0.313128,0.679914,0.683171,0.865904,1.541589
0.739105,0.766268,0.775893,0.863373,1.640745
0.526117,0.593561,0.513715,0.863373,1.708159
0.739105,0.550402,0.603239,0.866898,1.759772
0.952093,0.636737,0.606436,0.901126,1.766721
0.952093,0.593561,0.606436,0.982125,1.776711
0.952093,0.420872,0.347456,1.084193,1.791364
0.739105,0.248183,0.344259,1.187776,1.800785
0.739105,0.205006,0.257932,1.296538,1.844223
0.313128,-0.18353,-0.093769,1.37803,1.89847
0.739105,-0.269883,-0.432682,1.474417,1.938212
0.313128,-0.528925,-0.61173,1.595,1.954867
0.739105,-0.658437,-0.605335,1.743476,1.972845
0.526117,-0.831126,-0.781186,1.814186,2.008858
-0.112849,-1.046991,-1.049758,1.838625,2.05
-0.325837,-1.306034,-1.311936,1.860419,2.070293
-0.538826,-1.521881,-1.574113,1.89027,2.1055
-0.538826,-1.565058,-1.487786,1.948442,2.1055
-0.751815,-1.565058,-1.490984,1.962418,2.1055
-0.964803,-1.608234,-1.666834,1.967,2.057094
-0.751815,-1.306034,-1.31833,1.967,1.929358
-0.964803,-1.306034,-1.321527,1.966625,1.803358
-1.39078,-0.831126,-0.896288,1.959746,1.6792
-0.751815,-0.701614,-0.714043,1.912569,1.629448
-0.751815,-0.356237,-0.368736,1.805062,1.535527
-0.538826,-0.140371,-0.106559,1.702808,1.332694
-0.751815,0.118671,0.062898,1.66405,1.199048
-1.177791,0.377713,0.315483,1.644948,1.088675
-1.177791,0.464049,0.488137,1.60525,0.990344
-0.964803,0.809426,0.836641,1.52902,0.921047
-0.538826,0.982115,1.015689,1.444373,0.840718
-0.751815,1.025292,1.098818,1.371034,0.796767
-0.538826,1.543358,1.533649,1.282628,0.795814
-0.325837,1.457023,1.364193,1.210302,0.795814
0.10014,1.586535,1.715895,1.142984,0.797105
-0.112849,1.457023,1.453717,1.053017,0.847147
0.10014,1.543358,1.456915,0.997566,0.948387
0.313128,1.241157,1.201132,0.987227,1.061005
0.313128,1.284334,1.201132,0.954942,1.159379
0.526117,1.111645,1.118002,0.869964,1.277054
0.739105,1.068468,1.034873,0.817341,1.404194
0.952093,1.025292,1.03807,0.788079,1.526665
1.165082,0.982115,1.041267,0.788079,1.657836
0.952093,0.507225,0.52011,0.788079,1.79789
1.165082,0.464049,0.523307,0.79576,1.888952
1.37807,0.507225,0.612831,0.821212,1.973949
1.37807,0.377713,0.353851,0.836375,2.052377
1.165082,0.205006,0.178,0.8618,2.141439
1.37807,0.205006,0.267524,0.92575,2.2015
1.37807,0.205006,-0.077783,1.005612,2.211665
1.591059,-0.18353,-0.074586,1.156927,2.221389
1.165082,-0.485749,-0.426287,1.230776,2.237843
1.165082,-0.399395,-0.33996,1.30568,2.238541
1.165082,-0.831126,-0.771594,1.405358,2.223564
1.37807,-1.090168,-1.027377,1.528617,2.219429
1.165082,-1.003815,-1.030574,1.623677,2.218543
0.952093,-1.046991,-1.033772,1.709084,2.171694
0.526117,-1.176503,-1.21282,1.787785,2.096556
0.526117,-1.392369,-1.4718,1.83803,2.031927
0.313128,-1.651411,-1.733977,1.947071,1.941016
0.10014,-1.694588,-1.650848,2.0381,1.902739
0.10014,-1.8241,-1.305541,2.062881,1.834877
-0.751815,-1.608234,-1.57731,2.081482,1.622828
-1.177791,-1.478722,-1.497378,2.100586,1.575908
-1.39078,-1.306034,-1.327922,2.11997,1.439814
-1.39078,-1.262857,-1.327922,2.134419,1.328951
-1.177791,-0.787949,-0.806764,2.134419,1.2863
-1.177791,-0.744791,-0.720438,2.129814,1.235933
-1.39078,-0.528925,-0.550981,2.106673,1.179274
-1.603768,-0.31306,-0.295198,2.076575,1.11788
-1.816757,-0.269883,-0.298396,1.991098,1.068883
-1.816757,-0.226706,-0.212069,1.95972,1.050628
-1.39078,-0.054018,-0.033021,1.899469,1.031739
-1.177791,0.205006,0.229157,1.726516,1.028053
-1.177791,0.205006,0.229157,1.632936,0.99809
-1.177791,0.032318,0.056503,1.602317,0.987679
-0.964803,0.420872,0.318681,1.548367,0.989443
-0.964803,0.766268,0.232354,1.470457,1.001441
-0.751815,0.679914,0.667185,1.408518,1.02341
-0.964803,1.457023,1.440928,1.315055,1.110235
-0.112849,0.723091,0.763103,1.278448,1.147605
-0.112849,0.852603,0.84943,1.254952,1.163659
0.10014,0.852603,0.766301,1.183303,1.208664
0.10014,0.852603,0.766301,1.101975,1.297575
0.313128,0.636737,0.683171,1.066379,1.394064
0.526117,0.464049,0.513715,1.022981,1.554078
0.952093,0.593561,0.606436,1.002739,1.63218
0.526117,0.420872,0.341062,0.95986,1.727709
0.739105,0.334537,0.344259,0.916247,1.829175
0.952093,0.248183,0.261129,0.915575,1.922947
1.165082,0.118671,0.178,0.915575,1.988968
0.952093,0.205006,0.261129,0.915575,2.0383
1.37807,0.032318,0.008544,0.950539,2.097068
1.37807,-0.269883,-0.16411,1.001674,2.151064
1.37807,-0.140371,-0.077783,1.074646,2.216929
1.37807,-0.528925,-0.509417,1.13665,2.282352
1.165082,-0.356237,-0.253634,1.217503,2.314142
1.591059,-0.658437,-0.592546,1.293168,2.314142
1.37807,-0.787949,-0.68207,1.325931,2.314142
1.37807,-0.831126,-0.768397,1.330625,2.287153
1.37807,-0.960638,-1.027377,1.346761,2.224885
1.165082,-1.090168,-1.030574,1.370165,2.155753
1.165082,-1.003815,-0.944248,1.423396,2.084802
0.739105,-1.133327,-1.123296,1.48225,2.009365
0.739105,-1.090168,-1.295949,1.512594,1.934683
0.526117,-1.21968,-1.21282,1.515189,1.833136
0.313128,-1.133327,-1.043364,1.515189,1.70212
0.10014,-0.960638,-1.046561,1.514651,1.554965
-0.112849,-1.046991,-1.049758,1.5125,1.5
-0.112849,-0.356237,-0.359144,1.5125,1.467011
-0.325837,-0.399395,-0.362341,1.517328,1.339803
-0.112849,-0.269883,-0.359144,1.56216,1.151031
-0.538826,-0.010841,-0.020232,1.592571,1.001852
-0.538826,0.161848,0.238748,1.612131,0.832306
-0.538826,0.507225,0.584055,1.654144,0.725236
-0.538826,0.464049,0.584055,1.722614,0.665393
-0.751815,0.766268,0.667185,1.813236,0.66519
-0.751815,0.938956,0.839838,1.929848,0.66519
-1.177791,0.809426,1.351404,1.9781,0.66644
-0.964803,0.852603,0.836641,2.080807,0.692227
-1.177791,0.723091,0.66079,2.13712,0.747227
-1.177791,0.636737,0.66079,2.215987,0.846757
-1.39078,0.766268,0.657593,2.262283,1.008914
-1.39078,0.679914,0.657593,2.268025,1.15775
-1.39078,0.809426,0.74392,2.270664,1.239205
-1.39078,0.334537,0.398613,2.27119,1.368989
-1.603768,0.248183,0.309089,2.27044,1.506133
-1.177791,-0.572084,-0.547784,2.27044,1.63125
-1.177791,-0.399395,-0.375131,2.25286,1.744362
-1.39078,-0.744791,-0.723635,2.181642,1.80539
-1.39078,-0.91748,-0.896288,2.063146,1.897217
-1.603768,-1.046991,-1.158466,1.976018,2.0149
-1.603768,-1.176503,-1.158466,1.8693,2.092306
-1.177791,-1.392369,-1.324725,1.828407,2.132056
-0.325837,-1.565058,-1.484589,1.639787,2.288318
-0.112849,-1.521881,-1.826699,1.512642,2.293746
0.10014,-1.306034,-1.305541,1.387358,2.293746
0.739105,-1.133327,-1.123296,1.301252,2.292589
0.739105,-1.090168,-0.777989,1.225435,2.280318
0.952093,-1.046991,-0.861118,1.0677,2.251569
0.952093,-0.658437,-0.774791,0.97944,2.177949
1.37807,-0.442572,-0.42309,0.869993,2.111797
1.37807,-0.399395,-0.336763,0.860875,2.017084
1.165082,-0.269883,-0.253634,0.852242,1.899957
1.165082,-0.140371,-0.08098,0.836902,1.789795
0.952093,-0.054018,-0.084178,0.8265,1.681581
0.739105,0.205006,0.171605,0.810773,1.536683
0.739105,0.075494,0.085279,0.808091,1.414623
0.739105,0.464049,0.430586,0.808091,1.294612
0.739105,0.550402,0.603239,0.824021,1.206499
0.313128,1.154822,1.028478,0.867,1.051384
0.313128,0.982115,0.855825,0.867537,0.922927
0.10014,1.111645,1.025281,0.881263,0.908
-0.112849,1.068468,1.10841,0.97099,0.863941
0.10014,1.19798,1.284261,1.161125,0.699776
0.10014,1.370669,1.456915,1.24228,0.673273
-0.325837,1.543358,1.45052,1.340877,0.665883
-0.751815,1.457023,1.616779,1.457254,0.663
-0.325837,1.111645,1.45052,1.578928,0.666906
-0.325837,1.111645,1.018886,1.685188,0.674278
-0.538826,1.284334,1.188342,1.82226,0.698139
-0.751815,1.111645,1.012492,1.929885,0.740751
-0.964803,1.284334,1.009294,2.010786,0.806059
-0.751815,0.982115,1.012492,2.085901,0.907084
-0.751815,0.852603,0.839838,2.125182,1.022443
-1.177791,0.636737,0.574463,2.167711,1.147695
-0.964803,0.593561,0.491334,2.236237,1.282758
-0.964803,0.507225,0.491334,2.2904,1.413082
-1.177791,0.248183,0.229157,2.304801,1.484376
-1.603768,0.29136,0.309089,2.325406,1.623606
-1.39078,-0.054018,-0.119348,2.3269,1.734329
-1.603768,-0.356237,-0.381525,2.323561,1.899923
-1.603768,-0.269883,-0.295198,2.301274,2.008892
-1.177791,-0.831126,-0.893091,2.262197,2.155885
-1.603768,-0.874303,-0.985812,2.165469,2.212501
-0.964803,-0.91748,-0.889894,2.04161,2.264553
-1.177791,-1.478722,-1.583705,1.900701,2.270152
-0.964803,-1.737746,-1.839488,1.8461,2.268952
-0.964803,-1.910435,-1.839488,1.709271,2.245191
-0.964803,-1.780923,-1.839488,1.614306,2.231574
-0.751815,-1.737746,-1.836291,1.512496,2.208715
-0.112849,-1.651411,-1.740372,1.453688,2.155793
-0.112849,-1.910435,-1.826699,1.376129,2.1064
0.739105,-1.262857,-1.295949,1.366659,2.007777
0.952093,-1.262857,-1.206425,1.366659,1.879259
0.526117,-0.91748,-0.867513,1.36787,1.749014
0.526117,-0.874303,-0.867513,1.377607,1.625121
0.313128,-0.701614,-0.698057,1.386548,1.466983
0.313128,-0.485749,-0.525403,1.397421,1.359596
0.526117,-0.356237,-0.522206,1.403197,1.201768
-0.112849,-0.356237,-0.359144,1.404297,1.107181
-0.538826,0.464049,0.411402,1.402134,0.991354
-0.325837,0.334537,0.328272,1.390203,0.869333
-0.325837,0.550402,0.587253,1.354312,0.802552
-0.751815,0.766268,0.667185,1.290163,0.793881
-0.538826,0.852603,0.843036,1.231908,0.791625
-0.538826,0.89578,0.929362,1.181175,0.791981
-0.325837,1.068468,1.018886,1.099507,0.793215
-0.538826,1.19798,1.188342,1.027274,0.794653
-0.112849,1.19798,1.281064,0.994114,0.834743
-0.325837,1.327511,1.364193,0.977208,0.940356
-0.325837,1.457023,1.536847,0.973759,1.058998
0.10014,1.629711,1.629568,0.950739,1.16813
-0.112849,1.543358,1.540044,0.934875,1.262
0.10014,1.284334,1.197934,0.863681,1.376545
0.313128,1.19798,1.201132,0.823025,1.51992
0.313128,0.938956,0.942151,0.822867,1.658174
0.526117,1.19798,1.118002,0.822867,1.779737
0.739105,1.025292,0.948546,0.82452,1.892669
0.313128,0.766268,0.769498,0.836224,1.932717
0.526117,0.636737,0.686369,0.854234,2.012884
0.952093,0.420872,0.433783,0.864773,2.117264
0.952093,0.507225,0.433783,0.893837,2.209785
1.37807,0.161848,0.181197,0.957651,2.249623
1.37807,0.248183,-0.077783,1.047003,2.25
1.37807,-0.226706,-0.250436,1.122561,2.25
1.37807,-0.140371,-0.16411,1.1751,2.2553
1.37807,-0.356237,-0.509417,1.243125,2.257
1.165082,-0.528925,-0.598941,1.27924,2.2527
1.37807,-0.960638,-0.94105,1.310123,2.239246
1.37807,-1.21968,-1.113704,1.332397,2.227148
1.165082,-1.21968,-1.289555,1.385628,2.21129
0.952093,-1.349192,-1.379079,1.405125,2.160279
0.739105,-1.478722,-1.382276,1.424046,2.065411
0.739105,-1.478722,-1.468603,1.438652,1.956875
0.526117,-1.21968,-1.21282,1.450013,1.825722
0.526117,-0.874303,-0.867513,1.479391,1.686371
0.739105,-0.701614,-0.777989,1.48,1.577725
0.313128,-0.61526,-0.61173,1.48,1.476737
0.10014,-0.528925,-0.5286,1.481585,1.362746
-0.112849,-0.269883,-0.272817,1.48634,1.160127
0.10014,-0.18353,-0.183293,1.48634,0.998509
-0.112849,0.118671,0.072489,1.494339,0.913574
-0.325837,0.334537,0.241946,1.525977,0.852944
-0.325837,0.507225,0.500926,1.586282,0.790772
-0.325837,0.420872,0.500926,1.674333,0.708183
-0.751815,0.636737,0.753512,1.785887,0.620811
-0.538826,0.89578,0.929362,1.912241,0.530984
-0.538826,0.938956,0.843036,1.963547,0.525646
-0.964803,0.766268,0.663987,2.041646,0.525646
-0.964803,1.111645,1.095621,2.102548,0.530984
-0.964803,1.457023,1.095621,2.166422,0.651705
-0.964803,0.982115,0.922968,2.2454,0.7425
-1.39078,0.679914,0.74392,2.331314,0.816232
-1.177791,0.89578,0.833444,2.399212,0.90905
-1.39078,0.766268,0.74392,2.41445,1.031144
-0.964803,0.679914,0.750314,2.41445,1.145548
-1.177791,0.636737,0.574463,2.414235,1.267481
-1.603768,0.464049,0.395415,2.404034,1.400244
-1.603768,0.420872,0.395415,2.40292,1.463357
-1.816757,0.205006,0.133238,2.402796,1.54881
-1.603768,0.075494,-0.036218,2.400436,1.809022
-1.816757,-0.18353,-0.212069,2.395757,1.924294
-1.816757,-0.399395,-0.384722,2.395,1.989984
-1.816757,-0.31306,-0.384722,2.326589,2.059374
-1.816757,-0.787949,-0.730029,2.218375,2.132
-1.816757,-1.003815,-1.075336,2.12848,2.201424
-1.39078,-1.262857,-1.241595,2.048505,2.277876
-1.39078,-1.392369,-1.327922,1.964806,2.297603
-0.964803,-1.435546,-1.494181,1.877147,2.306138
-0.538826,-1.565058,-1.574113,1.665006,2.32125
-0.751815,-1.737746,-1.836291,1.56136,2.346114
-1.177791,-1.867277,-1.929012,1.485875,2.354213
-0.538826,-1.996789,-2.264727,1.377618,2.367246
0.10014,-1.953612,-1.823501,1.275616,2.367246
0.526117,-1.651411,-1.4718,1.231896,2.367246
0.526117,-1.392369,-1.4718,1.1234,2.2388
0.739105,-1.349192,-1.468603,1.09315,2.002495
1.37807,-1.306034,-1.286357,1.06427,1.922869
1.37807,-1.046991,-1.027377,1.016903,1.83441
1.37807,-1.090168,-1.113704,0.96473,1.743305
0.952093,-0.485749,-0.515811,0.96473,1.738557
0.952093,-0.572084,-0.602138,0.906782,1.675174
0.952093,-0.658437,-0.602138,0.886,1.552816
0.952093,-0.399395,-0.343158,0.886,1.470392
0.952093,-0.18353,-0.256831,0.886,1.301871
0.739105,-0.054018,-0.087375,0.905754,1.172435
0.739105,0.161848,0.257932,0.937048,1.055681
0.739105,0.679914,0.603239,0.961803,0.935188
0.526117,0.809426,0.686369,0.986558,0.814695
0.526117,0.593561,0.686369,1.007287,0.745722
0.526117,0.766268,0.686369,1.0724,0.707806
0.313128,0.852603,1.114805,1.209819,0.659061
-0.112849,1.370669,1.281064,1.253033,0.645385
0.313128,1.154822,1.201132,1.411754,0.643178
0.10014,1.19798,1.197934,1.543018,0.643178
-0.325837,1.413846,1.364193,1.675317,0.645651
-0.325837,1.413846,1.364193,1.774544,0.658666
-0.325837,1.241157,1.105213,1.861524,0.703005
-0.325837,1.241157,1.277867,1.940735,0.761994
-0.538826,1.154822,1.102016,2.003133,0.849937
-1.177791,0.809426,0.747117,2.071875,0.918587
-1.39078,0.852603,0.74392,2.132821,0.963492
-1.177791,0.679914,0.40181,2.165818,1.189018
-1.177791,0.550402,0.574463,2.165818,1.301841
-0.964803,0.334537,0.405007,2.165818,1.352163
-1.39078,0.420872,0.312286,2.122057,1.505376
-1.39078,0.032318,0.053306,2.078182,1.619118
-1.39078,-0.18353,-0.205674,2.010517,1.705539
-1.177791,-0.18353,-0.288804,1.925505,1.818307
-0.964803,-0.485749,-0.544587,1.903974,1.897175
-0.751815,-0.61526,-0.54139,1.870467,1.987956
-0.751815,-1.133327,-1.05935,1.849482,2.070422
-0.325837,-1.392369,-1.398262,1.787131,2.115779
0.10014,-1.306034,-1.305541,1.621131,2.208824
0.526117,-1.262857,-1.21282,1.5188,2.274221
0.10014,-1.306034,-1.305541,1.479628,2.305724
0.526117,-1.306034,-1.21282,1.479113,2.306
0.526117,-1.349192,-1.299146,1.479113,2.300223
0.739105,-1.478722,-1.382276,1.479199,2.257645
0.526117,-1.392369,-1.4718,1.476523,2.244
0.739105,-1.608234,-1.554929,1.474095,2.1715
0.739105,-1.478722,-1.554929,1.474095,2.043
0.739105,-1.565058,-1.468603,1.470132,1.905483
0.952093,-1.21968,-1.206425,1.415387,1.790718
0.313128,-0.831126,-0.784383,1.385573,1.684445
0.313128,-0.874303,-0.784383,1.368452,1.603802
0.313128,-0.442572,-0.439076,1.367,1.514784
-0.112849,-0.528925,-0.618124,1.366508,1.388045
0.10014,-0.140371,-0.183293,1.359077,1.2707
0.10014,-0.18353,-0.183293,1.342927,1.214
0.313128,-0.097194,-0.093769,1.338011,1.148307
-0.112849,0.852603,0.84943,1.269177,0.99232
-0.325837,1.284334,1.19154,1.214284,0.928536
-0.325837,1.19798,1.277867,1.185631,0.886082
-0.325837,1.629711,1.623173,1.163613,0.875764
-0.538826,2.40682,3.432838,1.154419,0.875764
0.10014,1.111645,1.111608,1.1438,0.875764
0.10014,1.025292,1.111608,1.118644,0.904606
0.313128,1.154822,1.201132,1.100107,0.967627
-0.112849,1.111645,1.10841,1.064166,1.037219
0.526117,1.025292,1.031675,0.990462,1.116064
0.526117,0.852603,0.859022,0.916294,1.184778
0.952093,0.723091,0.77909,0.865309,1.283284
0.739105,0.723091,0.689566,0.847066,1.410752
0.739105,0.593561,0.603239,0.843266,1.526781
1.165082,0.550402,0.523307,0.840237,1.616354
1.165082,0.420872,0.523307,0.84,1.703819
1.165082,0.550402,0.264327,0.840493,1.814096
1.165082,0.161848,0.350653,0.846459,1.930613
1.165082,-0.010841,0.005346,0.856463,2.005552
1.165082,-0.140371,-0.08098,0.916223,2.11256
1.165082,-0.18353,-0.08098,0.975467,2.187105
1.591059,-0.485749,-0.419893,1.037082,2.229866
1.591059,-0.61526,-0.678873,1.141281,2.277718
1.37807,-0.91748,-0.854724,1.183277,2.329565
1.37807,-0.874303,-0.854724,1.268645,2.351
1.37807,-1.262857,-1.200031,1.366352,2.351
1.165082,-1.306034,-1.203228,1.496218,2.351
0.739105,-1.349192,-1.382276,1.585539,2.328009
0.952093,-1.565058,-1.551732,1.632703,2.262585
0.739105,-1.521881,-1.554929,1.696742,2.198187
0.526117,-1.910435,-1.903434,1.782818,2.166943
-0.538826,-1.737746,-1.66044,1.866333,2.111152
-0.751815,-1.8241,-1.749964,1.942283,1.98524
-0.751815,-1.565058,-1.57731,1.9773,1.799994
-0.751815,-1.003815,-1.05935,1.981,1.735896
-0.964803,-0.831126,-0.889894,1.981,1.7013
-1.39078,-0.91748,-0.809962,1.981,1.6542
-0.964803,-0.831126,-0.803567,1.977625,1.647
-1.177791,-0.701614,-0.634111,1.9708,1.549637
-1.177791,-0.528925,-0.547784,1.962073,1.520282
-0.325837,0.075494,-0.189688,1.918807,1.474484
-0.325837,0.248183,0.328272,1.786464,1.428985
-0.325837,0.334537,0.328272,1.735406,1.386883
-0.538826,0.852603,0.843036,1.674679,1.332783
-0.112849,0.723091,0.763103,1.575571,1.262244
-0.112849,1.025292,1.10841,1.538,1.239
0.10014,1.111645,1.111608,1.437619,1.207129
0.313128,1.111645,1.201132,1.27649,1.15907
0.313128,1.241157,0.942151,1.149373,1.140974
0.313128,1.413846,1.460112,1.056763,1.132133
0.313128,1.629711,1.632765,0.956309,1.118836
0.10014,2.190954,2.233855,0.906556,1.057037
0.313128,1.500199,1.546439,0.86671,0.930622
0.313128,1.543358,1.632765,0.845926,0.856842
0.10014,1.370669,1.370588,0.830875,0.773379
-0.112849,1.586535,1.453717,0.8315,0.750033
0.313128,1.284334,1.287458,0.8315,0.750033
0.10014,1.284334,1.284261,0.840852,0.751025
0.10014,1.284334,1.197934,0.883405,0.74811
-0.325837,1.370669,1.364193,0.935215,0.745506
-0.325837,1.327511,1.364193,1.062534,0.745506
-0.964803,1.19798,1.181948,1.163493,0.735496
-0.538826,1.111645,1.188342,1.274889,0.71026
-0.964803,0.89578,0.922968,1.3585,0.701564
-0.964803,0.766268,0.836641,1.488944,0.701564
-1.177791,0.766268,0.747117,1.585723,0.706397
-0.751815,0.679914,0.580858,1.688074,0.729827
-1.39078,0.377713,0.398613,1.767254,0.774426
-1.39078,0.118671,0.139633,1.880869,0.80967
-1.39078,-0.054018,-0.033021,1.99126,0.844759
-1.39078,-0.18353,-0.205674,2.08498,0.891167
-1.177791,-0.18353,-0.202477,2.137732,0.9822
-0.964803,-0.528925,-0.45826,2.148,1.081131
-0.964803,-0.701614,-0.71724,2.150551,1.2175
-1.177791,-0.701614,-0.720438,2.155954,1.294094
-1.39078,-1.133327,-1.155269,2.161368,1.333274
-0.751815,-1.478722,-1.490984,2.167375,1.517951
-0.964803,-1.651411,-1.580508,2.174,1.594101
-0.751815,-2.039965,-2.095271,2.1995,1.682375
0.313128,-2.083142,-1.992958,2.178539,1.846247
0.526117,-2.039965,-1.98976,2.171649,1.970673
0.739105,-2.083142,-2.07289,2.168542,2.024375
0.952093,-1.996789,-1.983366,2.153258,2.142336
1.37807,-1.910435,-1.890644,1.981867,2.383923
1.591059,-1.651411,-1.54214,1.88687,2.486991
1.591059,-1.435546,-1.369487,1.847375,2.524414
1.165082,-1.306034,-1.289555,1.730578,2.564247
1.591059,-1.090168,-1.02418,1.537276,2.63112
1.591059,-1.046991,-1.110507,1.459506,2.648323
1.37807,-1.046991,-1.027377,1.38131,2.65075
1.165082,-0.528925,-0.598941,1.256171,2.65075
1.165082,-0.442572,-0.426287,1.174676,2.636572
1.37807,0.161848,0.09487,1.1455,2.545774
1.165082,0.161848,0.091673,1.117996,2.441602
1.165082,0.161848,0.178,1.095211,2.29039
1.165082,0.248183,0.178,1.059646,2.194072
1.165082,0.075494,0.091673,0.912652,2.13415
0.739105,0.593561,0.603239,0.84925,2.01
0.952093,0.723091,0.692763,0.768401,1.91075
0.739105,0.507225,0.516912,0.7557,1.809717
0.739105,0.809426,0.775893,0.7557,1.693333
0.952093,0.852603,0.865417,0.75752,1.623549
0.526117,0.809426,0.859022,0.772625,1.507345
0.526117,0.938956,0.945349,0.798144,1.390943
0.739105,0.852603,0.862219,0.814603,1.340578
0.313128,0.420872,0.424191,0.82472,1.340171
0.526117,0.420872,0.341062,0.887222,1.340171
0.10014,0.075494,0.075687,0.968292,1.343529
0.313128,-0.18353,-0.093769,1.046223,1.3672
0.10014,-0.18353,-0.183293,1.18058,1.370863
-0.112849,-0.18353,-0.186491,1.30333,1.39869
-0.325837,-0.18353,-0.189688,1.41132,1.427231
-0.112849,-0.744791,-0.618124,1.586031,1.445775
-0.538826,-0.658437,-0.883499,1.712989,1.44968
-1.39078,-0.528925,-0.550981,1.867308,1.442674
-1.177791,-0.658437,-0.720438,2.04049,1.378756
-1.39078,-0.269883,-0.205674,2.102219,1.340385
-1.816757,-0.097194,-0.384722,2.132293,1.291794
-1.39078,0.032318,0.312286,2.143287,1.23398
-1.603768,0.075494,0.050108,2.164367,1.177589
-1.39078,-0.010841,0.053306,2.191433,1.094021
-1.603768,0.248183,0.222762,2.200062,0.991351
-1.603768,0.29136,0.222762,2.197667,0.950781
-1.603768,0.420872,0.395415,2.197667,0.890218
-1.39078,0.593561,0.571266,2.166371,0.870924
-1.603768,0.636737,0.740722,2.060207,0.868217
-1.177791,1.111645,1.092424,1.99545,0.853083
-0.751815,0.89578,0.839838,1.927506,0.792274
-0.751815,1.327511,1.444125,1.86281,0.728785
-1.177791,1.370669,1.783038,1.784828,0.696995
-1.177791,1.068468,1.178751,1.706567,0.694174
-0.751815,1.19798,1.185145,1.595194,0.6935
-0.538826,1.543358,1.619976,1.505081,0.693917
-0.325837,1.543358,1.45052,1.434625,0.697995
-0.325837,1.370669,1.45052,1.325425,0.7062
-0.325837,1.19798,1.277867,1.216129,0.748546
0.10014,1.284334,1.197934,1.176611,0.797945
-0.112849,1.154822,1.194737,1.158836,0.900483
0.313128,1.068468,1.028478,1.152625,1.001125
0.313128,1.068468,1.028478,1.134994,1.036587
0.313128,0.938956,0.855825,1.100375,1.128068
0.10014,0.938956,0.852627,1.013839,1.237734
0.526117,0.766268,0.772695,0.900988,1.351156
0.952093,0.593561,0.52011,0.852629,1.460706
0.952093,0.593561,0.52011,0.834,1.613734
0.952093,0.377713,0.347456,0.834,1.727116
1.165082,0.550402,0.523307,0.834,1.820773
0.952093,0.377713,0.347456,0.83891,1.902808
1.165082,0.161848,0.178,0.853636,1.985761
1.37807,0.161848,0.181197,0.864553,2.082831
1.37807,0.118671,0.181197,0.900606,2.169831
1.37807,-0.399395,0.181197,0.957875,2.217662
1.591059,-0.269883,-0.333566,1.045607,2.230561
1.165082,-0.528925,-0.598941,1.132431,2.233899
1.37807,-0.787949,-0.68207,1.218545,2.237873
1.165082,-0.91748,-0.944248,1.317487,2.24
1.165082,-1.133327,-1.116901,1.412819,2.239556
1.165082,-1.21968,-1.203228,1.50961,2.23925
1.165082,-1.435546,-1.375881,1.584572,2.232884
0.952093,-1.262857,-1.206425,1.612,2.151306
0.526117,-1.262857,-1.299146,1.658335,2.069883
0.10014,-1.478722,-1.478194,1.717833,1.996988
-0.112849,-1.435546,-1.395065,1.807649,1.914266
-0.538826,-1.521881,-1.487786,1.949179,1.768903
-0.538826,-1.392369,-1.315133,1.974959,1.719038
-0.964803,-1.392369,-1.407854,1.978344,1.639944
-0.964803,-1.133327,-1.148874,1.997455,1.563355
-0.964803,-1.046991,-1.062547,1.992641,1.504852
-1.177791,-0.744791,-0.806764,1.981285,1.354134
-0.751815,-0.399395,-0.455063,1.975615,1.186056
-1.39078,-0.010841,-0.205674,1.966875,1.118979
-1.39078,0.464049,0.398613,1.9655,1.015755
-0.964803,0.377713,0.405007,1.963185,0.918444
-1.177791,0.377713,0.315483,1.872454,0.868769
-1.177791,0.636737,0.574463,1.77948,0.827717
-0.751815,0.507225,0.667185,1.721528,0.793522
-0.964803,0.89578,0.836641,1.68424,0.746746
-0.964803,0.723091,0.663987,1.630763,0.729
-0.751815,0.938956,1.012492,1.551315,0.729
-0.751815,1.025292,0.926165,1.448934,0.729
-0.538826,1.111645,1.102016,1.365464,0.775347
-0.751815,1.19798,1.098818,1.296078,0.817191
-0.751815,1.025292,1.098818,1.242683,0.891837
-0.325837,1.025292,1.018886,1.134193,0.92893
-0.325837,1.154822,1.105213,1.029098,0.968304
0.10014,1.19798,1.197934,0.947874,1.033011
0.10014,1.370669,1.370588,0.896078,1.126554
0.313128,1.370669,1.287458,0.879191,1.232016
0.739105,1.327511,1.207526,0.860335,1.342806
0.526117,1.025292,1.031675,0.841339,1.445478
0.313128,0.852603,0.855825,0.793991,1.549652
0.526117,0.89578,0.859022,0.777179,1.682606
0.526117,0.89578,0.772695,0.777179,1.758131
0.739105,0.852603,0.862219,0.777179,1.821067
0.952093,0.679914,0.692763,0.816582,1.894825
0.952093,0.636737,0.606436,0.89195,1.9302
0.952093,0.723091,0.692763,0.93485,1.950938
0.952093,0.420872,0.433783,0.969017,1.970674
0.952093,0.334537,0.347456,1.019623,1.971399
1.165082,0.161848,0.178,1.108873,1.971399
1.37807,-0.097194,-0.077783,1.155695,1.912816
1.37807,0.075494,0.09487,1.20784,1.711397
1.37807,-0.054018,-0.077783,1.269954,1.656958
1.165082,-0.097194,0.005346,1.40087,1.610554
1.165082,-0.226706,-0.253634,1.505926,1.557061
0.313128,-0.18353,-0.093769,1.565787,1.498967
0.313128,-0.18353,-0.180096,1.755625,1.372818
-0.325837,-0.097194,-0.362341,1.92871,1.228275
-0.325837,-0.140371,-0.362341,1.998111,1.156368
-0.751815,-0.010841,-0.023429,2.06915,1.11611
-0.751815,0.075494,0.062898,2.151567,1.086924
-0.964803,-0.140371,-0.19928,2.210754,1.085195
-1.177791,-0.010841,0.14283,2.253833,1.085195
-1.603768,-0.054018,0.050108,2.311,1.085195
-1.39078,0.075494,0.139633,2.312004,1.158233
-1.816757,0.161848,0.133238,2.319976,1.282875
-1.816757,0.118671,0.046911,2.328677,1.363989
-1.603768,-0.097194,-0.122545,2.334675,1.472691
-1.39078,-0.18353,-0.205674,2.32201,1.585109
-1.816757,-0.356237,-0.384722,2.312457,1.783114
-1.603768,-0.442572,-0.295198,2.308907,1.897753
-2.029745,-0.831126,-0.819553,2.291562,1.986725
-1.603768,-1.306034,-1.331119,2.251687,2.031114
-1.177791,-1.306034,-1.324725,2.224812,2.06437
-1.39078,-1.694588,-1.673229,2.156924,2.137811
-0.538826,-1.780923,-2.005747,1.95751,2.255816
-0.325837,-2.169477,-2.088876,1.857572,2.329126
0.10014,-1.8241,-1.823501,1.745291,2.365258
0.526117,-1.910435,-1.903434,1.640531,2.371
0.739105,-1.478722,-1.468603,1.551045,2.371
0.952093,-1.478722,-1.465405,1.409461,2.37048
0.739105,-1.133327,-1.209622,1.323016,2.353609
1.165082,-0.744791,-0.771594,1.223191,2.335764
1.37807,-0.658437,-0.595743,1.13497,2.278108
1.37807,-0.61526,-0.595743,1.01689,2.234419
1.37807,-0.097194,-0.077783,0.90026,2.111884
1.37807,-0.18353,-0.250436,0.833786,2.032709
1.165082,0.075494,0.091673,0.796408,1.945559
1.37807,0.161848,0.181197,0.725272,1.846536
1.165082,0.420872,0.350653,0.68625,1.762322
0.952093,0.377713,0.347456,0.684,1.621072
1.165082,0.89578,0.954941,0.684,1.501075
0.952093,1.154822,1.124397,0.684,1.384625
0.739105,0.852603,0.862219,0.707279,1.30274
0.739105,1.025292,1.034873,0.753261,1.194269
0.526117,0.938956,1.031675,0.78333,1.005864
0.313128,1.111645,1.114805,0.829426,0.85217
0.526117,1.154822,1.118002,0.882509,0.736095
0.526117,1.19798,1.204329,0.951,0.712
0.526117,1.327511,1.376982,1.053302,0.702576
0.10014,1.457023,1.370588,1.198347,0.678509
-0.112849,1.543358,1.540044,1.309418,0.649978
-0.112849,1.586535,1.540044,1.437026,0.6295
-0.112849,1.370669,1.281064,1.56757,0.6295
-0.751815,1.068468,1.012492,1.673723,0.63225
-0.964803,0.507225,0.577661,1.790772,0.653928
-1.39078,0.334537,0.312286,1.8898,0.693792
-1.39078,0.161848,0.225959,1.94816,0.758004
-1.177791,-0.010841,-0.029824,2.017024,0.834457
-1.177791,-0.054018,-0.029824,2.144816,0.942251
-1.603768,-0.269883,-0.381525,2.230776,1.044791
-1.39078,-0.61526,-0.550981,2.262625,1.174292
-1.39078,-0.744791,-0.723635,2.26804,1.29098
-1.603768,-0.874303,-0.985812,2.277706,1.426975
-1.39078,-1.090168,-1.068942,2.285146,1.528902
-1.603768,-1.565058,-1.331119,2.28565,1.657238
-1.177791,-1.306034,-1.324725,2.2855,1.85
-0.751815,-1.651411,-1.57731,2.28575,1.965992
-0.964803,-1.737746,-1.753161,2.28525,2.041248
-1.177791,-1.8241,-1.756358,2.236405,2.079695
0.526117,-1.737746,-1.73078,2.083029,2.169117
0.526117,-1.737746,-1.73078,1.958309,2.258987
0.739105,-1.780923,-1.81391,1.835472,2.346136
1.165082,-1.392369,-1.462208,1.757067,2.398471
1.165082,-1.262857,-1.203228,1.620704,2.428577
1.165082,-1.21968,-1.289555,1.530526,2.433931
1.37807,-0.91748,-0.854724,1.41425,2.433931
1.37807,-0.831126,-0.768397,1.315708,2.430912
1.591059,-0.744791,-0.678873,1.25147,2.389952
1.37807,-0.31306,-0.336763,1.128285,2.349779
1.37807,-0.226706,-0.250436,1.029135,2.309359
1.165082,-0.097194,-0.167307,0.944187,2.259742
0.952093,-0.054018,-0.084178,0.896703,2.178868
0.952093,0.161848,0.174803,0.885482,2.068441
0.952093,0.032318,0.088476,0.87927,1.94691
0.739105,0.334537,0.344259,0.874331,1.850511
0.952093,0.636737,0.692763,0.864557,1.721958
0.739105,0.636737,0.689566,0.855,1.602782
0.739105,0.852603,0.862219,0.855,1.494398
0.526117,0.938956,0.945349,0.855,1.428921
0.313128,1.19798,1.201132,0.87697,1.416375
0.313128,1.111645,1.114805,0.894501,1.335465
-0.112849,1.370669,1.367391,0.911363,1.062393
0.10014,1.8024,1.802222,0.944486,0.896591
-0.325837,1.888754,1.795827,0.972796,0.725613
-0.112849,2.061442,1.885351,0.976597,0.601236
-0.325837,1.370669,1.45052,1.039201,0.536843
-0.325837,1.543358,1.536847,1.145671,0.534
-0.325837,1.327511,1.45052,1.254875,0.533787
-0.112849,1.413846,1.453717,1.361322,0.533787
-0.751815,1.241157,1.271472,1.483112,0.534345
-0.964803,1.241157,1.181948,1.590332,0.542592
-0.964803,1.241157,1.268275,1.704674,0.551381
-0.964803,0.766268,0.750314,1.810842,0.554455
-0.964803,0.464049,0.577661,1.880666,0.585828
-0.964803,0.507225,0.491334,1.891,0.597
-0.964803,0.377713,0.318681,1.936429,0.775653
-1.39078,0.29136,0.139633,2.047822,1.054719
-1.816757,-0.010841,-0.039416,2.142247,1.182962
-1.177791,-0.61526,-0.547784,2.184726,1.301885
-1.177791,-0.658437,-0.634111,2.191135,1.423659
-1.177791,-0.744791,-0.806764,2.191135,1.558754
-1.603768,-0.744791,-0.726832,2.195398,1.668258
-1.177791,-1.392369,-1.324725,2.190841,1.780307
-0.751815,-1.478722,-1.490984,2.173229,1.86802
-0.751815,-1.349192,-1.31833,2.159642,1.937375
-0.964803,-1.521881,-1.494181,2.12133,1.962752
-0.751815,-1.392369,-1.404657,2.037439,1.965403
-0.751815,-1.521881,-1.490984,1.907558,1.965403
-0.325837,-1.046991,-1.052955,1.821668,1.948226
0.10014,-0.874303,-0.960234,1.764711,1.914003
-0.112849,-0.787949,-0.790778,1.627688,1.83
0.313128,-0.61526,-0.698057,1.534872,1.802395
0.526117,-0.701614,-0.694859,1.405411,1.776844
0.10014,-0.269883,-0.442274,1.342992,1.758393
0.313128,-0.097194,-0.266423,1.269439,1.714337
0.313128,0.377713,0.337864,1.180989,1.644866
-0.112849,0.593561,0.59045,1.102369,1.580513
0.952093,0.766268,0.77909,1.0222,1.542912
0.952093,0.982115,1.03807,0.908875,1.534988
0.952093,1.111645,1.03807,0.82308,1.534988
0.739105,0.982115,1.121199,0.775052,1.536205
0.739105,0.89578,1.034873,0.725023,1.547253
0.952093,0.723091,0.77909,0.699817,1.564524
1.165082,0.809426,0.782287,0.699192,1.603316
1.165082,0.723091,0.782287,0.699192,1.678767
0.952093,0.679914,0.77909,0.699894,1.736411
1.165082,0.420872,0.43698,0.73407,1.76471
1.165082,0.248183,0.178,0.792534,1.830077
1.37807,-0.010841,0.09487,0.825837,1.885705
1.37807,-0.18353,-0.16411,0.875956,1.972925
1.591059,-0.356237,-0.247239,0.934402,2.028604
1.37807,-0.701614,-0.595743,1.008496,2.1122
1.37807,-0.91748,-0.854724,1.120377,2.152103
1.165082,-0.91748,-1.030574,1.2569,2.205227
1.165082,-1.21968,-1.116901,1.383425,2.221637
1.165082,-1.435546,-1.375881,1.453835,2.221637
1.37807,-1.306034,-1.027377,1.507386,2.221373
0.952093,-1.435546,-1.379079,1.556726,2.198393
0.952093,-1.21968,-1.292752,1.6047,2.1274
-0.112849,-1.349192,-1.308738,1.647357,2.033429
-0.538826,-1.046991,-1.142479,1.660214,1.940194
-0.325837,-0.960638,-0.966629,1.694104,1.825043
-0.538826,-1.133327,-1.056153,1.750853,1.817125
-0.325837,-0.528925,-0.534995,1.773335,1.795142
-0.751815,-0.269883,-0.196083,1.773478,1.765581
-1.177791,-0.226706,-0.202477,1.758297,1.601974
-1.177791,-0.097194,-0.029824,1.734208,1.359
-0.751815,0.248183,0.235551,1.730638,1.320595
-0.538826,0.593561,0.584055,1.710918,1.218837
-0.538826,0.550402,0.411402,1.666188,1.12273
-0.538826,0.679914,0.584055,1.586901,1.030838
-0.325837,0.766268,0.846233,1.513162,0.949254
-0.325837,0.766268,0.846233,1.459323,0.896481
-0.325837,1.154822,0.93256,1.392333,0.805434
-0.751815,1.327511,1.271472,1.333557,0.770766
-0.325837,1.284334,1.19154,1.292134,0.770766
-0.112849,1.370669,1.367391,1.280944,0.770766
-0.112849,0.938956,0.935757,1.279944,0.787949
-0.325837,1.025292,0.93256,1.272397,0.85687
0.10014,1.025292,0.938954,1.263148,0.907681
-0.112849,0.938956,0.935757,1.261473,0.97125
-0.112849,0.938956,0.84943,1.252811,1.061822
0.10014,0.636737,0.679974,1.202444,1.17314
0.313128,0.420872,0.424191,1.171179,1.20705
-0.112849,0.420872,0.417796,1.148703,1.296619
0.526117,0.420872,0.341062,1.140651,1.384601
1.165082,0.334537,0.350653,1.12842,1.483484
1.165082,-0.054018,-0.08098,1.113152,1.549244
1.165082,-0.054018,-0.08098,1.080425,1.661675
0.952093,-0.010841,0.002149,0.999778,1.744242
1.165082,0.032318,0.005346,0.95132,1.8071
1.591059,-0.097194,0.011741,0.913712,1.882309
1.591059,-0.18353,-0.160912,0.899472,2.010094
1.804047,-0.269883,-0.244042,0.900472,2.099973
1.591059,-0.31306,-0.247239,0.901472,2.188643
1.591059,-0.31306,-0.333566,0.920735,2.267732
1.37807,-0.399395,-0.250436,0.950286,2.296023
1.591059,-0.658437,-0.678873,0.959376,2.380513
1.591059,-0.744791,-0.678873,0.968966,2.429367
1.37807,-0.91748,-0.854724,1.022775,2.429367
1.591059,-0.960638,-1.02418,1.117011,2.429367
1.165082,-1.306034,-1.289555,1.208359,2.426094
1.37807,-1.392369,-1.372684,1.290192,2.381166
0.952093,-1.392369,-1.465405,1.358127,2.355
0.526117,-1.608234,-1.558127,1.435747,2.3462
0.739105,-1.608234,-1.641256,1.512956,2.332681
0.526117,-1.651411,-1.558127,1.584252,2.320252
0.952093,-1.737746,-1.638059,1.653137,2.319
-0.112849,-1.910435,-1.913025,1.707981,2.305085
-0.538826,-1.8241,-1.833093,1.782744,2.228575
-0.538826,-1.953612,-2.005747,1.826798,2.170833
-0.751815,-1.8241,-1.922617,1.873349,2.126739
-1.177791,-1.8241,-1.842685,1.951526,2.069111
-0.964803,-1.8241,-1.839488,1.993125,2.033
-1.39078,-1.349192,-1.414249,2.019083,2.017319
-1.603768,-0.960638,-1.072139,2.076504,1.986789
-1.603768,-0.874303,-0.899486,2.117513,1.91439
-1.603768,-0.485749,-0.295198,2.147,1.769282
-1.603768,-0.658437,-0.726832,2.173316,1.592542
-1.39078,-0.528925,-0.550981,2.210467,1.491486
-1.603768,-0.356237,-0.381525,2.2627,1.475414
-1.603768,-0.18353,-0.208872,2.2804,1.4025
-1.816757,-0.140371,0.046911,2.2725,1.317377
-1.39078,-0.010841,-0.119348,2.22796,1.258561
-1.39078,0.420872,0.398613,2.22475,1.193234
-1.177791,0.377713,0.315483,2.17075,1.112152
-1.603768,0.507225,0.481742,2.1104,1.068671
-1.177791,0.334537,0.40181,2.053095,1.031047
-1.177791,0.205006,0.229157,2.011216,0.983453
-1.177791,0.550402,0.488137,1.983783,0.967289
-0.538826,0.809426,0.756709,1.948379,0.975
-0.112849,0.507225,0.504123,1.885762,0.975
-0.112849,0.334537,0.417796,1.861069,1.027706
-0.112849,0.593561,0.59045,1.813335,1.097848
0.10014,0.593561,0.593647,1.783148,1.127667
0.10014,0.679914,0.679974,1.715358,1.140721
0.10014,1.068468,1.025281,1.606244,1.15775
0.313128,0.938956,0.942151,1.536962,1.166125
0.739105,1.154822,1.207526,1.449789,1.168
0.526117,0.982115,1.031675,1.309008,1.21103
0.739105,1.068468,1.034873,1.185751,1.262613
0.526117,0.809426,0.859022,1.081402,1.295654
0.739105,0.852603,0.775893,0.996625,1.301394
0.952093,0.89578,0.951743,0.912932,1.304023
0.952093,0.809426,0.865417,0.8303,1.310694
0.952093,0.377713,0.433783,0.782339,1.3367
0.952093,0.464049,0.52011,0.78,1.404119
0.952093,0.205006,0.174803,0.78,1.489195
1.37807,-0.097194,-0.077783,0.783707,1.543057
1.165082,-0.097194,-0.167307,0.794121,1.628948
0.952093,-0.269883,-0.170504,0.827726,1.695538
0.952093,-0.572084,-0.515811,0.853622,1.800713
0.739105,-0.61526,-0.432682,0.892777,1.906846
1.165082,-0.960638,-0.944248,0.968031,1.983576
0.739105,-1.176503,-1.209622,1.043625,1.994584
0.739105,-1.306034,-1.295949,1.120299,1.99809
0.526117,-1.262857,-1.126493,1.210177,2.022378
0.313128,-1.478722,-1.38867,1.31595,2.081996
0.313128,-1.478722,-1.474997,1.416356,2.134764
0.10014,-1.910435,-1.823501,1.494591,2.178951
-0.325837,-1.521881,-1.570916,1.58423,2.187092
-0.751815,-1.651411,-1.57731,1.688034,2.187092
-0.112849,-1.392369,-1.308738,1.760863,2.186292
-0.538826,-1.306034,-1.315133,1.838953,2.152707
-0.325837,-1.046991,-0.966629,1.897542,2.118412
-1.177791,-0.61526,-0.634111,1.938388,2.096212
-0.751815,-0.701614,-0.714043,1.96385,2.009142
-0.751815,-0.356237,-0.368736,1.968263,1.916735
-1.177791,-0.269883,-0.202477,1.969591,1.848309
-1.177791,-0.097194,-0.11615,1.9783,1.7837
-1.39078,0.161848,0.225959,1.9825,1.694969
-0.964803,0.29136,0.232354,1.9825,1.59667
-1.39078,0.636737,0.657593,1.99185,1.41102
-0.964803,0.420872,0.405007,1.99255,1.233297
-1.177791,0.852603,0.833444,1.99255,1.18019
-1.177791,0.938956,0.91977,1.976126,1.098721
-0.751815,1.025292,1.012492,1.942986,1.015216
-0.964803,1.025292,1.009294,1.933701,0.916125
-0.964803,1.025292,1.009294,1.921458,0.836407
0.10014,1.672888,1.715895,1.892797,0.764422
0.10014,1.543358,1.802222,1.858295,0.718244
-0.325837,1.586535,1.536847,1.718656,0.694378
-0.325837,1.457023,1.364193,1.618047,0.684776
0.10014,1.543358,1.456915,1.588083,0.670137
-0.112849,1.457023,1.453717,1.518936,0.657244
-0.112849,1.19798,1.194737,1.416042,0.654454
0.313128,1.284334,1.373785,1.347525,0.654454
0.10014,1.327511,1.284261,1.305309,0.65655
0.10014,1.413846,1.370588,1.245949,0.721402
0.526117,1.111645,1.118002,1.153375,0.791042
0.739105,0.852603,0.948546,1.07407,0.843562
0.739105,0.852603,0.862219,1.039114,0.896486
0.952093,0.89578,0.951743,0.955219,0.970934
0.952093,0.766268,0.77909,0.8756,1.044
0.952093,0.679914,0.692763,0.799283,1.132116
1.165082,0.507225,0.523307,0.773158,1.206063
1.165082,0.377713,0.43698,0.764441,1.323995
1.165082,0.420872,0.43698,0.758325,1.433681
1.37807,-0.010841,0.008544,0.758,1.542485
1.165082,-0.097194,-0.08098,0.760044,1.640407
0.952093,-0.31306,-0.256831,0.762378,1.71711
1.165082,-0.658437,-0.685267,0.767402,1.813173
1.165082,-0.744791,-0.771594,0.816591,1.892118
1.165082,-0.874303,-0.857921,0.902952,1.916183
0.952093,-0.787949,-0.774791,0.993618,1.922848
0.739105,-0.91748,-0.864315,1.111147,1.962848
0.526117,-0.528925,-0.608533,1.176298,2.02425
0.313128,-0.572084,-0.525403,1.243543,2.025
-0.112849,-0.528925,-0.531798,1.2891,2.025
0.10014,-0.485749,-0.5286,1.351625,2.02425
0.313128,-0.269883,-0.266423,1.369899,1.975571
-0.751815,-0.097194,-0.196083,1.406321,1.890287
-0.751815,0.032318,-0.023429,1.426178,1.803558
-0.538826,0.075494,0.066095,1.483067,1.697267
-0.964803,0.420872,0.405007,1.572625,1.5945
-1.39078,0.420872,0.484939,1.6332,1.491
-1.177791,0.161848,0.229157,1.693009,1.372375
-1.39078,0.248183,0.312286,1.743398,1.209307
-1.603768,0.420872,0.481742,1.78175,1.067643
-1.603768,0.464049,0.481742,1.921992,0.999285
-1.603768,0.464049,0.395415,1.95276,0.943123
-1.603768,0.29136,0.309089,1.998766,0.916178
-1.816757,-0.010841,-0.039416,2.049853,0.887394
-1.603768,-0.010841,-0.036218,2.1125,0.875467
-1.39078,-0.226706,-0.292001,2.19527,0.875467
-1.816757,-0.399395,-0.471049,2.296472,0.875467
-1.816757,-0.787949,-0.816356,2.322516,0.911527
-1.603768,-0.831126,-0.899486,2.343445,1.030477
-1.816757,-1.046991,-1.075336,2.363601,1.180051
-1.39078,-1.521881,-1.500575,2.373883,1.287943
-1.39078,-1.392369,-1.414249,2.37234,1.427096
-1.39078,-1.521881,-1.500575,2.372337,1.572668
-0.751815,-1.910435,-1.922617,2.369921,1.671675
-0.538826,-1.8241,-1.91942,2.326125,1.765604
-0.325837,-2.039965,-2.002549,2.292944,1.838345
-0.112849,-2.083142,-2.085679,2.259829,1.884704
0.526117,-1.694588,-1.4718,2.22911,2.127796
0.739105,-1.306034,-1.295949,2.206567,2.35276
0.952093,-1.176503,-1.206425,2.105516,2.36695
1.165082,-1.090168,-1.030574,1.983619,2.3705
1.165082,-0.831126,-0.771594,1.8606,2.369875
1.165082,-0.874303,-0.771594,1.68418,2.36715
1.165082,-0.658437,-0.598941,1.589648,2.367425
1.165082,-0.18353,-0.167307,1.509594,2.364525
0.952093,-0.140371,-0.084178,1.368217,2.349905
0.952093,-0.140371,-0.084178,1.216673,2.339082
0.952093,-0.18353,-0.170504,1.109459,2.323845
0.952093,-0.097194,-0.170504,1.076967,2.280102
0.739105,0.334537,0.430586,1.062115,2.18991
0.739105,0.464049,0.516912,1.050992,2.073178
0.526117,0.679914,0.686369,1.036447,1.9215
0.526117,0.89578,0.945349,1.016599,1.81035
0.739105,0.89578,0.948546,0.937642,1.742617
0.313128,1.284334,1.373785,0.886717,1.628316
0.10014,1.543358,1.543241,0.876,1.522884
0.313128,1.629711,1.546439,0.871508,1.380621
0.313128,1.672888,1.460112,0.851597,1.2796
-0.112849,1.457023,1.453717,0.83426,1.141125
0.10014,1.370669,1.370588,0.83186,0.966436
-0.112849,1.19798,1.281064,0.832487,0.836516
-0.538826,1.413846,1.360996,0.832487,0.782
-0.112849,1.241157,1.194737,0.832487,0.782
-0.538826,1.19798,1.188342,0.98695,0.689941
-1.177791,0.852603,0.833444,1.110835,0.660649
-1.177791,0.766268,0.747117,1.204413,0.641652
-0.964803,0.593561,0.577661,1.292071,0.638294
-0.964803,0.550402,0.491334,1.399605,0.637988
-0.964803,0.248183,0.146027,1.505228,0.639877
-1.177791,0.161848,0.056503,1.586643,0.650736
-1.39078,-0.097194,-0.119348,1.653113,0.686041
-1.177791,-0.140371,-0.202477,1.704106,0.803448
-1.39078,-0.356237,-0.378328,1.819049,0.861608
-0.964803,-0.528925,-0.45826,1.883212,0.931447
-1.177791,-0.744791,-0.720438,1.9799,0.99759
-0.964803,-0.831126,-0.803567,2.078835,1.061083
-0.964803,-0.960638,-0.976221,2.087,1.165863
-0.964803,-1.392369,-1.407854,2.087,1.235351
-0.964803,-1.392369,-1.407854,2.087,1.352032
-0.751815,-1.478722,-1.404657,2.081711,1.527179
-0.538826,-1.478722,-1.487786,2.07971,1.646427
-0.325837,-1.478722,-1.398262,2.078033,1.767181
0.10014,-1.435546,-1.478194,2.057143,1.907438
0.10014,-1.478722,-1.564521,2.047,1.999314
1.165082,-1.867277,-1.807515,2.047,2.017842
1.165082,-1.8241,-1.807515,1.955945,2.111969
1.37807,-1.521881,-1.459011,1.794521,2.24376
1.37807,-1.478722,-1.459011,1.716428,2.30389
1.165082,-1.046991,-1.116901,1.621586,2.373395
1.165082,-0.960638,-0.944248,1.551671,2.428394
1.165082,-0.572084,-0.512614,1.464464,2.478
1.37807,-0.356237,-0.336763,1.400203,2.478
1.165082,-0.31306,-0.253634,1.332566,2.478
1.37807,-0.399395,-0.336763,1.269003,2.466978
1.165082,-0.356237,-0.33996,1.214537,2.411957
1.165082,-0.097194,-0.08098,1.14735,2.340386
1.165082,0.075494,0.091673,1.095901,2.241734
0.952093,0.075494,0.174803,0.933245,2.19957
0.739105,0.118671,0.171605,0.848223,2.123462
0.739105,0.248183,0.257932,0.844214,2.051955
0.526117,0.464049,0.427388,0.844214,1.97703
0.739105,0.679914,0.689566,0.844214,1.865714
0.739105,0.852603,0.948546,0.851553,1.784662
0.526117,1.068468,1.031675,0.863,1.69044
0.313128,0.938956,0.942151,0.864125,1.592515
0.313128,1.154822,1.114805,0.86981,1.467327
0.313128,1.025292,1.028478,0.873149,1.347746
-0.112849,1.586535,1.453717,0.876541,1.252771
0.10014,1.759223,1.802222,0.877715,1.1473
0.313128,1.845577,1.805419,0.874902,1.109472
0.313128,1.586535,1.546439,0.881617,0.87832
0.313128,1.457023,1.373785,0.889565,0.767863
0.10014,1.241157,1.197934,0.895359,0.711053
0.10014,1.19798,1.197934,0.897701,0.701761
-0.112849,1.154822,1.194737,0.90501,0.701761
-0.112849,1.025292,1.10841,0.941884,0.701761
-0.325837,0.938956,1.018886,1.027809,0.728683
-0.112849,0.852603,0.84943,1.062479,0.774919
-0.325837,0.852603,0.846233,1.13275,0.86425
-0.538826,0.723091,0.670382,1.221834,0.91208
0.10014,0.334537,0.334667,1.3045,0.9379
0.313128,0.507225,0.510518,1.372731,0.989303
0.10014,-0.054018,-0.01064,1.432551,1.022504
0.313128,-0.572084,-0.525403,1.45575,1.058261
0.526117,-0.61526,-0.694859,1.458194,1.2194
0.739105,-0.442572,-0.519009,1.477448,1.353625
0.739105,-0.960638,-0.950642,1.49,1.453715
0.952093,-1.176503,-1.120098,1.493774,1.573845
0.952093,-1.521881,-1.465405,1.510724,1.675512
0.10014,-1.910435,-1.909828,1.531007,1.800765
0.313128,-2.126301,-2.079284,1.533064,1.909142
0.10014,-2.126301,-2.082482,1.537566,2.002875
0.313128,-1.996789,-1.647651,1.542625,2.107425
-0.112849,-2.169477,-2.085679,1.548317,2.194198
-1.39078,-1.8241,-1.845882,1.588498,2.269573
-0.964803,-1.435546,-1.407854,1.658767,2.290897
-1.177791,-1.090168,-1.152071,1.712967,2.290897
-0.964803,-1.133327,-1.148874,1.79655,2.293521
-1.39078,-1.003815,-1.068942,1.940786,2.294328
-0.964803,-0.874303,-0.889894,1.996197,2.233076
-1.39078,-0.485749,-0.550981,2.013497,2.221285
-1.603768,-0.442572,-0.467852,2.074039,2.164974
-1.177791,-0.269883,-0.375131,2.123917,2.100185
-1.39078,-0.140371,-0.205674,2.141199,2.051202
-1.177791,0.075494,0.14283,2.1563,1.994434
-0.964803,0.161848,0.146027,2.149624,1.901515
-1.177791,0.205006,0.14283,2.13843,1.8191
-0.964803,0.248183,0.232354,2.155468,1.719492
-0.964803,0.550402,0.577661,2.169359,1.692806
-0.964803,0.766268,0.750314,2.1868,1.661786
-0.964803,0.852603,0.836641,2.177875,1.488533
-0.751815,0.938956,1.012492,2.131474,1.3448
-0.751815,1.068468,1.098818,2.078342,1.26575
-0.751815,1.111645,1.098818,2.053706,1.2132
-0.751815,1.413846,1.357799,2.032915,1.135437
-0.538826,1.500199,1.533649,1.94344,1.087655
-0.538826,1.629711,1.533649,1.897421,1.043976
-0.325837,1.586535,1.536847,1.866333,0.94284
-0.325837,1.370669,1.364193,1.804234,0.861537
-0.112849,1.19798,1.281064,1.722855,0.792207
-0.325837,1.154822,1.19154,1.66375,0.722475
0.10014,1.025292,1.197934,1.537498,0.71126
-0.112849,1.025292,0.935757,1.440682,0.7035
-0.112849,0.852603,0.935757,1.386461,0.69652
-0.112849,1.327511,1.626371,1.317799,0.6939
0.313128,0.766268,0.769498,1.277168,0.70032
0.739105,0.29136,0.257932,1.22346,0.716104
0.952093,0.118671,0.174803,1.190724,0.740848
0.952093,0.334537,0.347456,1.164708,0.844903
1.165082,0.377713,0.350653,1.157728,0.92934
1.165082,0.205006,0.264327,1.15,1.009443
1.37807,0.161848,0.267524,1.139823,1.109225
1.37807,0.075494,0.09487,1.09715,1.204775
1.37807,0.032318,0.008544,1.020966,1.299094
1.37807,-0.010841,0.09487,0.960044,1.442912
1.37807,-0.18353,-0.16411,0.932523,1.561253
1.591059,-0.356237,-0.333566,0.92827,1.671459
1.37807,-0.442572,-0.509417,0.918518,1.762543
1.37807,-0.442572,-0.42309,0.872774,1.878129
1.591059,-0.658437,-0.7652,0.858625,1.941375
1.37807,-0.831126,-0.768397,0.858,2.051621
1.37807,-1.090168,-1.113704,0.858,2.149257
1.591059,-0.960638,-0.937853,0.870738,2.172555
1.37807,-1.306034,-1.372684,0.9097,2.191226
1.37807,-1.392369,-1.372684,0.942565,2.211121
1.165082,-1.780923,-1.721188,0.99379,2.225743
0.952093,-1.780923,-1.810712,1.05575,2.256083
0.952093,-2.083142,-2.069692,1.304858,2.2796
0.313128,-2.083142,-1.992958,1.372245,2.311089
-0.112849,-1.8241,-1.826699,1.406921,2.337859
-0.112849,-2.083142,-1.999352,1.457125,2.347671
-0.964803,-1.910435,-1.925815,1.460862,2.359168
-0.538826,-1.8241,-1.91942,1.500766,2.361
-0.964803,-1.435546,-1.407854,1.576554,2.357918
-0.112849,-1.306034,-1.222412,1.687336,2.351249
0.10014,-1.21968,-1.305541,1.764885,2.35
-0.325837,-0.960638,-0.880302,1.820932,2.345062
-0.112849,-0.701614,-0.790778,1.917744,2.23817
0.10014,-0.572084,-0.614927,2.037736,2.070812
0.10014,-0.701614,-0.701254,2.066657,2.05382
-0.112849,-0.356237,-0.272817,2.109331,2.049569
0.313128,0.032318,-0.007443,2.109331,2.032329
0.313128,-0.010841,0.165211,2.06596,2.008608
0.10014,-0.097194,-0.01064,2.020073,2.00175
0.10014,0.420872,0.50732,1.960085,1.9946
0.526117,0.464049,0.427388,1.874375,1.973677
0.526117,0.723091,0.686369,1.824723,1.952097
0.313128,1.025292,0.942151,1.699927,1.930507
0.10014,1.457023,1.370588,1.66298,1.884287
0.313128,1.543358,1.546439,1.632538,1.798943
0.10014,1.457023,1.888548,1.594735,1.690184
0.313128,1.716065,1.632765,1.486825,1.628715
0.313128,1.759223,1.632765,1.369185,1.600814
-0.112849,2.147777,2.058004,1.276375,1.555
-0.112849,2.147777,2.144331,1.214111,1.5085
-0.112849,2.061442,2.058004,1.14017,1.453777
0.10014,2.018266,1.974875,1.054238,1.363406
0.10014,1.543358,1.543241,1.021617,1.225583
0.10014,1.672888,1.715895,0.961559,1.143369
-0.112849,1.370669,1.367391,0.88725,1.090375
-0.112849,1.370669,1.367391,0.816661,0.981746
-0.112849,1.19798,1.194737,0.788566,0.92089
-0.325837,1.111645,1.105213,0.757701,0.802307
-0.112849,1.284334,1.194737,0.743569,0.728265
-0.538826,1.025292,1.015689,0.737951,0.657344
-0.964803,0.766268,0.750314,0.737951,0.614904
-0.964803,0.723091,0.663987,0.737951,0.60892
-1.177791,0.723091,0.66079,0.749398,0.607918
-1.177791,0.636737,0.66079,0.83576,0.608251
-1.39078,0.636737,0.571266,0.925453,0.619791
-1.39078,0.550402,0.571266,0.988284,0.646313
-1.603768,0.334537,0.309089,1.102562,0.667804
-1.177791,0.248183,0.229157,1.203537,0.673
-1.603768,0.032318,0.050108,1.31186,0.678103
-1.603768,0.032318,-0.036218,1.372223,0.689
-1.39078,-0.226706,-0.292001,1.473848,0.6896
-1.603768,-0.31306,-0.295198,1.587732,0.690125
-1.603768,-0.658437,-0.640505,1.697789,0.6885
-1.39078,-0.61526,-0.637308,1.851188,0.687
-1.177791,-1.003815,-1.065745,1.948233,0.700762
-1.39078,-1.090168,-1.068942,2.0421,0.735047
-0.964803,-1.21968,-1.148874,2.157125,0.79152
-0.538826,-1.349192,-1.315133,2.208631,0.837199
-0.538826,-1.435546,-1.40146,2.233092,0.87178
0.952093,-1.521881,-1.465405,2.235685,1.004755
0.952093,-1.306034,-1.292752,2.240442,1.115992
1.165082,-1.21968,-1.203228,2.245528,1.24176
1.165082,-0.874303,-0.857921,2.255291,1.357954
1.165082,-0.960638,-0.857921,2.275375,1.48768
1.37807,-0.658437,-0.768397,2.27775,1.63425
1.165082,-0.485749,-0.512614,2.2625,1.708756
1.591059,-0.399395,-0.419893,2.256654,1.72608
1.165082,-0.528925,-0.426287,2.155187,1.880373
1.37807,-0.226706,-0.250436,2.103258,2.012777
1.37807,-0.31306,-0.250436,2.044329,2.07925
1.165082,-0.356237,-0.33996,1.983343,2.196851
0.952093,-0.18353,-0.256831,1.934335,2.326308
0.952093,0.248183,0.347456,1.910641,2.366006
0.739105,0.161848,0.171605,1.855408,2.392842
0.739105,0.852603,0.862219,1.795559,2.398311
0.526117,0.507225,0.513715,1.673041,2.404104
0.526117,0.679914,0.686369,1.555052,2.408547
0.313128,0.766268,0.769498,1.492671,2.434984
0.526117,0.766268,0.859022,1.31275,2.442248
0.313128,1.111645,0.942151,1.256152,2.442248
0.10014,1.370669,1.284261,1.163258,2.442042
0.10014,1.19798,1.197934,1.055449,2.40088
0.313128,1.068468,1.028478,1.022582,2.34058
0.313128,0.982115,0.942151,0.962749,2.285107
0.526117,1.025292,0.945349,0.917155,2.24956
0.313128,0.852603,0.855825,0.910841,2.222796
0.10014,0.593561,0.593647,0.910841,2.204654
0.10014,0.550402,0.50732,0.911391,2.149704
0.313128,0.420872,0.424191,0.918375,2.053261
0.313128,0.032318,0.078884,0.919,1.931284
0.313128,0.075494,0.165211,0.919,1.82895
0.526117,-0.356237,-0.263226,0.9172,1.730988
0.313128,-0.269883,-0.266423,0.913166,1.668176
0.526117,-0.442572,-0.522206,0.913,1.607428
0.526117,-0.528925,-0.608533,0.913,1.495969
0.526117,-0.787949,-0.781186,0.915187,1.361049
0.739105,-0.744791,-0.777989,0.930103,1.265583
-0.325837,-1.21968,-1.225609,0.974823,1.179247
-0.325837,-1.608234,-1.570916,1.066443,1.168
-0.325837,-1.737746,-1.743569,1.067022,1.146274
-0.751815,-1.8241,-1.836291,1.092174,1.119171
-0.751815,-1.780923,-1.749964,1.108794,1.129619
-0.538826,-1.996789,-1.91942,1.107909,1.125701
-0.538826,-1.910435,-1.91942,1.106737,1.142539
-0.964803,-1.694588,-1.753161,1.15039,1.255027
-0.538826,-1.651411,-1.574113,1.216501,1.32939
-1.177791,-1.392369,-1.497378,1.293997,1.418584
-1.39078,-1.349192,-1.327922,1.358334,1.485106
-1.39078,-0.91748,-0.982615,1.405528,1.534324
-1.39078,-0.658437,-0.723635,1.436328,1.6213
-1.603768,-0.485749,-0.467852,1.450575,1.698276
-1.177791,-0.399395,-0.461457,1.478914,1.819537
-1.603768,-0.18353,-0.295198,1.517978,1.883559
-1.39078,-0.31306,-0.292001,1.609008,1.886973
-1.603768,0.032318,0.050108,1.710171,1.912676
-1.816757,-0.054018,-0.039416,1.763688,1.942658
-1.603768,0.118671,0.136435,1.822123,1.952955
-1.603768,0.161848,0.136435,1.906497,1.957812
-1.39078,0.161848,0.225959,2.01466,1.961354
-0.964803,0.334537,0.318681,2.076305,1.962365
-1.39078,0.550402,0.571266,2.157852,1.962365
-1.39078,0.636737,0.657593,2.206,1.925628
-1.177791,0.982115,1.178751,2.20675,1.880621
-1.177791,0.809426,0.747117,2.209756,1.8521
-0.751815,1.457023,1.530452,2.208146,1.810795
-0.325837,1.025292,1.018886,2.207,1.769058
-0.751815,0.679914,0.667185,2.207386,1.695066
-1.177791,0.852603,0.833444,2.199675,1.592781
-0.964803,0.852603,0.836641,2.190189,1.471351
-0.751815,0.938956,0.839838,2.193214,1.293417
-0.538826,0.809426,0.756709,2.162384,1.251159
-0.112849,0.852603,0.84943,2.152591,1.205917
-0.325837,0.852603,0.759906,2.143605,1.101814
-0.112849,0.809426,0.763103,2.134835,1.014631
0.10014,0.550402,0.50732,2.101937,0.958655
-0.325837,0.507225,0.587253,2.042466,0.920175
0.952093,0.679914,0.606436,1.992172,0.90574
0.739105,0.679914,0.689566,1.940352,0.895025
0.313128,0.679914,0.596844,1.89239,0.872422
0.526117,0.248183,0.254735,1.857016,0.809242
0.952093,0.118671,0.002149,1.823555,0.784
1.165082,0.377713,0.43698,1.765865,0.784
0.952093,0.248183,0.174803,1.662995,0.797597
1.165082,0.118671,0.178,1.631431,0.865121
1.37807,0.075494,0.09487,1.587451,0.90788
1.37807,0.032318,0.008544,1.566589,0.938393
1.37807,-0.18353,-0.16411,1.526793,0.943429
1.37807,0.032318,0.09487,1.450461,0.957463
1.37807,-0.356237,0.09487,1.352666,0.994228
1.591059,-0.399395,-0.333566,1.308694,1.034711
1.165082,-0.356237,-0.33996,1.234626,1.170221
1.165082,-0.787949,-0.771594,1.214336,1.230375
1.37807,-0.874303,-0.854724,1.18439,1.308607
1.37807,-1.046991,-1.027377,1.1465,1.397433
0.952093,-0.960638,-0.947445,1.121402,1.484853
1.165082,-1.392369,-1.375881,1.039961,1.540786
0.952093,-1.521881,-1.465405,0.976363,1.587266
0.526117,-1.521881,-1.558127,0.937359,1.654664
0.526117,-1.565058,-1.558127,0.926788,1.752625
0.952093,-1.478722,-2.156019,0.9129,1.83734
0.526117,-2.169477,-2.248741,0.90722,1.919022
0.10014,-2.169477,-2.168808,0.895203,1.95848
0.10014,-2.083142,-2.082482,0.873,2.070928
-0.751815,-1.651411,-1.663637,0.873,2.161835
-0.964803,-1.694588,-1.753161,0.873,2.205859
-0.538826,-1.392369,-1.40146,0.890784,2.207159
-1.603768,-1.306034,-1.158466,0.951897,2.208459
-1.39078,-1.349192,-1.327922,1.015371,2.220306
-2.029745,-1.21968,-1.16486,1.076827,2.221181
-1.39078,-0.61526,-0.637308,1.11875,2.221181
-1.39078,-0.485749,-0.550981,1.210422,2.256168
-1.39078,-0.31306,-0.378328,1.291728,2.290021
-1.177791,-0.226706,-0.461457,1.360913,2.3025
-1.39078,-0.097194,-0.119348,1.461959,2.302709
-1.39078,-0.18353,-0.119348,1.56496,2.306051
-1.39078,-0.054018,-0.119348,1.63475,2.304989
-0.964803,-0.442572,-0.371933,1.69524,2.30151
-1.177791,-0.442572,-0.461457,1.74961,2.274918
-1.177791,-0.18353,-0.288804,1.919499,2.175666
-0.964803,-0.226706,-0.19928,2.016327,2.142857
-0.964803,0.032318,-0.026626,2.031,2.106165
-0.538826,-0.010841,0.066095,2.037552,2.01239
-0.538826,0.161848,0.066095,2.06077,1.969439
-0.325837,0.334537,0.328272,2.0989,1.939107
-0.751815,0.377713,0.321878,2.11145,1.907476
-0.112849,0.334537,0.33147,2.1376,1.833589
-0.538826,0.809426,0.756709,2.16126,1.73804
-0.112849,0.679914,0.676777,2.177039,1.661746
-0.325837,0.982115,1.105213,2.180923,1.560568
0.313128,1.025292,1.028478,2.181895,1.464656
0.313128,0.89578,0.769498,2.175331,1.357651
0.739105,0.852603,0.775893,2.133651,1.312745
0.739105,0.938956,0.948546,2.087927,1.2805
0.526117,0.938956,0.945349,2.058511,1.2202
0.739105,0.852603,0.862219,2.037029,1.215
0.739105,0.723091,0.775893,2.010084,1.2126
0.952093,0.593561,0.606436,1.950339,1.215119
1.165082,0.723091,0.69596,1.91024,1.244318
1.165082,0.334537,0.350653,1.866611,1.256
1.165082,0.377713,0.350653,1.815926,1.256
1.37807,0.248183,0.267524,1.756532,1.254376
1.165082,0.29136,0.264327,1.623444,1.23329
1.165082,0.248183,0.264327,1.570647,1.230233
1.37807,-0.226706,-0.250436,1.493868,1.227416
1.37807,-0.356237,-0.336763,1.380025,1.219611
1.37807,-0.31306,-0.250436,1.299148,1.208493
1.37807,-0.572084,-0.509417,1.211639,1.20843
1.37807,-0.744791,-0.768397,1.132388,1.2174
1.37807,-0.874303,-0.854724,1.038091,1.22075
1.37807,-0.91748,-0.854724,0.965,1.224
1.165082,-1.133327,-1.116901,0.935212,1.259437
1.37807,-1.21968,-1.200031,0.92468,1.313202
1.165082,-1.392369,-1.289555,0.874721,1.382167
0.952093,-1.435546,-1.465405,0.832375,1.473375
0.739105,-1.392369,-1.382276,0.767628,1.560356
0.526117,-1.478722,-1.4718,0.718953,1.637958
0.313128,-1.651411,-1.647651,0.716141,1.694388
0.313128,-2.083142,-1.992958,0.716141,1.77866
0.10014,-2.039965,-1.996155,0.71798,1.837463
0.526117,-1.565058,-1.558127,0.742882,1.920435
0.952093,-1.392369,-1.465405,0.793038,1.946462
0.526117,-1.176503,-1.126493,0.81086,2.020659
0.526117,-0.744791,-0.694859,0.825225,2.111855
0.313128,-0.787949,-0.698057,0.84888,2.228971
0.739105,-0.399395,-0.346355,0.91454,2.273924
0.739105,-0.097194,-0.173702,1.002625,2.285797
0.739105,-0.140371,-0.087375,1.073648,2.30071
0.526117,0.205006,0.254735,1.141381,2.311114
0.313128,0.377713,0.337864,1.198437,2.312953
-0.112849,0.593561,0.676777,1.259978,2.324343
0.10014,0.766268,0.766301,1.335426,2.329336
0.10014,0.938956,0.766301,1.383195,2.329336
0.313128,0.852603,1.028478,1.463,2.329134
0.313128,1.19798,1.201132,1.556875,2.305625
0.313128,1.154822,1.114805,1.619922,2.246879
0.313128,1.370669,1.373785,1.676562,2.208504
-0.112849,1.716065,1.885351,1.74772,2.18863
0.10014,1.8024,1.888548,1.7885,2.1646
0.10014,1.586535,1.629568,1.7885,2.149352
0.10014,2.147777,2.061202,1.7885,2.139915
-0.112849,2.061442,2.058004,1.760244,2.115934
-0.112849,2.104619,2.144331,1.724852,2.094855
-0.325837,1.975089,2.054807,1.596367,2.08375
0.10014,1.8024,1.802222,1.536411,2.068201
-0.325837,1.457023,1.536847,1.483565,2.011809
-0.112849,1.543358,1.540044,1.447228,1.932432
-0.325837,1.500199,1.45052,1.379356,1.87351
-0.751815,1.284334,1.271472,1.316588,1.807354
-0.325837,1.284334,1.277867,1.232867,1.726675
-0.964803,1.413846,1.354601,1.149724,1.681106
-1.177791,1.154822,1.178751,1.029443,1.565117
-0.751815,0.89578,0.839838,1.014031,1.437058
-0.964803,0.593561,0.663987,0.985287,1.354775
-1.177791,0.766268,0.66079,0.939451,1.267132
-1.177791,0.723091,0.66079,0.885543,1.20456
-2.029745,0.636737,0.561674,0.825862,1.086858
-1.603768,0.161848,0.222762,0.807911,0.950115
-1.177791,-0.010841,-0.029824,0.807911,0.879907
-1.177791,-0.269883,-0.202477,0.807911,0.816923
-1.177791,-0.18353,-0.202477,0.811142,0.759486
-0.964803,-0.874303,-0.889894,0.832948,0.645987
-1.603768,-1.262857,-1.244793,0.842041,0.587135
-1.39078,-1.176503,-1.241595,0.856679,0.553826
-1.39078,-1.435546,-1.500575,0.902906,0.527984
-1.177791,-1.651411,-1.670032,1.015881,0.527984
-1.177791,-1.910435,-1.842685,1.0947,0.527984
-1.177791,-1.867277,-1.842685,1.160976,0.54024
-1.177791,-1.996789,-2.015339,1.234303,0.54917
-0.964803,-1.8241,-1.839488,1.335716,0.5505
-0.538826,-1.521881,-1.487786,1.447799,0.551875
-0.325837,-1.694588,-1.743569,1.55304,0.558306
-0.325837,-1.651411,-1.657243,1.627017,0.567516
-0.112849,-1.565058,-1.654045,1.683492,0.568942
0.10014,-1.478722,-1.478194,1.746103,0.60455
0.739105,-1.392369,-1.295949,1.804474,0.673987
0.952093,-1.478722,-1.379079,1.85532,0.74252
1.165082,-1.133327,-1.203228,1.923702,0.784163
1.165082,-1.003815,-1.030574,2.006313,0.817374
1.165082,-0.61526,-0.512614,2.127977,0.867312
1.165082,-0.61526,-0.512614,2.2073,0.9099
1.37807,0.161848,-0.509417,2.26485,0.96265
1.37807,-0.356237,-0.336763,2.289176,1.037715
1.37807,-0.226706,-0.16411,2.30909,1.125864
1.165082,-0.31306,-0.33996,2.318251,1.208661
1.165082,-0.18353,-0.253634,2.323946,1.332915
0.952093,-0.269883,-0.170504,2.34775,1.40474
0.952093,-0.010841,0.002149,2.378029,1.513617
0.739105,0.075494,0.085279,2.403,1.639146
0.952093,0.334537,0.433783,2.403,1.760973
0.739105,0.334537,0.257932,2.403,1.836614
0.952093,0.679914,0.606436,2.398024,1.902459
0.526117,0.593561,0.686369,2.314479,1.973266
0.526117,0.982115,1.031675,2.264125,2.036625
0.952093,0.852603,0.865417,2.252775,2.078672
0.526117,1.154822,1.118002,2.239265,2.097297
0.313128,1.154822,1.201132,2.17825,2.12001
0.313128,1.370669,1.373785,2.025216,2.159183
0.10014,1.672888,1.456915,1.857938,2.166227
0.313128,1.543358,1.460112,1.797441,2.182026
0.10014,1.19798,1.284261,1.74695,2.198395
-0.325837,1.457023,1.45052,1.657,2.2055
-0.112849,1.457023,1.367391,1.551803,2.230766
-0.325837,1.586535,1.536847,1.460223,2.256003
-0.112849,1.370669,1.453717,1.413083,2.276
-0.325837,1.370669,1.364193,1.311621,2.276
-0.325837,1.716065,2.054807,1.173806,2.276
-0.538826,1.413846,1.360996,1.085078,2.270234
-0.325837,1.500199,1.536847,1.033925,2.253821
-0.751815,1.457023,1.530452,0.951711,2.231063
-1.177791,1.413846,1.351404,0.933,2.199277
-0.751815,1.154822,1.185145,0.933,2.171698
-0.538826,0.89578,0.929362,0.933,2.126317
-0.964803,1.025292,0.922968,0.934956,2.038915
-0.964803,1.025292,0.922968,0.934337,1.990329
-1.177791,0.89578,0.91977,0.934337,1.919346
-1.39078,0.852603,0.74392,0.929767,1.821521
-0.964803,0.679914,0.577661,0.884083,1.714519
-1.39078,0.464049,0.484939,0.852292,1.643292
-1.177791,0.334537,0.40181,0.839434,1.56064
-1.603768,0.29136,0.222762,0.830879,1.493038
-1.177791,0.205006,0.229157,0.821603,1.40009
-0.964803,-0.140371,-0.19928,0.812164,1.33475
-1.39078,-0.226706,-0.205674,0.786014,1.232165
-0.964803,-0.269883,-0.371933,0.782852,1.011509
-0.964803,-0.356237,-0.45826,0.789801,0.880385
-0.751815,-0.787949,-0.886696,0.815556,0.753968
-1.177791,-1.046991,-0.893091,0.844804,0.720009
-0.751815,-0.744791,-0.80037,0.901277,0.697666
-0.538826,-1.090168,-1.056153,0.951535,0.67219
-0.751815,-1.392369,-1.490984,1.037451,0.641705
-0.325837,-1.478722,-1.570916,1.148685,0.566583
-0.325837,-1.133327,-1.225609,1.220497,0.51432
0.10014,-1.392369,-1.391868,1.325563,0.48627
0.10014,-1.349192,-1.305541,1.386816,0.484666
0.952093,-1.176503,-1.120098,1.46176,0.4845
0.952093,-1.21968,-1.206425,1.546327,0.487056
1.165082,-1.046991,-1.116901,1.62071,0.520321
1.165082,-0.787949,-0.944248,1.686105,0.591817
1.37807,-0.960638,-0.854724,1.781165,0.618242
1.37807,-0.787949,-0.768397,1.883567,0.639131
1.165082,-0.701614,-0.685267,1.988823,0.69064
1.165082,-0.18353,-0.167307,2.044,0.76175
1.165082,-0.140371,-0.167307,2.048,0.813057
1.37807,-0.010841,0.008544,2.048197,0.92117
1.37807,0.377713,0.353851,2.06098,1.009119
1.37807,0.075494,0.09487,2.0661,1.126236
1.165082,0.377713,0.350653,2.0661,1.21007
1.37807,0.420872,0.440177,2.07154,1.324925
0.952093,0.636737,0.692763,2.074,1.397062
0.952093,0.550402,0.52011,2.074,1.490569
0.952093,0.723091,0.77909,2.073226,1.643769
0.739105,1.111645,1.121199,2.045126,1.738315
0.739105,0.852603,0.948546,2.02875,1.815215
0.739105,1.025292,1.121199,2.02875,1.866886
0.313128,1.370669,1.373785,2.014606,1.896318
0.10014,1.284334,1.456915,1.998251,1.949667
0.10014,1.8024,1.715895,1.989916,2.014276
0.313128,1.759223,1.719092,1.963049,2.125454
0.313128,1.888754,1.891746,1.939236,2.186594
0.10014,1.716065,1.802222,1.879902,2.212197
0.10014,1.845577,1.802222,1.755268,2.218322
0.10014,1.457023,1.543241,1.665257,2.222136
-0.112849,1.543358,1.540044,1.591126,2.232359
-0.112849,1.370669,1.367391,1.485402,2.262849
-0.325837,1.543358,1.45052,1.427637,2.318052
-0.538826,1.457023,1.447323,1.355015,2.337099
-0.112849,1.284334,1.367391,1.279412,2.337099
-1.177791,1.241157,1.265077,1.170051,2.337099
-0.751815,0.938956,1.185145,1.114746,2.319175
-1.177791,0.766268,0.747117,1.060693,2.239648
-0.964803,0.766268,0.836641,0.945037,2.227486
-1.39078,0.723091,0.657593,0.836397,2.215535
-0.964803,0.723091,0.750314,0.757275,2.181713
-1.603768,0.593561,0.568069,0.702051,2.111776
-1.816757,0.507225,0.392218,0.65825,2.0405
-1.39078,0.593561,0.571266,0.647889,1.947575
-1.177791,0.593561,0.66079,0.640901,1.825172
-1.603768,0.507225,0.568069,0.634894,1.691206
-1.603768,0.377713,0.395415,0.627842,1.548852
-1.39078,0.377713,0.571266,0.626209,1.444559
-1.603768,0.464049,0.481742,0.626709,1.334134
-1.603768,0.464049,0.309089,0.626709,1.231347
-1.816757,0.29136,0.305891,0.642355,1.10575
-1.816757,0.334537,0.305891,0.676267,1.00699
-1.816757,0.420872,0.392218,0.727583,0.896583
-1.39078,0.248183,0.225959,0.754358,0.810955
-0.964803,0.205006,0.232354,0.78429,0.686552
-1.39078,0.161848,0.139633,0.802061,0.600964
-0.964803,0.161848,0.0597,0.900681,0.584651
-0.538826,-0.054018,-0.106559,1.008224,0.584651
-0.538826,-0.097194,-0.106559,1.126324,0.576164
-0.325837,0.420872,0.414599,1.223128,0.572333
-0.112849,0.161848,0.158816,1.309958,0.5641
-0.112849,0.205006,0.072489,1.418929,0.567918
-0.112849,0.118671,0.245143,1.52872,0.577125
0.10014,0.032318,0.075687,1.61822,0.579
0.313128,-0.097194,-0.007443,1.710506,0.580483
0.313128,-0.18353,-0.007443,1.797488,0.604391
0.739105,0.420872,0.430586,1.894495,0.62785
0.739105,0.420872,0.430586,1.987994,0.694789
0.739105,0.334537,0.344259,2.0926,0.747827
0.952093,0.464049,0.52011,2.183417,0.789331
1.165082,0.550402,0.609634,2.22682,0.849065
1.165082,0.334537,0.350653,2.230615,0.898707
1.37807,0.248183,0.353851,2.248321,0.942472
1.37807,0.161848,0.181197,2.25455,0.998746
1.37807,0.464049,0.440177,2.261988,1.017039
1.591059,0.377713,0.357048,2.256125,1.021217
1.37807,0.420872,0.353851,2.242653,1.026192
1.591059,0.377713,0.443375,2.240657,1.039073
1.37807,0.032318,0.181197,2.230036,1.06059
1.37807,0.118671,0.181197,2.162589,1.069738
1.37807,0.075494,0.181197,2.065927,1.083275
1.591059,-0.054018,0.011741,1.950314,1.127791
1.165082,-0.442572,-0.426287,1.8774,1.236661
1.37807,-0.442572,-0.595743,1.839439,1.3265
0.952093,-0.744791,-0.688465,1.738625,1.377625
1.37807,-0.91748,-0.94105,1.672638,1.400313
1.591059,-1.21968,-1.110507,1.579436,1.411345
1.165082,-1.133327,-1.116901,1.504206,1.429302
0.952093,-1.392369,-1.292752,1.391646,1.477634
0.952093,-1.478722,-1.465405,1.313246,1.547575
0.526117,-1.651411,-1.73078,1.220063,1.63076
0.313128,-1.996789,-1.906631,1.147527,1.704391
0.313128,-1.996789,-1.906631,1.073638,1.746526
0.10014,-1.780923,-1.909828,0.997908,1.763857
-0.112849,-1.996789,-1.913025,0.887371,1.808717
-1.39078,-2.039965,-1.932209,0.794827,1.871655
-0.964803,-1.8241,-1.753161,0.747638,1.94475
-0.964803,-1.694588,-1.666834,0.734494,2.021704
-1.603768,-1.262857,-1.331119,0.724087,2.075488
-1.39078,-0.960638,-1.068942,0.707093,2.135336
-1.603768,-0.61526,-0.640505,0.704668,2.193325
-1.603768,-0.701614,-0.726832,0.704668,2.228391
-1.603768,-0.31306,-0.381525,0.713738,2.229
-1.177791,-0.356237,-0.375131,0.774297,2.229
-1.603768,-0.010841,-0.036218,0.8476,2.2233
-1.603768,-0.054018,-0.122545,0.899309,2.192806
-1.816757,0.118671,0.046911,0.934555,2.154903
-1.39078,0.161848,0.139633,1.013201,1.998497
-1.603768,0.377713,0.309089,1.114173,1.998497
-1.39078,0.334537,0.312286,1.19499,1.998497
-1.603768,0.723091,0.913376,1.438227,2.101376
-1.603768,0.723091,0.568069,1.513566,2.212531
-1.39078,0.938956,0.916573,1.57695,2.220863
-1.177791,0.89578,0.91977,1.654022,2.223763
-0.964803,1.154822,1.095621,1.793494,2.225545
-1.177791,1.111645,1.092424,1.869875,2.225298
-1.177791,1.154822,1.178751,1.953934,2.22445
-0.325837,1.672888,1.536847,1.999731,2.206514
-0.325837,1.716065,1.7095,2.059494,2.149402
-0.112849,1.8024,1.712697,2.196943,2.019323
-0.325837,1.716065,1.623173,2.252375,1.967065
-0.325837,1.8024,1.795827,2.315431,1.872468
-0.751815,1.543358,1.616779,2.315431,1.839201
-0.325837,1.543358,1.536847,2.315431,1.713638
-0.112849,1.716065,1.712697,2.312966,1.59525
-0.325837,1.8024,1.795827,2.310458,1.510758
0.10014,1.716065,1.715895,2.305005,1.3334
-0.112849,1.8024,1.712697,2.29921,1.25325
0.10014,1.629711,1.543241,2.276923,1.209138
0.526117,0.938956,0.945349,2.262,1.119027
0.313128,1.284334,1.287458,2.243786,1.016975
0.526117,1.111645,1.118002,2.193221,0.954297
0.313128,0.938956,1.028478,2.162756,0.931258
0.739105,0.766268,0.775893,2.090288,0.919714
1.165082,0.809426,0.868614,1.999073,0.868592
0.952093,0.29136,0.261129,1.97332,0.791162
0.952093,0.507225,0.52011,1.890546,0.685097
0.952093,0.507225,0.433783,1.826114,0.670379
1.165082,0.29136,0.350653,1.724817,0.662061
1.37807,0.205006,0.267524,1.637323,0.657805
1.591059,-0.18353,-0.160912,1.548051,0.652334
1.37807,0.118671,0.181197,1.479286,0.64825
1.37807,0.118671,0.181197,1.399453,0.652875
1.37807,0.118671,0.09487,1.296985,0.656
1.37807,-0.054018,0.09487,1.220557,0.656
1.37807,-0.226706,-0.16411,1.150731,0.659329
1.37807,-0.399395,-0.336763,1.086733,0.688152
1.165082,-0.399395,-0.33996,1.050018,0.727348
1.37807,-0.658437,-0.595743,1.034,0.78646
1.37807,-0.744791,-0.68207,1.005633,0.82415
1.165082,-0.787949,-0.771594,0.958718,0.87029
1.37807,-0.701614,-0.768397,0.954687,0.930286
1.165082,-0.874303,-0.857921,0.954836,0.983329
0.526117,-0.399395,-0.349552,0.96337,1.04512
0.10014,-0.399395,-0.355947,0.964653,1.152396
-0.112849,-0.658437,-0.618124,0.957921,1.214054
-0.325837,-0.097194,-0.189688,0.950042,1.312335
-0.538826,-0.097194,-0.106559,0.931533,1.432467
-0.964803,0.377713,0.491334,0.926261,1.520272
-0.751815,0.161848,0.062898,0.926261,1.609952
-0.964803,0.420872,-0.026626,0.922482,1.726169
-1.177791,0.205006,0.14283,0.917431,1.827512
-1.177791,0.593561,0.488137,0.911086,1.881313
-1.39078,0.636737,0.657593,0.902741,2.011271
-1.39078,0.766268,0.74392,0.903406,2.095847
-1.39078,0.550402,0.484939,0.904,2.158698
-1.39078,0.550402,0.484939,0.904,2.160073
-1.603768,0.464049,0.481742,0.934968,2.163005
-1.39078,0.032318,0.053306,1.030557,2.174316
-1.39078,0.032318,-0.033021,1.087015,2.166433
-1.177791,-0.356237,-0.029824,1.110304,2.159768
-1.39078,-0.356237,-0.292001,1.14614,2.157244
-1.177791,-0.269883,-0.288804,1.204432,2.148403
-0.964803,-0.960638,-0.976221,1.244962,2.084977
-0.751815,-1.435546,-1.404657,1.279394,1.97321
-0.964803,-1.392369,-1.407854,1.30405,1.8698
0.10014,-1.565058,-1.564521,1.338365,1.77041
-0.112849,-1.478722,-1.481392,1.412421,1.695354
0.952093,-1.651411,-1.638059,1.496719,1.602049
1.165082,-1.565058,-1.548535,1.526096,1.52653
1.37807,-1.521881,-1.459011,1.602112,1.428163
1.165082,-1.133327,-0.857921,1.662651,1.285996
1.37807,-0.960638,-1.027377,1.682749,1.184956
1.165082,-0.831126,-0.857921,1.736406,1.072629
1.165082,-0.658437,-0.685267,1.8776,0.938
1.37807,-0.485749,-0.509417,1.939071,0.898863
1.591059,-0.485749,-0.419893,2.013581,0.812462
1.37807,-0.442572,-0.42309,2.086442,0.75679
1.37807,-0.054018,0.008544,2.146831,0.744902
1.165082,-0.31306,-0.253634,2.201411,0.744902
1.37807,-0.269883,-0.250436,2.221929,0.744902
1.165082,-0.140371,-0.08098,2.2359,0.76478
1.165082,-0.054018,0.005346,2.244702,0.850446
0.952093,0.161848,0.261129,2.263814,0.973989
0.952093,0.248183,0.261129,2.276625,1.068208
1.165082,0.118671,0.178,2.289491,1.15126
0.952093,0.550402,0.606436,2.304817,1.267446
0.739105,0.723091,0.689566,2.303059,1.350447
0.952093,0.89578,0.865417,2.252326,1.421314
0.739105,0.938956,0.948546,2.1735,1.604
0.526117,1.025292,0.859022,2.161536,1.697864
0.10014,1.025292,1.025281,2.139496,1.825483
0.313128,1.327511,1.287458,2.132659,1.921522
0.10014,1.284334,1.370588,2.063329,2.075456
0.313128,1.241157,1.287458,1.966525,2.142453
0.10014,1.284334,1.370588,1.904612,2.167394
0.10014,1.370669,1.284261,1.798957,2.185509
0.10014,1.111645,1.197934,1.711846,2.248843
-0.112849,1.068468,1.10841,1.646998,2.291677
-0.112849,0.938956,1.022084,1.502794,2.353435
-0.112849,1.284334,1.194737,1.391744,2.439
-0.325837,1.068468,1.105213,1.31221,2.439
-0.538826,1.154822,1.102016,1.23679,2.439
-0.538826,1.025292,1.102016,1.172894,2.419093
-0.325837,0.982115,1.018886,1.078079,2.375132
-0.538826,0.852603,0.929362,0.931288,2.347449
-0.751815,1.241157,1.185145,0.872066,2.31541
-1.177791,0.636737,0.574463,0.8225,2.275315
-1.177791,0.550402,0.40181,0.809,2.206
-1.39078,0.89578,0.74392,0.808375,2.146824
-1.603768,0.464049,0.481742,0.801531,2.05931
-1.39078,0.593561,0.571266,0.780518,1.978069
-1.816757,0.377713,0.392218,0.773778,1.863051
-1.603768,0.29136,0.309089,0.762565,1.747869
-1.603768,0.032318,-0.036218,0.707292,1.649963
-1.603768,0.032318,-0.036218,0.693253,1.572307
-1.603768,-0.097194,-0.122545,0.693253,1.482177
-1.603768,-0.18353,-0.208872,0.693253,1.443789
-1.177791,-0.399395,-0.375131,0.740128,1.272722
-1.177791,-0.485749,-0.461457,0.781096,1.183581
-1.603768,-0.701614,-0.813159,0.800826,1.090483
-1.39078,-0.744791,-0.809962,0.813302,0.99551
-1.39078,-0.787949,-0.809962,0.836546,0.898844
-1.39078,-1.21968,-1.241595,0.882004,0.7376
-0.964803,-1.392369,-1.321527,0.948876,0.711713
-0.964803,-1.694588,-1.753161,1.051835,0.707933
-1.177791,-1.608234,-1.670032,1.13588,0.702705
-0.964803,-1.8241,-1.753161,1.243896,0.695871
-0.964803,-1.694588,-1.753161,1.332642,0.695062
-0.751815,-1.392369,-1.490984,1.4411,0.657754
-0.538826,-1.565058,-1.574113,1.540335,0.617291
-0.964803,-1.565058,-1.494181,1.617178,0.616041
-1.177791,-1.046991,-1.065745,1.710878,0.613424
0.10014,-0.91748,-0.960234,1.798295,0.6095
0.313128,-0.787949,-0.698057,1.891966,0.687332
-0.112849,-0.269883,-0.186491,1.975846,0.74786
-0.325837,-0.18353,-0.189688,2.081812,0.760365
-0.325837,0.075494,0.069292,2.19425,0.776159
-0.112849,0.161848,0.158816,2.270991,0.796422
-0.538826,0.723091,0.670382,2.293374,0.834985
0.10014,0.679914,0.593647,2.296,0.906817
-0.325837,0.593561,0.673579,2.296,1.012126
-0.325837,1.370669,1.277867,2.291,1.117273
-0.112849,1.457023,1.367391,2.298833,1.237422
-0.112849,1.543358,1.453717,2.314232,1.34586
-0.112849,1.586535,1.453717,2.302928,1.452867
0.10014,1.284334,1.284261,2.292373,1.580234
0.10014,1.284334,1.197934,2.291,1.707322
0.10014,1.241157,0.852627,2.28939,1.804182
0.313128,1.111645,1.028478,2.257488,1.865237
0.526117,0.852603,0.945349,2.213038,1.935723
0.313128,0.938956,0.942151,2.180126,2.002871
0.526117,0.766268,0.772695,2.164766,2.027114
0.526117,0.420872,0.513715,2.147154,2.056937
0.739105,0.334537,0.257932,2.119197,2.056937
0.952093,0.161848,0.261129,2.0912,2.052078
0.952093,0.334537,0.261129,2.048981,1.973623
0.952093,0.29136,0.261129,2.016525,1.878985
1.37807,0.205006,0.181197,1.943203,1.776285
1.37807,0.205006,0.181197,1.880678,1.702556
1.37807,0.334537,0.267524,1.818023,1.628489
1.165082,0.118671,0.178,1.752773,1.591803
1.37807,-0.18353,-0.16411,1.699938,1.523375
1.165082,-0.269883,-0.253634,1.58607,1.420713
1.37807,-0.269883,-0.16411,1.519337,1.29975
1.37807,-0.485749,-0.509417,1.479417,1.21758
1.37807,-0.658437,-0.595743,1.428722,1.144798
1.591059,-0.787949,-0.7652,1.3375,1.04575
1.37807,-1.003815,-1.027377,1.259006,1.021719
1.37807,-1.003815,-1.027377,1.140605,1.000216
1.165082,-1.21968,-1.203228,1.084165,0.987682
1.37807,-1.521881,-1.545338,1.03,0.987682
0.952093,-1.867277,-1.810712,1.022667,0.987682
0.739105,-1.780923,-1.81391,1.020692,1.035539
0.526117,-2.126301,-2.162414,1.0092,1.169451
0.10014,-2.255831,-2.255135,0.984847,1.210761
-0.325837,-1.996789,-2.175203,0.957063,1.28975
-0.751815,-1.996789,-2.008944,0.940364,1.411288
-0.964803,-1.565058,-1.666834,0.928711,1.511246
-1.177791,-1.565058,-1.583705,0.91577,1.631224
-1.177791,-1.478722,-1.497378,0.898457,1.742425
-0.751815,-1.349192,-1.31833,0.884498,1.818495
-0.751815,-1.090168,-1.31833,0.877803,1.887775
-1.177791,-1.21968,-1.238398,0.882634,1.972758
-1.177791,-0.787949,-0.720438,0.886166,2.058797
-1.177791,-0.787949,-0.806764,0.888708,2.107669
-1.39078,-0.18353,-0.292001,0.896783,2.117599
-1.39078,-0.269883,-0.292001,0.951618,2.126735
-1.603768,0.29136,0.222762,1.022432,2.138417
-1.39078,-0.226706,-0.205674,1.099289,2.1426
-1.816757,0.118671,0.133238,1.135432,2.176428
-1.39078,0.118671,0.053306,1.189199,2.256651
-1.603768,0.075494,0.050108,1.251036,2.31195
-1.39078,0.248183,0.225959,1.360712,2.333011
-1.177791,0.032318,0.056503,1.468225,2.339586
-1.177791,0.593561,0.574463,1.575325,2.344594
-1.603768,0.593561,0.568069,1.656921,2.349211
-0.751815,0.766268,0.753512,1.784687,2.352089
-0.538826,0.809426,0.756709,1.83825,2.3538
-0.538826,0.938956,0.843036,1.889318,2.3538
-0.325837,0.982115,0.93256,1.914938,2.3538
-0.112849,1.068468,1.10841,1.964478,2.29204
0.10014,1.025292,1.025281,1.987847,2.172671
0.10014,0.982115,0.938954,2.040569,2.049222
0.10014,0.550402,0.593647,2.107,2.010078
0.313128,0.507225,0.510518,2.1115,1.946676
0.739105,0.550402,0.775893,2.124382,1.874326
0.739105,0.420872,0.516912,2.144014,1.791276
0.526117,0.507225,0.513715,2.151,1.702847
0.526117,0.29136,0.341062,2.150211,1.501197
0.526117,0.161848,0.168408,2.114935,1.35
0.526117,0.118671,0.168408,2.105639,1.321249
0.526117,0.118671,0.082081,2.113614,1.278896
0.313128,-0.054018,-0.093769,2.1021,1.203605
0.313128,-0.097194,-0.007443,2.098036,1.116511
0.10014,-0.010841,-0.096967,2.083125,1.079689
-0.325837,0.161848,0.069292,2.058514,1.071308
-0.112849,0.075494,-0.013837,2.006104,1.06375
-0.325837,-0.097194,-0.017035,1.955991,1.050945
-0.751815,-0.097194,-0.109756,1.909068,1.044842
-0.538826,-0.356237,-0.279212,1.872719,1.030828
-0.538826,-0.356237,-0.365539,1.811369,0.975811
-0.751815,-0.442572,-0.455063,1.716075,0.9617
-0.964803,-0.399395,-0.371933,1.605114,0.9617
-0.751815,-0.442572,-0.54139,1.51799,0.9617
-0.964803,-0.442572,-0.45826,1.472348,0.969925
-0.964803,-0.442572,-0.371933,1.42826,0.98511
-0.964803,-0.356237,-0.285607,1.367881,1.00375
-1.177791,-0.528925,-0.461457,1.260757,1.043162
-1.177791,-0.31306,-0.288804,1.187571,1.092132
-0.325837,-0.442572,-0.448668,1.1378,1.1428
-0.751815,-0.399395,-0.455063,1.115574,1.188324
-0.538826,-0.442572,-0.451866,1.108,1.253198
-0.538826,-0.485749,-0.451866,1.103566,1.346718
-0.325837,-0.054018,-0.362341,1.101693,1.453475
-0.325837,0.032318,-0.017035,1.09224,1.537187
0.10014,-0.054018,-0.096967,1.06175,1.623046
0.10014,0.205006,0.24834,1.059,1.674213
-0.112849,0.075494,0.158816,1.059,1.702333
0.313128,0.420872,0.424191,1.062136,1.702333
0.526117,0.334537,0.341062,1.106269,1.706333
0.526117,0.29136,0.341062,1.179806,1.698242
0.952093,0.550402,0.52011,1.255975,1.64998
0.952093,0.809426,0.77909,1.332746,1.559292
1.165082,0.507225,0.523307,1.378505,1.515771
0.952093,0.464049,0.433783,1.468718,1.497875
1.165082,0.420872,0.350653,1.568148,1.494567
1.165082,0.205006,0.264327,1.582671,1.494736
0.952093,0.377713,0.433783,1.622548,1.495561
1.165082,0.248183,0.264327,1.660324,1.495561
1.37807,0.032318,0.181197,1.819391,1.474569
1.804047,0.075494,0.101265,1.887,1.429796
1.591059,0.118671,0.184395,1.892384,1.408816
1.37807,-0.18353,-0.16411,1.896532,1.401145
1.591059,0.205006,0.184395,1.892,1.408816
1.591059,-0.18353,-0.247239,1.842868,1.505592
1.591059,-0.31306,-0.333566,1.771413,1.526689
1.37807,-0.572084,-0.509417,1.724377,1.535
1.591059,-0.874303,-0.7652,1.67464,1.535
1.37807,-0.960638,-0.94105,1.6177,1.534492
1.591059,-0.960638,-1.02418,1.47056,1.520706
1.37807,-1.306034,-1.286357,1.379495,1.514
1.37807,-1.435546,-1.372684,1.290704,1.514
0.952093,-1.565058,-1.465405,1.1975,1.514
0.952093,-1.521881,-1.638059,1.087905,1.521305
0.739105,-1.651411,-1.641256,1.0395,1.566087
0.739105,-1.953612,-2.07289,1.003123,1.626868
0.952093,-2.169477,-2.156019,0.934032,1.689336
0.526117,-1.996789,-1.903434,0.846688,1.723866
0.10014,-2.385343,-2.341462,0.796122,1.785049
-0.112849,-2.169477,-2.172006,0.788945,1.874168
-0.538826,-2.039965,-2.092074,0.784904,1.971855
-0.325837,-1.737746,-1.743569,0.782851,2.050723
-0.325837,-1.737746,-1.743569,0.782747,2.072848
-0.751815,-1.392369,-1.31833,0.786085,2.133148
-0.964803,-1.21968,-1.321527,0.792825,2.199935
-1.177791,-1.046991,-1.152071,0.794,2.279398
-1.39078,-1.046991,-1.068942,0.819875,2.298916
-1.39078,-0.831126,-0.809962,0.844192,2.30092
-1.177791,-0.91748,-0.893091,0.93654,2.310295
-1.39078,-0.140371,-0.119348,1.031774,2.323004
-1.603768,-0.010841,-0.036218,1.181505,2.329259
-2.029745,-0.140371,-0.042613,1.464707,2.347138
-1.603768,-0.054018,-0.036218,1.563883,2.358
-1.39078,0.205006,0.225959,1.650873,2.358
-1.177791,0.29136,0.488137,1.700464,2.358
-1.177791,0.29136,0.229157,1.705269,2.3568
-1.39078,0.377713,0.312286,1.708519,2.357135
-1.603768,0.723091,0.654396,1.756701,2.3575
-1.177791,0.464049,0.488137,1.801834,2.35425
-1.39078,0.938956,0.916573,1.833135,2.348
-1.39078,0.982115,0.916573,1.853234,2.353771
-1.177791,1.025292,1.006097,1.880944,2.354171
-0.964803,0.982115,1.009294,1.931388,2.350903
-0.964803,0.982115,1.009294,1.975139,2.283469
-0.964803,1.457023,1.181948,1.999781,2.061333
-0.538826,0.938956,0.929362,2.086051,1.969941
-0.325837,1.543358,1.364193,2.132375,1.916491
-0.538826,1.19798,1.188342,2.14001,1.801598
-0.325837,1.284334,1.277867,2.180205,1.686938
-0.751815,1.284334,1.444125,2.224223,1.638418
0.10014,1.284334,1.284261,2.238964,1.464459
0.10014,1.19798,1.111608,2.261929,1.322927
0.313128,1.025292,1.028478,2.261929,1.266264
0.526117,1.154822,1.118002,2.261929,1.23465
0.526117,1.025292,0.945349,2.242243,1.201889
0.526117,0.766268,0.859022,2.209067,1.137277
0.739105,0.766268,0.689566,2.200871,1.075971
0.739105,0.248183,0.257932,2.182232,0.989733
0.526117,0.29136,0.341062,2.173379,0.920714
0.952093,0.377713,0.433783,2.10443,0.890848
0.952093,0.334537,0.347456,1.99338,0.883859
1.37807,0.377713,0.440177,1.945429,0.8746
1.165082,0.334537,0.350653,1.909803,0.849906
1.165082,0.248183,0.264327,1.877972,0.772694
1.165082,0.161848,0.091673,1.847095,0.694
1.37807,0.161848,0.09487,1.756091,0.694
1.165082,-0.097194,0.005346,1.6542,0.694
1.37807,-0.054018,-0.16411,1.566196,0.711
1.165082,-0.097194,-0.08098,1.529156,0.744976
1.591059,-0.356237,-0.333566,1.482118,0.7669
1.591059,-0.61526,-0.592546,1.424021,0.769475
1.591059,-0.572084,-0.592546,1.31879,0.775106
1.591059,-0.572084,-0.419893,1.248804,0.777155
1.591059,-0.61526,-0.592546,1.173555,0.834295
1.37807,-0.658437,-0.68207,1.126133,0.926264
0.952093,-0.61526,-0.602138,1.104414,0.99392
1.165082,-0.61526,-0.598941,1.052595,1.102381
0.739105,-0.787949,-0.864315,0.967692,1.243959
0.526117,-0.91748,-0.867513,0.944036,1.282811
0.526117,-0.960638,-0.953839,0.914441,1.347098
0.313128,-1.003815,-0.957037,0.84445,1.457327
-0.112849,-0.874303,-0.877105,0.831297,1.579315
-0.112849,-0.787949,-0.790778,0.82788,1.724347
-0.112849,-0.528925,-0.618124,0.822308,1.800594
-0.538826,-0.528925,-0.538192,0.798841,1.929509
-0.112849,-0.269883,-0.445471,0.766512,2.018034
-1.816757,-0.140371,-0.039416,0.762391,2.148992
-1.177791,0.161848,0.229157,0.762391,2.218087
-1.603768,0.29136,0.136435,0.787349,2.231089
-1.603768,0.334537,0.309089,0.880156,2.239824
-1.816757,0.248183,0.219565,0.946217,2.252265
-2.242733,0.723091,0.47215,1.002553,2.258775
-1.39078,0.89578,0.657593,1.08303,2.266715
-1.39078,0.766268,0.74392,1.241672,2.272
-1.603768,0.766268,0.827049,1.430957,2.272
-1.39078,0.852603,0.830246,1.56688,2.272
-1.39078,0.809426,0.74392,1.574822,2.268286
-1.177791,0.679914,0.66079,1.551761,2.211698
-1.177791,0.464049,0.574463,1.40198,2.064742
-1.177791,0.420872,0.40181,1.376668,1.954075
-1.39078,0.248183,0.139633,1.374657,1.892376
-1.177791,0.205006,0.14283,1.434,1.842656
-1.603768,-0.097194,-0.122545,1.456303,1.805996
-1.177791,-0.269883,-0.375131,1.55049,1.733397
-1.39078,-0.356237,-0.378328,1.64689,1.605328
-1.177791,-0.658437,-0.806764,1.693,1.549
-1.177791,-0.831126,-0.806764,1.695045,1.477667
-1.177791,-0.960638,-0.893091,1.752963,1.322622
-1.177791,-0.960638,-0.979418,1.814152,1.244246
-1.39078,-1.176503,-1.241595,1.874128,1.157723
-1.39078,-1.478722,-1.500575,1.934932,1.099552
-0.964803,-1.478722,-1.580508,2.019219,1.01905
-1.39078,-1.565058,-1.586902,2.075524,0.917857
-1.39078,-1.737746,-1.759556,2.095556,0.829082
-1.39078,-1.867277,-1.932209,2.127847,0.804791
-1.177791,-1.910435,-1.929012,2.151769,0.790627
-0.751815,-1.953612,-2.095271,2.19735,0.781704
0.10014,-1.996789,-2.082482,2.241841,0.73954
0.526117,-2.255831,-2.076087,2.286355,0.711
0.952093,-1.780923,-1.897039,2.296,0.711
1.165082,-1.694588,-1.634862,2.296,0.711
1.165082,-1.565058,-1.462208,2.296,0.721282
1.37807,-1.21968,-1.200031,2.277831,0.802213
1.591059,-0.874303,-0.851526,2.251655,0.905163
1.37807,-0.744791,-0.509417,2.251655,1.014884
1.37807,-0.399395,-0.42309,2.251655,1.151005
1.37807,-0.269883,-0.250436,2.250326,1.269874
1.37807,-0.31306,-0.250436,2.259769,1.342241
1.165082,-0.226706,-0.167307,2.259769,1.399063
1.37807,-0.010841,0.008544,2.259269,1.555042
1.165082,0.248183,0.091673,2.241875,1.699098
1.165082,0.29136,0.091673,2.2395,1.773257
1.37807,0.507225,0.612831,2.2395,1.860268
1.165082,0.636737,0.523307,2.25,1.946698
0.952093,0.550402,0.52011,2.244382,2.069559
0.952093,0.679914,0.692763,2.253,2.190075
0.739105,0.593561,0.603239,2.253,2.235297
0.526117,0.89578,0.859022,2.234739,2.318488
0.739105,0.766268,0.689566,2.152055,2.3536
0.526117,0.766268,0.859022,2.052,2.422375
0.313128,1.370669,1.460112,1.995683,2.474249
0.10014,1.413846,1.284261,1.947653,2.506729
0.313128,1.629711,1.719092,1.838698,2.5262
0.313128,1.284334,1.373785,1.724014,2.5262
0.10014,1.543358,1.543241,1.610261,2.528174
0.313128,1.845577,1.460112,1.48786,2.507816
0.313128,1.370669,1.373785,1.450276,2.4938
0.10014,1.370669,1.370588,1.320458,2.49375
0.10014,1.629711,1.715895,1.198,2.469271
-0.325837,1.716065,1.7095,1.11375,2.410242
-0.538826,1.370669,1.533649,1.022548,2.375875
-0.751815,1.413846,1.444125,0.974428,2.325165
-0.538826,1.370669,1.274669,0.948672,2.244893
-0.751815,1.284334,1.271472,0.878958,2.184376
-0.538826,1.111645,1.102016,0.796997,2.106959
-0.964803,1.19798,1.181948,0.731481,2.015101
-0.751815,1.241157,1.271472,0.72375,1.899442
-0.751815,1.370669,1.357799,0.72375,1.81925
-0.964803,1.284334,1.181948,0.72375,1.71576
-0.538826,1.111645,1.102016,0.738286,1.593298
-0.964803,1.111645,1.095621,0.756711,1.492445
-0.538826,1.111645,1.015689,0.757,1.42975
-0.751815,0.636737,0.667185,0.757,1.286176
-0.538826,0.593561,0.584055,0.761911,1.162113
-0.964803,0.420872,0.318681,0.765279,1.059
-0.538826,0.420872,0.411402,0.765279,0.987057
-0.325837,0.118671,0.069292,0.771748,0.914714
-0.112849,0.075494,0.33147,0.835552,0.807091
-0.112849,-0.269883,-0.186491,0.918132,0.737257
-0.112849,-0.18353,-0.186491,1.030601,0.658757
0.10014,-0.528925,-0.442274,1.116813,0.608294
0.313128,-0.572084,-0.525403,1.185652,0.519957
0.526117,-0.874303,-0.867513,1.255352,0.487361
0.526117,-0.960638,-0.867513,1.337776,0.479641
0.739105,-1.003815,-1.036969,1.432788,0.4745
0.952093,-1.133327,-1.120098,1.534624,0.484086
1.165082,-1.306034,-1.289555,1.618156,0.501181
0.952093,-1.21968,-1.292752,1.714353,0.54919
0.952093,-1.651411,-1.638059,1.773116,0.566859
0.952093,-1.694588,-1.638059,1.8245,0.602256
0.526117,-1.910435,-1.817107,1.8245,0.646022
0.313128,-1.8241,-1.820304,1.8245,0.669524
-0.112849,-1.651411,-1.740372,1.8073,0.7199
-0.112849,-2.083142,-2.085679,1.744875,0.79725
-0.325837,-2.298989,-2.26153,1.709911,0.891284
-0.538826,-1.996789,-1.91942,1.695831,1.032966
-1.39078,-1.867277,-1.845882,1.666333,1.098196
-1.39078,-1.392369,-1.586902,1.623525,1.212251
-1.177791,-1.262857,-1.324725,1.613244,1.325596
-1.603768,-1.176503,-1.244793,1.5953,1.461614
-1.177791,-1.21968,-1.152071,1.57994,1.564093
-1.39078,-0.874303,-0.896288,1.526085,1.698093
-1.39078,-0.528925,-0.637308,1.502947,1.832627
-1.177791,-0.61526,-0.634111,1.502947,1.955321
-1.603768,-0.442572,-0.381525,1.503813,2.062985
-1.816757,0.205006,0.133238,1.510395,2.148675
-1.39078,0.032318,-0.033021,1.524541,2.18864
-1.603768,0.118671,0.050108,1.540181,2.230685
-1.603768,0.334537,0.395415,1.5636,2.389133
-1.39078,0.464049,0.398613,1.595898,2.401273
-1.177791,0.29136,0.315483,1.665153,2.401273
-1.177791,0.420872,0.40181,1.728798,2.400745
-1.39078,0.766268,0.657593,1.798834,2.368908
-0.964803,0.636737,0.663987,1.857426,2.343816
-1.177791,1.068468,1.092424,1.918896,2.32567
-1.177791,1.111645,1.178751,2.058696,2.23358
-0.964803,1.025292,1.095621,2.125948,2.153187
-0.751815,1.19798,1.185145,2.133752,2.12475
-0.751815,1.284334,1.271472,2.166668,2.0762
-0.325837,1.19798,1.364193,2.193378,2.009786
-0.325837,1.284334,1.19154,2.211381,1.95929
-0.112849,1.629711,1.540044,2.253798,1.8709
-0.112849,1.543358,1.540044,2.264475,1.778125
0.10014,1.284334,1.284261,2.28687,1.662828
-0.325837,1.284334,1.19154,2.310942,1.596915
0.739105,1.154822,1.207526,2.32709,1.491166
0.526117,1.19798,1.290656,2.307783,1.413569
0.952093,0.766268,0.865417,2.277607,1.349349
0.526117,0.766268,0.772695,2.206377,1.304683
0.739105,0.679914,0.775893,2.188021,1.231817
0.739105,0.464049,0.862219,2.18046,1.040663
0.952093,0.507225,0.52011,2.176478,1.002013
1.165082,0.636737,0.609634,2.161447,0.951452
1.165082,0.334537,0.350653,2.084298,0.90177
1.37807,0.420872,0.353851,2.012083,0.8705
1.37807,0.550402,0.612831,1.937042,0.856367
1.37807,0.075494,0.181197,1.868208,0.800474
1.591059,0.075494,0.098068,1.823481,0.766184
1.165082,-0.054018,-0.08098,1.739568,0.720581
1.37807,-0.226706,-0.077783,1.645727,0.675234
1.37807,-0.140371,-0.16411,1.554821,0.674349
1.37807,-0.18353,-0.16411,1.4415,0.673759
1.591059,-0.572084,-0.592546,1.351658,0.674688
1.165082,-0.831126,-0.771594,1.306975,0.679673
1.591059,-1.003815,-0.937853,1.251255,0.687826
1.591059,-1.133327,-1.02418,1.20376,0.703348
1.591059,-1.262857,-1.28316,1.144992,0.729509
1.37807,-1.392369,-1.372684,1.066779,0.83667
1.165082,-1.608234,-1.634862,1.034125,0.928036
0.952093,-1.910435,-1.810712,1.027274,1.008117
0.952093,-2.169477,-2.069692,1.021193,1.133085
0.526117,-1.910435,-1.903434,0.980335,1.25911
0.739105,-1.953612,-1.900236,0.9245,1.3321
0.10014,-1.996789,-2.168808,0.894653,1.450582
-0.112849,-2.083142,-1.654045,0.865293,1.554004
-0.538826,-1.780923,-1.66044,0.861037,1.651261
-0.538826,-1.478722,-1.487786,0.852613,1.756657
-0.325837,-1.608234,-1.657243,0.846877,1.850024
-0.751815,-1.176503,-1.145677,0.828512,1.910862
-0.751815,-1.262857,-1.232003,0.8105,2.020648
-1.39078,-0.744791,-0.723635,0.8105,2.097012
-0.964803,-0.744791,-0.71724,0.812875,2.143271
-1.39078,-0.269883,-0.292001,0.8284,2.210317
-1.39078,-0.097194,-0.119348,0.893425,2.223066
-1.177791,0.205006,0.14283,0.970519,2.232921
-1.39078,0.032318,0.053306,1.049783,2.235304
-0.964803,0.248183,0.232354,1.104489,2.24351
-1.177791,0.29136,0.229157,1.16809,2.293671
-1.39078,0.593561,0.225959,1.269007,2.3456
-1.39078,0.723091,0.74392,1.334785,2.378614
-1.39078,0.679914,0.74392,1.434913,2.389
-1.603768,0.766268,0.740722,1.543639,2.391071
-1.603768,1.111645,1.172356,1.627488,2.395024
-1.177791,0.938956,1.006097,1.687778,2.393863
-1.177791,0.852603,0.833444,1.742722,2.3887
-0.751815,0.809426,0.839838,1.800287,2.383168
-0.964803,1.154822,1.181948,1.8757,2.355595
-0.964803,1.068468,1.095621,1.930053,2.26597
-0.964803,1.327511,1.181948,1.935293,2.222519
-0.538826,1.327511,1.360996,1.940121,2.139353
-0.751815,1.19798,1.185145,1.948456,2.064838
-0.751815,1.111645,1.098818,1.959042,1.968712
-0.325837,1.111645,1.19154,2.012968,1.872034
-0.751815,0.809426,0.753512,2.031802,1.798328
-0.538826,0.852603,1.015689,2.123375,1.587383
-0.538826,0.852603,0.843036,2.136,1.521141
-0.538826,0.852603,1.102016,2.136,1.48781
-0.112849,0.550402,0.504123,2.135666,1.442573
-0.112849,0.420872,0.417796,2.101704,1.326272
-0.325837,0.161848,0.241946,2.093295,1.227447
-0.325837,0.118671,0.241946,2.080278,1.148499
-0.325837,0.075494,0.155619,2.069621,1.069183
-0.112849,-0.442572,-0.359144,2.068026,0.99094
0.313128,-0.61526,-0.525403,2.042456,0.943088
0.526117,-0.572084,-0.608533,1.981773,0.883269
0.526117,-0.528925,-0.522206,1.961191,0.834598
0.952093,-1.003815,-0.947445,1.952556,0.726936
0.952093,-0.874303,-0.861118,1.942259,0.694085
0.952093,-1.392369,-1.379079,1.930883,0.694271
1.165082,-1.306034,-1.375881,1.864115,0.694338
1.37807,-1.090168,-1.027377,1.788726,0.708853
1.37807,-1.176503,-1.113704,1.714023,0.731519
1.37807,-1.133327,-1.027377,1.668285,0.732
1.37807,-0.91748,-0.94105,1.59379,0.743124
1.591059,-0.658437,-0.678873,1.497875,0.752567
1.591059,-0.485749,-0.419893,1.469984,0.759094
1.591059,-0.399395,-0.419893,1.4635,0.775159
1.591059,-0.356237,-0.333566,1.4635,0.799516
1.37807,-0.31306,-0.336763,1.4635,0.889767
1.37807,-0.140371,-0.16411,1.480268,0.953706
1.37807,-0.18353,-0.250436,1.483769,1.029884
1.37807,-0.18353,-0.16411,1.483769,1.118778
1.37807,0.205006,0.267524,1.483827,1.219023
1.165082,0.377713,0.350653,1.482081,1.2687
1.165082,0.377713,0.43698,1.480592,1.334251
0.952093,0.205006,0.347456,1.476573,1.4628
0.739105,0.507225,0.516912,1.47525,1.641061
0.739105,0.420872,0.430586,1.475,1.770161
0.526117,0.636737,0.600042,1.468172,1.93199
0.526117,0.507225,0.513715,1.45349,2.006944
0.313128,0.852603,0.855825,1.41051,2.09782
0.313128,0.938956,0.942151,1.365127,2.22875
0.526117,1.025292,0.945349,1.351854,2.331488
0.526117,0.982115,1.031675,1.29893,2.440805
0.313128,1.111645,1.028478,1.259209,2.482393
0.10014,0.938956,0.852627,1.184561,2.522716
-0.112849,0.89578,0.935757,1.07637,2.522716
0.10014,1.154822,0.938954,0.998947,2.522716
-0.538826,1.284334,1.274669,0.893464,2.519059
-0.751815,1.19798,1.185145,0.794911,2.4891
-0.325837,1.241157,1.277867,0.747,2.412311
-0.538826,0.852603,0.843036,0.747,2.362026
-0.325837,0.809426,0.846233,0.747,2.329211
-0.751815,0.679914,0.667185,0.775667,2.239412
-0.751815,0.809426,0.753512,0.787889,2.16789
-0.964803,0.89578,0.836641,0.787889,2.091292
-1.177791,0.636737,0.574463,0.787889,1.984192
-1.39078,0.464049,0.398613,0.774,1.862142
-1.39078,0.248183,0.225959,0.774,1.771382
-1.39078,0.205006,0.139633,0.774,1.694349
-1.39078,-0.010841,-0.119348,0.789101,1.549971
-1.177791,-0.054018,-0.029824,0.821686,1.449179
-1.177791,-0.787949,-0.806764,0.842854,1.369382
-1.39078,-0.960638,-0.982615,0.876023,1.282913
-1.816757,-1.133327,-1.161663,0.90715,1.22995
-1.39078,-1.435546,-1.500575,0.911666,1.07396
-1.177791,-1.435546,-1.497378,0.914648,0.998381
-0.964803,-1.996789,-1.753161,0.917222,0.923767
-0.112849,-1.953612,-1.826699,0.991477,0.875782
-0.538826,-1.8241,-1.833093,1.106359,0.823969
-0.325837,-1.651411,-1.743569,1.20037,0.791509
0.10014,-1.565058,-1.650848,1.304251,0.746362
1.165082,-1.565058,-1.634862,1.39468,0.697511
1.37807,-1.565058,-1.631664,1.467251,0.667
1.165082,-1.565058,-1.548535,1.533865,0.667
1.37807,-1.046991,-1.027377,1.625151,0.667
1.37807,-1.046991,-1.027377,1.71456,0.6661
1.37807,-0.658437,-0.68207,1.790649,0.684192
1.37807,-0.528925,-0.42309,1.862605,0.73198
1.37807,-0.356237,-0.42309,1.970256,0.757472
1.591059,-0.097194,0.011741,2.056498,0.760282
1.591059,-0.097194,-0.074586,2.148588,0.766009
1.37807,-0.269883,-0.250436,2.208247,0.801886
1.37807,-0.140371,-0.077783,2.22251,0.87564
1.165082,-0.097194,-0.167307,2.227,0.997661
1.165082,-0.097194,-0.08098,2.229126,1.107792
0.952093,0.29136,0.261129,2.230945,1.249036
0.952093,0.205006,0.174803,2.237758,1.374851
0.952093,0.377713,0.261129,2.264,1.497675
0.952093,0.29136,0.347456,2.265925,1.584492
0.739105,0.334537,0.430586,2.2806,1.690441
0.313128,0.809426,0.855825,2.287775,1.794889
0.526117,0.938956,0.945349,2.283824,1.85255
0.10014,0.852603,0.852627,2.249196,1.936752
0.313128,1.154822,1.201132,2.202508,2.066875
0.10014,1.241157,1.370588,2.1141,2.2477
0.10014,1.543358,1.543241,1.922037,2.3685
-0.325837,1.716065,1.623173,1.863132,2.379
-0.112849,1.543358,1.540044,1.822826,2.3794
-0.325837,1.457023,1.536847,1.786161,2.421377
-0.112849,1.457023,1.367391,1.760797,2.436
-0.325837,1.500199,1.623173,1.716609,2.436
-0.325837,1.629711,1.623173,1.517891,2.4417
-0.538826,2.363643,3.346511,1.420693,2.455446
-0.751815,1.284334,1.271472,1.324635,2.455446
-0.964803,0.982115,1.009294,1.21094,2.455446
-0.964803,1.111645,1.095621,1.139847,2.450552
-1.177791,0.852603,0.91977,1.088426,2.406448
-1.177791,0.852603,0.747117,0.96907,2.380676
-0.964803,0.723091,0.836641,0.930462,2.341302
-1.39078,0.89578,0.916573,0.810281,2.311977
-1.39078,0.852603,0.916573,0.779808,2.282
-0.964803,0.852603,0.922968,0.779808,2.221645
-1.39078,0.852603,0.830246,0.779808,2.12145
-1.39078,0.938956,0.916573,0.805156,2.021777
-0.964803,0.593561,0.663987,0.846074,1.918922
-1.177791,0.118671,0.056503,0.852893,1.823875
-0.751815,0.075494,0.062898,0.858042,1.706508
-0.964803,-0.097194,-0.19928,0.866052,1.558331
-0.964803,-0.140371,-0.19928,0.866863,1.524199
-1.177791,-0.485749,-0.461457,0.865275,1.445344
-0.964803,-0.701614,-0.630914,0.867,1.345097
-0.964803,-0.701614,-0.71724,0.8744,1.229806
-0.964803,-0.91748,-1.062547,0.893626,1.081502
-0.751815,-1.306034,-1.232003,0.90188,0.916056
0.10014,-1.392369,-1.305541,0.903,0.787802
-0.325837,-1.478722,-1.484589,0.906944,0.703207
0.10014,-1.565058,-1.564521,0.926683,0.592991
0.313128,-1.565058,-1.561324,0.97164,0.549129
0.526117,-1.608234,-1.558127,1.048022,0.545755
0.739105,-1.694588,-1.727583,1.145121,0.538646
1.165082,-1.608234,-1.634862,1.239608,0.53199
1.37807,-1.651411,-1.545338,1.337438,0.526115
1.37807,-1.392369,-1.372684,1.441829,0.517806
1.804047,-1.349192,-1.193636,1.561683,0.5035
1.37807,-0.960638,-1.027377,1.664154,0.5035
1.165082,-0.960638,-0.771594,1.760865,0.505134
1.37807,-0.61526,-0.595743,1.820141,0.521044
1.37807,-0.658437,-0.68207,1.89792,0.544988
1.591059,-0.356237,-0.333566,1.975401,0.578761
1.37807,-0.31306,-0.336763,2.069042,0.585153
1.591059,-0.18353,-0.160912,2.133268,0.628931
1.591059,-0.054018,-0.160912,2.146,0.712359
1.165082,-0.097194,0.005346,2.146,0.75352
1.37807,-0.054018,0.008544,2.146,0.788875
1.37807,0.118671,0.09487,2.135875,0.845625
1.165082,-0.010841,0.091673,2.090542,0.932535
0.952093,0.29136,0.261129,2.043396,1.001581
0.952093,0.507225,0.606436,2.0067,1.076369
0.739105,0.420872,0.516912,1.991125,1.172827
0.739105,0.679914,0.603239,1.983388,1.230693
0.739105,0.982115,0.862219,1.97188,1.435061
0.526117,0.852603,0.772695,1.950652,1.552127
0.313128,1.19798,1.201132,1.940422,1.646901
0.10014,0.938956,0.852627,1.935224,1.709611
0.10014,0.982115,1.025281,1.942953,1.773337
0.313128,1.154822,1.201132,1.931113,1.840026
-0.112849,1.629711,1.626371,1.914875,1.959019
0.10014,1.543358,1.543241,1.903667,2.09514
-0.112849,1.629711,1.626371,1.890019,2.184575
-0.112849,1.413846,1.453717,1.8047,2.300071
-0.325837,1.457023,1.45052,1.765798,2.37387
-0.112849,1.19798,1.281064,1.695344,2.412573
-0.112849,1.19798,1.281064,1.557097,2.454616
-0.325837,1.284334,1.277867,1.454381,2.483865
-0.325837,1.284334,1.277867,1.36737,2.527622
-0.538826,1.370669,1.360996,1.312871,2.541048
-0.964803,1.457023,1.440928,1.1076,2.541048
-0.964803,1.154822,1.095621,1.032346,2.541048
-0.751815,0.852603,0.926165,0.962136,2.531816
-0.964803,0.982115,0.922968,0.926427,2.480418
-1.177791,0.766268,0.747117,0.874467,2.401621
-1.177791,0.89578,0.833444,0.764112,2.366159
-1.39078,0.89578,0.830246,0.684031,2.31639
-1.177791,0.938956,0.833444,0.662083,2.276481
-1.177791,0.89578,0.91977,0.662083,2.219482
-1.39078,0.938956,0.916573,0.662083,2.144387
-1.39078,0.89578,0.830246,0.6819,2.025673
-1.816757,0.766268,0.737525,0.6905,1.901625
-1.177791,0.593561,0.574463,0.69503,1.758466
-1.177791,0.248183,0.229157,0.707249,1.621965
-0.964803,0.118671,0.146027,0.711625,1.512877
-0.964803,0.075494,0.146027,0.711,1.401139
-0.751815,0.161848,0.062898,0.711,1.30224
-1.177791,0.032318,0.056503,0.716155,1.234951
-0.112849,-0.097194,-0.100164,0.764766,1.166656
0.10014,-0.097194,-0.096967,0.844358,0.982189
0.526117,0.032318,-0.004245,0.859321,0.853155
0.739105,-0.140371,-0.001048,0.878774,0.727629
0.952093,-0.010841,0.088476,0.925746,0.624422
0.952093,0.075494,0.088476,0.981621,0.601319
1.165082,0.118671,0.178,1.068516,0.595112
1.165082,0.075494,0.091673,1.1772,0.58983
1.165082,-0.010841,0.005346,1.241714,0.579875
1.37807,-0.010841,-0.077783,1.366211,0.566858
1.165082,-0.010841,0.005346,1.501586,0.526323
1.37807,-0.010841,0.09487,1.604997,0.514006
1.37807,0.075494,0.09487,1.687963,0.509161
1.37807,-0.010841,0.008544,1.769008,0.509161
1.37807,-0.054018,0.008544,1.85075,0.52861
1.591059,-0.140371,-0.160912,1.935796,0.605246
1.37807,-0.18353,-0.16411,2.04232,0.633176
1.37807,-0.269883,-0.250436,2.137873,0.648384
1.37807,-0.61526,-0.68207,2.164,0.682665
1.37807,-0.91748,-0.854724,2.164,0.740932
1.591059,-0.787949,-0.7652,2.164,0.792446
1.591059,-1.046991,-1.02418,2.112415,0.838408
1.37807,-1.133327,-1.200031,2.010082,0.901227
0.952093,-1.392369,-1.379079,1.981388,0.946554
0.739105,-1.392369,-1.382276,1.949126,1.018023
0.739105,-1.565058,-1.468603,1.92876,1.090968
0.526117,-1.910435,-1.903434,1.876564,1.247039
0.526117,-1.953612,-1.73078,1.7773,1.353152
0.10014,-2.169477,-2.082482,1.674249,1.393981
0.10014,-1.953612,-2.168808,1.576748,1.446524
-0.325837,-1.737746,-1.916223,1.478124,1.514422
-0.751815,-1.565058,-1.57731,1.375217,1.620833
-0.751815,-1.478722,-1.490984,1.282485,1.717458
-0.751815,-1.435546,-1.404657,1.1996,1.816935
-1.177791,-1.306034,-1.324725,1.116231,1.893112
-1.603768,-1.003815,-0.899486,1.006788,1.951783
-1.603768,-1.090168,-1.072139,0.940566,2.029625
-1.603768,-1.046991,-1.072139,0.927375,2.064221
-1.603768,-0.787949,-0.813159,0.91125,2.131648
-1.39078,-0.701614,-0.723635,0.902159,2.164516
-1.39078,-0.485749,-0.637308,0.903754,2.212933
-1.603768,-0.226706,-0.295198,0.905,2.240647
-1.39078,-0.269883,-0.292001,0.905,2.251125
-1.39078,-0.226706,-0.292001,0.92255,2.255625
-1.39078,0.075494,0.053306,0.96425,2.256719
-1.39078,0.161848,0.139633,1.00468,2.26
-1.177791,0.118671,0.056503,1.068951,2.26
-1.177791,0.420872,0.40181,1.197109,2.26
-0.964803,0.464049,0.405007,1.277905,2.271129
-1.177791,0.550402,0.574463,1.338911,2.269031
-0.964803,0.420872,0.405007,1.424093,2.267406
-0.964803,0.852603,0.836641,1.486258,2.267406
-0.964803,0.766268,0.836641,1.554116,2.242286
-0.538826,1.241157,1.360996,1.61598,2.204952
-0.964803,1.241157,1.009294,1.685108,2.198498
-0.964803,1.241157,1.268275,1.774237,2.190125
-0.538826,1.327511,1.274669,1.876894,2.186076
-0.325837,1.068468,1.277867,1.959451,2.1602
-0.112849,1.284334,1.281064,2.016665,2.096905
-0.325837,1.19798,1.105213,2.062048,2.029363
0.313128,1.284334,1.287458,2.080048,1.9755
0.526117,1.111645,1.118002,2.090362,1.908214
0.313128,1.025292,0.942151,2.092395,1.829529
0.313128,0.938956,0.942151,2.147173,1.760538
0.739105,0.766268,0.862219,2.224707,1.653301
0.952093,1.025292,1.03807,2.275173,1.573358
0.952093,0.852603,0.865417,2.281195,1.501842
0.739105,0.593561,0.689566,2.276445,1.391454
0.739105,0.636737,0.603239,2.23726,1.261595
0.952093,0.464049,0.433783,2.202542,1.213247
1.165082,0.334537,0.264327,2.12497,1.175032
1.165082,0.248183,0.264327,2.089328,1.098801
1.165082,0.248183,0.264327,2.067463,1.004411
1.165082,0.075494,0.178,2.033653,0.938798
1.165082,-0.226706,-0.167307,1.984674,0.8659
1.591059,-0.18353,-0.160912,1.91655,0.848635
1.37807,-0.226706,-0.250436,1.806971,0.839744
1.37807,-0.528925,-0.42309,1.732964,0.832274
1.37807,-0.528925,-0.595743,1.684863,0.830478
1.37807,-0.572084,-0.509417,1.591213,0.825503
1.37807,-0.701614,-0.68207,1.521628,0.81444
1.804047,-0.744791,-0.762002,1.473686,0.818368
0.739105,-1.176503,-1.209622,1.381875,0.820029
0.739105,-1.392369,-1.382276,1.338862,0.82814
0.739105,-1.521881,-1.382276,1.30335,0.919327
0.739105,-1.306034,-1.382276,1.281008,0.963443
0.526117,-1.21968,-1.4718,1.224565,1.006513
0.313128,-1.306034,-1.38867,1.04725,1.099132
-0.325837,-0.874303,-0.880302,0.959133,1.166887
-0.538826,-0.787949,-0.538192,0.9152,1.1829
-0.964803,-0.831126,-0.889894,0.885032,1.213738
-0.538826,-1.003815,-1.056153,0.872981,1.254377
-1.177791,-0.61526,-0.634111,0.86725,1.302369
-1.177791,-0.528925,-0.634111,0.86134,1.430062
-1.39078,-0.356237,-0.550981,0.852437,1.522405
-1.39078,-0.356237,-0.378328,0.834625,1.611391
-1.603768,-0.054018,-0.122545,0.829,1.721873
-1.816757,0.118671,-0.039416,0.829,1.822903
-1.603768,0.118671,0.050108,0.829593,1.92407
-1.603768,0.161848,0.136435,0.865199,1.975375
-1.603768,0.205006,0.222762,0.915535,2.000084
-1.603768,0.29136,0.222762,0.968222,2.019868
-1.39078,0.248183,0.225959,1.009656,2.056772
-1.177791,0.248183,0.229157,1.038039,2.112051
-1.39078,0.593561,0.571266,1.056327,2.187825
-1.39078,0.377713,0.312286,1.102431,2.218927
-1.177791,0.507225,0.315483,1.643432,2.256241
-1.177791,0.29136,0.315483,1.696471,2.259899
-1.177791,0.679914,0.66079,1.706071,2.259899
-0.964803,0.809426,0.836641,1.718103,2.258819
-1.39078,0.723091,0.74392,1.704164,2.228
-1.177791,0.679914,0.747117,1.703204,2.177591
-1.177791,0.809426,0.747117,1.703204,2.117048
-0.964803,0.809426,0.836641,1.715682,2.0761
-0.751815,0.852603,0.839838,1.753716,1.99104
-1.177791,1.025292,0.91977,1.776922,1.862464
-0.751815,1.025292,1.012492,1.816803,1.706951
-0.325837,1.025292,0.93256,1.86072,1.669974
-0.112849,1.327511,1.194737,1.899556,1.6199
-0.325837,0.938956,0.93256,1.916875,1.577742
0.10014,1.154822,1.197934,1.966773,1.540993
-0.325837,1.241157,1.19154,2.0665,1.306681
0.10014,1.111645,1.111608,2.092956,1.234883
0.10014,0.938956,0.938954,2.100277,1.158371
0.10014,1.025292,1.111608,2.108082,1.10317
0.313128,0.938956,1.028478,2.102718,1.033761
-0.112849,0.852603,0.84943,2.127387,0.980108
0.10014,0.593561,0.593647,2.129887,0.942775
0.10014,0.593561,0.50732,2.129887,0.883494
-0.112849,0.377713,0.417796,2.113102,0.876451
0.313128,0.118671,0.165211,2.081598,0.87122
0.739105,-0.097194,-0.087375,2.042486,0.867819
0.739105,-0.528925,-0.432682,1.989441,0.864906
0.526117,-0.61526,-0.694859,1.962391,0.849334
0.952093,-0.831126,-0.774791,1.942414,0.812384
1.165082,-0.91748,-0.857921,1.899833,0.793
1.165082,-0.960638,-0.944248,1.854179,0.793
1.165082,-0.658437,-0.598941,1.785,0.793
1.37807,-0.485749,-0.509417,1.725136,0.826116
1.37807,-0.61526,-0.595743,1.690256,0.863393
1.37807,-0.528925,-0.509417,1.617573,0.864
1.37807,-0.269883,-0.250436,1.554413,0.864
1.37807,-0.18353,-0.16411,1.478937,0.866169
1.591059,-0.097194,-0.074586,1.420742,0.868672
2.017035,0.118671,0.104462,1.3566,0.868672
1.165082,-0.097194,-0.08098,1.285805,0.878461
1.165082,-0.054018,0.005346,1.227315,0.965741
1.165082,0.161848,0.178,1.194017,1.030622
0.952093,0.205006,0.174803,1.186002,1.065453
1.165082,0.420872,0.350653,1.148361,1.142721
0.952093,0.118671,0.174803,1.127,1.179466
0.952093,0.636737,0.606436,1.127,1.209696
0.526117,0.507225,0.600042,1.127201,1.316432
0.526117,0.766268,0.600042,1.132554,1.386539
0.526117,0.852603,0.859022,1.195312,1.463806
0.313128,0.89578,0.855825,1.25761,1.533756
0.10014,0.89578,0.852627,1.263471,1.589488
0.313128,1.068468,1.114805,1.263471,1.690598
0.10014,1.19798,1.197934,1.263588,1.775944
0.10014,1.111645,1.111608,1.2675,1.908366
-0.112849,1.19798,1.10841,1.267118,2.044069
-0.112849,1.370669,1.281064,1.260198,2.101191
-0.112849,1.111645,1.10841,1.24335,2.250652
0.10014,1.025292,0.938954,1.233162,2.312607
-0.325837,0.89578,0.93256,1.176987,2.312607
-0.751815,1.068468,1.012492,1.091056,2.312709
-1.177791,0.723091,0.747117,1.017228,2.308691
-0.964803,0.766268,0.750314,0.940957,2.293143
-0.964803,0.464049,0.491334,0.832482,2.27449
-1.39078,0.593561,0.571266,0.738206,2.25756
-1.603768,0.679914,0.568069,0.6985,2.227781
-1.177791,0.420872,0.315483,0.6985,2.198592
-1.39078,0.205006,0.225959,0.6985,2.127302
-1.39078,0.075494,0.139633,0.73785,2.028611
-1.39078,-0.226706,-0.205674,0.75963,1.940191
-1.39078,-0.140371,-0.205674,0.765029,1.822756
-0.964803,-0.140371,-0.19928,0.776125,1.702629
-1.39078,-0.61526,-0.637308,0.780821,1.593894
-1.39078,-0.61526,-0.637308,0.787942,1.4743
-0.964803,-1.176503,-0.71724,0.806875,1.391191
-0.538826,-1.306034,-1.228806,0.868406,1.279453
-0.325837,-1.478722,-1.225609,0.894964,1.209317
-1.177791,-1.392369,-1.411051,0.906039,1.161726
-0.538826,-1.910435,-1.833093,0.94665,1.018828
0.10014,-1.996789,-1.737175,1.011625,0.85325
0.313128,-1.996789,-1.992958,1.073343,0.74812
0.526117,-1.737746,-1.73078,1.126522,0.709401
0.526117,-1.694588,-1.73078,1.26328,0.699244
0.739105,-1.262857,-1.382276,1.317439,0.695033
1.165082,-1.349192,-1.289555,1.394038,0.688336
0.739105,-0.658437,-0.691662,1.471407,0.662384
1.165082,-1.133327,-1.116901,1.576059,0.650459
1.591059,-0.831126,-0.851526,1.695048,0.650459
1.165082,-1.003815,-0.944248,1.813891,0.650459
0.952093,-1.003815,-1.033772,1.870617,0.676844
0.952093,-1.090168,-0.947445,1.916675,0.727363
0.952093,-1.133327,-1.120098,1.959664,0.774038
0.952093,-1.133327,-1.120098,2.024469,0.8496
0.739105,-0.831126,-0.777989,2.0985,0.929375
0.526117,-0.787949,-0.781186,2.156391,0.9971
0.526117,-0.572084,-0.522206,2.196758,1.077771
0.739105,-0.485749,-0.519009,2.215727,1.16496
0.313128,-0.442572,-0.525403,2.2237,1.267066
0.526117,-0.399395,-0.435879,2.230484,1.389165
0.526117,-0.485749,-0.435879,2.337493,1.50413
-0.112849,-0.18353,-0.186491,2.411539,1.640036
-0.325837,-0.010841,-0.017035,2.368912,1.734646
-0.325837,0.118671,-0.103361,2.304516,1.857271
-0.538826,0.334537,0.325075,2.244125,1.947366
-0.538826,0.161848,0.152422,2.2378,1.982447
-0.538826,0.248183,0.238748,2.184375,2.017264
-0.964803,0.636737,0.577661,2.130429,2.063101
-0.751815,0.636737,0.667185,1.999058,2.172618
-0.538826,0.852603,0.843036,1.929029,2.253199
-0.538826,0.809426,0.843036,1.885398,2.300806
-0.325837,0.852603,0.846233,1.860898,2.334989
-0.751815,1.327511,1.271472,1.75721,2.36778
-0.964803,1.457023,1.440928,1.604417,2.412125
-0.538826,1.543358,1.619976,1.530926,2.417088
-0.112849,1.327511,1.281064,1.447016,2.417925
-0.112849,1.457023,1.540044,1.352628,2.417338
-0.112849,1.370669,1.281064,1.300037,2.4139
0.10014,1.025292,1.197934,1.262768,2.38627
0.10014,1.327511,1.370588,1.25969,2.340387
0.10014,1.284334,1.284261,1.256757,2.301532
0.313128,1.457023,1.460112,1.246816,2.25978
0.313128,1.19798,1.287458,1.246265,2.206009
0.313128,1.111645,1.114805,1.246265,2.130513
0.526117,0.852603,0.945349,1.244612,2.037759
0.526117,1.327511,1.204329,1.235,1.943069
1.165082,0.723091,0.782287,1.235,1.8579
0.739105,0.636737,0.689566,1.2368,1.78752
0.739105,0.593561,0.775893,1.269775,1.718575
1.165082,0.507225,0.43698,1.390705,1.653376
1.165082,0.29136,0.350653,1.469375,1.526059
0.952093,0.248183,0.261129,1.48215,1.443
0.952093,0.161848,0.261129,1.499223,1.417121
1.37807,0.118671,0.09487,1.513839,1.237174
1.165082,0.075494,0.091673,1.529586,1.106252
1.165082,0.118671,0.178,1.541878,1.027485
1.37807,-0.140371,-0.077783,1.547059,0.948355
1.37807,-0.226706,-0.16411,1.5483,0.859664
1.37807,-0.399395,-0.336763,1.547906,0.825377
1.591059,-0.399395,-0.419893,1.543286,0.815466
1.37807,-0.61526,-0.595743,1.477984,0.80894
1.37807,-0.61526,-0.595743,1.40422,0.787083
1.165082,-0.960638,-0.857921,1.338121,0.776
1.591059,-1.21968,-1.28316,1.27825,0.776
1.165082,-1.306034,-1.289555,1.222233,0.776
1.165082,-1.478722,-1.462208,1.189487,0.787422
0.952093,-1.349192,-1.379079,1.178829,0.84004
0.526117,-1.478722,-1.4718,1.168972,0.877558
0.952093,-1.694588,-1.724386,1.155438,0.92648
0.526117,-1.651411,-1.558127,1.12381,0.947375
0.10014,-1.910435,-1.909828,1.07838,0.961454
-0.112849,-1.8241,-1.999352,1.016369,0.988176
-0.325837,-1.996789,-2.002549,0.971003,1.007256
-0.751815,-1.996789,-2.095271,0.934983,1.089349
-0.964803,-1.737746,-1.753161,0.929,1.185125
-0.964803,-1.651411,-1.666834,0.925375,1.239205
-0.964803,-1.565058,-1.580508,0.918022,1.327184
-0.751815,-1.435546,-1.404657,0.912651,1.405753
-0.964803,-1.306034,-1.235201,0.910973,1.488443
-1.603768,-0.831126,-0.813159,0.899304,1.566328
-1.39078,-0.787949,-0.809962,0.876768,1.707428
-1.39078,-0.572084,-0.637308,0.876135,1.801843
-0.964803,-0.528925,-0.544587,0.876135,1.893768
-0.751815,-0.572084,-0.54139,0.883708,1.951192
-0.751815,-0.442572,-0.455063,0.932608,1.96428
-0.538826,-0.269883,-0.365539,0.96529,1.997031
-0.751815,0.118671,0.149224,0.969714,2.068284
-0.538826,0.377713,0.325075,0.974998,2.143294
-0.112849,0.248183,0.33147,0.995453,2.202933
-0.325837,0.377713,0.328272,1.029135,2.237316
-0.325837,0.723091,0.673579,1.108271,2.240254
-0.751815,1.025292,1.012492,1.220955,2.246024
-0.538826,0.938956,1.188342,1.284437,2.255354
-0.112849,1.111645,1.194737,1.333245,2.256822
-0.538826,1.586535,1.447323,1.377447,2.256922
-0.112849,1.19798,1.194737,1.460473,2.2863
-0.325837,1.457023,1.45052,1.544699,2.289
0.10014,1.284334,1.370588,1.615643,2.289
0.10014,1.543358,1.629568,1.693456,2.273958
0.10014,1.543358,1.543241,1.752346,2.23082
0.313128,1.629711,1.546439,1.793478,2.193975
-0.112849,1.543358,1.540044,1.833686,2.145758
0.526117,1.284334,1.376982,1.8731,2.119
0.313128,1.025292,1.028478,1.948699,2.084683
0.952093,1.025292,0.951743,2.01265,2.037123
0.526117,0.938956,0.945349,2.042926,1.937694
0.526117,0.766268,0.859022,2.048581,1.8785
0.739105,0.550402,0.689566,2.071062,1.770944
0.952093,0.507225,0.606436,2.082,1.687154
1.165082,0.550402,0.609634,2.0897,1.598355
1.165082,0.507225,0.350653,2.16,1.43184
1.37807,0.334537,0.353851,2.16,1.402925
1.37807,0.377713,0.353851,2.16,1.3925
1.591059,0.248183,0.270721,2.138606,1.390773
1.37807,0.205006,0.267524,2.057794,1.382063
1.37807,0.248183,0.181197,1.928593,1.364099
1.591059,0.377713,0.357048,1.832086,1.34625
1.37807,0.032318,0.09487,1.769957,1.335
1.591059,-0.31306,-0.333566,1.715324,1.283439
1.591059,-0.356237,-0.333566,1.654895,1.205963
1.37807,-0.744791,-0.768397,1.562073,1.119309
1.37807,-0.831126,-0.854724,1.493982,1.061526
1.37807,-0.874303,-0.854724,1.405625,1.043688
1.165082,-1.046991,-1.030574,1.335381,1.01589
1.591059,-1.21968,-1.196833,1.264711,0.937613
1.591059,-1.435546,-1.369487,1.188008,0.879131
2.017035,-1.521881,-1.449419,1.111393,0.855311
0.739105,-1.737746,-1.986563,1.074302,0.854139
0.313128,-2.083142,-2.079284,1.067163,0.854139
0.10014,-1.910435,-1.909828,1.051,0.861368
-0.112849,-2.083142,-2.085679,1.021331,0.869153
-0.112849,-2.039965,-2.085679,0.959752,0.887568
-0.112849,-1.737746,-1.740372,0.898607,0.963749
0.313128,-1.478722,-1.474997,0.89478,1.169307
0.10014,-1.608234,-1.564521,0.89478,1.236848
-0.112849,-1.392369,-1.395065,0.89478,1.274725
-0.112849,-1.392369,-1.308738,0.886323,1.310993
-0.325837,-1.349192,-1.484589,0.875477,1.340975
-0.964803,-1.046991,-1.062547,0.852939,1.409341
-0.751815,-0.787949,-0.80037,0.82741,1.511226
-0.751815,-0.701614,-0.714043,0.818,1.600951
-1.177791,-0.442572,-0.461457,0.809907,1.690191
-0.964803,-0.442572,-0.45826,0.801295,1.791223
-0.538826,-0.140371,-0.192885,0.797856,1.821554
-0.964803,-0.226706,-0.285607,0.798867,1.9335
-1.177791,0.161848,0.14283,0.799624,2.020693
-1.39078,0.248183,0.139633,0.800557,2.117271
-1.39078,0.334537,0.312286,0.800557,2.190693
-1.39078,0.636737,0.484939,0.804383,2.249819
-1.177791,0.636737,0.574463,0.842754,2.314302
-1.39078,0.593561,0.657593,0.9216,2.316794
-0.964803,1.327511,1.268275,1.001523,2.318479
-0.964803,1.241157,1.181948,1.038837,2.32215
-0.964803,1.19798,1.268275,1.126697,2.326726
-0.964803,1.154822,1.009294,1.195425,2.334658
-1.39078,1.068468,1.089227,1.297341,2.346785
-1.177791,0.809426,0.833444,1.3807,2.346785
-1.177791,0.938956,0.91977,1.444744,2.342892
-0.964803,0.679914,0.750314,1.53559,2.3289
-0.964803,0.636737,0.577661,1.610555,2.299775
-0.964803,0.507225,0.491334,1.676123,2.287261
-0.964803,0.377713,0.491334,1.774586,2.274517
-0.964803,0.248183,0.146027,1.845961,2.242022
-0.964803,0.118671,0.146027,1.849661,2.191454
-1.39078,-0.226706,-0.205674,1.849661,2.130314
-0.751815,-0.528925,-0.455063,1.842703,2.075134
0.313128,-1.392369,-1.474997,1.814,2.033146
-0.112849,-1.435546,-1.481392,1.814,2.019289
0.313128,-1.565058,-1.561324,1.814,1.940881
0.526117,-1.737746,-1.73078,1.820317,1.86136
0.952093,-1.521881,-1.465405,1.876076,1.779611
1.37807,-1.565058,-1.545338,1.940475,1.692497
1.37807,-1.608234,-1.545338,1.95,1.560446
1.165082,-1.306034,-1.289555,1.95,1.479346
1.37807,-1.176503,-1.200031,1.957416,1.444935
1.37807,-1.176503,-1.200031,2.023909,1.322706
1.37807,-1.176503,-1.113704,2.004192,1.26925
1.37807,-0.91748,-0.768397,1.938636,1.180461
1.37807,-0.744791,-0.768397,1.909625,1.09686
1.165082,-0.744791,-0.771594,1.9015,0.995839
1.165082,-0.701614,-0.685267,1.900183,0.88375
0.952093,-0.572084,-0.602138,1.874601,0.828303
1.165082,-0.269883,-0.253634,1.831708,0.779282
0.952093,-0.140371,-0.170504,1.765125,0.753884
1.165082,-0.140371,0.178,1.702808,0.70841
0.952093,-0.097194,-0.084178,1.679,0.677551
1.37807,0.161848,0.267524,1.679,0.677551
0.526117,0.507225,0.513715,1.6733,0.667356
0.739105,0.593561,0.603239,1.67133,0.669528
0.526117,1.025292,0.945349,1.71656,0.739729
0.526117,0.938956,0.945349,1.751491,0.809129
0.313128,1.025292,1.028478,1.755354,0.844319
0.313128,1.025292,1.114805,1.759946,0.92441
0.313128,1.543358,1.546439,1.781672,1.012295
0.10014,1.370669,1.370588,1.79964,1.120559
0.313128,1.716065,1.719092,1.797541,1.367539
0.10014,1.629711,1.715895,1.800721,1.595633
0.10014,1.931912,1.888548,1.806751,1.65627
0.313128,1.8024,1.805419,1.79642,1.706609
0.313128,2.018266,1.978072,1.786123,1.795889
-0.112849,2.061442,2.058004,1.779,1.874296
0.313128,1.975089,1.978072,1.757672,1.979417
0.313128,1.8024,1.805419,1.746115,2.109567
0.10014,1.543358,1.543241,1.736082,2.193932
0.10014,1.370669,1.456915,1.695525,2.354359
0.313128,1.457023,1.287458,1.655646,2.408354
0.10014,0.938956,0.938954,1.614878,2.47138
0.526117,0.89578,0.945349,1.553994,2.49414
0.952093,0.938956,0.951743,1.485567,2.498859
0.952093,0.809426,0.865417,1.433924,2.500098
1.165082,0.809426,0.868614,1.388125,2.500098
1.165082,0.377713,0.43698,1.246472,2.483439
1.165082,0.420872,0.43698,1.186734,2.440036
1.165082,0.636737,0.609634,1.139506,2.432881
1.591059,0.507225,0.529701,1.100037,2.365375
1.591059,0.464049,0.443375,1.07682,2.285906
1.591059,0.464049,0.529701,1.061308,2.175656
1.804047,0.377713,0.360245,1.014302,2.112823
1.804047,0.377713,0.360245,0.976837,2.035509
1.37807,0.032318,0.353851,0.932355,1.959367
1.591059,0.205006,0.184395,0.928806,1.886481
1.591059,0.032318,0.011741,0.928806,1.820118
1.37807,-0.054018,-0.077783,0.926806,1.735204
1.37807,-0.356237,-0.336763,0.928806,1.650088
1.37807,-0.31306,-0.336763,0.931474,1.556824
1.591059,-0.744791,-0.678873,0.9493,1.445613
1.591059,-0.787949,-0.7652,0.944625,1.281359
1.37807,-0.874303,-0.854724,0.918444,1.171817
1.37807,-1.176503,-1.113704,0.884078,1.071318
1.165082,-1.21968,-1.203228,0.845973,0.99674
0.952093,-1.392369,-1.379079,0.8453,0.92602
0.952093,-1.521881,-1.465405,0.8455,0.822
0.739105,-1.996789,-1.900236,0.846733,0.726562
0.952093,-1.996789,-1.983366,0.854345,0.69753
0.313128,-2.169477,-2.165611,0.889399,0.69753
-0.964803,-1.8241,-1.839488,0.923314,0.69753
-0.538826,-1.867277,-1.91942,0.937,0.74181
-0.964803,-1.608234,-1.666834,0.94383,0.871475
-1.177791,-1.694588,-1.756358,0.947591,1.020854
-0.751815,-1.521881,-1.663637,0.944426,1.14315
-0.751815,-1.306034,-1.31833,0.941092,1.258154
-1.177791,-1.090168,-0.893091,0.938286,1.366912
-1.39078,-0.744791,-0.809962,0.928295,1.470781
-1.177791,-0.701614,-0.720438,0.913954,1.540347
-1.39078,-0.528925,-0.550981,0.826929,1.627868
-1.39078,-0.485749,-0.464655,0.777,1.693
-1.39078,-0.097194,-0.119348,0.73825,1.785375
-1.177791,-0.054018,-0.029824,0.680674,1.934574
-1.39078,0.075494,0.053306,0.67375,2.01656
-1.39078,0.075494,0.139633,0.657356,2.101566
-1.39078,0.248183,0.225959,0.65596,2.178187
-1.39078,0.593561,0.571266,0.65596,2.210909
-1.603768,0.679914,0.654396,0.657556,2.260532
-1.39078,1.111645,0.916573,0.670419,2.276758
-1.39078,0.852603,0.74392,0.733388,2.276758
-1.39078,0.766268,0.657593,0.819805,2.276758
-1.177791,0.593561,0.574463,0.910522,2.268788
-1.177791,0.550402,0.488137,0.97665,2.26485
-0.964803,0.723091,0.663987,1.024665,2.259647
-0.964803,0.420872,0.405007,1.104932,2.255766
-0.964803,0.507225,0.491334,1.195158,2.26211
-0.964803,0.507225,0.405007,1.271727,2.274703
-1.177791,0.248183,0.229157,1.431785,2.275011
-0.751815,0.032318,-0.023429,1.553203,2.275114
-0.538826,-0.097194,-0.106559,1.64452,2.267709
-0.538826,-0.010841,-0.106559,1.729581,2.258704
-0.112849,-0.399395,-0.359144,1.910233,2.221133
-0.112849,-0.269883,-0.445471,1.937375,2.190865
0.10014,-0.356237,-0.355947,1.978982,2.157099
0.10014,-0.356237,-0.355947,1.9985,2.14223
0.313128,-0.356237,-0.439076,2.061773,2.10974
0.10014,-0.61526,-0.5286,2.109039,2.076775
0.526117,-0.91748,-0.867513,2.192565,2.056
0.526117,-0.91748,-0.953839,2.23877,1.962645
0.952093,-0.960638,-0.861118,2.276275,1.909685
1.165082,-0.701614,-0.685267,2.273804,1.81225
1.165082,-0.701614,-0.598941,2.275342,1.658327
1.591059,-0.831126,-0.7652,2.233615,1.537669
1.591059,-0.701614,-0.678873,2.225325,1.458787
1.591059,-0.442572,-0.419893,2.219713,1.378274
1.591059,-0.572084,-0.506219,2.212703,1.305625
1.591059,-0.485749,-0.506219,2.1991,1.1679
1.37807,-0.658437,-0.595743,2.1953,1.054682
1.37807,-0.528925,-0.595743,2.171185,0.99334
1.165082,-0.744791,-0.685267,2.134608,0.923625
1.165082,-0.701614,-0.685267,2.092331,0.889121
0.952093,-0.485749,-0.429485,2.044531,0.849398
0.739105,-0.31306,-0.260028,2.031966,0.798282
0.952093,-0.054018,-0.084178,1.999589,0.786299
0.739105,-0.18353,-0.260028,1.965079,0.786299
0.739105,-0.010841,-0.001048,1.948721,0.786299
0.526117,0.075494,0.168408,1.928316,0.830143
0.313128,-0.054018,-0.007443,1.91746,0.935875
0.10014,0.161848,0.24834,1.893583,1.0214
-0.112849,0.075494,0.072489,1.834259,1.082223
-0.538826,0.593561,0.497729,1.767378,1.135817
-0.538826,0.679914,0.670382,1.70318,1.209552
-0.325837,0.593561,0.759906,1.675378,1.277587
-0.751815,0.679914,0.667185,1.663298,1.357467
-0.751815,0.852603,0.753512,1.631468,1.460208
-0.964803,1.154822,1.095621,1.585517,1.569285
-0.751815,0.982115,1.012492,1.549281,1.669042
-0.325837,1.025292,1.018886,1.503284,1.720731
-0.112849,1.068468,1.10841,1.434535,1.809987
-0.538826,1.370669,1.360996,1.40957,1.851922
-0.538826,1.370669,1.360996,1.389939,1.936944
-0.538826,1.672888,1.619976,1.37,2.055687
-0.751815,1.716065,1.703106,1.356097,2.179484
-0.538826,1.975089,1.965283,1.314395,2.272412
-0.112849,1.8024,1.799024,1.280925,2.319522
-0.112849,1.888754,1.799024,1.169382,2.331647
-0.112849,1.975089,1.971678,0.983357,2.352016
0.10014,1.888754,1.629568,0.9426,2.367607
-0.112849,1.8024,1.799024,0.873362,2.367607
-0.325837,1.888754,1.96848,0.872297,2.357764
0.10014,1.888754,1.888548,0.872297,2.317157
0.313128,1.888754,1.891746,0.878834,2.294629
0.526117,1.8024,1.808616,0.954263,2.203335
0.313128,1.586535,1.546439,0.999496,2.111488
0.313128,1.370669,1.460112,1.038928,1.996455
0.313128,1.327511,1.287458,1.045422,1.85239
0.526117,1.111645,1.204329,1.048924,1.762011
0.526117,1.284334,1.204329,1.057929,1.652434
0.526117,0.938956,1.031675,1.067325,1.554044
0.739105,0.852603,0.862219,1.10449,1.478247
0.952093,0.89578,0.865417,1.193567,1.394262
0.952093,0.550402,0.52011,1.221,1.373
1.165082,0.464049,0.43698,1.305,1.267656
0.952093,0.593561,0.77909,1.382869,1.127825
1.165082,0.29136,0.264327,1.410991,1.019229
1.165082,0.29136,0.264327,1.42653,0.927769
1.37807,0.118671,0.181197,1.441622,0.869843
1.37807,0.161848,0.181197,1.444218,0.780858
1.37807,-0.18353,-0.16411,1.444218,0.697275
1.165082,0.032318,0.005346,1.442843,0.679
1.37807,-0.356237,-0.250436,1.398217,0.675754
1.37807,-0.140371,-0.16411,1.311597,0.664017
1.37807,-0.701614,-0.595743,1.26325,0.649931
1.37807,-0.787949,-0.768397,1.245059,0.648925
1.37807,-0.744791,-0.768397,1.231551,0.640051
1.591059,-1.046991,-1.02418,1.224318,0.604709
1.165082,-1.176503,-1.116901,1.212151,0.594786
1.37807,-1.262857,-1.286357,1.150119,0.594786
1.165082,-1.435546,-1.375881,1.131705,0.595729
0.739105,-1.392369,-1.382276,1.096105,0.62824
0.952093,-1.651411,-1.551732,1.063918,0.678846
0.739105,-1.8241,-1.81391,1.009296,0.729412
0.313128,-1.8241,-1.820304,0.871783,0.776873
0.313128,-1.910435,-1.820304,0.84948,0.827753
0.313128,-1.737746,-1.820304,0.844,0.886631
0.10014,-1.392369,-1.391868,0.844,0.97005
-0.112849,-1.478722,-1.481392,0.853234,1.090138
-0.112849,-0.787949,-0.790778,0.863234,1.233551
-0.538826,-1.046991,-0.969826,0.863234,1.299448
-1.177791,-0.485749,-0.547784,0.862675,1.423303
-1.39078,-0.485749,-0.550981,0.8596,1.561012
-1.177791,-0.18353,-0.202477,0.859,1.676844
-1.39078,-0.010841,0.053306,0.858,1.754648
-1.39078,-0.140371,-0.205674,0.853744,1.835715
-1.603768,0.032318,0.050108,0.853634,1.943722
-1.603768,-0.010841,-0.036218,0.8578,2.040871
-1.816757,0.550402,0.564872,0.864217,2.134193
-1.177791,0.377713,0.315483,0.87228,2.201875
-1.39078,0.334537,0.312286,0.885093,2.256477
-1.603768,0.679914,0.654396,0.943595,2.259384
-1.39078,0.766268,0.74392,1.01283,2.263523
-1.39078,0.852603,0.830246,1.087116,2.266174
-1.177791,0.938956,0.91977,1.167417,2.263148
-1.39078,0.982115,1.0029,1.23584,2.260261
-1.177791,1.457023,1.524058,1.275816,2.255035
-0.964803,1.025292,1.009294,1.325581,2.257
-0.964803,1.111645,1.009294,1.399415,2.257
-0.751815,1.154822,1.271472,1.525498,2.238373
-0.964803,1.025292,1.095621,1.616555,2.211886
-0.538826,1.543358,1.533649,1.665577,2.194873
-0.325837,1.284334,1.536847,1.685344,2.19108
-0.538826,1.500199,1.619976,1.697602,2.178022
-0.751815,2.061442,2.307393,1.719423,2.148356
-0.325837,1.543358,1.623173,1.725803,2.075848
0.10014,1.629711,1.715895,1.738498,1.982022
0.313128,1.457023,1.460112,1.746373,1.863589
0.10014,1.629711,1.802222,1.78459,1.801909
0.10014,1.8024,1.715895,1.8469,1.701616
0.526117,1.8024,1.808616,1.867066,1.636718
0.10014,1.759223,1.715895,1.896963,1.572032
0.313128,1.543358,1.632765,1.957784,1.526216
0.10014,1.327511,1.284261,2.041838,1.37475
0.739105,1.111645,1.034873,2.068597,1.267629
0.952093,1.068468,0.951743,2.099742,1.163934
0.739105,0.852603,0.862219,2.125311,1.052946
0.952093,0.723091,0.692763,2.142221,1.0085
0.739105,0.636737,0.689566,2.145083,0.964725
0.739105,0.593561,0.516912,2.145083,0.896209
0.739105,0.420872,0.516912,2.145083,0.847856
0.739105,0.507225,0.430586,2.114568,0.796922
0.952093,0.075494,0.088476,2.050766,0.779454
0.739105,0.248183,0.171605,1.994422,0.770966
1.165082,-0.140371,-0.167307,1.972698,0.75817
1.37807,-0.226706,-0.16411,1.950788,0.723703
1.165082,-0.356237,-0.33996,1.911548,0.713423
0.952093,-0.269883,-0.343158,1.827898,0.713387
0.313128,-0.442572,-0.35275,1.764792,0.713387
0.10014,-0.787949,-0.787581,1.661675,0.707782
-0.112849,-0.831126,-0.877105,1.563802,0.705
-0.112849,-0.960638,-0.963431,1.532785,0.705
-0.112849,-1.133327,-1.049758,1.43934,0.702088
-0.538826,-1.046991,-1.056153,1.347429,0.698351
-0.751815,-1.133327,-1.145677,1.27039,0.698351
-1.177791,-1.176503,-1.238398,1.183145,0.698351
-1.177791,-1.306034,-1.324725,1.090701,0.718917
-0.751815,-1.478722,-1.490984,1.006444,0.766597
-0.538826,-1.8241,-1.746767,0.934036,0.817688
-0.964803,-1.996789,-1.925815,0.934229,0.864982
-1.177791,-2.039965,-2.101665,0.864704,0.9123
-0.751815,-2.083142,-2.181598,0.82764,0.963025
-0.751815,-2.169477,-2.181598,0.80467,1.000074
-0.325837,-2.255831,-2.26153,0.784682,1.139202
-0.325837,-1.910435,-1.829896,0.799735,1.253174
0.10014,-2.039965,-2.082482,0.788543,1.361158
0.739105,-1.435546,-1.468603,0.783713,1.459615
1.165082,-1.565058,-1.634862,0.794773,1.5104
1.37807,-1.565058,-1.459011,0.814901,1.612687
1.165082,-0.91748,-0.857921,0.823799,1.6895
1.165082,-0.874303,-0.857921,0.84805,1.732944
1.37807,-0.744791,-0.68207,0.927875,1.747083
1.37807,-0.485749,-0.509417,1.026259,1.754045
1.591059,-0.18353,-0.160912,1.108625,1.758144
1.37807,-0.226706,-0.16411,1.143214,1.764575
1.591059,-0.054018,0.011741,1.158838,1.7979
1.591059,0.248183,0.270721,1.177625,1.823119
1.165082,0.248183,0.264327,1.232078,1.823119
1.37807,0.075494,0.09487,1.319606,1.823119
1.165082,0.205006,0.178,1.409216,1.807618
0.952093,0.205006,0.261129,1.494277,1.73771
0.739105,0.679914,0.689566,1.5365,1.70275
0.739105,0.679914,0.689566,1.596667,1.702
0.739105,0.852603,0.603239,1.766435,1.702
0.739105,1.327511,1.293853,1.865515,1.72125
0.526117,1.284334,1.290656,2.011777,1.815825
0.739105,1.111645,1.121199,2.060656,1.843462
0.313128,1.154822,1.114805,2.136,1.880298
-0.112849,1.284334,1.281064,2.158084,1.988383
0.10014,1.370669,1.284261,2.189877,2.010848
0.313128,1.19798,1.201132,2.189813,2.070256
0.10014,1.370669,1.370588,2.157471,2.230215
-0.112849,1.457023,1.453717,2.148033,2.326185
-0.538826,1.19798,1.274669,2.144447,2.413034
-0.325837,1.154822,1.19154,2.118058,2.431673
0.10014,1.154822,1.111608,1.918407,2.443992
-0.964803,1.154822,1.095621,1.8035,2.4502
-1.177791,1.025292,0.91977,1.647914,2.455882
-1.177791,0.938956,1.006097,1.55135,2.458
-1.177791,0.852603,0.833444,1.481658,2.450211
-1.177791,0.723091,0.747117,1.402258,2.447
-1.177791,0.636737,0.66079,1.314092,2.409458
-1.177791,0.550402,0.574463,1.242314,2.387034
-1.177791,0.593561,0.488137,1.12325,2.363964
-1.177791,0.550402,0.488137,1.049942,2.3002
-1.39078,0.507225,0.484939,0.913909,2.28275
-1.177791,0.377713,0.40181,0.792774,2.230132
-1.39078,0.29136,0.312286,0.751263,2.191537
-1.816757,0.29136,0.133238,0.751263,2.093485
-1.39078,-0.097194,-0.119348,0.746935,1.968892
-1.177791,-0.18353,-0.202477,0.747107,1.858033
-1.39078,-0.18353,-0.292001,0.753114,1.716532
-1.39078,-0.485749,-0.464655,0.75899,1.606227
-1.603768,-0.787949,-0.726832,0.768059,1.475903
-1.603768,-0.787949,-0.640505,0.778298,1.432466
-2.029745,-0.787949,-0.819553,0.812147,1.372106
-1.177791,-1.133327,-1.152071,0.941148,1.218708
-0.964803,-1.349192,-1.407854,0.94748,1.197073
-1.177791,-1.392369,-1.411051,0.995187,1.017586
-1.177791,-1.478722,-1.497378,1.033,0.936
-0.112849,-1.737746,-1.826699,1.033,0.8073
-0.325837,-1.8241,-1.743569,1.03421,0.699973
0.526117,-1.651411,-1.644453,1.106835,0.644848
0.739105,-1.608234,-0.864315,1.18491,0.639
1.165082,-1.306034,-1.289555,1.320995,0.639
1.165082,-1.21968,-1.203228,1.398546,0.621736
1.165082,-0.91748,-0.944248,1.496406,0.622096
1.165082,-0.787949,-0.771594,1.614677,0.638435
1.37807,-0.787949,-0.768397,1.711766,0.638746
1.37807,-0.658437,-0.595743,1.836917,0.640213
0.952093,-0.485749,-0.515811,1.93432,0.640213
1.165082,-0.442572,-0.426287,2.012434,0.640899
1.37807,-0.485749,-0.509417,2.049601,0.682938
0.952093,-0.269883,-0.256831,2.094416,0.862419
0.952093,-0.226706,-0.343158,2.136456,0.952323
0.526117,-0.010841,-0.004245,2.206806,0.98427
0.10014,0.205006,0.162014,2.269268,1.003565
-0.112849,0.205006,0.158816,2.27258,1.047827
-0.112849,0.334537,0.245143,2.27258,1.123765
-0.325837,0.507225,0.414599,2.279386,1.225459
-0.112849,0.420872,0.417796,2.283266,1.336787
-0.112849,0.636737,0.417796,2.283266,1.453891
-0.112849,0.938956,0.935757,2.274572,1.550998
-0.112849,0.982115,0.935757,2.25875,1.634736
-0.325837,1.111645,1.018886,2.258,1.689375
-0.112849,1.19798,1.194737,2.255333,1.784633
-0.112849,1.284334,1.281064,2.219333,1.919395
-0.112849,1.457023,1.453717,2.152398,1.996645
-0.538826,1.672888,1.533649,2.053316,2.085856
-0.325837,1.8024,1.7095,1.933831,2.196628
-0.112849,1.672888,1.712697,1.854375,2.284062
-0.112849,1.716065,1.626371,1.840375,2.317875
0.10014,1.8024,1.802222,1.677218,2.374001
0.10014,1.586535,1.370588,1.591828,2.390357
0.10014,1.457023,1.370588,1.423055,2.393194
-0.112849,1.327511,1.281064,1.312141,2.393156
0.313128,1.284334,1.287458,1.195578,2.390357
0.526117,1.284334,1.204329,1.087349,2.382778
0.526117,1.19798,1.118002,1.061,2.277948
0.739105,0.938956,0.948546,1.059,2.225418
0.739105,0.809426,0.775893,1.059,2.130315
0.526117,0.723091,0.772695,1.060628,2.028654
0.952093,0.593561,0.606436,1.065428,1.932061
0.526117,0.464049,0.513715,1.08635,1.767332
1.37807,0.29136,0.353851,1.129949,1.640165
1.165082,0.464049,0.43698,1.144066,1.487533
1.165082,0.118671,0.091673,1.189085,1.373409
1.37807,0.507225,-0.16411,1.252767,1.27158
1.165082,0.075494,0.091673,1.27264,1.241089
1.165082,-0.097194,0.005346,1.27264,1.218382
1.37807,-0.485749,-0.336763,1.27264,1.03898
1.37807,-0.442572,-0.336763,1.260112,0.95618
1.37807,-0.442572,-0.42309,1.235669,0.887081
1.37807,-0.874303,-0.854724,1.228907,0.852742
1.37807,-0.874303,-0.94105,1.2215,0.79965
1.37807,-1.21968,-1.200031,1.22,0.78975
0.952093,-1.478722,-1.379079,1.193413,0.78975
1.165082,-1.306034,-1.203228,1.125234,0.789875
0.739105,-1.478722,-1.382276,1.050541,0.797273
0.739105,-1.521881,-1.727583,1.008112,0.811019
0.526117,-1.780923,-1.817107,0.959142,0.824108
0.10014,-1.737746,-1.737175,0.942067,0.852485
0.10014,-2.083142,-1.996155,0.923125,0.930339
-0.964803,-1.737746,-1.753161,0.907097,1.015905
-0.964803,-1.694588,-1.753161,0.899598,1.101625
-0.751815,-1.478722,-1.490984,0.895712,1.252159
-0.964803,-1.521881,-1.494181,0.896,1.3268
-0.751815,-1.478722,-1.404657,0.896,1.413748
-0.751815,-1.262857,-1.232003,0.897819,1.522136
-0.964803,-1.133327,-1.148874,0.906003,1.656798
-1.177791,-1.046991,-1.065745,0.897819,1.704015
-1.39078,-0.91748,-0.896288,0.896,1.776566
-0.964803,-0.442572,-0.371933,0.893283,1.845783
-0.964803,-0.442572,-0.45826,0.890371,1.937558
-1.177791,-0.097194,-0.11615,0.890371,2.018315
-1.39078,-0.140371,-0.119348,0.890371,2.10548
-1.39078,0.118671,0.053306,0.904571,2.13282
-1.177791,0.032318,-0.029824,0.973038,2.147781
-1.177791,-0.097194,-0.11615,1.052339,2.15841
-1.177791,-0.399395,-0.375131,1.121963,2.17462
-1.177791,-0.18353,-0.202477,1.207174,2.185755
-0.751815,-0.140371,-0.196083,1.284065,2.213308
-0.538826,-0.226706,-0.279212,1.361728,2.237556
-0.538826,-0.18353,-0.192885,1.431927,2.237556
-0.325837,-0.18353,-0.189688,1.534696,2.237556
-0.325837,-0.18353,-0.189688,1.625952,2.220114
0.10014,-0.18353,-0.096967,1.700479,2.199691
-0.112849,-0.442572,-0.531798,1.762798,2.197474
0.10014,-0.658437,-0.701254,1.850375,2.184325
0.10014,-0.399395,-0.442274,1.91435,2.170066
0.526117,-0.572084,-0.608533,1.983353,2.104104
0.739105,-0.442572,-0.432682,2.005057,2.017539
0.952093,-0.269883,-0.343158,2.01549,1.934776
1.165082,-0.356237,-0.33996,2.030596,1.884895
1.37807,-0.399395,-0.336763,2.048231,1.857733
1.165082,-0.097194,-0.08098,2.055977,1.820647
1.37807,-0.097194,-0.077783,2.052334,1.719794
1.37807,0.032318,0.008544,2.034715,1.611111
1.591059,0.29136,0.270721,2.030786,1.498552
1.804047,0.334537,0.360245,1.998834,1.461286
0.952093,0.118671,0.174803,1.984384,1.38518
0.952093,0.205006,0.347456,1.979649,1.286178
0.952093,0.334537,0.347456,1.969952,1.241733
0.739105,0.593561,0.516912,1.9766,1.203
0.739105,0.982115,1.121199,1.935804,1.203
0.526117,1.241157,1.290656,1.910371,1.217875
0.526117,1.241157,1.204329,1.905657,1.273629
0.313128,0.938956,0.942151,1.897143,1.387503
0.526117,1.068468,1.031675,1.871877,1.421932
0.526117,1.025292,1.031675,1.849749,1.450876
0.10014,1.19798,1.370588,1.745004,1.491955
0.10014,1.370669,1.370588,1.600976,1.5445
-0.112849,1.629711,1.540044,1.5534,1.60265
0.10014,1.672888,1.629568,1.513324,1.693465
-0.112849,1.111645,1.10841,1.464796,1.73369
0.10014,1.154822,1.111608,1.366716,1.854487
-0.112849,1.19798,1.194737,1.288223,1.967324
-0.751815,1.154822,1.098818,1.1385,2.013714
-0.538826,1.068468,1.015689,1.074025,2.058375
-1.177791,0.809426,0.833444,0.95692,2.072337
-0.964803,0.766268,0.922968,0.872191,2.081484
-1.39078,0.593561,0.398613,0.76541,2.081484
-1.177791,0.377713,0.40181,0.7415,2.081484
-1.39078,0.636737,0.657593,0.7415,2.058567
-1.39078,0.550402,0.484939,0.7415,1.974175
-1.39078,0.464049,0.484939,0.744875,1.86525
-1.177791,0.550402,0.488137,0.7584,1.720303
-0.964803,0.248183,0.232354,0.7585,1.566165
-1.177791,0.334537,0.315483,0.761279,1.443402
-1.39078,0.075494,0.053306,0.766494,1.330839
-1.39078,-0.18353,-0.119348,0.767481,1.237925
-1.39078,-0.140371,-0.119348,0.771261,1.173015
-1.603768,-0.399395,-0.467852,0.79925,1.072375
-1.177791,-0.874303,-0.893091,0.8385,1.0087
-1.39078,-0.91748,-0.896288,0.889366,0.932007
-1.603768,-1.003815,-1.072139,0.961219,0.802157
-2.029745,-1.046991,-0.992207,1.022629,0.732914
-0.964803,-1.349192,-1.407854,1.085248,0.664853
-0.751815,-1.435546,-1.404657,1.175627,0.638862
-0.964803,-1.521881,-1.494181,1.257986,0.6385
-0.538826,-1.694588,-1.66044,1.367348,0.63606
-0.538826,-1.565058,-1.574113,1.472102,0.63545
-0.964803,-0.874303,-1.235201,1.557599,0.63615
-1.177791,-0.831126,-0.893091,1.688465,0.63702
-0.964803,-0.787949,-0.889894,1.818554,0.637425
-0.538826,-0.442572,-0.451866,1.933138,0.639
-0.964803,-0.097194,0.146027,2.043413,0.639482
-0.751815,0.161848,0.149224,2.114648,0.667733
-0.964803,0.248183,0.318681,2.135876,0.787006
-0.751815,0.420872,0.408205,2.179247,0.829667
-0.964803,0.679914,0.663987,2.209005,0.869488
-0.538826,0.723091,0.756709,2.27341,0.917781
-0.538826,0.766268,0.756709,2.311178,0.99475
-0.538826,1.068468,0.843036,2.319061,1.092318
-0.538826,1.370669,1.274669,2.338725,1.189904
-0.538826,1.370669,1.360996,2.363825,1.291371
-0.538826,1.457023,1.447323,2.347189,1.415854
-0.112849,1.543358,1.626371,2.333838,1.555246
-0.112849,1.629711,1.540044,2.303644,1.625522
0.10014,1.586535,1.543241,2.287643,1.758264
-0.112849,1.284334,1.281064,2.271976,1.863781
0.10014,1.111645,1.197934,2.247024,1.910897
0.526117,1.241157,1.204329,2.213303,1.961591
0.313128,1.111645,1.114805,2.046409,2.01354
0.313128,1.068468,1.114805,1.928857,2.048
0.739105,0.982115,1.034873,1.919678,2.048
0.526117,0.852603,0.859022,1.919678,2.044619
0.313128,0.809426,0.769498,1.920651,2.002164
0.739105,0.723091,0.689566,1.909725,1.874399
0.739105,0.679914,0.689566,1.9091,1.799589
0.952093,0.679914,0.692763,1.933118,1.728467
0.952093,0.593561,0.606436,1.93948,1.683706
0.952093,0.507225,0.433783,1.915626,1.64017
1.165082,0.29136,0.350653,1.862904,1.528953
1.37807,0.334537,0.353851,1.702997,1.345466
1.37807,0.032318,0.181197,1.688109,1.243122
1.37807,0.075494,0.09487,1.682271,1.122608
1.165082,-0.010841,-0.08098,1.655927,1.008872
1.37807,-0.18353,-0.250436,1.593331,0.943133
1.165082,-0.226706,-0.167307,1.5038,0.919
1.165082,-0.61526,-0.598941,1.453435,0.885964
1.37807,-0.701614,-0.68207,1.382125,0.817151
1.165082,-1.176503,-1.116901,1.32658,0.78795
0.952093,-1.349192,-1.292752,1.25917,0.78795
0.952093,-1.306034,-1.292752,1.209172,0.78795
0.952093,-1.608234,-1.638059,1.189431,0.799088
0.526117,-1.694588,-1.73078,1.169144,0.844044
0.526117,-1.8241,-1.817107,1.152125,0.903625
0.313128,-1.780923,-1.820304,1.127845,0.986362
-0.751815,-2.083142,-2.095271,1.032568,1.076106
-0.964803,-2.083142,-2.184795,0.981116,1.163732
-0.964803,-2.212654,-2.184795,0.946972,1.279106
-1.177791,-2.083142,-2.015339,0.939626,1.378055
-0.751815,-1.780923,-1.749964,0.932698,1.481903
-0.964803,-1.651411,-1.753161,0.908663,1.569675
-1.177791,-1.306034,-1.411051,0.864478,1.639344
-0.751815,-1.262857,-1.145677,0.83734,1.717093
-1.177791,-1.046991,-1.065745,0.83694,1.844131
-1.603768,-0.485749,-0.554179,0.83694,1.894779
-2.029745,-0.960638,-0.90588,0.84147,1.944403
-1.603768,-0.831126,-0.813159,0.87842,1.987984
-1.603768,-0.485749,-0.554179,0.94149,2.034818
-1.603768,-0.226706,-0.295198,0.983983,2.12231
-1.603768,-0.140371,-0.208872,1.037635,2.17452
-1.39078,-0.18353,-0.205674,1.34094,2.194057
-1.816757,0.075494,0.046911,1.476618,2.206584
-1.39078,0.29136,0.312286,1.564049,2.220465
-1.39078,0.205006,0.312286,1.705093,2.223
-1.603768,0.334537,0.309089,1.764274,2.22901
-1.39078,0.723091,0.74392,1.765574,2.228812
-1.39078,0.507225,0.398613,1.765659,2.227984
-1.39078,0.334537,0.312286,1.822633,2.227984
-1.39078,0.550402,0.484939,1.951273,2.185454
-1.39078,0.593561,0.657593,2.064234,2.125888
-1.177791,1.025292,0.91977,2.138317,2.089211
-1.177791,0.982115,1.006097,2.208509,2.0398
-1.603768,0.852603,0.827049,2.23155,2.027382
-1.39078,1.19798,1.26188,2.234037,2.003502
-1.177791,1.068468,1.092424,2.234037,1.96867
-0.964803,0.938956,0.922968,2.209268,1.893975
-0.964803,0.809426,0.750314,2.168,1.790456
-1.177791,0.852603,0.747117,2.168,1.737701
-0.325837,0.593561,0.673579,2.1726,1.67228
-0.112849,0.679914,0.676777,2.191826,1.537532
-0.112849,0.679914,0.59045,2.273436,1.399435
-0.112849,0.507225,0.504123,2.277813,1.334459
-0.538826,0.377713,0.325075,2.277482,1.263858
-0.112849,0.334537,0.33147,2.261931,1.151814
-0.112849,0.075494,-0.013837,2.241165,1.082388
-0.325837,0.032318,-0.017035,2.234823,1.032719
0.313128,0.161848,0.165211,2.227084,0.98516
0.526117,0.377713,0.341062,2.213653,0.90088
0.739105,0.334537,0.344259,2.210391,0.821552
0.739105,0.205006,0.171605,2.160625,0.801875
1.165082,0.420872,0.43698,2.12798,0.785908
0.952093,0.248183,0.347456,1.974,0.781
1.165082,-0.097194,0.005346,1.943191,0.781234
1.165082,-0.140371,-0.167307,1.900065,0.777935
1.165082,-0.010841,0.005346,1.873402,0.777935
1.37807,0.075494,0.09487,1.845587,0.772389
1.165082,0.118671,0.178,1.76696,0.776569
1.165082,0.032318,0.091673,1.693206,0.795709
1.591059,0.118671,0.184395,1.647951,0.816506
1.37807,0.075494,0.09487,1.643102,0.840148
1.37807,0.032318,0.008544,1.634621,0.950347
1.591059,-0.31306,-0.247239,1.628163,1.047496
1.591059,-0.226706,-0.160912,1.623175,1.10373
1.804047,-0.658437,-0.762002,1.589109,1.13976
1.591059,-0.874303,-0.851526,1.536372,1.177801
1.37807,-0.960638,-0.94105,1.507632,1.238374
1.37807,-1.090168,-1.027377,1.417106,1.322024
0.739105,-1.133327,-1.209622,1.405453,1.414582
0.739105,-1.306034,-1.295949,1.389165,1.501063
0.526117,-1.306034,-1.299146,1.343772,1.566461
0.313128,-1.392369,-1.474997,1.2887,1.6039
0.313128,-1.910435,-1.906631,1.228291,1.623299
0.10014,-1.8241,-1.909828,1.133505,1.675039
-0.112849,-1.996789,-1.913025,1.039346,1.752516
-0.538826,-1.910435,-1.91942,0.97748,1.849609
-0.964803,-1.694588,-1.753161,0.952393,1.903887
-1.177791,-1.478722,-1.583705,0.924949,1.988933
-1.603768,-1.608234,-1.676426,0.907178,2.061377
-1.603768,-1.349192,-1.417446,0.871788,2.150511
-1.39078,-0.91748,-0.896288,0.870413,2.179
-1.603768,-0.658437,-0.726832,0.870413,2.179
-1.603768,-0.528925,-0.554179,0.870502,2.182702
-1.39078,-0.61526,-0.637308,0.897487,2.196497
-1.39078,-0.356237,-0.378328,0.96741,2.198931
-1.603768,-0.269883,-0.554179,1.057803,2.198931
-1.39078,0.377713,0.312286,1.145901,2.219393
-1.177791,-0.140371,-0.11615,1.238898,2.226178
-1.39078,-0.010841,-0.119348,1.320455,2.226178
-1.177791,0.075494,-0.029824,1.433808,2.226178
-1.177791,0.205006,0.14283,1.554238,2.185527
-0.751815,0.118671,0.062898,1.5985,2.14425
-0.751815,0.075494,0.062898,1.695,2.139768
-0.751815,0.593561,0.580858,1.831655,2.131875
-0.751815,0.593561,0.580858,1.863754,2.115
-0.751815,0.766268,0.753512,1.904107,2.098567
-0.538826,1.111645,1.102016,1.948919,2.055246
-0.964803,1.457023,1.354601,2.026749,2.036161
-0.538826,1.025292,1.102016,2.107688,1.969625
-0.325837,1.19798,1.19154,2.11725,1.907625
-0.112849,0.938956,0.935757,2.184521,1.775831
-0.112849,1.716065,1.712697,2.252432,1.696001
-0.325837,1.284334,1.364193,2.281077,1.642845
0.10014,1.543358,1.629568,2.287347,1.577346
0.10014,1.284334,1.284261,2.285247,1.444275
-0.325837,1.19798,1.19154,2.282087,1.34025
-0.112849,1.111645,1.10841,2.25843,1.327879
-0.538826,1.025292,1.015689,2.231389,1.297281
-0.325837,0.982115,1.018886,2.197659,1.266338
0.10014,0.852603,0.852627,2.129984,1.189033
0.10014,0.679914,0.766301,2.091658,1.108642
-0.325837,0.507225,0.587253,2.07175,1.094125
-0.112849,0.507225,0.504123,2.004119,1.069104
0.10014,0.161848,0.162014,1.904283,1.051187
0.313128,0.161848,0.165211,1.83436,1.034553
0.313128,-0.097194,-0.007443,1.740991,1.013703
0.313128,0.075494,-0.007443,1.622429,0.978392
0.526117,-0.054018,-0.004245,1.556888,0.941217
0.952093,-0.226706,-0.170504,1.508482,0.905112
0.739105,-0.269883,-0.260028,1.461634,0.865606
0.526117,-0.442572,-0.435879,1.380942,0.852162
0.952093,-0.572084,-0.602138,1.278891,0.852162
1.165082,-0.701614,-0.512614,1.225061,0.852162
1.165082,-0.960638,-0.944248,1.168967,0.856469
0.739105,-0.960638,-0.950642,1.108001,0.865511
1.165082,-1.478722,-1.462208,1.081433,0.868575
0.739105,-1.651411,-1.641256,1.081433,0.874432
0.526117,-1.565058,-1.558127,1.081433,0.899614
0.526117,-1.737746,-1.73078,1.102376,0.957575
0.526117,-2.039965,-1.98976,1.198616,1.011418
0.952093,-1.694588,-1.638059,1.2535,1.070379
0.952093,-1.651411,-1.724386,1.2535,1.164572
0.739105,-1.608234,-1.554929,1.254375,1.2474
0.739105,-1.694588,-1.641256,1.266174,1.338045
0.952093,-1.521881,-1.551732,1.266255,1.463353
0.952093,-1.306034,-1.292752,1.253342,1.564269
0.952093,-1.306034,-1.292752,1.244187,1.667439
1.165082,-0.831126,-0.771594,1.228521,1.718358
1.37807,-0.744791,-0.768397,1.236534,1.849436
1.165082,-0.701614,-0.771594,1.247,1.984824
0.952093,-0.701614,-0.688465,1.247,2.060354
0.952093,-0.744791,-0.688465,1.252862,2.144241
0.952093,-0.442572,-0.515811,1.299339,2.20439
0.739105,-0.61526,-0.605335,1.362731,2.233937
0.739105,-0.61526,-0.605335,1.427327,2.251262
0.526117,-0.442572,-0.522206,1.504566,2.301684
0.313128,-0.18353,-0.093769,1.54804,2.356608
0.10014,-0.269883,-0.26962,1.581033,2.406745
0.10014,-0.140371,-0.096967,1.626812,2.440987
0.10014,-0.140371,-0.183293,1.65494,2.474868
-0.325837,0.032318,0.069292,1.657742,2.496577
-0.538826,0.075494,0.152422,1.657742,2.497
-0.538826,0.248183,0.238748,1.657306,2.4965
-0.325837,0.679914,0.587253,1.5871,2.483194
-0.325837,0.679914,0.673579,1.473306,2.440721
-0.751815,0.809426,0.753512,1.415304,2.383686
-0.538826,0.766268,0.756709,1.374614,2.366068
-0.538826,1.068468,1.102016,1.296992,2.339708
-0.751815,1.154822,1.098818,1.184369,2.307838
-0.751815,1.284334,1.271472,1.116918,2.288302
-0.751815,1.241157,1.271472,1.116918,2.246373
-0.538826,1.284334,1.274669,1.116918,2.144875
-0.538826,1.370669,1.360996,1.124647,2.016184
-0.538826,1.629711,1.619976,1.144258,1.936721
-0.538826,1.629711,1.619976,1.175806,1.830829
-0.325837,1.8024,1.7095,1.228242,1.743088
-0.325837,1.543358,1.536847,1.24875,1.594563
-0.112849,1.543358,1.540044,1.302585,1.445758
-0.325837,1.543358,1.536847,1.393977,1.328667
-0.325837,1.586535,1.536847,1.466686,1.288429
-0.538826,1.500199,1.533649,1.487789,1.277471
-0.112849,1.370669,1.281064,1.489,1.244827
-0.112849,1.284334,1.194737,1.489,1.081263
-0.112849,1.284334,1.281064,1.4915,0.978012
0.10014,1.025292,1.111608,1.4862,0.864851
0.526117,0.938956,1.031675,1.471,0.831515
0.526117,0.636737,0.686369,1.464326,0.802459
0.526117,0.852603,0.859022,1.458715,0.741719
0.739105,0.636737,0.689566,1.457,0.671269
0.739105,0.679914,0.689566,1.455474,0.663009
0.952093,0.636737,0.692763,1.402562,0.657009
0.952093,0.636737,0.606436,1.355238,0.649108
1.165082,0.636737,0.69596,1.320014,0.641016
1.165082,0.550402,0.523307,1.273784,0.651704
1.165082,0.377713,0.609634,1.271,0.660215
1.165082,0.334537,0.264327,1.263177,0.665468
0.952093,0.29136,0.347456,1.256443,0.665788
1.37807,0.075494,0.181197,1.260152,0.690976
1.591059,0.032318,0.098068,1.262652,0.757809
1.591059,0.118671,0.098068,1.262321,0.854896
1.591059,-0.010841,0.011741,1.214733,0.936199
1.591059,-0.097194,0.011741,1.124347,1.070633
1.37807,-0.226706,-0.16411,1.07897,1.132171
1.165082,-0.140371,-0.08098,1.02699,1.245652
1.37807,-0.485749,-0.42309,0.996776,1.3752
1.37807,-0.658437,-0.595743,0.981461,1.470851
1.37807,-0.744791,-0.68207,0.94053,1.558944
1.37807,-0.787949,-0.854724,0.87557,1.636216
1.37807,-0.960638,-0.94105,0.800414,1.716181
1.37807,-1.003815,-0.94105,0.75686,1.81904
0.952093,-1.262857,-1.206425,0.75686,1.91525
0.739105,-1.262857,-1.295949,0.75686,2.002904
0.526117,-1.306034,-1.385473,0.761533,2.084019
0.313128,-1.910435,-1.820304,0.796084,2.155586
0.313128,-1.867277,-1.906631,0.817673,2.197366
0.10014,-1.565058,-1.564521,0.844749,2.200442
-0.964803,-1.478722,-1.494181,0.887405,2.200442
-0.538826,-1.392369,-1.487786,0.925676,2.200442
-0.538826,-1.435546,-1.487786,1.101397,2.177341
-0.751815,-1.565058,-1.490984,1.338452,2.16212
-0.751815,-1.306034,-1.145677,1.358707,2.16212
-0.964803,-1.176503,-1.148874,1.444146,2.16212
-1.177791,-1.176503,-1.152071,1.500143,2.180664
-0.751815,-0.658437,-0.714043,1.50207,2.188568
-0.964803,-0.442572,-0.371933,1.50207,2.188568
-0.964803,-0.356237,-0.45826,1.52093,2.188568
-1.177791,-0.010841,-0.029824,1.59604,2.171937
-1.177791,0.161848,0.056503,1.682523,2.137843
-1.39078,0.377713,0.312286,1.779772,2.108441
-0.964803,0.636737,0.577661,1.875,2.045383
-0.964803,0.593561,0.577661,1.917887,2.005941
-0.751815,0.464049,0.494531,1.968889,1.975758
-0.964803,0.464049,0.491334,1.972,1.9576
-1.39078,0.593561,0.571266,1.985465,1.910036
-0.964803,0.377713,0.405007,2.010567,1.822211
-1.39078,0.161848,0.139633,2.017598,1.754587
-1.177791,0.248183,0.229157,2.017248,1.722646
-1.177791,0.118671,0.056503,2.014516,1.6943
-0.751815,-0.31306,-0.368736,2.02602,1.662
-0.964803,-0.356237,-0.45826,2.027825,1.621538
-1.177791,-0.528925,-0.461457,2.026381,1.573993
-1.177791,-0.528925,-0.547784,2.004194,1.433874
-0.751815,-0.61526,-0.54139,1.94228,1.346029
-0.964803,-1.046991,-1.062547,1.902176,1.211522
0.10014,-1.21968,-1.219214,1.875319,1.162182
0.313128,-1.565058,-1.647651,1.870565,1.069759
0.526117,-1.651411,-1.644453,1.877375,0.956152
0.313128,-1.8241,-1.820304,1.875747,0.836913
0.313128,-1.953612,-1.906631,1.874375,0.813839
0.526117,-1.737746,-1.644453,1.877394,0.813839
0.952093,-1.565058,-1.551732,1.8825,0.816964
0.952093,-1.046991,-1.033772,1.88725,0.869028
0.952093,-1.003815,-1.033772,1.896627,0.958017
1.37807,-1.176503,-1.200031,1.921,1.042523
1.37807,-1.003815,-1.027377,1.936051,1.142592
1.591059,-0.91748,-0.851526,1.954092,1.245047
1.591059,-0.701614,-0.678873,1.971,1.3665
1.591059,-0.485749,-0.506219,1.972,1.5432
1.37807,-0.31306,-0.250436,1.972,1.640187
1.37807,-0.485749,-0.336763,1.977199,1.736759
1.37807,-0.269883,-0.250436,1.958798,1.802778
1.591059,-0.097194,0.011741,1.94287,1.875624
1.37807,0.032318,0.09487,1.892852,1.980671
1.591059,-0.054018,-0.074586,1.846628,2.069375
1.37807,0.118671,0.181197,1.815869,2.1878
1.165082,0.29136,0.264327,1.787436,2.312388
1.165082,0.248183,0.264327,1.696624,2.380196
1.165082,0.377713,0.43698,1.585223,2.42428
0.952093,0.420872,0.433783,1.500528,2.451064
0.952093,0.89578,0.865417,1.403671,2.465154
0.739105,0.464049,0.603239,1.278874,2.472929
0.526117,0.679914,0.945349,1.152119,2.486012
0.526117,0.723091,0.772695,1.054201,2.489972
0.10014,0.766268,0.852627,1.009491,2.489972
0.313128,1.111645,1.114805,0.925746,2.4802
0.10014,1.111645,1.111608,0.85324,2.428406
-0.112849,1.370669,1.367391,0.82913,2.326883
-0.325837,1.327511,1.364193,0.747049,2.258468
-0.325837,1.370669,1.45052,0.697883,2.185604
-0.325837,1.413846,1.364193,0.675344,2.141199
-0.325837,1.370669,1.364193,0.671094,2.073902
-0.325837,1.370669,1.19154,0.671094,1.974661
-0.112849,1.025292,1.022084,0.681655,1.812234
-0.538826,1.19798,1.188342,0.714374,1.717829
-0.325837,1.111645,1.018886,0.74625,1.61625
-0.751815,0.982115,1.012492,0.774542,1.542063
-0.964803,1.111645,1.181948,0.784483,1.386063
-0.964803,1.19798,1.181948,0.800207,1.265825
-1.177791,1.370669,1.351404,0.839966,1.150914
-0.964803,1.19798,1.440928,0.891085,1.076469
-0.964803,0.852603,0.922968,0.93869,1.017465
-1.177791,0.852603,0.833444,1.001727,0.923149
-1.39078,0.852603,0.830246,1.030102,0.831899
-1.177791,0.809426,0.833444,1.100131,0.716982
-1.603768,0.723091,0.654396,1.193996,0.605317
-1.603768,0.593561,0.654396,1.248983,0.582778
-1.603768,0.636737,0.568069,1.331903,0.577597
-1.39078,0.420872,0.484939,1.400634,0.573089
-1.816757,0.464049,0.392218,1.500931,0.558706
-1.39078,0.161848,0.053306,1.618125,0.557406
-1.39078,-0.140371,-0.119348,1.725644,0.546528
-1.603768,-0.226706,-0.295198,1.841205,0.505519
-1.603768,-0.572084,-0.640505,1.930293,0.472911
-1.39078,-0.572084,-0.637308,1.980016,0.472
-1.39078,-0.874303,-0.809962,2.00677,0.468375
-1.603768,-1.133327,-1.158466,2.036902,0.4686
-1.603768,-1.176503,-1.158466,2.084374,0.50129
-1.39078,-1.21968,-1.241595,2.200906,0.540961
-1.177791,-1.262857,-1.238398,2.255683,0.6641
-1.39078,-1.651411,-1.673229,2.314411,0.785984
-0.964803,-1.651411,-1.925815,2.379315,0.854687
-0.112849,-2.298989,-2.085679,2.395309,0.939032
-0.964803,-2.385343,-2.357448,2.395309,1.041543
-0.964803,-2.083142,-2.098468,2.401857,1.123763
-0.964803,-1.996789,-2.012141,2.413754,1.241521
-0.964803,-1.565058,-1.580508,2.414051,1.343078
-0.751815,-1.565058,-1.57731,2.411538,1.427354
-0.964803,-1.651411,-1.580508,2.409,1.468869
0.10014,-1.306034,-1.305541,2.410142,1.71126
-0.112849,-1.133327,-1.222412,2.42362,1.806182
-0.325837,-0.787949,-0.793975,2.420724,1.87965
-0.538826,-0.831126,-0.797172,2.408125,1.943174
-0.751815,-0.528925,-0.109756,2.397607,1.988679
-0.538826,-0.442572,-0.365539,2.382592,2.120486
-0.325837,-0.18353,-0.189688,2.368656,2.181034
-0.112849,-0.097194,-0.100164,2.227375,2.231264
-0.112849,0.075494,-0.013837,2.153239,2.232019
-0.325837,0.205006,0.241946,2.12345,2.232019
-0.112849,0.507225,0.417796,2.109374,2.19579
-0.325837,0.593561,0.500926,2.088547,2.100544
-0.112849,0.636737,0.676777,2.067375,2.024062
-0.112849,1.068468,1.022084,2.006387,1.939353
-0.112849,1.19798,1.10841,1.902772,1.888582
-0.325837,1.370669,1.277867,1.878329,1.814
-0.325837,1.370669,1.364193,1.856693,1.746718
0.313128,1.586535,1.546439,1.82694,1.699847
-0.112849,1.543358,1.540044,1.816,1.677548
0.313128,1.500199,1.460112,1.816,1.665
0.526117,1.19798,1.204329,1.79876,1.665
0.10014,1.154822,1.197934,1.709198,1.660907
0.739105,0.938956,0.862219,1.633929,1.394718
0.952093,0.89578,0.951743,1.595,1.267
0.952093,0.938956,0.951743,1.595,1.267
0.952093,0.852603,0.77909,1.475688,1.122234
1.165082,0.852603,0.782287,1.398102,0.947563
1.165082,0.636737,0.609634,1.330228,0.901405
1.591059,0.464049,0.443375,1.225298,0.881856
1.37807,0.550402,0.526504,1.166735,0.88
1.591059,0.464049,0.529701,1.069059,0.88
1.591059,0.334537,0.357048,1.028177,0.880194
1.165082,0.464049,0.523307,1.007125,0.886694
1.591059,0.205006,0.270721,0.9874,0.8989
1.591059,0.248183,0.270721,0.937445,0.912715
1.591059,-0.010841,0.011741,0.924879,0.966083
1.591059,-0.054018,0.098068,0.914942,1.075741
1.591059,-0.18353,-0.160912,0.913308,1.195541
1.804047,-0.442572,-0.416695,0.909772,1.30718
1.591059,-0.61526,-0.592546,0.87359,1.390837
1.37807,-0.572084,-0.509417,0.825041,1.479309
1.591059,-0.831126,-0.851526,0.769646,1.580987
1.37807,-1.046991,-1.027377,0.726519,1.685313
1.591059,-0.91748,-0.937853,0.698208,1.817371
1.165082,-1.133327,-1.203228,0.691137,1.908233
1.165082,-1.306034,-1.289555,0.684206,2.001378
1.165082,-1.565058,-1.634862,0.667306,2.089026
1.165082,-1.780923,-1.807515,0.665957,2.151845
0.739105,-1.780923,-1.81391,0.665957,2.262641
0.526117,-1.737746,-1.817107,0.665957,2.285846
0.10014,-1.780923,-1.823501,0.71055,2.287836
-0.325837,-1.8241,-1.829896,0.783251,2.292164
-0.112849,-1.435546,-1.740372,0.865571,2.305993
-0.538826,-1.8241,-1.746767,0.931496,2.318771
-0.538826,-1.435546,-1.746767,0.97003,2.306374
-1.177791,-1.262857,-1.324725,1.038464,2.301579
-0.964803,-1.392369,-1.407854,1.123375,2.30544
-1.39078,-1.046991,-1.155269,1.213874,2.305734
-1.39078,-0.874303,-0.896288,1.310293,2.305511
-1.603768,-0.701614,-0.640505,1.387034,2.285313
-1.603768,-0.701614,-0.726832,1.503135,2.265
-1.39078,-0.61526,-0.637308,1.563397,2.220125
-0.964803,-0.485749,-0.45826,1.702837,2.20157
-1.603768,-0.097194,-0.122545,1.816082,2.185072
-1.816757,0.334537,0.219565,1.846119,2.176714
-1.816757,0.205006,0.219565,1.864124,2.148278
-1.39078,0.550402,0.657593,1.887149,2.066355
-1.177791,0.205006,0.229157,1.904438,1.980015
-1.177791,0.507225,0.747117,1.964512,1.919809
-1.39078,0.723091,0.657593,2.050991,1.869317
-1.177791,0.723091,0.833444,2.079901,1.791783
-1.177791,0.852603,0.833444,2.098315,1.715025
-1.177791,0.938956,0.91977,2.163927,1.481894
-0.964803,1.025292,1.009294,2.185802,1.378803
-0.964803,1.111645,1.181948,2.210068,1.329183
-0.751815,0.938956,0.926165,2.244634,1.280893
-0.751815,1.111645,0.926165,2.217354,1.169289
-0.964803,1.284334,1.181948,2.205275,1.113429
-0.751815,1.241157,1.185145,2.1953,1.059006
-0.325837,1.413846,1.364193,2.189131,0.986596
0.313128,1.500199,1.546439,2.154589,0.913712
0.739105,1.543358,1.63916,2.080161,0.888166
0.313128,1.111645,1.114805,2.033559,0.863813
0.526117,1.111645,1.031675,1.992898,0.844783
0.526117,1.068468,1.118002,1.90283,0.799099
0.526117,1.19798,1.118002,1.874573,0.767
0.952093,1.025292,1.03807,1.807533,0.767
0.952093,0.809426,0.77909,1.728819,0.767
0.952093,0.723091,0.951743,1.65043,0.7791
1.165082,0.89578,0.868614,1.526027,0.801388
1.37807,0.593561,0.526504,1.476693,0.819618
1.37807,0.464049,0.526504,1.351994,0.830435
1.37807,0.29136,0.267524,1.277875,0.841223
1.37807,0.205006,0.267524,1.159734,0.850204
1.37807,0.161848,0.181197,1.071959,0.87075
1.37807,-0.140371,-0.077783,1.002539,0.952531
1.165082,-0.226706,-0.253634,0.942775,1.051623
1.165082,-0.31306,-0.253634,0.897064,1.135556
1.165082,-0.658437,-0.685267,0.855856,1.228684
1.165082,-0.658437,-0.685267,0.809653,1.356964
1.591059,-0.960638,-0.851526,0.736177,1.447872
1.591059,-1.046991,-1.110507,0.683615,1.50933
1.591059,-0.960638,-0.937853,0.680694,1.590627
1.591059,-1.090168,-0.937853,0.682194,1.687302
0.739105,-1.565058,-1.468603,0.682194,1.787964
0.952093,-1.608234,-1.810712,0.686036,1.870125
0.739105,-1.867277,-1.900236,0.705693,1.922206
0.313128,-1.996789,-2.079284,0.760977,1.964981
-0.112849,-2.169477,-2.172006,0.781172,2.063071
0.313128,-2.039965,-2.079284,0.827299,2.126418
-0.751815,-2.169477,-2.095271,0.893289,2.159365
-1.177791,-1.306034,-1.324725,0.981227,2.17321
-1.603768,-0.831126,-0.899486,1.080115,2.178331
-1.39078,-0.701614,-0.723635,1.161239,2.181914
-1.603768,-0.528925,-0.554179,1.236218,2.20495
-1.603768,-0.140371,-0.122545,1.313741,2.262915
-1.39078,0.248183,-0.119348,1.363148,2.302454
-1.603768,0.032318,-0.036218,1.466079,2.306811
-1.39078,0.161848,0.053306,1.551972,2.306811
-1.816757,0.593561,0.478545,1.643389,2.306211
-1.39078,0.679914,0.484939,1.723412,2.280858
-1.603768,0.334537,0.395415,1.780275,2.276
-1.603768,0.809426,0.740722,1.823311,2.255837
-1.603768,0.766268,0.740722,1.904178,2.247516
-1.603768,0.852603,0.827049,2.018542,2.170006
-1.603768,0.938956,0.913376,2.136467,2.112018
-1.39078,1.154822,1.089227,2.234391,2.065006
-0.964803,1.068468,1.095621,2.265127,2.031191
-0.751815,1.068468,1.012492,2.292474,1.909893
-0.964803,0.938956,0.922968,2.293368,1.80878
-1.177791,0.938956,0.833444,2.284211,1.707125
-0.751815,0.766268,0.839838,2.28732,1.683156
-0.325837,0.766268,0.759906,2.287074,1.584499
-0.325837,0.679914,0.587253,2.287605,1.458976
-0.751815,0.550402,0.494531,2.282444,1.324508
-0.751815,0.507225,0.408205,2.27842,1.202801
-0.112849,-0.442572,-0.445471,2.265315,1.121877
0.526117,-0.960638,-0.953839,2.255273,1.013388
0.739105,-0.787949,-0.777989,2.246831,0.934974
0.952093,-0.91748,-0.861118,2.236574,0.849912
0.952093,-0.874303,-0.861118,2.207822,0.732083
1.165082,-0.787949,-0.771594,2.173021,0.659435
1.165082,-0.701614,-0.598941,2.121642,0.621088
1.37807,-0.528925,-0.509417,2.074658,0.606276
1.37807,-0.356237,-0.336763,2.044249,0.601103
1.37807,-0.356237,-0.250436,2.004832,0.618125
1.37807,-0.054018,-0.077783,1.978051,0.6395
1.37807,0.118671,0.09487,1.843582,0.701035
1.591059,0.161848,0.184395,1.799222,0.767747
1.165082,0.161848,0.178,1.758889,0.838744
1.165082,0.248183,0.264327,1.711362,0.875353
0.952093,0.507225,0.52011,1.653046,0.939469
0.952093,0.593561,0.606436,1.63325,1.028018
0.739105,0.679914,0.775893,1.6295,1.104946
0.952093,0.852603,0.865417,1.6205,1.227391
0.952093,1.111645,1.124397,1.616,1.31975
0.526117,0.938956,1.031675,1.614234,1.447252
0.313128,1.111645,1.114805,1.611383,1.52097
0.10014,1.284334,1.284261,1.562344,1.632204
0.313128,1.327511,1.287458,1.521349,1.732206
0.10014,1.284334,1.370588,1.479107,1.867642
0.313128,1.413846,1.460112,1.472467,1.958158
0.313128,1.457023,1.460112,1.461522,2.125158
-0.112849,1.500199,1.540044,1.3873,2.2275
-0.325837,1.716065,1.623173,1.295292,2.267502
0.10014,1.629711,1.543241,1.190905,2.269008
-0.112849,1.413846,1.367391,1.039358,2.272855
-0.538826,1.457023,1.447323,0.946281,2.272855
-0.325837,1.370669,1.277867,0.86726,2.266196
-0.538826,1.457023,1.533649,0.78959,2.218073
-0.538826,1.629711,1.533649,0.753216,2.131694
-0.751815,1.241157,1.271472,0.74402,2.027961
-0.751815,1.19798,1.271472,0.736918,1.932386
-1.177791,1.284334,1.178751,0.728543,1.854539
-1.177791,1.370669,1.265077,0.71925,1.739579
-0.964803,1.068468,1.009294,0.709613,1.611531
-0.964803,0.89578,0.922968,0.695782,1.479307
-1.39078,1.025292,1.089227,0.695782,1.361352
-0.964803,0.982115,1.009294,0.695782,1.248063
-1.603768,0.89578,0.913376,0.708163,1.166718
-1.816757,0.464049,0.564872,0.744949,1.076004
-1.603768,0.377713,0.395415,0.790273,0.995216
-2.029745,0.205006,0.043714,0.817439,0.897975
-1.39078,-0.18353,-0.119348,0.870181,0.738233
-1.603768,-0.140371,-0.122545,0.924196,0.634474
-1.816757,-0.356237,-0.471049,0.99956,0.593595
-1.816757,-0.528925,-0.557376,1.0793,0.555798
-1.603768,-0.528925,-0.554179,1.151495,0.538491
-1.39078,-0.874303,-0.896288,1.245762,0.53
-1.39078,-0.787949,-0.896288,1.3558,0.51804
-1.39078,-0.960638,-0.982615,1.47175,0.493125
-1.39078,-1.046991,-1.068942,1.566329,0.453797
-1.816757,-1.21968,-1.24799,1.666822,0.450345
-1.39078,-0.831126,-0.982615,1.74646,0.450345
-1.177791,-0.787949,-0.893091,1.80742,0.43921
-1.177791,-0.701614,-0.720438,1.887675,0.440375
-0.964803,-0.701614,-0.71724,1.980492,0.454356
-0.751815,-0.787949,-0.714043,2.188651,0.472238
-0.538826,-0.61526,-0.624519,2.27385,0.494875
-0.751815,-0.269883,-0.282409,2.323091,0.609169
-0.538826,-0.31306,-0.192885,2.333832,0.699174
-0.325837,-0.399395,-0.448668,2.339809,0.770504
-0.112849,-0.269883,-0.272817,2.344806,0.874049
0.10014,0.075494,0.075687,2.344806,0.979344
0.10014,0.161848,0.075687,2.350803,1.089149
0.10014,0.161848,0.162014,2.369179,1.156015
0.313128,0.248183,0.251538,2.3745,1.209332
0.526117,0.29136,0.254735,2.389125,1.324913
0.739105,0.550402,0.603239,2.393407,1.46961
0.739105,0.29136,0.344259,2.378569,1.571799
0.739105,0.377713,0.516912,2.359509,1.625778
0.739105,0.29136,0.344259,2.354192,1.695906
1.165082,0.377713,0.43698,2.338566,1.705307
0.952093,0.464049,0.52011,2.257248,1.705307
1.165082,0.161848,0.178,2.200495,1.699859
1.165082,0.248183,0.178,2.17745,1.670875
1.165082,0.161848,0.264327,2.106629,1.6554
1.37807,0.29136,0.267524,2.011615,1.645123
1.37807,0.205006,0.267524,1.934233,1.63309
1.37807,0.636737,0.267524,1.84735,1.591747
1.37807,0.118671,0.09487,1.787182,1.555422
1.591059,-0.054018,0.011741,1.663668,1.533827
1.37807,-0.528925,-0.509417,1.544739,1.526971
1.165082,-0.701614,-0.685267,1.464303,1.52825
1.591059,-0.831126,-0.7652,1.375638,1.536542
0.739105,-1.21968,-1.209622,1.259076,1.56782
0.526117,-1.478722,-1.385473,1.175586,1.593374
0.739105,-1.435546,-1.468603,1.092477,1.615034
0.526117,-1.8241,-1.903434,1.03464,1.626333
0.313128,-1.8241,-1.906631,0.942598,1.634677
0.313128,-1.8241,-1.820304,0.92197,1.643693
0.10014,-1.996789,-2.168808,0.90734,1.728667
-1.177791,-1.953612,-2.015339,0.902211,1.787685
-1.177791,-1.565058,-1.497378,0.889152,1.849033
-1.177791,-1.478722,-1.497378,0.88245,1.91693
-1.39078,-1.478722,-1.500575,0.880412,1.983678
-0.964803,-1.133327,-1.148874,0.863792,2.047391
-1.177791,-0.91748,-0.979418,0.855205,2.107444
-1.177791,-1.090168,-0.979418,0.855205,2.119007
-1.39078,-1.046991,-1.068942,0.855205,2.119952
-1.39078,-0.356237,-0.378328,0.874733,2.136008
-1.177791,-0.31306,-0.375131,0.923622,2.154394
-1.177791,-0.054018,-0.11615,1.03468,2.156519
-1.603768,0.075494,0.309089,1.103404,2.157561
-1.39078,0.29136,0.312286,1.17425,2.182872
-1.39078,0.118671,0.139633,1.274177,2.185903
-1.603768,0.29136,0.395415,1.379572,2.194644
-1.603768,0.420872,0.481742,1.480043,2.2087
-1.39078,0.679914,0.657593,1.581393,2.219
-1.177791,0.723091,0.747117,1.649602,2.219
-0.964803,1.111645,1.095621,1.734413,2.220162
-0.964803,1.19798,1.181948,1.829625,2.220453
-0.751815,1.413846,1.616779,1.889197,2.227053
-0.751815,1.19798,1.185145,1.933493,2.230203
-0.325837,1.284334,1.277867,2.047488,2.080193
-0.325837,1.370669,1.45052,2.104701,2.018289
-0.112849,1.284334,1.367391,2.135042,1.989208
-0.112849,1.457023,1.540044,2.240313,1.925948
-0.112849,1.457023,1.367391,2.303863,1.835079
-0.112849,1.457023,1.367391,2.308238,1.748683
0.10014,1.543358,1.543241,2.308238,1.710271
0.526117,1.457023,1.376982,2.326784,1.675309
0.526117,1.111645,1.118002,2.307309,1.617082
0.313128,1.111645,1.028478,2.287912,1.39385
0.526117,0.982115,0.945349,2.270238,1.2894
0.739105,0.679914,0.689566,2.224,1.094563
0.739105,0.593561,0.603239,2.191427,1.044801
0.952093,0.248183,0.261129,2.151815,1.003663
0.952093,0.161848,0.174803,2.099185,0.972483
0.952093,0.032318,0.088476,2.031505,0.912149
1.37807,-0.269883,-0.250436,1.964625,0.822823
1.37807,-0.31306,-0.336763,1.895631,0.780699
1.37807,-0.399395,-0.42309,1.79663,0.73257
1.37807,-0.61526,-0.595743,1.725958,0.720303
1.165082,-0.658437,-0.685267,1.634874,0.707784
1.165082,-1.003815,-0.944248,1.539726,0.700903
1.165082,-1.003815,-0.944248,1.480821,0.707784
1.165082,-1.306034,-1.289555,1.37132,0.721974
1.165082,-1.349192,-1.289555,1.346883,0.734968
0.526117,-1.780923,-1.98976,1.334944,0.811728
0.526117,-1.8241,-1.903434,1.283549,0.897818
0.10014,-1.910435,-1.823501,1.203836,0.989718
-0.325837,-1.521881,-1.398262,1.110531,1.078272
-0.538826,-1.694588,-1.66044,1.229602,1.2021
-0.964803,-1.392369,-1.321527,1.405856,1.250831
-1.177791,-1.176503,-1.238398,1.257659,1.308479
-1.39078,-1.090168,-1.155269,1.042708,1.535984
-1.603768,-0.787949,-0.813159,1.018125,1.677417
-1.603768,-0.658437,-0.726832,1.074223,1.808054
-1.816757,-0.399395,-0.384722,1.151681,1.920673
-1.39078,-0.140371,-0.119348,1.142648,2.026919
-1.39078,0.032318,-0.033021,1.133615,2.124997
-1.39078,0.075494,0.312286,1.209795,2.218482
-1.177791,0.248183,0.056503,1.298631,2.245842
-1.177791,0.161848,0.14283,1.385349,2.257375
-1.177791,0.032318,0.14283,1.485882,2.261559
-1.603768,0.550402,0.395415,1.513042,2.27494
-1.177791,0.766268,0.747117,1.539176,2.276798
-1.39078,0.982115,0.916573,1.628355,2.276798
-1.177791,1.025292,1.006097,1.74125,2.274298
-0.751815,1.370669,1.271472,1.791505,2.213732
-0.751815,0.938956,1.012492,1.823826,2.168891
-0.325837,1.19798,1.19154,1.866907,2.144436
-0.325837,1.068468,1.19154,1.958898,2.088763
0.10014,1.19798,1.284261,2.180867,2.033132
-0.112849,1.370669,1.367391,2.206468,1.835478
-0.538826,1.19798,1.188342,2.210195,1.669919
-0.112849,1.19798,1.194737,2.214509,1.633442
-0.112849,1.284334,1.281064,2.201221,1.515111
0.313128,1.111645,1.114805,2.19072,1.434728
0.739105,0.809426,0.862219,2.181596,1.381289
0.313128,0.593561,0.596844,2.170625,1.294125
0.526117,0.766268,0.772695,2.166,1.201304
0.526117,0.852603,0.859022,2.150439,1.090647
0.739105,0.593561,0.603239,2.129897,1.03479
0.952093,0.464049,0.433783,2.106453,0.98812
0.739105,0.248183,0.344259,2.071046,0.941325
0.526117,0.075494,0.082081,2.024253,0.884685
0.739105,0.205006,0.257932,1.97725,0.835188
0.526117,-0.269883,-0.263226,1.949327,0.7655
0.313128,-0.442572,-0.525403,1.885048,0.744225
0.526117,-0.658437,-0.522206,1.798827,0.740427
-0.112849,-0.960638,-0.877105,1.710266,0.733
0.10014,-1.176503,-1.132888,1.574354,0.73655
0.526117,-1.306034,-1.299146,1.464963,0.74801
-0.112849,-1.306034,-1.308738,1.349097,0.758859
-0.325837,-1.608234,-1.657243,1.224966,0.8059
-0.325837,-1.953612,-1.916223,1.117928,0.962245
-0.751815,-1.8241,-1.922617,1.083315,1.034907
-0.325837,-2.298989,-2.26153,1.049997,1.142886
-0.325837,-2.169477,-2.26153,1.042545,1.2467
-0.112849,-2.212654,-2.172006,1.030464,1.295712
0.313128,-2.083142,-2.079284,1.0135,1.327333
0.526117,-2.039965,-1.98976,1.012,1.446489
0.952093,-1.910435,-1.810712,1.012,1.557748
0.952093,-1.435546,-1.465405,1.015501,1.619436
1.165082,-1.435546,-1.462208,1.163786,1.627775
1.165082,-1.262857,-1.203228,1.243125,1.641685
1.165082,-1.262857,-1.289555,1.272193,1.655356
1.165082,-0.701614,-0.685267,1.312,1.7576
1.37807,-0.485749,-0.509417,1.397683,1.837222
1.37807,-0.61526,-0.595743,1.548629,1.847418
1.165082,-0.18353,-0.167307,1.71606,1.850651
1.37807,-0.140371,-0.16411,1.809651,1.854018
1.37807,-0.010841,-0.077783,1.904383,1.873972
1.37807,0.032318,0.008544,1.981948,1.915245
1.37807,-0.140371,-0.077783,2.098975,2.007048
1.165082,-0.269883,-0.253634,2.137175,2.092172
1.165082,0.075494,0.091673,2.14335,2.172577
1.165082,0.161848,0.178,2.14335,2.247
0.952093,0.29136,0.261129,2.140213,2.330623
0.952093,0.334537,0.261129,2.067413,2.403026
0.952093,0.420872,0.433783,1.943068,2.426715
0.739105,0.852603,0.775893,1.796368,2.438971
0.739105,0.852603,0.775893,1.70079,2.443548
0.313128,0.723091,0.769498,1.621535,2.442048
0.526117,0.852603,0.859022,1.515633,2.441548
-0.325837,1.025292,1.018886,1.414461,2.441548
0.10014,1.111645,1.025281,1.320236,2.445429
-0.325837,1.111645,1.018886,1.232745,2.450625
-0.325837,1.111645,1.018886,1.130119,2.434428
0.10014,1.025292,1.025281,1.04546,2.422909
-0.325837,0.679914,0.673579,0.881823,2.413268
-0.538826,0.377713,0.411402,0.801147,2.384651
-0.751815,0.29136,0.235551,0.788125,2.320465
-0.538826,0.161848,0.066095,0.778951,2.195584
-0.964803,0.075494,0.0597,0.765767,2.078634
-1.177791,-0.269883,-0.288804,0.763436,2.002125
-0.751815,-0.356237,-0.368736,0.770251,1.8764
-0.751815,-0.528925,-0.54139,0.791257,1.735784
-0.538826,-0.442572,-0.451866,0.8092,1.591433
-1.177791,-1.046991,-1.065745,0.82733,1.480928
-0.964803,-1.003815,-0.976221,0.896019,1.409115
-0.751815,-1.392369,-1.404657,0.954565,1.320573
-0.325837,-1.521881,-1.570916,0.984044,1.197327
-0.112849,-1.565058,-1.567719,1.019655,1.05322
-0.325837,-1.478722,-1.570916,1.046047,0.892383
-0.112849,-1.435546,-1.481392,1.102806,0.838691
0.952093,-1.392369,-1.465405,1.132,0.837625
0.739105,-1.21968,-1.295949,1.254833,0.835625
0.313128,-1.090168,-1.12969,1.398168,0.826874
-0.112849,-0.787949,-0.963431,1.537812,0.836
-0.325837,-0.701614,-0.707648,1.732123,0.84397
-0.112849,-0.528925,-0.618124,1.902918,0.854625
0.10014,-0.701614,-0.701254,1.942426,0.918109
-0.112849,-0.269883,-0.272817,1.996673,1.06726
-0.538826,0.032318,-0.106559,2.023778,1.152568
-0.112849,0.248183,0.245143,2.031561,1.299779
-0.112849,0.161848,0.158816,2.061625,1.470201
-0.325837,0.420872,0.414599,2.080429,1.595435
-0.325837,0.593561,0.500926,2.122102,1.689293
-0.538826,0.852603,0.929362,2.123921,1.760474
-0.325837,0.852603,0.846233,2.122276,1.846288
0.10014,0.938956,1.025281,2.118418,1.981041
-0.325837,1.025292,1.018886,2.032743,2.078681
-0.325837,1.241157,1.277867,1.878462,2.141602
-0.538826,1.457023,1.447323,1.804316,2.154295
-0.325837,1.716065,1.623173,1.665717,2.154295
-0.325837,1.543358,1.536847,1.603074,2.150545
-0.325837,1.457023,1.536847,1.597454,2.072616
-0.112849,1.154822,1.10841,1.547419,1.945469
0.10014,1.111645,1.111608,1.532544,1.875975
0.10014,1.19798,1.197934,1.517109,1.757778
-0.112849,1.284334,1.281064,1.473587,1.671954
0.313128,1.154822,1.114805,1.447136,1.564436
0.313128,1.025292,1.028478,1.447136,1.458489
0.526117,0.852603,0.859022,1.445273,1.431
0.739105,0.679914,0.689566,1.430876,1.272607
0.739105,0.550402,0.603239,1.428554,1.122449
0.952093,0.420872,0.433783,1.409893,1.014512
0.952093,0.593561,0.52011,1.407949,0.955919
1.37807,0.377713,0.353851,1.385604,0.858011
1.165082,0.075494,0.091673,1.35831,0.799563
0.952093,0.118671,0.174803,1.301372,0.748288
1.165082,-0.140371,-0.08098,1.217234,0.741
1.37807,-0.18353,-0.16411,1.190375,0.741
1.37807,-0.442572,-0.42309,1.173903,0.7424
1.37807,-0.701614,-0.68207,1.155022,0.780858
1.37807,-0.91748,-0.94105,1.1309,0.884657
1.165082,-1.046991,-0.944248,1.091394,0.968648
1.165082,-0.960638,-0.944248,1.028729,1.040338
0.952093,-1.306034,-1.379079,0.95912,1.1974
0.739105,-1.349192,-1.295949,0.914987,1.276562
0.952093,-1.651411,-1.638059,0.905433,1.358602
0.739105,-1.996789,-1.986563,0.895639,1.460228
0.313128,-1.996789,-1.992958,0.888754,1.545434
-0.538826,-1.953612,-1.91942,0.881745,1.668145
-0.538826,-1.8241,-1.746767,0.881266,1.760449
-0.538826,-1.565058,-1.66044,0.881947,1.880914
-0.751815,-1.694588,-1.749964,0.893981,1.954025
-0.964803,-1.651411,-1.666834,0.961612,1.974867
-1.39078,-1.392369,-1.414249,1.072881,2.00176
-1.39078,-1.133327,-1.155269,1.107212,2.098482
-1.603768,-1.003815,-1.072139,1.146166,2.20163
-1.603768,-0.960638,-0.985812,1.232012,2.303768
-1.603768,-0.61526,-0.640505,1.32174,2.306513
-1.603768,-0.572084,-0.640505,1.420144,2.319018
-1.39078,-0.054018,-0.033021,1.504464,2.33385
-1.603768,-0.054018,-0.036218,1.556281,2.3443
-2.029745,-0.18353,-0.12894,1.624453,2.344275
-1.816757,-0.097194,-0.125742,1.726933,2.345
-1.603768,-0.31306,-0.467852,1.791352,2.345
-1.39078,-0.787949,-0.809962,1.8508,2.3294
-1.177791,-0.442572,-0.461457,1.898693,2.282582
-1.39078,-0.528925,-0.464655,1.942697,2.234791
-0.964803,-0.61526,-0.630914,2.105375,2.148636
-0.964803,-0.442572,-0.630914,2.182,1.974732
-0.751815,-0.572084,-0.54139,2.20495,1.8147
-0.751815,-0.701614,-0.714043,2.2585,1.631566
-0.112849,-0.874303,-0.963431,2.28,1.5305
0.10014,-0.874303,-0.960234,2.28,1.404359
0.952093,-0.61526,-0.602138,2.2265,1.348617
0.952093,-0.658437,-0.688465,2.239765,1.3095
1.37807,-0.91748,-0.854724,2.238478,1.3095
1.165082,-0.787949,-0.771594,2.236,1.3165
1.165082,-0.61526,-0.512614,2.234604,1.361725
1.165082,-0.31306,-0.253634,2.23595,1.373375
1.165082,-0.226706,-0.253634,2.240282,1.372
1.165082,-0.31306,-0.33996,2.241375,1.374375
1.165082,0.248183,0.178,2.235194,1.376681
0.952093,0.205006,0.174803,2.227255,1.377702
1.165082,0.377713,0.264327,2.184714,1.408851
1.165082,0.29136,0.264327,2.104505,1.431777
1.165082,0.550402,0.69596,2.053973,1.51471
0.739105,0.464049,0.430586,1.989462,1.649396
0.739105,0.420872,0.516912,1.888309,1.828031
0.739105,0.723091,0.689566,1.805117,1.900783
0.739105,0.809426,0.862219,1.712419,1.930853
0.526117,1.068468,1.031675,1.625375,1.942125
0.313128,1.327511,1.287458,1.54584,1.977722
0.526117,1.543358,1.463309,1.479879,2.061028
0.952093,1.629711,1.642357,1.363727,2.124524
0.10014,1.716065,1.629568,1.251298,2.180181
-0.112849,1.629711,1.626371,1.109046,2.187
-0.538826,1.543358,1.533649,1.066435,2.187
-0.538826,1.716065,1.619976,1.023569,2.183581
-0.325837,1.716065,1.623173,0.961313,2.159323
-0.538826,1.284334,1.360996,0.917684,2.06904
-0.112849,1.111645,1.10841,0.841109,1.997206
-0.325837,1.111645,1.19154,0.7656,1.944188
-0.325837,1.19798,1.19154,0.765299,1.802331
-0.538826,0.852603,0.843036,0.7609,1.715813
-0.751815,0.593561,0.580858,0.749657,1.614579
-1.177791,0.377713,0.40181,0.7451,1.498884
-1.177791,0.334537,0.315483,0.734072,1.375051
-1.177791,-0.010841,-0.029824,0.731286,1.274571
-1.39078,-0.18353,-0.119348,0.731286,1.173108
-1.39078,-0.31306,-0.292001,0.731286,1.097463
-0.964803,-0.31306,-0.371933,0.752099,0.990647
-1.603768,-0.701614,-0.985812,0.829875,0.864875
-1.177791,-1.090168,-1.065745,0.880266,0.763311
-0.964803,-1.262857,-1.321527,0.940302,0.636765
-0.751815,-1.910435,-1.922617,1.017886,0.566
-0.325837,-1.737746,-1.743569,1.170633,0.566
0.10014,-1.910435,-1.909828,1.249958,0.566
-0.112849,-1.565058,-1.567719,1.318625,0.563625
-0.112849,-1.651411,-1.654045,1.434364,0.5875
0.313128,-1.392369,-1.474997,1.545441,0.5875
0.313128,-1.435546,-1.474997,1.627253,0.591414
1.165082,-1.21968,-1.203228,1.690673,0.6045
0.739105,-1.090168,-1.036969,1.761432,0.6045
0.952093,-1.046991,-1.120098,1.816829,0.6045
0.739105,-0.960638,-0.950642,1.822917,0.654788
0.739105,-1.046991,-1.036969,1.882997,0.775044
0.313128,-1.003815,-0.957037,2.016883,0.845629
0.10014,-0.787949,-0.787581,2.091472,0.991165
0.313128,-0.356237,-0.266423,2.1035,1.144973
-0.325837,0.075494,0.069292,2.1125,1.283981
-0.751815,0.464049,0.494531,2.126848,1.4318
-0.538826,0.507225,0.497729,2.14625,1.622752
-0.325837,0.593561,0.587253,2.147,1.75567
-0.325837,0.809426,0.759906,2.171875,1.903692
-0.538826,0.852603,0.843036,2.1765,1.99511
-0.325837,0.938956,0.93256,2.1765,2.038761
-0.964803,1.284334,1.354601,2.1765,2.077151
-0.538826,1.543358,1.706303,2.02717,2.165435
-0.325837,1.370669,1.45052,1.861378,2.214912
-0.325837,1.543358,1.536847,1.7752,2.2547
-0.325837,1.543358,1.536847,1.684446,2.25575
-0.112849,1.716065,1.799024,1.578613,2.26996
-0.538826,1.888754,1.878956,1.476,2.271419
0.10014,1.888754,1.802222,1.460213,2.25673
0.313128,1.457023,1.460112,1.450267,2.219044
0.313128,1.629711,1.546439,1.439865,2.191028
0.10014,1.500199,1.456915,1.437847,2.097374
0.526117,1.111645,1.204329,1.432665,1.929018
0.739105,1.327511,1.293853,1.432,1.795962
0.526117,1.068468,1.031675,1.432,1.667564
0.739105,0.938956,0.948546,1.436957,1.586608
0.739105,0.723091,0.689566,1.468543,1.470164
0.952093,0.550402,0.606436,1.495,1.380178
0.952093,0.636737,0.606436,1.504538,1.165509
0.952093,0.550402,0.347456,1.5145,1.063392
1.165082,0.075494,0.264327,1.5145,0.925871
1.165082,0.161848,0.178,1.490081,0.826163
1.37807,0.118671,0.09487,1.470425,0.73083
1.165082,-0.356237,-0.253634,1.44734,0.683677
1.37807,-0.399395,-0.42309,1.409032,0.639342
1.37807,-0.485749,-0.509417,1.388992,0.567025
1.165082,-0.787949,-0.857921,1.361171,0.5411
1.165082,-1.003815,-0.944248,1.303292,0.541
1.165082,-1.003815,-1.116901,1.228104,0.541
0.952093,-1.133327,-1.206425,1.106833,0.542375
0.526117,-1.478722,-1.4718,1.038699,0.561013
1.165082,-1.565058,-1.634862,0.952467,0.59407
0.739105,-1.737746,-1.727583,0.905902,0.696606
0.526117,-1.780923,-1.73078,0.888373,0.834664
0.313128,-1.8241,-1.820304,0.87564,0.915235
0.526117,-1.737746,-1.73078,0.841406,1.009323
0.526117,-1.306034,-1.385473,0.82566,1.137583
0.526117,-1.435546,-1.4718,0.8267,1.26925
0.313128,-1.176503,-1.302344,0.838739,1.401396
-0.112849,-1.046991,-1.136085,0.844524,1.510512
-0.325837,-1.133327,-1.139282,0.850514,1.605091
-0.751815,-0.91748,-0.973023,0.859931,1.695853
-0.538826,-0.61526,-0.624519,0.866461,1.785291
-0.325837,-0.61526,-0.621322,0.872596,1.899442
-0.538826,-0.269883,-0.192885,0.889346,2.022005
-1.177791,0.248183,0.315483,0.926991,2.080028
-0.751815,0.464049,0.494531,1.022702,2.097539
-1.177791,0.593561,0.574463,1.162865,2.120663
-0.964803,0.938956,0.922968,1.237947,2.178097
-0.964803,0.938956,0.922968,1.285867,2.24666
-1.39078,0.766268,0.74392,1.3868,2.249638
-1.39078,0.550402,0.484939,1.462709,2.253834
-1.177791,0.679914,0.574463,1.538318,2.325548
-1.177791,0.464049,0.40181,1.590709,2.359506
-1.603768,0.464049,0.481742,1.636105,2.35283
-1.39078,-0.010841,-0.033021,1.667533,2.287867
-1.39078,-0.18353,-0.205674,1.729421,2.237363
-1.39078,-0.269883,-0.292001,1.745,2.234905
-1.603768,-0.356237,-0.381525,1.745,2.209776
-1.816757,-0.787949,-0.816356,1.739691,2.125081
-1.603768,-1.003815,-0.985812,1.717857,2.025137
-1.39078,-1.21968,-1.241595,1.726119,1.943867
-1.177791,-1.478722,-1.411051,1.720812,1.855448
-1.177791,-1.435546,-1.411051,1.713831,1.720225
-1.177791,-1.694588,-1.670032,1.718017,1.614025
-0.751815,-1.8241,-1.749964,1.718915,1.435626
-0.751815,-1.737746,-1.749964,1.727906,1.312874
-0.325837,-1.651411,-1.570916,1.740896,1.215548
-0.112849,-1.565058,-1.567719,1.743172,1.103129
0.952093,-1.651411,-1.638059,1.755124,1.013089
1.165082,-1.608234,-1.548535,1.809939,0.91453
0.952093,-1.435546,-1.465405,1.833811,0.833777
1.165082,-1.349192,-1.462208,1.867181,0.769193
0.952093,-1.565058,-1.551732,1.891638,0.754759
1.165082,-0.787949,-0.857921,1.917848,0.746682
1.165082,-0.831126,-0.771594,1.945183,0.74568
1.165082,-0.831126,-0.857921,1.998203,0.746989
1.165082,-0.874303,-0.857921,2.046309,0.801002
1.165082,-0.787949,-0.771594,2.105108,0.938398
0.739105,-0.831126,-0.777989,2.187607,1.03982
0.739105,-0.658437,-0.691662,2.215498,1.140782
0.739105,-0.528925,-0.519009,2.226542,1.248298
0.739105,-0.658437,-0.519009,2.226542,1.362899
0.526117,-0.356237,-0.263226,2.227576,1.418723
0.526117,-0.140371,-0.263226,2.229257,1.564816
0.313128,-0.269883,-0.180096,2.229321,1.73714
-0.112849,-0.097194,-0.100164,2.220958,1.80851
-0.112849,0.161848,0.158816,2.202302,1.859768
-0.112849,0.248183,0.158816,2.193793,1.974823
-0.325837,0.420872,0.241946,2.188634,2.029143
-0.325837,0.377713,0.328272,2.111315,2.060669
-0.325837,0.593561,0.673579,2.014207,2.079311
-0.325837,0.852603,0.846233,1.910325,2.093716
-0.325837,0.938956,0.846233,1.783942,2.193711
-0.538826,1.19798,1.274669,1.685141,2.312773
-0.112849,1.025292,1.022084,1.612221,2.353066
-0.325837,1.543358,1.623173,1.4452,2.353066
-0.112849,1.586535,1.626371,1.275375,2.351799
-0.325837,1.457023,1.45052,1.203784,2.332316
0.10014,1.716065,1.802222,1.169913,2.298525
-0.325837,1.716065,1.795827,1.167787,2.235331
-0.112849,1.8024,1.712697,1.167787,2.221284
0.313128,1.716065,1.719092,1.174447,2.185317
0.10014,1.327511,1.284261,1.193155,2.04555
-0.112849,1.284334,1.367391,1.21921,2.010677
0.313128,1.284334,1.287458,1.2337,1.9214
0.526117,1.154822,1.204329,1.257568,1.794938
0.526117,1.111645,1.118002,1.293627,1.665001
0.952093,1.111645,1.03807,1.312892,1.530664
0.952093,0.852603,0.865417,1.333776,1.421658
0.952093,0.723091,0.77909,1.390357,1.31718
0.952093,0.507225,0.606436,1.40916,1.172622
1.37807,0.636737,0.699158,1.410725,1.115163
1.165082,0.29136,0.350653,1.410725,1.053985
1.165082,0.29136,0.350653,1.402978,0.959882
1.591059,0.248183,0.184395,1.362136,0.865953
1.591059,0.248183,0.270721,1.34494,0.777568
1.165082,-0.054018,-0.08098,1.309086,0.71967
1.37807,-0.356237,-0.336763,1.284455,0.704182
1.37807,-0.399395,-0.336763,1.251796,0.704182
1.37807,-0.61526,-0.68207,1.18184,0.704182
1.591059,-0.701614,-0.678873,1.102424,0.714534
1.591059,-0.91748,-1.196833,1.056173,0.72468
1.165082,-1.21968,-1.203228,1.000444,0.730897
0.952093,-1.392369,-1.465405,0.958267,0.745947
1.165082,-1.651411,-1.548535,0.9456,0.773782
0.739105,-1.694588,-1.727583,0.945,0.872375
0.739105,-1.780923,-1.81391,0.943382,0.960314
0.739105,-1.737746,-1.900236,0.937628,1.058465
0.739105,-1.867277,-1.81391,0.931375,1.189206
0.739105,-1.8241,-1.727583,0.855431,1.285747
0.526117,-1.651411,-1.73078,0.7875,1.396716
0.526117,-1.737746,-1.644453,0.786085,1.497667
0.526117,-1.651411,-1.558127,0.775606,1.605147
0.313128,-1.262857,-1.216017,0.770177,1.682523
-0.325837,-0.960638,-0.880302,0.768471,1.745756
-0.325837,-0.831126,-0.880302,0.77422,1.832911
-0.538826,-0.442572,-0.365539,0.782985,1.955482
-0.538826,-0.140371,-0.106559,0.785533,2.06775
-0.325837,-0.399395,-0.362341,0.809937,2.128028
-0.751815,0.075494,-0.023429,0.890382,2.141669
-0.538826,0.075494,0.152422,0.966458,2.171544
-0.112849,0.118671,0.245143,1.109715,2.209231
-0.751815,0.507225,0.494531,1.161768,2.257079
-1.177791,0.636737,0.574463,1.253821,2.308351
-0.964803,0.809426,0.663987,1.37106,2.344225
-1.177791,0.636737,0.574463,1.4851,2.347093
-1.603768,0.679914,0.654396,1.586351,2.350095
-1.816757,0.938956,2.72304,1.643962,2.353454
-1.603768,0.679914,0.654396,1.689227,2.3577
-1.39078,0.723091,0.74392,1.690333,2.358
-1.39078,0.507225,0.484939,1.690333,2.356063
-1.816757,0.420872,0.392218,1.686461,2.351409
-1.603768,0.29136,0.309089,1.665645,2.335339
-1.39078,0.075494,0.053306,1.665645,2.257537
-1.39078,0.075494,0.053306,1.664895,2.159199
-1.603768,-0.269883,-0.295198,1.65758,2.068958
-1.816757,-0.399395,-0.384722,1.65425,1.956188
-1.603768,-0.528925,-0.554179,1.663313,1.846421
-1.39078,-0.442572,-0.464655,1.66889,1.732541
-1.816757,-0.960638,-0.902683,1.652687,1.612303
-1.39078,-1.133327,-1.241595,1.6495,1.446405
-1.603768,-1.478722,-1.503773,1.651031,1.368073
-1.39078,-1.478722,-1.586902,1.671601,1.272227
-1.39078,-1.8241,-1.845882,1.684558,1.150443
-0.325837,-1.8241,-2.002549,1.708437,0.994742
-0.325837,-2.083142,-2.002549,1.762244,0.835618
-0.112849,-1.8241,-1.826699,1.800896,0.786598
0.10014,-1.8241,-1.823501,1.841068,0.782504
0.526117,-1.780923,-1.73078,1.864439,0.779968
0.739105,-1.521881,-1.554929,1.904569,0.772391
0.739105,-1.392369,-1.468603,1.976174,0.76346
0.739105,-1.392369,-1.382276,2.043112,0.728871
0.739105,-1.521881,-1.468603,2.099419,0.724141
0.313128,-1.651411,-1.561324,2.154991,0.724141
0.526117,-1.306034,-1.385473,2.177013,0.724541
0.10014,-1.392369,-1.391868,2.189061,0.759256
0.10014,-1.349192,-1.305541,2.196233,0.835961
-0.112849,-0.960638,-0.963431,2.21127,0.950319
0.313128,-0.91748,-0.784383,2.280645,1.095873
0.526117,-0.61526,-0.608533,2.31166,1.198004
-0.538826,-0.701614,-0.624519,2.317149,1.299597
-0.538826,-0.528925,-0.538192,2.339918,1.391319
-0.751815,-0.226706,-0.282409,2.354665,1.480332
-0.751815,-0.18353,-0.109756,2.363613,1.570831
-0.964803,0.032318,0.0597,2.39,1.639727
-1.177791,0.248183,0.229157,2.39,1.738762
-0.964803,0.464049,0.405007,2.39,1.840547
-0.964803,0.550402,0.577661,2.377707,1.970901
-0.751815,0.723091,0.753512,2.284822,2.055532
-0.751815,0.89578,0.926165,2.171869,2.192543
-1.177791,1.370669,1.265077,1.95373,2.285382
-0.112849,1.025292,1.022084,1.839595,2.322435
-0.538826,1.111645,1.015689,1.742282,2.286727
-0.751815,1.413846,1.357799,1.675625,2.287613
-0.325837,1.370669,1.536847,1.627729,2.301935
-0.538826,1.413846,1.447323,1.621973,2.287491
0.313128,1.284334,1.287458,1.621973,2.237891
0.10014,1.370669,1.370588,1.626223,2.223055
0.10014,1.111645,1.197934,1.664454,2.190039
0.313128,1.327511,1.373785,1.670785,2.089128
0.10014,1.154822,1.197934,1.686678,1.981584
0.313128,0.852603,0.855825,1.712368,1.867797
0.526117,0.938956,0.945349,1.741028,1.738653
0.952093,0.852603,0.951743,1.754673,1.631732
0.952093,0.679914,0.606436,1.777875,1.52797
0.739105,0.636737,0.603239,1.790266,1.432543
0.952093,0.550402,0.52011,1.790432,1.347455
1.165082,1.068468,0.954941,1.795616,1.287194
1.165082,0.29136,0.264327,1.797016,1.177349
1.165082,0.205006,0.091673,1.790101,1.063433
1.37807,0.118671,0.181197,1.778952,0.968125
1.37807,0.29136,0.267524,1.763623,0.827024
1.37807,0.032318,0.09487,1.735516,0.742391
1.591059,0.075494,0.098068,1.677118,0.69239
1.165082,-0.140371,0.178,1.614781,0.675615
1.37807,-0.226706,-0.16411,1.564896,0.6614
1.591059,-0.18353,-0.160912,1.489919,0.644345
1.37807,-0.226706,-0.336763,1.403731,0.628024
1.37807,-0.485749,-0.42309,1.317084,0.6255
1.37807,-0.701614,-0.68207,1.26941,0.626125
1.165082,-0.91748,-0.944248,1.209824,0.645013
1.165082,-0.960638,-0.857921,1.176094,0.69766
1.165082,-1.176503,-1.116901,1.154188,0.778675
1.165082,-1.046991,-1.030574,1.12823,0.881808
0.739105,-0.787949,-0.864315,1.12823,0.932
0.952093,-1.090168,-1.120098,1.128187,1.0313
0.952093,-1.003815,-1.120098,1.064423,1.127756
0.952093,-0.658437,-0.602138,1.0177,1.270621
0.526117,-0.61526,-0.522206,0.9865,1.426771
0.313128,-0.701614,-0.698057,0.931001,1.540189
0.10014,-0.787949,-0.701254,0.913861,1.600522
-0.112849,-0.485749,-0.704451,0.908877,1.683151
-0.112849,-0.528925,-0.618124,0.886645,1.757114
0.313128,-0.097194,-0.093769,0.864625,1.900395
-0.112849,0.075494,0.158816,0.840844,1.999774
-0.112849,0.075494,0.158816,0.822871,2.05312
-0.538826,0.507225,0.411402,0.819653,2.105528
-0.538826,0.982115,0.929362,0.834707,2.205287
-0.538826,0.938956,0.929362,0.858758,2.236
-0.751815,1.068468,1.012492,0.886213,2.236
-0.538826,0.809426,0.756709,0.958629,2.235835
-0.964803,0.852603,1.613582,1.030521,2.232049
-0.538826,1.586535,1.533649,1.110034,2.235139
-0.751815,1.111645,1.098818,1.160088,2.235089
-0.751815,1.111645,1.098818,1.260948,2.226684
-1.177791,1.154822,1.178751,1.370121,2.20527
-1.39078,1.154822,1.175553,1.391739,2.198385
-0.964803,1.068468,1.181948,1.395126,2.186382
-1.177791,0.507225,0.488137,1.40686,2.113363
-1.177791,0.507225,0.488137,1.419271,2.030617
-1.177791,0.205006,0.229157,1.423914,1.9504
-0.964803,0.118671,0.232354,1.43006,1.874217
-1.177791,-0.097194,-0.375131,1.482688,1.8012
-0.751815,-0.269883,-0.282409,1.579985,1.696186
-1.177791,-0.528925,-0.547784,1.592,1.606611
-1.177791,-0.442572,-0.461457,1.592154,1.514215
-1.177791,-0.960638,-1.065745,1.595932,1.423933
-1.177791,-1.306034,-1.238398,1.596261,1.311387
-1.603768,-1.478722,-1.244793,1.593117,1.160217
-0.538826,-1.953612,-1.91942,1.590076,1.026798
-0.112849,-2.255831,-2.344659,1.587119,0.897875
0.10014,-2.255831,-2.341462,1.595035,0.810038
0.10014,-2.342166,-2.255135,1.606569,0.75396
0.526117,-2.083142,-2.076087,1.613755,0.706859
0.526117,-2.083142,-2.076087,1.631409,0.676305
0.526117,-1.996789,-1.98976,1.707107,0.662092
0.739105,-1.608234,-1.641256,1.7568,0.561518
1.165082,-1.737746,-1.721188,1.805539,0.538422
0.739105,-1.262857,-0.777989,1.857174,0.538422
0.952093,-1.392369,-1.379079,1.952802,0.538422
1.37807,-1.046991,-0.94105,1.988125,0.548909
0.952093,-1.133327,-1.120098,2.000062,0.601925
1.37807,-0.701614,-0.68207,2.033765,0.656309
1.165082,-0.701614,-0.685267,2.061658,0.751177
1.37807,-0.399395,-0.42309,2.081811,0.846461
1.37807,-0.399395,-0.336763,2.11125,0.945955
1.591059,-0.31306,-0.247239,2.140587,1.031724
1.37807,-0.485749,-0.250436,2.151984,1.124592
1.37807,-0.485749,-0.509417,2.15592,1.23526
1.37807,-0.18353,-0.768397,2.169209,1.313919
1.37807,-0.658437,-0.768397,2.204736,1.503635
1.165082,-0.658437,-0.685267,2.268833,1.610493
1.165082,-0.572084,-0.598941,2.27838,1.65821
1.165082,-0.874303,-0.857921,2.267612,1.782736
0.739105,-0.61526,-0.432682,2.261042,1.956486
0.526117,-0.787949,-0.781186,2.242422,2.022641
0.10014,-0.91748,-0.960234,2.209145,2.08346
-0.325837,-0.787949,-0.793975,2.2015,2.138763
0.10014,-0.787949,-0.787581,2.191685,2.192441
-0.325837,-0.874303,-0.880302,2.169824,2.25725
-0.538826,-0.874303,-0.969826,2.103085,2.2801
-0.538826,-0.658437,-0.451866,1.900629,2.369
-0.964803,-0.399395,-0.371933,1.841802,2.379112
-0.751815,-0.485749,-0.455063,1.75773,2.397294
-0.751815,-0.31306,-0.282409,1.665976,2.406264
-1.177791,0.118671,0.056503,1.544311,2.407
-1.39078,0.205006,0.225959,1.462001,2.407
-1.177791,0.377713,0.315483,1.371903,2.407
-1.39078,0.464049,0.484939,1.275464,2.406757
-1.177791,0.636737,0.574463,1.20397,2.397174
-1.177791,0.723091,0.747117,1.166572,2.32705
-1.177791,1.025292,1.006097,1.09215,2.295085
-0.964803,1.025292,1.009294,1.01001,2.291834
-0.964803,1.284334,1.181948,0.978525,2.28029
-0.964803,1.284334,1.181948,0.978525,2.272621
-0.751815,1.111645,1.185145,0.978525,2.271
-0.538826,1.327511,1.360996,1.043523,2.259975
-0.538826,1.413846,1.360996,1.141,2.222682
-0.751815,1.370669,1.444125,1.185585,2.169767
-0.325837,1.672888,1.7095,1.250384,2.072495
-0.538826,1.629711,1.619976,1.338894,1.972175
0.10014,1.457023,1.370588,1.416486,1.861634
0.10014,1.025292,1.025281,1.4695,1.810953
0.526117,1.111645,1.118002,1.561775,1.7985
0.739105,1.068468,1.121199,1.65862,1.7966
0.526117,0.852603,0.859022,1.73482,1.77394
0.526117,0.852603,0.859022,1.861211,1.747104
0.739105,0.636737,0.689566,1.889763,1.708698
0.739105,0.593561,0.689566,1.935444,1.567168
0.952093,0.248183,0.261129,1.981706,1.291345
0.952093,0.593561,0.52011,2.007314,1.196079
1.165082,0.550402,0.523307,2.04716,1.089554
1.37807,0.464049,0.526504,2.049,0.992312
1.37807,0.507225,0.440177,2.049,0.925644
1.591059,0.032318,0.011741,1.991927,0.885411
1.37807,0.205006,0.267524,1.887814,0.84329
1.591059,0.420872,0.098068,1.866655,0.764587
1.37807,-0.010841,0.008544,1.84061,0.697702
1.591059,-0.097194,0.011741,1.791105,0.642316
1.165082,-0.18353,-0.167307,1.64933,0.633831
1.591059,-0.528925,-0.506219,1.534477,0.625918
1.37807,-0.528925,-0.509417,1.487691,0.620323
1.37807,-0.572084,-0.595743,1.396125,0.6225
1.37807,-0.744791,-0.68207,1.327764,0.631451
1.165082,-0.701614,-0.685267,1.266929,0.642631
1.165082,-0.658437,-0.598941,1.193549,0.663703
0.739105,-0.528925,-0.605335,1.127538,0.763461
0.952093,-0.658437,-0.515811,1.098835,0.85729
-0.112849,-0.528925,-0.618124,1.081615,0.953969
-0.112849,-0.701614,-0.704451,1.069586,1.030083
-0.538826,-0.356237,-0.451866,1.028338,1.129412
-0.964803,-0.140371,-0.19928,0.965734,1.245669
-0.538826,-0.356237,-0.279212,0.897611,1.359566
-0.325837,0.248183,-0.017035,0.856389,1.457294
-0.538826,0.161848,0.152422,0.839031,1.545282
-0.325837,0.075494,0.155619,0.819255,1.635798
-0.751815,0.118671,0.062898,0.802907,1.731906
-1.177791,0.075494,0.14283,0.790448,1.80232
-1.39078,0.29136,0.225959,0.754,1.867553
-0.964803,0.550402,0.491334,0.751,2.005222
-1.177791,0.507225,0.488137,0.751,2.078403
-1.177791,0.464049,0.574463,0.756569,2.086446
-1.39078,0.377713,0.312286,0.791944,2.092438
-1.177791,0.334537,0.315483,0.853367,2.098089
-0.964803,0.205006,0.232354,0.915427,2.113766
-1.603768,-0.399395,-0.381525,1.041837,2.128812
-1.177791,-0.658437,-0.634111,1.1679,2.128812
-1.39078,-0.744791,-0.809962,1.193947,2.128812
-1.39078,-1.046991,-1.068942,1.220944,2.09429
-1.177791,-1.21968,-1.324725,1.246625,2.002396
-0.964803,-1.21968,-0.889894,1.259,1.95519
-1.177791,-1.478722,-1.497378,1.268,1.886375
-0.964803,-1.608234,-1.666834,1.346212,1.819604
-0.751815,-1.608234,-1.57731,1.440648,1.755216
-0.964803,-1.565058,-1.580508,1.505177,1.675302
-0.112849,-1.737746,-1.740372,1.556223,1.579203
0.313128,-1.565058,-1.647651,1.6095,1.51003
0.313128,-1.737746,-1.647651,1.65694,1.437449
0.526117,-1.694588,-1.644453,1.707354,1.364922
0.739105,-1.262857,-1.295949,1.805464,1.275607
0.952093,-1.090168,-1.120098,1.864472,1.178553
0.952093,-0.960638,-0.947445,1.884645,1.088344
0.739105,-0.744791,-0.691662,1.928788,1.016623
1.165082,-0.787949,-0.857921,1.977,0.898375
1.165082,-0.442572,-0.426287,2.037513,0.886
1.165082,-0.528925,-0.426287,2.099694,0.886
1.165082,-0.31306,-0.33996,2.13075,0.886125
0.952093,-0.399395,-0.343158,2.162477,0.918344
0.952093,-0.18353,0.002149,2.202752,1.020284
0.952093,-0.356237,-0.256831,2.226184,1.119738
0.952093,-0.010841,0.002149,2.253113,1.181463
0.739105,-0.054018,-0.087375,2.265361,1.238589
0.526117,0.075494,0.168408,2.288657,1.328426
0.526117,0.118671,0.168408,2.307956,1.451905
0.313128,0.334537,0.337864,2.330141,1.479147
0.526117,0.507225,0.600042,2.344083,1.523276
0.313128,0.89578,0.855825,2.344083,1.605122
0.313128,0.679914,0.683171,2.344083,1.801035
0.10014,1.19798,1.197934,2.313021,1.931985
0.313128,1.370669,1.373785,2.254404,1.949721
-0.112849,1.284334,1.281064,2.201587,1.970625
-0.112849,1.370669,1.281064,2.148151,1.998133
0.313128,1.284334,1.287458,2.05858,2.005674
-0.112849,1.457023,1.367391,1.954097,2.032986
-0.538826,1.586535,1.619976,1.778061,2.1392
-0.538826,1.500199,1.533649,1.657317,2.176
-0.538826,1.370669,1.360996,1.517424,2.176
-0.325837,1.19798,1.277867,1.428634,2.166932
-0.325837,1.19798,1.105213,1.352117,2.088778
-0.538826,1.111645,1.102016,1.305117,2.067385
-0.112849,1.068468,1.022084,1.242333,2.059644
-0.964803,0.938956,0.922968,1.147582,2.048291
-0.538826,0.852603,0.843036,1.019392,2.015646
-0.964803,0.679914,0.663987,1.012033,1.9655
-1.177791,0.679914,0.574463,1.012033,1.92027
-1.177791,0.420872,0.40181,1.012033,1.844369
-1.39078,0.550402,0.484939,1.03481,1.742155
-1.177791,0.507225,0.488137,1.051508,1.658608
-1.177791,0.593561,0.488137,1.051508,1.549845
-1.39078,0.420872,0.312286,1.052256,1.467
-1.39078,0.248183,0.225959,1.059403,1.401112
-1.177791,0.205006,0.14283,1.062034,1.330257
-1.39078,-0.097194,-0.119348,1.062034,1.113926
-0.964803,0.161848,0.0597,1.064834,0.993905
-1.39078,-0.010841,-0.033021,1.108008,0.892261
-1.39078,-0.658437,-0.637308,1.136095,0.846815
-1.39078,-0.572084,-0.723635,1.14879,0.717627
-0.964803,-0.442572,-0.45826,1.166747,0.638858
-0.538826,-0.399395,-0.451866,1.193275,0.627644
-0.751815,-0.528925,-0.54139,1.217722,0.627644
-0.751815,-0.528925,-0.54139,1.285477,0.633264
0.10014,-0.701614,-0.701254,1.359177,0.655888
0.10014,-0.701614,-0.614927,1.409051,0.658246
0.526117,-0.140371,-0.349552,1.4686,0.661487
0.313128,-0.485749,-0.439076,1.60854,0.666158
0.313128,-0.010841,-0.093769,1.715807,0.673931
0.526117,-0.097194,-0.090572,1.758258,0.67995
0.952093,-0.097194,-0.084178,1.830733,0.682275
0.952093,-0.097194,0.002149,1.907944,0.726764
0.952093,0.032318,0.002149,1.993583,0.804459
1.37807,0.29136,0.353851,2.068806,0.828761
0.952093,0.248183,0.347456,2.152947,0.840851
0.952093,0.377713,0.347456,2.194078,0.86294
1.165082,0.248183,0.264327,2.20929,0.914434
1.37807,0.205006,0.181197,2.211843,0.991746
1.591059,0.075494,0.098068,2.223804,1.11182
1.165082,0.118671,0.178,2.222141,1.19725
1.37807,-0.097194,-0.077783,2.264822,1.26077
1.591059,-0.054018,-0.074586,2.319883,1.319138
1.591059,-0.010841,0.011741,2.309571,1.347
1.591059,-0.18353,-0.074586,2.294333,1.347
1.591059,-0.097194,-0.160912,2.265567,1.3475
1.591059,-0.399395,-0.419893,2.19943,1.353542
1.591059,-0.572084,-0.592546,2.167125,1.386879
1.591059,-0.787949,-0.7652,2.102846,1.391325
1.591059,-0.831126,-0.7652,2.048439,1.407947
1.37807,-1.003815,-1.027377,1.966014,1.473376
1.37807,-1.046991,-1.027377,1.829753,1.535566
1.165082,-1.176503,-1.203228,1.693082,1.603684
1.591059,-1.306034,-1.110507,1.599104,1.6315
1.165082,-1.392369,-1.375881,1.529125,1.642823
0.10014,-1.910435,-1.823501,1.417182,1.645875
-0.325837,-1.737746,-1.829896,1.344149,1.649031
-0.325837,-1.737746,-1.743569,1.279902,1.651277
-0.964803,-1.306034,-1.235201,1.145979,1.666144
-1.39078,-1.090168,-0.982615,1.056257,1.729714
-1.39078,-1.306034,-1.155269,0.966994,1.830412
-1.177791,-0.61526,-0.806764,0.904005,1.852665
-1.603768,-0.960638,-0.985812,0.865636,1.85952
-1.603768,-0.485749,-0.554179,0.800989,1.917518
-1.39078,-0.442572,-0.637308,0.793525,1.993486
-1.39078,0.118671,0.139633,0.788205,2.050384
-1.603768,0.29136,0.222762,0.787024,2.082178
-1.603768,0.29136,0.222762,0.787558,2.134944
-1.39078,0.420872,0.484939,0.791372,2.205389
-1.603768,0.248183,0.309089,0.797766,2.271886
-1.816757,0.420872,0.564872,0.844173,2.304629
-1.39078,0.766268,0.74392,0.883295,2.31062
-1.177791,1.025292,1.006097,0.905556,2.348347
-1.603768,0.809426,0.827049,0.954344,2.3744
-1.177791,1.068468,1.006097,1.046287,2.3745
-0.964803,1.111645,1.095621,1.14051,2.3745
-0.964803,1.370669,1.009294,1.259351,2.371694
-0.751815,1.19798,1.185145,1.369813,2.316505
-0.751815,1.19798,1.098818,1.451861,2.203976
-0.325837,1.370669,1.364193,1.527847,2.181272
-0.538826,1.327511,1.360996,1.627156,2.164207
-0.325837,1.586535,1.7095,1.74516,2.13063
-0.112849,1.543358,1.540044,1.862662,2.111555
-0.112849,1.586535,1.540044,1.948907,2.054558
0.10014,1.457023,1.456915,2.045601,1.931634
0.10014,1.543358,1.629568,2.095144,1.832105
0.313128,1.629711,1.632765,2.14507,1.747464
0.313128,1.716065,1.805419,2.166909,1.57615
0.313128,1.8024,1.805419,2.23825,1.518375
0.10014,1.845577,1.802222,2.354889,1.427033
0.313128,1.845577,1.719092,2.360058,1.351289
-0.112849,1.8024,1.712697,2.360963,1.266863
-0.112849,1.586535,1.540044,2.3631,1.171553
-0.112849,1.413846,1.453717,2.360122,1.052636
0.10014,1.025292,1.025281,2.351769,0.971328
-0.112849,1.025292,1.022084,2.291836,0.910292
0.10014,0.938956,0.852627,2.228771,0.851125
-0.112849,0.679914,0.676777,2.103193,0.842678
-0.538826,0.334537,0.325075,2.058511,0.83043
-0.538826,0.161848,0.152422,2.018042,0.806206
-0.751815,-0.054018,-0.023429,1.968387,0.765897
-0.751815,-0.269883,-0.282409,1.901733,0.722869
-0.538826,-0.097194,-0.192885,1.816331,0.721336
-0.964803,-0.61526,-0.544587,1.735475,0.714408
-0.751815,-0.701614,-0.714043,1.643214,0.699682
-0.964803,-0.960638,-0.803567,1.551064,0.687143
-0.538826,-1.478722,-1.574113,1.469537,0.693321
-0.538826,-1.694588,-1.66044,1.367766,0.703291
-0.112849,-1.694588,-1.826699,1.28632,0.703695
0.10014,-2.083142,-1.996155,1.223396,0.707156
-0.112849,-1.8241,-1.826699,1.142779,0.745913
0.526117,-1.867277,-1.817107,1.074094,0.781636
0.739105,-1.737746,-1.81391,1.014606,0.806792
0.739105,-1.392369,-1.468603,1.004422,0.819625
0.739105,-1.21968,-1.209622,1.004422,0.82828
0.739105,-1.176503,-1.123296,1.009797,0.829
0.952093,-1.21968,-1.206425,1.099542,0.829
1.165082,-0.874303,-0.857921,1.144416,0.833839
1.165082,-0.787949,-0.857921,1.187292,0.8403
0.952093,-0.528925,-0.515811,1.236621,0.8405
0.952093,-0.528925,-0.429485,1.255138,0.842194
0.739105,-0.140371,-0.432682,1.3217,0.869939
0.952093,-0.399395,-0.343158,1.39062,0.9403
0.952093,0.075494,0.088476,1.478012,1.029191
0.739105,0.032318,-0.001048,1.534376,1.080112
1.165082,0.161848,0.178,1.602799,1.116542
0.739105,0.550402,0.516912,1.686877,1.166581
0.739105,0.852603,0.862219,1.764956,1.246145
0.739105,0.852603,0.862219,1.83871,1.318253
0.526117,0.89578,0.945349,1.892359,1.495656
0.526117,1.025292,1.118002,1.912677,1.594996
0.10014,1.111645,1.197934,1.968406,1.717724
-0.112849,1.025292,1.10841,2.009435,1.812487
-0.112849,1.025292,1.10841,2.027537,1.921144
0.10014,1.284334,1.284261,2.053417,1.984508
0.10014,1.284334,1.284261,2.053417,2.066915
-0.325837,1.284334,1.19154,1.986875,2.190875
-0.325837,1.025292,1.018886,1.912041,2.271611
-0.325837,1.19798,1.105213,1.848019,2.344722
-0.325837,1.154822,1.105213,1.783669,2.378328
-0.964803,1.025292,1.009294,1.738346,2.378328
-0.964803,1.111645,1.095621,1.683375,2.378328
-0.964803,0.938956,1.009294,1.601375,2.356674
-1.177791,0.766268,0.747117,1.496678,2.318223
-1.177791,0.89578,0.833444,1.449498,2.246383
-1.603768,0.766268,0.827049,1.365536,2.200485
-1.39078,0.679914,0.74392,1.269115,2.193504
-1.39078,0.852603,0.916573,1.19237,2.148028
-1.177791,0.679914,0.66079,1.143615,2.080434
-1.39078,0.593561,0.571266,1.137742,1.982212
-1.177791,0.248183,0.229157,1.120173,1.868327
-1.39078,0.205006,0.225959,1.08992,1.769795
-1.177791,0.248183,0.229157,1.02877,1.689599
-1.177791,-0.399395,-0.461457,0.965553,1.613288
-1.39078,-0.356237,-0.378328,0.965553,1.490945
-1.177791,-0.485749,-0.461457,0.965553,1.354438
-0.964803,-0.91748,-0.976221,0.962805,1.264492
-1.177791,-1.133327,-1.152071,0.987867,1.110927
-1.177791,-1.306034,-1.238398,1.014682,1.041034
-0.751815,-1.694588,-1.663637,1.018236,0.909274
-0.325837,-1.737746,-1.743569,1.05497,0.786202
-0.751815,-1.867277,-1.836291,1.072916,0.71816
-0.112849,-1.608234,-1.481392,1.132938,0.652373
0.313128,-1.565058,-1.647651,1.214314,0.646835
0.739105,-1.478722,-1.468603,1.306608,0.639768
0.739105,-1.090168,-1.036969,1.381109,0.636173
1.165082,-1.392369,-1.375881,1.443181,0.629978
1.165082,-1.21968,-1.203228,1.569799,0.598099
1.37807,-0.960638,-0.94105,1.687948,0.583
1.37807,-0.960638,-0.94105,1.776654,0.583
1.37807,-0.61526,-0.42309,1.833375,0.5835
1.165082,-0.399395,-0.426287,1.906442,0.610398
1.37807,-0.226706,-0.42309,1.968811,0.648451
1.37807,-0.269883,-0.250436,2.01244,0.661093
1.37807,0.032318,0.09487,2.071239,0.666042
1.37807,-0.054018,-0.077783,2.107681,0.669674
1.37807,-0.097194,0.008544,2.1346,0.67656
1.591059,0.161848,0.184395,2.144833,0.738969
1.165082,-0.054018,0.005346,2.148628,0.813083
0.952093,0.032318,0.002149,2.154645,0.897749
0.952093,-0.054018,0.002149,2.203383,0.959449
0.952093,0.420872,0.52011,2.264018,1.035631
0.952093,0.679914,0.77909,2.270439,1.189875
0.739105,0.679914,0.689566,2.270439,1.254925
0.952093,1.068468,1.03807,2.270439,1.380292
0.313128,1.111645,1.114805,2.253766,1.599101
0.526117,1.370669,1.376982,2.213499,1.706471
0.313128,1.629711,1.632765,2.191567,1.768711
0.313128,1.629711,1.546439,2.17757,1.9481
0.313128,1.500199,1.632765,2.166511,2.019471
0.739105,1.629711,1.552833,2.082942,2.173334
-0.112849,1.370669,1.281064,1.95624,2.19002
-0.325837,1.370669,1.277867,1.916569,2.18777
-0.538826,1.284334,1.360996,1.869634,2.206509
-0.538826,1.241157,1.274669,1.767502,2.220843
-0.751815,1.284334,1.271472,1.5463,2.2251
-0.964803,1.154822,1.181948,1.429746,2.293129
-0.964803,1.111645,1.095621,1.374375,2.36725
-1.177791,0.982115,0.833444,1.267065,2.372
-0.964803,0.766268,0.750314,1.139743,2.36625
-1.177791,0.766268,0.66079,1.07753,2.357922
-1.177791,0.679914,0.66079,1.040167,2.35683
-1.603768,0.809426,0.740722,0.938671,2.327936
-1.39078,0.636737,0.657593,0.878594,2.28
-1.39078,0.723091,0.657593,0.823317,2.238958
-1.177791,0.679914,0.66079,0.822756,2.155688
-0.964803,0.593561,0.577661,0.821822,2.043499
-0.751815,0.464049,0.494531,0.817938,1.993605
-1.177791,0.420872,0.315483,0.805219,1.9205
-1.177791,0.075494,0.056503,0.80306,1.862831
-0.964803,-0.269883,-0.285607,0.809694,1.764828
-0.751815,-0.097194,-0.109756,0.814435,1.645084
-0.538826,-0.010841,-0.020232,0.81361,1.52328
-0.325837,0.032318,-0.017035,0.813795,1.43325
-0.112849,0.161848,0.072489,0.822503,1.364644
-0.325837,-0.010841,-0.017035,0.8513,1.202709
0.10014,0.075494,0.075687,0.86406,1.06766
0.526117,-0.097194,-0.090572,0.873693,0.823985
0.739105,-0.054018,-0.087375,0.889852,0.728722
1.165082,0.248183,0.264327,0.956458,0.700734
0.952093,0.161848,0.174803,1.024172,0.673633
0.952093,0.377713,0.347456,1.085656,0.656273
1.165082,0.334537,0.350653,1.170537,0.632372
1.165082,0.248183,0.350653,1.274007,0.574303
1.165082,0.29136,0.350653,1.3819,0.529
1.37807,0.075494,0.181197,1.501382,0.514
1.591059,0.118671,0.184395,1.598728,0.514
1.37807,0.161848,0.181197,1.668027,0.514
1.591059,0.205006,0.184395,1.808886,0.541689
1.591059,-0.010841,0.011741,1.9475,0.65215
1.37807,-0.140371,-0.077783,2.08023,0.683275
1.37807,-0.18353,-0.16411,2.175579,0.747658
1.591059,-0.269883,-0.247239,2.186991,0.8338
1.804047,-0.658437,-0.675676,2.186991,0.870789
1.37807,-0.91748,-0.94105,2.171893,0.89468
1.165082,-0.960638,-0.944248,2.071587,0.928663
0.952093,-1.133327,-1.206425,2.007292,1.021254
0.739105,-1.392369,-1.382276,1.960323,1.144073
0.739105,-1.349192,-1.295949,1.936625,1.261101
0.739105,-1.608234,-1.554929,1.887655,1.396352
-0.538826,-1.996789,-1.91942,1.807969,1.463432
-0.538826,-1.996789,-2.005747,1.671731,1.492498
-0.538826,-1.996789,-1.91942,1.559073,1.522392
-0.751815,-1.8241,-1.836291,1.456018,1.588945
-0.964803,-1.608234,-1.494181,1.391361,1.621306
-0.751815,-1.435546,-1.490984,1.230343,1.766494
-1.177791,-1.521881,-1.497378,1.125333,1.83263
-1.603768,-1.176503,-1.158466,1.046954,1.866245
-1.603768,-0.91748,-0.899486,0.99678,1.88554
-1.177791,-1.003815,-1.065745,0.9062,1.950319
-1.816757,-0.485749,-0.471049,0.869125,2.029875
-1.603768,-0.31306,-0.381525,0.8474,2.080772
-1.39078,-0.054018,-0.119348,0.844332,2.108121
-1.39078,0.205006,0.225959,0.844332,2.164305
-1.603768,0.334537,0.222762,0.844332,2.201041
-1.603768,0.205006,0.222762,0.850958,2.201041
-1.603768,0.334537,0.309089,0.882079,2.205562
-1.603768,0.507225,0.481742,1.009338,2.219688
-1.603768,0.766268,0.481742,1.1003,2.225322
-1.39078,0.636737,0.657593,1.24436,2.22433
-1.177791,0.852603,0.833444,1.338051,2.20912
-1.177791,0.852603,0.833444,1.440381,2.204603
-1.177791,1.19798,1.092424,1.519113,2.20687
-0.964803,1.111645,1.095621,1.578879,2.218436
-0.751815,1.19798,1.185145,1.652908,2.207159
-0.964803,1.370669,1.354601,1.771896,2.198
-0.325837,1.068468,1.19154,1.833648,2.197441
-0.112849,1.111645,1.022084,1.8851,2.197087
-0.112849,1.19798,1.194737,1.963924,2.196345
0.10014,1.111645,1.111608,2.095983,2.083289
-0.325837,1.19798,1.19154,2.152895,1.918991
0.10014,1.19798,0.852627,2.167875,1.885865
0.313128,0.89578,0.942151,2.17232,1.832924
0.313128,0.852603,0.855825,2.216278,1.710056
0.526117,0.766268,0.772695,2.306948,1.592383
0.739105,0.550402,0.516912,2.309097,1.499651
0.952093,0.550402,0.52011,2.309097,1.405695
0.952093,0.636737,0.692763,2.303577,1.301338
0.952093,0.29136,0.174803,2.244148,1.177061
0.952093,0.118671,-0.084178,2.163678,1.116625
1.165082,-0.356237,-0.33996,2.152039,1.013224
1.591059,-0.269883,-0.247239,2.14725,0.945633
1.591059,-0.31306,-0.247239,2.14007,0.911651
1.37807,-0.356237,-0.336763,2.10216,0.883519
1.37807,-0.269883,-0.336763,2.075819,0.854799
1.37807,-0.528925,-0.509417,2.03464,0.775452
1.165082,-0.572084,-0.598941,1.99218,0.720664
0.952093,-0.701614,-0.602138,1.937284,0.707
0.526117,-0.787949,-0.781186,1.819979,0.71
0.739105,-0.787949,-0.691662,1.716256,0.714
0.739105,-0.701614,-0.691662,1.625331,0.722247
0.313128,-0.787949,-0.784383,1.543675,0.757163
-0.112849,-0.356237,-0.359144,1.461602,0.782662
-0.112849,-0.269883,-0.272817,1.350684,0.801112
-0.325837,-0.269883,-0.276015,1.2507,0.836789
-0.538826,-0.010841,-0.451866,1.159511,0.876582
-1.39078,0.032318,-0.033021,1.140316,0.922436
-0.964803,0.29136,0.232354,1.124514,1.005602
-1.177791,0.334537,0.229157,1.117811,1.096152
-0.964803,0.334537,0.405007,1.113135,1.1923
-0.964803,0.420872,0.405007,1.080409,1.256413
-1.177791,0.29136,0.315483,1.004977,1.368646
-1.177791,0.420872,0.40181,0.979063,1.480743
-1.603768,0.334537,0.309089,0.974921,1.608385
-1.177791,0.507225,0.40181,0.968443,1.755071
-1.39078,0.464049,0.398613,0.95083,1.86325
-1.603768,0.507225,0.481742,0.941573,1.966846
-1.603768,0.464049,0.568069,0.950264,2.070567
-1.177791,0.075494,0.056503,0.950264,2.111776
-1.39078,0.032318,0.053306,0.950411,2.112825
-1.177791,-0.18353,-0.288804,0.965026,2.112825
-1.177791,-0.61526,-0.979418,0.989727,2.10656
-1.177791,-0.701614,-0.720438,1.028083,2.067167
-1.39078,-0.572084,-0.723635,1.153364,2.051797
-0.964803,-1.046991,-1.148874,1.262256,2.0045
-0.964803,-1.435546,-1.407854,1.350337,1.96787
-0.751815,-1.306034,-1.31833,1.417827,1.908679
-1.177791,-1.651411,-1.670032,1.434093,1.811108
-0.325837,-1.8241,-1.829896,1.45582,1.720621
-0.325837,-1.8241,-1.829896,1.501224,1.618776
-0.112849,-1.608234,-1.567719,1.556911,1.569937
0.313128,-1.651411,-1.561324,1.678097,1.520537
0.526117,-1.8241,-1.817107,1.731267,1.476021
0.739105,-1.694588,-1.641256,1.796247,1.33138
1.37807,-0.960638,-1.027377,1.835104,1.101337
1.591059,-0.744791,-0.7652,1.8535,0.983125
1.37807,-0.960638,-0.94105,1.866442,0.9319
1.591059,-0.572084,-0.506219,1.901567,0.930625
1.37807,-0.528925,-0.509417,1.9611,0.916461
1.37807,-0.442572,-0.42309,1.986504,0.898918
1.37807,-0.18353,-0.16411,2.1135,0.8723
1.37807,-0.226706,-0.250436,2.180166,0.87
1.165082,-0.140371,-0.167307,2.194221,0.87
1.165082,-0.097194,-0.08098,2.199333,0.874648
1.165082,0.248183,0.264327,2.224009,0.937273
1.165082,0.118671,0.178,2.253642,1.020694
0.952093,0.161848,0.174803,2.269537,1.06869
0.739105,0.593561,0.603239,2.300513,1.11625
0.952093,0.507225,0.606436,2.307,1.172048
0.739105,1.025292,1.034873,2.307,1.290915
0.739105,0.938956,0.948546,2.307,1.431577
0.526117,1.025292,1.031675,2.28686,1.55524
0.526117,1.068468,1.118002,2.221313,1.665237
0.313128,1.241157,1.287458,2.18562,1.772107
0.313128,1.457023,1.460112,2.095367,1.849779
0.10014,1.629711,1.543241,2.054295,2.10803
-0.325837,1.457023,1.45052,2.043028,2.286891
-0.112849,1.284334,1.281064,1.953,2.313005
-0.112849,1.370669,1.367391,1.813125,2.318881
-0.112849,1.543358,1.281064,1.788353,2.324208
-0.538826,1.327511,1.274669,1.603502,2.345997
-0.538826,1.284334,1.274669,1.474443,2.393943
-0.538826,1.413846,1.360996,1.394018,2.407045
-0.751815,1.284334,1.357799,1.223806,2.405023
-0.751815,1.19798,1.185145,1.159665,2.402375
-0.751815,0.982115,1.012492,1.104225,2.387113
-0.964803,0.89578,0.922968,1.047255,2.344248
-0.964803,0.982115,0.922968,0.978829,2.278501
-1.177791,1.025292,1.006097,0.912594,2.235191
-0.751815,0.723091,0.667185,0.8506,2.198109
-1.177791,0.507225,0.574463,0.840987,2.108872
-1.39078,0.507225,0.484939,0.829027,2.023795
-1.603768,0.550402,0.481742,0.818777,1.941712
-2.029745,0.161848,0.130041,0.815234,1.789598
-1.816757,0.075494,0.046911,0.809007,1.694651
-1.177791,-0.226706,-0.11615,0.796866,1.562596
-1.39078,-0.528925,-0.550981,0.789001,1.49469
-1.603768,-0.701614,-0.726832,0.785,1.439099
-1.603768,-1.306034,-1.244793,0.7855,1.385826
-2.029745,-1.262857,-1.337514,0.798729,1.289631
-0.964803,-1.694588,-1.494181,0.843089,1.019341
-0.751815,-1.953612,-1.922617,0.868462,0.9076
-0.964803,-1.867277,-1.839488,0.89122,0.799089
-0.964803,-1.8241,-1.839488,0.946125,0.7225
-1.177791,-1.780923,-1.842685,1.031331,0.702499
-1.177791,-1.521881,-1.497378,1.110767,0.691
-0.751815,-1.651411,-1.663637,1.184658,0.690793
-1.177791,-1.046991,-1.152071,1.265348,0.68813
-1.177791,-1.090168,-1.065745,1.346738,0.65932
-0.751815,-0.960638,-1.05935,1.432593,0.60962
-0.538826,-0.528925,-0.451866,1.539181,0.6008
-0.751815,-0.097194,-0.109756,1.588682,0.6008
-0.538826,-0.097194,-0.365539,1.645963,0.601175
-0.538826,0.507225,0.497729,1.717988,0.623032
-0.325837,0.507225,0.500926,1.802687,0.644951
-0.325837,0.852603,0.846233,1.904904,0.668978
-0.325837,1.19798,1.19154,2.013801,0.708
-0.325837,1.284334,1.19154,2.14775,0.74726
0.10014,1.413846,1.370588,2.207249,0.835525
-0.112849,1.370669,1.022084,2.211153,0.919919
0.313128,0.982115,1.028478,2.22543,0.975963
-0.112849,1.111645,1.022084,2.237177,1.10381
0.313128,0.852603,0.855825,2.254088,1.213838
0.313128,0.938956,0.942151,2.265159,1.338755
0.313128,0.982115,1.028478,2.2962,1.450891
0.526117,0.809426,0.772695,2.2962,1.549051
0.526117,0.809426,0.772695,2.327102,1.64597
0.526117,0.679914,0.600042,2.384368,1.71335
0.952093,0.334537,0.433783,2.371018,1.765976
1.165082,0.464049,0.43698,2.347836,1.814284
1.165082,0.334537,0.43698,2.33156,1.948772
1.37807,0.593561,0.699158,2.329891,2.0655
1.165082,0.464049,0.43698,2.329891,2.0655
1.37807,0.334537,0.353851,2.308285,2.0655
1.37807,0.29136,0.267524,2.260777,2.046821
1.591059,-0.140371,0.011741,2.244833,1.997264
1.37807,-0.226706,-0.16411,2.192162,1.967233
1.165082,-0.356237,-0.253634,2.134691,1.827406
1.37807,-0.658437,-0.509417,2.103386,1.711052
1.37807,-0.701614,-0.68207,1.999553,1.678497
1.37807,-1.090168,-1.027377,1.868467,1.630928
1.37807,-0.874303,-0.854724,1.841,1.509463
1.165082,-1.306034,-1.289555,1.830644,1.449807
1.165082,-1.306034,-1.289555,1.79975,1.33983
0.952093,-1.306034,-1.379079,1.756628,1.167625
0.739105,-1.392369,-1.554929,1.714536,1.116442
0.739105,-1.910435,-1.900236,1.617828,1.071552
0.739105,-2.169477,-2.159217,1.491641,1.017065
0.10014,-2.169477,-2.082482,1.447928,0.982831
-0.112849,-1.910435,-1.913025,1.422393,0.954248
-0.751815,-1.651411,-1.922617,1.318498,0.942177
-0.964803,-1.349192,-1.321527,1.245332,0.941706
-0.751815,-1.478722,-1.31833,1.19645,0.943287
-1.177791,-1.133327,-1.152071,1.16741,0.965226
-1.177791,-1.133327,-1.152071,1.120914,1.068283
-1.177791,-1.262857,-1.238398,1.077893,1.141255
-1.39078,-1.133327,-1.155269,1.035811,1.227287
-1.177791,-0.831126,-0.806764,0.976737,1.356039
-1.39078,-0.485749,-0.550981,0.91725,1.45872
-1.39078,-0.399395,-0.464655,0.90253,1.587176
-1.39078,-0.140371,-0.119348,0.896372,1.684772
-1.177791,-0.31306,-0.288804,0.8873,1.769467
-1.39078,0.334537,0.053306,0.8634,1.855347
-1.603768,0.420872,0.395415,0.832375,1.963508
-1.603768,0.334537,0.395415,0.832,2.03484
-1.603768,0.377713,0.309089,0.832,2.10275
-1.177791,0.507225,0.488137,0.837777,2.160982
-0.964803,0.420872,0.318681,0.915444,2.185895
-1.177791,0.550402,0.40181,0.985548,2.200255
-1.177791,0.89578,0.833444,1.071276,2.221744
-1.177791,0.89578,0.833444,1.179073,2.276876
-1.177791,1.025292,1.092424,1.27815,2.326837
-0.751815,1.025292,1.012492,1.370974,2.35229
-0.751815,1.025292,1.012492,1.459966,2.35229
-0.325837,1.111645,1.018886,1.548115,2.347032
-0.538826,1.19798,1.102016,1.634218,2.312162
-0.538826,1.068468,1.102016,1.694839,2.295968
-0.325837,1.284334,1.277867,1.785109,2.289814
-0.112849,1.284334,1.281064,1.869625,2.2815
-0.112849,1.111645,1.10841,1.963722,2.260211
0.10014,1.068468,1.025281,2.11007,2.101921
-0.112849,0.938956,0.935757,2.164589,2.062842
-0.325837,1.025292,1.105213,2.195452,2.0041
0.739105,0.852603,0.862219,2.227302,1.863784
0.739105,0.636737,0.603239,2.290708,1.772291
0.739105,0.593561,0.603239,2.345375,1.66125
0.952093,0.464049,0.433783,2.412992,1.545779
0.952093,0.29136,0.261129,2.421538,1.501162
0.952093,0.118671,0.174803,2.421801,1.472744
0.952093,0.032318,0.002149,2.421801,1.381723
1.165082,-0.097194,-0.08098,2.41065,1.310588
1.165082,-0.269883,-0.167307,2.374753,1.235315
0.952093,-0.097194,-0.084178,2.359759,1.15518
1.37807,-0.269883,-0.250436,2.343467,1.034306
1.37807,-0.226706,-0.250436,2.331098,0.939944
1.37807,-0.269883,-0.250436,2.277832,0.857753
1.37807,-0.269883,-0.250436,2.215951,0.812
1.165082,-0.269883,-0.253634,2.146715,0.799375
1.165082,-0.356237,-0.33996,1.994432,0.795021
0.952093,-0.269883,-0.343158,1.959728,0.788444
0.526117,-0.054018,0.341062,1.903796,0.747555
0.739105,-0.399395,-0.346355,1.767506,0.729
0.10014,-0.097194,-0.096967,1.713948,0.729
0.313128,-0.18353,-0.180096,1.649771,0.729
0.313128,0.075494,0.078884,1.567774,0.734653
-0.325837,0.420872,0.673579,1.52093,0.762594
-0.751815,0.420872,0.408205,1.404513,0.821925
-0.751815,0.507225,0.580858,1.327573,0.841727
-0.751815,0.593561,0.580858,1.239304,0.851227
-0.751815,0.550402,0.580858,1.180146,0.868338
-1.177791,0.938956,0.91977,1.120171,0.974074
-1.177791,0.852603,0.833444,1.106794,1.082274
-0.964803,0.852603,0.836641,1.064831,1.14491
-1.177791,0.809426,0.747117,1.029481,1.261673
-0.964803,0.982115,0.836641,1.014844,1.356857
-1.39078,0.507225,0.571266,0.982896,1.48645
-0.964803,0.507225,0.491334,0.96112,1.578136
-1.177791,0.334537,0.315483,0.95962,1.707271
-1.39078,0.205006,0.139633,0.953951,1.78
-1.39078,0.032318,0.053306,0.9526,1.847375
-1.177791,-0.097194,-0.11615,0.95641,1.903932
-0.964803,-0.442572,-0.45826,0.96275,1.987414
-1.177791,-0.744791,-0.720438,0.967896,2.040131
-1.39078,-1.046991,-1.068942,0.975879,2.050892
-1.177791,-1.262857,-1.324725,1.011054,2.050892
-0.964803,-1.262857,-1.321527,1.020594,2.034446
-1.39078,-1.521881,-1.500575,1.0275,1.987173
-0.325837,-1.478722,-1.570916,1.043722,1.917168
0.10014,-1.8241,-1.737175,1.060328,1.847054
1.165082,-1.780923,-1.807515,1.091393,1.781091
1.165082,-1.694588,-1.721188,1.214312,1.744109
1.37807,-1.349192,-1.372684,1.308303,1.697271
1.37807,-1.306034,-1.286357,1.361993,1.641498
1.165082,-0.874303,-0.944248,1.378845,1.52109
1.37807,-0.658437,-0.509417,1.397353,1.400288
1.37807,-0.701614,-0.68207,1.475136,1.28114
1.37807,-0.356237,-0.42309,1.533384,1.143816
1.37807,-0.485749,-0.42309,1.562891,1.077744
1.165082,-0.485749,-0.426287,1.588472,0.955246
1.165082,-0.528925,-0.512614,1.615767,0.788827
1.165082,-0.226706,-0.253634,1.670455,0.682883
1.165082,-0.269883,-0.253634,1.711544,0.613
1.165082,-0.31306,-0.33996,1.787436,0.613
0.952093,-0.097194,-0.170504,1.803435,0.613
0.739105,-0.054018,-0.001048,1.861687,0.614747
1.165082,0.075494,0.091673,1.987056,0.708787
0.739105,0.248183,0.344259,2.172492,0.831028
0.526117,0.593561,0.513715,2.19774,0.949476
0.739105,0.723091,0.775893,2.19774,1.030984
0.739105,0.938956,0.948546,2.186792,1.118119
0.526117,1.068468,0.945349,2.16381,1.34386
0.526117,1.025292,1.118002,2.16381,1.488435
0.313128,1.19798,1.287458,2.16381,1.610534
0.313128,1.370669,1.287458,2.161807,1.7263
-0.112849,1.716065,1.799024,2.142592,1.824836
-0.112849,1.543358,1.626371,2.137,1.901815
0.10014,1.975089,1.802222,2.125722,2.037942
0.313128,1.457023,2.150726,1.983899,2.154
-0.112849,1.543358,1.453717,1.953563,2.192789
-0.112849,1.716065,1.799024,1.920978,2.271721
0.10014,1.284334,1.284261,1.868138,2.338415
-0.112849,1.19798,1.194737,1.644671,2.40477
-0.538826,1.025292,1.015689,1.483589,2.413617
-0.538826,0.766268,0.843036,1.410269,2.4256
-0.538826,0.809426,0.756709,1.344183,2.435863
-0.538826,0.550402,0.584055,1.219195,2.4425
-0.751815,0.420872,0.408205,1.114526,2.438113
-1.177791,0.464049,0.40181,1.033329,2.433142
-0.964803,0.420872,0.405007,0.968819,2.429677
-0.751815,0.420872,0.408205,0.966,2.429677
-1.177791,0.420872,0.315483,0.965015,2.407701
-0.751815,0.377713,0.408205,0.95625,2.33141
-0.964803,0.464049,0.405007,0.956,2.258939
-1.177791,0.679914,0.66079,0.956,2.145935
-1.603768,0.464049,0.481742,0.95219,2.03089
-1.816757,0.420872,0.392218,0.926035,1.902456
-1.816757,0.29136,0.305891,0.91282,1.793845
-1.39078,0.075494,0.053306,0.911764,1.729638
-1.177791,-0.140371,-0.202477,0.909242,1.584531
-1.39078,-0.399395,-0.378328,0.895069,1.443676
-1.177791,-0.528925,-0.547784,0.888989,1.310981
-1.39078,-0.528925,-0.550981,0.886742,1.222578
-1.603768,-0.960638,-0.985812,0.855802,1.13568
-1.603768,-1.003815,-0.985812,0.833147,1.038211
-1.39078,-1.262857,-1.327922,0.833147,0.835177
-1.177791,-1.349192,-1.497378,0.833147,0.782408
-1.39078,-1.478722,-1.500575,0.845824,0.779862
-1.39078,-1.608234,-1.586902,0.926352,0.756557
-1.39078,-1.694588,-1.673229,1.052367,0.748408
-0.751815,-1.996789,-2.008944,1.159433,0.744037
-0.751815,-1.867277,-2.008944,1.216055,0.751568
-0.538826,-1.953612,-2.005747,1.275484,0.752982
-0.751815,-1.953612,-2.008944,1.393575,0.755233
0.10014,-1.651411,-1.737175,1.533189,0.755675
0.313128,-1.8241,-1.820304,1.654011,0.762341
0.526117,-1.392369,-1.299146,1.735745,0.7977
1.37807,-1.478722,-1.459011,1.774135,0.909196
1.165082,-1.21968,-1.116901,1.871828,0.92841
1.37807,-1.090168,-1.027377,2.009005,0.944912
1.37807,-0.91748,-0.94105,2.069603,0.9817
1.37807,-0.787949,-0.768397,2.069603,1.003713
1.37807,-0.226706,-0.336763,2.079828,1.008625
1.37807,-0.097194,-0.077783,2.09825,1.015263
1.37807,-0.399395,-0.42309,2.103083,1.039558
1.591059,-0.269883,-0.160912,2.103083,1.062872
1.37807,-0.140371,-0.077783,2.1405,1.070723
1.37807,-0.010841,0.008544,2.201064,1.099165
1.37807,0.118671,0.181197,2.219107,1.156625
1.165082,-0.31306,-0.253634,2.221133,1.225252
0.952093,-0.18353,-0.170504,2.237406,1.293679
0.952093,-0.140371,-0.084178,2.278,1.368068
0.739105,0.075494,0.085279,2.282,1.436427
0.952093,0.075494,0.088476,2.299068,1.537211
0.739105,0.205006,0.171605,2.30305,1.681324
0.526117,0.118671,0.168408,2.304807,1.749153
0.313128,-0.18353,-0.093769,2.3095,1.831431
0.313128,-0.140371,-0.180096,2.31472,1.865984
-0.112849,-0.269883,-0.186491,2.317194,1.891917
-0.325837,-0.226706,-0.276015,2.312418,1.997267
-0.751815,-0.226706,-0.282409,2.287944,2.103552
-0.751815,-0.010841,-0.023429,2.277875,2.186803
-0.751815,-0.054018,-0.109756,2.205318,2.256
-1.177791,0.032318,-0.029824,2.112466,2.277
-1.177791,0.118671,0.14283,2.028649,2.280712
-0.964803,0.420872,0.405007,1.818311,2.294571
-1.39078,0.420872,0.398613,1.786086,2.305875
-1.39078,0.420872,0.398613,1.708719,2.3065
-1.177791,0.377713,0.40181,1.592657,2.310828
-1.39078,0.89578,0.916573,1.395995,2.337875
-1.177791,1.025292,1.006097,1.314515,2.343
-1.177791,0.938956,0.91977,1.234848,2.343
-0.964803,0.938956,1.009294,1.161644,2.34158
-0.751815,0.766268,0.839838,1.025751,2.326554
-0.751815,1.154822,1.185145,0.94562,2.291071
-0.538826,1.370669,1.360996,0.826665,2.232538
-0.538826,1.586535,1.706303,0.801081,2.203958
-0.538826,1.672888,1.706303,0.801081,2.147871
-0.325837,1.716065,1.623173,0.801081,2.087329
-0.538826,1.284334,1.360996,0.834616,1.9992
-0.325837,1.327511,1.364193,0.911453,1.940066
-0.112849,1.284334,1.194737,0.971533,1.900725
0.313128,1.284334,1.201132,1.045265,1.837835
0.526117,1.327511,1.290656,1.078695,1.750287
0.739105,1.845577,1.811813,1.121996,1.626714
0.526117,1.19798,1.204329,1.210159,1.563349
0.313128,1.111645,1.114805,1.303468,1.546373
0.526117,1.068468,1.031675,1.408081,1.530397
0.739105,0.938956,1.034873,1.510072,1.499744
0.952093,0.766268,0.77909,1.694934,1.468644
0.952093,0.766268,0.77909,1.849092,1.338496
0.952093,0.766268,0.865417,1.910089,1.251668
1.37807,0.593561,0.612831,1.94757,1.173915
1.165082,0.464049,0.523307,1.975621,1.094168
1.37807,0.766268,0.785484,1.9745,1.06339
1.37807,0.464049,0.526504,1.976,1.046031
1.37807,0.248183,0.353851,1.976,1.005461
1.37807,0.248183,0.267524,1.969423,0.957487
1.37807,0.032318,0.09487,1.94064,0.914212
1.591059,-0.097194,-0.074586,1.920734,0.817681
1.37807,-0.399395,-0.42309,1.872357,0.714872
1.591059,-0.528925,-0.506219,1.807517,0.659
1.165082,-0.572084,-0.512614,1.690211,0.659
1.591059,-0.787949,-0.419893,1.589557,0.6581
1.37807,-1.046991,-1.113704,1.510885,0.65
0.952093,-1.306034,-1.292752,1.422214,0.659738
0.952093,-1.262857,-1.292752,1.325544,0.666702
0.952093,-1.392369,-1.379079,1.282188,0.680436
0.952093,-1.694588,-1.724386,1.209217,0.728378
0.739105,-1.651411,-1.641256,1.149197,0.845675
0.10014,-1.8241,-1.823501,1.13118,0.923467
-0.325837,-1.780923,-1.829896,1.127658,0.967344
-0.751815,-1.521881,-1.57731,1.069005,1.028006
-1.177791,-1.090168,-1.238398,0.958565,1.061165
-1.39078,-1.21968,-1.241595,0.871504,1.181782
-1.177791,-0.874303,-0.893091,0.836415,1.2721
-1.39078,-0.831126,-0.809962,0.801367,1.375576
-1.39078,-0.572084,-0.637308,0.764234,1.47841
-1.39078,-0.572084,-0.550981,0.739081,1.581068
-1.39078,-0.31306,-0.292001,0.701428,1.666549
-1.39078,-0.097194,-0.119348,0.644674,1.780108
-1.39078,-0.097194,-0.119348,0.644169,1.85658
-1.177791,0.118671,0.229157,0.644169,1.968754
-0.964803,-0.010841,-0.026626,0.649169,2.041954
-1.177791,0.248183,0.229157,0.701131,2.059678
-1.177791,0.29136,0.315483,0.730159,2.079694
-0.751815,0.507225,0.408205,0.760961,2.130415
-0.751815,0.809426,0.667185,0.860054,2.192565
-0.964803,0.852603,0.750314,0.949885,2.275206
-0.964803,0.89578,0.836641,1.059128,2.328923
-0.538826,0.89578,0.843036,1.187532,2.344279
-0.538826,0.852603,0.843036,1.321996,2.345185
-0.751815,0.464049,0.753512,1.422715,2.345621
-0.538826,0.334537,0.325075,1.544086,2.34503
-0.325837,0.334537,0.328272,1.641048,2.343194
0.10014,0.507225,0.50732,1.752183,2.335854
-0.112849,0.420872,0.33147,1.825533,2.157544
-0.112849,0.334537,0.33147,1.905787,2.080918
0.10014,0.075494,0.075687,1.952494,2.027206
0.313128,0.161848,0.078884,2.109784,1.911602
0.313128,-0.356237,-0.35275,2.154753,1.828984
0.526117,-0.356237,-0.349552,2.182536,1.782998
0.952093,-0.356237,-0.084178,2.228458,1.638326
0.952093,-0.097194,-0.084178,2.314485,1.490902
0.952093,-0.485749,-0.515811,2.332549,1.421269
0.952093,-0.61526,-0.515811,2.369175,1.359097
1.37807,-0.61526,-0.509417,2.373012,1.331648
1.37807,-0.61526,-0.68207,2.321779,1.284391
1.37807,-0.572084,-0.509417,2.287345,1.193565
1.37807,-0.485749,-0.42309,2.140615,1.078272
1.591059,-0.31306,-0.247239,2.082411,0.967319
1.37807,-0.18353,-0.077783,2.018257,0.944381
1.591059,0.075494,0.098068,1.972326,0.911332
1.37807,0.161848,0.181197,1.94889,0.841401
1.37807,0.075494,0.181197,1.882717,0.7925
1.37807,0.507225,0.526504,1.734373,0.7925
1.37807,0.334537,0.353851,1.656513,0.7925
1.165082,0.334537,0.350653,1.616053,0.809639
1.37807,0.248183,0.353851,1.558515,0.91002
1.165082,0.334537,0.350653,1.532046,0.992571
0.952093,0.507225,0.52011,1.520495,1.050049
0.952093,0.723091,0.692763,1.500561,1.127
0.952093,0.679914,0.52011,1.481313,1.2166
0.952093,0.89578,0.951743,1.417041,1.301208
0.739105,0.766268,0.775893,1.342004,1.407072
0.739105,1.111645,1.293853,1.329789,1.484716
0.526117,1.068468,1.118002,1.313822,1.612511
0.313128,1.241157,1.201132,1.279891,1.735416
0.313128,1.241157,1.201132,1.266251,1.841494
0.526117,1.629711,1.549636,1.230335,1.939347
0.313128,1.500199,1.546439,1.191895,2.029476
0.10014,1.716065,1.543241,1.098313,2.115533
0.313128,1.370669,1.373785,1.060762,2.193092
-0.325837,1.370669,1.45052,1.014447,2.211447
0.10014,1.413846,1.456915,0.935452,2.211447
-0.112849,1.370669,1.281064,0.896395,2.211447
-0.112849,1.327511,1.367391,0.802375,2.190875
-0.112849,1.284334,1.281064,0.718121,2.174238
-0.538826,1.370669,1.360996,0.696333,2.146277
-0.538826,1.457023,1.274669,0.696333,2.112937
-0.538826,1.154822,1.360996,0.696333,2.089601
-0.751815,0.938956,1.012492,0.698983,2.03813
-0.964803,0.982115,0.922968,0.724748,1.945948
-0.964803,0.852603,0.922968,0.767142,1.816383
-1.177791,0.938956,0.91977,0.777096,1.731937
-1.177791,0.938956,1.006097,0.783517,1.64
-1.39078,0.809426,0.830246,0.789,1.589081
-1.177791,1.025292,0.91977,0.790825,1.492808
-1.39078,0.852603,0.74392,0.801202,1.401802
-1.39078,0.809426,0.74392,0.835685,1.214476
-1.603768,0.593561,0.568069,0.878187,1.107212
-0.751815,0.679914,0.753512,0.888811,1.023359
-0.751815,0.377713,0.408205,0.888811,0.998
-0.964803,0.420872,0.405007,0.888811,0.998
-0.538826,0.507225,0.497729,0.735215,0.849019
-0.325837,0.593561,0.500926,1.318838,0.659149
0.10014,0.679914,0.593647,1.434277,0.647625
-0.112849,0.507225,0.504123,1.490289,0.64
0.313128,0.334537,0.337864,1.592875,0.64
0.526117,0.550402,0.513715,1.687666,0.641
0.526117,0.377713,0.427388,1.776722,0.655839
0.313128,0.464049,0.337864,1.820494,0.681904
0.739105,0.852603,0.603239,1.917082,0.697078
0.739105,0.593561,0.516912,1.968407,0.710169
1.165082,0.593561,0.782287,1.968407,0.745677
0.952093,0.420872,0.433783,1.968407,0.778958
0.952093,0.550402,0.52011,1.952491,0.793141
0.952093,0.464049,0.433783,1.875678,0.8034
1.37807,0.032318,0.09487,1.813128,0.819503
1.37807,0.161848,0.181197,1.758893,0.866546
1.37807,0.161848,0.181197,1.7177,0.949632
1.37807,0.075494,0.09487,1.660459,1.042
1.37807,0.334537,0.267524,1.573652,1.139107
1.591059,0.075494,0.098068,1.520256,1.165901
1.37807,0.118671,0.09487,1.400439,1.227211
1.591059,0.118671,0.011741,1.278125,1.244125
1.37807,0.075494,0.008544,1.182042,1.338552
1.37807,-0.097194,-0.077783,1.124334,1.451019
1.591059,-0.054018,-0.074586,1.109006,1.504352
1.37807,-0.356237,-0.336763,1.0952,1.51806
1.37807,-0.528925,-0.509417,1.069952,1.53028
1.37807,-0.787949,-0.768397,0.977268,1.592238
1.37807,-0.831126,-0.768397,0.892853,1.656423
1.37807,-1.090168,-1.113704,0.839638,1.704778
0.952093,-1.133327,-0.947445,0.799797,1.754063
1.165082,-1.176503,-1.203228,0.787067,1.804398
0.526117,-1.996789,-1.558127,0.774853,1.8307
0.313128,-1.8241,-1.906631,0.722965,1.892882
-0.751815,-1.996789,-2.008944,0.712365,2.001513
-0.751815,-1.867277,-2.095271,0.710965,2.123627
-0.964803,-1.565058,-1.753161,0.713474,2.216273
-0.538826,-1.262857,-1.315133,0.743517,2.233041
-0.751815,-1.478722,-1.404657,0.787464,2.233041
-1.603768,-1.003815,-0.985812,0.866234,2.231259
-1.39078,-1.176503,-1.155269,0.933375,2.223873
-1.603768,-0.91748,-0.985812,1.000578,2.216001
-1.177791,-0.442572,-0.461457,1.091331,2.208558
-1.177791,-0.31306,-0.375131,1.176197,2.207576
-0.751815,-0.010841,-0.109756,1.297667,2.207762
-1.177791,0.075494,0.315483,1.393463,2.22389
-1.39078,0.377713,0.312286,1.467469,2.245716
-1.177791,0.205006,0.14283,1.577882,2.247525
-1.177791,0.075494,0.056503,1.658234,2.250375
-0.964803,0.248183,0.146027,1.738065,2.255531
-0.964803,0.248183,0.232354,1.819028,2.254531
-0.964803,0.377713,0.405007,1.902346,2.252636
-0.538826,0.420872,0.497729,1.972575,2.229637
-0.538826,0.593561,0.584055,2.084714,2.0516
-0.751815,1.025292,1.012492,2.136,1.940261
-0.325837,1.111645,1.105213,2.1595,1.8543
0.10014,0.982115,1.025281,2.18395,1.762644
0.10014,1.241157,1.111608,2.215953,1.718224
-0.112849,1.370669,1.367391,2.219164,1.531168
-0.112849,1.500199,1.453717,2.21937,1.320075
0.10014,1.586535,1.629568,2.214982,1.252271
0.313128,1.629711,1.632765,2.181093,1.19629
0.10014,1.457023,1.543241,2.127693,1.170432
0.526117,1.543358,1.549636,2.108213,1.131665
0.526117,1.284334,1.290656,2.094329,1.096754
0.10014,1.025292,1.111608,2.074416,1.095339
0.526117,1.284334,1.376982,2.060236,1.095376
0.10014,0.852603,0.852627,1.998125,1.079422
0.10014,0.723091,0.766301,1.885362,1.065892
0.10014,0.852603,0.852627,1.784401,1.05473
0.313128,0.593561,0.596844,1.661998,1.051548
0.313128,0.420872,0.769498,1.560805,1.014319
0.739105,0.420872,0.516912,1.499164,0.983914
0.952093,0.248183,0.261129,1.399783,0.965458
0.952093,0.075494,0.174803,1.286975,0.940653
1.37807,0.118671,0.181197,1.223249,0.917778
1.165082,0.118671,0.091673,1.159895,0.905875
1.37807,0.032318,0.008544,1.147794,0.852077
1.37807,-0.054018,0.008544,1.135,0.746193
1.165082,-0.010841,0.005346,1.137044,0.70275
1.165082,-0.399395,-0.426287,1.1482,0.697
1.37807,-0.701614,-0.595743,1.15375,0.697
1.37807,-0.744791,-0.768397,1.14893,0.6988
1.37807,-0.744791,-0.68207,1.1455,0.792817
1.165082,-1.21968,-1.203228,1.1455,0.837434
0.952093,-1.392369,-1.292752,1.0815,0.953877
0.739105,-1.521881,-1.468603,1.019249,1.080625
0.739105,-1.435546,-1.468603,1.000067,1.220375
0.739105,-1.651411,-1.641256,0.996732,1.370861
0.313128,-1.565058,-1.561324,0.983763,1.521147
-1.177791,-1.867277,-1.842685,0.97523,1.657979
0.10014,-1.478722,-1.305541,0.944988,1.774593
0.313128,-0.960638,-1.043364,0.907149,1.864297
0.313128,-1.392369,-1.302344,0.905133,1.987205
-0.112849,-0.787949,-0.790778,0.905133,2.04254
-0.112849,-0.572084,-0.445471,0.937847,2.086098
0.526117,-0.097194,-0.090572,1.036387,2.13356
0.526117,-0.010841,-0.004245,1.158815,2.176786
0.526117,0.420872,0.427388,1.205589,2.244991
0.313128,0.593561,0.683171,1.283937,2.300143
0.526117,0.766268,0.772695,1.412117,2.301043
0.313128,1.111645,1.114805,1.510375,2.301043
0.526117,1.241157,1.204329,1.604771,2.297465
0.313128,1.370669,1.373785,1.68926,2.268251
0.313128,1.413846,1.373785,1.799047,2.221642
0.10014,1.586535,1.543241,1.877813,2.20179
0.10014,1.457023,1.456915,1.905,2.193083
0.10014,1.370669,1.456915,1.905,2.170906
0.10014,1.284334,1.370588,1.905,2.161966
-0.325837,1.19798,1.277867,1.891259,2.131712
-0.112849,1.370669,1.281064,1.838511,2.048358
-0.325837,1.19798,1.277867,1.790212,1.911171
-0.325837,1.025292,1.105213,1.717287,1.789817
-0.751815,1.025292,1.012492,1.6194,1.73266
-0.325837,0.766268,0.759906,1.498566,1.693232
-0.964803,0.723091,0.663987,1.403118,1.650593
-1.39078,0.507225,0.571266,1.328433,1.549446
-1.39078,0.377713,0.398613,1.227542,1.454208
-1.39078,0.420872,0.398613,1.176552,1.368423
-1.177791,0.118671,0.229157,1.139387,1.246627
-1.39078,-0.097194,-0.119348,1.052284,1.114387
-0.964803,-0.226706,-0.19928,0.982397,1.038626
-1.39078,-0.701614,-0.723635,0.951,0.992391
-1.603768,-0.744791,-0.726832,0.951,0.968533
-1.39078,-0.787949,-0.809962,0.951,0.958332
-1.39078,-1.306034,-1.241595,0.990542,0.944833
-1.177791,-1.737746,-1.670032,1.110124,0.888787
-1.39078,-1.651411,-1.759556,1.155498,0.819217
-0.325837,-2.169477,-2.175203,1.239542,0.788118
-0.112849,-2.169477,-2.172006,1.3315,0.779272
0.739105,-1.8241,-1.727583,1.436165,0.774886
0.952093,-1.737746,-1.810712,1.594545,0.776509
0.952093,-1.651411,-1.638059,1.67608,0.79666
1.37807,-1.21968,-1.113704,1.760128,0.817475
1.37807,-1.090168,-1.113704,1.95836,0.862054
1.165082,-0.787949,-0.771594,2.0541,0.9308
1.37807,-0.658437,-0.68207,2.07195,1.029734
1.165082,-0.61526,-0.598941,2.085157,1.12484
1.165082,-0.528925,-0.512614,2.124314,1.185321
1.165082,-0.226706,-0.253634,2.185853,1.230664
0.952093,-0.356237,-0.343158,2.200545,1.443708
0.952093,-0.054018,0.088476,2.227229,1.63776
0.952093,0.377713,0.347456,2.227874,1.756435
0.952093,0.377713,0.433783,2.228829,1.821597
0.952093,1.068468,1.03807,2.23975,1.916409
0.739105,0.766268,0.775893,2.262,2.154167
0.739105,0.982115,0.948546,2.262,2.200723
0.526117,1.068468,1.118002,2.254875,2.227312
0.526117,1.19798,1.118002,2.227189,2.233724
0.526117,1.284334,1.290656,2.173775,2.24296
0.313128,1.327511,1.287458,2.074538,2.24296
0.313128,1.370669,1.373785,1.975404,2.267682
0.313128,1.457023,1.373785,1.761328,2.418409
0.10014,1.241157,1.284261,1.667933,2.472691
0.313128,1.19798,1.201132,1.524557,2.478588
0.10014,1.284334,1.197934,1.367,2.478588
0.313128,0.982115,1.201132,1.275947,2.478412
-0.751815,1.068468,1.098818,1.258616,2.402943
-0.751815,1.068468,1.012492,1.235698,2.318512
-1.177791,0.766268,0.833444,1.201323,2.255934
-0.751815,0.852603,0.753512,1.101725,2.202974
-1.177791,0.593561,0.574463,0.997346,2.096882
-0.964803,0.593561,0.577661,0.934791,1.97355
-1.177791,0.464049,0.40181,0.903025,1.850883
-0.964803,0.29136,0.0597,0.895928,1.755484
-1.177791,0.075494,-0.029824,0.894403,1.620767
-0.751815,-0.097194,-0.109756,0.893005,1.49309
-0.964803,-0.356237,-0.371933,0.886593,1.375811
-0.751815,-0.399395,-0.368736,0.861875,1.210408
-1.39078,-0.744791,-0.809962,0.861,1.094671
-0.964803,-1.737746,-1.666834,0.861,0.98441
-0.538826,-1.867277,-1.91942,0.874781,0.923003
-0.538826,-1.910435,-1.91942,0.942435,0.89324
-0.325837,-1.953612,-1.916223,1.114028,0.88827
-0.325837,-2.083142,-2.002549,1.20409,0.881793
-0.112849,-1.780923,-1.826699,1.281353,0.854179
0.952093,-1.651411,-1.551732,1.332224,0.80566
1.165082,-1.521881,-1.462208,1.426302,0.78
1.165082,-1.349192,-1.289555,1.507089,0.78
1.37807,-0.960638,-1.027377,1.587713,0.767902
1.37807,-0.701614,-0.768397,1.6801,0.764299
1.37807,-0.874303,-0.94105,1.769446,0.785508
1.165082,-0.61526,-0.512614,1.881423,0.838809
1.165082,-0.226706,-0.33996,2.016378,0.922945
1.165082,-0.269883,-0.08098,2.120546,0.999283
1.165082,0.161848,0.091673,2.139445,1.052143
0.952093,0.118671,0.174803,2.162758,1.095344
1.165082,0.205006,0.178,2.205125,1.12946
0.952093,0.334537,0.347456,2.207,1.204134
0.739105,0.334537,0.344259,2.207,1.330402
0.739105,0.420872,0.344259,2.210559,1.490083
0.739105,0.420872,0.430586,2.207947,1.634267
0.526117,0.766268,0.772695,2.190316,1.727008
0.526117,1.111645,1.031675,2.172379,1.884019
0.313128,1.111645,1.114805,2.166638,1.958764
0.313128,0.852603,0.942151,2.1605,2.034278
0.10014,1.370669,1.629568,2.1598,2.144328
-0.325837,1.586535,1.623173,2.151491,2.226447
0.10014,0.766268,0.766301,2.067668,2.296519
-0.325837,1.025292,0.93256,1.821342,2.347361
-0.538826,0.89578,0.843036,1.76231,2.349711
-0.964803,0.852603,0.922968,1.719505,2.357
-0.751815,0.723091,0.667185,1.565,2.370726
-0.964803,0.679914,0.663987,1.412773,2.354927
-1.177791,0.507225,0.488137,1.249019,2.348129
-1.177791,0.593561,0.574463,1.113575,2.332249
-1.39078,0.507225,0.657593,1.058704,2.241501
-1.39078,0.377713,0.398613,1.028288,2.154065
-1.39078,0.032318,0.053306,0.973315,2.104184
-1.39078,0.205006,0.139633,0.934281,2.034078
-1.603768,-0.356237,-0.381525,0.886284,1.965298
-1.603768,-0.528925,-0.554179,0.8757,1.870375
-1.39078,-0.658437,-0.637308,0.8757,1.783563
-1.39078,-0.658437,-0.723635,0.8757,1.68414
-1.177791,-1.090168,-0.720438,0.906006,1.574352
-0.325837,-0.960638,-0.880302,0.928634,1.474584
-0.112849,-0.269883,-0.359144,0.947085,1.379292
0.10014,-0.572084,-0.5286,0.966784,1.214358
0.313128,-0.356237,-0.266423,0.977746,1.081101
0.313128,-0.269883,-0.35275,1.017688,1.005352
0.526117,-0.140371,-0.090572,1.061018,0.960852
0.526117,-0.010841,-0.004245,1.177342,0.9248
0.739105,0.334537,0.257932,1.270538,0.855833
0.952093,0.334537,0.347456,1.362471,0.79964
0.952093,0.420872,0.433783,1.476822,0.763806
0.952093,0.334537,0.347456,1.606229,0.711345
0.952093,0.420872,0.433783,1.716707,0.7045
1.165082,0.464049,0.523307,1.895675,0.7045
1.37807,0.852603,0.785484,2.009314,0.705734
1.37807,0.89578,0.871811,2.054728,0.75889
1.37807,0.852603,0.871811,2.092625,0.844095
1.37807,0.679914,0.785484,2.165529,0.912155
1.37807,0.809426,0.699158,2.210988,1.00084
1.165082,0.420872,0.43698,2.221272,1.052047
1.165082,0.464049,0.43698,2.2376,1.159101
1.37807,0.118671,0.09487,2.2435,1.318791
1.37807,-0.054018,0.008544,2.229567,1.353431
1.37807,-0.097194,-0.077783,2.214937,1.406271
1.165082,-0.31306,-0.33996,2.196841,1.476
0.952093,-0.399395,-0.256831,2.025802,1.6074
0.952093,-0.831126,-0.515811,1.941254,1.6798
0.952093,-0.787949,-0.861118,1.91068,1.68505
0.952093,-1.176503,-1.206425,1.80044,1.694609
0.952093,-1.262857,-1.206425,1.66085,1.705702
0.739105,-1.435546,-1.468603,1.47541,1.70901
1.165082,-1.349192,-1.721188,1.386525,1.694294
0.10014,-1.737746,-1.823501,1.275633,1.690115
-0.964803,-1.8241,-1.925815,1.160827,1.7095
-1.177791,-1.737746,-1.756358,1.081457,1.722996
-1.39078,-1.694588,-1.759556,0.968576,1.736979
-1.39078,-1.21968,-1.155269,0.835563,1.739901
-1.603768,-1.176503,-1.158466,0.751318,1.783345
-1.603768,-0.91748,-0.899486,0.703396,1.818595
-1.603768,-0.831126,-0.813159,0.643882,1.856384
-1.603768,-0.528925,-0.467852,0.573967,1.872026
-1.603768,-0.18353,-0.295198,0.573967,1.885234
-1.39078,-0.528925,-0.464655,0.573967,1.918271
-1.603768,-0.226706,-0.208872,0.58877,1.963562
-1.603768,0.29136,0.222762,0.676074,2.00055
-1.177791,0.161848,0.14283,0.760111,2.040466
-1.603768,0.377713,0.395415,0.828247,2.104367
-1.39078,0.766268,0.74392,0.927651,2.150535
-1.603768,0.766268,0.654396,0.999877,2.15772
-1.39078,0.766268,0.830246,1.122156,2.165432
-0.964803,0.89578,0.836641,1.173065,2.181657
-1.177791,0.89578,0.91977,1.247795,2.193938
-0.325837,1.111645,1.19154,1.379966,2.205422
-0.325837,1.284334,1.277867,1.54177,2.2119
-0.538826,1.370669,1.360996,1.6793,2.2119
-0.538826,1.241157,1.188342,1.727976,2.214275
-0.112849,1.111645,1.194737,1.808983,2.219963
-0.325837,0.938956,0.93256,1.890687,2.187861
-0.325837,1.025292,1.018886,1.915375,2.161761
-0.112849,0.679914,0.59045,2.094411,2.005186
-0.325837,0.464049,0.500926,2.217762,1.839926
0.10014,0.550402,0.420994,2.321872,1.731285
-0.112849,0.248183,0.245143,2.336049,1.607938
0.313128,-0.010841,-0.093769,2.344096,1.441584
0.526117,-0.356237,-0.176899,2.347653,1.33452
0.526117,-0.226706,-0.176899,2.345016,1.287545
0.739105,-0.356237,-0.346355,2.345016,1.221907
0.952093,-0.485749,-0.429485,2.306108,1.120594
0.952093,-0.572084,-0.602138,2.289622,1.045798
1.165082,-0.572084,-0.598941,2.276904,0.949767
1.37807,-0.528925,-0.42309,2.229032,0.852743
1.37807,-0.572084,-0.509417,2.126512,0.825243
1.591059,-0.399395,-0.419893,1.994,0.798125
1.591059,-0.399395,-0.419893,1.9182,0.791104
1.37807,-0.226706,-0.250436,1.82037,0.785493
1.591059,0.075494,0.011741,1.717448,0.776214
1.37807,0.29136,0.09487,1.677959,0.767728
1.37807,-0.010841,0.008544,1.548664,0.76457
1.37807,0.161848,0.09487,1.4465,0.771774
1.591059,0.118671,0.098068,1.344061,0.776871
1.37807,0.464049,0.440177,1.332,0.776871
1.37807,0.377713,0.353851,1.332,0.792684
1.37807,0.075494,0.09487,1.3285,0.817851
1.165082,0.29136,0.264327,1.32,0.882887
0.952093,0.938956,0.77909,1.320837,0.995654
0.952093,0.593561,0.692763,1.331069,1.094682
0.739105,0.938956,0.862219,1.3415,1.257628
0.313128,0.766268,0.769498,1.350007,1.352819
0.526117,0.852603,0.859022,1.330439,1.468587
0.313128,0.982115,0.769498,1.315,1.586217
0.313128,0.679914,0.769498,1.313,1.739476
-0.112849,0.938956,0.84943,1.264644,1.91888
-0.325837,1.025292,0.93256,1.227296,2.010712
-0.538826,1.068468,1.015689,1.191824,2.092237
-0.538826,1.025292,1.015689,1.132166,2.149487
-0.751815,1.111645,1.012492,1.053422,2.204326
-0.538826,1.111645,1.102016,0.929964,2.234076
-0.538826,0.982115,0.843036,0.827837,2.241746
-0.538826,0.852603,0.843036,0.786668,2.241746
-1.39078,0.679914,0.657593,0.76526,2.238853
-1.39078,0.636737,0.657593,0.747515,2.198167
-1.39078,0.464049,0.398613,0.71107,2.150513
-0.964803,0.205006,0.318681,0.708047,2.110129
-0.964803,0.420872,0.405007,0.709247,2.068963
-1.603768,-0.356237,-0.381525,0.709247,1.973324
-1.39078,-0.31306,-0.378328,0.722317,1.866362
-1.816757,-0.572084,-0.643703,0.737538,1.73525
-0.964803,-0.874303,-0.889894,0.7443,1.599594
-0.751815,-0.960638,-0.973023,0.783849,1.411828
-1.177791,-1.349192,-1.324725,0.829457,1.307619
-0.964803,-1.694588,-1.753161,0.900886,1.20891
-0.964803,-1.8241,-1.753161,0.982003,1.15175
-0.751815,-1.867277,-1.922617,1.046122,1.077389
-0.751815,-1.996789,-2.008944,1.160955,0.961519
-0.325837,-1.478722,-1.484589,1.267922,0.870394
-0.538826,-1.392369,-1.40146,1.382072,0.781212
-0.325837,-1.521881,-1.484589,1.498081,0.73552
0.10014,-1.176503,-1.305541,1.57892,0.730646
0.10014,-1.21968,-1.219214,1.695651,0.726532
0.313128,-1.262857,-1.302344,1.8392,0.7215
0.313128,-0.874303,-0.87071,1.92969,0.7215
-0.112849,-0.658437,-0.704451,2.01315,0.7215
0.10014,-0.442572,-0.442274,2.093661,0.739435
0.10014,-0.356237,-0.355947,2.139089,0.813243
-0.112849,-0.18353,-0.186491,2.147955,0.931759
-0.112849,-0.010841,-0.013837,2.183088,1.008245
-0.325837,0.507225,0.414599,2.24147,1.058957
-0.112849,0.464049,0.417796,2.2425,1.178269
-0.325837,0.636737,0.587253,2.2425,1.420901
-0.112849,0.723091,0.59045,2.235668,1.581417
-0.325837,0.679914,0.759906,2.219552,1.680919
-0.325837,1.19798,1.105213,2.161246,1.787624
0.10014,1.111645,1.111608,2.134636,1.852247
0.10014,1.19798,1.111608,2.086746,1.964423
-0.112849,1.457023,1.453717,1.94246,2.11
0.10014,1.457023,1.456915,1.901392,2.1475
-0.112849,1.500199,1.453717,1.890902,2.1475
-0.325837,1.716065,1.7095,1.875585,2.133375
-0.325837,1.716065,1.7095,1.8654,2.072948
-0.112849,1.716065,1.712697,1.836699,2.045625
0.10014,1.543358,1.543241,1.801165,1.99286
-0.112849,1.543358,1.540044,1.7318,1.962955
0.313128,1.19798,1.287458,1.613095,1.939092
0.313128,1.19798,1.201132,1.550848,1.834631
0.526117,1.154822,1.204329,1.533462,1.701058
0.526117,1.111645,1.118002,1.526596,1.586502
0.10014,1.025292,0.938954,1.514551,1.523267
0.952093,0.89578,0.865417,1.480496,1.437809
0.952093,0.679914,0.606436,1.451055,1.304965
0.952093,0.550402,0.606436,1.434433,1.246799
1.37807,0.593561,0.612831,1.386564,1.186762
1.37807,0.464049,0.526504,1.349036,1.03048
1.165082,0.377713,0.43698,1.291306,0.880869
1.37807,0.334537,0.353851,1.234361,0.811757
1.37807,0.334537,0.353851,1.190616,0.806893
1.37807,0.032318,0.09487,1.136209,0.806893
1.37807,0.075494,0.09487,1.085339,0.809393
1.37807,-0.097194,-0.077783,1.053193,0.825917
1.37807,-0.226706,-0.250436,0.980236,0.847416
1.165082,-0.399395,-0.33996,0.927772,0.860576
1.37807,-0.701614,-0.595743,0.9235,0.880223
1.37807,-0.874303,-0.768397,0.9235,0.930333
1.37807,-1.090168,-1.113704,0.92275,1.028374
1.165082,-1.262857,-1.289555,0.9112,1.136529
0.739105,-1.392369,-1.382276,0.91,1.179667
1.165082,-1.435546,-1.462208,0.91,1.263836
0.952093,-1.780923,-1.724386,0.892006,1.296318
-0.538826,-2.083142,-2.092074,0.819698,1.39873
-0.538826,-2.039965,-2.005747,0.781879,1.553336
-0.538826,-1.8241,-1.746767,0.777719,1.594801
-0.751815,-1.651411,-1.749964,0.743824,1.702253
-1.39078,-1.8241,-1.845882,0.737337,1.750787
-1.816757,-1.910435,-1.938604,0.7232,1.8838
-1.603768,-1.8241,-1.84908,0.721667,2.043536
-0.964803,-1.867277,-1.925815,0.72175,2.123002
-0.751815,-1.8241,-1.836291,0.7251,2.15893
-1.177791,-1.608234,-1.583705,0.807365,2.182018
-0.964803,-1.608234,-1.580508,0.904719,2.197868
-0.538826,-1.565058,-1.574113,0.983318,2.207064
-0.964803,-1.176503,-1.148874,1.061088,2.22906
-1.177791,-1.21968,-1.238398,1.176778,2.250018
-1.39078,-0.787949,-0.809962,1.262382,2.26038
-1.39078,-0.831126,-0.896288,1.355192,2.26038
-1.603768,-0.658437,-0.640505,1.453766,2.243228
-1.39078,-0.269883,-0.292001,1.5434,2.203573
-1.603768,0.075494,0.050108,1.652214,2.167985
-1.39078,0.161848,0.139633,1.743375,2.165375
-1.603768,0.118671,0.050108,1.823935,2.158325
-1.603768,0.334537,0.309089,2.02152,2.117758
-1.39078,0.464049,0.398613,2.1155,2.09255
-1.39078,0.334537,0.225959,2.118875,2.078817
-1.177791,0.075494,0.14283,2.129229,2.0607
-0.964803,0.29136,0.318681,2.136238,2.0595
-1.39078,0.075494,0.053306,2.131425,2.061948
-0.325837,0.334537,0.328272,2.170224,2.062597
-0.325837,-0.269883,-0.362341,2.211269,2.062347
-0.112849,-0.356237,-0.359144,2.234762,2.056956
0.10014,-0.269883,-0.26962,2.250122,2.052315
0.313128,-0.18353,-0.266423,2.254117,2.046543
0.739105,-0.269883,-0.173702,2.254117,2.043
0.739105,-0.399395,-0.432682,2.254117,2.043
1.165082,-0.18353,-0.08098,2.251028,2.043
1.37807,-0.054018,-0.077783,2.240367,2.043213
1.37807,-0.097194,0.008544,2.207227,2.043284
1.37807,0.032318,0.008544,2.193474,2.043284
1.37807,0.29136,0.353851,2.11775,2.048571
1.37807,0.377713,0.353851,2.1366,2.040618
1.37807,0.550402,0.612831,2.198098,2.021
1.165082,0.464049,0.523307,2.213263,1.980539
1.37807,0.809426,0.785484,2.258051,1.907966
1.165082,0.550402,0.523307,2.276831,1.747439
0.952093,0.464049,0.433783,2.290714,1.665594
0.952093,0.679914,0.692763,2.300237,1.614762
0.952093,0.593561,0.52011,2.306725,1.441133
0.739105,0.507225,0.516912,2.298512,1.337984
0.739105,0.766268,0.862219,2.295259,1.309468
0.526117,0.982115,1.031675,2.2904,1.225917
0.526117,1.284334,1.290656,2.281625,1.156538
0.526117,1.284334,1.204329,2.275653,1.098342
0.313128,1.19798,1.201132,2.25475,0.982364
0.10014,1.543358,1.543241,2.243321,0.877358
0.10014,1.629711,1.543241,2.233955,0.852
0.10014,1.8024,1.802222,2.084476,0.852
0.10014,1.716065,1.715895,2.026548,0.877193
0.10014,1.716065,1.715895,1.979437,0.913556
-0.112849,1.8024,1.799024,1.922247,0.977316
0.10014,1.716065,1.629568,1.816508,1.035129
-0.325837,1.8024,1.795827,1.697104,1.134375
-0.112849,1.8024,1.799024,1.628136,1.236542
-0.325837,1.975089,2.054807,1.58427,1.357238
-0.112849,1.888754,1.799024,1.510992,1.467165
-0.538826,1.716065,1.79263,1.452007,1.558354
-0.751815,1.629711,1.703106,1.332526,1.666921
-0.325837,1.629711,1.623173,1.273373,1.710437
-0.538826,1.586535,1.533649,1.216475,1.77215
-0.325837,1.413846,1.364193,1.105136,1.911932
-0.325837,0.938956,1.018886,0.951792,1.980068
-0.112849,0.938956,0.935757,0.824144,2.001721
0.313128,1.154822,1.114805,0.784862,2.001721
-0.112849,1.025292,1.022084,0.71991,2.001721
0.526117,0.679914,0.686369,0.653622,1.990118
0.313128,0.420872,0.510518,0.630151,1.965658
0.526117,0.334537,0.254735,0.618,1.940878
0.739105,0.507225,0.516912,0.618,1.897621
0.526117,0.118671,0.168408,0.618,1.821169
0.526117,0.205006,0.168408,0.677057,1.673092
0.739105,0.248183,0.257932,0.734808,1.599174
0.739105,0.161848,0.257932,0.744827,1.507387
0.739105,0.118671,0.171605,0.748177,1.391625
0.739105,0.248183,0.257932,0.751153,1.3379
0.952093,0.118671,0.088476,0.755723,1.26693
0.952093,-0.010841,0.002149,0.765441,1.194921
0.952093,-0.140371,-0.084178,0.796038,1.003246
1.165082,-0.18353,-0.167307,0.814837,0.884557
1.37807,-0.356237,-0.250436,0.855943,0.77177
1.37807,-0.226706,-0.250436,0.937379,0.672853
1.37807,-0.528925,-0.509417,0.967504,0.578491
1.37807,-0.831126,-0.768397,1.033688,0.522356
1.37807,-0.701614,-0.768397,1.116472,0.509448
1.165082,-1.046991,-1.030574,1.184094,0.503233
1.165082,-1.133327,-1.116901,1.250539,0.503
0.952093,-1.21968,-1.206425,1.284324,0.505667
1.165082,-1.694588,-1.634862,1.286324,0.513551
0.952093,-1.737746,-1.724386,1.286324,0.52901
0.952093,-1.996789,-1.897039,1.283694,0.58653
0.739105,-1.867277,-1.900236,1.268262,0.661309
0.526117,-1.910435,-1.903434,1.266,0.730877
0.313128,-1.565058,-1.561324,1.256105,0.79156
-0.112849,-1.262857,-1.308738,1.252497,0.849691
0.10014,-1.176503,-1.132888,1.2512,0.910252
-0.325837,-1.21968,-1.139282,1.213248,1.058377
-0.964803,-0.658437,-0.630914,1.152816,1.149291
-1.177791,-0.485749,-0.547784,1.126736,1.20375
-1.39078,0.032318,-0.033021,1.087628,1.318192
-1.603768,0.161848,0.136435,1.077268,1.412975
-1.39078,0.377713,0.484939,1.072162,1.507547
-1.39078,0.593561,0.657593,1.058652,1.539672
-1.177791,0.29136,0.229157,1.057416,1.570086
-1.603768,0.377713,0.481742,1.049857,1.615484
-0.964803,0.507225,0.577661,0.995718,1.711785
-0.751815,0.593561,0.667185,0.90973,1.804757
-0.751815,0.852603,0.753512,0.90973,1.855633
-0.325837,0.938956,1.018886,0.90973,1.9415
-0.538826,0.89578,0.929362,0.928605,2.00118
-0.538826,0.766268,0.756709,0.945906,2.087884
-0.112849,1.025292,1.10841,0.983878,2.154175
-0.112849,1.025292,0.935757,1.166612,2.239586
0.10014,1.025292,1.025281,1.416155,2.290619
0.10014,0.938956,1.025281,1.478,2.303207
0.313128,1.025292,1.028478,1.552527,2.327377
0.313128,0.89578,0.942151,1.591551,2.346236
0.526117,1.111645,1.031675,1.594927,2.355637
0.313128,0.679914,0.683171,1.594927,2.347187
0.526117,0.636737,0.600042,1.611347,2.341
0.526117,0.464049,0.513715,1.674252,2.341
0.739105,0.420872,0.430586,1.731626,2.331209
0.952093,0.507225,0.52011,1.77541,2.225027
0.952093,0.334537,0.347456,1.779875,2.134059
0.952093,0.248183,0.347456,1.782647,2.036
1.37807,0.161848,0.09487,1.813901,1.945716
0.952093,0.032318,0.002149,1.898009,1.82938
1.37807,-0.010841,0.09487,1.984836,1.668875
1.37807,-0.485749,-0.42309,2.066393,1.54637
1.37807,-0.054018,0.008544,2.12375,1.353
1.37807,-0.18353,-0.077783,2.13883,1.245
1.37807,-0.442572,-0.42309,2.157102,1.126642
1.165082,-0.226706,-0.253634,2.165154,1.049242
1.37807,-0.442572,-0.42309,2.165205,1.025999
1.165082,-0.744791,-0.771594,2.164158,0.972736
1.165082,-0.61526,-0.685267,2.160205,0.922939
1.165082,-1.21968,-1.203228,2.019071,0.917288
1.165082,-1.306034,-1.203228,1.923187,0.906279
0.952093,-1.392369,-1.292752,1.88841,0.901
0.739105,-1.21968,-1.209622,1.810407,0.902725
0.739105,-1.392369,-1.468603,1.698418,0.883006
0.526117,-1.133327,-1.126493,1.621645,0.855794
0.526117,-1.046991,-1.040166,1.559898,0.855475
-0.112849,-1.21968,-1.222412,1.499819,0.855475
-0.112849,-1.046991,-0.704451,1.398966,0.871153
-1.177791,-0.744791,-0.547784,1.36517,0.907959
-1.177791,-0.744791,-0.720438,1.281396,0.937908
-1.39078,-0.485749,-0.550981,1.182968,1.001254
-1.39078,-0.572084,-0.637308,1.108186,1.047832
-1.39078,-0.140371,-0.205674,1.031903,1.11829
-1.603768,-0.097194,-0.122545,1.001818,1.229069
-1.603768,-0.18353,-0.208872,0.996062,1.34664
-1.39078,-0.18353,-0.033021,0.987256,1.418624
-1.39078,-0.054018,-0.119348,0.965356,1.496373
-1.816757,-0.269883,-0.298396,0.930082,1.611239
-1.39078,-0.572084,-0.637308,0.870202,1.738368
-1.39078,-0.485749,-0.464655,0.851895,1.842827
-0.964803,-0.269883,-0.285607,0.851895,1.950315
-0.751815,-0.485749,-0.54139,0.851895,2.036257
-0.751815,-0.31306,-0.455063,0.863689,2.093825
-0.751815,-0.269883,-0.282409,0.897184,2.150787
-0.325837,-0.269883,-0.276015,0.911509,2.204216
0.10014,-0.269883,-0.26962,0.923698,2.250668
0.10014,-0.356237,-0.355947,0.965881,2.296766
0.526117,-0.054018,-0.090572,1.024658,2.298
0.313128,-0.356237,-0.35275,1.111886,2.298
0.526117,-0.18353,-0.004245,1.213114,2.296875
0.739105,-0.356237,-0.346355,1.29874,2.265102
1.165082,-0.269883,-0.253634,1.404286,2.211094
0.952093,-0.010841,0.088476,1.491689,2.174904
0.952093,0.032318,0.002149,1.562289,2.16301
0.952093,-0.054018,0.002149,1.618196,2.147253
0.739105,0.248183,0.257932,1.656395,2.089989
0.739105,0.593561,0.516912,1.685921,1.999848
0.739105,0.420872,0.430586,1.735235,1.913501
0.739105,0.636737,0.603239,1.829483,1.8329
0.739105,0.89578,0.862219,1.947938,1.763919
0.952093,0.766268,0.77909,1.974042,1.617036
0.739105,0.809426,0.775893,2.008825,1.533529
0.952093,1.327511,1.383377,2.045962,1.457551
0.739105,1.284334,1.38018,2.139577,1.32673
0.313128,1.19798,1.287458,2.17787,1.271116
0.313128,1.111645,1.201132,2.219133,1.239132
0.10014,1.068468,1.025281,2.2295,1.225603
0.313128,0.938956,1.028478,2.2295,1.20185
0.10014,1.068468,1.111608,2.2295,1.199
0.10014,1.327511,1.284261,2.2283,1.20185
0.10014,1.241157,1.197934,2.200795,1.231054
-0.112849,1.327511,1.281064,2.134073,1.242761
-0.112849,1.111645,1.10841,2.093531,1.333336
-0.325837,0.938956,0.93256,2.024392,1.421583
-0.325837,0.982115,0.846233,1.882201,1.470365
-0.325837,0.89578,0.846233,1.788121,1.482825
-1.177791,0.89578,0.91977,1.737937,1.509767
-0.964803,0.809426,0.922968,1.634125,1.559562
-0.964803,0.766268,0.750314,1.584392,1.587202
-1.177791,0.464049,0.488137,1.497994,1.6011
-1.39078,0.507225,0.398613,1.365589,1.632777
-1.603768,0.420872,0.395415,1.232075,1.699024
-1.39078,0.161848,0.139633,1.190088,1.722894
-1.177791,-0.140371,-0.11615,1.078116,1.770089
-1.177791,-0.269883,-0.202477,1.028263,1.770089
-1.177791,-0.226706,-0.288804,0.96022,1.770089
-0.964803,-0.701614,-0.803567,0.944976,1.752632
-0.964803,-0.831126,-0.803567,0.930877,1.641153
-0.964803,-1.090168,-1.062547,0.916277,1.590066
-0.751815,-1.262857,-1.31833,0.857221,1.500172
-0.964803,-1.176503,-1.407854,0.824203,1.389437
-0.964803,-1.608234,-1.580508,0.815484,1.348565
-0.751815,-1.651411,-1.57731,0.815484,1.280625
-0.964803,-1.651411,-1.666834,0.815739,1.235747
-0.751815,-1.521881,-1.490984,0.831016,1.19325
-0.325837,-1.392369,-1.484589,0.882615,1.133814
0.10014,-1.21968,-1.219214,0.913138,1.037225
0.313128,-1.608234,-1.561324,0.97126,1.01258
0.739105,-1.392369,-1.382276,1.09231,0.908127
0.952093,-1.392369,-1.379079,1.174634,0.778317
0.526117,-0.874303,-0.953839,1.215743,0.745483
0.952093,-1.090168,-1.379079,1.2791,0.742182
0.739105,-1.176503,-1.123296,1.353589,0.742182
0.739105,-1.176503,-1.123296,1.464845,0.73145
0.526117,-1.003815,-1.040166,1.57284,0.720833
0.526117,-1.046991,-1.040166,1.665617,0.731673
0.10014,-0.528925,-0.355947,1.746789,0.742072
0.313128,-0.528925,-0.439076,1.810316,0.724216
0.313128,-0.442572,-0.439076,1.853948,0.722206
0.10014,-0.010841,-0.01064,1.905615,0.722206
-0.325837,-0.18353,-0.189688,1.932367,0.755439
-0.538826,0.507225,0.497729,1.956493,0.906125
-0.112849,0.161848,0.158816,1.987875,0.996674
-0.325837,0.420872,0.328272,1.996,1.092566
-0.112849,0.334537,0.417796,1.998593,1.206
-0.325837,0.852603,0.846233,2.048101,1.263259
-0.112849,0.766268,0.84943,2.069533,1.334552
-0.325837,0.766268,0.759906,2.127779,1.422806
-0.112849,1.025292,0.935757,2.13957,1.60876
-0.538826,1.19798,1.188342,2.1465,1.741467
-0.325837,1.19798,1.277867,2.126321,1.7941
-0.112849,1.284334,1.281064,2.122073,1.848548
-0.112849,1.284334,1.367391,2.121963,1.922162
-0.112849,1.370669,1.367391,2.114439,2.004808
0.10014,1.543358,1.543241,2.097632,2.012863
0.313128,1.543358,1.546439,2.039041,2.059911
0.313128,1.672888,1.632765,1.878124,2.094355
0.313128,1.500199,1.546439,1.809558,2.107636
0.10014,1.716065,1.629568,1.757784,2.127429
0.10014,1.543358,1.543241,1.726061,2.144452
-0.325837,1.370669,1.364193,1.641706,2.139961
0.526117,1.241157,1.376982,1.564068,2.122982
0.739105,1.154822,1.207526,1.549403,2.119214
0.526117,1.025292,1.031675,1.499381,2.114245
0.526117,0.982115,0.945349,1.487703,2.058991
0.739105,0.852603,0.862219,1.471386,1.971177
0.952093,0.89578,0.865417,1.461543,1.882971
0.952093,0.593561,0.692763,1.437774,1.799047
1.165082,0.377713,0.43698,1.431123,1.680198
1.165082,0.377713,0.43698,1.434323,1.609243
1.37807,0.507225,0.526504,1.435123,1.533617
1.37807,0.205006,0.267524,1.459531,1.433
1.37807,-0.226706,-0.250436,1.474,1.330251
1.37807,-0.054018,0.008544,1.474,1.157291
1.37807,0.075494,0.008544,1.4727,1.069467
1.37807,-0.010841,0.09487,1.450214,0.958157
1.591059,-0.18353,-0.074586,1.419239,0.914896
1.37807,-0.31306,-0.250436,1.373645,0.867226
1.37807,-0.31306,-0.336763,1.347705,0.794357
1.591059,-0.61526,-0.506219,1.301772,0.72821
1.37807,-0.91748,-0.854724,1.263147,0.728
1.37807,-1.133327,-1.113704,1.207878,0.728
1.165082,-0.874303,-0.857921,1.13404,0.742117
0.952093,-1.349192,-1.292752,1.108149,0.799625
0.526117,-1.349192,-1.385473,1.071718,0.827891
0.313128,-1.392369,-1.38867,1.005077,0.853307
0.313128,-1.565058,-1.561324,0.924356,0.866751
0.313128,-1.478722,-1.474997,0.873085,0.896669
-0.538826,-1.737746,-1.833093,0.873085,0.9727
-0.325837,-1.737746,-1.829896,0.87271,1.059656
-0.325837,-1.651411,-1.657243,0.871692,1.141407
-0.325837,-1.910435,-1.829896,0.871395,1.208335
-0.112849,-1.306034,-1.308738,0.871395,1.286
-0.325837,-1.392369,-1.311936,0.865195,1.372354
-0.751815,-1.21968,-1.232003,0.83227,1.496409
-1.177791,-1.046991,-1.065745,0.816726,1.553759
-1.177791,-0.91748,-0.979418,0.814,1.689706
-0.964803,-0.831126,-0.889894,0.814,1.833335
-0.964803,-0.528925,-0.544587,0.8146,1.9341
-0.964803,-0.485749,-0.45826,0.830266,2.007892
-1.39078,-0.226706,-0.378328,0.853153,2.058424
-1.603768,-0.054018,-0.036218,0.896601,2.125184
-1.39078,0.032318,0.053306,0.934504,2.165965
-1.603768,0.161848,0.136435,0.971948,2.165965
-1.39078,0.161848,0.139633,1.016484,2.167306
-1.177791,0.377713,0.315483,1.047593,2.180651
-1.603768,0.377713,0.395415,1.115637,2.19
-1.177791,0.29136,0.315483,1.221083,2.199
-0.964803,0.550402,0.318681,1.308874,2.224132
-1.177791,0.507225,0.488137,1.403783,2.235
-0.964803,0.723091,0.663987,1.584365,2.235
-0.964803,0.852603,1.009294,1.630513,2.234875
-0.538826,0.89578,0.843036,1.694407,2.226887
-0.751815,0.852603,0.839838,1.78738,2.208725
-0.964803,1.025292,1.009294,1.880732,2.192673
-0.751815,1.154822,1.012492,1.894,2.1508
-0.538826,1.111645,0.929362,1.895766,2.10791
-0.325837,1.284334,1.19154,1.909026,2.08298
-0.751815,1.19798,1.185145,1.924,2.033921
-0.538826,0.938956,0.929362,1.924,1.998625
-0.538826,0.982115,0.929362,1.924,1.937613
-0.112849,0.550402,0.59045,2.062905,1.721197
-0.112849,0.464049,0.676777,2.110817,1.618295
-0.538826,-0.269883,-0.192885,2.134137,1.529071
-0.538826,-0.356237,-0.451866,2.152125,1.40125
-0.325837,-0.61526,-0.621322,2.155,1.277473
-0.751815,-0.701614,-0.714043,2.155,1.188766
0.526117,-0.874303,-0.867513,2.155,1.130494
0.952093,-0.831126,-0.861118,2.146219,1.098958
1.165082,-1.392369,-1.289555,2.128149,1.031909
1.37807,-1.565058,-1.459011,2.114731,0.946337
1.37807,-1.306034,-1.459011,2.106,0.88675
1.37807,-1.133327,-1.113704,2.098444,0.865635
1.37807,-0.874303,-0.94105,2.058,0.763605
1.37807,-0.874303,-0.94105,2.018208,0.74669
1.37807,-0.744791,-0.68207,1.956085,0.71465
1.37807,-0.572084,-0.595743,1.900318,0.708125
1.591059,-0.572084,-0.506219,1.843293,0.703325
1.591059,-0.528925,-0.506219,1.738025,0.700125
1.591059,-0.399395,-0.333566,1.65244,0.713362
1.591059,-0.18353,-0.160912,1.532927,0.74738
1.37807,-0.140371,-0.16411,1.441854,0.784183
1.165082,-0.269883,-0.253634,1.398875,0.793141
1.165082,-0.054018,-0.08098,1.375619,0.799513
1.165082,0.075494,0.005346,1.374991,0.802355
0.952093,0.205006,0.261129,1.374991,0.820434
0.952093,0.205006,0.433783,1.376087,0.848795
0.739105,0.420872,0.430586,1.40901,0.888442
0.739105,0.593561,0.516912,1.455804,0.932355
0.313128,0.420872,0.510518,1.482277,1.009803
0.739105,0.636737,0.603239,1.485329,1.088313
0.313128,0.420872,0.510518,1.502939,1.272546
0.10014,0.766268,0.679974,1.51802,1.385385
-0.112849,0.852603,0.84943,1.528525,1.507134
-0.112849,0.938956,0.935757,1.5338,1.625709
0.10014,0.938956,0.938954,1.536,1.723634
-0.112849,0.982115,0.935757,1.536,1.83804
-0.538826,1.025292,1.015689,1.535919,1.947871
-0.538826,1.025292,1.015689,1.495624,2.011633
-0.325837,1.19798,1.105213,1.421118,2.046375
-0.538826,1.025292,0.929362,1.39125,2.129246
-0.538826,1.068468,1.102016,1.36795,2.300032
-0.751815,1.241157,1.357799,1.354276,2.390094
-0.964803,1.413846,1.354601,1.274547,2.421277
-0.751815,1.025292,1.012492,1.185583,2.423747
-0.964803,0.938956,0.922968,1.13375,2.423747
-0.964803,0.809426,0.750314,1.114699,2.422178
-1.177791,0.852603,0.747117,1.029804,2.402537
-1.177791,0.982115,0.91977,0.977876,2.359264
-1.39078,0.982115,0.916573,0.91627,2.328973
-1.39078,0.938956,0.916573,0.9119,2.276671
-1.177791,0.852603,0.833444,0.9104,2.209953
-1.177791,0.938956,0.91977,0.9099,2.140212
-1.603768,0.809426,0.827049,0.937631,2.044871
-1.177791,0.636737,0.66079,0.96782,1.904517
-1.177791,0.852603,0.747117,0.9853,1.741122
-0.964803,0.507225,0.491334,1.007842,1.667291
-1.39078,0.248183,0.225959,1.026726,1.54345
-1.39078,0.075494,0.053306,1.041296,1.441676
-1.39078,-0.140371,-0.119348,1.088371,1.358593
-0.538826,-0.701614,-0.710846,1.160346,1.243745
-0.538826,-0.874303,-0.797172,1.191573,1.166569
-0.964803,-1.133327,-1.062547,1.201118,1.042829
-0.964803,-1.046991,-1.148874,1.20849,0.944094
-0.751815,-1.349192,-1.404657,1.217906,0.866806
-0.751815,-1.349192,-1.404657,1.229448,0.83172
-0.325837,-1.8241,-1.829896,1.2924,0.811917
-0.538826,-1.910435,-1.91942,1.345107,0.797945
-0.751815,-1.996789,-2.008944,1.404457,0.78375
-0.751815,-2.039965,-2.008944,1.458762,0.746031
-1.177791,-1.608234,-1.670032,1.520805,0.661069
-1.177791,-1.737746,-1.670032,1.610773,0.603214
-1.603768,-1.478722,-1.503773,1.715928,0.587979
-1.603768,-1.21968,-1.244793,1.797887,0.587879
-1.603768,-1.133327,-1.158466,1.899863,0.588034
-1.816757,-1.003815,-1.075336,2.000723,0.595531
-1.603768,-0.61526,-0.640505,2.035995,0.62503
-1.39078,-0.528925,-0.464655,2.064515,0.637915
-1.39078,-0.269883,-0.464655,2.073568,0.643176
-1.816757,-0.054018,-0.039416,2.073568,0.654319
-1.603768,0.075494,0.050108,2.073568,0.669516
-1.603768,0.118671,0.050108,2.055,0.704657
-1.39078,0.248183,0.225959,2.017991,0.778139
-1.39078,0.377713,0.312286,1.9915,0.868766
-1.177791,0.464049,0.40181,1.983851,0.996412
-1.39078,0.550402,0.484939,1.978662,1.140453
-1.603768,1.457023,1.431336,1.981973,1.151328
-1.39078,0.938956,1.0029,2.003471,1.2938
-0.964803,1.543358,1.527255,2.001863,1.411435
-0.751815,1.241157,1.271472,2.016076,1.464182
-0.964803,1.284334,1.268275,2.031715,1.56863
-0.751815,1.327511,1.271472,2.072798,1.860038
-0.538826,1.457023,1.533649,2.090182,1.947798
-0.325837,1.672888,1.7095,2.164334,1.980122
-0.325837,1.716065,1.795827,2.237318,1.997274
-0.112849,1.8024,1.799024,2.263429,2.020601
-0.112849,1.8024,1.799024,2.306,2.027702
-0.112849,2.147777,2.144331,2.330062,2.024276
0.313128,1.931912,1.891746,2.331,2.00055
-0.112849,1.629711,1.712697,2.349615,1.981633
0.10014,1.716065,1.715895,2.3815,1.893663
-0.112849,1.586535,1.540044,2.383819,1.816611
0.313128,1.370669,1.373785,2.391467,1.630326
0.313128,1.370669,1.287458,2.383288,1.506811
0.313128,1.241157,1.460112,2.306752,1.440408
0.526117,1.19798,1.204329,2.296888,1.237379
0.526117,1.025292,1.031675,2.296097,1.177595
0.526117,0.982115,1.031675,2.296495,1.108982
0.526117,0.766268,0.686369,2.304358,1.015559
0.739105,0.507225,0.948546,2.2885,0.916495
0.739105,0.507225,0.516912,2.286774,0.818002
0.739105,0.29136,0.344259,2.271598,0.704119
0.526117,0.507225,0.427388,2.221448,0.684318
0.952093,0.248183,0.261129,2.092908,0.658587
0.952093,0.248183,0.174803,2.02925,0.625419
0.952093,-0.097194,0.002149,1.992508,0.58828
0.952093,-0.097194,-0.084178,1.896349,0.539704
0.952093,-0.485749,-0.429485,1.75855,0.528
0.952093,-0.442572,-0.515811,1.62462,0.528
0.952093,-0.658437,-0.688465,1.558375,0.528
1.37807,-0.831126,-0.854724,1.4794,0.535731
1.37807,-1.003815,-1.027377,1.3537,0.54
1.37807,-1.090168,-1.113704,1.263415,0.540933
0.952093,-1.349192,-1.206425,1.157637,0.547521
1.165082,-1.435546,-1.375881,1.101993,0.587883
1.165082,-1.392369,-1.375881,1.022714,0.624259
1.165082,-1.262857,-1.289555,0.928385,0.646135
1.37807,-1.176503,-1.113704,0.91018,0.746309
1.37807,-1.349192,-1.372684,0.91018,0.830717
1.37807,-0.787949,-0.768397,0.890062,0.904411
1.591059,-0.91748,-0.851526,0.908013,0.941708
1.591059,-0.61526,-0.592546,0.9345,1.070879
1.591059,-0.61526,-0.678873,0.9345,1.183763
1.591059,-0.18353,-0.247239,0.933,1.231802
1.591059,-0.226706,-0.074586,0.923713,1.309375
1.591059,0.118671,0.098068,0.922,1.42965
1.591059,0.161848,0.184395,0.926389,1.520668
1.591059,0.205006,0.270721,0.928232,1.622281
1.804047,0.377713,0.360245,0.976458,1.690579
1.591059,0.507225,0.529701,1.015669,1.752498
1.165082,0.377713,1.127594,1.023661,1.797086
1.37807,0.248183,0.267524,1.033558,1.884361
1.37807,0.982115,1.044465,1.046974,1.97534
1.165082,0.075494,0.091673,1.077538,2.068801
1.37807,0.205006,0.267524,1.147515,2.173784
1.165082,0.420872,0.350653,1.228781,2.245088
1.165082,0.248183,0.264327,1.294176,2.300955
0.952093,0.464049,0.52011,1.333085,2.365448
0.952093,0.550402,0.606436,1.374561,2.425764
0.952093,0.464049,0.52011,1.391116,2.493469
0.526117,0.809426,0.859022,1.391458,2.505836
0.526117,0.809426,0.772695,1.391458,2.505836
0.313128,1.241157,1.201132,1.373575,2.504269
0.313128,1.284334,1.287458,1.282939,2.494545
0.10014,1.8024,1.802222,1.195344,2.468303
0.10014,1.716065,1.715895,1.0965,2.448226
-0.112849,2.190954,2.058004,1.005974,2.440771
0.10014,1.629711,1.543241,0.915553,2.426575
-0.325837,1.543358,1.623173,0.825195,2.419782
0.10014,1.629711,1.543241,0.717851,2.410107
0.10014,1.543358,1.543241,0.681169,2.367306
0.313128,1.413846,1.373785,0.64225,2.304992
0.10014,1.284334,1.284261,0.599927,2.210644
-0.751815,1.111645,1.098818,0.552731,2.131282
-0.751815,0.938956,0.926165,0.53135,2.059864
-0.964803,0.679914,0.577661,0.53135,2.025875
-0.751815,0.636737,0.667185,0.53351,2.005754
-0.964803,0.679914,0.577661,0.578498,1.968769
-1.177791,0.636737,0.574463,0.667769,1.923641
-1.603768,0.636737,0.568069,0.765526,1.836239
-1.177791,0.420872,0.488137,0.836975,1.728892
-1.177791,0.507225,0.40181,0.849303,1.606615
-1.177791,0.032318,0.056503,0.858601,1.493757
-1.177791,0.161848,0.056503,0.875248,1.398293
-1.177791,-0.140371,-0.202477,0.906592,1.306057
-1.39078,-0.140371,-0.119348,0.921,1.223641
-1.603768,-0.442572,-0.554179,0.921,1.178009
-1.177791,-0.787949,-0.547784,0.921,1.010722
-1.177791,-0.442572,-0.461457,0.9454,0.87457
-1.177791,-0.356237,-0.375131,0.949,0.740837
-1.177791,-0.31306,-0.375131,0.949,0.655893
-0.751815,-0.18353,-0.109756,0.96999,0.618289
-1.177791,-0.356237,-0.375131,1.065146,0.577153
-0.964803,-0.18353,-0.19928,1.166593,0.569697
-0.964803,-0.226706,-0.285607,1.262474,0.566254
-0.751815,-0.097194,-0.109756,1.37668,0.5655
-0.325837,0.334537,0.241946,1.468765,0.567318
-0.325837,0.248183,0.414599,1.596163,0.570545
-0.112849,0.593561,0.59045,1.719035,0.627566
0.313128,0.809426,0.769498,1.771234,0.666511
0.10014,0.334537,0.24834,1.874571,0.699167
0.313128,0.334537,0.424191,1.976227,0.739157
0.10014,0.29136,0.24834,2.039914,0.772959
0.526117,0.420872,0.427388,2.149608,0.819361
0.739105,0.334537,0.344259,2.207467,0.924147
0.739105,0.248183,0.344259,2.219144,1.028898
0.739105,0.075494,0.085279,2.229274,1.115184
0.952093,-0.010841,0.002149,2.231989,1.199917
0.952093,-0.010841,0.002149,2.232838,1.278638
1.165082,-0.054018,-0.08098,2.225457,1.316203
1.165082,-0.097194,0.005346,2.227494,1.334808
1.37807,-0.054018,0.008544,2.226141,1.334808
1.37807,-0.054018,-0.077783,2.210728,1.306876
1.165082,-0.054018,0.005346,2.193337,1.30339
1.37807,-0.18353,-0.16411,2.182404,1.37102
1.37807,-0.442572,-0.42309,2.142566,1.406944
1.804047,-0.356237,-0.330369,2.013528,1.373375
1.37807,-0.485749,-0.42309,1.950041,1.3739
1.591059,-0.528925,-0.419893,1.866863,1.374
1.591059,-0.960638,-0.937853,1.82902,1.373875
1.37807,-1.003815,-0.94105,1.721353,1.3602
1.37807,-1.090168,-1.200031,1.644653,1.336
1.804047,-1.349192,-1.366289,1.420966,1.336
0.952093,-1.478722,-1.465405,1.263105,1.336
0.739105,-1.8241,-1.900236,1.230188,1.344914
0.526117,-2.083142,-2.076087,1.21261,1.3938
0.313128,-2.083142,-2.079284,1.195249,1.45531
0.10014,-1.867277,-1.909828,1.141085,1.554547
0.10014,-2.255831,-2.255135,1.057043,1.682281
-0.325837,-2.083142,-2.175203,0.96928,1.775381
-0.964803,-1.651411,-1.666834,0.918919,1.865153
-0.964803,-1.8241,-1.753161,0.903875,1.95086
-0.751815,-1.565058,-1.57731,0.8982,2.0441
-0.964803,-1.133327,-1.148874,0.89725,2.111473
-0.964803,-0.960638,-1.062547,0.898,2.165273
-1.177791,-1.003815,-1.065745,0.906375,2.238715
-1.177791,-0.831126,-0.806764,0.925426,2.2771
-1.603768,-0.572084,-0.554179,0.967488,2.278963
-1.603768,-0.054018,-0.208872,1.019083,2.287672
-1.603768,-0.18353,-0.208872,1.065467,2.290819
-1.603768,-0.097194,-0.122545,1.131263,2.290094
-1.816757,0.161848,-0.039416,1.199892,2.290294
-1.603768,0.377713,0.395415,1.27385,2.295013
-1.39078,0.161848,0.139633,1.385992,2.303796
-1.603768,0.464049,0.395415,1.51218,2.321444
-1.603768,0.550402,0.481742,1.62941,2.320035
-1.39078,0.464049,0.484939,1.791827,2.318921
-1.177791,0.507225,0.488137,1.866438,2.314023
-1.177791,0.982115,0.91977,1.9492,2.293776
-1.177791,1.025292,0.747117,1.9765,2.287315
-1.39078,0.89578,0.830246,1.99759,2.271705
-0.751815,1.068468,1.012492,2.038336,2.186515
-0.751815,0.938956,0.926165,2.172855,2.082994
-0.538826,1.025292,1.102016,2.207346,1.926904
-0.751815,1.068468,1.012492,2.209602,1.866616
-0.538826,1.457023,1.447323,2.216273,1.798486
-0.325837,1.327511,1.45052,2.223795,1.719586
0.10014,1.629711,1.543241,2.223275,1.670188
-0.325837,1.370669,1.364193,2.226904,1.513924
-0.325837,1.19798,1.19154,2.23615,1.420271
-0.538826,1.19798,1.274669,2.301728,1.399888
-0.325837,1.284334,1.277867,2.347083,1.315489
-0.538826,1.19798,1.274669,2.377356,1.093708
-0.325837,0.852603,0.846233,2.380133,1.017415
-0.112849,0.766268,0.84943,2.380133,0.992473
-0.112849,0.723091,0.59045,2.37958,0.907494
-0.538826,0.420872,0.497729,2.339,0.851375
-0.538826,0.29136,0.238748,2.262477,0.809646
-0.112849,-0.010841,0.072489,2.128589,0.784876
-0.112849,-0.269883,-0.445471,2.027287,0.762118
0.313128,-0.528925,-0.61173,1.983891,0.756628
0.526117,-0.658437,-0.694859,1.936579,0.744867
0.952093,-0.831126,-0.861118,1.894717,0.711793
0.739105,-0.874303,-0.864315,1.8318,0.6905
1.165082,-0.874303,-0.857921,1.752908,0.690125
1.37807,-0.91748,-0.854724,1.618612,0.689194
1.37807,-0.91748,-0.854724,1.562225,0.681125
1.37807,-0.831126,-0.768397,1.507867,0.680825
1.37807,-0.91748,-0.68207,1.428125,0.691405
1.591059,-0.701614,-0.678873,1.364181,0.702054
1.591059,-0.31306,-0.333566,1.334185,0.709856
1.591059,-0.140371,-0.160912,1.334185,0.717125
1.804047,-0.18353,-0.157715,1.334885,0.755429
1.804047,-0.097194,-0.071388,1.342648,0.828187
1.591059,0.075494,0.357048,1.357867,0.865038
1.165082,0.032318,0.005346,1.374874,0.96265
1.165082,0.118671,0.091673,1.377481,1.092789
1.37807,0.334537,0.353851,1.385066,1.154192
1.37807,0.507225,0.440177,1.392613,1.245312
1.165082,0.636737,0.264327,1.397859,1.37658
1.165082,0.507225,0.609634,1.401145,1.480789
0.952093,0.679914,0.865417,1.401694,1.563625
0.739105,0.982115,1.034873,1.401694,1.690724
0.739105,1.025292,1.121199,1.401444,1.844468
0.526117,1.154822,1.118002,1.388271,1.947441
0.526117,1.241157,1.376982,1.37854,2.070406
0.526117,1.327511,1.376982,1.375403,2.158453
0.10014,1.629711,1.456915,1.361433,2.242161
0.313128,1.543358,1.546439,1.353416,2.32825
0.10014,1.586535,1.456915,1.254078,2.342
0.10014,1.543358,1.543241,1.11993,2.3495
-0.112849,1.457023,1.367391,1.042423,2.366484
0.10014,1.370669,1.456915,0.988498,2.367679
0.10014,1.457023,1.456915,0.88174,2.358183
-0.112849,1.241157,1.281064,0.771339,2.340613
-0.112849,1.457023,1.540044,0.719476,2.309552
-0.325837,1.457023,1.45052,0.694,2.270642
-0.538826,1.370669,1.360996,0.693125,2.201188
-0.751815,1.370669,1.357799,0.685674,2.103942
-0.964803,1.543358,1.527255,0.684617,1.998306
-0.964803,0.89578,0.922968,0.685066,1.878462
-0.964803,1.025292,1.009294,0.690086,1.719183
-1.177791,0.89578,0.91977,0.704893,1.582951
-0.964803,0.938956,0.922968,0.706,1.526354
-1.39078,0.89578,0.916573,0.723507,1.466416
-1.177791,0.982115,1.006097,0.773545,1.385821
-0.751815,0.723091,0.753512,0.813385,1.200032
-0.964803,0.464049,0.491334,0.828553,1.042724
-0.964803,0.464049,0.405007,0.840829,0.916238
-1.39078,0.161848,0.053306,0.84875,0.79225
-0.538826,-0.010841,-0.020232,0.881137,0.738229
-0.538826,-0.010841,-0.020232,1.000537,0.712088
-0.538826,-0.097194,-0.106559,1.085717,0.701007
-0.325837,-0.18353,-0.189688,1.168705,0.686902
0.10014,-0.528925,-0.442274,1.262683,0.670721
0.10014,-0.485749,-0.5286,1.337574,0.646732
0.313128,-0.61526,-0.698057,1.424566,0.592665
0.526117,-0.744791,-0.781186,1.508375,0.584399
0.526117,-0.874303,-0.781186,1.593127,0.584399
0.739105,-0.960638,-0.950642,1.680327,0.584692
0.952093,-0.960638,-0.947445,1.788037,0.590702
0.526117,-1.21968,-1.21282,1.852024,0.618624
0.952093,-1.306034,-1.292752,1.91907,0.662924
-0.112849,-1.521881,-1.481392,2.018202,0.663973
0.10014,-1.910435,-1.823501,2.044004,0.671601
0.10014,-1.910435,-1.909828,2.044004,0.675
-0.112849,-1.910435,-1.913025,2.044004,0.69644
-0.538826,-1.910435,-1.91942,2.009866,0.736498
-0.538826,-1.910435,-1.91942,1.932,0.784845
-1.39078,-1.392369,-1.500575,1.901694,0.836754
-1.177791,-1.176503,-1.411051,1.872911,0.919378
-1.603768,-0.960638,-0.985812,1.851229,1.083498
-1.816757,-0.658437,-0.730029,1.827847,1.195297
-1.39078,-0.31306,-0.378328,1.76919,1.309648
-1.603768,-0.226706,-0.208872,1.729127,1.40024
-1.816757,-0.097194,-0.125742,1.583071,1.48002
-1.816757,-0.010841,0.133238,1.539906,1.518418
-1.603768,0.334537,0.481742,1.525049,1.687568
-1.603768,0.161848,0.136435,1.486988,1.824389
-1.816757,0.377713,0.305891,1.482928,1.943898
-1.39078,0.420872,0.484939,1.482928,2.025743
-1.603768,0.507225,0.740722,1.483996,2.118609
-1.177791,0.593561,0.574463,1.488316,2.127
-1.177791,0.636737,0.574463,1.521573,2.142375
-1.177791,0.982115,1.006097,1.611547,2.16293
-1.39078,1.241157,1.175553,1.742504,2.16297
-1.39078,1.154822,1.089227,1.794875,2.148018
-0.964803,0.507225,0.577661,1.84774,2.109729
-1.177791,0.852603,0.833444,2.00729,2.049953
-1.177791,0.938956,0.833444,2.174512,1.992858
-0.751815,0.507225,0.580858,2.19218,1.948666
-0.964803,0.29136,0.232354,2.19218,1.913339
-0.325837,-0.010841,-0.103361,2.19446,1.883166
-0.325837,-0.269883,-0.189688,2.244048,1.835843
-0.325837,-0.442572,-0.362341,2.207567,1.791642
-0.325837,-0.442572,-0.448668,2.207567,1.727277
0.739105,-0.658437,-0.691662,2.222078,1.611746
0.952093,-1.176503,-1.120098,2.315901,1.45699
0.952093,-0.960638,-0.947445,2.400721,1.291924
1.165082,-1.21968,-1.203228,2.408333,1.169376
1.37807,-1.046991,-0.94105,2.417753,1.062302
1.37807,-0.701614,-0.68207,2.421405,1.024054
1.37807,-0.528925,-0.509417,2.41157,0.990101
1.37807,-0.31306,-0.42309,2.389732,0.929362
1.591059,-0.528925,-0.506219,2.324385,0.846966
1.37807,-0.399395,-0.42309,2.300394,0.778423
1.37807,-0.528925,-0.509417,2.214,0.710048
1.37807,-0.226706,-0.42309,2.088907,0.700646
1.37807,-0.269883,-0.336763,2.028752,0.692066
1.165082,-0.399395,-0.512614,1.979964,0.680463
1.165082,-0.356237,-0.33996,1.94118,0.69179
0.952093,0.075494,0.002149,1.913056,0.692093
1.165082,0.118671,0.178,1.86082,0.692093
0.952093,-0.010841,0.002149,1.853973,0.715222
0.739105,0.464049,0.257932,1.849682,0.747828
0.739105,0.507225,0.516912,1.846397,0.800559
0.526117,0.550402,0.600042,1.847529,0.898362
0.313128,0.679914,0.683171,1.840015,0.944074
0.313128,0.852603,0.769498,1.805868,1.0626
0.313128,1.284334,1.373785,1.779697,1.17085
0.313128,1.500199,1.460112,1.753125,1.26941
0.313128,1.543358,1.632765,1.729041,1.409434
0.313128,1.716065,1.719092,1.70116,1.533787
0.313128,1.8024,1.805419,1.674694,1.614249
-0.112849,2.061442,2.144331,1.636001,1.7004
0.10014,2.147777,2.061202,1.537411,1.828482
0.313128,1.975089,2.064399,1.483645,1.936177
0.313128,2.190954,2.064399,1.444414,2.031931
0.10014,2.061442,2.061202,1.413713,2.13248
0.313128,1.716065,1.632765,1.310704,2.237101
0.10014,1.543358,1.629568,1.246959,2.292317
0.10014,1.629711,1.715895,1.214968,2.323686
-0.112849,1.672888,1.799024,1.137523,2.339812
-0.112849,1.543358,1.540044,0.99844,2.343885
-0.325837,1.370669,1.364193,0.891433,2.343885
-0.538826,1.284334,1.360996,0.863874,2.341281
-0.751815,1.111645,1.185145,0.863874,2.321605
-0.751815,0.89578,0.926165,0.863874,2.279005
-0.964803,1.111645,1.009294,0.884453,2.195676
-0.538826,0.852603,0.756709,0.921619,2.0876
-1.177791,0.766268,0.747117,0.932813,1.989985
-1.39078,0.723091,0.74392,0.933455,1.882399
-1.39078,0.723091,0.657593,0.935612,1.782852
-1.39078,0.377713,0.312286,0.939316,1.685092
-1.177791,0.075494,0.14283,0.934615,1.60375
-1.177791,0.075494,0.056503,0.932123,1.497944
-1.177791,-0.010841,-0.029824,0.928063,1.385564
-1.603768,-0.399395,-0.467852,0.924025,1.256585
-1.816757,-0.701614,-0.730029,0.917184,1.13938
-1.603768,-1.133327,-1.158466,0.88279,1.054328
-1.603768,-1.133327,-1.158466,0.845702,0.990847
-1.177791,-1.392369,-1.324725,0.806034,0.891427
-1.603768,-1.306034,-1.331119,0.766374,0.789284
-1.603768,-1.608234,-1.676426,0.756622,0.683361
-1.603768,-1.565058,-1.5901,0.747844,0.621913
-1.603768,-1.478722,-1.417446,0.740861,0.553459
-1.39078,-1.478722,-1.500575,0.740861,0.521078
-1.39078,-1.349192,-1.327922,0.740861,0.5182
-1.39078,-0.960638,-0.982615,0.773197,0.5182
-1.39078,-0.960638,-0.982615,0.852373,0.51996
-1.39078,-1.046991,-1.068942,0.960142,0.539211
-1.177791,-0.528925,-0.547784,1.041286,0.540448
-0.325837,-0.787949,-0.793975,1.163224,0.541479
-0.112849,-0.528925,-0.531798,1.243522,0.551892
-0.325837,-0.61526,-0.621322,1.378322,0.565692
-0.112849,-0.61526,-0.186491,1.473827,0.577
-0.112849,-0.054018,-0.013837,1.555909,0.577959
-0.112849,0.075494,-0.013837,1.651249,0.614606
-0.112849,0.420872,0.417796,1.759903,0.650536
0.313128,0.29136,0.165211,1.883003,0.675033
0.10014,0.248183,0.24834,2.034478,0.702047
0.10014,0.593561,0.593647,2.151644,0.736996
0.10014,0.593561,0.679974,2.223606,0.841686
0.526117,0.636737,0.600042,2.244176,0.880868
0.526117,0.89578,0.945349,2.254392,0.981795
0.526117,0.809426,0.859022,2.264011,1.150985
0.739105,0.636737,0.603239,2.300904,1.260966
0.952093,0.593561,0.606436,2.350405,1.3808
0.739105,0.593561,0.603239,2.35403,1.471591
0.952093,0.420872,0.347456,2.355507,1.51494
0.952093,0.464049,0.347456,2.355582,1.570444
1.165082,0.550402,0.523307,2.348468,1.698902
1.37807,0.29136,0.353851,2.277971,1.893592
1.37807,0.334537,0.353851,2.231628,1.923279
1.37807,0.161848,0.267524,2.220621,1.925637
1.37807,0.377713,0.353851,2.213205,1.925637
1.37807,0.075494,0.181197,2.205943,1.925637
1.37807,0.118671,0.09487,2.204964,1.903962
1.591059,-0.010841,0.011741,2.206358,1.836629
1.804047,-0.226706,-0.157715,2.183694,1.777374
2.017035,-0.356237,-0.240845,2.161004,1.717954
1.804047,-0.528925,-0.503022,2.081025,1.59894
1.591059,-0.572084,-0.506219,1.962879,1.549382
1.165082,-1.046991,-1.030574,1.936499,1.489623
1.591059,-0.960638,-1.02418,1.902407,1.434572
1.165082,-1.349192,-1.375881,1.852442,1.386372
1.165082,-1.435546,-1.462208,1.638298,1.343925
1.591059,-1.565058,-1.54214,1.543218,1.29093
0.739105,-1.867277,-1.81391,1.449781,1.288
0.526117,-2.169477,-2.162414,1.317538,1.288
0.526117,-2.126301,-1.903434,1.236655,1.288
-0.538826,-1.996789,-2.005747,1.154633,1.295125
-0.751815,-1.953612,-1.922617,1.075876,1.311197
-1.177791,-1.867277,-1.842685,0.977079,1.335534
-1.39078,-1.565058,-1.673229,0.918945,1.35455
-1.39078,-1.651411,-1.586902,0.872279,1.432202
-1.177791,-1.262857,-1.238398,0.815179,1.529665
-1.39078,-0.91748,-0.896288,0.798971,1.639092
-1.39078,-0.787949,-0.809962,0.793545,1.704327
-1.39078,-0.744791,-0.809962,0.790455,1.77037
-1.816757,-0.442572,-0.384722,0.785391,1.826437
-1.39078,-0.485749,-0.464655,0.78,1.925831
-1.603768,-0.18353,-0.208872,0.78,2.0488
-1.39078,-0.010841,-0.033021,0.78,2.101
-1.39078,0.29136,0.225959,0.78825,2.108506
-1.39078,0.248183,0.225959,0.831223,2.123584
-1.39078,0.420872,0.484939,0.884849,2.172344
-1.39078,0.420872,0.398613,0.905537,2.236708
-1.39078,0.679914,0.657593,0.937775,2.3098
-1.39078,0.593561,0.571266,0.985156,2.344
-1.39078,0.593561,0.571266,1.103938,2.344
-1.603768,0.679914,0.654396,1.196882,2.344
-0.751815,1.068468,1.012492,1.314254,2.3216
-1.177791,0.938956,0.91977,1.416112,2.3
-0.751815,1.241157,1.098818,1.526626,2.3
-0.538826,1.241157,1.188342,1.606213,2.3
-0.751815,1.284334,1.271472,1.668625,2.319656
-0.538826,1.284334,1.274669,1.741336,2.328169
-0.751815,1.19798,1.271472,1.79698,2.332044
-0.325837,1.068468,1.19154,1.865297,2.344734
-0.325837,1.629711,1.536847,1.913653,2.308197
-0.112849,1.629711,1.626371,2.020715,2.201848
-0.325837,1.543358,1.536847,2.180512,2.128994
0.10014,1.457023,1.370588,2.2119,2.087408
0.313128,1.457023,1.460112,2.21904,2.035092
0.526117,1.327511,1.376982,2.254486,1.962782
0.526117,1.111645,1.118002,2.306942,1.895115
0.526117,1.025292,1.031675,2.309885,1.810283
0.526117,0.982115,1.031675,2.31026,1.708519
0.739105,1.111645,1.121199,2.377813,1.450538
0.526117,1.025292,1.118002,2.385016,1.333125
0.526117,1.025292,0.945349,2.385016,1.242325
0.739105,0.938956,0.948546,2.383364,1.209527
0.739105,0.766268,0.775893,2.363852,1.185972
0.952093,0.593561,0.606436,2.355129,1.109942
0.952093,0.593561,0.606436,2.261286,1.004201
1.37807,0.593561,0.526504,2.217728,0.910864
0.952093,0.464049,0.433783,2.196627,0.808009
1.165082,0.118671,0.178,2.152974,0.776667
1.37807,0.075494,0.09487,2.105493,0.775417
1.37807,0.032318,0.09487,2.04742,0.765203
1.591059,0.032318,0.011741,1.957994,0.745445
1.37807,-0.140371,-0.077783,1.91075,0.7315
1.37807,-0.097194,-0.077783,1.854917,0.730403
0.952093,-0.097194,-0.084178,1.738334,0.710856
0.952093,-0.140371,-0.084178,1.674004,0.698406
0.739105,-0.442572,-0.432682,1.56486,0.698406
0.526117,-0.399395,-0.435879,1.458461,0.698406
0.526117,-0.31306,-0.522206,1.36824,0.709482
0.10014,-0.31306,-0.26962,1.299844,0.745748
0.10014,-0.226706,-0.183293,1.239679,0.782752
-0.112849,-0.269883,-0.359144,1.179913,0.809976
-0.112849,-0.18353,-0.272817,1.061272,0.834562
-0.112849,-0.269883,-0.359144,0.9999,0.855384
-0.538826,0.032318,0.238748,0.927834,0.912485
-0.964803,-0.572084,-0.544587,0.89722,1.017011
-0.751815,-0.097194,-0.109756,0.877013,1.11925
-1.177791,-0.054018,-0.461457,0.8735,1.248915
-1.39078,-0.269883,-0.205674,0.861051,1.285412
-1.39078,-0.140371,-0.205674,0.838875,1.35275
-1.177791,-0.18353,-0.288804,0.809401,1.399617
-0.964803,-0.269883,-0.19928,0.803412,1.506992
-0.964803,-0.269883,-0.285607,0.803412,1.586024
-1.39078,-0.658437,-0.637308,0.803412,1.654639
-1.39078,-0.744791,-0.809962,0.822653,1.734294
-1.39078,-1.046991,-1.068942,0.852227,1.7926
-1.39078,-1.046991,-1.155269,0.876379,1.826366
-1.39078,-1.349192,-1.414249,0.900148,1.920531
-1.177791,-1.262857,-1.238398,0.924337,1.974432
-1.177791,-1.521881,-1.583705,0.932146,1.974515
-1.177791,-1.565058,-1.670032,0.950157,1.974515
-1.177791,-1.694588,-1.756358,0.981043,1.970588
-0.964803,-1.996789,-1.925815,1.020388,1.91168
-0.325837,-1.910435,-2.002549,1.064937,1.837703
0.10014,-2.169477,-2.168808,1.123632,1.802688
0.10014,-2.169477,-2.168808,1.214471,1.782452
0.10014,-2.169477,-2.168808,1.29325,1.759612
0.10014,-1.435546,-2.168808,1.370678,1.701173
0.739105,-1.349192,-1.382276,1.470953,1.612375
1.165082,-1.306034,-1.289555,1.61114,1.466047
1.165082,-1.21968,-1.289555,1.719969,1.408259
1.591059,-0.960638,-1.02418,1.80333,1.386302
1.37807,-0.874303,-0.854724,1.946771,1.36838
1.591059,-1.003815,-1.02418,2.056198,1.265407
1.37807,-0.658437,-0.768397,2.149972,1.207
1.37807,-0.356237,-0.336763,2.163,1.207
1.591059,-0.226706,-0.247239,2.163,1.207
1.591059,-0.18353,-0.160912,2.1648,1.234
1.591059,0.118671,0.184395,2.18348,1.283234
1.37807,0.420872,0.353851,2.23111,1.337656
1.37807,0.205006,0.008544,2.228083,1.457847
1.37807,0.161848,0.181197,2.260342,1.521865
1.165082,0.248183,0.178,2.293562,1.667056
1.165082,0.205006,0.264327,2.291484,1.800958
1.165082,0.507225,0.43698,2.3135,1.892314
1.165082,0.550402,0.609634,2.274823,1.949581
1.165082,0.593561,0.609634,2.253623,2.003899
1.165082,0.679914,0.69596,2.226338,2.043549
0.952093,0.679914,0.77909,2.211,2.067425
1.165082,1.327511,1.041267,2.162464,2.129758
0.739105,0.723091,0.775893,2.122246,2.168887
0.739105,0.89578,0.862219,2.051656,2.219805
0.526117,0.723091,0.686369,1.807939,2.3185
0.526117,0.593561,0.686369,1.723602,2.32491
0.526117,0.723091,0.772695,1.632496,2.344888
0.526117,1.19798,1.204329,1.56425,2.352524
0.313128,1.025292,1.114805,1.40916,2.374421
-0.112849,1.241157,1.367391,1.304213,2.41577
-0.112849,1.111645,1.194737,1.199323,2.41577
-0.112849,1.284334,1.194737,1.098438,2.41577
-0.325837,1.845577,1.795827,1.010895,2.40409
-0.325837,0.938956,0.93256,0.9229,2.38235
-0.325837,1.025292,1.018886,0.848576,2.365177
-0.751815,1.19798,1.098818,0.803493,2.3399
-1.177791,0.766268,0.833444,0.745562,2.29917
-0.964803,0.938956,0.922968,0.726246,2.273313
-1.177791,0.766268,0.66079,0.726246,2.203736
-0.751815,0.507225,0.408205,0.72179,2.103765
-1.177791,0.550402,0.488137,0.715,2.030773
-0.964803,0.377713,0.405007,0.715,1.935369
-1.39078,0.420872,0.398613,0.710757,1.857951
-1.603768,0.29136,0.309089,0.683375,1.788708
-1.39078,0.075494,0.139633,0.682,1.72943
-1.39078,-0.18353,-0.205674,0.682,1.622969
-1.177791,-0.356237,-0.288804,0.682517,1.541942
-1.177791,-0.18353,-0.375131,0.737913,1.475653
-1.177791,-0.399395,-0.461457,0.813258,1.391375
-1.177791,-1.046991,-0.979418,0.874508,1.325185
-1.177791,-0.787949,-0.893091,0.916816,1.235125
-1.177791,-1.046991,-1.065745,0.95693,1.167514
-1.39078,-1.262857,-1.241595,0.97,0.971085
-1.177791,-1.565058,-1.583705,0.97,0.8767
-0.751815,-1.737746,-1.749964,0.911344,0.801383
-0.751815,-1.8241,-1.836291,0.707912,0.780272
-0.538826,-1.8241,-1.91942,0.624999,0.777237
-0.538826,-1.996789,-2.005747,0.624999,0.774778
-0.538826,-1.910435,-1.91942,0.697079,0.772033
-0.964803,-2.083142,-2.184795,1.457202,0.766036
-0.538826,-1.867277,-1.833093,1.613662,0.765
-0.751815,-1.737746,-1.749964,1.70318,0.765
-0.751815,-1.478722,-1.490984,1.794024,0.766
-0.325837,-1.478722,-1.398262,1.868358,0.784375
-0.112849,-1.392369,-1.481392,1.936242,0.828258
-0.112849,-1.133327,-1.222412,2.028506,0.925577
-0.325837,-1.090168,-1.052955,2.077565,0.974562
-0.751815,-0.658437,-0.714043,2.155155,1.00738
-0.325837,-0.442572,-0.534995,2.224,1.036794
-0.112849,-0.442572,-0.445471,2.241113,1.162308
-0.538826,-0.097194,-0.020232,2.257504,1.28217
-0.538826,0.075494,0.066095,2.251712,1.328587
-0.112849,0.075494,0.158816,2.240696,1.37475
-0.112849,0.420872,0.33147,2.239218,1.411581
-0.112849,0.507225,0.504123,2.22764,1.63408
0.10014,0.420872,0.420994,2.245336,1.724482
0.313128,0.679914,0.596844,2.246732,1.7518
0.10014,0.507225,0.593647,2.239,1.848625
0.10014,0.938956,0.679974,2.239,1.917439
0.10014,0.593561,0.593647,2.236875,1.956647
0.313128,0.420872,0.510518,2.2315,2.021099
0.526117,0.420872,0.513715,2.2319,2.068826
0.739105,0.377713,0.430586,2.230867,2.085113
0.739105,0.464049,0.430586,2.220019,2.088552
1.165082,0.507225,0.523307,2.209625,2.09371
0.952093,0.679914,0.77909,2.186294,2.064872
0.952093,0.636737,0.692763,2.159501,2.007232
1.165082,0.679914,0.69596,2.148448,1.978023
1.165082,0.982115,0.954941,1.997584,1.952858
1.165082,0.679914,0.69596,1.869043,1.915195
1.165082,0.507225,0.523307,1.800008,1.883536
1.165082,0.377713,0.43698,1.770494,1.853877
0.952093,0.205006,0.261129,1.747953,1.808786
1.37807,0.118671,0.181197,1.725269,1.634823
1.165082,0.032318,0.091673,1.694616,1.530409
1.37807,0.032318,-0.16411,1.674245,1.449236
1.37807,0.075494,0.09487,1.620693,1.34125
1.37807,-0.226706,-0.250436,1.561625,1.287558
1.165082,-0.18353,-0.167307,1.484638,1.244194
1.37807,-0.485749,-0.509417,1.458751,1.22092
1.37807,-0.442572,-0.509417,1.382374,1.1825
1.165082,-0.097194,-0.08098,1.283375,1.1825
1.165082,-0.442572,-0.512614,1.223403,1.1825
1.165082,-0.744791,-0.771594,1.129865,1.201817
0.952093,-1.090168,-1.033772,1.048971,1.336842
0.739105,-1.090168,-1.036969,1.030913,1.429277
0.952093,-1.133327,-1.120098,0.994101,1.506426
0.952093,-1.176503,-1.033772,0.921868,1.550251
-0.751815,-1.521881,-1.490984,0.811931,1.5958
-1.177791,-1.133327,-1.152071,0.709679,1.646025
-0.751815,-1.003815,-1.05935,0.632326,1.682212
-0.964803,-1.046991,-1.062547,0.617,1.704194
-0.538826,-0.658437,-0.710846,0.617,1.741856
-0.538826,-0.572084,-0.710846,0.617855,1.75081
-1.177791,-0.269883,-0.288804,0.655855,1.7528
-0.964803,0.075494,0.0597,0.7451,1.756607
-0.964803,0.118671,-0.026626,0.773883,1.77475
-0.964803,-0.010841,-0.026626,0.7805,1.865842
-0.538826,0.377713,0.411402,0.785764,1.910173
-0.538826,0.464049,0.497729,0.81335,1.962177
-0.751815,1.111645,1.098818,0.874501,2.0167
-1.177791,1.716065,1.696711,0.8855,2.029026
-0.325837,1.284334,1.277867,0.975005,2.080464
-0.112849,1.241157,1.194737,1.10797,2.157186
-0.112849,1.629711,1.540044,1.176486,2.18768
0.10014,1.543358,1.543241,1.252857,2.18768
-0.112849,1.457023,1.453717,1.341824,2.187252
-0.112849,1.457023,1.367391,1.425641,2.172163
0.10014,0.938956,1.025281,1.522729,2.050063
0.313128,1.025292,1.028478,1.613042,2.005408
0.739105,0.982115,1.466506,1.720532,1.978706
0.526117,0.766268,0.859022,1.81899,1.943465
0.526117,0.766268,0.686369,1.93425,1.888662
0.952093,0.852603,0.865417,2.059577,1.766413
1.165082,0.679914,0.609634,2.082662,1.580977
1.165082,0.464049,0.523307,2.090819,1.466968
1.165082,0.29136,0.264327,2.094,1.402717
1.165082,0.377713,0.350653,2.094,1.281259
1.37807,0.464049,0.440177,2.094,1.214094
0.952093,0.075494,0.088476,2.0933,1.137782
0.952093,-0.010841,0.002149,2.062937,0.937762
0.952093,0.075494,0.002149,1.976603,0.881699
1.165082,0.205006,0.264327,1.879982,0.818354
0.313128,-0.097194,-0.093769,1.808817,0.793382
0.10014,-0.010841,-0.01064,1.73667,0.74556
-0.112849,-0.18353,-0.186491,1.670466,0.677953
-0.325837,0.205006,0.069292,1.575809,0.677938
-0.112849,-0.356237,-0.359144,1.422702,0.677938
-0.325837,-1.046991,-0.966629,1.364783,0.678813
-0.112849,-0.831126,-0.704451,1.28781,0.70785
-1.177791,-1.003815,-0.979418,1.20515,0.732308
-1.177791,-1.090168,-1.065745,1.10334,0.821214
-1.603768,-0.831126,-0.813159,1.01125,0.882178
-1.603768,-0.572084,-0.554179,1.00257,0.989117
-1.39078,-0.442572,-0.378328,0.996147,1.122099
-1.816757,-0.269883,-0.212069,0.986191,1.213696
-1.816757,-0.010841,0.219565,0.9651,1.333223
-1.603768,-0.054018,-0.122545,0.889154,1.422904
-1.603768,0.032318,-0.036218,0.828477,1.490689
-1.39078,0.334537,0.312286,0.769596,1.611005
-1.177791,0.205006,0.315483,0.735284,1.726777
-1.603768,-0.097194,-0.122545,0.735284,1.811
-1.816757,-0.140371,-0.212069,0.735284,1.811
-1.816757,-0.269883,-0.298396,0.768144,1.8078
-1.177791,-0.61526,-0.634111,0.889098,1.795148
-1.39078,-0.960638,-1.068942,0.991207,1.74373
-1.177791,-1.651411,-1.670032,1.062202,1.694352
-1.39078,-1.780923,-1.845882,1.198123,1.584168
-0.964803,-1.780923,-1.839488,1.27692,1.531059
-0.538826,-1.910435,-1.833093,1.370432,1.531059
0.313128,-1.780923,-1.733977,1.5022,1.531059
0.10014,-1.780923,-1.909828,1.743717,1.532549
0.739105,-1.349192,-1.295949,1.915352,1.539215
1.37807,-1.262857,-1.286357,1.978192,1.54612
1.37807,-1.176503,-1.200031,2.030642,1.557506
1.591059,-1.090168,-1.110507,2.061671,1.5869
1.591059,-1.090168,-0.333566,2.069981,1.608
1.591059,-0.269883,-0.247239,2.089392,1.608
1.591059,-0.269883,-0.247239,2.146261,1.608
1.37807,-0.140371,-0.16411,2.215875,1.470439
1.37807,-0.18353,-0.16411,2.228214,1.385256
1.37807,-0.140371,-0.077783,2.232817,1.314007
1.165082,-0.140371,-0.167307,2.2386,1.211586
0.952093,0.075494,0.002149,2.23947,1.171508
0.952093,0.032318,0.088476,2.243756,1.131515
0.739105,0.118671,0.171605,2.287576,1.112805
0.526117,0.29136,0.600042,2.327423,1.098983
0.526117,0.420872,0.513715,2.340924,1.102057
0.526117,0.507225,0.427388,2.3445,1.151342
0.313128,0.464049,0.942151,2.347746,1.258666
-0.112849,0.679914,0.59045,2.348828,1.385797
-0.325837,0.679914,0.846233,2.343582,1.485774
-0.325837,0.89578,0.673579,2.337597,1.530312
-0.112849,1.068468,0.84943,2.294232,1.635244
-0.538826,1.19798,1.188342,2.265861,1.783458
-0.964803,1.19798,1.181948,2.252401,1.975265
-0.751815,1.025292,1.012492,2.234504,2.140279
-1.177791,1.111645,1.006097,2.13849,2.153414
-0.964803,0.679914,0.750314,2.061385,2.162104
-0.964803,0.636737,0.663987,1.998655,2.165074
-1.177791,0.507225,0.574463,1.813461,2.165123
-1.39078,0.593561,0.571266,1.676383,2.172348
-1.603768,0.593561,0.481742,1.569211,2.210235
-0.964803,0.248183,0.318681,1.467801,2.294539
-0.751815,0.334537,0.321878,1.394789,2.340033
-0.751815,0.205006,0.235551,1.216766,2.342333
-0.325837,-0.010841,0.069292,1.049773,2.342333
-0.112849,-0.356237,-0.359144,0.947618,2.339808
-0.112849,-0.18353,-0.272817,0.879427,2.321641
0.10014,-0.61526,-0.5286,0.872672,2.283328
-0.112849,-0.528925,-0.531798,0.872672,2.190415
-0.112849,-0.61526,-0.531798,0.872872,2.115591
0.952093,-0.485749,-0.429485,0.910798,2.017256
1.165082,-0.010841,0.005346,1.018842,1.902535
1.165082,-0.010841,0.091673,1.061192,1.770364
1.37807,0.377713,0.353851,1.086956,1.612923
1.37807,0.420872,0.526504,1.108653,1.487865
1.165082,0.679914,0.609634,1.126463,1.390863
1.165082,0.809426,0.782287,1.181079,1.260415
1.37807,0.766268,0.785484,1.286133,1.097782
1.165082,0.679914,0.782287,1.344419,0.987554
1.37807,0.809426,0.871811,1.366323,0.937393
1.37807,0.809426,0.871811,1.400078,0.824269
1.37807,0.766268,0.785484,1.459769,0.765497
1.37807,0.766268,0.871811,1.559312,0.754746
1.37807,0.852603,0.785484,1.665313,0.754746
1.165082,0.938956,0.954941,1.732027,0.756546
1.37807,0.852603,0.871811,1.787767,0.797702
1.37807,0.89578,0.871811,1.882346,0.842733
1.165082,0.809426,0.868614,1.92107,0.906966
1.165082,0.852603,0.782287,1.92107,0.957192
