1.039652,1.121179,1.176824,0.424373,1.034415
0.809207,1.206858,1.259226,0.570059,1.38
0.809207,1.292518,1.259226,0.57658,1.380431
0.809207,1.164018,1.173654,0.581592,1.381
1.039652,1.035519,1.091252,0.583841,1.381424
0.809207,1.121179,1.173654,0.585102,1.38206
0.809207,1.164018,1.173654,0.586364,1.382696
1.039652,1.206858,1.176824,0.587625,1.383332
0.809207,1.335357,1.259226,0.588886,1.383967
0.809207,0.778501,0.831369,0.590148,1.384603
0.809207,0.521484,0.489083,0.591409,1.385239
0.809207,0.692823,0.831369,0.59267,1.385875
0.809207,0.564323,0.660226,0.593791,1.38644
1.039652,0.650002,0.663395,0.602804,1.395141
1.039652,0.392984,0.406681,0.622723,1.416474
1.270097,0.264484,0.238708,0.649045,1.442195
1.270097,0.093127,0.238708,0.674527,1.472265
1.500542,0.007467,0.070734,0.697515,1.518646
1.270097,0.007467,-0.018007,0.715875,1.578125
1.500542,-0.163872,-0.100409,0.729323,1.65578
1.500542,-0.420889,-0.357123,0.74033,1.744843
1.500542,-0.463729,-0.528266,0.754336,1.831725
1.500542,-0.720728,-0.699408,0.767487,1.923637
1.270097,-1.020585,-0.959292,0.783981,2.009223
1.270097,-1.277584,-1.216006,0.819625,2.087875
1.039652,-1.406102,-1.304747,0.878977,2.167905
1.039652,-1.448923,-1.390318,0.964003,2.223559
0.809207,-2.048618,-1.992487,1.099071,2.264965
-0.343018,-2.005779,-2.179477,1.18446,2.273666
-0.573463,-1.920119,-2.097074,1.285217,2.273666
-1.034353,-1.920119,-1.846699,1.41571,2.273595
-1.264798,-1.791619,-1.849868,1.560683,2.252778
-1.264798,-1.534602,-1.507583,1.686435,2.191463
-1.495243,-1.448923,-1.425181,1.818814,2.126133
-1.725688,-0.849246,-0.914922,1.910228,2.067972
-1.495243,-0.720728,-0.740609,1.9972,1.993408
-1.956133,-0.549389,-0.404662,2.091367,1.890423
-1.725688,-0.37805,-0.401493,2.157875,1.782125
-2.186578,0.050306,0.020025,2.201621,1.666617
-2.417023,0.307305,0.187999,2.235208,1.534075
-1.495243,0.435823,0.371819,2.247045,1.404933
-1.264798,0.607162,0.460559,2.247795,1.265535
-1.264798,0.478644,0.546131,2.247795,1.127245
-1.034353,0.564323,0.463729,2.244322,0.998121
-1.034353,0.82134,0.806014,2.215375,0.8975
-1.034353,0.94984,0.891586,2.161599,0.809683
-1.034353,1.164018,1.1483,2.097122,0.752293
-0.803908,1.121179,1.151469,2.028921,0.704499
-0.803908,1.206858,1.151469,1.942476,0.659364
0.117872,1.164018,1.164146,1.862365,0.653
-0.343018,1.249679,1.157808,1.750287,0.653
-0.112573,0.992679,0.818692,1.641996,0.653
0.578762,0.692823,0.742628,1.544613,0.659377
0.578762,0.521484,0.657057,1.45691,0.681021
0.578762,0.564323,0.571485,1.359828,0.72216
0.809207,0.521484,0.489083,1.267284,0.783827
0.578762,0.564323,0.657057,1.188668,0.863563
0.578762,0.650002,0.571485,1.119898,0.960998
0.809207,0.650002,0.574655,1.065187,1.06035
0.348318,0.392984,0.482745,1.013796,1.170909
0.578762,0.307305,0.314771,0.981184,1.26573
0.809207,0.178806,0.31794,0.9541,1.358414
0.578762,0.007467,0.058057,0.952858,1.435826
0.117872,-0.121033,-0.290567,0.952858,1.493525
0.117872,-0.035372,-0.033853,0.956679,1.511721
-0.573463,-0.121033,-0.128932,0.984343,1.511721
-0.803908,-0.078212,-0.303245,1.022171,1.505625
-0.573463,-0.121033,-0.128932,1.085964,1.501434
-0.573463,-0.249551,-0.128932,1.170685,1.471474
-0.573463,-0.206711,-0.043361,1.264367,1.426045
-1.034353,-0.078212,-0.0497,1.363397,1.382418
-1.034353,0.007467,-0.0497,1.468866,1.342878
-1.725688,-0.249551,-0.401493,1.586141,1.305718
-1.495243,-0.592228,-0.655038,1.70099,1.262435
-1.264798,-0.635068,-0.73744,1.805373,1.222146
-1.495243,-1.320423,-1.425181,1.877735,1.207112
-1.034353,-1.149084,-1.589985,1.966826,1.207112
-1.495243,-1.663101,-1.681895,2.035229,1.207112
-1.495243,-1.663101,-1.681895,2.090838,1.218367
-0.343018,-1.962958,-1.922762,2.160177,1.249851
-0.803908,-2.005779,-1.929101,2.20896,1.300033
0.809207,-1.791619,-1.821344,2.243535,1.382682
0.809207,-1.877279,-1.735773,2.270417,1.486691
1.039652,-1.534602,-1.47589,2.274096,1.586945
1.039652,-1.191924,-1.219175,2.274096,1.706132
1.270097,-1.063406,-1.044863,2.274096,1.798465
0.809207,-0.720728,-0.708916,2.250298,1.894175
1.270097,-0.549389,-0.531435,2.194703,1.995993
1.270097,-0.37805,-0.360292,2.137338,2.073069
1.270097,-0.463729,-0.531435,2.055378,2.139391
1.500542,-0.37805,-0.357123,1.959716,2.18818
1.500542,-0.249551,-0.271551,1.853007,2.22441
1.039652,-0.249551,-0.27789,1.73947,2.258871
1.270097,-0.37805,-0.360292,1.6313,2.2937
1.270097,-0.892067,-0.788149,1.553515,2.308533
0.809207,-0.592228,-0.537774,1.447145,2.308533
0.809207,-0.677889,-0.708916,1.339688,2.308533
0.809207,-0.806407,-0.794488,1.266888,2.305513
0.578762,-0.892067,-0.9688,1.18075,2.27925
0.578762,-1.277584,-1.225514,1.094875,2.231827
0.348318,-1.320423,-1.228683,1.04382,2.185211
-0.573463,-1.406102,-1.498075,1.030122,2.137926
-0.573463,-1.191924,-0.984646,1.030122,2.088826
-1.034353,-1.320423,-1.333271,1.030122,2.0628
-1.495243,-0.892067,-0.911752,1.050754,2.027548
-1.495243,-0.892067,-0.826181,1.144185,1.998099
-1.495243,-0.763567,-0.740609,1.267101,1.974011
-1.725688,-0.121033,-0.23035,1.378177,1.956816
-1.956133,0.007467,-0.062377,1.492019,1.937287
-1.725688,-0.035372,0.026364,1.624066,1.902804
-1.725688,0.307305,0.368649,1.734322,1.859308
-1.956133,0.478644,0.451051,1.832005,1.810274
-1.495243,0.650002,0.542961,1.917448,1.750135
-1.264798,0.521484,0.460559,1.99424,1.68311
-1.034353,0.564323,0.463729,2.078297,1.605748
-0.803908,0.392984,0.381327,2.136869,1.515388
-0.343018,0.478644,0.644379,2.181387,1.402006
-0.343018,0.392984,0.473237,2.197532,1.317842
0.117872,0.650002,0.565147,2.198415,1.208396
-0.112573,0.521484,0.476406,2.198415,1.110237
0.348318,0.692823,0.653887,2.195186,1.034423
0.578762,0.650002,0.742628,2.166796,0.973655
0.348318,0.650002,0.653887,2.133984,0.940548
0.809207,0.521484,0.574655,2.092495,0.938
0.578762,0.350145,0.400342,2.041365,0.938
0.578762,0.435823,0.400342,1.985918,0.938
0.809207,0.478644,0.403512,1.919258,0.951986
0.578762,0.392984,0.400342,1.842992,0.982001
1.039652,0.307305,0.32111,1.763161,1.014298
1.039652,0.221645,0.32111,1.672257,1.046478
1.270097,0.178806,0.238708,1.561546,1.081321
1.039652,0.350145,0.406681,1.457305,1.119424
1.039652,0.307305,0.32111,1.35685,1.168365
1.039652,0.350145,0.32111,1.2585,1.224625
1.039652,0.264484,0.235538,1.162459,1.299821
1.039652,0.221645,0.235538,1.067992,1.383379
0.809207,-0.078212,-0.024345,1.001694,1.455448
1.039652,0.050306,0.064396,0.945565,1.529832
0.809207,-0.121033,-0.024345,0.90641,1.604674
0.578762,-0.206711,0.058057,0.87527,1.688866
-0.343018,0.135967,0.130951,0.867352,1.762328
-0.112573,0.221645,0.048549,0.867352,1.81261
-0.343018,0.435823,0.387665,0.867352,1.818787
-0.573463,0.264484,0.298925,0.872374,1.818787
-0.803908,0.478644,0.381327,0.891616,1.818787
-0.573463,0.307305,0.384496,0.928259,1.793726
-0.573463,0.435823,0.384496,0.975956,1.750002
-1.034353,0.564323,0.463729,1.036214,1.692083
-1.034353,0.435823,0.463729,1.092057,1.632789
-1.264798,0.178806,0.203845,1.143415,1.573356
-1.264798,0.135967,0.118274,1.20719,1.497148
-1.034353,0.050306,0.121443,1.273404,1.421529
-1.034353,-0.249551,-0.306414,1.344328,1.34108
-1.495243,-0.292372,-0.312752,1.423745,1.246414
-1.264798,-0.549389,-0.566297,1.506817,1.152883
-1.034353,-0.677889,-0.734271,1.598483,1.064689
-1.264798,-0.849246,-1.079726,1.701355,0.982052
-1.034353,-1.063406,-1.076556,1.793411,0.934833
-1.034353,-1.063406,-1.076556,1.885436,0.930167
-0.573463,-1.406102,-1.412503,1.953577,0.930167
-0.573463,-1.577441,-1.583646,2.002698,0.930667
-0.343018,-1.83444,-1.837191,2.046323,0.964293
0.117872,-1.534602,-1.574138,2.076771,1.014893
0.809207,-1.234745,-1.222345,2.089,1.11116
0.578762,-1.106245,-1.139943,2.089,1.218879
0.809207,-0.977746,-1.051202,2.089,1.331949
1.039652,-0.934906,-0.87689,2.086003,1.455636
1.039652,-0.720728,-0.705747,2.070511,1.560969
1.039652,-0.677889,-0.620176,2.050178,1.640388
1.039652,-0.677889,-0.620176,2.007927,1.760196
0.809207,-0.335211,-0.366631,1.940547,1.871877
0.809207,-0.292372,-0.281059,1.859587,1.976123
0.578762,-0.121033,-0.113086,1.784089,2.040171
0.578762,-0.078212,-0.027514,1.707779,2.098713
0.578762,0.135967,0.143628,1.641761,2.143479
0.578762,0.264484,0.314771,1.574052,2.15295
0.348318,0.521484,0.568316,1.476409,2.15295
-0.112573,0.435823,0.476406,1.369254,2.15295
0.117872,1.164018,0.907432,1.289848,2.132469
-0.112573,0.82134,0.818692,1.223591,2.084325
-0.343018,0.907001,0.815522,1.167475,2.021763
-0.573463,0.992679,0.983496,1.107812,1.932136
-0.573463,0.864162,0.897924,1.053609,1.887221
-1.034353,0.735662,0.634871,1.013266,1.840963
-1.034353,0.564323,0.463729,1.012,1.803476
-1.495243,0.564323,0.542961,1.012,1.759777
-1.495243,0.135967,0.029533,1.0126,1.720241
-1.034353,-0.163872,-0.135271,1.033,1.65965
-1.495243,-0.37805,-0.398324,1.067357,1.583913
-1.495243,-0.420889,-0.398324,1.143644,1.463488
-1.264798,-0.50655,-0.566297,1.221863,1.373738
-1.034353,-0.335211,-0.477557,1.331239,1.139565
-1.264798,-0.420889,-0.395155,1.427827,0.852952
-0.803908,-0.50655,-0.559959,1.52258,0.83473
0.117872,-0.206711,-0.204996,1.619207,0.83473
0.348318,-0.292372,-0.201827,1.701628,0.83473
0.578762,-0.206711,-0.198657,1.792871,0.849497
0.348318,-0.292372,-0.287398,1.868949,0.915141
0.348318,-0.335211,-0.287398,1.934582,0.983431
0.809207,-0.206711,-0.195488,1.987512,1.053842
1.039652,0.050306,0.149967,2.0246,1.133267
1.270097,0.093127,0.153136,2.0285,1.201922
1.039652,0.093127,0.149967,2.0285,1.282412
1.039652,0.607162,0.577824,2.026312,1.347721
1.270097,-0.035372,-0.018007,1.993248,1.387873
1.500542,0.007467,-0.014837,1.932987,1.426729
1.500542,0.050306,-0.014837,1.833145,1.46919
1.270097,0.093127,0.067565,1.735006,1.499723
1.270097,-0.206711,-0.189149,1.659547,1.541973
1.270097,-0.292372,-0.274721,1.5709,1.579297
1.500542,-0.206711,-0.271551,1.47021,1.611454
1.270097,-0.549389,-0.617006,1.352904,1.677314
1.270097,-0.763567,-0.87372,1.259722,1.735236
1.039652,-1.106245,-1.133604,1.166726,1.804725
1.039652,-1.149084,-0.87689,1.086059,1.875004
1.039652,-1.491762,-1.47589,1.008571,1.949202
0.809207,-1.491762,-1.56463,0.944738,2.014446
0.348318,-1.620262,-1.742112,0.928994,2.073935
0.348318,-1.920119,-1.913254,0.928994,2.117775
0.348318,-2.005779,-1.998826,0.928994,2.15107
-0.112573,-2.177136,-2.176307,0.969334,2.176653
-0.573463,-2.262797,-2.268217,1.064351,2.188242
-1.264798,-2.005779,-2.021011,1.119463,2.190914
-1.264798,-1.877279,-1.849868,1.18379,2.192031
-1.264798,-1.791619,-1.764297,1.272744,2.193526
-1.725688,-1.363263,-1.42835,1.369521,2.196832
-1.725688,-1.320423,-1.342778,1.461066,2.201488
-1.264798,-0.977746,-1.33644,1.517426,2.202919
-1.725688,-0.849246,-0.914922,1.577105,2.202919
-1.956133,-0.806407,-0.746948,1.674626,2.202919
-1.725688,-0.463729,-0.487065,1.781507,2.188465
-1.956133,-0.121033,-0.23352,1.88825,2.15775
-1.725688,-0.121033,-0.144779,1.990714,2.106586
-1.725688,-0.078212,-0.059208,2.058806,2.060301
-1.956133,0.093127,0.023194,2.131604,1.992135
-1.956133,0.392984,0.279909,2.197038,1.911677
-1.495243,0.135967,0.200676,2.240789,1.832598
-1.725688,0.264484,0.197507,2.283736,1.743018
-1.495243,0.564323,0.542961,2.310374,1.655943
-1.956133,0.435823,0.451051,2.3233,1.567427
-1.495243,0.392984,0.371819,2.334817,1.460125
-1.264798,0.307305,0.289417,2.336867,1.360951
-1.495243,0.135967,0.115105,2.336867,1.272744
-1.264798,0.050306,0.118274,2.336438,1.131666
-1.495243,0.050306,0.029533,2.326062,1.031849
-1.495243,-0.37805,-0.398324,2.301879,0.946059
-1.034353,-0.592228,-0.648699,2.2865,0.8875
-1.495243,-0.677889,-0.740609,2.263664,0.860924
-1.495243,-0.977746,-0.997324,2.246959,0.859824
-1.264798,-1.149084,-1.165297,2.223396,0.859824
-1.034353,-1.277584,-1.247699,2.199914,0.863825
-0.573463,-1.406102,-1.326932,2.17975,0.897875
-0.112573,-1.577441,-1.577307,2.167611,0.959687
0.117872,-1.534602,-1.574138,2.159625,1.024875
-0.112573,-1.74878,-1.834022,2.1457,1.122875
1.270097,-1.962958,-1.900577,2.123092,1.228336
1.270097,-1.962958,-1.900577,2.107173,1.347863
1.270097,-1.791619,-1.729434,2.09864,1.47286
1.500542,-1.363263,-1.38398,2.0884,1.5947
1.500542,-1.106245,-1.127265,2.059896,1.718533
1.039652,-1.020585,-0.962461,2.020704,1.841364
1.270097,-0.806407,-0.788149,1.969256,1.947986
1.500542,-0.677889,-0.613837,1.922777,2.036879
1.730988,-0.420889,-0.439525,1.850098,2.132527
1.500542,-0.50655,-0.442694,1.765815,2.213582
1.270097,-0.37805,-0.360292,1.656084,2.29453
1.270097,-0.37805,-0.360292,1.544158,2.35662
1.270097,-0.249551,-0.274721,1.432622,2.399834
1.500542,-0.078212,-0.100409,1.311983,2.415
0.809207,0.093127,0.146798,1.204802,2.415
1.039652,0.350145,0.32111,1.094816,2.415
0.809207,0.435823,0.745797,1.002128,2.399618
0.578762,0.650002,0.657057,0.92432,2.353618
0.348318,0.435823,0.568316,0.866782,2.286324
0.348318,0.650002,0.653887,0.835971,2.210713
0.117872,0.992679,1.078575,0.829825,2.125569
-0.343018,1.335357,1.414522,0.829825,2.02747
-0.112573,1.463857,1.503263,0.829825,1.934585
-0.112573,1.506696,1.503263,0.845618,1.793314
-0.112573,1.506696,1.503263,0.886298,1.66587
-0.112573,1.206858,1.160977,0.900139,1.554098
-0.112573,1.249679,1.246548,0.906646,1.481497
-0.573463,1.335357,1.24021,0.909607,1.434902
-0.343018,1.335357,1.243379,0.928932,1.339538
-0.573463,1.164018,1.154638,0.957648,1.226406
-0.343018,1.206858,1.157808,0.986846,1.125497
-0.573463,0.864162,0.812353,1.012576,1.045535
-0.573463,0.82134,0.812353,1.048509,0.976558
-0.343018,0.735662,0.729951,1.112317,0.860203
-0.112573,0.307305,0.305263,1.194694,0.743
-0.573463,-0.035372,0.04221,1.260868,0.743
-0.573463,-0.206711,-0.214504,1.304942,0.743
-0.112573,-0.163872,-0.293737,1.35775,0.758
0.348318,-0.635068,-0.629684,1.396221,0.823361
0.578762,-0.892067,-0.883228,1.415325,0.910766
0.348318,-1.020585,-0.971969,1.415433,1.013803
0.578762,-1.063406,-1.054371,1.415433,1.156477
0.578762,-1.149084,-1.139943,1.414659,1.275555
1.039652,-1.663101,-1.561461,1.408479,1.425812
0.809207,-1.791619,-1.821344,1.407411,1.550512
0.809207,-1.83444,-1.821344,1.407411,1.698228
0.578762,-1.920119,-1.910085,1.407411,1.828562
-0.112573,-2.134297,-2.176307,1.415536,1.943374
-0.573463,-2.134297,-2.182646,1.430768,2.050059
-1.034353,-2.005779,-2.103413,1.465613,2.151318
-1.034353,-1.74878,-1.761128,1.51475,2.21975
-0.803908,-1.577441,-1.586815,1.578884,2.2531
-1.034353,-1.149084,-1.247699,1.647315,2.2545
-1.264798,-1.149084,-1.165297,1.717861,2.2545
-1.034353,-0.763567,-0.819842,1.79735,2.25145
-1.495243,-0.934906,-0.826181,1.87984,2.207473
-1.725688,-0.463729,-0.487065,1.933825,2.155075
-1.495243,-0.635068,-0.655038,1.982818,2.094589
-1.495243,-0.163872,-0.14161,2.021826,2.009399
-1.495243,0.007467,-0.056038,2.072597,1.902998
-1.495243,-0.035372,0.029533,2.12005,1.810007
-1.264798,0.050306,0.032702,2.152173,1.699325
-1.495243,0.607162,0.542961,2.161584,1.62481
-1.264798,0.521484,0.546131,2.174196,1.522939
-1.495243,0.435823,0.628533,2.187308,1.393092
-0.803908,0.907001,0.809184,2.1875,1.289886
-0.343018,0.307305,0.387665,2.1875,1.177771
-0.112573,0.392984,0.305263,2.183273,1.094563
-0.343018,0.135967,0.130951,2.154958,1.015635
-0.803908,-0.121033,-0.132102,2.111725,0.930931
-0.343018,-0.292372,-0.211335,2.070016,0.867254
-0.803908,-0.292372,-0.388816,2.006427,0.802613
-0.343018,-0.635068,-0.639191,1.943299,0.766272
0.117872,-1.063406,-1.146281,1.875063,0.763196
-0.112573,-1.149084,-1.149451,1.806171,0.763196
0.578762,-0.977746,-1.225514,1.751589,0.763684
0.809207,-0.977746,-0.96563,1.69498,0.790548
1.039652,-0.677889,-0.620176,1.644412,0.859895
1.500542,-1.063406,-1.041694,1.613686,0.942397
1.500542,-0.806407,-0.699408,1.596996,1.027608
1.730988,-0.635068,-0.610668,1.577856,1.120798
1.500542,-0.677889,-0.613837,1.574023,1.213705
1.730988,-0.206711,-0.610668,1.573243,1.308856
1.270097,-0.206711,-0.103578,1.571294,1.437819
1.270097,-0.163872,-0.189149,1.569287,1.553924
1.500542,-0.078212,-0.100409,1.566942,1.670324
1.270097,0.050306,0.067565,1.557436,1.793411
1.270097,0.093127,0.067565,1.533063,1.903911
1.039652,0.093127,0.064396,1.49475,1.998639
1.039652,0.521484,0.920109,1.442434,2.088141
0.809207,0.435823,0.403512,1.368163,2.167721
0.809207,0.521484,0.574655,1.276391,2.229379
0.578762,0.564323,0.571485,1.18947,2.259674
0.348318,0.94984,0.910602,1.083329,2.266
0.578762,0.907001,0.913771,0.99184,2.266
0.348318,1.206858,1.252887,0.898721,2.2641
0.578762,1.121179,1.084914,0.810229,2.227294
0.117872,1.164018,1.164146,0.743743,2.170318
-0.112573,1.07834,1.160977,0.730267,2.092624
-0.112573,1.335357,1.246548,0.730267,2.014043
-0.343018,1.335357,1.328951,0.730267,1.912453
-0.112573,1.378196,1.33212,0.751455,1.835763
0.117872,1.549535,1.506432,0.777811,1.721969
-0.112573,1.421018,1.33212,0.79759,1.617929
-0.112573,1.249679,1.246548,0.824053,1.493043
-0.112573,1.07834,1.075406,0.849409,1.372649
-1.034353,0.992679,0.977157,0.861231,1.302173
-0.573463,0.735662,0.726782,0.87048,1.206969
-1.034353,0.735662,0.720443,0.876909,1.100438
-1.034353,0.607162,0.634871,0.886972,0.96476
-1.264798,0.350145,0.374988,0.900612,0.866653
-1.264798,0.221645,0.289417,0.948998,0.78008
-1.034353,0.135967,0.121443,1.020927,0.717885
-1.034353,-0.121033,-0.135271,1.098661,0.673939
-1.264798,-0.249551,-0.224012,1.190451,0.652189
-1.495243,-0.420889,-0.398324,1.278463,0.651089
-1.034353,-0.335211,-0.306414,1.387534,0.651089
-0.803908,-0.677889,-0.731101,1.501546,0.652464
-1.264798,-1.063406,-1.165297,1.606184,0.673954
-1.264798,-1.363263,-1.422011,1.706329,0.708462
-0.343018,-1.577441,-1.494905,1.789352,0.745684
-0.343018,-1.406102,-1.494905,1.869891,0.803803
-0.573463,-1.234745,-1.326932,1.936003,0.867491
-0.343018,-1.149084,-1.067048,1.997859,0.958969
-0.343018,-1.320423,-1.238191,2.052913,1.043801
-0.343018,-0.977746,-0.981477,2.104579,1.149693
-0.343018,-0.977746,-0.895906,2.144364,1.256875
-0.112573,-0.592228,-0.464879,2.151228,1.364526
-0.343018,-0.463729,-0.468049,2.151228,1.479191
-0.803908,-0.206711,0.039041,2.151228,1.582711
-0.803908,-0.035372,0.124612,2.138831,1.667428
-0.343018,0.050306,0.130951,2.083443,1.770261
-0.803908,0.435823,0.552469,2.017069,1.865177
-0.573463,0.478644,0.555639,1.960309,1.916096
-0.343018,0.435823,0.473237,1.915569,1.917795
-0.343018,0.650002,0.729951,1.878411,1.917795
0.117872,0.478644,0.479575,1.835495,1.909313
-0.112573,0.992679,0.904263,1.778078,1.851449
-0.112573,1.035519,1.075406,1.727113,1.759332
0.117872,1.164018,1.164146,1.686125,1.647125
0.578762,1.292518,1.084914,1.649129,1.538209
0.348318,1.121179,1.167316,1.609457,1.421873
0.348318,0.907001,0.910602,1.56873,1.319585
0.578762,0.907001,0.913771,1.516571,1.2276
0.578762,0.778501,0.742628,1.471125,1.1595
0.809207,0.650002,0.745797,1.41755,1.09843
0.809207,0.650002,0.574655,1.36599,1.06356
0.809207,0.478644,0.574655,1.288743,1.0495
0.578762,0.307305,0.400342,1.224509,1.0495
0.809207,0.264484,0.232369,1.147953,1.0495
1.039652,0.093127,0.149967,1.079108,1.05725
1.039652,0.007467,0.064396,1.025985,1.094641
1.270097,-0.163872,-0.189149,1.000125,1.148
1.270097,-0.206711,-0.189149,0.967385,1.211382
1.270097,-0.37805,-0.360292,0.932865,1.285954
1.500542,-0.463729,-0.528266,0.906027,1.37862
1.270097,-0.677889,-0.445864,0.896905,1.463686
1.270097,-0.806407,-0.788149,0.895951,1.55982
1.039652,-0.849246,-0.791318,0.895951,1.654418
1.039652,-1.106245,-1.048033,0.898269,1.740498
0.809207,-1.406102,-1.393487,0.909423,1.824791
0.578762,-1.320423,-1.311085,0.966861,1.897551
0.348318,-1.663101,-1.314255,1.133675,1.980128
0.348318,-1.620262,-1.65654,1.205834,2.027946
0.348318,-1.577441,-1.570969,1.272938,2.057485
0.348318,-1.363263,-1.399826,1.343686,2.079014
0.117872,-1.020585,-1.06071,1.4226,2.081148
0.117872,-0.892067,-1.06071,1.516405,2.081148
0.348318,-0.977746,-0.886398,1.553506,2.079402
0.117872,-0.849246,-0.803996,1.57201,2.061539
0.578762,-0.592228,-0.455371,1.594997,2.045077
-0.343018,-0.335211,-0.382477,1.6054,2.021398
-0.803908,0.007467,0.210184,1.614032,1.992143
-0.573463,0.221645,0.298925,1.614407,1.948644
-0.343018,0.478644,0.216522,1.614407,1.896215
-0.803908,0.307305,0.210184,1.612284,1.835658
-1.264798,0.135967,0.203845,1.602461,1.76449
-1.034353,0.307305,0.292586,1.600359,1.662416
-1.034353,0.350145,0.378157,1.600359,1.556149
-1.264798,0.564323,0.460559,1.600359,1.447296
-1.034353,0.478644,0.5493,1.605502,1.337259
-1.495243,0.478644,0.45739,1.624803,1.234369
-1.264798,0.350145,0.374988,1.660485,1.126566
-1.725688,0.135967,0.111935,1.709774,1.025125
-1.264798,-0.292372,-0.224012,1.7623,0.9592
-1.495243,-0.206711,-0.312752,1.83155,0.898725
-1.034353,-0.635068,-0.563128,1.90804,0.8603
-1.034353,-0.592228,-0.648699,1.975656,0.8535
-1.264798,-0.635068,-0.566297,2.045643,0.8535
-1.495243,-0.977746,-0.997324,2.085143,0.8535
-1.034353,-1.063406,-1.076556,2.114403,0.880638
-1.264798,-1.234745,-1.250868,2.138808,0.929939
-0.803908,-1.534602,-1.501244,2.146607,0.996447
-1.034353,-1.74878,-1.761128,2.1573,1.08345
-1.264798,-1.877279,-1.849868,2.167498,1.166087
-1.495243,-1.920119,-2.02418,2.180622,1.267208
0.348318,-1.320423,-1.314255,2.195722,1.389686
0.117872,-1.620262,-1.402995,2.209732,1.496021
0.809207,-1.491762,-1.479059,2.212581,1.614629
1.039652,-1.534602,-1.561461,2.212748,1.654
1.270097,-1.234745,-1.216006,2.213,1.698339
1.270097,-1.149084,-1.130435,2.208165,1.783726
1.270097,-0.977746,-0.959292,2.186965,1.873725
1.270097,-0.806407,-0.702578,2.111119,1.996314
1.270097,-0.677889,-0.531435,2.050624,2.079456
1.039652,-0.463729,-0.449033,1.99348,2.129138
1.039652,-0.078212,-0.021176,1.912617,2.171436
1.270097,0.007467,0.067565,1.846346,2.199272
1.270097,0.178806,0.153136,1.750081,2.232706
0.809207,0.007467,0.061226,1.652784,2.258432
0.809207,0.093127,0.061226,1.537185,2.271
0.578762,0.007467,0.058057,1.430291,2.271
0.578762,0.135967,0.400342,1.3279,2.271
0.578762,0.392984,0.314771,1.237299,2.26308
0.348318,0.307305,0.397173,1.1622,2.2306
0.117872,0.650002,0.650718,1.100125,2.187944
0.117872,0.864162,0.821861,1.028423,2.114011
0.117872,0.907001,0.821861,0.975242,2.028705
-0.112573,1.506696,1.417691,0.947581,1.933746
0.117872,1.249679,1.249718,0.940775,1.828475
-0.112573,1.506696,1.503263,0.939077,1.73948
0.117872,1.763714,1.677575,0.939052,1.607238
0.117872,1.849374,1.848718,0.939327,1.451259
-0.112573,1.335357,1.33212,0.939674,1.347099
-0.112573,1.421018,1.417691,0.939081,1.236544
-0.112573,1.421018,1.417691,0.939081,1.136299
-0.573463,1.506696,1.411353,0.939081,1.036512
-0.112573,1.121179,1.075406,0.936216,0.93211
-0.573463,1.07834,1.069067,0.9355,0.865342
-0.573463,0.992679,0.983496,0.9355,0.829142
-0.803908,0.564323,0.552469,0.935875,0.777569
-0.803908,0.564323,0.552469,0.94034,0.731792
-0.803908,0.607162,0.638041,0.956381,0.695165
-1.034353,0.607162,0.5493,0.980407,0.677428
-1.264798,0.521484,0.460559,1.01124,0.677233
-1.034353,0.307305,0.292586,1.052216,0.67629
-1.495243,0.221645,0.286247,1.1079,0.671988
-1.725688,-0.206711,-0.144779,1.174408,0.6709
-1.264798,-0.121033,-0.13844,1.260323,0.6709
-1.495243,-0.37805,-0.398324,1.364366,0.664767
-1.034353,-0.249551,-0.220842,1.423461,0.655904
-1.034353,-0.720728,-0.734271,1.501646,0.655304
-0.573463,-0.763567,-0.813504,1.592165,0.656904
-0.803908,-0.977746,-0.902244,1.664313,0.657478
-0.803908,-0.892067,-0.987816,1.734771,0.672088
0.578762,-1.106245,-1.054371,1.820333,0.71466
0.809207,-1.448923,-1.393487,1.903797,0.76893
0.809207,-1.363263,-1.307916,1.977897,0.829518
1.039652,-1.234745,-1.219175,2.035606,0.900616
1.270097,-1.320423,-1.301577,2.065867,0.969131
1.500542,-1.020585,-1.127265,2.069844,1.046098
1.500542,-0.934906,-0.956123,2.069844,1.145174
1.270097,-0.806407,-0.702578,2.069338,1.236809
1.500542,-0.677889,-0.699408,2.049395,1.354071
1.500542,-0.463729,-0.442694,2.005063,1.475082
1.270097,-0.37805,-0.360292,1.951037,1.582108
1.500542,0.007467,-0.014837,1.897341,1.690029
1.270097,-0.078212,-0.103578,1.84226,1.793185
1.270097,-0.121033,-0.103578,1.775986,1.905036
1.270097,-0.078212,-0.018007,1.704,2.00025
1.270097,-0.078212,-0.103578,1.626022,2.087158
1.039652,0.264484,0.235538,1.530655,2.156915
0.809207,0.435823,0.574655,1.433099,2.220624
0.809207,0.521484,0.489083,1.343842,2.264177
0.809207,0.564323,0.574655,1.247322,2.276833
0.809207,0.692823,1.002512,1.15575,2.276833
0.578762,0.94984,0.913771,1.070262,2.276833
0.348318,0.907001,0.996173,0.982165,2.259137
0.348318,0.992679,0.996173,0.917976,2.205571
0.348318,1.121179,1.167316,0.868505,2.136408
0.348318,1.335357,1.338459,0.841345,2.06974
-0.112573,1.592375,1.503263,0.821391,1.985175
0.348318,1.292518,1.081744,0.811364,1.889503
-0.112573,1.035519,1.075406,0.803,1.78917
0.117872,1.164018,1.078575,0.803,1.691556
-0.112573,0.94984,0.989834,0.80306,1.542984
-0.112573,1.07834,1.075406,0.803956,1.435599
-0.343018,1.035519,0.986665,0.804844,1.323181
-0.343018,1.035519,0.901094,0.80525,1.22706
-0.112573,1.164018,1.160977,0.813416,1.12412
-1.034353,0.650002,0.720443,0.833375,1.02075
-0.803908,0.607162,0.638041,0.857594,0.949471
-1.034353,0.607162,0.634871,0.91289,0.860821
-0.803908,0.735662,0.723612,0.966957,0.805925
-1.264798,0.564323,0.546131,1.034822,0.767351
-1.264798,0.564323,0.460559,1.111414,0.7407
-0.803908,0.478644,0.466898,1.198242,0.72251
-0.573463,0.350145,0.384496,1.286371,0.703765
-0.112573,0.564323,0.305263,1.378681,0.684821
-1.034353,0.221645,0.292586,1.466154,0.668546
-0.803908,0.221645,0.210184,1.553372,0.661132
-0.573463,0.135967,0.04221,1.647736,0.661
-0.112573,-0.035372,0.219692,1.735218,0.661
-0.112573,-0.206711,-0.208165,1.814774,0.66475
0.348318,0.050306,-0.030684,1.88209,0.692875
0.117872,-0.035372,-0.033853,1.939374,0.741532
0.578762,-0.035372,-0.027514,1.968139,0.793087
0.348318,-0.078212,-0.116255,1.968139,0.851748
0.348318,0.093127,0.140459,1.968139,0.905836
1.039652,-0.121033,-0.021176,1.957556,0.970269
1.039652,-0.163872,-0.192319,1.911656,1.028493
1.270097,-0.121033,-0.189149,1.851166,1.094316
1.270097,-0.121033,-0.189149,1.784014,1.158035
1.270097,-0.163872,-0.103578,1.711756,1.232712
1.500542,-0.035372,-0.014837,1.636587,1.30886
1.500542,-0.121033,-0.100409,1.551407,1.389493
1.270097,-0.163872,-0.189149,1.478828,1.454374
1.270097,-0.206711,-0.189149,1.407528,1.525835
1.270097,-0.50655,-0.274721,1.341767,1.595351
1.500542,-0.50655,-0.442694,1.278394,1.652519
1.730988,-0.37805,-0.353953,1.211186,1.712179
1.730988,-0.635068,-0.610668,1.114563,1.807676
1.500542,-0.892067,-0.870551,1.030028,1.911155
1.270097,-1.063406,-1.044863,0.979454,1.987025
1.730988,-0.934906,-0.952953,0.954391,2.019152
1.039652,-1.491762,-1.47589,0.953212,2.04611
1.039652,-1.577441,-1.647032,0.953212,2.083632
0.809207,-2.134297,-2.16363,0.962974,2.115611
0.348318,-2.262797,-2.25554,1.073011,2.138645
-0.573463,-2.005779,-2.097074,1.18238,2.158423
-0.343018,-2.091458,-2.008334,1.225287,2.173049
-0.573463,-1.74878,-1.754789,1.288411,2.229137
-0.803908,-1.83444,-1.757958,1.358948,2.283755
-1.034353,-1.448923,-1.504413,1.425851,2.306434
-1.264798,-0.549389,-0.480726,1.487988,2.32611
-1.725688,-0.292372,-0.315922,1.514633,2.33
-1.725688,-0.249551,-0.315922,1.538139,2.33
-1.495243,-0.206711,-0.227181,1.601333,2.33
-1.725688,0.093127,0.111935,1.702786,2.318665
-1.495243,0.178806,0.115105,1.791341,2.278183
-1.725688,0.392984,0.111935,1.880811,2.216787
-1.495243,0.178806,0.200676,1.935674,2.174323
-1.264798,0.307305,0.289417,1.997231,2.111669
-1.264798,0.221645,0.289417,2.058402,2.046966
-1.034353,0.392984,0.378157,2.105413,1.967367
-1.264798,0.607162,0.631702,2.151004,1.856146
-1.034353,0.650002,0.720443,2.178213,1.748769
-1.495243,0.992679,1.227533,2.191058,1.653192
-0.573463,1.335357,1.325781,2.206472,1.552258
-0.573463,1.592375,1.582495,2.226362,1.439729
-0.573463,1.506696,1.496924,2.227385,1.315384
-0.112573,1.249679,1.33212,2.227385,1.20768
-0.573463,1.292518,1.24021,2.226885,1.114911
-0.573463,1.164018,1.154638,2.210175,1.045965
-1.034353,1.07834,1.1483,2.191146,1.005603
-1.034353,0.94984,1.062728,2.1614,0.9434
-0.573463,0.650002,0.64121,2.117612,0.890796
-0.573463,0.521484,0.726782,2.0516,0.8401
-0.573463,0.307305,0.298925,1.985987,0.797673
-0.112573,0.178806,0.305263,1.911451,0.762238
-0.573463,-0.121033,-0.128932,1.832273,0.729858
-0.803908,-0.206711,-0.217673,1.756156,0.707215
-0.343018,-0.420889,-0.639191,1.665314,0.691742
-0.573463,-0.635068,-0.727932,1.575942,0.67558
-0.803908,-0.977746,-0.987816,1.485375,0.672
-1.034353,-1.406102,-1.504413,1.396673,0.672
-0.803908,-1.577441,-1.672387,1.310552,0.672
-0.803908,-1.74878,-1.672387,1.255152,0.677736
0.117872,-1.577441,-1.574138,1.237857,0.694688
0.117872,-1.74878,-1.745281,1.237857,0.712795
0.809207,-1.620262,-1.650202,1.237857,0.735386
1.270097,-1.363263,-1.301577,1.253251,0.769402
1.270097,-1.277584,-1.301577,1.304453,0.813317
1.500542,-0.892067,-0.870551,1.373264,0.867361
1.270097,-0.849246,-0.87372,1.442595,0.920521
1.270097,-0.50655,-0.445864,1.520277,0.992712
1.500542,-0.206711,-0.271551,1.5988,1.0738
1.270097,-0.463729,-0.445864,1.67669,1.156161
1.270097,0.093127,0.153136,1.73131,1.223894
1.500542,0.135967,0.156306,1.785052,1.321785
1.270097,-0.035372,-0.018007,1.831737,1.415497
1.270097,0.307305,0.238708,1.878962,1.51925
1.270097,0.307305,0.324279,1.934451,1.617819
1.039652,0.350145,0.406681,1.974764,1.70104
1.039652,0.478644,0.492253,2.000579,1.790591
0.809207,0.650002,0.660226,2.00196,1.881335
0.809207,0.692823,0.745797,2.00196,1.949792
0.809207,0.992679,1.002512,1.999846,2.014814
0.809207,0.907001,1.344797,1.975712,2.065881
0.809207,1.206858,1.173654,1.904325,2.112397
0.578762,1.121179,1.256056,1.813062,2.150358
0.348318,1.421018,1.338459,1.717211,2.190875
-0.112573,1.678035,1.674405,1.621039,2.227299
0.348318,1.421018,1.42403,1.496466,2.262151
0.117872,1.635196,1.592003,1.360034,2.27141
-0.112573,1.678035,1.588834,1.24752,2.27141
-0.112573,1.935053,1.845548,1.152286,2.270963
-0.112573,1.678035,1.674405,1.062235,2.264396
-0.112573,1.592375,1.588834,0.971021,2.238626
-0.343018,1.335357,1.328951,0.873285,2.192591
-0.112573,1.463857,1.503263,0.799796,2.132995
-0.112573,1.592375,1.503263,0.750611,2.069257
-0.112573,1.549535,1.503263,0.711801,1.9904
-0.573463,1.421018,1.325781,0.690615,1.900115
-0.112573,0.907001,0.989834,0.690615,1.809377
-0.343018,0.992679,0.986665,0.690615,1.6917
-0.343018,0.735662,0.901094,0.692404,1.5815
-0.343018,0.82134,0.815522,0.706983,1.455571
0.117872,0.307305,0.308432,0.722626,1.347978
-0.112573,0.135967,0.13412,0.737398,1.231494
-0.343018,0.221645,0.130951,0.751022,1.112239
-0.112573,-0.121033,0.305263,0.761808,1.012128
0.348318,-0.078212,-0.201827,0.77758,0.906147
0.117872,-0.249551,-0.204996,0.800494,0.819239
0.578762,-0.635068,-0.626514,0.837018,0.742565
0.578762,-0.720728,-0.626514,0.889242,0.677941
0.578762,-0.806407,-0.797657,0.942352,0.635646
0.809207,-0.934906,-0.880059,1.000333,0.607318
1.270097,-1.191924,-1.216006,1.067928,0.6035
1.039652,-1.277584,-1.219175,1.14659,0.6035
1.270097,-1.577441,-1.558292,1.224761,0.603847
1.039652,-1.620262,-1.647032,1.283952,0.624199
0.578762,-1.74878,-1.738942,1.3268,0.666979
0.348318,-1.74878,-1.742112,1.350625,0.71925
0.117872,-2.219957,-2.258709,1.369293,0.789315
-0.112573,-2.305636,-2.261879,1.3806,0.875844
-0.573463,-2.519814,-2.353789,1.38235,0.980362
-0.803908,-2.434135,-2.356958,1.38235,1.097777
-1.264798,-2.091458,-1.849868,1.381975,1.213486
-1.495243,-1.83444,-1.767466,1.376038,1.358788
-1.725688,-1.277584,-1.513921,1.367875,1.482826
-1.034353,-1.149084,-1.076556,1.3675,1.620977
-1.725688,-0.420889,-0.401493,1.3675,1.741442
-1.495243,-0.121033,-0.227181,1.368286,1.839669
-1.725688,-0.163872,-0.059208,1.380962,1.950711
-1.495243,0.050306,0.115105,1.4096,2.0321
-1.956133,0.350145,0.279909,1.454052,2.104057
-1.725688,0.350145,0.283078,1.520755,2.153386
-1.264798,0.350145,0.289417,1.586497,2.179351
-1.725688,0.521484,0.454221,1.660076,2.186958
-1.725688,0.521484,0.454221,1.689,2.187407
-1.495243,0.650002,0.542961,1.747375,2.187407
-1.495243,0.650002,0.714104,1.832847,2.187407
-1.034353,0.564323,0.5493,1.911375,2.177875
-1.034353,0.521484,0.5493,1.988291,2.143106
-1.034353,0.650002,0.5493,2.061584,2.090952
-1.034353,0.307305,0.378157,2.116045,2.043569
-0.803908,0.307305,0.295755,2.153,1.991766
-0.573463,0.135967,0.04221,2.181437,1.930433
-0.803908,0.050306,0.039041,2.209306,1.832542
-0.573463,0.050306,-0.043361,2.239406,1.711745
-0.112573,-0.806407,-0.892736,2.244231,1.60775
0.809207,-0.763567,-0.794488,2.247271,1.526431
1.039652,-0.849246,-0.791318,2.248677,1.417961
1.270097,-0.849246,-0.788149,2.248427,1.319318
1.270097,-0.549389,-0.531435,2.245305,1.195834
1.500542,-0.549389,-0.528266,2.242046,1.101155
1.270097,-0.37805,-0.445864,2.22769,1.015847
1.270097,-0.078212,-0.103578,2.197398,0.929007
1.270097,0.007467,0.067565,2.171213,0.873502
1.500542,-0.078212,-0.014837,2.138827,0.833308
1.270097,0.093127,0.153136,2.078411,0.797199
1.039652,0.264484,0.492253,2.020238,0.772512
1.500542,0.350145,0.584163,1.948843,0.77
1.270097,0.607162,0.580993,1.887163,0.77
1.270097,0.564323,0.580993,1.828623,0.771432
1.039652,0.264484,0.235538,1.791672,0.783596
1.039652,0.435823,0.406681,1.772375,0.80206
0.809207,0.564323,0.574655,1.768,0.833203
0.578762,0.864162,0.913771,1.766216,0.886566
0.809207,1.249679,1.259226,1.7647,0.9619
0.809207,0.992679,1.088083,1.762597,1.047642
0.809207,1.07834,1.088083,1.759507,1.139312
0.578762,1.121179,1.084914,1.745515,1.251861
1.039652,1.249679,1.176824,1.719788,1.362408
0.348318,1.249679,1.338459,1.685095,1.487102
0.348318,1.292518,1.338459,1.629351,1.613369
0.117872,1.335357,1.335289,1.56875,1.731375
0.117872,1.678035,1.677575,1.514581,1.826551
0.117872,1.506696,1.506432,1.438364,1.941652
-0.112573,1.506696,1.503263,1.356828,2.035557
0.348318,1.763714,1.680744,1.254417,2.126299
-0.112573,1.249679,1.246548,1.162875,2.18575
-0.573463,1.249679,1.24021,1.060608,2.227214
-1.034353,1.206858,1.233871,0.973175,2.23187
-1.264798,1.035519,1.059559,0.888103,2.23187
-1.264798,1.035519,0.973988,0.802758,2.231517
-0.343018,0.82134,0.901094,0.71805,2.208493
-1.034353,0.650002,0.634871,0.658962,2.146522
-1.264798,0.478644,0.546131,0.622025,2.070066
-1.495243,0.478644,0.45739,0.612229,1.984164
-1.264798,0.435823,0.460559,0.612229,1.895968
-1.495243,0.264484,0.200676,0.612229,1.815812
-1.725688,0.135967,0.111935,0.619214,1.763552
-1.725688,-0.121033,-0.059208,0.638696,1.717793
-1.956133,-0.463729,-0.404662,0.659879,1.609709
-1.956133,-0.37805,-0.404662,0.692229,1.527081
-1.495243,-0.635068,-0.569467,0.708565,1.434488
-1.495243,-0.806407,-0.826181,0.721426,1.330491
-1.495243,-0.849246,-0.826181,0.736888,1.235664
-1.495243,-0.720728,-1.168466,0.766044,1.094577
-1.034353,-0.934906,-0.905414,0.81142,0.92076
-0.803908,-0.549389,-0.559959,0.858046,0.831287
-0.573463,-0.463729,-0.556789,0.898013,0.750911
-0.573463,-0.806407,-0.813504,0.948625,0.677125
-0.343018,-0.463729,-0.468049,1.005756,0.631404
-0.343018,-0.37805,-0.296906,1.07849,0.598233
-0.112573,0.007467,-0.037022,1.157339,0.57684
0.117872,-0.035372,-0.033853,1.241947,0.567452
-0.112573,-0.121033,-0.208165,1.331388,0.567407
1.039652,0.221645,0.235538,1.422419,0.567407
1.039652,0.007467,0.064396,1.557579,0.57116
1.039652,0.135967,0.064396,1.750942,0.590547
1.270097,0.093127,0.153136,1.830626,0.613013
1.039652,0.350145,0.406681,1.917355,0.645181
1.270097,0.350145,0.40985,1.997178,0.677239
1.270097,0.093127,0.153136,2.088096,0.723098
1.270097,0.178806,0.153136,2.1537,0.770704
1.270097,0.007467,0.067565,2.193801,0.836607
1.039652,-0.078212,0.064396,2.231191,0.892513
1.500542,-0.163872,-0.100409,2.25755,0.955309
1.500542,-0.292372,-0.271551,2.285025,1.023842
1.500542,-0.677889,-0.699408,2.37091,1.106318
1.270097,-0.635068,-0.531435,2.411,1.180875
1.270097,-1.020585,-0.959292,2.411,1.2695
1.270097,-1.191924,-1.044863,2.411,1.338293
1.039652,-1.149084,-1.219175,2.405113,1.404483
1.039652,-1.277584,-1.304747,2.382555,1.451657
0.578762,-1.577441,-1.5678,2.355207,1.476503
0.348318,-1.491762,-1.570969,2.281123,1.506732
0.809207,-1.83444,-1.906916,2.159078,1.563968
0.809207,-2.048618,-2.078059,2.06571,1.587323
0.348318,-1.920119,-1.998826,1.970084,1.599066
0.117872,-2.005779,-2.001995,1.855144,1.606858
-0.343018,-1.83444,-1.922762,1.734375,1.613688
-0.803908,-1.74878,-1.757958,1.609561,1.622115
-0.343018,-1.920119,-1.922762,1.480611,1.63225
-1.495243,-1.577441,-1.596323,1.349407,1.640817
-1.495243,-1.577441,-1.596323,1.252862,1.651
-1.034353,-1.234745,-1.076556,1.158643,1.675534
-1.495243,-0.892067,-0.911752,1.090242,1.707129
-1.725688,-0.763567,-0.743779,1.028551,1.748224
-1.725688,-0.50655,-0.487065,0.965537,1.807897
-1.725688,-0.335211,-0.401493,0.924056,1.864802
-1.264798,-0.420889,-0.395155,0.913362,1.915304
-1.725688,-0.249551,-0.315922,0.913362,1.966856
-1.495243,-0.078212,-0.14161,0.913362,2.008903
-1.495243,0.307305,-0.056038,0.966388,2.053963
-1.956133,0.135967,0.108766,1.098278,2.102747
-1.495243,0.307305,0.200676,1.166637,2.145637
-1.264798,0.478644,0.546131,1.243305,2.17615
-1.034353,0.650002,0.634871,1.322164,2.194416
-1.495243,0.82134,0.714104,1.406644,2.202828
-1.264798,0.607162,0.631702,1.491501,2.203805
-1.264798,1.035519,0.717274,1.527334,2.203805
-1.264798,0.692823,0.717274,1.55719,2.203644
-1.034353,0.735662,0.806014,1.628452,2.190536
-1.264798,0.82134,0.802845,1.725813,2.16947
-0.803908,1.035519,0.980326,1.801306,2.146597
-0.803908,1.292518,1.237041,1.875172,2.114357
-0.573463,1.206858,1.154638,1.944473,2.089457
-0.112573,1.249679,1.246548,2.005529,2.053774
-0.112573,1.249679,1.246548,2.061443,1.996574
0.117872,1.206858,1.249718,2.099084,1.936926
-0.112573,0.94984,0.989834,2.13765,1.856221
-0.343018,1.07834,0.986665,2.181,1.75288
-0.112573,1.07834,1.075406,2.210273,1.667583
0.348318,0.907001,0.82503,2.227289,1.583025
0.348318,1.07834,0.996173,2.242239,1.479376
0.348318,0.94984,0.996173,2.258661,1.383252
0.578762,0.82134,0.913771,2.261071,1.282115
0.578762,0.692823,0.742628,2.261071,1.200076
0.578762,0.692823,0.742628,2.260571,1.129793
0.809207,0.650002,0.660226,2.240466,1.053429
0.578762,0.650002,0.657057,2.21334,0.994253
0.809207,0.564323,0.574655,2.184726,0.937537
0.809207,0.564323,0.574655,2.150989,0.888815
0.809207,0.564323,0.574655,2.106873,0.849831
0.809207,0.607162,0.574655,2.045681,0.813698
0.578762,0.435823,0.485914,1.96958,0.785778
0.117872,0.478644,0.394004,1.899102,0.769059
0.348318,0.478644,0.482745,1.82914,0.76178
0.117872,0.221645,0.479575,1.751791,0.756228
0.117872,0.135967,0.13729,1.666,0.756103
0.117872,0.050306,0.051718,1.571741,0.756103
-0.573463,0.050306,-0.043361,1.478077,0.757562
-0.803908,-0.121033,-0.04653,1.401434,0.769244
-0.803908,-0.163872,-0.132102,1.321772,0.795272
-1.264798,-0.463729,-0.480726,1.26165,0.821442
-1.034353,-0.50655,-0.477557,1.202594,0.863052
-1.264798,-0.549389,-0.651869,1.139851,0.928905
-1.495243,-0.720728,-0.740609,1.095652,0.990886
-1.725688,-0.934906,-1.086064,1.055849,1.076645
-1.725688,-1.191924,-1.257207,1.02004,1.162791
-1.495243,-1.406102,-1.425181,0.994592,1.238238
-1.495243,-1.577441,-1.596323,0.973319,1.311338
-1.495243,-1.534602,-1.596323,0.95662,1.378933
-1.264798,-1.791619,-1.764297,0.954867,1.426546
-0.112573,-2.005779,-1.74845,0.954867,1.468529
0.117872,-2.091458,-2.001995,0.954867,1.482143
0.578762,-1.920119,-1.910085,0.971267,1.482143
0.809207,-1.74878,-1.56463,0.998104,1.482143
1.039652,-1.320423,-1.390318,1.026704,1.464966
1.039652,-1.277584,-1.304747,1.072133,1.430392
1.270097,-1.363263,-1.301577,1.12575,1.40025
1.500542,-1.063406,-1.041694,1.202228,1.366982
1.500542,-0.977746,-1.041694,1.286046,1.335042
1.270097,-0.592228,-0.617006,1.381088,1.293411
1.270097,-0.463729,-0.445864,1.48347,1.269846
1.270097,-0.249551,-0.189149,1.586553,1.255518
1.270097,-0.206711,-0.189149,1.711449,1.254438
1.270097,-0.035372,-0.189149,1.8294,1.254438
1.039652,0.564323,0.577824,1.920339,1.257813
1.039652,0.435823,0.492253,2.000802,1.292979
1.270097,0.94984,1.00885,2.078956,1.351651
0.809207,0.864162,0.831369,2.143277,1.425127
0.809207,0.907001,0.91694,2.204125,1.510625
0.578762,1.07834,1.084914,2.230933,1.599831
0.578762,1.035519,1.170485,2.2365,1.712626
0.348318,1.164018,1.252887,2.2365,1.80185
0.348318,1.421018,1.42403,2.2365,1.885112
0.117872,1.292518,1.335289,2.21935,1.962663
0.117872,1.07834,1.249718,2.160918,2.043379
-0.112573,1.421018,1.33212,2.075491,2.122362
-0.112573,1.335357,1.33212,1.984403,2.183239
0.117872,1.421018,1.420861,1.868896,2.248032
-0.343018,1.335357,1.243379,1.749311,2.300784
-0.573463,1.249679,1.24021,1.668871,2.342701
-0.803908,1.292518,1.237041,1.571393,2.346645
-1.034353,0.992679,0.977157,1.455867,2.346645
-0.573463,0.992679,0.983496,1.341767,2.346645
-1.034353,0.94984,0.977157,1.238998,2.323234
-1.034353,0.94984,0.977157,1.140817,2.274379
-1.034353,0.907001,0.806014,1.053584,2.19948
-1.264798,0.82134,0.802845,0.931894,2.108258
-1.495243,0.82134,0.799676,0.839106,2.010233
-0.803908,0.650002,0.552469,0.786723,1.893887
-1.034353,0.435823,0.378157,0.745057,1.768496
-0.573463,0.093127,0.213353,0.714391,1.637171
-0.573463,0.050306,0.04221,0.705,1.50788
-1.495243,-0.249551,-0.227181,0.70475,1.408496
-1.034353,-0.420889,-0.220842,0.700154,1.32364
-0.803908,-0.806407,-0.731101,0.691027,1.204102
-0.573463,-0.892067,-0.899075,0.688775,1.090065
-0.573463,-1.020585,-1.241361,0.702615,0.98066
-0.343018,-1.234745,-1.238191,0.726633,0.86994
-0.112573,-1.663101,-1.662879,0.756412,0.786791
-0.112573,-1.70594,-1.74845,0.798304,0.71657
0.117872,-1.534602,-1.574138,0.891598,0.664421
0.348318,-1.406102,-1.399826,0.988594,0.631396
0.809207,-1.491762,-1.479059,1.076893,0.606554
0.809207,-1.534602,-1.393487,1.33925,0.600242
1.270097,-1.063406,-1.044863,1.5519,0.600242
1.039652,-1.106245,-1.133604,1.640241,0.600242
1.039652,-1.149084,-1.219175,1.715922,0.61407
1.039652,-1.191924,-1.219175,1.789862,0.650131
1.039652,-1.234745,-1.133604,1.846043,0.696135
0.809207,-0.977746,-0.96563,1.886145,0.742959
0.809207,-0.977746,-1.051202,1.903527,0.788185
0.348318,-0.977746,-0.886398,1.909127,0.860452
0.348318,-0.892067,-0.971969,1.912842,0.927426
0.348318,-0.463729,-0.372969,1.918052,1.029865
0.117872,-0.463729,-0.46171,1.922209,1.126121
-0.112573,-0.37805,-0.379308,1.923718,1.211782
-0.112573,-0.121033,-0.122594,1.925505,1.307849
0.348318,-0.206711,-0.116255,1.934555,1.405855
-0.343018,0.135967,0.216522,1.942838,1.525496
-0.343018,0.392984,0.387665,1.944639,1.638608
-0.112573,0.392984,0.390835,1.944639,1.74127
-0.573463,0.735662,0.726782,1.944604,1.839075
-0.803908,0.992679,0.980326,1.920148,1.935239
-0.343018,0.82134,0.815522,1.873011,2.026457
-0.112573,1.121179,0.989834,1.813077,2.089117
-0.343018,1.07834,1.157808,1.741435,2.147251
-0.343018,1.249679,1.328951,1.655286,2.197576
-0.343018,1.463857,1.414522,1.573367,2.2375
0.117872,1.678035,1.677575,1.489448,2.264403
-0.343018,1.335357,1.414522,1.423784,2.267
-0.343018,1.763714,1.756808,1.379809,2.267
0.578762,1.635196,1.683913,1.354066,2.266761
0.348318,1.378196,1.42403,1.351,2.253898
0.117872,1.463857,1.420861,1.351,2.190623
0.578762,1.335357,1.427199,1.351,2.108076
0.578762,1.506696,1.598342,1.36403,2.022136
0.578762,1.421018,1.512771,1.383017,1.913
0.578762,1.506696,1.512771,1.415133,1.79874
0.809207,1.463857,1.51594,1.448417,1.686194
0.348318,1.506696,1.42403,1.478279,1.581039
0.348318,1.421018,1.42403,1.498085,1.473018
0.348318,1.421018,1.42403,1.504,1.368978
-0.112573,1.164018,1.075406,1.504,1.272031
-0.112573,1.121179,1.075406,1.504,1.195632
-0.343018,1.035519,0.901094,1.49593,1.111365
-0.343018,0.907001,0.901094,1.466547,1.03604
-0.343018,0.907001,0.986665,1.420469,0.950356
-0.573463,0.82134,0.812353,1.378994,0.878863
-0.112573,0.778501,0.904263,1.343131,0.825382
-0.803908,0.307305,0.295755,1.301125,0.778375
-1.034353,0.093127,0.121443,1.254744,0.746038
-0.803908,0.135967,0.124612,1.202931,0.743063
-1.034353,-0.163872,-0.220842,1.141276,0.743063
-0.573463,-0.335211,-0.300075,1.079733,0.743188
-1.264798,-0.463729,-0.480726,1.0545,0.768648
-1.495243,-0.849246,-0.911752,1.0545,0.815042
-1.725688,-0.849246,-0.914922,1.0545,0.85839
-1.495243,-1.320423,-1.254038,1.064119,0.90377
-1.264798,-1.234745,-1.422011,1.081179,0.931975
-1.264798,-1.620262,-1.764297,1.083768,0.931975
-0.803908,-1.791619,-1.757958,1.085169,0.931975
-0.573463,-1.920119,-1.754789,1.085446,0.91338
0.578762,-1.663101,-1.738942,1.0825,0.85675
0.578762,-1.70594,-1.738942,1.085843,0.821047
1.039652,-1.620262,-1.561461,1.091186,0.786047
1.039652,-1.020585,-1.048033,1.095989,0.754023
0.809207,-1.106245,-1.136773,1.131948,0.748719
1.270097,-1.063406,-1.044863,1.177057,0.748719
1.270097,-0.806407,-0.87372,1.292119,0.748719
1.270097,-0.677889,-0.702578,1.41975,0.76743
1.270097,-0.463729,-0.445864,1.542705,0.785948
1.270097,-0.335211,-0.274721,1.65944,0.812395
1.270097,-0.163872,0.067565,1.764386,0.85514
1.270097,0.050306,0.067565,1.855363,0.917095
1.039652,0.135967,0.149967,1.958026,0.994815
1.039652,0.050306,0.064396,2.03925,1.072375
1.270097,0.478644,0.495422,2.116706,1.172803
1.039652,0.521484,0.492253,2.170409,1.275093
0.809207,0.521484,0.489083,2.199337,1.369744
0.809207,0.778501,0.660226,2.208426,1.489627
0.578762,0.778501,0.742628,2.208426,1.589237
0.578762,0.778501,0.742628,2.208426,1.702098
0.348318,0.864162,0.82503,2.189857,1.83425
-0.112573,1.249679,1.160977,2.13094,1.94408
0.578762,1.07834,1.084914,2.056701,2.047207
0.578762,0.82134,0.828199,1.984507,2.122505
0.578762,0.735662,0.828199,1.897547,2.184526
0.117872,0.864162,0.821861,1.776424,2.237356
0.578762,0.564323,0.571485,1.654944,2.276256
1.039652,0.392984,0.406681,1.53543,2.286
0.578762,0.135967,0.143628,1.4045,2.286
0.809207,-0.335211,-0.366631,1.29459,2.286
0.809207,-0.078212,-0.109917,1.186977,2.275615
0.809207,-0.249551,-0.195488,1.111911,2.253994
0.809207,-0.292372,-0.366631,1.029177,2.209675
1.270097,-0.635068,-0.531435,0.954428,2.138709
1.039652,-0.635068,-0.620176,0.893961,2.057221
1.039652,-0.892067,-0.962461,0.848672,1.965218
1.270097,-0.977746,-1.044863,0.807364,1.858421
1.039652,-0.977746,-1.048033,0.788742,1.750812
1.270097,-1.406102,-1.387149,0.788156,1.680803
1.500542,-1.663101,-1.640694,0.788156,1.64622
1.270097,-1.620262,-1.643863,0.788425,1.621873
0.809207,-1.74878,-1.735773,0.794,1.583346
0.578762,-1.663101,-1.653371,0.8054,1.545968
0.348318,-2.048618,-1.998826,0.869046,1.476851
0.348318,-1.877279,-1.827683,0.937102,1.357557
-0.112573,-2.091458,-2.090736,0.970516,1.247314
-0.803908,-2.048618,-2.014672,0.990512,1.236984
-0.803908,-1.791619,-1.84353,1.017948,1.236
-1.956133,-1.277584,-1.260376,1.044,1.236
-1.495243,-1.277584,-1.254038,1.093258,1.238445
-1.034353,-0.934906,-0.990985,1.114635,1.288734
-1.495243,-0.720728,-0.740609,1.126975,1.427576
-1.725688,-0.677889,-0.658207,1.139597,1.633899
-1.725688,-0.592228,-0.82935,1.151496,1.749146
-1.495243,-0.292372,-0.312752,1.163431,1.838902
-1.725688,-0.035372,-0.059208,1.18504,1.923637
-1.725688,-0.121033,-0.144779,1.221429,2.004092
-1.495243,-0.078212,-0.056038,1.261619,2.070842
-1.725688,0.135967,0.197507,1.325247,2.129575
-1.725688,0.350145,0.539792,1.401512,2.179161
-1.725688,0.564323,0.539792,1.489109,2.213362
-1.725688,0.264484,0.368649,1.568196,2.2255
-1.725688,0.521484,0.454221,1.638214,2.2255
-1.495243,0.521484,0.542961,1.699229,2.2255
-1.495243,0.607162,0.542961,1.749875,2.220323
-0.803908,0.564323,0.638041,1.810372,2.188981
-1.034353,0.307305,0.292586,1.883602,2.144157
-1.034353,0.521484,0.634871,1.953865,2.100204
-0.573463,0.435823,0.555639,1.994651,2.044358
-1.034353,0.478644,0.463729,2.038246,1.976359
-0.573463,-0.206711,-0.128932,2.082495,1.907701
-0.803908,-0.549389,-0.559959,2.130468,1.815821
-0.573463,-0.677889,-0.727932,2.165779,1.734907
-0.803908,-0.892067,-0.902244,2.1798,1.634999
-0.573463,-1.063406,-1.070218,2.189889,1.518116
0.348318,-1.106245,-1.057541,2.193589,1.421279
0.348318,-0.635068,-1.314255,2.193737,1.334179
1.039652,-0.635068,-0.620176,2.193737,1.229799
1.039652,-0.720728,-0.620176,2.191011,1.16983
1.500542,-0.763567,-0.78498,2.174415,1.084248
1.270097,-0.420889,-0.445864,2.160562,1.010296
1.270097,-0.420889,-0.274721,2.13775,0.955875
1.270097,-0.463729,-0.360292,2.108359,0.908143
1.270097,-0.163872,-0.189149,2.073567,0.874207
1.270097,-0.206711,-0.103578,2.026219,0.854317
1.500542,0.093127,0.070734,1.97985,0.853917
1.270097,0.050306,0.067565,1.93196,0.853917
1.270097,-0.035372,-0.018007,1.87671,0.855208
1.270097,0.221645,0.324279,1.8339,0.867
1.270097,0.221645,0.40985,1.82,0.880387
1.270097,0.093127,0.153136,1.82,0.900769
1.270097,0.350145,0.40985,1.82,0.927169
0.809207,0.350145,0.31794,1.825765,0.955602
0.809207,0.350145,0.31794,1.848327,0.99221
0.809207,0.607162,0.574655,1.872545,1.043413
0.578762,0.650002,0.657057,1.883762,1.116018
0.578762,0.992679,0.913771,1.883823,1.202335
0.348318,0.94984,0.910602,1.883823,1.318422
0.117872,0.907001,0.907432,1.877742,1.428456
0.348318,0.864162,0.82503,1.834915,1.571475
0.117872,0.692823,0.736289,1.775741,1.7045
-0.112573,1.07834,0.989834,1.697873,1.826412
-0.112573,1.07834,1.075406,1.614854,1.929878
-0.112573,0.907001,0.904263,1.531318,2.016537
-0.803908,1.07834,1.065898,1.43508,2.093877
-0.803908,0.650002,0.638041,1.336416,2.153582
-0.573463,0.564323,0.64121,1.215041,2.205904
-0.803908,0.650002,0.552469,1.108125,2.231693
-0.803908,0.435823,0.381327,1.00543,2.232591
-0.573463,0.435823,0.555639,0.920743,2.232591
-1.495243,0.178806,0.115105,0.851679,2.231145
-1.264798,0.050306,0.032702,0.777256,2.206877
-1.034353,0.264484,0.207015,0.716745,2.166113
-1.264798,0.178806,0.203845,0.673852,2.108564
-1.264798,0.050306,0.032702,0.640537,2.026718
-0.803908,0.135967,0.124612,0.635,1.94055
-0.343018,-0.035372,-0.040192,0.635,1.855202
-0.343018,-0.121033,-0.125763,0.63525,1.759481
-0.343018,-0.121033,-0.125763,0.642088,1.685412
0.117872,-0.078212,-0.119424,0.669788,1.601198
-0.112573,-0.121033,-0.208165,0.704064,1.59228
0.348318,-0.035372,-0.116255,0.750526,1.570195
0.117872,-0.035372,0.13729,0.841945,1.531094
0.348318,-0.121033,-0.116255,0.918132,1.50216
0.348318,-0.078212,-0.201827,1.05138,1.501229
0.348318,-0.163872,-0.116255,1.204712,1.498429
0.348318,-0.206711,-0.201827,1.300554,1.455806
0.809207,-0.50655,-0.452202,1.3993,1.4033
0.809207,-0.635068,-0.537774,1.500657,1.360356
0.578762,-0.463729,-0.455371,1.590084,1.081384
1.039652,-0.635068,-0.620176,1.64216,0.817967
1.270097,-0.592228,-0.617006,1.672512,0.817967
1.500542,-0.720728,-0.699408,1.692455,0.817967
1.270097,-1.020585,-1.044863,1.742939,0.825309
0.809207,-1.320423,-1.222345,1.8359,0.8814
0.809207,-1.234745,-1.222345,1.914625,0.947625
0.578762,-1.620262,-1.5678,1.9693,1.00933
0.348318,-1.74878,-1.742112,1.978,1.065383
0.578762,-1.962958,-1.995657,1.978,1.120298
0.117872,-1.920119,-1.916424,1.978,1.177828
-0.112573,-2.005779,-2.090736,1.94913,1.231453
-0.112573,-2.091458,-2.005164,1.884035,1.276176
-0.343018,-2.005779,-2.093905,1.799229,1.327046
-0.803908,-2.091458,-2.100244,1.710544,1.385757
-1.034353,-1.663101,-1.675556,1.641972,1.433152
-1.264798,-1.791619,-1.849868,1.567069,1.479584
-1.495243,-1.70594,-1.767466,1.487438,1.52563
-1.264798,-1.491762,-1.593154,1.41381,1.565835
-1.034353,-1.320423,-1.333271,1.362807,1.60891
-1.495243,-1.191924,-1.168466,1.314177,1.657454
-1.956133,-0.977746,-0.832519,1.276106,1.715708
-1.956133,-0.720728,-0.661377,1.252461,1.781555
-1.956133,-0.806407,-0.832519,1.251202,1.85161
-1.725688,-0.463729,-0.572636,1.251202,1.925446
-1.725688,-0.50655,-0.401493,1.251215,1.994807
-1.725688,-0.121033,-0.144779,1.266309,2.017033
-1.495243,-0.249551,-0.227181,1.294959,2.037859
-1.034353,-0.078212,-0.0497,1.341109,2.076006
-1.264798,-0.035372,-0.13844,1.388874,2.09853
-1.264798,-0.035372,-0.13844,1.45225,2.114775
-1.264798,0.735662,0.631702,1.5293,2.122929
-1.264798,0.692823,0.631702,1.609517,2.127
-1.495243,0.778501,0.714104,1.714028,2.127
-1.495243,0.907001,1.141961,1.798593,2.127
-0.343018,1.035519,1.072236,1.883449,2.11981
-0.573463,1.07834,1.154638,1.962972,2.090675
-0.803908,1.035519,1.065898,2.038083,2.052746
-0.573463,1.249679,1.24021,2.089808,2.024874
-0.573463,1.249679,1.24021,2.13,1.982
-0.573463,1.164018,1.24021,2.167272,1.915951
-0.803908,0.907001,0.894755,2.192913,1.836294
-1.034353,0.992679,0.977157,2.208214,1.763872
-1.034353,0.907001,0.891586,2.221261,1.688525
-1.034353,0.907001,0.891586,2.229139,1.616044
-0.573463,0.307305,0.384496,2.23,1.519125
-1.034353,-0.078212,-0.135271,2.23,1.40611
-0.803908,-0.249551,-0.303245,2.2296,1.317814
-0.803908,-0.50655,-0.474387,2.218056,1.242473
-0.803908,-0.592228,-0.64553,2.197261,1.179187
-0.573463,-0.50655,-0.556789,2.174686,1.132167
-0.112573,-0.977746,-0.978308,2.159237,1.07925
0.117872,-1.106245,-1.06071,2.1395,1.024512
0.117872,-1.020585,-1.06071,2.108713,0.963012
0.348318,-1.406102,-1.314255,2.070236,0.913817
0.809207,-1.491762,-1.479059,2.023211,0.866565
0.809207,-1.491762,-1.479059,1.974432,0.823383
1.039652,-1.491762,-1.304747,1.898648,0.773395
1.039652,-1.106245,-1.048033,1.808125,0.720099
1.270097,-1.106245,-1.044863,1.7276,0.686856
1.039652,-0.892067,-0.87689,1.651092,0.677183
1.500542,-0.934906,-0.870551,1.597687,0.677183
1.500542,-0.592228,-0.528266,1.547195,0.677183
1.270097,-0.335211,-0.360292,1.536769,0.680371
1.500542,-0.335211,-0.357123,1.536769,0.697123
1.270097,-0.50655,-0.531435,1.536769,0.723625
1.270097,-0.292372,-0.274721,1.543808,0.777312
1.039652,-0.463729,-0.363461,1.566903,0.843575
1.270097,-0.463729,-0.445864,1.606489,0.935628
1.039652,-0.335211,-0.363461,1.639788,1.020503
0.809207,-0.121033,-0.024345,1.677346,1.121584
0.809207,0.135967,0.061226,1.710516,1.226938
1.039652,0.350145,0.406681,1.735707,1.346652
0.809207,0.521484,0.403512,1.7375,1.469125
0.348318,0.692823,0.653887,1.7375,1.584032
0.348318,0.478644,0.568316,1.7375,1.689737
0.348318,0.735662,0.82503,1.728724,1.788962
0.348318,0.650002,0.739459,1.6939,1.901395
0.117872,1.07834,1.078575,1.640512,2.012232
-0.112573,1.335357,1.33212,1.572632,2.12039
0.117872,1.292518,1.249718,1.508266,2.195264
-0.112573,1.206858,1.33212,1.450739,2.24911
0.117872,1.249679,1.164146,1.379393,2.292406
-0.343018,1.335357,1.414522,1.291595,2.310045
-0.343018,1.164018,1.157808,1.192751,2.310045
-0.343018,1.07834,1.157808,1.116427,2.310045
-0.573463,1.506696,1.496924,1.052678,2.294917
-0.573463,1.506696,1.496924,1.006502,2.249846
-0.803908,1.335357,1.322612,0.965482,2.194473
-0.343018,1.421018,1.414522,0.940304,2.137881
-0.573463,1.164018,1.154638,0.938679,2.043376
-0.573463,1.07834,1.069067,0.938679,1.948316
-1.034353,0.992679,0.891586,0.942326,1.847426
-0.803908,0.735662,0.809184,0.963,1.734
-1.034353,0.692823,0.720443,0.963681,1.639923
-0.573463,0.735662,0.64121,0.964,1.544203
-1.034353,0.221645,0.121443,0.964,1.45836
-0.803908,0.307305,0.295755,0.964,1.378531
-0.803908,0.050306,-0.217673,0.964391,1.257916
-1.264798,-0.37805,-0.395155,0.968416,1.140859
-1.034353,-0.420889,-0.477557,0.979879,1.0156
-1.034353,-0.720728,-0.734271,0.993734,0.917742
-0.803908,-0.763567,-0.816673,1.00826,0.81945
-0.343018,-1.149084,-1.15262,1.048641,0.735367
-0.112573,-1.363263,-1.406165,1.097427,0.667248
-0.573463,-1.534602,-1.498075,1.155682,0.620379
-0.112573,-1.74878,-1.662879,1.217469,0.588568
-0.343018,-1.577441,-1.666048,1.289825,0.583034
-0.573463,-1.491762,-1.583646,1.3585,0.583034
-0.112573,-1.577441,-1.74845,1.412092,0.584375
-0.803908,-1.920119,-1.929101,1.454281,0.604102
-0.803908,-2.005779,-1.929101,1.497255,0.63729
-1.264798,-1.74878,-1.764297,1.546754,0.676255
-1.495243,-1.877279,-1.938609,1.593628,0.717996
-1.495243,-1.191924,-1.168466,1.642429,0.784196
-1.495243,-1.063406,-1.082895,1.687739,0.859722
-1.495243,-0.977746,-0.997324,1.741544,0.935252
-1.725688,-1.020585,-1.000493,1.778357,1.007488
-1.725688,-0.463729,-0.487065,1.8139,1.08635
-1.956133,-0.37805,-0.404662,1.84025,1.175875
-1.495243,-0.249551,-0.312752,1.853613,1.284019
-1.034353,-0.292372,-0.220842,1.858988,1.39107
-1.495243,0.050306,0.029533,1.869493,1.499641
-1.956133,0.221645,0.279909,1.878468,1.59075
-1.495243,-0.163872,-0.056038,1.88725,1.691051
-1.495243,-0.121033,-0.056038,1.915125,1.779375
-1.495243,-0.206711,-0.227181,1.937125,1.83875
-1.264798,-0.292372,-0.224012,1.964826,1.905923
-1.495243,-0.335211,-0.312752,1.99634,1.942383
-1.495243,-0.163872,-0.312752,2.036722,1.962186
-1.264798,-0.463729,-0.480726,2.077685,1.970054
-1.034353,-0.549389,-0.563128,2.119825,1.977288
-1.034353,-0.849246,-0.819842,2.158165,1.981794
-1.495243,-0.977746,-0.997324,2.181031,1.982
-1.034353,-0.849246,-0.819842,2.197178,1.978839
-0.803908,-1.063406,-1.073387,2.20614,1.970702
-0.803908,-1.106245,-1.158958,2.21019,1.960219
-0.573463,-1.149084,-1.155789,2.21914,1.910936
0.809207,-1.106245,-1.136773,2.228616,1.847254
0.578762,-1.320423,-1.5678,2.231844,1.770757
0.578762,-1.406102,-1.396657,2.234039,1.633903
1.039652,-1.320423,-1.304747,2.235283,1.502431
1.039652,-1.320423,-1.304747,2.235283,1.398714
1.500542,-1.149084,-1.127265,2.235283,1.274902
1.270097,-0.849246,-0.959292,2.233113,1.183748
1.270097,-0.806407,-0.788149,2.205425,1.102303
1.270097,-0.635068,-0.617006,2.179,1.053563
1.500542,-0.50655,-0.442694,2.158766,1.039908
1.270097,-0.292372,-0.274721,2.141902,1.039908
1.500542,-0.206711,-0.18598,2.123308,1.039908
1.500542,-0.121033,-0.014837,2.108255,1.056118
1.500542,0.007467,0.070734,2.092012,1.123663
1.500542,0.178806,0.241877,2.080812,1.197985
1.270097,0.350145,0.324279,2.066021,1.285928
1.270097,0.435823,0.40985,2.051812,1.368
1.039652,0.435823,0.406681,2.032007,1.464463
0.809207,0.478644,0.574655,2.00721,1.556965
1.039652,0.992679,0.920109,1.980083,1.646938
1.039652,0.94984,0.920109,1.944752,1.73976
0.578762,0.907001,0.913771,1.907048,1.800816
0.578762,1.421018,1.341628,1.861961,1.874142
0.117872,1.335357,0.993004,1.803202,1.94497
1.270097,1.549535,1.522279,1.741074,1.996226
-0.112573,1.635196,1.588834,1.662589,2.069267
0.117872,1.592375,1.592003,1.591137,2.132974
0.117872,1.592375,1.592003,1.507985,2.194556
0.348318,1.592375,1.595173,1.421076,2.251547
-0.112573,1.421018,1.417691,1.324625,2.28596
-0.112573,1.421018,1.417691,1.226245,2.29092
-0.343018,1.335357,1.328951,1.130322,2.29092
-0.343018,1.249679,1.328951,1.01651,2.29092
-0.343018,1.335357,1.328951,0.919564,2.269758
-0.573463,1.463857,1.496924,0.830721,2.223384
-0.573463,1.421018,1.325781,0.750981,2.161904
-0.573463,1.292518,1.24021,0.695653,2.090063
-0.573463,1.421018,1.411353,0.66085,2.007672
-0.112573,1.249679,1.160977,0.651467,1.915639
-0.573463,1.206858,1.154638,0.651467,1.807555
-0.343018,0.907001,0.986665,0.651467,1.696685
-0.343018,0.82134,0.815522,0.656187,1.580713
-0.112573,0.82134,0.904263,0.682653,1.48771
0.117872,0.392984,0.479575,0.720288,1.377045
-0.112573,0.392984,0.390835,0.746753,1.271905
-0.343018,0.135967,0.216522,0.777151,1.169072
0.117872,0.264484,0.222861,0.812279,1.082757
0.578762,0.050306,-0.027514,0.861188,0.989975
0.578762,-0.078212,-0.113086,0.914296,0.900215
0.117872,-0.420889,-0.376139,0.9703,0.8081
0.578762,-0.463729,-0.540943,1.017732,0.726662
0.809207,-0.549389,-0.537774,1.071774,0.684439
1.039652,-1.106245,-0.962461,1.140229,0.64593
1.039652,-1.191924,-1.219175,1.223947,0.622173
1.270097,-1.320423,-1.47272,1.29322,0.622173
1.039652,-1.663101,-1.647032,1.353625,0.622173
0.809207,-1.74878,-1.735773,1.398447,0.62382
0.809207,-1.83444,-1.821344,1.420725,0.639347
-0.343018,-2.391296,-2.179477,1.421,0.669173
-0.343018,-2.519814,-2.692905,1.421,0.706178
-1.264798,-1.962958,-1.93544,1.419919,0.774079
-1.034353,-1.491762,-1.504413,1.407875,0.856625
-1.034353,-1.663101,-1.504413,1.389534,0.937601
-1.264798,-1.577441,-1.593154,1.368704,1.060329
-1.495243,-1.320423,-1.339609,1.348952,1.159915
-1.495243,-1.320423,-1.425181,1.333553,1.247714
-1.264798,-1.577441,-1.507583,1.322225,1.3586
-0.803908,-1.320423,-1.330101,1.3125,1.473264
-0.343018,-1.320423,-1.323763,1.311,1.576691
-0.573463,-1.406102,-1.669218,1.311,1.677904
-0.573463,-1.234745,-1.326932,1.311416,1.779819
-0.343018,-1.620262,-1.15262,1.332606,1.88044
0.809207,-1.491762,-1.479059,1.370627,1.974992
1.039652,-1.277584,-1.304747,1.416782,2.044308
1.039652,-1.234745,-1.133604,1.48317,2.11003
1.270097,-0.720728,-0.702578,1.549026,2.152991
1.270097,-0.934906,-0.87372,1.626982,2.189455
1.270097,-0.121033,-0.360292,1.712375,2.198
1.270097,0.221645,-0.103578,1.744068,2.198
1.270097,-0.121033,0.153136,1.833679,2.198
1.270097,0.392984,0.40985,1.921356,2.190435
1.270097,0.350145,0.40985,2.008705,2.156722
1.270097,0.521484,0.666565,2.08272,2.105247
1.039652,0.692823,0.663395,2.138837,2.047584
1.039652,0.94984,1.005681,2.188744,1.987433
0.809207,0.992679,1.088083,2.217545,1.932535
0.578762,1.035519,0.999342,2.218,1.881148
0.578762,1.164018,1.084914,2.218,1.839952
0.117872,1.035519,1.078575,2.218,1.828725
0.348318,1.421018,1.42403,2.2113,1.828725
-0.112573,1.164018,0.818692,2.190246,1.828725
0.117872,1.206858,1.164146,2.14816,1.839114
-0.343018,1.121179,1.157808,2.083917,1.869351
-0.112573,1.206858,1.160977,2.012151,1.911685
-1.034353,1.07834,1.1483,1.923942,1.960534
-0.803908,0.94984,0.894755,1.824871,2.003767
-0.803908,0.778501,0.809184,1.718414,2.044369
-1.264798,0.82134,0.802845,1.664145,2.085693
-1.264798,0.735662,0.717274,1.567367,2.109791
-1.264798,0.392984,0.374988,1.452375,2.109791
-1.725688,0.178806,0.197507,1.318376,2.109791
-1.264798,0.007467,0.032702,1.200607,2.100915
-1.495243,0.050306,0.029533,1.083794,2.0578
-1.495243,-0.249551,-0.312752,0.984608,1.998299
-1.725688,-0.206711,-0.23035,0.851815,1.903857
-1.725688,-0.592228,-0.487065,0.735525,1.803075
-1.725688,-0.50655,-0.487065,0.707978,1.701639
-1.264798,-1.320423,-1.33644,0.707464,1.608269
-0.803908,-1.406102,-1.415673,0.707464,1.476171
-1.034353,-1.74878,-2.017842,0.71134,1.351311
-1.495243,-1.83444,-1.681895,0.747441,1.235184
-1.034353,-1.320423,-1.333271,0.800569,1.124441
-1.264798,-1.406102,-1.678725,0.862457,1.0269
-1.034353,-1.406102,-1.418842,0.936313,0.936187
-0.803908,-1.277584,-1.415673,1.011881,0.861088
-1.034353,-0.720728,-0.648699,1.106051,0.788477
-0.803908,-0.720728,-0.64553,1.211035,0.727917
-1.264798,-0.463729,-0.395155,1.3257,0.677204
-0.803908,-0.249551,-0.303245,1.424798,0.644247
-1.034353,0.264484,0.292586,1.538466,0.61468
-0.573463,0.692823,0.384496,1.636356,0.603636
-0.343018,0.564323,0.473237,1.746983,0.603636
-0.803908,0.735662,0.723612,1.855911,0.603636
-0.803908,0.992679,0.894755,1.943009,0.609041
-0.573463,0.992679,0.983496,2.030519,0.640214
-0.343018,1.07834,0.986665,2.087294,0.672549
-0.343018,1.249679,1.157808,2.148263,0.71977
-0.573463,1.249679,1.154638,2.185058,0.780628
-0.803908,1.506696,1.750469,2.210452,0.855492
0.348318,1.249679,1.252887,2.226053,0.953314
0.117872,0.992679,0.993004,2.239789,1.037762
0.117872,1.206858,1.078575,2.251771,1.136813
0.578762,0.864162,0.913771,2.264523,1.237319
0.117872,0.907001,0.821861,2.27546,1.339647
0.578762,0.478644,0.485914,2.284193,1.441699
0.809207,0.435823,0.489083,2.296802,1.55609
0.809207,0.350145,0.403512,2.29762,1.645949
0.809207,0.264484,0.403512,2.29762,1.760859
1.270097,0.307305,0.324279,2.296824,1.826187
1.039652,0.221645,0.32111,2.274217,1.869928
1.270097,0.221645,0.324279,2.238924,1.886
1.270097,0.050306,0.153136,2.220583,1.886
0.809207,0.135967,0.232369,2.195869,1.886
1.270097,0.093127,0.067565,2.157608,1.872016
1.270097,-0.249551,0.153136,2.115663,1.795274
1.270097,-0.078212,-0.103578,2.074756,1.71679
1.270097,-0.292372,-0.360292,2.037403,1.651515
1.039652,-0.420889,-0.449033,2.003302,1.56457
1.039652,-0.463729,-0.449033,1.959054,1.484745
1.039652,-0.420889,-0.449033,1.908873,1.383242
0.809207,-0.292372,-0.281059,1.869837,1.2888
0.809207,-0.292372,-0.195488,1.824687,1.207454
0.809207,0.050306,0.061226,1.779171,1.139408
0.809207,0.050306,0.061226,1.729673,1.07251
0.348318,-0.035372,0.568316,1.672355,1.00876
0.117872,0.221645,0.13729,1.608371,0.94751
0.117872,0.221645,0.222861,1.573361,0.895906
0.117872,0.392984,0.222861,1.532125,0.850275
-0.573463,0.607162,0.555639,1.462757,0.826552
-0.803908,0.607162,0.552469,1.38721,0.825
-1.264798,0.650002,0.631702,1.323401,0.825
-1.034353,0.692823,0.634871,1.26662,0.825125
-0.573463,0.478644,0.555639,1.213544,0.845111
-0.803908,0.650002,0.552469,1.135888,0.906288
-0.803908,0.692823,0.552469,1.055927,0.960853
-1.264798,0.82134,0.717274,1.012307,1.057989
-1.725688,0.650002,0.710935,0.984564,1.152009
-1.495243,0.264484,0.286247,0.95803,1.273182
-1.495243,0.178806,0.200676,0.943677,1.367774
-1.034353,0.007467,0.035872,0.923363,1.474753
-1.034353,-0.249551,-0.306414,0.901846,1.577822
-1.264798,-0.420889,-0.480726,0.882461,1.668421
-1.264798,-0.806407,-0.823012,0.876,1.773126
-1.725688,-1.149084,-1.257207,0.876,1.852723
-2.186578,-1.320423,-1.349117,0.876,1.90679
-0.803908,-1.74878,-1.672387,0.884749,1.948134
-0.573463,-1.74878,-1.84036,0.949611,1.9748
-0.343018,-1.920119,-1.837191,1.026418,1.9755
0.117872,-1.877279,-1.830852,1.074296,1.9755
0.809207,-1.534602,-1.393487,1.117301,1.972157
1.039652,-1.277584,-1.219175,1.145471,1.944076
1.039652,-1.320423,-1.219175,1.146205,1.905809
1.039652,-1.320423,-1.304747,1.147844,1.857102
1.039652,-1.363263,-1.304747,1.157072,1.791125
1.039652,-1.491762,-1.47589,1.167987,1.714656
0.578762,-1.491762,-1.396657,1.169787,1.624922
0.348318,-1.534602,-1.314255,1.169787,1.535316
-0.343018,-0.934906,-0.981477,1.183654,1.440116
-0.573463,-1.106245,-1.155789,1.219794,1.332288
-0.343018,-0.977746,-0.895906,1.270539,1.225457
-0.803908,-0.977746,-0.902244,1.336688,1.118375
-1.034353,-0.763567,-0.734271,1.405654,1.027468
-1.495243,-0.720728,-0.740609,1.473936,0.950755
-1.956133,-0.635068,-0.575805,1.552855,0.878514
-2.186578,-0.463729,-0.578975,1.626724,0.824095
-1.495243,0.050306,-0.056038,1.724711,0.785408
-1.495243,0.221645,0.115105,1.802451,0.783823
-1.725688,0.135967,0.111935,1.884054,0.783823
-1.495243,0.350145,0.200676,1.944306,0.787577
-1.725688,0.735662,0.710935,1.999797,0.834514
-1.725688,0.864162,0.796506,2.042397,0.896982
-1.264798,0.735662,0.717274,2.074,0.968
-1.264798,0.864162,0.888416,2.111647,1.068474
-1.495243,0.94984,0.885247,2.144255,1.175943
-1.495243,1.249679,1.227533,2.159752,1.279046
-1.034353,1.164018,1.1483,2.168961,1.391777
-1.034353,1.035519,1.233871,2.169211,1.492302
-1.495243,1.892213,2.767818,2.169211,1.573194
-1.264798,0.778501,0.802845,2.167785,1.663259
-1.264798,0.650002,0.631702,2.151875,1.74525
-1.264798,0.478644,0.289417,2.123411,1.836821
-0.803908,0.435823,0.381327,2.081207,1.923418
-0.803908,-0.121033,-0.132102,2.01973,2.004656
-1.034353,-0.206711,-0.220842,1.948213,2.070847
0.117872,-0.549389,-0.46171,1.887133,2.132605
-0.343018,-0.720728,-0.724763,1.80816,2.17555
0.117872,-0.806407,-0.803996,1.719625,2.216867
0.809207,-0.977746,-0.96563,1.625576,2.224984
0.809207,-0.549389,-0.708916,1.548752,2.224984
1.039652,-0.763567,-1.133604,1.504338,2.224984
0.809207,-0.37805,-0.366631,1.49769,2.215116
1.270097,-0.934906,-0.103578,1.49769,2.194207
1.500542,-0.592228,-0.442694,1.49769,2.157616
1.500542,-0.163872,-0.357123,1.527638,2.102543
1.500542,-0.163872,-0.18598,1.590778,2.035754
1.500542,0.093127,0.156306,1.653523,1.969192
1.500542,0.093127,0.156306,1.723913,1.879696
1.500542,0.007467,0.070734,1.792489,1.797358
1.039652,-0.206711,-0.106747,1.884046,1.695303
1.270097,0.050306,0.153136,1.965885,1.597167
1.039652,0.050306,0.149967,2.037367,1.510708
1.039652,0.392984,0.32111,2.097839,1.421785
0.578762,0.82134,0.828199,2.135677,1.354731
0.578762,0.907001,0.828199,2.175518,1.286669
0.578762,0.864162,0.913771,2.1813,1.217022
0.348318,0.778501,0.82503,2.1813,1.1356
0.578762,0.94984,0.913771,2.181292,1.05498
0.348318,1.292518,1.252887,2.169047,0.969296
0.578762,1.335357,1.341628,2.129127,0.895215
0.117872,1.421018,1.506432,2.080452,0.836472
-0.343018,1.421018,1.414522,2.024863,0.780292
-0.112573,1.421018,1.417691,1.957098,0.722344
0.117872,1.378196,1.420861,1.885155,0.679739
-0.343018,1.292518,1.328951,1.808692,0.677864
-0.112573,1.249679,1.246548,1.748762,0.677864
-0.343018,1.335357,1.328951,1.724109,0.680856
-0.573463,1.506696,1.496924,1.719773,0.699394
-0.112573,1.421018,1.417691,1.719697,0.735287
-0.343018,1.421018,1.328951,1.719697,0.799818
-0.573463,1.335357,1.325781,1.720097,0.879069
-0.573463,1.249679,1.24021,1.726054,0.976875
-0.343018,1.07834,1.157808,1.726738,1.077375
-0.573463,1.07834,1.154638,1.726738,1.185954
-0.343018,0.907001,0.901094,1.726113,1.303562
-0.112573,0.82134,0.73312,1.708767,1.428407
-0.112573,0.435823,0.476406,1.688146,1.550766
0.117872,0.478644,0.394004,1.661251,1.668327
0.117872,0.350145,0.394004,1.603745,1.802111
0.348318,0.221645,0.140459,1.544857,1.89922
0.348318,0.135967,0.054888,1.45971,2.003032
0.578762,-0.121033,-0.113086,1.370665,2.082024
0.809207,-0.249551,-0.195488,1.276944,2.150764
0.809207,-0.292372,-0.452202,1.189042,2.204771
1.270097,-0.592228,-0.531435,1.090761,2.245283
0.809207,-0.977746,-0.96563,0.995569,2.251674
0.809207,-1.149084,-1.051202,0.916777,2.251674
1.039652,-1.277584,-1.304747,0.848596,2.251674
0.809207,-1.406102,-1.479059,0.801165,2.224969
0.578762,-1.577441,-1.5678,0.769596,2.172847
0.117872,-1.663101,-1.65971,0.756755,2.110169
-0.343018,-1.70594,-1.75162,0.7565,2.035493
-0.803908,-1.74878,-1.757958,0.7565,1.928442
-0.343018,-1.534602,-1.580477,0.759099,1.871302
-1.725688,-1.149084,-1.257207,0.778276,1.840219
-1.956133,-1.234745,-1.260376,0.799446,1.769069
-1.956133,-0.720728,-0.746948,0.817471,1.672118
-1.495243,-0.934906,-1.168466,0.838993,1.552353
-1.725688,-0.635068,-0.572636,0.860596,1.430216
-1.725688,-0.592228,-0.658207,0.888986,1.34849
-1.725688,-0.677889,-0.743779,0.934641,1.250392
-1.495243,-0.806407,-0.826181,0.967434,1.036175
-1.264798,-0.763567,-0.823012,1.003361,0.900233
-1.034353,-0.806407,-0.819842,1.04141,0.82867
-0.803908,-0.549389,-0.64553,1.080389,0.782994
-0.803908,-0.720728,-0.64553,1.133551,0.741704
0.117872,-0.420889,-0.632853,1.19286,0.711469
0.578762,-0.892067,-0.883228,1.250036,0.682188
0.348318,-0.977746,-0.886398,1.296314,0.666881
0.578762,-0.849246,-0.712086,1.328395,0.666881
0.809207,-0.720728,-0.708916,1.345614,0.666881
0.809207,-0.635068,-0.537774,1.351947,0.667897
0.809207,-0.37805,-0.452202,1.352184,0.689818
0.809207,-0.249551,0.061226,1.352184,0.743772
1.039652,-0.035372,-0.021176,1.352153,0.814227
1.039652,0.007467,0.064396,1.348789,0.904772
1.270097,0.221645,0.238708,1.329709,1.011069
1.270097,0.350145,0.40985,1.312125,1.12525
1.270097,0.435823,0.40985,1.29664,1.25772
0.809207,0.478644,0.574655,1.285148,1.372446
1.039652,0.778501,0.920109,1.272294,1.498195
0.809207,0.692823,0.660226,1.2711,1.604203
0.578762,0.992679,0.913771,1.2711,1.695148
0.348318,1.206858,1.252887,1.2721,1.79678
0.348318,1.335357,1.338459,1.297,1.893849
0.348318,1.378196,1.252887,1.351175,1.970742
0.348318,1.292518,1.42403,1.389,2.009
0.578762,1.463857,1.427199,1.439042,2.030559
0.117872,1.335357,1.335289,1.54037,2.0475
0.117872,1.206858,1.249718,1.639959,2.0475
0.348318,1.335357,1.338459,1.742362,2.0475
-0.343018,1.07834,1.072236,1.84892,2.03359
-0.573463,1.249679,1.154638,1.951553,1.948038
-0.803908,1.463857,1.408183,2.028585,1.85903
-0.803908,1.121179,1.065898,2.08945,1.795309
-0.803908,0.735662,0.723612,2.128927,1.732537
-1.034353,0.735662,0.720443,2.162,1.6483
-1.264798,0.735662,0.631702,2.1735,1.56125
-1.495243,0.650002,0.628533,2.1735,1.4803
-1.495243,0.650002,0.628533,2.1735,1.441492
-1.725688,0.692823,0.710935,2.171958,1.418414
-1.956133,0.650002,0.622194,2.156374,1.413742
-1.495243,0.607162,0.628533,2.128365,1.414042
-1.264798,0.607162,0.546131,2.087436,1.415242
-1.264798,0.521484,0.460559,2.025503,1.431848
-0.803908,0.564323,0.552469,1.947,1.480375
-0.803908,0.478644,0.466898,1.874947,1.532645
-0.803908,0.307305,0.381327,1.783266,1.592778
-0.803908,0.050306,0.124612,1.692372,1.654923
-0.573463,0.307305,0.127782,1.603617,1.710502
-0.112573,0.307305,0.305263,1.510625,1.75875
-0.112573,0.307305,0.305263,1.417581,1.812532
-0.112573,0.307305,0.390835,1.335478,1.856582
-0.112573,0.307305,0.305263,1.252737,1.87854
-0.343018,0.307305,0.302094,1.178112,1.881
-0.343018,0.307305,0.302094,1.103783,1.881
-0.112573,0.135967,0.13412,1.022701,1.8795
-0.573463,-0.206711,-0.214504,0.942402,1.852613
-0.343018,-0.37805,-0.382477,0.878133,1.814557
-0.343018,-0.37805,-0.468049,0.824573,1.759644
-0.573463,-0.849246,-0.727932,0.784958,1.692296
-1.034353,-0.763567,-0.819842,0.761027,1.650076
-0.803908,-1.020585,-0.987816,0.757161,1.613726
-0.573463,-0.892067,-0.984646,0.757161,1.600243
-1.725688,-1.277584,-1.257207,0.757205,1.573302
0.117872,-1.577441,-1.488567,0.769999,1.550648
0.348318,-1.491762,-1.399826,0.795587,1.515397
0.348318,-1.448923,-1.399826,0.83946,1.46248
0.809207,-1.406102,-1.393487,0.886267,1.396983
1.039652,-1.191924,-1.219175,0.946952,1.272497
1.039652,-0.892067,-0.962461,1.017935,1.152762
1.270097,-0.806407,-0.788149,1.116525,1.092356
1.500542,-0.677889,-0.699408,1.227318,0.79811
1.270097,-0.806407,-0.788149,1.320956,0.730382
1.500542,-0.549389,-0.528266,1.403298,0.704001
1.270097,-0.635068,-0.617006,1.490295,0.681344
1.270097,-0.420889,-0.360292,1.589642,0.675
1.039652,-0.463729,-0.449033,1.679132,0.675
1.039652,-0.335211,-0.192319,1.771515,0.675
1.039652,-0.420889,-0.363461,1.86685,0.686993
0.578762,-0.121033,-0.113086,1.939497,0.710949
0.578762,0.135967,0.058057,1.992382,0.734839
0.809207,0.135967,0.232369,2.016,0.756177
0.348318,0.435823,0.397173,2.016,0.774588
0.578762,0.692823,0.571485,2.016,0.797631
0.578762,0.607162,0.571485,2.010736,0.821364
0.348318,1.035519,0.996173,1.967447,0.857878
0.348318,0.82134,0.82503,1.907422,0.909133
0.348318,0.82134,0.82503,1.835895,0.974233
0.117872,1.335357,1.249718,1.778255,1.045457
0.117872,1.249679,1.249718,1.713776,1.114217
0.117872,1.164018,1.249718,1.67575,1.15775
-0.343018,1.463857,1.414522,1.650021,1.212236
-0.112573,1.421018,1.417691,1.647702,1.256588
-0.573463,1.335357,1.325781,1.647702,1.289789
-0.343018,1.763714,1.756808,1.649452,1.320092
-0.573463,1.506696,1.753638,1.678109,1.362355
-0.573463,1.164018,1.154638,1.723833,1.396054
-0.343018,0.992679,1.072236,1.775875,1.449625
-0.573463,0.992679,1.069067,1.82654,1.509255
-0.573463,1.121179,1.069067,1.898903,1.557146
-0.573463,0.992679,1.069067,1.957794,1.617713
-0.803908,1.07834,0.980326,2.006344,1.675162
-0.803908,0.864162,0.894755,2.02985,1.717153
-0.803908,0.82134,0.809184,2.033,1.753452
-0.803908,0.650002,0.552469,2.033,1.818916
-0.573463,0.607162,0.555639,2.0285,1.8711
-0.803908,0.392984,0.381327,1.973336,1.951427
-0.112573,0.135967,0.13412,1.896572,2.025348
0.348318,0.050306,0.054888,1.810328,2.074086
0.348318,0.135967,0.054888,1.717908,2.119689
0.578762,0.007467,0.058057,1.622338,2.155233
0.348318,-0.035372,-0.116255,1.528592,2.184866
0.348318,-0.292372,-0.372969,1.421324,2.206313
0.117872,-0.592228,-0.547281,1.329415,2.208
0.578762,-0.806407,-0.712086,1.233129,2.208
0.809207,-0.763567,-0.96563,1.155087,2.2076
0.809207,-0.849246,-0.880059,1.084977,2.195428
0.578762,-1.020585,-0.797657,1.034192,2.169152
1.039652,-1.277584,-1.304747,0.996453,2.129244
0.809207,-1.277584,-1.307916,0.974503,2.068796
1.039652,-1.620262,-1.561461,0.969344,1.9985
0.809207,-1.577441,-1.56463,0.967475,1.94124
0.809207,-1.74878,-1.735773,0.965649,1.846668
0.348318,-1.877279,-1.827683,0.963153,1.752328
0.117872,-1.877279,-1.830852,0.958158,1.671989
0.117872,-1.83444,-1.830852,0.9498,1.631562
-0.343018,-1.83444,-1.922762,0.942239,1.605748
-0.573463,-2.605474,-2.524931,0.941567,1.547942
-1.495243,-1.70594,-1.767466,0.941567,1.454647
-1.495243,-1.663101,-1.681895,0.941925,1.375961
-1.264798,-1.448923,-1.422011,0.956972,1.339215
-1.495243,-1.320423,-1.339609,0.984703,1.308765
-1.495243,-0.977746,-0.911752,1.018149,1.241275
-1.725688,-0.892067,-0.914922,1.064967,0.99856
-1.495243,-0.892067,-0.826181,1.109722,0.926919
-1.725688,-0.677889,-0.743779,1.167408,0.876747
-1.956133,-0.292372,-0.319091,1.238102,0.840285
-1.956133,-0.206711,-0.23352,1.314735,0.803014
-1.956133,-0.121033,-0.147948,1.389598,0.699316
-1.956133,-0.292372,-0.23352,1.458572,0.699316
-1.725688,-0.035372,-0.144779,1.511278,0.699316
-2.186578,0.435823,0.447882,1.538523,0.713205
-1.956133,0.221645,0.194337,1.552,0.760125
-1.725688,0.264484,0.283078,1.552,0.827207
-1.725688,0.392984,0.283078,1.552,0.894043
-1.495243,0.392984,0.371819,1.549125,0.92305
-1.495243,0.607162,0.628533,1.52173,0.999309
-1.956133,0.650002,0.622194,1.479053,1.102086
-1.495243,0.778501,0.714104,1.437017,1.208766
-1.264798,0.907001,0.802845,1.40175,1.321125
-0.803908,1.164018,1.151469,1.371003,1.445246
-0.803908,0.907001,0.894755,1.355,1.563333
-0.803908,0.94984,0.894755,1.355,1.685277
-0.573463,0.82134,0.812353,1.355,1.781025
-0.573463,0.94984,0.897924,1.360035,1.855114
-0.573463,1.07834,1.069067,1.392501,1.928821
-0.112573,1.249679,1.160977,1.431912,1.993207
-0.112573,1.07834,1.160977,1.483074,2.057336
-0.112573,1.07834,1.075406,1.537494,2.114818
0.117872,1.164018,1.164146,1.599703,2.162335
0.117872,1.164018,1.164146,1.663755,2.197143
0.117872,1.07834,1.164146,1.738452,2.201351
0.348318,1.164018,1.081744,1.813879,2.201351
0.578762,0.992679,0.999342,1.902,2.200951
0.348318,0.82134,0.82503,1.993657,2.18792
0.809207,0.692823,0.831369,2.075519,2.148274
1.039652,0.907001,0.920109,2.13725,2.092875
1.039652,0.650002,0.663395,2.18509,2.030438
1.039652,0.650002,0.663395,2.225727,1.954687
1.039652,0.692823,0.748967,2.247256,1.89008
1.039652,0.564323,0.577824,2.270031,1.809312
1.039652,0.350145,0.406681,2.286654,1.729187
1.039652,0.607162,0.663395,2.301752,1.619166
1.500542,0.350145,0.241877,2.318458,1.533644
1.270097,0.221645,0.153136,2.33209,1.451327
1.500542,0.307305,0.327448,2.344013,1.354646
1.500542,0.007467,0.070734,2.352426,1.256034
1.500542,0.007467,-0.014837,2.352726,1.181972
1.500542,-0.035372,-0.014837,2.352726,1.106017
1.270097,-0.206711,-0.189149,2.350038,1.028381
1.270097,-0.292372,-0.274721,2.337406,0.958045
1.270097,-0.720728,-0.617006,2.321,0.884561
1.270097,-0.50655,-0.531435,2.30251,0.827901
1.270097,0.221645,-0.617006,2.260308,0.779921
0.809207,-0.249551,-0.281059,2.213444,0.74675
0.809207,-0.163872,-0.195488,2.142965,0.717282
0.809207,-0.37805,-0.281059,2.067653,0.690738
-0.343018,-0.163872,-0.125763,1.99263,0.680398
-0.573463,0.135967,0.213353,1.896138,0.678873
-0.573463,0.221645,0.213353,1.807383,0.678873
-0.573463,0.392984,0.470067,1.711604,0.679905
-0.573463,0.478644,0.470067,1.618042,0.695416
-0.343018,0.564323,0.558808,1.532975,0.719225
-0.343018,0.564323,0.473237,1.465985,0.744584
-0.803908,0.692823,0.638041,1.38425,0.783875
-1.264798,0.650002,0.631702,1.305803,0.824826
-1.034353,0.778501,0.806014,1.231441,0.87313
-1.034353,0.94984,0.891586,1.163996,0.936938
-1.495243,0.735662,0.799676,1.106597,1.025437
-1.034353,0.907001,0.891586,1.051575,1.097025
-1.264798,0.778501,0.802845,0.996635,1.167978
-1.034353,0.735662,0.720443,0.934922,1.250712
-1.495243,0.650002,0.628533,0.8822,1.3351
-1.495243,0.478644,0.45739,0.830839,1.431331
-1.495243,0.264484,0.200676,0.794844,1.515211
-1.034353,0.050306,0.035872,0.76927,1.564067
-1.264798,0.050306,0.032702,0.747469,1.616842
-1.725688,-0.206711,-0.23035,0.72896,1.679688
-1.264798,-0.37805,-0.309583,0.728161,1.737856
-0.803908,-0.463729,-0.474387,0.728161,1.803181
-0.343018,-0.806407,-0.810334,0.728661,1.869125
-0.573463,-0.806407,-0.813504,0.7434,1.9317
-0.343018,-1.191924,-1.15262,0.765521,1.973045
-0.803908,-1.234745,-1.330101,0.794125,2.014332
-1.264798,-1.534602,-1.507583,0.833847,2.050678
-0.803908,-1.577441,-1.586815,0.896937,2.053242
-0.343018,-1.406102,-1.409334,0.94375,2.053242
-0.343018,-1.406102,-1.409334,0.993315,2.046197
0.117872,-1.234745,-1.317424,1.048532,2.0266
0.117872,-1.320423,-1.402995,1.096608,1.973663
0.117872,-1.534602,-1.402995,1.137649,1.911939
-0.112573,-1.063406,-1.063879,1.168612,1.855059
0.578762,-1.448923,-1.482228,1.198338,1.789327
0.348318,-1.320423,-1.399826,1.22943,1.71291
0.809207,-1.448923,-1.479059,1.2573,1.662393
0.348318,-0.635068,-0.715255,1.288238,1.62011
0.117872,-1.063406,-0.975138,1.321644,1.585523
0.117872,-0.977746,-0.975138,1.347879,1.542747
0.348318,-0.977746,-0.971969,1.374669,1.476027
0.117872,-0.50655,-0.290567,1.407125,1.377125
1.270097,-0.635068,-0.702578,1.443712,1.277772
0.809207,-0.549389,-0.537774,1.489137,1.17543
0.348318,0.050306,0.054888,1.533642,1.100784
0.809207,-0.078212,-0.109917,1.593831,0.812384
0.578762,-0.078212,-0.113086,1.667988,0.734867
0.578762,0.093127,0.058057,1.757191,0.701963
0.578762,0.307305,0.400342,1.838875,0.6984
0.809207,0.564323,0.489083,1.9064,0.6984
0.809207,0.778501,0.660226,1.955975,0.6984
0.578762,1.164018,1.170485,1.984817,0.718525
0.578762,1.249679,1.170485,1.996847,0.76237
0.809207,1.249679,1.088083,2.000833,0.824783
0.348318,1.378196,1.338459,2.004,0.909903
0.117872,1.678035,1.677575,2.004,1.008585
0.117872,1.806535,1.763146,2.003254,1.110481
0.117872,1.763714,1.763146,2.003,1.199529
0.117872,1.935053,1.848718,2.003,1.308867
0.117872,1.635196,1.677575,2.003694,1.426891
-0.112573,1.549535,1.588834,2.003658,1.536317
-0.112573,1.506696,1.588834,2.002847,1.64529
0.117872,1.592375,1.506432,2.000494,1.725488
-0.112573,1.421018,1.417691,1.99479,1.829254
-0.343018,1.421018,1.500093,1.970919,1.909555
-0.343018,1.421018,1.500093,1.947172,1.964186
-0.573463,1.421018,1.411353,1.921625,2.005587
-0.803908,1.463857,1.408183,1.883875,2.032875
-0.573463,1.249679,1.154638,1.817834,2.051277
-1.034353,1.07834,1.1483,1.746367,2.051777
-0.803908,0.992679,0.980326,1.68,2.051777
-0.573463,0.992679,1.069067,1.651988,2.051089
-0.573463,1.164018,1.069067,1.633377,2.04215
-0.803908,1.07834,1.065898,1.619662,2.017676
-0.803908,1.249679,1.151469,1.600182,1.988959
-0.573463,0.992679,1.069067,1.569097,1.953709
-1.034353,1.121179,1.062728,1.533,1.92925
-1.034353,1.035519,1.062728,1.505011,1.906074
-0.112573,0.907001,0.904263,1.466662,1.88384
-0.803908,0.478644,0.466898,1.351627,1.863451
-0.573463,0.307305,0.384496,1.273449,1.84072
-0.343018,0.307305,0.387665,1.213656,1.824262
-0.112573,0.135967,0.219692,1.161915,1.800004
-0.573463,-0.035372,-0.043361,1.142863,1.757059
-0.112573,-0.249551,-0.208165,1.126802,1.697802
-0.573463,-0.463729,-0.471218,1.08918,1.629109
-0.343018,-0.292372,-0.55362,1.048767,1.559847
-0.112573,-0.635068,-0.636022,1.007258,1.476654
0.348318,-0.677889,-0.715255,0.971866,1.38446
0.348318,-0.763567,-0.629684,0.932426,1.288387
0.117872,-0.849246,-0.975138,0.864553,1.206074
0.348318,-1.020585,-0.971969,0.799004,1.121326
0.809207,-1.191924,-1.222345,0.775377,1.027029
0.809207,-1.234745,-1.222345,0.773333,0.940917
0.578762,-1.491762,-1.482228,0.773333,0.874767
0.809207,-1.620262,-1.56463,0.774103,0.810298
0.117872,-1.74878,-1.745281,0.794114,0.759829
-0.343018,-2.005779,-2.008334,0.831761,0.720073
-0.573463,-2.091458,-2.097074,0.885258,0.687077
-0.343018,-2.177136,-2.179477,0.95251,0.658889
-0.803908,-2.177136,-2.185815,1.01825,0.635
-1.264798,-1.620262,-1.678725,1.098747,0.610891
-1.264798,-1.70594,-1.678725,1.168158,0.59524
-1.034353,-1.491762,-1.589985,1.250665,0.582873
-1.495243,-1.577441,-1.510752,1.338325,0.578656
-1.725688,-1.277584,-1.257207,1.421355,0.5785
-1.956133,-1.191924,-1.174805,1.508066,0.5785
-1.725688,-0.635068,-0.743779,1.566208,0.578875
-1.956133,-0.592228,-0.575805,1.633016,0.592584
-1.956133,-0.292372,-0.319091,1.68077,0.61673
-1.725688,-0.035372,-0.059208,1.6945,0.637742
-1.725688,-0.121033,-0.144779,1.6945,0.655573
-2.186578,0.093127,0.020025,1.6945,0.679035
-1.956133,0.135967,0.023194,1.68939,0.714494
-1.725688,-0.035372,-0.059208,1.669022,0.774022
-2.186578,0.050306,0.020025,1.651916,0.838007
-1.956133,-0.121033,-0.147948,1.640479,0.914072
-1.495243,0.007467,0.029533,1.62845,1.006025
-1.495243,-0.163872,-0.14161,1.616667,1.09467
-1.495243,-0.292372,-0.227181,1.603641,1.200572
-1.034353,-0.37805,-0.306414,1.592183,1.302192
-1.495243,-0.37805,-0.398324,1.585722,1.391567
-1.495243,-0.463729,-0.483895,1.571401,1.50682
-1.495243,-0.50655,-0.569467,1.5665,1.610175
-1.495243,-0.677889,-0.655038,1.5665,1.703869
-1.495243,-0.934906,-0.997324,1.5665,1.804888
-1.725688,-0.977746,-0.914922,1.569625,1.899895
-1.725688,-1.063406,-0.914922,1.587017,1.994292
-1.264798,-1.363263,-1.33644,1.6095,2.073375
-0.343018,-1.920119,-2.179477,1.650393,2.132166
0.117872,-1.920119,-2.173138,1.697847,2.174504
0.348318,-2.091458,-2.084397,1.744732,2.184467
1.039652,-1.791619,-1.818175,1.797753,2.184467
1.039652,-1.448923,-1.47589,1.864882,2.184467
1.270097,-1.234745,-1.301577,1.944076,2.16913
1.270097,-1.277584,-1.216006,2.051241,2.11475
1.039652,-1.106245,-0.962461,2.117594,2.070991
1.500542,-1.063406,-1.041694,2.164737,2.015657
1.500542,-0.849246,-0.78498,2.196539,1.973975
1.500542,-0.635068,-0.613837,2.242951,1.88908
1.500542,-0.549389,-0.528266,2.274444,1.804189
1.500542,-0.37805,-0.357123,2.304038,1.714533
1.500542,-0.292372,-0.271551,2.314029,1.616474
1.730988,-0.035372,-0.011668,2.323583,1.516708
1.500542,-0.163872,-0.18598,2.333355,1.423031
1.500542,-0.292372,-0.271551,2.337025,1.308475
1.270097,0.221645,0.238708,2.337025,1.209065
1.270097,-0.035372,-0.018007,2.337025,1.116712
1.500542,-0.035372,-0.014837,2.329006,1.03999
1.270097,0.093127,0.153136,2.318082,0.989613
1.270097,0.264484,0.238708,2.310125,0.986689
1.270097,0.521484,0.580993,2.305272,0.986689
1.270097,0.521484,0.580993,2.299423,0.988439
1.039652,0.82134,1.005681,2.285728,1.018856
1.039652,1.164018,1.176824,2.270833,1.068511
0.578762,0.735662,0.742628,2.261566,1.133209
0.578762,1.121179,1.084914,2.248661,1.19625
0.578762,1.164018,1.084914,2.236827,1.25985
0.348318,1.421018,1.509601,2.226656,1.340978
0.348318,1.678035,1.595173,2.215172,1.411093
0.117872,1.678035,1.677575,2.19682,1.50782
0.117872,1.678035,1.763146,2.191771,1.593628
0.117872,1.849374,1.763146,2.177881,1.702827
0.117872,1.720874,1.763146,2.150065,1.812561
0.117872,1.678035,1.677575,2.108025,1.91813
0.348318,1.635196,1.595173,2.046383,2.023812
0.117872,1.549535,1.592003,1.97362,2.111419
-0.343018,1.678035,1.585665,1.885876,2.178083
-0.112573,1.592375,1.588834,1.786837,2.239906
-0.343018,1.549535,1.414522,1.686907,2.303409
-0.112573,1.506696,1.33212,1.571222,2.363219
0.117872,1.164018,1.249718,1.468746,2.406358
-0.112573,1.249679,1.246548,1.361766,2.411188
-0.112573,1.07834,1.075406,1.248438,2.4115
-0.112573,0.735662,0.73312,1.199544,2.410375
0.117872,0.564323,0.565147,1.132861,2.405191
0.117872,0.564323,0.479575,1.04881,2.40121
0.578762,-0.035372,-0.027514,0.973606,2.390363
0.348318,0.221645,0.22603,0.905034,2.364151
-0.112573,0.050306,0.048549,0.839715,2.328307
0.578762,-0.206711,-0.198657,0.789566,2.288241
0.578762,-0.206711,-0.198657,0.732576,2.258343
0.348318,-0.37805,-0.458541,0.66204,2.222463
0.578762,-0.420889,-0.455371,0.653035,2.156221
0.809207,-0.720728,-0.708916,0.652713,2.058933
1.039652,-0.763567,-0.791318,0.652713,1.948322
1.039652,-1.020585,-0.962461,0.653884,1.840039
0.809207,-1.234745,-1.222345,0.663904,1.71603
1.039652,-1.491762,-1.561461,0.674467,1.592347
0.809207,-1.577441,-1.56463,0.6835,1.472625
0.348318,-1.534602,-1.485397,0.685713,1.3454
0.348318,-1.577441,-1.65654,0.687158,1.223862
-0.112573,-1.83444,-1.834022,0.690296,1.114308
-0.112573,-1.962958,-2.005164,0.698274,0.999937
-0.573463,-2.048618,-2.011503,0.706943,0.917868
-1.034353,-1.920119,-1.93227,0.725705,0.827177
-1.034353,-1.663101,-1.675556,0.752625,0.75125
-1.034353,-1.363263,-1.418842,0.792285,0.698336
-1.495243,-1.020585,-1.082895,0.852021,0.655947
-1.264798,-1.149084,-1.165297,0.917094,0.647133
-1.495243,-1.106245,-1.082895,0.999395,0.647133
-1.495243,-0.934906,-0.997324,1.073138,0.647133
-1.725688,-0.463729,-0.487065,1.132275,0.657929
-1.956133,-0.37805,-0.404662,1.175197,0.694614
-1.495243,-0.420889,-0.483895,1.203039,0.732944
-1.495243,-0.206711,-0.14161,1.216234,0.785689
-1.495243,0.050306,0.029533,1.232037,0.867424
-1.956133,0.178806,0.108766,1.237723,0.941645
-1.956133,0.093127,0.194337,1.242286,1.016114
-1.495243,0.264484,0.200676,1.247224,1.107408
-1.725688,0.392984,0.368649,1.2529,1.209946
-1.725688,0.435823,0.454221,1.254,1.313961
-1.956133,0.350145,0.279909,1.254066,1.408376
-1.495243,0.307305,0.286247,1.255142,1.509682
-1.264798,0.221645,0.203845,1.256467,1.606607
-1.495243,0.264484,0.200676,1.256598,1.677028
-1.264798,0.178806,0.374988,1.257874,1.761888
-0.803908,0.735662,0.809184,1.268888,1.833013
-0.573463,0.735662,0.726782,1.298175,1.926895
-0.803908,0.907001,0.809184,1.340667,2.005452
-1.264798,0.650002,0.631702,1.388685,2.065862
-1.264798,0.650002,0.631702,1.453435,2.125205
-1.264798,0.264484,0.289417,1.526255,2.173845
-0.803908,0.178806,0.124612,1.606194,2.18538
-1.495243,-0.292372,-0.227181,1.680797,2.18538
-1.034353,-0.37805,-0.391985,1.763456,2.18538
-0.803908,-0.50655,-0.474387,1.845841,2.177479
-1.495243,-0.892067,-0.997324,1.9269,2.14957
0.117872,-1.406102,-1.317424,2.004009,2.117979
0.348318,-1.234745,-1.228683,2.065293,2.068961
0.117872,-1.234745,-1.146281,2.103664,2.021949
0.348318,-1.277584,-1.228683,2.131157,1.9793
0.809207,-1.577441,-1.56463,2.161141,1.92317
1.039652,-1.620262,-1.647032,2.183969,1.845113
1.270097,-1.663101,-1.558292,2.201889,1.750744
1.039652,-1.277584,-1.304747,2.206693,1.654864
1.270097,-1.406102,-1.387149,2.210357,1.55729
1.500542,-0.849246,-0.870551,2.219423,1.456875
1.500542,-0.849246,-0.870551,2.219548,1.358167
1.730988,-0.806407,-0.78181,2.219548,1.256654
1.500542,-0.592228,-0.78498,2.217329,1.175087
1.961432,-0.335211,-0.350784,2.205697,1.100746
1.730988,-0.292372,-0.268382,2.199781,1.017142
1.730988,-0.163872,-0.182811,2.197877,0.946873
1.730988,-0.078212,0.073903,2.196613,0.882643
1.730988,-0.163872,-0.182811,2.194852,0.828117
1.270097,-0.035372,-0.018007,2.189815,0.798131
1.039652,0.135967,0.149967,2.168452,0.7975
1.270097,0.221645,0.238708,2.14107,0.7975
1.039652,0.350145,0.406681,2.099433,0.7989
1.270097,0.607162,0.666565,2.048243,0.808211
1.039652,0.778501,0.748967,1.982912,0.826569
0.809207,0.94984,1.002512,1.926191,0.847343
0.578762,0.778501,0.828199,1.881993,0.8597
0.809207,0.778501,0.831369,1.853625,0.862306
0.809207,1.07834,0.831369,1.836444,0.865282
0.578762,1.249679,1.170485,1.83418,0.867117
0.348318,1.335357,1.338459,1.83418,0.873375
0.578762,1.421018,1.427199,1.834521,0.899373
0.348318,1.506696,1.509601,1.841231,0.94519
0.348318,1.592375,1.680744,1.849583,1.001651
-0.112573,1.763714,1.759977,1.854543,1.088123
0.117872,1.763714,1.763146,1.856415,1.174955
-0.112573,1.935053,1.588834,1.866685,1.294655
-0.343018,1.763714,1.671236,1.87623,1.414198
0.117872,1.678035,1.677575,1.87623,1.510903
-0.573463,1.592375,1.753638,1.87623,1.615532
-0.573463,1.506696,1.496924,1.86874,1.714408
-0.343018,1.421018,1.157808,1.843019,1.808075
-0.803908,1.292518,1.322612,1.813753,1.90003
-0.573463,1.164018,1.069067,1.772433,1.956729
-0.803908,1.249679,1.237041,1.71022,2.008052
-1.264798,1.421018,1.572988,1.635195,2.091378
-1.495243,1.07834,1.05639,1.564833,2.173387
-1.034353,1.121179,0.977157,1.491125,2.246125
-1.034353,0.907001,0.977157,1.4069,2.2828
-1.264798,0.82134,0.802845,1.320819,2.327625
-1.034353,0.82134,0.806014,1.256684,2.359912
-1.495243,0.307305,0.45739,1.166757,2.372673
-1.956133,0.178806,0.194337,1.053072,2.372673
-1.956133,0.050306,0.023194,0.959,2.372673
-1.725688,-0.035372,-0.059208,0.87483,2.358867
-1.725688,-0.078212,-0.144779,0.8107,2.3341
-1.495243,-0.592228,-0.655038,0.761875,2.2825
-1.495243,-0.806407,-0.740609,0.729194,2.222601
-1.725688,-0.635068,-0.743779,0.710077,2.144403
-0.803908,-0.592228,-0.731101,0.7095,2.063604
-1.264798,-0.592228,-0.651869,0.7095,1.95475
-0.803908,-0.463729,-0.559959,0.710385,1.859902
-1.034353,-0.806407,-0.734271,0.722305,1.752748
-0.803908,-0.635068,-0.64553,0.739545,1.634964
-0.343018,-0.463729,-0.55362,0.7505,1.527039
-0.803908,-0.463729,-0.474387,0.752139,1.452983
-0.343018,-0.078212,-0.382477,0.753085,1.35915
-0.112573,0.050306,-0.208165,0.7569,1.274937
-0.343018,0.135967,0.729951,0.763503,1.180597
-0.112573,0.135967,0.13412,0.769375,1.094671
0.348318,0.178806,0.140459,0.775202,1.018392
0.348318,0.221645,0.22603,0.786669,0.956972
0.348318,0.135967,0.140459,0.822172,0.87326
0.348318,0.521484,0.568316,0.878234,0.79081
0.578762,0.392984,0.400342,0.945026,0.732726
0.578762,0.692823,0.742628,1.0245,0.67625
0.809207,0.82134,0.831369,1.105053,0.635668
0.809207,0.864162,0.660226,1.189397,0.605767
0.809207,0.692823,0.660226,1.279437,0.581745
0.809207,0.650002,0.660226,1.375141,0.560363
0.809207,0.478644,0.574655,1.467278,0.541844
0.809207,0.521484,0.489083,1.5753,0.5293
0.578762,0.607162,0.571485,1.688653,0.525
1.039652,0.435823,0.406681,1.790323,0.525
1.039652,0.135967,0.149967,1.869639,0.525
1.270097,0.178806,0.153136,1.96391,0.529056
1.039652,-0.249551,-0.192319,2.044959,0.546444
1.270097,-0.249551,-0.189149,2.126918,0.59929
1.270097,-0.335211,-0.360292,2.187587,0.663
1.270097,-0.335211,-0.360292,2.2214,0.7387
1.270097,-0.463729,-0.445864,2.250387,0.827127
1.270097,-0.720728,-0.617006,2.269512,0.908741
1.039652,-0.849246,-0.791318,2.276714,1.016314
1.270097,-1.191924,-1.130435,2.276714,1.111803
1.039652,-1.106245,-1.133604,2.276714,1.200532
1.039652,-1.191924,-1.133604,2.272523,1.292772
1.500542,-1.320423,-1.298408,2.242837,1.354387
1.500542,-1.277584,-1.298408,2.207898,1.406629
0.578762,-1.70594,-1.738942,2.163208,1.451921
0.348318,-1.663101,-1.65654,2.112294,1.490571
0.578762,-1.663101,-1.738942,2.022992,1.495262
-0.343018,-1.920119,-1.922762,1.93874,1.499267
-0.573463,-1.406102,-1.412503,1.859279,1.499267
-0.112573,-1.406102,-1.491736,1.779484,1.499267
0.117872,-1.406102,-1.402995,1.71224,1.498988
0.117872,-1.320423,-1.317424,1.640734,1.486938
-0.112573,-0.977746,-1.063879,1.561596,1.450423
-0.112573,-1.063406,-0.978308,1.482333,1.4376
-0.573463,-0.720728,-0.727932,1.394457,1.437
-0.343018,-0.677889,-0.724763,1.319066,1.437
0.117872,-0.37805,-0.46171,1.245132,1.43725
0.117872,-0.463729,-0.376139,1.168144,1.440458
0.348318,-0.163872,-0.116255,1.086525,1.452715
0.348318,-0.035372,-0.116255,1.013334,1.466738
0.117872,0.350145,0.308432,0.951292,1.480359
0.117872,0.221645,0.222861,0.906534,1.502288
-0.112573,0.607162,0.561977,0.877845,1.527832
0.117872,0.82134,0.907432,0.869196,1.54687
0.348318,1.164018,0.996173,0.869196,1.564406
0.348318,1.249679,1.252887,0.869196,1.5905
0.117872,1.335357,1.249718,0.877145,1.629172
0.117872,1.249679,1.249718,0.896908,1.683335
0.117872,1.206858,1.249718,0.91098,1.740845
-0.112573,1.421018,1.33212,0.943258,1.81184
-0.112573,1.506696,1.503263,0.97685,1.887425
-0.573463,1.678035,1.582495,1.007661,1.943032
-0.112573,1.592375,1.503263,1.052097,2.001567
-0.343018,1.421018,1.328951,1.094063,2.040906
-0.573463,1.07834,1.069067,1.210477,2.086865
-0.803908,1.206858,1.237041,1.279691,2.123405
-0.803908,1.206858,1.151469,1.340874,2.140255
-0.343018,0.992679,0.815522,1.420864,2.159092
-1.725688,0.992679,1.138792,1.486718,2.168387
-1.495243,0.778501,0.714104,1.563644,2.168387
-1.495243,0.607162,0.628533,1.627425,2.168387
-1.264798,0.650002,0.460559,1.661061,2.166789
-1.034353,0.564323,0.5493,1.71353,2.151846
-1.725688,0.350145,0.368649,1.764744,2.134162
-1.264798,0.350145,0.289417,1.783,2.116085
-1.264798,-0.163872,-0.052869,1.783,2.086968
-0.803908,-0.121033,-0.217673,1.783,2.063053
-1.264798,-0.163872,-0.224012,1.779625,2.027696
-2.186578,-0.849246,-0.835689,1.757364,1.97253
-0.573463,-0.892067,-0.984646,1.719216,1.909871
-1.495243,-1.063406,-1.168466,1.673253,1.84725
-0.573463,-1.491762,-1.412503,1.623338,1.783718
0.348318,-1.277584,-1.314255,1.5689,1.723701
0.578762,-1.234745,-1.139943,1.504783,1.657808
0.809207,-1.106245,-0.96563,1.444553,1.59567
0.809207,-0.763567,-0.794488,1.372911,1.535546
0.809207,-0.592228,-0.537774,1.299151,1.470334
0.809207,-0.50655,-0.452202,1.211235,1.339779
1.039652,-0.249551,-0.27789,1.154917,1.288217
1.039652,-0.249551,-0.192319,1.08525,1.216812
1.039652,0.050306,0.064396,1.059542,1.183221
1.039652,0.050306,0.064396,1.014634,1.103481
0.809207,0.392984,0.403512,0.986544,1.066456
0.578762,0.435823,0.485914,0.984226,1.02068
0.578762,0.564323,0.485914,0.984226,0.98429
0.578762,0.735662,0.657057,0.991602,0.952148
0.578762,0.778501,0.742628,1.02275,0.916245
0.578762,1.07834,0.999342,1.082513,0.867492
0.348318,1.035519,1.081744,1.152187,0.810377
0.578762,1.421018,1.512771,1.218035,0.775018
0.578762,1.335357,1.341628,1.317375,0.73425
0.348318,1.335357,1.338459,1.40808,0.629504
0.348318,1.506696,1.509601,1.501552,0.530112
0.117872,1.421018,1.506432,1.590827,0.530112
0.348318,1.335357,1.509601,1.694389,0.530112
-0.112573,1.506696,1.503263,1.800869,0.532472
-0.343018,1.463857,1.500093,1.893653,0.540779
-0.573463,1.378196,1.411353,1.979674,0.552588
-0.573463,1.121179,1.154638,2.053021,0.575046
-0.573463,1.07834,1.069067,2.127457,0.615756
-0.803908,0.94984,1.151469,2.186996,0.669266
-0.803908,0.992679,1.065898,2.233676,0.732201
-0.573463,1.07834,0.983496,2.269142,0.811022
-1.495243,0.992679,0.970818,2.289359,0.900148
-1.264798,0.992679,0.973988,2.294254,0.981692
-0.803908,0.992679,0.980326,2.29446,1.078538
-1.264798,0.992679,0.888416,2.29446,1.160614
-0.803908,0.82134,0.809184,2.293245,1.264332
-0.343018,0.221645,0.302094,2.282146,1.361679
-0.112573,0.392984,0.390835,2.256969,1.46231
0.348318,0.221645,0.311602,2.214951,1.556089
0.348318,0.135967,0.140459,2.169924,1.634348
0.348318,0.307305,0.22603,2.107968,1.712311
1.039652,0.307305,0.235538,2.037244,1.791388
0.809207,0.093127,0.061226,1.9515,1.862875
1.039652,-0.078212,0.064396,1.842056,1.931272
1.039652,0.050306,0.149967,1.732532,1.97986
0.809207,0.050306,0.061226,1.654108,2.005468
1.270097,0.350145,0.40985,1.555395,2.022336
1.500542,0.478644,0.41302,1.47394,2.023
1.039652,0.435823,0.492253,1.406686,2.023
1.500542,0.350145,0.327448,1.316375,2.015125
1.500542,0.135967,0.156306,1.231495,1.968423
1.270097,0.050306,0.067565,1.151125,1.915234
1.270097,0.050306,0.067565,1.082959,1.866934
1.500542,0.007467,-0.014837,1.022136,1.815424
1.500542,0.093127,0.070734,0.961321,1.743628
1.500542,0.007467,-0.014837,0.915895,1.668462
1.500542,-0.249551,-0.18598,0.879242,1.58111
1.500542,-0.292372,-0.357123,0.84934,1.485937
1.500542,-0.549389,-0.528266,0.83228,1.399726
1.730988,-0.635068,-0.696239,0.8198,1.299053
1.270097,-1.063406,-0.959292,0.815104,1.201561
1.039652,-0.977746,-0.962461,0.809037,1.110721
1.270097,-1.406102,-1.387149,0.807314,1.01425
1.039652,-1.534602,-1.47589,0.807,0.952336
1.270097,-1.620262,-1.729434,0.808746,0.905388
1.039652,-1.791619,-1.732604,0.817259,0.836934
0.578762,-1.877279,-1.824514,0.859369,0.772184
0.117872,-2.091458,-2.087567,0.944124,0.713169
0.117872,-2.177136,-2.173138,1.034068,0.667182
-1.495243,-2.134297,-2.109752,1.133303,0.633877
-1.264798,-2.005779,-2.021011,1.264165,0.598028
-0.803908,-1.83444,-1.84353,1.435278,0.571556
-0.573463,-1.877279,-1.925932,1.518638,0.571556
-0.803908,-1.877279,-1.84353,1.594531,0.571556
-1.034353,-1.663101,-1.675556,1.666787,0.581714
-0.573463,-1.70594,-1.669218,1.716605,0.605703
-0.112573,-1.74878,-1.662879,1.748704,0.62876
-0.112573,-1.534602,-1.662879,1.7515,0.650875
-0.112573,-1.406102,-1.662879,1.7515,0.681282
0.348318,-1.663101,-1.65654,1.74971,0.715672
0.117872,-1.234745,-1.231853,1.720395,0.755372
0.117872,-1.063406,-1.146281,1.673308,0.809869
0.578762,-1.106245,-1.054371,1.626779,0.873492
1.039652,-1.063406,-1.048033,1.578668,0.947219
0.578762,-0.249551,-0.198657,1.533883,1.025252
1.270097,-0.677889,-0.617006,1.478774,1.13125
1.270097,-0.463729,-0.360292,1.414549,1.214846
1.270097,-0.292372,-0.274721,1.352616,1.285295
1.039652,0.093127,0.149967,1.28875,1.375875
1.039652,0.178806,0.149967,1.214423,1.476564
1.270097,0.307305,0.238708,1.145387,1.563743
1.039652,0.735662,0.748967,1.075257,1.644723
1.270097,0.735662,0.837707,1.013168,1.713949
1.039652,0.692823,0.663395,0.942225,1.791576
1.039652,0.778501,0.748967,0.871963,1.873967
1.039652,0.478644,0.492253,0.822311,1.935684
0.578762,0.564323,0.999342,0.784827,1.983366
0.578762,0.907001,0.913771,0.754629,2.029141
0.809207,0.264484,0.232369,0.748508,2.06394
0.578762,0.093127,0.058057,0.748508,2.093842
0.348318,0.135967,0.140459,0.748508,2.116345
0.578762,0.050306,0.143628,0.759642,2.135978
0.117872,-0.121033,-0.033853,0.796057,2.149107
-0.112573,-0.292372,-0.208165,0.8335,2.158051
-0.343018,-0.420889,-0.296906,0.880938,2.167494
-0.343018,-0.37805,-0.468049,0.940692,2.179104
-0.573463,-0.463729,-0.471218,1.014382,2.192994
-0.573463,-0.463729,-0.556789,1.100125,2.2099
-1.956133,-0.549389,-0.575805,1.192603,2.21945
-1.495243,-0.549389,-0.569467,1.2953,2.2303
-1.495243,-0.420889,-0.483895,1.410494,2.24169
-1.495243,-0.463729,-0.483895,1.521361,2.245
-1.034353,-0.37805,-0.391985,1.638246,2.245
-1.495243,-0.292372,-0.398324,1.751751,2.245
-1.495243,-0.249551,-0.227181,1.862201,2.236791
-1.495243,-0.121033,-0.14161,1.957739,2.210247
-1.264798,-0.121033,-0.224012,2.03038,2.18163
-1.264798,0.007467,-0.052869,2.084079,2.154478
-1.725688,-0.163872,-0.059208,2.111088,2.126569
-1.264798,-0.121033,-0.052869,2.113338,2.096089
-1.264798,-0.035372,0.032702,2.113338,2.050908
-0.803908,0.307305,0.381327,2.111544,2.0255
0.117872,0.307305,0.222861,2.082989,2.011808
0.117872,0.392984,0.308432,2.043687,2.002062
0.117872,0.478644,0.479575,2.0017,1.999826
0.348318,0.650002,0.739459,1.951511,1.998544
0.348318,0.650002,0.653887,1.881005,1.998544
0.348318,1.07834,1.167316,1.781728,1.998544
0.117872,1.378196,1.420861,1.6763,2.004309
0.117872,1.549535,1.335289,1.555042,2.015486
0.348318,1.463857,1.42403,1.43094,2.021
0.578762,1.592375,1.598342,1.305769,2.021
0.117872,1.635196,1.677575,1.17834,2.021
0.117872,1.635196,1.677575,1.072456,2.014519
-0.112573,1.506696,1.503263,0.98489,1.997677
0.348318,1.506696,1.595173,0.900618,1.968285
0.117872,1.335357,1.335289,0.822315,1.917168
0.348318,1.549535,1.595173,0.764876,1.849531
0.117872,1.249679,1.249718,0.73,1.778241
0.117872,1.249679,1.335289,0.73,1.722935
-0.573463,0.94984,0.983496,0.73,1.67243
-1.034353,0.94984,0.977157,0.7357,1.628662
-0.803908,0.735662,0.723612,0.781738,1.589609
-1.264798,0.907001,0.888416,0.857063,1.553636
-1.264798,0.82134,0.888416,0.94119,1.526476
-1.264798,0.82134,0.973988,1.037439,1.501151
-1.264798,0.735662,0.717274,1.140102,1.482519
-1.495243,0.521484,0.542961,1.261956,1.4667
-1.495243,0.478644,0.542961,1.385193,1.447496
-1.725688,0.521484,0.539792,1.51375,1.43425
-1.725688,0.564323,0.539792,1.645233,1.406517
-1.956133,0.650002,0.536623,1.755495,1.382687
-1.725688,0.650002,0.796506,1.870353,1.356281
-1.725688,0.650002,0.539792,1.962116,1.333616
-1.495243,0.478644,0.45739,2.019148,1.310889
-1.034353,0.392984,0.463729,2.077718,1.276907
-1.034353,0.435823,0.463729,2.120079,1.250208
-1.034353,0.221645,0.292586,2.134395,1.213637
-1.034353,0.135967,0.121443,2.134395,1.196125
-0.803908,0.135967,0.210184,2.133821,1.179644
-0.573463,0.135967,0.04221,2.121098,1.156724
-0.343018,0.221645,0.130951,2.1003,1.1348
-0.112573,0.050306,0.048549,2.062054,1.12425
-0.343018,0.135967,0.04538,2.011028,1.124
0.117872,-0.078212,-0.119424,1.953591,1.124
0.348318,0.135967,0.140459,1.870847,1.125898
0.348318,-0.163872,-0.116255,1.781328,1.136972
0.578762,-0.078212,-0.113086,1.692697,1.154618
0.809207,0.007467,0.061226,1.574572,1.174273
1.039652,0.221645,0.235538,1.452767,1.175
1.270097,0.392984,0.324279,1.331174,1.175
1.039652,0.392984,0.406681,1.207875,1.174875
1.500542,0.050306,0.070734,1.101092,1.166859
1.039652,0.093127,0.149967,0.981268,1.132901
1.500542,0.093127,0.156306,0.890453,1.085333
1.270097,-0.121033,-0.018007,0.814823,1.01664
1.730988,0.135967,0.073903,0.773058,0.943355
1.500542,0.135967,0.070734,0.771258,0.882337
1.500542,0.007467,0.156306,0.771258,0.831879
1.500542,0.007467,-0.014837,0.773633,0.798051
1.500542,-0.035372,-0.014837,0.820238,0.757848
1.500542,-0.078212,-0.014837,0.888166,0.721078
1.270097,-0.335211,-0.360292,0.971926,0.696399
1.270097,-0.592228,-0.617006,1.075309,0.67551
1.500542,-0.50655,-0.613837,1.164875,0.660125
1.500542,-0.849246,-0.870551,1.260854,0.645362
1.500542,-0.892067,-0.78498,1.346058,0.622352
1.270097,-1.234745,-1.216006,1.439026,0.6059
1.270097,-1.277584,-1.301577,1.546033,0.603
1.730988,-1.406102,-1.38081,1.6416,0.603
1.039652,-1.83444,-1.647032,1.730625,0.603
0.809207,-1.962958,-1.992487,1.834275,0.607284
0.809207,-2.134297,-2.078059,1.927296,0.613882
-0.573463,-2.048618,-2.268217,2.013881,0.638549
-1.034353,-1.920119,-1.846699,2.103775,0.663284
-1.495243,-1.577441,-1.596323,2.168453,0.681303
-1.495243,-1.491762,-1.510752,2.271977,0.716239
-1.956133,-1.277584,-1.345948,2.323492,0.74149
-1.725688,-0.849246,-0.82935,2.325323,0.751939
-1.495243,-0.849246,-0.911752,2.325323,0.763301
-1.725688,-0.420889,-0.487065,2.324462,0.779588
-1.725688,-0.420889,-0.487065,2.295705,0.796285
-1.725688,-0.035372,-0.144779,2.237882,0.82498
-1.725688,0.007467,0.026364,2.118451,0.869024
-1.725688,0.135967,0.111935,2.028577,0.921293
-1.956133,0.093127,0.108766,1.949647,0.991136
-1.495243,0.392984,0.371819,1.871271,1.063496
-1.495243,0.521484,0.45739,1.774417,1.149995
-1.495243,0.735662,0.628533,1.699383,1.215735
-1.725688,0.907001,1.053221,1.615345,1.291009
-1.264798,0.82134,0.717274,1.524352,1.367947
-1.034353,0.650002,0.634871,1.421211,1.441304
-1.264798,0.907001,0.888416,1.316036,1.510665
-1.034353,0.907001,0.891586,1.218105,1.577861
-1.264798,1.463857,1.401845,1.113315,1.655388
-1.495243,1.463857,1.227533,1.03369,1.726285
-0.343018,1.249679,1.243379,0.948389,1.807051
-0.573463,1.506696,1.496924,0.886458,1.867723
-0.343018,1.549535,1.328951,0.831493,1.928616
-0.112573,1.421018,1.503263,0.7971,1.990696
-0.112573,1.678035,1.674405,0.795,2.054414
0.117872,1.635196,1.677575,0.795,2.098677
0.117872,1.592375,1.677575,0.799902,2.138519
0.117872,1.678035,1.677575,0.833696,2.163871
0.578762,1.506696,1.427199,0.85575,2.181282
0.348318,1.378196,1.42403,0.888056,2.194831
0.117872,1.292518,1.335289,0.989835,2.206228
0.809207,1.164018,1.173654,1.130866,2.227339
0.809207,0.907001,0.91694,1.193629,2.235874
0.809207,0.82134,0.831369,1.258455,2.248742
1.039652,0.692823,0.748967,1.30663,2.255849
1.039652,0.778501,0.748967,1.383532,2.267023
1.500542,0.435823,0.41302,1.473072,2.274367
1.270097,0.350145,0.324279,1.520588,2.274367
1.500542,0.307305,0.327448,1.551427,2.274367
1.270097,0.135967,0.153136,1.640662,2.27252
1.500542,0.007467,-0.014837,1.748285,2.252648
1.270097,-0.163872,-0.189149,1.858071,2.214468
1.270097,-0.50655,-0.445864,1.934052,2.179544
1.270097,-0.50655,-0.617006,2.020901,2.117224
1.270097,-0.635068,-0.617006,2.082594,2.062504
1.270097,-0.892067,-0.87372,2.146514,1.982788
1.500542,-1.149084,-1.127265,2.189124,1.903262
1.500542,-1.149084,-1.127265,2.224709,1.813195
1.039652,-1.277584,-1.219175,2.262318,1.712627
1.270097,-1.277584,-1.301577,2.287508,1.635651
1.270097,-1.063406,-1.044863,2.315533,1.540454
1.039652,-1.020585,-0.962461,2.329887,1.43044
0.809207,-0.806407,-0.794488,2.331,1.325346
0.578762,-0.635068,-0.712086,2.331,1.217308
0.348318,-0.763567,-0.715255,2.328971,1.126552
0.117872,-0.677889,-0.547281,2.309704,1.048454
-0.343018,-0.592228,-0.55362,2.285198,0.953758
-0.343018,-0.292372,-0.296906,2.244621,0.875028
-0.343018,-0.078212,0.04538,2.192523,0.809298
-0.573463,0.221645,0.127782,2.128772,0.750547
-0.343018,0.221645,0.130951,2.058256,0.703825
-0.343018,0.350145,0.302094,1.980546,0.668153
-0.573463,0.478644,0.470067,1.902837,0.642525
-1.034353,0.607162,0.806014,1.821667,0.625789
-1.034353,0.94984,0.891586,1.720034,0.614573
-1.264798,0.907001,0.973988,1.61753,0.613782
-1.495243,1.035519,0.970818,1.52025,0.613782
-1.034353,0.735662,0.720443,1.419579,0.613825
-1.264798,0.82134,0.717274,1.340243,0.621567
-1.495243,0.692823,0.799676,1.238847,0.638743
-1.264798,0.778501,0.717274,1.149825,0.666255
-1.034353,0.82134,0.720443,1.057359,0.713232
-1.495243,0.82134,0.799676,0.982484,0.752
-1.264798,0.692823,0.631702,0.926191,0.83405
-1.495243,0.264484,0.286247,0.883656,0.938151
-1.725688,0.307305,0.283078,0.853367,1.007583
-1.495243,0.093127,0.029533,0.818477,1.101362
-1.264798,0.093127,0.032702,0.788089,1.204734
-1.725688,-0.549389,-0.658207,0.770548,1.317984
-1.725688,-0.720728,-0.914922,0.768199,1.42632
-1.495243,-1.191924,-1.168466,0.768199,1.521482
-1.495243,-1.063406,-1.339609,0.770565,1.584394
-1.495243,-1.320423,-1.339609,0.816864,1.622367
-1.725688,-1.620262,-1.342778,0.837135,1.708542
-1.495243,-1.620262,-1.510752,0.865009,1.796301
-1.495243,-2.005779,-1.938609,0.909197,1.888425
0.348318,-2.005779,-1.998826,1.011849,1.959106
0.117872,-1.663101,-1.65971,1.202175,2.021275
-0.343018,-1.70594,-1.666048,1.292521,2.068162
0.117872,-1.791619,-1.65971,1.324354,2.172034
0.578762,-1.70594,-1.653371,1.375125,2.201388
0.117872,-1.320423,-1.317424,1.436163,2.203236
0.578762,-1.320423,-1.311085,1.447364,2.203236
0.348318,-1.406102,-1.399826,1.458306,2.203236
0.578762,-1.277584,-1.225514,1.464273,2.190058
0.578762,-1.191924,-1.225514,1.464184,2.158845
0.117872,-0.977746,-0.975138,1.463851,2.117687
0.348318,-1.063406,-1.057541,1.463851,2.064323
0.348318,-0.977746,-0.971969,1.464842,1.998661
0.117872,-0.635068,-0.718424,1.466297,1.917652
-0.112573,-0.37805,-0.379308,1.468,1.817264
-0.112573,-0.292372,-0.379308,1.471717,1.726849
-0.573463,-0.078212,-0.043361,1.481162,1.616962
-0.573463,0.135967,0.127782,1.494185,1.489976
-0.343018,-0.035372,0.04538,1.516569,1.361796
-0.343018,0.135967,0.130951,1.554849,1.215063
-1.264798,0.521484,0.546131,1.586606,1.100492
-0.343018,0.735662,0.729951,1.616326,0.985317
-0.343018,0.735662,0.729951,1.646691,0.902368
-0.112573,1.249679,1.160977,1.690537,0.804992
-0.112573,1.249679,1.33212,1.737692,0.731054
0.117872,1.421018,1.335289,1.788952,0.668358
0.348318,1.335357,1.338459,1.830734,0.626944
0.117872,1.164018,1.164146,1.874273,0.597598
0.348318,0.907001,0.996173,1.922247,0.590996
0.117872,0.992679,0.993004,1.965438,0.590996
0.578762,1.164018,1.084914,2.020727,0.590996
0.578762,1.121179,1.084914,2.074125,0.601154
0.578762,0.94984,0.999342,2.119087,0.626964
0.578762,0.992679,0.999342,2.160973,0.670988
0.809207,1.035519,1.002512,2.1915,0.722625
0.809207,0.82134,0.831369,2.21337,0.780281
0.809207,0.607162,0.660226,2.229321,0.851136
1.270097,0.778501,0.752136,2.2364,0.926941
1.039652,0.607162,0.577824,2.240177,1.015389
0.809207,0.350145,0.403512,2.251431,1.089964
1.039652,0.392984,0.406681,2.270206,1.185304
1.039652,0.221645,0.32111,2.288875,1.2845
1.039652,0.264484,0.235538,2.2966,1.390868
0.809207,0.007467,0.31794,2.297,1.491339
1.270097,-0.121033,-0.103578,2.297,1.617215
0.809207,-0.335211,-0.281059,2.296314,1.717552
1.270097,-0.206711,-0.189149,2.281477,1.807434
1.270097,-0.50655,-0.445864,2.247108,1.9095
1.500542,-0.463729,-0.699408,2.1976,2.0037
1.270097,-0.763567,-0.702578,2.138914,2.078998
1.039652,-0.677889,-0.791318,2.082088,2.134679
1.270097,-0.977746,-0.959292,2.019317,2.170735
0.809207,-0.892067,-0.96563,1.932046,2.201224
0.809207,-0.977746,-0.96563,1.853502,2.222446
1.270097,-1.020585,-0.959292,1.76069,2.222446
-0.112573,-1.106245,-1.149451,1.667836,2.222446
-0.343018,-1.534602,-1.494905,1.607807,2.207467
-0.573463,-1.277584,-1.754789,1.573884,2.164579
-0.343018,-1.020585,-1.409334,1.549521,2.128483
-1.034353,-1.149084,-1.247699,1.526916,2.068124
-1.264798,-0.763567,-0.994154,1.514222,1.99923
-1.725688,-0.806407,-0.82935,1.502673,1.910581
-1.956133,-0.806407,-0.832519,1.496057,1.814652
-1.725688,-0.50655,-0.572636,1.493295,1.73046
-1.956133,-0.592228,-0.575805,1.488795,1.630065
-1.495243,-0.249551,-0.227181,1.486967,1.568705
-1.495243,-0.121033,-0.227181,1.479917,1.446341
-1.264798,-0.035372,-0.052869,1.462479,1.326521
-1.264798,0.050306,0.032702,1.440782,1.226034
-1.725688,0.521484,0.454221,1.414686,1.131066
-1.725688,0.478644,0.454221,1.381756,1.056932
-1.264798,0.478644,0.460559,1.348547,0.997329
-1.264798,0.392984,0.460559,1.297411,0.948529
-1.264798,0.564323,0.546131,1.234259,0.9325
-1.034353,0.650002,0.634871,1.171984,0.9325
-0.803908,0.650002,0.638041,1.117049,0.9325
-1.034353,0.94984,0.891586,1.074322,0.938821
-0.573463,0.992679,0.983496,1.020833,0.978591
-1.034353,1.164018,1.1483,0.973301,1.027673
-0.803908,0.907001,0.980326,0.926635,1.091636
-0.343018,0.992679,1.072236,0.889442,1.158933
-0.343018,1.07834,1.072236,0.859194,1.238032
-0.573463,1.07834,0.983496,0.841827,1.306783
-0.112573,0.992679,0.989834,0.828869,1.373326
0.117872,0.82134,0.736289,0.827,1.442229
0.348318,0.907001,0.82503,0.827,1.496055
0.348318,0.82134,0.910602,0.827,1.566095
0.117872,0.778501,0.821861,0.83565,1.647295
0.578762,0.564323,0.657057,0.85136,1.719655
0.578762,0.607162,0.657057,0.867887,1.78675
0.809207,0.650002,0.660226,0.893846,1.8503
0.809207,0.435823,0.403512,0.927279,1.913171
0.809207,0.307305,0.31794,0.992052,1.955327
0.809207,0.392984,0.574655,1.120937,1.99532
1.270097,0.392984,0.40985,1.20884,2.018456
1.270097,0.135967,0.238708,1.275272,2.034
1.039652,0.135967,0.149967,1.348938,2.034
1.039652,-0.035372,-0.021176,1.426381,2.034
1.270097,-0.078212,-0.018007,1.501392,2.032333
1.270097,-0.121033,-0.103578,1.544181,2.019407
1.270097,-0.335211,-0.360292,1.568431,2.003941
1.270097,-0.420889,-0.360292,1.605307,1.981805
1.270097,-0.635068,-0.617006,1.675959,1.953228
1.270097,-0.763567,-0.788149,1.744765,1.929755
1.270097,-1.020585,-0.959292,1.824379,1.895925
1.270097,-1.063406,-1.044863,1.883399,1.85359
0.809207,-1.191924,-1.136773,1.941304,1.805288
1.039652,-1.149084,-1.219175,2.00302,1.74196
1.039652,-1.363263,-1.390318,2.061375,1.66825
0.578762,-1.620262,-1.5678,2.116064,1.582269
0.348318,-1.74878,-1.742112,2.164986,1.489482
0.348318,-1.83444,-1.827683,2.198665,1.402689
0.348318,-1.83444,-1.742112,2.21425,1.316826
0.117872,-1.577441,-1.65971,2.215,1.246936
-0.112573,-1.491762,-1.491736,2.215,1.184911
-0.112573,-1.406102,-1.406165,2.213125,1.118273
0.117872,-1.320423,-1.317424,2.17724,1.05779
-1.034353,-0.806407,-0.819842,2.130453,1.003791
-0.573463,-0.892067,-0.899075,2.07732,0.947747
-0.343018,-0.720728,-0.810334,2.023864,0.903019
-0.573463,-0.677889,-0.556789,1.96079,0.8658
0.348318,-0.463729,-0.458541,1.91125,0.8385
0.348318,-0.121033,-0.116255,1.858009,0.818373
0.117872,-0.035372,-0.033853,1.80189,0.801734
0.348318,0.350145,0.311602,1.745857,0.792837
0.348318,0.221645,0.22603,1.690025,0.792125
0.348318,0.478644,0.482745,1.622559,0.792125
0.348318,0.778501,0.739459,1.545036,0.793707
0.578762,0.82134,0.828199,1.480754,0.810637
0.578762,0.650002,0.742628,1.412265,0.836445
0.578762,1.121179,1.170485,1.342277,0.86915
0.348318,1.421018,1.42403,1.26886,0.922879
0.578762,1.421018,1.341628,1.196396,0.993216
0.578762,1.335357,1.341628,1.135789,1.073468
0.578762,1.463857,1.512771,1.086891,1.160705
0.348318,1.763714,1.680744,1.04757,1.248407
0.348318,1.678035,1.680744,1.012461,1.33559
0.117872,1.806535,1.848718,0.97555,1.428587
0.348318,1.849374,1.851887,0.948895,1.514884
0.348318,1.849374,1.851887,0.933681,1.592082
0.348318,1.720874,1.680744,0.93,1.6738
0.348318,1.549535,1.595173,0.93,1.756891
0.117872,1.421018,1.420861,0.93,1.824202
-0.112573,1.592375,1.674405,0.983665,1.890321
-0.112573,1.592375,1.588834,1.056342,1.943156
-0.343018,1.720874,1.671236,1.087455,1.992372
-0.573463,1.549535,1.496924,1.16091,2.040548
-0.343018,1.164018,1.243379,1.266499,2.086118
-0.112573,0.992679,0.904263,1.33154,2.11166
-0.573463,1.07834,0.983496,1.393344,2.125766
-0.343018,0.82134,0.901094,1.422645,2.130969
-0.573463,0.94984,0.983496,1.452042,2.131219
-0.343018,0.907001,0.901094,1.503925,2.131219
-1.034353,0.907001,0.891586,1.565626,2.130431
-0.803908,0.94984,0.894755,1.599125,2.117275
-1.264798,0.650002,0.631702,1.662014,2.101083
-0.803908,0.650002,0.638041,1.715,2.088
-1.264798,0.307305,0.374988,1.749856,2.07124
-0.803908,0.307305,0.295755,1.755068,2.054674
-1.034353,0.178806,0.207015,1.755068,2.034173
-1.034353,0.050306,0.035872,1.755068,2.00472
-1.264798,-0.035372,-0.052869,1.742672,1.96357
-1.034353,-0.463729,-0.477557,1.71632,1.91742
-1.264798,-0.635068,-0.651869,1.674994,1.852128
-1.495243,-0.677889,-0.655038,1.63569,1.804753
-1.495243,-0.977746,-0.911752,1.587801,1.768364
-1.264798,-0.849246,-0.823012,1.5461,1.730071
-1.264798,-0.934906,-0.908583,1.481586,1.692564
-0.803908,-1.106245,-1.330101,1.412226,1.653991
-0.573463,-1.149084,-0.984646,1.328703,1.613763
-0.343018,-0.977746,-0.981477,1.249346,1.576579
-0.573463,-0.892067,-0.984646,1.163112,1.535373
-0.343018,-0.977746,-0.895906,1.077651,1.479188
-0.573463,-0.977746,-0.556789,0.991795,1.41511
-0.112573,-0.806407,-0.807165,0.917401,1.352008
-0.112573,-0.849246,-0.807165,0.847962,1.285562
0.348318,-0.720728,-0.715255,0.786531,1.22168
0.578762,-0.592228,-0.626514,0.734895,1.154851
0.117872,-0.549389,-0.376139,0.691262,1.083044
0.578762,-0.206711,-0.198657,0.66316,1.016055
0.578762,-0.163872,-0.113086,0.660794,0.943867
0.578762,-0.078212,-0.027514,0.660794,0.874168
0.809207,-0.035372,-0.024345,0.663471,0.815517
1.039652,-0.206711,-0.192319,0.689279,0.770332
1.039652,-0.163872,-0.106747,0.731721,0.732862
1.039652,-0.078212,-0.106747,0.787573,0.702521
1.270097,0.093127,0.067565,0.871436,0.67135
1.270097,0.135967,0.067565,0.952877,0.647519
1.270097,-0.078212,-0.103578,1.042821,0.624645
1.500542,-0.163872,-0.100409,1.117381,0.608094
1.500542,-0.078212,-0.100409,1.196533,0.596652
1.500542,-0.121033,-0.100409,1.277553,0.592859
1.270097,-0.078212,-0.103578,1.350505,0.592859
1.500542,-0.292372,-0.18598,1.425,0.592859
1.500542,-0.335211,-0.271551,1.5039,0.595444
1.270097,-0.249551,-0.274721,1.58557,0.607656
1.270097,-0.677889,-0.702578,1.668104,0.628598
1.500542,-0.806407,-0.699408,1.73065,0.650694
1.270097,-0.934906,-0.87372,1.800878,0.682517
1.270097,-0.934906,-0.959292,1.8665,0.726125
1.270097,-1.277584,-1.216006,1.913,0.775375
1.039652,-1.406102,-1.390318,1.958682,0.838082
1.270097,-1.620262,-1.558292,1.999152,0.897806
0.809207,-1.70594,-1.735773,2.034,0.97925
0.578762,-1.877279,-1.824514,2.061181,1.057297
0.578762,-1.877279,-1.995657,2.07941,1.152526
0.578762,-2.134297,-2.166799,2.089982,1.248274
0.578762,-2.348475,-2.337942,2.092,1.3233
0.578762,-2.348475,-2.337942,2.092,1.41147
-0.803908,-1.920119,-1.84353,2.09172,1.490822
-0.803908,-1.74878,-1.757958,2.080889,1.570995
-1.264798,-1.877279,-1.93544,2.059422,1.637315
-1.495243,-1.70594,-1.767466,2.027393,1.687354
-1.495243,-1.791619,-1.767466,1.995941,1.710319
-1.264798,-1.149084,-1.165297,1.942768,1.728476
-1.725688,-1.149084,-1.257207,1.880854,1.733805
-1.495243,-1.234745,-1.254038,1.82153,1.733805
-1.956133,-1.063406,-1.089234,1.733251,1.733805
-1.495243,-0.892067,-0.740609,1.640042,1.7349
-1.264798,-0.763567,-0.73744,1.546895,1.735469
-1.725688,-0.720728,-0.743779,1.4537,1.735569
-2.186578,-0.720728,-0.835689,1.356518,1.737771
-1.956133,-0.592228,-0.575805,1.256757,1.746479
-2.186578,-0.763567,-0.835689,1.169219,1.759077
-1.495243,-1.063406,-1.082895,1.085674,1.779359
-1.264798,-1.191924,-1.165297,1.021608,1.800478
-1.264798,-1.234745,-1.33644,0.979615,1.820952
-1.264798,-0.849246,-0.823012,0.931993,1.858653
-1.495243,-1.063406,-0.997324,0.905696,1.9095
-0.803908,-0.892067,-0.902244,0.903333,1.957932
0.117872,-0.806407,-0.803996,0.903333,1.980183
0.117872,-0.806407,-0.718424,0.903718,1.994625
0.348318,-0.720728,-0.715255,0.906698,2.021172
0.117872,-0.292372,-0.290567,0.955375,2.044065
0.578762,-0.592228,-0.626514,1.011702,2.068095
0.578762,-0.206711,-0.198657,1.12185,2.081345
0.348318,0.093127,0.140459,1.298613,2.08916
0.578762,0.135967,0.058057,1.369175,2.107308
0.578762,0.350145,0.314771,1.405853,2.196033
0.578762,0.650002,0.657057,1.471083,2.203557
0.578762,0.692823,0.657057,1.531065,2.203576
0.578762,0.607162,0.657057,1.561,2.203929
0.809207,0.650002,0.660226,1.591922,2.204
0.578762,1.164018,1.084914,1.616541,2.203752
0.578762,1.164018,1.170485,1.651748,2.203076
0.348318,1.035519,1.081744,1.718728,2.202125
0.348318,1.164018,1.252887,1.800522,2.20078
0.117872,1.206858,1.164146,1.876716,2.187471
-0.112573,1.635196,1.588834,1.945803,2.154836
0.348318,1.421018,1.42403,1.995861,2.123473
0.117872,1.678035,1.592003,2.027641,2.088332
-0.112573,1.592375,1.588834,2.058664,2.035497
-0.112573,1.506696,1.503263,2.098678,1.960992
-0.112573,1.463857,1.417691,2.145975,1.876948
-0.112573,1.249679,1.246548,2.183143,1.782726
0.117872,1.164018,1.164146,2.208635,1.700982
-0.112573,1.164018,1.075406,2.23279,1.621505
-0.343018,0.907001,0.901094,2.25921,1.544464
0.117872,0.907001,0.821861,2.279034,1.486191
-0.803908,0.564323,0.552469,2.28207,1.42773
-0.343018,0.307305,0.216522,2.28207,1.396061
-0.343018,0.307305,0.302094,2.28207,1.395
-0.573463,0.264484,0.213353,2.280654,1.395
-0.573463,0.135967,0.213353,2.272728,1.396317
-1.495243,0.307305,0.286247,2.253699,1.418199
-1.264798,0.307305,0.289417,2.21855,1.463932
-1.264798,0.350145,0.289417,2.180784,1.500238
-1.495243,0.307305,0.200676,2.125314,1.554008
-1.264798,-0.121033,-0.052869,2.042353,1.593627
-1.495243,-0.035372,-0.056038,1.943902,1.641456
-1.034353,-0.078212,-0.135271,1.802211,1.702249
-1.034353,-0.37805,-0.306414,1.682791,1.749719
-1.264798,-0.292372,-0.309583,1.595886,1.770027
-1.034353,-0.677889,-0.734271,1.491112,1.772159
-0.343018,-0.720728,-0.810334,1.3897,1.772159
-0.112573,-0.463729,-0.550451,1.283689,1.772159
0.117872,-0.37805,-0.46171,1.216649,1.764702
0.117872,-0.37805,-0.376139,1.135574,1.727604
0.348318,-0.035372,-0.116255,1.059402,1.678606
0.578762,-0.121033,-0.113086,0.975847,1.614891
0.578762,0.050306,-0.027514,0.903222,1.550279
1.039652,0.264484,0.32111,0.837207,1.47598
1.039652,0.478644,0.492253,0.790236,1.397825
1.039652,0.392984,0.406681,0.758466,1.317942
1.039652,0.221645,0.235538,0.751875,1.235746
1.270097,0.093127,0.153136,0.751875,1.147143
1.270097,0.221645,0.153136,0.751875,1.068708
1.500542,0.050306,0.070734,0.760802,0.986541
1.500542,0.307305,0.327448,0.796454,0.902423
1.500542,0.178806,0.241877,0.843565,0.825191
1.730988,0.093127,0.245046,0.894345,0.768967
1.730988,0.221645,0.159475,0.947311,0.744939
1.500542,0.050306,0.070734,1.006102,0.744564
1.500542,0.093127,0.070734,1.076205,0.744564
1.500542,-0.035372,-0.014837,1.15717,0.746704
1.500542,-0.163872,-0.18598,1.237938,0.764985
1.270097,0.050306,-0.018007,1.3227,0.7976
1.730988,-0.206711,-0.182811,1.394976,0.832636
1.500542,-0.677889,-0.613837,1.466512,0.863924
1.270097,-0.977746,-0.959292,1.538121,0.88273
1.270097,-0.849246,-0.87372,1.608078,0.895752
1.270097,-1.277584,-1.216006,1.674935,0.911596
0.809207,-1.149084,-1.222345,1.741425,0.914903
1.039652,-1.491762,-1.47589,1.797302,0.917012
0.809207,-1.70594,-1.650202,1.856496,0.9179
0.578762,-1.920119,-1.910085,1.908771,0.918372
0.348318,-1.962958,-1.913254,1.956922,0.929523
0.117872,-2.091458,-2.001995,2.031559,0.96128
-0.112573,-1.920119,-1.919593,2.06875,0.9945
0.117872,-2.005779,-1.916424,2.076435,1.039963
-0.343018,-1.920119,-1.922762,2.076435,1.084183
-1.034353,-1.74878,-1.761128,2.076435,1.188602
-1.034353,-1.620262,-1.675556,2.06765,1.269356
-1.264798,-1.83444,-1.849868,2.03765,1.358235
-1.725688,-1.491762,-1.42835,1.989518,1.455981
-1.495243,-1.191924,-1.254038,1.94769,1.529802
-1.264798,-1.063406,-0.908583,1.9061,1.5848
-1.725688,-0.892067,-0.914922,1.851253,1.634994
-1.725688,-0.720728,-0.743779,1.790999,1.657615
-1.956133,-0.635068,-0.661377,1.719593,1.664917
-1.725688,-0.549389,-0.658207,1.643543,1.671914
-1.956133,-0.420889,-0.490234,1.557375,1.674
-1.495243,-0.463729,-0.483895,1.458147,1.677726
-1.725688,-0.163872,-0.315922,1.361812,1.688923
-1.956133,0.093127,0.108766,1.275481,1.700804
-1.956133,0.178806,0.108766,1.175887,1.71733
-1.725688,0.350145,0.283078,1.093321,1.738495
-1.956133,0.264484,0.279909,1.000911,1.771767
-1.725688,0.264484,0.283078,0.919087,1.814008
-1.956133,0.307305,0.279909,0.861247,1.85724
-1.495243,0.221645,0.714104,0.811457,1.908125
-1.264798,0.350145,0.374988,0.774981,1.957381
-1.495243,0.264484,0.200676,0.748629,1.992658
-1.034353,0.307305,0.207015,0.742965,2.015501
-1.264798,0.435823,0.546131,0.742965,2.061067
-1.264798,0.264484,0.203845,0.742965,2.102233
-1.264798,0.392984,0.374988,0.75412,2.123137
-0.803908,0.521484,0.466898,0.772375,2.124758
-0.803908,0.350145,0.381327,0.816415,2.124758
-1.034353,0.221645,0.207015,0.948774,2.124758
-1.034353,0.307305,0.292586,1.079267,2.095822
-0.803908,0.221645,0.210184,1.236808,2.049677
-1.034353,-0.121033,-0.135271,1.334576,2.045891
-0.803908,0.050306,-0.04653,1.420027,2.045891
-0.803908,-0.292372,-0.388816,1.509934,2.045986
-1.264798,-0.37805,-0.395155,1.588391,2.048112
-0.573463,-0.806407,-0.813504,1.614234,2.052312
-0.343018,-0.720728,-0.724763,1.628589,2.063281
0.117872,-1.063406,-0.803996,1.650866,2.162413
0.348318,-1.149084,-1.143112,1.72385,2.169239
0.117872,-1.234745,-1.231853,1.806896,2.169239
0.578762,-1.320423,-1.396657,1.87672,2.169168
0.809207,-1.063406,-1.307916,1.921073,2.155717
1.039652,-0.849246,-0.791318,1.985944,2.126147
1.039652,-0.849246,-0.87689,2.042125,2.090125
1.039652,-0.763567,-0.705747,2.095969,2.033931
1.500542,-0.763567,-0.870551,2.136488,1.966218
1.270097,-0.720728,-0.702578,2.169539,1.894322
1.270097,-0.849246,-0.87372,2.202587,1.806259
1.500542,-0.677889,-0.699408,2.2473,1.710471
1.270097,-0.592228,-0.445864,2.271835,1.627407
1.500542,-0.549389,-0.528266,2.291997,1.527749
1.270097,-0.635068,-0.531435,2.298312,1.453382
1.270097,-0.249551,-0.274721,2.305875,1.381625
1.270097,-0.163872,-0.189149,2.3065,1.289259
1.270097,0.178806,0.153136,2.3065,1.214946
1.039652,0.093127,0.064396,2.305351,1.144057
1.039652,0.050306,0.064396,2.296029,1.079537
1.039652,0.307305,0.32111,2.274502,1.023978
0.809207,0.435823,0.403512,2.253809,0.968635
0.809207,0.435823,0.403512,2.232272,0.912252
0.809207,0.564323,0.660226,2.208062,0.869143
0.578762,0.692823,0.742628,2.179312,0.838456
0.348318,0.907001,0.910602,2.143976,0.831826
0.117872,0.992679,0.993004,2.108092,0.831826
0.348318,1.07834,1.081744,2.078325,0.831826
-0.112573,1.035519,0.989834,2.057121,0.835208
0.117872,1.07834,1.078575,2.022,0.8561
-0.112573,1.121179,1.075406,1.97955,0.883588
-0.112573,1.121179,1.075406,1.935973,0.921261
-0.343018,0.907001,0.901094,1.902797,0.966184
0.117872,0.94984,0.907432,1.882176,1.012568
-1.034353,0.82134,0.806014,1.867851,1.059556
-0.573463,0.907001,0.897924,1.851276,1.134287
-0.803908,0.692823,0.809184,1.845264,1.223433
-1.264798,0.778501,0.717274,1.835591,1.30335
-1.495243,0.778501,0.714104,1.826096,1.391548
-1.495243,0.735662,0.628533,1.812658,1.480298
-1.495243,0.392984,0.45739,1.79565,1.581778
-2.186578,0.307305,0.362311,1.769098,1.693368
-1.725688,-0.163872,-0.23035,1.734389,1.783645
-1.725688,-0.37805,-0.401493,1.67524,1.870528
-1.725688,-0.592228,-0.658207,1.614078,1.958118
-2.186578,-0.977746,-1.006832,1.555125,2.041125
-1.956133,-0.934906,-1.003662,1.484639,2.124578
-1.495243,-1.234745,-1.168466,1.418522,2.183952
-1.725688,-1.363263,-1.342778,1.344743,2.235041
-2.186578,-1.577441,-1.605831,1.255081,2.28457
-1.956133,-1.620262,-1.602662,1.188841,2.294831
-1.956133,-1.577441,-1.602662,1.167873,2.294831
-1.495243,-1.320423,-1.339609,1.154121,2.294831
-1.495243,-1.191924,-1.168466,1.13922,2.283423
-1.264798,-1.149084,-1.422011,1.119644,2.243042
-1.495243,-1.106245,-0.997324,1.113,2.189432
-1.264798,-0.892067,-0.994154,1.113,2.118377
-0.803908,-0.720728,-0.64553,1.10892,2.039157
-0.343018,-0.635068,-0.724763,1.095371,1.953817
-0.803908,-0.206711,-0.303245,1.084333,1.860602
-0.343018,-0.035372,-0.040192,1.041625,1.769125
-0.343018,-0.121033,-0.125763,0.947237,1.68125
-0.343018,-0.121033,-0.125763,0.942237,1.589431
-0.573463,-0.035372,-0.214504,0.942237,1.50297
-0.112573,0.135967,0.13412,0.945419,1.390066
0.117872,0.050306,0.051718,0.96152,1.33415
-0.112573,0.050306,0.048549,0.99792,1.257096
0.117872,-0.035372,0.051718,1.037047,1.162873
0.117872,0.221645,0.222861,1.077831,1.091672
0.348318,0.435823,0.397173,1.132877,1.014801
0.578762,0.478644,0.400342,1.182268,0.943039
0.117872,0.992679,0.993004,1.251145,0.890389
-0.112573,0.94984,1.075406,1.347738,0.828275
1.039652,0.264484,0.235538,1.432422,0.772322
1.039652,0.992679,0.663395,1.533562,0.718325
1.039652,0.692823,0.663395,1.623777,0.690206
1.039652,0.650002,0.663395,1.71942,0.669045
1.270097,0.650002,0.666565,1.81343,0.666008
1.270097,0.607162,0.666565,1.877125,0.666008
1.270097,0.650002,0.666565,1.950938,0.666308
1.500542,0.264484,0.327448,2.018875,0.682375
1.270097,0.264484,0.324279,2.0747,0.7209
1.270097,0.264484,0.324279,2.118,0.776052
1.270097,0.435823,0.40985,2.158726,0.837498
1.500542,0.135967,-0.014837,2.192327,0.905578
1.039652,-0.078212,-0.106747,2.229913,0.990208
1.270097,0.093127,0.153136,2.269573,1.073167
1.500542,-0.420889,-0.357123,2.309533,1.177472
1.500542,-0.37805,-0.357123,2.342286,1.276642
1.500542,-0.592228,-0.613837,2.36399,1.3667
1.270097,-0.720728,-0.702578,2.386317,1.456844
1.270097,-0.977746,-0.959292,2.394306,1.54055
1.500542,-1.106245,-1.127265,2.394306,1.617917
1.270097,-1.320423,-1.301577,2.394306,1.697797
1.039652,-1.448923,-1.390318,2.38305,1.740726
0.809207,-1.363263,-1.393487,2.350875,1.747211
1.039652,-1.448923,-1.390318,2.326218,1.747211
0.809207,-1.363263,-1.393487,2.292788,1.747211
-0.343018,-1.620262,-1.580477,2.236598,1.729772
-0.573463,-1.791619,-1.754789,2.189924,1.690319
-1.264798,-1.363263,-1.422011,2.112399,1.637015
-1.264798,-1.320423,-1.250868,2.033651,1.593375
-1.495243,-1.020585,-0.997324,1.963431,1.545101
-1.495243,-0.806407,-0.826181,1.882401,1.496575
-1.725688,-0.806407,-0.82935,1.802224,1.436818
-1.495243,-0.292372,-0.398324,1.743943,1.411271
-1.495243,-0.335211,-0.398324,1.679745,1.394777
-1.725688,-0.420889,-0.401493,1.623042,1.3895
-1.495243,-0.163872,-0.227181,1.555375,1.3895
-1.495243,0.221645,0.115105,1.492486,1.3895
-1.725688,0.221645,0.197507,1.415597,1.393091
-1.956133,0.307305,0.279909,1.332175,1.422327
-1.956133,0.478644,0.451051,1.249645,1.446664
-1.495243,0.392984,0.371819,1.168482,1.462111
-1.495243,0.392984,0.45739,1.084929,1.480448
-1.956133,0.735662,0.707766,1.008361,1.500641
-1.956133,0.864162,0.878908,0.922514,1.535594
-1.495243,0.94984,0.885247,0.856486,1.575733
-1.725688,0.94984,0.882078,0.784948,1.626475
-1.495243,0.692823,0.714104,0.728978,1.682563
-1.495243,0.692823,0.628533,0.684097,1.74353
-1.495243,0.478644,0.542961,0.659422,1.804801
-1.264798,0.607162,0.546131,0.658672,1.862427
-1.495243,0.392984,0.286247,0.658672,1.918901
-1.725688,0.392984,0.197507,0.659384,1.976178
-1.725688,0.135967,0.111935,0.677294,2.037822
-1.264798,-0.163872,-0.224012,0.72618,2.091308
-0.803908,-0.720728,-0.731101,0.845669,2.129849
-0.573463,-0.806407,-0.899075,0.982326,2.158225
-0.573463,-0.977746,-0.984646,1.10845,2.190271
0.117872,-1.70594,-1.402995,1.259199,2.217484
0.117872,-1.620262,-1.65971,1.340334,2.238357
-0.112573,-2.091458,-2.090736,1.426668,2.263223
-0.343018,-1.920119,-2.093905,1.5132,2.27
0.117872,-2.005779,-1.916424,1.547813,2.27
0.809207,-1.406102,-1.307916,1.561527,2.27
1.270097,-1.448923,-1.301577,1.573848,2.26046
1.039652,-1.448923,-1.390318,1.584458,2.240083
1.270097,-0.977746,-0.959292,1.656532,2.195387
1.500542,-0.977746,-0.956123,1.738152,2.156538
1.500542,-0.463729,-0.528266,1.811144,2.0965
1.039652,-0.463729,-0.449033,1.863564,2.03825
1.500542,-0.463729,-0.442694,1.927043,2.005149
1.500542,-0.292372,-0.271551,1.985808,1.961837
1.500542,-0.335211,-0.271551,2.03365,1.913768
1.270097,-0.249551,-0.189149,2.080956,1.854928
1.730988,0.221645,0.245046,2.127897,1.783882
1.270097,-0.078212,-0.103578,2.16196,1.715378
1.500542,0.093127,0.156306,2.217123,1.652633
1.270097,0.135967,0.153136,2.250447,1.584714
1.039652,-0.078212,-0.021176,2.286653,1.500418
1.039652,0.264484,0.32111,2.30235,1.4209
1.270097,0.307305,0.324279,2.30235,1.34175
1.039652,0.478644,0.577824,2.30235,1.26245
1.039652,0.564323,0.663395,2.301925,1.18975
0.809207,0.650002,0.745797,2.290433,1.115304
0.809207,0.735662,0.831369,2.272315,1.034615
0.578762,0.82134,0.828199,2.24922,0.963165
0.578762,1.07834,1.084914,2.216509,0.907026
0.348318,1.164018,1.167316,2.184775,0.85795
0.348318,1.07834,1.081744,2.153261,0.80449
0.117872,1.635196,1.506432,2.114002,0.76413
0.348318,1.635196,1.595173,2.062879,0.7272
0.578762,1.378196,1.341628,2.01071,0.713884
0.348318,1.335357,1.42403,1.955466,0.713824
0.117872,1.292518,1.335289,1.931121,0.713824
0.578762,1.506696,1.598342,1.908405,0.715894
0.117872,1.506696,1.506432,1.8975,0.742625
-0.343018,1.421018,1.414522,1.8975,0.787234
-0.343018,1.421018,1.414522,1.8975,0.847325
-0.343018,1.292518,1.243379,1.899813,0.925516
-0.573463,1.121179,1.069067,1.908535,1.023666
-0.803908,1.121179,0.980326,1.9208,1.133957
-0.573463,0.907001,0.897924,1.93471,1.233346
-0.803908,0.82134,0.894755,1.9542,1.365679
-1.264798,1.164018,1.145131,1.963262,1.460654
-1.264798,1.035519,1.145131,1.963262,1.578229
-0.803908,1.249679,1.237041,1.963262,1.679683
-0.573463,1.164018,1.154638,1.962904,1.769554
-1.264798,1.121179,1.059559,1.956102,1.852584
-1.264798,0.94984,0.973988,1.933779,1.947543
-0.803908,0.864162,0.894755,1.894963,2.047868
-0.803908,0.864162,0.894755,1.848213,2.11277
-0.573463,0.564323,0.64121,1.788228,2.175169
-0.573463,0.392984,0.470067,1.732204,2.229897
-0.803908,0.350145,0.295755,1.667041,2.274417
-0.803908,0.478644,0.381327,1.595244,2.315305
-0.573463,0.264484,0.213353,1.54283,2.349258
-0.803908,0.093127,0.124612,1.478532,2.366804
0.117872,-0.206711,-0.204996,1.389766,2.3705
0.117872,-0.37805,-0.376139,1.308198,2.3705
-0.112573,-0.720728,-0.721594,1.226084,2.3705
0.348318,-0.677889,-0.715255,1.140162,2.363256
0.348318,-0.720728,-0.715255,1.058087,2.336181
1.270097,-0.849246,-0.87372,1.012,2.317
1.039652,-1.063406,-1.048033,0.940125,2.2855
0.809207,-1.320423,-1.222345,0.847634,2.217635
0.809207,-1.277584,-1.307916,0.798611,2.144365
0.809207,-1.534602,-1.479059,0.770054,2.073271
0.809207,-1.620262,-1.307916,0.753751,2.00196
0.348318,-1.577441,-1.65654,0.742956,1.920022
0.578762,-1.74878,-1.738942,0.734593,1.824618
-0.112573,-1.920119,-1.919593,0.723052,1.732708
-0.112573,-2.134297,-2.176307,0.714144,1.643657
-0.343018,-2.262797,-2.265048,0.713015,1.552966
-0.573463,-2.134297,-2.182646,0.713015,1.466181
-0.803908,-1.877279,-1.84353,0.713015,1.375169
-0.803908,-1.83444,-1.929101,0.716763,1.335373
-0.803908,-1.920119,-1.929101,0.723125,1.248375
-0.803908,-1.448923,-1.501244,0.732887,1.145937
-1.264798,-1.320423,-1.33644,0.771577,1.035623
-1.264798,-1.191924,-1.33644,0.816637,0.936565
-1.725688,-1.063406,-1.342778,0.855505,0.859327
-1.495243,-0.720728,-0.740609,0.897894,0.791707
-1.725688,-0.892067,-0.914922,0.93937,0.728662
-1.725688,-0.635068,-0.658207,0.981283,0.684525
-1.725688,-0.677889,-0.658207,1.057938,0.647518
-1.495243,-0.463729,-0.398324,1.13876,0.622468
-1.495243,-0.37805,-0.398324,1.219311,0.606247
-1.725688,-0.163872,-0.401493,1.309301,0.587618
-1.495243,-0.463729,-0.398324,1.390644,0.575664
-1.725688,-0.420889,-0.401493,1.476963,0.572727
-1.956133,-0.420889,-0.490234,1.557993,0.572727
-1.034353,-0.549389,-0.391985,1.635706,0.572727
-1.264798,-0.206711,-0.309583,1.701701,0.583172
-0.803908,-0.37805,-0.388816,1.754955,0.602928
-0.803908,-0.37805,-0.388816,1.792326,0.626269
-0.573463,-0.292372,-0.385647,1.797357,0.649046
-0.343018,0.178806,-0.296906,1.797357,0.684307
-0.343018,0.135967,0.130951,1.797209,0.704941
-0.343018,-0.121033,-0.040192,1.778073,0.729174
-0.112573,0.093127,0.048549,1.741203,0.761803
-0.112573,0.392984,0.305263,1.702964,0.812492
0.117872,0.478644,0.479575,1.665671,0.87637
0.117872,0.82134,0.650718,1.642199,0.954503
0.117872,0.82134,0.821861,1.622668,1.043453
0.578762,0.650002,0.657057,1.604954,1.144645
0.348318,0.82134,1.081744,1.585187,1.239373
0.809207,0.992679,0.91694,1.565825,1.345875
0.809207,0.864162,0.831369,1.547263,1.430161
0.809207,1.07834,1.088083,1.523152,1.541317
0.578762,1.249679,1.256056,1.497128,1.653184
0.578762,1.292518,1.427199,1.476735,1.745605
0.578762,1.421018,1.341628,1.472781,1.818371
0.348318,1.335357,1.338459,1.472781,1.917582
0.348318,1.849374,1.851887,1.472781,2.022271
0.348318,1.720874,1.766315,1.481097,2.102819
0.117872,1.592375,1.677575,1.501901,2.164435
0.117872,1.635196,1.592003,1.5354,2.206
-0.112573,1.763714,1.845548,1.578989,2.2275
0.348318,1.463857,1.509601,1.631046,2.2275
0.348318,1.249679,1.338459,1.695666,2.2275
-0.112573,1.506696,1.503263,1.783929,2.224442
-0.112573,1.421018,1.417691,1.847507,2.214825
-0.112573,1.335357,1.33212,1.915453,2.189963
-1.264798,1.249679,1.230702,1.9833,2.142
-1.264798,1.164018,1.145131,2.041854,2.087596
-0.803908,1.035519,0.980326,2.081758,2.047652
-1.264798,1.07834,0.973988,2.10403,2.002693
-1.495243,0.778501,0.799676,2.118262,1.963604
-1.725688,0.607162,0.625364,2.131143,1.921199
-1.495243,0.650002,0.628533,2.15685,1.864137
-1.264798,0.564323,0.631702,2.166406,1.824407
-1.264798,0.607162,0.631702,2.179935,1.769326
-1.495243,0.392984,0.371819,2.190816,1.704964
-1.495243,0.392984,0.286247,2.205261,1.629403
-1.956133,0.221645,0.194337,2.207,1.56713
-1.725688,0.050306,0.026364,2.207,1.48256
-1.956133,-0.420889,-0.490234,2.207,1.401019
-1.725688,-0.677889,-0.572636,2.2055,1.330735
-1.725688,-0.635068,-0.572636,2.198077,1.27416
-1.264798,-1.020585,-0.994154,2.18277,1.250371
-1.495243,-1.020585,-1.082895,2.166118,1.246742
-1.956133,-1.063406,-1.089234,2.140357,1.246742
-1.495243,-1.448923,-1.339609,2.110113,1.246742
-1.956133,-1.448923,-1.517091,2.076107,1.254121
-1.725688,-1.491762,-1.513921,2.039422,1.270234
-1.495243,-1.620262,-1.596323,1.98339,1.283804
-1.495243,-1.663101,-1.681895,1.924469,1.290803
-1.495243,-1.877279,-1.853038,1.857942,1.298058
-1.495243,-1.877279,-1.938609,1.773458,1.305135
-1.264798,-2.048618,-2.106582,1.6837,1.3123
-0.343018,-1.83444,-1.837191,1.554839,1.324847
-0.112573,-1.83444,-1.74845,1.443287,1.335495
0.578762,-1.234745,-1.311085,1.340419,1.347093
1.039652,-1.277584,-1.304747,1.246105,1.36031
1.039652,-1.234745,-1.304747,1.148506,1.364548
1.039652,-1.149084,-1.133604,1.048775,1.364548
0.809207,-0.720728,-0.708916,0.956839,1.364548
1.039652,-0.763567,-0.705747,0.883875,1.361274
1.039652,-0.420889,-0.534604,0.816052,1.3361
1.039652,-0.463729,-0.449033,0.770558,1.316275
1.039652,-0.163872,-0.106747,0.740684,1.259552
1.039652,0.007467,0.064396,0.717118,1.186864
1.039652,0.307305,0.32111,0.70127,1.10948
0.809207,0.221645,0.232369,0.699,1.030772
0.809207,0.435823,0.489083,0.699,0.956016
0.809207,0.478644,0.489083,0.699,0.894625
0.578762,0.564323,0.571485,0.712118,0.855748
0.578762,0.521484,0.571485,0.742676,0.796691
0.578762,0.650002,0.657057,0.772673,0.762787
0.348318,0.82134,0.82503,0.832573,0.733288
0.117872,1.164018,1.335289,0.889379,0.711355
0.348318,1.206858,1.167316,0.969463,0.68877
0.117872,1.164018,1.164146,1.054278,0.666556
0.117872,0.992679,0.993004,1.147308,0.642181
0.117872,1.421018,1.335289,1.239031,0.616052
-0.112573,1.206858,0.989834,1.331235,0.586827
-0.112573,0.992679,0.904263,1.425577,0.562706
0.117872,0.907001,0.993004,1.51577,0.547186
-0.112573,0.992679,0.989834,1.603057,0.542964
-0.343018,1.249679,1.157808,1.700848,0.542964
-0.343018,1.164018,0.986665,1.789686,0.542964
-0.803908,1.121179,1.151469,1.873837,0.55311
-1.034353,1.07834,1.1483,1.942447,0.584033
-1.264798,0.735662,0.717274,2.001903,0.615892
-1.264798,0.907001,0.888416,2.073423,0.661766
-1.264798,0.907001,0.888416,2.133071,0.727583
-1.725688,0.735662,0.796506,2.220762,0.832355
-1.495243,0.735662,0.799676,2.27987,0.899601
-1.956133,0.864162,0.707766,2.325555,0.978945
-1.725688,0.650002,0.625364,2.359331,1.05484
-1.956133,0.521484,0.451051,2.381031,1.1337
-1.725688,0.435823,0.454221,2.388288,1.220944
-1.495243,0.435823,0.45739,2.389,1.308577
-1.495243,0.135967,0.115105,2.389,1.385105
-1.264798,0.178806,0.118274,2.388077,1.464142
-1.495243,-0.206711,-0.227181,2.38292,1.54872
-1.495243,-0.463729,-0.483895,2.371796,1.63455
-1.495243,-0.635068,-0.569467,2.35098,1.713971
-1.495243,-0.592228,-0.655038,2.333668,1.784092
-1.495243,-0.720728,-0.740609,2.304536,1.858274
-1.956133,-0.892067,-0.746948,2.26155,1.922375
-1.495243,-0.892067,-0.826181,2.201785,1.983353
-1.034353,-0.763567,-0.734271,2.12456,2.038577
-1.264798,-0.592228,-0.651869,2.0554,2.0723
-1.264798,-0.763567,-0.823012,1.973109,2.10407
-1.264798,-0.463729,-0.480726,1.88791,2.135044
-1.034353,-0.592228,-0.734271,1.79406,2.169433
-0.803908,-0.50655,-0.474387,1.705639,2.186468
-0.343018,-0.292372,-0.382477,1.609593,2.188
-0.112573,-0.549389,-0.550451,1.513753,2.188
-0.343018,-0.463729,-0.296906,1.415085,2.185269
-0.343018,-0.249551,-0.211335,1.332555,2.163404
0.348318,-0.121033,-0.116255,1.259937,2.132079
0.578762,-0.035372,-0.027514,1.1794,2.082819
0.809207,0.050306,0.061226,1.095865,2.014944
1.039652,0.007467,-0.021176,1.02375,1.945875
0.809207,0.007467,-0.024345,0.957969,1.860274
1.039652,0.050306,0.064396,0.915792,1.771149
1.270097,0.007467,-0.018007,0.883736,1.701175
1.270097,0.135967,0.153136,0.866174,1.615255
1.500542,0.093127,0.156306,0.864472,1.551062
1.500542,0.178806,0.241877,0.856883,1.448153
1.270097,0.093127,0.153136,0.848935,1.285849
1.270097,0.093127,0.067565,0.8472,1.181518
1.270097,0.135967,0.067565,0.856232,1.093181
1.500542,-0.078212,-0.014837,0.867909,1.000089
1.500542,-0.163872,-0.18598,0.881036,0.913525
1.500542,-0.549389,-0.528266,0.907103,0.8329
1.270097,-0.463729,-0.531435,0.969369,0.764481
1.270097,-0.677889,-0.702578,1.038312,0.728243
1.500542,-0.892067,-0.956123,1.117275,0.695352
1.039652,-1.063406,-1.048033,1.301667,0.665613
1.039652,-1.534602,-1.47589,1.408847,0.63513
0.578762,-2.005779,-1.910085,1.472011,0.612216
0.348318,-1.920119,-1.913254,1.556927,0.592523
-0.112573,-1.620262,-1.662879,1.639125,0.579375
-0.112573,-1.83444,-1.74845,1.714627,0.574
0.117872,-1.920119,-1.830852,1.794963,0.574
-0.112573,-1.74878,-1.834022,1.859741,0.574
-0.112573,-1.83444,-1.919593,1.926193,0.579461
-1.495243,-1.70594,-1.681895,1.975852,0.600016
-1.264798,-1.577441,-1.678725,2.013103,0.621126
-1.725688,-1.406102,-1.513921,2.040683,0.651661
-1.264798,-1.020585,-1.079726,2.053447,0.69187
-1.725688,-0.763567,-0.743779,2.056915,0.732092
-1.956133,-0.806407,-0.832519,2.061858,0.781019
-1.725688,-0.549389,-0.572636,2.065811,0.835385
-1.495243,-0.549389,-0.483895,2.067705,0.896418
-1.725688,-0.420889,-0.401493,2.077358,0.964856
-1.956133,-0.121033,-0.23352,2.101211,1.027944
-1.495243,-0.121033,-0.056038,2.1277,1.090863
-1.495243,0.050306,0.029533,2.158006,1.155129
-1.264798,0.135967,0.118274,2.176824,1.231809
-1.725688,0.221645,0.368649,2.197182,1.304985
-1.264798,0.350145,0.289417,2.205096,1.357737
-1.495243,0.478644,0.371819,2.205096,1.403292
-1.495243,0.564323,0.542961,2.205096,1.434463
-1.495243,0.564323,0.542961,2.199436,1.457706
-1.264798,0.735662,0.717274,2.166018,1.478311
-1.264798,0.692823,0.717274,2.140972,1.481378
-1.264798,1.249679,1.316273,2.086081,1.483427
-1.264798,0.82134,0.802845,2.023246,1.484591
-1.264798,0.735662,0.802845,1.940394,1.4869
-1.264798,0.82134,0.802845,1.852125,1.499125
-1.495243,1.121179,1.05639,1.747877,1.517728
-1.034353,1.292518,1.319443,1.633847,1.538091
-0.803908,1.07834,1.065898,1.528703,1.558643
-0.573463,1.249679,1.24021,1.406335,1.589282
-0.573463,0.82134,0.812353,1.293423,1.638596
-0.343018,0.650002,0.644379,1.200666,1.684924
-0.573463,0.82134,0.812353,1.117184,1.734816
-0.803908,0.864162,0.723612,1.02904,1.797527
-0.343018,0.650002,0.644379,0.944662,1.869811
-0.573463,0.478644,0.470067,0.886114,1.927
-0.343018,0.392984,0.387665,0.844885,1.952385
0.117872,0.392984,0.394004,0.837582,1.968554
-0.343018,-0.121033,-0.040192,0.837582,1.989
-0.573463,-0.035372,-0.128932,0.839177,2.002369
-0.343018,-0.206711,-0.296906,0.944636,2.011205
0.117872,-0.635068,-0.547281,1.134361,2.017763
-0.343018,-0.892067,-0.895906,1.265817,2.02147
-0.112573,-0.720728,-0.807165,1.3456,2.046844
0.348318,-0.892067,-1.228683,1.442875,2.103925
-0.112573,-1.406102,-1.406165,1.53621,2.105955
0.348318,-1.363263,-1.399826,1.603461,2.109154
0.117872,-1.663101,-1.65971,1.627496,2.113778
0.117872,-1.577441,-1.488567,1.656125,2.117
0.348318,-1.74878,-1.65654,1.67561,2.117
0.348318,-1.534602,-1.570969,1.713678,2.117
0.578762,-1.534602,-1.482228,1.788625,2.11275
1.039652,-1.363263,-1.390318,1.851732,2.098352
1.270097,-0.806407,-0.87372,1.894752,2.090822
1.270097,-1.320423,-1.301577,1.931127,2.074534
1.270097,-1.106245,-1.130435,1.964281,2.040779
1.500542,-0.849246,-0.78498,2.013326,1.975971
1.500542,-0.677889,-0.613837,2.051755,1.90345
1.500542,-0.50655,-0.442694,2.089777,1.81816
1.270097,-0.292372,-0.274721,2.111649,1.751121
1.039652,-0.206711,-0.192319,2.13793,1.66123
1.500542,0.221645,0.070734,2.167735,1.575077
1.500542,0.178806,0.156306,2.193591,1.499337
1.500542,0.135967,0.156306,2.20789,1.409007
1.270097,0.135967,0.238708,2.21015,1.317912
1.500542,0.221645,-0.014837,2.21015,1.232029
1.039652,0.178806,0.149967,2.2094,1.156375
1.270097,0.392984,0.40985,2.198922,1.085793
1.039652,0.392984,0.406681,2.186883,1.000456
1.039652,0.564323,0.577824,2.1656,0.938125
0.809207,0.607162,0.660226,2.144381,0.87133
0.809207,0.692823,0.660226,2.113656,0.807383
0.348318,0.94984,0.910602,2.070802,0.756583
0.578762,1.035519,1.084914,2.026387,0.710177
0.348318,1.121179,0.910602,1.984193,0.674952
0.117872,0.94984,1.078575,1.942906,0.654276
0.348318,1.07834,1.081744,1.905387,0.652633
0.348318,1.292518,1.252887,1.8605,0.652633
0.117872,1.378196,1.249718,1.803502,0.652691
0.117872,1.463857,1.592003,1.730423,0.661633
0.117872,1.421018,1.506432,1.661622,0.681206
0.348318,1.421018,1.338459,1.595108,0.705756
0.809207,1.292518,1.344797,1.543864,0.734027
-0.112573,1.035519,1.075406,1.502273,0.763229
-0.112573,0.992679,1.160977,1.468091,0.794867
-0.112573,0.82134,0.818692,1.445431,0.839019
0.117872,0.82134,0.821861,1.431854,0.895117
0.117872,0.692823,0.650718,1.429037,0.969507
0.348318,0.135967,0.140459,1.428353,1.055294
0.348318,0.050306,0.054888,1.428125,1.129701
-0.112573,-0.463729,-0.464879,1.437568,1.199411
0.348318,-0.635068,-0.629684,1.4651,1.28076
0.348318,-0.720728,-0.715255,1.522625,1.38475
0.578762,-1.063406,-0.9688,1.572335,1.444483
0.578762,-1.191924,-1.139943,1.63204,1.510851
0.578762,-1.320423,-1.311085,1.669325,1.554566
0.117872,-1.74878,-1.65971,1.724497,1.629685
-0.112573,-1.74878,-1.74845,1.76331,1.707871
-0.343018,-1.83444,-1.837191,1.7715,1.801744
-0.343018,-1.962958,-2.093905,1.7715,1.902722
-0.803908,-2.005779,-2.100244,1.7715,1.990611
-1.495243,-1.791619,-1.767466,1.75007,2.07811
-1.264798,-1.277584,-1.33644,1.71065,2.137278
-1.264798,-1.320423,-1.250868,1.659046,2.187458
-1.264798,-1.234745,-1.250868,1.5843,2.2284
-1.725688,-0.720728,-0.82935,1.492746,2.255857
-1.956133,-0.892067,-0.832519,1.403215,2.271722
-1.495243,-0.977746,-0.997324,1.2922,2.280142
-1.495243,-0.806407,-0.911752,1.19329,2.281
-1.725688,-0.977746,-0.914922,1.095923,2.281
-1.264798,-1.020585,-1.079726,1.00926,2.2805
-1.725688,-1.020585,-1.086064,0.921755,2.265819
-1.034353,-1.320423,-1.247699,0.847487,2.236833
-1.034353,-0.806407,-0.905414,0.773015,2.196068
-1.034353,-0.892067,-0.905414,0.714525,2.154883
0.117872,-0.934906,-0.975138,0.663515,2.099941
0.117872,-0.934906,-0.803996,0.635582,2.041243
0.117872,-0.720728,-0.718424,0.633427,1.974597
0.578762,-0.635068,-0.626514,0.633427,1.900572
0.348318,-0.292372,-0.201827,0.633427,1.825416
0.117872,0.007467,0.13729,0.643379,1.725755
0.348318,0.007467,0.054888,0.670695,1.620082
0.578762,0.178806,0.143628,0.70182,1.512484
0.348318,0.435823,0.482745,0.727698,1.405774
0.809207,0.392984,0.403512,0.738992,1.302965
0.809207,0.478644,0.489083,0.755639,1.193375
0.809207,0.907001,0.91694,0.772785,1.091927
1.039652,0.778501,0.834538,0.789754,0.997696
0.809207,0.82134,0.831369,0.802797,0.89998
0.578762,0.82134,0.828199,0.81809,0.897865
0.578762,0.692823,0.657057,0.839733,0.897865
0.578762,0.650002,0.657057,0.892336,0.933547
0.809207,0.778501,0.745797,0.934875,1.016625
0.348318,0.907001,0.996173,0.9523,1.057907
0.578762,0.992679,0.913771,1.105789,1.113161
-0.112573,0.864162,0.818692,1.173831,1.181798
-0.112573,0.650002,0.647549,1.211101,1.270481
-0.112573,0.650002,0.73312,1.243802,1.347839
-0.343018,0.778501,0.729951,1.266785,1.392555
-0.343018,0.692823,0.729951,1.291254,1.434239
-1.956133,0.692823,0.793337,1.312851,1.47433
-1.725688,0.735662,0.710935,1.356185,1.534666
-1.264798,0.392984,0.374988,1.393798,1.617547
-1.725688,0.264484,0.197507,1.433477,1.691678
-1.495243,0.264484,0.286247,1.481974,1.760063
-1.495243,0.264484,0.200676,1.5385,1.831575
-1.264798,0.007467,0.032702,1.606006,1.899292
-1.495243,-0.37805,-0.483895,1.673766,1.957281
-1.495243,-0.892067,-0.911752,1.751269,1.992745
-1.495243,-0.934906,-0.997324,1.831779,2.013716
-1.956133,-0.977746,-1.174805,1.889247,2.039887
-2.186578,-1.277584,-1.263546,1.968625,2.042
-0.803908,-1.320423,-1.330101,2.035834,2.042
-1.034353,-1.277584,-1.333271,2.091528,2.0355
0.117872,-1.577441,-1.830852,2.143822,1.984364
0.348318,-1.83444,-1.742112,2.182776,1.921812
0.348318,-1.70594,-1.742112,2.203435,1.861155
-0.573463,-1.063406,-1.070218,2.2307,1.7966
-0.573463,-1.106245,-1.155789,2.249353,1.689097
-0.573463,-1.063406,-1.155789,2.252792,1.614426
-1.034353,-0.892067,-0.734271,2.2541,1.56126
-0.573463,-0.549389,-0.642361,2.2541,1.505653
-1.034353,-0.463729,-0.391985,2.2531,1.497223
-0.343018,-0.206711,-0.211335,2.23652,1.497223
-0.343018,-0.035372,-0.125763,2.19105,1.498098
-0.343018,0.264484,0.302094,2.139017,1.5318
-0.343018,0.307305,0.216522,2.081393,1.571087
-0.803908,0.478644,0.381327,2.022693,1.611103
-1.034353,0.735662,0.891586,1.936316,1.656378
-0.343018,0.992679,1.072236,1.854854,1.689693
-0.112573,1.249679,1.160977,1.736486,1.720764
-0.112573,1.164018,1.246548,1.62565,1.723738
-0.112573,1.335357,1.075406,1.507413,1.723738
0.348318,1.206858,1.167316,1.405601,1.723487
0.348318,1.206858,1.252887,1.301831,1.710491
0.578762,1.164018,1.256056,1.192908,1.691375
0.809207,0.94984,1.002512,1.096992,1.668141
0.578762,1.07834,0.999342,1.00575,1.635125
0.809207,0.907001,0.91694,0.923125,1.594978
1.039652,0.94984,0.920109,0.857705,1.551684
1.039652,0.94984,1.005681,0.813843,1.508035
1.039652,0.94984,0.920109,0.7995,1.470184
1.039652,0.992679,1.005681,0.7995,1.429036
0.809207,0.778501,0.831369,0.7995,1.359275
1.270097,0.521484,0.580993,0.81348,1.278766
1.039652,0.392984,0.492253,0.867977,1.188411
1.039652,0.350145,0.406681,0.969281,1.119724
1.270097,0.307305,0.324279,1.099093,1.051872
1.500542,0.350145,0.241877,1.169963,1.00926
1.270097,0.264484,0.238708,1.25739,0.947273
1.270097,0.007467,-0.018007,1.352529,0.907958
1.270097,-0.078212,-0.018007,1.447467,0.88
1.270097,-0.078212,-0.103578,1.550032,0.852972
1.500542,-0.163872,-0.100409,1.605307,0.830878
1.039652,0.007467,-0.021176,1.650984,0.801994
1.039652,-0.035372,0.064396,1.733356,0.776732
1.039652,-0.035372,0.064396,1.804236,0.764468
1.039652,-0.035372,-0.021176,1.88687,0.764468
-0.112573,0.135967,0.13412,1.968526,0.764468
0.348318,0.093127,0.054888,2.024881,0.792475
0.117872,0.135967,0.13729,2.115481,0.843361
-0.343018,0.350145,0.387665,2.168113,0.891914
0.117872,0.478644,0.479575,2.205117,0.969066
-0.112573,0.392984,0.390835,2.226141,1.036667
-0.112573,0.692823,0.647549,2.253501,1.139257
-0.112573,0.478644,0.476406,2.274029,1.253852
-0.573463,0.650002,0.64121,2.274612,1.344875
-0.343018,0.564323,0.558808,2.274612,1.462254
-0.573463,0.735662,0.726782,2.274295,1.585355
-0.803908,0.864162,0.809184,2.261912,1.686356
-1.034353,0.692823,0.720443,2.233538,1.759517
-1.495243,0.82134,0.714104,2.178876,1.842256
-1.495243,0.564323,0.542961,2.100932,1.924159
-1.495243,0.564323,0.45739,2.031899,1.987
-1.725688,0.478644,0.454221,1.960196,2.0055
-1.495243,-0.163872,-0.227181,1.896799,2.0055
-1.495243,-0.37805,-0.398324,1.848375,2.0055
-1.264798,-0.292372,-0.309583,1.81166,1.991563
-1.264798,-0.720728,-0.823012,1.784,1.93625
-1.725688,-0.892067,-1.000493,1.76741,1.870473
-1.495243,-1.149084,-1.168466,1.74969,1.77934
-1.264798,-1.234745,-1.250868,1.727781,1.683131
-1.495243,-1.234745,-1.339609,1.697382,1.588484
-1.264798,-1.191924,-1.33644,1.662611,1.481056
-1.264798,-1.063406,-1.165297,1.630156,1.394372
-1.495243,-1.191924,-1.168466,1.589615,1.294172
-1.495243,-1.191924,-1.168466,1.558064,1.205092
-1.034353,-1.234745,-1.162128,1.518303,1.121032
-1.264798,-1.406102,-1.422011,1.47049,1.052827
-0.112573,-1.234745,-1.149451,1.415098,0.995698
-1.034353,-1.534602,-1.418842,1.35848,0.961894
-0.573463,-1.74878,-1.669218,1.288449,0.949518
-0.112573,-1.363263,-1.320593,1.232594,0.949518
0.348318,-1.491762,-1.485397,1.163797,0.949518
0.578762,-1.191924,-1.139943,1.094789,0.950763
0.809207,-1.448923,-1.479059,1.021694,0.992269
0.809207,-1.577441,-1.650202,0.952572,1.053171
0.578762,-1.406102,-1.396657,0.908747,1.118415
1.039652,-1.320423,-1.304747,0.867,1.177625
1.270097,-1.406102,-1.387149,0.828669,1.240941
1.039652,-0.806407,-0.791318,0.798994,1.317495
1.270097,-0.934906,-0.959292,0.775049,1.404211
1.500542,-0.849246,-0.870551,0.761797,1.475867
1.500542,-0.635068,-0.528266,0.75585,1.545164
1.730988,-0.420889,-0.439525,0.75585,1.6127
1.500542,-0.549389,-0.528266,0.75585,1.67047
1.500542,-0.420889,-0.357123,0.758662,1.73076
1.500542,-0.163872,-0.18598,0.782736,1.789072
1.270097,-0.121033,-0.103578,0.821563,1.847515
1.270097,0.007467,-0.018007,0.86265,1.898368
1.270097,0.135967,0.153136,0.900511,1.915
1.270097,0.392984,0.40985,0.935013,1.915
1.270097,0.607162,0.666565,0.955586,1.915
1.270097,0.392984,0.495422,0.969786,1.908575
1.039652,0.564323,0.663395,0.983019,1.869652
1.039652,0.692823,0.748967,0.998586,1.812733
1.039652,0.864162,0.920109,1.013799,1.741865
0.809207,1.121179,1.088083,1.030654,1.681569
0.809207,1.07834,1.002512,1.054375,1.677769
0.578762,1.121179,1.084914,1.084136,1.677769
0.578762,1.07834,1.084914,1.128776,1.688196
0.809207,1.421018,1.430369,1.178399,1.711374
0.348318,1.506696,1.42403,1.221718,1.711374
0.578762,1.592375,1.598342,1.276615,1.711374
0.348318,1.463857,1.509601,1.34023,1.666581
0.348318,1.549535,1.595173,1.410731,1.584339
0.348318,1.421018,1.42403,1.491399,1.480518
0.348318,1.292518,1.338459,1.571037,1.031626
0.578762,1.506696,1.512771,1.64353,0.729813
0.348318,1.463857,1.42403,1.720951,0.682146
0.578762,1.335357,1.427199,1.789229,0.645635
0.348318,1.335357,1.338459,1.85125,0.631
-0.112573,1.164018,1.160977,1.915987,0.631
-0.112573,1.07834,1.160977,1.962571,0.631
-0.112573,0.992679,0.989834,2.014179,0.661531
-0.343018,0.907001,0.901094,2.05593,0.711308
-0.573463,0.735662,0.812353,2.09361,0.78848
-0.343018,0.82134,0.729951,2.123651,0.878452
-0.803908,0.692823,0.723612,2.154394,0.98331
-0.803908,0.478644,0.552469,2.174537,1.091816
-0.803908,0.650002,0.638041,2.183323,1.206121
-0.803908,0.478644,0.466898,2.188864,1.346125
-1.034353,0.307305,0.292586,2.196236,1.430991
-1.034353,0.135967,0.121443,2.205436,1.517711
-0.803908,0.050306,-0.04653,2.224582,1.5783
-1.034353,-0.292372,-0.220842,2.2487,1.612
-1.034353,-0.206711,-0.220842,2.270844,1.630897
-1.034353,-0.549389,-0.563128,2.276375,1.633889
-1.034353,-0.763567,-0.734271,2.276375,1.636715
-1.264798,-0.720728,-0.73744,2.276375,1.640053
-1.034353,-0.763567,-0.734271,2.266246,1.660526
-0.803908,-0.549389,-0.474387,2.22453,1.711974
-0.803908,-0.37805,-0.217673,2.164106,1.77199
-0.573463,-0.335211,-0.300075,2.1014,1.830885
-0.803908,-0.206711,-0.132102,2.017011,1.908506
-0.573463,-0.206711,-0.214504,1.940164,1.979834
-0.112573,-0.37805,-0.379308,1.864196,2.053804
-0.112573,-0.249551,-0.293737,1.786742,2.121783
-0.343018,-0.206711,-0.125763,1.703467,2.175891
-0.112573,0.135967,0.048549,1.615521,2.23426
0.117872,0.178806,0.13729,1.53483,2.286489
0.578762,0.564323,0.657057,1.467768,2.325062
0.348318,0.307305,0.311602,1.392567,2.361736
0.578762,0.307305,0.314771,1.355632,2.373453
0.809207,0.264484,0.232369,1.285002,2.373453
1.270097,0.135967,0.153136,1.214463,2.373453
1.039652,0.435823,0.492253,1.132009,2.370759
1.039652,0.478644,0.406681,1.037147,2.337873
1.270097,0.521484,0.580993,0.931614,2.28572
1.500542,0.307305,0.241877,0.865215,2.244167
1.270097,0.435823,0.495422,0.74525,2.186
1.270097,0.350145,0.40985,0.679335,2.11984
1.270097,0.307305,0.324279,0.632506,2.032645
1.270097,0.307305,0.324279,0.601616,1.940297
1.500542,-0.249551,0.327448,0.586067,1.845101
1.270097,0.093127,0.067565,0.585195,1.748885
1.730988,-0.121033,-0.097239,0.585195,1.663968
1.500542,-0.163872,-0.100409,0.585695,1.571022
1.500542,-0.420889,-0.357123,0.594962,1.478462
1.730988,-0.463729,-0.353953,0.613486,1.398572
1.500542,-0.463729,-0.442694,0.644848,1.317732
1.500542,-0.549389,-0.528266,0.662276,1.219547
1.039652,-0.420889,-0.363461,0.679247,1.129765
1.270097,-0.549389,-0.531435,0.696625,1.06125
1.270097,-0.592228,-0.617006,0.7219,0.9791
1.039652,-0.677889,-0.620176,0.73,0.935562
1.039652,-0.720728,-0.705747,0.73,0.878091
0.578762,-0.592228,-0.626514,0.73,0.827213
0.578762,-0.592228,-0.540943,0.720596,0.775905
0.578762,-0.720728,-0.712086,0.704509,0.759911
0.578762,-0.677889,-0.626514,0.704509,0.682927
0.348318,-0.463729,-0.458541,0.708754,0.618604
0.578762,-0.121033,0.143628,0.718983,0.61855
0.348318,-0.206711,-0.201827,0.78426,0.61855
0.348318,0.264484,0.140459,0.8743,0.618721
0.348318,0.221645,0.22603,1.106281,0.633017
-0.112573,0.564323,0.561977,1.258156,0.653714
-0.112573,0.735662,0.73312,1.533348,0.707804
-0.343018,0.735662,0.729951,1.655316,0.855296
-0.112573,0.82134,0.818692,1.728905,0.897431
-0.112573,0.907001,1.075406,1.779642,0.951242
-0.112573,1.249679,1.160977,1.819114,1.006185
-0.343018,1.07834,0.986665,1.861708,1.083904
-0.343018,0.992679,0.901094,1.886776,1.1738
-0.112573,1.335357,1.246548,1.941535,1.244478
-0.343018,0.82134,0.815522,1.963838,1.313378
-0.573463,0.907001,0.897924,1.9793,1.354012
-0.803908,0.992679,0.980326,1.98,1.377106
-0.803908,0.907001,0.894755,1.98,1.390897
-1.034353,0.82134,0.891586,1.978452,1.416726
-1.034353,0.907001,0.891586,1.940017,1.434142
-1.264798,0.94984,0.888416,1.88309,1.43848
-1.495243,0.778501,0.885247,1.810738,1.442405
-1.264798,0.564323,0.546131,1.725359,1.444631
-1.264798,0.478644,0.460559,1.632535,1.451184
-0.803908,0.478644,0.381327,1.53165,1.460726
-1.264798,-0.035372,-0.052869,1.43984,1.46398
-1.495243,-0.249551,-0.227181,1.327474,1.46992
-1.495243,-0.37805,-0.312752,1.225963,1.477206
-1.034353,-0.892067,-0.905414,1.126631,1.495501
-0.803908,-0.977746,-0.987816,1.052431,1.523024
-1.264798,-1.063406,-1.079726,0.974481,1.566328
-1.495243,-1.234745,-1.168466,0.905405,1.614519
-1.495243,-1.406102,-1.425181,0.847327,1.669189
-1.034353,-1.920119,-1.846699,0.80525,1.720875
-1.264798,-1.83444,-1.849868,0.772804,1.750996
-1.034353,-1.877279,-1.93227,0.758199,1.769127
-0.803908,-1.74878,-1.84353,0.758199,1.793765
-0.573463,-1.791619,-1.84036,0.758199,1.833784
-0.343018,-1.83444,-1.922762,0.760444,1.866776
-0.573463,-1.791619,-1.754789,0.785209,1.903652
0.578762,-1.83444,-1.910085,0.856221,1.939527
0.348318,-1.920119,-1.913254,1.024048,1.978868
0.117872,-1.70594,-1.745281,1.182996,2.056997
-0.112573,-1.663101,-1.662879,1.255266,2.103407
-0.112573,-1.663101,-1.577307,1.289437,2.106045
-0.343018,-1.491762,-1.494905,1.309819,2.106045
-0.343018,-1.491762,-1.409334,1.311419,2.106045
-0.343018,-1.149084,-1.238191,1.311419,2.09
-0.343018,-1.063406,-1.067048,1.266656,2.051214
-0.112573,-0.977746,-0.978308,1.18662,2.002136
-0.573463,-0.806407,-0.813504,1.167033,1.951875
-0.343018,-0.635068,-0.639191,1.167033,1.90691
-0.573463,-0.206711,-0.300075,1.165374,1.864321
-1.034353,-0.078212,-0.0497,1.1635,1.812733
-1.264798,-0.078212,0.374988,1.1635,1.749122
-1.264798,0.478644,0.460559,1.1635,1.67889
-0.803908,0.564323,0.552469,1.154633,1.600837
-0.343018,0.478644,0.558808,1.141538,1.55979
-0.343018,0.650002,0.644379,1.134732,1.518962
-0.343018,1.035519,1.157808,1.133,1.475873
-0.112573,1.07834,1.075406,1.133,1.399644
-0.343018,1.249679,1.243379,1.133,1.312
-0.112573,1.249679,1.33212,1.147538,1.284838
0.117872,1.164018,1.249718,1.178414,1.255344
-0.112573,1.335357,1.33212,1.214544,1.214253
-0.343018,1.335357,1.414522,1.2626,1.018608
0.117872,1.206858,1.249718,1.31828,0.892905
0.348318,1.121179,1.167316,1.389823,0.853771
0.578762,1.164018,1.170485,1.470368,0.83065
0.578762,1.506696,1.940628,1.55848,0.715633
0.809207,1.035519,1.002512,1.656056,0.60568
1.039652,0.864162,0.834538,1.743397,0.60568
1.039652,0.692823,0.748967,1.831496,0.60568
1.039652,0.82134,0.834538,1.905192,0.617572
1.270097,0.478644,0.495422,1.972688,0.652852
1.270097,0.478644,0.580993,2.026823,0.706057
1.270097,0.478644,0.495422,2.070957,0.783404
1.500542,0.350145,0.41302,2.103497,0.880783
1.270097,0.178806,0.153136,2.123984,0.992316
1.500542,0.093127,0.156306,2.148814,1.106239
1.500542,0.007467,0.070734,2.17945,1.207731
1.730988,-0.078212,-0.011668,2.190845,1.316565
1.730988,-0.335211,-0.268382,2.203933,1.427701
1.500542,-0.592228,-0.528266,2.219551,1.532395
1.730988,-0.592228,-0.525096,2.230423,1.640362
1.500542,-0.549389,-0.528266,2.234807,1.752147
1.730988,-0.50655,-0.439525,2.234807,1.891561
1.500542,-0.249551,-0.18598,2.234807,2.011339
1.500542,-0.249551,-0.271551,2.232036,2.065609
1.270097,0.007467,0.067565,2.215781,2.114797
1.500542,-0.335211,-0.271551,2.177703,2.169008
1.270097,0.093127,0.238708,2.129071,2.205787
1.039652,0.050306,-0.021176,2.072091,2.209012
1.039652,0.178806,0.235538,2.006647,2.209012
0.809207,0.392984,0.403512,1.951973,2.206869
0.809207,0.350145,0.489083,1.895652,2.19235
0.809207,0.907001,0.91694,1.865668,2.18475
0.809207,1.07834,1.088083,1.847108,2.161275
0.578762,1.206858,1.256056,1.832344,2.118934
0.578762,0.907001,0.913771,1.822584,2.063687
0.348318,1.164018,1.252887,1.804771,1.978389
0.348318,1.07834,1.081744,1.777221,1.880895
0.117872,1.249679,1.249718,1.761417,1.779146
-0.343018,1.549535,1.414522,1.748874,1.673187
0.117872,1.206858,1.249718,1.728935,1.560593
-0.343018,1.506696,1.500093,1.705204,1.443583
-0.343018,1.421018,1.414522,1.673781,1.328558
-0.343018,1.249679,1.157808,1.639244,1.221389
-0.343018,1.121179,1.243379,1.609187,1.131787
-0.803908,1.206858,1.151469,1.569309,1.03994
-0.343018,1.07834,1.072236,1.501512,0.957836
-0.573463,1.07834,1.069067,1.436598,0.908254
-1.956133,0.82134,0.793337,1.365312,0.865635
-1.034353,0.521484,0.463729,1.288053,0.8555
-1.034353,0.478644,0.378157,1.227158,0.8555
-1.034353,0.435823,0.378157,1.1607,0.8555
-0.803908,0.093127,0.124612,1.091377,0.870673
-1.725688,-0.37805,-0.401493,1.04924,0.936511
-0.803908,-0.592228,-0.388816,0.998625,1.026379
-0.573463,-0.50655,-0.471218,0.945298,1.112311
-1.034353,-0.206711,-0.220842,0.888465,1.233927
-1.034353,-0.121033,-0.220842,0.829458,1.337411
-0.803908,-0.292372,-0.303245,0.785589,1.442152
-0.343018,0.050306,0.130951,0.748076,1.544757
-0.343018,0.135967,0.130951,0.714606,1.595119
0.117872,0.392984,0.308432,0.687954,1.63254
0.348318,0.435823,0.653887,0.68518,1.735516
0.117872,0.564323,0.650718,0.68518,1.819726
0.117872,0.564323,0.479575,0.68688,1.89179
0.578762,0.607162,0.657057,0.715295,1.967793
0.578762,0.650002,0.571485,0.764458,2.021891
0.578762,0.564323,0.571485,0.914668,2.123844
0.578762,0.392984,0.400342,1.007318,2.183581
1.039652,0.478644,0.32111,1.055447,2.198278
1.039652,0.478644,0.406681,1.071,2.198278
1.270097,0.564323,0.666565,1.0715,2.198278
1.500542,0.564323,0.669734,1.0715,2.195031
1.270097,0.521484,0.495422,1.065276,2.170359
1.270097,0.307305,0.324279,0.952002,2.121812
1.270097,0.178806,0.238708,0.8666,2.0521
1.500542,-0.249551,0.327448,0.838778,1.96883
1.500542,0.050306,0.156306,0.816072,1.877779
1.500542,0.093127,0.070734,0.787096,1.795419
1.730988,-0.035372,-0.097239,0.768326,1.699845
1.500542,-0.292372,-0.18598,0.7645,1.607028
1.500542,-0.463729,-0.528266,0.7645,1.485118
1.500542,-0.420889,-0.528266,0.7645,1.374531
1.500542,-0.549389,-0.528266,0.77552,1.267051
1.500542,-0.977746,-0.956123,0.804,1.1485
1.270097,-1.320423,-1.216006,0.831339,1.080282
1.500542,-1.363263,-1.38398,0.891175,0.954737
1.270097,-1.448923,-1.47272,0.962843,0.831907
1.270097,-1.791619,-1.729434,1.035478,0.743021
0.348318,-1.791619,-1.827683,1.099209,0.685783
0.348318,-1.83444,-1.827683,1.185342,0.628123
0.578762,-2.305636,-2.337942,1.267019,0.595307
-0.573463,-2.305636,-2.268217,1.364977,0.593242
-0.573463,-2.434135,-2.353789,1.469054,0.593242
-0.573463,-2.348475,-2.43936,1.554146,0.602432
0.348318,-2.262797,-2.25554,1.642386,0.634541
0.578762,-1.920119,-1.910085,1.71842,0.66756
0.578762,-2.048618,-1.995657,1.791784,0.716841
0.578762,-1.962958,-1.910085,1.848659,0.771466
0.578762,-1.577441,-1.5678,1.894839,0.845152
0.578762,-1.149084,-1.139943,1.938411,0.936411
0.578762,-0.977746,-1.054371,1.966072,1.025041
0.809207,-0.849246,-0.880059,1.989354,1.107165
0.809207,-0.763567,-0.794488,1.9995,1.1723
1.039652,-0.677889,-0.620176,2.0,1.230271
1.039652,-0.635068,-0.534604,2.0,1.272382
1.039652,-0.292372,-0.363461,1.997481,1.292661
0.809207,-0.249551,-0.195488,1.973206,1.296163
0.809207,-0.206711,-0.109917,1.93441,1.296648
0.809207,0.050306,0.061226,1.879359,1.297079
0.809207,0.350145,0.31794,1.804528,1.298
0.809207,0.435823,0.489083,1.724086,1.298
0.809207,0.735662,0.745797,1.631681,1.2987
0.809207,0.692823,0.660226,1.547567,1.301579
0.809207,1.206858,1.173654,1.448592,1.306793
0.809207,1.206858,1.51594,1.355151,1.314753
0.578762,1.335357,1.341628,1.271854,1.325879
0.348318,1.249679,1.252887,1.194875,1.340347
0.348318,1.635196,1.851887,1.124138,1.353146
0.578762,1.720874,1.769485,1.054643,1.365279
0.348318,2.020713,1.937458,0.987724,1.387936
0.348318,1.678035,1.766315,0.922125,1.43753
0.117872,1.592375,1.592003,0.871294,1.494135
0.117872,1.592375,1.506432,0.823441,1.556451
0.578762,1.463857,1.512771,0.783487,1.617556
0.348318,1.592375,1.509601,0.755079,1.673902
0.348318,1.506696,1.595173,0.745,1.795574
0.117872,1.164018,1.249718,0.745,1.904139
-0.343018,1.164018,1.157808,0.749616,1.991087
-0.343018,1.164018,1.157808,0.873093,2.065301
-0.112573,1.164018,1.160977,0.961526,2.123341
-0.112573,0.82134,0.818692,1.090116,2.178245
-0.343018,0.82134,0.729951,1.171049,2.221577
-0.803908,0.692823,0.809184,1.244757,2.254354
-1.264798,0.778501,0.802845,1.339015,2.283235
-1.495243,0.864162,0.885247,1.424449,2.300044
-1.264798,0.992679,0.973988,1.472566,2.303565
-1.034353,0.992679,0.977157,1.502488,2.309
-1.034353,0.864162,0.806014,1.546647,2.309993
-1.034353,0.992679,0.806014,1.573071,2.313079
-1.264798,0.864162,0.888416,1.659999,2.315034
-1.264798,0.478644,0.546131,1.749184,2.315981
-1.264798,0.392984,0.374988,1.8187,2.3187
-1.495243,0.307305,0.286247,1.877416,2.320863
-1.495243,0.435823,0.45739,1.905041,2.323648
-1.034353,0.007467,0.035872,1.906425,2.324038
-0.803908,-0.035372,-0.132102,1.906425,2.324038
-0.573463,-0.420889,-0.556789,1.899679,2.323884
-0.803908,-0.50655,-0.474387,1.862695,2.31864
-1.264798,-0.592228,-0.823012,1.802655,2.303327
-1.264798,-1.320423,-1.250868,1.715517,2.280347
-0.803908,-1.320423,-1.330101,1.634533,2.256767
-0.343018,-1.491762,-1.409334,1.533987,2.230362
0.117872,-1.234745,-1.146281,1.447383,2.195434
-0.343018,-1.363263,-1.323763,1.359107,2.151022
0.117872,-1.406102,-1.402995,1.27263,2.105088
0.578762,-1.320423,-1.311085,1.176847,2.048924
1.039652,-1.277584,-1.219175,1.096741,1.988372
1.039652,-1.363263,-1.304747,1.021139,1.912109
1.270097,-1.277584,-1.216006,0.957752,1.832556
1.270097,-1.063406,-1.044863,0.89301,1.739385
1.270097,-1.020585,-1.044863,0.841346,1.650598
1.500542,-0.806407,-0.699408,0.790786,1.562023
1.270097,-0.463729,-0.445864,0.749597,1.478359
1.270097,-0.420889,-0.445864,0.70097,1.342659
1.500542,-0.206711,-0.271551,0.675089,1.216234
1.730988,-0.121033,-0.097239,0.6745,1.108303
1.500542,-0.37805,-0.271551,0.6745,1.02617
1.500542,-0.206711,-0.18598,0.679674,0.937793
1.270097,-0.249551,-0.274721,0.700672,0.86178
1.270097,-0.206711,-0.189149,0.7313,0.8071
1.270097,-0.078212,-0.103578,0.771037,0.772356
1.270097,-0.163872,-0.103578,0.828867,0.742254
1.039652,-0.035372,-0.021176,0.901712,0.72267
1.270097,0.050306,0.067565,0.973382,0.719073
1.039652,0.478644,0.492253,1.076634,0.718873
1.270097,0.692823,0.752136,1.174435,0.715287
1.270097,0.564323,0.666565,1.279765,0.711774
0.809207,0.82134,0.745797,1.379402,0.710521
0.809207,0.735662,0.660226,1.495786,0.709244
0.348318,0.778501,0.82503,1.592676,0.707656
0.578762,1.206858,1.256056,1.688979,0.707656
0.348318,1.378196,1.338459,1.779575,0.707656
0.578762,1.635196,1.683913,1.852235,0.707862
0.348318,1.763714,1.851887,1.905887,0.709172
0.117872,1.935053,1.848718,1.931625,0.71225
0.117872,1.892213,1.848718,1.944479,0.733237
-0.112573,1.763714,1.759977,1.953681,0.778092
-0.112573,1.763714,1.759977,1.957479,0.821845
-0.343018,1.849374,1.92795,1.964375,0.868
-0.112573,1.935053,1.845548,1.968365,0.934965
-0.573463,1.935053,2.010352,1.974217,1.030963
-0.803908,1.935053,1.921612,1.993099,1.120031
-0.343018,1.763714,1.671236,2.010276,1.224173
-0.803908,1.720874,1.750469,2.011702,1.325493
-0.573463,1.421018,1.496924,2.011702,1.427542
-0.573463,1.378196,1.411353,2.012561,1.528666
-1.034353,1.335357,1.319443,1.999224,1.628039
-1.034353,1.421018,1.319443,1.97325,1.72425
-0.803908,1.292518,1.065898,1.939016,1.817558
-1.034353,1.164018,1.1483,1.876412,1.925329
-1.034353,1.335357,1.319443,1.816329,1.982877
-1.034353,1.121179,1.1483,1.745136,2.044181
-0.573463,0.992679,0.897924,1.655806,2.107935
-0.573463,0.564323,0.64121,1.573165,2.173025
-0.343018,0.778501,0.729951,1.545227,2.217707
-0.112573,0.521484,0.561977,1.536872,2.253084
0.117872,0.564323,0.479575,1.508895,2.282085
0.348318,0.478644,0.482745,1.486879,2.288547
0.578762,0.478644,0.400342,1.4167,2.288547
0.348318,0.135967,0.140459,1.337992,2.288402
0.578762,0.007467,0.058057,1.299597,2.2835
0.809207,0.050306,0.061226,1.237501,2.26707
0.809207,-0.206711,-0.109917,1.159083,2.237216
1.039652,-0.121033,-0.192319,0.974045,2.202109
1.039652,-0.249551,-0.106747,0.855763,2.169354
1.039652,-0.078212,-0.106747,0.807655,2.142528
1.039652,-0.37805,-0.27789,0.792194,2.085656
1.270097,-0.592228,-0.531435,0.787854,2.020654
1.270097,-0.677889,-0.617006,0.786926,1.943752
1.270097,-0.849246,-0.788149,0.785451,1.859639
1.270097,-0.934906,-0.87372,0.784617,1.76546
1.270097,-1.277584,-1.216006,0.78328,1.651643
1.270097,-1.106245,-1.130435,0.774663,1.54132
1.500542,-1.277584,-1.298408,0.766695,1.43276
1.730988,-1.491762,-1.551953,0.760729,1.30817
1.500542,-1.406102,-1.469551,0.758,1.196566
1.270097,-1.363263,-1.387149,0.758,1.082561
1.270097,-1.149084,-1.130435,0.758,0.980421
1.270097,-1.277584,-1.216006,0.759414,0.920081
1.270097,-1.277584,-1.216006,0.7745,0.821375
1.039652,-1.149084,-1.219175,0.803637,0.73086
0.809207,-1.149084,-1.136773,0.851879,0.639242
0.809207,-0.635068,-0.537774,0.911531,0.577051
0.809207,-0.463729,-0.452202,0.985513,0.504881
0.348318,-0.635068,-0.629684,1.048394,0.452862
0.348318,-0.37805,-0.372969,1.174025,0.385611
0.348318,-0.121033,-0.116255,1.253146,0.379
0.578762,0.093127,0.143628,1.334838,0.379
0.348318,0.307305,0.311602,1.40455,0.383863
0.117872,0.392984,0.394004,1.484262,0.402337
0.348318,0.692823,0.568316,1.548262,0.432703
0.348318,1.07834,1.081744,1.617582,0.484351
0.117872,0.82134,0.907432,1.657939,0.534223
-0.112573,1.206858,1.160977,1.67,0.582655
0.348318,1.292518,1.081744,1.67,0.631633
0.117872,1.335357,1.335289,1.67,0.676534
0.348318,1.164018,1.252887,1.656237,0.737635
0.348318,1.206858,1.167316,1.625233,0.800073
0.348318,1.07834,1.081744,1.581471,0.869439
0.348318,0.907001,0.910602,1.537609,0.949885
0.348318,1.07834,1.081744,1.489203,1.030913
0.578762,1.07834,1.170485,1.436075,1.108983
0.348318,0.735662,0.739459,1.386767,1.18697
0.348318,0.692823,0.653887,1.337026,1.276636
0.578762,0.350145,0.314771,1.293975,1.352052
0.578762,0.221645,0.314771,1.254019,1.4277
0.578762,0.221645,0.2292,1.212066,1.515486
1.039652,-0.078212,-0.021176,1.198726,1.606804
1.039652,-0.078212,0.064396,1.198726,1.704333
1.039652,-0.249551,-0.192319,1.198726,1.796037
1.039652,-0.292372,-0.106747,1.204074,1.880131
0.809207,-0.420889,-0.452202,1.255954,1.954003
1.039652,-0.50655,-0.534604,1.296795,2.02414
0.809207,-0.763567,-0.708916,1.329467,2.086099
1.270097,-0.806407,-0.87372,1.369857,2.132239
1.500542,-1.106245,-1.041694,1.406464,2.168935
1.039652,-1.320423,-1.219175,1.414189,2.196
1.039652,-1.363263,-1.390318,1.4167,2.202339
0.809207,-1.620262,-1.56463,1.418625,2.202568
0.578762,-1.620262,-1.653371,1.407371,2.202568
0.348318,-1.74878,-1.827683,1.401787,2.199695
0.348318,-1.920119,-1.913254,1.389335,2.169612
-0.112573,-2.091458,-2.176307,1.364759,2.134079
-0.112573,-2.219957,-1.919593,1.344316,2.096113
-0.343018,-2.305636,-2.350619,1.326714,2.054532
-0.803908,-2.048618,-2.271387,1.302966,1.98826
-1.264798,-1.70594,-1.764297,1.26988,1.91076
-1.264798,-1.534602,-1.593154,1.235828,1.825186
-1.264798,-1.448923,-1.507583,1.201873,1.746854
-1.495243,-1.191924,-1.168466,1.171423,1.652872
-1.725688,-1.106245,-1.171636,1.146816,1.55604
-1.725688,-1.149084,-1.086064,1.121755,1.460023
-2.186578,-0.763567,-0.835689,1.086041,1.360061
-1.956133,-0.977746,-1.003662,1.057,1.277875
-1.495243,-0.892067,-0.911752,1.040321,1.241052
-1.956133,-0.463729,-0.575805,1.025554,1.212593
-1.725688,-0.463729,-0.487065,1.009363,1.187312
-1.956133,-0.292372,-0.319091,0.980533,1.176207
-1.725688,-0.292372,-0.315922,0.952097,1.185965
-1.725688,0.007467,-0.059208,0.926788,1.185965
-1.725688,-0.078212,-0.059208,0.876797,1.218906
-1.725688,0.050306,0.026364,0.869742,1.277322
-2.186578,0.435823,0.362311,0.869742,1.3165
-2.186578,0.350145,0.362311,0.870438,1.350144
-1.725688,0.350145,0.283078,0.892431,1.407371
-1.495243,0.392984,0.371819,0.912438,1.488797
-1.264798,0.307305,0.374988,0.937,1.544586
-1.264798,0.478644,0.460559,0.964317,1.604908
-0.803908,0.607162,0.723612,1.068533,1.656351
-1.264798,0.521484,0.546131,1.09462,1.718138
-1.725688,0.907001,0.796506,1.12301,1.790954
-0.573463,0.778501,0.812353,1.156188,1.852035
-1.495243,0.435823,0.542961,1.19515,1.9155
-1.034353,0.392984,0.292586,1.252865,1.97356
-1.264798,0.093127,0.032702,1.309023,2.023442
-1.034353,0.478644,0.463729,1.376519,2.060948
-1.495243,0.135967,0.115105,1.411476,2.077615
-1.034353,-0.249551,-0.220842,1.535506,2.116376
-1.034353,-0.37805,-0.306414,1.642895,2.137507
-1.034353,-0.463729,-0.477557,1.73407,2.138
-0.803908,-0.549389,-0.474387,1.808029,2.138
-1.264798,-0.892067,-0.823012,1.914936,2.1362
-0.112573,-1.234745,-1.235022,1.996104,2.114068
-0.112573,-0.977746,-1.063879,2.085231,2.068909
-0.112573,-1.063406,-1.063879,2.147225,2.026125
0.348318,-0.977746,-1.314255,2.188998,1.972387
0.809207,-1.191924,-1.136773,2.228845,1.903515
1.039652,-1.406102,-1.390318,2.267221,1.82273
1.039652,-1.534602,-1.47589,2.299029,1.738229
1.500542,-1.106245,-1.041694,2.334304,1.640528
1.270097,-1.020585,-0.959292,2.366047,1.552668
1.500542,-1.106245,-1.127265,2.382895,1.479142
1.270097,-0.849246,-0.788149,2.406853,1.39565
1.500542,-0.677889,-0.613837,2.423318,1.307132
1.500542,-0.635068,-0.528266,2.423318,1.249836
1.730988,-0.292372,-0.268382,2.423318,1.197625
1.961432,-0.206711,-0.179641,2.418798,1.147231
1.730988,-0.163872,-0.182811,2.400089,1.096648
1.730988,-0.035372,-0.097239,2.372202,1.02706
1.500542,0.007467,-0.014837,2.349307,0.969917
1.270097,-0.078212,-0.103578,2.316281,0.9295
1.270097,-0.078212,-0.018007,2.26928,0.885492
1.270097,0.221645,0.238708,2.21847,0.842713
1.270097,0.435823,0.238708,2.170892,0.811948
1.039652,0.864162,0.834538,2.128841,0.790511
1.270097,0.82134,0.752136,2.082638,0.773228
1.039652,0.735662,0.577824,2.046375,0.767464
0.809207,0.864162,0.831369,2.010365,0.765952
0.578762,0.907001,0.913771,1.998,0.765952
0.578762,0.907001,0.999342,1.9978,0.765652
0.578762,0.992679,1.084914,1.997,0.775919
0.348318,1.292518,1.595173,1.998802,0.807396
0.348318,1.592375,1.595173,2.007886,0.853734
0.348318,1.463857,1.595173,2.013254,0.943724
0.348318,1.849374,2.108601,2.021,1.036
0.117872,1.506696,1.592003,2.021,1.125625
0.348318,1.592375,1.509601,2.021,1.234059
0.348318,1.421018,1.509601,2.021,1.325562
0.348318,1.720874,1.766315,2.008026,1.422507
0.117872,1.592375,1.763146,1.973956,1.524575
0.578762,1.806535,1.855056,1.936839,1.631889
0.578762,1.849374,1.940628,1.885381,1.734009
0.578762,1.935053,1.855056,1.827719,1.823986
0.348318,1.806535,1.851887,1.760598,1.920801
0.117872,1.763714,1.763146,1.658703,1.988168
0.348318,1.678035,1.680744,1.587635,2.068698
0.117872,1.506696,1.506432,1.507279,2.155596
0.578762,1.164018,1.256056,1.409793,2.231552
0.348318,1.206858,1.167316,1.308996,2.294616
0.348318,1.035519,1.081744,1.210484,2.346246
0.348318,0.864162,0.910602,1.131012,2.37125
0.578762,0.692823,0.742628,1.029411,2.372
1.039652,0.778501,0.748967,0.9315,2.372
0.578762,0.478644,0.485914,0.835055,2.3687
0.809207,0.350145,0.31794,0.770841,2.337519
0.809207,0.350145,0.31794,0.726298,2.290211
1.039652,-0.078212,-0.021176,0.69116,2.234479
0.809207,-0.163872,-0.109917,0.656022,2.153628
1.039652,-0.163872,-0.106747,0.64243,2.069273
1.270097,-0.420889,-0.445864,0.642406,1.978398
1.270097,-0.420889,-0.445864,0.642406,1.871758
1.270097,-0.549389,-0.445864,0.642552,1.77974
1.500542,-0.763567,-0.78498,0.645017,1.668064
1.500542,-0.977746,-0.956123,0.648568,1.570363
1.270097,-0.892067,-0.959292,0.651734,1.463376
1.500542,-1.234745,-1.127265,0.652942,1.372
1.039652,-1.234745,-1.304747,0.653413,1.295819
1.270097,-1.791619,-1.815006,0.654,1.192346
1.039652,-1.920119,-1.818175,0.654,1.103202
0.809207,-1.962958,-1.992487,0.654,0.988831
1.039652,-2.262797,-2.246032,0.655316,0.914369
0.578762,-2.177136,-2.252371,0.664227,0.844443
0.117872,-2.091458,-2.087567,0.669825,0.79625
-0.343018,-2.262797,-2.265048,0.685169,0.742925
-0.343018,-2.177136,-2.179477,0.710078,0.708418
-0.573463,-2.048618,-2.011503,0.727532,0.694565
-1.034353,-1.791619,-1.93227,0.734034,0.694565
-1.034353,-1.74878,-1.761128,0.738048,0.694565
-1.264798,-1.83444,-1.93544,0.739322,0.701225
-1.034353,-1.406102,-1.333271,0.788209,0.740639
-1.725688,-0.763567,-0.743779,0.814732,0.799133
-1.495243,-0.677889,-0.655038,0.839368,0.856629
-1.264798,-0.50655,-0.480726,0.856629,0.929707
-1.495243,-0.292372,-0.227181,0.872152,1.00964
-1.264798,-0.249551,-0.309583,0.899268,1.09275
-0.803908,-0.163872,-0.217673,0.920989,1.18377
-1.034353,-0.121033,-0.135271,0.940472,1.274911
-1.495243,0.007467,0.200676,0.954338,1.358283
-1.264798,0.221645,0.203845,0.9665,1.4576
-0.573463,0.307305,0.384496,0.977674,1.55294
-0.573463,-0.206711,-0.128932,1.005589,1.666525
-1.034353,-0.035372,-0.0497,1.07454,1.762362
-1.034353,0.007467,-0.0497,1.100747,1.856921
-0.803908,-0.163872,-0.132102,1.161073,1.955126
-0.803908,-0.549389,-0.559959,1.260289,2.033786
-0.343018,-0.806407,-0.639191,1.311557,2.103468
-0.343018,-0.892067,-0.895906,1.365577,2.175993
-0.112573,-1.277584,-1.235022,1.41634,2.228814
-0.573463,-1.063406,-1.155789,1.448638,2.257475
0.117872,-1.149084,-0.975138,1.498625,2.278268
0.578762,-1.106245,-0.9688,1.565518,2.285
0.578762,-1.234745,-1.139943,1.609824,2.285
1.039652,-1.106245,-1.048033,1.653153,2.285
1.270097,-0.934906,-1.044863,1.755732,2.278633
1.039652,-0.763567,-0.791318,1.856958,2.240667
1.039652,-0.677889,-0.705747,1.970054,2.192263
1.039652,-0.37805,-0.363461,2.036875,2.150455
0.809207,-0.420889,-0.366631,2.106529,2.088026
1.039652,-0.50655,-0.534604,2.144,2.050885
0.809207,-0.249551,-0.281059,2.189142,1.984116
0.809207,-0.078212,-0.109917,2.229636,1.919204
0.809207,0.178806,0.146798,2.245636,1.850516
0.809207,0.093127,0.061226,2.249759,1.776959
1.039652,0.307305,0.32111,2.252758,1.709359
1.039652,0.350145,0.406681,2.252883,1.635787
1.039652,0.435823,0.492253,2.252758,1.559838
1.039652,0.564323,0.577824,2.250179,1.480991
1.039652,0.735662,0.748967,2.238553,1.409846
1.039652,1.206858,1.176824,2.213384,1.340897
1.039652,0.778501,0.834538,2.187063,1.28227
1.039652,0.82134,0.920109,2.145345,1.225541
1.039652,1.035519,1.091252,2.107,1.168125
1.039652,1.121179,1.091252,2.057085,1.123907
1.039652,1.164018,1.005681,2.009375,1.08575
1.039652,1.421018,1.433538,1.966656,1.075
0.809207,1.378196,1.430369,1.908771,1.075
0.809207,1.335357,1.259226,1.877954,1.075
0.578762,1.506696,1.512771,1.863071,1.081508
0.578762,1.720874,1.769485,1.860112,1.111492
0.348318,1.720874,1.766315,1.858309,1.152257
0.348318,1.763714,1.766315,1.855373,1.211324
0.348318,1.678035,1.766315,1.850861,1.282708
0.348318,1.678035,1.680744,1.85,1.347257
0.117872,1.678035,1.592003,1.848572,1.42667
0.348318,1.635196,1.595173,1.846994,1.510875
0.348318,1.421018,1.42403,1.841483,1.603304
0.348318,1.506696,1.509601,1.823315,1.694268
0.348318,1.506696,1.509601,1.805461,1.754827
-0.112573,1.592375,1.674405,1.780805,1.820374
-0.343018,1.335357,1.414522,1.749128,1.883929
-0.112573,1.506696,1.503263,1.694067,1.943817
-0.112573,1.378196,1.417691,1.592758,1.999965
-0.573463,1.164018,1.154638,1.522401,2.036016
-0.343018,1.164018,1.157808,1.437082,2.055958
-0.343018,1.335357,1.243379,1.341622,2.056208
-0.803908,1.035519,1.065898,1.258667,2.056208
-0.573463,1.07834,1.069067,1.189355,2.054623
-1.034353,0.992679,0.977157,1.138052,2.041048
-0.343018,1.121179,1.072236,1.093806,2.011127
-0.803908,0.992679,0.980326,1.055961,1.973395
-1.264798,0.735662,0.802845,1.015625,1.92725
-1.495243,0.735662,0.714104,0.97869,1.892178
-1.264798,0.478644,0.460559,0.937512,1.864074
-1.034353,0.564323,0.5493,0.880246,1.834581
-1.034353,0.392984,0.378157,0.826185,1.805687
-0.573463,0.135967,0.04221,0.769633,1.771522
-1.034353,0.093127,0.035872,0.717391,1.731426
-1.264798,0.007467,0.032702,0.677829,1.69392
-1.725688,-0.292372,-0.315922,0.643219,1.65416
-1.264798,-0.463729,-0.566297,0.618125,1.607697
-1.034353,-0.677889,-0.648699,0.601427,1.550691
-1.495243,-0.892067,-0.826181,0.58925,1.4925
-1.034353,-0.934906,-0.905414,0.58164,1.42486
-1.495243,-1.363263,-1.339609,0.577153,1.355339
-1.264798,-1.534602,-1.507583,0.572553,1.272923
-0.803908,-1.491762,-1.501244,0.5714,1.185807
-1.034353,-1.191924,-1.162128,0.5714,1.08305
-1.495243,-1.234745,-1.254038,0.5714,0.984037
-0.343018,-1.234745,-1.238191,0.580043,0.891013
0.117872,-0.977746,-0.975138,0.59775,0.824
0.117872,-1.191924,-1.488567,0.6244,0.7699
0.348318,-0.934906,-0.971969,0.662866,0.727253
0.578762,-0.892067,-0.9688,0.714312,0.698037
0.348318,-1.277584,-1.314255,0.783437,0.672958
0.809207,-0.934906,-0.880059,0.855536,0.653736
0.809207,-0.849246,-0.794488,0.941407,0.636203
1.039652,-0.806407,-0.791318,1.046761,0.615366
1.270097,-0.592228,-0.617006,1.162362,0.58361
1.270097,-0.549389,-0.531435,1.256439,0.562841
1.270097,-0.592228,-0.531435,1.324446,0.555944
1.270097,-0.37805,-0.274721,1.39754,0.555133
1.270097,-0.163872,-0.274721,1.483126,0.555133
1.039652,-0.121033,-0.106747,1.572535,0.555133
1.039652,0.093127,0.149967,1.651697,0.557862
1.270097,0.178806,0.067565,1.732468,0.570664
1.039652,0.307305,0.406681,1.801008,0.593188
1.039652,0.478644,0.492253,1.858559,0.622631
1.270097,0.907001,0.923279,1.89675,0.65475
1.270097,0.864162,0.837707,1.934121,0.709459
1.270097,1.164018,1.179993,1.972951,0.780747
0.809207,1.164018,1.088083,2.00725,0.854717
0.578762,0.907001,0.913771,2.039305,0.927714
1.039652,1.421018,1.347966,2.072646,1.011023
0.578762,0.992679,1.084914,2.106205,1.092574
0.578762,1.121179,1.084914,2.148725,1.166975
0.578762,1.421018,1.427199,2.19725,1.240375
0.578762,1.463857,1.341628,2.218115,1.333234
0.117872,1.592375,1.506432,2.237927,1.432668
0.117872,1.592375,1.506432,2.249208,1.520299
0.348318,1.506696,1.509601,2.26334,1.60802
0.578762,1.549535,1.512771,2.26397,1.686246
0.578762,1.07834,1.084914,2.26397,1.755714
0.348318,1.035519,0.996173,2.26397,1.808391
0.117872,1.07834,1.078575,2.247463,1.829677
-0.343018,1.164018,1.243379,2.214024,1.843259
-0.573463,1.421018,1.325781,2.159279,1.851205
-0.343018,1.07834,1.072236,2.083125,1.86075
-0.803908,1.249679,1.237041,1.974454,1.873083
-0.343018,1.035519,0.901094,1.867242,1.887783
-1.034353,0.735662,0.720443,1.771684,1.91055
-1.034353,0.650002,0.634871,1.678351,1.950906
-0.803908,0.735662,0.723612,1.586471,1.990527
-1.034353,0.650002,0.634871,1.489068,2.037171
-1.495243,0.350145,0.286247,1.393125,2.088
-1.495243,0.264484,0.286247,1.292746,2.128942
-1.034353,0.135967,0.121443,1.186793,2.141041
-1.264798,0.050306,0.032702,1.102926,2.141041
-1.264798,-0.121033,-0.13844,1.020176,2.141041
-1.034353,-0.420889,-0.391985,0.948102,2.133765
-2.186578,-0.592228,-0.664546,0.889477,2.094463
-2.647468,-0.677889,-0.756456,0.835916,2.033335
-0.803908,-0.892067,-0.902244,0.782609,1.955239
-0.573463,-0.934906,-0.899075,0.731305,1.86641
-0.112573,-1.063406,-1.149451,0.684139,1.77101
-0.112573,-1.234745,-1.235022,0.651014,1.695191
-0.343018,-1.020585,-1.067048,0.62045,1.609401
-0.573463,-1.406102,-1.412503,0.59463,1.52245
-0.343018,-1.577441,-1.580477,0.578674,1.43393
-0.343018,-1.663101,-1.666048,0.578323,1.34275
-0.343018,-1.920119,-1.922762,0.578323,1.172725
-0.573463,-1.920119,-2.011503,0.579436,1.031703
-0.573463,-2.005779,-2.011503,0.59647,0.944241
-0.573463,-2.005779,-2.011503,0.617355,0.877075
-0.573463,-1.663101,-1.754789,0.648215,0.825069
-1.034353,-1.663101,-1.761128,0.687656,0.803311
-1.034353,-1.620262,-1.675556,0.752459,0.787273
-1.264798,-1.406102,-1.33644,0.83368,0.769412
-1.495243,-1.363263,-1.425181,0.911699,0.755386
-1.034353,-1.491762,-1.504413,0.997772,0.744673
-1.495243,-1.363263,-1.425181,1.090563,0.741949
-1.034353,-1.363263,-1.418842,1.183619,0.721764
-1.725688,-0.635068,-0.572636,1.277504,0.700321
-1.495243,-0.50655,-0.569467,1.369538,0.679773
-1.495243,-0.420889,-0.398324,1.456934,0.668212
-1.725688,-0.078212,-0.144779,1.558382,0.668
-1.956133,-0.078212,-0.147948,1.630127,0.668
-1.956133,0.050306,0.023194,1.712821,0.670556
-1.725688,0.093127,0.111935,1.808871,0.688143
-1.956133,0.221645,0.279909,1.889335,0.719874
-1.495243,0.093127,0.115105,1.958794,0.76205
-1.495243,0.307305,0.628533,1.992,0.810114
-1.264798,0.907001,1.059559,2.005,0.871433
-0.803908,0.778501,0.809184,2.005,0.929545
-1.264798,0.778501,0.546131,2.005,1.008745
-1.034353,0.82134,0.891586,2.001625,1.099678
-0.803908,0.735662,0.809184,1.978711,1.213053
-0.803908,0.564323,0.552469,1.941671,1.332031
-0.573463,0.478644,0.555639,1.927067,1.416661
-0.343018,0.521484,0.558808,1.902738,1.525035
-0.343018,0.392984,0.302094,1.881667,1.619033
-0.343018,0.178806,0.302094,1.875,1.71399
-0.803908,0.007467,0.039041,1.875,1.774297
-0.803908,-0.035372,-0.04653,1.875,1.832602
-0.573463,-0.206711,-0.214504,1.881881,1.871369
-0.112573,-0.37805,-0.379308,1.909893,1.917239
-0.112573,-0.806407,-0.807165,1.960743,1.961666
0.117872,-0.720728,-0.718424,2.020422,1.979418
-0.343018,-0.977746,-1.067048,2.086089,1.986
-0.343018,-0.977746,-0.981477,2.129104,1.986
0.578762,-1.363263,-1.311085,2.16104,1.986
0.578762,-1.149084,-1.225514,2.185255,1.976205
1.039652,-1.491762,-1.561461,2.200676,1.954664
1.270097,-1.320423,-1.216006,2.211684,1.924023
1.270097,-0.934906,-0.87372,2.224025,1.884895
1.270097,-1.063406,-1.044863,2.229676,1.828641
1.500542,-1.149084,-1.041694,2.241227,1.755802
1.500542,-0.720728,-0.613837,2.258901,1.684586
1.500542,-0.37805,-0.357123,2.285066,1.600903
1.500542,-0.635068,-0.100409,2.310708,1.511945
1.500542,-0.292372,-0.271551,2.323025,1.425366
1.500542,-0.035372,-0.100409,2.323025,1.335727
1.500542,-0.078212,-0.100409,2.323025,1.25795
1.270097,0.135967,0.153136,2.318113,1.183127
1.270097,0.007467,0.153136,2.291068,1.105423
1.270097,0.392984,0.495422,2.253446,1.0436
1.270097,0.435823,0.40985,2.211225,0.980713
1.270097,0.521484,0.580993,2.165592,0.921554
0.809207,0.478644,0.489083,2.114256,0.864281
0.809207,0.564323,0.574655,2.077553,0.815384
1.039652,0.650002,0.663395,2.01975,0.780375
0.809207,0.907001,0.91694,1.965629,0.763262
1.039652,0.94984,1.005681,1.923445,0.7625
0.809207,1.121179,1.173654,1.883142,0.7625
0.578762,0.907001,1.341628,1.838229,0.764118
0.348318,1.506696,1.42403,1.79196,0.791375
0.578762,1.292518,1.341628,1.754394,0.842934
0.348318,1.463857,1.595173,1.723529,0.914782
0.578762,1.421018,1.427199,1.704875,0.985375
0.348318,1.592375,1.595173,1.699642,1.044428
0.348318,1.421018,1.509601,1.696586,1.138948
0.578762,1.249679,1.341628,1.690897,1.244504
0.578762,1.378196,1.341628,1.688418,1.360777
0.578762,1.463857,1.427199,1.686875,1.47525
0.348318,0.992679,1.680744,1.68567,1.58345
0.348318,1.506696,1.595173,1.685,1.689375
0.578762,1.592375,1.683913,1.678843,1.783921
0.117872,1.506696,1.420861,1.660965,1.88616
0.348318,1.421018,1.42403,1.621064,1.971187
-0.343018,1.035519,1.072236,1.575488,2.060375
-0.343018,1.164018,1.157808,1.5324,2.1227
-0.343018,1.206858,1.243379,1.467383,2.1827
-0.803908,1.164018,1.151469,1.395085,2.229211
-0.343018,1.07834,1.072236,1.303619,2.267546
-0.112573,0.82134,0.904263,1.209231,2.2785
-0.573463,0.735662,0.812353,1.10716,2.2785
-0.343018,0.864162,0.901094,1.016874,2.2785
-0.573463,0.478644,0.555639,0.94357,2.266025
-0.573463,0.435823,0.470067,0.881361,2.234588
-0.112573,0.093127,0.219692,0.832942,2.186332
-0.112573,0.307305,0.305263,0.792694,2.131957
-0.573463,0.307305,0.298925,0.755788,2.067564
-0.112573,0.093127,-0.037022,0.724772,1.984946
0.348318,-0.121033,-0.201827,0.697,1.8967
0.578762,-0.206711,-0.284229,0.669125,1.800875
0.348318,-0.463729,-0.458541,0.64789,1.715015
0.578762,-0.592228,-0.626514,0.63003,1.621143
0.348318,-0.549389,-0.629684,0.626283,1.534665
0.578762,-0.892067,-0.797657,0.626283,1.462571
0.578762,-1.063406,-1.054371,0.626283,1.373576
0.578762,-1.234745,-1.225514,0.636738,1.260696
0.348318,-1.620262,-1.399826,0.659595,1.16921
0.348318,-1.620262,-1.65654,0.678659,1.098203
0.348318,-1.920119,-1.998826,0.695734,1.047548
-0.112573,-1.83444,-1.834022,0.712474,1.012639
-1.264798,-2.305636,-2.363297,0.734143,0.970492
-1.495243,-1.83444,-1.938609,0.760167,0.924633
-1.264798,-1.962958,-2.021011,0.786125,0.906875
-1.264798,-1.577441,-1.593154,0.81431,0.890494
-0.803908,-1.534602,-1.672387,0.854294,0.866717
-1.264798,-1.277584,-1.250868,0.905175,0.834976
-1.725688,-1.106245,-1.086064,0.964109,0.796808
-1.495243,-1.106245,-1.168466,1.028263,0.75749
-1.725688,-0.934906,-1.000493,1.100883,0.722793
-2.186578,-0.806407,-0.835689,1.187587,0.708586
-1.725688,-0.720728,-0.743779,1.268683,0.708586
-1.956133,-0.592228,-0.661377,1.351644,0.708586
-2.186578,-0.249551,-0.32226,1.410726,0.716332
-1.495243,-0.121033,-0.227181,1.458436,0.74397
-1.495243,-0.078212,-0.14161,1.482368,0.778625
-1.495243,-0.163872,-0.227181,1.489471,0.830108
-1.495243,0.050306,0.029533,1.489471,0.895713
-1.725688,0.050306,-0.059208,1.489471,0.978194
-1.725688,-0.249551,-0.23035,1.479266,1.08557
-1.034353,-0.163872,-0.135271,1.461942,1.191456
-1.034353,-0.37805,-0.306414,1.446397,1.292831
-0.573463,-0.292372,-0.300075,1.420864,1.413165
-0.803908,-0.292372,-0.303245,1.396562,1.527699
-0.343018,-0.549389,-0.468049,1.386786,1.635058
-0.573463,-0.549389,-0.556789,1.386786,1.728263
-0.343018,-0.635068,-0.639191,1.386786,1.811271
0.117872,-0.806407,-0.803996,1.389643,1.871861
0.348318,-0.720728,-0.800826,1.411845,1.9163
0.117872,-0.849246,-0.803996,1.451991,1.965415
0.578762,-0.677889,-0.626514,1.509703,2.004984
0.809207,-0.677889,-0.623345,1.570176,2.039711
1.270097,-0.806407,-0.788149,1.637388,2.067243
1.270097,-0.849246,-0.87372,1.717161,2.074903
1.039652,-0.635068,-0.620176,1.791124,2.075
1.039652,-0.420889,-0.620176,1.864174,2.075
1.039652,-0.763567,-0.791318,1.939679,2.071625
1.039652,-0.677889,-0.705747,2.01965,2.06325
0.809207,-0.549389,-0.452202,2.080745,2.052513
1.039652,-0.549389,-0.534604,2.126843,2.02321
0.809207,-0.37805,-0.452202,2.163302,1.989685
0.809207,-0.035372,-0.024345,2.193058,1.95201
0.809207,0.221645,0.146798,2.212469,1.90941
0.809207,0.221645,0.31794,2.22825,1.85375
0.809207,0.478644,0.489083,2.238513,1.784607
0.578762,0.650002,0.571485,2.24846,1.691424
0.809207,0.94984,0.831369,2.265729,1.609616
0.578762,0.82134,0.828199,2.276266,1.529097
0.348318,1.07834,1.167316,2.278754,1.447314
0.117872,1.206858,1.420861,2.27959,1.359361
0.117872,1.292518,1.335289,2.27939,1.257371
0.117872,1.378196,1.420861,2.276663,1.182986
0.117872,1.549535,1.506432,2.26531,1.121065
0.578762,1.549535,1.598342,2.244008,1.055302
-0.573463,1.592375,1.325781,2.233082,1.031
-0.112573,1.378196,1.33212,2.224336,1.031
0.117872,1.249679,1.249718,2.218625,1.031
0.117872,1.249679,1.335289,2.202283,1.035104
-0.112573,1.292518,1.246548,2.17044,1.078646
0.117872,1.421018,1.420861,2.131922,1.148923
-0.343018,1.335357,1.328951,2.090129,1.217013
-0.343018,1.249679,1.243379,2.029921,1.289104
-0.343018,1.164018,1.243379,1.960633,1.350596
-0.573463,1.121179,1.069067,1.900067,1.412417
-0.573463,0.907001,0.983496,1.836615,1.476843
-0.803908,0.992679,0.980326,1.769242,1.550269
-1.034353,0.82134,0.891586,1.706419,1.619559
-1.034353,1.121179,1.062728,1.644724,1.684602
-1.034353,1.249679,1.233871,1.58061,1.749771
-0.573463,1.935053,1.24021,1.516896,1.819396
-1.495243,1.164018,1.141961,1.448732,1.906539
-1.495243,0.992679,0.885247,1.390802,1.978
-1.264798,0.82134,0.888416,1.326711,2.032984
-0.803908,0.82134,0.809184,1.276734,2.075617
-1.034353,0.650002,0.634871,1.239095,2.092
-1.034353,0.435823,0.378157,1.2165,2.092
-0.573463,0.350145,0.384496,1.201943,2.092
-0.803908,0.307305,0.295755,1.194058,2.07705
-0.803908,0.264484,0.295755,1.175922,2.024346
0.348318,0.735662,0.739459,1.151025,1.954358
0.348318,-0.078212,-0.116255,1.120164,1.87673
0.348318,-0.121033,-0.116255,1.080976,1.802718
0.578762,-0.249551,-0.3698,1.035202,1.716612
0.578762,-0.163872,-0.113086,0.989,1.6174
1.039652,-0.121033,-0.106747,0.9453,1.522643
0.809207,-0.121033,-0.195488,0.900701,1.428356
1.039652,-0.249551,-0.192319,0.860758,1.331081
1.039652,-0.37805,-0.27789,0.83669,1.243499
1.270097,-0.206711,-0.189149,0.818663,1.147843
1.270097,-0.335211,-0.360292,0.808445,1.071471
1.270097,-0.335211,-0.360292,0.807945,1.005
1.270097,-0.806407,-0.788149,0.807945,0.958139
1.270097,-0.977746,-0.959292,0.810651,0.928363
1.270097,-1.063406,-1.044863,0.849466,0.898465
1.500542,-1.063406,-1.041694,0.905442,0.862947
0.348318,-1.448923,-1.399826,0.997802,0.835988
0.348318,-1.491762,-1.485397,1.07688,0.77947
0.348318,-1.663101,-1.65654,1.149402,0.74173
0.578762,-1.663101,-1.653371,1.221204,0.701259
-1.034353,-1.70594,-1.761128,1.28937,0.666385
-0.803908,-1.663101,-1.672387,1.371912,0.631231
-1.264798,-1.448923,-1.507583,1.458598,0.599006
-1.034353,-1.320423,-1.418842,1.542457,0.578422
-1.034353,-1.320423,-1.333271,1.634784,0.564938
-1.264798,-1.149084,-1.079726,1.706675,0.562958
-1.725688,-0.934906,-0.914922,1.781301,0.562062
-1.495243,-0.763567,-0.826181,1.839855,0.562
-1.495243,-0.720728,-0.655038,1.845779,0.562
-1.034353,-0.763567,-0.648699,1.845779,0.564183
-1.725688,0.350145,0.283078,1.845779,0.582286
-1.264798,0.478644,0.460559,1.831387,0.611168
-1.495243,0.478644,0.45739,1.787742,0.655402
-1.264798,0.521484,0.546131,1.740967,0.712505
-1.725688,0.521484,0.454221,1.697316,0.786648
-1.725688,0.264484,0.368649,1.656198,0.870255
-0.803908,0.307305,0.381327,1.623436,0.952818
-1.264798,0.135967,0.118274,1.574826,1.058657
-1.034353,0.007467,0.035872,1.520981,1.169146
-1.034353,0.178806,0.121443,1.460126,1.282586
-0.573463,-0.078212,0.04221,1.404135,1.381746
-1.034353,-0.249551,-0.306414,1.339837,1.483473
-0.573463,-0.249551,-0.300075,1.274214,1.586067
-0.573463,-0.549389,-0.556789,1.214385,1.672714
-0.803908,-0.549389,-0.559959,1.195741,1.77283
-0.343018,-0.892067,-0.895906,1.195741,1.855674
0.117872,-0.763567,-0.803996,1.195741,1.917234
0.117872,-0.806407,-0.718424,1.207498,1.981811
0.578762,-0.720728,-0.626514,1.215769,2.024095
0.809207,-0.635068,-0.794488,1.227772,2.052898
1.039652,-0.592228,-0.620176,1.257797,2.079225
1.039652,-0.977746,-0.962461,1.317125,2.110014
1.270097,-1.063406,-0.959292,1.392082,2.144859
1.270097,-0.892067,-0.87372,1.418225,2.170625
1.500542,-0.50655,-0.442694,1.444118,2.1715
1.500542,-0.50655,-0.442694,1.483255,2.1715
1.500542,-0.420889,-0.357123,1.564291,2.171246
1.270097,-0.335211,-0.274721,1.655537,2.160893
1.500542,0.050306,0.070734,1.7537,2.1258
1.500542,0.178806,0.156306,1.845199,2.06919
1.270097,0.007467,0.153136,1.923008,1.998219
1.500542,0.392984,0.41302,1.970307,1.934308
1.730988,0.392984,0.416189,2.003932,1.885562
1.270097,0.350145,0.324279,2.048827,1.818181
1.270097,0.392984,0.40985,2.096633,1.727859
1.270097,0.521484,0.580993,2.126669,1.622472
1.270097,0.392984,0.40985,2.13034,1.53156
1.039652,0.521484,0.577824,2.130578,1.444763
1.039652,0.907001,0.834538,2.130578,1.355395
0.809207,0.94984,1.002512,2.130024,1.277096
1.039652,1.249679,1.262395,2.12088,1.171328
0.809207,1.206858,1.173654,2.087767,1.083806
0.578762,1.249679,1.170485,2.0505,1.024875
0.578762,1.421018,1.427199,2.028223,0.987466
0.348318,1.206858,1.252887,2.011975,0.968011
0.348318,1.335357,1.338459,2.001983,0.9672
0.117872,1.378196,1.335289,1.994586,0.9672
0.117872,1.806535,1.848718,1.981758,0.968575
0.117872,1.678035,1.763146,1.96372,1.00438
-0.112573,1.763714,1.759977,1.94575,1.06
0.117872,1.806535,1.848718,1.923059,1.113229
-0.112573,1.549535,1.588834,1.896362,1.163042
-0.343018,1.592375,1.500093,1.86679,1.23085
-0.343018,1.506696,1.500093,1.837487,1.307425
-0.112573,1.678035,1.674405,1.81556,1.381357
0.117872,1.720874,1.677575,1.792487,1.466278
-0.343018,1.549535,1.671236,1.765121,1.532158
-0.343018,1.549535,1.756808,1.723274,1.600347
-0.112573,1.506696,1.503263,1.658644,1.680268
-0.343018,1.506696,1.500093,1.60764,1.759083
0.117872,1.463857,1.420861,1.537662,1.840417
0.348318,1.164018,1.252887,1.45303,1.926033
-0.112573,1.249679,1.246548,1.36447,1.998653
0.117872,1.206858,1.164146,1.269703,2.065246
-0.343018,0.907001,0.901094,1.185325,2.119215
-0.343018,0.82134,0.815522,1.106917,2.16048
-0.343018,0.650002,0.729951,1.030233,2.188115
-0.573463,0.735662,0.64121,0.96,2.19
-0.112573,0.521484,0.390835,0.885733,2.19
-0.112573,0.478644,0.476406,0.814875,2.19
0.117872,0.392984,0.394004,0.753607,2.178427
0.117872,0.221645,0.222861,0.695268,2.148333
0.348318,0.135967,0.140459,0.654343,2.113727
0.117872,0.050306,0.051718,0.615758,2.053703
0.348318,-0.163872,-0.116255,0.6115,1.990793
0.117872,-0.463729,-0.376139,0.6115,1.9168
0.578762,-0.335211,-0.284229,0.611988,1.823578
0.809207,-0.463729,-0.452202,0.626792,1.720652
0.809207,-0.592228,-0.623345,0.657056,1.605259
0.809207,-0.720728,-0.794488,0.686395,1.497847
0.809207,-0.977746,-0.880059,0.717573,1.384867
0.809207,-1.149084,-1.051202,0.743246,1.276361
0.348318,-1.149084,-1.143112,0.761621,1.177149
0.809207,-1.491762,-1.479059,0.776994,1.077228
0.809207,-1.491762,-1.56463,0.788413,0.978082
0.578762,-1.74878,-1.653371,0.796185,0.899051
0.348318,-2.005779,-2.084397,0.806699,0.819426
0.348318,-1.920119,-1.998826,0.818807,0.76332
0.117872,-2.005779,-2.001995,0.840055,0.714658
-0.112573,-2.005779,-2.005164,0.873622,0.676896
-0.573463,-1.83444,-1.84036,0.91313,0.636015
-0.343018,-1.83444,-1.837191,0.964292,0.593045
-0.343018,-1.791619,-1.837191,1.016347,0.551415
-0.343018,-1.534602,-1.666048,1.078702,0.538511
-1.034353,-1.191924,-1.333271,1.14375,0.536639
-1.264798,-1.020585,-1.079726,1.163551,0.536639
-1.034353,-0.806407,-0.648699,1.176,0.550728
-1.495243,-0.592228,-0.655038,1.18075,0.597875
-1.264798,-0.549389,-0.566297,1.185217,0.661189
-1.495243,-0.549389,-0.569467,1.196431,0.714989
-1.495243,-0.292372,-0.227181,1.208161,0.776793
-1.264798,-0.249551,-0.309583,1.22738,0.844408
-1.264798,-0.249551,-0.309583,1.24981,0.912149
-1.495243,-0.37805,-0.398324,1.269853,0.974634
-1.495243,-0.292372,-0.312752,1.287581,1.045423
-1.495243,-0.035372,-0.14161,1.297224,1.110845
-1.725688,-0.420889,-0.401493,1.299067,1.188727
-1.956133,-0.335211,-0.575805,1.299875,1.260994
-1.264798,-0.549389,-0.566297,1.300015,1.354994
-1.264798,-0.592228,-0.651869,1.300667,1.46
-1.495243,-0.37805,-0.483895,1.301114,1.568172
-1.034353,-0.335211,-0.477557,1.306087,1.654746
-0.573463,-0.37805,-0.385647,1.321281,1.755656
-1.034353,-0.806407,-0.648699,1.344362,1.845413
-0.343018,-1.063406,-0.895906,1.373873,1.927968
0.117872,-0.977746,-0.975138,1.41306,1.994828
0.809207,-1.149084,-1.051202,1.464481,2.056312
0.809207,-1.063406,-1.136773,1.527872,2.107805
1.270097,-1.149084,-1.130435,1.599027,2.154048
1.270097,-1.491762,-1.47272,1.667826,2.178
1.270097,-1.448923,-1.47272,1.749616,2.178
1.270097,-1.363263,-1.301577,1.846042,2.178
1.270097,-1.363263,-0.788149,1.934167,2.170333
1.270097,-0.849246,-0.788149,2.002383,2.146696
1.500542,-0.806407,-0.870551,2.06101,2.089451
1.270097,-0.463729,-0.531435,2.111113,2.017352
1.500542,-0.37805,-0.357123,2.144648,1.939464
1.500542,-0.206711,-0.18598,2.1862,1.832873
1.270097,-0.163872,-0.103578,2.215017,1.742681
1.730988,-0.249551,-0.182811,2.2175,1.650838
1.500542,-0.335211,-0.271551,2.2175,1.522205
1.730988,-0.292372,-0.268382,2.21671,1.438487
1.500542,-0.121033,-0.18598,2.214085,1.36188
1.270097,0.221645,-0.018007,2.213522,1.271441
1.270097,-0.206711,-0.189149,2.19552,1.207198
1.039652,-0.292372,-0.27789,2.172714,1.154993
1.039652,-0.035372,-0.021176,2.159028,1.112533
1.039652,0.178806,0.149967,2.154364,1.1055
1.039652,0.050306,0.149967,2.152109,1.1055
0.809207,0.307305,0.31794,2.150197,1.1055
0.809207,0.435823,0.489083,2.146375,1.122375
0.578762,0.907001,0.913771,2.134016,1.164761
0.578762,0.778501,0.828199,2.121565,1.207093
0.117872,0.992679,0.907432,2.100962,1.24786
0.348318,0.992679,0.910602,2.07703,1.291331
0.348318,1.206858,1.167316,2.041701,1.336314
0.578762,1.164018,1.256056,1.993449,1.407962
0.348318,1.378196,1.42403,1.944672,1.482495
0.348318,1.635196,1.680744,1.892049,1.561669
0.348318,1.592375,1.595173,1.838718,1.642137
0.117872,1.506696,1.506432,1.772845,1.737956
-0.112573,1.378196,1.33212,1.709043,1.831196
0.117872,1.121179,1.249718,1.647185,1.918593
-0.112573,1.249679,1.246548,1.593341,1.987196
0.117872,1.249679,1.335289,1.529149,2.05651
0.117872,1.292518,1.335289,1.46387,2.124336
-0.112573,1.164018,1.246548,1.40434,2.172846
-0.343018,1.07834,1.157808,1.343573,2.215585
-0.343018,1.121179,1.243379,1.280877,2.249163
-0.112573,0.992679,0.989834,1.210018,2.276034
0.117872,0.907001,0.993004,1.130256,2.298577
0.117872,0.778501,0.907432,1.060051,2.30141
-0.112573,0.564323,0.73312,0.996254,2.30141
-0.343018,0.692823,0.644379,0.938403,2.30141
0.117872,0.307305,0.394004,0.883595,2.29308
0.117872,0.392984,0.308432,0.83665,2.268884
0.348318,0.435823,0.311602,0.816,2.222767
0.117872,-0.121033,-0.204996,0.816,2.170961
0.117872,-0.121033,-0.119424,0.816,2.108395
0.348318,-0.249551,-0.287398,0.817125,2.050125
0.809207,-0.549389,-0.537774,0.826384,1.981997
0.578762,-0.677889,-0.626514,0.841251,1.903887
0.809207,-0.677889,-0.708916,0.853082,1.825572
0.809207,-0.849246,-0.794488,0.858237,1.785091
0.578762,-0.934906,-0.9688,0.863841,1.746751
0.578762,-1.020585,-0.9688,0.865,1.715107
0.578762,-1.320423,-1.311085,0.865,1.689266
0.578762,-1.491762,-1.482228,0.865,1.695076
0.348318,-1.577441,-1.570969,0.862498,1.716513
0.578762,-1.491762,-1.5678,0.861959,1.693718
0.117872,-1.620262,-1.65971,0.861959,1.661926
-0.343018,-1.448923,-1.75162,0.862209,1.644461
-1.034353,-1.663101,-1.761128,0.866582,1.641196
-0.803908,-1.663101,-1.586815,0.876113,1.4376
-1.264798,-1.491762,-1.422011,0.894137,1.210779
-1.264798,-1.277584,-1.250868,0.932088,1.183677
-1.495243,-0.763567,-0.826181,0.972025,1.170703
-1.264798,-0.720728,-0.73744,1.081288,0.957102
-1.495243,-0.249551,-0.227181,1.159053,0.888419
-1.725688,-0.163872,-0.144779,1.21232,0.888419
-1.264798,-0.163872,-0.224012,1.25554,0.888419
-1.725688,0.093127,0.026364,1.277087,0.908406
-1.264798,0.050306,0.118274,1.277087,0.944918
-1.034353,0.178806,0.121443,1.277087,0.987212
-1.495243,0.392984,0.371819,1.266496,1.054421
-1.264798,0.735662,0.717274,1.250814,1.136997
-1.495243,0.564323,0.714104,1.244058,1.228557
-1.034353,0.521484,0.5493,1.24234,1.319307
-1.264798,0.392984,0.374988,1.24234,1.427428
-1.495243,0.307305,0.371819,1.24234,1.528163
-1.725688,0.050306,0.026364,1.245104,1.617204
-1.264798,0.007467,-0.13844,1.267109,1.710627
-1.495243,-0.335211,-0.398324,1.308988,1.802189
-1.034353,-0.806407,-0.734271,1.347457,1.8837
-0.573463,-0.720728,-0.642361,1.394484,1.937267
-1.034353,-0.892067,-0.905414,1.437714,1.97795
-1.034353,-1.020585,-0.990985,1.4975,2.013
-1.034353,-1.277584,-1.247699,1.5778,2.047119
-0.803908,-1.149084,-1.24453,1.66225,2.055593
-0.573463,-1.234745,-1.155789,1.717945,2.057307
-0.573463,-1.063406,-1.155789,1.778414,2.058627
-0.573463,-1.234745,-1.241361,1.827121,2.056814
0.117872,-1.106245,-1.231853,1.89665,2.049336
0.578762,-1.406102,-1.396657,1.966912,2.037397
0.578762,-1.191924,-1.225514,2.026914,1.992155
0.578762,-0.635068,-0.626514,2.066563,1.944359
0.809207,-0.977746,-1.136773,2.103422,1.899664
0.809207,-0.677889,-0.708916,2.137058,1.850934
0.809207,-0.549389,-0.537774,2.168211,1.774112
1.270097,-0.121033,-0.103578,2.177594,1.712781
1.039652,-0.163872,-0.192319,2.188361,1.596129
1.039652,-0.50655,-0.534604,2.19948,1.503153
1.270097,-0.335211,-0.360292,2.213088,1.41738
1.039652,0.007467,0.064396,2.220202,1.308657
1.039652,0.050306,0.064396,2.220202,1.195451
0.809207,0.135967,0.146798,2.220202,1.106627
0.809207,0.307305,0.31794,2.216206,1.02683
0.809207,0.564323,0.574655,2.19475,0.97175
0.809207,0.82134,0.831369,2.157977,0.916777
0.809207,0.94984,0.831369,2.106125,0.866625
0.809207,1.164018,1.088083,2.061675,0.838796
0.809207,1.206858,1.259226,2.020782,0.830325
0.578762,1.635196,1.256056,1.988285,0.830325
0.578762,1.335357,1.341628,1.96492,0.830325
0.809207,1.678035,1.601511,1.958375,0.834578
0.348318,1.592375,1.595173,1.9565,0.860818
0.348318,1.549535,1.252887,1.9565,0.910038
0.117872,1.592375,1.677575,1.962818,0.971716
0.117872,1.678035,1.677575,1.983505,1.062418
0.117872,1.635196,1.506432,1.996205,1.155193
0.117872,1.164018,1.249718,2.019858,1.251618
0.117872,1.164018,1.164146,2.037481,1.336055
0.348318,0.94984,0.910602,2.039,1.427922
-0.803908,1.07834,1.065898,2.039,1.511463
-0.573463,0.82134,0.812353,2.038136,1.595142
-0.573463,0.650002,0.64121,2.020348,1.670835
-1.034353,0.650002,0.634871,1.992876,1.722436
-1.495243,0.607162,0.542961,1.950332,1.75659
-1.264798,0.478644,0.460559,1.88803,1.793148
-1.725688,0.350145,0.368649,1.815437,1.835367
-1.725688,0.221645,0.197507,1.746948,1.863595
-1.495243,0.135967,0.029533,1.668022,1.879998
-1.495243,-0.035372,-0.14161,1.594033,1.894384
-1.725688,-0.206711,-0.315922,1.517385,1.908502
-1.264798,-0.549389,-0.566297,1.44144,1.91487
-1.264798,-0.635068,-0.73744,1.36732,1.914949
-1.725688,-1.106245,-1.171636,1.29944,1.914949
-1.495243,-1.149084,-1.168466,1.224821,1.913469
-1.264798,-1.234745,-1.250868,1.1624,1.897072
-1.034353,-1.149084,-1.162128,1.101022,1.861457
-1.034353,-1.149084,-1.162128,1.05914,1.820599
-0.573463,-0.977746,-1.155789,1.010798,1.769008
-1.264798,-0.977746,-0.994154,0.962625,1.702625
-0.803908,-0.977746,-0.902244,0.918384,1.623825
-0.803908,-1.234745,-1.158958,0.870501,1.523289
-0.112573,-1.020585,-1.149451,0.83397,1.430709
0.117872,-0.849246,-0.803996,0.803804,1.345855
0.578762,-0.720728,-0.797657,0.785185,1.304436
0.809207,-0.635068,-0.708916,0.784232,1.26879
1.039652,-0.763567,-0.791318,0.771583,1.223847
1.039652,-0.720728,-0.705747,0.768415,1.138031
1.270097,-0.592228,-0.531435,0.781811,1.069164
1.270097,-0.549389,-0.531435,0.807836,1.008946
1.270097,-0.335211,-0.360292,0.832695,0.961618
1.039652,-0.37805,-0.363461,0.888614,0.9179
1.039652,-0.292372,-0.27789,0.964205,0.759899
1.270097,-0.078212,-0.018007,1.048628,0.724473
1.039652,0.007467,0.064396,1.153568,0.705046
1.039652,0.178806,0.235538,1.23469,0.697683
0.809207,0.392984,0.31794,1.436438,0.697683
0.809207,0.221645,0.232369,1.570009,0.697683
0.809207,0.264484,0.232369,1.676492,0.699145
0.809207,0.307305,0.31794,1.768029,0.706126
0.348318,0.564323,0.568316,1.864323,0.71859
0.348318,0.478644,0.397173,1.965937,0.743879
-0.112573,0.607162,0.561977,2.060105,0.785977
-0.112573,1.07834,0.989834,2.130095,0.846856
-0.343018,0.82134,0.986665,2.187413,0.923207
-0.343018,0.82134,0.815522,2.235657,0.999216
-0.803908,0.735662,0.809184,2.26415,1.097563
-0.573463,0.992679,0.983496,2.267393,1.205905
-1.034353,0.735662,0.977157,2.267393,1.311641
-0.573463,0.94984,0.897924,2.267393,1.428628
-1.034353,0.864162,0.806014,2.263139,1.511035
-1.495243,0.864162,0.799676,2.246155,1.578074
-1.495243,0.864162,0.799676,2.210006,1.641572
-1.495243,0.778501,0.799676,2.164846,1.6808
-1.034353,0.82134,0.806014,2.121288,1.686867
-1.264798,0.735662,0.802845,2.073143,1.6924
-1.034353,0.864162,0.891586,2.017925,1.697428
-0.803908,0.907001,0.723612,1.957442,1.704184
-0.803908,0.864162,0.723612,1.89003,1.713425
-0.573463,0.735662,0.812353,1.829602,1.72913
-0.573463,0.992679,0.897924,1.762161,1.755952
-0.343018,0.907001,0.901094,1.676868,1.794861
-0.112573,1.121179,0.989834,1.614152,1.847468
-0.112573,1.292518,1.075406,1.565064,1.906091
0.117872,1.335357,1.249718,1.539031,1.978511
0.117872,1.164018,1.164146,1.451208,2.009773
0.348318,1.164018,0.910602,1.361109,2.011239
0.578762,1.206858,1.256056,1.278716,2.011239
0.578762,1.07834,1.084914,1.229575,2.011191
0.578762,0.992679,0.999342,1.161334,1.99022
0.809207,0.992679,1.002512,1.106028,1.929957
1.039652,0.82134,0.920109,1.004477,1.844019
0.809207,0.907001,0.91694,0.999,1.746571
1.039652,0.650002,0.748967,0.999,1.655509
0.809207,0.564323,0.660226,1.002091,1.554283
0.809207,0.435823,0.489083,1.031773,1.444726
0.809207,0.135967,0.146798,1.063404,1.359082
0.578762,-0.035372,-0.027514,1.115011,1.252776
0.348318,-0.035372,0.054888,1.17925,1.145125
-0.112573,-0.206711,-0.208165,1.262592,1.039721
0.348318,-0.50655,-0.544112,1.347934,0.948256
0.348318,-0.635068,-0.629684,1.431014,0.870914
0.117872,-0.806407,-0.803996,1.538157,0.792612
-0.573463,-1.106245,-0.984646,1.633939,0.746597
-0.573463,-1.406102,-1.498075,1.738768,0.713808
-1.034353,-1.320423,-1.333271,1.828099,0.695269
-1.034353,-1.83444,-1.846699,1.880322,0.687894
-1.034353,-1.877279,-1.846699,1.884762,0.686817
-1.034353,-1.83444,-1.846699,1.884762,0.686817
-0.573463,-1.83444,-1.925932,1.884762,0.686817
0.117872,-1.74878,-1.65971,1.849631,0.688364
0.117872,-1.791619,-1.745281,1.781826,0.69374
1.270097,-1.448923,-1.47272,1.681349,0.707393
1.270097,-1.363263,-1.301577,1.578375,0.7185
1.500542,-1.020585,-1.127265,1.469507,0.732774
1.270097,-0.849246,-1.044863,1.36257,0.763023
1.500542,-0.635068,-0.528266,1.263781,0.801912
1.500542,-0.335211,-0.271551,1.161668,0.856726
1.500542,-0.463729,-0.357123,1.071359,0.918852
1.730988,-0.206711,-0.182811,0.992403,0.997278
2.191877,-0.420889,-0.262043,0.921077,1.078202
1.730988,-0.592228,-0.610668,0.861576,1.163735
1.500542,-0.763567,-0.699408,0.818207,1.261779
1.270097,-0.50655,-0.531435,0.811092,1.349364
1.270097,-0.892067,-0.788149,0.811092,1.414375
1.270097,-0.849246,-0.617006,0.814955,1.461526
0.809207,-0.420889,-0.366631,0.843501,1.507677
0.809207,-0.635068,-0.366631,0.915357,1.546818
0.809207,-0.549389,-0.452202,1.00075,1.574977
0.578762,-0.335211,-0.455371,1.110373,1.594027
0.578762,-0.50655,-0.455371,1.224246,1.613563
0.578762,-0.37805,-0.455371,1.35827,1.637802
0.578762,-0.420889,-0.455371,1.47476,1.668417
0.809207,-0.463729,-0.366631,1.587145,1.704698
0.578762,-0.163872,-0.113086,1.713425,1.755349
0.809207,-0.206711,-0.109917,1.824358,1.7998
0.809207,-0.121033,-0.024345,1.914719,1.882918
0.809207,0.178806,0.146798,1.986846,1.961736
1.039652,0.350145,0.32111,2.016496,2.036109
1.039652,0.435823,0.577824,2.016496,2.090583
0.809207,0.607162,0.489083,2.016496,2.133127
0.809207,1.335357,1.259226,2.003152,2.159794
0.809207,1.164018,1.173654,1.931822,2.190041
0.809207,1.249679,1.173654,1.845944,2.219612
0.578762,1.206858,1.170485,1.7525,2.22915
0.348318,1.421018,1.42403,1.634646,2.240813
0.117872,1.635196,1.677575,1.543599,2.254625
0.348318,1.763714,1.680744,1.52528,2.266086
-0.112573,2.27773,1.845548,1.466935,2.270376
0.578762,1.549535,1.512771,1.364166,2.26994
0.117872,1.592375,1.506432,1.276153,2.264871
0.117872,1.164018,1.164146,1.203067,2.264306
0.117872,1.07834,1.078575,1.144885,2.262898
-0.343018,1.07834,0.986665,1.1127,2.260814
-0.112573,1.121179,1.160977,1.052527,2.258168
-0.573463,0.992679,1.069067,1.03525,2.24188
-1.034353,0.778501,0.720443,1.03525,2.215463
-1.034353,0.607162,0.634871,1.03795,2.164175
-1.034353,0.650002,0.5493,1.093698,2.095609
-1.264798,0.478644,0.460559,1.13959,2.037333
-1.264798,0.564323,0.546131,1.177115,1.975184
-1.264798,0.521484,0.460559,1.203793,1.91646
-1.264798,0.478644,0.460559,1.213238,1.882846
-1.725688,0.264484,0.283078,1.213438,1.848207
-1.495243,0.350145,0.371819,1.213438,1.825256
-1.264798,0.050306,0.032702,1.208473,1.797945
-1.725688,-0.078212,-0.059208,1.1734,1.7637
-1.495243,-0.292372,-0.312752,1.122606,1.724723
-1.725688,-0.592228,-0.572636,1.059658,1.678061
-1.725688,-0.549389,-0.572636,0.99432,1.625249
-1.495243,-0.549389,-0.569467,0.936071,1.566384
-1.495243,-0.763567,-0.740609,0.87636,1.49436
-0.573463,-0.035372,-0.043361,0.825886,1.412843
-1.034353,0.350145,0.378157,0.778812,1.335764
-0.112573,-0.035372,-0.037022,0.74097,1.255038
-0.112573,0.007467,0.048549,0.728241,1.170474
0.117872,0.135967,0.13729,0.728141,1.086881
0.348318,0.564323,0.568316,0.728141,1.001561
0.578762,0.350145,0.657057,0.731196,0.924569
0.578762,0.221645,0.2292,0.7672,0.8736
0.578762,0.350145,0.314771,0.818822,0.830512
0.578762,0.478644,0.2292,0.890569,0.793063
0.809207,0.435823,0.489083,0.975929,0.77602
0.809207,0.435823,0.403512,1.053867,0.764911
0.809207,0.607162,0.574655,1.1602,0.7621
1.270097,0.607162,0.666565,1.26785,0.761879
0.809207,0.478644,0.489083,1.388164,0.761017
0.578762,0.435823,0.485914,1.492438,0.761637
0.578762,0.178806,0.143628,1.595476,0.762221
0.348318,-0.163872,-0.201827,1.702783,0.763238
0.578762,-0.121033,-0.113086,1.826668,0.77607
0.348318,-0.420889,-0.201827,1.916194,0.797859
-0.112573,-0.463729,-0.550451,2.012345,0.829714
-0.343018,-0.677889,-0.55362,2.092476,0.869125
-0.803908,-0.720728,-0.64553,2.147313,0.921223
-0.343018,-0.635068,-0.639191,2.202002,0.972947
-0.343018,-0.892067,-0.895906,2.243754,1.020234
-0.803908,-1.149084,-1.158958,2.26907,1.077866
-1.034353,-1.149084,-1.162128,2.270106,1.148129
-1.264798,-1.277584,-1.250868,2.270106,1.195613
-1.495243,-1.74878,-1.681895,2.269981,1.224814
-1.495243,-1.70594,-1.681895,2.23766,1.243703
-1.034353,-1.83444,-1.846699,2.179949,1.263267
-0.573463,-1.74878,-1.754789,2.092111,1.276832
-0.573463,-1.663101,-1.754789,2.004398,1.280499
-0.343018,-1.577441,-1.580477,1.900051,1.287918
-0.112573,-1.320423,-1.320593,1.774557,1.29097
0.578762,-0.892067,-0.883228,1.670362,1.293141
0.809207,-0.977746,-0.880059,1.544207,1.304705
0.578762,-0.463729,-0.455371,1.432214,1.319153
0.578762,-0.249551,-0.284229,1.338385,1.337151
0.578762,-0.292372,-0.284229,1.250717,1.361458
1.039652,-0.163872,-0.106747,1.173444,1.387076
1.039652,0.007467,-0.021176,1.104004,1.421623
1.039652,0.050306,-0.106747,1.051902,1.459078
1.270097,0.007467,-0.018007,1.034273,1.496854
1.270097,0.221645,-0.018007,1.034273,1.521351
1.270097,0.007467,-0.018007,1.034273,1.533257
1.270097,0.221645,0.153136,1.044146,1.540533
1.730988,0.135967,0.159475,1.090885,1.547885
1.270097,0.135967,0.153136,1.146714,1.550469
1.500542,0.007467,0.070734,1.2333,1.553192
1.730988,-0.206711,-0.268382,1.358334,1.556087
1.500542,-0.206711,-0.18598,1.480647,1.558485
1.500542,-0.592228,-0.613837,1.61358,1.561425
1.500542,-0.720728,-0.78498,1.7081,1.570206
1.500542,-0.892067,-0.870551,1.778591,1.58186
1.270097,-0.892067,-0.87372,1.865529,1.624246
1.270097,-1.320423,-1.216006,1.946052,1.666368
1.270097,-1.320423,-1.301577,2.022718,1.719608
1.039652,-1.577441,-1.647032,2.076178,1.771546
0.809207,-1.83444,-1.735773,2.105,1.851154
0.809207,-2.177136,-2.16363,2.105,1.896459
0.578762,-2.177136,-2.166799,2.105,1.931596
-0.803908,-1.663101,-1.672387,2.100626,1.941878
-0.112573,-1.577441,-1.577307,2.061172,1.942074
-0.112573,-1.191924,-1.149451,1.996756,1.942074
-0.112573,-1.149084,-1.235022,1.902077,1.937967
-0.112573,-1.234745,-1.235022,1.792481,1.9277
-0.343018,-1.020585,-0.981477,1.667237,1.92426
-0.573463,-0.763567,-0.813504,1.566217,1.907138
0.117872,-0.720728,-0.632853,1.46968,1.895664
0.117872,-0.37805,-0.376139,1.381322,1.891316
0.348318,-0.206711,-0.201827,1.293305,1.890949
0.578762,0.007467,0.058057,1.185116,1.890949
0.578762,0.135967,0.143628,1.100125,1.891975
0.117872,0.82134,0.821861,1.027875,1.903375
0.578762,0.692823,0.742628,0.943843,1.942071
0.809207,1.035519,1.002512,0.860812,1.981364
0.809207,1.07834,1.088083,0.821237,2.025781
0.578762,0.907001,0.913771,0.8125,2.070671
0.578762,1.121179,1.170485,0.8125,2.122395
0.348318,1.035519,1.338459,0.8125,2.16732
0.348318,1.720874,1.680744,0.840115,2.213445
0.348318,1.592375,1.595173,0.903788,2.255095
0.348318,1.378196,1.42403,0.981061,2.293642
0.578762,1.506696,1.427199,1.059707,2.328509
0.348318,1.249679,1.252887,1.141383,2.348902
0.117872,1.249679,1.164146,1.239717,2.352
-0.343018,1.335357,1.243379,1.354672,2.352
-0.112573,0.992679,0.904263,1.466225,2.351359
-0.343018,0.907001,0.901094,1.563281,2.336101
-0.573463,0.778501,0.897924,1.64513,2.311446
-0.803908,0.650002,0.552469,1.707101,2.275685
-0.573463,0.864162,0.812353,1.750128,2.237848
-1.034353,0.564323,0.5493,1.789972,2.187935
-1.034353,0.307305,0.378157,1.816173,2.099212
-1.264798,0.521484,0.460559,1.818621,2.016425
-1.495243,0.392984,0.45739,1.818621,1.942207
-1.034353,0.521484,0.463729,1.811864,1.853756
-1.034353,0.392984,0.292586,1.786899,1.782195
-1.034353,0.093127,0.121443,1.747396,1.709643
-0.803908,0.007467,-0.04653,1.690044,1.638327
-1.034353,-0.206711,-0.220842,1.6111,1.5824
-1.495243,-0.849246,-0.826181,1.509214,1.540612
-1.034353,-0.934906,-0.905414,1.40716,1.5023
-1.034353,-0.934906,-0.905414,1.306641,1.469556
-1.034353,-1.277584,-1.333271,1.191044,1.417557
-1.034353,-1.363263,-1.418842,1.089033,1.35888
0.117872,-1.577441,-1.574138,1.004585,1.296527
0.117872,-1.70594,-1.745281,0.922548,1.232339
0.578762,-1.791619,-1.738942,0.855342,1.171306
0.117872,-1.74878,-1.745281,0.813625,1.105792
0.117872,-1.962958,-1.916424,0.811,1.057125
0.578762,-1.74878,-1.738942,0.811,1.022038
0.578762,-1.83444,-1.824514,0.81142,0.97883
0.809207,-1.620262,-1.307916,0.836379,0.954937
1.039652,-1.320423,-1.304747,0.941574,0.92889
1.039652,-1.020585,-1.048033,1.026529,0.907097
1.039652,-1.106245,-1.048033,1.110727,0.887535
1.270097,-0.849246,-0.788149,1.227894,0.867782
0.809207,-0.806407,-0.880059,1.331931,0.862726
1.039652,-0.806407,-0.791318,1.448351,0.854704
0.809207,-0.892067,-0.880059,1.570682,0.828826
0.578762,-0.892067,-0.797657,1.643326,0.816625
0.578762,-0.37805,-0.712086,1.735952,0.813781
0.348318,-0.463729,-0.458541,1.827375,0.813781
0.348318,-0.163872,-0.201827,1.920673,0.814507
0.348318,-0.335211,-0.287398,2.0003,0.828572
-0.112573,-0.206711,-0.122594,2.052433,0.861104
-0.343018,-0.035372,0.04538,2.099386,0.904789
-0.343018,0.307305,0.387665,2.139144,0.958823
0.117872,0.564323,0.650718,2.162915,1.039964
-0.343018,0.650002,0.729951,2.180801,1.154463
-0.112573,0.82134,0.818692,2.192337,1.25556
0.117872,0.778501,0.907432,2.194447,1.357638
-0.112573,1.035519,1.075406,2.195029,1.459265
-0.112573,1.249679,1.160977,2.195029,1.554442
-0.343018,1.549535,1.243379,2.194418,1.685974
-0.343018,1.506696,1.500093,2.184825,1.793015
0.117872,1.635196,1.592003,2.157713,1.880005
0.117872,1.678035,1.677575,2.113962,1.970971
0.117872,1.678035,1.677575,2.056154,2.058513
0.117872,1.635196,1.677575,1.995527,2.127598
-0.112573,1.763714,1.759977,1.918436,2.184059
0.117872,1.592375,1.677575,1.82502,2.214327
0.348318,1.720874,1.680744,1.717741,2.238272
0.348318,1.421018,1.42403,1.62538,2.24468
0.578762,1.292518,1.341628,1.5225,2.24468
1.039652,1.463857,1.519109,1.444478,2.24468
0.578762,1.121179,1.170485,1.378703,2.229585
0.578762,1.07834,1.084914,1.322371,2.20061
0.809207,0.94984,1.002512,1.29066,2.159532
0.578762,0.907001,0.913771,1.287,2.092627
1.039652,0.564323,0.577824,1.287,2.009358
0.809207,0.607162,0.489083,1.2877,1.9135
1.039652,0.478644,0.492253,1.303053,1.798711
1.270097,0.564323,0.580993,1.32732,1.685457
1.500542,0.264484,0.241877,1.353088,1.584579
1.500542,0.178806,0.327448,1.378061,1.463404
1.039652,0.264484,0.32111,1.392451,1.367006
1.500542,0.264484,0.327448,1.392451,1.274186
1.500542,0.007467,0.070734,1.392451,1.188194
1.270097,0.093127,0.153136,1.385083,1.119458
1.270097,-0.163872,-0.103578,1.359445,1.053694
1.270097,-0.121033,0.067565,1.322876,0.993121
1.730988,-0.163872,-0.097239,1.272582,0.928414
1.270097,-0.37805,-0.360292,1.206633,0.876994
1.270097,-0.37805,-0.360292,1.141705,0.836088
1.270097,-0.50655,-0.445864,1.065687,0.811445
1.270097,-0.592228,-0.617006,1.002875,0.80891
1.270097,-0.592228,-0.531435,0.930219,0.80891
1.039652,-0.37805,-0.363461,0.871705,0.80891
1.039652,-0.249551,-0.27789,0.816767,0.824427
1.039652,0.007467,-0.021176,0.78096,0.8621
0.809207,-0.163872,-0.109917,0.762067,0.92444
0.578762,0.050306,0.058057,0.747625,1.002203
0.348318,0.307305,0.311602,0.738119,1.070511
0.348318,0.435823,0.397173,0.733093,1.148285
0.117872,0.650002,0.650718,0.728893,1.241112
0.117872,0.564323,0.565147,0.723612,1.3277
0.117872,1.164018,0.993004,0.718765,1.432443
0.117872,0.907001,0.907432,0.718,1.527115
-0.343018,1.592375,1.585665,0.718,1.593848
-0.343018,1.164018,1.243379,0.718,1.688375
-0.803908,1.035519,1.151469,0.723338,1.778789
-0.573463,1.206858,1.154638,0.73918,1.871675
-0.573463,1.164018,1.24021,0.75534,1.93535
-0.573463,1.378196,1.325781,0.785528,2.005051
-0.573463,1.249679,1.24021,0.809926,2.03
-1.034353,0.992679,0.977157,0.836104,2.03
-1.034353,0.907001,0.891586,0.862982,2.03
-1.264798,0.82134,0.802845,0.891715,2.027367
-1.495243,0.864162,0.885247,0.925682,2.016262
-1.264798,0.692823,0.631702,0.966926,1.998191
-1.495243,0.350145,0.286247,1.002147,1.9773
-1.725688,0.521484,0.539792,1.0301,1.947
-1.264798,-0.078212,-0.13844,1.048173,1.926972
-1.034353,-0.249551,-0.220842,1.056678,1.904899
-0.803908,-0.549389,-0.474387,1.057,1.880603
-1.034353,-0.720728,-0.734271,1.057,1.850612
-0.803908,-0.806407,-0.816673,1.0576,1.77737
-0.803908,-0.892067,-0.902244,1.058,1.682244
-0.573463,-1.234745,-1.155789,1.055964,1.623017
-0.112573,-1.363263,-1.320593,1.055705,1.58974
-0.112573,-1.406102,-1.406165,1.067096,1.545651
-0.112573,-1.491762,-1.491736,1.086764,1.513189
0.117872,-1.620262,-1.65971,1.118833,1.470743
0.578762,-1.406102,-1.482228,1.136137,1.373268
0.809207,-1.920119,-1.906916,1.145255,1.27403
1.039652,-1.920119,-1.903747,1.192844,1.187167
1.039652,-1.70594,-1.903747,1.254939,1.09197
1.270097,-1.491762,-1.47272,1.337659,0.753821
1.500542,-1.363263,-1.127265,1.411563,0.6205
1.270097,-0.977746,-1.044863,1.504211,0.591343
1.500542,-0.849246,-0.956123,1.58721,0.589
1.500542,-0.849246,-0.78498,1.671432,0.589
1.500542,-0.635068,-0.613837,1.75625,0.589
1.500542,-0.806407,-0.78498,1.836,0.6219
1.500542,-0.50655,-0.528266,1.912596,0.679174
1.270097,-0.37805,-0.360292,1.969016,0.750701
1.270097,-0.335211,-0.360292,2.006523,0.830607
1.039652,-0.249551,-0.27789,2.040278,0.934887
1.270097,-0.249551,-0.274721,2.05075,1.043109
1.039652,-0.206711,-0.192319,2.0515,1.16755
1.039652,0.478644,0.406681,2.0515,1.288294
1.500542,0.564323,0.584163,2.051254,1.401682
1.270097,0.907001,0.923279,2.033925,1.533207
1.039652,0.778501,0.920109,2.005367,1.648168
1.039652,0.735662,0.748967,1.974947,1.766721
0.348318,1.07834,0.82503,1.935095,1.878942
0.348318,0.94984,0.910602,1.898215,1.964351
0.117872,1.421018,1.335289,1.841023,2.06744
0.117872,1.206858,1.249718,1.772323,2.145463
0.117872,1.506696,1.506432,1.694579,2.209597
-0.112573,1.421018,1.503263,1.612925,2.278258
-0.112573,1.335357,1.417691,1.519945,2.32847
-0.343018,1.249679,1.243379,1.451049,2.348079
-0.343018,1.07834,1.157808,1.362352,2.375393
-0.343018,0.992679,1.072236,1.281414,2.377989
0.117872,1.07834,1.164146,1.195343,2.377989
-1.034353,1.249679,1.1483,1.08542,2.371729
-0.573463,1.035519,1.069067,1.022419,2.3325
-0.573463,0.992679,0.983496,0.970277,2.277575
-0.112573,0.735662,0.818692,0.931189,2.23884
-1.264798,0.564323,0.546131,0.885622,2.15627
-1.264798,0.435823,0.460559,0.854995,2.071974
-1.264798,0.392984,0.374988,0.831779,1.958545
-1.495243,0.221645,0.286247,0.815886,1.862886
-1.725688,0.264484,0.283078,0.800462,1.746534
-1.495243,0.392984,0.286247,0.796495,1.656272
-1.264798,0.221645,0.289417,0.796495,1.565062
-1.495243,0.178806,0.115105,0.796495,1.475928
-1.495243,0.264484,0.200676,0.801788,1.438019
-0.573463,0.007467,-0.043361,0.818618,1.406288
-0.343018,0.221645,0.216522,0.845237,1.309672
0.117872,0.435823,0.479575,0.878513,1.211937
0.348318,0.650002,0.653887,0.919834,1.169726
0.117872,0.093127,0.13729,0.974066,1.140011
0.348318,0.307305,0.311602,1.029954,1.11031
0.348318,0.135967,0.22603,1.097276,1.04685
0.578762,0.307305,0.314771,1.177901,0.916418
0.809207,0.650002,0.574655,1.269925,0.889496
1.039652,0.82134,0.748967,1.363339,0.864467
1.039652,0.607162,0.577824,1.47123,0.839852
1.039652,0.478644,0.492253,1.570377,0.812515
1.270097,0.607162,0.666565,1.667702,0.679802
1.270097,0.478644,0.495422,1.768467,0.679802
1.270097,0.350145,0.40985,1.858881,0.679802
1.270097,0.264484,0.238708,1.950581,0.68743
1.039652,0.050306,0.149967,2.0269,0.73392
1.500542,0.007467,-0.014837,2.079933,0.792517
1.500542,-0.206711,-0.100409,2.102733,0.846994
1.270097,-0.121033,-0.103578,2.102733,0.889969
1.500542,-0.37805,-0.357123,2.102733,0.926669
1.270097,-0.37805,-0.360292,2.095367,0.972864
1.500542,-0.635068,-0.528266,2.048357,1.016409
1.500542,-0.763567,-0.699408,1.962356,1.075963
1.500542,-1.063406,-1.041694,1.894471,1.12009
1.500542,-1.106245,-1.127265,1.814738,1.148203
1.270097,-1.534602,-1.47272,1.746291,1.178458
1.039652,-1.491762,-1.561461,1.666983,1.209581
0.348318,-1.663101,-1.65654,1.568251,1.240521
-0.112573,-1.877279,-1.834022,1.461183,1.271492
0.117872,-2.262797,-2.258709,1.366394,1.303407
0.117872,-2.262797,-2.258709,1.258565,1.343648
-0.343018,-2.434135,-2.350619,1.162212,1.385621
-0.803908,-2.134297,-2.100244,1.081971,1.425558
-1.264798,-2.005779,-2.021011,1.004179,1.472719
-1.495243,-1.920119,-1.938609,0.928211,1.530255
-1.264798,-1.620262,-1.678725,0.865216,1.597676
-0.803908,-1.448923,-1.501244,0.844223,1.65975
-1.264798,-1.320423,-1.507583,0.843989,1.710591
-1.725688,-1.106245,-1.171636,0.843989,1.728039
-1.725688,-0.849246,-0.82935,0.845033,1.793034
-1.495243,-0.849246,-0.911752,0.857133,1.872307
-1.956133,-0.335211,-0.319091,0.890511,1.944171
-1.495243,-0.292372,-0.227181,0.934306,2.000882
-1.956133,-0.121033,-0.062377,1.05853,2.054619
-1.725688,0.007467,-0.059208,1.215159,2.098254
-1.725688,0.050306,0.026364,1.267819,2.180863
-1.495243,0.264484,0.286247,1.306639,2.222681
-1.495243,0.307305,0.286247,1.379766,2.238315
-1.725688,0.735662,0.710935,1.467387,2.251584
-1.264798,0.435823,0.289417,1.5385,2.266125
-1.725688,0.692823,0.625364,1.57379,2.27
-1.725688,0.521484,0.539792,1.594901,2.27
-1.495243,0.650002,0.628533,1.621529,2.27
-1.034353,0.82134,0.806014,1.689283,2.267767
-1.495243,0.82134,0.799676,1.7563,2.2513
-1.956133,0.650002,0.707766,1.846401,2.215705
-1.264798,0.564323,0.460559,1.937074,2.164262
-1.034353,0.521484,0.463729,2.014477,2.104271
-1.034353,0.435823,0.378157,2.078823,2.043513
-1.264798,0.135967,0.374988,2.124182,1.987012
-1.495243,-0.292372,-0.227181,2.158152,1.922677
-0.112573,-1.149084,-1.235022,2.194312,1.852783
0.348318,-1.277584,-1.143112,2.215693,1.782014
0.348318,-1.063406,-1.057541,2.225773,1.704718
0.578762,-0.977746,-1.054371,2.234569,1.625806
1.039652,-1.149084,-1.133604,2.244808,1.549618
0.809207,-1.320423,-1.222345,2.266773,1.432304
1.270097,-1.020585,-0.959292,2.271507,1.343365
1.039652,-0.849246,-0.791318,2.271937,1.256616
1.270097,-0.635068,-0.617006,2.271937,1.185134
1.270097,-0.592228,-0.531435,2.271686,1.086493
1.270097,-0.806407,-0.702578,2.258129,1.01358
1.500542,-0.335211,-0.442694,2.239449,0.935417
1.500542,-0.463729,-0.357123,2.209997,0.875901
1.270097,-0.420889,-0.445864,2.180245,0.825334
1.270097,-0.420889,-0.445864,2.14999,0.786118
1.270097,-0.37805,-0.360292,2.105715,0.743215
1.039652,-0.463729,-0.363461,2.065011,0.725009
1.039652,-0.37805,-0.449033,2.03015,0.720042
1.039652,-0.335211,-0.363461,2.001694,0.720042
1.039652,-0.335211,-0.27789,1.987222,0.720042
1.039652,-0.249551,-0.27789,1.987222,0.723021
0.809207,0.221645,0.146798,1.987222,0.736832
1.039652,0.050306,0.149967,1.988589,0.7671
0.809207,0.221645,0.31794,1.99707,0.811619
1.039652,0.607162,0.748967,2.004875,0.873015
0.809207,0.521484,0.31794,2.0055,0.954533
0.809207,0.564323,0.574655,2.0055,1.039794
0.578762,0.650002,0.657057,2.005435,1.135625
0.348318,0.735662,0.739459,2.00361,1.258114
0.348318,1.206858,1.167316,2.002372,1.386089
0.117872,1.292518,1.506432,1.985427,1.497564
-0.112573,1.378196,1.33212,1.955137,1.594127
-0.112573,1.421018,1.417691,1.909118,1.667145
-0.112573,1.335357,1.33212,1.852554,1.785251
-0.112573,1.164018,1.246548,1.810604,1.868292
-0.112573,1.206858,1.246548,1.758223,1.941846
-0.112573,1.164018,1.075406,1.664146,2.023746
-0.343018,1.506696,1.500093,1.561311,2.085174
-0.573463,1.421018,1.411353,1.470101,2.150356
-1.034353,1.421018,1.319443,1.384391,2.194555
-0.573463,1.249679,1.24021,1.283161,2.23733
-0.343018,1.164018,1.157808,1.194038,2.264088
-0.803908,1.164018,1.151469,1.119377,2.271768
-0.343018,1.164018,1.072236,1.031566,2.271768
-0.803908,1.07834,1.065898,0.967524,2.271768
-1.264798,0.992679,1.059559,0.913247,2.260632
-1.034353,1.164018,1.233871,0.88418,2.237159
-1.264798,1.164018,1.059559,0.868391,2.210653
-1.034353,1.121179,1.1483,0.854776,2.165078
-1.034353,0.907001,0.891586,0.848,2.108875
-1.034353,0.907001,0.891586,0.842515,2.041757
-1.495243,0.650002,0.628533,0.839616,1.965506
-0.573463,0.392984,0.384496,0.832474,1.875511
-0.803908,0.221645,0.210184,0.819725,1.788548
-0.803908,0.178806,0.124612,0.807522,1.693393
-0.803908,0.093127,0.124612,0.801359,1.600898
-0.343018,-0.121033,-0.125763,0.801109,1.494637
-0.573463,-0.249551,-0.214504,0.80062,1.43806
-0.573463,-0.549389,-0.556789,0.797241,1.36385
-0.343018,-0.720728,-0.810334,0.795547,1.275104
-0.573463,-0.720728,-0.727932,0.800354,1.1451
-0.343018,-0.892067,-0.895906,0.807659,1.031301
-0.343018,-1.063406,-0.981477,0.820922,0.966684
-0.573463,-1.020585,-0.984646,0.857182,0.930711
0.348318,-1.063406,-1.057541,0.914561,0.896003
0.348318,-1.106245,-1.143112,0.973809,0.869033
0.809207,-0.806407,-0.880059,1.054953,0.823928
1.270097,-1.149084,-1.130435,1.177298,0.784933
1.270097,-0.892067,-0.788149,1.355927,0.758745
1.270097,-0.763567,-0.788149,1.439568,0.740477
1.270097,-0.677889,-0.617006,1.506071,0.64852
1.270097,-0.463729,-0.445864,1.577148,0.539362
1.270097,-0.50655,-0.445864,1.659128,0.539362
1.500542,-0.163872,-0.18598,1.719759,0.539362
1.500542,-0.292372,-0.271551,1.779869,0.547471
1.500542,-0.206711,-0.18598,1.817226,0.568536
1.500542,0.050306,0.156306,1.8325,0.592712
1.270097,-0.163872,-0.189149,1.833,0.621377
1.500542,-0.249551,-0.18598,1.833,0.669983
1.500542,-0.249551,-0.271551,1.830375,0.728646
1.270097,-0.292372,-0.360292,1.818171,0.811275
1.270097,-0.420889,-0.445864,1.800927,0.896937
1.270097,-0.078212,-0.018007,1.792135,0.998706
1.270097,0.007467,0.153136,1.788375,1.096625
1.270097,0.135967,0.153136,1.787196,1.18834
1.039652,0.350145,0.32111,1.78494,1.280593
1.039652,0.435823,0.492253,1.78375,1.370585
0.809207,0.435823,0.489083,1.779752,1.462654
0.809207,0.82134,0.745797,1.778254,1.559192
0.809207,0.82134,0.91694,1.7709,1.660438
0.809207,0.94984,0.91694,1.749177,1.755791
0.578762,1.164018,1.084914,1.719349,1.840021
0.348318,1.421018,1.338459,1.679316,1.917082
0.348318,1.378196,1.42403,1.6205,1.9907
0.348318,1.249679,1.42403,1.541567,2.072409
0.348318,1.07834,1.081744,1.463129,2.130024
-0.112573,1.335357,1.417691,1.358727,2.184001
-0.112573,1.164018,1.075406,1.279583,2.215053
-0.112573,1.249679,1.160977,1.184439,2.247415
-0.343018,1.335357,1.243379,1.090089,2.270579
0.117872,1.763714,1.677575,1.008258,2.27076
-0.112573,1.506696,1.503263,0.943223,2.27076
-0.573463,1.506696,1.496924,0.873737,2.268601
-0.343018,1.421018,1.500093,0.8185,2.252074
-0.573463,1.421018,1.325781,0.788233,2.229714
-0.112573,1.506696,1.417691,0.777,2.201078
-0.573463,1.592375,1.582495,0.776408,2.169478
-0.343018,1.506696,1.585665,0.7735,2.124288
-0.573463,1.249679,1.325781,0.770808,2.088625
-0.343018,1.335357,1.243379,0.770617,2.035058
-0.803908,1.421018,1.322612,0.769992,1.962121
-0.343018,1.292518,1.328951,0.758962,1.880786
-0.343018,0.94984,0.986665,0.745685,1.79989
0.117872,0.564323,0.650718,0.734278,1.706007
0.578762,0.82134,0.657057,0.726947,1.610146
0.117872,0.392984,0.479575,0.725,1.551268
0.117872,0.564323,0.479575,0.725,1.507746
-0.112573,0.264484,0.219692,0.725029,1.411082
0.117872,0.221645,0.13729,0.726515,1.30575
0.348318,0.135967,0.054888,0.743752,1.210806
0.117872,0.135967,0.13729,0.76629,1.124491
0.348318,-0.249551,-0.287398,0.800183,1.055596
0.348318,-0.206711,-0.201827,0.843884,0.95869
0.348318,-0.463729,-0.372969,0.915548,0.758309
0.809207,-0.934906,-0.880059,0.991294,0.696593
1.039652,-0.892067,-0.791318,1.089517,0.632794
0.809207,-1.106245,-1.051202,1.165104,0.589214
1.039652,-1.063406,-1.048033,1.244108,0.546547
0.578762,-1.277584,-1.311085,1.313233,0.523844
0.809207,-1.234745,-1.136773,1.378078,0.523
0.348318,-1.491762,-1.485397,1.415769,0.523
0.348318,-1.620262,-1.65654,1.441345,0.526182
0.117872,-1.920119,-1.916424,1.445295,0.557617
0.117872,-1.83444,-1.916424,1.445295,0.598234
0.348318,-2.219957,-2.25554,1.445295,0.647176
0.348318,-2.219957,-2.169969,1.443194,0.730923
-1.264798,-1.74878,-1.678725,1.433236,0.833314
-0.803908,-1.663101,-1.415673,1.420038,0.928613
-1.264798,-1.663101,-1.678725,1.403895,1.02241
-1.725688,-1.406102,-1.42835,1.38995,1.124035
-1.495243,-1.234745,-1.254038,1.375306,1.231022
-1.264798,-1.320423,-1.33644,1.357855,1.336775
-1.495243,-0.806407,-0.997324,1.342485,1.432384
-1.956133,-0.50655,-0.575805,1.328233,1.514213
-1.725688,-0.463729,-0.487065,1.327331,1.59491
-1.956133,-0.249551,-0.147948,1.327331,1.67518
-1.956133,0.135967,0.108766,1.328206,1.75606
-1.725688,0.264484,0.197507,1.348254,1.832196
-1.725688,0.392984,0.625364,1.384949,1.916768
-1.725688,0.221645,0.197507,1.430667,1.982
-1.495243,0.178806,0.200676,1.480913,2.024522
-1.034353,0.94984,0.891586,1.546809,2.067214
-1.264798,0.607162,0.631702,1.604326,2.093812
-0.803908,0.82134,0.894755,1.67333,2.106455
-1.034353,0.82134,0.806014,1.738067,2.106455
-0.573463,1.249679,1.24021,1.80823,2.106455
-0.573463,1.07834,1.069067,1.883641,2.095491
-0.573463,0.992679,0.983496,1.955025,2.073533
-0.573463,0.992679,1.154638,1.995793,2.050962
-0.343018,1.335357,1.328951,2.031673,2.001042
-0.573463,1.463857,1.411353,2.066341,1.942976
-0.112573,1.463857,1.417691,2.109824,1.864937
0.117872,1.378196,1.420861,2.157585,1.771257
0.117872,1.506696,1.420861,2.189492,1.684412
0.348318,1.249679,1.252887,2.210543,1.602849
0.348318,1.164018,1.167316,2.231852,1.500864
0.578762,1.164018,1.170485,2.26863,1.395141
0.809207,1.07834,1.173654,2.297847,1.304572
0.578762,1.164018,1.084914,2.301911,1.201756
0.578762,1.07834,1.084914,2.301911,1.118243
0.117872,0.94984,0.993004,2.301911,1.030849
0.809207,0.907001,1.002512,2.288266,0.959621
0.578762,0.94984,0.999342,2.258966,0.90341
0.348318,0.82134,0.82503,2.217534,0.862986
0.578762,0.778501,0.828199,2.166537,0.8316
0.348318,0.435823,0.482745,2.095886,0.791095
0.578762,0.564323,0.485914,2.022987,0.758462
0.578762,0.350145,0.314771,1.919289,0.72975
0.348318,0.264484,0.311602,1.832358,0.716871
-0.112573,0.135967,0.13412,1.784939,0.710851
0.117872,0.135967,0.13729,1.713676,0.710697
-1.034353,-0.078212,-0.135271,1.624169,0.710697
-0.803908,-0.463729,-0.388816,1.535667,0.712882
-0.803908,-0.292372,-0.303245,1.433744,0.73276
-0.803908,-0.549389,-0.559959,1.350375,0.755375
-1.034353,-0.635068,-0.648699,1.26996,0.788723
-1.034353,-0.677889,-0.648699,1.158671,0.836538
-1.264798,-0.720728,-0.73744,1.061542,0.89023
-1.264798,-0.849246,-0.908583,1.002373,0.956438
-1.264798,-0.934906,-0.908583,0.9437,1.048
-0.803908,-0.977746,-1.073387,0.889124,1.123845
-0.803908,-1.149084,-1.24453,0.847684,1.199905
-0.803908,-1.74878,-1.84353,0.832,1.262657
-0.803908,-1.74878,-1.757958,0.832,1.301369
-0.803908,-2.134297,-2.185815,0.832,1.3095
-0.803908,-2.048618,-2.014672,0.835976,1.3095
-0.573463,-2.048618,-2.268217,0.86673,1.3095
-0.573463,-2.262797,-2.182646,0.915105,1.305694
-0.112573,-1.83444,-2.005164,0.979557,1.292152
0.348318,-1.962958,-1.913254,1.062835,1.279143
0.117872,-1.791619,-1.830852,1.147887,1.272737
1.039652,-1.663101,-1.647032,1.242063,1.27077
0.809207,-1.448923,-1.222345,1.35615,1.27077
1.270097,-1.106245,-1.130435,1.475438,1.27077
1.270097,-1.020585,-0.959292,1.555848,1.272515
1.270097,-0.934906,-0.959292,1.677815,1.274211
1.270097,-0.720728,-0.702578,1.795496,1.288085
1.270097,-0.763567,-0.788149,1.90852,1.304669
1.730988,-0.420889,-0.353953,2.002045,1.326578
1.500542,-0.249551,-0.271551,2.092736,1.363723
1.500542,-0.249551,-0.100409,2.174251,1.406354
1.270097,0.050306,-0.018007,2.2466,1.466291
1.500542,-0.206711,-0.18598,2.290133,1.52428
1.270097,-0.035372,-0.018007,2.319589,1.624064
1.270097,0.178806,0.153136,2.319931,1.713964
1.270097,0.178806,0.153136,2.319931,1.806793
1.270097,0.478644,0.495422,2.31242,1.905075
1.039652,0.392984,0.406681,2.261233,2.002449
0.809207,0.307305,0.31794,2.192067,2.091146
1.270097,0.692823,0.666565,2.121243,2.156222
1.270097,0.650002,0.666565,2.031543,2.212827
0.578762,0.735662,0.742628,1.94575,2.250875
0.809207,0.692823,0.660226,1.846,2.2831
0.809207,0.607162,0.660226,1.770854,2.312572
0.578762,0.521484,0.571485,1.668861,2.33009
0.117872,0.82134,0.821861,1.572357,2.337813
0.348318,0.94984,1.081744,1.465092,2.3395
-0.112573,0.992679,0.989834,1.364402,2.3395
-0.112573,0.82134,0.904263,1.272366,2.3395
-0.343018,0.907001,0.986665,1.160103,2.329825
-0.573463,0.907001,0.812353,1.04174,2.303331
-0.803908,0.94984,1.065898,0.93853,2.272929
-0.343018,0.992679,0.901094,0.854259,2.23131
-0.803908,0.907001,0.809184,0.789576,2.179989
-1.264798,0.521484,0.460559,0.746018,2.126261
-1.264798,0.435823,0.374988,0.714149,2.05992
-1.264798,0.392984,0.374988,0.69548,1.993792
-1.956133,0.135967,0.194337,0.68307,1.913836
-1.725688,-0.121033,-0.059208,0.682313,1.845439
-1.264798,-0.249551,-0.224012,0.682313,1.767079
-1.725688,-0.420889,-0.487065,0.682688,1.696812
-1.495243,-0.592228,-0.569467,0.694723,1.630584
-1.264798,-0.635068,-0.651869,0.735792,1.570141
-1.495243,-0.635068,-0.740609,0.764903,1.511385
-1.495243,-1.063406,-1.168466,0.807226,1.439182
-1.725688,-1.277584,-1.342778,0.858461,1.360733
-1.725688,-1.277584,-1.342778,0.920914,1.286127
-1.264798,-1.491762,-1.593154,0.983648,1.216322
-1.495243,-1.620262,-1.596323,1.058187,1.126075
-1.034353,-1.620262,-1.589985,1.126438,1.02088
-0.573463,-1.83444,-1.84036,1.194276,0.940974
-0.343018,-1.920119,-2.093905,1.26556,0.866455
0.117872,-2.348475,-2.258709,1.332813,0.808086
0.348318,-2.348475,-2.25554,1.413262,0.754312
-0.112573,-1.83444,-1.919593,1.49832,0.708075
-0.343018,-2.005779,-1.922762,1.60225,0.6625
-0.343018,-1.83444,-1.837191,1.696596,0.632025
-0.803908,-1.577441,-1.586815,1.783154,0.626667
-1.264798,-1.491762,-1.422011,1.844339,0.626667
-0.573463,-1.406102,-1.412503,1.923659,0.626667
-0.573463,-1.234745,-1.241361,1.984403,0.643266
-0.573463,-0.892067,-0.899075,2.049236,0.69319
-0.573463,-0.806407,-0.899075,2.105291,0.763946
-0.343018,-0.635068,-0.55362,2.160712,0.857631
-0.573463,-0.206711,-0.300075,2.204269,0.94438
-0.573463,-0.37805,-0.385647,2.241391,1.041317
-0.112573,0.093127,-0.293737,2.265342,1.131075
-0.573463,-0.035372,-0.043361,2.289429,1.218419
-0.112573,0.050306,0.048549,2.330563,1.310225
-0.573463,0.607162,0.555639,2.340478,1.39935
-0.573463,0.478644,0.470067,2.341326,1.482542
-0.573463,0.521484,0.555639,2.341326,1.566951
-0.112573,0.692823,0.904263,2.341282,1.656883
-0.343018,0.735662,0.729951,2.340038,1.730705
-0.573463,0.478644,0.470067,2.327367,1.808863
-0.573463,0.521484,0.470067,2.279539,1.896489
-0.573463,0.392984,0.384496,2.2159,1.97769
-0.343018,0.307305,0.302094,2.167031,2.060827
-0.803908,0.221645,0.295755,2.106285,2.12979
-0.343018,0.135967,0.04538,2.061421,2.165197
-0.343018,-0.463729,-0.468049,2.0194,2.1802
0.117872,-0.677889,-0.718424,1.98325,2.182
-0.112573,-0.635068,-0.721594,1.957156,2.182
0.117872,-0.806407,-1.06071,1.938139,2.178625
-0.112573,-0.849246,-0.892736,1.927117,2.126976
0.348318,-1.063406,-1.057541,1.907092,2.04989
0.578762,-1.106245,-1.139943,1.880837,1.962901
1.039652,-1.106245,-1.133604,1.853825,1.874572
1.270097,-1.363263,-1.301577,1.835719,1.804719
1.270097,-1.363263,-1.387149,1.811324,1.706822
1.500542,-1.234745,-1.212837,1.784735,1.592144
1.270097,-0.934906,-0.87372,1.756577,1.494664
1.500542,-1.106245,-1.127265,1.726314,1.389721
1.500542,-0.720728,-0.699408,1.698131,1.297352
1.270097,-0.592228,-0.617006,1.671504,1.209573
1.500542,-0.50655,-0.442694,1.642156,1.126184
1.500542,-0.335211,-0.357123,1.607387,1.058233
1.730988,-0.37805,-0.353953,1.573349,1.009611
1.730988,0.178806,0.159475,1.551239,0.9895
1.500542,0.050306,0.070734,1.536895,0.9895
1.270097,0.093127,0.067565,1.535206,0.9895
1.270097,0.007467,0.067565,1.535206,0.998272
1.039652,0.135967,0.149967,1.535306,1.053592
1.039652,0.435823,0.492253,1.536566,1.118375
1.039652,0.607162,0.577824,1.537435,1.189184
1.270097,0.864162,0.837707,1.539946,1.223955
1.039652,0.864162,0.920109,1.5432,1.306287
0.809207,1.206858,0.91694,1.552224,1.409508
0.809207,0.94984,1.002512,1.554198,1.511133
0.578762,1.335357,1.256056,1.554198,1.61897
0.578762,1.121179,1.170485,1.554198,1.723845
0.117872,1.421018,1.506432,1.550114,1.831489
0.117872,1.592375,1.592003,1.542123,1.983545
0.348318,1.506696,1.595173,1.518013,2.092874
0.578762,1.463857,1.427199,1.479245,2.183058
0.578762,1.421018,1.512771,1.430575,2.257741
0.578762,1.463857,1.427199,1.3735,2.317875
0.578762,1.292518,1.341628,1.306692,2.358608
0.348318,1.292518,1.338459,1.239309,2.37471
0.809207,1.164018,1.173654,1.174663,2.37471
0.809207,0.94984,1.002512,1.106664,2.37471
0.348318,0.864162,0.910602,1.022364,2.362758
0.117872,0.778501,0.821861,0.950394,2.322336
1.270097,0.778501,0.752136,0.879441,2.266045
1.270097,0.135967,0.324279,0.823879,2.219269
-0.112573,-0.035372,-0.037022,0.775966,2.151798
-0.112573,-0.121033,-0.122594,0.731045,2.075078
-0.573463,-0.121033,-0.214504,0.685202,1.986404
-0.803908,-0.292372,-0.217673,0.647429,1.890204
-0.343018,-0.37805,-0.382477,0.618803,1.789315
-0.573463,-0.549389,-0.556789,0.601116,1.690591
-1.034353,-0.763567,-0.734271,0.591625,1.594589
-0.803908,-0.806407,-0.731101,0.59125,1.491313
-1.264798,-0.934906,-0.908583,0.59125,1.381777
-1.264798,-1.063406,-1.079726,0.591435,1.286465
-1.034353,-1.406102,-1.589985,0.603887,1.173827
-0.573463,-1.363263,-1.498075,0.626821,1.071951
-1.034353,-1.191924,-1.162128,0.649175,0.9986
-1.034353,-1.277584,-1.333271,0.669676,0.95037
-1.034353,-1.277584,-1.247699,0.689071,0.938
-1.495243,-0.763567,-0.740609,0.72019,0.938
-0.803908,-0.763567,-0.987816,0.758284,0.938
-0.343018,-0.892067,-0.895906,0.806,0.94425
-0.343018,-0.892067,-0.895906,0.879762,0.979561
-0.573463,-0.592228,-0.556789,0.960599,1.016925
-0.803908,-0.292372,-0.217673,1.021391,1.044482
-0.343018,-0.37805,-0.468049,1.118767,1.08659
-0.343018,-0.035372,-0.125763,1.20872,1.124293
-0.803908,0.435823,0.381327,1.314013,1.159344
-1.264798,0.350145,0.460559,1.432165,1.195254
-1.034353,0.521484,0.891586,1.553883,1.250033
-0.573463,0.650002,0.64121,1.649672,1.318262
-0.573463,0.735662,0.812353,1.737389,1.38505
-0.343018,0.82134,0.729951,1.803956,1.426128
-1.034353,1.335357,1.405014,1.877178,1.458126
-0.343018,1.335357,1.243379,1.933665,1.495316
-0.343018,1.592375,1.243379,1.980913,1.532715
-0.112573,1.592375,1.503263,2.014397,1.582942
-0.112573,1.421018,1.417691,2.034704,1.620606
0.117872,1.249679,1.335289,2.048752,1.644144
0.117872,1.206858,1.249718,2.073302,1.684256
0.348318,1.121179,1.167316,2.090391,1.732331
0.117872,1.421018,1.335289,2.11132,1.765
0.348318,1.335357,1.338459,2.11426,1.765
0.117872,1.07834,1.335289,2.11426,1.765
0.809207,0.907001,0.91694,2.114008,1.761896
0.809207,0.94984,0.91694,2.103499,1.736432
1.270097,0.94984,0.923279,2.074013,1.697803
1.039652,0.82134,0.834538,2.031527,1.644793
0.809207,0.692823,0.745797,1.987292,1.582454
1.270097,0.735662,0.666565,1.946815,1.51962
1.270097,0.264484,0.40985,1.911482,1.46206
1.039652,0.435823,0.406681,1.867832,1.389972
1.039652,0.007467,-0.021176,1.824938,1.30738
1.270097,0.135967,0.153136,1.791361,1.231765
1.500542,0.050306,0.156306,1.747375,1.152375
1.500542,0.135967,0.070734,1.695252,1.074554
1.500542,0.050306,0.070734,1.640488,0.99902
1.500542,0.007467,0.070734,1.581257,0.92737
1.500542,0.007467,0.070734,1.515564,0.862772
1.270097,0.178806,0.238708,1.458903,0.813046
1.039652,0.350145,0.32111,1.396583,0.764667
1.039652,0.350145,0.406681,1.3353,0.7329
1.270097,0.264484,0.238708,1.286953,0.728
1.270097,-0.121033,-0.103578,1.247478,0.728
0.809207,-0.206711,-0.195488,1.196968,0.728
1.039652,-0.249551,-0.192319,1.147315,0.735159
0.809207,-0.121033,-0.109917,1.096609,0.766817
0.578762,0.178806,0.2292,1.035019,0.845977
0.348318,0.392984,0.653887,0.995931,0.932515
0.348318,0.564323,0.482745,0.950031,1.013961
0.117872,0.692823,0.650718,0.904585,1.096787
-0.112573,0.94984,0.904263,0.864879,1.189913
-0.343018,1.07834,1.072236,0.829908,1.289782
-0.343018,0.992679,0.986665,0.806862,1.372433
-0.573463,1.164018,1.325781,0.79104,1.456996
-0.343018,1.335357,1.328951,0.778785,1.517232
-0.112573,1.121179,1.160977,0.774427,1.613464
-0.573463,1.335357,1.325781,0.774427,1.704697
-0.343018,1.421018,1.414522,0.774427,1.790874
-0.803908,1.249679,1.322612,0.777061,1.877082
-1.034353,1.292518,1.233871,0.789152,1.944523
-0.573463,1.07834,1.24021,0.804933,2.001384
-1.495243,1.035519,0.970818,0.82375,2.02
-1.264798,0.992679,0.973988,0.835915,2.02
-1.495243,0.735662,0.714104,0.838258,2.02
-1.495243,0.692823,0.628533,0.839604,2.0082
-1.495243,0.392984,0.45739,0.842179,1.961064
-1.725688,0.350145,0.368649,0.8455,1.9105
-1.264798,0.307305,0.289417,0.860247,1.842879
-1.264798,-0.121033,-0.052869,0.879851,1.774508
-1.495243,-0.163872,-0.14161,0.899425,1.700611
-1.725688,-0.37805,-0.315922,0.922874,1.626135
-1.264798,-0.892067,-0.908583,0.948134,1.55238
-1.264798,-0.892067,-0.908583,0.975973,1.509551
-1.725688,-1.063406,-1.086064,1.001545,1.472796
-1.725688,-1.234745,-1.342778,1.0216,1.438834
-1.034353,-1.70594,-1.675556,1.042351,1.366104
-0.803908,-1.74878,-2.014672,1.067833,1.259375
-0.803908,-2.005779,-1.929101,1.093721,1.16952
-0.573463,-1.877279,-1.925932,1.131425,1.060653
-0.803908,-1.663101,-1.672387,1.166917,0.977667
0.117872,-1.83444,-1.830852,1.216535,0.836661
0.578762,-1.448923,-1.5678,1.268061,0.640944
0.578762,-1.620262,-1.5678,1.319323,0.593132
0.348318,-1.406102,-1.485397,1.388067,0.559371
0.348318,-1.448923,-1.399826,1.468576,0.534444
0.117872,-1.406102,-1.317424,1.545436,0.527
-0.112573,-1.063406,-1.063879,1.65632,0.527
-0.112573,-1.149084,-1.063879,1.772778,0.527125
-0.343018,-0.977746,-0.810334,1.864409,0.542776
-0.112573,-0.892067,-0.978308,1.94333,0.576152
-0.112573,-0.592228,-0.636022,2.019263,0.615372
-0.112573,-0.335211,-0.293737,2.09726,0.686909
-0.343018,0.093127,0.04538,2.269739,0.767651
-0.343018,0.135967,0.04538,2.447953,0.868407
-0.573463,0.135967,0.127782,2.498875,0.991
-0.573463,0.478644,0.384496,2.529534,1.103749
-0.573463,0.735662,0.64121,2.558707,1.214448
-0.573463,0.650002,0.555639,2.561283,1.32514
-0.112573,0.82134,0.904263,2.561283,1.422096
-0.112573,1.07834,1.075406,2.54007,1.503775
-0.112573,1.164018,1.075406,2.395235,1.597818
0.117872,1.635196,1.592003,2.340646,1.689918
0.117872,1.592375,1.592003,2.330247,1.780556
0.117872,1.506696,1.506432,2.307063,1.853279
0.117872,1.463857,1.420861,2.226564,1.909325
-0.112573,1.463857,1.588834,2.195322,1.965497
0.117872,1.506696,1.506432,2.139215,2.028898
0.117872,1.335357,1.335289,2.064875,2.08975
0.578762,1.463857,1.427199,1.98657,2.115916
0.578762,1.335357,1.256056,1.914253,2.119707
0.578762,1.164018,1.170485,1.843849,2.119707
0.117872,1.249679,1.249718,1.793672,2.119707
1.039652,1.07834,1.005681,1.759911,2.108922
0.809207,0.992679,1.002512,1.735613,2.078535
0.809207,0.735662,0.660226,1.717656,2.015774
1.039652,0.692823,0.748967,1.700114,1.91646
1.039652,0.435823,0.492253,1.684073,1.829233
0.809207,0.521484,0.489083,1.665084,1.722332
1.270097,0.478644,0.40985,1.641943,1.598492
1.270097,0.221645,0.238708,1.613252,1.482023
1.270097,0.221645,0.238708,1.57525,1.35625
1.500542,0.093127,0.070734,1.5208,1.241965
1.500542,-0.035372,0.070734,1.466269,1.16453
1.500542,-0.249551,-0.18598,1.404683,1.061683
1.270097,-0.292372,-0.274721,1.338633,0.981071
1.500542,-0.463729,-0.357123,1.261611,0.911666
1.039652,-0.292372,-0.27789,1.19113,0.867226
1.039652,-0.249551,-0.27789,1.114178,0.8515
1.039652,0.007467,-0.021176,1.053702,0.851
0.809207,0.307305,0.232369,1.022418,0.851
0.809207,-0.206711,-0.195488,0.976418,0.854313
0.578762,-0.035372,-0.027514,0.936492,0.881451
0.578762,-0.078212,-0.113086,0.89036,0.930886
0.348318,-0.121033,-0.116255,0.853256,0.992251
0.348318,-0.035372,-0.030684,0.8202,1.0783
0.117872,0.221645,0.222861,0.791875,1.174125
-0.112573,0.564323,0.476406,0.7578,1.2703
-0.343018,0.82134,0.815522,0.733279,1.36243
-0.343018,0.735662,0.986665,0.716954,1.460908
-0.573463,0.778501,0.555639,0.712,1.569008
-0.803908,0.907001,0.894755,0.712,1.659634
-0.573463,0.435823,0.470067,0.712,1.747206
-0.803908,0.478644,0.552469,0.717871,1.813425
-0.803908,0.521484,0.552469,0.737781,1.868654
-1.264798,0.650002,0.717274,0.765101,1.912763
-1.264798,0.82134,0.802845,0.794846,1.948198
-1.264798,0.607162,0.546131,0.836645,1.9635
-1.495243,0.564323,0.542961,0.88724,1.9635
-1.264798,0.521484,0.546131,0.930375,1.9635
-1.034353,0.307305,0.292586,0.966043,1.959968
-1.264798,0.221645,0.203845,0.991835,1.935043
-1.495243,0.135967,0.029533,1.01183,1.89543
-1.725688,-0.249551,-0.23035,1.03309,1.845183
-1.725688,-0.37805,-0.401493,1.058442,1.787319
-1.725688,-0.463729,-0.487065,1.083452,1.710074
-1.495243,-0.806407,-0.826181,1.11125,1.6225
-1.495243,-0.977746,-0.997324,1.139466,1.532955
-1.725688,-0.977746,-1.086064,1.176211,1.432899
-0.573463,-1.491762,-1.498075,1.220252,1.324526
-0.803908,-1.83444,-1.757958,1.265972,1.220945
-1.034353,-1.663101,-1.761128,1.320825,1.11713
-0.803908,-1.74878,-1.757958,1.379233,1.021428
-0.803908,-1.83444,-1.929101,1.446821,0.93528
-0.573463,-1.74878,-1.754789,1.51966,0.863719
-0.803908,-1.663101,-1.586815,1.608562,0.801353
-0.573463,-1.491762,-1.583646,1.694257,0.756869
-0.573463,-1.491762,-1.498075,1.774454,0.745145
-0.343018,-1.491762,-1.409334,1.865251,0.745145
-0.343018,-1.149084,-1.067048,1.940625,0.745145
-0.112573,-1.320423,-1.235022,2.004026,0.749726
-0.112573,-1.063406,-1.063879,2.059,0.787625
0.117872,-1.149084,-1.06071,2.095139,0.845732
0.117872,-0.635068,-0.632853,2.134758,0.932912
0.117872,-0.720728,-0.632853,2.166249,1.027461
0.348318,-0.420889,-0.544112,2.176064,1.146556
-0.112573,-0.121033,-0.208165,2.177462,1.272613
-0.112573,0.050306,-0.037022,2.178,1.38998
-0.112573,-0.035372,0.048549,2.177969,1.509024
-0.343018,0.221645,0.302094,2.174678,1.630899
-0.112573,0.392984,0.476406,2.17049,1.71515
-0.343018,0.564323,0.815522,2.153865,1.813699
-0.343018,0.992679,0.986665,2.135951,1.892909
-0.573463,0.735662,1.24021,2.133978,1.939253
-0.343018,1.07834,1.157808,2.132419,1.965625
-0.112573,1.07834,1.075406,2.130136,1.993765
-0.112573,1.249679,1.160977,2.123209,1.995565
-0.112573,1.249679,1.246548,2.091978,1.995565
0.117872,0.992679,0.907432,2.046757,1.993535
0.117872,0.907001,0.993004,1.991914,1.969045
0.348318,1.121179,1.167316,1.912053,1.945315
0.348318,1.121179,1.167316,1.834039,1.929015
0.117872,1.164018,1.164146,1.74343,1.870375
0.348318,1.121179,1.167316,1.673921,1.813403
0.578762,1.07834,1.084914,1.595537,1.759533
0.578762,1.035519,1.084914,1.528913,1.688165
0.809207,0.907001,0.91694,1.475915,1.610055
1.270097,0.778501,0.752136,1.423625,1.523589
1.270097,0.907001,0.923279,1.398926,1.459093
1.270097,0.864162,0.837707,1.365746,1.357725
1.039652,0.82134,0.920109,1.331244,1.253279
1.039652,0.607162,0.577824,1.292675,1.160325
1.039652,0.307305,0.32111,1.2487,1.0722
1.270097,0.392984,0.40985,1.203701,1.004136
1.270097,0.307305,0.324279,1.172178,0.96327
1.500542,0.007467,0.070734,1.148224,0.9535
1.270097,-0.249551,-0.189149,1.121279,0.9535
1.500542,-0.163872,-0.18598,1.092822,0.9535
1.500542,-0.37805,-0.357123,1.060025,0.966679
1.500542,-0.420889,-0.442694,1.021457,1.015565
1.500542,-0.849246,-0.78498,0.99012,1.077926
1.270097,-0.977746,-0.959292,0.950991,1.148698
1.039652,-1.149084,-1.133604,0.903125,1.228504
1.270097,-1.406102,-1.387149,0.861433,1.295167
1.039652,-1.320423,-1.390318,0.810555,1.383944
0.578762,-1.491762,-1.482228,0.771509,1.470313
1.039652,-1.74878,-1.818175,0.7465,1.55625
-0.112573,-1.663101,-1.577307,0.7455,1.618746
-0.343018,-1.74878,-1.666048,0.7455,1.686036
-0.343018,-1.70594,-1.75162,0.746533,1.746334
-1.034353,-1.577441,-1.504413,0.768723,1.80741
-1.495243,-1.363263,-1.254038,0.802671,1.861804
-1.034353,-1.149084,-1.162128,0.860631,1.924537
-0.803908,-1.149084,-1.24453,1.042277,1.990739
-0.343018,-1.234745,-1.238191,1.193516,2.037534
-0.343018,-1.234745,-1.238191,1.274701,2.080254
-0.573463,-0.977746,-0.984646,1.340151,2.119818
-0.112573,-0.635068,-0.636022,1.4058,2.139625
0.348318,-0.635068,-0.544112,1.480512,2.1425
0.117872,-0.720728,-0.632853,1.524643,2.1425
0.117872,-0.37805,-0.376139,1.557623,2.1425
0.578762,-0.206711,-0.198657,1.588738,2.128123
0.578762,-0.206711,-0.198657,1.61736,2.091383
0.578762,0.135967,0.143628,1.707391,2.04031
0.578762,0.221645,0.143628,1.796621,2.010143
0.348318,0.564323,0.568316,1.8711,1.9844
0.578762,0.778501,0.657057,1.936695,1.941705
0.117872,1.07834,1.078575,1.998835,1.881964
0.117872,0.992679,0.993004,2.045752,1.819941
0.578762,1.292518,1.341628,2.05125,1.775301
0.348318,1.249679,1.252887,2.05125,1.752422
0.348318,1.506696,1.42403,2.05125,1.731239
0.117872,1.678035,1.592003,2.040562,1.712997
0.117872,1.463857,1.420861,2.026375,1.702
-0.112573,1.506696,1.674405,1.986295,1.687703
0.117872,1.678035,1.592003,1.931781,1.682386
-0.112573,1.421018,1.417691,1.852668,1.681301
-0.343018,1.249679,1.243379,1.764834,1.678554
-0.573463,1.249679,1.24021,1.663675,1.676679
-0.343018,0.907001,0.901094,1.566977,1.673875
-0.343018,0.992679,0.986665,1.469546,1.659054
-0.343018,1.07834,1.072236,1.374007,1.63671
-0.343018,0.992679,0.815522,1.278918,1.615134
-1.725688,1.035519,0.967649,1.194985,1.613508
-1.725688,0.435823,0.454221,1.132399,1.611008
-1.725688,0.435823,0.454221,1.052816,1.590933
-1.264798,0.307305,0.289417,0.991529,1.566137
-1.264798,0.007467,0.118274,0.924423,1.541023
-1.264798,-0.035372,0.118274,0.865284,1.533269
-2.186578,-0.292372,-0.578975,0.829553,1.463505
-1.725688,-0.806407,-0.82935,0.821,1.37291
-1.264798,-0.763567,-0.73744,0.821,1.30326
-1.725688,-1.234745,-1.257207,0.821,1.137633
-1.264798,-1.620262,-1.593154,0.848935,0.843592
-1.725688,-1.70594,-1.685064,0.905609,0.767098
-1.264798,-1.74878,-1.764297,0.987484,0.692052
-0.573463,-2.177136,-2.182646,1.073757,0.648997
-0.343018,-2.091458,-2.179477,1.170873,0.619974
-0.573463,-1.962958,-2.011503,1.253738,0.602325
0.117872,-2.219957,-2.173138,1.347688,0.591495
-0.112573,-2.091458,-2.005164,1.4547,0.5882
-0.343018,-1.920119,-1.922762,1.560009,0.588
-0.343018,-2.005779,-1.922762,1.663412,0.588
-1.034353,-1.534602,-1.589985,1.755733,0.588625
-1.495243,-1.020585,-1.082895,1.859831,0.60425
-1.034353,-1.020585,-1.162128,1.947072,0.630098
-1.034353,-1.106245,-0.990985,2.029258,0.672518
-0.803908,-0.592228,-0.731101,2.101825,0.725675
-1.034353,-0.463729,-0.477557,2.1584,0.8162
-1.264798,-0.549389,-0.566297,2.195392,0.910826
-1.725688,-0.206711,-0.23035,2.223987,1.01953
-1.264798,-0.292372,-0.224012,2.250216,1.120309
-1.495243,0.221645,0.200676,2.270219,1.212681
-1.034353,0.350145,0.378157,2.275162,1.322544
-1.264798,0.735662,0.717274,2.283111,1.428961
-1.034353,0.650002,0.634871,2.288223,1.525922
-1.495243,0.778501,1.05639,2.293754,1.623989
-0.573463,1.07834,1.069067,2.294129,1.710903
-0.343018,1.292518,1.157808,2.294129,1.782417
-0.343018,1.121179,1.072236,2.294078,1.872928
-0.343018,1.506696,1.500093,2.2925,1.946806
0.117872,1.335357,1.335289,2.268375,2.00525
-0.112573,1.678035,1.674405,2.233912,2.069424
-0.112573,1.678035,1.674405,2.179847,2.135242
0.117872,1.678035,1.677575,2.141027,2.166707
0.348318,1.635196,1.680744,2.108198,2.187117
0.348318,1.335357,1.42403,2.082,2.188367
0.117872,1.506696,1.420861,2.060502,2.188367
0.578762,1.335357,1.256056,2.053702,2.181262
0.578762,1.292518,1.256056,2.050684,2.145389
0.578762,1.164018,1.170485,2.049311,2.090986
0.809207,1.07834,1.088083,2.047945,1.995394
1.039652,0.907001,0.920109,2.042883,1.908437
1.039652,0.778501,0.748967,2.021815,1.791015
1.039652,0.94984,0.920109,2.016558,1.696973
1.270097,0.607162,0.580993,2.009649,1.588741
1.270097,0.478644,0.580993,1.99867,1.492498
1.270097,0.435823,0.495422,1.980499,1.389934
1.270097,0.692823,0.752136,1.954462,1.30327
1.500542,0.650002,0.669734,1.923093,1.224338
1.730988,0.607162,0.587332,1.885152,1.150198
1.270097,0.650002,0.666565,1.833918,1.058211
1.270097,0.478644,0.40985,1.781746,0.991785
1.270097,0.564323,0.580993,1.695043,0.910327
1.039652,0.307305,0.406681,1.613691,0.850997
0.809207,0.392984,0.403512,1.534855,0.8061
0.809207,0.392984,0.31794,1.449417,0.766687
0.809207,0.392984,0.403512,1.36462,0.754
0.578762,0.521484,0.485914,1.266692,0.754
0.578762,0.521484,0.485914,1.161607,0.754
0.578762,1.035519,0.999342,1.073754,0.756754
0.578762,0.607162,0.657057,1.006514,0.782041
-0.343018,1.07834,0.644379,0.947418,0.818966
-0.343018,1.035519,1.072236,0.890667,0.866322
-0.803908,1.035519,1.065898,0.843778,0.927153
-0.803908,0.907001,0.980326,0.801922,1.003531
-1.034353,1.206858,1.1483,0.775915,1.08289
-0.573463,0.82134,0.812353,0.753335,1.176947
-0.573463,0.907001,0.726782,0.730049,1.282485
-1.034353,0.992679,0.5493,0.709379,1.381593
-1.264798,0.607162,0.631702,0.691172,1.480947
-1.034353,0.607162,0.634871,0.688,1.588799
-1.034353,0.478644,0.5493,0.688,1.677954
-1.034353,0.435823,0.463729,0.688167,1.755167
-1.264798,-0.035372,-0.052869,0.688833,1.811846
-1.495243,-0.121033,-0.14161,0.690632,1.823872
-1.956133,-0.035372,-0.062377,0.696426,1.823872
-1.495243,-0.463729,-0.483895,0.702642,1.823872
-1.495243,-0.592228,-1.168466,0.696646,1.818262
-1.725688,-0.635068,-0.82935,0.697185,1.784371
-1.264798,-0.977746,-0.994154,0.707422,1.747673
-1.725688,-1.063406,-1.000493,0.717472,1.709631
-1.956133,-1.149084,-1.089234,0.729485,1.678267
-1.495243,-1.149084,-1.254038,0.754722,1.64966
-1.264798,-1.448923,-1.678725,0.796965,1.621971
-1.725688,-1.74878,-1.770635,0.845752,1.594961
-0.803908,-1.877279,-1.929101,0.883433,1.575643
-0.803908,-2.005779,-2.014672,0.919783,1.509179
-0.573463,-2.091458,-2.097074,0.969054,1.416529
0.578762,-1.877279,-1.824514,1.039423,1.303492
0.117872,-1.877279,-1.916424,1.106912,1.217794
0.578762,-1.320423,-1.311085,1.196666,1.12241
0.809207,-1.406102,-1.479059,1.281635,0.928244
0.348318,-1.448923,-1.399826,1.392019,0.816858
0.348318,-1.320423,-1.314255,1.481968,0.756323
0.348318,-1.406102,-1.399826,1.570016,0.731697
0.117872,-1.106245,-1.06071,1.664645,0.728391
0.348318,-0.977746,-0.800826,1.774422,0.728391
0.348318,-0.635068,-0.715255,1.868089,0.728391
0.117872,-0.635068,-0.718424,1.959562,0.745751
-0.112573,-0.292372,-0.636022,2.023532,0.771417
-0.112573,-0.50655,-0.550451,2.080746,0.811196
-0.112573,-0.121033,-0.208165,2.130774,0.86351
-0.112573,0.264484,-0.208165,2.165906,0.938013
-0.573463,0.221645,0.298925,2.208625,1.033125
-0.112573,0.650002,0.647549,2.242157,1.12217
-0.343018,0.650002,0.558808,2.284715,1.226317
-0.112573,0.735662,0.73312,2.310699,1.302743
-0.343018,0.735662,0.815522,2.332129,1.402946
-0.573463,1.07834,1.069067,2.353989,1.498682
-0.112573,1.206858,1.160977,2.362841,1.594123
0.578762,1.292518,1.256056,2.363024,1.673475
0.117872,1.335357,1.335289,2.363024,1.74371
0.348318,1.463857,1.42403,2.353587,1.830708
0.578762,1.421018,1.427199,2.286139,1.931182
0.578762,1.463857,1.427199,2.24292,2.020064
0.578762,1.292518,1.256056,2.185982,2.096337
0.578762,1.206858,1.170485,2.114701,2.145688
0.809207,1.035519,0.831369,2.041296,2.201424
1.270097,1.121179,1.179993,1.94875,2.2525
1.500542,1.121179,1.439876,1.867653,2.29055
1.039652,0.907001,0.834538,1.781699,2.316762
1.039652,0.735662,0.748967,1.730899,2.322167
1.270097,0.778501,0.837707,1.672223,2.322167
1.270097,1.635196,0.495422,1.630447,2.322167
1.270097,0.778501,0.837707,1.608528,2.311704
1.039652,0.778501,0.748967,1.589267,2.270916
1.039652,0.778501,0.748967,1.576575,2.204662
1.039652,0.650002,0.577824,1.5692,2.121804
1.039652,0.392984,0.406681,1.552297,2.017495
1.039652,0.350145,0.32111,1.532958,1.914208
1.039652,0.307305,0.406681,1.514923,1.820165
1.039652,0.221645,0.235538,1.500388,1.705583
0.809207,0.221645,0.31794,1.489941,1.606293
1.039652,0.307305,0.235538,1.472357,1.487876
0.578762,0.264484,0.314771,1.453879,1.37979
0.117872,0.392984,0.394004,1.431421,1.287086
-0.112573,0.221645,0.305263,1.398573,1.192274
0.117872,0.392984,0.308432,1.364008,1.102264
0.117872,0.392984,0.308432,1.330122,1.017559
-0.112573,0.307305,0.305263,1.283333,0.933342
-0.343018,0.307305,0.216522,1.242796,0.884469
-0.343018,0.178806,0.130951,1.198876,0.848322
-0.803908,0.264484,0.295755,1.159408,0.837
-0.343018,0.050306,0.04538,1.123974,0.837
-0.803908,-0.121033,-0.217673,1.081698,0.837
-1.034353,-0.420889,-0.391985,1.034601,0.839979
-1.495243,-0.420889,-0.483895,0.98293,0.876802
-1.264798,-0.635068,-0.73744,0.932935,0.921001
-1.725688,-0.849246,-0.743779,0.886791,0.970889
-1.495243,-0.977746,-0.997324,0.841133,1.038431
-1.495243,-0.977746,-1.082895,0.7945,1.1236
-1.495243,-1.234745,-1.339609,0.762006,1.196091
-1.495243,-1.277584,-1.254038,0.732187,1.28296
-1.956133,-1.620262,-1.602662,0.708612,1.358951
-1.725688,-1.663101,-1.685064,0.692354,1.438428
-1.034353,-2.005779,-2.017842,0.686478,1.508397
-1.495243,-2.177136,-2.109752,0.686478,1.551228
-0.112573,-2.348475,-2.433021,0.686478,1.587124
-0.112573,-2.391296,-2.34745,0.718712,1.598457
0.348318,-2.005779,-1.913254,0.766479,1.598457
0.809207,-2.134297,-2.078059,0.791984,1.598457
0.809207,-1.962958,-1.906916,0.826108,1.593531
1.039652,-1.83444,-1.732604,0.865275,1.580602
1.270097,-1.620262,-1.643863,0.910483,1.573705
1.039652,-0.849246,-0.791318,0.951148,1.564744
1.039652,-0.635068,-0.620176,0.978459,1.546742
1.270097,-0.592228,-0.617006,1.001823,1.518883
1.270097,-0.549389,-0.445864,1.026475,1.485331
1.500542,-0.292372,-0.271551,1.083396,1.432316
1.500542,-0.206711,-0.18598,1.135121,1.385833
1.500542,-0.121033,-0.014837,1.202162,1.32167
1.730988,-0.206711,-0.182811,1.274531,1.258473
1.500542,-0.163872,-0.18598,1.354334,1.209236
1.500542,-0.335211,-0.271551,1.438339,1.169564
1.500542,-0.206711,-0.100409,1.533182,1.138134
1.961432,-0.50655,-0.436356,1.636788,1.119647
1.500542,-0.549389,-0.528266,1.74654,1.1195
1.500542,-0.635068,-0.528266,1.851146,1.1195
1.500542,-0.677889,-0.613837,1.931981,1.122051
1.039652,-0.635068,-0.620176,2.015963,1.142592
1.270097,-0.763567,-0.702578,2.084168,1.172153
1.500542,-0.720728,-0.613837,2.148888,1.223215
0.809207,-0.934906,-0.96563,2.198768,1.294433
1.270097,-1.406102,-1.47272,2.23616,1.38251
0.809207,-1.448923,-1.650202,2.266538,1.470103
-0.573463,-1.106245,-1.155789,2.297029,1.54885
-0.803908,-1.534602,-1.415673,2.327179,1.656319
-1.034353,-1.663101,-1.675556,2.327983,1.747376
-1.495243,-1.577441,-1.596323,2.327983,1.847837
-1.495243,-1.448923,-1.510752,2.324986,1.937121
-1.725688,-1.491762,-1.513921,2.29125,2.023375
-1.264798,-1.106245,-1.507583,2.248135,2.098845
-1.034353,-1.063406,-0.990985,2.18757,2.170688
-1.956133,-0.635068,-0.661377,2.119714,2.231238
-1.725688,-0.463729,-0.572636,2.041075,2.275041
-1.725688,-0.37805,-0.401493,1.9425,2.325005
-1.956133,-0.292372,-0.404662,1.847778,2.357025
-1.495243,-0.206711,-0.227181,1.735083,2.396148
-2.186578,0.650002,0.619025,1.636773,2.443071
-1.034353,1.035519,0.806014,1.529208,2.464875
-1.264798,0.692823,0.460559,1.435497,2.467985
-1.264798,0.650002,0.717274,1.381306,2.468185
-1.034353,0.907001,0.806014,1.296954,2.468185
-0.803908,1.249679,1.237041,1.190502,2.466843
-0.803908,1.121179,1.151469,1.098356,2.446456
-0.803908,1.335357,1.322612,1.005532,2.392897
-0.573463,1.678035,1.496924,0.936226,2.361016
-0.803908,1.592375,1.579326,0.881896,2.341069
-0.343018,1.335357,1.328951,0.848625,2.322923
-0.112573,0.992679,1.075406,0.845,2.304413
-0.112573,1.421018,1.503263,0.845,2.285285
0.117872,1.07834,1.164146,0.849392,2.266931
-0.112573,1.463857,1.33212,0.899309,2.246229
0.348318,1.592375,1.595173,0.973336,2.214289
0.117872,1.506696,1.506432,1.062083,2.174275
0.348318,1.463857,1.509601,1.152805,2.140858
0.348318,1.463857,1.509601,1.24275,2.113812
0.348318,1.249679,1.338459,1.338769,2.088883
0.578762,1.121179,1.170485,1.435198,2.070012
0.578762,1.164018,1.084914,1.512578,2.05379
0.809207,1.249679,1.173654,1.587025,2.037772
1.039652,1.164018,1.091252,1.674,2.018003
0.578762,1.292518,1.341628,1.79642,1.985648
0.578762,1.249679,1.170485,1.862627,1.955107
1.039652,1.249679,1.262395,1.9341,1.909311
0.809207,1.249679,1.259226,1.999587,1.856906
0.578762,1.249679,1.256056,2.05911,1.793984
0.578762,1.206858,1.170485,2.105108,1.729621
0.578762,1.249679,1.256056,2.159184,1.652034
0.348318,1.164018,1.081744,2.187604,1.590631
0.348318,0.521484,0.653887,2.2151,1.507308
-0.112573,0.735662,0.73312,2.242348,1.404767
-0.803908,0.564323,0.552469,2.249,1.311705
-1.034353,0.521484,0.463729,2.249,1.226604
-1.264798,0.478644,0.460559,2.249,1.144617
-1.034353,0.135967,0.207015,2.24332,1.070599
-1.495243,-0.035372,-0.056038,2.223125,0.994375
-1.034353,-0.035372,-0.0497,2.196722,0.914288
-1.034353,-0.035372,-0.0497,2.156692,0.849971
-1.264798,-0.078212,-0.052869,2.114799,0.799336
-1.956133,-0.206711,-0.23352,2.067669,0.758059
-1.495243,-0.121033,-0.227181,2.010521,0.722556
-1.264798,-0.206711,-0.224012,1.946625,0.698375
-1.034353,-0.292372,-0.391985,1.873125,0.688
-1.034353,-0.078212,-0.306414,1.783523,0.688
0.117872,-0.035372,-0.119424,1.690596,0.687167
0.117872,0.135967,0.051718,1.608029,0.6826
0.348318,0.221645,0.22603,1.522115,0.681629
0.578762,0.350145,0.314771,1.433864,0.687103
0.348318,0.307305,0.22603,1.36625,0.691732
0.578762,0.435823,0.400342,1.296,0.698128
0.578762,0.178806,0.2292,1.222622,0.708438
0.809207,0.307305,0.31794,1.152479,0.733492
1.039652,0.307305,0.406681,1.077783,0.76945
0.809207,0.178806,0.232369,1.016453,0.809407
1.039652,0.307305,0.32111,0.957153,0.870331
1.270097,0.350145,0.324279,0.907138,0.986802
1.270097,0.392984,0.40985,0.8579,1.0408
1.270097,0.478644,0.495422,0.81665,1.087125
1.270097,0.350145,0.40985,0.789063,1.144145
1.500542,0.221645,0.327448,0.785852,1.191339
1.500542,0.178806,0.156306,0.785852,1.221821
1.270097,0.135967,0.238708,0.787237,1.223
1.270097,0.178806,0.153136,0.875002,1.223
1.270097,0.135967,0.238708,0.92325,1.2185
1.500542,-0.078212,-0.100409,0.942907,1.189503
1.270097,-0.078212,-0.103578,0.976554,1.152387
1.270097,-0.249551,-0.189149,1.02711,1.107083
1.270097,-0.335211,-0.274721,1.086908,1.060334
1.500542,-0.37805,-0.442694,1.1405,1.02325
1.500542,-0.335211,-0.357123,1.172941,0.9898
1.270097,-0.206711,-0.189149,1.210794,0.956586
1.039652,-0.163872,-0.106747,1.308011,0.926698
0.809207,-0.249551,-0.195488,1.40739,0.909652
0.809207,-0.292372,-0.281059,1.525077,0.9073
0.348318,-0.292372,-0.287398,1.639466,0.9073
0.578762,-0.292372,-0.284229,1.746922,0.9073
0.348318,-0.121033,-0.030684,1.84225,0.919075
0.348318,0.007467,0.054888,1.931909,0.954398
0.117872,0.350145,0.308432,2.010613,1.007794
-0.112573,0.521484,0.647549,2.060297,1.050576
0.117872,0.650002,0.907432,2.091853,1.092002
-0.112573,0.992679,0.904263,2.092502,1.131957
-0.112573,0.992679,0.989834,2.092502,1.171079
-0.343018,0.864162,0.986665,2.091653,1.20618
-0.343018,1.164018,1.157808,2.063121,1.236081
-0.803908,1.164018,1.065898,1.992455,1.270484
-0.573463,1.121179,1.154638,1.912013,1.302008
-0.573463,1.249679,1.24021,1.812388,1.34262
-0.573463,1.121179,1.069067,1.724931,1.372192
-0.573463,1.164018,1.069067,1.631121,1.397873
-0.343018,1.121179,1.072236,1.514252,1.417407
-0.803908,0.864162,0.894755,1.417431,1.437571
-1.264798,0.907001,0.888416,1.349801,1.456738
-1.725688,0.864162,0.882078,1.249262,1.48363
-1.495243,1.07834,1.05639,1.175798,1.515512
-1.725688,0.778501,1.053221,1.10687,1.561576
-1.495243,0.735662,0.714104,1.045125,1.6095
-1.264798,0.521484,0.460559,0.985273,1.664076
-1.495243,0.350145,0.371819,0.923279,1.728001
-1.495243,0.478644,0.45739,0.873074,1.782524
-1.034353,0.135967,0.035872,0.825292,1.836771
-1.034353,-0.035372,-0.135271,0.800464,1.873064
-1.495243,-0.420889,-0.483895,0.796107,1.905732
-1.495243,-0.549389,-0.483895,0.796107,1.936905
-1.264798,-0.635068,-0.73744,0.797569,1.961479
-0.803908,-0.720728,-0.731101,0.821786,1.9814
-1.034353,-1.020585,-0.990985,0.870183,2.006015
-0.803908,-1.063406,-1.073387,0.971682,2.015
-1.034353,-1.234745,-1.333271,1.0245,2.015
-0.343018,-1.577441,-1.666048,1.0625,2.015
0.578762,-1.534602,-1.5678,1.09222,2.009
0.809207,-1.363263,-1.393487,1.107688,1.983
1.039652,-1.406102,-1.304747,1.117563,1.947342
1.039652,-1.106245,-1.133604,1.128149,1.89751
1.270097,-1.063406,-1.044863,1.133233,1.833114
1.500542,-1.063406,-1.041694,1.138125,1.757189
1.500542,-0.977746,-1.041694,1.14,1.683612
1.270097,-0.720728,-0.702578,1.1404,1.5935
1.270097,-0.806407,-0.788149,1.146486,1.508449
1.270097,-0.50655,-0.445864,1.153169,1.414903
1.039652,-0.292372,-0.449033,1.163227,1.360975
1.039652,-0.335211,-0.27789,1.176178,1.324769
1.270097,0.307305,0.40985,1.191037,1.28706
1.270097,0.307305,0.324279,1.224133,1.220956
1.270097,0.650002,0.580993,1.265375,1.135
0.809207,0.478644,0.574655,1.318987,1.048736
0.809207,0.521484,0.489083,1.388388,0.958635
0.809207,0.650002,0.745797,1.44631,0.905557
0.578762,0.992679,0.913771,1.516354,0.819857
0.578762,0.82134,0.913771,1.577197,0.609425
0.809207,1.292518,1.259226,1.647291,0.587643
0.578762,1.335357,1.341628,1.721875,0.580241
0.348318,1.335357,1.509601,1.789209,0.580241
0.348318,1.806535,1.851887,1.8574,0.580241
0.348318,1.763714,1.851887,1.914451,0.582179
0.348318,1.720874,1.766315,1.964663,0.591654
0.348318,1.806535,1.851887,1.996363,0.612563
0.348318,1.849374,1.851887,2.019798,0.645584
0.348318,2.063552,2.02303,2.036805,0.698123
0.117872,2.063552,2.105432,2.047092,0.779967
0.117872,2.063552,2.105432,2.055893,0.869155
0.348318,1.849374,1.937458,2.067905,0.973885
0.578762,2.020713,2.026199,2.068415,1.072689
0.578762,1.935053,1.940628,2.068415,1.18189
0.578762,1.763714,1.769485,2.067643,1.303084
0.348318,1.935053,1.851887,2.059933,1.415843
0.348318,1.506696,1.766315,2.056366,1.513903
0.117872,1.249679,1.249718,2.047801,1.620986
0.348318,1.292518,1.252887,2.011743,1.732796
0.578762,1.206858,1.256056,1.968852,1.839107
1.039652,1.035519,1.091252,1.924282,1.929671
0.809207,0.94984,1.002512,1.858186,2.012915
0.809207,0.864162,0.831369,1.799345,2.09007
1.039652,0.907001,0.834538,1.729139,2.150343
1.039652,0.692823,0.663395,1.643455,2.204929
1.039652,0.478644,0.492253,1.635131,2.247468
1.039652,0.478644,0.406681,1.563138,2.275084
1.039652,0.264484,0.32111,1.505518,2.279
1.500542,0.264484,0.327448,1.471243,2.279
1.500542,0.178806,0.156306,1.388083,2.279
1.500542,0.135967,0.070734,1.320388,2.261135
1.500542,0.050306,0.070734,1.252761,2.213873
1.500542,-0.078212,-0.014837,1.095966,2.143589
1.500542,-0.078212,-0.100409,1.00347,2.051043
1.500542,-0.163872,-0.100409,0.926753,1.950791
1.270097,-0.121033,-0.103578,0.834684,1.856926
1.270097,0.050306,-0.018007,0.805706,1.764946
1.039652,0.135967,0.064396,0.77552,1.66094
0.809207,0.221645,0.232369,0.744066,1.561282
0.809207,0.135967,0.232369,0.724668,1.4472
0.809207,0.221645,0.232369,0.710137,1.333699
0.348318,0.564323,0.568316,0.701552,1.227388
0.809207,0.864162,0.91694,0.695365,1.131726
0.348318,0.907001,0.996173,0.695,1.033397
0.348318,0.907001,0.910602,0.695,0.951462
-0.573463,0.778501,0.812353,0.695327,0.865488
-0.343018,0.82134,0.901094,0.702325,0.792295
-0.573463,0.864162,0.897924,0.71298,0.727002
-0.803908,0.94984,0.894755,0.719833,0.677108
-1.034353,0.650002,0.634871,0.719833,0.653718
-1.264798,0.392984,0.374988,0.7219,0.653093
-1.264798,0.435823,0.460559,0.725795,0.653093
-1.495243,0.478644,0.45739,0.727589,0.655956
-1.725688,0.350145,0.368649,0.728667,0.694962
-1.495243,0.135967,0.115105,0.731363,0.780698
-1.725688,-0.249551,-0.23035,0.741088,0.854208
-1.725688,-0.292372,-0.315922,0.758887,0.939829
-1.956133,-0.806407,-0.832519,0.771307,1.034065
-1.495243,-0.892067,-0.826181,0.772027,1.135959
-1.956133,-0.934906,-1.003662,0.772027,1.247165
-1.956133,-0.806407,-0.918091,0.765421,1.3413
-1.725688,-0.635068,-0.743779,0.746799,1.426554
-1.725688,-0.677889,-0.658207,0.737992,1.516686
-1.956133,-0.549389,-0.661377,0.72569,1.615989
-1.495243,-0.463729,-0.655038,0.723483,1.709694
-1.034353,-0.37805,-0.391985,0.723483,1.801216
-0.803908,-0.249551,-0.303245,0.726895,1.880798
-0.803908,0.050306,0.124612,0.802173,1.952841
-0.343018,-0.078212,-0.040192,0.833264,1.995018
-0.343018,0.007467,0.04538,0.849799,2.009481
-0.112573,0.392984,0.476406,0.867369,2.009481
0.348318,0.521484,0.482745,0.885385,2.009481
-0.112573,0.392984,0.390835,0.897088,1.988752
0.117872,0.135967,0.222861,0.906242,1.928
-0.112573,0.478644,0.305263,0.913101,1.865
0.348318,0.692823,0.482745,0.925305,1.790931
0.578762,0.864162,0.828199,0.9369,1.694143
0.578762,0.692823,0.657057,0.950762,1.583375
0.578762,0.692823,0.742628,0.978626,1.473964
0.578762,0.650002,0.657057,1.016317,1.363571
0.809207,0.435823,0.489083,1.062294,1.253984
0.809207,0.478644,0.489083,1.111301,1.154673
1.039652,0.564323,0.577824,1.185869,1.040992
1.039652,0.350145,0.406681,1.253923,0.959387
1.039652,0.264484,0.32111,1.351378,0.876044
1.270097,0.221645,0.324279,1.456902,0.810775
1.270097,0.307305,0.324279,1.55203,0.769131
1.270097,0.093127,0.153136,1.654024,0.736605
1.270097,0.050306,0.067565,1.75625,0.724
1.270097,-0.035372,-0.018007,1.85095,0.724
0.809207,0.093127,0.232369,1.956604,0.724
1.270097,-0.035372,-0.018007,2.04876,0.740993
1.270097,-0.50655,-0.445864,2.13222,0.796409
1.270097,-0.592228,-0.617006,2.199617,0.863217
1.039652,-0.37805,-0.363461,2.257125,0.93075
1.270097,-0.720728,-0.702578,2.295523,1.014426
1.270097,-1.063406,-1.044863,2.3248,1.09446
1.270097,-1.106245,-1.130435,2.350606,1.180929
1.039652,-1.534602,-1.304747,2.356708,1.262377
0.809207,-1.663101,-1.650202,2.358148,1.302433
0.578762,-2.005779,-1.824514,2.358922,1.331568
0.578762,-1.791619,-1.738942,2.357786,1.33171
0.117872,-2.048618,-2.087567,2.356067,1.33171
-0.112573,-1.83444,-1.834022,2.349887,1.331386
-0.343018,-1.920119,-2.008334,2.317832,1.309596
-1.034353,-2.134297,-2.103413,2.254822,1.291721
-1.264798,-1.83444,-2.021011,2.169543,1.282924
-0.803908,-1.83444,-1.84353,2.086405,1.253612
-0.343018,-1.962958,-1.922762,1.996858,1.230896
-0.112573,-1.70594,-1.834022,1.918654,1.226
0.348318,-1.877279,-1.913254,1.813095,1.224458
-0.343018,-1.83444,-1.837191,1.707921,1.223963
-0.573463,-1.791619,-1.84036,1.612188,1.223926
0.578762,-1.534602,-1.482228,1.511812,1.22397
0.809207,-1.577441,-1.56463,1.418304,1.224755
1.039652,-1.406102,-1.390318,1.313656,1.230383
1.039652,-1.106245,-1.133604,1.219865,1.244435
1.270097,-1.149084,-1.044863,1.124621,1.26999
1.270097,-1.063406,-1.130435,1.03739,1.300466
1.500542,-0.635068,-0.613837,0.962294,1.339887
1.270097,-0.635068,-0.531435,0.897378,1.387909
1.500542,-0.335211,-0.271551,0.852351,1.443299
1.270097,-0.078212,-0.018007,0.822827,1.503117
1.270097,-0.078212,-0.018007,0.798888,1.583068
1.500542,-0.078212,-0.014837,0.79375,1.672364
1.500542,0.050306,0.41302,0.79375,1.743407
1.500542,0.307305,0.241877,0.79375,1.818478
1.270097,0.307305,0.324279,0.799312,1.878481
1.500542,0.307305,0.41302,0.817394,1.937728
1.270097,0.478644,0.580993,0.862535,1.990347
1.270097,0.307305,0.324279,0.956185,2.051506
1.270097,0.607162,0.666565,1.03725,2.096147
1.039652,0.778501,0.748967,1.131861,2.135744
1.039652,0.778501,0.834538,1.205177,2.171422
1.039652,0.692823,0.748967,1.274333,2.2086
1.039652,0.992679,1.433538,1.347901,2.24055
0.578762,1.07834,0.999342,1.41549,2.267273
0.348318,1.07834,1.081744,1.4573,2.275698
0.348318,1.164018,1.252887,1.517688,2.275698
0.117872,1.335357,1.506432,1.579233,2.275698
0.348318,1.678035,1.338459,1.673898,2.270488
-0.112573,1.678035,1.674405,1.752584,2.244011
0.117872,1.678035,1.592003,1.833349,2.203049
-0.112573,1.592375,1.588834,1.926508,2.177541
0.117872,1.678035,1.677575,1.998263,2.162432
-0.343018,1.463857,1.500093,2.060793,2.133492
-0.573463,1.335357,1.325781,2.097045,2.108788
-0.343018,1.378196,1.414522,2.099466,2.107103
-0.112573,1.378196,1.33212,2.099466,2.107103
-0.112573,1.421018,1.417691,2.099466,2.108228
-0.112573,1.249679,1.246548,2.074862,2.121114
-0.343018,1.07834,1.072236,2.019797,2.129853
-0.343018,1.07834,1.072236,1.945676,2.139035
-0.343018,0.992679,0.986665,1.87672,2.178429
-0.343018,1.07834,0.986665,1.774815,2.230685
-1.034353,0.864162,0.806014,1.655102,2.264677
-0.573463,0.350145,0.298925,1.539928,2.280545
0.117872,0.221645,0.308432,1.430503,2.286833
0.348318,-0.249551,-0.287398,1.32353,2.287667
-0.112573,-0.206711,-0.293737,1.199903,2.287667
0.348318,-0.420889,-0.629684,1.087888,2.282433
0.578762,-0.849246,-0.797657,0.957028,2.237438
0.117872,-0.892067,-0.889567,0.875721,2.208907
0.117872,-1.320423,-1.317424,0.783222,2.16638
0.348318,-1.83444,-1.570969,0.705924,2.124399
0.348318,-1.83444,-1.827683,0.647193,2.07885
0.117872,-1.877279,-1.916424,0.609428,2.011891
-0.803908,-2.005779,-2.014672,0.581732,1.940203
-1.034353,-1.491762,-1.504413,0.576,1.867308
-1.264798,-1.149084,-1.165297,0.576,1.785798
-1.725688,-0.934906,-0.914922,0.576,1.692699
-1.725688,-0.763567,-0.82935,0.587069,1.596145
-1.956133,-0.849246,-0.746948,0.608361,1.506487
-1.725688,-0.549389,-0.658207,0.629927,1.41812
-1.956133,-0.37805,-0.404662,0.666758,1.315966
-1.956133,-0.163872,-0.319091,0.701133,1.228158
-1.725688,-0.249551,-0.23035,0.732062,1.131028
-1.956133,-0.292372,-0.23352,0.772155,1.050261
-1.725688,0.221645,0.026364,0.82349,0.950841
-1.725688,0.264484,0.368649,0.887763,0.847574
-1.725688,0.264484,0.197507,0.944306,0.778436
-1.725688,0.435823,0.539792,0.999524,0.717064
-2.186578,0.521484,0.276739,1.041625,0.66675
-1.956133,0.350145,0.279909,1.116864,0.631457
-1.725688,-0.035372,0.026364,1.189935,0.623904
-1.956133,0.135967,0.023194,1.255301,0.623904
-2.186578,-0.078212,-0.065546,1.307387,0.623904
-1.495243,-0.292372,-0.227181,1.347066,0.629777
-1.264798,-0.206711,-0.13844,1.377861,0.65714
-1.264798,-0.206711,-0.224012,1.401729,0.704058
-0.803908,-0.035372,-0.04653,1.424442,0.760328
-0.343018,0.007467,-0.040192,1.442645,0.844881
-0.343018,-0.249551,-0.296906,1.468754,0.940821
-0.112573,-0.121033,-0.208165,1.490989,1.042176
0.117872,0.178806,0.13729,1.505727,1.15106
-0.112573,0.178806,0.219692,1.511235,1.27878
0.348318,0.135967,0.140459,1.521679,1.396012
0.578762,0.007467,-0.027514,1.533774,1.521422
0.578762,0.178806,0.058057,1.54375,1.627664
0.578762,0.007467,-0.027514,1.545168,1.725789
0.348318,0.907001,0.910602,1.548041,1.841454
1.039652,0.093127,0.064396,1.571825,1.938161
1.270097,0.007467,0.067565,1.615024,2.025158
1.270097,-0.035372,-0.018007,1.672319,2.080536
1.500542,0.007467,-0.014837,1.724884,2.126907
1.500542,0.007467,0.070734,1.77565,2.145718
1.039652,0.135967,0.149967,1.827099,2.145718
1.500542,0.178806,0.156306,1.875125,2.145718
1.039652,0.350145,0.149967,1.929986,2.135554
1.500542,0.307305,0.241877,2.005268,2.079018
1.500542,0.221645,0.241877,2.059473,2.023829
1.500542,0.307305,0.327448,2.102649,1.961075
1.730988,0.478644,0.50176,2.143093,1.881045
1.500542,0.350145,0.498591,2.187,1.7959
1.270097,0.392984,0.495422,2.237792,1.691855
1.270097,0.478644,0.495422,2.3006,1.580762
1.270097,0.307305,0.324279,2.326428,1.488591
1.039652,0.392984,0.406681,2.34794,1.388114
1.270097,0.093127,0.153136,2.36749,1.295713
1.039652,0.392984,0.406681,2.368,1.202985
0.809207,0.307305,0.232369,2.368,1.131804
0.809207,0.435823,0.403512,2.3638,1.042164
0.578762,0.350145,0.314771,2.346504,0.94922
0.578762,0.564323,0.571485,2.322914,0.893446
0.578762,0.521484,0.571485,2.302782,0.861052
0.348318,0.607162,0.653887,2.282095,0.857
0.348318,0.992679,0.996173,2.266351,0.857
0.117872,0.82134,0.821861,2.260013,0.857753
-0.343018,0.607162,0.644379,2.248776,0.880503
-0.112573,1.035519,1.075406,2.234389,0.929208
-0.343018,0.992679,0.986665,2.214318,0.985026
0.117872,1.07834,0.993004,2.180576,1.048399
-0.343018,1.07834,1.157808,2.136485,1.104364
-0.343018,1.121179,1.072236,2.076479,1.163296
-0.803908,1.07834,1.065898,2.000175,1.218778
-0.573463,0.907001,0.897924,1.898999,1.274354
-0.803908,0.907001,0.894755,1.802375,1.314
-0.573463,0.650002,0.726782,1.690054,1.346454
-1.034353,0.650002,0.634871,1.579713,1.367896
-1.495243,0.692823,0.714104,1.465612,1.389375
-1.495243,0.307305,0.286247,1.360233,1.416111
-1.264798,0.435823,0.374988,1.261716,1.448113
-0.803908,-0.078212,-0.04653,1.178986,1.480409
-0.343018,-0.463729,-0.468049,1.107816,1.53131
-1.495243,-0.677889,-0.655038,1.050693,1.585833
-1.034353,-0.763567,-0.819842,0.990321,1.663854
-1.034353,-0.934906,-0.819842,0.942613,1.747363
-1.034353,-1.149084,-1.162128,0.909024,1.828435
-0.573463,-1.406102,-1.412503,0.8745,1.896091
-0.573463,-1.534602,-1.498075,0.852375,1.9505
-0.112573,-2.091458,-2.090736,0.824374,2.022821
0.348318,-1.791619,-1.827683,0.80043,2.079987
0.578762,-2.005779,-1.995657,0.785311,2.125292
1.039652,-1.74878,-1.818175,0.77325,2.150837
0.809207,-1.577441,-1.56463,0.759842,2.152616
1.039652,-1.491762,-1.390318,0.737062,2.152616
1.500542,-1.277584,-1.212837,0.71165,2.150593
1.039652,-1.063406,-0.962461,0.687761,2.125779
1.500542,-0.849246,-0.870551,0.685172,2.079063
1.270097,-0.592228,-0.617006,0.685172,2.017924
1.270097,-0.592228,-0.531435,0.685172,1.953905
1.500542,-0.420889,-0.357123,0.698886,1.881708
1.500542,-0.37805,-0.357123,0.728943,1.818906
1.500542,-0.37805,-0.357123,0.771072,1.743447
1.500542,-0.292372,-0.271551,0.812154,1.67537
1.730988,-0.37805,-0.268382,0.852602,1.598799
1.500542,-0.37805,-0.271551,0.886345,1.522034
1.730988,-0.806407,-0.78181,0.912538,1.441432
1.500542,-0.849246,-0.78498,0.943662,1.344914
1.730988,-0.849246,-0.78181,0.974494,1.257227
1.500542,-0.892067,-0.78498,1.010078,1.16656
1.270097,-0.763567,-0.788149,1.052508,1.073305
1.039652,-0.592228,-0.534604,1.10265,0.987598
1.039652,-0.977746,-0.962461,1.155747,0.919053
1.039652,-1.106245,-1.133604,1.2247,0.8515
0.809207,-1.234745,-1.222345,1.300784,0.795109
0.578762,-1.149084,-1.054371,1.362293,0.760762
-0.573463,-1.448923,-1.498075,1.429093,0.740104
-0.112573,-1.491762,-1.406165,1.497733,0.7395
-0.573463,-1.406102,-1.412503,1.561595,0.7395
-1.725688,-1.063406,-1.257207,1.63458,0.743755
-1.495243,-0.806407,-0.826181,1.707475,0.773693
-1.725688,-0.720728,-0.743779,1.778516,0.815997
-1.725688,-0.677889,-0.743779,1.839972,0.857591
-2.186578,-0.292372,-0.32226,1.898825,0.925128
-1.725688,-0.463729,-0.572636,1.937486,0.989608
-1.725688,-0.249551,-0.23035,1.983111,1.068983
-1.956133,-0.035372,-0.062377,2.012637,1.178187
-1.956133,0.135967,0.194337,2.017009,1.282178
-1.956133,0.392984,0.36548,2.017077,1.395368
-1.495243,0.392984,0.45739,2.017077,1.496474
-1.725688,0.478644,0.283078,2.016107,1.598823
-1.495243,0.307305,0.286247,2.014215,1.692258
-1.264798,0.350145,0.118274,2.002683,1.803984
-0.803908,0.607162,0.638041,1.989465,1.90975
-1.034353,0.564323,0.634871,1.975454,1.996281
-0.803908,0.735662,0.723612,1.944455,2.100188
-0.803908,0.82134,0.894755,1.918625,2.175261
-0.343018,0.907001,0.901094,1.879173,2.247321
-0.343018,1.121179,0.901094,1.84229,2.290972
-0.112573,1.421018,1.417691,1.782256,2.337169
-0.112573,1.463857,1.503263,1.697632,2.381261
0.348318,1.506696,1.509601,1.599702,2.418166
-0.112573,1.249679,1.33212,1.517398,2.432459
0.117872,1.335357,1.335289,1.416502,2.43656
0.117872,1.421018,1.335289,1.324054,2.438
-0.112573,1.292518,1.246548,1.219707,2.438
0.117872,1.164018,1.164146,1.124827,2.438
0.117872,1.164018,1.164146,1.035189,2.429029
0.117872,1.164018,1.164146,0.960775,2.402273
0.348318,1.164018,1.167316,0.88556,2.368272
0.809207,0.992679,1.088083,0.838767,2.343281
0.578762,0.992679,0.999342,0.8355,2.326666
0.809207,0.94984,1.002512,0.8355,2.307174
0.809207,0.478644,0.489083,0.8355,2.288
1.039652,0.735662,0.577824,0.863457,2.259915
0.809207,0.564323,0.489083,0.91953,2.223868
0.809207,0.692823,0.660226,0.984666,2.189839
1.039652,0.607162,0.577824,1.058861,2.156062
1.039652,0.478644,0.748967,1.135722,2.121187
0.809207,0.650002,0.660226,1.229427,2.079863
1.039652,0.221645,0.32111,1.321829,2.036057
1.039652,0.478644,0.492253,1.436375,1.983
0.578762,0.564323,0.657057,1.508625,1.947625
1.039652,0.221645,0.32111,1.602574,1.900494
1.039652,0.007467,-0.021176,1.702823,1.853355
1.039652,0.007467,-0.021176,1.796375,1.807639
0.348318,-0.292372,-0.287398,1.880248,1.752512
-0.112573,-0.37805,-0.293737,1.966408,1.670746
-0.112573,-0.292372,-0.379308,2.040733,1.583811
-0.343018,-0.635068,-0.639191,2.096541,1.508013
-0.573463,-0.806407,-0.813504,2.149582,1.429125
-0.803908,-1.063406,-1.073387,2.190932,1.357268
-0.343018,-0.977746,-1.067048,2.227203,1.267029
-0.343018,-1.277584,-1.238191,2.234763,1.177976
-0.803908,-1.149084,-1.158958,2.234763,1.097875
-1.034353,-2.005779,-2.274556,2.234763,1.037553
-1.264798,-2.305636,-2.277725,2.22669,0.976292
-0.803908,-2.305636,-2.356958,2.195827,0.941431
-0.803908,-2.305636,-2.442529,2.150494,0.900241
-0.803908,-2.134297,-2.100244,2.098768,0.863571
-0.573463,-2.005779,-2.097074,2.028295,0.829729
0.117872,-2.005779,-1.916424,1.942577,0.805519
0.348318,-1.70594,-1.65654,1.86512,0.79335
-0.112573,-1.406102,-1.406165,1.784233,0.786023
1.039652,-1.363263,-1.304747,1.683569,0.778666
1.039652,-1.191924,-1.219175,1.575665,0.776
1.270097,-1.063406,-1.130435,1.475295,0.776
1.039652,-0.806407,-0.363461,1.37775,0.776
1.270097,-0.677889,-0.617006,1.299158,0.781539
1.270097,-0.549389,-0.617006,1.229085,0.795828
1.270097,-0.50655,-0.445864,1.171231,0.810348
1.500542,-0.249551,-0.18598,1.129293,0.831496
1.500542,-0.292372,-0.271551,1.100963,0.862241
1.500542,-0.078212,-0.014837,1.069824,0.930387
1.500542,-0.163872,-0.100409,1.04477,0.981625
1.039652,0.135967,0.149967,1.016497,1.035269
1.039652,0.007467,0.064396,0.977945,1.106794
0.809207,0.178806,0.232369,0.930514,1.193255
0.809207,0.307305,0.31794,0.887218,1.27024
0.809207,0.94984,0.831369,0.852454,1.342233
0.809207,0.94984,0.91694,0.821382,1.405462
0.348318,1.07834,1.252887,0.799955,1.477587
0.348318,0.94984,0.910602,0.788,1.552397
0.117872,1.164018,1.164146,0.788,1.616453
0.348318,1.164018,1.252887,0.788,1.651422
0.117872,1.421018,1.420861,0.79272,1.653122
0.117872,1.421018,1.506432,0.823578,1.653122
-0.112573,1.421018,1.417691,0.863875,1.651446
-0.112573,1.506696,1.417691,0.916714,1.632405
0.117872,1.249679,1.249718,0.99575,1.59925
0.117872,1.164018,1.249718,1.077823,1.572221
-0.112573,1.07834,1.160977,1.175555,1.547735
-0.112573,1.164018,1.075406,1.268997,1.531933
-0.573463,0.907001,0.897924,1.381659,1.527
-0.803908,0.907001,0.894755,1.503,1.527
-1.034353,0.94984,0.977157,1.58536,1.527
-0.573463,0.907001,0.897924,1.70576,1.536821
-0.803908,1.035519,0.894755,1.824858,1.564316
-0.803908,0.907001,0.894755,1.94252,1.617306
-0.573463,0.778501,0.726782,2.044892,1.688527
-0.573463,0.692823,0.64121,2.121444,1.764653
-0.343018,0.692823,0.644379,2.185274,1.842978
-0.112573,0.478644,0.476406,2.23275,1.94125
0.348318,0.392984,0.397173,2.247342,2.020342
0.117872,0.264484,0.308432,2.247342,2.098564
0.348318,0.050306,0.054888,2.247342,2.153274
0.348318,-0.37805,-0.372969,2.243905,2.184285
0.809207,-0.335211,-0.281059,2.218572,2.20453
0.578762,-0.592228,-0.883228,2.165836,2.220798
0.809207,-0.806407,-0.794488,2.086726,2.230388
0.809207,-0.892067,-0.880059,2.003007,2.238787
0.578762,-1.191924,-1.225514,1.887633,2.244667
0.809207,-1.234745,-1.307916,1.784783,2.2491
0.809207,-1.491762,-1.479059,1.638879,2.25025
0.348318,-1.577441,-1.485397,1.513984,2.2502
0.348318,-1.577441,-1.570969,1.399814,2.247647
0.348318,-1.74878,-1.65654,1.310504,2.2457
-0.112573,-1.577441,-1.577307,1.215698,2.237151
-1.264798,-2.091458,-2.021011,1.13242,2.222518
-0.803908,-1.920119,-1.929101,1.059428,2.202069
-1.034353,-2.048618,-2.017842,0.993598,2.177364
-1.034353,-1.920119,-1.93227,0.931615,2.142453
-0.803908,-1.663101,-1.672387,0.880686,2.097583
-1.264798,-1.234745,-1.250868,0.852212,2.03992
-1.264798,-1.363263,-1.33644,0.828554,1.976159
-1.495243,-1.106245,-1.082895,0.814115,1.892493
-1.725688,-0.977746,-1.000493,0.804832,1.786275
-1.725688,-0.849246,-0.914922,0.802934,1.731943
-1.956133,-0.463729,-0.575805,0.798361,1.690859
-1.956133,-0.635068,-0.746948,0.796,1.652877
-1.725688,-0.549389,-0.658207,0.775684,1.619158
-1.725688,0.093127,0.111935,0.75275,1.574272
-1.264798,0.050306,-0.052869,0.75275,1.487081
-1.034353,0.007467,0.035872,0.75275,1.38975
-1.725688,0.264484,0.197507,0.774101,1.298113
-1.956133,0.264484,0.194337,0.825528,1.225952
-1.725688,0.221645,0.197507,0.8836,0.949927
-2.186578,0.264484,0.191168,0.942835,0.798387
-1.725688,0.221645,0.283078,1.143401,0.76722
-1.264798,0.564323,0.460559,1.21713,0.765
-0.803908,0.650002,0.638041,1.286945,0.765
-0.573463,0.650002,0.726782,1.355215,0.767685
-0.343018,0.650002,0.644379,1.410155,0.786538
-0.112573,0.992679,0.989834,1.451628,0.822319
-0.343018,0.735662,0.901094,1.473136,0.860336
-0.343018,0.907001,0.986665,1.474719,0.910566
-0.112573,0.992679,0.989834,1.474719,0.956875
-0.112573,0.992679,1.075406,1.473779,1.018456
-0.112573,1.164018,1.075406,1.457348,1.100696
-0.573463,1.07834,0.983496,1.414806,1.20888
-0.343018,0.82134,0.815522,1.382883,1.279737
-0.343018,0.992679,0.986665,1.355348,1.355713
-0.343018,0.992679,0.986665,1.330613,1.440826
-0.343018,0.992679,0.986665,1.310894,1.528914
-0.112573,0.82134,0.904263,1.30689,1.63025
0.117872,0.907001,0.907432,1.30689,1.706129
-0.112573,0.650002,0.73312,1.30689,1.780567
-0.112573,0.650002,0.904263,1.315691,1.83881
-0.343018,0.650002,0.644379,1.338961,1.888139
-0.343018,0.564323,0.558808,1.374474,1.936365
-0.343018,0.307305,0.302094,1.427568,1.974295
-0.343018,0.135967,0.216522,1.49325,2.011375
-0.343018,0.221645,0.216522,1.563878,2.038365
-0.343018,0.135967,0.130951,1.637076,2.063878
-0.573463,-0.121033,-0.043361,1.707812,2.083065
-0.573463,-0.292372,-0.300075,1.79909,2.088533
-0.803908,-0.420889,-0.474387,1.870674,2.088533
-1.034353,-0.420889,-0.477557,1.939268,2.088533
-1.264798,-1.020585,-1.079726,2.011275,2.074543
-1.495243,-1.106245,-1.168466,2.061515,2.034444
-1.264798,-1.577441,-1.593154,2.089475,1.991479
-1.264798,-1.920119,-1.678725,2.113419,1.953365
-1.034353,-1.663101,-1.761128,2.126422,1.909009
-1.495243,-1.920119,-2.02418,2.135849,1.862839
-1.264798,-2.048618,-2.192154,2.169433,1.781033
-0.343018,-2.219957,-2.179477,2.1917,1.6987
-0.112573,-2.134297,-2.090736,2.210843,1.625476
0.117872,-2.177136,-2.087567,2.239685,1.544403
0.578762,-1.920119,-1.824514,2.270382,1.435305
0.348318,-1.791619,-1.827683,2.284312,1.338472
1.039652,-1.406102,-1.390318,2.285141,1.247018
1.270097,-1.320423,-1.387149,2.285141,1.17025
1.270097,-0.934906,-0.87372,2.285041,1.103025
1.500542,-1.063406,-1.041694,2.277118,1.03107
1.270097,-0.206711,-0.702578,2.2654,0.987111
1.270097,-0.249551,-0.702578,2.251866,0.950316
1.270097,-0.335211,-0.360292,2.244905,0.938301
1.270097,-0.163872,-0.103578,2.228954,0.929214
1.270097,-0.121033,-0.103578,2.1936,0.9139
1.500542,0.093127,0.156306,2.137875,0.89925
1.500542,0.221645,0.241877,2.073768,0.889606
1.039652,0.178806,0.149967,1.988262,0.877493
1.270097,0.307305,0.40985,1.909953,0.864103
1.039652,0.350145,0.32111,1.809945,0.84716
1.039652,0.650002,0.663395,1.710328,0.840979
1.039652,0.907001,0.920109,1.609626,0.840979
1.039652,0.82134,0.920109,1.527565,0.840979
0.578762,0.735662,0.742628,1.451306,0.845531
1.039652,1.335357,1.262395,1.383049,0.866644
0.578762,0.992679,0.913771,1.336908,0.889989
0.348318,1.164018,1.167316,1.313375,0.900823
0.117872,1.678035,1.677575,1.312,0.902752
0.578762,2.32057,1.598342,1.312,0.902969
-0.112573,1.549535,1.588834,1.3147,0.903075
-0.112573,1.335357,1.417691,1.333316,0.905
-0.112573,1.421018,1.417691,1.371777,0.9066
-0.343018,1.506696,1.500093,1.406528,0.90776
-0.112573,1.549535,1.503263,1.433725,0.9095
-0.573463,1.506696,1.411353,1.459829,0.927883
-0.573463,1.421018,1.496924,1.474625,0.962633
-0.343018,1.378196,1.328951,1.4897,1.0039
-0.573463,1.164018,1.24021,1.529935,1.042561
-0.343018,1.206858,1.243379,1.581594,1.092027
-0.343018,1.164018,1.157808,1.654112,1.165347
-0.343018,1.07834,1.072236,1.720283,1.216855
0.117872,1.121179,1.164146,1.791462,1.256948
0.117872,1.164018,1.078575,1.864267,1.31255
0.117872,0.435823,0.479575,1.936617,1.366298
-0.112573,0.392984,0.390835,1.980154,1.420533
0.117872,0.178806,0.222861,2.027823,1.486965
0.578762,0.007467,0.058057,2.049688,1.540695
0.117872,-0.035372,-0.033853,2.0779,1.6099
0.809207,-0.934906,-0.96563,2.106451,1.716685
1.039652,-0.463729,-0.449033,2.129684,1.800593
0.809207,-0.806407,-0.880059,2.157348,1.872095
0.809207,-0.849246,-0.880059,2.172104,1.942026
0.809207,-0.849246,-0.96563,2.172304,2.007998
0.578762,-1.149084,-1.225514,2.172304,2.062247
0.809207,-1.406102,-1.393487,2.168019,2.112763
0.809207,-1.577441,-1.56463,2.14189,2.138148
0.348318,-1.663101,-1.65654,2.106477,2.156449
-0.112573,-1.620262,-1.577307,2.038617,2.182812
0.348318,-1.791619,-1.913254,1.968025,2.204997
0.117872,-2.219957,-2.173138,1.881401,2.226161
-0.343018,-2.091458,-2.179477,1.770192,2.248472
-1.034353,-2.091458,-2.103413,1.672428,2.262149
-1.034353,-2.134297,-2.188984,1.5509,2.27516
-0.803908,-1.83444,-1.84353,1.427758,2.280538
-1.034353,-1.83444,-1.846699,1.32632,2.280538
-1.495243,-1.491762,-1.425181,1.210376,2.280538
-1.264798,-1.063406,-1.250868,1.111807,2.275715
-1.725688,-1.191924,-1.171636,1.00695,2.24755
-1.956133,-1.234745,-1.260376,0.93,2.213
-1.956133,-0.635068,-0.746948,0.860869,2.168447
-1.956133,-0.420889,-0.490234,0.798919,2.107589
-1.956133,-0.37805,-0.490234,0.756432,2.036634
-1.725688,-0.163872,-0.144779,0.728268,1.955694
-1.725688,0.050306,0.026364,0.721,1.861946
-1.956133,0.178806,0.108766,0.721,1.755545
-1.725688,0.221645,0.111935,0.721,1.705078
-1.725688,0.135967,0.111935,0.726978,1.684713
-1.725688,0.221645,0.197507,0.744193,1.654541
-1.956133,0.521484,0.451051,0.766153,1.631512
-1.956133,0.435823,0.36548,0.787434,1.61989
-1.495243,0.478644,0.542961,0.806585,1.539104
-1.034353,0.521484,0.5493,0.835011,1.462089
-1.264798,0.650002,0.631702,0.870659,1.390444
-1.034353,0.82134,0.720443,0.908592,1.245974
-0.573463,0.82134,0.726782,0.945336,0.953398
-0.803908,0.778501,0.809184,0.991863,0.863321
-0.573463,0.907001,0.897924,1.034647,0.678182
-0.343018,1.164018,1.072236,1.090606,0.64606
-0.343018,0.907001,0.986665,1.147425,0.624345
-0.573463,1.506696,1.496924,1.1935,0.607217
-0.112573,1.335357,1.417691,1.235357,0.607217
-0.343018,1.549535,1.585665,1.263864,0.607217
-0.343018,1.506696,1.500093,1.267,0.612273
0.117872,1.249679,1.335289,1.267,0.63562
0.117872,1.164018,1.249718,1.267,0.669408
0.117872,1.164018,1.164146,1.26073,0.722589
0.809207,1.421018,1.601511,1.245602,0.793034
0.348318,0.992679,1.081744,1.238177,0.871819
0.348318,0.864162,0.996173,1.231853,0.970851
0.578762,1.121179,1.084914,1.225734,1.072771
0.578762,1.035519,1.084914,1.219266,1.184485
0.117872,0.94984,0.907432,1.211385,1.295364
0.348318,0.992679,0.996173,1.206,1.408469
0.348318,0.778501,0.82503,1.206,1.531307
0.348318,0.650002,0.739459,1.206,1.639369
0.348318,0.564323,0.482745,1.2067,1.734626
0.117872,0.478644,0.479575,1.221582,1.818491
0.348318,0.221645,0.311602,1.250821,1.902338
-0.112573,0.135967,0.219692,1.297361,1.986911
-0.112573,0.221645,0.219692,1.350625,2.057125
-0.343018,0.135967,0.130951,1.421898,2.114588
-0.803908,-0.121033,-0.132102,1.506078,2.162562
-0.803908,0.050306,0.039041,1.59443,2.207434
-0.803908,-0.035372,-0.217673,1.677221,2.234047
-1.264798,-0.249551,-0.309583,1.765003,2.239
-1.264798,-0.50655,-0.566297,1.852503,2.239
-1.034353,-0.677889,-0.648699,1.931714,2.23891
-1.264798,-0.677889,-0.823012,2.022804,2.234482
-1.264798,-1.020585,-0.994154,2.095892,2.211517
-1.495243,-1.149084,-1.082895,2.173378,2.14275
-1.495243,-1.106245,-1.168466,2.226363,2.081453
-0.343018,-0.892067,-0.981477,2.273199,2.02173
-0.803908,-1.920119,-2.014672,2.315813,1.971904
-1.264798,-1.74878,-1.764297,2.355,1.8783
-1.034353,-1.663101,-1.761128,2.3665,1.771673
-0.343018,-1.74878,-1.837191,2.3665,1.67232
0.117872,-1.577441,-1.488567,2.3665,1.577751
0.117872,-1.491762,-1.488567,2.365655,1.484894
0.578762,-1.74878,-1.738942,2.362553,1.381501
0.578762,-1.74878,-1.738942,2.360217,1.264202
0.578762,-1.363263,-1.396657,2.358315,1.166169
0.578762,-1.363263,-1.311085,2.353669,1.094093
1.039652,-1.406102,-1.304747,2.328366,1.010902
1.270097,-1.149084,-1.130435,2.309655,0.935868
1.270097,-1.063406,-1.130435,2.291631,0.863871
1.270097,-0.763567,-0.788149,2.251925,0.805036
1.270097,-0.420889,-0.445864,2.18004,0.760242
1.270097,-0.50655,-0.445864,2.093177,0.718669
1.039652,0.093127,-0.021176,2.010565,0.684572
1.500542,-0.078212,-0.100409,1.909954,0.664076
1.270097,-0.206711,-0.189149,1.823196,0.652698
1.500542,0.093127,0.156306,1.714828,0.645339
1.270097,-0.078212,-0.018007,1.611508,0.643
1.039652,-0.035372,0.064396,1.512354,0.643
1.270097,0.264484,0.238708,1.418293,0.643
1.039652,0.350145,0.32111,1.308011,0.653211
1.039652,0.392984,0.406681,1.211986,0.680516
1.039652,0.564323,0.577824,1.154852,0.702499
0.809207,0.650002,0.660226,1.08482,0.746419
0.809207,0.864162,0.831369,1.017864,0.809562
1.039652,0.864162,0.834538,0.953522,0.888728
0.578762,1.07834,1.084914,0.917198,0.964942
0.348318,1.335357,1.338459,0.879808,1.045837
0.348318,1.206858,1.252887,0.847608,1.118243
0.117872,1.506696,1.506432,0.83381,1.193441
0.348318,1.506696,1.509601,0.83381,1.23125
0.348318,1.592375,1.595173,0.83391,1.2429
0.809207,1.592375,1.601511,0.849008,1.244
0.348318,1.549535,1.509601,0.870371,1.242691
0.348318,1.335357,1.42403,0.923908,1.242491
0.117872,1.378196,1.420861,0.991218,1.235871
-0.112573,1.335357,1.33212,1.069106,1.225392
-0.112573,1.421018,1.33212,1.163122,1.218251
-0.112573,1.249679,1.33212,1.265356,1.218251
-0.112573,1.292518,1.33212,1.356986,1.218251
-0.343018,1.249679,1.243379,1.463075,1.22153
-0.573463,0.907001,0.983496,1.5749,1.2282
-0.573463,0.907001,0.897924,1.681367,1.238297
-0.573463,0.650002,0.64121,1.76081,1.255446
-0.573463,0.650002,0.64121,1.851272,1.289362
-1.034353,0.478644,0.5493,1.914174,1.339036
-1.034353,0.564323,0.5493,1.975055,1.399655
-0.803908,0.650002,0.638041,2.0222,1.454807
-1.495243,0.221645,0.200676,2.064159,1.517963
-1.264798,-0.035372,0.032702,2.101883,1.581847
-1.264798,-0.121033,-0.052869,2.118533,1.63445
-0.803908,-0.078212,-0.04653,2.140513,1.694255
-1.034353,-0.37805,-0.391985,2.162925,1.738703
-1.264798,-0.934906,-0.823012,2.167,1.777056
-1.725688,-0.892067,-0.914922,2.167,1.818583
-1.264798,-0.849246,-0.823012,2.167,1.866091
-1.034353,-0.635068,-0.648699,2.145,1.918125
-1.264798,-0.420889,-0.480726,2.09701,1.981416
-1.034353,-0.50655,-0.477557,2.044851,2.02447
-0.803908,-0.420889,-0.64553,1.985864,2.05457
-0.803908,-0.463729,-0.474387,1.908155,2.089036
-0.803908,-0.50655,-0.559959,1.831044,2.112628
-0.112573,-0.37805,-0.379308,1.740874,2.131478
-0.112573,-0.035372,-0.122594,1.673362,2.150792
-0.112573,-0.121033,0.048549,1.643642,2.162464
0.348318,0.178806,0.22603,1.601228,2.168085
0.117872,0.221645,0.222861,1.499068,2.168212
0.348318,0.221645,0.311602,1.407879,2.168212
0.348318,0.478644,0.397173,1.311114,2.161869
0.117872,0.478644,0.479575,1.249985,2.150677
0.578762,0.178806,0.314771,1.169082,2.12878
0.578762,0.650002,0.571485,1.049,2.095875
0.809207,0.521484,0.574655,0.887033,2.057233
0.809207,0.478644,0.574655,0.842058,2.009919
1.039652,0.435823,0.663395,0.812247,1.967264
1.039652,0.435823,0.492253,0.785856,1.897147
1.270097,0.350145,0.40985,0.779273,1.82068
1.270097,0.093127,0.067565,0.775433,1.723795
1.039652,0.007467,0.064396,0.77307,1.619528
1.039652,0.093127,0.149967,0.7726,1.517875
1.270097,0.135967,0.067565,0.7726,1.428505
1.730988,-0.121033,-0.097239,0.7726,1.346039
1.730988,-0.206711,-0.182811,0.783129,1.277864
1.500542,-0.292372,-0.271551,0.786034,1.214555
1.500542,-0.335211,-0.271551,0.78825,1.14275
1.500542,-0.463729,-0.528266,0.802901,1.063457
1.270097,-0.677889,-0.617006,0.830286,1.002435
1.270097,-0.763567,-0.702578,0.870402,0.948282
1.270097,-0.635068,-0.702578,0.917408,0.908845
1.270097,-0.977746,-0.959292,0.971619,0.843445
1.270097,-1.234745,-1.216006,1.026266,0.782227
1.039652,-1.191924,-1.133604,1.101886,0.761473
0.809207,-1.234745,-1.307916,1.179775,0.749943
-0.112573,-1.234745,-1.406165,1.254548,0.743559
-0.112573,-1.491762,-1.491736,1.332431,0.743184
-0.573463,-1.791619,-1.754789,1.41207,0.743184
-0.573463,-1.663101,-1.669218,1.501679,0.743917
-0.343018,-1.791619,-1.666048,1.59559,0.756559
-0.343018,-1.74878,-1.837191,1.687598,0.787219
-0.803908,-1.663101,-1.84353,1.770725,0.818933
-0.343018,-1.83444,-1.837191,1.854091,0.853795
-0.112573,-1.791619,-1.74845,1.928801,0.912273
-0.112573,-1.663101,-1.74845,2.010502,0.959118
-0.112573,-1.277584,-1.235022,2.057732,1.010682
-0.112573,-1.320423,-1.320593,2.084728,1.077897
-0.112573,-1.320423,-1.320593,2.110843,1.14941
-0.343018,-1.020585,-0.981477,2.113746,1.23
0.117872,-0.892067,-0.975138,2.113746,1.306448
0.117872,-0.892067,-0.803996,2.113746,1.365628
0.348318,-0.763567,-0.715255,2.110946,1.40184
0.578762,-0.592228,-0.540943,2.096955,1.42657
0.809207,-0.463729,-0.452202,2.06968,1.431657
0.348318,-0.206711,-0.201827,2.049623,1.431657
0.348318,-0.163872,-0.201827,2.004924,1.43156
0.348318,0.135967,0.311602,1.940391,1.409237
0.348318,0.650002,0.653887,1.874512,1.385311
0.578762,0.650002,0.742628,1.783257,1.364188
0.809207,0.992679,1.002512,1.685106,1.340153
0.578762,1.121179,1.084914,1.58627,1.310597
0.348318,1.035519,0.996173,1.493308,1.262649
0.578762,0.94984,0.913771,1.395159,1.254
0.578762,0.478644,0.485914,1.302285,1.254
0.578762,0.692823,0.657057,1.228674,1.254
0.348318,0.907001,0.82503,1.144433,1.266233
0.348318,0.735662,0.82503,1.0818,1.2977
0.809207,0.650002,0.660226,1.01284,1.345674
0.578762,0.435823,0.400342,0.950971,1.409943
0.117872,0.564323,0.650718,0.895849,1.480449
-0.112573,0.864162,0.561977,0.855362,1.559116
-0.112573,0.650002,0.647549,0.826725,1.6447
-0.343018,0.435823,0.387665,0.8185,1.719125
-0.343018,0.307305,0.216522,0.8185,1.81224
-0.343018,0.221645,0.216522,0.8185,1.903394
-0.573463,0.221645,0.213353,0.850793,1.987045
-1.034353,0.050306,0.121443,0.989841,2.042795
-1.264798,0.178806,0.118274,1.161907,2.10511
-1.264798,0.221645,0.289417,1.300996,2.171202
-1.264798,-0.206711,-0.13844,1.367623,2.221761
-1.264798,-0.335211,-0.395155,1.414933,2.256983
-1.034353,-0.463729,-0.477557,1.472735,2.264235
-1.034353,-0.720728,-0.734271,1.490375,2.264235
-1.034353,-0.977746,-0.905414,1.501802,2.264235
-1.034353,-0.892067,-1.162128,1.516227,2.261135
-0.803908,-1.234745,-1.158958,1.531907,2.241014
-0.803908,-1.491762,-1.586815,1.54652,2.214467
-1.034353,-1.620262,-1.675556,1.622261,2.190205
-0.803908,-1.70594,-1.672387,1.697262,2.170987
-0.803908,-1.962958,-1.929101,1.776285,2.143984
-0.343018,-1.920119,-2.008334,1.836095,2.122193
-0.573463,-2.177136,-2.182646,1.891196,2.098223
-0.803908,-2.091458,-2.185815,1.920407,2.086538
-0.573463,-2.177136,-2.182646,1.924019,2.079234
-0.343018,-2.262797,-2.265048,1.924019,2.0727
-0.343018,-2.219957,-2.093905,1.924019,2.058293
0.809207,-1.74878,-1.735773,1.903637,2.034456
0.809207,-1.74878,-1.650202,1.864898,2.00098
0.809207,-1.663101,-1.650202,1.813713,1.965529
1.039652,-1.577441,-1.561461,1.760146,1.916967
0.809207,-1.620262,-1.56463,1.702216,1.864363
0.578762,-1.534602,-1.5678,1.624975,1.8073
0.578762,-1.448923,-1.482228,1.553209,1.749591
0.117872,-1.149084,-1.146281,1.485167,1.693727
0.117872,-1.063406,-1.06071,1.41829,1.638003
-0.112573,-1.363263,-1.406165,1.347363,1.583628
-0.573463,-0.635068,-0.642361,1.26735,1.526492
-0.573463,-0.592228,-0.642361,1.1931,1.4667
-1.034353,-0.206711,-0.220842,1.133542,1.40225
-1.264798,0.050306,0.032702,1.08849,1.355241
-0.803908,0.607162,0.723612,1.022307,1.307058
-0.803908,0.82134,0.894755,0.976976,1.276925
-0.803908,1.121179,1.065898,0.967,1.248306
-0.803908,1.035519,1.065898,0.967,1.223761
-0.803908,1.378196,1.664898,0.967,1.213524
-0.803908,1.506696,1.750469,0.979981,1.210067
-0.343018,1.335357,1.328951,1.0181,1.2095
-0.573463,1.506696,1.582495,1.064956,1.207683
-0.112573,1.549535,1.588834,1.130823,1.200009
-0.112573,1.635196,1.674405,1.191883,1.171669
0.117872,1.935053,1.934289,1.252488,1.153644
0.348318,1.763714,1.766315,1.325598,1.139487
0.348318,1.678035,1.680744,1.395496,1.125743
0.348318,1.506696,1.595173,1.48507,1.108726
0.348318,1.378196,1.42403,1.581055,1.10822
0.578762,1.249679,1.256056,1.673737,1.10822
0.809207,1.206858,1.259226,1.764409,1.114665
0.809207,1.292518,1.259226,1.8476,1.1475
1.039652,0.992679,1.005681,1.92645,1.178617
0.809207,1.07834,1.088083,1.98131,1.231416
1.039652,0.778501,0.748967,2.009845,1.317155
1.039652,0.735662,0.748967,2.039591,1.412336
1.270097,0.521484,0.580993,2.074883,1.507801
1.500542,0.435823,0.498591,2.089081,1.611883
1.270097,0.221645,0.238708,2.090551,1.724103
1.500542,0.350145,0.241877,2.091902,1.814179
1.500542,0.050306,0.070734,2.092225,1.92391
1.500542,-0.121033,-0.014837,2.091921,2.022427
1.500542,-0.249551,-0.271551,2.089402,2.087829
1.270097,-0.335211,-0.360292,2.082369,2.161526
1.270097,-0.420889,-0.445864,2.058132,2.217679
1.039652,-1.191924,-1.133604,2.02621,2.251812
1.039652,-1.106245,-1.048033,1.985131,2.290273
1.039652,-0.635068,-0.705747,1.94124,2.305797
1.039652,-0.635068,-0.620176,1.903002,2.308437
0.809207,-0.463729,-0.452202,1.844726,2.3085
1.270097,-0.292372,-0.103578,1.785532,2.308237
1.039652,0.221645,-0.106747,1.748572,2.304875
1.039652,0.093127,0.064396,1.725305,2.284612
0.809207,0.221645,0.232369,1.708174,2.252506
0.809207,0.392984,0.403512,1.707342,2.1972
0.809207,0.692823,0.745797,1.707342,2.122942
1.039652,0.992679,0.834538,1.708627,2.016257
0.809207,0.907001,0.91694,1.737152,1.901458
0.578762,0.94984,0.999342,1.760992,1.7767
0.809207,1.164018,1.173654,1.783517,1.670848
0.809207,1.292518,1.259226,1.815041,1.568789
0.578762,1.206858,1.256056,1.832,1.445017
0.348318,1.378196,1.42403,1.832,1.330986
0.348318,1.164018,1.167316,1.832,1.2244
0.578762,1.849374,1.769485,1.822629,1.124923
0.578762,1.720874,1.683913,1.776637,1.021032
0.348318,1.592375,1.595173,1.717539,0.930594
0.348318,1.378196,1.42403,1.633979,0.844479
-0.112573,1.249679,1.33212,1.535356,0.761983
-0.343018,0.907001,0.986665,1.437865,0.710444
-0.112573,1.07834,1.075406,1.335014,0.676096
0.117872,0.992679,1.078575,1.239843,0.671593
-0.573463,0.94984,0.897924,1.145519,0.671593
-0.803908,0.650002,0.638041,1.047228,0.671593
-0.803908,0.435823,0.210184,0.959718,0.703162
-1.725688,0.564323,0.454221,0.891623,0.774357
-1.725688,0.435823,0.454221,0.839535,0.838937
-1.495243,0.264484,0.286247,0.790147,0.915377
-1.034353,0.050306,0.121443,0.746319,1.00463
-0.803908,-0.078212,-0.132102,0.7076,1.1109
-1.264798,-0.463729,-0.480726,0.682345,1.213452
-1.034353,-0.635068,-0.648699,0.662902,1.338525
-1.495243,-1.149084,-1.082895,0.648737,1.445081
-1.725688,-1.320423,-1.42835,0.646,1.545961
-0.343018,-1.70594,-1.922762,0.646,1.655371
-0.112573,-1.620262,-1.406165,0.646,1.7674
-0.112573,-1.534602,-1.491736,0.654267,1.874739
0.348318,-1.74878,-1.827683,0.687836,1.953231
0.348318,-1.663101,-1.570969,0.726046,2.007063
0.578762,-1.491762,-1.482228,0.773279,2.06175
1.039652,-1.577441,-1.561461,0.84147,2.105609
1.270097,-1.191924,-1.044863,0.92825,2.109281
1.270097,-0.934906,-0.959292,0.998003,2.109281
1.270097,-0.806407,-0.788149,1.052444,2.107378
1.500542,-0.592228,-0.528266,1.085429,2.089827
1.500542,-0.463729,-0.442694,1.084967,2.059072
1.730988,-0.549389,-0.268382,1.084967,2.010263
0.809207,-0.420889,-0.452202,1.084967,1.953425
1.270097,-0.078212,-0.018007,1.067217,1.889552
1.039652,-0.078212,-0.021176,1.033625,1.82525
1.039652,-0.078212,-0.021176,0.983469,1.745051
1.039652,0.178806,0.149967,0.931387,1.662018
0.809207,0.307305,0.831369,0.882588,1.585794
0.809207,0.735662,0.660226,0.816519,1.49102
0.578762,0.650002,0.657057,0.767531,1.419151
0.578762,1.035519,1.084914,0.725983,1.344766
0.809207,1.07834,1.088083,0.710713,1.306805
0.348318,0.992679,0.996173,0.710713,1.280906
0.348318,0.992679,0.996173,0.710713,1.233875
0.348318,1.206858,1.252887,0.715034,1.155072
0.117872,1.720874,1.763146,0.752746,1.084172
0.348318,1.335357,1.42403,0.814867,1.01741
0.117872,1.421018,1.420861,0.882234,0.967937
0.348318,1.592375,1.509601,0.947009,0.933398
0.117872,1.421018,1.420861,1.032303,0.779768
0.348318,1.07834,0.996173,1.116832,0.747436
0.117872,1.035519,1.078575,1.219471,0.736828
-0.112573,1.164018,1.246548,1.320323,0.72994
-0.343018,1.07834,1.072236,1.442957,0.726
-0.803908,0.82134,0.809184,1.549328,0.726
-1.034353,0.564323,0.634871,1.650203,0.726
-0.803908,0.692823,0.638041,1.75544,0.729504
-1.034353,0.607162,0.5493,1.861241,0.761093
-1.264798,0.521484,0.460559,1.950419,0.799806
-1.725688,0.564323,0.454221,2.008624,0.844579
-1.956133,0.435823,0.451051,2.072584,0.908861
-1.495243,0.478644,0.45739,2.117132,0.972344
-1.495243,0.135967,0.115105,2.170455,1.057821
-1.495243,0.178806,0.115105,2.218994,1.15631
-1.264798,0.007467,0.032702,2.258683,1.25308
-0.803908,-0.163872,-0.132102,2.286313,1.366115
-1.725688,-0.763567,-0.572636,2.292417,1.471404
-1.495243,-0.763567,-0.826181,2.292417,1.576528
-1.495243,-0.934906,-0.997324,2.290897,1.686923
-1.264798,-0.934906,-0.908583,2.252593,1.797066
-1.034353,-1.063406,-0.990985,2.189611,1.886799
-0.803908,-1.106245,-1.073387,2.10652,1.9585
-0.343018,-1.191924,-1.238191,1.988753,2.01436
0.117872,-1.234745,-1.146281,1.877737,2.058279
0.117872,-1.191924,-1.231853,1.76006,2.104883
0.117872,-1.277584,-1.317424,1.64683,2.133594
0.117872,-1.277584,-1.231853,1.542924,2.164822
-0.343018,-1.020585,-0.895906,1.422925,2.185607
-0.112573,-0.892067,-0.892736,1.319041,2.19
-0.343018,-0.720728,-0.810334,1.224976,2.19
-0.343018,-0.549389,-0.639191,1.151266,2.19
-0.343018,-0.292372,-0.382477,1.093027,2.170512
-0.343018,-0.206711,-0.125763,1.044418,2.124196
-0.112573,-0.035372,-0.037022,0.985444,2.062148
0.117872,0.392984,0.394004,0.958804,1.983695
-0.112573,0.478644,0.476406,0.935937,1.897809
-0.573463,0.82134,0.897924,0.915391,1.788995
-0.343018,0.992679,0.901094,0.89983,1.687542
-0.112573,1.035519,0.989834,0.880866,1.576609
-0.343018,0.992679,0.986665,0.861433,1.458969
-0.112573,1.249679,1.33212,0.851247,1.374334
-0.343018,1.463857,1.414522,0.851,1.302637
-0.112573,1.463857,1.33212,0.851,1.20798
0.117872,1.421018,1.506432,0.854054,1.106134
0.117872,1.549535,1.506432,0.873606,1.01528
0.348318,1.378196,1.42403,0.897701,0.956985
0.348318,1.035519,1.081744,0.933492,0.896616
0.117872,1.07834,1.164146,0.975202,0.857738
0.117872,1.07834,0.993004,1.056455,0.810387
0.348318,0.94984,0.996173,1.130019,0.760603
0.578762,0.82134,0.913771,1.210633,0.736462
0.578762,1.07834,0.999342,1.286936,0.718725
0.578762,0.94984,0.913771,1.36498,0.703021
0.809207,0.94984,1.002512,1.417034,0.695138
1.039652,0.992679,1.005681,1.465223,0.695
1.039652,0.778501,0.748967,1.557243,0.695
1.039652,0.692823,1.176824,1.669273,0.695
1.270097,0.778501,0.752136,1.782451,0.6956
1.039652,0.735662,0.748967,1.883875,0.709625
0.809207,0.350145,0.403512,1.973047,0.746973
0.809207,0.435823,0.489083,2.050708,0.802417
0.348318,0.178806,0.22603,2.094997,0.863426
0.578762,0.435823,0.400342,2.133721,0.92946
0.578762,0.221645,0.314771,2.173968,0.997439
0.117872,0.650002,0.565147,2.1905,1.081961
-0.112573,0.650002,0.647549,2.1905,1.182165
0.117872,0.607162,0.565147,2.1905,1.273638
-0.112573,0.564323,0.476406,2.176558,1.363192
-0.343018,0.392984,0.387665,2.153133,1.426555
-0.573463,0.392984,0.384496,2.109729,1.498168
-0.343018,0.564323,0.473237,2.031287,1.59392
-0.573463,0.478644,0.555639,1.944177,1.666997
-0.803908,0.650002,0.638041,1.866034,1.738824
-1.034353,0.692823,0.720443,1.811343,1.787153
-0.573463,0.564323,0.64121,1.766211,1.810875
-0.803908,0.692823,0.552469,1.728598,1.8115
-0.343018,0.607162,0.558808,1.70725,1.8115
-0.112573,0.392984,0.476406,1.694505,1.8088
-0.343018,0.564323,0.473237,1.684703,1.765943
0.348318,0.264484,0.311602,1.682048,1.692994
0.578762,0.521484,0.400342,1.674823,1.604306
0.348318,0.564323,0.482745,1.653837,1.514008
0.809207,0.650002,0.660226,1.625343,1.421423
1.039652,0.607162,0.663395,1.594237,1.309379
1.039652,0.735662,0.748967,1.557726,1.207481
1.039652,0.735662,0.748967,1.510929,1.103359
1.039652,0.778501,0.834538,1.458,1.017375
1.039652,0.82134,0.834538,1.406708,0.959004
1.039652,0.907001,0.920109,1.34889,0.89978
1.039652,0.82134,0.920109,1.292179,0.863577
1.039652,0.82134,0.834538,1.224415,0.860153
0.809207,0.992679,1.002512,1.165,0.860153
1.039652,0.992679,1.091252,1.119791,0.860153
1.039652,1.164018,1.091252,1.078465,0.872699
1.270097,0.907001,0.923279,1.051257,0.896377
1.270097,0.82134,0.837707,1.026934,0.931688
1.039652,0.735662,0.748967,1.004013,0.972145
1.270097,0.607162,0.580993,0.973397,1.00624
1.270097,0.350145,0.40985,0.934806,1.056726
1.500542,0.307305,0.327448,0.885643,1.113312
1.500542,0.350145,0.41302,0.813407,1.187322
1.270097,0.307305,0.238708,0.736837,1.255482
1.500542,0.135967,0.156306,0.667595,1.312405
1.500542,0.050306,0.156306,0.62345,1.371155
1.500542,-0.163872,-0.100409,0.621,1.416406
1.270097,-0.50655,-0.445864,0.621,1.4529
1.500542,-0.592228,-0.613837,0.629125,1.458
1.500542,-0.763567,-0.699408,0.679743,1.458
1.730988,-0.934906,-0.952953,0.761245,1.457525
1.500542,-1.106245,-1.127265,0.843075,1.434387
1.270097,-1.149084,-1.216006,0.938203,1.383535
1.500542,-1.448923,-1.469551,1.014242,1.334878
1.039652,-1.577441,-1.561461,1.111723,1.262805
0.809207,-1.663101,-1.650202,1.189031,1.202966
0.578762,-1.83444,-1.824514,1.277279,1.143754
0.117872,-2.005779,-2.001995,1.36863,1.083146
-0.573463,-2.177136,-2.182646,1.455274,1.039011
-0.573463,-2.177136,-2.182646,1.528128,1.016583
-0.803908,-1.791619,-1.929101,1.5815,1.0043
-1.034353,-1.74878,-1.761128,1.589375,1.003625
-1.956133,-0.892067,-0.918091,1.589375,1.003625
-1.495243,-0.806407,-0.911752,1.585427,1.009719
-1.956133,-0.934906,-0.918091,1.543589,1.045507
-1.956133,-0.635068,-0.661377,1.4915,1.09025
-1.956133,-0.463729,-0.575805,1.411125,1.141
-1.725688,-0.249551,-0.23035,1.317064,1.200531
-1.956133,-0.121033,-0.147948,1.199466,1.267478
-1.725688,-0.035372,-0.059208,1.102508,1.319786
-1.725688,0.307305,0.368649,0.990735,1.374673
-1.725688,0.221645,0.111935,0.890098,1.422175
-1.725688,0.392984,0.368649,0.795375,1.458625
-1.495243,0.135967,0.200676,0.6976,1.487
-1.495243,0.178806,0.115105,0.631726,1.50797
-1.956133,0.135967,-0.147948,0.563248,1.531672
-0.803908,-0.078212,0.124612,0.507635,1.562518
-1.034353,-0.37805,-0.391985,0.468843,1.597367
-1.495243,-0.37805,-0.398324,0.442223,1.626252
-0.112573,-0.763567,-0.807165,0.435697,1.645435
-0.112573,-0.892067,-0.807165,0.435697,1.665916
-0.112573,-0.635068,-0.636022,0.435697,1.689125
-0.112573,-0.892067,-0.892736,0.442866,1.714879
-0.112573,-1.020585,-0.978308,0.4679,1.747296
0.809207,-0.806407,-0.880059,0.49246,1.77998
1.039652,-0.934906,-0.962461,0.523983,1.831667
1.270097,-1.063406,-1.044863,0.5621,1.8939
1.039652,-1.106245,-1.133604,0.600921,1.960651
1.270097,-0.934906,-1.044863,0.647184,1.972337
1.500542,-0.934906,-0.870551,0.720056,1.983514
1.270097,-0.677889,-0.702578,0.898211,2.002087
1.270097,-0.463729,-0.274721,1.079929,2.021852
1.500542,-0.720728,-0.613837,1.175141,2.029651
1.500542,-0.335211,-0.18598,1.264484,2.035813
1.270097,-0.249551,-0.274721,1.363073,2.046854
1.500542,-0.078212,-0.014837,1.451797,2.048387
1.500542,0.478644,0.498591,1.49624,2.054754
1.500542,0.307305,0.327448,1.529619,2.13425
1.270097,0.178806,0.153136,1.555021,2.2005
1.270097,0.264484,0.238708,1.5848,2.2005
1.270097,0.478644,0.495422,1.678982,2.2005
1.039652,0.607162,0.663395,1.795664,2.176416
1.039652,0.521484,0.492253,1.897432,2.143762
1.039652,0.907001,0.748967,1.974919,2.099834
0.809207,0.992679,1.002512,2.037816,2.042097
0.809207,1.206858,1.173654,2.09309,1.976644
0.578762,1.121179,1.256056,2.136292,1.914792
0.348318,1.164018,1.167316,2.176016,1.845972
0.117872,1.506696,1.506432,2.222922,1.740563
0.348318,1.592375,1.595173,2.246662,1.655294
0.348318,1.635196,1.595173,2.263267,1.554353
0.117872,1.592375,1.592003,2.283357,1.447329
0.117872,1.849374,1.763146,2.294621,1.347277
0.117872,1.849374,1.848718,2.295012,1.241112
-0.112573,1.421018,1.417691,2.295012,1.147634
0.117872,1.206858,1.249718,2.29077,1.081648
0.117872,1.378196,1.335289,2.269255,1.023683
0.117872,1.335357,1.335289,2.246014,0.994614
-0.112573,1.249679,1.33212,2.221258,0.994
-0.112573,1.335357,1.417691,2.200378,0.994
-0.112573,1.506696,1.503263,2.17125,0.99775
-0.343018,1.335357,1.243379,2.138506,1.035929
-0.343018,1.249679,1.328951,2.102885,1.094848
-0.112573,1.121179,1.075406,2.068514,1.158584
-0.112573,1.164018,1.075406,2.024344,1.242162
-0.112573,1.121179,1.160977,1.978189,1.303904
0.117872,0.907001,0.821861,1.93059,1.366439
0.117872,0.478644,0.565147,1.870463,1.452688
-0.343018,0.478644,0.473237,1.80699,1.538533
0.117872,0.307305,0.394004,1.74266,1.619151
-0.112573,0.221645,0.13412,1.670575,1.714757
0.348318,-0.121033,-0.116255,1.602524,1.797516
0.809207,-0.121033,-0.109917,1.541088,1.858422
1.039652,0.050306,0.064396,1.466961,1.940529
0.348318,-0.677889,-0.715255,1.404131,2.054535
0.348318,-0.934906,-0.886398,1.336611,2.133061
0.578762,-1.063406,-1.054371,1.263697,2.194751
0.578762,-0.977746,-0.9688,1.188987,2.244366
0.809207,-1.448923,-1.393487,1.12372,2.26856
0.348318,-1.448923,-1.485397,1.053982,2.2721
0.809207,-1.70594,-1.735773,0.981375,2.2721
1.039652,-1.620262,-1.647032,0.928839,2.2709
0.117872,-2.005779,-2.001995,0.846899,2.242343
-0.343018,-2.177136,-2.093905,0.786663,2.188176
-0.803908,-2.134297,-2.185815,0.744562,2.121616
-0.803908,-2.005779,-1.929101,0.713069,2.041583
-1.264798,-1.83444,-1.849868,0.687928,1.945839
-1.034353,-1.83444,-1.846699,0.6839,1.83015
-1.495243,-1.663101,-1.681895,0.6839,1.716566
-1.034353,-1.448923,-1.504413,0.6839,1.603101
-1.495243,-1.191924,-1.425181,0.690842,1.547769
-1.034353,-0.977746,-0.990985,0.702842,1.502939
-1.956133,-0.934906,-1.003662,0.710444,1.402782
-1.956133,-0.50655,-0.490234,0.713625,1.30525
-1.956133,-0.50655,-0.490234,0.720828,1.204354
-1.725688,-0.121033,-0.144779,0.735382,1.106806
-1.725688,-0.035372,-0.059208,0.758452,1.027764
-1.956133,0.307305,0.279909,0.792694,0.915613
-1.956133,0.307305,0.279909,0.832894,0.753969
-1.956133,0.350145,0.279909,0.88475,0.712625
-1.495243,0.178806,0.200676,0.949924,0.678059
-1.725688,0.221645,0.197507,1.023049,0.653367
-1.495243,0.350145,0.286247,1.099215,0.635239
-1.725688,0.350145,0.368649,1.157589,0.626304
-1.495243,0.564323,0.371819,1.199679,0.624
-1.725688,0.907001,0.882078,1.288665,0.624
-1.264798,0.692823,0.717274,1.391439,0.624
-1.034353,0.307305,0.378157,1.500184,0.6307
-1.034353,0.478644,0.5493,1.531214,0.673673
-0.803908,0.478644,0.552469,1.539164,0.769912
-1.034353,0.435823,0.378157,1.54,0.91332
-0.573463,0.307305,0.298925,1.54,1.015447
-0.803908,0.135967,0.124612,1.527311,1.106139
-0.573463,0.135967,0.04221,1.465142,1.226975
-0.573463,-0.121033,-0.128932,1.408,1.365225
-0.343018,-0.50655,-0.468049,1.408,1.478935
0.117872,-0.549389,-0.632853,1.408,1.578386
0.117872,-0.635068,-0.547281,1.410109,1.658524
0.117872,-0.592228,-0.547281,1.434392,1.756422
0.348318,-0.635068,-0.629684,1.470899,1.85234
0.578762,-0.549389,-0.540943,1.520389,1.93162
1.039652,-0.463729,-0.620176,1.576181,2.005655
1.270097,-0.592228,-0.702578,1.643339,2.06083
1.270097,-0.763567,-0.702578,1.706078,2.101309
1.270097,-0.635068,-0.617006,1.770991,2.105
1.270097,-0.549389,-0.531435,1.849987,2.105
1.500542,-0.37805,-0.357123,1.919731,2.104914
1.500542,-0.163872,-0.18598,1.998039,2.100517
1.270097,-0.078212,-0.018007,2.0667,2.066891
1.270097,-0.078212,-0.018007,2.117358,2.018011
1.500542,0.264484,0.241877,2.158601,1.965984
1.730988,0.392984,0.416189,2.200703,1.902242
1.500542,0.307305,0.41302,2.235677,1.825589
1.270097,0.135967,0.238708,2.264018,1.751948
1.500542,0.435823,0.327448,2.28543,1.670931
1.270097,0.650002,0.666565,2.302019,1.564369
1.039652,0.392984,0.32111,2.315875,1.4655
1.039652,0.478644,0.577824,2.340359,1.370603
1.039652,0.607162,0.663395,2.344536,1.274284
1.039652,0.992679,1.005681,2.344536,1.186735
0.809207,0.94984,1.002512,2.343786,1.090681
0.809207,0.992679,1.002512,2.3251,1.0096
0.578762,1.249679,1.256056,2.303805,0.950903
0.348318,1.463857,1.42403,2.280836,0.910078
0.348318,1.335357,1.252887,2.239679,0.864141
0.348318,1.421018,1.42403,2.182501,0.8241
0.348318,1.763714,1.680744,2.115733,0.7829
0.348318,1.678035,1.680744,2.061271,0.765636
0.117872,1.763714,1.848718,2.012926,0.757891
0.348318,1.720874,1.766315,1.979549,0.757891
0.348318,1.635196,1.680744,1.947225,0.757891
0.117872,1.635196,1.677575,1.922795,0.763955
0.348318,1.335357,1.338459,1.902955,0.804071
0.578762,1.421018,1.427199,1.889208,0.862377
0.348318,1.164018,1.252887,1.878884,0.939766
0.348318,1.206858,1.252887,1.858177,1.026028
0.117872,1.035519,0.993004,1.838836,1.111053
-0.343018,0.992679,0.901094,1.811778,1.206305
-0.112573,0.94984,0.904263,1.781378,1.302831
-0.343018,0.907001,0.901094,1.73832,1.411101
-0.803908,0.050306,0.124612,1.681728,1.531504
-0.573463,-0.035372,-0.043361,1.626986,1.628089
-0.803908,-0.292372,-0.303245,1.571462,1.713971
-0.343018,-0.37805,-0.468049,1.499301,1.813253
-0.803908,-0.977746,-0.902244,1.416221,1.904433
-0.573463,-0.849246,-0.899075,1.328659,1.988972
-0.112573,-1.020585,-0.978308,1.234375,2.062
-0.112573,-1.149084,-1.063879,1.153688,2.108395
-0.343018,-1.83444,-1.75162,1.060545,2.150195
-0.343018,-1.83444,-1.837191,0.9635,2.18042
-0.112573,-1.577441,-1.662879,0.873575,2.182393
0.117872,-1.620262,-1.574138,0.794142,2.182393
-0.112573,-1.663101,-1.74845,0.714451,2.178019
-0.112573,-1.406102,-1.406165,0.649538,2.151397
0.348318,-1.448923,-1.485397,0.593617,2.104937
0.348318,-1.577441,-1.570969,0.555914,2.051875
0.809207,-1.234745,-1.222345,0.542018,1.97988
0.809207,-1.406102,-1.393487,0.541708,1.892523
1.039652,-1.149084,-1.133604,0.541708,1.80054
1.039652,-1.063406,-1.133604,0.542927,1.688999
1.039652,-0.849246,-0.791318,0.554448,1.590286
1.270097,-0.635068,-0.617006,0.576774,1.47875
1.270097,-0.50655,-0.531435,0.600753,1.358274
1.500542,-0.37805,-0.357123,0.620665,1.238576
1.270097,-0.078212,-0.274721,0.637662,1.129552
1.270097,-0.335211,-0.360292,0.648143,1.026049
1.270097,-0.37805,-0.360292,0.67165,0.915175
1.500542,-0.206711,-0.18598,0.703187,0.822118
1.270097,-0.50655,-0.531435,0.737111,0.747141
1.270097,-0.37805,-0.360292,0.767939,0.702953
1.500542,-0.549389,-0.442694,0.798015,0.685766
1.270097,-0.592228,-0.617006,0.829683,0.685
1.270097,-0.849246,-0.788149,0.872944,0.685
1.270097,-0.763567,-0.87372,0.92833,0.687
1.270097,-0.892067,-0.87372,0.993948,0.72752
0.809207,-0.677889,-0.794488,1.066906,0.775979
0.809207,-0.806407,-0.794488,1.14011,0.818703
0.809207,-1.277584,-1.136773,1.219722,0.854976
0.578762,-1.491762,-1.482228,1.298409,0.895976
0.348318,-1.491762,-1.485397,1.377363,0.994528
-0.112573,-1.149084,-1.149451,1.458371,1.070388
-0.112573,-1.234745,-1.235022,1.557123,1.142523
-0.573463,-1.063406,-0.984646,1.627459,1.230193
-1.034353,-0.977746,-1.076556,1.701183,1.315658
-1.034353,-0.977746,-0.905414,1.755603,1.398807
-1.495243,-0.635068,-0.826181,1.803622,1.499741
-1.495243,-0.420889,-0.398324,1.841246,1.576981
-1.495243,-0.163872,-0.14161,1.8776,1.6757
-1.725688,-0.249551,-0.315922,1.904875,1.77075
-1.495243,0.050306,0.029533,1.924517,1.856818
-1.264798,0.264484,0.289417,1.940933,1.931049
-1.495243,0.521484,0.45739,1.940933,1.985885
-1.495243,0.564323,0.542961,1.940933,2.029749
-1.495243,0.778501,0.714104,1.937183,2.057414
-0.803908,0.992679,0.894755,1.916631,2.074173
-0.803908,0.94984,0.980326,1.863802,2.090138
-1.264798,1.292518,1.230702,1.796774,2.106649
-0.803908,1.164018,1.151469,1.709646,2.129469
-0.573463,1.164018,1.24021,1.624325,2.159626
-0.803908,1.292518,1.237041,1.518711,2.189504
-0.573463,1.206858,1.154638,1.407622,2.212536
-0.112573,1.592375,1.588834,1.29737,2.232387
0.117872,1.592375,1.677575,1.1915,2.237168
-0.112573,1.635196,1.588834,1.092,2.237168
-0.112573,1.678035,1.588834,1.012447,2.237168
0.117872,1.549535,1.592003,0.955606,2.23116
0.348318,1.678035,1.680744,0.932,2.226384
0.117872,1.421018,1.420861,0.932,2.223875
0.348318,1.206858,1.167316,0.932,2.2197
0.117872,1.335357,1.335289,0.942504,2.203398
0.348318,1.421018,1.42403,0.982702,2.180334
0.809207,1.506696,1.430369,1.047272,2.146868
0.578762,1.206858,1.256056,1.12974,2.103433
0.117872,1.292518,1.335289,1.208067,2.063097
0.348318,1.164018,1.167316,1.299941,2.021418
0.348318,0.82134,0.910602,1.38876,1.98558
0.348318,0.907001,0.82503,1.483089,1.945415
0.117872,0.392984,0.479575,1.575577,1.905657
-0.112573,0.392984,0.305263,1.663858,1.865983
0.117872,0.307305,0.394004,1.746211,1.824032
-1.034353,-0.035372,0.035872,1.814123,1.785655
-1.034353,-0.206711,-0.306414,1.877257,1.73239
-1.034353,-0.463729,-0.477557,1.951576,1.644066
-1.034353,-0.335211,-0.391985,2.000041,1.56301
-1.495243,-0.763567,-0.826181,2.052178,1.451305
-1.495243,-0.934906,-0.911752,2.081333,1.366303
-1.264798,-1.063406,-1.079726,2.108968,1.274285
-1.034353,-0.934906,-0.905414,2.130643,1.173995
-0.803908,-0.635068,-0.64553,2.13125,1.063551
-0.803908,-0.720728,-0.816673,2.13125,0.969726
-0.343018,-0.592228,-0.55362,2.127092,0.898033
-0.112573,-0.549389,-0.636022,2.098916,0.844149
-0.343018,-0.420889,-0.468049,2.060474,0.803421
-0.112573,-0.420889,-0.464879,2.016114,0.751568
0.117872,-0.37805,-0.376139,1.946331,0.683878
0.117872,0.050306,0.051718,1.878678,0.64675
-0.112573,0.178806,0.13412,1.811831,0.623796
-0.112573,-0.035372,0.048549,1.755772,0.605556
0.348318,0.050306,0.054888,1.690071,0.594038
-0.112573,0.735662,0.818692,1.603007,0.59295
0.809207,0.264484,0.232369,1.521976,0.59295
0.809207,0.521484,0.489083,1.425818,0.59425
1.039652,0.607162,0.663395,1.325553,0.612842
1.270097,0.607162,0.666565,1.2299,0.6447
1.039652,0.564323,0.663395,1.152859,0.675514
1.039652,0.82134,0.834538,1.07959,0.716044
1.270097,0.650002,0.666565,1.019664,0.756249
1.270097,0.478644,0.495422,0.970964,0.793722
1.270097,0.478644,0.495422,0.948692,0.847211
1.500542,0.093127,0.156306,0.931695,0.890004
1.730988,0.178806,0.330618,0.926899,0.93514
1.500542,0.350145,0.41302,0.926899,0.96352
1.500542,0.007467,0.070734,0.926899,0.974461
1.500542,0.178806,0.156306,0.929899,0.978487
1.500542,0.135967,0.156306,0.929899,0.981247
1.270097,0.093127,0.067565,0.932566,0.983967
1.500542,0.007467,-0.014837,0.946639,0.99691
1.500542,-0.206711,-0.18598,0.9604,1.014925
1.270097,-0.249551,-0.189149,0.969322,1.025633
1.500542,-0.50655,-0.442694,1.025519,1.042757
1.500542,-0.592228,-0.442694,1.147255,1.055462
1.500542,-0.50655,-0.528266,1.265922,1.082372
1.500542,-0.977746,-0.956123,1.395688,1.116484
1.270097,-1.234745,-1.216006,1.526428,1.162804
1.270097,-1.363263,-1.301577,1.699107,1.205523
1.039652,-1.320423,-1.304747,1.885016,1.233538
0.809207,-1.620262,-1.735773,1.947944,1.280254
0.809207,-1.920119,-1.992487,2.001921,1.33576
0.578762,-1.962958,-1.995657,2.046265,1.393782
0.809207,-2.048618,-1.992487,2.074021,1.449278
-0.112573,-2.177136,-2.261879,2.078102,1.515656
-0.112573,-2.091458,-2.176307,2.078102,1.536164
-0.112573,-2.048618,-1.74845,2.076877,1.53633
-0.343018,-2.177136,-2.179477,2.058964,1.53633
-0.343018,-1.962958,-1.75162,1.995588,1.535864
-0.112573,-1.83444,-1.834022,1.907853,1.534256
-1.495243,-1.534602,-1.510752,1.809754,1.528417
-1.495243,-1.363263,-1.339609,1.716431,1.514607
-1.725688,-1.191924,-1.171636,1.626462,1.489573
-1.956133,-1.149084,-1.260376,1.540388,1.47991
-1.956133,-0.763567,-1.003662,1.444359,1.473735
-1.725688,-0.635068,-0.572636,1.359762,1.468
-1.725688,-0.549389,-0.487065,1.2865,1.468
-1.956133,-0.420889,-0.490234,1.212267,1.468
-1.956133,-0.249551,-0.319091,1.145164,1.473018
-1.956133,-0.292372,-0.319091,1.073069,1.499284
-1.725688,0.050306,0.026364,1.00239,1.533705
-1.725688,0.007467,0.026364,0.929323,1.579115
-1.956133,0.264484,0.279909,0.855726,1.635529
-1.725688,0.135967,0.026364,0.802141,1.690018
-1.725688,0.093127,0.026364,0.753041,1.754066
-1.725688,0.135967,0.111935,0.714939,1.817948
-2.186578,0.050306,0.191168,0.685823,1.873796
-2.417023,0.178806,0.102427,0.676,1.941543
-1.725688,-0.035372,-0.059208,0.676,2.014439
-1.725688,-0.121033,-0.059208,0.676,2.066907
-1.725688,-0.078212,-0.144779,0.684152,2.111969
-2.186578,-0.50655,-0.578975,0.703772,2.135103
-2.186578,-0.934906,-0.578975,0.736139,2.153161
-1.956133,-0.849246,-0.918091,0.785647,2.16285
-2.186578,-0.934906,-1.006832,0.95899,2.172086
-1.956133,-1.406102,-1.345948,1.108656,2.176114
-1.956133,-1.363263,-1.431519,1.187259,2.1804
-1.264798,-1.663101,-1.593154,1.271529,2.182363
-1.034353,-1.663101,-1.589985,1.3583,2.1862
0.117872,-1.663101,-1.65971,1.453724,2.19356
-0.112573,-1.920119,-1.834022,1.521703,2.20796
0.117872,-1.920119,-1.916424,1.542474,2.21825
0.348318,-1.920119,-1.913254,1.567688,2.225087
-0.803908,-1.406102,-1.415673,1.636125,2.225367
-1.034353,-1.406102,-1.418842,1.707992,2.225367
-0.573463,-1.234745,-1.326932,1.791347,2.225093
-0.803908,-1.320423,-1.330101,1.860374,2.222799
-0.573463,-0.892067,-0.899075,1.922747,2.199696
-0.573463,-0.720728,-0.813504,1.987108,2.162542
-1.264798,-0.592228,-0.651869,2.048893,2.11746
-1.034353,-0.677889,-0.648699,2.094493,2.060843
-1.264798,-0.335211,-0.13844,2.139453,1.979247
-1.034353,0.135967,0.207015,2.176875,1.900568
-1.034353,0.435823,0.378157,2.206967,1.822181
-1.034353,0.564323,0.5493,2.249411,1.717052
-1.034353,0.607162,0.5493,2.270557,1.63025
-1.034353,0.82134,1.062728,2.298902,1.536521
-1.264798,0.650002,0.631702,2.322739,1.458033
-1.034353,0.94984,1.062728,2.350056,1.364794
-0.573463,0.907001,0.897924,2.371439,1.292505
-0.343018,1.07834,0.986665,2.374504,1.221566
-0.573463,1.506696,1.496924,2.374504,1.158077
-0.343018,1.592375,1.500093,2.374504,1.101988
-0.343018,1.249679,1.243379,2.370706,1.046369
-0.112573,1.763714,1.759977,2.366258,1.007565
-0.343018,1.249679,1.328951,2.366258,0.989327
0.348318,1.249679,1.338459,2.366258,0.989016
0.348318,1.421018,1.42403,2.369379,0.989016
0.117872,1.421018,1.335289,2.392819,0.993013
0.578762,1.378196,1.427199,2.414449,1.024237
0.348318,1.378196,1.42403,2.425716,1.078229
0.578762,1.378196,1.341628,2.437078,1.13804
0.578762,1.249679,1.256056,2.437078,1.211948
0.809207,0.992679,1.002512,2.437078,1.299998
0.809207,1.206858,1.173654,2.430375,1.387125
1.039652,1.035519,1.005681,2.408855,1.498344
1.039652,0.907001,0.920109,2.376865,1.607625
1.039652,0.94984,0.920109,2.368995,1.677676
1.039652,0.907001,1.005681,2.328177,1.711536
1.270097,0.478644,0.580993,2.293481,1.803967
0.809207,0.82134,1.088083,2.227235,1.915494
1.270097,0.392984,0.324279,2.167278,1.994361
1.270097,0.307305,0.324279,2.097324,2.068859
1.730988,0.307305,0.416189,2.032699,2.118875
1.500542,-0.035372,0.070734,1.978688,2.1305
1.500542,-0.035372,-0.014837,1.93273,2.1305
1.500542,-0.206711,-0.271551,1.922934,2.1305
1.500542,-0.249551,-0.18598,1.922934,2.099146
1.039652,-0.549389,-0.534604,1.922934,2.008734
1.500542,-0.635068,-0.613837,1.931126,1.908972
1.500542,-0.549389,-0.613837,1.94954,1.803779
1.500542,-1.063406,-1.041694,1.963253,1.695978
1.730988,-1.149084,-1.124096,1.982514,1.591426
1.500542,-1.406102,-1.38398,1.989,1.493212
1.270097,-1.620262,-1.558292,1.989,1.412543
1.039652,-1.663101,-1.732604,1.989,1.350289
0.578762,-1.877279,-1.910085,1.98675,1.286156
0.117872,-1.962958,-1.916424,1.970822,1.232531
0.348318,-2.177136,-2.169969,1.941037,1.168088
0.348318,-2.434135,-2.426683,1.912194,1.104078
-0.112573,-2.348475,-2.261879,1.874306,1.036093
-0.573463,-2.177136,-2.182646,1.82752,0.9671
-0.112573,-1.962958,-2.005164,1.773313,0.904948
-0.112573,-2.048618,-2.005164,1.71371,0.85386
-0.343018,-1.74878,-1.837191,1.646693,0.809464
-0.343018,-1.83444,-1.837191,1.585954,0.776491
-0.112573,-1.877279,-1.834022,1.508766,0.741655
-0.112573,-1.70594,-1.74845,1.434642,0.722526
-0.343018,-1.83444,-1.837191,1.3607,0.716265
-0.343018,-1.920119,-1.837191,1.287473,0.716265
0.117872,-1.791619,-1.830852,1.2349,0.716265
-0.343018,-1.920119,-1.922762,1.169158,0.724089
0.117872,-1.663101,-1.65971,1.100159,0.750911
0.117872,-1.663101,-1.745281,1.032198,0.793732
0.578762,-1.448923,-1.482228,0.97617,0.840592
0.117872,-1.234745,-1.402995,0.919401,0.881849
0.578762,-0.763567,-0.797657,0.862921,0.941579
0.809207,-0.849246,-0.708916,0.810929,1.007235
0.809207,-0.892067,-0.880059,0.770241,1.071556
1.039652,-0.420889,-0.363461,0.727823,1.155067
0.809207,-0.078212,-0.109917,0.698512,1.226514
1.039652,0.050306,0.064396,0.672259,1.310118
0.809207,0.135967,0.146798,0.652521,1.3995
0.809207,0.221645,0.232369,0.647,1.489058
0.578762,0.307305,0.314771,0.647,1.576986
0.578762,0.521484,0.571485,0.647,1.661155
0.809207,0.907001,0.831369,0.65025,1.737525
0.578762,0.778501,0.657057,0.662414,1.811325
0.809207,0.435823,0.403512,0.68351,1.88326
1.039652,0.478644,0.492253,0.7188,1.9575
1.039652,0.435823,0.406681,0.760265,2.01693
0.809207,0.135967,0.232369,0.806544,2.059166
0.578762,0.307305,0.314771,0.901154,2.08995
0.348318,0.478644,0.397173,1.078844,2.097928
0.809207,0.178806,0.146798,1.250986,2.105222
0.578762,-0.163872,-0.198657,1.344679,2.115155
0.348318,-0.37805,-0.372969,1.425077,2.12718
-0.112573,-0.292372,-0.293737,1.512,2.13625
-0.112573,-0.592228,-0.379308,1.578615,2.154829
0.117872,-0.763567,-0.803996,1.618285,2.165358
-0.573463,-1.063406,-1.070218,1.644328,2.174236
-0.803908,-0.977746,-0.987816,1.673612,2.201534
-1.264798,-1.149084,-1.165297,1.715587,2.238
-1.264798,-0.977746,-0.994154,1.794688,2.238
-1.725688,-1.106245,-1.171636,1.853016,2.238
-1.725688,-0.677889,-0.658207,1.904979,2.228581
-1.725688,-0.335211,-0.401493,1.945779,2.213294
-1.725688,-0.163872,-0.144779,1.974802,2.19238
-1.725688,-0.035372,-0.059208,2.003697,2.183095
-1.495243,0.007467,0.029533,2.02985,2.168679
-1.725688,0.307305,0.197507,2.056424,2.1675
-1.725688,0.178806,0.197507,2.084058,2.1691
-1.725688,0.307305,0.283078,2.0895,2.1695
-1.495243,0.564323,0.542961,2.0895,2.170537
-1.264798,0.607162,0.546131,2.088577,2.181033
-1.034353,0.521484,0.463729,2.071361,2.18872
-1.264798,0.735662,0.888416,2.018108,2.189
-1.034353,0.650002,0.634871,1.940519,2.189
-0.803908,0.992679,0.894755,1.842806,2.18822
-0.803908,1.335357,1.322612,1.731679,2.1725
-0.803908,1.335357,1.322612,1.619405,2.14426
-0.803908,1.378196,1.322612,1.510698,2.114667
-0.573463,1.249679,1.24021,1.399784,2.06053
-0.573463,1.506696,1.411353,1.305691,1.991057
-0.573463,1.292518,1.325781,1.216609,1.910199
-0.343018,1.592375,1.500093,1.13273,1.832612
0.117872,1.421018,1.848718,1.066918,1.769687
0.117872,1.849374,1.848718,1.007385,1.691494
-0.112573,1.635196,1.674405,0.958399,1.622581
-0.112573,1.635196,1.588834,0.910081,1.559045
0.348318,1.678035,1.851887,0.874,1.52025
0.117872,1.678035,1.592003,0.868,1.508
0.117872,1.421018,1.420861,0.868,1.508
0.117872,1.206858,1.335289,0.868511,1.508
0.578762,1.506696,1.427199,0.906895,1.510813
0.578762,1.335357,1.256056,0.974689,1.517425
0.578762,1.206858,1.170485,1.052998,1.531375
0.809207,1.164018,1.088083,1.138125,1.552429
0.809207,0.907001,0.91694,1.246766,1.599508
0.809207,0.564323,0.574655,1.385944,1.617983
1.270097,0.564323,0.495422,1.525447,1.621621
1.039652,0.478644,0.492253,1.607452,1.623
1.500542,0.521484,0.584163,1.678911,1.623
1.270097,0.392984,0.40985,1.7773,1.621683
1.500542,0.478644,0.498591,1.890793,1.616029
1.500542,0.650002,0.755305,1.996932,1.59239
1.500542,0.607162,0.669734,2.075461,1.536
1.500542,0.692823,0.669734,2.114274,1.481825
1.270097,0.607162,0.580993,2.152727,1.44158
1.500542,0.564323,0.584163,2.182693,1.400472
1.500542,0.264484,0.327448,2.202977,1.341078
1.500542,0.435823,0.498591,2.205903,1.274867
1.500542,0.093127,0.156306,2.205903,1.210197
1.500542,0.221645,0.241877,2.205677,1.141754
1.500542,0.307305,0.327448,2.193697,1.070799
1.500542,0.392984,0.41302,2.177506,0.994056
1.270097,0.778501,0.752136,2.150304,0.93535
1.270097,0.778501,0.837707,2.100309,0.877809
1.039652,0.778501,0.748967,2.044882,0.823873
1.039652,0.692823,0.748967,1.982869,0.773181
1.039652,0.607162,0.663395,1.907251,0.723015
0.809207,1.035519,1.088083,1.840649,0.688065
0.578762,1.164018,1.170485,1.757951,0.659902
0.578762,1.335357,1.341628,1.6743,0.6386
0.578762,1.421018,1.341628,1.588789,0.622636
0.117872,1.592375,1.592003,1.500114,0.620817
0.348318,1.421018,1.509601,1.408283,0.620817
0.348318,1.164018,1.252887,1.330664,0.620817
0.117872,1.335357,1.335289,1.229583,0.636162
0.117872,1.249679,1.335289,1.130585,0.661702
-0.112573,1.678035,1.503263,1.044498,0.692571
-0.343018,1.506696,1.500093,0.972729,0.730646
-0.343018,1.506696,1.500093,0.917683,0.770688
-0.343018,1.249679,1.585665,0.871977,0.824528
-0.573463,1.121179,1.069067,0.839087,0.882933
-0.803908,1.164018,1.151469,0.806901,0.96146
-0.803908,1.164018,1.237041,0.785552,1.041291
-1.034353,1.292518,1.233871,0.765625,1.128625
-0.573463,1.549535,1.496924,0.745637,1.216326
-1.034353,1.378196,1.405014,0.720356,1.321016
-0.803908,1.249679,1.237041,0.689571,1.443368
-0.573463,1.506696,1.496924,0.67892,1.543778
-0.573463,1.421018,1.411353,0.6723,1.653337
-0.573463,1.335357,1.325781,0.663023,1.734975
-0.573463,1.121179,1.154638,0.656773,1.8135
-0.343018,1.07834,1.157808,0.6485,1.87416
-0.112573,0.607162,0.561977,0.648,1.923438
0.348318,0.82134,0.739459,0.644792,1.948021
0.117872,0.650002,0.650718,0.639293,1.965582
0.348318,0.564323,0.568316,0.638115,1.9675
0.348318,0.392984,0.311602,0.635393,1.9675
0.117872,0.307305,0.394004,0.577643,1.9675
0.348318,-0.121033,-0.116255,0.5715,1.958689
1.270097,-0.463729,-0.360292,0.5715,1.935317
1.039652,-0.249551,-0.27789,0.5715,1.899145
1.270097,-0.463729,-0.445864,0.574,1.8493
1.039652,-0.592228,-0.534604,0.583513,1.771966
0.809207,-0.763567,-0.708916,0.59775,1.708291
1.039652,-0.934906,-0.962461,0.611079,1.672508
1.270097,-1.277584,-1.216006,0.625101,1.627476
0.809207,-1.277584,-1.393487,0.638567,1.588089
1.039652,-1.577441,-1.561461,0.659466,1.494337
0.809207,-1.663101,-1.650202,0.68552,1.397789
0.578762,-1.83444,-1.738942,0.717125,1.303375
-0.112573,-1.920119,-1.919593,0.753125,1.225
-1.264798,-1.577441,-1.593154,0.80514,1.13002
-1.264798,-1.74878,-1.764297,0.876425,0.840525
-1.034353,-0.977746,-0.990985,0.954004,0.712074
-1.495243,-0.763567,-0.740609,1.055078,0.654747
-1.034353,-0.977746,-0.990985,1.139961,0.618043
-1.495243,-0.635068,-0.655038,1.237914,0.582775
-1.495243,-0.463729,-0.483895,1.330705,0.554057
-1.725688,-0.249551,-0.315922,1.424625,0.53325
-1.725688,-0.035372,-0.059208,1.500194,0.521109
-1.725688,0.007467,-0.059208,1.550556,0.513459
-1.956133,0.135967,0.108766,1.589023,0.512597
-1.725688,0.050306,-0.059208,1.599,0.512597
-1.725688,0.307305,0.368649,1.599,0.512598
-1.264798,0.692823,0.631702,1.599,0.518375
-1.264798,0.650002,0.460559,1.589023,0.529461
-1.725688,0.82134,0.796506,1.549826,0.563686
-1.495243,1.249679,1.484247,1.509223,0.615133
-1.264798,1.249679,0.973988,1.464964,0.689016
-1.264798,1.121179,1.145131,1.420901,0.774194
-0.803908,1.249679,1.322612,1.3709,0.8687
-0.803908,1.506696,1.493755,1.324204,0.967147
-0.573463,1.335357,1.325781,1.271029,1.096561
-0.112573,1.763714,1.674405,1.232527,1.208554
-0.573463,1.506696,1.582495,1.202298,1.313176
-0.112573,1.592375,1.674405,1.176374,1.439661
-0.112573,1.678035,1.759977,1.174774,1.549237
0.117872,1.849374,1.848718,1.174774,1.667698
0.117872,1.849374,1.848718,1.189935,1.778794
-0.112573,1.849374,1.845548,1.298102,1.87176
0.117872,1.678035,1.677575,1.348853,1.95675
0.348318,1.592375,1.595173,1.369323,2.017599
0.348318,1.549535,1.509601,1.405432,2.070011
0.578762,1.506696,1.598342,1.463559,2.108799
0.117872,1.249679,1.249718,1.527555,2.134168
0.578762,1.335357,1.256056,1.560561,2.14
0.809207,1.335357,1.344797,1.584595,2.14
0.578762,1.206858,1.256056,1.616958,2.14
0.809207,1.164018,0.831369,1.668681,2.134526
0.809207,0.735662,0.745797,1.748245,2.118794
1.270097,0.692823,0.752136,1.837449,2.089413
0.809207,0.607162,0.660226,1.933221,2.051303
1.270097,0.607162,0.495422,2.004859,2.008985
1.270097,0.521484,0.495422,2.057729,1.964749
1.270097,0.392984,0.40985,2.093097,1.910315
1.500542,0.392984,0.327448,2.122542,1.85716
1.500542,0.307305,0.327448,2.156421,1.78702
1.270097,0.178806,0.153136,2.1867,1.683511
1.270097,0.007467,0.067565,2.20954,1.594663
1.500542,0.050306,0.070734,2.226813,1.521859
1.270097,-0.121033,-0.103578,2.241055,1.438346
1.500542,-0.292372,-0.18598,2.255441,1.333637
1.500542,-0.163872,-0.18598,2.259,1.237997
1.500542,-0.249551,-0.357123,2.259,1.145098
1.270097,-0.078212,-0.103578,2.259,1.057579
1.039652,0.007467,-0.021176,2.252549,0.969169
1.500542,0.007467,0.070734,2.217871,0.878881
1.270097,0.007467,0.067565,2.176217,0.812453
1.270097,0.135967,0.153136,2.127959,0.767675
0.809207,0.307305,0.232369,2.067865,0.724299
0.809207,0.178806,0.232369,1.99459,0.681902
0.578762,0.178806,0.058057,1.902931,0.643514
0.578762,0.093127,0.143628,1.803307,0.622902
0.578762,-0.035372,0.058057,1.712123,0.614082
0.348318,0.264484,0.22603,1.597022,0.605021
0.348318,0.564323,0.397173,1.485502,0.603716
0.117872,0.478644,0.565147,1.389761,0.603716
-0.112573,0.650002,0.73312,1.290125,0.605341
-0.573463,0.478644,0.470067,1.207374,0.624134
-0.343018,0.478644,0.473237,1.118898,0.645591
-0.573463,0.564323,0.555639,1.040314,0.677355
-0.573463,0.735662,0.726782,0.985217,0.708713
-0.803908,0.907001,0.894755,0.937705,0.750832
-0.343018,0.94984,0.901094,0.899375,0.8035
-0.803908,0.907001,0.894755,0.8737,0.862606
-0.343018,0.907001,0.986665,0.845759,0.927836
-0.573463,0.82134,0.812353,0.810701,1.011693
-0.573463,0.692823,0.726782,0.788303,1.094926
-0.343018,0.82134,0.729951,0.761674,1.192318
-0.343018,0.478644,0.473237,0.734613,1.300671
-0.803908,0.135967,0.210184,0.71328,1.402979
-0.803908,0.264484,0.210184,0.688785,1.4987
-0.573463,0.135967,0.04221,0.669858,1.576957
0.348318,-0.292372,-0.287398,0.665195,1.660645
0.348318,-0.292372,-0.201827,0.665195,1.759182
0.117872,-0.549389,-0.547281,0.665228,1.833457
0.117872,-0.892067,-0.803996,0.674417,1.896459
-0.112573,-0.892067,-0.892736,0.68775,1.945875
-0.112573,-0.849246,-0.892736,0.713316,1.992798
0.348318,-1.191924,-1.228683,0.743505,2.032377
0.578762,-1.577441,-1.5678,0.774925,2.063419
0.809207,-1.620262,-1.56463,0.807977,2.082067
0.578762,-1.663101,-1.738942,0.835381,2.084648
0.578762,-1.791619,-1.824514,0.849268,2.084648
0.578762,-1.791619,-1.824514,0.85269,2.084519
0.117872,-1.877279,-1.830852,0.85488,2.071645
-0.112573,-1.920119,-1.919593,0.8561,2.038784
-0.343018,-1.920119,-1.922762,0.859272,1.995631
-0.803908,-2.219957,-2.271387,0.878202,1.932447
-0.803908,-2.134297,-2.271387,0.901528,1.866793
-1.495243,-1.920119,-1.853038,0.931263,1.787653
-1.264798,-1.83444,-1.93544,0.969046,1.690993
-1.495243,-1.406102,-1.425181,1.011917,1.592358
-1.264798,-0.892067,-1.165297,1.057004,1.500761
-1.495243,-0.806407,-0.826181,1.0774,1.465637
-1.495243,-0.420889,-0.483895,1.147501,1.350958
-1.264798,-0.249551,-0.309583,1.212566,1.247641
-1.264798,-0.163872,-0.309583,1.28181,1.131421
-1.725688,0.007467,0.026364,1.352742,1.022121
-1.725688,0.050306,0.026364,1.421218,0.930878
-1.956133,0.392984,0.36548,1.47874,0.86396
-1.725688,0.392984,0.368649,1.522223,0.827148
-1.264798,0.178806,0.203845,1.538243,0.8248
-1.495243,0.307305,0.200676,1.539625,0.8248
-1.725688,0.264484,0.197507,1.540427,0.82624
-1.956133,0.221645,0.279909,1.54275,0.855
-1.495243,-0.121033,-0.14161,1.545912,0.919528
-1.725688,0.135967,0.111935,1.552805,1.000989
-1.495243,0.178806,0.029533,1.563068,1.088602
-1.725688,-0.078212,-0.144779,1.575019,1.189907
-1.264798,-0.292372,-0.224012,1.580253,1.291911
-1.495243,-0.892067,-0.911752,1.585221,1.377182
-1.264798,-0.892067,-0.908583,1.586961,1.486836
-0.803908,-1.920119,-1.929101,1.588929,1.592183
-0.573463,-2.005779,-2.011503,1.59465,1.68412
-0.803908,-2.177136,-2.100244,1.601749,1.768569
-0.343018,-2.262797,-2.265048,1.62242,1.866507
-0.343018,-2.177136,-2.179477,1.65785,1.947923
0.117872,-2.091458,-2.173138,1.703574,2.031822
0.348318,-1.962958,-1.998826,1.744433,2.094601
0.809207,-1.577441,-1.56463,1.787164,2.138693
1.039652,-1.320423,-1.304747,1.838642,2.154419
1.270097,-1.363263,-1.387149,1.890727,2.154419
1.500542,-1.320423,-1.298408,1.948524,2.154419
1.730988,-1.149084,-1.124096,2.015693,2.145568
1.730988,-0.849246,-0.78181,2.072456,2.108735
1.500542,-0.50655,-0.528266,2.126982,2.071053
1.500542,-0.50655,-0.442694,2.159113,2.028746
1.500542,-0.292372,-0.271551,2.189246,1.964149
1.730988,-0.163872,-0.097239,2.211106,1.899128
1.730988,-0.078212,0.073903,2.230669,1.817974
1.730988,-0.206711,-0.182811,2.242549,1.730959
1.500542,-0.292372,-0.18598,2.249979,1.636341
1.270097,-0.37805,-0.445864,2.251767,1.52583
1.500542,-0.249551,-0.18598,2.252,1.406267
1.500542,-0.549389,-0.528266,2.252,1.306423
1.500542,-0.206711,-0.271551,2.251239,1.206808
1.500542,-0.249551,-0.100409,2.244775,1.115199
1.270097,-0.035372,-0.103578,2.23366,1.033683
1.270097,0.392984,0.40985,2.217387,0.962606
1.270097,0.264484,0.324279,2.209812,0.926962
1.039652,0.650002,0.406681,2.206144,0.917569
1.039652,0.650002,0.663395,2.204091,0.917569
0.809207,0.435823,0.489083,2.201509,0.917569
0.809207,0.82134,0.831369,2.2,0.920585
0.809207,0.82134,0.831369,2.197663,0.954274
0.809207,1.206858,1.173654,2.182619,0.994977
0.578762,1.206858,1.170485,2.168851,1.038742
0.578762,1.164018,1.170485,2.157314,1.100839
0.348318,1.206858,1.252887,2.153621,1.155237
0.348318,1.335357,1.338459,2.135989,1.234636
0.117872,1.506696,1.506432,2.12798,1.319375
0.117872,1.720874,1.677575,2.12771,1.439862
-0.112573,1.763714,1.674405,2.127407,1.570597
0.117872,1.678035,1.592003,2.123565,1.683167
0.348318,1.549535,1.595173,2.118109,1.795875
-0.112573,1.592375,1.674405,2.117645,1.904508
-0.112573,1.463857,1.503263,2.115484,2.022907
0.117872,1.421018,1.506432,2.094336,2.104753
0.348318,1.249679,1.252887,2.059028,2.168838
0.117872,1.206858,1.164146,2.007189,2.215702
0.117872,0.650002,0.650718,1.929414,2.255836
-0.112573,0.392984,0.476406,1.843762,2.298469
0.117872,0.435823,0.479575,1.744929,2.329246
0.809207,0.093127,0.061226,1.65325,2.350875
1.039652,-0.163872,-0.192319,1.537473,2.37063
1.039652,-0.292372,-0.27789,1.419011,2.383206
1.039652,-0.420889,-0.363461,1.294146,2.3906
1.039652,-0.37805,-0.363461,1.188768,2.391
1.039652,-0.292372,-0.27789,1.068798,2.391
1.270097,-0.635068,-0.617006,0.968429,2.38875
1.500542,-0.635068,-0.613837,0.869755,2.373126
1.500542,-0.763567,-0.78498,0.785193,2.348782
1.270097,-0.934906,-0.87372,0.7315,2.327
1.270097,-1.063406,-1.044863,0.708631,2.308881
1.039652,-1.106245,-1.048033,0.7055,2.286594
1.039652,-1.063406,-1.048033,0.7055,2.253703
1.039652,-1.191924,-1.219175,0.7055,2.220217
0.809207,-1.448923,-1.393487,0.709607,2.173907
0.578762,-1.363263,-1.311085,0.710344,2.117508
0.578762,-1.234745,-1.225514,0.710344,2.046667
0.348318,-0.849246,-0.800826,0.710219,1.944547
0.578762,-0.592228,-0.626514,0.705552,1.89021
0.117872,-0.463729,-0.46171,0.696704,1.846858
0.117872,-0.292372,-0.290567,0.688764,1.760809
0.117872,-0.078212,-0.119424,0.688764,1.642055
-0.112573,0.307305,0.305263,0.688764,1.521251
-0.343018,0.350145,0.302094,0.691083,1.409574
0.117872,0.521484,0.479575,0.705683,1.288707
-0.343018,0.478644,0.558808,0.723287,1.181336
-0.343018,0.564323,0.558808,0.747188,0.965812
-0.803908,0.82134,0.809184,0.7867,0.8632
-0.573463,0.907001,0.897924,0.837341,0.777474
-1.034353,0.94984,0.891586,0.892773,0.712919
-0.803908,0.992679,1.065898,0.944318,0.683113
-0.803908,0.992679,1.065898,0.9903,0.682969
-1.034353,0.650002,0.634871,1.026886,0.682969
-0.803908,0.650002,0.723612,1.057706,0.686766
-0.803908,0.392984,0.466898,1.086833,0.732125
-0.803908,0.307305,0.381327,1.111792,0.803667
-0.803908,0.050306,0.039041,1.132039,0.897478
-0.803908,-0.035372,-0.132102,1.146102,1.00004
-0.803908,0.050306,-0.04653,1.154406,1.100945
-0.573463,-0.463729,-0.471218,1.155656,1.21869
-0.803908,-0.549389,-0.731101,1.157231,1.3307
-0.573463,-0.592228,-0.642361,1.158494,1.457768
-0.573463,-0.977746,-0.899075,1.1603,1.5873
-0.573463,-0.934906,-0.984646,1.199059,1.697482
-0.112573,-1.149084,-1.149451,1.316556,1.815098
-0.112573,-1.577441,-1.491736,1.409292,1.928444
-0.112573,-1.74878,-1.577307,1.425139,2.027525
-0.112573,-1.70594,-1.74845,1.448923,2.100236
-0.343018,-1.920119,-1.837191,1.453095,2.161
-0.573463,-1.920119,-1.925932,1.453095,2.195447
-0.112573,-2.005779,-2.005164,1.45569,2.196947
-0.573463,-1.920119,-2.011503,1.441845,2.196947
-0.573463,-1.920119,-1.925932,1.42262,2.196548
-0.803908,-2.005779,-2.100244,1.42262,2.158485
-1.034353,-2.048618,-2.017842,1.42262,2.10939
-1.495243,-1.70594,-1.681895,1.432371,2.065524
-1.495243,-1.74878,-1.767466,1.440403,1.996613
-1.725688,-1.620262,-1.685064,1.4406,1.956796
-1.725688,-1.277584,-1.257207,1.4405,1.875889
-1.264798,-1.106245,-1.165297,1.4401,1.784502
-1.725688,-0.934906,-1.000493,1.430942,1.66638
-1.495243,-0.763567,-0.569467,1.414123,1.544662
-1.725688,-0.292372,-0.401493,1.410253,1.41705
-1.956133,-0.249551,-0.23352,1.410253,1.312883
-1.495243,-0.078212,-0.056038,1.410253,1.187944
-1.495243,-0.035372,0.029533,1.419941,1.060874
-1.495243,0.135967,0.029533,1.443749,0.956096
-1.495243,0.392984,0.45739,1.483043,0.853164
-1.264798,0.478644,0.374988,1.538707,0.762
-1.725688,0.307305,0.197507,1.603862,0.70575
-1.725688,0.478644,0.368649,1.672439,0.703
-1.495243,0.478644,0.371819,1.718635,0.703
-1.495243,0.392984,0.286247,1.763866,0.707164
-1.495243,0.178806,0.115105,1.79825,0.741375
-1.725688,-0.035372,-0.059208,1.826451,0.819049
-1.725688,-0.035372,0.026364,1.842689,0.930186
-1.495243,-0.121033,-0.14161,1.85075,1.026035
-1.264798,-0.420889,-0.309583,1.851,1.137343
-1.034353,-0.463729,-0.477557,1.851,1.254726
-1.034353,-0.592228,-0.648699,1.852794,1.381179
-1.034353,-1.063406,-1.076556,1.853481,1.495463
-0.343018,-1.577441,-1.580477,1.853554,1.610732
-0.112573,-1.448923,-1.491736,1.857465,1.71038
0.348318,-1.70594,-1.742112,1.868315,1.793636
0.578762,-1.663101,-1.824514,1.892222,1.864245
1.039652,-1.663101,-1.732604,1.926677,1.948079
1.270097,-1.663101,-1.558292,1.964339,2.00278
1.270097,-1.149084,-1.216006,2.001294,2.040884
1.039652,-0.892067,-0.962461,2.0498,2.042017
1.039652,-0.934906,-0.87689,2.082266,2.042017
1.039652,-0.37805,-0.363461,2.121807,2.039201
1.270097,-0.677889,-0.531435,2.154421,2.019313
1.270097,-0.50655,-0.531435,2.188263,1.981924
1.270097,-0.420889,-0.360292,2.22925,1.916
1.270097,-0.206711,-0.189149,2.2637,1.8398
1.039652,-0.163872,-0.192319,2.287116,1.761768
1.039652,0.050306,0.064396,2.31176,1.675156
1.039652,0.135967,0.064396,2.319088,1.604808
0.809207,0.135967,0.146798,2.326858,1.505453
0.809207,0.564323,0.574655,2.3275,1.411467
0.809207,0.607162,0.660226,2.3275,1.306287
0.578762,0.94984,0.913771,2.3259,1.2023
0.578762,0.82134,0.999342,2.313628,1.115609
0.348318,0.778501,0.82503,2.294539,1.030287
0.117872,0.992679,1.078575,2.277374,0.958703
0.348318,1.121179,1.167316,2.249383,0.900041
0.117872,1.206858,1.164146,2.218352,0.877665
-0.343018,1.506696,1.414522,2.195694,0.877279
-0.112573,1.335357,1.417691,2.186734,0.877279
0.117872,1.506696,1.420861,2.186734,0.881759
-0.112573,1.335357,1.33212,2.186734,0.914628
-0.343018,1.421018,1.414522,2.190539,0.968477
-0.803908,1.421018,1.322612,2.199889,1.026343
-0.343018,1.378196,1.328951,2.202,1.103107
-0.573463,1.292518,1.24021,2.202,1.192453
-0.803908,1.335357,1.408183,2.202,1.300528
-0.573463,1.292518,1.24021,2.197047,1.434602
-1.264798,1.249679,1.230702,2.180982,1.545439
-1.034353,0.94984,0.977157,2.147938,1.657648
-1.034353,0.94984,0.977157,2.103098,1.757463
-1.264798,0.735662,0.717274,2.042439,1.851582
-1.495243,0.778501,0.714104,1.968125,1.948625
-1.495243,0.692823,0.714104,1.902626,2.017668
-1.264798,0.82134,0.717274,1.824937,2.09425
-1.034353,0.82134,0.806014,1.721827,2.146645
-1.495243,0.778501,0.714104,1.618484,2.190881
-1.264798,0.778501,0.717274,1.550039,2.222312
-1.034353,0.82134,0.806014,1.496977,2.227225
-1.034353,0.692823,0.634871,1.404163,2.227225
-0.573463,0.564323,0.64121,1.316629,2.227225
-0.803908,0.692823,0.638041,1.22678,2.209815
-0.573463,0.392984,0.555639,1.156231,2.162179
-0.112573,0.307305,0.305263,1.08173,2.098561
-0.343018,0.392984,0.302094,0.989335,2.029635
-0.112573,0.478644,0.390835,0.90875,1.95575
0.117872,0.221645,0.308432,0.874335,1.862961
0.348318,0.264484,0.22603,0.845062,1.749062
0.578762,0.093127,0.143628,0.831187,1.650619
0.809207,0.135967,0.146798,0.827,1.522076
0.809207,0.093127,0.146798,0.826484,1.41461
0.809207,0.264484,0.403512,0.820426,1.32373
1.039652,0.307305,0.32111,0.817349,1.291528
1.039652,0.264484,0.235538,0.788093,1.173251
1.039652,0.221645,0.32111,0.738676,1.055595
0.578762,0.478644,0.571485,0.738676,0.955938
0.809207,0.350145,0.403512,0.738676,0.856603
0.809207,0.392984,0.31794,0.759256,0.768501
0.809207,0.392984,0.489083,0.822276,0.693501
0.809207,0.221645,0.232369,0.8929,0.629521
0.809207,0.221645,0.146798,0.977503,0.581438
0.809207,0.135967,0.146798,1.239608,0.547614
0.348318,0.050306,-0.030684,1.410689,0.52607
0.578762,-0.292372,-0.284229,1.497243,0.526
0.809207,-0.50655,-0.537774,1.592643,0.526
0.578762,-0.635068,-0.626514,1.669191,0.529186
0.348318,-0.720728,-0.800826,1.737521,0.552192
-0.112573,-0.806407,-0.892736,1.807342,0.584984
0.117872,-0.977746,-0.889567,1.864499,0.628766
0.117872,-1.234745,-1.317424,1.899061,0.671482
-0.112573,-1.491762,-1.577307,1.931785,0.708987
-0.343018,-1.406102,-1.409334,1.9475,0.741953
-0.803908,-1.70594,-1.672387,1.9475,0.766863
-0.803908,-1.920119,-1.929101,1.9475,0.780916
-0.803908,-1.920119,-1.929101,1.940213,0.785978
-0.573463,-2.005779,-2.011503,1.902658,0.79396
-0.112573,-1.920119,-1.919593,1.86972,0.80297
0.117872,-1.83444,-1.830852,1.807285,0.829382
0.348318,-1.83444,-1.827683,1.735554,0.866619
0.578762,-1.577441,-1.5678,1.66183,0.917326
0.809207,-1.491762,-1.479059,1.580987,0.98016
1.270097,-1.363263,-1.387149,1.507144,1.04044
1.270097,-1.063406,-1.044863,1.417676,1.119703
1.500542,-0.934906,-0.956123,1.344709,1.189435
1.270097,-0.677889,-0.788149,1.264412,1.277577
1.270097,-0.463729,-0.445864,1.197232,1.360511
1.270097,-0.420889,-0.445864,1.13325,1.44725
1.500542,-0.206711,-0.18598,1.078791,1.519806
1.270097,-0.121033,-0.103578,1.025247,1.596813
1.500542,0.178806,0.156306,0.982822,1.663879
1.270097,0.093127,0.153136,0.95836,1.707913
1.039652,0.007467,-0.021176,0.936265,1.751449
1.039652,0.007467,0.064396,0.931767,1.771962
1.039652,0.392984,0.406681,0.931767,1.773062
0.809207,0.392984,0.489083,0.931767,1.773062
1.039652,0.778501,0.748967,0.946938,1.771156
0.809207,0.735662,0.745797,0.975763,1.765856
1.039652,0.650002,0.748967,1.016964,1.763101
0.809207,0.864162,0.91694,1.068629,1.763
0.578762,1.121179,1.084914,1.12776,1.763
0.809207,1.07834,1.002512,1.20178,1.76321
0.348318,1.249679,1.252887,1.278137,1.773055
0.117872,1.249679,1.249718,1.365042,1.792417
0.117872,1.421018,1.335289,1.442279,1.806324
0.117872,1.506696,1.506432,1.507514,1.821462
0.348318,1.506696,1.509601,1.600593,1.856989
0.348318,1.421018,1.509601,1.688125,1.90475
0.809207,1.892213,2.628368,1.762333,1.949369
0.348318,1.463857,1.42403,1.825611,2.009433
0.117872,1.506696,1.420861,1.888302,2.078026
0.348318,1.592375,1.680744,1.920625,2.142241
0.348318,1.506696,1.509601,1.9225,2.200132
0.117872,1.335357,1.335289,1.9225,2.238911
-0.112573,1.592375,1.588834,1.921125,2.261592
-0.112573,1.506696,1.503263,1.903798,2.271823
-0.112573,1.421018,1.503263,1.863559,2.274823
-0.343018,1.121179,1.157808,1.818716,2.27595
-0.343018,1.164018,1.157808,1.762854,2.277089
-0.573463,0.907001,0.897924,1.66972,2.281623
-0.803908,1.035519,1.065898,1.591804,2.290192
-1.034353,1.07834,1.062728,1.546575,2.293653
-1.264798,0.907001,0.888416,1.446333,2.29375
-1.034353,0.82134,0.891586,1.339514,2.29375
-1.495243,0.650002,0.628533,1.243733,2.292268
-1.034353,0.778501,0.806014,1.130682,2.277557
-1.725688,0.82134,0.710935,1.047985,2.256997
-1.956133,0.692823,0.622194,0.983125,2.225625
-2.186578,0.478644,0.619025,0.877505,2.179322
-1.725688,0.735662,0.710935,0.817508,2.123812
-2.186578,0.992679,0.619025,0.792925,2.056097
-1.725688,0.82134,0.796506,0.778224,1.990164
-1.725688,0.650002,0.625364,0.762693,1.902726
-1.264798,0.564323,0.546131,0.747748,1.80525
-1.034353,0.607162,0.463729,0.736184,1.760972
-0.803908,0.435823,0.552469,0.72419,1.712325
-0.573463,0.435823,0.555639,0.72292,1.621562
-0.803908,0.307305,0.381327,0.72292,1.536918
-0.343018,0.392984,0.473237,0.723015,1.460391
-0.112573,0.564323,0.476406,0.734848,1.35494
0.117872,0.478644,0.479575,0.763877,1.249046
0.348318,0.564323,0.568316,0.793991,1.140287
0.117872,0.221645,0.222861,0.821975,0.96305
0.117872,0.135967,0.222861,0.8547,0.906543
0.578762,0.050306,0.143628,0.872274,0.863094
0.348318,0.178806,0.140459,0.886888,0.808909
0.578762,0.264484,0.2292,0.900681,0.780576
1.039652,0.650002,0.577824,0.915865,0.756413
1.039652,0.735662,0.577824,0.935758,0.734157
1.039652,0.521484,0.406681,0.967806,0.71175
1.039652,0.692823,0.663395,1.021484,0.680313
1.039652,0.350145,0.406681,1.076764,0.653214
1.270097,0.607162,0.580993,1.150955,0.626127
1.270097,0.307305,0.324279,1.247732,0.599656
1.500542,0.264484,0.327448,1.3477,0.57836
1.730988,0.264484,0.330618,1.440929,0.572472
1.500542,0.264484,0.327448,1.530169,0.572
1.961432,0.221645,0.162644,1.620644,0.572
1.730988,0.135967,0.159475,1.708289,0.572
1.500542,-0.206711,-0.18598,1.806945,0.572168
1.500542,-0.249551,-0.271551,1.8872,0.583034
1.270097,-0.420889,-0.360292,1.968625,0.61225
1.500542,-0.677889,-0.699408,2.03725,0.630349
1.270097,-0.934906,-0.959292,2.109313,0.640451
1.270097,-1.063406,-0.959292,2.155897,0.652824
1.500542,-1.277584,-1.212837,2.169163,0.662951
1.039652,-1.363263,-1.390318,2.169163,0.671625
0.809207,-1.491762,-1.479059,2.169163,0.679284
0.578762,-1.577441,-1.5678,2.155084,0.687368
0.348318,-1.877279,-1.913254,2.110959,0.717943
0.348318,-2.091458,-1.998826,2.059546,0.776065
0.117872,-2.219957,-2.173138,2.004079,0.832015
-0.343018,-2.091458,-2.093905,1.932796,0.885059
0.117872,-2.048618,-2.087567,1.85966,0.934914
0.578762,-1.791619,-1.824514,1.771371,0.999688
0.809207,-1.577441,-1.56463,1.682881,1.064852
1.039652,-1.577441,-1.561461,1.588462,1.128397
0.809207,-1.234745,-1.222345,1.486503,1.179101
0.809207,-0.806407,-0.880059,1.373728,1.236108
0.809207,-0.892067,-0.880059,1.299593,1.295608
1.039652,-0.50655,-0.449033,1.222433,1.359
1.039652,-0.50655,-0.449033,1.10575,1.45275
1.039652,-0.420889,-0.363461,1.003986,1.518057
1.039652,-0.121033,-0.021176,0.924,1.59125
0.809207,0.050306,0.061226,0.870298,1.642468
0.809207,0.135967,0.146798,0.812485,1.702042
0.809207,0.178806,0.146798,0.76475,1.761
0.578762,0.435823,0.400342,0.718486,1.832629
0.348318,0.650002,0.653887,0.695871,1.911739
0.578762,0.478644,0.485914,0.695246,1.975053
0.348318,0.607162,0.653887,0.695246,2.052633
0.348318,0.478644,0.482745,0.699231,2.11062
0.348318,0.307305,0.22603,0.725659,2.152402
0.348318,0.178806,0.140459,0.793361,2.194063
-0.112573,0.264484,0.219692,0.845867,2.217471
0.117872,0.050306,0.051718,0.916221,2.223817
-0.112573,0.564323,0.561977,1.000941,2.224919
-0.343018,0.478644,0.473237,1.090802,2.224919
-0.803908,0.82134,0.723612,1.196625,2.223624
-0.573463,0.650002,0.555639,1.288798,2.218471
-0.573463,0.82134,0.726782,1.380159,2.215276
-0.803908,0.435823,0.552469,1.476459,2.21469
-1.034353,0.478644,0.463729,1.588976,2.21469
-1.264798,0.521484,0.546131,1.673106,2.218577
-1.725688,0.778501,0.710935,1.740243,2.251456
-1.034353,0.735662,0.720443,1.753189,2.253404
-1.264798,0.650002,0.631702,1.752051,2.253603
-1.264798,0.607162,0.546131,1.750913,2.253801
-1.034353,0.564323,0.5493,1.744917,2.253974
-1.264798,0.264484,0.203845,1.696762,2.253822
-0.803908,-0.163872,-0.132102,1.621986,2.235258
-0.803908,-0.078212,-0.132102,1.538541,2.211094
0.117872,-0.078212,-0.033853,1.463684,2.188995
-0.343018,-0.249551,-0.211335,1.3748,2.15372
-0.343018,-0.37805,-0.382477,1.314056,2.111018
-0.803908,-0.37805,-0.64553,1.239693,2.053837
-0.573463,-0.592228,-0.556789,1.167711,1.983277
-0.343018,-0.677889,-0.639191,1.106622,1.898496
0.117872,-0.806407,-0.718424,1.061793,1.806796
-1.264798,-1.149084,-0.994154,1.034067,1.72163
-0.803908,-1.277584,-1.24453,1.021,1.629308
-0.803908,-1.320423,-1.330101,1.021,1.543119
-0.803908,-1.491762,-1.586815,1.021,1.454375
-1.956133,-1.877279,-1.773805,1.030446,1.393427
-1.725688,-1.83444,-1.941778,1.063544,1.385409
-1.495243,-2.005779,-2.02418,1.101702,1.385409
-0.343018,-2.177136,-2.093905,1.152957,1.387564
0.117872,-1.920119,-1.830852,1.206134,1.512361
0.117872,-2.005779,-1.916424,1.274748,1.547169
1.039652,-1.70594,-1.732604,1.343257,1.547169
1.270097,-1.363263,-1.387149,1.411656,1.545694
0.809207,-1.149084,-0.880059,1.484734,1.502594
1.039652,-1.234745,-1.219175,1.562415,1.43719
1.270097,-0.763567,-0.788149,1.633896,1.37207
1.500542,-0.934906,-0.870551,1.722144,0.954179
1.500542,-0.849246,-0.870551,1.806876,0.75165
1.730988,-0.592228,-0.696239,1.87487,0.710689
1.270097,-0.763567,-0.788149,1.946663,0.685516
0.809207,-0.892067,-0.880059,1.991208,0.6845
0.809207,-0.806407,-0.794488,1.99783,0.6845
0.809207,-0.763567,-0.794488,1.99783,0.689809
0.578762,-0.635068,-0.626514,1.99783,0.741003
0.578762,-0.50655,-0.540943,1.984432,0.811255
0.348318,-0.592228,-0.629684,1.941519,0.908703
0.348318,-0.37805,-0.372969,1.8892,1.014013
0.117872,-0.335211,-0.376139,1.841011,1.109738
-0.343018,0.050306,0.04538,1.790048,1.208116
0.117872,0.307305,0.308432,1.738615,1.302329
-0.343018,0.050306,0.130951,1.713818,1.386521
-0.573463,-0.121033,-0.128932,1.713818,1.44318
-0.573463,0.178806,0.127782,1.709318,1.480723
-0.573463,0.135967,0.127782,1.713683,1.501876
-0.573463,0.392984,0.213353,1.741581,1.527748
-0.573463,0.735662,0.64121,1.784613,1.56615
-0.573463,0.650002,0.64121,1.860856,1.600973
-0.573463,0.992679,0.812353,1.939962,1.642428
-1.034353,1.249679,1.1483,2.019825,1.691586
-0.573463,1.07834,1.154638,2.082209,1.752413
-0.343018,1.164018,1.072236,2.134818,1.831642
-0.803908,1.335357,1.493755,2.184464,1.911247
-0.573463,1.463857,1.496924,2.213917,1.963267
-0.112573,1.421018,1.503263,2.213917,2.012034
-0.112573,1.849374,1.759977,2.213917,2.05622
-0.112573,1.935053,1.845548,2.204087,2.09821
-0.112573,1.849374,1.759977,2.154544,2.141447
-0.112573,1.849374,1.845548,2.06258,2.18513
0.348318,1.592375,1.595173,1.980343,2.21301
0.348318,1.506696,1.42403,1.871754,2.241656
0.348318,1.549535,1.509601,1.760823,2.269624
0.578762,1.506696,1.427199,1.636076,2.286009
0.578762,1.335357,1.427199,1.529875,2.286071
0.809207,1.421018,1.344797,1.445863,2.286071
0.578762,1.164018,1.256056,1.368528,2.281487
0.578762,1.206858,1.170485,1.305887,2.246984
0.809207,0.907001,0.91694,1.265042,2.217875
1.039652,0.82134,0.834538,1.257667,2.1862
1.039652,0.692823,0.748967,1.257667,2.153007
0.578762,0.564323,0.571485,1.257667,2.114013
1.500542,0.692823,0.669734,1.261733,2.066395
1.270097,0.478644,0.580993,1.27693,2.007206
1.270097,0.093127,0.153136,1.295071,1.953992
1.270097,0.307305,0.324279,1.316014,1.879931
1.270097,0.307305,0.324279,1.334119,1.79609
1.270097,0.221645,0.238708,1.351676,1.715897
1.270097,0.050306,0.153136,1.376709,1.635931
1.500542,0.093127,0.070734,1.405513,1.548682
1.270097,-0.078212,-0.018007,1.436872,1.469619
1.500542,-0.335211,-0.271551,1.471597,1.375008
1.730988,-0.549389,-0.610668,1.49506,1.304559
1.500542,-0.549389,-0.442694,1.506113,1.211666
1.500542,-0.720728,-0.699408,1.506331,1.112248
1.500542,-0.849246,-0.870551,1.506331,1.019826
1.500542,-1.020585,-1.041694,1.504643,0.929686
1.500542,-1.063406,-1.041694,1.482707,0.850815
1.039652,-1.534602,-1.47589,1.443244,0.787031
1.039652,-1.791619,-1.818175,1.398547,0.738158
0.578762,-1.663101,-1.738942,1.34996,0.695798
0.348318,-1.663101,-1.65654,1.291143,0.658221
0.117872,-2.005779,-1.916424,1.230655,0.642452
-0.112573,-1.920119,-1.919593,1.153567,0.642452
-0.112573,-2.091458,-2.090736,1.072311,0.642452
-0.112573,-2.177136,-2.005164,0.997414,0.646309
-0.573463,-2.005779,-2.182646,0.934384,0.676861
-1.034353,-2.134297,-2.103413,0.881553,0.722447
-0.803908,-2.048618,-2.100244,0.829959,0.783664
-1.264798,-2.005779,-2.021011,0.791095,0.849599
-0.573463,-2.005779,-2.011503,0.756244,0.934296
-0.803908,-1.534602,-1.501244,0.730805,1.035046
-0.112573,-1.149084,-1.235022,0.712239,1.137469
-0.112573,-1.149084,-1.149451,0.694553,1.241151
0.117872,-1.020585,-0.975138,0.67704,1.349503
0.348318,-0.892067,-0.886398,0.66375,1.456842
0.809207,-0.806407,-0.708916,0.653623,1.546995
0.809207,-0.635068,-0.623345,0.650938,1.651121
0.809207,-0.37805,-0.452202,0.650938,1.748081
0.809207,-0.463729,-0.366631,0.650938,1.848569
0.348318,0.135967,0.140459,0.656609,1.925594
0.578762,0.178806,0.2292,0.673936,1.984181
0.809207,0.435823,0.489083,0.696045,2.037302
0.809207,0.564323,0.574655,0.72973,2.082961
0.578762,0.521484,0.485914,0.779477,2.115312
0.809207,0.521484,0.489083,0.863312,2.1396
0.578762,0.521484,0.485914,1.029018,2.166387
0.578762,0.435823,0.657057,1.193049,2.196972
0.809207,0.221645,0.232369,1.262747,2.216975
0.578762,0.392984,0.400342,1.347865,2.229552
0.809207,0.221645,0.31794,1.451326,2.237118
0.809207,0.178806,0.146798,1.507395,2.23729
0.348318,0.135967,0.140459,1.530719,2.236946
0.348318,0.050306,0.054888,1.556097,2.235161
0.578762,0.093127,0.058057,1.587133,2.228252
-0.112573,-0.463729,-0.550451,1.636342,2.214732
-0.112573,-0.549389,-0.550451,1.727166,2.194947
-0.112573,-0.720728,-0.636022,1.811435,2.171703
-0.343018,-0.892067,-0.895906,1.898466,2.15024
-0.112573,-0.849246,-0.892736,1.978959,2.130283
-1.034353,-1.020585,-0.990985,2.026436,2.103295
-0.573463,-1.063406,-0.984646,2.069891,2.076831
-1.495243,-0.892067,-0.911752,2.095,2.05044
-1.495243,-0.635068,-0.655038,2.095,2.042814
-1.495243,-0.720728,-0.740609,2.095,2.042054
-1.725688,-0.677889,-0.572636,2.086164,2.035535
-1.956133,-0.37805,-0.319091,2.043273,2.027693
-1.725688,-0.121033,-0.059208,2.0059,2.027693
-2.186578,-0.035372,-0.065546,1.960906,2.026492
-1.725688,-0.035372,-0.059208,1.893083,2.025549
-1.956133,0.350145,0.279909,1.814092,2.023253
-1.725688,0.264484,0.111935,1.724805,2.00846
-2.186578,0.435823,0.447882,1.632885,1.972214
-1.725688,0.392984,0.368649,1.56531,1.939032
-2.186578,0.907001,0.875739,1.477631,1.905397
-1.264798,0.94984,1.145131,1.386567,1.871452
-0.803908,0.82134,0.809184,1.293367,1.8228
-0.573463,0.907001,0.897924,1.216384,1.769761
-0.573463,0.907001,0.897924,1.143296,1.706825
-0.343018,0.82134,0.901094,1.074053,1.645006
-0.343018,1.07834,1.072236,1.013111,1.590321
-0.573463,1.249679,1.325781,0.969029,1.547246
-0.573463,1.378196,1.411353,0.961839,1.515334
0.117872,1.678035,1.677575,0.961839,1.496589
0.117872,1.635196,1.592003,0.962271,1.486948
0.117872,1.549535,1.506432,0.98825,1.4765
0.348318,1.378196,1.509601,1.055194,1.47453
0.348318,1.292518,1.338459,1.157394,1.471741
0.117872,1.292518,1.335289,1.254,1.470948
0.578762,1.164018,1.256056,1.299597,1.471177
0.348318,1.292518,1.252887,1.390375,1.473735
0.348318,1.292518,1.338459,1.496348,1.477913
0.578762,1.07834,1.084914,1.591449,1.486097
0.809207,0.94984,1.002512,1.701943,1.492323
0.809207,1.035519,1.002512,1.791315,1.497145
1.039652,0.607162,0.920109,1.871903,1.497194
1.039652,0.607162,0.663395,1.939,1.497194
1.039652,0.692823,0.663395,2.010427,1.495213
1.039652,0.692823,0.663395,2.077136,1.476844
1.270097,0.735662,0.666565,2.12911,1.448669
1.039652,0.735662,0.663395,2.185233,1.413065
1.270097,0.607162,0.666565,2.222903,1.372244
1.270097,0.307305,0.40985,2.26219,1.318622
1.500542,0.435823,0.498591,2.288694,1.240226
1.730988,0.521484,0.50176,2.291,1.159253
1.500542,0.435823,0.41302,2.291,1.085424
1.730988,0.221645,0.330618,2.2902,1.0185
1.730988,0.435823,0.416189,2.276211,0.9382
1.500542,0.135967,0.241877,2.242529,0.875661
1.270097,0.007467,0.067565,2.194879,0.817647
1.500542,-0.249551,-0.18598,2.141287,0.76702
1.270097,-0.206711,-0.189149,2.082432,0.724687
1.270097,-0.292372,-0.274721,2.006405,0.685803
1.270097,-0.763567,-0.788149,1.926333,0.658635
1.500542,-0.849246,-0.78498,1.840625,0.640889
1.270097,-0.849246,-0.788149,1.732542,0.632602
1.039652,-0.934906,-0.962461,1.644957,0.630595
1.039652,-1.149084,-1.133604,1.551601,0.630595
1.039652,-1.106245,-1.133604,1.477944,0.630595
0.348318,-1.83444,-1.827683,1.377916,0.639218
0.578762,-1.83444,-1.824514,1.301632,0.663375
0.117872,-1.70594,-1.574138,1.224762,0.69636
-0.112573,-1.83444,-1.834022,1.161151,0.731432
-0.112573,-1.70594,-1.662879,1.107245,0.769611
-0.573463,-1.491762,-1.412503,1.055108,0.813533
-0.803908,-1.663101,-1.586815,1.001614,0.879864
-0.803908,-1.74878,-1.672387,0.969911,0.970225
-1.264798,-1.663101,-1.678725,0.923447,1.037756
-0.803908,-1.620262,-1.757958,0.873874,1.117465
-0.573463,-1.577441,-1.583646,0.82709,1.203773
-0.343018,-1.577441,-1.75162,0.783916,1.29957
-0.112573,-1.577441,-1.662879,0.747952,1.390569
0.117872,-1.620262,-1.574138,0.714374,1.485815
0.348318,-1.406102,-1.485397,0.665617,1.574446
0.117872,-1.320423,-1.402995,0.629693,1.675267
0.578762,-0.934906,-1.054371,0.612527,1.76723
0.578762,-0.934906,-0.883228,0.611527,1.859432
0.578762,-0.806407,-0.797657,0.611527,1.936978
0.578762,-0.677889,-0.712086,0.613705,2.011748
0.809207,-0.50655,-0.537774,0.645997,2.083981
1.039652,-0.335211,-0.192319,0.659899,2.134342
1.039652,-0.163872,-0.106747,0.6856,2.154694
1.039652,-0.163872,-0.021176,0.716669,2.154867
0.578762,0.007467,-0.027514,0.752274,2.154867
0.809207,0.050306,0.061226,0.793018,2.152468
0.578762,0.392984,0.485914,0.825247,2.139192
0.809207,0.435823,0.489083,0.850121,2.124549
1.039652,0.692823,0.748967,0.921807,2.116395
0.809207,0.82134,0.831369,1.00449,2.116218
0.578762,0.94984,0.999342,1.076592,2.116163
0.809207,1.035519,1.088083,1.160178,2.116
0.578762,1.249679,1.170485,1.252657,2.115792
0.348318,1.206858,1.252887,1.337263,2.115568
0.348318,1.292518,1.252887,1.441102,2.113095
0.348318,1.592375,1.509601,1.535206,2.105548
0.117872,1.506696,1.592003,1.611444,2.096442
-0.112573,1.421018,1.33212,1.679103,2.07959
-0.112573,1.506696,1.759977,1.742336,2.058187
-0.112573,1.335357,1.246548,1.795417,2.039509
0.117872,1.335357,1.335289,1.835075,2.026812
-0.112573,1.07834,1.075406,1.87175,2.017
-0.112573,1.206858,1.246548,1.8955,2.004951
-0.573463,1.07834,1.069067,1.924125,1.98475
-1.034353,0.992679,0.891586,1.947327,1.983
-1.264798,0.735662,0.802845,1.949313,1.983
-0.803908,0.735662,0.723612,1.949313,1.984072
-1.034353,0.607162,0.634871,1.948781,1.994755
-1.264798,0.607162,0.631702,1.925423,2.010597
-1.264798,0.435823,0.460559,1.889025,2.017524
-1.495243,0.392984,0.45739,1.83443,2.02292
-1.725688,0.221645,0.283078,1.752738,2.024583
-1.495243,0.178806,0.029533,1.666216,2.024583
-1.034353,-0.035372,0.035872,1.568031,2.024583
-1.264798,-0.249551,-0.309583,1.50108,2.019332
-1.495243,-0.50655,-0.483895,1.410604,1.992192
-1.034353,-0.635068,-0.648699,1.321057,1.964208
-1.034353,-0.677889,-0.648699,1.227793,1.923929
-1.034353,-0.592228,-0.648699,1.153881,1.88156
-0.803908,-0.592228,-0.559959,1.089594,1.82918
-1.034353,-0.035372,-0.135271,1.027653,1.767085
-0.803908,-0.249551,-0.303245,0.9734,1.7038
-0.343018,-0.121033,-0.125763,0.930874,1.642121
-0.573463,-0.035372,-0.043361,0.876423,1.554636
-0.343018,-0.035372,-0.040192,0.84548,1.525698
0.578762,0.392984,0.400342,0.822471,1.517458
0.117872,0.350145,0.308432,0.795414,1.436021
0.348318,0.221645,0.311602,0.786202,1.346225
0.809207,0.392984,0.489083,0.786202,1.243581
1.039652,0.435823,0.492253,0.786202,1.135375
1.039652,0.435823,0.663395,0.802374,1.055148
1.039652,0.264484,0.235538,0.857432,0.978305
1.270097,0.650002,0.580993,0.909732,0.784251
1.270097,0.650002,0.666565,0.969288,0.723064
1.270097,0.778501,0.837707,1.076658,0.670483
1.500542,0.650002,0.584163,1.170634,0.633925
1.270097,0.564323,0.580993,1.2827,0.610611
1.500542,0.392984,0.41302,1.364939,0.596492
1.270097,0.392984,0.495422,1.452023,0.587144
1.270097,0.221645,0.495422,1.543944,0.586375
1.500542,-0.035372,0.070734,1.639114,0.586375
1.500542,0.135967,0.327448,1.738642,0.587
1.500542,0.178806,0.156306,1.825094,0.604453
1.500542,0.050306,0.070734,1.915145,0.640868
1.500542,0.007467,0.070734,1.995423,0.692177
1.500542,-0.163872,-0.18598,2.065389,0.753939
1.730988,-0.292372,-0.182811,2.118114,0.817727
1.500542,-0.463729,-0.357123,2.159828,0.893546
1.500542,-0.592228,-0.528266,2.208373,0.979358
1.500542,-0.592228,-0.613837,2.221928,1.052638
1.270097,-1.020585,-0.959292,2.222528,1.120458
1.270097,-1.191924,-1.044863,2.222528,1.189242
1.270097,-1.234745,-1.216006,2.221397,1.239539
1.270097,-1.363263,-1.387149,2.211156,1.286266
1.039652,-1.577441,-1.561461,2.1984,1.3031
1.039652,-1.663101,-1.647032,2.152289,1.317224
1.039652,-1.83444,-1.818175,2.101472,1.335136
0.578762,-2.305636,-2.252371,2.039152,1.349
0.578762,-2.434135,-2.337942,1.952812,1.35455
0.348318,-2.476975,-2.426683,1.862827,1.357433
-0.112573,-2.476975,-2.433021,1.756302,1.363972
-0.112573,-2.434135,-2.34745,1.646848,1.375094
-0.112573,-2.348475,-2.433021,1.52948,1.388242
-0.343018,-1.70594,-1.75162,1.413537,1.398849
-0.573463,-1.577441,-1.583646,1.30827,1.418714
-1.725688,-1.534602,-1.513921,1.196095,1.447677
-0.803908,-1.491762,-1.501244,1.106647,1.480213
-0.803908,-1.577441,-1.501244,1.026846,1.52528
-0.343018,-1.663101,-1.666048,0.950424,1.577149
-0.112573,-1.577441,-1.662879,0.864686,1.629852
-0.573463,-1.406102,-1.412503,0.780387,1.701163
0.348318,-1.063406,-1.057541,0.721791,1.764146
0.578762,-0.977746,-0.9688,0.682213,1.818963
0.348318,-0.934906,-1.057541,0.663127,1.859621
1.039652,-1.234745,-1.219175,0.659109,1.905728
0.809207,-0.892067,-0.880059,0.659109,1.949673
1.039652,-0.763567,-0.791318,0.659109,1.995252
1.039652,-0.763567,-0.705747,0.674228,2.041581
0.809207,-0.420889,-0.452202,0.709648,2.086198
0.809207,-0.335211,-0.281059,0.757855,2.12052
0.809207,-0.420889,-0.366631,0.818017,2.149141
0.809207,0.178806,0.232369,0.926118,2.1788
1.039652,0.178806,0.235538,1.081578,2.202901
1.039652,0.392984,0.406681,1.251073,2.223193
1.039652,0.264484,0.32111,1.331619,2.229773
1.039652,0.778501,0.577824,1.396887,2.231168
0.578762,0.735662,0.828199,1.472035,2.235913
0.348318,0.864162,0.82503,1.535433,2.247892
0.578762,1.07834,1.084914,1.572793,2.2585
0.578762,0.94984,0.999342,1.591124,2.266364
0.348318,1.592375,1.509601,1.60766,2.26882
0.348318,1.549535,1.595173,1.655328,2.26882
0.348318,1.506696,1.509601,1.746262,2.26882
0.348318,1.506696,1.509601,1.842301,2.265243
-0.112573,1.506696,1.503263,1.916753,2.25216
0.117872,1.592375,1.592003,1.985946,2.217586
0.117872,1.121179,1.164146,2.043934,2.169232
-0.112573,1.249679,1.33212,2.0938,2.1283
-0.112573,1.506696,1.503263,2.121663,2.08375
-0.573463,1.421018,1.582495,2.124094,2.024147
-0.112573,1.506696,1.417691,2.124094,1.987273
-0.112573,1.292518,1.246548,2.124094,1.964403
-1.034353,1.249679,1.319443,2.105905,1.953833
-1.034353,1.164018,1.062728,2.069681,1.952419
-1.264798,1.07834,0.802845,2.016592,1.952419
-1.034353,0.692823,0.720443,1.945375,1.957005
-1.264798,0.692823,0.631702,1.860833,1.977003
-1.725688,0.692823,0.710935,1.814834,1.98851
-1.495243,0.692823,0.628533,1.765778,1.994011
-1.264798,0.82134,0.802845,1.696975,2.007225
-1.495243,0.650002,0.714104,1.614907,2.022943
-1.264798,0.735662,0.631702,1.53907,2.03868
-1.264798,0.692823,0.631702,1.438544,2.048524
-1.034353,0.478644,0.463729,1.35078,2.048524
-0.803908,0.650002,0.638041,1.283017,2.048524
-0.343018,0.307305,0.387665,1.20839,2.044515
-0.343018,0.435823,0.387665,1.132054,2.014224
-0.112573,0.778501,0.390835,1.059971,1.956651
-0.112573,0.478644,0.561977,0.992916,1.883545
0.117872,0.564323,0.650718,0.940207,1.801081
0.348318,0.564323,0.653887,0.893125,1.712593
0.578762,0.478644,0.485914,0.849373,1.627681
0.348318,0.221645,0.22603,0.813116,1.587878
1.039652,0.350145,0.32111,0.78172,1.540497
0.578762,0.264484,0.314771,0.76144,1.464386
1.039652,0.435823,0.406681,0.758156,1.355072
1.270097,0.178806,0.238708,0.758156,1.25736
1.500542,0.135967,0.584163,0.758156,1.169411
1.270097,0.178806,0.238708,0.766994,1.067627
1.500542,0.264484,0.241877,0.793377,0.966611
1.500542,0.221645,0.241877,0.8312,0.7606
1.500542,0.178806,0.241877,0.879062,0.707647
1.500542,0.178806,0.241877,0.94342,0.671539
1.500542,0.264484,0.241877,1.023617,0.64348
1.500542,-0.078212,-0.014837,1.114225,0.621735
1.500542,-0.121033,-0.100409,1.21776,0.604932
1.500542,-0.163872,-0.18598,1.304169,0.594603
1.730988,-0.292372,-0.182811,1.404465,0.585504
1.500542,-0.549389,-0.528266,1.48755,0.585
1.500542,-0.849246,-0.78498,1.580996,0.585
1.730988,-1.020585,-1.038525,1.661921,0.585398
0.809207,-1.448923,-1.393487,1.746861,0.598449
0.578762,-1.406102,-1.482228,1.848097,0.626475
0.809207,-1.620262,-1.650202,1.920213,0.656925
0.809207,-1.83444,-1.735773,1.97425,0.684433
0.348318,-2.005779,-1.913254,1.9865,0.703235
0.348318,-1.877279,-1.827683,1.9865,0.724357
0.117872,-1.962958,-1.916424,1.9865,0.745268
0.117872,-1.877279,-1.830852,1.965262,0.7762
-0.343018,-2.091458,-2.093905,1.908715,0.809977
-0.573463,-1.920119,-2.011503,1.824721,0.858952
-0.803908,-1.70594,-1.672387,1.747354,0.912406
-1.034353,-1.491762,-1.504413,1.664636,0.971549
-1.725688,-1.234745,-1.257207,1.566644,1.033873
-1.034353,-0.463729,-0.477557,1.475903,1.099938
-1.495243,-0.163872,-0.227181,1.386383,1.166946
-1.725688,-0.163872,-0.144779,1.292674,1.240335
-1.956133,0.093127,0.108766,1.202557,1.316906
-1.956133,-0.035372,0.108766,1.118947,1.391194
-1.725688,-0.078212,-0.059208,1.046409,1.461126
-1.956133,0.350145,0.36548,0.98077,1.535662
-1.725688,0.307305,0.283078,0.918095,1.614481
-1.495243,0.392984,0.286247,0.863033,1.692967
-1.495243,0.392984,0.371819,0.81525,1.772
-1.495243,0.564323,0.542961,0.782375,1.8345
-1.264798,0.564323,0.546131,0.751689,1.897622
-1.034353,0.564323,0.634871,0.731086,1.952473
-0.803908,1.335357,0.809184,0.7298,2.009369
-1.034353,0.992679,1.062728,0.7298,2.066601
-1.264798,1.335357,1.487416,0.73414,2.113
-0.573463,0.992679,0.983496,0.757627,2.14999
-0.343018,1.549535,1.414522,0.78776,2.17547
-0.803908,1.164018,1.151469,0.846248,2.190645
-1.034353,1.206858,1.233871,1.035046,2.20613
-0.803908,1.206858,1.237041,1.160429,2.221086
-1.264798,1.249679,1.230702,1.242829,2.223309
-1.034353,1.121179,1.1483,1.322386,2.223495
-0.803908,1.035519,1.065898,1.379433,2.223495
-0.803908,0.907001,0.894755,1.472958,2.223186
-1.034353,0.735662,0.720443,1.519816,2.219843
-0.803908,0.650002,0.723612,1.545995,2.21512
-1.034353,0.735662,0.720443,1.572073,2.209162
-0.573463,0.521484,0.384496,1.63757,2.201087
-0.573463,-0.37805,-0.385647,1.731643,2.18519
-0.112573,-0.292372,-0.379308,1.826226,2.154204
-0.112573,-0.463729,-0.464879,1.910425,2.110722
-0.573463,-0.635068,-0.642361,1.966693,2.077149
0.117872,-1.063406,-0.975138,2.004573,2.053621
0.348318,-1.149084,-1.057541,2.027355,2.02754
0.348318,-1.234745,-1.228683,2.062131,1.972307
0.809207,-1.320423,-1.56463,2.102834,1.8913
0.809207,-1.448923,-1.393487,2.130056,1.797906
0.809207,-1.363263,-1.393487,2.147694,1.699849
1.039652,-1.406102,-1.390318,2.163735,1.5991
1.270097,-1.448923,-1.47272,2.192214,1.485104
1.500542,-1.234745,-1.212837,2.219694,1.382607
1.270097,-1.320423,-1.216006,2.246853,1.262898
1.270097,-1.149084,-1.130435,2.2624,1.15931
1.500542,-0.934906,-0.870551,2.263,1.077069
1.500542,-0.763567,-0.78498,2.263,1.000828
1.500542,-0.763567,-0.699408,2.260654,0.935191
1.500542,-0.763567,-0.699408,2.239596,0.886626
1.500542,-0.463729,-0.357123,2.207081,0.839204
1.500542,-0.249551,-0.271551,2.160918,0.796239
1.270097,-0.420889,-0.445864,2.091072,0.766936
1.270097,-0.249551,-0.189149,2.014169,0.733137
1.270097,-0.078212,-0.189149,1.932596,0.703782
1.270097,-0.121033,-0.103578,1.858318,0.685648
1.039652,0.050306,-0.021176,1.774946,0.680329
1.270097,0.564323,0.580993,1.703583,0.672185
1.039652,0.564323,0.663395,1.644844,0.669544
0.809207,0.650002,0.660226,1.590138,0.669544
0.809207,0.650002,0.660226,1.544739,0.669544
0.578762,0.82134,0.828199,1.510417,0.671509
0.578762,1.335357,1.341628,1.505522,0.67967
0.578762,1.335357,1.427199,1.505522,0.689598
0.348318,1.763714,1.680744,1.505522,0.703704
0.348318,1.592375,1.509601,1.526116,0.717182
0.348318,1.506696,1.509601,1.569466,0.737294
0.578762,1.249679,1.256056,1.612098,0.777992
0.348318,1.335357,1.338459,1.652055,0.834743
0.117872,1.249679,1.249718,1.685525,0.902622
0.117872,1.292518,1.249718,1.717033,0.985275
0.117872,1.421018,1.506432,1.742706,1.071334
-0.112573,1.421018,1.33212,1.757024,1.171413
-0.573463,1.463857,1.496924,1.757024,1.282063
-0.343018,1.335357,1.328951,1.757024,1.388479
-0.573463,1.421018,1.411353,1.755941,1.491868
-0.573463,1.121179,1.069067,1.749186,1.592798
-0.573463,0.82134,0.812353,1.737976,1.690821
-0.112573,0.94984,1.075406,1.726284,1.797551
-1.725688,0.82134,0.796506,1.703595,1.912764
-1.495243,0.82134,0.799676,1.670934,2.022469
-1.725688,0.607162,0.625364,1.632696,2.120988
-1.725688,0.735662,0.625364,1.592682,2.198799
-1.495243,0.692823,0.628533,1.540873,2.261929
-1.495243,0.692823,0.628533,1.48696,2.314799
-1.495243,0.564323,0.542961,1.41987,2.362003
-1.264798,0.650002,0.631702,1.34587,2.390503
-1.725688,0.650002,0.625364,1.257068,2.394
-1.264798,0.607162,0.631702,1.154157,2.394
-1.495243,0.650002,0.628533,1.07437,2.393282
-1.725688,0.478644,0.539792,1.007692,2.379496
-1.264798,0.650002,0.546131,0.954679,2.348161
-1.495243,0.392984,0.371819,0.901114,2.300596
-0.803908,0.478644,0.381327,0.852308,2.22695
-0.803908,0.564323,0.552469,0.822029,2.148428
-0.112573,0.778501,0.647549,0.791354,2.045083
0.117872,0.564323,0.565147,0.767079,1.941494
0.348318,0.607162,0.653887,0.739787,1.82431
0.348318,0.564323,0.653887,0.711259,1.699652
0.578762,0.94984,0.913771,0.69375,1.619
0.578762,0.907001,0.913771,0.674876,1.503142
0.809207,0.82134,0.831369,0.659815,1.379956
1.039652,0.735662,0.834538,0.654488,1.270159
1.039652,0.735662,0.748967,0.654488,1.153303
1.039652,0.650002,0.577824,0.654488,1.050076
1.039652,0.692823,0.663395,0.657869,0.970524
1.500542,0.521484,0.584163,0.66849,0.897165
1.270097,0.521484,0.40985,0.688182,0.833988
1.500542,0.435823,0.41302,0.708997,0.780773
1.500542,0.264484,0.327448,0.733821,0.730555
1.500542,0.221645,0.241877,0.809202,0.688598
1.270097,0.093127,0.153136,0.906236,0.650917
1.730988,-0.078212,-0.011668,1.000383,0.623392
1.270097,-0.078212,-0.018007,1.106339,0.597445
1.500542,-0.206711,-0.18598,1.21275,0.572625
1.500542,-0.50655,-0.528266,1.35941,0.554511
1.270097,-0.592228,-0.531435,1.550238,0.540687
1.500542,-0.977746,-0.956123,1.657269,0.533615
1.500542,-1.191924,-1.041694,1.761125,0.532794
1.500542,-1.234745,-1.298408,1.865475,0.532794
1.270097,-1.406102,-1.301577,1.95349,0.533026
1.270097,-1.320423,-1.387149,2.042501,0.541548
1.270097,-1.363263,-1.387149,2.110082,0.559973
1.039652,-1.577441,-1.561461,2.173251,0.591395
1.270097,-1.191924,-1.216006,2.2215,0.626608
1.039652,-1.063406,-1.133604,2.243137,0.659766
1.039652,-1.234745,-1.304747,2.244305,0.691387
1.039652,-1.149084,-1.133604,2.244305,0.712257
0.809207,-0.934906,-0.880059,2.24253,0.729545
0.809207,-0.977746,-0.96563,2.214653,0.747881
0.809207,-0.892067,-0.880059,2.158467,0.763936
0.809207,-0.50655,-0.537774,2.087634,0.785157
0.578762,-0.206711,-0.284229,2.006074,0.812965
0.578762,-0.249551,-0.198657,1.904836,0.855181
0.578762,0.221645,0.2292,1.8096,0.902458
0.348318,0.478644,0.482745,1.714876,0.943225
0.117872,0.478644,0.565147,1.625941,0.980625
0.117872,0.307305,0.308432,1.553687,1.023083
0.117872,0.564323,0.479575,1.446195,1.074693
-0.112573,0.864162,0.561977,1.350987,1.123607
0.117872,0.94984,0.650718,1.261619,1.172058
-1.034353,1.206858,1.1483,1.166105,1.227529
-0.573463,2.063552,1.069067,1.071507,1.289105
-0.573463,0.907001,0.897924,0.983621,1.357366
-0.573463,0.82134,0.812353,0.909887,1.427257
-0.803908,0.907001,0.894755,0.8506,1.4934
-1.034353,1.035519,0.977157,0.792375,1.568125
-0.573463,1.07834,0.983496,0.746349,1.641557
-1.725688,0.82134,0.796506,0.710616,1.718517
-1.956133,0.650002,0.707766,0.695,1.795739
-0.803908,0.521484,0.466898,0.695,1.87968
-1.725688,0.050306,0.026364,0.695,1.951474
-1.725688,0.050306,0.026364,0.6977,2.0047
-1.956133,-0.249551,-0.23352,0.731812,2.054699
-1.956133,-0.549389,-0.490234,0.82561,2.100205
-1.495243,-0.849246,-0.826181,0.876036,2.136476
-1.034353,-1.020585,-0.905414,0.934755,2.171384
-1.264798,-1.534602,-1.764297,1.01454,2.205438
-1.725688,-1.70594,-1.599493,1.090578,2.230064
-1.264798,-1.74878,-1.849868,1.176208,2.251555
-1.034353,-2.048618,-2.103413,1.239429,2.265011
-0.803908,-2.091458,-2.185815,1.280412,2.270132
-1.034353,-2.091458,-2.017842,1.32886,2.270132
-0.573463,-2.434135,-2.353789,1.381901,2.270132
-1.034353,-2.134297,-2.188984,1.412135,2.266195
-1.956133,-1.620262,-1.602662,1.412135,2.24749
-1.725688,-1.534602,-1.599493,1.412135,2.230518
-1.956133,-1.534602,-1.517091,1.408511,2.209321
-1.725688,-0.977746,-1.000493,1.386707,2.183561
-1.264798,-0.934906,-0.908583,1.345192,2.137197
-1.495243,-0.849246,-0.826181,1.302781,2.083135
-1.725688,-0.592228,-0.572636,1.263688,2.027156
-1.264798,-0.50655,-0.309583,1.221609,1.957462
-1.495243,0.178806,0.029533,1.196317,1.88841
-1.495243,-0.035372,0.029533,1.171692,1.782536
-1.034353,0.221645,0.207015,1.157793,1.67741
-1.495243,0.650002,0.628533,1.151827,1.57635
-1.034353,0.607162,0.806014,1.146472,1.501344
-1.264798,0.992679,0.973988,1.143047,1.393134
-1.034353,0.907001,0.806014,1.142219,1.269359
-0.803908,0.907001,0.894755,1.142848,1.133022
-0.803908,0.692823,0.723612,1.149294,1.003577
-0.803908,0.521484,0.552469,1.160229,0.881192
-0.573463,0.650002,0.64121,1.225036,0.768315
-0.112573,0.521484,0.561977,1.291372,0.694868
-0.573463,0.392984,0.384496,1.372096,0.628664
-0.803908,0.135967,0.210184,1.457126,0.589618
-1.034353,-0.121033,-0.135271,1.683789,0.568056
-0.573463,-0.292372,-0.300075,1.79744,0.568
-0.573463,-0.121033,-0.214504,1.890263,0.568
-1.034353,-0.50655,-0.734271,1.980128,0.57694
0.348318,-0.977746,-1.057541,2.060645,0.617047
0.348318,-1.106245,-1.057541,2.137246,0.660892
0.348318,-1.234745,-1.143112,2.208245,0.722909
1.270097,-1.063406,-1.044863,2.265174,0.797688
1.270097,-0.977746,-1.044863,2.316981,0.896129
1.730988,-1.277584,-1.209667,2.350568,1.005648
1.500542,-0.892067,-0.870551,2.371496,1.10971
1.270097,-0.934906,-0.445864,2.389816,1.217591
1.500542,-0.720728,-0.613837,2.394828,1.309894
1.500542,-0.420889,-0.357123,2.394828,1.423784
1.500542,-0.37805,-0.357123,2.394828,1.547
1.730988,0.007467,-0.011668,2.387924,1.682666
1.500542,-0.121033,-0.100409,2.371324,1.773942
1.730988,0.135967,0.073903,2.348411,1.834448
1.500542,0.135967,0.156306,2.310157,1.90847
1.500542,0.050306,-0.014837,2.277195,2.007055
1.270097,0.221645,0.153136,2.261039,2.058988
1.039652,0.050306,0.064396,2.255164,2.090507
1.039652,0.178806,0.235538,2.255986,2.106395
1.039652,0.307305,0.32111,2.255986,2.10802
1.039652,0.435823,0.406681,2.25624,2.10802
0.809207,1.121179,1.173654,2.26276,2.107245
0.578762,0.907001,0.913771,2.272385,2.074684
0.348318,1.035519,0.996173,2.274,2.020223
0.809207,1.07834,1.173654,2.274,1.94385
0.578762,1.164018,1.170485,2.272631,1.83855
0.117872,1.292518,1.335289,2.266461,1.723712
0.117872,1.421018,1.335289,2.251172,1.607225
0.117872,1.592375,1.592003,2.227463,1.494152
0.117872,1.506696,1.592003,2.193208,1.363522
-0.112573,1.592375,1.588834,2.157076,1.26857
-0.573463,1.720874,1.668067,2.115273,1.152866
-0.112573,1.335357,1.33212,2.064773,1.062565
0.117872,1.206858,1.335289,2.010822,0.992382
-0.573463,1.335357,1.24021,1.945499,0.918579
-0.573463,1.249679,1.325781,1.889023,0.86522
-0.803908,1.335357,1.237041,1.844929,0.854
-0.343018,1.121179,1.072236,1.810128,0.854
-0.112573,0.992679,0.989834,1.792015,0.854
-0.343018,0.907001,0.986665,1.782708,0.896933
-0.573463,0.735662,0.726782,1.776861,0.992535
-0.112573,0.607162,0.647549,1.771203,1.081496
0.117872,0.735662,0.821861,1.77,1.19527
-0.112573,0.392984,0.390835,1.767432,1.303185
0.117872,0.221645,0.222861,1.761911,1.419693
-0.112573,0.221645,0.219692,1.745553,1.535388
-0.112573,0.135967,0.13412,1.724075,1.634653
0.348318,-0.035372,-0.030684,1.693713,1.704548
0.117872,-0.206711,-0.204996,1.653705,1.793003
0.578762,-0.720728,-0.712086,1.59166,1.899154
0.348318,-0.720728,-0.629684,1.533377,2.001442
0.578762,-0.635068,-0.626514,1.4648,2.114575
1.039652,-0.763567,-0.791318,1.383581,2.2007
1.270097,-1.106245,-1.044863,1.305774,2.264561
1.039652,-1.106245,-1.133604,1.219835,2.314673
0.809207,-1.277584,-1.307916,1.135681,2.337
1.270097,-1.577441,-1.558292,1.0561,2.337
0.809207,-1.620262,-1.650202,0.96425,2.337
0.809207,-1.877279,-1.906916,0.8825,2.3325
1.039652,-1.83444,-1.818175,0.806654,2.299315
-1.034353,-1.74878,-1.675556,0.740871,2.24398
-1.495243,-1.448923,-1.425181,0.700709,2.184709
-1.725688,-1.277584,-1.342778,0.676286,2.116492
-1.264798,-1.234745,-1.250868,0.670839,2.023241
-1.264798,-1.149084,-1.165297,0.670839,1.861646
-1.034353,-0.849246,-0.734271,0.670839,1.743432
-1.725688,-0.849246,-0.914922,0.675723,1.635582
-1.725688,-0.892067,-0.82935,0.694233,1.51718
-1.495243,-0.635068,-0.398324,0.709482,1.40887
-1.725688,-0.463729,-0.487065,0.721934,1.293771
-1.495243,-0.206711,-0.227181,0.733,1.179904
-1.956133,-0.035372,-0.147948,0.743424,1.124654
-1.956133,0.135967,0.108766,0.763722,1.033687
-1.725688,0.264484,0.197507,0.799619,0.926717
-1.956133,0.478644,0.536623,0.845705,0.839458
-1.495243,0.350145,0.286247,0.900354,0.761458
-1.956133,0.392984,0.36548,0.962044,0.698244
-1.725688,0.692823,0.625364,1.027324,0.654213
-1.725688,0.692823,0.710935,1.110978,0.633052
-1.495243,0.392984,0.45739,1.20096,0.632552
-1.495243,0.307305,0.200676,1.287064,0.632552
-1.495243,0.478644,0.542961,1.351214,0.635321
-1.495243,0.607162,0.628533,1.395356,0.656595
-1.034353,0.94984,0.720443,1.423334,0.687346
-1.034353,1.121179,1.062728,1.428007,0.721141
-1.034353,1.335357,1.319443,1.428007,0.793571
-0.803908,1.378196,1.322612,1.428007,1.094313
-0.803908,1.421018,1.408183,1.417194,1.184733
-0.573463,1.463857,1.411353,1.401988,1.267804
-0.573463,1.421018,1.325781,1.396889,1.366992
-0.343018,1.378196,1.414522,1.396889,1.452865
-0.573463,1.506696,1.582495,1.396889,1.5513
-0.112573,1.720874,1.674405,1.398468,1.603694
-0.112573,1.678035,1.674405,1.407422,1.662497
-0.112573,1.935053,1.845548,1.42314,1.713273
-0.112573,1.506696,1.588834,1.43762,1.761326
-0.112573,1.463857,1.417691,1.454425,1.848816
-0.112573,1.249679,1.246548,1.476267,1.946871
0.348318,1.506696,1.595173,1.506748,2.032492
0.117872,1.378196,1.420861,1.547058,2.102775
0.578762,1.592375,1.512771,1.60535,2.158583
0.809207,1.292518,1.259226,1.659715,2.172733
1.039652,0.992679,1.005681,1.711299,2.172733
0.809207,0.94984,1.002512,1.77075,2.172733
0.809207,0.907001,0.831369,1.8459,2.159447
1.270097,0.864162,0.837707,1.92575,2.118389
1.270097,0.692823,0.752136,1.9796,2.084844
0.809207,0.564323,0.831369,2.022547,2.030192
1.270097,0.607162,0.580993,2.046888,1.975281
1.270097,0.521484,0.580993,2.067955,1.91788
1.270097,0.264484,0.324279,2.095934,1.859277
1.270097,0.307305,0.238708,2.125005,1.788908
1.270097,0.221645,0.238708,2.14719,1.711771
1.500542,0.050306,0.070734,2.175361,1.626489
1.500542,0.050306,0.156306,2.197098,1.542867
1.730988,-0.035372,-0.011668,2.223837,1.457227
1.730988,-0.035372,-0.011668,2.250733,1.375375
1.500542,-0.121033,-0.100409,2.271305,1.287667
1.730988,0.178806,0.159475,2.275012,1.201393
1.500542,0.050306,0.070734,2.275012,1.131755
1.500542,0.050306,0.070734,2.275012,1.068482
1.500542,0.050306,0.070734,2.273887,1.015415
1.039652,0.264484,0.235538,2.26351,0.951016
0.809207,0.307305,0.232369,2.238201,0.897149
1.039652,0.478644,0.492253,2.209701,0.870032
0.809207,0.735662,0.745797,2.170428,0.851782
0.809207,1.035519,0.831369,2.132095,0.844595
0.578762,1.07834,1.084914,2.084085,0.84382
0.809207,1.378196,1.430369,2.031263,0.838479
0.578762,1.206858,1.256056,1.971461,0.828312
0.117872,1.249679,1.249718,1.9129,0.8094
0.117872,1.506696,1.506432,1.851,0.78375
-0.112573,1.249679,1.246548,1.787058,0.760508
-0.112573,1.506696,1.588834,1.704577,0.737594
0.117872,1.592375,1.592003,1.624727,0.715494
-0.803908,1.421018,1.408183,1.542192,0.695413
-0.573463,1.206858,1.24021,1.463777,0.693013
-0.803908,1.249679,1.237041,1.378257,0.693013
-0.803908,0.992679,1.065898,1.296821,0.693013
-0.803908,1.164018,1.065898,1.220546,0.699825
-1.264798,1.335357,1.316273,1.161392,0.716578
-1.495243,1.07834,1.141961,1.114986,0.735501
-1.495243,1.249679,1.227533,1.071831,0.779815
-1.495243,1.07834,1.05639,1.031103,0.956751
-1.495243,1.164018,1.141961,1.003,1.05675
-1.264798,0.992679,0.973988,0.97485,1.113653
-0.803908,0.778501,0.809184,0.932926,1.170532
-1.034353,0.864162,0.806014,0.891565,1.235572
-1.034353,0.735662,0.720443,0.860228,1.286315
-1.956133,0.221645,0.279909,0.827607,1.330998
-1.956133,0.135967,0.108766,0.796994,1.373704
-2.186578,0.050306,-0.065546,0.7629,1.404509
-1.956133,-0.37805,-0.404662,0.723755,1.451217
-1.956133,-0.463729,-0.490234,0.707377,1.540997
-1.725688,-0.763567,-0.743779,0.699306,1.638477
-1.264798,-0.892067,-0.651869,0.697,1.732904
-0.803908,-0.720728,-0.731101,0.697,1.82118
-1.264798,-0.677889,-0.651869,0.697,1.888069
-1.264798,-0.549389,-0.566297,0.702663,1.946844
-0.573463,-0.37805,-0.385647,0.719254,2.012128
-0.343018,0.050306,-0.040192,0.738676,2.057739
0.117872,0.007467,-0.033853,0.745496,2.06279
0.117872,0.050306,0.051718,0.745213,2.06279
-0.112573,0.178806,0.219692,0.745213,2.06249
0.348318,0.221645,0.311602,0.744713,2.040139
0.348318,0.435823,0.311602,0.7392,1.9909
0.348318,0.392984,0.397173,0.738,1.919875
0.578762,0.435823,0.400342,0.738,1.839271
0.809207,0.735662,0.745797,0.738075,1.742967
0.578762,0.607162,0.571485,0.741862,1.683766
0.578762,0.692823,0.657057,0.747917,1.655415
0.809207,0.735662,0.831369,0.754088,1.595779
0.809207,0.692823,0.660226,0.766171,1.473324
0.809207,1.121179,0.91694,0.785625,1.352625
1.270097,0.392984,0.495422,0.809584,1.251178
1.270097,0.650002,0.752136,0.84105,1.146704
1.270097,0.392984,0.40985,0.879722,1.042734
1.270097,0.435823,0.40985,0.940009,0.81916
1.270097,0.264484,0.324279,1.007837,0.675205
1.500542,0.221645,0.327448,1.092116,0.594694
1.500542,0.007467,-0.014837,1.1858,0.5299
1.270097,-0.163872,-0.103578,1.273298,0.482543
1.500542,-0.37805,-0.271551,1.366229,0.446183
1.500542,-0.335211,-0.271551,1.478063,0.419343
1.500542,-0.592228,-0.613837,1.591825,0.410555
1.500542,-0.763567,-0.699408,1.7094,0.410227
1.730988,-0.849246,-0.78181,1.810455,0.410227
1.270097,-1.063406,-0.959292,1.894504,0.410415
1.270097,-1.320423,-1.301577,1.971874,0.417786
1.500542,-1.277584,-1.298408,2.028961,0.440288
1.270097,-1.620262,-1.558292,2.082875,0.482
0.809207,-1.83444,-1.735773,2.111359,0.531613
0.578762,-2.048618,-1.995657,2.13741,0.6045
0.348318,-2.219957,-2.25554,2.168052,0.682162
0.117872,-2.434135,-2.429852,2.205792,0.783081
0.348318,-2.562635,-2.512254,2.238775,0.874405
0.117872,-2.519814,-2.515424,2.265776,0.967575
-0.803908,-2.134297,-2.185815,2.280827,1.060888
-0.803908,-1.83444,-1.84353,2.281077,1.131141
-0.803908,-1.70594,-1.84353,2.281077,1.20875
-1.495243,-1.448923,-1.510752,2.279881,1.303398
-1.264798,-1.106245,-1.422011,2.258192,1.401944
-1.034353,-1.106245,-0.990985,2.224776,1.46392
-0.573463,-0.763567,-1.070218,2.184678,1.498708
-1.034353,-0.677889,-0.648699,2.132515,1.543564
-1.264798,-0.549389,-0.566297,2.055837,1.552989
-1.264798,-0.292372,-0.309583,1.971137,1.552989
-1.495243,0.050306,0.029533,1.894179,1.551114
-1.495243,0.178806,0.115105,1.823445,1.52659
-1.264798,0.135967,0.118274,1.73303,1.493072
-0.803908,0.435823,0.210184,1.627682,1.459858
-1.264798,0.607162,0.546131,1.532535,1.431273
-1.034353,0.778501,0.720443,1.42325,1.402597
-1.264798,0.178806,0.203845,1.330166,1.402222
-1.495243,0.050306,0.115105,1.244071,1.402222
-1.264798,0.093127,0.032702,1.160376,1.40324
-1.495243,-0.078212,-0.056038,1.0935,1.4105
-0.573463,-0.37805,-0.471218,1.011493,1.4387
-0.803908,-0.549389,-0.559959,0.938566,1.47099
-0.343018,-0.806407,-0.810334,0.867518,1.513945
0.117872,-0.849246,-0.803996,0.812863,1.560498
-0.343018,-0.934906,-0.724763,0.77489,1.607171
-0.112573,-1.149084,-1.149451,0.743623,1.664912
0.348318,-1.149084,-1.143112,0.735,1.736896
0.809207,-1.020585,-0.96563,0.735,1.81731
1.039652,-1.063406,-1.133604,0.735,1.897119
1.039652,-1.106245,-1.048033,0.765522,1.971861
1.270097,-0.934906,-0.87372,0.856532,2.009605
1.270097,-0.934906,-0.959292,0.941802,2.057262
1.039652,-0.720728,-0.705747,1.105188,2.104086
0.809207,-0.549389,-0.623345,1.235,2.14529
0.809207,-0.677889,-0.623345,1.334659,2.1865
0.809207,-0.763567,-0.708916,1.386916,2.19988
0.348318,-0.463729,-0.458541,1.446326,2.211431
0.348318,-0.37805,-0.372969,1.477962,2.223474
0.348318,-0.37805,-0.372969,1.520121,2.239625
0.117872,0.093127,-0.290567,1.552295,2.25933
0.117872,0.050306,0.051718,1.576158,2.2746
0.117872,0.007467,-0.033853,1.632109,2.281
-0.112573,0.135967,0.13412,1.734029,2.281
-0.343018,0.307305,0.302094,1.825381,2.281
-0.343018,0.650002,0.644379,1.916148,2.268362
-0.343018,0.735662,0.729951,1.993819,2.226468
-0.573463,0.907001,0.812353,2.057071,2.174311
-0.112573,1.07834,1.075406,2.1175,2.109875
-0.112573,1.164018,1.075406,2.169292,2.03735
-0.343018,1.592375,1.585665,2.202227,1.955835
0.117872,1.720874,1.763146,2.218988,1.89249
0.578762,1.763714,1.769485,2.219245,1.810243
0.117872,1.720874,1.677575,2.219245,1.760375
0.117872,1.592375,1.592003,2.219245,1.683955
0.117872,1.421018,1.506432,2.209856,1.617198
0.348318,1.506696,1.509601,2.190965,1.527963
0.578762,1.635196,1.598342,2.159709,1.426542
0.348318,1.421018,1.509601,2.1291,1.3316
0.348318,1.678035,1.509601,2.092445,1.240359
0.809207,1.249679,1.259226,2.059072,1.161551
0.809207,0.992679,1.173654,2.028775,1.086025
1.039652,1.164018,1.176824,2.00551,1.013221
1.039652,0.907001,0.920109,1.976412,0.95148
1.039652,0.778501,0.834538,1.957577,0.922764
1.270097,0.864162,0.923279,1.944482,0.922052
1.270097,0.778501,0.837707,1.944,0.922052
1.039652,0.94984,0.834538,1.943,0.926785
1.039652,0.864162,0.834538,1.9428,0.962554
1.039652,0.907001,0.834538,1.9426,1.044093
0.809207,0.864162,0.91694,1.9426,1.16911
0.809207,0.692823,0.745797,1.941,1.247406
0.578762,0.350145,0.314771,1.929685,1.32045
0.578762,0.607162,0.400342,1.910675,1.412994
0.117872,0.478644,0.479575,1.879883,1.532004
0.117872,0.650002,0.650718,1.837375,1.642125
-0.112573,0.735662,0.73312,1.778482,1.749834
-0.573463,0.435823,0.470067,1.719027,1.828125
-0.343018,0.478644,0.387665,1.635462,1.935457
-0.343018,0.221645,0.302094,1.556122,2.031709
-0.343018,0.307305,0.387665,1.468543,2.117745
-1.264798,0.521484,0.374988,1.388249,2.169015
-1.264798,0.392984,0.374988,1.331911,2.17
-1.264798,0.478644,0.460559,1.284832,2.17
-1.264798,0.178806,0.203845,1.2552,2.166996
-1.725688,0.135967,0.026364,1.25175,2.128833
-1.264798,-0.121033,-0.13844,1.25175,2.054985
-1.264798,-0.035372,-0.052869,1.25255,1.952011
-1.495243,-0.335211,-0.398324,1.265566,1.837361
-1.725688,-0.677889,-0.658207,1.28342,1.72413
-1.956133,-0.677889,-0.918091,1.302255,1.607734
-1.034353,-1.106245,-1.076556,1.32996,1.49216
-1.495243,-1.791619,-1.853038,1.345495,1.375037
-1.034353,-2.091458,-2.103413,1.34562,1.272801
-0.803908,-2.134297,-2.185815,1.34562,1.178746
-1.034353,-2.091458,-1.846699,1.342545,1.100404
-1.495243,-1.83444,-1.853038,1.325232,1.022714
-1.264798,-1.620262,-1.593154,1.299774,0.939293
-1.495243,-1.448923,-1.425181,1.255947,0.860835
-1.034353,-1.320423,-1.333271,1.211073,0.813632
-1.034353,-1.234745,-1.247699,1.169415,0.784009
-0.573463,-1.191924,-1.155789,1.121342,0.77195
-0.343018,-0.977746,-0.981477,1.071488,0.7717
-0.573463,-0.720728,-0.727932,1.028403,0.7717
-0.573463,-0.806407,-0.813504,0.965085,0.775915
-0.573463,-0.549389,-0.642361,0.898061,0.816875
-0.803908,-0.206711,-0.217673,0.835643,0.894754
-0.803908,-0.121033,-0.132102,0.783706,0.963931
-0.573463,0.050306,0.127782,0.742588,1.054557
-0.573463,0.478644,0.384496,0.710224,1.155972
-0.343018,0.735662,0.644379,0.693518,1.255427
-0.573463,0.735662,0.64121,0.6815,1.3575
-0.573463,0.82134,0.812353,0.67698,1.41946
-0.343018,1.07834,1.072236,0.676219,1.470901
-0.573463,1.335357,1.411353,0.676219,1.481533
-0.573463,1.421018,1.411353,0.676919,1.481533
-0.573463,1.506696,1.668067,0.692363,1.481533
-0.343018,1.249679,1.328951,0.709,1.474632
-0.343018,1.592375,1.500093,0.748625,1.441328
0.117872,1.506696,1.506432,0.806042,1.392807
0.117872,1.635196,1.592003,0.871457,1.34667
0.578762,1.635196,1.683913,0.947115,1.293774
0.578762,1.592375,1.598342,1.039375,1.23425
0.809207,1.506696,1.430369,1.130246,1.179834
0.809207,1.249679,1.259226,1.240073,1.120856
0.809207,0.992679,1.002512,1.340301,1.070407
0.809207,1.206858,1.173654,1.449419,1.009019
0.809207,1.07834,1.088083,1.576211,0.950394
1.039652,0.992679,1.005681,1.70039,0.924513
1.039652,0.864162,0.920109,1.818432,0.923042
1.039652,0.607162,0.663395,1.90666,0.923042
1.270097,0.564323,0.580993,1.986432,0.926787
1.270097,0.392984,0.324279,2.056102,0.958053
1.039652,0.392984,0.406681,2.111259,1.027393
1.270097,0.178806,0.238708,2.133398,1.125952
1.500542,0.007467,0.070734,2.15525,1.24075
1.500542,0.007467,0.070734,2.16574,1.349772
1.500542,-0.121033,-0.100409,2.174645,1.46896
1.500542,-0.121033,-0.100409,2.196272,1.578848
1.270097,0.093127,-0.018007,2.20648,1.695335
1.270097,-0.035372,-0.018007,2.211465,1.786736
1.039652,0.135967,0.149967,2.220977,1.890692
1.270097,0.221645,0.238708,2.238248,1.964986
0.809207,-0.206711,-0.195488,2.24,2.001575
0.578762,0.007467,-0.027514,2.24,2.006465
0.348318,-0.035372,0.054888,2.238972,2.006465
0.578762,0.050306,-0.027514,2.218633,2.006465
0.117872,0.564323,0.479575,2.186784,1.98052
0.117872,0.650002,0.650718,2.144883,1.921008
-0.112573,0.650002,0.73312,2.086654,1.86608
0.117872,0.650002,0.736289,2.0146,1.8093
-0.343018,0.221645,0.302094,1.943402,1.74786
-0.343018,0.564323,0.558808,1.875826,1.680616
-0.573463,0.478644,0.555639,1.82746,1.593141
-0.803908,0.607162,0.638041,1.788509,1.510781
-1.034353,0.650002,0.634871,1.738961,1.421952
-1.495243,0.907001,0.885247,1.685108,1.32198
-1.264798,0.650002,0.631702,1.641011,1.2206
-1.264798,0.650002,0.631702,1.594573,1.128163
-1.264798,0.435823,0.460559,1.528601,1.019978
-1.725688,0.435823,0.368649,1.458499,0.93286
-1.725688,0.521484,0.454221,1.381809,0.854714
-1.725688,0.435823,0.454221,1.317674,0.800873
-1.495243,0.478644,0.542961,1.2514,0.763
-1.495243,0.521484,0.45739,1.185805,0.754
-1.725688,0.135967,0.197507,1.111188,0.754
-1.264798,0.093127,0.203845,1.039435,0.754
-1.725688,0.093127,0.026364,0.959515,0.767719
-1.495243,-0.078212,-0.056038,0.894139,0.798345
-1.956133,-0.292372,-0.319091,0.828101,0.854022
-1.725688,-0.635068,-0.658207,0.776125,0.917625
-1.725688,-1.149084,-1.171636,0.739277,0.977288
-0.112573,-1.534602,-1.662879,0.70766,1.049585
-1.264798,-1.791619,-1.849868,0.687456,1.134057
-1.034353,-2.091458,-2.103413,0.673783,1.23613
-1.264798,-1.877279,-1.93544,0.669548,1.344338
-1.264798,-1.920119,-1.849868,0.669548,1.449182
-1.264798,-1.962958,-1.93544,0.669548,1.541892
-1.034353,-2.005779,-1.93227,0.676096,1.639302
-0.573463,-2.091458,-2.097074,0.694605,1.740691
-0.112573,-1.491762,-1.577307,0.718674,1.822682
0.117872,-1.406102,-1.488567,0.756099,1.903101
-0.112573,-1.491762,-1.491736,0.788655,1.966852
0.117872,-1.063406,-1.146281,0.825906,1.988
0.348318,-1.149084,-1.228683,0.856655,1.988
0.578762,-1.149084,-1.139943,0.878133,1.988
0.348318,-0.977746,-0.800826,0.894547,1.980092
0.809207,-0.763567,-0.708916,0.917987,1.932261
0.348318,-0.463729,-0.544112,0.945159,1.871801
0.578762,-0.463729,-0.455371,0.976289,1.786653
0.809207,-0.292372,-0.281059,1.011091,1.693403
0.809207,-0.249551,-0.281059,1.052589,1.594884
0.809207,-0.035372,-0.109917,1.100121,1.489814
0.578762,0.221645,0.143628,1.155749,1.384807
0.809207,0.050306,0.061226,1.20523,1.29791
0.578762,-0.121033,-0.027514,1.272921,1.182455
0.348318,-0.121033,-0.201827,1.327282,1.097076
0.348318,-0.335211,-0.287398,1.390914,1.01859
0.117872,-0.206711,-0.204996,1.457903,0.952933
-0.343018,-0.163872,-0.125763,1.532734,0.895805
-0.112573,-0.163872,-0.122594,1.611664,0.840416
-0.112573,0.135967,0.048549,1.689448,0.792645
-0.343018,0.050306,0.130951,1.770568,0.753312
-0.343018,0.478644,0.302094,1.861835,0.719494
-0.573463,0.392984,0.384496,1.93208,0.70495
-0.573463,0.478644,0.470067,2.015811,0.702733
-0.573463,0.650002,0.555639,2.082883,0.702733
-0.573463,0.735662,0.64121,2.142058,0.703608
-0.343018,0.735662,0.729951,2.193639,0.728245
-0.343018,0.735662,0.729951,2.231218,0.766572
-0.112573,0.692823,0.73312,2.256953,0.826438
0.117872,0.735662,0.736289,2.272311,0.874292
-0.112573,0.992679,0.989834,2.284031,0.934533
-0.112573,1.07834,0.989834,2.286135,1.040381
-0.112573,1.07834,1.160977,2.286135,1.143196
0.117872,1.121179,1.164146,2.285881,1.245461
0.348318,1.035519,1.081744,2.284,1.347495
0.578762,0.992679,1.256056,2.283263,1.427319
0.578762,0.992679,0.999342,2.278202,1.52992
0.578762,0.82134,0.828199,2.26597,1.629842
0.578762,0.907001,0.828199,2.263569,1.714614
0.809207,0.992679,0.91694,2.250624,1.801576
1.039652,0.82134,0.834538,2.228636,1.877447
1.039652,0.82134,0.834538,2.206799,1.942506
1.039652,0.564323,0.577824,2.1851,2.0034
1.270097,0.692823,0.752136,2.178635,2.04267
1.039652,0.521484,0.492253,2.170815,2.065404
1.270097,0.350145,0.40985,2.163445,2.072527
1.270097,0.264484,0.324279,2.151997,2.074757
1.500542,0.435823,0.41302,2.136924,2.076
1.270097,0.350145,0.40985,2.101084,2.076
1.500542,0.392984,0.327448,2.073141,2.076
1.500542,0.350145,0.41302,2.029844,2.0734
1.500542,0.350145,0.327448,1.982968,2.062664
1.500542,0.221645,0.327448,1.92433,2.054759
1.270097,0.178806,0.238708,1.860429,2.040505
1.270097,0.050306,0.067565,1.795882,2.023616
0.809207,0.264484,0.232369,1.730763,1.996369
1.039652,-0.121033,-0.106747,1.664597,1.971181
0.809207,0.007467,-0.024345,1.587596,1.954193
0.809207,0.007467,-0.024345,1.518405,1.93774
0.809207,0.178806,0.146798,1.440939,1.916281
0.578762,0.435823,0.485914,1.364366,1.892412
0.578762,0.392984,0.400342,1.287271,1.85139
0.348318,0.650002,0.653887,1.219875,1.801625
0.117872,1.121179,1.078575,1.1612,1.7386
0.117872,0.992679,0.907432,1.136,1.676875
0.348318,1.206858,1.252887,1.136,1.632085
-0.112573,1.164018,1.160977,1.136,1.595067
0.117872,1.421018,1.249718,1.13825,1.561625
-0.112573,1.506696,1.417691,1.192753,1.517226
-0.343018,1.506696,1.500093,1.238276,1.476438
-0.803908,1.678035,1.664898,1.267265,1.443656
-0.573463,1.249679,1.24021,1.33193,1.380773
-0.343018,1.035519,1.072236,1.386683,1.312927
-0.803908,1.335357,1.322612,1.436737,1.229328
-0.803908,1.164018,1.237041,1.46941,1.135367
-0.803908,1.07834,0.980326,1.475,1.057125
-1.034353,0.864162,0.891586,1.475,0.9852
-1.264798,0.907001,0.888416,1.475,0.932527
-1.264798,0.778501,0.717274,1.456982,0.904967
-1.264798,0.564323,0.546131,1.414373,0.899339
-1.264798,0.521484,0.460559,1.369085,0.899339
-1.725688,0.307305,0.283078,1.292991,0.899339
-1.495243,0.178806,0.200676,1.224125,0.91075
-1.264798,0.050306,0.032702,1.144862,0.950277
-1.034353,-0.078212,-0.0497,1.071269,1.005659
-1.264798,-0.37805,-0.395155,1.001976,1.066391
-1.725688,-0.763567,-0.743779,0.934955,1.136389
-1.264798,-0.720728,-0.823012,0.866345,1.219189
-1.034353,-0.763567,-0.734271,0.81075,1.3035
-1.034353,-1.063406,-1.076556,0.758842,1.403113
-1.034353,-1.191924,-1.247699,0.716875,1.50675
-0.803908,-1.277584,-1.24453,0.69337,1.585695
-0.573463,-1.74878,-1.754789,0.677191,1.671667
-0.803908,-1.74878,-1.586815,0.675625,1.754358
-0.573463,-1.663101,-1.669218,0.675625,1.843363
-0.573463,-1.74878,-1.754789,0.675875,1.924097
-1.034353,-1.234745,-1.418842,0.687841,1.983952
-0.573463,-1.320423,-1.326932,0.710125,2.012927
-1.034353,-1.149084,-1.162128,0.7264,2.012927
-0.803908,-1.063406,-0.902244,0.7393,2.012927
-0.803908,-0.806407,-0.816673,0.752922,2.008456
-0.343018,-0.892067,-0.895906,0.771381,1.972
-0.343018,-0.720728,-0.724763,0.79659,1.916445
0.117872,-0.849246,-0.718424,0.826183,1.85126
0.117872,-0.50655,-0.803996,0.862829,1.769385
-0.112573,-0.163872,-0.122594,0.887728,1.701484
0.117872,-0.163872,-0.119424,0.909459,1.627149
-0.112573,0.135967,0.13412,0.926752,1.544625
0.117872,-0.035372,-0.033853,0.941408,1.4557
-0.112573,0.307305,0.305263,0.958181,1.397749
0.578762,0.650002,0.571485,0.973879,1.357587
0.348318,0.564323,0.653887,0.988915,1.315302
0.348318,1.121179,1.167316,1.007642,1.260978
0.117872,0.992679,0.907432,1.038534,1.230844
0.117872,0.992679,0.993004,1.079437,1.191089
0.578762,0.992679,0.913771,1.13242,1.13785
0.578762,0.94984,0.913771,1.195875,1.05775
1.039652,0.94984,1.005681,1.26001,0.924707
1.039652,0.907001,1.091252,1.330438,0.762121
0.809207,0.907001,0.831369,1.410358,0.729224
1.039652,0.650002,0.748967,1.501427,0.683293
1.039652,0.864162,0.834538,1.594915,0.6011
1.039652,0.692823,0.663395,1.693,0.6011
1.270097,0.564323,0.580993,1.787691,0.6011
1.500542,0.435823,0.41302,1.870412,0.613782
1.500542,0.435823,0.498591,1.934225,0.657319
1.270097,0.264484,0.238708,1.987794,0.703536
1.270097,0.264484,0.324279,2.025929,0.760008
1.500542,0.007467,0.070734,2.054837,0.837258
1.500542,0.007467,0.070734,2.082081,0.924275
1.500542,-0.121033,-0.100409,2.095925,1.012439
1.500542,-0.292372,-0.357123,2.096469,1.128267
1.500542,-0.549389,-0.528266,2.096469,1.247652
1.270097,-0.463729,-0.445864,2.094162,1.382098
1.270097,-0.806407,-0.617006,2.082087,1.499803
1.270097,-1.020585,-1.044863,2.076387,1.602253
1.270097,-1.320423,-1.216006,2.0545,1.702821
1.270097,-1.191924,-1.216006,2.0184,1.7854
1.039652,-1.577441,-1.561461,1.985765,1.855545
1.039652,-1.448923,-1.47589,1.967067,1.891654
-0.573463,-1.920119,-1.84036,1.961829,1.893754
-0.573463,-1.920119,-1.84036,1.956973,1.893754
-0.803908,-1.663101,-1.672387,1.947527,1.890153
-1.264798,-1.877279,-1.93544,1.93175,1.86
0.117872,-1.920119,-1.830852,1.904724,1.827662
0.117872,-1.877279,-1.830852,1.866777,1.773873
0.348318,-1.663101,-1.742112,1.81045,1.72235
0.117872,-1.491762,-1.488567,1.74968,1.669395
0.117872,-1.448923,-1.488567,1.663847,1.59631
-0.343018,-1.577441,-1.494905,1.581593,1.537157
0.809207,-1.363263,-1.307916,1.49835,1.483543
1.039652,-1.020585,-1.048033,1.420978,1.423083
1.039652,-0.977746,-0.962461,1.347381,1.363567
0.809207,-0.463729,-0.537774,1.268097,1.310387
1.270097,-0.549389,-0.445864,1.20575,1.26975
1.270097,-0.335211,-0.445864,1.123433,1.230843
1.270097,-0.206711,-0.189149,1.050692,1.220556
1.500542,0.135967,0.156306,0.988113,1.220556
1.270097,0.221645,0.238708,0.930014,1.220556
1.270097,0.007467,0.238708,0.888627,1.232177
1.270097,0.050306,0.067565,0.859526,1.264315
1.270097,0.135967,0.153136,0.828726,1.31144
1.270097,0.135967,0.238708,0.796854,1.36971
1.270097,0.521484,0.495422,0.768483,1.437825
1.270097,0.350145,0.324279,0.742931,1.513866
1.039652,0.392984,0.32111,0.724619,1.59508
1.270097,0.564323,0.580993,0.710333,1.677517
1.039652,0.650002,0.577824,0.704836,1.735056
1.039652,0.778501,0.748967,0.704781,1.804933
0.809207,0.607162,0.660226,0.704781,1.86573
0.809207,0.435823,0.403512,0.706256,1.929201
0.809207,0.307305,0.31794,0.719305,1.989018
0.809207,0.221645,0.232369,0.738284,2.0264
0.578762,0.307305,0.400342,0.769441,2.04875
0.348318,0.350145,0.311602,0.811367,2.071167
0.117872,0.264484,0.308432,0.873125,2.092012
0.348318,-0.078212,-0.116255,0.9729,2.12931
-0.112573,-0.549389,-0.464879,1.051256,2.164045
0.117872,-0.292372,-0.376139,1.102156,2.179424
-0.343018,-0.50655,-0.468049,1.213741,2.191388
-0.573463,-0.635068,-0.642361,1.31701,2.199623
-0.573463,-0.806407,-0.727932,1.421767,2.202045
-0.803908,-0.37805,-0.474387,1.519139,2.202045
-1.264798,-0.720728,-0.651869,1.612618,2.202045
-1.264798,-0.50655,-0.480726,1.714375,2.194273
-1.495243,-0.206711,-0.14161,1.801127,2.177251
-1.264798,0.093127,0.032702,1.865727,2.163247
-1.495243,-0.249551,-0.227181,1.913608,2.159827
-1.956133,0.178806,0.194337,1.939843,2.157967
-1.956133,0.264484,0.279909,1.941,2.155635
-1.495243,0.392984,0.371819,1.941,2.154446
-1.725688,0.521484,0.454221,1.939317,2.153559
-1.495243,0.392984,0.45739,1.904702,2.153
-1.264798,0.564323,0.546131,1.848122,2.153
-1.034353,0.521484,0.5493,1.795304,2.153128
-1.034353,0.564323,0.634871,1.723346,2.155351
-1.034353,0.650002,0.720443,1.641105,2.163574
-0.803908,0.778501,0.723612,1.550543,2.174483
-0.803908,1.07834,1.065898,1.445574,2.183506
-0.573463,1.121179,0.983496,1.338164,2.195516
-0.573463,1.335357,1.496924,1.226386,2.197031
-0.112573,1.164018,1.160977,1.114662,2.197031
-0.343018,1.249679,1.157808,1.009216,2.196731
-0.343018,1.506696,1.500093,0.913986,2.183271
-0.112573,1.506696,1.417691,0.841359,2.152755
0.117872,1.549535,1.249718,0.780835,2.11029
-0.112573,1.678035,1.674405,0.737424,2.057966
-0.343018,1.763714,1.671236,0.701554,1.995662
-0.343018,1.635196,1.671236,0.677356,1.933545
-0.112573,1.678035,1.503263,0.667593,1.868884
-0.343018,1.463857,1.414522,0.667193,1.787878
-0.343018,1.335357,1.414522,0.667193,1.707822
-0.112573,1.463857,1.417691,0.672005,1.615366
-0.112573,1.249679,1.33212,0.698833,1.549001
0.348318,1.07834,1.167316,0.748474,1.494871
-0.343018,0.521484,0.644379,0.800739,1.448612
-0.803908,0.435823,0.466898,0.874375,1.413
-0.343018,0.478644,0.387665,0.93,1.397409
-0.112573,0.221645,0.305263,1.015269,1.397409
-0.343018,0.307305,0.387665,1.144194,1.397409
-0.803908,0.435823,0.295755,1.272517,1.401182
-0.573463,0.392984,0.470067,1.375266,1.410881
-0.112573,0.82134,0.818692,1.469589,1.43285
-0.343018,0.392984,0.387665,1.578046,1.433875
-0.573463,0.392984,0.384496,1.692411,1.433875
-0.803908,0.350145,0.381327,1.800346,1.433133
0.348318,0.093127,0.140459,1.884422,1.413099
0.348318,0.050306,0.054888,1.95179,1.367946
0.117872,-0.206711,-0.204996,2.004158,1.319228
0.117872,0.093127,0.051718,2.070739,1.247082
0.348318,-0.206711,-0.201827,2.131223,1.162154
0.809207,-0.37805,-0.281059,2.143717,1.10807
0.578762,-0.292372,-0.3698,2.143897,1.045609
0.809207,-0.549389,-0.537774,2.143897,0.989839
0.809207,-0.463729,-0.452202,2.14129,0.920341
0.578762,-0.720728,-0.712086,2.116431,0.854041
0.578762,-0.892067,-0.883228,2.072167,0.806792
0.578762,-1.020585,-0.9688,2.013417,0.768833
0.809207,-1.234745,-1.136773,1.946225,0.740175
0.578762,-1.406102,-1.311085,1.870648,0.711736
1.039652,-1.491762,-1.47589,1.798084,0.683584
1.039652,-1.620262,-1.561461,1.720793,0.666777
0.809207,-1.663101,-1.650202,1.621703,0.658271
0.348318,-1.70594,-1.913254,1.531673,0.65673
-0.112573,-1.74878,-1.74845,1.440497,0.65663
0.117872,-1.920119,-1.916424,1.363425,0.65623
-0.343018,-2.134297,-2.093905,1.297418,0.659359
-0.343018,-2.177136,-2.265048,1.233698,0.67445
-1.495243,-2.177136,-2.109752,1.131435,0.702505
-1.034353,-2.091458,-2.188984,1.040301,0.724511
-1.264798,-1.83444,-1.93544,0.991358,0.741673
-1.034353,-1.74878,-1.675556,0.9765,0.76
-1.264798,-1.577441,-1.678725,0.9765,0.774023
-1.264798,-1.363263,-1.33644,0.9765,0.787425
-1.264798,-1.063406,-1.33644,0.983298,0.799519
-1.725688,-1.063406,-0.914922,1.031972,0.823662
-1.725688,-0.934906,-0.743779,1.091313,0.853623
-1.725688,-0.806407,-0.82935,1.165091,0.891414
-1.264798,-0.463729,-0.566297,1.250765,0.926798
-1.725688,-0.592228,-0.572636,1.328131,0.961059
-2.186578,-0.249551,-0.32226,1.397512,1.007625
-1.725688,-0.121033,-0.144779,1.467312,1.045756
-1.725688,0.221645,0.197507,1.540551,1.082831
-1.956133,0.135967,0.194337,1.5936,1.1095
-1.495243,0.221645,0.286247,1.623079,1.127786
-1.725688,0.350145,0.368649,1.623579,1.14442
-1.956133,0.221645,0.194337,1.623579,1.163958
-1.725688,0.093127,0.026364,1.620297,1.179409
-1.495243,-0.035372,-0.056038,1.58439,1.198031
-1.725688,-0.035372,-0.144779,1.529753,1.234108
-1.956133,-0.078212,-0.147948,1.478215,1.285487
-1.264798,-0.335211,-0.309583,1.428024,1.350359
-1.264798,-0.420889,-0.395155,1.379907,1.423278
-1.495243,-0.50655,-0.398324,1.338151,1.517163
-1.264798,-0.720728,-0.73744,1.309276,1.596537
-0.803908,-1.063406,-0.987816,1.302,1.689277
-1.034353,-1.063406,-1.162128,1.302,1.770011
-0.343018,-1.320423,-1.409334,1.302,1.841774
0.117872,-1.406102,-1.402995,1.314875,1.894625
0.348318,-1.620262,-1.570969,1.339449,1.941647
1.039652,-1.277584,-1.647032,1.382597,1.993713
1.039652,-1.448923,-1.47589,1.426274,2.018103
0.578762,-1.191924,-1.225514,1.490075,2.057575
0.809207,-1.277584,-1.222345,1.533084,2.0977
0.578762,-1.149084,-1.139943,1.598579,2.140349
0.348318,-0.977746,-1.057541,1.692121,2.157162
0.348318,-0.720728,-0.800826,1.761834,2.157162
0.117872,-0.549389,-0.803996,1.845847,2.156323
0.117872,-0.720728,-0.632853,1.928712,2.152732
0.117872,-0.463729,-0.46171,1.997859,2.133603
0.348318,-0.163872,-0.116255,2.076583,2.102828
0.117872,-0.035372,-0.033853,2.139031,2.059685
-0.343018,0.221645,0.216522,2.186109,2.011525
0.117872,0.135967,0.13729,2.219067,1.970039
-0.343018,0.221645,0.302094,2.232774,1.928394
-0.112573,0.350145,0.390835,2.240192,1.870291
-0.573463,0.735662,0.726782,2.255213,1.796239
-0.112573,0.735662,0.73312,2.267375,1.711875
-0.573463,1.07834,0.983496,2.27549,1.637529
-0.112573,0.992679,1.075406,2.281104,1.555716
-0.343018,1.035519,1.072236,2.285999,1.452417
-0.112573,1.249679,1.246548,2.286395,1.349293
-0.112573,1.335357,1.417691,2.286395,1.260431
-0.112573,1.506696,1.33212,2.284171,1.188649
-0.112573,1.335357,1.33212,2.264174,1.121201
-0.112573,1.164018,1.160977,2.232412,1.036332
-0.343018,1.035519,1.072236,2.205154,0.97806
0.348318,1.335357,1.338459,2.193373,0.960889
0.348318,1.206858,1.252887,2.189448,0.960889
0.117872,1.206858,1.249718,2.179045,0.960889
0.578762,0.992679,1.084914,2.174263,0.969545
0.578762,1.121179,1.084914,2.1585,1.0163
0.809207,0.778501,0.745797,2.145398,1.074314
0.809207,0.650002,0.745797,2.130069,1.156707
0.348318,0.650002,0.653887,2.10975,1.258
1.039652,0.607162,0.577824,2.085446,1.347567
0.809207,0.478644,0.489083,2.055128,1.434017
1.039652,0.607162,0.406681,2.022375,1.505625
1.039652,0.350145,0.32111,1.980272,1.607173
1.270097,0.307305,0.324279,1.93341,1.712875
1.270097,0.050306,0.067565,1.839544,1.839276
1.500542,0.007467,-0.014837,1.784918,1.936367
1.500542,-0.121033,-0.100409,1.719661,2.014455
1.270097,-0.206711,-0.360292,1.6595,2.071875
1.270097,-0.50655,-0.531435,1.5945,2.134225
1.500542,-0.549389,-0.613837,1.543664,2.150582
1.500542,-0.892067,-0.78498,1.506431,2.150582
1.039652,-1.020585,-1.048033,1.485344,2.150582
1.039652,-1.149084,-1.133604,1.477846,2.132666
1.039652,-1.363263,-1.219175,1.468257,2.077562
1.039652,-1.320423,-1.47589,1.461378,2.003622
0.809207,-1.877279,-1.821344,1.4471,1.9018
0.578762,-1.791619,-1.653371,1.435483,1.790689
0.809207,-1.320423,-1.307916,1.423996,1.683763
0.809207,-1.448923,-1.479059,1.418711,1.561305
0.809207,-1.406102,-1.393487,1.415089,1.457134
1.039652,-1.320423,-1.219175,1.412172,1.349728
1.039652,-1.063406,-1.048033,1.405579,1.249285
0.809207,-0.849246,-0.880059,1.39442,1.159501
0.578762,-0.592228,-0.626514,1.377612,1.079376
0.578762,-0.635068,-0.626514,1.352181,1.010767
0.348318,-0.549389,-0.629684,1.315855,0.955462
0.117872,-0.121033,-0.119424,1.26174,0.897358
0.348318,-0.035372,-0.030684,1.211385,0.859717
0.117872,0.221645,0.222861,1.160855,0.845867
0.348318,0.135967,0.22603,1.114753,0.845867
-0.112573,0.178806,0.219692,1.078816,0.845867
-0.343018,0.564323,0.473237,1.045243,0.858408
-0.112573,0.82134,0.818692,1.0148,0.904869
-0.343018,0.478644,0.558808,0.980187,0.998086
-0.573463,0.478644,0.555639,0.94611,1.06518
-1.034353,0.735662,0.720443,0.912797,1.144547
-1.034353,0.692823,0.634871,0.883181,1.231838
-1.264798,1.07834,1.316273,0.86299,1.300338
-1.264798,0.521484,0.546131,0.84274,1.374461
-1.264798,0.650002,0.546131,0.818835,1.461613
-1.264798,0.435823,0.460559,0.796527,1.534064
-1.495243,0.650002,0.628533,0.775715,1.619348
-2.417023,0.607162,0.786998,0.772,1.697545
-1.495243,0.521484,0.45739,0.772,1.764955
-1.495243,0.264484,0.286247,0.772,1.822836
-1.725688,0.178806,0.111935,0.777607,1.873137
-1.495243,-0.035372,0.029533,0.791131,1.923357
-1.725688,0.050306,0.111935,0.816008,1.963773
-1.725688,-0.335211,-0.315922,0.940852,2.016583
-1.956133,-0.292372,-0.404662,1.035215,2.059066
-1.956133,-0.592228,-0.661377,1.1025,2.09925
-1.725688,-0.806407,-0.82935,1.16506,2.130849
-1.495243,-1.063406,-1.082895,1.242341,2.15794
-1.495243,-1.106245,-1.082895,1.313152,2.181231
-1.495243,-1.406102,-1.082895,1.397421,2.195705
-1.034353,-1.534602,-1.504413,1.431228,2.196
-1.495243,-1.791619,-1.938609,1.450598,2.196
-1.495243,-2.219957,-2.195323,1.468997,2.195988
-1.034353,-1.70594,-1.761128,1.482,2.194539
-1.264798,-1.877279,-1.849868,1.482,2.189545
-0.803908,-1.491762,-1.586815,1.482,2.175484
-0.573463,-1.406102,-1.412503,1.47277,2.134532
-0.573463,-1.277584,-1.326932,1.443812,2.090763
-0.803908,-0.977746,-0.987816,1.400538,2.021135
-0.573463,-0.720728,-0.727932,1.360693,1.93909
-0.573463,-0.463729,-0.556789,1.326458,1.885269
-0.803908,-0.121033,-0.217673,1.301681,1.856321
-0.803908,-0.035372,-0.04653,1.297156,1.824898
-0.803908,0.135967,-0.132102,1.297156,1.802892
-1.034353,0.392984,0.378157,1.297263,1.765665
-0.803908,0.392984,0.466898,1.308842,1.711859
-0.573463,0.564323,0.470067,1.347289,1.594625
-0.573463,0.478644,0.470067,1.388681,1.5132
-0.343018,0.907001,0.901094,1.443994,1.431821
-0.343018,0.907001,0.901094,1.523666,1.137134
-0.343018,1.121179,1.157808,1.587599,1.060498
-0.343018,1.421018,1.328951,1.68331,0.806501
-0.573463,1.506696,1.582495,1.794635,0.67415
-0.343018,1.292518,1.414522,1.892741,0.652365
-0.112573,1.763714,1.588834,2.000685,0.653279
-0.112573,1.720874,1.674405,2.094185,0.656021
0.117872,1.763714,1.848718,2.173785,0.660494
0.117872,1.935053,1.848718,2.227302,0.690686
0.117872,1.592375,1.677575,2.266695,0.735475
0.578762,1.849374,1.855056,2.29016,0.804423
0.117872,1.592375,1.592003,2.303397,0.882895
-0.112573,1.506696,1.503263,2.309224,0.975619
0.348318,1.378196,1.42403,2.310997,1.070463
0.578762,1.07834,0.999342,2.314054,1.155348
0.348318,1.206858,1.167316,2.322515,1.255803
0.348318,1.07834,1.081744,2.331323,1.357175
0.117872,0.94984,0.907432,2.33841,1.469162
0.578762,0.907001,0.913771,2.339005,1.573529
0.117872,0.907001,0.821861,2.339005,1.677672
-0.343018,0.221645,0.130951,2.338292,1.787275
-0.803908,0.007467,-0.04653,2.31886,1.883123
-0.803908,-0.206711,-0.217673,2.299681,1.958636
-1.264798,-0.335211,-0.309583,2.28664,2.01319
-1.495243,-0.50655,-0.483895,2.269547,2.03315
-1.495243,-0.420889,-0.483895,2.251705,2.03315
-0.573463,-0.892067,-0.899075,2.221835,2.03315
-0.803908,-1.020585,-0.987816,2.189812,2.009403
-1.034353,-1.106245,-1.333271,2.154854,1.935438
-1.034353,-1.663101,-1.675556,2.101375,1.857375
-0.573463,-1.74878,-1.84036,2.046947,1.786166
-0.573463,-1.491762,-1.669218,1.99221,1.699869
-0.343018,-1.663101,-1.666048,1.948975,1.622285
0.578762,-1.620262,-1.311085,1.904518,1.537996
0.348318,-1.234745,-1.314255,1.862422,1.456656
0.578762,-1.363263,-1.311085,1.81235,1.367842
1.039652,-1.149084,-1.133604,1.7705,1.2821
1.039652,-0.635068,-0.534604,1.716675,1.191962
1.039652,-0.335211,-0.27789,1.66358,1.100753
1.500542,-0.335211,-0.357123,1.600512,0.988952
1.270097,-0.420889,-0.445864,1.537262,0.908665
1.270097,-0.335211,-0.274721,1.466667,0.849057
1.270097,-0.206711,-0.189149,1.392066,0.804962
1.270097,-0.292372,-0.189149,1.317771,0.757694
1.500542,0.093127,0.156306,1.246978,0.729879
1.270097,0.007467,-0.018007,1.172402,0.725895
1.270097,-0.078212,-0.103578,1.079654,0.725619
0.809207,-0.163872,-0.109917,1.005188,0.725619
1.039652,0.135967,0.149967,0.937521,0.729037
1.039652,0.093127,0.149967,0.897894,0.751769
1.039652,0.264484,0.32111,0.8785,0.782239
0.809207,0.735662,0.745797,0.8785,0.81422
0.578762,0.778501,0.742628,0.8785,0.83752
0.578762,0.992679,0.999342,0.881704,0.888682
0.578762,1.121179,1.084914,0.903091,0.943576
0.578762,1.07834,1.084914,0.932825,1.006936
0.348318,1.07834,1.081744,0.973427,1.051345
0.117872,1.378196,1.335289,1.025448,1.085044
0.348318,1.335357,1.42403,1.101398,1.115287
0.348318,1.421018,1.509601,1.184206,1.149089
0.578762,1.421018,1.427199,1.282695,1.177334
0.348318,1.206858,1.252887,1.402023,1.195149
0.117872,1.07834,1.078575,1.524911,1.202993
0.578762,0.864162,0.828199,1.644396,1.214425
0.348318,0.82134,0.82503,1.7444,1.240888
0.348318,0.564323,0.568316,1.825322,1.279384
0.348318,0.521484,0.653887,1.890807,1.339866
0.348318,0.350145,0.482745,1.940438,1.400293
0.809207,0.392984,0.489083,1.970361,1.468713
0.348318,0.221645,0.311602,2.004556,1.563802
0.578762,0.392984,0.400342,2.022,1.666221
-0.112573,0.307305,0.305263,2.029,1.735673
0.117872,0.178806,0.13729,2.029,1.816372
-0.343018,0.007467,-0.040192,2.0277,1.89436
-0.803908,-0.035372,-0.132102,2.0005,1.9775
-0.573463,-0.292372,-0.300075,1.959041,2.0322
-1.034353,-0.292372,-0.220842,1.898776,2.068416
-0.573463,-0.163872,-0.128932,1.849605,2.086704
-0.803908,-0.121033,-0.217673,1.757109,2.109824
-0.573463,-0.463729,-0.556789,1.643562,2.13477
-1.034353,-0.806407,-0.905414,1.5421,2.1554
-1.264798,-1.234745,-1.250868,1.426195,2.174258
-0.803908,-1.406102,-1.415673,1.31006,2.18646
-0.343018,-1.406102,-1.494905,1.208984,2.189
-0.112573,-1.448923,-1.491736,1.108009,2.189
0.117872,-1.534602,-1.488567,1.031149,2.189
0.348318,-1.663101,-1.65654,0.954321,2.169448
0.348318,-1.577441,-1.570969,0.901836,2.131692
0.578762,-1.320423,-1.311085,0.867007,2.095004
0.578762,-1.063406,-1.054371,0.841496,2.034009
0.809207,-0.977746,-0.96563,0.822826,1.966986
1.039652,-0.934906,-0.87689,0.805635,1.879686
0.809207,-0.677889,-0.708916,0.79631,1.779304
0.348318,-0.420889,-0.372969,0.792606,1.671744
0.348318,-0.50655,-0.458541,0.789516,1.560468
0.348318,-0.463729,-0.201827,0.787281,1.46531
0.348318,-0.37805,-0.372969,0.787081,1.36965
0.117872,-0.292372,-0.204996,0.787514,1.256695
-0.343018,-0.292372,-0.211335,0.791036,1.150634
-0.573463,-0.121033,-0.128932,0.798288,1.11758
-1.034353,0.093127,0.035872,0.805639,1.101002
-1.264798,0.264484,0.032702,0.818687,1.0935
-1.495243,0.350145,0.628533,0.8311,1.094705
-0.803908,0.521484,0.466898,0.839563,1.10451
-0.573463,0.435823,0.470067,0.855136,1.1154
-0.343018,0.82134,0.729951,0.891549,1.143803
-0.343018,0.564323,0.644379,0.929295,1.184687
-0.343018,0.907001,0.901094,0.977754,1.214717
-0.803908,1.292518,1.322612,1.020463,1.249966
-0.573463,1.292518,1.24021,1.079908,1.290798
-0.803908,1.592375,1.579326,1.135349,1.302
-0.573463,1.421018,1.411353,1.191219,1.30125
-0.112573,1.549535,1.588834,1.241699,1.300562
-0.343018,1.506696,1.585665,1.279988,1.298812
-0.112573,1.763714,1.759977,1.341756,1.291859
-0.112573,1.720874,1.759977,1.42111,1.272865
0.117872,1.935053,1.763146,1.510133,1.243656
0.117872,1.678035,1.592003,1.59886,1.220705
0.348318,1.335357,1.338459,1.693995,1.2196
0.809207,1.463857,1.51594,1.781082,1.2196
0.809207,1.292518,1.344797,1.885218,1.220236
0.578762,1.249679,1.256056,1.957444,1.243633
0.578762,1.035519,1.084914,2.014188,1.291728
0.809207,1.164018,1.173654,2.046195,1.353
0.809207,0.992679,1.002512,2.054473,1.440993
0.809207,0.778501,0.745797,2.054473,1.543758
1.039652,0.478644,0.577824,2.054473,1.647887
1.270097,0.564323,0.580993,2.047563,1.760578
1.270097,0.607162,0.580993,2.007488,1.871161
1.270097,0.350145,0.40985,1.967896,1.959045
1.500542,0.435823,0.41302,1.921086,2.025718
1.500542,0.392984,0.327448,1.860621,2.075972
1.500542,0.221645,0.241877,1.790618,2.096
1.500542,-0.078212,-0.100409,1.705894,2.096
1.500542,-0.078212,-0.014837,1.587424,2.096
1.270097,-0.121033,-0.103578,1.498142,2.087
1.730988,-0.677889,-0.610668,1.4184,2.0356
1.730988,-0.892067,-0.78181,1.353118,1.972487
1.730988,-1.020585,-0.952953,1.324243,1.906112
1.730988,-1.063406,-1.038525,1.323,1.819581
1.730988,-1.106245,-1.038525,1.323,1.739343
1.500542,-0.677889,-0.870551,1.325997,1.639621
1.500542,-0.677889,-0.78498,1.368862,1.532075
1.500542,-0.720728,-0.78498,1.4245,1.415755
1.270097,-0.592228,-0.531435,1.483445,1.319462
1.039652,-0.163872,-0.192319,1.552677,1.228219
0.578762,-0.335211,-0.3698,1.639425,1.129042
0.348318,-0.206711,-0.287398,1.702602,1.059664
0.578762,-0.078212,0.143628,1.714,1.025319
0.117872,0.135967,0.13729,1.714,1.001728
0.348318,0.478644,0.22603,1.714,0.980939
0.348318,0.392984,0.568316,1.694748,0.942277
-0.343018,0.307305,0.302094,1.647742,0.894885
-0.803908,0.478644,0.466898,1.567538,0.846595
-1.034353,0.564323,0.634871,1.490677,0.804198
-1.264798,0.778501,0.802845,1.410586,0.764168
-1.264798,0.82134,0.717274,1.3235,0.7276
-1.264798,0.692823,0.717274,1.24775,0.714
-1.495243,0.992679,0.628533,1.175641,0.714
-0.803908,0.650002,0.723612,1.092674,0.714
-1.495243,0.607162,0.542961,1.015085,0.722647
-1.495243,0.692823,0.628533,0.946897,0.754024
-1.495243,0.650002,0.628533,0.89399,0.800126
-1.495243,0.607162,0.628533,0.855828,0.857942
-1.725688,0.221645,0.197507,0.826548,0.942988
-1.495243,0.178806,0.200676,0.787034,1.029486
-1.725688,0.007467,-0.059208,0.766835,1.108717
-1.495243,-0.121033,-0.14161,0.755253,1.194028
-1.956133,-0.249551,-0.23352,0.747231,1.277183
-1.956133,-0.463729,-0.575805,0.737967,1.361267
-1.725688,-0.635068,-0.658207,0.72675,1.45325
-1.725688,-0.677889,-0.487065,0.715009,1.53038
-1.495243,-0.977746,-0.997324,0.706674,1.595349
-1.034353,-1.020585,-0.990985,0.706595,1.699157
-1.264798,-1.491762,-1.507583,0.706595,1.79275
-1.725688,-1.70594,-1.856207,0.707206,1.894985
-0.343018,-2.134297,-2.093905,0.726875,1.989236
-0.573463,-1.83444,-1.925932,0.755,2.07375
-0.343018,-1.962958,-2.008334,0.811269,2.14491
-0.343018,-1.663101,-1.75162,0.949622,2.185746
-0.573463,-1.577441,-1.669218,1.089794,2.238164
0.578762,-1.620262,-1.653371,1.170155,2.272797
1.039652,-1.320423,-1.390318,1.266464,2.290516
1.270097,-1.234745,-1.216006,1.271455,2.291395
1.270097,-0.934906,-0.959292,1.271054,2.291016
1.270097,-0.977746,-0.959292,1.269054,2.281351
1.039652,-0.849246,-0.363461,1.226046,2.261332
1.270097,-0.635068,-0.445864,1.144617,2.217899
1.500542,-0.37805,-0.357123,1.12264,2.149622
1.500542,-0.121033,-0.100409,1.112692,2.079655
1.270097,-0.420889,-0.360292,1.109975,1.991991
1.730988,-0.035372,-0.011668,1.109975,1.882602
1.500542,-0.035372,0.070734,1.111505,1.765647
1.500542,0.178806,0.241877,1.14517,1.627849
1.500542,0.093127,0.241877,1.189914,1.501945
1.270097,0.264484,0.238708,1.235643,1.385214
1.270097,0.178806,0.238708,1.29525,1.25675
1.270097,0.392984,0.324279,1.369757,1.129013
1.270097,0.607162,0.324279,1.454615,1.014632
1.039652,1.07834,1.091252,1.559602,0.90461
1.039652,1.206858,1.176824,1.648474,0.831879
0.809207,1.121179,0.91694,1.745122,0.766947
0.578762,0.94984,0.913771,1.8238,0.7218
0.578762,1.07834,1.084914,1.910812,0.689174
0.578762,1.463857,1.512771,1.99486,0.687256
1.039652,1.463857,1.604681,2.064722,0.687256
0.578762,1.763714,1.683913,2.128485,0.68792
0.348318,1.678035,1.680744,2.1765,0.707556
0.348318,1.592375,1.680744,2.20676,0.753887
0.117872,1.592375,1.592003,2.233278,0.802718
0.348318,1.720874,1.509601,2.248234,0.864584
0.348318,1.421018,1.42403,2.257344,0.940749
-0.343018,1.335357,1.328951,2.2616,1.047476
-0.343018,1.249679,1.328951,2.275686,1.138849
-0.573463,1.07834,1.154638,2.288642,1.230056
-0.803908,1.07834,0.980326,2.294002,1.300293
-0.573463,0.907001,0.897924,2.29651,1.417023
-0.343018,0.82134,0.815522,2.297,1.504064
-0.803908,0.82134,0.809184,2.296513,1.649604
-0.803908,1.07834,1.065898,2.292652,1.774971
-1.034353,1.121179,1.062728,2.269101,1.863888
-1.264798,0.992679,0.973988,2.240244,1.945549
-0.803908,0.82134,0.809184,2.210193,2.02058
-0.573463,0.907001,0.897924,2.16497,2.078594
-0.803908,0.82134,0.809184,2.103246,2.130998
-0.803908,0.82134,0.809184,2.02864,2.175478
-1.034353,0.564323,0.5493,1.926358,2.202609
-0.573463,0.392984,0.470067,1.838345,2.221542
-0.112573,0.050306,0.048549,1.753513,2.24337
-0.343018,0.135967,0.130951,1.715124,2.258905
-0.112573,0.221645,0.13412,1.6541,2.261631
-0.343018,0.050306,0.04538,1.550411,2.261631
0.117872,-0.420889,-0.290567,1.448741,2.261369
1.039652,-0.763567,-0.791318,1.360948,2.25333
0.578762,-0.934906,-0.883228,1.258379,2.235983
0.578762,-0.934906,-0.883228,1.165998,2.215604
0.578762,-1.020585,-0.9688,1.003405,2.190403
0.809207,-1.106245,-1.051202,0.845557,2.164279
1.039652,-1.277584,-1.304747,0.797122,2.136747
1.039652,-1.234745,-1.219175,0.748487,2.096127
1.270097,-1.191924,-1.216006,0.707913,2.040229
0.809207,-1.620262,-1.56463,0.67816,1.971333
0.809207,-1.83444,-1.906916,0.649768,1.884755
0.809207,-2.048618,-2.078059,0.633608,1.792066
0.809207,-2.177136,-2.078059,0.622131,1.683895
0.348318,-2.048618,-1.998826,0.616949,1.582695
0.348318,-2.348475,-2.341111,0.615718,1.473327
-0.112573,-2.348475,-2.261879,0.615718,1.368189
-0.343018,-2.177136,-2.179477,0.615718,1.267792
-0.343018,-2.262797,-2.265048,0.622065,1.180904
-1.264798,-1.663101,-1.678725,0.649781,1.114972
-1.034353,-1.70594,-1.761128,0.676477,1.03262
-1.264798,-1.320423,-1.33644,0.729,0.951878
-0.803908,-1.191924,-1.158958,0.809563,0.854875
-1.264798,-0.892067,-0.823012,0.885068,0.779303
-1.264798,-0.763567,-0.823012,0.964025,0.733655
-1.264798,-0.463729,-0.395155,1.038949,0.703384
-1.495243,-0.463729,-0.398324,1.124413,0.682612
-1.495243,-0.420889,-0.398324,1.205538,0.670396
-1.495243,0.050306,0.029533,1.298939,0.659445
-1.495243,-0.163872,-0.14161,1.390893,0.6498
-1.956133,0.135967,0.108766,1.475315,0.6495
-1.956133,0.264484,0.536623,1.555074,0.6495
-1.725688,0.478644,0.454221,1.624184,0.650644
-1.725688,0.521484,0.539792,1.679797,0.655082
-1.264798,0.435823,0.374988,1.722007,0.66526
-1.034353,0.564323,0.5493,1.735875,0.67996
-1.264798,0.564323,0.546131,1.735875,0.698455
-1.264798,0.692823,0.460559,1.735875,0.721509
-1.264798,0.778501,0.802845,1.729727,0.758104
-1.034353,0.692823,0.634871,1.7005,0.8055
-1.034353,0.478644,0.463729,1.661919,0.87478
-1.034353,-0.206711,-0.220842,1.624125,0.971875
-0.573463,-0.635068,-0.556789,1.603165,1.058792
-0.573463,-0.50655,-0.556789,1.58064,1.151711
0.578762,-0.806407,-0.883228,1.557639,1.238273
0.578762,-0.892067,-0.883228,1.53626,1.33214
0.348318,-0.892067,-0.886398,1.50754,1.442066
0.809207,-1.020585,-1.051202,1.486709,1.548991
1.270097,-1.149084,-1.130435,1.467266,1.661125
1.500542,-1.149084,-1.127265,1.44517,1.758234
1.500542,-1.063406,-0.956123,1.427164,1.861739
1.500542,-1.020585,-0.956123,1.427164,1.954732
1.500542,-0.720728,-0.613837,1.427164,2.040375
1.730988,-0.592228,-0.525096,1.430379,2.117013
1.500542,-0.249551,-0.271551,1.451034,2.173998
1.500542,-0.292372,-0.271551,1.479547,2.199609
1.500542,-0.206711,-0.18598,1.515409,2.206352
1.500542,-0.078212,0.070734,1.562132,2.216487
1.270097,0.135967,0.153136,1.603266,2.219
1.500542,0.093127,0.070734,1.658836,2.219
1.270097,0.135967,0.153136,1.74865,2.2163
1.270097,0.350145,0.40985,1.823964,2.20943
1.039652,0.050306,0.920109,1.885453,2.202774
1.039652,0.392984,0.406681,1.932225,2.194659
0.809207,0.350145,0.31794,2.000947,2.168923
0.809207,0.692823,0.660226,2.046792,2.126797
0.809207,0.607162,0.574655,2.085046,2.068363
0.578762,0.82134,0.913771,2.119875,2.0015
0.348318,0.94984,1.081744,2.151437,1.925185
0.348318,1.249679,1.42403,2.179617,1.819722
0.117872,1.249679,1.078575,2.212933,1.71013
0.117872,1.335357,1.249718,2.22764,1.60637
-0.112573,1.249679,1.160977,2.246038,1.495149
-0.112573,1.335357,1.33212,2.252,1.402862
-0.573463,1.335357,1.325781,2.252,1.294804
-0.573463,1.335357,1.411353,2.252,1.207982
-0.803908,1.249679,1.322612,2.251518,1.129694
-0.573463,1.07834,0.983496,2.247353,1.043293
-0.803908,0.992679,0.980326,2.229252,0.968264
-1.034353,1.07834,1.1483,2.197586,0.902597
-0.803908,1.335357,1.322612,2.1585,0.847125
-1.264798,1.249679,1.230702,2.112493,0.80319
-1.264798,1.292518,1.316273,2.054114,0.765859
-1.034353,1.164018,1.1483,2.007131,0.758067
-1.034353,1.206858,1.233871,1.939774,0.758067
-0.803908,1.164018,1.151469,1.882,0.758067
-0.803908,1.164018,1.065898,1.839834,0.767459
-0.343018,1.07834,0.986665,1.814349,0.79832
-0.343018,0.650002,0.558808,1.809,0.829774
-0.343018,0.692823,0.644379,1.809,0.878327
-0.573463,0.392984,0.470067,1.809,0.944118
-0.112573,0.135967,0.13412,1.810017,1.028246
-0.112573,0.135967,0.048549,1.811389,1.091511
0.348318,-0.37805,-0.372969,1.811389,1.173875
0.348318,-0.420889,-0.458541,1.811389,1.259547
0.348318,-0.549389,-0.544112,1.804299,1.403264
0.348318,-0.635068,-0.629684,1.774429,1.517
1.039652,-0.720728,-0.705747,1.739372,1.621302
1.270097,-1.320423,-1.301577,1.709319,1.703522
0.809207,-1.363263,-1.307916,1.652814,1.802414
1.039652,-1.234745,-1.219175,1.584647,1.912071
0.809207,-1.320423,-1.393487,1.493823,2.033041
0.809207,-1.74878,-1.735773,1.399466,2.135145
0.578762,-1.83444,-1.824514,1.30079,2.218948
0.348318,-2.005779,-2.084397,1.211092,2.277005
0.348318,-2.048618,-1.998826,1.11661,2.31871
0.348318,-2.091458,-2.084397,1.038851,2.322
-0.112573,-2.177136,-2.176307,0.972879,2.322
-0.112573,-2.134297,-2.176307,0.912922,2.321661
-0.343018,-2.091458,-2.093905,0.859328,2.290306
-0.803908,-1.791619,-1.84353,0.816689,2.220371
-0.343018,-1.70594,-1.75162,0.809076,2.157887
-1.495243,-1.191924,-1.168466,0.809,2.07258
-1.264798,-1.020585,-1.079726,0.809,1.978751
-1.725688,-0.635068,-0.743779,0.809802,1.8929
-1.725688,-0.806407,-0.743779,0.81136,1.797193
-1.495243,-0.635068,-0.569467,0.812752,1.711782
-1.495243,-0.635068,-0.655038,0.81598,1.618595
-1.495243,-0.720728,-0.740609,0.824585,1.518343
-1.264798,-0.977746,-1.250868,0.839969,1.429425
-1.495243,-1.149084,-1.168466,0.84855,1.351844
-1.264798,-1.149084,-1.165297,0.862051,1.279074
-0.803908,-0.934906,-0.902244,0.876415,1.181036
-1.034353,-1.149084,-1.162128,0.916534,1.069679
-0.803908,-1.106245,-1.073387,0.98327,0.959445
-0.343018,-1.149084,-1.067048,1.060992,0.853538
-0.343018,-0.892067,-0.810334,1.146187,0.757355
0.117872,-1.063406,-0.975138,1.226927,0.706576
0.117872,-0.892067,-0.975138,1.326992,0.654965
0.578762,-0.806407,-0.797657,1.412483,0.614966
0.578762,-0.463729,-0.3698,1.49752,0.593625
0.578762,-0.292372,-0.284229,1.56683,0.593
0.578762,-0.035372,-0.027514,1.742374,0.593
0.809207,-0.035372,-0.024345,1.824064,0.59525
0.809207,0.007467,0.061226,1.8484,0.601086
1.270097,0.435823,0.40985,1.8495,0.608627
1.039652,0.607162,0.577824,1.8495,0.633503
0.809207,0.692823,0.489083,1.844542,0.670903
1.039652,0.992679,1.005681,1.808969,0.728308
0.809207,0.82134,0.574655,1.649364,0.796717
0.809207,1.206858,1.173654,1.596515,0.887878
0.578762,1.121179,1.084914,1.558562,0.989463
0.348318,1.121179,1.167316,1.516062,1.102481
0.578762,1.849374,1.427199,1.473958,1.224573
0.809207,2.149231,1.772654,1.439805,1.345555
0.578762,1.678035,1.683913,1.415516,1.453451
0.348318,2.234891,2.02303,1.394408,1.570918
0.348318,1.592375,1.595173,1.387275,1.669158
0.117872,1.678035,1.677575,1.387175,1.790639
0.117872,1.678035,1.592003,1.387175,1.888793
0.348318,1.249679,1.252887,1.390523,1.989736
0.117872,1.249679,1.249718,1.422434,2.07254
0.348318,1.506696,1.509601,1.462101,2.139322
0.578762,1.635196,1.598342,1.513852,2.195722
0.117872,1.335357,1.335289,1.580904,2.227041
-0.112573,1.249679,1.160977,1.654443,2.229818
-0.343018,1.164018,1.157808,1.740633,2.229818
-0.573463,1.07834,0.897924,1.809672,2.229818
-0.803908,0.778501,0.809184,1.904557,2.209584
-0.803908,0.778501,0.552469,1.9735,2.168158
-1.034353,0.82134,0.806014,2.036737,2.118561
-1.034353,0.735662,0.720443,2.090625,2.072875
-1.495243,0.564323,0.628533,2.13299,2.023213
-1.495243,0.350145,0.286247,2.159496,1.980589
-1.495243,0.307305,0.286247,2.174491,1.916882
-1.495243,0.135967,0.115105,2.201853,1.854829
-1.956133,0.093127,0.023194,2.224402,1.750614
-1.956133,0.093127,0.023194,2.259711,1.611076
-2.186578,-0.292372,-0.32226,2.3078,1.548133
-1.725688,-0.420889,-0.401493,2.321485,1.485501
-2.186578,-0.249551,-0.407832,2.323,1.443312
-1.034353,-0.078212,-0.135271,2.323891,1.42808
-1.264798,-0.078212,-0.13844,2.326811,1.424
-1.034353,0.135967,0.121443,2.327097,1.424
-1.034353,0.007467,0.035872,2.32505,1.42496
-0.803908,0.264484,0.210184,2.3233,1.449668
-0.343018,0.050306,0.04538,2.320409,1.474182
-0.803908,0.478644,0.381327,2.30963,1.505012
-0.343018,-0.035372,0.04538,2.280633,1.537637
-0.573463,0.478644,0.470067,2.230506,1.572944
0.117872,0.435823,0.479575,2.166362,1.600513
0.117872,0.478644,0.479575,2.086841,1.626996
0.348318,0.564323,0.482745,1.972948,1.668772
0.809207,0.735662,0.745797,1.83525,1.710125
0.809207,0.735662,0.745797,1.714277,1.744956
0.809207,0.735662,0.745797,1.603679,1.771244
1.270097,0.564323,0.666565,1.478409,1.778445
0.809207,0.692823,0.745797,1.350667,1.778445
1.039652,0.650002,0.663395,1.232727,1.778445
1.039652,0.607162,0.663395,1.124774,1.771097
1.270097,0.607162,0.580993,1.022788,1.737292
1.270097,0.350145,0.324279,0.93745,1.694123
1.270097,0.264484,0.238708,0.874598,1.648981
1.500542,0.264484,0.241877,0.837625,1.6105
1.730988,0.221645,0.245046,0.789746,1.539805
1.500542,0.392984,0.41302,0.747862,1.474957
1.500542,0.221645,0.241877,0.731166,1.395169
1.500542,-0.035372,0.070734,0.723414,1.298492
1.500542,0.093127,0.070734,0.710631,1.204087
1.270097,-0.206711,-0.189149,0.700834,1.14713
1.270097,-0.163872,-0.189149,0.695348,1.053117
1.500542,-0.463729,-0.442694,0.692409,0.971929
1.500542,-0.635068,-0.613837,0.684763,0.880014
1.961432,-0.806407,-0.778641,0.68491,0.811251
1.500542,-1.106245,-1.127265,0.701273,0.780132
1.500542,-1.363263,-1.298408,0.709798,0.764724
1.500542,-1.277584,-1.298408,0.73025,0.75077
1.270097,-1.448923,-1.387149,0.809888,0.740315
1.039652,-1.577441,-1.647032,0.90865,0.725504
0.348318,-2.091458,-2.169969,1.009009,0.710042
0.348318,-2.134297,-2.169969,1.11629,0.699425
-0.112573,-2.262797,-2.261879,1.208503,0.692542
-0.112573,-2.177136,-2.176307,1.445718,0.685948
-0.343018,-1.877279,-1.837191,1.54983,0.684863
-0.803908,-1.83444,-1.84353,1.65725,0.684818
-1.264798,-1.620262,-1.678725,1.7666,0.684818
-1.264798,-1.491762,-1.507583,1.859094,0.686728
-1.495243,-1.320423,-1.339609,1.95243,0.703401
-1.034353,-1.363263,-1.504413,2.027699,0.738034
-1.264798,-1.448923,-1.33644,2.096009,0.783002
-1.034353,-1.577441,-1.589985,2.152367,0.833885
-0.803908,-1.663101,-1.672387,2.192971,0.912159
-1.264798,-1.74878,-1.764297,2.222553,1.015213
-1.034353,-1.620262,-1.675556,2.224787,1.090622
-0.573463,-1.70594,-1.754789,2.224787,1.144958
0.117872,-1.320423,-1.402995,2.22406,1.181575
0.578762,-1.406102,-1.396657,2.212875,1.188407
0.578762,-1.320423,-1.396657,2.183712,1.188407
1.039652,-0.934906,-0.962461,2.140375,1.188407
1.039652,-1.063406,-1.048033,2.063797,1.174913
1.039652,-0.849246,-0.87689,1.972966,1.159463
1.039652,-0.549389,-0.534604,1.900567,1.151219
1.039652,-0.249551,-0.27789,1.80161,1.151
1.039652,-0.206711,-0.192319,1.704125,1.151
1.039652,0.050306,0.064396,1.59324,1.1511
1.270097,0.135967,0.153136,1.471041,1.1576
1.039652,0.178806,0.235538,1.381793,1.174724
1.270097,0.607162,0.666565,1.288717,1.210733
1.039652,0.478644,0.492253,1.194302,1.26716
0.809207,0.607162,0.574655,1.082811,1.336557
1.039652,0.94984,0.920109,0.997967,1.39681
0.578762,1.035519,1.170485,0.916746,1.457532
0.578762,1.07834,1.084914,0.844625,1.525979
0.578762,1.421018,1.427199,0.781439,1.607249
0.578762,1.206858,1.256056,0.736632,1.679087
0.578762,1.164018,1.084914,0.69924,1.752597
0.348318,1.121179,1.081744,0.673595,1.815259
0.348318,1.206858,1.167316,0.660378,1.892845
0.348318,0.907001,0.910602,0.660378,1.97125
0.348318,0.907001,0.996173,0.660378,2.046696
-0.112573,1.164018,1.246548,0.668645,2.116894
0.117872,1.07834,0.993004,0.715004,2.170821
0.117872,1.335357,1.164146,0.766205,2.208905
-0.343018,1.206858,1.157808,0.8217,2.236
-0.573463,0.82134,0.812353,0.883344,2.255923
-0.573463,0.82134,0.812353,0.964991,2.273096
-1.034353,1.164018,0.977157,1.04752,2.282609
-0.803908,0.864162,0.809184,1.121864,2.286555
-1.034353,0.864162,0.806014,1.197761,2.292881
-1.034353,0.82134,0.720443,1.27729,2.301292
-1.264798,0.478644,0.460559,1.361901,2.301292
-1.264798,0.564323,0.546131,1.461844,2.301292
-1.495243,0.307305,0.542961,1.555321,2.299675
-1.034353,0.264484,0.292586,1.594625,2.296
-0.803908,0.093127,0.124612,1.688552,2.266122
-1.034353,0.050306,0.035872,1.808494,2.217065
-0.573463,-0.035372,-0.128932,1.903469,2.165442
-0.343018,-0.078212,-0.125763,1.991207,2.101298
-0.343018,-0.37805,-0.125763,2.050261,2.046302
0.117872,-0.50655,-0.46171,2.105673,1.982195
-0.112573,-0.50655,-0.636022,2.138378,1.928411
0.348318,-0.677889,-0.629684,2.140773,1.864496
0.348318,-0.635068,-0.544112,2.140773,1.822887
-0.112573,-0.806407,-0.807165,2.139219,1.7994
0.348318,-1.149084,-1.143112,2.11425,1.797
0.348318,-1.191924,-1.143112,2.087764,1.797
0.578762,-1.277584,-1.311085,2.051897,1.811898
0.117872,-1.577441,-1.65971,2.024202,1.847219
0.348318,-1.83444,-1.827683,1.966724,1.893978
0.348318,-1.83444,-1.742112,1.885761,1.950167
0.348318,-2.134297,-2.169969,1.797778,2.006125
0.117872,-2.262797,-2.258709,1.724724,2.058933
-0.343018,-1.877279,-2.008334,1.624456,2.105219
-0.573463,-1.74878,-1.84036,1.520647,2.141452
-1.034353,-1.74878,-1.675556,1.421678,2.1505
-1.034353,-2.005779,-1.93227,1.346061,2.1505
-1.034353,-1.577441,-1.761128,1.266462,2.1505
-1.956133,-1.491762,-1.431519,1.191732,2.141633
-1.495243,-1.020585,-1.082895,1.119871,2.098732
-1.725688,-1.106245,-1.000493,1.043405,2.038115
-1.725688,-0.720728,-0.82935,0.970292,1.971124
-1.725688,-0.763567,-0.743779,0.904593,1.895242
-1.956133,-0.420889,-0.490234,0.852443,1.823832
-1.495243,-0.592228,-0.569467,0.805914,1.736301
-1.956133,-0.292372,-0.319091,0.760099,1.638546
-1.495243,-0.37805,-0.569467,0.726226,1.54406
-1.725688,-0.463729,-0.572636,0.71898,1.449973
-1.264798,-0.592228,-0.73744,0.71898,1.397287
-1.034353,-0.635068,-0.563128,0.71898,1.365664
-1.034353,-0.549389,-0.563128,0.730726,1.323054
-0.803908,-0.635068,-0.559959,0.758952,1.261674
-0.343018,-0.549389,-0.55362,0.806494,1.20756
-0.343018,-0.592228,-0.55362,0.880719,1.144042
-0.573463,-0.720728,-0.727932,0.9693,1.0797
-0.343018,-0.635068,-0.724763,1.063458,1.006886
0.117872,-0.806407,-0.803996,1.152445,0.839967
0.117872,-0.677889,-0.718424,1.246857,0.764189
0.348318,-0.720728,-0.629684,1.332878,0.735194
0.117872,-0.206711,-0.204996,1.43343,0.705398
0.348318,-0.206711,-0.116255,1.516317,0.703622
0.578762,0.221645,0.2292,1.58659,0.703622
0.578762,-0.121033,-0.113086,1.673582,0.713084
0.809207,0.050306,-0.024345,1.731115,0.770752
0.809207,0.350145,0.403512,1.779187,0.8124
1.039652,0.392984,0.406681,1.79921,0.883532
0.809207,0.478644,0.403512,1.8005,0.958087
0.809207,0.692823,0.745797,1.8005,1.037188
0.809207,0.735662,0.745797,1.795875,1.131702
0.578762,0.94984,0.828199,1.767194,1.225183
0.578762,0.94984,0.828199,1.724841,1.331066
0.809207,0.907001,0.91694,1.685865,1.425512
0.809207,0.94984,0.91694,1.647405,1.523868
1.039652,0.907001,0.834538,1.608135,1.642912
0.809207,0.82134,0.91694,1.582058,1.752677
1.039652,0.992679,0.748967,1.579573,1.847716
1.500542,0.650002,0.41302,1.579573,1.934806
0.578762,0.564323,0.485914,1.57968,1.972963
0.578762,0.478644,0.571485,1.608621,2.02803
0.578762,0.350145,0.314771,1.655586,2.075724
0.348318,0.050306,0.140459,1.718648,2.102224
0.117872,-0.035372,-0.119424,1.794254,2.103529
0.117872,-0.163872,-0.204996,1.860802,2.103529
-0.112573,-0.292372,-0.208165,1.95144,2.101289
-0.112573,-0.335211,-0.379308,2.019057,2.071867
-0.343018,-0.335211,-0.296906,2.079102,2.030864
-0.803908,-0.206711,-0.217673,2.131533,1.986603
-1.034353,-0.035372,-0.135271,2.179985,1.927782
-1.034353,-0.463729,-0.220842,2.230486,1.852026
-1.264798,-0.206711,-0.224012,2.257665,1.782242
-1.034353,-0.121033,-0.135271,2.28046,1.717933
-1.264798,-0.335211,-0.224012,2.301258,1.64736
-1.725688,0.093127,-0.144779,2.3037,1.58462
-0.803908,0.135967,0.124612,2.3037,1.512825
-1.264798,0.392984,0.374988,2.303152,1.451648
-1.264798,0.564323,0.546131,2.283119,1.399005
-1.495243,0.735662,0.714104,2.261822,1.352746
-1.264798,0.607162,0.631702,2.238187,1.337
-1.034353,0.94984,0.891586,2.218311,1.337
-1.034353,0.94984,0.977157,2.195056,1.337
-0.573463,0.82134,0.812353,2.167813,1.350784
-0.573463,0.94984,0.983496,2.134647,1.383339
-1.034353,0.992679,1.1483,2.091624,1.419974
-0.573463,1.463857,1.411353,2.02913,1.465005
-0.343018,1.249679,1.243379,1.962343,1.516907
-0.112573,1.421018,1.246548,1.872475,1.570799
0.117872,1.121179,1.164146,1.7747,1.6136
0.578762,1.249679,1.341628,1.67625,1.651375
0.578762,1.335357,1.427199,1.591457,1.683495
0.809207,1.206858,1.173654,1.506122,1.711892
0.578762,1.164018,1.170485,1.412642,1.723
0.578762,1.121179,1.170485,1.325332,1.723
0.809207,1.07834,1.088083,1.242623,1.723
0.809207,0.992679,1.088083,1.1457,1.709
0.809207,0.692823,0.660226,1.060771,1.675754
1.039652,0.607162,0.748967,0.979509,1.631894
1.039652,0.778501,0.748967,0.917575,1.586274
1.270097,0.692823,0.666565,0.863136,1.527695
1.270097,0.307305,0.40985,0.817509,1.467746
1.270097,0.392984,0.324279,0.782832,1.414069
1.270097,0.178806,0.238708,0.760106,1.355216
1.270097,0.178806,0.153136,0.757133,1.310778
1.270097,-0.121033,-0.018007,0.757133,1.287078
1.270097,0.093127,0.153136,0.757133,1.285594
1.270097,-0.249551,-0.274721,0.76434,1.285594
1.270097,-0.37805,-0.360292,0.789844,1.286719
1.270097,-0.420889,-0.445864,0.839132,1.304287
1.500542,-0.50655,-0.528266,0.908415,1.325528
1.270097,-0.50655,-0.531435,0.996663,1.343249
1.039652,-0.206711,-0.192319,1.098627,1.353837
1.270097,-0.206711,-0.189149,1.201847,1.355952
1.270097,-0.335211,-0.274721,1.318947,1.355952
1.039652,-0.206711,-0.192319,1.420787,1.355952
0.809207,-0.035372,-0.024345,1.519447,1.341658
0.578762,-0.078212,-0.027514,1.633049,1.314349
0.809207,0.82134,0.31794,1.716283,1.287079
0.348318,0.307305,0.311602,1.792413,1.253972
-0.112573,0.607162,0.818692,1.864996,1.231777
0.348318,0.82134,0.397173,1.925973,1.183139
-0.112573,1.07834,0.818692,1.980156,1.113162
-0.343018,0.992679,1.243379,2.014625,1.050479
-0.112573,0.778501,0.73312,2.0225,0.993814
-0.112573,0.778501,0.73312,2.0225,0.946479
-0.343018,0.692823,0.729951,2.0225,0.892608
-0.803908,0.692823,0.552469,2.006888,0.833641
-0.573463,0.564323,0.897924,1.972183,0.794161
-0.343018,0.692823,0.729951,1.916049,0.751024
-1.034353,0.650002,0.634871,1.859355,0.72705
-1.034353,0.392984,0.378157,1.7814,0.7145
-1.264798,0.307305,0.289417,1.7015,0.7135
-1.495243,0.264484,0.200676,1.625349,0.7135
-1.495243,0.050306,0.029533,1.538831,0.7135
-1.264798,-0.035372,-0.13844,1.44832,0.7206
-1.725688,-0.249551,-0.23035,1.36019,0.73873
-1.495243,-0.549389,-0.569467,1.279408,0.76633
-1.495243,-0.420889,-0.569467,1.201506,0.799881
-1.264798,-0.806407,-0.823012,1.123055,0.850149
-1.495243,-0.892067,-0.911752,1.054756,0.906945
-1.495243,-1.063406,-1.082895,0.997419,0.962859
-1.495243,-1.106245,-1.082895,0.926227,1.055049
-1.264798,-1.577441,-1.593154,0.873125,1.14475
-1.495243,-1.74878,-1.681895,0.825733,1.246768
-1.495243,-1.70594,-1.767466,0.786673,1.34727
-1.264798,-1.83444,-1.849868,0.755528,1.443276
-1.034353,-1.791619,-1.846699,0.737387,1.545618
-0.573463,-1.962958,-2.011503,0.734387,1.62676
-0.112573,-1.920119,-1.74845,0.732387,1.711925
0.348318,-1.83444,-1.913254,0.734432,1.781477
0.117872,-1.83444,-1.745281,0.757105,1.83773
0.578762,-1.74878,-1.738942,0.806265,1.900382
0.809207,-1.577441,-1.56463,0.896812,1.956109
0.809207,-1.534602,-1.393487,0.973214,1.983586
0.809207,-0.806407,-0.880059,1.019178,1.995658
0.809207,-0.806407,-0.794488,1.056675,1.997
0.809207,-0.934906,-0.880059,1.090239,1.997
0.809207,-0.635068,-0.623345,1.092549,1.997
0.809207,-0.677889,-0.623345,1.092549,1.986739
1.270097,-0.37805,-0.360292,1.085925,1.951448
1.039652,-0.249551,-0.021176,1.061118,1.913785
1.039652,0.007467,-0.106747,1.05412,1.859174
1.039652,-0.035372,-0.021176,1.0501,1.801457
0.809207,0.221645,0.232369,1.047367,1.762448
0.809207,0.392984,0.403512,1.046091,1.726303
0.809207,0.435823,0.31794,1.046091,1.665772
0.809207,0.564323,0.574655,1.046091,1.547976
0.809207,1.035519,1.088083,1.059888,1.438933
0.578762,0.992679,0.999342,1.08776,1.332315
0.578762,1.249679,1.256056,1.12865,1.22645
0.348318,1.121179,1.081744,1.175558,1.116769
0.117872,1.292518,1.335289,1.235976,0.87117
0.348318,1.378196,1.42403,1.321264,0.809229
-0.112573,1.164018,1.160977,1.390377,0.779084
-0.112573,1.206858,1.160977,1.487211,0.754125
-0.573463,1.463857,1.496924,1.580666,0.753
-0.343018,1.421018,1.500093,1.673041,0.753
-0.343018,1.421018,1.414522,1.739417,0.75449
-0.343018,1.421018,1.328951,1.81013,0.780462
-0.343018,1.249679,1.157808,1.876619,0.82931
-0.573463,1.164018,1.24021,1.934897,0.887397
-0.573463,1.249679,1.154638,1.996,0.959875
-0.803908,1.421018,1.322612,2.0639,1.0354
-0.803908,1.249679,1.322612,2.1245,1.108476
-0.573463,1.249679,1.24021,2.162567,1.170876
-0.573463,1.164018,1.154638,2.22094,1.244587
-0.573463,1.07834,1.154638,2.263375,1.331173
-1.034353,1.07834,1.1483,2.315943,1.456868
-0.803908,1.07834,0.980326,2.335759,1.562204
-1.034353,0.907001,0.891586,2.335759,1.662658
-0.573463,0.607162,0.64121,2.335759,1.741925
-0.343018,0.735662,0.729951,2.330288,1.841571
-0.343018,0.478644,0.473237,2.305159,1.943379
-0.112573,0.392984,0.305263,2.272139,2.006817
-0.343018,0.178806,0.387665,2.213781,2.072237
0.117872,0.093127,0.13729,2.148488,2.117148
0.117872,-0.121033,-0.119424,2.062141,2.159844
-0.112573,-0.121033,-0.122594,1.946412,2.203536
0.578762,-0.635068,-0.540943,1.841065,2.22243
0.809207,-0.50655,-0.537774,1.726409,2.224336
1.039652,-0.763567,-0.791318,1.60844,2.224336
0.809207,-0.677889,-0.623345,1.518122,2.224252
0.809207,-1.063406,-1.051202,1.418948,2.21583
1.270097,-1.063406,-0.959292,1.31325,2.188
1.039652,-1.191924,-1.133604,1.215961,2.140882
1.039652,-1.448923,-1.390318,1.125679,2.077746
1.039652,-1.577441,-1.561461,1.048003,2.005855
0.578762,-1.70594,-1.653371,0.983133,1.921655
-0.343018,-2.091458,-2.093905,0.93346,1.838057
-0.573463,-2.262797,-2.268217,0.889044,1.740645
-0.803908,-2.091458,-2.100244,0.8557,1.6276
-1.264798,-1.962958,-2.021011,0.839554,1.533185
-1.264798,-1.791619,-1.93544,0.836906,1.439971
-0.803908,-1.620262,-1.415673,0.836906,1.339395
-1.495243,-1.448923,-1.425181,0.836906,1.255925
-1.495243,-0.720728,-0.740609,0.84376,1.166081
-1.495243,-0.892067,-0.911752,0.864489,1.075737
-1.495243,-0.549389,-0.483895,0.898417,0.998843
-1.725688,0.007467,-0.059208,0.945225,0.91737
-1.725688,0.093127,0.026364,1.001414,0.840344
-1.725688,0.007467,0.026364,1.05764,0.774085
-1.956133,0.221645,0.108766,1.12578,0.712679
-1.725688,0.135967,0.111935,1.197912,0.674083
-1.725688,0.093127,0.026364,1.306593,0.631
-1.495243,0.350145,0.371819,1.388533,0.623
-1.725688,0.435823,0.368649,1.43932,0.623
-1.725688,0.564323,0.539792,1.494014,0.623069
-1.495243,0.778501,0.714104,1.524492,0.630211
-1.264798,0.778501,0.717274,1.531602,0.643187
-1.034353,1.07834,0.977157,1.531602,0.659113
-1.034353,0.907001,0.977157,1.531602,0.688547
-1.034353,1.07834,0.977157,1.520146,0.733697
-0.803908,0.564323,0.466898,1.486453,0.802959
-0.803908,0.607162,0.552469,1.450095,0.879038
-0.573463,0.435823,0.470067,1.429707,0.975892
-0.803908,0.478644,0.466898,1.41225,1.074625
-0.803908,0.521484,0.466898,1.391699,1.184056
-0.573463,0.007467,0.04221,1.373425,1.30515
-1.034353,-0.078212,-0.135271,1.35594,1.42916
-1.034353,-0.249551,-0.220842,1.34056,1.552813
-0.573463,-0.420889,-0.471218,1.34008,1.64673
-0.573463,-0.892067,-0.899075,1.34008,1.742309
-0.803908,-0.549389,-0.559959,1.34008,1.841828
-0.573463,-0.592228,-0.556789,1.350509,1.942724
-0.803908,-0.292372,-0.303245,1.373875,2.0435
-0.343018,-0.206711,-0.211335,1.410162,2.124589
-0.343018,-0.37805,-0.382477,1.457178,2.174783
0.117872,-0.249551,-0.204996,1.516417,2.209943
0.348318,0.007467,0.140459,1.579125,2.226911
0.578762,0.221645,0.314771,1.65272,2.226911
0.578762,0.050306,0.058057,1.751292,2.226911
0.809207,0.478644,0.489083,1.830801,2.219019
0.578762,0.350145,0.485914,1.935915,2.168135
0.809207,0.435823,0.403512,2.014898,2.113134
0.578762,0.735662,0.742628,2.073221,2.06328
0.809207,0.94984,0.91694,2.131548,1.999621
1.039652,0.82134,0.834538,2.188484,1.918912
1.039652,0.735662,0.748967,2.237516,1.841211
0.809207,0.778501,0.745797,2.268057,1.774251
0.578762,0.94984,0.742628,2.297557,1.675311
1.039652,1.07834,1.091252,2.318859,1.585122
1.039652,1.121179,1.091252,2.336875,1.482812
0.809207,1.035519,1.088083,2.338,1.404172
0.578762,1.335357,1.341628,2.338,1.325603
0.578762,1.720874,1.683913,2.338,1.246214
0.578762,1.678035,1.683913,2.325925,1.157671
0.348318,1.806535,1.766315,2.31765,1.063225
0.117872,1.763714,1.848718,2.305385,0.995147
0.348318,1.935053,1.937458,2.29022,0.933627
0.809207,1.763714,1.858225,2.2579,0.8864
0.578762,1.849374,1.769485,2.217119,0.838295
0.578762,1.463857,1.512771,2.162082,0.800349
0.578762,1.678035,1.598342,2.101079,0.769565
0.578762,1.592375,1.598342,2.023699,0.74745
0.578762,1.506696,1.427199,1.956371,0.7445
0.578762,1.292518,1.256056,1.90387,0.7445
0.578762,1.249679,1.256056,1.86357,0.744875
0.578762,1.07834,0.999342,1.83429,0.765978
0.578762,0.992679,0.999342,1.80425,0.815033
1.039652,0.907001,0.920109,1.789943,0.881398
0.809207,0.992679,0.91694,1.784942,0.962212
1.039652,0.778501,0.748967,1.782778,1.016245
1.270097,0.564323,0.580993,1.7799,1.096709
1.500542,0.564323,0.498591,1.763176,1.194921
1.500542,0.521484,0.584163,1.743662,1.277548
1.500542,0.392984,0.41302,1.735812,1.336438
1.500542,0.307305,0.41302,1.715292,1.400464
1.730988,0.392984,0.416189,1.691291,1.438519
1.500542,0.264484,0.327448,1.661855,1.462982
1.730988,0.307305,0.245046,1.621484,1.477369
1.730988,0.221645,0.245046,1.572958,1.48166
1.500542,0.264484,0.241877,1.511729,1.487556
1.500542,-0.078212,-0.100409,1.433392,1.492167
1.500542,-0.249551,-0.18598,1.360048,1.493752
1.270097,-0.249551,-0.274721,1.290114,1.495835
1.500542,-0.635068,-0.528266,1.216965,1.496
1.039652,-0.635068,-0.620176,1.131981,1.496
1.270097,-0.549389,-0.617006,1.045236,1.496
0.809207,-0.763567,-0.708916,0.968286,1.491838
0.809207,-0.763567,-0.794488,0.891648,1.477419
0.348318,-0.892067,-0.886398,0.830877,1.464831
0.348318,-0.892067,-0.886398,0.77332,1.46302
-0.112573,-0.934906,-0.892736,0.728,1.451834
-0.112573,-1.149084,-1.149451,0.688131,1.444206
-0.343018,-1.063406,-1.067048,0.657258,1.429742
-0.573463,-1.063406,-1.070218,0.643322,1.407871
-0.573463,-0.50655,-0.471218,0.6433,1.326539
-1.264798,-0.292372,-0.309583,0.6433,1.235625
-1.264798,-0.249551,-0.309583,0.645173,1.136695
-1.264798,-0.335211,-0.309583,0.654666,1.052173
-1.034353,-0.37805,-0.391985,0.660894,0.988844
-1.034353,-0.335211,-0.306414,0.669595,0.924222
-1.264798,-0.249551,-0.309583,0.701994,0.924222
-0.803908,-0.549389,-0.474387,0.718542,0.924222
-1.034353,-0.37805,-0.477557,0.733442,0.936267
-0.343018,-0.549389,-0.468049,0.750823,1.005937
-0.112573,-0.292372,-0.293737,0.76258,1.089192
-0.112573,-0.206711,-0.208165,0.76258,1.165338
0.117872,0.050306,-0.204996,0.76258,1.239359
0.117872,-0.163872,-0.119424,0.757303,1.310438
0.117872,-0.206711,-0.204996,0.741453,1.393375
0.348318,-0.206711,-0.201827,0.723807,1.480946
0.578762,-0.206711,-0.113086,0.701396,1.578712
0.578762,0.050306,0.058057,0.67131,1.677995
0.578762,0.350145,0.314771,0.652392,1.767545
0.809207,0.221645,0.403512,0.621974,1.868702
0.578762,0.478644,0.400342,0.597725,1.958514
0.809207,0.350145,0.403512,0.595,2.024779
0.578762,0.264484,0.400342,0.595,2.0586
0.809207,0.392984,0.403512,0.595,2.092758
0.348318,0.264484,0.397173,0.615097,2.111162
0.117872,0.778501,0.993004,0.650954,2.112202
0.348318,0.135967,0.054888,0.728168,2.112202
0.117872,0.178806,0.13729,0.814976,2.110414
0.348318,0.307305,0.397173,0.906284,2.085714
-0.112573,0.478644,0.561977,0.987069,2.057294
-0.112573,0.650002,0.647549,1.093086,2.02371
0.117872,0.735662,0.736289,1.202825,1.98624
0.117872,0.607162,0.650718,1.305722,1.949915
-0.343018,0.221645,0.216522,1.414614,1.901962
-0.573463,0.221645,0.127782,1.494716,1.853546
-0.343018,0.135967,0.216522,1.583715,1.784189
-0.573463,0.350145,0.384496,1.677855,1.70448
-0.573463,0.435823,0.470067,1.752093,1.639149
-0.803908,0.093127,0.124612,1.83244,1.579695
-1.264798,0.093127,0.032702,1.900705,1.495805
-1.725688,0.093127,0.111935,1.949048,1.419645
-1.725688,0.093127,0.111935,1.982308,1.351169
-1.725688,0.178806,0.111935,1.996535,1.31056
-1.956133,0.264484,0.194337,1.997,1.29707
-2.186578,0.478644,0.362311,1.997,1.296735
-1.956133,0.350145,0.36548,1.997,1.296735
-1.725688,0.350145,0.283078,1.980209,1.298088
-1.956133,0.392984,0.279909,1.94785,1.31375
-1.034353,0.392984,0.378157,1.908761,1.326978
-1.264798,0.221645,0.203845,1.846575,1.34953
-0.343018,-0.035372,-0.040192,1.774223,1.371637
-0.573463,0.435823,0.127782,1.694039,1.398878
-0.343018,-0.035372,-0.040192,1.593825,1.433336
0.348318,-0.206711,-0.201827,1.489367,1.445194
0.348318,-0.163872,-0.201827,1.386175,1.453215
0.578762,-0.37805,-0.284229,1.283414,1.467704
0.809207,-0.335211,-0.281059,1.197159,1.490209
0.809207,-0.206711,-0.195488,1.12775,1.504875
1.039652,-0.292372,-0.27789,1.077515,1.505
1.500542,-0.249551,-0.18598,1.00787,1.505
1.270097,-0.335211,-0.274721,0.9765,1.504125
1.270097,-0.249551,-0.274721,0.9765,1.492828
1.039652,-0.206711,-0.449033,0.9765,1.472779
1.500542,-0.163872,-0.18598,0.996568,1.435764
1.270097,-0.720728,-0.702578,1.027412,1.384006
1.039652,-0.849246,-0.87689,1.071889,1.330833
1.500542,-0.977746,-0.956123,1.124311,1.266392
1.270097,-1.149084,-1.130435,1.1828,1.194375
1.270097,-1.406102,-1.387149,1.238124,1.134363
1.270097,-1.320423,-1.301577,1.302985,1.077259
0.809207,-1.448923,-1.56463,1.368985,1.037397
0.578762,-1.74878,-1.738942,1.446282,1.00449
0.117872,-1.83444,-1.916424,1.54824,0.970915
-0.112573,-2.177136,-2.176307,1.64795,0.951369
-0.112573,-2.305636,-2.34745,1.744636,0.935247
-0.573463,-2.134297,-2.43936,1.842199,0.923932
-0.573463,-2.434135,-2.353789,1.921534,0.917246
-0.573463,-2.048618,-2.097074,2.010819,0.916889
-0.803908,-1.877279,-1.929101,2.0795,0.916889
-0.573463,-1.74878,-1.754789,2.137084,0.917292
-0.573463,-1.491762,-1.498075,2.187728,0.925716
-1.495243,-0.977746,-0.997324,2.228123,0.931096
-1.034353,-1.020585,-0.990985,2.245883,0.931096
-1.264798,-1.020585,-0.994154,2.245883,0.933114
-1.495243,-0.977746,-1.082895,2.245883,0.93651
-1.495243,-0.50655,-0.569467,2.238153,0.941725
-1.264798,-0.50655,-0.395155,2.202574,0.942
-1.725688,-0.335211,-0.401493,2.142436,0.957035
-1.264798,-0.163872,-0.224012,2.071734,0.99831
-1.264798,-0.121033,-0.052869,2.006206,1.046445
-1.034353,-0.035372,-0.220842,1.937,1.109
-1.034353,0.050306,0.035872,1.835385,1.198962
-1.264798,-0.121033,-0.052869,1.739674,1.282934
-1.264798,-0.035372,-0.13844,1.65102,1.362075
-1.034353,-0.035372,-0.0497,1.549784,1.443449
-1.495243,-0.292372,-0.312752,1.479229,1.522093
-1.034353,-0.206711,-0.220842,1.444717,1.610101
-1.034353,-0.163872,-0.135271,1.332364,1.699436
-0.803908,-0.206711,-0.217673,1.275736,1.729111
-0.343018,0.050306,-0.040192,1.272,1.802638
-0.343018,-0.549389,-0.55362,1.272,1.864198
-0.112573,-0.549389,-0.550451,1.273125,1.921798
0.348318,-0.50655,-0.458541,1.288711,1.97035
0.348318,-0.549389,-0.372969,1.302954,2.001438
0.578762,-0.206711,-0.198657,1.316219,2.038945
0.809207,-0.121033,-0.109917,1.355623,2.139752
1.039652,-0.121033,-0.106747,1.408139,2.17816
1.039652,0.007467,-0.021176,1.440358,2.213348
0.809207,0.093127,0.146798,1.479159,2.231049
1.039652,0.392984,0.406681,1.519104,2.242537
1.039652,0.307305,0.406681,1.595057,2.24621
1.039652,0.392984,0.492253,1.689019,2.24621
0.809207,0.478644,0.489083,1.783969,2.24621
0.809207,0.692823,0.745797,1.879583,2.235901
0.809207,0.692823,0.745797,1.971138,2.195977
0.809207,0.650002,0.745797,2.031041,2.158398
0.809207,1.292518,1.259226,2.062038,2.102524
0.348318,1.07834,1.081744,2.0799,2.040539
0.578762,1.121179,1.084914,2.088008,1.97075
0.578762,1.164018,1.256056,2.100486,1.905233
0.348318,1.335357,1.338459,2.103558,1.823264
-0.112573,1.035519,0.904263,2.10456,1.743789
-0.112573,1.07834,0.904263,2.1077,1.65428
-0.112573,1.164018,1.075406,2.107625,1.555596
-0.112573,0.478644,0.476406,2.105158,1.464269
-0.112573,0.435823,0.305263,2.10234,1.38025
-0.112573,0.307305,0.305263,2.098267,1.296625
-0.112573,0.178806,0.13412,2.086252,1.223322
-0.112573,0.135967,0.13412,2.055959,1.167051
-0.112573,-0.078212,-0.037022,2.030334,1.147226
0.117872,-0.37805,-0.376139,2.00785,1.145
0.117872,-0.420889,-0.46171,1.994734,1.145
0.348318,-0.50655,-0.544112,1.975738,1.150879
0.578762,-0.720728,-0.797657,1.932222,1.194485
0.578762,-0.849246,-0.883228,1.898232,1.242955
0.578762,-0.892067,-0.9688,1.851344,1.302398
0.578762,-1.234745,-1.225514,1.803965,1.354974
0.578762,-1.448923,-1.396657,1.735137,1.417405
0.578762,-1.534602,-1.5678,1.655096,1.477455
0.578762,-1.74878,-1.738942,1.565802,1.520149
0.578762,-1.920119,-1.910085,1.481204,1.572871
0.578762,-1.962958,-1.995657,1.385877,1.628276
-0.112573,-2.219957,-2.176307,1.305449,1.66867
-0.573463,-2.091458,-2.182646,1.215544,1.70385
-0.803908,-2.091458,-2.185815,1.132645,1.717415
-0.803908,-1.83444,-1.501244,1.057797,1.717415
-1.495243,-1.534602,-1.596323,0.973956,1.717415
-1.725688,-1.063406,-1.000493,0.892851,1.711333
-1.956133,-0.934906,-1.089234,0.828125,1.677121
-1.495243,-0.720728,-0.740609,0.780458,1.628802
-1.725688,-0.763567,-0.743779,0.74219,1.574589
-2.186578,-0.292372,-0.32226,0.722,1.544764
-1.956133,-0.163872,-0.147948,0.7205,1.511994
-1.956133,0.050306,0.023194,0.7205,1.474016
-1.956133,0.093127,0.108766,0.723398,1.385299
-1.725688,0.135967,0.197507,0.744686,1.29779
-1.956133,0.221645,0.108766,0.765,1.213459
-1.956133,0.050306,0.023194,0.790777,1.176667
-1.956133,0.093127,0.023194,0.80564,1.137157
-1.725688,-0.121033,-0.144779,0.830802,1.094173
-1.725688,-0.206711,-0.144779,0.877704,0.964867
-1.495243,-0.121033,-0.14161,0.958638,0.964867
-1.034353,0.093127,0.035872,1.039858,0.964867
-1.034353,0.050306,0.121443,1.133534,0.97894
-1.034353,-0.035372,-0.135271,1.18927,1.024197
-0.573463,0.221645,0.213353,1.301661,1.060417
-0.573463,0.307305,0.298925,1.399219,1.1111
-0.343018,-0.121033,-0.040192,1.4263,1.1983
-0.573463,0.050306,0.127782,1.437375,1.295341
-0.343018,0.221645,0.216522,1.439554,1.458317
-0.112573,0.392984,0.219692,1.441125,1.574875
0.117872,0.221645,0.308432,1.444531,1.668438
0.117872,0.607162,0.565147,1.451061,1.727547
0.578762,0.692823,0.657057,1.468804,1.826914
0.117872,1.035519,1.078575,1.497909,1.9338
0.578762,0.907001,0.913771,1.526632,2.004381
0.809207,1.035519,1.002512,1.580139,2.074379
0.348318,0.907001,0.910602,1.625929,2.11679
0.348318,1.07834,0.996173,1.68152,2.1511
0.809207,1.421018,1.430369,1.752436,2.153
0.578762,1.335357,1.341628,1.841205,2.153
0.348318,1.592375,1.509601,1.93846,2.151909
0.348318,1.549535,1.595173,2.008361,2.123131
0.348318,1.506696,1.509601,2.07094,2.082995
0.348318,1.678035,1.595173,2.113629,2.033988
0.117872,1.806535,1.677575,2.154945,1.963809
0.348318,1.763714,1.766315,2.197914,1.873777
-0.112573,1.421018,1.417691,2.214011,1.782747
0.117872,1.335357,1.335289,2.219297,1.679706
0.117872,1.463857,1.420861,2.222093,1.568838
-0.112573,1.292518,1.33212,2.22545,1.470224
-0.112573,1.164018,1.160977,2.235498,1.356439
-0.573463,1.249679,1.24021,2.244,1.247596
-0.803908,1.035519,1.065898,2.244,1.147038
-0.343018,0.992679,1.072236,2.244,1.071819
-0.803908,0.907001,0.809184,2.244,1.021985
-1.034353,0.735662,0.720443,2.242476,0.994431
-0.803908,0.735662,0.638041,2.237601,0.993131
-1.034353,0.564323,0.5493,2.2207,0.993131
-1.264798,0.392984,0.460559,2.183794,0.994807
-1.264798,0.478644,0.460559,2.143197,1.021773
-1.264798,0.350145,0.374988,2.097452,1.05306
-1.725688,0.307305,0.368649,2.035219,1.079425
-1.495243,0.478644,0.45739,1.965155,1.102714
-1.264798,0.007467,0.032702,1.848816,1.141759
-1.495243,-0.121033,-0.056038,1.755761,1.189973
-1.725688,-0.035372,-0.144779,1.656469,1.221174
-1.725688,-0.420889,-0.401493,1.564737,1.24655
-1.725688,-0.37805,-0.487065,1.4623,1.262391
-1.495243,-0.720728,-0.740609,1.369696,1.280283
-0.573463,-0.892067,-0.899075,1.272822,1.298132
-0.573463,-0.677889,-0.642361,1.169712,1.301806
-0.803908,-0.335211,-0.388816,1.09775,1.326326
-0.112573,-0.463729,-0.550451,1.029033,1.443
-0.112573,-0.37805,-0.379308,0.952707,1.443
-0.112573,-0.121033,-0.208165,0.900697,1.443
0.117872,-0.206711,-0.204996,0.8608,1.434054
0.578762,0.178806,0.2292,0.822995,1.385707
0.578762,0.264484,0.2292,0.791994,1.321089
0.809207,0.264484,0.31794,0.786194,1.234804
0.809207,0.135967,0.232369,0.781201,1.005231
1.039652,0.392984,0.32111,0.779554,0.82425
1.039652,0.221645,0.235538,0.756849,0.79573
1.039652,0.350145,0.32111,0.673448,0.76026
1.270097,0.221645,0.324279,0.673,0.745711
1.270097,0.435823,0.40985,0.673,0.725648
1.270097,0.435823,0.40985,0.685188,0.708205
1.270097,0.264484,0.324279,0.764993,0.689651
1.270097,0.221645,0.238708,0.864828,0.677618
1.270097,0.050306,0.067565,0.983033,0.673448
1.270097,0.050306,0.067565,1.17594,0.673
1.039652,0.093127,0.064396,1.259333,0.673
1.500542,-0.37805,-0.442694,1.467687,0.673
1.500542,-0.549389,-0.528266,1.6243,0.673
1.270097,-0.463729,-0.531435,1.749564,0.680793
1.270097,-0.934906,-0.959292,1.85851,0.714313
1.039652,-1.063406,-1.048033,1.957808,0.763913
0.809207,-1.191924,-1.136773,2.033019,0.816602
1.270097,-1.448923,-1.387149,2.085644,0.8712
1.039652,-1.577441,-1.561461,2.128691,0.931211
0.809207,-1.74878,-1.735773,2.146508,1.004051
0.578762,-1.663101,-1.738942,2.146508,1.103568
0.348318,-1.74878,-1.827683,2.146508,1.20276
0.348318,-1.791619,-1.913254,2.140997,1.286835
-0.343018,-2.048618,-2.008334,2.121557,1.354608
-1.034353,-1.74878,-1.846699,2.103522,1.39978
-0.573463,-1.83444,-1.84036,2.062817,1.453459
-0.112573,-1.83444,-1.834022,1.997857,1.501677
0.117872,-1.74878,-1.745281,1.924626,1.526146
0.348318,-1.877279,-1.827683,1.834935,1.547419
0.117872,-1.320423,-1.231853,1.746673,1.55952
0.578762,-1.491762,-1.396657,1.646887,1.57165
0.578762,-1.277584,-1.311085,1.52931,1.58702
0.809207,-0.977746,-1.051202,1.430231,1.594975
0.809207,-0.977746,-0.880059,1.330423,1.609157
0.809207,-0.892067,-0.880059,1.219441,1.631069
0.809207,-0.677889,-0.623345,1.139641,1.648903
0.578762,-0.335211,-0.284229,1.064375,1.672225
0.809207,-0.463729,-0.366631,1.000527,1.701177
0.348318,-0.292372,-0.287398,0.9316,1.7436
0.117872,-0.206711,-0.119424,0.86944,1.79624
0.348318,-0.078212,-0.116255,0.818384,1.847628
0.578762,0.135967,0.058057,0.780452,1.897972
0.578762,0.135967,0.2292,0.769852,1.944959
0.809207,0.221645,0.232369,0.769852,1.980566
0.809207,0.350145,0.403512,0.769852,2.017774
0.809207,0.435823,0.489083,0.783875,2.0525
0.809207,0.907001,0.831369,0.826292,2.076913
1.039652,0.864162,0.834538,0.91013,2.082575
1.039652,0.778501,0.834538,1.041743,2.086983
1.039652,0.992679,1.005681,1.151135,2.089921
1.039652,0.992679,1.005681,1.236261,2.091158
1.039652,0.94984,1.005681,1.322943,2.097682
1.270097,1.035519,1.094422,1.426533,2.10397
1.270097,1.292518,0.923279,1.515568,2.108093
0.809207,1.164018,1.173654,1.594581,2.111146
0.809207,1.121179,1.173654,1.630762,2.114966
0.809207,1.292518,1.344797,1.670263,2.1175
0.809207,1.549535,1.51594,1.750085,2.116615
0.578762,1.635196,1.427199,1.813865,2.112031
0.578762,1.849374,1.855056,1.869588,2.098338
0.578762,1.592375,1.512771,1.910977,2.076615
0.348318,1.506696,1.509601,1.929032,2.05623
0.578762,1.463857,1.512771,1.929466,2.052
0.348318,1.592375,1.509601,1.929466,2.052
0.348318,1.335357,1.338459,1.926872,2.052
0.348318,1.463857,1.42403,1.89875,2.055
0.117872,1.421018,1.420861,1.84854,2.057927
-0.343018,1.378196,1.414522,1.787943,2.059024
-0.112573,1.249679,1.246548,1.724604,2.059024
-0.573463,1.164018,0.897924,1.652766,2.059024
-0.343018,0.907001,0.901094,1.569789,2.050459
-0.803908,0.82134,0.723612,1.502362,2.02645
-0.803908,1.121179,0.552469,1.439707,1.985793
-0.803908,0.735662,0.809184,1.395215,1.934186
-0.573463,0.907001,0.897924,1.363654,1.874748
-1.034353,0.864162,0.806014,1.33364,1.805436
-1.495243,0.564323,0.542961,1.304768,1.725922
-1.264798,0.521484,0.546131,1.27772,1.65841
-1.264798,0.264484,0.203845,1.248931,1.595356
-1.956133,-0.121033,-0.147948,1.222985,1.549143
-1.495243,-0.37805,-0.398324,1.198689,1.479132
-1.264798,-0.420889,-0.566297,1.164746,1.464902
-1.264798,-0.50655,-0.566297,1.087282,1.464902
-1.725688,-0.892067,-0.914922,1.00162,1.464902
-1.725688,-0.892067,-1.000493,0.92146,1.468434
-1.725688,-1.320423,-1.342778,0.84646,1.473168
-1.495243,-1.277584,-1.339609,0.775555,1.473763
-1.034353,-1.320423,-1.333271,0.680102,1.473763
-1.264798,-1.491762,-1.678725,0.598692,1.472868
-1.725688,-1.234745,-1.171636,0.585175,1.456264
-1.495243,-1.149084,-1.168466,0.5757,1.404028
-1.264798,-1.020585,-1.079726,0.5757,1.327383
-1.034353,-1.149084,-1.162128,0.578441,1.195599
-0.343018,-0.549389,-0.639191,0.60047,1.087564
-0.112573,-0.420889,-0.379308,0.6359,1.016918
-0.343018,-0.035372,-0.040192,0.654417,0.963243
0.117872,-0.206711,-0.290567,0.676361,0.911508
0.348318,-0.035372,-0.030684,0.714626,0.860631
0.348318,0.264484,0.22603,0.7702,0.8149
0.578762,0.135967,0.058057,0.83402,0.778997
0.348318,0.521484,0.568316,0.903785,0.747125
0.809207,0.564323,0.232369,0.97334,0.723713
0.809207,0.82134,0.831369,1.042461,0.709079
1.039652,0.864162,0.748967,1.121446,0.699498
1.039652,0.692823,0.748967,1.203429,0.694477
0.809207,0.692823,0.745797,1.290316,0.69368
1.270097,0.778501,0.752136,1.370898,0.69368
1.500542,0.692823,0.669734,1.46885,0.693816
1.500542,0.435823,0.498591,1.575638,0.694766
1.270097,0.478644,0.495422,1.683013,0.695997
1.500542,0.607162,0.584163,1.779038,0.698657
1.730988,0.264484,0.245046,1.850504,0.702075
1.500542,0.135967,0.327448,1.908922,0.713278
1.500542,0.093127,0.156306,1.974625,0.745906
1.500542,-0.035372,-0.100409,2.0278,0.791767
1.500542,-0.121033,-0.100409,2.078287,0.856492
1.500542,-0.37805,-0.357123,2.120611,0.914243
1.730988,-0.635068,-0.525096,2.159631,0.995133
1.500542,-0.806407,-0.78498,2.187819,1.080121
1.500542,-1.020585,-0.956123,2.237,1.16275
1.500542,-1.063406,-1.127265,2.29104,1.255346
1.270097,-1.320423,-1.216006,2.329222,1.350682
1.039652,-1.406102,-1.390318,2.337342,1.443431
1.500542,-1.406102,-1.726265,2.34,1.520522
1.039652,-1.577441,-1.47589,2.34,1.587711
0.578762,-2.177136,-2.081228,2.3389,1.623303
0.578762,-2.177136,-2.166799,2.330118,1.65287
0.117872,-2.305636,-2.173138,2.286584,1.655711
-0.343018,-2.348475,-2.179477,2.21042,1.655711
-0.343018,-2.134297,-2.179477,2.145883,1.654229
-0.803908,-1.74878,-1.84353,2.040753,1.633822
-1.264798,-1.74878,-1.849868,1.982,1.5987
-1.264798,-1.620262,-1.678725,1.909219,1.569248
-1.034353,-1.363263,-1.333271,1.801856,1.538653
-1.034353,-1.406102,-1.418842,1.691559,1.500815
-1.264798,-1.406102,-1.422011,1.588873,1.467695
-1.034353,-1.577441,-1.504413,1.480303,1.443725
-0.343018,-1.74878,-1.666048,1.392265,1.441
-0.573463,-1.70594,-1.669218,1.29016,1.441
-0.112573,-1.491762,-1.491736,1.17675,1.441
-0.343018,-1.320423,-1.323763,1.057775,1.44775
0.117872,-1.320423,-1.402995,0.953227,1.479496
-0.112573,-0.892067,-0.978308,0.864196,1.521551
0.809207,-1.063406,-0.96563,0.786299,1.579644
0.809207,-0.763567,-0.452202,0.737984,1.631943
1.039652,-0.50655,-0.534604,0.694316,1.697594
1.039652,-0.549389,-0.449033,0.6695,1.7733
1.039652,-0.292372,-0.27789,0.668625,1.856467
1.270097,-0.078212,-0.103578,0.668625,1.938332
1.270097,-0.035372,-0.018007,0.683065,2.008501
1.270097,-0.035372,0.067565,0.755403,2.066171
1.500542,0.350145,0.41302,0.796845,2.110827
1.270097,0.392984,0.324279,0.883636,2.15379
1.270097,0.478644,0.40985,1.078736,2.203164
1.039652,0.692823,0.577824,1.176544,2.237013
1.039652,0.778501,0.748967,1.266801,2.246211
0.809207,0.864162,0.831369,1.341347,2.248215
0.578762,0.94984,0.999342,1.385987,2.249497
0.809207,1.164018,1.173654,1.458115,2.252175
0.809207,1.292518,1.259226,1.553355,2.253233
0.578762,1.763714,1.769485,1.590034,2.255233
0.809207,1.806535,1.858225,1.620712,2.255233
0.809207,1.849374,1.858225,1.675087,2.241617
0.117872,1.635196,1.592003,1.783722,2.21503
0.348318,1.720874,1.766315,1.905417,2.193849
0.117872,2.192052,2.276575,1.996625,2.153727
0.578762,2.149231,2.11177,2.069774,2.088836
0.348318,2.106391,2.108601,2.125,2.0225
0.348318,2.192052,2.108601,2.1425,1.978654
0.348318,1.849374,1.851887,2.1425,1.939805
0.117872,1.806535,1.677575,2.1425,1.928383
-0.112573,1.678035,1.674405,2.138885,1.925915
-0.112573,1.678035,1.674405,2.110951,1.925915
-0.343018,1.635196,1.585665,2.063752,1.925915
-0.573463,1.592375,1.668067,1.99842,1.933302
-0.573463,1.506696,1.582495,1.93305,1.957
-0.803908,1.592375,1.493755,1.839776,1.977185
-0.343018,1.164018,1.243379,1.747354,1.994476
-0.112573,1.335357,1.246548,1.639558,2.017676
-0.573463,1.206858,1.154638,1.5156,2.0436
-0.803908,0.992679,1.065898,1.401908,2.059173
-1.034353,0.992679,0.977157,1.283956,2.060836
-1.264798,0.607162,0.631702,1.17903,2.060836
-1.034353,0.82134,0.806014,1.08938,2.060036
-1.264798,0.564323,0.546131,0.98595,2.043292
-1.495243,0.564323,0.542961,0.896545,2.007881
-1.495243,0.478644,0.45739,0.820734,1.956513
-1.725688,0.521484,0.539792,0.759125,1.89725
-1.495243,0.307305,0.371819,0.715228,1.832624
-1.495243,0.264484,0.286247,0.675115,1.746703
-1.495243,0.178806,0.115105,0.650214,1.65348
-1.725688,-0.035372,-0.059208,0.647815,1.547445
-1.956133,-0.292372,-0.319091,0.647815,1.4383
-1.956133,-0.335211,-0.319091,0.647847,1.322821
-1.495243,-0.206711,-0.227181,0.656471,1.20831
-1.264798,0.050306,0.032702,0.667725,1.11066
-1.264798,-0.163872,-0.13844,0.678274,1.030249
-1.495243,-0.249551,-0.227181,0.68733,0.942466
0.117872,0.007467,0.051718,0.699475,0.871078
0.117872,0.135967,0.13729,0.720371,0.783991
-0.112573,0.264484,0.219692,0.74059,0.695526
0.117872,0.135967,0.13729,0.764924,0.634821
0.348318,0.307305,0.22603,0.791831,0.598137
0.578762,0.221645,0.2292,0.819751,0.572391
0.578762,0.178806,0.143628,0.861591,0.554413
0.809207,0.178806,0.31794,0.918767,0.55
0.809207,0.350145,0.232369,0.99326,0.55
1.039652,0.178806,0.32111,1.082315,0.5508
1.039652,0.350145,0.406681,1.159045,0.570913
0.809207,0.435823,0.403512,1.221783,0.59999
1.270097,0.264484,0.238708,1.276594,0.623641
1.500542,0.264484,0.241877,1.323669,0.643581
1.270097,0.264484,0.238708,1.371262,0.663917
1.500542,0.264484,0.241877,1.414179,0.669221
1.039652,0.264484,0.32111,1.447213,0.669221
1.039652,0.178806,0.235538,1.493385,0.669221
1.500542,0.007467,-0.014837,1.563285,0.662628
1.500542,-0.163872,-0.100409,1.636867,0.649099
1.500542,-0.249551,-0.18598,1.725097,0.647455
1.500542,-0.37805,-0.357123,1.824819,0.647455
1.270097,-0.677889,-0.617006,1.933383,0.648564
1.039652,-0.806407,-0.791318,2.035375,0.667843
1.500542,-1.234745,-1.212837,2.138087,0.714795
1.270097,-1.406102,-1.387149,2.207875,0.75623
1.039652,-1.491762,-1.47589,2.26569,0.803727
0.809207,-1.620262,-1.56463,2.3031,0.876
0.809207,-1.877279,-1.821344,2.323638,0.953676
0.809207,-2.262797,-2.249201,2.324763,1.027142
0.578762,-2.434135,-2.423513,2.324763,1.082931
0.117872,-2.391296,-2.429852,2.323335,1.125753
-0.343018,-2.348475,-2.350619,2.309627,1.160537
-0.803908,-2.005779,-2.014672,2.291354,1.181933
-1.034353,-1.920119,-1.846699,2.261094,1.195381
-1.034353,-1.877279,-2.103413,2.209312,1.202863
-1.264798,-1.448923,-1.507583,2.149125,1.22
-1.725688,-0.934906,-1.086064,2.060292,1.249777
-1.495243,-0.892067,-0.826181,1.951763,1.293951
-1.495243,-0.592228,-0.655038,1.886304,1.322338
-1.264798,-0.720728,-0.73744,1.802581,1.342372
-1.725688,-0.420889,-0.487065,1.713466,1.360726
-1.725688,0.007467,-0.059208,1.624983,1.384381
-1.725688,-0.035372,-0.059208,1.529483,1.408296
-1.956133,0.007467,0.023194,1.436162,1.436093
-1.956133,0.178806,0.194337,1.357474,1.463305
-1.725688,0.178806,0.197507,1.254085,1.504574
-1.264798,0.307305,0.289417,1.161765,1.554582
-1.264798,0.307305,0.289417,1.071763,1.616481
-1.956133,0.093127,0.023194,0.984478,1.681761
-1.956133,0.221645,0.108766,0.918629,1.740677
-1.495243,-0.292372,-0.312752,0.868817,1.791246
-1.034353,-0.420889,-0.391985,0.814275,1.846546
-0.803908,-0.635068,-0.64553,0.772286,1.898429
-1.034353,-0.849246,-0.734271,0.7535,1.958475
-0.573463,-1.277584,-1.241361,0.7535,2.013623
-0.573463,-1.277584,-1.241361,0.7535,2.062312
-1.034353,-1.320423,-1.162128,0.770829,2.102949
-0.803908,-1.83444,-1.84353,0.826882,2.140576
-0.573463,-1.920119,-1.925932,0.89196,2.172169
0.578762,-1.320423,-1.311085,1.082544,2.20808
1.039652,-1.577441,-1.647032,1.182131,2.226979
1.270097,-1.234745,-1.216006,1.265582,2.239738
1.500542,-1.191924,-1.127265,1.347101,2.246916
1.270097,-0.849246,-0.959292,1.437583,2.249779
1.270097,-0.763567,-0.702578,1.528682,2.250688
1.500542,-0.592228,-0.528266,1.624194,2.250688
1.500542,-0.335211,-0.271551,1.653547,2.250688
1.730988,-0.249551,-0.268382,1.700829,2.242803
1.730988,0.007467,-0.011668,1.812362,2.217996
1.500542,0.264484,0.327448,1.895449,2.199375
1.730988,0.264484,0.330618,1.978206,2.167915
1.270097,0.093127,0.153136,2.044106,2.122174
1.270097,0.050306,0.153136,2.11992,2.061055
1.270097,0.478644,0.495422,2.194565,1.972341
1.270097,0.735662,0.752136,2.238513,1.89742
1.500542,0.82134,0.755305,2.265259,1.817222
1.039652,0.607162,0.577824,2.288661,1.7248
0.809207,0.864162,0.831369,2.314121,1.639757
1.039652,0.735662,0.748967,2.314121,1.557416
1.039652,0.907001,0.748967,2.314121,1.46678
0.578762,1.035519,0.999342,2.311773,1.370773
0.809207,0.992679,1.002512,2.298172,1.273132
0.578762,1.206858,1.170485,2.269775,1.191245
0.348318,1.121179,1.167316,2.240101,1.123621
0.578762,1.249679,1.256056,2.20208,1.080863
0.117872,1.592375,1.592003,2.171675,1.035751
0.348318,1.506696,1.509601,2.151983,1.004961
0.117872,1.506696,1.506432,2.132545,1.0
0.117872,2.020713,2.01986,2.118,1.0
-0.112573,1.506696,1.503263,2.118,1.0
0.117872,1.335357,1.420861,2.118,1.015919
-0.112573,1.463857,1.503263,2.121687,1.051064
0.117872,1.506696,1.506432,2.133101,1.093255
-0.112573,1.506696,1.588834,2.140888,1.166444
-0.343018,1.549535,1.414522,2.145502,1.262544
0.117872,1.164018,1.164146,2.147,1.383528
0.117872,0.992679,0.993004,2.147,1.532934
-0.112573,0.992679,0.989834,2.147,1.657212
-0.343018,0.650002,0.729951,2.135999,1.785606
-0.112573,0.735662,0.73312,2.088756,1.891038
-0.343018,0.307305,0.302094,2.030232,1.990749
-0.343018,0.221645,0.302094,1.965,2.069125
-0.343018,0.050306,0.04538,1.8802,2.142367
-0.343018,-0.078212,-0.125763,1.770514,2.182853
-0.343018,-0.163872,-0.125763,1.655671,2.236053
0.117872,-0.50655,-0.547281,1.546116,2.271319
0.117872,-0.677889,-0.632853,1.436068,2.281801
0.348318,-0.677889,-0.544112,1.376772,2.300043
0.117872,-1.234745,-1.231853,1.26444,2.313826
0.117872,-1.320423,-1.317424,1.137949,2.315816
-0.112573,-1.534602,-1.662879,0.997759,2.315816
0.117872,-1.920119,-1.916424,0.890299,2.314033
-0.112573,-1.83444,-1.834022,0.80711,2.301076
-0.573463,-1.920119,-1.925932,0.720293,2.284558
-0.112573,-2.177136,-2.090736,0.620505,2.255536
-0.573463,-2.048618,-1.84036,0.557428,2.214784
-0.573463,-1.877279,-2.011503,0.5525,2.13567
-1.725688,-1.74878,-1.856207,0.5525,2.031528
-1.264798,-1.534602,-1.507583,0.5525,1.933479
-1.495243,-1.406102,-1.425181,0.561561,1.828037
-1.264798,-1.491762,-1.165297,0.589786,1.718625
-1.264798,-0.934906,-0.994154,0.613934,1.621695
-1.725688,-0.720728,-0.658207,0.635875,1.532375
-1.725688,-0.549389,-0.572636,0.650245,1.497832
-1.956133,-0.635068,-0.661377,0.663133,1.44445
-1.495243,0.135967,-0.14161,0.672362,1.346019
-1.956133,0.093127,0.108766,0.677045,1.258412
-1.956133,0.478644,0.707766,0.679418,1.171773
-1.264798,0.564323,0.460559,0.691257,1.092016
-1.034353,0.478644,0.5493,0.714207,1.027592
-1.264798,1.07834,1.059559,0.739661,0.957518
-0.803908,0.907001,0.894755,0.796405,0.815449
-0.573463,0.992679,0.983496,0.86488,0.792215
-0.573463,0.992679,1.069067,0.942325,0.790319
-0.573463,1.164018,1.154638,1.01317,0.790319
-0.343018,1.335357,1.328951,1.086607,0.79086
-0.343018,1.421018,1.585665,1.138626,0.820733
-0.343018,1.506696,1.585665,1.193677,0.869701
-0.112573,1.506696,1.503263,1.243494,0.926438
-0.112573,1.678035,1.674405,1.310578,1.006905
-0.112573,1.678035,1.674405,1.370289,1.096828
0.117872,1.592375,1.506432,1.422061,1.187663
-0.112573,1.421018,1.503263,1.465439,1.258327
-0.343018,1.506696,1.414522,1.508515,1.339863
0.117872,1.07834,1.078575,1.555722,1.442473
-0.112573,0.907001,0.73312,1.599413,1.57316
0.348318,0.650002,0.653887,1.637308,1.678061
0.578762,0.650002,0.657057,1.665044,1.752289
-0.343018,-0.121033,-0.125763,1.696854,1.829359
-0.343018,-0.163872,-0.211335,1.739576,1.895561
-0.112573,-0.37805,-0.379308,1.803647,1.977058
-0.343018,-0.50655,-0.55362,1.871382,2.023383
-0.343018,-0.720728,-0.724763,1.937506,2.039993
-0.343018,-1.149084,-1.067048,1.995657,2.04
-0.343018,-1.277584,-1.238191,2.032889,2.04
0.117872,-1.577441,-1.574138,2.08525,2.034375
0.348318,-1.406102,-1.314255,2.130396,1.998513
0.117872,-1.363263,-1.402995,2.160546,1.953
0.578762,-1.277584,-1.225514,2.191738,1.893331
1.039652,-1.277584,-1.219175,2.22094,1.819779
1.270097,-1.020585,-0.959292,2.237903,1.745167
1.500542,-1.020585,-1.041694,2.255879,1.657823
1.730988,-1.063406,-1.038525,2.27541,1.575885
1.500542,-0.849246,-0.870551,2.27707,1.492189
1.500542,-0.677889,-0.613837,2.27707,1.405517
1.500542,-0.677889,-0.613837,2.27707,1.289846
1.500542,-0.249551,-0.271551,2.26045,1.184564
1.500542,-0.163872,-0.18598,2.220938,1.100347
1.730988,-0.206711,-0.182811,2.184307,1.012951
1.730988,0.007467,-0.011668,2.133756,0.942196
1.730988,-0.335211,-0.268382,2.073446,0.86875
1.730988,-0.249551,-0.268382,1.996024,0.799114
1.730988,-0.335211,-0.353953,1.920513,0.745349
1.500542,-0.592228,-0.613837,1.833038,0.702676
1.730988,-0.549389,-0.525096,1.732587,0.665935
1.500542,-0.463729,-0.357123,1.657885,0.643552
1.270097,-0.463729,-0.531435,1.56514,0.61983
1.270097,-0.592228,-0.531435,1.476925,0.599467
1.039652,-0.335211,-0.449033,1.388201,0.595
0.578762,-0.335211,-0.3698,1.320634,0.595
1.039652,0.264484,-0.021176,1.249713,0.595
0.578762,-0.121033,-0.198657,1.207684,0.609048
0.348318,-0.035372,-0.201827,1.199912,0.6335
0.117872,0.135967,0.051718,1.199912,0.66706
-0.112573,0.178806,0.048549,1.200429,0.712077
-0.112573,0.478644,0.476406,1.222891,0.77289
-0.112573,0.392984,0.390835,1.272681,0.849056
-0.343018,0.82134,0.729951,1.328811,0.917703
-0.573463,0.650002,0.555639,1.37921,0.978883
-0.573463,0.735662,0.64121,1.432,1.0492
-0.343018,0.435823,0.473237,1.492625,1.116
-1.264798,0.82134,0.802845,1.555643,1.187767
-1.034353,0.778501,0.806014,1.620796,1.264217
-0.573463,0.992679,0.983496,1.666639,1.315752
-1.264798,0.778501,0.888416,1.69428,1.398097
-1.264798,0.735662,0.717274,1.722356,1.486363
-1.495243,0.82134,0.799676,1.744028,1.601469
-1.725688,0.82134,0.796506,1.744866,1.717391
-1.725688,0.778501,0.882078,1.744866,1.831633
-1.264798,0.907001,0.973988,1.743975,1.9079
-1.495243,0.778501,0.799676,1.720887,1.986317
-1.725688,0.94984,0.882078,1.68565,2.066076
-1.725688,0.907001,0.882078,1.6295,2.1431
-1.495243,1.035519,0.885247,1.543089,2.213762
-1.264798,0.864162,0.888416,1.437673,2.273995
-0.803908,0.82134,0.809184,1.342791,2.311775
-0.803908,0.94984,0.980326,1.23455,2.351871
-0.803908,0.992679,1.065898,1.142655,2.379007
-0.573463,1.164018,1.069067,1.044145,2.381497
-0.573463,1.249679,1.154638,0.948239,2.381497
-0.343018,1.249679,1.243379,0.868439,2.381496
-0.573463,1.249679,1.24021,0.815912,2.367872
-0.112573,1.506696,1.588834,0.795111,2.350089
0.117872,1.763714,1.848718,0.795111,2.334282
0.117872,1.763714,1.677575,0.795111,2.3235
-0.112573,1.678035,1.588834,0.804867,2.302
0.348318,1.763714,1.766315,0.855631,2.254714
0.578762,1.849374,1.855056,0.943327,2.177987
0.117872,1.763714,1.763146,0.986694,2.112654
0.348318,1.763714,1.680744,1.039147,2.030737
0.348318,1.678035,1.680744,1.0715,1.967
0.348318,1.592375,1.595173,1.103944,1.875256
0.348318,1.506696,1.509601,1.140625,1.75575
0.117872,1.335357,1.249718,1.165077,1.636306
0.348318,1.164018,1.081744,1.178097,1.518003
-0.112573,0.864162,0.73312,1.19597,1.413843
0.117872,0.735662,0.736289,1.235958,1.292752
0.348318,0.650002,0.653887,1.281741,1.188224
0.117872,0.650002,0.565147,1.3337,1.08088
-0.343018,0.521484,0.558808,1.390496,0.984725
-0.343018,0.478644,0.473237,1.457165,0.903806
-0.573463,0.392984,0.298925,1.525068,0.833289
-0.573463,0.221645,0.298925,1.607899,0.764673
-1.034353,-0.206711,-0.306414,1.6915,0.711641
-1.264798,0.093127,0.032702,1.776048,0.664114
-1.495243,-0.335211,-0.312752,1.863637,0.621487
-1.264798,-0.635068,-0.651869,1.934921,0.590634
-1.495243,-0.934906,-0.911752,2.01241,0.573
-1.264798,-0.849246,-0.823012,2.078,0.573
-1.725688,-1.363263,-1.42835,2.131088,0.573
-1.034353,-1.620262,-1.675556,2.170221,0.573823
-1.264798,-2.262797,-2.277725,2.171,0.577605
-0.573463,-2.048618,-2.011503,2.171,0.580044
-0.573463,-1.83444,-1.84036,2.171,0.5828
-0.573463,-1.920119,-1.84036,2.142999,0.589791
-0.803908,-1.663101,-1.672387,2.075964,0.59778
-0.343018,-1.83444,-1.75162,1.986286,0.604984
-0.343018,-1.70594,-1.75162,1.879293,0.612301
0.117872,-1.320423,-1.402995,1.768125,0.62375
0.117872,-1.320423,-1.317424,1.670357,0.632619
0.348318,-1.191924,-1.143112,1.555359,0.636811
-0.112573,-0.677889,-0.721594,1.451373,0.638312
0.117872,-0.720728,-0.718424,1.373522,0.6399
0.348318,-0.806407,-0.715255,1.266027,0.641176
-0.112573,-0.463729,-0.037022,1.182306,0.647727
0.117872,-0.292372,-0.290567,1.100613,0.658079
0.348318,-0.163872,-0.372969,1.024539,0.67739
0.809207,0.093127,0.061226,0.943125,0.702656
0.578762,0.178806,0.143628,0.889822,0.71582
0.348318,-0.078212,-0.030684,0.85131,0.726943
0.348318,0.093127,0.054888,0.849,0.736405
-0.112573,0.221645,0.219692,0.849,0.746734
-0.112573,0.050306,0.219692,0.849,0.758827
-0.343018,0.307305,0.387665,0.870492,0.775221
0.348318,0.392984,0.397173,0.928942,0.791101
0.578762,0.478644,0.485914,1.017361,0.812399
0.578762,0.521484,0.571485,1.103953,0.884141
0.578762,0.735662,0.657057,1.202671,0.891468
0.809207,0.907001,0.91694,1.327665,0.897599
0.578762,1.035519,1.084914,1.437618,0.917582
1.039652,1.206858,1.176824,1.559332,0.939078
1.039652,1.07834,1.176824,1.668934,0.967271
1.039652,0.82134,0.920109,1.788892,1.002353
1.039652,0.607162,0.577824,1.899727,1.052719
1.270097,0.521484,0.495422,2.009553,1.118411
1.039652,0.692823,0.748967,2.089557,1.186052
1.039652,0.521484,0.492253,2.179574,1.281577
1.500542,0.221645,0.241877,2.238763,1.379638
1.500542,0.307305,0.156306,2.290337,1.491706
1.730988,0.093127,0.159475,2.332254,1.600248
1.500542,0.050306,0.070734,2.337,1.665805
1.500542,0.093127,-0.357123,2.337,1.784723
1.500542,-0.163872,-0.18598,2.337,1.8911
1.039652,-0.292372,-0.192319,2.330133,1.98504
1.270097,-0.249551,-0.189149,2.309782,2.056756
1.270097,-0.249551,-0.189149,2.298406,2.094686
1.270097,-0.163872,-0.189149,2.258886,2.116987
1.039652,-0.163872,-0.106747,2.209366,2.124345
0.809207,0.221645,0.232369,2.128484,2.124741
0.809207,0.221645,0.31794,2.040916,2.124693
0.578762,0.350145,0.400342,1.968135,2.123835
0.578762,0.478644,0.485914,1.889606,2.118397
0.348318,0.478644,0.397173,1.824234,2.104675
0.348318,0.82134,0.482745,1.769281,2.084582
0.348318,1.07834,1.081744,1.711488,2.065141
-0.112573,1.506696,1.503263,1.660908,2.028765
-0.112573,1.421018,1.503263,1.606138,1.974529
-0.112573,1.463857,1.246548,1.549701,1.915253
-0.343018,1.463857,1.414522,1.501251,1.849067
-1.034353,0.992679,1.062728,1.459557,1.794601
-0.803908,1.164018,1.151469,1.422716,1.73687
-1.034353,1.121179,1.062728,1.387654,1.684292
-1.264798,1.206858,1.145131,1.35187,1.622024
-1.495243,1.121179,1.141961,1.326463,1.551405
-1.034353,0.992679,1.062728,1.310137,1.485087
-0.803908,0.907001,0.809184,1.291212,1.432856
-0.803908,0.82134,0.809184,1.262336,1.393189
-1.264798,0.735662,0.631702,1.215652,1.364367
-1.034353,0.435823,0.378157,1.158734,1.35522
-0.803908,0.350145,0.295755,1.103149,1.35522
-0.343018,0.264484,0.216522,1.037113,1.35522
-0.343018,0.050306,0.130951,0.96709,1.358796
-0.573463,0.050306,0.04221,0.909914,1.371151
-0.573463,-0.206711,-0.128932,0.848784,1.396088
-0.573463,-0.163872,-0.043361,0.794043,1.43283
-0.343018,0.221645,0.130951,0.753528,1.473439
-0.343018,0.135967,0.216522,0.71665,1.524285
-0.803908,1.035519,0.894755,0.6768,1.6001
0.117872,0.350145,0.308432,0.64449,1.684702
0.348318,0.392984,0.397173,0.630237,1.777411
0.578762,0.478644,0.485914,0.630085,1.864447
0.809207,0.692823,0.660226,0.630085,1.924031
0.809207,0.650002,0.660226,0.634632,1.9704
0.809207,0.82134,0.831369,0.714904,2.024636
0.809207,0.94984,0.91694,0.778383,2.081998
1.039652,0.564323,0.663395,0.812743,2.102984
1.039652,0.607162,0.663395,0.849457,2.104
1.270097,0.778501,0.752136,0.875774,2.101
1.039652,0.478644,0.492253,0.886,2.099777
1.270097,0.392984,0.495422,0.8885,2.076931
1.500542,0.392984,0.41302,0.890565,2.034383
1.500542,0.392984,0.327448,0.892918,1.977326
1.500542,0.093127,0.156306,0.892673,1.895092
1.270097,0.178806,0.153136,0.892673,1.800637
1.500542,-0.121033,-0.100409,0.892804,1.7379
1.500542,0.050306,-0.014837,0.899827,1.631948
1.500542,-0.37805,-0.357123,0.915077,1.516039
1.500542,-0.549389,-0.528266,0.940161,1.38699
1.500542,-0.677889,-0.699408,0.969275,1.264237
1.500542,-0.934906,-0.870551,0.999481,1.144666
1.270097,-0.934906,-0.87372,1.035162,1.026464
1.500542,-1.063406,-1.041694,1.087997,0.900003
1.270097,-1.320423,-1.216006,1.144013,0.802926
1.039652,-1.234745,-1.304747,1.206004,0.732233
1.039652,-1.491762,-1.47589,1.275526,0.677678
0.809207,-1.534602,-1.479059,1.3403,0.6442
0.348318,-1.962958,-1.998826,1.405992,0.630422
-0.112573,-1.920119,-2.005164,1.485079,0.630422
-0.803908,-1.663101,-1.672387,1.550576,0.630422
-1.495243,-1.70594,-1.681895,1.610461,0.634108
-1.495243,-1.491762,-1.425181,1.666691,0.656333
-1.495243,-1.363263,-1.339609,1.7033,0.689567
-1.034353,-0.892067,-1.162128,1.726389,0.731933
-1.034353,-1.191924,-1.162128,1.7335,0.789505
-1.034353,-0.977746,-0.990985,1.734,0.853856
-1.264798,-0.849246,-0.908583,1.734,0.932485
-0.803908,-0.849246,-0.987816,1.733525,1.02332
-1.264798,-0.592228,-0.651869,1.717546,1.098667
-1.495243,-0.720728,-0.997324,1.689212,1.161119
-1.264798,-0.934906,-0.994154,1.64303,1.210696
-1.495243,-0.763567,-0.826181,1.581416,1.261662
-1.495243,-1.063406,-1.082895,1.516785,1.287436
-1.034353,-0.720728,-0.648699,1.442266,1.3034
-1.495243,-1.063406,-1.168466,1.3485,1.3141
-1.264798,-1.063406,-1.250868,1.239007,1.333229
-0.803908,-1.149084,-1.158958,1.135715,1.361305
-0.573463,-1.063406,-1.070218,1.03869,1.391962
-0.343018,-1.020585,-1.067048,0.943778,1.435501
0.117872,-1.320423,-1.317424,0.873628,1.479766
-0.343018,-1.406102,-1.323763,0.8131,1.5315
0.809207,-1.020585,-1.051202,0.755875,1.594102
1.039652,-0.720728,-0.705747,0.718487,1.6558
1.039652,-0.720728,-0.705747,0.713145,1.728116
1.039652,-0.37805,-0.363461,0.713145,1.812192
1.039652,-0.206711,-0.27789,0.715241,1.839219
1.039652,-0.035372,-0.021176,0.743539,1.854588
1.270097,0.221645,0.238708,0.768145,1.91044
1.039652,0.135967,0.149967,0.80146,1.96998
1.039652,0.350145,0.32111,0.842013,2.017561
1.039652,0.435823,0.235538,0.896415,2.062407
1.039652,0.435823,0.492253,1.006305,2.090168
1.039652,0.650002,0.834538,1.173889,2.141195
0.578762,0.692823,0.742628,1.266082,2.265725
0.578762,1.035519,1.170485,1.398625,2.288356
0.578762,0.992679,0.999342,1.488133,2.290299
0.809207,1.335357,1.344797,1.57289,2.290299
0.348318,1.335357,1.338459,1.656195,2.290299
0.348318,1.164018,1.167316,1.708679,2.28583
0.117872,1.292518,1.249718,1.7455,2.271767
-0.112573,1.249679,1.33212,1.759225,2.247255
-0.573463,1.421018,1.325781,1.782639,2.212473
-0.112573,1.421018,1.417691,1.83341,2.16487
-0.343018,0.864162,0.901094,1.908306,2.134805
-0.573463,0.735662,0.726782,1.964051,2.09259
-0.112573,0.564323,0.476406,2.023005,2.031976
-0.112573,1.249679,0.390835,2.073265,1.952555
-0.803908,0.135967,0.124612,2.12197,1.847275
-0.343018,-0.035372,-0.040192,2.1564,1.7719
-0.803908,0.264484,0.638041,2.16483,1.71525
-1.034353,-0.163872,-0.391985,2.166,1.672723
-0.112573,-0.806407,-0.807165,2.166,1.623076
-0.112573,-0.892067,-0.892736,2.166,1.570028
0.117872,-0.806407,-0.975138,2.164972,1.510358
0.348318,-1.106245,-1.057541,2.162031,1.453625
0.117872,-1.234745,-1.231853,2.142916,1.421936
0.117872,-1.320423,-1.317424,2.138307,1.41956
0.578762,-1.577441,-1.5678,2.133285,1.41956
0.117872,-2.091458,-1.65971,2.130954,1.41956
-0.112573,-1.663101,-1.662879,2.12767,1.431575
0.117872,-1.70594,-1.65971,2.115743,1.471593
-1.495243,-1.920119,-1.938609,2.079861,1.537576
-1.495243,-2.005779,-2.02418,2.044625,1.605875
-1.495243,-1.577441,-1.596323,1.996813,1.65997
-1.495243,-1.406102,-1.425181,1.916384,1.73251
-1.495243,-0.977746,-1.254038,1.840212,1.790462
-1.495243,-0.677889,-0.740609,1.733105,1.847694
-1.495243,-0.763567,-0.826181,1.630875,1.8935
-1.956133,-0.50655,-0.575805,1.516787,1.929836
-1.725688,-0.50655,-0.572636,1.405735,1.94084
-1.725688,-0.335211,-0.315922,1.299549,1.94084
-1.264798,-0.078212,-0.052869,1.200691,1.94084
-1.264798,-0.078212,-0.052869,1.088543,1.924411
-1.264798,0.135967,0.118274,1.010453,1.887687
-1.034353,0.178806,0.207015,0.932123,1.829387
-1.725688,0.135967,0.111935,0.8675,1.762125
-1.725688,0.178806,0.111935,0.825773,1.696102
-1.495243,0.264484,0.286247,0.795545,1.615224
-1.495243,0.178806,0.115105,0.785637,1.550554
-1.264798,0.093127,0.032702,0.785637,1.464788
-1.034353,-0.206711,-0.220842,0.785637,1.379691
-1.264798,-0.292372,-0.309583,0.795005,1.295346
-0.803908,-0.420889,-0.388816,0.83225,1.177125
-1.034353,-0.763567,-0.734271,0.892648,1.08096
-1.034353,-0.892067,-0.819842,0.95366,0.988211
-1.034353,-1.320423,-1.333271,1.010208,0.908724
-0.343018,-1.191924,-1.238191,1.063488,0.812244
0.117872,-1.663101,-1.574138,1.120126,0.769167
0.348318,-1.448923,-1.399826,1.197882,0.726955
0.809207,-1.277584,-1.307916,1.26675,0.69325
0.809207,-1.191924,-1.222345,1.327109,0.683
0.809207,-1.063406,-0.96563,1.365216,0.683
0.809207,-0.806407,-0.794488,1.403898,0.683
0.578762,-0.50655,-0.540943,1.438619,0.697578
0.117872,-0.163872,-0.119424,1.467795,0.750501
0.578762,-0.078212,-0.027514,1.511851,0.837641
0.809207,-0.035372,-0.024345,1.55311,0.929937
0.578762,0.435823,0.485914,1.594149,1.027098
0.578762,0.435823,0.485914,1.641145,1.124111
0.578762,0.521484,0.571485,1.671564,1.218017
0.348318,0.778501,0.82503,1.67306,1.304625
0.117872,1.07834,1.078575,1.67306,1.375
-0.112573,1.206858,1.160977,1.67306,1.470203
0.117872,1.549535,1.677575,1.664969,1.582921
0.117872,1.421018,1.592003,1.652693,1.674231
0.348318,1.249679,1.252887,1.650694,1.774939
-0.112573,1.335357,1.246548,1.650694,1.854227
-0.573463,1.249679,1.24021,1.651005,1.940194
-0.803908,1.07834,1.065898,1.669938,2.0235
-0.573463,1.035519,0.983496,1.714142,2.076239
-0.803908,0.992679,0.980326,1.774734,2.104855
-1.034353,0.992679,0.977157,1.836922,2.109
-0.803908,0.735662,0.638041,1.884045,2.109
-0.803908,0.692823,0.723612,1.928415,2.109
-1.034353,0.478644,0.5493,1.966825,2.1084
-1.264798,0.564323,0.546131,2.022025,2.094229
-1.495243,0.564323,0.45739,2.085233,2.0491
-1.956133,0.521484,0.536623,2.126917,2.001919
-1.495243,0.607162,0.542961,2.17401,1.932851
-1.725688,0.650002,0.625364,2.216536,1.834605
-1.495243,0.564323,0.628533,2.265577,1.721129
-1.034353,0.607162,0.634871,2.302005,1.62671
-1.264798,0.650002,0.631702,2.31284,1.544318
-1.264798,0.735662,0.717274,2.315808,1.465693
-1.034353,0.478644,0.5493,2.315808,1.362628
-0.803908,0.307305,0.210184,2.315808,1.247893
-0.573463,0.264484,0.298925,2.312756,1.169414
-0.803908,-0.206711,-0.132102,2.295364,1.096112
-0.803908,-0.163872,-0.217673,2.272961,1.012281
-1.264798,-0.206711,-0.224012,2.245025,0.942902
-1.264798,-0.420889,-0.480726,2.218465,0.901623
-0.803908,-1.277584,-1.24453,2.188028,0.9
-1.034353,-1.491762,-1.504413,2.161852,0.9
-0.573463,-1.234745,-1.498075,2.144624,0.903091
-0.343018,-1.491762,-1.494905,2.13037,0.931114
-0.112573,-1.406102,-1.491736,2.109502,0.982032
-0.112573,-1.234745,-1.235022,2.089467,1.049471
0.117872,-0.763567,-0.204996,2.084128,1.069089
1.039652,-1.063406,-1.048033,2.06217,1.149451
1.270097,-1.149084,-1.044863,2.040658,1.243718
1.500542,-1.020585,-1.041694,2.01317,1.348697
1.500542,-0.849246,-0.78498,1.973963,1.465122
1.500542,-0.50655,-0.357123,1.931826,1.570026
1.270097,-0.50655,-0.445864,1.885726,1.683044
1.039652,-0.249551,-0.27789,1.8396,1.79
1.270097,-0.035372,-0.103578,1.7867,1.88803
1.270097,-0.121033,-0.103578,1.728456,1.970557
1.270097,0.735662,0.324279,1.665947,2.029618
1.270097,0.350145,0.153136,1.596341,2.06257
1.270097,0.350145,0.40985,1.535312,2.06435
1.500542,0.650002,0.669734,1.480795,2.06435
1.270097,0.735662,0.752136,1.418285,2.061429
1.039652,0.521484,0.577824,1.351691,2.025418
0.809207,0.778501,0.745797,1.27306,1.959573
0.809207,0.864162,0.91694,1.215843,1.863613
1.039652,1.121179,1.091252,1.168272,1.7429
1.500542,1.335357,1.354305,1.110963,1.604768
0.809207,1.206858,1.173654,1.091256,1.494205
0.578762,1.335357,1.256056,1.07186,1.427975
0.348318,1.164018,1.252887,1.03741,1.399562
-0.343018,1.549535,1.585665,1.027746,1.351701
0.117872,1.592375,1.592003,1.023366,1.242099
0.117872,1.463857,1.420861,1.0205,1.148875
-0.343018,1.506696,1.500093,1.020625,1.080898
-0.343018,1.206858,1.157808,1.027717,1.017815
-0.112573,1.378196,1.417691,1.041883,0.971815
-0.343018,1.07834,0.986665,1.08923,0.871723
-0.343018,1.121179,1.072236,1.165735,0.732602
-0.573463,1.035519,1.069067,1.267724,0.717577
-0.573463,0.992679,1.069067,1.374869,0.708525
-0.573463,1.164018,1.154638,1.4736,0.706301
-0.343018,1.035519,1.072236,1.572796,0.706301
-0.803908,0.992679,0.894755,1.661587,0.706314
-0.803908,0.650002,0.723612,1.757808,0.714772
-0.803908,0.82134,0.638041,1.843702,0.734111
-1.264798,0.692823,0.546131,1.912641,0.757051
-1.034353,0.564323,0.5493,1.958645,0.782644
-1.495243,0.350145,0.286247,2.000412,0.806637
-1.034353,0.264484,0.207015,2.018,0.820259
-1.264798,0.135967,0.032702,2.018,0.831574
-1.264798,-0.035372,-0.052869,2.018,0.853578
-1.264798,0.007467,0.032702,2.002562,0.877061
-0.573463,0.050306,0.04221,1.965773,0.909027
-1.034353,-0.163872,-0.135271,1.936232,0.958097
-0.112573,0.135967,0.13412,1.90925,1.022
-0.112573,0.050306,0.13412,1.880138,1.091622
0.348318,-0.121033,-0.116255,1.852624,1.182078
0.117872,0.050306,-0.033853,1.849,1.250779
0.348318,0.221645,0.22603,1.848938,1.343397
0.348318,0.050306,0.054888,1.847629,1.443625
0.809207,0.307305,0.31794,1.844692,1.597654
0.809207,0.350145,0.146798,1.830638,1.687285
0.809207,0.178806,0.232369,1.809926,1.769635
1.039652,0.307305,0.32111,1.79156,1.828963
1.270097,0.264484,0.238708,1.74912,1.886412
1.270097,0.178806,0.238708,1.703156,1.94425
1.270097,0.264484,0.238708,1.639576,2.003991
1.500542,0.350145,0.327448,1.563247,2.052761
1.730988,0.350145,0.330618,1.4786,2.10028
1.500542,0.264484,0.327448,1.402144,2.126934
1.730988,0.735662,0.587332,1.331832,2.134178
1.500542,0.093127,0.156306,1.249967,2.134178
1.500542,0.093127,0.070734,1.174995,2.134178
1.270097,0.093127,0.067565,1.108439,2.127317
1.500542,-0.335211,-0.357123,1.035433,2.096642
1.500542,-0.463729,-0.528266,0.973629,2.05207
1.500542,-0.50655,-0.528266,0.906178,1.997161
1.270097,-0.806407,-0.788149,0.84106,1.935866
1.500542,-1.063406,-1.041694,0.792806,1.873167
1.270097,-1.406102,-1.387149,0.752787,1.80554
1.039652,-1.74878,-1.647032,0.717375,1.7285
1.039652,-1.791619,-1.732604,0.696059,1.651049
0.809207,-1.791619,-1.821344,0.6889,1.572974
0.809207,-1.962958,-1.906916,0.6889,1.492789
0.348318,-2.091458,-2.084397,0.6889,1.401993
-0.803908,-2.005779,-2.014672,0.695125,1.3253
-1.034353,-1.70594,-1.675556,0.710649,1.250864
-1.264798,-1.70594,-1.678725,0.719,1.212
-1.495243,-1.663101,-1.681895,0.719242,1.211247
-1.725688,-1.663101,-1.599493,0.738073,1.152581
-1.264798,-1.149084,-1.165297,0.761112,1.105221
-1.495243,-1.020585,-0.997324,0.809013,1.023157
-1.495243,-0.763567,-0.826181,0.857441,0.944775
-1.725688,-0.592228,-0.658207,0.923956,0.868926
-1.725688,-0.635068,-0.572636,0.98102,0.808437
-1.725688,-0.463729,-0.487065,1.034057,0.740637
-1.725688,-0.549389,-0.572636,1.118884,0.69033
-1.725688,-0.37805,-0.487065,1.20005,0.661144
-1.264798,-0.635068,-0.651869,1.270286,0.652043
-1.725688,-1.063406,-1.086064,1.335881,0.652043
-1.495243,-1.020585,-0.997324,1.391754,0.652043
-1.264798,-0.977746,-0.994154,1.471295,0.656224
-0.803908,-0.549389,-0.559959,1.556044,0.662596
-0.573463,-0.37805,-0.385647,1.628592,0.675745
-0.112573,-0.549389,-0.550451,1.693781,0.699994
-0.112573,-0.635068,-0.464879,1.76016,0.736646
-0.343018,-0.206711,-0.296906,1.82266,0.784033
0.117872,-0.292372,-0.290567,1.881896,0.839588
-0.112573,-0.163872,-0.037022,1.931387,0.908931
1.039652,-0.035372,0.064396,1.957685,0.961854
1.039652,0.178806,0.235538,1.958581,1.015256
1.039652,0.392984,0.406681,1.958581,1.045097
1.039652,0.521484,0.492253,1.956365,1.085572
1.039652,0.692823,0.663395,1.925,1.12975
0.809207,0.735662,0.831369,1.859694,1.175688
0.809207,0.94984,0.91694,1.780684,1.217045
1.039652,1.07834,1.005681,1.682858,1.268592
0.809207,0.992679,1.002512,1.586947,1.326305
0.578762,1.292518,1.256056,1.474037,1.396836
0.578762,1.592375,1.512771,1.364451,1.466055
0.578762,1.335357,1.512771,1.261238,1.524061
0.348318,1.549535,1.42403,1.160757,1.579567
0.117872,1.206858,1.335289,1.073853,1.63395
0.348318,1.249679,1.252887,0.985886,1.697891
0.117872,1.421018,1.506432,0.925433,1.752462
0.117872,1.249679,1.249718,0.857967,1.827299
0.348318,1.164018,1.167316,0.806625,1.89325
0.117872,1.549535,1.506432,0.760713,1.961259
-0.112573,1.678035,1.588834,0.729093,2.016902
0.348318,1.506696,1.509601,0.726,2.053877
0.117872,1.335357,1.420861,0.726,2.082226
0.117872,1.378196,1.335289,0.7262,2.107831
0.578762,1.463857,1.256056,0.751712,2.142132
0.117872,0.864162,0.907432,0.814813,2.176458
0.348318,0.735662,0.739459,0.88333,2.205578
0.578762,0.82134,0.828199,0.947173,2.226232
0.578762,0.392984,0.314771,1.022061,2.246273
0.578762,0.307305,0.314771,1.102508,2.258645
0.809207,0.135967,0.061226,1.207129,2.272168
1.039652,0.007467,-0.021176,1.32075,2.273
0.809207,-0.035372,-0.024345,1.43938,2.273
1.039652,-0.249551,-0.27789,1.560377,2.27125
1.039652,-0.37805,-0.363461,1.67346,2.241914
1.039652,-0.806407,-0.791318,1.784824,2.194984
1.039652,-0.934906,-0.87689,1.865425,2.160129
1.270097,-1.191924,-1.130435,1.964431,2.115134
0.809207,-1.020585,-1.051202,2.049319,2.055692
1.039652,-1.234745,-1.219175,2.1251,1.9788
1.039652,-1.491762,-1.133604,2.19421,1.886405
0.809207,-1.063406,-1.051202,2.24143,1.788383
1.039652,-1.149084,-1.219175,2.261522,1.709377
0.809207,-1.191924,-1.136773,2.278267,1.636225
0.809207,-0.720728,-0.708916,2.282,1.540883
0.348318,-0.720728,-0.800826,2.282,1.451948
0.117872,-0.549389,-0.632853,2.282,1.37457
0.348318,-0.720728,-0.715255,2.278166,1.337072
0.117872,-0.50655,-0.46171,2.271467,1.335591
-0.112573,-0.37805,-0.379308,2.269008,1.335591
-0.112573,-0.121033,-0.122594,2.259354,1.336574
-0.112573,0.050306,0.048549,2.229194,1.353056
-0.112573,0.135967,0.13412,2.193235,1.379767
-0.343018,0.135967,0.558808,2.14736,1.40618
-0.803908,0.350145,0.466898,2.075851,1.436876
-0.573463,0.650002,0.812353,1.980521,1.464473
-0.573463,0.435823,0.470067,1.87489,1.498707
-0.803908,0.907001,0.809184,1.772629,1.509854
-0.803908,0.907001,0.894755,1.670448,1.522456
-1.495243,1.121179,0.970818,1.563233,1.54207
-1.034353,0.778501,0.806014,1.455739,1.572737
-1.495243,0.778501,0.714104,1.359928,1.606385
-1.495243,0.607162,0.628533,1.25034,1.625059
-1.725688,0.692823,0.710935,1.140357,1.626448
-1.264798,0.778501,0.717274,1.028829,1.624648
-1.264798,0.864162,0.802845,0.924821,1.624448
-1.495243,0.564323,0.542961,0.837066,1.613043
-1.725688,0.350145,0.454221,0.760352,1.573434
-1.956133,0.307305,0.279909,0.702022,1.519858
-1.495243,-0.035372,0.029533,0.661332,1.435887
-1.495243,-0.249551,-0.227181,0.655387,1.353247
-1.495243,-0.163872,-0.14161,0.655387,1.259554
-1.495243,-0.420889,-0.312752,0.655387,1.199302
-1.264798,-0.763567,-0.651869,0.673113,1.093154
-1.495243,-0.977746,-1.082895,0.706405,1.01251
-1.956133,-1.149084,-1.089234,0.747125,0.956375
-0.343018,-1.577441,-1.15262,0.800374,0.890745
-0.803908,-1.791619,-1.757958,0.856968,0.832792
-1.034353,-2.048618,-1.93227,0.914725,0.792684
-0.803908,-1.962958,-2.014672,0.966625,0.783848
-1.034353,-2.091458,-2.103413,1.005266,0.783848
-0.343018,-1.663101,-1.580477,1.019171,0.783848
-0.803908,-1.406102,-1.158958,1.019171,0.79894
-0.573463,-0.977746,-1.070218,1.019171,0.833014
-0.343018,-0.121033,-0.125763,1.017418,0.899633
0.117872,-0.206711,-0.290567,1.015746,0.985233
0.117872,0.350145,0.394004,1.015746,1.073244
0.578762,0.307305,0.314771,1.015746,1.16844
0.578762,0.392984,0.314771,1.016998,1.277326
0.578762,0.692823,0.657057,1.029032,1.376579
0.578762,0.94984,0.913771,1.124719,1.49084
0.809207,0.94984,0.91694,1.170607,1.601239
0.578762,0.94984,0.828199,1.19384,1.69881
0.809207,0.735662,0.745797,1.227979,1.79303
1.039652,0.82134,0.834538,1.262411,1.862661
1.039652,0.94984,1.005681,1.29571,1.92929
1.039652,0.650002,0.663395,1.345477,1.998817
0.809207,0.778501,0.831369,1.359838,2.04451
1.270097,0.692823,0.580993,1.386152,2.0535
1.500542,0.392984,0.498591,1.403382,2.052254
1.500542,0.478644,0.498591,1.423601,2.048516
1.500542,0.392984,0.498591,1.442952,2.039758
1.500542,0.435823,0.41302,1.463131,1.994677
1.730988,0.050306,0.159475,1.481401,1.926873
1.500542,0.050306,-0.014837,1.492496,1.842362
1.961432,-0.035372,-0.008499,1.504045,1.754513
1.500542,-0.292372,-0.18598,1.5124,1.6706
1.500542,-0.335211,-0.271551,1.521599,1.547251
1.500542,-0.292372,-0.271551,1.53245,1.440322
1.270097,-0.121033,-0.103578,1.538324,1.329914
1.270097,-0.035372,-0.018007,1.545125,1.222931
1.270097,0.050306,0.067565,1.548093,1.106764
1.500542,-0.292372,-0.271551,1.553071,1.026965
1.039652,0.135967,0.149967,1.574557,0.908372
0.809207,0.093127,-0.024345,1.610114,0.816668
0.809207,0.307305,0.232369,1.659378,0.744624
0.578762,0.392984,0.314771,1.719056,0.688474
0.348318,0.435823,0.397173,1.782977,0.646214
0.578762,0.692823,0.657057,1.857167,0.624686
0.348318,0.564323,0.568316,1.9355,0.624582
0.117872,0.82134,0.736289,2.012192,0.624582
0.117872,0.82134,0.650718,2.087187,0.627866
-0.343018,1.035519,0.986665,2.155507,0.651614
0.117872,0.907001,0.650718,2.202151,0.690419
-0.343018,0.650002,0.815522,2.240651,0.743034
-0.343018,0.992679,0.986665,2.268417,0.800911
-0.573463,1.206858,1.154638,2.285563,0.891655
-0.343018,0.992679,1.072236,2.288,0.992938
-1.264798,1.035519,0.973988,2.288,1.098757
-1.034353,0.778501,0.720443,2.288,1.211293
-1.034353,0.82134,0.806014,2.285444,1.316959
-1.264798,0.735662,0.973988,2.273279,1.417685
-1.495243,0.778501,0.714104,2.267944,1.572106
-1.264798,0.392984,0.374988,2.265391,1.700617
-1.264798,0.478644,0.374988,2.235271,1.824482
-1.034353,0.050306,0.121443,2.22165,1.908575
-1.034353,0.050306,0.121443,2.208934,1.986418
-1.034353,-0.37805,-0.306414,2.191541,2.034364
-1.264798,-0.206711,-0.224012,2.184762,2.039
-0.573463,-0.549389,-0.471218,2.1705,2.039
-0.112573,-0.549389,-0.550451,2.135227,2.039
-0.343018,-0.549389,-0.55362,2.082462,2.011683
0.578762,-0.592228,-0.540943,2.043833,1.938489
0.809207,-0.720728,-0.623345,1.986826,1.865726
0.809207,-0.592228,-0.623345,1.917901,1.78078
0.809207,-0.592228,-0.537774,1.8368,1.7118
1.039652,-0.292372,-0.534604,1.740552,1.655355
1.270097,-0.335211,-0.274721,1.645713,1.595056
1.270097,-0.335211,-0.274721,1.556203,1.547888
1.270097,-0.121033,-0.103578,1.477413,1.51481
1.270097,0.007467,-0.018007,1.375764,1.479374
1.500542,-0.121033,-0.100409,1.278234,1.457165
1.270097,0.093127,0.067565,1.181706,1.436645
1.039652,-0.206711,-0.27789,1.084814,1.432
1.039652,-0.249551,-0.27789,0.980885,1.432
1.039652,-0.206711,-0.192319,0.895466,1.432
1.270097,0.093127,0.067565,0.825936,1.4435
1.039652,-0.078212,-0.021176,0.762181,1.480115
1.039652,0.435823,0.406681,0.712712,1.53423
0.809207,0.350145,0.403512,0.671167,1.604141
0.809207,0.478644,0.489083,0.6332,1.7004
0.809207,0.864162,0.831369,0.624,1.791807
0.578762,0.907001,0.999342,0.624,1.880726
0.578762,0.94984,0.999342,0.624,1.960418
0.578762,1.164018,1.170485,0.633229,2.036178
0.348318,1.335357,1.338459,0.656816,2.09756
0.348318,1.335357,1.338459,0.694423,2.14669
0.348318,1.592375,1.595173,0.742036,2.175627
0.348318,1.977892,1.937458,0.796269,2.176727
-0.112573,1.506696,1.588834,0.830289,2.176727
0.117872,1.506696,1.420861,0.847156,2.170233
0.348318,1.421018,1.42403,0.853113,2.128389
0.117872,1.463857,1.506432,0.860008,2.071912
-0.112573,1.378196,1.33212,0.869731,2.013576
-0.112573,1.378196,1.33212,0.882414,1.928536
-0.112573,1.335357,1.33212,0.89217,1.831982
-0.343018,1.463857,1.414522,0.902581,1.719877
-0.803908,1.164018,1.237041,0.912705,1.597668
-1.034353,1.07834,1.1483,0.931554,1.483347
-0.573463,0.82134,0.812353,0.963986,1.372367
-0.803908,0.735662,0.809184,0.999541,1.255503
-1.495243,0.735662,0.714104,1.033529,1.145367
-1.725688,0.735662,0.710935,1.079301,1.0461
-1.725688,0.650002,0.625364,1.144601,0.942498
-1.495243,0.521484,0.542961,1.221828,0.857962
-1.725688,0.607162,0.539792,1.328822,0.768128
-2.186578,0.564323,0.533454,1.413648,0.710053
-1.956133,0.607162,0.536623,1.50096,0.660963
-1.956133,0.521484,0.536623,1.607389,0.61991
-1.725688,0.478644,0.454221,1.703638,0.616379
-2.186578,0.564323,0.533454,1.804779,0.616379
-1.725688,0.564323,0.539792,1.889395,0.6177
-1.725688,0.607162,0.539792,1.958156,0.648718
-1.956133,0.564323,0.536623,2.005445,0.698585
-1.034353,0.992679,1.319443,2.022708,0.753657
-1.034353,0.692823,0.720443,2.022708,0.824175
-0.573463,0.82134,0.812353,2.022708,0.918483
-0.112573,0.82134,0.818692,2.016495,1.038531
-0.803908,1.249679,1.151469,1.995936,1.172253
-0.343018,1.07834,1.072236,1.959067,1.266508
-0.112573,1.249679,1.160977,1.908309,1.373076
0.348318,1.206858,1.252887,1.846273,1.489117
0.578762,1.378196,1.341628,1.780758,1.57501
0.809207,1.249679,1.259226,1.691375,1.677701
0.809207,1.206858,1.259226,1.599592,1.771362
1.039652,1.378196,1.347966,1.501309,1.837444
0.809207,1.164018,1.173654,1.391189,1.894191
1.039652,0.992679,1.091252,1.282755,1.937849
0.809207,1.035519,1.088083,1.174169,1.965213
1.270097,0.992679,1.00885,1.07117,2.000058
1.270097,0.778501,0.837707,0.984452,2.026162
1.500542,0.735662,0.840877,0.895965,2.03615
1.270097,0.607162,0.752136,0.847909,2.03615
1.500542,0.478644,0.498591,0.807593,2.03615
1.500542,0.478644,0.498591,0.793,2.034841
1.270097,0.221645,0.238708,0.793,2.020486
1.500542,0.135967,0.156306,0.792875,1.992578
1.500542,0.050306,0.070734,0.7912,1.940445
1.270097,-0.078212,-0.018007,0.791,1.881753
1.500542,-0.206711,-0.18598,0.791,1.804756
1.730988,-0.249551,-0.268382,0.78625,1.72
1.500542,-0.463729,-0.442694,0.766744,1.621918
1.270097,-0.50655,-0.445864,0.744841,1.565228
1.730988,-0.892067,-0.867382,0.717458,1.531359
1.270097,-1.149084,-1.130435,0.691985,1.442024
1.500542,-1.320423,-1.298408,0.67678,1.342969
1.039652,-1.406102,-1.390318,0.67575,1.222944
1.500542,-1.791619,-1.726265,0.67575,1.119796
0.578762,-1.74878,-1.738942,0.676,1.0173
0.117872,-2.177136,-2.173138,0.691814,0.925634
-0.112573,-2.262797,-2.261879,0.722128,0.736793
-0.343018,-2.262797,-2.179477,0.776629,0.665188
-0.343018,-2.219957,-2.179477,0.854064,0.62135
-0.573463,-2.048618,-2.011503,0.946637,0.590508
-0.573463,-2.005779,-2.011503,1.041,0.5746
-0.573463,-2.262797,-2.182646,1.150318,0.564076
-0.803908,-2.305636,-2.271387,1.244786,0.557182
-0.803908,-2.305636,-2.356958,1.346019,0.554496
-0.573463,-2.305636,-2.353789,1.452902,0.551376
-0.803908,-2.476975,-2.442529,1.558453,0.550875
-0.343018,-2.262797,-2.265048,1.66977,0.550875
-0.573463,-2.177136,-2.182646,1.76825,0.55245
0.348318,-2.048618,-1.998826,1.882125,0.562051
0.117872,-2.005779,-2.001995,1.973695,0.575439
0.348318,-1.83444,-1.742112,2.04987,0.589504
1.270097,-1.277584,-1.729434,2.113372,0.609398
1.039652,-0.892067,-0.87689,2.183914,0.644103
1.270097,-0.763567,-0.788149,2.209448,0.6851
1.270097,-0.592228,-0.617006,2.20956,0.714496
1.270097,-0.292372,-0.360292,2.20956,0.731625
1.039652,-0.163872,-0.106747,2.207832,0.748227
1.039652,0.050306,-0.021176,2.185914,0.758801
1.039652,0.307305,0.32111,2.139331,0.769309
0.809207,0.178806,0.403512,2.066842,0.781546
0.809207,0.564323,0.574655,1.976332,0.788689
0.809207,0.607162,0.660226,1.87925,0.80475
0.809207,0.607162,0.574655,1.786175,0.824796
0.809207,1.164018,1.173654,1.683739,0.84054
0.809207,0.864162,0.831369,1.579534,0.852188
0.809207,1.206858,1.173654,1.475284,0.864315
0.578762,1.07834,0.999342,1.379136,0.877641
0.578762,1.249679,1.256056,1.279144,0.896347
0.578762,1.378196,1.341628,1.197383,0.917298
0.348318,1.335357,1.252887,1.1089,0.9494
0.348318,1.421018,1.42403,1.023016,0.993722
0.348318,1.335357,1.338459,0.937049,1.047221
0.348318,1.249679,1.338459,0.858829,1.1136
0.578762,1.292518,1.256056,0.79065,1.18789
0.578762,0.82134,1.256056,0.739245,1.25969
0.348318,0.735662,0.739459,0.696539,1.337008
0.348318,0.735662,0.82503,0.663671,1.412484
0.117872,0.778501,0.821861,0.636142,1.497899
0.117872,0.735662,0.736289,0.626191,1.574332
0.117872,0.82134,0.821861,0.626191,1.667569
-0.573463,0.564323,0.555639,0.626191,1.724727
-0.803908,0.650002,0.552469,0.629767,1.784818
-0.803908,0.350145,0.381327,0.648418,1.827274
-0.343018,0.178806,0.216522,0.68422,1.827274
-0.343018,0.221645,0.130951,0.7277,1.823473
-1.495243,-0.163872,-0.312752,0.764265,1.763647
-1.034353,-0.463729,-0.220842,0.811988,1.659317
-1.264798,-0.635068,-0.651869,0.8459,1.616716
-1.495243,-0.677889,-0.655038,0.903109,1.5973
-1.725688,-0.849246,-0.82935,0.957108,1.596
-1.495243,-1.063406,-1.082895,1.002821,1.596
-1.264798,-1.277584,-1.250868,1.071311,1.599266
-1.495243,-1.320423,-1.339609,1.153927,1.665599
-1.034353,-1.577441,-1.589985,1.274598,1.753887
-1.264798,-1.663101,-1.593154,1.398452,1.893048
-0.573463,-1.663101,-1.669218,1.492676,2.005452
0.809207,-1.406102,-1.393487,1.577361,2.103994
0.809207,-1.962958,-1.992487,1.639204,2.126737
0.578762,-1.962958,-1.995657,1.689946,2.131
0.809207,-1.962958,-1.992487,1.768059,2.131
1.039652,-1.406102,-1.390318,1.820715,2.128648
1.270097,-1.363263,-1.301577,1.86405,2.1248
1.500542,-1.277584,-1.212837,1.892488,2.111467
1.500542,-1.149084,-1.127265,1.908625,2.103572
1.500542,-1.106245,-1.041694,1.907836,2.102325
1.270097,-0.977746,-0.959292,1.906846,2.101725
1.500542,-0.934906,-0.956123,1.905732,2.10105
1.270097,-1.191924,-1.216006,1.904619,2.100375
1.039652,-1.191924,-1.219175,1.9024,2.1008
1.039652,-1.363263,-1.304747,1.890843,2.107581
1.270097,-1.106245,-1.044863,1.852641,2.123511
0.809207,-1.020585,-0.96563,1.800354,2.125981
0.809207,-0.892067,-0.96563,1.755953,2.125981
0.348318,-0.849246,-0.886398,1.710537,2.125981
0.348318,-0.806407,-0.715255,1.672913,2.122655
0.117872,-0.677889,-0.718424,1.609317,2.118412
-0.343018,-0.420889,-0.468049,1.5251,2.110577
-0.112573,-0.121033,-0.037022,1.406975,2.105209
-0.112573,-0.549389,-0.550451,1.355803,2.07695
-0.573463,-0.206711,-0.214504,1.213406,2.016179
-0.803908,-0.078212,-0.132102,1.130479,1.980913
-0.573463,-0.035372,-0.128932,1.059881,1.95716
-0.803908,0.221645,0.210184,0.969375,1.897375
-1.034353,0.307305,0.292586,0.870142,1.851647
-0.803908,0.650002,0.638041,0.81265,1.746472
-1.034353,0.735662,0.720443,0.76903,1.642473
-0.803908,0.735662,0.809184,0.732247,1.532883
-1.034353,0.907001,0.891586,0.706294,1.430384
-0.803908,0.992679,0.894755,0.699825,1.366
-0.573463,1.07834,1.069067,0.699825,1.355985
-0.803908,1.249679,1.237041,0.699825,1.288371
-0.343018,1.249679,1.157808,0.700662,1.212407
-0.343018,1.164018,1.157808,0.712425,1.1451
-0.112573,1.164018,1.160977,0.736689,1.091647
-0.343018,1.378196,1.500093,0.785978,1.0708
-0.573463,1.678035,1.753638,0.808858,1.055908
-0.112573,1.592375,1.588834,0.829301,1.051613
0.348318,1.292518,1.42403,0.900477,1.045878
0.117872,1.335357,1.335289,0.9678,1.0249
0.117872,1.335357,1.335289,1.032707,0.992568
0.117872,1.378196,1.335289,1.134571,0.977425
0.348318,1.378196,1.338459,1.222194,0.969112
0.348318,1.635196,1.680744,1.315906,0.956186
0.348318,1.592375,1.595173,1.390572,0.937515
0.117872,1.592375,1.506432,1.467731,0.936516
0.117872,1.249679,1.249718,1.557283,0.936516
0.117872,1.164018,1.164146,1.650625,0.936516
0.117872,1.07834,1.078575,1.742986,0.946895
-0.112573,0.735662,0.818692,1.837758,0.972095
-0.343018,0.907001,0.901094,1.913344,0.999457
-0.803908,0.82134,0.552469,1.981757,1.043183
-0.343018,0.521484,0.558808,1.991645,1.078419
-0.573463,0.650002,0.555639,2.013044,1.114701
-0.573463,0.564323,0.384496,2.041743,1.15598
-0.573463,0.392984,0.470067,2.059583,1.298082
-0.803908,0.392984,0.381327,2.0709,1.44652
-0.343018,0.050306,0.04538,2.07042,1.501911
-1.034353,-0.292372,-0.306414,2.066,1.5879
-1.034353,-0.592228,-0.477557,2.0648,1.68558
-1.495243,-0.635068,-0.655038,2.049322,1.78386
-0.803908,-1.577441,-1.501244,2.020121,1.881506
-0.573463,-1.577441,-1.583646,1.974815,1.963904
-0.112573,-1.406102,-1.577307,1.906962,2.0274
0.348318,-1.877279,-1.827683,1.809408,2.079551
0.809207,-1.920119,-1.992487,1.757325,2.114458
0.117872,-1.83444,-2.001995,1.677,2.127017
-0.112573,-1.620262,-2.005164,1.613497,2.127017
0.348318,-1.70594,-1.65654,1.525195,2.127017
0.578762,-1.491762,-1.482228,1.430358,2.118657
0.809207,-1.448923,-1.393487,1.3417,2.098806
0.809207,-1.191924,-1.136773,1.263114,1.979053
0.578762,-1.106245,-1.225514,1.206734,1.880286
1.039652,-1.063406,-1.048033,1.204,1.850717
0.809207,-0.892067,-0.880059,1.204,1.812919
0.809207,-0.892067,-0.880059,1.204,1.79145
0.809207,-0.763567,-0.794488,1.22808,1.778106
1.039652,-0.849246,-0.791318,1.281265,1.767852
1.039652,-0.763567,-0.791318,1.333486,1.749305
0.578762,-0.50655,-0.455371,1.357086,1.730875
0.348318,-0.635068,-0.629684,1.357086,1.710051
0.578762,-0.37805,-0.284229,1.357086,1.662792
-0.343018,0.007467,-0.040192,1.341189,1.619393
-0.112573,-0.035372,0.048549,1.308977,1.575829
-0.112573,0.178806,0.219692,1.30879,1.528125
-0.573463,0.735662,0.64121,1.30879,1.45052
-0.112573,0.692823,0.647549,1.313218,1.330496
-0.343018,0.692823,0.644379,1.340283,1.195611
-0.803908,1.035519,1.065898,1.358825,1.102759
-0.112573,1.335357,1.33212,1.381151,0.991507
0.117872,1.249679,1.249718,1.397231,0.909186
0.348318,1.292518,1.252887,1.455265,0.778156
-0.112573,1.592375,1.503263,1.455278,0.680415
-0.343018,1.678035,1.756808,1.455278,0.648498
-0.112573,1.763714,1.759977,1.434845,0.6365
0.117872,1.849374,1.848718,1.382973,0.636782
0.578762,1.720874,1.769485,1.316422,0.637629
0.348318,1.678035,1.680744,1.258967,0.646787
0.578762,1.421018,1.427199,1.214324,0.692998
0.578762,1.335357,1.427199,1.173296,0.743897
0.348318,1.164018,1.252887,1.126352,0.784821
0.809207,1.335357,1.259226,1.098968,0.835542
0.809207,1.07834,1.088083,1.080936,0.878489
0.809207,1.07834,1.088083,1.050734,0.893513
1.039652,1.035519,1.005681,1.039996,0.89416
1.039652,0.735662,0.834538,1.041786,0.89452
0.809207,0.735662,0.745797,1.043377,0.894841
1.039652,0.692823,0.663395,1.045168,0.895201
1.039652,0.478644,0.492253,1.046958,0.895561
1.270097,0.264484,0.324279,1.048748,0.895921
1.270097,0.307305,0.238708,1.069713,0.898081
1.500542,0.007467,0.241877,1.128165,0.908636
1.500542,-0.163872,-0.100409,1.203072,0.912001
1.270097,-0.292372,-0.274721,1.28704,0.917051
1.270097,-0.635068,-0.531435,1.390156,0.922254
1.270097,-0.50655,-0.531435,1.494356,0.933163
1.270097,-0.806407,-0.702578,1.566774,0.947839
1.039652,-0.934906,-0.87689,1.638181,0.972423
1.039652,-1.234745,-1.219175,1.71635,1.00805
1.039652,-1.277584,-1.304747,1.780001,1.054514
1.039652,-1.277584,-1.304747,1.843357,1.11754
0.809207,-1.320423,-1.307916,1.8895,1.1825
0.578762,-1.191924,-1.225514,1.926577,1.243145
0.348318,-0.934906,-0.886398,1.979081,1.347904
0.348318,-0.892067,-0.971969,2.006971,1.436798
0.117872,-0.763567,-0.803996,2.033104,1.539435
0.348318,-0.849246,-0.800826,2.045,1.602712
-0.112573,-0.37805,-0.379308,2.045,1.731067
0.117872,-0.206711,-0.204996,2.045,1.839065
0.348318,0.007467,0.311602,2.037789,1.930758
-0.112573,0.050306,0.219692,1.99919,2.010245
0.117872,0.692823,0.650718,1.96627,2.057763
-0.112573,0.735662,0.305263,1.901983,2.117345
-0.112573,0.735662,0.73312,1.826177,2.149243
-1.034353,0.564323,0.634871,1.75066,2.156164
-1.495243,0.735662,0.628533,1.665608,2.156164
-0.573463,0.692823,0.812353,1.593619,2.156164
-0.803908,0.82134,0.809184,1.559097,2.151083
-1.264798,0.82134,0.802845,1.538,2.14475
-0.803908,0.692823,0.723612,1.494235,2.132758
-1.034353,0.307305,0.292586,1.421051,2.104504
-1.264798,0.392984,0.374988,1.359521,2.067627
-1.264798,0.135967,0.118274,1.312837,2.019504
-1.264798,0.050306,0.289417,1.287265,1.966866
-1.264798,-0.292372,-0.395155,1.277257,1.90294
-1.495243,-0.420889,-0.483895,1.260978,1.823475
-1.034353,-0.549389,-0.563128,1.252503,1.707797
-0.573463,-0.677889,-0.727932,1.250379,1.604684
-1.034353,-0.806407,-0.563128,1.249012,1.541685
-0.573463,-0.892067,-0.899075,1.248437,1.513774
-0.803908,-1.406102,-1.415673,1.248437,1.420382
-0.803908,-1.577441,-1.586815,1.248437,1.301675
-0.343018,-1.620262,-1.666048,1.24161,1.198443
-0.343018,-1.74878,-1.837191,1.219875,1.087
-0.112573,-1.74878,-1.74845,1.190817,0.996617
-0.112573,-1.620262,-1.406165,1.168108,0.950513
0.348318,-1.234745,-1.228683,1.124423,0.882752
0.348318,-1.149084,-1.228683,1.073126,0.824
0.578762,-1.020585,-1.054371,1.016025,0.795317
0.348318,-0.849246,-0.800826,0.955253,0.795317
0.809207,-0.934906,-0.880059,0.888304,0.795317
1.039652,-0.635068,-0.534604,0.868031,0.803851
1.039652,-0.50655,-0.449033,0.863355,0.844738
0.809207,-0.206711,-0.195488,0.860731,0.9217
0.809207,-0.121033,-0.109917,0.844433,0.992513
0.578762,0.007467,0.058057,0.821472,1.074872
0.578762,0.135967,0.143628,0.802017,1.163913
0.348318,0.264484,0.311602,0.789421,1.254546
0.348318,0.521484,0.311602,0.781758,1.369926
0.348318,0.735662,0.739459,0.776883,1.47491
0.348318,0.82134,0.910602,0.745581,1.523412
0.117872,1.07834,1.249718,0.73741,1.538837
0.117872,1.206858,1.164146,0.736324,1.5432
0.117872,1.421018,1.420861,0.736324,1.545
0.117872,1.335357,1.335289,0.736324,1.544923
0.117872,1.421018,1.506432,0.746646,1.542929
0.348318,1.720874,1.766315,0.785018,1.520665
0.348318,1.806535,1.766315,0.828582,1.505885
0.348318,1.635196,1.595173,0.899365,1.505885
0.348318,1.463857,1.42403,0.978194,1.505885
0.117872,1.335357,1.335289,1.054282,1.582341
0.117872,1.249679,1.335289,1.152871,1.666868
-0.112573,1.164018,1.246548,1.256452,1.770137
-0.112573,1.249679,1.160977,1.344718,1.817858
-0.573463,1.121179,1.069067,1.405851,1.887936
-0.573463,0.992679,0.983496,1.453345,1.887936
-0.573463,0.82134,0.812353,1.479125,1.887936
-0.803908,0.650002,0.638041,1.481,1.878732
-0.573463,0.650002,0.555639,1.481,1.803777
-0.573463,0.478644,0.555639,1.481,1.74566
-0.573463,0.564323,0.64121,1.481,1.745
-1.034353,0.478644,0.463729,1.480803,1.743969
-1.264798,0.478644,0.460559,1.464447,1.658262
-1.495243,0.435823,0.45739,1.456,1.535437
-0.573463,0.521484,0.470067,1.456,1.3962
-0.803908,0.521484,0.466898,1.456,1.267384
-1.034353,0.392984,0.378157,1.459658,1.139036
-0.112573,0.221645,0.048549,1.481289,1.046643
0.117872,0.178806,0.051718,1.518228,0.949255
0.348318,0.478644,-0.030684,1.56627,0.831563
0.578762,0.264484,0.2292,1.647892,0.777841
1.039652,0.435823,0.32111,1.7005,0.7775
0.809207,0.178806,0.146798,1.739934,0.7775
1.270097,-0.035372,0.067565,1.794831,0.788438
1.270097,0.050306,0.153136,1.832656,0.837957
1.500542,0.178806,0.241877,1.855644,0.905084
1.500542,0.135967,0.156306,1.87527,0.971469
1.500542,0.007467,0.070734,1.8855,1.0436
1.270097,-0.035372,-0.018007,1.890997,1.083977
1.270097,-0.163872,-0.103578,1.900871,1.155068
1.500542,-0.249551,-0.271551,1.901,1.231767
1.500542,-0.206711,-0.18598,1.901,1.369109
1.039652,-0.592228,-0.620176,1.901,1.469792
1.500542,-0.849246,-0.78498,1.898522,1.584006
1.270097,-1.191924,-1.130435,1.888867,1.723521
1.039652,-1.277584,-1.219175,1.857713,1.826815
1.270097,-1.363263,-1.301577,1.819606,1.909962
0.578762,-1.70594,-1.738942,1.779862,1.91835
0.578762,-1.448923,-1.482228,1.738807,1.91835
-0.112573,-1.920119,-1.919593,1.67832,1.91835
0.117872,-1.534602,-1.488567,1.611702,1.883531
-0.112573,-1.234745,-1.235022,1.534187,1.841895
0.117872,-0.806407,-0.889567,1.434293,1.81062
-0.112573,-0.549389,-0.636022,1.344125,1.767625
-0.112573,-0.420889,-0.636022,1.263705,1.714422
-0.112573,-0.292372,-0.293737,1.187115,1.655171
-0.112573,-0.035372,-0.122594,1.11607,1.61421
-0.343018,-0.035372,0.04538,1.071135,1.590831
-0.112573,0.178806,0.219692,1.042176,1.542069
-0.112573,0.392984,0.390835,1.029,1.48579
-0.112573,0.907001,0.818692,1.026304,1.428733
-0.573463,0.392984,0.470067,1.019684,1.407818
-0.573463,0.478644,0.384496,1.009354,1.323169
-0.573463,0.778501,0.64121,1.000377,1.22653
-0.803908,0.435823,0.466898,0.972605,1.112197
-1.034353,0.650002,0.634871,0.938167,1.010177
-1.264798,0.907001,0.802845,0.901774,0.935608
-1.264798,0.778501,0.717274,0.86525,0.90987
-1.264798,0.692823,0.631702,0.845065,0.885179
-1.264798,0.692823,0.717274,0.845065,0.839838
-1.495243,0.692823,0.628533,0.845065,0.818173
-1.495243,0.650002,0.628533,0.854026,0.798709
-1.264798,0.650002,0.802845,0.916356,0.778037
-1.264798,0.735662,0.717274,0.989526,0.772204
-1.725688,0.521484,0.368649,1.090222,0.768937
-1.264798,0.350145,0.374988,1.207036,0.761999
-1.725688,0.264484,0.197507,1.323915,0.75005
-1.725688,-0.121033,-0.059208,1.44075,0.74025
-1.495243,0.178806,0.115105,1.5514,0.736
-1.495243,-0.420889,-0.398324,1.6155,0.735658
-1.264798,-0.463729,-0.480726,1.693435,0.735
-1.034353,-0.806407,-0.819842,1.755863,0.735408
-1.264798,-0.806407,-0.823012,1.767257,0.736
-0.803908,-1.020585,-0.902244,1.767257,0.738375
-0.803908,-1.020585,-0.902244,1.767257,0.758045
-1.034353,-1.620262,-1.675556,1.753564,0.800625
-0.573463,-1.962958,-2.011503,1.711851,0.847847
-1.034353,-1.962958,-1.93227,1.640198,0.921528
-1.034353,-1.920119,-1.93227,1.561739,0.997507
-0.573463,-1.320423,-1.754789,1.515038,1.041942
-0.803908,-1.577441,-1.586815,1.43272,1.119837
-0.573463,-1.663101,-1.669218,1.34,1.2116
-0.112573,-1.74878,-1.662879,1.247085,1.308808
0.348318,-1.663101,-1.65654,1.156123,1.400973
-0.112573,-1.106245,-1.063879,1.070753,1.484969
-0.112573,-0.977746,-0.892736,0.981351,1.539523
0.117872,-0.806407,-0.718424,0.922261,1.54
0.117872,-0.677889,-0.718424,0.877089,1.542046
0.348318,-0.677889,-0.544112,0.834499,1.542351
0.578762,-0.37805,-0.284229,0.824196,1.524625
0.348318,-0.292372,-0.287398,0.824196,1.509811
0.348318,-0.078212,0.140459,0.824196,1.508
0.578762,0.350145,0.314771,0.885567,1.5083
0.578762,0.221645,0.314771,0.96584,1.522475
0.578762,0.478644,0.485914,1.051012,1.589396
1.039652,0.521484,0.406681,1.121304,1.694341
0.809207,0.478644,0.489083,1.17696,1.839606
0.809207,0.478644,0.489083,1.274401,1.887681
1.039652,0.521484,0.577824,1.36435,1.950266
1.270097,0.521484,0.580993,1.438925,2.032881
1.270097,0.564323,0.580993,1.4775,2.055
1.039652,0.478644,0.406681,1.541875,2.055
1.270097,0.264484,0.324279,1.573716,2.055
1.270097,0.264484,0.324279,1.578,2.049209
1.500542,0.178806,0.241877,1.578,2.009837
1.500542,0.178806,0.156306,1.5778,1.980533
1.500542,0.007467,-0.014837,1.567971,1.907798
1.730988,-0.335211,-0.268382,1.541134,1.824587
1.500542,-0.163872,-0.100409,1.502212,1.726593
1.500542,-0.463729,-0.442694,1.487,1.69
1.500542,-0.549389,-0.528266,1.487,1.69
1.500542,-0.763567,-0.78498,1.47247,1.628598
1.270097,-0.934906,-0.959292,1.456115,1.5115
1.270097,-1.320423,-1.216006,1.456115,1.440758
1.270097,-1.406102,-1.387149,1.456115,1.29174
1.270097,-1.491762,-1.558292,1.460961,1.146495
1.270097,-1.577441,-1.47272,1.48256,1.049684
0.578762,-1.791619,-1.824514,1.527123,0.934261
0.578762,-1.920119,-1.910085,1.596129,0.81348
-0.343018,-2.348475,-2.350619,1.681278,0.716775
-0.803908,-2.262797,-2.271387,1.768729,0.662208
-1.034353,-2.177136,-2.274556,1.85933,0.620456
-1.034353,-2.219957,-2.274556,1.943303,0.597491
-1.034353,-2.219957,-2.274556,2.026875,0.587049
-1.264798,-1.577441,-1.764297,2.056298,0.584352
-1.495243,-1.363263,-1.339609,2.09489,0.58084
-1.264798,-1.406102,-1.33644,2.139583,0.580023
-2.417023,-0.806407,-0.924429,2.1545,0.582184
-1.725688,-0.892067,-0.82935,2.1565,0.593965
-1.495243,-1.020585,-0.911752,2.1565,0.651367
-1.495243,-0.977746,-0.997324,2.156121,0.726806
-1.495243,-1.063406,-0.997324,2.149922,0.78056
-1.725688,-0.934906,-1.000493,2.1416,0.84665
-1.495243,-0.849246,-0.997324,2.118179,0.963354
-1.034353,-0.635068,-0.648699,2.0978,1.120572
-1.034353,-0.592228,-0.477557,2.087358,1.358615
-0.573463,-0.849246,-0.813504,2.073651,1.491225
-0.343018,-0.463729,-0.468049,2.061302,1.550431
-0.343018,-0.635068,-0.55362,2.036344,1.662511
-0.343018,-0.592228,-0.639191,2.011183,1.747176
0.117872,-0.463729,-0.376139,1.994266,1.813236
0.348318,-0.420889,-0.201827,1.982128,1.856965
0.117872,-0.292372,-0.290567,1.974096,1.873077
0.578762,0.392984,0.400342,1.956862,1.879722
0.809207,0.350145,0.31794,1.930169,1.879722
0.809207,0.392984,0.403512,1.911708,1.879722
1.039652,0.564323,0.492253,1.879823,1.877571
1.039652,0.692823,0.748967,1.848011,1.864924
0.809207,1.035519,1.088083,1.811977,1.851923
1.039652,0.778501,0.920109,1.759074,1.830676
0.578762,0.94984,0.913771,1.715056,1.81437
0.578762,0.82134,0.828199,1.651209,1.793345
0.348318,1.164018,1.167316,1.587308,1.770192
0.348318,1.121179,1.167316,1.511474,1.73729
0.117872,1.164018,1.249718,1.41355,1.686261
0.117872,1.121179,1.164146,1.325091,1.637873
0.117872,1.335357,1.164146,1.217804,1.587964
0.117872,1.164018,1.078575,1.129795,1.526465
-0.343018,0.650002,0.729951,1.049298,1.428833
-0.803908,0.650002,0.638041,0.997191,1.425654
-0.343018,0.778501,0.815522,0.931278,1.425654
-0.803908,0.907001,0.894755,0.88921,1.419403
-1.264798,1.720874,0.717274,0.83125,1.442375
-1.034353,0.564323,0.5493,0.776707,1.493457
-1.264798,0.435823,0.374988,0.731978,1.55013
-0.803908,0.692823,0.638041,0.719,1.673068
-2.186578,0.735662,0.704596,0.719928,1.691297
-1.495243,0.735662,0.714104,0.721321,1.686
-1.264798,0.521484,0.546131,0.737463,1.686
-1.034353,0.564323,0.5493,0.773323,1.646927
-1.264798,0.350145,0.374988,0.827033,1.546248
-1.495243,0.264484,0.115105,0.883889,1.508369
-1.034353,0.007467,-0.0497,0.95478,1.508369
-1.034353,-0.078212,-0.135271,1.020761,1.508369
-1.264798,-0.206711,-0.224012,1.108197,1.520139
-0.343018,-0.035372,-0.040192,1.189032,1.585926
-0.343018,-0.163872,-0.125763,1.261166,1.708907
0.117872,-0.035372,-0.033853,1.286,1.749
0.117872,-0.335211,-0.290567,1.332375,1.805875
0.578762,-0.121033,-0.027514,1.403502,1.890168
0.578762,0.050306,-0.027514,1.508332,2.02585
1.039652,0.221645,0.235538,1.597305,2.0623
0.809207,0.007467,0.061226,1.696489,2.063
1.039652,0.350145,0.406681,1.807448,2.063
1.270097,0.264484,0.238708,1.9135,2.047875
1.270097,0.135967,0.153136,1.9925,1.984358
1.270097,0.221645,0.153136,2.016425,1.957059
1.270097,0.135967,0.153136,2.049313,1.900699
1.500542,0.178806,0.241877,2.09468,1.819877
1.730988,0.135967,0.245046,2.156733,1.719672
1.500542,0.050306,0.070734,2.196224,1.615444
1.270097,0.264484,0.238708,2.198155,1.525351
1.500542,-0.078212,-0.014837,2.198155,1.469268
1.500542,-0.335211,-0.271551,2.197486,1.432888
1.500542,-0.335211,-0.357123,2.189455,1.40948
1.500542,-0.677889,-0.100409,2.166607,1.408551
1.500542,-0.806407,-0.78498,2.135983,1.408241
1.500542,-0.677889,-0.699408,2.093478,1.408805
1.500542,-1.063406,-0.956123,2.048059,1.418107
1.270097,-1.277584,-1.301577,1.943128,1.451281
1.270097,-1.277584,-1.301577,1.870704,1.501401
1.270097,-1.406102,-1.387149,1.800456,1.541118
1.039652,-1.620262,-1.647032,1.729599,1.568125
0.809207,-1.577441,-1.650202,1.6303,1.5845
0.117872,-1.962958,-1.916424,1.530924,1.596883
-0.343018,-1.920119,-2.008334,1.440111,1.597446
0.117872,-2.348475,-2.258709,1.325467,1.597446
-0.803908,-2.177136,-2.185815,1.199437,1.587096
-1.034353,-1.920119,-1.93227,1.078503,1.547739
-1.264798,-1.791619,-1.849868,0.983948,1.52537
-1.725688,-1.74878,-1.770635,0.952657,1.513383
-1.725688,-0.849246,-0.914922,0.867766,1.462609
-1.264798,-0.806407,-0.908583,0.841,1.442973
-1.495243,-0.806407,-0.826181,0.841,1.402128
-1.725688,-0.549389,-0.487065,0.841,1.344315
-1.725688,-0.592228,-0.572636,0.842104,1.226668
-1.725688,-0.292372,-0.23035,0.8708,1.1505
-1.956133,-0.206711,-0.319091,0.934316,1.0948
-2.186578,0.392984,0.704596,1.036461,0.992119
-1.956133,0.307305,0.279909,1.126906,0.923674
-1.725688,0.392984,0.368649,1.234235,0.839597
-1.495243,0.093127,0.115105,1.315167,0.764042
-1.956133,0.607162,0.622194,1.389106,0.728913
-1.725688,0.650002,0.625364,1.477008,0.706016
-1.264798,0.607162,0.631702,1.4872,0.7039
-1.264798,0.435823,0.546131,1.582671,0.687437
-1.264798,0.350145,0.289417,1.690024,0.671192
-1.264798,0.478644,0.374988,1.758576,0.66172
-1.725688,0.307305,0.283078,1.879491,0.644555
-2.186578,0.221645,0.191168,1.985873,0.638559
-1.264798,-0.549389,-0.566297,2.071099,0.638559
-1.034353,-0.806407,-0.819842,2.1097,0.638559
-0.803908,-0.977746,-0.987816,2.112,0.645126
-1.034353,-1.063406,-1.076556,2.112,0.661666
-0.803908,-1.363263,-1.330101,2.110291,0.692225
0.117872,-1.406102,-1.402995,2.063266,0.740516
-0.112573,-1.577441,-1.577307,2.005153,0.805657
0.117872,-1.791619,-1.916424,1.973582,0.847574
1.039652,-1.663101,-1.647032,1.914214,0.908515
1.039652,-1.577441,-1.47589,1.86771,0.982526
1.270097,-1.191924,-1.216006,1.83331,1.083885
1.039652,-1.191924,-1.219175,1.759064,1.169811
1.039652,-1.363263,-1.304747,1.673532,1.25333
1.039652,-1.320423,-1.219175,1.58975,1.324375
1.039652,-1.234745,-1.219175,1.501034,1.388262
1.039652,-0.977746,-0.962461,1.390677,1.461283
0.809207,-0.763567,-0.794488,1.269741,1.540529
1.039652,-0.677889,-0.705747,1.154148,1.610205
0.809207,-0.549389,-0.366631,1.040977,1.673931
0.348318,-0.463729,-0.458541,0.943625,1.766625
0.348318,-0.121033,0.140459,0.872543,1.832554
-0.112573,-0.206711,-0.379308,0.815416,1.844351
0.117872,-0.206711,-0.290567,0.786282,1.844351
0.348318,0.135967,0.140459,0.761494,1.843265
0.348318,0.221645,0.22603,0.758804,1.789284
0.117872,0.392984,0.394004,0.758804,1.73791
0.117872,0.392984,0.394004,0.758853,1.714829
-0.343018,0.864162,0.815522,0.7987,1.673284
-0.573463,1.07834,1.069067,0.844289,1.658
-0.803908,0.992679,1.237041,0.895235,1.658
0.348318,1.292518,1.252887,0.962819,1.658
0.117872,1.335357,1.335289,1.048475,1.736643
0.117872,1.335357,1.335289,1.126862,1.86981
0.348318,1.635196,1.680744,1.209023,1.934056
0.117872,1.506696,1.592003,1.288708,1.969266
0.348318,1.635196,1.680744,1.357702,2.051866
0.348318,1.720874,1.680744,1.444102,2.14918
0.348318,1.549535,1.509601,1.53604,2.181467
0.348318,1.463857,1.42403,1.597649,2.185867
0.578762,1.592375,1.598342,1.668532,2.185867
0.348318,1.292518,1.252887,1.713366,2.169839
0.578762,1.249679,1.256056,1.776411,2.120965
0.809207,1.07834,1.173654,1.852283,2.053013
0.809207,1.164018,1.088083,1.924717,1.998342
1.039652,0.735662,0.748967,1.980748,1.935214
1.039652,0.82134,0.748967,2.012274,1.89235
0.578762,0.392984,0.485914,2.058331,1.830347
1.270097,0.435823,0.495422,2.118493,1.727245
1.270097,0.435823,0.495422,2.16725,1.6265
1.270097,0.478644,0.495422,2.201814,1.524002
1.270097,0.435823,0.495422,2.235956,1.419917
1.500542,0.478644,0.41302,2.263302,1.302648
1.500542,0.435823,0.498591,2.272,1.197625
1.270097,0.350145,0.324279,2.272,1.127368
1.500542,0.264484,0.241877,2.272,1.034125
1.270097,0.221645,0.238708,2.269029,0.956116
1.039652,0.178806,0.149967,2.248792,0.885342
1.270097,0.050306,0.067565,2.222787,0.837638
0.809207,-0.121033,-0.109917,2.181302,0.786322
0.809207,-0.163872,-0.109917,2.132263,0.74927
0.809207,-0.078212,-0.109917,2.082401,0.745
0.348318,-0.206711,-0.201827,2.04373,0.745
0.578762,-0.37805,-0.284229,2.023442,0.745
0.117872,-0.50655,-0.46171,2.003827,0.755233
-0.112573,-0.635068,-0.721594,1.995153,0.79232
-0.573463,-0.635068,-0.727932,1.995153,0.842433
-0.343018,-0.763567,-0.639191,1.993835,0.915978
-0.803908,-0.763567,-0.816673,1.988436,1.048188
-0.803908,-0.849246,-0.816673,1.987246,1.178405
-1.034353,-1.106245,-1.076556,1.987246,1.282766
-1.495243,-0.977746,-1.082895,1.986715,1.388964
-1.956133,-0.763567,-0.746948,1.975564,1.501854
-1.725688,-0.806407,-0.743779,1.956031,1.623421
-0.573463,-0.720728,-0.813504,1.930847,1.754313
-0.803908,-0.977746,-0.902244,1.884808,1.859141
-0.803908,-0.806407,-0.816673,1.806837,1.908903
-0.573463,-0.806407,-0.813504,1.758393,1.995738
-0.112573,-0.249551,-0.037022,1.715921,2.063072
-0.112573,-0.035372,-0.037022,1.649555,2.136209
-0.343018,0.178806,0.04538,1.596875,2.201205
-0.112573,-0.035372,-0.122594,1.563587,2.229845
-0.573463,0.221645,0.470067,1.49453,2.254
0.578762,0.050306,0.058057,1.435875,2.254
0.809207,0.135967,0.146798,1.405538,2.254
0.809207,0.221645,0.232369,1.332809,2.247656
0.578762,0.82134,0.828199,1.276426,2.213032
0.809207,0.521484,0.574655,1.240248,2.154914
0.809207,0.564323,0.660226,1.231377,2.076066
1.039652,0.692823,0.663395,1.231377,1.988629
1.039652,0.778501,0.834538,1.231377,1.899554
1.039652,0.864162,0.920109,1.24194,1.814698
1.039652,1.035519,1.091252,1.262351,1.730513
0.578762,0.94984,0.999342,1.28092,1.650147
0.809207,1.335357,1.259226,1.286,1.556731
0.578762,1.335357,1.427199,1.286,1.50235
0.809207,1.506696,1.51594,1.286,1.421044
0.578762,1.421018,1.512771,1.282226,1.345917
0.578762,1.635196,1.598342,1.24657,1.245055
0.348318,1.463857,1.42403,1.207417,1.158174
0.348318,1.335357,1.338459,1.162312,1.079198
0.348318,1.206858,1.252887,1.110408,1.004243
0.348318,1.206858,1.167316,1.057621,0.937844
0.117872,0.907001,0.907432,1.001185,0.89875
0.117872,0.82134,0.907432,0.953514,0.898
-0.343018,0.650002,0.729951,0.918329,0.898
-0.343018,0.564323,0.558808,0.877691,0.903017
-0.573463,0.307305,0.298925,0.843677,0.927645
-1.034353,0.264484,0.207015,0.825599,0.948033
-0.803908,0.307305,0.210184,0.793443,0.997033
-1.034353,-0.206711,-0.220842,0.773857,1.035611
-1.495243,0.050306,0.029533,0.734464,1.122164
-1.725688,-0.720728,-0.743779,0.711117,1.190992
-1.495243,-0.806407,-0.911752,0.681768,1.293047
-1.264798,-0.977746,-0.994154,0.659074,1.402203
-1.034353,-1.277584,-1.333271,0.638167,1.500592
-1.034353,-1.491762,-1.504413,0.636494,1.628287
-1.034353,-1.663101,-1.675556,0.636494,1.723148
-0.803908,-1.74878,-1.672387,0.640139,1.792495
-0.573463,-1.70594,-1.669218,0.650334,1.821891
0.348318,-1.406102,-1.570969,0.661363,1.832536
0.348318,-1.534602,-1.485397,0.681299,1.832536
-0.112573,-1.491762,-1.662879,0.701114,1.832536
0.809207,-1.020585,-0.96563,0.727387,1.770314
1.039652,-1.149084,-1.133604,0.759354,1.71274
1.270097,-0.892067,-0.788149,0.807775,1.674649
1.270097,-0.463729,-0.445864,0.86509,1.648405
1.270097,-0.720728,-0.702578,0.932467,1.620342
1.270097,-0.292372,-0.274721,0.978812,1.594851
1.730988,0.093127,0.073903,1.071475,1.568741
1.500542,0.007467,-0.014837,1.168233,1.553167
1.500542,0.135967,0.156306,1.273586,1.541388
1.500542,-0.035372,0.070734,1.35798,1.530438
1.270097,0.050306,0.067565,1.47115,1.525847
1.270097,-0.292372,-0.189149,1.566492,1.515004
1.500542,-0.335211,-0.271551,1.6774,1.4942
1.270097,-0.37805,-0.360292,1.7724,1.476724
1.270097,-0.50655,-0.531435,1.844351,1.461151
1.039652,-0.592228,-0.534604,1.907179,1.457242
1.039652,-0.50655,-0.534604,1.971518,1.457242
0.578762,-0.677889,-0.626514,1.981105,1.457242
0.348318,-0.677889,-0.629684,1.988639,1.458041
0.348318,-0.806407,-0.715255,1.989096,1.459839
-0.112573,-0.977746,-0.978308,1.989096,1.460964
0.117872,-0.849246,-0.889567,1.983703,1.461201
-0.343018,-1.191924,-1.238191,1.94171,1.461891
-0.343018,-1.149084,-1.15262,1.886962,1.465748
-1.034353,-0.720728,-0.734271,1.819948,1.468935
-1.495243,-0.635068,-0.740609,1.738095,1.471459
-1.034353,-0.592228,-0.563128,1.613912,1.476705
-1.264798,-0.463729,-0.480726,1.50045,1.480867
-1.264798,-0.677889,-0.651869,1.420088,1.484
-1.495243,-0.335211,-0.483895,1.3429,1.4855
-1.495243,-0.37805,-0.483895,1.27825,1.4935
-0.343018,-0.249551,-0.382477,1.192873,1.505784
-0.573463,-0.463729,-0.471218,1.138449,1.51402
-0.112573,0.007467,-0.037022,1.039529,1.530503
-0.112573,-0.163872,-0.122594,0.974964,1.5325
0.117872,-0.206711,-0.119424,0.887923,1.5325
0.578762,0.007467,-0.027514,0.80653,1.5316
0.578762,0.307305,0.314771,0.733427,1.50846
0.578762,0.093127,0.143628,0.676051,1.465296
0.578762,0.478644,0.742628,0.636439,1.419329
0.809207,0.435823,0.489083,0.635,1.369834
0.809207,0.607162,0.745797,0.635,1.303028
0.809207,0.907001,1.002512,0.637563,1.205557
0.578762,0.992679,0.913771,0.665166,1.126178
0.809207,1.164018,1.259226,0.743,1.08902
0.809207,1.421018,1.430369,0.802125,1.06175
0.348318,1.378196,1.42403,0.827109,1.048267
0.117872,1.549535,1.506432,0.869187,1.027841
-0.112573,1.592375,1.588834,0.90251,1.011665
-0.112573,1.506696,1.503263,0.917838,1.00603
-0.112573,1.592375,1.588834,1.003826,0.987843
-0.112573,1.463857,1.417691,1.11443,0.98086
-0.343018,1.335357,1.414522,1.224,0.97358
0.117872,1.206858,1.249718,1.338649,0.967921
-0.343018,1.249679,1.243379,1.433166,0.969735
-0.803908,1.121179,1.151469,1.522491,0.976172
-0.803908,1.977892,1.065898,1.602724,0.983824
-1.034353,1.07834,1.062728,1.7037,1.0039
-1.495243,1.07834,1.141961,1.789714,1.052646
-0.803908,0.907001,0.894755,1.83876,1.09584
-1.034353,0.82134,0.891586,1.841,1.098
-1.034353,0.735662,0.720443,1.843094,1.119196
-1.034353,0.392984,0.378157,1.883317,1.232423
-0.803908,0.307305,0.295755,1.96081,1.388483
-0.573463,0.050306,0.127782,2.006967,1.436
-0.573463,-0.206711,-0.214504,2.006967,1.500463
-0.573463,-0.37805,-0.385647,2.006967,1.579568
-0.112573,-0.463729,-0.464879,1.999886,1.669377
-0.112573,-0.549389,-0.550451,1.962581,1.774666
-0.343018,-0.549389,-0.639191,1.919621,1.857063
-0.573463,-1.491762,-1.583646,1.86422,1.869032
-0.343018,-1.962958,-2.008334,1.777804,1.869032
-0.803908,-1.791619,-1.672387,1.674181,1.869032
-0.803908,-2.005779,-2.100244,1.566408,1.798604
-1.034353,-1.877279,-2.103413,1.459904,1.690027
-1.495243,-1.877279,-1.853038,1.397058,1.619857
-1.495243,-1.962958,-1.938609,1.31421,1.5995
-1.725688,-1.234745,-1.257207,1.18357,1.5995
-1.956133,-1.063406,-1.089234,1.066391,1.5995
-1.956133,-0.720728,-0.746948,0.964835,1.638325
-2.186578,-0.677889,-0.664546,0.882132,1.740952
-2.417023,-0.463729,-0.496572,0.845507,1.879273
-2.417023,-0.249551,-0.411001,0.842734,2.003984
-1.956133,0.307305,0.36548,0.842734,2.097415
-1.956133,0.392984,0.36548,0.845112,2.099375
-1.956133,0.221645,0.279909,0.880125,2.099375
-1.725688,0.307305,0.197507,0.94698,2.091293
-1.495243,0.221645,0.115105,1.05937,2.043798
-1.725688,-0.078212,-0.144779,1.171935,1.993143
-1.495243,0.007467,-0.056038,1.275081,1.945702
-1.725688,-0.463729,-0.487065,1.36893,1.88233
-1.495243,-0.463729,-0.483895,1.465683,1.798841
-1.264798,-0.635068,-0.651869,1.579065,1.729681
-1.034353,-0.849246,-0.819842,1.67978,1.669988
-0.803908,-1.063406,-1.073387,1.775921,1.607839
-1.264798,-1.106245,-1.165297,1.863681,1.540544
-1.264798,-1.149084,-1.250868,1.927404,1.477924
-0.343018,-1.406102,-1.323763,1.952471,1.431794
0.117872,-1.491762,-1.488567,2.002103,1.368125
0.809207,-1.063406,-1.051202,2.018125,1.301591
0.809207,-0.892067,-0.880059,2.018125,1.280453
0.809207,-0.763567,-0.794488,2.016725,1.280453
0.809207,-0.720728,-0.623345,1.986339,1.280453
0.809207,-0.335211,-0.366631,1.932799,1.28175
0.578762,-0.249551,-0.198657,1.869952,1.301334
0.578762,-0.249551,-0.284229,1.788381,1.329178
0.117872,0.135967,0.13729,1.69175,1.348341
0.117872,0.264484,0.222861,1.583799,1.351292
0.117872,0.564323,0.479575,1.498643,1.352
0.348318,0.692823,0.739459,1.403995,1.351972
0.348318,0.864162,0.910602,1.282612,1.350811
0.348318,1.249679,1.167316,1.177085,1.34794
0.117872,1.164018,1.078575,1.0524,1.3391
0.117872,1.206858,1.164146,0.975911,1.318312
0.117872,1.249679,1.249718,0.927286,1.284697
0.117872,1.635196,1.677575,0.824969,1.227891
0.348318,1.635196,1.595173,0.740327,1.187488
0.348318,1.763714,1.680744,0.740327,1.156926
0.117872,1.720874,1.763146,0.740327,1.065946
0.117872,1.549535,1.506432,0.750879,0.964676
0.578762,1.506696,1.512771,0.816117,0.863757
0.578762,1.506696,1.170485,0.896625,0.77875
0.578762,1.249679,1.256056,0.964033,0.718117
0.578762,1.206858,1.170485,1.159622,0.662317
0.809207,1.07834,0.91694,1.281,0.629558
0.809207,0.907001,0.91694,1.363634,0.62631
1.270097,0.82134,0.837707,1.4595,0.62631
1.500542,0.521484,0.498591,1.542389,0.62651
1.039652,0.650002,0.663395,1.611391,0.642133
1.500542,0.521484,0.498591,1.653368,0.669152
1.500542,0.307305,0.41302,1.691954,0.719947
1.500542,0.435823,0.41302,1.705,0.787741
1.500542,0.307305,0.327448,1.705,0.891837
1.500542,0.264484,0.327448,1.705,0.980514
1.270097,0.307305,0.238708,1.6975,1.066375
1.270097,0.307305,0.324279,1.67424,1.266635
1.270097,0.221645,0.153136,1.673,1.396067
1.039652,0.135967,0.149967,1.673,1.503913
0.809207,0.135967,0.146798,1.673696,1.565
0.809207,0.135967,0.146798,1.677744,1.625102
0.809207,0.221645,0.232369,1.700413,1.723887
0.809207,0.478644,0.403512,1.730127,1.790611
0.578762,0.307305,0.314771,1.779793,1.851914
0.809207,0.392984,0.403512,1.825639,1.877334
0.578762,0.735662,0.742628,1.890813,1.8775
-0.112573,0.478644,0.476406,1.973579,1.8775
-0.112573,0.478644,0.476406,2.0477,1.8723
-0.343018,0.735662,0.729951,2.116528,1.830917
-0.573463,0.735662,0.726782,2.168252,1.776093
-0.343018,0.82134,0.815522,2.223097,1.700292
-0.803908,0.94984,0.980326,2.282245,1.605659
-0.803908,1.035519,0.980326,2.320189,1.52449
-0.803908,0.735662,0.809184,2.346337,1.421063
-1.034353,0.607162,0.634871,2.351461,1.295073
-0.803908,0.650002,0.638041,2.351461,1.166108
-0.803908,0.478644,0.466898,2.351461,1.059857
-1.264798,0.221645,0.203845,2.345693,0.956837
0.117872,0.007467,-0.033853,2.331466,0.869883
0.117872,-0.035372,-0.033853,2.313823,0.80634
0.117872,-0.121033,-0.119424,2.2993,0.796335
0.117872,-0.163872,-0.119424,2.289444,0.796335
0.117872,-0.163872,-0.204996,2.2835,0.796335
0.578762,-0.635068,-0.540943,2.273718,0.821807
0.578762,-0.549389,-0.540943,2.256345,0.883881
0.578762,-0.720728,-0.712086,2.223093,0.983515
1.039652,-0.806407,-0.791318,2.190405,1.08248
1.270097,-1.020585,-1.130435,2.137001,1.217303
0.809207,-1.234745,-1.222345,2.08425,1.341563
1.270097,-1.491762,-1.387149,2.019247,1.464166
1.039652,-1.577441,-1.647032,1.979129,1.523629
1.039652,-1.74878,-1.732604,1.92504,1.59698
-0.112573,-2.091458,-2.005164,1.840586,1.697828
0.117872,-2.476975,-2.429852,1.76708,1.794031
-0.112573,-2.305636,-2.518593,1.70306,1.817464
-1.034353,-2.434135,-2.360127,1.660758,1.824932
-1.264798,-2.305636,-2.277725,1.55744,1.8425
-1.034353,-1.70594,-1.761128,1.464572,1.8425
-0.803908,-1.620262,-1.672387,1.397394,1.8425
-1.725688,-1.277584,-1.257207,1.340817,1.830032
-1.956133,-1.191924,-1.174805,1.28022,1.766308
-2.186578,-1.149084,-1.177974,1.229045,1.689814
-1.956133,-0.592228,-0.661377,1.178537,1.637865
-2.186578,-0.463729,-0.493403,1.156862,1.601372
-1.725688,-0.335211,-0.315922,1.123725,1.495866
-1.725688,-0.37805,-0.401493,1.09975,1.40925
-1.956133,-0.035372,-0.062377,1.066569,1.305875
-1.956133,-0.121033,-0.23352,1.038039,1.234153
-2.417023,-0.121033,-0.154287,0.979416,1.122649
-1.956133,-0.463729,-0.490234,0.920888,1.036589
-1.495243,-0.292372,-0.312752,0.862886,0.956061
-1.495243,-0.50655,-0.569467,0.833291,0.909861
-1.495243,-0.292372,-0.312752,0.795375,0.886962
-0.343018,-0.335211,-0.125763,0.777253,0.886962
-0.803908,-0.549389,-0.64553,0.766284,0.886962
-0.573463,-0.249551,-0.300075,0.759309,0.912381
-0.573463,-0.37805,-0.300075,0.7495,0.972379
-0.343018,-0.078212,-0.040192,0.739909,1.012356
-0.573463,0.050306,0.04221,0.720942,1.102166
-0.573463,0.135967,0.213353,0.692125,1.1735
0.348318,0.650002,0.568316,0.670639,1.251364
0.117872,0.564323,0.565147,0.648125,1.389375
0.578762,0.392984,0.400342,0.628178,1.517935
0.809207,0.607162,0.831369,0.614157,1.558993
1.270097,0.94984,0.923279,0.611155,1.563866
1.039652,0.94984,0.920109,0.610689,1.626605
1.270097,0.992679,1.00885,0.611432,1.644979
1.270097,0.650002,0.752136,0.623898,1.646453
1.039652,0.692823,0.663395,0.668389,1.663297
1.270097,0.735662,0.666565,0.707277,1.67957
1.039652,0.82134,0.748967,0.734337,1.6834
1.270097,0.692823,0.666565,0.773606,1.674812
1.270097,0.82134,0.752136,0.81739,1.66066
1.039652,0.907001,0.834538,0.881766,1.650592
1.039652,0.864162,0.920109,0.943875,1.627875
0.809207,1.035519,1.088083,0.985759,1.562864
0.578762,1.249679,1.256056,0.992779,1.550679
0.809207,1.335357,1.259226,1.04422,1.4635
0.348318,1.549535,1.509601,1.116383,1.348185
0.348318,1.463857,1.509601,1.183133,1.25092
0.578762,1.421018,1.427199,1.237548,1.171457
0.117872,1.335357,1.335289,1.297022,1.084594
0.117872,1.249679,1.249718,1.36526,0.994954
0.117872,1.206858,1.249718,1.447647,0.889314
0.117872,1.07834,1.164146,1.518523,0.819625
0.117872,1.121179,1.164146,1.57334,0.810233
0.117872,1.164018,1.078575,1.59578,0.810233
-0.343018,0.992679,0.986665,1.59578,0.8103
-0.343018,0.992679,1.072236,1.59578,0.858492
-0.343018,0.735662,0.729951,1.583445,0.953
-0.343018,0.735662,0.644379,1.551079,1.070524
-0.112573,0.564323,0.561977,1.516793,1.211359
-0.343018,0.564323,0.558808,1.46971,1.32929
-0.112573,0.178806,0.048549,1.427923,1.449796
0.117872,-0.292372,-0.204996,1.393778,1.564959
0.578762,0.050306,0.058057,1.36802,1.587539
0.348318,-0.37805,-0.372969,1.352645,1.600608
0.578762,-0.549389,-0.540943,1.352288,1.661776
0.578762,-0.592228,-0.626514,1.352288,1.728562
0.578762,-0.763567,-0.797657,1.354458,1.790633
0.809207,-0.763567,-0.794488,1.367254,1.808655
0.578762,-1.320423,-1.225514,1.429557,1.880369
0.578762,-1.191924,-1.225514,1.482195,1.921667
0.117872,-1.320423,-1.317424,1.528481,1.974014
0.348318,-1.70594,-1.742112,1.621692,2.112803
0.117872,-1.70594,-1.745281,1.740505,2.156513
-0.343018,-2.005779,-2.008334,1.840629,2.156513
-0.573463,-1.877279,-1.84036,1.933665,2.153267
-0.573463,-1.70594,-1.669218,2.010967,2.139986
-0.803908,-1.791619,-1.84353,2.066899,2.091134
-0.803908,-1.962958,-1.929101,2.121286,2.017534
-1.034353,-1.448923,-1.333271,2.158828,1.952992
-1.034353,-1.320423,-1.247699,2.186251,1.895908
-1.264798,-1.277584,-1.33644,2.221426,1.809205
-1.495243,-1.277584,-1.254038,2.253837,1.699013
-1.495243,-1.191924,-1.254038,2.270425,1.599636
-1.034353,-1.149084,-1.076556,2.280552,1.47683
-1.495243,-0.849246,-0.826181,2.288433,1.371583
-1.034353,-1.063406,-1.076556,2.303278,1.279583
-1.034353,-0.934906,-1.162128,2.315,1.187457
-0.573463,-0.592228,-0.556789,2.316773,1.0952
-0.343018,-0.892067,-0.895906,2.317426,0.934742
0.117872,-0.720728,-0.632853,2.317145,0.858
-0.112573,-0.592228,-0.636022,2.315444,0.8496
0.348318,-0.549389,-0.544112,2.314708,0.8495
0.348318,-0.549389,-0.458541,2.306341,0.8495
0.348318,-0.206711,-0.116255,2.266347,0.859621
0.809207,-0.035372,0.061226,2.228122,0.900213
0.578762,0.178806,0.2292,2.181646,0.989285
1.039652,0.435823,0.492253,2.105877,1.12963
1.039652,0.692823,0.663395,2.016648,1.179691
1.270097,1.121179,1.094422,1.918776,1.223903
1.039652,0.94984,1.091252,1.823561,1.261099
0.809207,1.335357,1.344797,1.737475,1.288053
0.809207,1.121179,1.173654,1.662179,1.307079
0.809207,1.506696,1.51594,1.576344,1.326
0.809207,1.592375,1.51594,1.468258,1.35082
0.809207,1.335357,1.344797,1.359517,1.368318
0.117872,1.592375,1.592003,1.258638,1.378438
0.117872,1.506696,1.506432,1.162571,1.391809
-0.112573,1.378196,1.417691,1.075665,1.41971
-0.343018,1.421018,1.414522,0.960462,1.432691
-0.343018,1.335357,1.157808,0.86784,1.45428
0.117872,1.249679,1.078575,0.80975,1.477
0.117872,1.206858,1.164146,0.744268,1.513909
-1.034353,0.82134,0.806014,0.68419,1.557389
-1.034353,0.778501,0.720443,0.651714,1.59076
-1.264798,0.650002,0.717274,0.595685,1.613486
-1.495243,0.692823,0.628533,0.587759,1.61599
-1.495243,0.735662,0.714104,0.586019,1.614049
-1.956133,0.607162,0.622194,0.584278,1.612108
-1.495243,0.650002,0.628533,0.590476,1.590461
-1.495243,0.564323,0.542961,0.612046,1.535289
-1.956133,0.650002,0.622194,0.64899,1.486306
-1.264798,0.521484,0.546131,0.662279,1.445295
-1.034353,0.564323,0.463729,0.69528,1.32952
-1.034353,0.264484,0.292586,0.750449,1.207881
-0.803908,0.093127,0.124612,0.823607,1.147973
-0.803908,-0.206711,-0.132102,0.884774,1.095201
-1.034353,-0.121033,-0.135271,0.934141,1.029234
-0.803908,-0.163872,-0.303245,0.996698,0.909627
-0.573463,-0.50655,-0.556789,1.07172,0.816323
-0.343018,-0.720728,-0.724763,1.117232,0.771311
0.117872,-0.934906,-0.889567,1.202707,0.761787
0.117872,-1.149084,-1.146281,1.260019,0.761787
0.578762,-1.191924,-1.139943,1.279995,0.762544
0.117872,-1.448923,-1.231853,1.298654,0.770333
0.348318,-1.320423,-1.228683,1.307373,0.784994
0.578762,-1.448923,-1.482228,1.343005,0.857168
0.809207,-1.191924,-1.222345,1.370303,1.007
0.809207,-0.934906,-0.794488,1.371571,1.08201
1.039652,-1.020585,-0.962461,1.37212,1.149304
1.270097,-0.849246,-0.788149,1.374272,1.158079
1.039652,-0.763567,-0.791318,1.376686,1.188457
1.039652,-0.635068,-0.705747,1.378675,1.310056
0.809207,-0.50655,-0.452202,1.3911,1.383013
1.039652,-0.249551,-0.27789,1.425005,1.475591
0.809207,-0.078212,-0.024345,1.471722,1.576479
0.809207,0.093127,0.146798,1.523566,1.64696
1.270097,0.435823,0.495422,1.566366,1.689182
1.039652,0.907001,0.920109,1.630942,1.799739
1.039652,0.864162,0.834538,1.7068,1.9277
1.039652,1.07834,1.091252,1.7755,1.948
1.039652,0.907001,1.262395,1.822872,1.948
0.809207,1.121179,1.259226,1.888986,1.945535
0.578762,1.249679,1.256056,1.961737,1.904738
0.578762,1.335357,1.427199,2.016039,1.838064
0.348318,1.720874,1.680744,2.050641,1.768922
0.348318,1.635196,1.766315,2.054,1.714299
0.348318,1.678035,1.680744,2.054,1.679386
0.117872,1.592375,1.592003,2.0527,1.662
-0.112573,1.592375,1.503263,2.02675,1.6595
-0.343018,1.506696,1.500093,1.98963,1.6595
-0.573463,1.463857,1.411353,1.91091,1.660125
-0.343018,1.635196,1.414522,1.811954,1.679581
-0.112573,1.249679,1.246548,1.702082,1.703239
-0.573463,1.335357,1.325781,1.590087,1.720577
-1.495243,1.07834,1.05639,1.461801,1.733872
-1.264798,1.07834,1.145131,1.344997,1.736284
-0.803908,0.650002,0.638041,1.225148,1.736284
-1.034353,0.564323,0.634871,1.099586,1.736284
-1.495243,0.735662,0.628533,0.999257,1.730633
-1.264798,0.607162,0.546131,0.893785,1.708236
-1.725688,0.521484,0.539792,0.806711,1.669765
-2.186578,0.607162,0.447882,0.732327,1.613242
-1.264798,0.307305,0.289417,0.700873,1.574052
-1.034353,0.478644,0.378157,0.673767,1.52923
-1.264798,0.178806,0.203845,0.673237,1.454595
-1.034353,0.007467,-0.0497,0.673237,1.37235
-0.803908,-0.035372,-0.04653,0.673237,1.265739
-1.034353,0.264484,-0.135271,0.689829,1.131162
-0.112573,0.050306,0.048549,0.7535,1.008
0.348318,0.478644,0.397173,0.807642,0.936529
0.117872,0.435823,0.394004,0.920815,0.817979
0.117872,0.178806,0.222861,1.018623,0.7288
0.117872,0.564323,0.650718,1.116266,0.65619
0.578762,0.478644,0.485914,1.23733,0.615975
1.039652,0.735662,0.748967,1.358871,0.58426
0.809207,0.564323,0.574655,1.437939,0.569326
0.578762,0.692823,0.657057,1.531829,0.553451
0.578762,0.735662,0.828199,1.626702,0.540331
0.809207,0.650002,0.745797,1.742501,0.530186
0.809207,0.650002,0.660226,1.84275,0.528
0.578762,0.735662,0.657057,1.942753,0.525332
0.578762,0.435823,0.485914,2.026697,0.507086
0.578762,0.392984,0.400342,2.088877,0.4618
0.578762,0.264484,0.314771,2.119967,0.4605
0.348318,-0.035372,-0.030684,2.119967,0.4605
0.348318,-0.035372,-0.116255,2.119967,0.463879
0.117872,-0.292372,-0.290567,2.112723,0.506462
-0.343018,-0.37805,-0.382477,2.078587,0.566158
-0.112573,-0.292372,-0.379308,2.023907,0.65497
-0.112573,-0.720728,-0.636022,1.986392,0.726325
-0.803908,-1.063406,-1.073387,1.938349,0.879796
-1.264798,-1.277584,-1.165297,1.871169,1.074029
-0.803908,-1.491762,-1.415673,1.817382,1.209571
-0.573463,-1.663101,-1.583646,1.778944,1.340085
-0.803908,-1.70594,-1.757958,1.749991,1.477856
-1.264798,-2.048618,-2.021011,1.722761,1.608236
-0.573463,-2.005779,-2.011503,1.688519,1.736673
-0.343018,-1.920119,-1.837191,1.643025,1.850413
-0.343018,-1.920119,-1.837191,1.589042,1.940922
0.348318,-1.83444,-1.913254,1.545971,2.007306
1.039652,-1.320423,-1.304747,1.495137,2.028963
1.270097,-1.363263,-1.301577,1.42027,2.036938
1.270097,-1.234745,-1.216006,1.323491,2.037103
1.270097,-1.234745,-1.216006,1.24083,2.035712
0.809207,-1.363263,-1.393487,1.148586,2.025474
0.578762,-1.320423,-1.396657,1.071913,1.978384
0.578762,-1.020585,-1.054371,0.987079,1.9184
0.117872,-0.763567,-0.975138,0.94275,1.88175
0.578762,-0.549389,-0.540943,0.907303,1.840849
0.578762,-0.592228,-0.626514,0.835976,1.810927
-0.343018,-0.163872,-0.468049,0.800734,1.747728
-0.343018,-0.549389,-0.468049,0.760034,1.638955
-0.112573,-0.206711,-0.122594,0.72402,1.519859
-0.343018,0.264484,-0.040192,0.706703,1.416133
-0.573463,0.521484,0.555639,0.706621,1.325861
-0.573463,0.607162,0.555639,0.706621,1.22218
-0.803908,0.82134,0.809184,0.707979,1.146866
-0.573463,0.992679,0.983496,0.742287,1.010825
-0.343018,1.292518,1.414522,0.807628,0.901229
-0.573463,1.635196,1.582495,0.883563,0.811912
-0.343018,1.720874,1.756808,0.954366,0.740093
-0.112573,1.678035,1.674405,1.024792,0.65721
-0.112573,1.635196,1.674405,1.089338,0.580745
0.117872,1.592375,1.592003,1.195806,0.509082
0.117872,1.678035,1.677575,1.320211,0.485808
0.348318,1.763714,1.766315,1.422221,0.478407
0.117872,1.763714,1.763146,1.51875,0.474
0.348318,1.763714,1.766315,1.559321,0.474
0.578762,1.549535,1.512771,1.631004,0.474
0.809207,1.335357,1.259226,1.748905,0.49755
0.809207,1.335357,1.430369,1.838942,0.541814
0.809207,1.121179,1.173654,1.883125,0.546363
0.809207,1.164018,1.173654,1.921193,0.55435
1.270097,1.121179,1.179993,1.96425,0.56925
1.039652,0.82134,0.920109,1.9961,0.601871
1.270097,0.692823,0.752136,2.0,0.641419
1.500542,0.650002,0.584163,2.0,0.69701
1.500542,0.607162,0.669734,1.998521,0.746333
1.500542,0.392984,0.41302,1.951753,0.75
1.500542,0.221645,0.327448,1.870907,0.767577
1.500542,0.135967,0.241877,1.829823,0.815318
1.730988,0.093127,0.073903,1.691576,0.889637
1.730988,-0.078212,-0.097239,1.635339,0.97413
1.730988,-0.249551,-0.182811,1.576737,1.070935
1.730988,-0.37805,-0.353953,1.512419,1.147095
1.500542,-0.635068,-0.18598,1.398425,1.223757
1.500542,-0.420889,-0.442694,1.265279,1.288981
1.500542,-0.549389,-0.528266,1.140216,1.314277
1.730988,-0.50655,-0.525096,1.033135,1.32561
1.270097,-0.677889,-0.617006,0.984929,1.32837
1.500542,-0.50655,-0.528266,0.981828,1.328027
1.270097,0.093127,0.067565,0.981828,1.322057
1.039652,0.135967,0.235538,0.984328,1.319877
1.270097,0.050306,0.153136,1.012,1.318552
1.270097,0.221645,0.238708,1.05265,1.318552
1.039652,0.521484,0.577824,1.133468,1.318552
0.809207,0.650002,0.745797,1.230137,1.366893
0.809207,1.07834,1.002512,1.338245,1.394854
0.809207,0.992679,1.088083,1.465,1.42216
0.809207,1.463857,1.430369,1.575086,1.453416
0.809207,1.506696,1.51594,1.680634,1.475827
0.348318,1.292518,1.338459,1.750855,1.494965
0.348318,1.07834,1.167316,1.816954,1.51645
0.348318,1.335357,1.338459,1.866068,1.540491
0.578762,1.335357,1.341628,1.909466,1.62333
-0.112573,1.421018,1.246548,1.916781,1.699345
-0.343018,1.335357,1.243379,1.916781,1.791
-0.573463,1.07834,1.154638,1.916781,1.851022
-0.112573,0.907001,0.904263,1.906875,1.92188
0.117872,0.692823,0.736289,1.866751,2.028485
-0.803908,0.564323,0.638041,1.803928,2.159063
-1.034353,0.392984,0.378157,1.738351,2.168
-0.573463,0.435823,0.384496,1.647787,2.168
-1.264798,-0.121033,-0.052869,1.581918,2.168
-1.725688,-0.163872,-0.23035,1.531187,2.16605
-1.495243,-0.206711,-0.227181,1.506736,2.161
-1.956133,-0.292372,-0.319091,1.461901,2.135779
-1.495243,-0.549389,-0.569467,1.441557,2.087875
-1.495243,-0.549389,-0.655038,1.430678,2.0232
-1.956133,-0.806407,-0.832519,1.436985,1.948315
-1.725688,-0.934906,-0.914922,1.443292,1.923396
-1.495243,-0.806407,-0.911752,1.466818,1.891846
-0.803908,-1.063406,-1.073387,1.527342,1.833969
-1.034353,-1.406102,-1.418842,1.601607,1.794499
-0.803908,-1.491762,-1.501244,1.654479,1.660393
-0.573463,-1.74878,-1.669218,1.702306,1.509324
-0.573463,-1.663101,-1.583646,1.711612,1.377864
0.348318,-1.534602,-1.485397,1.711612,1.239667
0.348318,-1.70594,-1.65654,1.709635,1.116812
0.578762,-1.534602,-1.396657,1.658008,0.980176
0.809207,-1.406102,-1.479059,1.576246,0.856983
1.270097,-1.234745,-1.216006,1.480678,0.749626
1.039652,-0.892067,-0.87689,1.413153,0.697468
1.039652,-0.892067,-0.87689,1.353,0.655424
1.270097,-0.763567,-0.788149,1.353,0.655
1.270097,-0.849246,-0.788149,1.335489,0.655
0.348318,-0.549389,-0.629684,1.24103,0.655114
0.578762,-0.549389,-0.626514,1.136033,0.662604
0.809207,-0.035372,-0.024345,1.044075,0.710685
0.117872,-0.121033,-0.119424,0.98875,0.7485
0.117872,0.350145,0.308432,0.902565,0.824674
0.348318,0.350145,0.482745,0.8436,0.8935
-1.034353,0.564323,0.5493,0.786548,0.972286
-0.343018,0.94984,0.986665,0.751548,1.027411
0.117872,1.035519,1.078575,0.744367,1.039903
-0.112573,1.292518,1.160977,0.670669,1.181871
0.117872,1.335357,1.335289,0.614123,1.319026
0.117872,1.678035,1.592003,0.587375,1.458875
-0.112573,1.678035,1.588834,0.582696,1.509901
0.117872,1.421018,1.506432,0.577097,1.558646
0.348318,1.378196,1.509601,0.577,1.580183
0.348318,1.292518,1.338459,0.577,1.742342
0.578762,1.292518,1.256056,0.582402,1.786641
0.578762,1.07834,1.084914,0.628588,1.784802
0.578762,0.94984,1.084914,0.660779,1.743454
0.809207,0.992679,1.002512,0.719886,1.686913
0.809207,0.907001,1.002512,0.757644,1.68464
1.039652,0.907001,1.005681,0.783415,1.701978
0.809207,0.94984,0.91694,0.829633,1.703963
0.809207,0.864162,0.91694,0.865809,1.704491
1.039652,0.82134,0.834538,0.874,1.706534
0.809207,0.907001,0.831369,0.874,1.706539
0.578762,0.564323,0.571485,0.874,1.715379
0.578762,0.521484,0.571485,0.874,1.717995
0.578762,0.521484,0.571485,0.874,1.707771
0.348318,0.435823,0.397173,0.860871,1.706
-0.112573,0.435823,0.390835,0.81806,1.704566
-0.573463,0.82134,0.812353,0.756948,1.686632
-0.573463,0.650002,0.726782,0.744226,1.631352
-1.034353,0.564323,0.634871,0.744226,1.538039
-0.803908,0.435823,0.466898,0.744226,1.384779
-1.034353,0.692823,0.463729,0.762705,1.222789
-1.495243,0.735662,0.628533,0.805415,1.077489
-1.264798,0.650002,0.546131,0.838068,0.936486
-1.495243,0.093127,0.115105,0.891529,0.834797
-1.495243,-0.035372,-0.056038,0.981177,0.73875
-1.725688,-0.720728,-0.82935,1.027797,0.716109
-1.725688,-0.806407,-0.82935,1.216629,0.667221
-1.495243,-0.849246,-0.826181,1.245695,0.665
-1.725688,-1.363263,-1.342778,1.350489,0.665
-1.725688,-1.363263,-1.342778,1.422266,0.665
-1.956133,-1.448923,-1.517091,1.551392,0.6664
-1.264798,-2.262797,-2.277725,1.672188,0.690859
-0.573463,-2.219957,-2.182646,1.746315,0.74062
-0.573463,-2.091458,-2.011503,1.827375,0.870557
-0.112573,-2.005779,-2.005164,1.89214,0.950591
0.117872,-1.663101,-1.574138,1.950541,0.999887
0.578762,-1.491762,-1.482228,2.037318,1.057854
0.809207,-1.491762,-1.393487,2.083148,1.140568
1.039652,-1.106245,-1.219175,2.086,1.310766
1.039652,-1.063406,-1.048033,2.077942,1.393375
1.039652,-0.849246,-0.87689,2.06391,1.448164
1.039652,-0.849246,-0.87689,2.05255,1.51959
0.809207,-0.50655,-0.537774,2.027101,1.591851
1.039652,-0.677889,-0.620176,1.995339,1.664686
0.809207,-0.463729,-0.452202,1.968276,1.722314
1.039652,0.135967,0.235538,1.926766,1.798311
0.809207,0.350145,0.31794,1.880949,1.878794
0.809207,0.521484,0.660226,1.841447,1.923842
0.578762,0.82134,0.828199,1.793008,1.926027
0.348318,0.907001,0.910602,1.733689,1.926027
0.348318,1.121179,1.167316,1.641348,1.918481
0.578762,1.249679,1.341628,1.541703,1.822896
0.348318,1.378196,1.42403,1.468828,1.724122
0.117872,1.506696,1.506432,1.398737,1.662912
0.348318,1.678035,1.680744,1.344162,1.658
0.348318,1.592375,1.509601,1.31049,1.656
0.578762,1.549535,1.512771,1.299568,1.656
0.348318,1.463857,1.42403,1.299568,1.656
0.117872,1.463857,1.335289,1.299568,1.6633
-0.112573,1.07834,1.160977,1.304562,1.665
-0.573463,1.421018,1.411353,1.315207,1.665
-0.573463,1.164018,1.154638,1.323076,1.655692
-0.573463,0.992679,1.069067,1.326533,1.551682
-0.573463,0.82134,0.897924,1.326533,1.43057
-0.573463,0.82134,0.812353,1.326533,1.355873
-0.803908,0.82134,0.809184,1.321383,1.313
-1.034353,0.650002,0.634871,1.301431,1.220457
-1.495243,0.478644,0.45739,1.265714,1.059913
-1.264798,0.435823,0.374988,1.220685,0.851027
-1.264798,0.307305,0.374988,1.1778,0.7582
-1.034353,0.178806,0.121443,1.139081,0.734
-1.495243,-0.035372,-0.056038,1.08083,0.734
-1.034353,-0.292372,-0.306414,1.053944,0.734
-0.573463,-0.592228,-0.556789,0.995882,0.74783
-0.343018,-0.677889,-0.639191,0.959463,0.839605
-0.112573,-0.892067,-0.978308,0.908481,0.989398
-0.112573,-1.191924,-1.149451,0.881987,1.070556
0.348318,-1.020585,-1.057541,0.844291,1.196708
0.578762,-0.892067,-0.797657,0.814658,1.306834
1.039652,-0.934906,-0.962461,0.811774,1.376955
0.809207,-1.063406,-0.96563,0.811774,1.416432
1.039652,-1.020585,-1.048033,0.811831,1.436
1.039652,-1.149084,-1.133604,0.825206,1.436
0.578762,-0.720728,-0.797657,0.867437,1.436
0.348318,-0.720728,-0.629684,0.9395,1.419765
0.578762,-0.892067,-0.883228,0.985232,1.390457
0.117872,-0.720728,-0.803996,1.076945,1.317401
0.117872,-0.806407,-0.803996,1.167438,1.244693
-0.112573,-0.37805,-0.379308,1.25724,1.144669
-0.112573,-0.292372,-0.293737,1.316435,1.013038
-0.112573,-0.37805,-0.293737,1.421393,0.921687
-0.573463,0.307305,0.298925,1.524431,0.850171
-0.573463,0.178806,0.213353,1.629131,0.782922
-1.034353,0.435823,0.378157,1.734579,0.739011
-0.803908,0.564323,0.552469,1.847313,0.732692
-0.343018,0.907001,0.901094,1.938393,0.732692
-0.343018,0.907001,0.901094,2.018908,0.733317
-0.343018,0.82134,0.815522,2.0804,0.7602
-0.343018,0.907001,0.901094,2.133286,0.803125
-0.112573,1.249679,1.246548,2.173127,0.815377
-0.112573,1.164018,1.160977,2.208652,0.878737
0.117872,1.763714,2.01986,2.248685,0.997862
0.117872,1.421018,1.420861,2.2785,1.120592
0.117872,1.463857,1.420861,2.28,1.225804
0.578762,1.421018,1.341628,2.28,1.349
0.348318,1.335357,1.338459,2.28,1.472875
0.348318,1.378196,1.338459,2.271328,1.59658
0.578762,1.121179,1.256056,2.243553,1.756045
0.578762,0.94984,0.999342,2.198358,1.841203
0.578762,0.907001,0.913771,2.135687,1.892794
0.578762,0.992679,0.999342,2.049053,1.955261
0.809207,0.564323,0.574655,1.969991,2.037101
0.809207,0.392984,0.403512,1.927363,2.075854
0.809207,0.350145,0.403512,1.858322,2.080144
0.578762,0.350145,0.314771,1.745543,2.080144
0.578762,0.392984,0.400342,1.639682,2.080144
0.348318,0.435823,0.482745,1.538006,2.062378
0.117872,0.435823,0.394004,1.426472,2.004972
0.117872,0.564323,0.565147,1.328972,1.975833
-0.112573,0.307305,0.305263,1.236005,1.918171
-0.112573,0.221645,0.305263,1.155777,1.83415
-0.343018,0.307305,0.216522,1.092967,1.736741
-0.343018,0.307305,0.302094,1.030909,1.619923
-0.573463,0.435823,0.555639,0.9857,1.587889
-0.343018,0.607162,0.644379,0.95575,1.55475
-0.803908,0.650002,0.638041,0.926516,1.464548
-0.803908,0.392984,0.381327,0.905391,1.393272
-1.264798,0.264484,0.289417,0.8935,1.258159
-1.495243,0.478644,0.371819,0.8935,1.143477
-1.725688,0.350145,0.368649,0.8935,1.056108
-1.956133,0.435823,0.36548,0.899023,0.994013
-1.956133,0.307305,0.194337,0.909592,0.965617
-1.495243,-0.035372,0.029533,0.947243,0.895692
-1.495243,-0.292372,-0.312752,0.998625,0.814708
-1.725688,-0.37805,-0.401493,1.053498,0.729733
-1.725688,-0.463729,-0.487065,1.138975,0.660125
-1.956133,-0.934906,-1.003662,1.252885,0.634968
-2.417023,-0.977746,-1.010001,1.371483,0.626453
-1.034353,-1.191924,-1.162128,1.48803,0.626453
-0.573463,-1.106245,-1.155789,1.576888,0.626453
-0.573463,-1.149084,-1.070218,1.68192,0.657381
-0.112573,-0.977746,-0.978308,1.733091,0.739125
0.117872,-1.020585,-0.975138,1.780135,0.798835
0.578762,-0.635068,-0.626514,1.833907,0.859183
0.348318,-0.720728,-0.544112,1.874499,0.942714
0.578762,-0.163872,-0.198657,1.947384,1.117137
0.578762,-0.121033,-0.284229,1.959,1.242824
0.348318,0.178806,0.22603,1.959,1.390659
0.809207,0.307305,0.31794,1.958557,1.490229
0.578762,0.264484,0.314771,1.914054,1.621576
0.809207,0.307305,0.403512,1.856686,1.736568
1.039652,0.478644,0.492253,1.789741,1.827962
1.039652,0.778501,0.834538,1.677622,1.889689
1.039652,0.94984,1.005681,1.586997,1.928343
1.270097,0.864162,0.752136,1.490826,1.966179
1.270097,0.692823,0.752136,1.420609,1.97
1.039652,0.350145,0.406681,1.400321,1.97
1.270097,0.478644,0.40985,1.374164,1.97
1.039652,0.392984,0.406681,1.35658,1.969113
1.270097,0.264484,0.238708,1.351757,1.928843
1.270097,0.221645,0.238708,1.351402,1.893
1.500542,-0.035372,-0.100409,1.351402,1.893
1.500542,-0.292372,-0.271551,1.354896,1.87658
1.270097,-0.37805,-0.274721,1.378834,1.780163
1.500542,-0.463729,-0.528266,1.400652,1.657232
1.961432,-0.50655,-0.521927,1.429417,1.488436
1.500542,-0.763567,-0.613837,1.433,1.354343
1.500542,-0.934906,-0.956123,1.433,1.211912
1.500542,-0.849246,-0.613837,1.433,1.17202
1.270097,-0.549389,-0.531435,1.423569,1.050708
1.270097,-0.50655,-0.445864,1.398595,0.944534
1.270097,-0.50655,-0.531435,1.367921,0.874829
1.270097,-0.121033,-0.103578,1.312433,0.842477
0.809207,-0.249551,-0.281059,1.274646,0.842477
0.809207,-0.292372,-0.195488,1.224269,0.842477
0.809207,0.007467,0.061226,1.168176,0.850524
0.809207,0.135967,0.061226,1.105733,0.876829
0.578762,0.564323,0.742628,1.04474,0.940697
0.809207,0.82134,0.91694,0.993037,1.017518
0.348318,0.82134,0.82503,0.96375,1.051235
0.578762,0.864162,0.828199,0.913879,1.099782
0.117872,1.07834,1.078575,0.87177,1.136034
-0.112573,1.249679,1.33212,0.87,1.187508
-0.112573,1.635196,1.33212,0.87,1.216272
-0.112573,1.763714,1.759977,0.877835,1.242648
0.117872,1.763714,1.763146,0.913506,1.263451
-0.112573,1.763714,1.845548,0.960252,1.283203
0.117872,1.720874,1.763146,1.007926,1.286
-0.112573,1.678035,1.674405,1.045668,1.286
-0.343018,1.592375,1.414522,1.075096,1.286
0.117872,1.678035,1.592003,1.1084,1.2755
-0.112573,1.249679,1.246548,1.16375,1.247625
0.117872,1.07834,1.164146,1.22075,1.200875
-0.112573,1.164018,1.160977,1.289094,1.12573
1.039652,0.778501,0.834538,1.363846,1.027256
0.809207,0.692823,0.660226,1.405824,0.971191
0.809207,0.778501,0.745797,1.503425,0.903178
1.039652,0.778501,0.663395,1.589456,0.856098
1.039652,0.392984,0.32111,1.685811,0.813879
1.270097,0.221645,0.324279,1.798219,0.786661
1.270097,0.050306,0.067565,1.905397,0.785538
1.500542,0.135967,0.070734,2.001367,0.785538
1.270097,-0.078212,0.067565,2.085929,0.789278
1.270097,0.007467,-0.018007,2.143119,0.829841
1.500542,-0.035372,0.070734,2.1946,0.909
1.730988,-0.121033,-0.097239,2.231372,1.00083
1.500542,0.093127,0.070734,2.24275,1.129439
1.500542,-0.206711,-0.100409,2.24275,1.24822
1.039652,-0.035372,-0.021176,2.24275,1.369925
1.039652,-0.163872,-0.106747,2.223437,1.4727
1.039652,-0.292372,-0.363461,2.201113,1.524785
0.578762,-0.292372,-0.284229,2.169229,1.569802
0.578762,-0.50655,-0.3698,2.1025,1.6341
0.578762,-0.206711,-0.284229,2.00717,1.668302
0.578762,-0.078212,0.314771,1.9268,1.675541
0.348318,0.007467,-0.030684,1.826363,1.676
0.117872,0.221645,0.222861,1.694167,1.675875
-0.112573,0.650002,0.73312,1.546005,1.672541
-0.573463,0.692823,0.983496,1.446591,1.641642
-0.343018,0.478644,0.644379,1.309515,1.499487
-0.573463,0.564323,0.555639,1.192074,1.353954
-0.343018,0.778501,0.729951,1.094602,1.294632
-0.343018,0.907001,0.901094,0.998016,1.252161
-0.112573,1.164018,1.246548,0.908844,1.252161
-0.112573,1.421018,1.417691,0.807282,1.252161
0.117872,1.378196,1.420861,0.735857,1.26346
0.117872,1.506696,1.592003,0.688669,1.385746
0.348318,1.549535,1.595173,0.675227,1.573521
0.117872,1.720874,1.763146,0.675227,1.643968
0.348318,1.678035,1.680744,0.675227,1.644193
0.117872,1.763714,1.763146,0.679081,1.644193
0.348318,1.720874,1.680744,0.709259,1.64017
0.348318,1.635196,1.680744,0.778952,1.593915
0.348318,1.378196,1.338459,0.824254,1.57985
0.578762,1.549535,1.512771,0.885904,1.57985
0.348318,1.121179,1.252887,0.946108,1.57985
0.578762,1.07834,0.999342,0.999637,1.58257
0.578762,0.94984,0.913771,1.027373,1.608942
0.578762,0.778501,0.913771,1.0505,1.680477
0.809207,0.692823,0.660226,1.051963,1.750097
1.270097,0.564323,0.666565,1.051963,1.811978
1.270097,0.221645,0.238708,1.051722,1.825
1.270097,0.221645,0.238708,1.038284,1.825
1.039652,0.050306,0.149967,1.014858,1.8214
1.270097,-0.078212,-0.018007,0.98925,1.755125
1.039652,-0.463729,-0.363461,0.965777,1.691686
1.039652,-0.635068,-0.534604,0.957,1.66
1.039652,-0.50655,-0.534604,0.950396,1.582306
1.270097,-0.977746,-0.959292,0.921979,1.475304
1.039652,-1.106245,-1.133604,0.826599,1.398892
1.500542,-1.191924,-1.38398,0.818613,1.3085
1.730988,-1.448923,-1.38081,0.818613,1.162396
0.578762,-1.577441,-1.482228,0.81996,1.010229
0.348318,-1.534602,-1.570969,0.837922,0.886578
0.117872,-1.406102,-1.402995,0.896937,0.793058
-0.112573,-1.70594,-1.74845,0.920988,0.726124
-0.573463,-1.70594,-1.669218,1.026995,0.721
-0.803908,-1.83444,-1.757958,1.08793,0.721499
-0.803908,-1.577441,-1.586815,1.085,0.725495
-0.573463,-1.491762,-1.498075,1.085,0.742804
-0.112573,-1.149084,-1.149451,1.078718,0.820619
-0.112573,-1.063406,-1.149451,1.057825,0.919998
0.117872,-0.720728,-0.718424,1.0334,1.043709
0.348318,-0.720728,-0.629684,0.972307,1.137971
0.348318,-0.549389,-0.458541,0.923857,1.205429
0.578762,-0.121033,0.143628,0.878453,1.275008
0.578762,0.007467,0.058057,0.837893,1.382992
0.809207,0.050306,0.061226,0.814069,1.455223
0.348318,0.564323,0.568316,0.80256,1.484645
0.578762,0.650002,0.828199,0.80256,1.506509
0.809207,0.82134,0.574655,0.80256,1.532578
0.348318,0.992679,0.910602,0.803424,1.591532
0.809207,1.421018,1.344797,0.81605,1.637739
0.348318,1.249679,1.338459,0.84293,1.6744
0.578762,1.335357,1.427199,0.868015,1.679313
0.117872,1.421018,1.420861,0.898088,1.689612
0.117872,1.506696,1.420861,0.93125,1.696166
0.117872,1.164018,1.249718,0.981574,1.696075
-0.112573,1.335357,1.246548,1.030218,1.683465
-0.112573,1.506696,1.417691,1.059744,1.673
-0.112573,1.421018,1.417691,1.091072,1.642429
-0.573463,1.378196,1.325781,1.137756,1.592778
-0.112573,1.335357,1.33212,1.164315,1.529975
-0.112573,0.992679,1.075406,1.211625,1.40225
-0.573463,0.864162,0.812353,1.265031,1.261345
-0.573463,0.778501,0.64121,1.30815,1.123597
-1.034353,0.735662,0.720443,1.337113,1.009731
-1.264798,0.735662,0.717274,1.344375,0.907479
-1.264798,0.650002,0.631702,1.3445,0.820658
-1.495243,0.692823,0.542961,1.3445,0.764625
-1.264798,0.435823,0.460559,1.337223,0.759
-1.495243,0.007467,0.029533,1.308158,0.759
-1.495243,0.007467,-0.056038,1.269022,0.759
-1.495243,-0.206711,-0.14161,1.214035,0.770978
-1.264798,-0.163872,-0.13844,1.14954,0.779038
-1.264798,-0.720728,-0.73744,1.07587,0.802519
-0.803908,-1.320423,-1.330101,1.022854,0.85192
-0.573463,-1.577441,-1.498075,0.971438,0.913421
-0.343018,-1.577441,-1.580477,0.923578,0.970707
-0.573463,-1.74878,-1.754789,0.872893,1.006741
-0.803908,-1.962958,-1.757958,0.845329,1.033171
-0.343018,-1.83444,-1.837191,0.840263,1.069202
-0.343018,-1.74878,-1.837191,0.84,1.175265
-0.343018,-1.74878,-1.837191,0.84,1.2655
-0.112573,-1.74878,-1.74845,0.8431,1.363053
-0.343018,-1.491762,-1.494905,0.855025,1.456127
0.117872,-1.663101,-1.65971,0.878891,1.527112
0.578762,-1.791619,-1.824514,0.913429,1.610641
0.348318,-1.620262,-1.65654,0.969095,1.713173
-0.112573,-1.406102,-1.320593,1.020989,1.7781
-0.112573,-1.234745,-1.235022,1.079137,1.835855
-0.112573,-1.063406,-1.063879,1.117875,1.866
-0.112573,-1.234745,-1.063879,1.168949,1.894432
0.117872,-0.977746,-0.975138,1.254139,1.924478
-0.112573,-0.849246,-0.892736,1.350468,1.931278
-0.112573,-0.806407,-0.721594,1.446596,1.934328
-0.112573,-0.292372,-0.293737,1.531662,1.934328
-0.112573,0.050306,0.048549,1.602243,1.933545
-0.343018,0.307305,0.302094,1.682375,1.926229
-0.343018,0.221645,0.216522,1.7585,1.8991
-0.343018,0.564323,0.558808,1.791373,1.878833
-0.343018,0.692823,0.387665,1.819422,1.855605
0.117872,0.521484,0.565147,1.826,1.83811
0.117872,0.564323,0.565147,1.826,1.83
0.348318,0.692823,0.739459,1.826,1.82452
0.117872,1.035519,0.993004,1.801345,1.79122
0.348318,1.249679,1.252887,1.750034,1.756004
-0.112573,1.07834,1.160977,1.69064,1.729178
0.348318,1.249679,1.252887,1.624309,1.70387
0.578762,1.421018,1.341628,1.544177,1.676628
0.809207,1.249679,1.344797,1.441832,1.645887
0.809207,1.292518,1.259226,1.336629,1.601569
0.809207,0.907001,0.91694,1.24385,1.554721
0.809207,0.992679,1.002512,1.152897,1.504949
1.039652,0.82134,0.834538,1.087239,1.468103
1.039652,0.864162,0.834538,0.911041,1.43332
0.809207,0.992679,0.91694,0.865231,1.41099
1.039652,0.692823,0.663395,0.815121,1.345394
1.039652,0.564323,0.577824,0.753502,1.238026
1.500542,0.350145,0.41302,0.739,1.142099
1.270097,0.392984,0.40985,0.739,1.052099
1.500542,0.307305,0.327448,0.739,0.970828
1.270097,0.307305,0.324279,0.750828,0.906193
1.500542,0.050306,0.156306,0.89917,0.815109
1.730988,-0.078212,-0.011668,0.996983,0.736995
1.500542,-0.292372,-0.18598,1.095098,0.698913
1.730988,-0.292372,-0.182811,1.197763,0.676198
1.500542,-0.37805,-0.442694,1.311982,0.658378
1.270097,-0.592228,-0.531435,1.394571,0.654082
1.039652,-0.720728,-0.620176,1.487908,0.654082
0.809207,-0.720728,-0.794488,1.595658,0.654082
1.039652,-1.106245,-1.133604,1.702262,0.664616
1.039652,-1.191924,-1.133604,1.79975,0.704375
0.578762,-1.063406,-1.054371,1.861188,0.748784
0.348318,-0.892067,-0.800826,1.922603,0.808879
0.117872,-0.720728,-0.718424,1.957261,0.851374
0.117872,-0.37805,-0.46171,2.001486,0.945045
-0.343018,-0.37805,-0.382477,2.027659,1.05782
-0.343018,-0.249551,-0.296906,2.030554,1.182455
-0.343018,-0.121033,-0.125763,2.030554,1.285783
-0.343018,0.307305,0.216522,2.030366,1.402726
-0.343018,0.135967,0.130951,2.026773,1.553569
-0.803908,0.478644,0.466898,2.0117,1.696796
-0.343018,0.907001,0.815522,1.993102,1.79823
-0.573463,0.907001,0.897924,1.972378,1.862982
-0.573463,0.82134,0.726782,1.959823,1.906504
-1.264798,1.335357,1.230702,1.943997,1.940379
-1.495243,0.992679,0.970818,1.927461,1.964708
-1.264798,0.992679,1.059559,1.905625,1.98825
-1.264798,0.94984,0.973988,1.88415,2.010547
-1.264798,0.650002,0.631702,1.849741,2.044092
-1.264798,0.650002,0.631702,1.80002,2.077821
-1.495243,0.564323,0.628533,1.756498,2.089544
-1.264798,0.350145,0.374988,1.726896,2.089544
-1.495243,0.350145,0.286247,1.689725,2.089544
-1.495243,0.007467,0.029533,1.657803,2.083065
-1.264798,-0.163872,-0.13844,1.622746,2.057264
-1.725688,-0.078212,-0.23035,1.606,2.0264
-1.264798,-0.592228,-0.566297,1.593176,1.989834
-1.495243,-0.763567,-0.740609,1.569572,1.910837
-1.034353,-0.592228,-0.563128,1.554,1.847
-1.725688,-1.534602,-1.42835,1.551451,1.833192
-1.725688,-1.534602,-1.599493,1.531882,1.727194
-2.186578,-1.534602,-1.52026,1.53,1.717
-0.803908,-1.149084,-1.24453,1.53,1.717
-0.803908,-1.406102,-1.415673,1.507155,1.664836
-1.034353,-1.320423,-1.333271,1.4622,1.5608
0.117872,-1.149084,-1.231853,1.417779,1.466942
-0.112573,-1.106245,-0.807165,1.37287,1.39157
0.117872,-1.149084,-1.146281,1.287684,1.268231
0.117872,-0.934906,-0.889567,1.204656,1.173815
0.578762,-0.806407,-0.712086,1.118323,1.115229
0.348318,-0.335211,-0.458541,1.035528,1.107493
0.348318,-0.50655,-0.544112,0.980252,1.107493
0.348318,-0.163872,-0.201827,0.910673,1.108666
0.578762,-0.163872,-0.113086,0.871428,1.132558
0.809207,0.178806,0.061226,0.810231,1.20462
0.578762,-0.206711,-0.198657,0.756653,1.289678
0.578762,0.007467,-0.113086,0.723613,1.35599
1.039652,0.264484,0.235538,0.684131,1.464772
1.039652,0.350145,0.406681,0.668666,1.492794
1.039652,0.478644,0.492253,0.656241,1.498068
1.039652,0.307305,0.32111,0.655537,1.532269
1.270097,0.178806,0.238708,0.655537,1.623096
1.500542,0.135967,0.156306,0.655837,1.690269
1.270097,0.307305,0.324279,0.671552,1.707565
1.270097,0.307305,0.238708,0.705445,1.729303
1.270097,0.135967,0.153136,0.745398,1.742087
1.500542,0.007467,-0.014837,0.789949,1.796452
1.270097,-0.121033,-0.103578,0.85245,1.872544
1.730988,-0.335211,-0.182811,0.893459,1.8859
1.500542,-0.420889,-0.357123,0.975742,1.892313
1.500542,-0.463729,-0.442694,1.07321,1.893
1.500542,-0.849246,-0.870551,1.161571,1.886625
1.730988,-0.934906,-0.952953,1.229733,1.880751
1.270097,-1.106245,-1.130435,1.276546,1.85893
1.500542,-1.363263,-1.298408,1.311293,1.825787
1.500542,-1.191924,-1.212837,1.353443,1.75272
1.500542,-1.277584,-1.298408,1.356,1.748
1.270097,-0.934906,-0.959292,1.356,1.748
1.270097,-1.149084,-1.044863,1.363875,1.72025
1.270097,-1.063406,-1.130435,1.395257,1.580981
1.270097,-0.50655,-0.617006,1.417385,1.406071
0.809207,-0.763567,-0.794488,1.436009,1.239519
0.809207,-0.720728,-0.708916,1.459773,1.081386
0.578762,-0.335211,-0.284229,1.4949,0.935
0.809207,-0.206711,-0.281059,1.542999,0.78988
0.578762,0.178806,0.143628,1.593511,0.655807
0.578762,0.564323,0.571485,1.632976,0.592641
0.348318,0.735662,0.653887,1.661657,0.567803
0.578762,0.650002,0.571485,1.718957,0.534958
0.578762,0.735662,0.657057,1.792234,0.52
0.117872,0.907001,0.907432,1.855568,0.52
-0.343018,1.249679,1.243379,1.913754,0.5245
0.117872,1.421018,1.506432,1.978709,0.597032
0.117872,1.506696,1.506432,2.042499,0.690654
0.117872,1.592375,1.592003,2.091226,0.746917
0.578762,1.892213,1.940628,2.128628,0.839689
0.348318,1.892213,1.851887,2.162713,0.943356
0.117872,1.763714,1.763146,2.18925,1.03475
0.117872,1.678035,1.592003,2.204791,1.107553
0.117872,1.935053,1.848718,2.2135,1.189595
0.348318,1.763714,1.766315,2.2135,1.295286
0.348318,1.763714,1.680744,2.2135,1.414123
-0.112573,1.549535,1.588834,2.204556,1.518654
-0.343018,1.506696,1.585665,2.17786,1.60086
-0.112573,1.506696,1.503263,2.142854,1.664638
-0.343018,1.421018,1.500093,2.116798,1.692762
-0.343018,1.164018,1.157808,2.063043,1.729157
-0.573463,1.164018,1.154638,2.004307,1.733645
-0.343018,1.249679,1.243379,1.925693,1.733645
-0.112573,1.206858,1.246548,1.875893,1.733607
-0.573463,0.992679,0.983496,1.796693,1.724989
-1.034353,0.907001,0.891586,1.713,1.71
-1.495243,0.692823,0.628533,1.615441,1.695233
-1.725688,0.82134,0.796506,1.505243,1.682835
-1.495243,0.82134,0.714104,1.405825,1.667055
-1.956133,0.864162,0.793337,1.304905,1.598744
-2.417023,0.778501,0.701427,1.213142,1.587
-1.956133,0.82134,0.707766,1.130935,1.587
-1.495243,0.864162,0.799676,1.0906,1.587
-1.956133,0.907001,0.793337,1.051,1.587
-1.725688,0.82134,0.796506,1.014497,1.601774
-1.264798,0.864162,0.888416,0.930159,1.647661
-1.264798,0.735662,0.717274,0.868618,1.6695
-1.034353,0.992679,0.891586,0.848,1.67139
-1.034353,0.907001,0.977157,0.829523,1.67202
-0.803908,0.992679,1.065898,0.802541,1.669557
-1.034353,1.035519,1.062728,0.79859,1.642411
-0.112573,1.249679,1.246548,0.79859,1.583602
0.117872,1.292518,1.249718,0.810015,1.526265
-1.034353,0.907001,0.891586,0.891362,1.482377
-0.573463,0.778501,0.812353,0.949213,1.482377
-0.112573,0.564323,0.647549,1.014063,1.490765
-0.573463,0.607162,0.555639,1.079453,1.531651
-0.573463,0.307305,0.384496,1.148699,1.677312
-0.112573,0.264484,0.219692,1.200653,1.767804
-0.573463,0.221645,0.298925,1.229055,1.895082
-1.034353,-0.035372,-0.0497,1.232,2.028871
-1.495243,-0.249551,-0.227181,1.232,2.081262
-1.264798,-0.635068,-0.651869,1.2312,2.081887
-1.264798,-0.50655,-0.480726,1.21479,2.081887
-1.034353,-0.635068,-0.563128,1.186058,2.069651
-1.495243,-1.063406,-1.082895,1.149756,1.986933
-1.264798,-1.106245,-1.079726,1.114328,1.893516
-1.725688,-1.491762,-1.513921,1.076934,1.781188
-0.803908,-1.620262,-1.757958,1.029942,1.665182
-0.803908,-2.219957,-2.185815,1.019833,1.632979
-0.573463,-2.005779,-2.097074,1.00126,1.549246
-0.573463,-2.434135,-2.353789,0.857203,1.463433
-0.343018,-2.434135,-2.350619,0.842729,1.430012
-1.034353,-2.005779,-1.93227,0.823382,1.344488
-0.573463,-1.791619,-1.84036,0.777163,1.225951
-1.034353,-1.620262,-1.589985,0.738598,1.131445
-1.034353,-1.234745,-1.333271,0.715579,1.048285
-1.034353,-1.063406,-1.076556,0.714105,0.945323
-0.803908,-1.063406,-0.987816,0.714105,0.849679
-0.573463,-0.635068,-0.727932,0.734784,0.763076
-0.343018,-0.463729,-0.468049,0.787895,0.684628
-0.573463,-0.549389,-0.556789,0.803022,0.63243
-0.803908,-0.292372,-0.303245,0.861849,0.579632
-0.803908,-0.37805,-0.388816,0.937575,0.546603
-0.803908,-0.37805,-0.388816,1.026242,0.519869
-0.803908,-0.463729,-0.474387,1.087552,0.50536
-1.264798,-0.335211,-0.395155,1.179294,0.488619
-0.573463,-0.206711,-0.214504,1.313133,0.464817
-0.112573,-0.37805,-0.379308,1.389975,0.44544
0.117872,-0.249551,-0.290567,1.49875,0.426137
-0.112573,-0.37805,-0.379308,1.620884,0.423298
0.117872,0.221645,-0.290567,1.741703,0.423494
0.348318,0.050306,0.054888,1.8578,0.423691
0.117872,-0.035372,0.051718,1.953127,0.425305
0.578762,0.392984,0.400342,2.049783,0.434057
0.578762,0.564323,0.571485,2.134382,0.451474
0.117872,0.907001,0.821861,2.194498,0.478443
0.578762,0.82134,0.828199,2.216231,0.501722
0.578762,0.864162,0.913771,2.216231,0.520919
0.809207,0.992679,1.088083,2.216231,0.531224
0.809207,1.164018,1.173654,2.215548,0.53595
1.039652,1.164018,1.262395,2.179126,0.538666
1.039652,1.07834,1.005681,2.113734,0.544227
1.039652,1.07834,1.091252,2.027291,0.554933
0.809207,0.864162,0.91694,1.967532,0.565657
1.039652,0.692823,0.748967,1.874468,0.584367
1.039652,0.692823,0.748967,1.763681,0.612611
1.039652,0.692823,0.663395,1.647769,0.653198
1.039652,0.607162,0.663395,1.545625,0.704219
1.039652,0.650002,0.577824,1.4852,0.7587
1.039652,0.564323,0.492253,1.43775,0.792781
1.270097,0.392984,0.40985,1.435,0.818688
1.270097,0.307305,0.324279,1.435,0.8466
1.270097,0.350145,0.40985,1.435677,0.864862
1.039652,0.350145,0.149967,1.46561,0.900726
0.809207,0.392984,0.489083,1.503875,0.923625
0.809207,0.478644,0.489083,1.5534,0.9419
0.578762,0.050306,0.143628,1.587254,0.947988
0.348318,0.221645,0.22603,1.670035,0.981212
0.578762,0.350145,0.400342,1.739381,1.024142
0.117872,0.307305,0.308432,1.816339,1.068877
-0.343018,0.521484,0.558808,1.904301,1.121375
-0.343018,0.564323,0.473237,1.971096,1.188253
-0.112573,0.221645,0.219692,2.071199,1.26466
-0.803908,0.178806,0.210184,2.161168,1.375768
-1.034353,0.264484,0.207015,2.218073,1.474752
-1.956133,-0.206711,-0.23352,2.251444,1.547424
-1.725688,-0.206711,-0.315922,2.26,1.621832
-1.495243,-0.335211,-0.312752,2.26,1.672593
-0.573463,-0.934906,-0.899075,2.26,1.72
-0.573463,-1.191924,-1.070218,2.245113,1.770087
-0.573463,-0.977746,-0.899075,2.209268,1.857362
-0.803908,-1.020585,-1.073387,2.156092,1.915296
-0.803908,-0.892067,-0.816673,2.108962,1.933506
-0.343018,-0.592228,-0.810334,2.061758,1.937
0.117872,-0.635068,-0.547281,2.04025,1.937
0.117872,-0.806407,-0.632853,1.999367,1.9364
0.578762,-0.549389,-0.626514,1.96625,1.915946
0.348318,-0.37805,-0.372969,1.93217,1.83562
0.578762,-0.549389,-0.455371,1.907399,1.72526
0.578762,-0.035372,0.058057,1.878878,1.608137
0.578762,0.093127,0.143628,1.862,1.490975
0.348318,0.307305,0.311602,1.862,1.44
0.578762,0.435823,0.400342,1.859506,1.44
0.348318,0.264484,0.311602,1.844116,1.44
0.809207,0.778501,0.745797,1.83625,1.452693
0.809207,0.735662,0.745797,1.83625,1.47304
1.039652,0.82134,0.920109,1.827875,1.49355
1.039652,0.992679,1.005681,1.788613,1.505
1.039652,0.94984,1.005681,1.727872,1.505
1.039652,1.035519,1.005681,1.635375,1.505
1.039652,0.992679,1.005681,1.528693,1.49991
1.039652,0.907001,0.834538,1.421245,1.447301
1.039652,0.864162,0.834538,1.2861,1.290409
1.039652,0.94984,1.005681,1.184375,1.181817
1.039652,0.82134,0.834538,1.103229,1.150953
1.039652,0.907001,0.920109,1.030934,1.123026
1.039652,0.992679,0.920109,0.984858,1.107
1.039652,0.992679,0.920109,0.935941,1.107
1.039652,0.907001,0.920109,0.883947,1.107
1.039652,0.992679,0.920109,0.821676,1.14334
1.039652,0.94984,1.005681,0.766467,1.288813
1.039652,0.94984,0.920109,0.7297,1.3508
1.039652,0.992679,1.005681,0.715724,1.382695
0.809207,0.864162,0.91694,0.703803,1.433362
1.270097,1.07834,1.094422,0.701059,1.489648
1.039652,0.864162,0.920109,0.701059,1.507993
1.039652,0.992679,1.005681,0.701059,1.561714
0.809207,1.121179,1.002512,0.717103,1.609734
1.039652,0.992679,1.005681,0.746509,1.626
1.039652,0.94984,0.920109,0.812279,1.626
1.500542,1.121179,0.926448,0.854117,1.626
1.039652,1.292518,1.262395,0.884116,1.626
1.270097,0.992679,1.00885,0.92267,1.612348
1.039652,1.035519,0.920109,0.966375,1.58831
1.039652,1.164018,1.176824,1.0026,1.5473
1.039652,1.164018,1.176824,1.031,1.508
1.039652,1.292518,1.347966,1.082752,1.433057
1.039652,1.206858,1.176824,1.144091,1.309172
0.809207,1.035519,1.002512,1.213914,1.209069
1.039652,1.249679,1.176824,1.315324,1.117304
1.270097,1.164018,1.265564,1.377875,1.070792
1.039652,0.94984,0.920109,1.482247,1.007097
1.039652,1.07834,1.005681,1.586842,0.951262
1.039652,0.992679,1.005681,1.701229,0.930583
1.039652,0.907001,1.005681,1.788776,0.930583
1.039652,0.94984,1.005681,1.878163,0.930583
1.039652,0.992679,1.005681,1.959353,0.944689
1.039652,1.07834,1.091252,2.017185,0.992663
1.039652,1.07834,0.920109,2.046366,1.055737
1.039652,1.121179,0.920109,2.053,1.131937
1.039652,0.992679,1.091252,2.053,1.252063
0.809207,0.907001,0.91694,2.053,1.358246
1.039652,0.907001,0.920109,2.040578,1.432901
1.039652,0.82134,0.920109,1.996703,1.514803
0.809207,0.907001,0.91694,1.935929,1.589657
1.039652,0.907001,0.834538,1.865839,1.617664
0.809207,0.992679,0.91694,1.812412,1.617664
1.039652,0.864162,0.834538,1.763962,1.612666
1.039652,0.735662,0.834538,1.651448,1.60945
0.809207,0.82134,0.745797,1.56995,1.604847
1.039652,0.650002,0.577824,1.506387,1.591039
1.039652,0.735662,0.663395,1.452125,1.576375
1.039652,0.82134,0.834538,1.3959,1.5564
0.809207,0.864162,0.831369,1.295902,1.522399
0.809207,0.992679,0.91694,1.182975,1.498354
1.039652,0.907001,0.834538,1.078897,1.485216
1.039652,0.992679,1.005681,0.975263,1.474566
1.039652,1.206858,1.262395,0.8936,1.462681
1.270097,1.07834,1.00885,0.812428,1.46
