0.578333,-1.224331,1.057063,0.312153,0.72305
0.578333,1.09147,1.057063,0.377893,0.877849
0.578333,1.050838,0.975868,0.451852,1.051999
0.578333,0.969591,1.057063,0.52581,1.226148
0.578333,1.050838,1.057063,0.562676,1.317661
0.578333,1.050838,1.057063,0.556409,1.306115
0.578333,1.335245,1.300647,0.553175,1.295299
1.006597,1.37586,1.387857,0.55265,1.293652
1.220729,1.904042,2.608785,0.552925,1.293652
0.792464,1.050838,1.141265,0.555995,1.293874
0.578333,1.172734,1.138258,0.557407,1.299332
0.3642,1.050838,1.135251,0.557814,1.303684
0.3642,1.172734,1.135251,0.557914,1.3089
0.792464,1.294613,1.384849,0.560895,1.3135
0.3642,1.050838,1.135251,0.564448,1.31804
0.578333,1.09147,1.138258,0.569185,1.325984
0.792464,1.37586,1.384849,0.571375,1.336091
0.578333,1.050838,1.138258,0.576559,1.366038
0.578333,0.969591,0.975868,0.590409,1.403146
0.792464,0.969591,0.978876,0.609388,1.455069
0.578333,0.807081,0.894674,0.628375,1.518125
1.006597,0.847695,0.819493,0.642831,1.596346
0.792464,0.360163,0.410512,0.650746,1.681824
0.792464,0.766449,0.735291,0.652075,1.764591
0.792464,0.522674,0.491707,0.654557,1.85064
1.006597,0.278916,0.332325,0.661231,1.925067
1.006597,0.360163,0.332325,0.6735,2.0073
1.220729,0.116388,0.091748,0.699875,2.09425
1.220729,0.116388,0.091748,0.737486,2.16643
1.648994,-0.005491,-0.064627,0.829375,2.244351
1.434861,-0.289881,-0.230024,0.922328,2.300486
1.434861,-0.452391,-0.473608,1.022365,2.338775
1.434861,-0.655534,-0.717193,1.140153,2.369115
1.220729,-0.77743,-0.801395,1.232364,2.370365
1.220729,-0.77743,-0.7202,1.354424,2.370365
0.792464,-1.305595,-1.294578,1.498871,2.370273
0.792464,-1.386842,-1.456967,1.586014,2.357127
0.792464,-1.793128,-1.781746,1.660138,2.319342
-0.064064,-1.915006,-1.793775,1.784148,2.256683
-0.492329,-1.99627,-1.962179,1.908322,2.188078
-0.706461,-1.874374,-1.965186,2.009006,2.115157
-1.134725,-1.630617,-1.727616,2.12422,2.00698
-1.348857,-1.468106,-1.811818,2.208329,1.883071
-1.348857,-1.34621,-1.243455,2.259398,1.768373
-1.56299,-1.06182,-1.165267,2.307965,1.638442
-1.991254,-1.102452,-1.171282,2.338744,1.511426
-1.56299,-0.574288,-0.515709,2.340406,1.379666
-1.56299,-0.411777,-0.515709,2.340406,1.243806
-1.56299,-0.289881,-0.35332,2.334925,1.136056
-1.56299,-0.208634,-0.19093,2.300675,1.001783
-1.56299,0.116388,0.052654,2.250955,0.916177
-1.991254,0.116388,0.371419,2.192763,0.842519
-1.777122,0.400795,0.455621,2.129605,0.7807
-1.56299,0.563306,0.458628,2.046954,0.728549
-1.56299,0.441427,0.458628,1.947922,0.692789
-1.56299,0.563306,0.539823,1.830385,0.662316
-1.348857,0.64457,0.624024,1.726832,0.650745
-1.348857,0.807081,0.786414,1.630332,0.648656
-0.920593,1.050838,1.036013,1.524069,0.648656
-1.134725,1.010223,1.033005,1.448046,0.648656
-0.920593,1.457124,1.441986,1.353496,0.663485
-0.492329,1.335245,1.366806,1.237808,0.716165
-0.064064,1.538388,1.53521,1.16354,0.767944
-0.064064,1.37586,1.372821,1.084427,0.846232
-0.278197,1.294613,1.288619,1.026942,0.921746
-0.064064,1.335245,1.372821,0.966605,1.012365
0.3642,1.09147,1.135251,0.903986,1.10771
0.3642,1.050838,1.054056,0.837476,1.210958
-0.064064,1.050838,1.048042,0.800796,1.331114
0.792464,0.847695,0.816486,0.7795,1.450125
0.578333,0.482042,0.4887,0.773,1.563861
0.792464,0.482042,0.491707,0.773,1.672295
1.006597,0.278916,0.25113,0.773,1.768059
1.006597,-0.046123,0.007546,0.781356,1.883971
1.220729,-0.086738,-0.070642,0.815375,1.980875
1.220729,-0.046123,-0.070642,0.878317,2.060076
1.434861,-0.289881,-0.230024,0.949715,2.133706
1.006597,-0.411777,-0.317233,1.015092,2.183363
1.220729,-0.614902,-0.55781,1.0989,2.231306
1.220729,-0.574288,-0.55781,1.170798,2.265589
1.006597,-0.899309,-0.885597,1.255354,2.300417
1.006597,-1.021188,-1.047986,1.347293,2.327975
1.006597,-1.183699,-1.129181,1.42476,2.3441
0.578333,-1.34621,-1.297585,1.517949,2.348
1.006597,-1.468106,-1.45396,1.596582,2.348
0.792464,-1.589985,-1.538162,1.668046,2.3466
0.150068,-1.711864,-1.709573,1.769558,2.333204
-0.706461,-2.118149,-2.127576,1.88131,2.284216
-0.706461,-1.83376,-1.721602,1.974695,2.220486
-0.706461,-1.874374,-1.721602,2.047867,2.158519
-1.348857,-1.224331,-1.243455,2.120941,2.061645
-1.348857,-1.224331,-1.243455,2.177655,1.954313
-1.134725,-0.939941,-0.996863,2.224152,1.847051
-1.56299,-0.614902,-0.515709,2.238,1.738654
-1.777122,-0.493023,-0.518717,2.238,1.603164
-1.56299,-0.452391,-0.515709,2.238,1.499442
-1.348857,-0.411777,-0.431507,2.237625,1.41275
-1.348857,-0.574288,-0.593897,2.207448,1.347512
-1.56299,-0.452391,-0.434515,2.146244,1.307178
-1.348857,-0.371145,-0.431507,2.076519,1.299
-1.134725,-0.330513,-0.347305,1.992543,1.299
-0.920593,-0.249249,-0.181909,1.908088,1.299
-0.706461,-0.249249,-0.260096,1.796922,1.305176
-0.706461,0.116388,0.145878,1.665,1.3355
-0.492329,-0.046123,-0.094699,1.543349,1.367347
0.150068,0.035141,0.076712,1.427425,1.393128
0.3642,0.441427,0.404498,1.32516,1.425392
0.578333,0.319531,0.32631,1.215747,1.465741
0.792464,0.319531,0.491707,1.108343,1.50944
0.792464,0.563306,0.572902,1.006146,1.557234
0.792464,0.400795,0.410512,0.929673,1.600891
1.006597,0.441427,0.657104,0.873195,1.65823
1.006597,0.441427,0.332325,0.843341,1.726524
1.220729,0.075773,0.091748,0.843121,1.788655
1.220729,-0.086738,-0.070642,0.843121,1.86805
1.220729,-0.086738,0.010553,0.847555,1.929943
1.006597,-0.12737,-0.073649,0.942716,1.98919
1.006597,-0.168002,-0.236038,1.041211,2.038948
0.792464,-0.249249,-0.157851,1.109085,2.065953
1.006597,-0.371145,-0.398428,1.173938,2.105113
0.792464,-0.696166,-0.645019,1.2563,2.147089
0.792464,-0.939941,-0.888604,1.352387,2.171683
1.006597,-1.021188,-0.966791,1.44846,2.1735
1.006597,-1.06182,-1.129181,1.511625,2.1735
0.792464,-1.34621,-1.375772,1.5748,2.170002
0.578333,-1.386842,-1.378779,1.664954,2.148187
-1.134725,-1.427474,-1.402837,1.774314,2.107458
-1.348857,-1.34621,-1.32465,1.885102,2.033012
-1.134725,-1.021188,-1.078058,1.970115,1.947375
-0.920593,-1.102452,-0.912661,2.049423,1.849771
-1.56299,-0.574288,-0.596904,2.126117,1.72924
-1.56299,-0.168002,-0.19093,2.175,1.61632
-1.777122,-0.208634,-0.275132,2.181,1.512821
-1.56299,-0.289881,-0.272125,2.181,1.393806
-1.56299,-0.005491,-0.028541,2.180862,1.284858
-1.134725,-0.005491,-0.022526,2.168805,1.197218
-1.134725,0.360163,0.383447,2.1319,1.115273
-1.134725,0.563306,0.464642,2.08075,1.044871
-0.920593,0.522674,0.548844,2.000603,0.978996
-0.706461,0.522674,0.551851,1.929032,0.925804
-0.920593,0.928959,0.873623,1.853002,0.889212
-0.492329,0.888327,0.879638,1.756174,0.867314
-0.706461,0.888327,0.87663,1.667645,0.86
-0.492329,1.050838,1.042027,1.573549,0.86
-0.278197,0.807081,0.720255,1.484442,0.86
-0.064064,0.807081,0.885652,1.387523,0.862186
0.150068,0.725817,0.807464,1.284332,0.90709
-0.064064,0.888327,0.885652,1.193612,0.965246
0.150068,0.603938,0.56388,1.101545,1.051005
0.3642,0.603938,0.566887,1.03505,1.138981
0.3642,0.563306,0.566887,0.9789,1.2389
0.578333,0.563306,0.4887,0.934908,1.341725
0.792464,0.319531,0.329318,0.907029,1.444998
0.3642,0.278916,0.242108,0.903764,1.563238
0.792464,0.075773,0.166928,0.903764,1.67172
0.792464,0.116388,0.085733,0.904714,1.789254
0.792464,-0.289881,-0.239046,0.918415,1.894574
1.220729,-0.493023,-0.395421,0.942416,1.968908
1.006597,-0.289881,-0.317233,0.971669,2.087156
1.434861,-0.655534,-0.554803,1.003717,2.194034
1.434861,-0.696166,-0.554803,1.081528,2.274966
1.434861,-0.939941,-0.960777,1.12693,2.343511
1.434861,-0.939941,-0.960777,1.173943,2.389841
1.434861,-1.549353,-1.52914,1.229081,2.398
1.434861,-1.549353,-1.52914,1.296254,2.398
1.006597,-1.508721,-1.45396,1.361075,2.3965
0.792464,-1.305595,-1.375772,1.440061,2.369606
0.150068,-1.549353,-1.465989,1.49532,2.306903
0.150068,-1.427474,-1.465989,1.546522,2.230826
-0.064064,-1.427474,-1.387801,1.594375,2.154625
0.150068,-1.143067,-1.14121,1.656271,2.060965
-0.064064,-1.183699,-1.225412,1.706643,2.006972
-0.278197,-0.980556,-0.74125,1.748601,1.943809
-0.706461,-0.736798,-0.828459,1.803917,1.853347
-0.920593,-0.899309,-0.912661,1.845787,1.781306
-0.492329,-0.980556,-1.069037,1.893019,1.693841
-1.348857,-0.696166,-0.593897,1.944429,1.601398
-1.134725,-0.330513,-0.266111,1.995641,1.513436
-1.134725,-0.249249,-0.266111,2.045152,1.409193
-0.920593,-0.046123,0.14287,2.061312,1.290024
-1.348857,0.075773,0.055661,2.061312,1.196326
-1.56299,0.197652,0.133849,2.061312,1.082691
-1.777122,0.522674,0.455621,2.054987,0.983939
-1.56299,0.64457,0.539823,2.023928,0.895951
-1.348857,0.522674,0.461635,1.981586,0.822884
-1.134725,0.603938,0.545837,1.917667,0.754379
-0.920593,0.603938,0.630039,1.835798,0.697315
-1.348857,1.050838,1.029998,1.743436,0.666479
-1.134725,0.969591,1.033005,1.644883,0.664
-0.920593,1.050838,1.036013,1.57062,0.664
-0.920593,1.050838,1.036013,1.486,0.665625
-0.920593,1.09147,1.036013,1.420361,0.686945
-0.706461,1.010223,0.957825,1.347947,0.732057
-0.278197,0.928959,0.96384,1.293129,0.787184
-0.492329,0.888327,0.879638,1.219448,0.879856
-0.492329,1.213349,0.879638,1.149601,0.976922
-0.064064,1.010223,0.966847,1.107514,1.060862
-0.278197,1.09147,1.045034,1.062442,1.137707
-0.064064,0.685185,0.723263,1.02195,1.229555
0.150068,0.563306,0.56388,0.985348,1.334375
0.3642,0.563306,0.648082,0.968143,1.435641
0.150068,0.482042,0.401491,0.968143,1.537844
0.3642,0.319531,0.323303,0.968143,1.646595
0.3642,0.116388,0.242108,0.996521,1.75074
0.578333,0.15702,0.163921,1.034599,1.847295
0.578333,-0.086738,0.001531,1.066064,1.938602
0.792464,-0.249249,-0.32024,1.102492,2.029716
1.006597,-0.249249,-0.317233,1.163165,2.121018
1.006597,-0.574288,-0.479623,1.229908,2.182346
1.220729,-0.614902,-0.639005,1.306173,2.228355
1.220729,-0.818045,-0.882589,1.371824,2.257605
1.006597,-1.06182,-0.966791,1.4223,2.266493
1.220729,-1.021188,-1.126174,1.505359,2.266493
1.220729,-1.224331,-1.044979,1.58568,2.266493
0.578333,-1.630617,-1.541169,1.679209,2.262398
0.3642,-1.589985,-1.625371,1.76105,2.226259
0.150068,-1.711864,-1.709573,1.839404,2.179033
-0.492329,-1.793128,-1.799789,1.901529,2.133436
-0.706461,-1.793128,-1.802797,1.953283,2.082446
-0.920593,-1.711864,-1.643414,2.011222,2.001089
-1.134725,-1.34621,-1.240448,2.062088,1.899309
-0.920593,-1.143067,-1.156246,2.096647,1.780857
-1.348857,-0.696166,-0.350313,2.099411,1.664726
-1.777122,-0.614902,-0.681106,2.099411,1.563154
-1.56299,-0.452391,-0.515709,2.099411,1.45387
-1.56299,-0.452391,-0.434515,2.088081,1.354808
-1.134725,-0.168002,-0.184916,2.065606,1.232764
-1.134725,-0.046123,-0.266111,2.012033,1.14075
-1.348857,0.075773,0.136856,1.951735,1.06941
-0.492329,0.197652,0.23008,1.881867,1.008497
-0.920593,0.400795,0.467649,1.808184,0.955562
-1.348857,0.603938,0.54283,1.735137,0.900056
-0.920593,0.64457,0.630039,1.672487,0.862329
-0.706461,0.928959,0.87663,1.571584,0.8505
-0.706461,0.928959,0.87663,1.496146,0.8505
-0.706461,0.969591,0.87663,1.423877,0.8505
-0.278197,0.888327,0.882645,1.361955,0.853412
-0.064064,0.969591,0.966847,1.292875,0.872172
-0.064064,0.969591,0.966847,1.21085,0.908956
-0.064064,0.969591,0.885652,1.11496,0.966083
-0.064064,0.888327,0.885652,1.052574,1.019104
-0.064064,0.847695,0.804457,0.98461,1.096663
0.3642,0.766449,0.810472,0.92281,1.172974
-0.064064,0.807081,0.804457,0.865105,1.236959
0.3642,0.807081,0.810472,0.828035,1.279647
0.578333,0.807081,0.813479,0.796152,1.314578
0.578333,0.238284,0.245116,0.777502,1.335706
0.578333,0.15702,0.245116,0.7765,1.340525
0.578333,0.888327,0.975868,0.7765,1.353092
0.150068,0.928959,0.807464,0.776748,1.373019
0.3642,0.522674,0.810472,0.789254,1.40569
0.150068,0.64457,0.645075,0.811869,1.455656
0.3642,0.482042,0.485693,0.832871,1.510073
0.3642,0.278916,0.242108,0.857003,1.590781
0.792464,0.360163,0.329318,0.874516,1.680841
0.792464,0.15702,0.085733,0.938714,1.787371
0.792464,-0.005491,0.085733,1.041155,1.900064
1.006597,-0.168002,-0.154844,1.151704,1.988741
1.006597,-0.208634,-0.236038,1.210805,2.084238
1.220729,-0.452391,-0.476616,1.253338,2.17924
0.792464,-0.614902,-0.726214,1.295031,2.261516
1.220729,-0.858677,-0.882589,1.344488,2.338119
1.220729,-1.102452,-1.126174,1.374587,2.416047
1.220729,-1.224331,-1.207368,1.394358,2.462525
1.220729,-1.386842,-1.369758,1.407046,2.48875
1.434861,-1.630617,-1.366751,1.435486,2.525684
0.792464,-1.752496,-1.781746,1.486784,2.55
0.578333,-1.83376,-1.865948,1.5716,2.551
-0.278197,-1.955638,-1.959172,1.666024,2.551
-0.492329,-2.443171,-2.449347,1.741197,2.544503
-0.706461,-2.361924,-2.37116,1.82425,2.508467
-1.134725,-1.793128,-1.808811,1.896158,2.470097
-1.134725,-1.711864,-1.808811,1.984187,2.397416
-1.134725,-1.549353,-1.484032,2.058168,2.317282
-1.134725,-1.427474,-1.402837,2.102216,2.247213
-1.777122,-1.183699,-1.249469,2.151642,2.151119
-1.56299,-1.06182,-1.246462,2.191358,2.035802
-1.56299,-0.818045,-0.840488,2.232894,1.90607
-1.777122,-0.330513,-0.356327,2.2745,1.8023
-1.348857,-0.411777,-0.431507,2.27975,1.679797
-1.348857,0.075773,-0.025534,2.27975,1.55845
-1.56299,-0.046123,-0.028541,2.27975,1.449949
-1.56299,0.035141,-0.028541,2.263549,1.311675
-1.134725,0.319531,-0.022526,2.232573,1.227161
-1.348857,-0.005491,-0.025534,2.202344,1.184394
-1.348857,-0.086738,-0.106728,2.154827,1.136085
-1.134725,0.035141,-0.022526,2.098,1.113226
-0.920593,0.238284,0.224065,2.066721,1.113226
-0.492329,0.238284,0.23008,1.962961,1.113226
-0.064064,0.15702,0.154899,1.858319,1.126013
-0.064064,0.075773,0.073704,1.758358,1.186796
-0.278197,0.319531,0.151892,1.661422,1.258315
0.3642,0.15702,0.160914,1.5631,1.3273
-0.064064,0.075773,0.073704,1.446313,1.40211
0.792464,0.075773,0.085733,1.323756,1.477073
1.006597,0.319531,0.332325,1.222727,1.552341
0.792464,0.319531,0.410512,1.140363,1.612451
0.792464,0.319531,0.329318,1.041278,1.652563
0.792464,0.400795,0.410512,0.958842,1.658
0.792464,0.441427,0.491707,0.890107,1.658
0.3642,0.482042,0.566887,0.853,1.658
0.3642,0.807081,0.810472,0.845,1.626322
0.3642,0.725817,0.810472,0.845,1.563538
0.150068,0.888327,0.888659,0.845,1.486636
0.150068,1.09147,0.888659,0.853718,1.410404
-0.278197,1.579003,1.613398,0.89825,1.329375
-0.492329,1.294613,1.61039,0.943903,1.238003
-0.492329,1.09147,1.042027,0.990875,1.153629
-0.278197,0.969591,0.96384,1.045725,1.081656
-0.920593,0.563306,0.548844,1.078938,1.038167
-0.920593,0.319531,0.30526,1.134971,0.975779
-0.920593,0.482042,0.386455,1.204413,0.927245
-1.134725,0.197652,0.139863,1.27923,0.905707
-1.348857,0.238284,0.218051,1.356069,0.905109
-1.56299,-0.005491,-0.028541,1.44831,0.905109
-1.348857,-0.086738,-0.106728,1.547752,0.905109
-1.134725,-0.493023,-0.4285,1.643716,0.921408
-1.134725,-0.452391,-0.509695,1.736656,0.949292
-0.920593,-0.614902,-0.669077,1.8218,0.989825
-0.706461,-0.818045,-0.747265,1.884695,1.039776
-0.920593,-1.102452,-0.993856,1.92702,1.090557
-0.492329,-1.630617,-1.6374,1.946525,1.125981
-0.706461,-1.386842,-1.396823,1.947,1.182207
-0.492329,-1.34621,-1.312621,1.947,1.274754
-0.492329,-1.143067,-1.231426,1.947,1.390757
0.578333,-1.06182,-1.054,1.939352,1.500099
0.792464,-1.224331,-1.213383,1.901059,1.637686
1.006597,-1.183699,-1.210376,1.856455,1.757496
1.006597,-1.06182,-1.047986,1.813011,1.856645
1.006597,-1.102452,-1.047986,1.753458,1.956612
1.220729,-0.655534,-0.639005,1.693018,2.019506
1.220729,-0.533656,-0.476616,1.61811,2.07912
1.434861,-0.249249,-0.148829,1.529875,2.12775
1.434861,-0.249249,-0.230024,1.439127,2.159186
1.220729,-0.289881,-0.314226,1.357728,2.176518
1.434861,-0.168002,-0.148829,1.282774,2.184477
1.220729,-0.12737,-0.070642,1.222216,2.1875
1.220729,-0.249249,-0.233031,1.152369,2.18775
0.792464,-0.208634,-0.157851,1.078988,2.18775
0.792464,0.075773,0.085733,1.02075,2.178562
0.792464,0.15702,0.085733,0.974835,2.138694
0.578333,0.482042,0.407505,0.950269,2.099379
0.578333,0.441427,0.4887,0.932491,2.066114
0.578333,0.807081,0.813479,0.906843,2.010551
0.792464,0.928959,0.978876,0.901968,1.916666
0.150068,0.603938,0.56388,0.901968,1.819119
-0.064064,0.807081,0.723263,0.901968,1.705805
-0.064064,1.213349,1.291626,0.907875,1.602625
-0.278197,1.09147,1.045034,0.917304,1.519957
-0.706461,1.132102,1.120215,0.922315,1.474738
-0.278197,1.132102,0.96384,0.942164,1.334585
-0.706461,0.807081,0.795436,0.977625,1.20425
-0.706461,0.807081,0.795436,1.028068,1.086582
-0.492329,0.888327,0.960832,1.098485,0.971577
-0.920593,0.969591,1.036013,1.171375,0.879375
-1.348857,0.888327,0.867609,1.242349,0.810737
-1.134725,0.888327,0.789421,1.328235,0.750208
-1.348857,0.685185,0.624024,1.427665,0.734
-1.134725,0.603938,0.545837,1.522386,0.734
-1.348857,0.319531,0.299245,1.615602,0.734
-1.777122,0.238284,0.130842,1.6988,0.7516
-1.777122,0.075773,0.212036,1.778869,0.798313
-1.348857,-0.005491,-0.025534,1.841604,0.854041
-1.348857,-0.208634,-0.269118,1.906083,0.925776
-1.348857,-0.330513,-0.350313,1.960439,1.00183
-0.920593,-0.533656,-0.587882,1.993963,1.117597
-0.920593,-0.736798,-0.669077,2.006,1.214703
-1.134725,-0.614902,-0.753279,2.006,1.331392
-1.134725,-0.939941,-0.996863,2.006,1.441543
-1.134725,-1.06182,-1.159253,2.003896,1.549203
0.3642,-1.183699,-1.219397,1.982624,1.657554
-0.064064,-1.34621,-1.631385,1.918724,1.772863
0.150068,-1.386842,-1.303599,1.864214,1.869777
0.3642,-1.305595,-1.381787,1.806471,1.948048
0.792464,-1.386842,-1.213383,1.7289,2.022071
0.792464,-1.102452,-1.050993,1.649351,2.089282
1.006597,-0.858677,-0.885597,1.584781,2.132479
1.006597,-0.696166,-0.723207,1.57046,2.151697
0.792464,-0.533656,-0.563825,1.559644,2.151697
1.006597,-0.574288,-0.479623,1.497826,2.151697
0.578333,-0.289881,-0.323248,1.434742,2.139879
0.578333,-0.411777,-0.323248,1.390079,2.096309
0.3642,-0.168002,-0.163865,1.355678,2.03652
0.150068,0.15702,0.239101,1.331879,1.968527
-0.064064,0.482042,0.479678,1.261476,1.872912
-0.492329,0.319531,0.311274,1.215109,1.760377
-0.706461,0.360163,0.308267,1.211906,1.676788
-0.492329,0.482042,0.473664,1.211906,1.628433
-0.492329,0.563306,0.473664,1.211906,1.540724
-0.492329,0.807081,0.798443,1.230172,1.427989
-0.706461,1.050838,1.120215,1.267389,1.288283
-0.920593,1.050838,0.954818,1.308254,1.145794
-0.920593,0.847695,0.873623,1.35775,1.012208
-1.134725,1.010223,0.951811,1.41475,0.907125
-0.920593,0.766449,0.711234,1.487818,0.807347
-1.134725,0.685185,0.627032,1.549811,0.745583
-1.56299,0.603938,0.621017,1.615039,0.732167
-1.56299,-0.046123,-0.028541,1.675939,0.732167
-1.348857,-0.12737,-0.187923,1.745933,0.732167
-1.348857,-0.411777,-0.431507,1.8045,0.747467
-0.920593,-0.696166,-0.587882,1.851911,0.809946
-0.492329,-0.899309,-0.906647,1.890901,0.891171
-0.492329,-1.06182,-0.987842,1.922803,0.968762
-0.492329,-1.06182,-1.069037,1.927852,1.019297
-0.492329,-1.305595,-1.312621,1.927852,1.147164
-0.064064,-1.305595,-1.225412,1.927852,1.290899
-0.064064,-1.386842,-1.387801,1.918282,1.432787
-0.064064,-1.305595,-1.306606,1.890273,1.562903
0.3642,-1.386842,-1.300592,1.864588,1.675662
0.3642,-1.305595,-1.300592,1.825016,1.784097
-0.064064,-0.980556,-0.900633,1.774757,1.877267
0.150068,-0.858677,-0.897625,1.721261,1.963682
-0.064064,-0.574288,-0.657048,1.668984,1.985784
-0.064064,-0.330513,-0.251075,1.63298,1.985784
0.150068,-0.249249,-0.166873,1.606615,1.985784
-0.278197,0.238284,0.151892,1.585623,1.966355
-0.492329,0.278916,0.23008,1.553984,1.910531
-0.492329,0.319531,0.392469,1.531655,1.821007
-0.492329,0.64457,0.798443,1.510144,1.726517
-0.492329,0.64457,0.636053,1.495875,1.622375
-0.278197,0.888327,0.882645,1.48925,1.557
-0.278197,1.132102,1.126229,1.474911,1.452293
-0.706461,1.37586,1.363799,1.448708,1.332663
-0.492329,1.335245,1.366806,1.419727,1.22043
-0.492329,1.253981,1.285611,1.390976,1.116704
-0.278197,1.213349,1.288619,1.354947,1.023621
-0.278197,1.294613,1.207424,1.312482,0.929152
-0.064064,1.132102,1.129236,1.256674,0.855054
0.150068,1.132102,1.213438,1.220684,0.8385
0.3642,1.050838,0.972861,1.173825,0.8385
0.578333,0.563306,0.651089,1.126217,0.8385
0.3642,0.400795,0.404498,1.085104,0.854935
0.578333,0.400795,0.4887,1.039906,0.916021
0.3642,0.482042,0.404498,0.997777,1.004026
0.792464,-0.086738,-0.076656,0.96975,1.102125
0.578333,-0.086738,-0.160858,0.9494,1.2103
0.792464,-0.411777,-0.401435,0.944,1.313916
0.792464,-0.289881,-0.239046,0.944,1.41974
0.578333,-0.655534,-0.648027,0.944266,1.517639
0.578333,-0.655534,-0.729221,0.967154,1.634603
0.792464,-1.021188,-0.969798,1.018284,1.72417
0.3642,-1.305595,-1.381787,1.072175,1.823163
0.3642,-1.386842,-1.462981,1.127648,1.904793
0.150068,-1.468106,-1.465989,1.182072,1.970734
-0.064064,-1.427474,-1.468996,1.256662,2.037814
-0.492329,-1.549353,-1.6374,1.340607,2.083319
-1.348857,-1.468106,-1.649429,1.432535,2.111242
-1.134725,-1.34621,-1.402837,1.532286,2.112492
-1.56299,-1.468106,-1.490046,1.622322,2.112492
-1.348857,-0.77743,-0.837481,1.726062,2.109232
-1.348857,-0.818045,-0.837481,1.828056,2.085344
-1.134725,-0.493023,-0.509695,1.923259,2.04385
-1.134725,-0.411777,-0.4285,2.006078,2.003534
-1.56299,-0.168002,-0.272125,2.072137,1.943878
-1.56299,-0.289881,-0.272125,2.119707,1.875319
-1.56299,-0.208634,-0.19093,2.167374,1.780277
-1.348857,0.15702,0.218051,2.190468,1.691552
-1.56299,0.197652,0.539823,2.196501,1.611489
-1.348857,0.522674,0.461635,2.198611,1.515828
-1.348857,0.725817,0.705219,2.198611,1.406363
-1.348857,0.64457,0.624024,2.198611,1.295979
-1.348857,0.807081,0.705219,2.19533,1.185935
-1.134725,0.807081,0.789421,2.16281,1.093143
-0.920593,0.603938,0.467649,2.127125,0.997875
-1.348857,0.278916,0.299245,2.099732,0.918604
-0.064064,-0.005491,-0.088685,2.043838,0.845309
-0.278197,0.075773,0.070697,1.974698,0.820721
-0.064064,-0.168002,-0.088685,1.894653,0.820721
0.3642,-0.452391,-0.488644,1.829567,0.820721
0.578333,-0.452391,-0.485637,1.778012,0.824494
0.578333,-0.452391,-0.485637,1.727625,0.8615
1.006597,-0.818045,-0.804402,1.683881,0.919442
1.220729,-0.533656,-0.476616,1.637054,1.000003
1.220729,-0.533656,-0.476616,1.58714,1.101009
1.434861,-0.371145,-0.392414,1.563521,1.226646
1.434861,-0.208634,-0.230024,1.53275,1.34425
1.220729,-0.411777,-0.395421,1.489875,1.460656
1.220729,-0.12737,-0.233031,1.47762,1.592684
1.434861,0.116388,0.257144,1.468709,1.712031
1.434861,0.441427,0.419534,1.438178,1.815874
1.434861,0.075773,0.17595,1.38194,1.931769
1.434861,0.15702,0.094755,1.334937,2.008152
1.220729,0.075773,0.091748,1.252433,2.075796
1.006597,0.075773,0.169935,1.186732,2.133162
1.006597,0.035141,0.088741,1.109039,2.175715
1.006597,-0.12737,-0.073649,0.959993,2.1875
0.792464,-0.005491,0.004539,0.850444,2.1875
0.792464,0.278916,0.491707,0.795372,2.1875
0.792464,0.278916,0.329318,0.743761,2.1795
0.578333,0.197652,0.245116,0.700797,2.152003
0.3642,0.400795,0.160914,0.692547,2.116446
0.150068,0.278916,0.401491,0.692547,2.072869
0.150068,0.319531,0.239101,0.692547,2.024378
-0.064064,0.15702,0.154899,0.701985,1.969279
-0.064064,0.075773,0.154899,0.736589,1.901208
-0.278197,0.238284,0.233087,0.784302,1.8192
-0.278197,0.238284,0.233087,0.836582,1.726064
-0.492329,0.15702,0.23008,0.889998,1.637924
-0.706461,0.075773,0.145878,0.945383,1.584952
-1.134725,0.075773,-0.184916,1.004743,1.554989
-1.134725,-0.046123,-0.022526,1.052523,1.522479
-1.134725,0.116388,0.058668,1.110907,1.495129
-1.348857,0.075773,0.055661,1.201294,1.474295
-1.56299,0.197652,0.133849,1.299055,1.452129
-1.134725,-0.046123,-0.022526,1.410029,1.44449
-1.134725,-0.493023,-0.509695,1.506343,1.418215
-1.348857,-0.371145,-0.431507,1.627678,1.380453
-1.348857,-0.818045,-0.918676,1.737985,1.351
-1.348857,-1.183699,-1.081065,1.844007,1.269932
-1.348857,-1.143067,-1.16226,1.924953,1.233
-1.56299,-1.427474,-1.408852,2.003115,1.233
-0.706461,-1.549353,-1.559212,2.075306,1.233
-0.492329,-1.955638,-1.880984,2.113725,1.263675
-0.278197,-2.036902,-1.959172,2.139942,1.336246
-0.492329,-1.874374,-1.718595,2.151,1.433442
-0.278197,-2.158781,-2.202756,2.151,1.534653
-0.278197,-1.752496,-1.715587,2.151,1.686392
-0.064064,-1.630617,-1.631385,2.144531,1.818552
0.3642,-1.549353,-1.544176,2.099812,1.903581
0.3642,-1.468106,-1.462981,2.063864,2.025918
0.3642,-1.468106,-1.544176,2.036073,2.117216
0.578333,-1.427474,-1.297585,1.979859,2.207161
0.792464,-1.102452,-1.132188,1.908474,2.236375
1.006597,-0.939941,-0.885597,1.843959,2.241981
0.792464,-0.655534,-0.645019,1.80875,2.243363
1.006597,-0.452391,-0.479623,1.75836,2.242804
0.792464,-0.452391,-0.645019,1.6666,2.238804
0.792464,-0.330513,-0.401435,1.595732,2.234375
0.792464,-0.168002,-0.076656,1.486391,2.219429
0.578333,-0.086738,0.001531,1.396365,2.193314
0.578333,0.197652,0.245116,1.317364,2.151217
0.3642,0.482042,0.404498,1.234009,2.095116
0.3642,0.400795,0.404498,1.175721,2.04111
0.3642,0.928959,0.566887,1.121641,1.963266
-0.064064,0.807081,0.804457,1.075821,1.856913
-0.064064,1.132102,1.129236,1.047149,1.787797
-0.064064,0.969591,1.048042,1.038984,1.767606
-0.278197,1.497756,1.451008,1.037814,1.741413
-0.706461,1.457124,1.444994,1.037709,1.711119
-0.706461,1.619635,1.526188,1.037709,1.698833
-0.492329,0.969591,0.960832,1.038569,1.630907
-0.278197,0.969591,0.96384,1.044935,1.492228
-0.492329,1.010223,1.042027,1.063973,1.369732
-0.920593,0.847695,0.792428,1.105319,1.257687
-0.920593,0.725817,0.792428,1.156866,1.172274
-1.348857,0.563306,0.54283,1.208722,0.877325
-1.134725,0.360163,0.383447,1.275109,0.735
-1.134725,0.400795,0.139863,1.344044,0.735
-1.134725,0.197652,0.139863,1.443155,0.735
-1.56299,-0.12737,-0.109736,1.529563,0.736875
-1.134725,-0.046123,-0.103721,1.635017,0.762808
-1.348857,-0.12737,-0.187923,1.730054,0.805754
-1.348857,-0.533656,-0.512702,1.809343,0.857018
-0.920593,-0.614902,-0.669077,1.882866,0.908021
-1.348857,-0.736798,-0.756286,1.94422,0.981219
-0.920593,-0.77743,-0.587882,1.990056,1.06161
-1.348857,-1.021188,-1.081065,2.038939,1.15517
-1.134725,-1.102452,-1.078058,2.062888,1.265154
-1.348857,-1.427474,-1.243455,2.069,1.37465
-0.064064,-1.305595,-1.306606,2.069,1.494668
-0.278197,-1.06182,-1.147224,2.068775,1.605934
-0.706461,-1.143067,-1.153238,2.065686,1.700982
0.150068,-1.183699,-1.14121,2.039109,1.794912
0.3642,-0.980556,-0.975813,1.986087,1.878759
0.792464,-0.939941,-0.969798,1.927176,1.94154
0.792464,-0.980556,-0.888604,1.86225,1.98625
1.006597,-0.696166,-0.723207,1.792325,2.02105
0.792464,-0.208634,-0.32024,1.711755,2.04491
0.792464,-0.289881,-0.239046,1.583076,2.064882
1.006597,-0.086738,-0.154844,1.471202,2.073732
1.220729,-0.168002,-0.070642,1.360875,2.074
1.006597,0.400795,0.41352,1.261779,2.074
1.220729,-0.086738,-0.070642,1.154634,2.074
1.220729,-0.005491,0.010553,1.063028,2.066813
0.578333,0.075773,0.082726,0.978244,2.044651
0.792464,0.035141,0.085733,0.917037,2.010532
0.3642,0.278916,0.485693,0.869,1.958115
0.3642,0.522674,0.566887,0.854,1.899032
0.3642,0.64457,0.566887,0.854,1.835375
0.3642,0.888327,0.972861,0.854,1.751977
-0.064064,0.888327,0.885652,0.854,1.71
-0.278197,1.132102,1.126229,0.857054,1.691982
-0.278197,0.969591,1.045034,0.874057,1.592165
-0.278197,1.538388,1.532203,0.890921,1.504794
-0.064064,1.37586,1.291626,0.910901,1.410548
-0.492329,1.37586,1.366806,0.939334,1.286781
-0.492329,1.619635,1.529196,0.965653,1.16577
-0.492329,1.294613,1.366806,0.992071,1.04669
-0.706461,1.172734,1.120215,1.016637,0.964296
-0.920593,0.969591,0.954818,1.061873,0.847431
-0.706461,0.928959,0.87663,1.120481,0.743041
-0.492329,0.807081,0.798443,1.17482,0.692221
-0.920593,0.482042,0.467649,1.259057,0.67
-1.134725,0.360163,0.302253,1.339156,0.67
-1.348857,0.197652,0.218051,1.459506,0.67
-1.134725,0.116388,0.139863,1.568524,0.689627
-1.348857,-0.12737,-0.106728,1.6631,0.7307
-1.348857,-0.330513,-0.269118,1.753625,0.771
-1.348857,-0.249249,-0.269118,1.836358,0.825274
-1.134725,-0.493023,-0.59089,1.897084,0.892143
-0.920593,-0.168002,-0.831467,1.947023,0.958062
-0.920593,-0.77743,-0.750272,1.984795,1.054353
-1.348857,-1.264963,-1.243455,1.99,1.075
-1.348857,-1.305595,-1.405844,2.01169,1.141898
-1.56299,-1.468106,-1.571241,2.044675,1.262925
-0.920593,-1.589985,-1.562219,2.066862,1.384081
-0.492329,-1.671249,-1.718595,2.08,1.462745
-0.278197,-1.224331,-1.228419,2.08,1.60016
-0.278197,-1.34621,-1.309614,2.08,1.709091
-0.064064,-1.386842,-1.387801,2.07531,1.813556
0.3642,-1.102452,-1.138202,2.045662,1.90013
-0.064064,-0.939941,-0.900633,2.0022,1.955443
0.150068,-0.736798,-0.654041,1.933702,1.972108
-0.064064,-0.411777,-0.332269,1.854083,1.972108
0.150068,-0.330513,-0.329262,1.780474,1.972108
-0.278197,-0.249249,-0.172887,1.707721,1.965047
-0.064064,0.116388,0.073704,1.632643,1.930914
-0.278197,0.319531,0.233087,1.584357,1.875375
-0.064064,0.035141,0.073704,1.551246,1.812913
-0.064064,0.603938,0.723263,1.514223,1.732423
-0.492329,0.969591,0.879638,1.4895,1.6452
-0.492329,0.969591,0.960832,1.476536,1.585759
-0.278197,1.213349,1.207424,1.459017,1.481845
-0.492329,1.213349,1.204417,1.443561,1.348426
-0.278197,1.619635,1.694592,1.42318,1.232387
0.150068,1.822778,1.781802,1.387333,1.113331
-0.064064,1.538388,1.616405,1.334625,1.002375
0.150068,1.37586,1.457023,1.295676,0.947235
-0.064064,1.37586,1.372821,1.249585,0.87596
0.3642,1.294613,1.29764,1.218004,0.801895
0.3642,1.213349,1.29764,1.159202,0.791836
-0.064064,1.213349,1.129236,1.075804,0.791836
-0.278197,0.766449,0.720255,1.048368,0.792624
0.150068,0.64457,0.72627,1.03016,0.81819
0.3642,0.360163,0.566887,1.026453,0.844803
-0.064064,0.15702,0.236094,1.027203,0.908767
-0.064064,0.278916,0.317289,1.027203,0.997251
0.3642,-0.046123,-0.001476,1.030122,1.094239
0.150068,-0.249249,-0.248067,1.06675,1.18143
0.3642,-0.655534,-0.569839,1.117969,1.276053
0.578333,-0.574288,-0.566832,1.153475,1.381035
0.3642,-0.858677,-0.813423,1.18911,1.477371
0.150068,-1.06182,-1.14121,1.250232,1.594652
0.150068,-1.386842,-1.222404,1.31533,1.691956
0.150068,-1.224331,-1.547183,1.375793,1.774709
-0.064064,-1.630617,-1.71258,1.442063,1.86437
-0.492329,-2.036902,-2.043374,1.51092,1.947852
-0.492329,-1.83376,-1.799789,1.603401,2.024622
-0.920593,-1.793128,-1.805804,1.698659,2.070096
-1.134725,-1.83376,-1.890006,1.791666,2.079
-1.348857,-1.793128,-1.893013,1.889325,2.079
-1.348857,-1.34621,-0.918676,1.975065,2.079
-1.56299,-1.386842,-1.408852,2.05827,2.067092
-1.134725,-1.386842,-1.402837,2.138374,2.022533
-1.348857,-0.939941,-0.999871,2.220956,1.96179
-1.777122,-0.696166,-0.762301,2.312042,1.894512
-1.56299,-0.614902,-0.596904,2.37937,1.83132
-1.777122,-0.208634,-0.275132,2.447269,1.742563
-1.56299,-0.249249,-0.272125,2.479243,1.640927
-1.777122,-0.046123,-0.031548,2.482653,1.547822
-1.56299,0.035141,-0.028541,2.482653,1.424748
-1.777122,0.278916,0.293231,2.482403,1.345751
-1.348857,0.238284,0.218051,2.450026,1.224873
-1.777122,0.319531,0.293231,2.364023,1.10919
-1.348857,0.278916,0.299245,2.281126,1.038882
-1.56299,0.603938,0.783407,2.2115,0.955083
-1.348857,0.807081,0.786414,2.144222,0.903542
-1.134725,0.888327,0.789421,2.021551,0.843286
-0.920593,0.807081,0.792428,1.90195,0.785294
-0.920593,1.335245,1.441986,1.798336,0.774048
-0.492329,0.847695,0.879638,1.693011,0.774048
-0.278197,0.888327,0.96384,1.598817,0.774048
-0.064064,1.132102,1.129236,1.489197,0.782887
-0.278197,1.050838,1.045034,1.396359,0.804895
-0.064064,0.969591,0.966847,1.299387,0.843818
0.150068,0.725817,0.645075,1.218932,0.912636
0.150068,0.482042,0.482685,1.175691,0.998438
0.3642,0.64457,0.485693,1.13325,1.066125
0.150068,0.482042,0.482685,1.087682,1.153712
-0.064064,0.400795,0.398483,1.053392,1.243432
0.578333,0.197652,0.163921,1.02483,1.344155
0.792464,-0.046123,0.004539,1.002453,1.460486
1.006597,-0.168002,-0.154844,0.99197,1.57524
1.006597,-0.168002,-0.073649,0.97797,1.663643
0.792464,-0.289881,-0.32024,0.977,1.77012
1.220729,-0.574288,-0.476616,0.977,1.878098
1.220729,-0.655534,-0.55781,0.9802,1.9846
1.006597,-0.655534,-0.560818,1.051219,2.072963
1.434861,-0.77743,-0.798387,1.125193,2.147177
0.578333,-1.06182,-1.054,1.185401,2.20061
0.792464,-1.183699,-1.132188,1.246752,2.213729
0.3642,-1.264963,-1.300592,1.318906,2.213729
0.150068,-1.224331,-1.303599,1.403887,2.213729
-0.064064,-1.630617,-1.631385,1.48882,2.206784
-0.920593,-1.06182,-1.156246,1.558612,2.171113
-0.706461,-1.143067,-1.153238,1.597572,2.121385
-0.278197,-0.899309,-0.984835,1.673552,2.058383
-0.492329,-0.655534,-0.663063,1.741609,1.984801
-0.492329,-0.614902,-0.581868,1.783201,1.925026
-0.706461,-0.574288,-0.584875,1.798679,1.894643
-0.706461,-0.411777,-0.422486,1.799,1.889
-1.134725,-0.452391,-0.4285,1.8236,1.817793
-0.064064,-0.086738,-0.088685,1.829,1.75386
-0.064064,0.075773,0.154899,1.829,1.639757
-0.064064,0.15702,0.073704,1.829,1.607
-0.064064,0.319531,0.723263,1.829,1.607
-0.278197,0.563306,0.557866,1.815562,1.588589
-0.064064,0.888327,0.966847,1.767849,1.522678
0.150068,0.888327,0.888659,1.6733,1.431003
0.3642,0.969591,0.972861,1.541576,1.333189
0.150068,1.37586,1.375828,1.396461,1.258687
0.150068,1.37586,1.375828,1.258761,1.179619
0.3642,1.37586,1.378835,1.129534,1.133685
0.150068,1.700899,1.700607,1.000783,1.078901
0.150068,1.741514,1.781802,0.884981,1.02094
0.150068,1.660267,1.700607,0.827556,0.973462
-0.064064,2.025921,2.022379,0.808639,0.922089
0.150068,1.619635,1.700607,0.808639,0.865992
0.150068,1.619635,1.538217,0.808639,0.817323
-0.064064,1.538388,1.53521,0.813178,0.778143
0.3642,1.457124,1.541224,0.843043,0.749929
0.150068,1.253981,1.294633,0.889421,0.728964
-0.492329,1.213349,1.285611,0.952302,0.710049
-0.064064,1.09147,1.291626,1.03422,0.689862
-0.278197,0.888327,1.126229,1.125689,0.676665
-1.134725,0.847695,0.870616,1.222594,0.667163
-1.134725,0.847695,0.870616,1.297989,0.6602
-1.56299,0.563306,0.621017,1.408877,0.658188
-1.348857,0.522674,0.54283,1.524091,0.658188
-1.56299,0.238284,0.296238,1.631203,0.658188
-1.777122,0.238284,0.212036,1.748723,0.669935
-1.777122,-0.12737,-0.031548,1.841858,0.702763
-1.777122,-0.208634,-0.356327,1.937195,0.742684
-1.56299,-0.371145,-0.35332,2.023091,0.794793
-1.777122,-0.411777,-0.437522,2.081107,0.854858
-1.348857,-0.655534,-0.918676,2.143482,0.942629
-1.56299,-0.818045,-0.840488,2.189821,1.031505
-1.134725,-1.143067,-1.078058,2.230272,1.143345
-1.56299,-1.34621,-1.327657,2.252889,1.248531
-1.348857,-1.427474,-1.405844,2.254462,1.345332
-1.348857,-1.468106,-1.568234,2.254462,1.480088
0.150068,-1.508721,-1.465989,2.251721,1.590145
0.150068,-1.549353,-1.547183,2.220327,1.720687
0.3642,-1.386842,-1.381787,2.174347,1.840471
0.792464,-1.183699,-1.132188,2.102883,1.933379
1.006597,-1.102452,-1.047986,2.034342,2.014555
0.792464,-0.736798,-0.807409,1.977982,2.068179
0.578333,-0.614902,-0.566832,1.903591,2.114104
0.792464,-0.452391,-0.48263,1.786931,2.1274
0.578333,-0.411777,-0.404442,1.684858,2.1274
0.578333,0.035141,0.082726,1.584966,2.1274
0.578333,-0.005491,0.082726,1.499404,2.117925
0.578333,0.238284,0.245116,1.408734,2.080398
0.3642,0.400795,0.404498,1.325339,2.033996
0.3642,0.563306,0.566887,1.240338,1.973039
0.3642,0.64457,0.729277,1.173045,1.894303
-0.064064,0.888327,0.885652,1.154125,1.818631
0.150068,0.725817,0.807464,1.147848,1.711397
-0.278197,1.050838,1.045034,1.135576,1.647395
-0.278197,0.969591,1.045034,1.120059,1.543558
-0.706461,0.928959,0.957825,1.1125,1.433739
-0.492329,0.969591,0.960832,1.111316,1.318647
-0.492329,0.928959,0.960832,1.109562,1.183214
-0.492329,0.969591,0.879638,1.112841,1.059573
-0.920593,0.969591,1.036013,1.126395,0.938842
-1.348857,0.928959,0.867609,1.141878,0.846892
-0.920593,0.725817,0.630039,1.180876,0.759137
-0.706461,0.603938,0.714241,1.257228,0.698821
-1.348857,0.319531,0.218051,1.331018,0.665416
-1.348857,0.075773,-0.025534,1.412597,0.6605
-1.134725,-0.086738,-0.184916,1.501548,0.6605
-1.348857,-0.330513,-0.431507,1.588241,0.6608
-1.56299,-0.411777,-0.434515,1.676433,0.674817
-1.348857,-1.021188,-1.081065,1.730081,0.702234
-1.348857,-0.980556,-0.999871,1.803307,0.743142
-0.920593,-1.589985,-1.643414,1.865541,0.808622
-0.492329,-1.630617,-1.556205,1.92939,0.903761
-0.920593,-1.427474,-1.643414,1.985544,1.00316
0.150068,-1.711864,-1.709573,2.022187,1.086242
0.578333,-1.305595,-1.378779,2.039848,1.180944
1.006597,-1.508721,-1.45396,2.05,1.278371
0.578333,-1.224331,-1.21639,2.05,1.406467
0.578333,-1.183699,-1.21639,2.05,1.51402
0.578333,-1.183699,-1.135195,2.041688,1.640568
0.578333,-0.980556,-0.972806,2.023688,1.750107
0.150068,-0.939941,-0.897625,1.982737,1.853694
0.150068,-0.574288,-0.572846,1.930867,1.962581
0.150068,-0.411777,-0.166873,1.877081,2.049915
0.150068,-0.330513,-0.329262,1.8168,2.1246
-0.064064,0.238284,0.154899,1.752329,2.194725
-0.278197,0.197652,0.151892,1.684692,2.230325
-0.278197,0.360163,0.314282,1.610089,2.2305
-0.278197,0.319531,0.395476,1.554357,2.2305
-0.278197,0.64457,0.720255,1.516664,2.224256
-0.278197,0.807081,0.80145,1.490118,2.174168
-0.278197,0.766449,0.882645,1.47025,2.117625
-0.064064,0.969591,0.966847,1.450501,2.023547
-0.278197,1.457124,1.369813,1.43113,1.909489
-0.064064,1.538388,1.53521,1.411521,1.786318
-0.064064,1.660267,1.53521,1.397482,1.681199
-0.064064,1.457124,1.454015,1.372347,1.556933
0.150068,1.416492,1.375828,1.339422,1.428172
0.150068,1.294613,1.294633,1.301895,1.336429
0.3642,1.172734,1.216445,1.255263,1.238724
0.3642,1.050838,1.135251,1.210214,1.144827
0.578333,1.253981,1.300647,1.179537,1.082421
0.792464,1.132102,1.22246,1.136514,1.017401
0.578333,1.010223,0.975868,1.07825,0.96225
1.006597,0.969591,0.900688,1.008061,0.927552
1.006597,0.563306,0.657104,0.9404,0.9255
1.220729,0.685185,0.741306,0.895727,0.9255
1.220729,0.441427,0.497722,0.8677,0.928379
1.220729,0.441427,0.497722,0.841666,0.97952
1.220729,0.400795,0.416527,0.780257,1.050067
1.220729,0.278916,0.335332,0.732932,1.140886
1.434861,0.116388,0.094755,0.6976,1.252
1.434861,-0.046123,-0.067635,0.668672,1.371526
1.434861,-0.371145,-0.392414,0.645486,1.469641
1.434861,-0.574288,-0.554803,0.621133,1.600977
1.434861,-0.614902,-0.473608,0.619722,1.727809
1.434861,-1.143067,-1.123166,0.619722,1.843604
1.434861,-1.143067,-1.123166,0.621472,1.945346
1.220729,-1.183699,-1.126174,0.653344,2.022252
0.792464,-1.224331,-1.213383,0.703125,2.094125
0.3642,-1.305595,-1.300592,0.751997,2.142992
0.3642,-1.386842,-1.462981,0.841035,2.204931
0.150068,-1.386842,-1.547183,0.925611,2.248799
-0.920593,-1.34621,-1.481025,1.031552,2.2776
-1.134725,-1.468106,-1.402837,1.133895,2.28325
-0.920593,-0.736798,-0.750272,1.227604,2.28325
-0.706461,-0.614902,-0.66607,1.333457,2.28325
-0.920593,-0.411777,-0.425493,1.452797,2.266688
-1.134725,-0.411777,-0.4285,1.548297,2.226823
-0.706461,-0.249249,-0.260096,1.660162,2.163723
-0.278197,-0.046123,-0.091692,1.777808,2.094461
-0.706461,0.15702,0.308267,1.86981,2.002696
-0.706461,0.238284,0.064683,1.920935,1.931103
-0.492329,0.64457,0.798443,1.950778,1.867543
0.150068,0.888327,0.888659,1.958,1.753123
-0.064064,1.09147,1.210431,1.958,1.64967
0.150068,1.213349,1.294633,1.956977,1.539204
-0.064064,1.457124,1.291626,1.934833,1.472463
-0.064064,1.497756,1.454015,1.826919,1.388149
0.3642,1.37586,1.46003,1.767267,1.339725
0.150068,1.700899,1.457023,1.694169,1.284843
0.150068,1.660267,1.781802,1.59439,1.227321
0.150068,1.619635,1.619412,1.535,1.193296
-0.064064,1.416492,1.454015,1.513594,1.190875
0.150068,1.741514,1.781802,1.391865,1.167071
-0.492329,1.294613,1.123222,1.246894,1.122177
-0.492329,1.253981,1.204417,1.143228,1.078968
-0.706461,1.213349,1.201409,1.047007,1.027446
-0.920593,1.050838,1.036013,0.97267,0.978617
-1.134725,1.132102,1.1142,0.902031,0.932189
-1.134725,0.888327,1.033005,0.897578,0.888597
-0.920593,0.969591,0.873623,0.897578,0.835288
-1.56299,0.603938,0.621017,0.898878,0.795289
-1.777122,0.563306,0.455621,0.922926,0.763132
-1.348857,0.197652,0.218051,0.97304,0.728766
-1.348857,0.238284,0.218051,1.029187,0.691891
-1.348857,-0.12737,-0.106728,1.098548,0.660354
-1.348857,-0.289881,-0.269118,1.197746,0.636936
-1.777122,-0.452391,-0.518717,1.287368,0.62752
-1.348857,-0.899309,-0.837481,1.371905,0.62435
-1.134725,-1.143067,-1.159253,1.482656,0.62435
-1.348857,-1.305595,-1.32465,1.593851,0.62435
-0.920593,-1.468106,-1.481025,1.716848,0.628666
0.150068,-1.915006,-1.871962,1.821717,0.660433
0.578333,-1.549353,-1.541169,1.904208,0.704886
0.578333,-1.305595,-1.297585,1.9825,0.7629
1.220729,-1.021188,-0.963784,2.063229,0.83425
1.220729,-0.980556,-0.963784,2.141812,0.925182
1.006597,-0.614902,-0.642012,2.205228,1.028254
1.220729,-0.533656,-0.476616,2.236678,1.157507
1.434861,-0.411777,-0.392414,2.273304,1.285846
1.220729,-0.330513,-0.314226,2.274381,1.413928
1.648994,-0.046123,-0.064627,2.274381,1.566827
1.648994,-0.208634,0.178957,2.271196,1.727108
1.434861,-0.168002,-0.230024,2.249571,1.863411
1.220729,-0.371145,-0.395421,2.215266,1.97674
1.006597,-0.12737,-0.154844,2.166455,2.051676
1.006597,-0.12737,-0.073649,2.0902,2.1381
1.006597,-0.12737,-0.236038,1.982818,2.213322
0.792464,-0.005491,-0.076656,1.924048,2.267912
0.792464,0.15702,0.166928,1.834355,2.307488
0.578333,-0.005491,0.001531,1.733557,2.329194
0.3642,-0.086738,-0.163865,1.640947,2.365361
0.150068,-0.168002,-0.166873,1.51436,2.378361
-0.278197,-0.249249,-0.254082,1.393796,2.381
-0.492329,-0.208634,-0.175894,1.277639,2.381
-0.492329,0.319531,0.311274,1.18475,2.381
-0.706461,0.035141,-0.016512,1.06645,2.374438
-0.706461,0.15702,0.064683,0.967251,2.353411
-1.348857,0.15702,0.218051,0.905439,2.324402
-1.348857,0.238284,0.218051,0.865302,2.286167
-1.56299,0.197652,0.215043,0.863808,2.238232
-1.348857,0.563306,0.624024,0.863808,2.174498
-1.777122,0.563306,0.536815,0.864683,2.102625
-1.56299,0.64457,0.945796,0.890032,2.012056
-1.56299,0.563306,0.458628,0.949181,1.901919
-1.777122,0.603938,0.61801,1.015348,1.797384
-1.348857,0.725817,0.705219,1.081911,1.700757
-1.134725,0.522674,0.464642,1.146769,1.611084
-1.134725,0.847695,0.789421,1.224389,1.511324
-1.348857,0.725817,0.705219,1.30875,1.416375
-0.920593,1.335245,1.279597,1.40368,1.325255
-0.706461,1.213349,1.120215,1.499206,1.250003
-0.706461,1.213349,1.201409,1.587423,1.181936
-0.706461,1.335245,1.363799,1.684085,1.099893
-0.492329,1.213349,1.204417,1.767283,1.020631
-0.064064,1.619635,1.616405,1.854695,0.941487
-0.492329,1.335245,1.366806,1.921248,0.882398
-0.064064,1.294613,1.53521,1.979978,0.817199
-0.064064,1.457124,1.454015,1.991113,0.766277
-0.064064,1.213349,1.210431,1.991113,0.734325
-0.064064,1.132102,1.210431,1.991113,0.715123
0.3642,1.213349,1.29764,1.975895,0.700033
0.3642,1.09147,0.810472,1.927552,0.685415
0.150068,0.64457,0.72627,1.864721,0.676768
0.578333,0.603938,0.651089,1.777225,0.676
0.578333,1.172734,1.138258,1.676249,0.673669
1.006597,0.319531,0.41352,1.570342,0.672
1.006597,0.238284,0.25113,1.495832,0.674745
0.792464,0.035141,0.085733,1.394197,0.676
1.220729,-0.046123,0.010553,1.305252,0.679803
1.434861,-0.168002,-0.148829,1.227186,0.690914
1.434861,-0.249249,-0.230024,1.15263,0.732689
1.434861,-0.371145,-0.311219,1.092583,0.802825
1.434861,-0.452391,-0.473608,1.045746,0.874257
1.220729,-0.614902,-0.639005,0.999916,0.951054
1.006597,-0.736798,-0.804402,0.94776,1.060347
1.434861,-1.102452,-1.123166,0.908502,1.179493
1.434861,-1.183699,-1.123166,0.889874,1.302397
1.006597,-1.427474,-1.45396,0.883661,1.427443
1.006597,-1.549353,-1.535155,0.872521,1.541984
0.578333,-1.752496,-1.703558,0.853563,1.656591
0.3642,-1.99627,-1.95015,0.853563,1.759236
-0.064064,-1.793128,-1.71258,0.853563,1.870031
-0.920593,-1.83376,-1.968193,0.856061,1.982922
-1.348857,-1.386842,-1.487039,0.888331,2.07897
-1.134725,-1.264963,-1.402837,0.93151,2.145199
-1.56299,-1.021188,-1.246462,0.979038,2.19961
-1.134725,-0.899309,-0.834474,1.040069,2.245837
-1.56299,-0.77743,-0.840488,1.121041,2.286915
-1.777122,-0.614902,-0.599911,1.205572,2.318061
-1.777122,-0.371145,-0.437522,1.305305,2.331444
-1.777122,-0.289881,-0.437522,1.407776,2.333778
-1.56299,-0.046123,-0.109736,1.49952,2.333778
-1.777122,0.075773,-0.031548,1.600026,2.333528
-1.56299,-0.046123,-0.028541,1.705165,2.321067
-1.348857,0.319531,0.299245,1.809875,2.293625
-1.134725,0.360163,0.302253,1.921247,2.238606
-1.56299,0.278916,-0.109736,1.997893,2.166107
-1.134725,0.075773,0.058668,2.059627,2.098013
-1.134725,0.278916,0.221058,2.109869,2.019093
-1.56299,0.116388,0.133849,2.144693,1.936525
-0.492329,0.278916,0.23008,2.185676,1.819846
-0.492329,0.278916,0.23008,2.217283,1.700772
-0.278197,0.400795,0.476671,2.236658,1.583474
-0.278197,0.64457,0.720255,2.246494,1.478487
-0.278197,0.725817,0.80145,2.2525,1.377574
-0.278197,0.888327,0.96384,2.2525,1.267341
-0.064064,1.050838,1.048042,2.2525,1.169055
-0.492329,1.213349,1.204417,2.249869,1.093092
-0.064064,1.050838,1.129236,2.232752,1.039445
0.3642,1.294613,1.29764,2.209116,1.027921
0.150068,1.497756,1.457023,2.180361,1.027921
0.150068,1.335245,1.457023,2.132999,1.027921
0.792464,1.09147,1.141265,2.116402,1.038217
0.3642,0.888327,0.972861,2.097012,1.065657
0.578333,0.969591,0.975868,2.046776,1.089543
0.578333,0.807081,0.813479,1.966158,1.099053
0.792464,0.64457,0.735291,1.860761,1.099053
0.792464,0.563306,0.572902,1.798833,1.099053
1.006597,0.360163,0.41352,1.702995,1.085474
1.006597,0.319531,0.25113,1.614578,1.046387
1.220729,0.075773,0.010553,1.495733,1.003845
1.220729,-0.086738,0.010553,1.347583,0.964215
1.648994,0.075773,0.016567,1.253166,0.936785
1.220729,-0.696166,-0.639005,1.188132,0.925495
1.220729,-0.655534,-0.639005,1.108845,0.923789
1.220729,-1.06182,-1.044979,1.031886,0.923789
1.220729,-1.183699,-1.207368,0.987233,0.923789
1.006597,-1.508721,-1.535155,0.974939,0.94712
0.792464,-1.711864,-1.700551,0.968017,1.000654
0.578333,-1.955638,-1.703558,0.963655,1.061448
0.3642,-1.955638,-1.95015,0.953312,1.141075
-0.064064,-1.955638,-1.956164,0.932175,1.207217
-0.492329,-1.955638,-1.880984,0.919988,1.309739
-0.706461,-1.752496,-1.721602,0.916795,1.405579
-1.134725,-1.671249,-1.646421,0.900543,1.516066
-1.348857,-1.427474,-1.487039,0.889125,1.622637
-1.56299,-1.264963,-1.327657,0.889,1.717747
-1.56299,-0.858677,-0.840488,0.889,1.804091
-1.56299,-0.818045,-0.840488,0.89875,1.903542
-1.56299,-0.696166,-0.759294,0.954189,2.007831
-1.348857,-0.411777,-0.431507,1.016745,2.072165
-1.56299,-0.371145,-0.434515,1.082117,2.136233
-1.56299,-0.330513,-0.35332,1.166972,2.200907
-1.777122,-0.086738,-0.437522,1.262125,2.252875
-1.56299,0.278916,0.215043,1.376545,2.281854
-0.492329,-0.411777,-0.419478,1.478677,2.283594
-0.064064,-0.289881,-0.413464,1.570677,2.283594
-0.492329,-0.493023,-0.500673,1.637077,2.282697
-0.278197,-0.574288,-0.578861,1.752994,2.256368
-0.064064,-0.493023,-0.494659,1.873204,2.220573
0.3642,-0.493023,-0.488644,1.975941,2.159373
0.578333,-0.574288,-0.485637,2.051366,2.095714
0.792464,-0.208634,-0.157851,2.116679,2.015836
1.006597,-0.086738,-0.154844,2.169042,1.927108
0.792464,-0.086738,-0.076656,2.210859,1.837343
1.006597,-0.005491,0.088741,2.232,1.753816
1.006597,-0.046123,0.007546,2.232,1.656327
0.792464,0.035141,0.004539,2.232,1.552619
1.006597,0.035141,0.088741,2.23058,1.480395
0.792464,-0.168002,-0.157851,2.221516,1.4118
0.792464,-0.12737,-0.157851,2.215177,1.373754
0.578333,-0.086738,-0.079663,2.184314,1.371828
0.3642,-0.086738,-0.082671,2.136886,1.371828
0.578333,-0.086738,0.001531,2.062275,1.372078
0.3642,-0.046123,-0.001476,1.984809,1.389445
0.578333,-0.371145,-0.160858,1.886786,1.445359
0.792464,-0.493023,-0.401435,1.794427,1.500046
0.3642,-0.574288,-0.569839,1.67779,1.560176
0.3642,-0.736798,-0.732229,1.55414,1.611976
-0.064064,-0.858677,-0.900633,1.444594,1.655444
-0.064064,-0.980556,-0.981827,1.334456,1.696985
-0.278197,-1.06182,-1.147224,1.233395,1.738616
-0.706461,-1.630617,-1.640407,1.152945,1.773417
-0.706461,-1.549353,-1.640407,1.06618,1.800108
-1.134725,-1.468106,-1.402837,1.00025,1.80975
-1.348857,-1.386842,-1.405844,0.977667,1.81
-1.348857,-1.143067,-1.16226,0.977667,1.81
-1.134725,-1.102452,-1.159253,0.977667,1.807997
-1.348857,-0.655534,-0.675092,0.989004,1.791109
-1.348857,-0.574288,-0.756286,1.045701,1.757043
-1.777122,-0.493023,-0.599911,1.102687,1.731656
-1.777122,-0.289881,-0.356327,1.169161,1.718198
-1.991254,-0.411777,-0.440529,1.229868,1.717898
-1.56299,-0.005491,-0.109736,1.298456,1.717898
-1.348857,0.075773,0.055661,1.369982,1.719253
-1.56299,0.035141,-0.028541,1.449431,1.738388
-1.134725,0.400795,0.627032,1.535882,1.764669
-1.348857,0.360163,0.38044,1.616852,1.796115
-0.920593,0.603938,0.630039,1.719985,1.837267
-0.492329,0.64457,0.636053,1.831267,1.854
-0.492329,0.64457,0.636053,1.91549,1.854
-0.278197,0.807081,0.720255,2.001271,1.854
-0.492329,1.132102,1.123222,2.075055,1.846471
-0.278197,1.213349,1.288619,2.127976,1.808163
-0.278197,1.172734,1.207424,2.184728,1.756081
-0.278197,1.213349,1.207424,2.218768,1.674991
-0.278197,1.172734,1.126229,2.23765,1.570531
0.578333,1.294613,1.381842,2.23765,1.480813
0.3642,1.294613,1.29764,2.23765,1.372144
0.3642,1.213349,1.29764,2.227867,1.266055
0.3642,1.09147,1.216445,2.196827,1.168272
0.3642,1.010223,1.135251,2.147433,1.093157
0.150068,1.294613,1.294633,2.084454,1.024763
0.150068,1.37586,1.375828,1.99132,0.955253
0.150068,1.213349,1.213438,1.901625,0.904125
0.3642,1.010223,0.972861,1.811076,0.870702
0.3642,0.64457,0.648082,1.704785,0.846989
0.150068,0.685185,1.132243,1.597933,0.836144
0.3642,0.725817,0.810472,1.492026,0.835931
0.3642,0.603938,0.648082,1.4069,0.835931
0.150068,0.766449,0.807464,1.325553,0.837744
0.578333,0.360163,0.32631,1.217146,0.858292
1.006597,0.15702,0.25113,1.138,0.891383
1.006597,0.15702,0.25113,1.05816,0.912109
1.006597,0.035141,0.088741,1.013035,0.921
1.220729,0.319531,0.091748,0.9614,0.9277
1.220729,-0.12737,-0.070642,0.897203,0.936003
1.220729,-0.249249,-0.233031,0.855318,0.940358
1.006597,-0.249249,-0.236038,0.813022,0.943888
1.006597,-0.411777,-0.398428,0.802,0.944986
0.792464,-0.655534,-0.645019,0.802,0.946795
0.792464,-0.980556,-0.888604,0.802,0.956135
0.792464,-0.939941,-0.969798,0.818169,1.011758
1.220729,-1.264963,-1.288563,0.844333,1.079833
0.792464,-1.386842,-1.375772,0.855496,1.192006
0.578333,-1.711864,-1.784753,0.86739,1.306492
-0.706461,-2.361924,-2.37116,0.876441,1.411965
-0.706461,-2.361924,-2.37116,0.878469,1.542633
-0.706461,-1.955638,-1.965186,0.883839,1.658708
-0.706461,-1.915006,-1.965186,0.893002,1.781762
-0.706461,-1.83376,-1.883991,0.896865,1.874002
-0.920593,-1.711864,-1.643414,0.918715,1.931896
-1.134725,-1.589985,-1.484032,1.017,1.986866
-1.134725,-1.102452,-1.159253,1.067814,2.020431
-1.348857,-1.021188,-1.081065,1.125492,2.04876
-1.56299,-0.939941,-0.840488,1.198999,2.070568
-1.56299,-0.533656,-0.434515,1.285008,2.083898
-1.777122,-0.818045,-0.762301,1.358187,2.102504
-1.134725,-0.208634,-0.266111,1.467178,2.123247
-1.348857,-0.046123,-0.106728,1.521849,2.140652
-1.777122,0.075773,0.130842,1.606437,2.166125
-1.777122,0.15702,0.130842,1.69817,2.20072
-1.348857,0.278916,0.218051,1.783784,2.218582
-1.348857,0.15702,0.136856,1.831221,2.219
-1.134725,0.238284,0.139863,1.883301,2.219
-0.920593,0.482042,0.467649,1.925573,2.218029
-1.348857,0.441427,0.38044,1.947412,2.187872
-0.920593,0.482042,0.467649,1.965869,2.12847
-0.706461,0.807081,0.87663,1.982621,2.053807
-0.278197,0.969591,0.882645,2.010127,1.943047
-0.064064,0.725817,0.723263,2.059493,1.780385
0.150068,0.725817,0.72627,2.086378,1.66187
-0.064064,0.888327,0.804457,2.110836,1.535667
0.150068,1.010223,1.294633,2.138711,1.421853
-0.064064,0.888327,0.885652,2.154324,1.311555
0.3642,1.172734,1.135251,2.154438,1.183431
0.578333,0.725817,0.732284,2.154438,1.081814
0.3642,0.64457,0.648082,2.150828,1.018729
0.792464,0.400795,0.491707,2.131172,0.982722
1.006597,0.685185,0.738299,2.09249,0.956273
0.792464,0.64457,0.735291,2.040492,0.933907
1.006597,0.725817,0.657104,1.977936,0.926197
1.006597,0.64457,0.657104,1.900869,0.926197
1.006597,0.522674,0.494714,1.800513,0.926197
1.006597,0.238284,0.332325,1.715325,0.927097
1.006597,0.278916,0.25113,1.62393,0.9325
1.220729,0.035141,0.091748,1.501828,0.939844
1.220729,-0.208634,-0.151837,1.390128,0.944792
1.006597,-0.086738,-0.073649,1.281165,0.967721
1.434861,-0.493023,-0.473608,1.166074,1.015072
1.006597,-0.411777,-0.398428,1.07925,1.060875
1.220729,-0.818045,-0.882589,0.9917,1.1213
1.220729,-0.939941,-0.882589,0.946596,1.181567
1.006597,-1.06182,-1.047986,0.8922,1.260439
0.792464,-1.305595,-1.294578,0.845544,1.355102
0.578333,-1.34621,-1.378779,0.807371,1.448567
0.578333,-1.508721,-1.541169,0.788814,1.552088
0.578333,-1.589985,-1.541169,0.785714,1.649378
-0.278197,-1.630617,-1.715587,0.785714,1.736778
-0.492329,-1.549353,-1.556205,0.785714,1.82375
-0.920593,-1.468106,-1.562219,0.809176,1.886074
-0.920593,-1.549353,-1.562219,0.892571,1.960618
-1.348857,-1.549353,-1.487039,0.935976,2.011646
-1.56299,-1.468106,-1.490046,1.003736,2.070131
-1.991254,-1.021188,-1.008892,1.083375,2.122875
-1.56299,-0.939941,-1.002878,1.152552,2.161267
-1.777122,-0.574288,-0.437522,1.231194,2.192259
-1.777122,-0.574288,-0.599911,1.281349,2.215141
-1.991254,-0.168002,-0.034555,1.322556,2.227805
-1.777122,-0.289881,-0.356327,1.399761,2.227805
-2.205386,-0.168002,-0.199952,1.491953,2.227805
-2.205386,-0.086738,-0.118757,1.582242,2.223902
-1.348857,0.116388,0.136856,1.654807,2.205254
-1.348857,0.197652,0.218051,1.746891,2.1679
-1.348857,0.319531,0.54283,1.820003,2.135906
-1.56299,0.441427,0.377433,1.892768,2.085117
-1.56299,0.400795,0.377433,1.970949,2.020706
-1.56299,0.319531,0.052654,2.03578,1.951051
-1.134725,0.360163,0.302253,2.096227,1.872746
-0.920593,0.15702,0.061676,2.156469,1.789656
-1.348857,-0.086738,-0.106728,2.214161,1.714954
-0.920593,-0.168002,-0.181909,2.294562,1.617513
-0.706461,-0.249249,-0.260096,2.340071,1.51716
-0.492329,-0.330513,-0.338284,2.366117,1.426441
-0.278197,-0.655534,-0.660056,2.370156,1.33576
-0.278197,-0.736798,-0.822445,2.370156,1.247992
-0.278197,-0.736798,-0.822445,2.370156,1.159
0.3642,-0.696166,-0.732229,2.355054,1.085166
1.006597,-0.736798,-0.723207,2.297645,1.016774
1.220729,-0.493023,-0.55781,2.243872,0.970491
1.220729,-0.533656,-0.476616,2.193762,0.936967
1.434861,-0.533656,-0.473608,2.144999,0.934083
1.220729,-0.249249,-0.233031,2.113881,0.934083
1.434861,-0.12737,-0.148829,2.082602,0.938054
1.434861,0.075773,0.094755,2.062221,0.988123
1.434861,0.197652,0.17595,2.021093,1.068348
1.220729,0.319531,0.335332,1.976137,1.152831
1.220729,0.238284,0.254137,1.929545,1.262703
1.006597,0.522674,0.25113,1.8635,1.378875
1.220729,0.725817,0.741306,1.785947,1.50532
1.006597,0.563306,0.657104,1.69079,1.619439
0.792464,0.563306,0.572902,1.620022,1.717567
0.3642,0.807081,0.891666,1.521977,1.804272
0.578333,1.050838,1.057063,1.436344,1.904163
0.578333,1.050838,0.975868,1.3527,1.9864
0.3642,1.132102,1.135251,1.261617,2.049581
-0.064064,1.213349,1.291626,1.167375,2.099125
0.150068,1.050838,1.051049,1.0665,2.131166
-0.064064,1.050838,1.048042,0.982002,2.133944
0.150068,1.132102,1.132243,0.895032,2.133944
-0.278197,1.335245,1.451008,0.819626,2.133569
-0.492329,1.294613,1.285611,0.760097,2.107947
-0.920593,0.969591,1.036013,0.70237,2.053572
-0.920593,1.172734,1.117207,0.666653,1.979695
-0.706461,0.807081,0.795436,0.650256,1.895624
-0.920593,0.969591,0.873623,0.647,1.793983
-1.348857,0.685185,0.705219,0.645712,1.686284
-1.134725,0.807081,0.708226,0.639786,1.616868
-1.348857,0.563306,0.54283,0.638038,1.511237
-1.134725,0.64457,0.627032,0.638049,1.408605
-1.56299,0.197652,0.215043,0.647329,1.310619
-1.56299,0.278916,0.215043,0.660427,1.205723
-1.777122,-0.086738,0.049647,0.684352,1.088411
-1.777122,-0.289881,-0.356327,0.745458,0.984094
-1.777122,-1.021188,-1.168275,0.838013,0.869006
-1.56299,-1.549353,-1.571241,0.938824,0.786223
-1.56299,-1.711864,-1.652436,1.056357,0.727667
-1.348857,-2.036902,-2.055402,1.30307,0.66834
-0.706461,-1.955638,-1.883991,1.414827,0.645125
-0.706461,-1.874374,-1.883991,1.538065,0.644
0.150068,-1.711864,-1.790768,1.658308,0.644
0.578333,-1.793128,-1.703558,1.77268,0.64734
1.006597,-1.589985,-1.535155,1.872838,0.681881
1.006597,-1.549353,-1.535155,1.963429,0.7425
1.220729,-1.305595,-1.207368,2.043615,0.811789
1.434861,-1.224331,-1.204361,2.111821,0.88352
1.220729,-0.939941,-0.7202,2.191099,1.009535
1.220729,-0.289881,-0.395421,2.24501,1.122434
1.006597,-0.12737,-0.154844,2.271379,1.227428
1.434861,-0.411777,-0.392414,2.30307,1.354061
1.434861,-0.289881,-0.311219,2.310877,1.461818
1.006597,-0.12737,-0.317233,2.310877,1.586669
1.434861,-0.168002,-0.148829,2.310877,1.717466
0.792464,0.075773,0.004539,2.285428,1.856708
0.578333,0.15702,0.407505,2.237513,1.973052
0.3642,0.197652,0.160914,2.197375,2.047625
0.578333,0.319531,0.407505,2.144729,2.11506
0.3642,0.725817,0.648082,2.065579,2.177163
0.150068,0.725817,0.72627,1.976124,2.232834
0.150068,0.64457,0.807464,1.86044,2.269426
-0.064064,0.928959,0.966847,1.773023,2.280712
-0.064064,1.37586,1.372821,1.668911,2.287288
-0.064064,1.37586,1.291626,1.561506,2.295231
-0.064064,1.213349,1.291626,1.456294,2.301525
0.150068,1.132102,1.132243,1.330386,2.301525
-0.278197,0.969591,1.045034,1.22323,2.301525
-0.064064,0.888327,0.966847,1.12929,2.288015
-0.064064,0.725817,0.723263,1.0631,2.252475
-0.064064,0.482042,0.398483,1.017444,2.197272
-0.278197,0.482042,0.476671,0.991625,2.128125
-0.492329,0.197652,0.148885,0.969696,2.039557
-0.064064,-0.005491,0.073704,0.965531,1.940721
-0.278197,-0.12737,-0.254082,0.965531,1.862169
-0.278197,-0.208634,-0.254082,0.965531,1.761388
-0.920593,-0.533656,-0.587882,0.973625,1.667875
-0.920593,-0.696166,-0.669077,0.982869,1.592275
-1.348857,-0.818045,-0.837481,0.986338,1.511671
-1.134725,-0.980556,-0.996863,0.988332,1.397744
-1.134725,-1.143067,-1.159253,0.991119,1.286467
-0.920593,-1.224331,-1.23744,1.000269,1.177411
-0.920593,-1.264963,-1.23744,1.007359,1.149766
-0.492329,-1.508721,-1.556205,1.037136,1.141885
-0.706461,-1.915006,-1.965186,1.08687,1.141885
-0.706461,-2.118149,-2.046381,1.095803,1.146221
-0.920593,-1.955638,-1.886998,1.120787,1.152926
-0.920593,-1.793128,-1.805804,1.173273,1.18198
-0.920593,-1.427474,-1.481025,1.230262,1.217857
-0.920593,-1.34621,-1.481025,1.281446,1.267333
-0.706461,-1.06182,-1.153238,1.353614,1.300554
-1.134725,-0.899309,-0.834474,1.468677,1.324688
-1.134725,-0.818045,-0.834474,1.487992,1.348732
-0.920593,-0.818045,-0.831467,1.511048,1.384085
-0.920593,-0.452391,-0.587882,1.605576,1.407387
-1.348857,-0.330513,-0.350313,1.733335,1.411456
-1.56299,-0.249249,-0.272125,1.814484,1.46152
-1.134725,0.035141,-0.022526,1.899799,1.535828
-0.920593,0.035141,0.061676,1.962516,1.605903
-1.348857,0.197652,0.299245,2.018407,1.662883
-1.56299,0.278916,0.296238,2.063959,1.74912
-1.134725,0.197652,0.139863,2.09277,1.833712
-0.920593,0.522674,0.548844,2.102916,1.912631
-0.920593,0.522674,0.548844,2.104847,1.987954
-0.706461,0.400795,0.389462,2.10493,2.066322
-0.278197,0.360163,0.395476,2.104065,2.078629
-0.706461,0.035141,0.145878,2.096237,2.078629
-0.492329,0.238284,0.23008,2.08813,2.078629
-0.278197,-0.086738,-0.091692,2.079968,2.047093
-0.278197,0.075773,0.070697,2.068026,1.983003
-0.492329,0.035141,-0.013505,2.061206,1.947
0.578333,-0.168002,-0.160858,2.057898,1.858531
0.792464,-0.208634,-0.157851,2.050165,1.726261
0.792464,-0.086738,0.004539,2.04864,1.6133
0.578333,0.400795,0.407505,2.042944,1.478678
0.578333,0.319531,0.407505,2.028313,1.380221
0.792464,0.563306,0.572902,2.00649,1.275236
0.578333,0.563306,0.569895,1.991127,1.177633
0.3642,0.969591,0.972861,1.970442,1.120649
0.578333,1.010223,0.975868,1.923173,1.051044
0.3642,1.213349,1.216445,1.870788,1.031143
0.578333,1.253981,1.300647,1.80996,1.031143
0.3642,1.37586,1.378835,1.764522,1.031143
0.3642,1.132102,1.216445,1.721022,1.061025
0.578333,1.132102,1.138258,1.674,1.104375
0.150068,1.050838,1.051049,1.62825,1.151
0.150068,1.335245,1.213438,1.553427,1.23237
-0.278197,1.294613,1.369813,1.490939,1.307719
-0.492329,1.37586,1.366806,1.421856,1.386087
-0.278197,1.294613,1.288619,1.33789,1.453585
-0.492329,1.132102,1.123222,1.254573,1.504165
-0.706461,1.132102,1.201409,1.163385,1.538659
-1.134725,1.050838,0.951811,1.080347,1.543247
-0.920593,0.807081,0.792428,1.0024,1.543247
-0.920593,0.807081,0.711234,0.931672,1.543247
-1.348857,0.64457,0.705219,0.871693,1.529327
-1.348857,0.482042,0.461635,0.818586,1.500191
-0.920593,0.319531,0.30526,0.783413,1.47141
-1.348857,0.319531,0.299245,0.783013,1.438193
-1.348857,0.035141,0.055661,0.783013,1.405323
-1.134725,-0.046123,-0.184916,0.786788,1.323037
-1.348857,-0.411777,-0.431507,0.824405,1.234166
-2.205386,-0.858677,-0.930705,0.865979,1.156334
-1.134725,-1.102452,-0.996863,0.938879,1.059296
-0.920593,-1.793128,-1.724609,1.021614,0.98289
-0.920593,-1.711864,-1.805804,1.111705,0.802518
-0.492329,-1.915006,-1.880984,1.20125,0.708625
-0.278197,-1.752496,-1.877977,1.2995,0.678517
0.578333,-1.589985,-1.622364,1.406925,0.674783
1.006597,-0.899309,-0.885597,1.511349,0.674783
1.434861,-1.06182,-1.041972,1.636462,0.675783
1.220729,-0.858677,-0.882589,1.745078,0.703824
1.434861,-0.371145,-0.554803,1.837269,0.750943
1.434861,-0.208634,-0.230024,1.921353,0.804738
1.220729,-0.249249,-0.233031,2.0011,0.882578
1.434861,0.035141,0.01356,2.067188,0.99204
1.434861,0.116388,-0.148829,2.1173,1.093893
1.220729,0.116388,0.091748,2.155494,1.224069
1.220729,0.116388,0.172943,2.169979,1.350823
1.220729,0.238284,0.254137,2.17,1.47998
1.006597,0.278916,0.25113,2.17,1.614459
0.792464,0.563306,0.491707,2.16975,1.764928
0.3642,0.482042,0.648082,2.150686,1.891606
0.792464,0.847695,0.897681,2.104115,2.010871
0.792464,0.969591,0.978876,2.057322,2.087668
-0.064064,1.213349,1.129236,1.996644,2.15715
-0.064064,1.132102,0.966847,1.910125,2.22575
-0.064064,1.538388,1.53521,1.798846,2.287844
-0.278197,1.457124,1.532203,1.694706,2.312004
-0.278197,1.457124,1.451008,1.668241,2.314658
-0.492329,1.172734,1.204417,1.652365,2.315
-0.278197,1.213349,1.126229,1.568102,2.314888
-0.706461,1.172734,0.957825,1.443891,2.31242
-0.492329,1.050838,1.042027,1.330267,2.305558
-0.278197,0.928959,0.96384,1.234271,2.283214
-1.134725,0.888327,0.870616,1.143672,2.246796
-1.348857,0.685185,0.705219,1.014326,2.204564
-1.348857,0.603938,0.54283,0.8457,2.171999
-1.56299,0.522674,0.458628,0.744304,2.100937
-1.348857,0.563306,0.54283,0.715834,2.01119
-1.56299,0.238284,0.215043,0.707542,1.906741
-1.56299,-0.005491,-0.028541,0.707542,1.805033
-1.56299,-0.12737,0.133849,0.707542,1.738862
-1.56299,0.075773,0.052654,0.709271,1.669667
-1.348857,-0.12737,-0.106728,0.734085,1.521232
-1.348857,-0.249249,-0.269118,0.775622,1.380913
-0.278197,-0.249249,-0.172887,0.81157,1.24606
-0.492329,-0.168002,-0.175894,0.858387,1.093339
-0.706461,-0.005491,-0.097707,0.919625,0.949896
0.150068,0.400795,0.401491,0.997833,0.830543
-0.064064,0.360163,0.317289,1.095152,0.732795
0.3642,0.522674,0.485693,1.172042,0.690642
0.578333,0.64457,0.569895,1.270694,0.635193
0.3642,0.400795,0.404498,1.373986,0.596446
0.792464,0.563306,0.491707,1.502322,0.594
0.578333,0.685185,0.407505,1.613062,0.594
0.578333,0.685185,0.651089,1.73899,0.608038
1.006597,0.563306,0.575909,1.860608,0.6409
1.006597,0.725817,0.738299,1.945958,0.676622
1.220729,0.685185,0.741306,2.038642,0.734417
1.220729,0.400795,0.497722,2.113699,0.818522
1.434861,0.441427,0.500729,2.1425,0.893452
1.434861,0.319531,0.338339,2.1425,0.958782
1.648994,0.319531,0.341346,2.1425,1.018411
1.434861,0.197652,0.094755,2.1366,1.080465
1.648994,0.035141,0.016567,2.108851,1.154387
1.434861,-0.249249,-0.230024,2.066064,1.211921
1.434861,-0.208634,-0.148829,1.98997,1.256478
1.434861,-0.533656,-0.392414,1.92392,1.285296
1.434861,-0.655534,-0.635998,1.801122,1.321408
1.434861,-0.899309,-0.879582,1.687949,1.356443
1.434861,-1.021188,-0.960777,1.563676,1.384224
1.434861,-1.183699,-1.123166,1.446694,1.411556
1.220729,-1.427474,-1.450953,1.302338,1.424975
0.792464,-1.549353,-1.538162,1.176462,1.435136
0.578333,-1.549353,-1.541169,1.078664,1.459674
0.3642,-1.874374,-1.95015,0.96017,1.506333
0.150068,-1.99627,-1.953157,0.868026,1.570412
-1.134725,-1.915006,-1.890006,0.797182,1.638556
-1.134725,-1.508721,-1.565227,0.731753,1.715898
-1.134725,-1.508721,-1.484032,0.687875,1.78525
-1.56299,-1.468106,-1.408852,0.665,1.864779
-1.348857,-1.183699,-1.243455,0.665,1.947571
-1.348857,-0.980556,-1.081065,0.665,2.02992
-1.777122,-0.371145,-0.437522,0.671207,2.106453
-1.348857,-0.77743,-0.837481,0.704099,2.164817
-1.56299,-0.614902,-0.678099,0.746113,2.216437
-1.348857,-0.736798,-0.756286,0.801375,2.25325
-1.348857,-0.533656,-0.593897,0.876219,2.293384
-0.920593,-0.493023,-0.506688,0.975855,2.331379
-0.706461,-0.330513,-0.341291,1.062647,2.349452
-0.706461,-0.005491,-0.016512,1.176431,2.350935
-0.920593,0.075773,-0.019519,1.287354,2.350935
-0.278197,0.075773,0.070697,1.397729,2.34981
-0.278197,-0.086738,-0.091692,1.515083,2.336281
-0.278197,0.15702,0.233087,1.645145,2.304013
-0.064064,0.319531,0.398483,1.769351,2.266079
0.150068,0.685185,0.56388,1.872827,2.214577
0.3642,0.64457,0.648082,1.972267,2.141209
0.578333,0.563306,0.651089,2.054487,2.059566
0.792464,0.725817,0.735291,2.134869,1.955973
0.792464,0.64457,0.654097,2.194827,1.852048
0.792464,0.969591,0.897681,2.219715,1.764842
0.578333,0.928959,0.975868,2.222,1.657522
0.3642,1.172734,1.216445,2.222,1.563089
0.3642,1.09147,1.135251,2.221314,1.494077
0.3642,1.538388,1.541224,2.208018,1.431661
0.150068,1.37586,1.375828,2.163752,1.396133
-0.278197,1.822778,1.856982,2.089493,1.364943
-0.064064,1.497756,1.454015,2.021578,1.343636
-0.064064,1.619635,1.616405,1.933539,1.336195
-0.278197,1.700899,1.694592,1.845052,1.333875
0.150068,1.37586,1.213438,1.739466,1.333
-0.064064,1.253981,1.291626,1.622516,1.333
-0.492329,1.294613,1.285611,1.511185,1.333625
-0.492329,1.294613,1.285611,1.390723,1.33775
-0.920593,1.132102,1.198402,1.27284,1.355419
-0.920593,0.807081,0.792428,1.152916,1.364859
-1.134725,0.888327,0.870616,1.034459,1.364859
-1.348857,0.807081,0.786414,0.934005,1.364859
-0.920593,0.482042,0.548844,0.855213,1.35938
-1.348857,0.278916,0.299245,0.817053,1.340208
-1.348857,0.278916,0.218051,0.771442,1.290122
-1.777122,-0.086738,-0.112743,0.757523,1.229981
-1.56299,-0.208634,-0.19093,0.757523,1.181715
-1.777122,-0.371145,-0.356327,0.757523,1.091222
-1.56299,-0.493023,-0.515709,0.772662,0.989606
-1.56299,-0.736798,-0.596904,0.835968,0.86436
-1.348857,-0.77743,-0.837481,0.901763,0.782437
-1.777122,-1.021188,-1.08708,0.969192,0.718781
-1.56299,-1.305595,-1.327657,1.031384,0.67062
-1.56299,-1.34621,-1.327657,1.122643,0.63898
-1.134725,-1.264963,-1.484032,1.226561,0.637231
-0.920593,-1.83376,-1.886998,1.350579,0.637231
-0.492329,-1.83376,-1.880984,1.477766,0.637585
-0.064064,-1.752496,-1.550191,1.607494,0.648711
0.3642,-1.630617,-1.625371,1.727585,0.667932
0.578333,-1.508721,-1.541169,1.859777,0.703574
1.220729,-1.264963,-1.369758,1.976331,0.749674
1.220729,-1.102452,-1.126174,2.081099,0.822878
1.434861,-0.980556,-1.041972,2.159507,0.901829
1.220729,-0.574288,-0.639005,2.226673,0.981654
1.434861,-0.655534,-0.554803,2.31216,1.090231
1.434861,-0.249249,-0.148829,2.347205,1.189727
1.434861,-0.168002,-0.148829,2.36422,1.320484
1.434861,0.15702,0.094755,2.36422,1.422318
1.434861,0.319531,0.257144,2.36422,1.54131
1.434861,0.035141,0.01356,2.35861,1.663458
1.434861,0.197652,0.257144,2.327436,1.768613
1.220729,0.197652,0.172943,2.251152,1.897931
1.006597,0.400795,0.41352,2.18641,1.998646
1.220729,0.482042,0.497722,2.099857,2.104519
0.792464,0.807081,0.816486,2.008443,2.186354
1.006597,1.132102,1.063078,1.919783,2.244851
0.578333,1.010223,1.057063,1.799686,2.307056
0.3642,0.969591,0.972861,1.68675,2.349696
0.150068,1.294613,1.294633,1.569577,2.3768
0.150068,1.416492,1.457023,1.449873,2.3775
0.150068,1.294613,1.294633,1.347267,2.3775
-0.064064,1.37586,1.454015,1.2351,2.377
-0.064064,1.457124,1.454015,1.11632,2.375644
-0.064064,1.538388,1.454015,1.034092,2.364462
-0.492329,1.37586,1.448001,0.93725,2.333812
-0.706461,1.37586,1.363799,0.847488,2.26741
-0.706461,1.213349,1.120215,0.758013,2.205684
-0.706461,1.132102,1.03902,0.719597,2.131089
-0.706461,1.09147,1.120215,0.702375,2.05284
-1.56299,0.563306,0.539823,0.701012,1.983014
-1.134725,0.603938,0.545837,0.701012,1.868306
-1.56299,0.116388,0.133849,0.702512,1.741063
-1.348857,0.035141,-0.025534,0.721954,1.620469
-1.348857,-0.005491,-0.025534,0.758944,1.494254
-1.56299,-0.168002,-0.272125,0.791397,1.344517
-1.56299,-0.289881,-0.35332,0.809959,1.208017
-1.348857,-0.289881,-0.350313,0.848625,1.07125
-0.492329,-0.858677,-0.825452,0.886,0.9575
-0.278197,-0.899309,-0.822445,0.94258,0.846834
-0.064064,-1.34621,-1.387801,1.002425,0.766345
0.150068,-1.102452,-1.14121,1.071147,0.702024
0.578333,-1.143067,-1.054,1.138508,0.658891
0.792464,-1.224331,-1.213383,1.225498,0.648103
1.006597,-0.818045,-0.804402,1.3375,0.648103
1.220729,-1.06182,-1.044979,1.452617,0.648103
1.220729,-0.77743,-0.882589,1.566145,0.656349
1.220729,-0.77743,-0.7202,1.659064,0.691827
1.434861,-0.452391,-0.392414,1.758994,0.75075
1.220729,-0.371145,-0.314226,1.840431,0.816185
1.648994,-0.086738,-0.064627,1.897325,0.883106
1.648994,-0.086738,-0.064627,1.942515,0.989816
1.434861,-0.086738,-0.067635,1.960625,1.089
1.220729,-0.168002,-0.151837,1.9722,1.160825
1.006597,-0.046123,-0.073649,1.973,1.251312
1.220729,-0.086738,-0.070642,1.973,1.348979
1.006597,-0.046123,0.007546,1.971413,1.45864
1.006597,0.197652,0.25113,1.946239,1.573337
0.792464,0.522674,0.491707,1.894045,1.691799
1.006597,0.522674,0.494714,1.846186,1.781594
0.792464,0.766449,0.816486,1.799082,1.843884
0.792464,0.807081,0.654097,1.728432,1.942007
0.578333,1.132102,1.057063,1.640735,2.018077
0.3642,1.050838,1.054056,1.533188,2.122493
0.3642,1.213349,1.216445,1.448128,2.182552
-0.064064,1.497756,1.616405,1.35244,2.210941
-0.064064,1.782146,1.778794,1.267525,2.222828
-0.064064,1.700899,1.616405,1.239394,2.227685
0.150068,1.37586,1.457023,1.160026,2.227685
-0.064064,1.538388,1.53521,1.063522,2.222251
-0.064064,1.294613,1.372821,0.991321,2.209809
-0.278197,1.37586,1.288619,0.938104,2.178196
-0.278197,1.457124,1.451008,0.909875,2.132125
-0.278197,1.213349,1.126229,0.886311,2.075528
-0.492329,1.253981,1.204417,0.809675,2.0354
-0.492329,1.09147,1.042027,0.776246,1.969756
-0.492329,0.888327,0.879638,0.771046,1.871028
-0.706461,0.807081,0.795436,0.770127,1.757786
-0.706461,0.766449,0.633046,0.77,1.64213
-1.134725,0.64457,0.627032,0.77,1.524433
-1.348857,0.603938,0.54283,0.770438,1.3967
-1.56299,0.603938,0.539823,0.771483,1.294606
-1.348857,0.522674,0.461635,0.78291,1.193679
-1.348857,0.319531,0.299245,0.789966,1.078592
-1.348857,0.238284,0.218051,0.805988,0.98319
-1.348857,-0.12737,-0.106728,0.834941,0.89653
-1.56299,-0.12737,0.052654,0.87704,0.823036
-1.348857,-0.168002,-0.187923,0.931532,0.765829
-1.134725,-0.696166,-0.753279,0.994736,0.718917
-0.920593,-0.939941,-0.831467,1.053648,0.681786
-1.348857,-1.143067,-1.405844,1.141029,0.65754
-1.134725,-1.305595,-1.321642,1.251875,0.654436
-1.348857,-1.34621,-1.405844,1.363369,0.654436
-1.56299,-1.711864,-1.652436,1.464975,0.654436
-0.706461,-2.036902,-2.046381,1.564996,0.65779
-0.706461,-1.874374,-1.965186,1.669939,0.675252
-0.920593,-1.427474,-1.39983,1.7716,0.698631
-0.706461,-1.183699,-1.153238,1.862163,0.73287
-0.920593,-0.980556,-0.993856,1.946506,0.783125
-0.706461,-0.736798,-0.828459,2.016274,0.866562
-0.492329,-0.655534,-0.663063,2.077399,0.912396
-0.492329,-0.655534,-0.744258,2.133192,0.994395
-0.492329,-0.249249,-0.257089,2.175005,1.080191
-0.492329,0.197652,0.148885,2.18975,1.173625
-0.492329,0.238284,0.148885,2.195807,1.302214
-0.492329,0.197652,0.23008,2.19818,1.435682
-0.278197,0.482042,0.476671,2.19818,1.547635
0.150068,0.725817,0.72627,2.19818,1.662362
-0.064064,0.766449,0.723263,2.190477,1.798679
-0.278197,1.172734,1.126229,2.14859,1.923581
-0.278197,1.497756,1.369813,2.119364,2.008413
0.150068,1.619635,1.538217,2.07589,2.079222
-0.064064,1.457124,1.372821,2.046386,2.091
0.150068,1.416492,1.457023,2.037199,2.091
0.578333,1.538388,1.544232,2.02092,2.089103
0.3642,1.457124,1.541224,1.970833,2.045696
0.150068,1.497756,1.457023,1.948701,1.972096
0.3642,1.213349,1.29764,1.917627,1.887639
0.150068,1.294613,1.294633,1.879402,1.780295
0.150068,1.050838,1.132243,1.8433,1.6602
0.578333,0.969591,0.813479,1.764089,1.566855
0.578333,0.807081,0.894674,1.673768,1.48585
1.006597,0.766449,0.657104,1.645113,1.456829
0.792464,0.64457,0.735291,1.591185,1.393142
0.792464,0.400795,0.491707,1.506681,1.287853
1.006597,0.482042,0.41352,1.439492,1.180679
1.434861,0.278916,0.338339,1.371907,1.0954
1.434861,0.441427,0.419534,1.278353,1.022367
1.220729,0.116388,0.172943,1.191273,0.963496
1.434861,-0.249249,-0.230024,1.120368,0.925138
1.434861,-0.249249,-0.230024,1.03829,0.920806
1.434861,-0.614902,-0.554803,0.9899,0.920806
1.434861,-0.655534,-0.554803,0.935158,0.921007
1.434861,-0.939941,-0.879582,0.877964,0.949822
1.434861,-0.818045,-0.879582,0.827638,0.999978
1.220729,-1.427474,-1.450953,0.797748,1.09423
1.434861,-1.508721,-1.447945,0.769941,1.187133
1.434861,-1.671249,-1.69153,0.745312,1.293385
1.006597,-1.793128,-1.778739,0.733504,1.396264
0.578333,-1.83376,-1.784753,0.725951,1.507184
0.150068,-1.99627,-1.953157,0.721458,1.617165
-0.064064,-1.955638,-2.037359,0.721458,1.720945
-0.706461,-1.711864,-1.721602,0.721458,1.812
-1.134725,-1.793128,-1.808811,0.728383,1.912758
-1.134725,-1.468106,-1.565227,0.812222,2.006659
-1.348857,-1.305595,-1.405844,0.902075,2.069648
-1.348857,-1.06182,-1.16226,1.002069,2.132992
-1.777122,-0.980556,-0.92469,1.091241,2.197034
-1.777122,-1.06182,-1.08708,1.176334,2.259224
-1.56299,-0.736798,-0.759294,1.291087,2.316389
-1.348857,-0.452391,-0.593897,1.375036,2.348822
-1.134725,-0.086738,-0.103721,1.461695,2.371517
-1.777122,0.15702,0.049647,1.516875,2.373
-1.348857,0.238284,0.055661,1.573202,2.373
-1.348857,0.15702,0.136856,1.655383,2.37223
-1.56299,0.482042,0.377433,1.744348,2.349036
-1.348857,0.441427,0.38044,1.872793,2.3023
-1.134725,0.603938,0.545837,1.974493,2.234931
-0.920593,0.847695,0.711234,2.057434,2.142437
-0.920593,1.09147,0.792428,2.136313,2.04715
-1.348857,1.172734,1.111193,2.213252,1.937967
-1.134725,1.213349,1.195395,2.282629,1.824994
-0.706461,1.253981,1.282604,2.332223,1.725347
-0.706461,1.253981,1.201409,2.357692,1.609467
0.150068,1.579003,1.700607,2.364,1.476722
-0.278197,1.294613,1.207424,2.364,1.366809
-0.064064,1.619635,1.53521,2.362,1.254068
-0.278197,1.538388,1.532203,2.35525,1.16503
0.150068,1.497756,1.457023,2.333418,1.068537
-0.064064,1.294613,1.372821,2.30507,0.974141
0.150068,1.294613,1.375828,2.243743,0.886539
0.3642,1.172734,1.135251,2.173391,0.821369
0.578333,1.050838,0.813479,2.088798,0.766305
0.3642,0.888327,0.810472,2.009295,0.715635
0.3642,0.807081,0.810472,1.917625,0.66575
0.150068,0.64457,0.888659,1.823648,0.621888
0.3642,0.278916,0.323303,1.717499,0.601585
0.3642,0.238284,0.242108,1.612172,0.586671
0.150068,-0.086738,0.076712,1.514612,0.578767
0.150068,-0.330513,-0.248067,1.435393,0.578767
-0.278197,-0.371145,-0.335277,1.343047,0.578767
0.150068,-0.736798,-0.735236,1.268117,0.583767
0.150068,-0.77743,-0.816431,1.188611,0.618169
-0.064064,-0.818045,-0.819438,1.110984,0.654288
-0.278197,-1.102452,-1.066029,1.052355,0.695902
-0.492329,-1.102452,-1.150231,0.998908,0.753965
-0.278197,-1.427474,-1.390808,0.978203,0.822507
-0.706461,-1.83376,-1.802797,0.966121,0.901234
-0.706461,-1.99627,-1.883991,0.966121,0.990917
-0.706461,-1.99627,-1.965186,0.966121,1.072883
-0.920593,-2.118149,-2.049388,0.971344,1.162156
-0.492329,-2.077517,-1.880984,1.012161,1.24835
-0.064064,-2.036902,-1.956164,1.067764,1.31528
0.3642,-1.874374,-1.95015,1.120125,1.38775
1.220729,-1.589985,-1.613342,1.181651,1.451284
1.220729,-1.508721,-1.532147,1.276295,1.508192
1.434861,-1.549353,-1.447945,1.38168,1.553062
1.434861,-0.939941,-0.879582,1.496246,1.596297
1.434861,-0.939941,-0.879582,1.611176,1.641524
1.220729,-0.77743,-0.801395,1.719499,1.701678
1.434861,-0.533656,-0.473608,1.81275,1.764367
1.434861,-0.655534,-0.554803,1.88625,1.820875
1.648994,-0.452391,-0.389406,1.967116,1.870568
1.648994,-0.12737,-0.145822,2.026458,1.937132
1.434861,-0.12737,-0.148829,2.043376,1.995213
1.434861,-0.005491,-0.067635,2.045074,2.060172
1.220729,-0.005491,0.010553,2.045074,2.125366
1.220729,0.15702,0.254137,2.042435,2.180051
1.220729,0.278916,0.335332,1.999595,2.241766
1.220729,0.441427,0.416527,1.925916,2.291585
1.006597,0.563306,0.575909,1.833923,2.336227
1.006597,0.319531,0.41352,1.753639,2.372755
0.792464,0.482042,0.410512,1.669615,2.387865
0.792464,0.360163,0.329318,1.555495,2.399803
0.578333,0.319531,0.32631,1.438181,2.403
0.578333,0.482042,0.651089,1.337416,2.403
0.3642,0.64457,0.729277,1.223609,2.403
-0.064064,0.685185,0.642068,1.118997,2.400523
-0.064064,0.563306,0.642068,1.031722,2.383962
-0.278197,0.685185,0.639061,0.948973,2.355063
-0.492329,0.400795,0.392469,0.877841,2.313079
-0.706461,0.522674,0.470657,0.830268,2.261358
-1.348857,0.522674,0.461635,0.787137,2.20326
-1.134725,0.197652,0.221058,0.758414,2.131942
-1.348857,0.400795,0.299245,0.75619,2.03588
-1.348857,0.238284,0.218051,0.75619,1.927494
-1.348857,0.197652,0.218051,0.757452,1.826669
-1.777122,-0.005491,-0.031548,0.775541,1.730985
-1.56299,-0.12737,-0.19093,0.800162,1.654656
-1.777122,-0.086738,-0.112743,0.837173,1.56711
-1.56299,-0.371145,-0.434515,0.883888,1.477854
-1.56299,-0.452391,-0.515709,0.947894,1.383838
-1.56299,-0.818045,-0.840488,1.011772,1.306033
-1.348857,-0.980556,-0.999871,1.082248,1.233948
-1.56299,-1.305595,-1.327657,1.164045,1.160423
-1.56299,-1.427474,-1.246462,1.227556,1.105354
-1.348857,-1.630617,-1.649429,1.317126,1.038484
-1.134725,-1.589985,-1.646421,1.415959,0.978132
-0.706461,-1.83376,-1.721602,1.508295,0.935432
-0.492329,-1.671249,-1.556205,1.619954,0.89511
-0.278197,-1.874374,-1.877977,1.709917,0.882
0.150068,-1.630617,-1.465989,1.805091,0.882
0.3642,-1.711864,-1.706566,1.896671,0.882
0.578333,-1.589985,-1.622364,1.948036,0.887052
0.150068,-1.34621,-1.303599,2.027287,0.942032
0.3642,-1.305595,-1.219397,2.112619,1.00005
0.150068,-0.980556,-0.897625,2.170554,1.058129
0.150068,-0.980556,-0.97882,2.207875,1.120375
-0.278197,-0.493023,-0.497666,2.236991,1.210231
-0.064064,-0.452391,-0.494659,2.263005,1.312532
-0.064064,-0.493023,-0.494659,2.2685,1.392627
-0.492329,-0.12737,-0.094699,2.2685,1.483664
-0.492329,0.075773,-0.013505,2.2685,1.551895
-0.278197,0.238284,0.151892,2.256507,1.675839
-0.492329,0.319531,0.392469,2.206363,1.807679
-0.492329,0.482042,0.473664,2.147947,1.92572
-0.064064,0.64457,0.642068,2.086635,2.026576
-0.278197,1.010223,0.96384,2.019846,2.056344
-0.064064,0.928959,0.885652,1.923258,2.099199
-0.278197,1.132102,1.126229,1.828997,2.143679
-0.064064,1.457124,1.454015,1.771963,2.145357
-0.278197,1.335245,1.288619,1.725797,2.145357
-0.064064,1.294613,1.291626,1.692963,2.145088
0.3642,1.09147,1.135251,1.668107,2.128227
0.3642,1.172734,1.135251,1.637538,2.100726
0.150068,1.213349,1.213438,1.618974,2.072443
0.3642,1.213349,1.216445,1.615867,2.030124
0.792464,1.253981,1.22246,1.605594,1.945804
0.578333,1.050838,1.138258,1.584487,1.817528
1.006597,0.969591,1.144272,1.562325,1.691788
0.792464,0.725817,0.735291,1.544652,1.595369
1.006597,0.64457,0.738299,1.512008,1.457543
0.792464,0.482042,0.491707,1.483542,1.328565
1.006597,0.482042,0.575909,1.468752,1.265893
1.006597,0.319531,0.41352,1.456186,1.231841
1.220729,0.360163,0.335332,1.411779,1.169203
1.434861,0.075773,0.094755,1.34929,1.052272
1.220729,0.075773,0.010553,1.288859,1.01841
1.648994,-0.249249,-0.145822,1.243683,1.011181
1.434861,-0.493023,-0.392414,1.205081,1.006615
1.220729,-0.614902,-0.639005,1.156472,1.000622
1.434861,-0.818045,-0.879582,0.999144,1.001782
1.220729,-0.980556,-0.963784,0.921722,1.010778
1.006597,-1.06182,-0.966791,0.874155,1.046928
0.792464,-1.224331,-1.456967,0.834704,1.098069
0.3642,-1.427474,-1.462981,0.797124,1.174891
-0.064064,-1.386842,-1.468996,0.755743,1.260418
0.150068,-1.874374,-1.871962,0.721732,1.391966
-0.064064,-1.83376,-1.793775,0.717766,1.56175
0.150068,-2.199413,-2.196741,0.717766,1.675895
-0.278197,-2.077517,-2.040366,0.718184,1.778443
-0.278197,-2.077517,-2.040366,0.727407,1.862896
-0.706461,-1.671249,-1.640407,0.753971,1.940987
-0.492329,-1.589985,-1.556205,0.799492,2.025425
-1.56299,-1.427474,-1.490046,0.864474,2.097096
-1.777122,-1.021188,-1.005885,0.953762,2.156419
-1.56299,-1.102452,-1.084073,1.045392,2.192458
-1.56299,-0.655534,-0.678099,1.155371,2.22794
-1.348857,-0.493023,-0.512702,1.250488,2.260164
-1.56299,-0.574288,-0.515709,1.365569,2.295403
-1.56299,-0.249249,-0.272125,1.476307,2.315312
-1.777122,-0.046123,-0.031548,1.579284,2.317373
-1.56299,-0.12737,-0.109736,1.686641,2.317373
-1.56299,0.522674,0.539823,1.761418,2.317373
-1.56299,-0.046123,-0.028541,1.851953,2.296965
-1.348857,0.603938,0.461635,1.936145,2.250503
-1.348857,0.197652,0.136856,1.994298,2.201202
-1.348857,0.360163,0.299245,2.07289,2.113158
-1.348857,0.482042,0.461635,2.1465,1.995024
-1.134725,0.563306,0.545837,2.189131,1.887352
-1.56299,0.563306,0.621017,2.239137,1.74657
-0.920593,0.888327,0.873623,2.264529,1.63639
-0.492329,1.172734,1.123222,2.299928,1.523591
-0.492329,1.172734,1.204417,2.307458,1.418933
-0.492329,1.213349,1.204417,2.307458,1.29
-0.278197,1.050838,1.045034,2.307458,1.199561
-0.492329,1.538388,1.61039,2.291913,1.122731
-0.278197,1.538388,1.369813,2.258539,1.045326
-0.064064,1.37586,1.372821,2.225561,0.982331
-0.064064,1.294613,1.372821,2.173732,0.931329
0.150068,0.969591,0.969854,2.095459,0.892781
0.3642,1.213349,1.216445,2.017907,0.864753
0.578333,1.010223,1.057063,1.921718,0.835176
0.578333,1.050838,0.975868,1.847714,0.808839
0.578333,0.888327,0.894674,1.74902,0.78393
0.792464,0.888327,0.816486,1.655655,0.76441
0.792464,0.64457,0.735291,1.55629,0.747633
1.006597,0.441427,0.575909,1.471849,0.7465
1.006597,0.319531,0.332325,1.364853,0.7465
1.434861,0.360163,0.419534,1.257359,0.747951
1.434861,0.15702,0.17595,1.184481,0.7785
1.220729,0.075773,0.091748,1.101528,0.832664
1.434861,-0.005491,-0.067635,1.053028,0.870819
1.434861,-0.12737,-0.067635,0.987941,0.93826
1.220729,-0.12737,-0.151837,0.956672,1.023311
1.006597,0.116388,0.088741,0.913375,1.103125
1.006597,-0.168002,-0.154844,0.873448,1.209527
0.578333,-0.289881,-0.242053,0.846396,1.334037
0.3642,-0.005491,-0.001476,0.818281,1.442094
0.150068,-0.005491,-0.004483,0.811082,1.534232
0.150068,0.075773,-0.004483,0.809134,1.637745
0.150068,0.15702,0.076712,0.809134,1.745286
-0.278197,0.847695,0.882645,0.812019,1.841233
-0.278197,0.807081,0.80145,0.822625,1.899492
-0.706461,0.725817,0.714241,0.848943,1.92
-0.706461,0.603938,0.633046,0.874905,1.92
-0.492329,0.847695,0.717248,0.929971,1.92
-0.920593,0.807081,0.630039,0.976342,1.907633
-1.134725,0.888327,0.870616,1.022966,1.835684
-1.134725,0.847695,0.789421,1.06229,1.755409
-1.134725,0.807081,0.789421,1.089021,1.694484
-1.134725,0.64457,0.627032,1.136965,1.586823
-0.920593,0.482042,0.548844,1.198452,1.474582
-1.134725,0.482042,0.464642,1.284418,1.364761
-1.348857,0.360163,0.38044,1.359215,1.219046
-1.56299,0.15702,0.133849,1.421579,1.085263
-1.991254,-0.005491,-0.034555,1.51994,0.94821
-1.348857,-0.411777,-0.350313,1.602352,0.85278
-1.134725,-0.493023,-0.509695,1.696051,0.775725
-1.134725,-0.696166,-0.672084,1.771072,0.7575
-1.777122,-1.183699,-1.168275,1.832347,0.7575
-1.56299,-1.224331,-1.246462,1.881983,0.7575
-1.348857,-1.34621,-1.405844,1.933125,0.767
-0.920593,-1.305595,-1.318635,1.998296,0.820641
-1.134725,-1.83376,-1.727616,2.047171,0.898762
-1.134725,-1.874374,-1.808811,2.093074,0.990633
-0.706461,-1.874374,-1.965186,2.157226,1.088065
-0.706461,-1.99627,-1.965186,2.181446,1.206407
-0.706461,-1.955638,-1.965186,2.217085,1.313338
-0.278197,-2.077517,-1.959172,2.245689,1.416219
0.150068,-1.589985,-1.709573,2.256755,1.549925
0.578333,-1.83376,-1.784753,2.256755,1.667
0.578333,-1.874374,-1.784753,2.256755,1.788255
1.006597,-1.630617,-1.616349,2.235601,1.883988
1.006597,-1.386842,-1.45396,2.185557,2.000398
1.006597,-1.386842,-1.372765,2.168382,2.092868
0.792464,-1.468106,-1.375772,2.130945,2.183068
1.006597,-1.386842,-1.45396,2.059663,2.2537
0.578333,-1.305595,-1.297585,1.977531,2.310842
0.150068,-1.143067,-1.222404,1.901994,2.350736
-0.064064,-1.183699,-1.144217,1.838299,2.371833
-0.064064,-0.899309,-0.819438,1.778583,2.375
-0.064064,-0.899309,-0.981827,1.7129,2.375
-0.278197,-0.736798,-0.822445,1.625809,2.374625
-0.706461,-0.655534,-0.66607,1.578594,2.363245
-0.492329,-0.493023,-0.500673,1.539602,2.340525
-0.706461,-0.411777,-0.422486,1.526674,2.316559
-0.706461,-0.168002,-0.341291,1.524174,2.26952
-0.920593,0.238284,0.224065,1.524174,2.202317
-1.134725,0.482042,0.464642,1.525104,2.1118
-1.134725,0.563306,0.545837,1.54774,1.9681
-1.348857,0.685185,0.54283,1.579316,1.885463
-1.134725,0.928959,0.789421,1.639241,1.79035
-1.134725,1.132102,1.1142,1.705207,1.668433
-1.348857,1.457124,1.354777,1.742589,1.540687
-1.134725,1.050838,1.033005,1.783167,1.407
-0.920593,1.010223,1.036013,1.814011,1.296659
-0.920593,1.416492,1.360792,1.834,1.1742
-0.492329,1.37586,1.366806,1.834,1.064069
-0.278197,1.172734,1.207424,1.834,0.950361
-0.706461,1.132102,1.120215,1.823096,0.83926
-0.278197,1.213349,1.126229,1.790842,0.7547
-0.278197,1.050838,1.045034,1.754531,0.70443
-0.278197,0.888327,0.882645,1.704511,0.669389
-0.278197,0.725817,0.80145,1.643626,0.640141
-0.278197,0.441427,0.395476,1.575316,0.637
0.150068,0.400795,0.482685,1.496287,0.637
-0.064064,-0.005491,-0.088685,1.4435,0.6385
-0.064064,-0.411777,-0.332269,1.397305,0.666538
-0.064064,-0.574288,-0.575854,1.371145,0.702453
0.150068,-0.736798,-0.735236,1.357975,0.734644
0.3642,-0.818045,-0.813423,1.3532,0.812747
0.792464,-1.021188,-0.969798,1.3532,0.905125
1.006597,-1.143067,-1.210376,1.3532,0.993864
1.220729,-1.143067,-1.126174,1.360942,1.104818
1.006597,-1.305595,-1.129181,1.37896,1.224483
1.434861,-1.021188,-0.960777,1.390054,1.367573
1.434861,-1.102452,-1.041972,1.396802,1.518971
1.434861,-0.858677,-0.717193,1.456573,1.645213
1.434861,-0.411777,-0.717193,1.493753,1.776025
1.648994,-0.371145,-0.389406,1.504309,1.892511
1.434861,-0.046123,-0.473608,1.511125,2.020572
1.434861,-0.208634,-0.230024,1.512176,2.139339
1.648994,-0.289881,-0.227017,1.511733,2.213774
1.434861,0.075773,0.094755,1.49694,2.276594
1.434861,0.197652,0.257144,1.471405,2.335667
1.434861,0.197652,0.17595,1.320405,2.366
1.220729,0.360163,0.416527,1.222077,2.3665
1.220729,0.685185,0.741306,1.129558,2.3665
0.792464,0.685185,0.735291,1.043667,2.34575
0.792464,0.64457,0.654097,0.953547,2.327961
0.792464,0.888327,0.978876,0.806515,2.274573
0.578333,0.888327,0.975868,0.728543,2.206072
0.578333,1.010223,0.975868,0.686059,2.1231
0.578333,1.172734,1.300647,0.655508,2.020567
0.3642,1.294613,1.29764,0.653717,1.919544
0.3642,1.213349,1.29764,0.653717,1.801554
0.3642,1.660267,1.29764,0.653717,1.670722
0.150068,1.294613,1.213438,0.669373,1.53263
-0.278197,1.213349,1.207424,0.680771,1.405669
-0.278197,1.294613,1.288619,0.687833,1.33889
-0.920593,1.010223,1.036013,0.713085,1.244563
-1.134725,1.132102,1.195395,0.75755,1.144687
-0.920593,1.294613,1.198402,0.822101,1.025936
-1.348857,1.09147,1.111193,0.885247,0.919445
-1.134725,1.172734,1.1142,0.955749,0.827249
-1.348857,1.132102,1.111193,1.029838,0.746553
-1.134725,1.132102,1.1142,1.102734,0.691921
-0.920593,1.132102,1.117207,1.203434,0.652246
-0.920593,1.050838,0.954818,1.305364,0.622575
-0.920593,0.928959,1.036013,1.402196,0.600009
-0.706461,0.888327,0.87663,1.479773,0.5942
-0.706461,0.482042,0.470657,1.552026,0.5942
-0.492329,0.319531,0.392469,1.617123,0.5942
-0.920593,0.278916,0.224065,1.649067,0.596975
-0.706461,0.238284,0.308267,1.649067,0.613448
-0.278197,-0.086738,-0.172887,1.649067,0.642333
-0.492329,-0.168002,-0.257089,1.647956,0.687459
-0.278197,-0.330513,-0.497666,1.623763,0.74012
-0.278197,-0.574288,-0.660056,1.614474,0.803158
-0.492329,-0.736798,-0.744258,1.612,0.888537
-0.064064,-1.183699,-1.144217,1.612,0.981067
-0.278197,-1.264963,-1.228419,1.613147,1.085019
-0.064064,-1.305595,-1.306606,1.633126,1.225991
0.3642,-1.549353,-1.625371,1.655175,1.319311
0.578333,-1.671249,-1.622364,1.69331,1.379376
0.792464,-1.305595,-1.294578,1.728275,1.443057
1.006597,-1.427474,-1.372765,1.74721,1.503862
1.006597,-1.264963,-1.210376,1.74721,1.55058
1.220729,-1.021188,-1.044979,1.74721,1.64751
1.434861,-0.980556,-0.960777,1.744314,1.769705
1.648994,-0.858677,-0.79538,1.73553,1.883756
1.434861,-0.736798,-0.717193,1.729027,1.950779
1.220729,-0.696166,-0.7202,1.709614,2.028871
1.648994,-0.452391,-0.389406,1.672155,2.114315
1.220729,-0.493023,-0.55781,1.600608,2.203373
1.006597,-0.371145,-0.560818,1.508145,2.274211
1.220729,-0.086738,-0.070642,1.457792,2.322244
1.006597,0.116388,-0.236038,1.401789,2.36318
1.006597,0.15702,0.088741,1.309042,2.374
1.006597,0.238284,0.25113,1.226815,2.374
0.792464,0.563306,0.572902,1.161388,2.374
0.792464,0.522674,0.491707,1.106796,2.359553
0.578333,0.725817,0.651089,1.068619,2.309114
0.578333,0.685185,0.651089,1.0237,2.24209
0.792464,0.847695,1.384849,0.944169,2.15628
0.150068,1.457124,1.457023,0.924865,2.062111
-0.064064,1.538388,1.53521,0.908566,1.947487
0.150068,1.538388,1.619412,0.90031,1.823793
-0.064064,1.416492,1.454015,0.888344,1.693794
-0.064064,1.213349,1.291626,0.877879,1.548888
-0.064064,1.294613,1.210431,0.877508,1.414496
-0.492329,1.213349,1.204417,0.877508,1.27382
-0.706461,1.253981,1.282604,0.877633,1.126311
-0.706461,1.09147,1.03902,0.891469,1.012534
-0.920593,1.050838,1.117207,0.927407,0.906918
-0.920593,0.685185,0.711234,0.973479,0.835531
-0.920593,0.685185,0.711234,1.0335,0.773375
-1.56299,0.725817,0.621017,1.091948,0.7147
-1.56299,0.685185,0.621017,1.191457,0.66108
-1.56299,0.482042,0.458628,1.297881,0.624388
-1.134725,0.441427,0.383447,1.389992,0.615968
-1.348857,0.522674,0.38044,1.503933,0.615968
-1.134725,0.15702,0.058668,1.606396,0.615968
-1.134725,0.116388,0.058668,1.715495,0.617612
-1.56299,-0.371145,-0.35332,1.822187,0.642309
-1.56299,-0.533656,-0.515709,1.916204,0.687593
-1.348857,-0.574288,-0.593897,1.99495,0.738928
-1.777122,-0.858677,-0.92469,2.045125,0.787875
-1.56299,-1.305595,-1.327657,2.105208,0.864897
-1.134725,-1.264963,-1.159253,2.148506,0.956349
-1.348857,-1.671249,-1.649429,2.182239,1.052542
-1.777122,-1.793128,-1.817833,2.209867,1.15216
-0.706461,-1.630617,-1.721602,2.228076,1.259766
-0.492329,-1.874374,-1.718595,2.247933,1.367299
-0.064064,-1.589985,-1.87497,2.276313,1.477313
-0.064064,-1.671249,-1.71258,2.310635,1.603953
0.3642,-1.468106,-1.381787,2.315,1.703406
0.3642,-1.630617,-1.625371,2.315,1.810042
0.792464,-1.508721,-1.538162,2.315,1.890724
1.006597,-1.183699,-1.129181,2.305775,1.951783
1.006597,-0.939941,-0.885597,2.256735,2.020355
1.006597,-0.696166,-0.642012,2.20375,2.063
1.220729,-0.655534,-0.7202,2.1056,2.0967
1.434861,-0.411777,-0.392414,2.008669,2.131625
1.220729,-0.493023,-0.395421,1.902654,2.155484
1.220729,-0.371145,-0.395421,1.781911,2.17927
1.220729,-0.330513,-0.314226,1.666398,2.200458
1.006597,-0.289881,-0.236038,1.556614,2.218564
1.006597,-0.12737,-0.154844,1.427703,2.222497
0.792464,-0.086738,-0.076656,1.324388,2.222497
0.792464,-0.046123,0.004539,1.216509,2.222497
0.3642,0.360163,0.323303,1.150923,2.215354
0.578333,0.522674,0.569895,1.093979,2.177735
0.150068,0.969591,0.888659,1.050959,2.129338
0.3642,0.603938,0.648082,1.021253,2.060235
0.3642,0.969591,1.054056,0.99129,1.953089
0.150068,1.132102,1.132243,0.976625,1.854458
0.150068,1.050838,1.132243,0.970002,1.74229
-0.278197,1.37586,1.369813,0.964458,1.624071
-0.064064,1.782146,1.778794,0.958308,1.511588
-0.064064,1.294613,1.372821,0.954949,1.364799
-0.278197,1.538388,1.613398,0.954949,1.249755
-0.278197,1.37586,1.288619,0.954949,1.116609
-0.278197,1.335245,1.369813,0.959093,0.993738
-0.064064,1.213349,1.210431,0.9704,0.8798
-0.492329,1.294613,1.123222,0.98375,0.798909
-0.706461,1.132102,1.201409,1.00954,0.741864
-0.920593,1.172734,1.117207,1.05829,0.679025
-1.134725,1.132102,1.195395,1.110992,0.635453
-1.134725,1.010223,0.951811,1.187559,0.594848
-0.706461,0.522674,0.551851,1.25001,0.572978
-1.348857,0.603938,0.624024,1.346108,0.570637
-1.348857,0.522674,0.461635,1.449675,0.570637
-1.777122,0.563306,0.536815,1.527608,0.570637
-1.348857,0.64457,0.624024,1.649092,0.577008
-0.920593,0.64457,0.630039,1.770955,0.597187
-1.777122,0.64457,0.61801,1.942337,0.6351
-0.920593,0.075773,0.061676,2.029268,0.672414
-0.706461,0.15702,0.145878,2.083827,0.697748
-0.278197,0.278916,0.314282,2.102967,0.718189
0.150068,0.319531,0.157906,2.102967,0.744821
0.150068,0.319531,0.401491,2.102967,0.775167
0.3642,0.278916,0.323303,2.075225,0.821258
0.3642,0.15702,0.160914,1.962383,0.854912
0.792464,0.197652,0.166928,1.879039,0.907815
0.792464,0.319531,0.248123,1.799292,0.968005
1.220729,0.360163,0.335332,1.697885,1.048275
1.220729,0.482042,0.578916,1.629622,1.101324
1.434861,0.400795,0.500729,1.538783,1.178751
1.220729,0.319531,0.335332,1.441249,1.271834
1.220729,0.319531,0.335332,1.357,1.35
1.220729,0.441427,0.254137,1.2123,1.45682
1.434861,-0.046123,-0.148829,1.07436,1.53387
1.863126,0.035141,0.019575,0.958994,1.627205
1.648994,0.035141,0.097762,0.865163,1.725922
1.648994,-0.168002,-0.145822,0.806568,1.798041
1.434861,-0.289881,-0.311219,0.791148,1.823796
1.434861,-0.411777,-0.473608,0.791148,1.894657
1.434861,-0.696166,-0.717193,0.791148,1.970188
1.434861,-0.899309,-0.879582,0.820765,1.998136
1.434861,-1.224331,-1.123166,0.858193,2.033568
1.434861,-1.386842,-1.366751,0.896019,2.081633
1.648994,-1.386842,-1.363743,0.943653,2.126042
0.578333,-1.630617,-1.622364,1.009374,2.219004
0.150068,-1.671249,-1.547183,1.080597,2.277919
-0.064064,-2.28066,-2.199749,1.137438,2.298171
-0.278197,-2.199413,-2.202756,1.177182,2.309642
-1.348857,-1.874374,-1.811818,1.221165,2.370067
-1.348857,-1.183699,-1.243455,1.329886,2.370067
-1.777122,-1.143067,-1.249469,1.453595,2.370067
-1.991254,-1.021188,-1.008892,1.601764,2.364224
-1.991254,-0.899309,-1.008892,1.744207,2.31601
-1.777122,-0.696166,-0.518717,1.862458,2.254875
-1.56299,-0.289881,-0.35332,1.975493,2.183402
-1.777122,-0.249249,-0.275132,2.060792,2.11929
-1.56299,-0.371145,-0.35332,2.149682,2.024622
-1.777122,-0.046123,-0.112743,2.23714,1.91488
-1.56299,-0.005491,-0.028541,2.302897,1.810758
-1.134725,0.116388,0.139863,2.336341,1.709408
-1.134725,0.197652,0.139863,2.353036,1.611732
-0.920593,0.075773,0.14287,2.368658,1.499898
-1.348857,0.15702,0.136856,2.374,1.402897
-1.134725,0.360163,0.383447,2.374,1.311237
-0.920593,0.522674,0.386455,2.374,1.218188
-1.134725,0.807081,0.383447,2.366067,1.143305
-0.492329,1.050838,0.960832,2.358,1.102
-0.278197,1.457124,1.532203,2.352063,1.079444
-0.278197,1.37586,1.207424,2.334686,1.038286
0.3642,1.213349,1.29764,2.293728,0.997476
0.3642,1.294613,1.29764,2.256358,0.968929
0.3642,1.132102,1.216445,2.19081,0.94262
0.3642,1.132102,1.054056,2.105616,0.924751
0.3642,0.969591,0.972861,2.015382,0.902424
0.792464,0.969591,0.978876,1.893344,0.879686
0.578333,0.888327,0.894674,1.845625,0.86675
1.006597,0.847695,0.819493,1.719292,0.837606
0.792464,0.685185,0.654097,1.603587,0.830844
1.220729,0.238284,0.335332,1.50246,0.830844
1.220729,0.441427,0.497722,1.366861,0.830844
1.220729,0.400795,0.416527,1.26475,0.837625
1.220729,0.441427,0.416527,1.179328,0.874904
1.434861,0.360163,0.338339,1.077002,0.928165
1.220729,0.075773,0.010553,0.994957,0.992491
1.434861,-0.249249,-0.148829,0.91955,1.091918
1.220729,-0.168002,-0.151837,0.867967,1.196659
1.434861,-0.452391,-0.473608,0.821801,1.303665
1.434861,-0.533656,-0.473608,0.784256,1.406036
1.434861,-0.858677,-0.879582,0.745536,1.510348
1.006597,-0.899309,-0.966791,0.730857,1.630132
1.006597,-1.183699,-1.210376,0.730857,1.748507
0.792464,-1.34621,-1.375772,0.730857,1.86919
0.792464,-1.630617,-1.456967,0.73508,1.952898
0.578333,-1.793128,-1.784753,0.762145,2.025336
0.150068,-1.955638,-1.871962,0.802027,2.09677
0.3642,-2.199413,-2.193734,0.866828,2.166826
-0.920593,-1.752496,-1.886998,0.948894,2.214483
-1.134725,-1.630617,-1.565227,1.031162,2.240232
-1.134725,-1.508721,-1.484032,1.130574,2.254323
-1.56299,-1.305595,-1.327657,1.224359,2.26665
-1.348857,-1.305595,-1.243455,1.31369,2.29051
-1.348857,-1.143067,-1.16226,1.420771,2.311024
-1.134725,-1.06182,-1.078058,1.524597,2.316854
-1.134725,-1.021188,-0.996863,1.618363,2.316854
-0.920593,-1.021188,-1.075051,1.699102,2.316854
-0.920593,-0.899309,-0.993856,1.787696,2.309584
-0.706461,-0.77743,-0.828459,1.893771,2.261887
-0.920593,-0.736798,-0.750272,1.982805,2.181402
-0.492329,-0.899309,-0.825452,2.05481,2.117628
-0.492329,-0.574288,-0.500673,2.123696,2.012863
-0.064064,-0.330513,-0.332269,2.161622,1.918703
0.3642,-0.249249,-0.326255,2.167,1.836
0.578333,-0.330513,-0.323248,2.167,1.752849
0.792464,-0.249249,-0.239046,2.167,1.691221
0.578333,-0.12737,-0.242053,2.142362,1.639576
0.792464,0.116388,0.166928,2.077774,1.6155
0.792464,0.15702,0.166928,1.99754,1.6155
0.792464,0.482042,0.329318,1.894777,1.6155
1.006597,0.766449,0.819493,1.817173,1.620221
0.792464,0.807081,0.816486,1.729798,1.627096
0.792464,1.050838,1.141265,1.60315,1.63765
0.578333,0.969591,0.975868,1.472549,1.643513
0.792464,1.050838,1.06007,1.353653,1.670271
0.578333,1.132102,1.138258,1.240409,1.672371
0.3642,1.497756,1.46003,1.1344,1.672371
0.3642,1.37586,1.29764,1.027822,1.665686
0.150068,1.294613,1.294633,0.971593,1.635737
0.150068,1.497756,1.457023,0.915284,1.581016
-0.278197,1.660267,0.96384,0.872745,1.498525
-0.278197,0.888327,0.96384,0.863889,1.418168
-0.278197,1.09147,1.126229,0.863889,1.326659
-0.278197,0.888327,0.882645,0.863889,1.22875
-0.278197,1.172734,1.207424,0.87315,1.12099
-0.920593,0.928959,0.954818,0.907675,1.0238
-1.134725,0.725817,0.789421,0.956263,0.945379
-1.134725,0.563306,0.464642,1.018328,0.885717
-1.348857,0.603938,0.705219,1.068218,0.845964
-1.56299,0.522674,0.377433,1.141553,0.797085
-1.348857,0.319531,0.38044,1.228375,0.7775
-1.56299,0.319531,0.296238,1.307453,0.759688
-1.777122,0.278916,0.212036,1.406462,0.747186
-1.134725,-0.046123,-0.103721,1.520107,0.736503
-1.348857,-0.411777,-0.350313,1.627789,0.7355
-1.56299,-0.533656,-0.515709,1.729641,0.7355
-1.134725,-0.655534,-0.59089,1.843452,0.7355
-1.56299,-0.939941,-1.002878,1.955907,0.754042
-1.134725,-0.980556,-0.996863,2.058026,0.800434
-1.348857,-1.386842,-1.405844,2.141993,0.858493
-1.56299,-1.630617,-1.652436,2.19763,0.920607
-0.706461,-1.752496,-1.802797,2.245547,1.008219
-0.278197,-2.036902,-2.121561,2.291906,1.108549
-0.064064,-2.118149,-2.199749,2.323516,1.224872
0.150068,-1.955638,-1.953157,2.32587,1.349152
0.578333,-1.915006,-1.865948,2.32587,1.468914
0.578333,-1.468106,-1.459974,2.32587,1.614852
0.792464,-1.34621,-1.456967,2.312666,1.754071
1.006597,-1.264963,-1.29157,2.277273,1.864207
1.220729,-1.224331,-1.126174,2.23075,1.97775
1.006597,-0.858677,-0.885597,2.159577,2.104643
1.434861,-0.899309,-0.798387,2.095735,2.193918
1.220729,-0.655534,-0.314226,2.017473,2.256412
1.434861,-0.736798,-0.473608,1.926078,2.300394
1.434861,-0.371145,-0.311219,1.846349,2.319825
1.434861,-0.12737,-0.148829,1.758888,2.35881
1.648994,-0.12737,-0.145822,1.655246,2.390456
1.434861,0.15702,-0.148829,1.583745,2.393
1.434861,0.035141,0.094755,1.472762,2.393
1.220729,-0.12737,-0.151837,1.358888,2.393
1.220729,-0.208634,-0.151837,1.277375,2.375799
1.220729,0.116388,0.091748,1.216649,2.328109
1.006597,0.238284,0.25113,1.133405,2.317918
1.220729,0.319531,0.254137,1.043783,2.298366
1.006597,0.725817,0.738299,0.96428,2.270579
0.792464,0.603938,0.572902,0.902075,2.232477
0.578333,0.847695,0.569895,0.863521,2.175944
0.792464,0.888327,0.978876,0.850175,2.147168
0.3642,1.213349,1.216445,0.814121,2.115382
0.3642,1.538388,1.622419,0.7885,2.04449
-0.064064,1.700899,1.6976,0.787661,1.943368
-0.064064,1.538388,1.616405,0.785168,1.83504
-0.064064,1.619635,1.616405,0.784891,1.733811
-0.064064,1.538388,1.454015,0.783723,1.612487
0.150068,1.457124,1.375828,0.783723,1.491144
-0.064064,1.213349,1.210431,0.7853,1.407964
-0.278197,1.497756,1.369813,0.7855,1.264865
-0.492329,1.37586,1.285611,0.7855,1.137954
-0.278197,1.294613,1.369813,0.796839,1.008614
-0.706461,1.132102,1.282604,0.839391,0.909814
-0.706461,1.213349,1.201409,0.879949,0.828806
-0.920593,0.888327,0.954818,0.937166,0.75247
-0.920593,0.807081,0.792428,1.013271,0.681453
-1.134725,0.685185,0.708226,1.097551,0.638632
-1.134725,0.685185,0.708226,1.193924,0.612244
-1.348857,0.603938,0.624024,1.295119,0.599442
-1.777122,0.522674,0.536815,1.396055,0.594129
-1.777122,0.563306,0.455621,1.505337,0.594129
-1.56299,0.15702,0.215043,1.599348,0.594129
-1.56299,0.116388,0.052654,1.730862,0.597773
-1.348857,-0.086738,-0.025534,1.842133,0.626992
-1.777122,-0.249249,-0.275132,1.933625,0.670875
-1.56299,-0.574288,-0.596904,2.020034,0.735034
-1.56299,-0.655534,-0.678099,2.086735,0.804494
-1.56299,-0.574288,-0.596904,2.145278,0.875828
-1.348857,-0.736798,-0.837481,2.19069,0.977866
-1.777122,-1.06182,-1.249469,2.215802,1.074547
-1.134725,-1.630617,-1.646421,2.234032,1.200717
-0.920593,-1.671249,-1.643414,2.239508,1.315557
-0.920593,-1.671249,-1.643414,2.241,1.434507
0.150068,-1.711864,-1.628378,2.242,1.561453
0.578333,-1.468106,-1.459974,2.241625,1.657965
0.578333,-1.386842,-1.378779,2.2404,1.744884
0.792464,-1.021188,-0.969798,2.236625,1.816967
1.220729,-0.939941,-0.801395,2.213669,1.906137
1.220729,-0.696166,-0.7202,2.185019,1.964155
1.220729,-0.614902,-0.476616,2.14621,2.005255
1.220729,-0.086738,-0.151837,2.088067,2.034882
1.220729,-0.086738,-0.070642,2.02971,2.06554
1.220729,-0.12737,-0.151837,1.927417,2.103861
1.220729,-0.086738,-0.070642,1.836022,2.127922
1.220729,0.116388,0.172943,1.728312,2.144839
1.006597,0.075773,0.169935,1.595777,2.167422
1.006597,0.116388,0.25113,1.473009,2.18249
1.006597,0.197652,0.25113,1.366492,2.1825
0.792464,0.319531,0.329318,1.260989,2.1825
0.792464,0.807081,0.735291,1.151861,2.17941
0.578333,0.928959,0.894674,1.054275,2.159197
0.578333,0.725817,0.651089,0.973403,2.13069
0.792464,1.050838,0.978876,0.911333,2.087905
0.578333,0.807081,0.813479,0.865786,2.03275
0.3642,1.213349,1.216445,0.84039,1.972042
0.3642,1.457124,1.46003,0.818395,1.886106
0.792464,1.37586,1.384849,0.8115,1.80802
0.3642,1.213349,1.29764,0.8115,1.720205
0.150068,1.294613,1.294633,0.8115,1.612238
0.150068,1.294613,1.213438,0.813,1.5107
0.150068,1.213349,1.213438,0.818655,1.406218
0.578333,1.132102,1.138258,0.824822,1.355596
0.150068,1.132102,1.051049,0.834848,1.328068
-0.064064,1.050838,1.048042,0.852494,1.27964
-0.492329,0.847695,0.798443,0.877433,1.203934
-0.278197,0.64457,0.639061,0.900706,1.129648
-0.492329,0.64457,0.717248,0.922107,1.09391
-0.064064,0.319531,0.317289,0.942,1.09391
-0.278197,-0.005491,-0.010497,0.96269,1.09391
-0.064064,-0.249249,-0.16988,1.005466,1.102551
-0.278197,-0.289881,-0.254082,1.060076,1.129102
-0.278197,-0.289881,-0.254082,1.126433,1.14791
-0.492329,-0.574288,-0.581868,1.145,1.156
-0.706461,-0.696166,-0.66607,1.145,1.156
-0.706461,-0.939941,-0.909654,1.177965,1.193813
-0.492329,-1.06182,-1.150231,1.282509,1.27102
-0.278197,-1.06182,-1.066029,1.409667,1.332648
-1.56299,-1.793128,-1.814825,1.517888,1.378313
-1.134725,-1.83376,-1.808811,1.640466,1.41542
-1.56299,-2.036902,-2.05841,1.766117,1.452157
-1.348857,-1.752496,-1.811818,1.873915,1.503069
-1.56299,-1.386842,-1.490046,1.982435,1.575824
-1.56299,-1.183699,-1.246462,2.068069,1.690748
-1.56299,-1.183699,-1.165267,2.128445,1.764762
-1.777122,-1.102452,-1.08708,2.191951,1.850702
-1.348857,-0.696166,-0.756286,2.229051,1.914359
-1.348857,-0.818045,-0.837481,2.261306,1.956742
-1.348857,-0.289881,-0.350313,2.283079,1.958
-1.134725,-0.371145,-0.4285,2.284816,1.958
-1.134725,-0.086738,-0.022526,2.284816,1.949237
-1.348857,0.238284,0.218051,2.284816,1.897747
-1.348857,0.482042,0.54283,2.278522,1.834246
-1.56299,0.64457,0.702212,2.251956,1.736266
-1.134725,0.685185,0.627032,2.229265,1.623816
-0.920593,0.807081,0.792428,2.210648,1.505617
-0.920593,0.969591,1.036013,2.178106,1.387537
-1.134725,1.010223,0.951811,2.14634,1.264846
-0.920593,1.132102,1.117207,2.111965,1.149879
-0.706461,1.050838,1.03902,2.065577,1.043807
-0.706461,0.888327,0.957825,2.007302,0.95094
-0.706461,0.928959,0.87663,1.950019,0.868626
-0.706461,0.888327,0.87663,1.886246,0.795241
-0.278197,0.807081,0.720255,1.821366,0.744038
-0.064064,0.725817,0.723263,1.746056,0.711398
-0.064064,0.563306,0.560873,1.68706,0.708
0.150068,0.563306,0.645075,1.6262,0.708
0.150068,-0.086738,-0.004483,1.570286,0.708
0.578333,-0.208634,-0.160858,1.521367,0.726318
0.150068,-0.168002,-0.166873,1.480562,0.756033
0.578333,-0.12737,-0.160858,1.452087,0.792203
0.578333,-0.655534,-0.566832,1.408878,0.877103
0.578333,-0.574288,-0.648027,1.366055,0.98014
0.792464,-1.021188,-1.050993,1.325486,1.124125
1.006597,-1.143067,-1.210376,1.308901,1.233778
0.792464,-1.143067,-1.132188,1.308901,1.375532
1.006597,-0.980556,-0.966791,1.308901,1.475714
1.006597,-1.021188,-0.966791,1.313298,1.592682
1.006597,-0.493023,-0.317233,1.33191,1.705961
1.220729,-0.493023,-0.476616,1.338771,1.828033
1.220729,-0.371145,-0.314226,1.338771,1.92075
1.648994,-0.086738,-0.145822,1.338771,2.02059
1.648994,-0.208634,-0.064627,1.332943,2.100125
1.220729,-0.249249,-0.233031,1.304935,2.1469
1.434861,-0.208634,-0.230024,1.216295,2.203525
1.434861,0.035141,-0.067635,1.152673,2.236219
1.434861,-0.168002,-0.067635,1.123526,2.251039
1.220729,-0.168002,-0.151837,1.04575,2.251148
1.220729,-0.168002,-0.151837,0.974264,2.251148
1.220729,-0.12737,-0.070642,0.920307,2.249375
1.006597,0.035141,0.007546,0.893968,2.23308
1.006597,0.116388,0.169935,0.885469,2.203825
0.578333,0.766449,0.732284,0.880889,2.151465
0.578333,0.64457,0.651089,0.865149,2.076622
0.3642,0.64457,0.648082,0.864238,1.983915
0.150068,0.969591,0.888659,0.864238,1.880478
0.3642,0.725817,0.810472,0.866869,1.75618
0.150068,1.294613,1.375828,0.877416,1.657921
0.150068,1.132102,1.132243,0.88409,1.537664
-0.064064,1.294613,1.291626,0.88974,1.431487
0.150068,1.294613,1.294633,0.90841,1.325201
-0.064064,1.37586,1.372821,0.937049,1.184916
-0.064064,1.294613,1.291626,0.969044,1.07806
-0.278197,1.294613,1.288619,1.009791,0.967517
-0.706461,1.497756,1.282604,1.052889,0.881332
-0.920593,1.213349,1.279597,1.110473,0.801455
-0.706461,1.335245,1.282604,1.181666,0.735162
-0.920593,1.010223,0.954818,1.2667,0.669885
-1.134725,0.888327,0.951811,1.346686,0.622089
-1.134725,1.010223,0.951811,1.460672,0.587896
-1.134725,0.888327,0.870616,1.54453,0.568595
-0.920593,0.766449,0.792428,1.643365,0.566
-1.348857,0.685185,0.705219,1.75,0.566
-1.134725,0.603938,0.545837,1.845236,0.566125
-1.56299,0.603938,0.539823,1.91818,0.585023
-1.134725,0.603938,0.545837,2.006866,0.639707
-1.777122,-0.005491,-0.031548,2.075258,0.691208
-1.348857,-0.289881,-0.187923,2.136812,0.75667
-1.56299,-0.330513,-0.35332,2.178554,0.832004
-1.56299,-0.736798,-0.759294,2.217187,0.931392
-1.56299,-0.77743,-1.002878,2.252816,1.040461
-1.348857,-0.899309,-0.999871,2.289855,1.149974
-1.348857,-1.183699,-1.16226,2.319303,1.247178
-1.348857,-1.264963,-1.243455,2.331992,1.363253
-1.348857,-1.305595,-1.32465,2.333,1.45761
-0.706461,-1.793128,-1.721602,2.333,1.574098
-0.920593,-1.671249,-1.886998,2.332489,1.670388
-0.920593,-1.508721,-1.886998,2.317022,1.769695
-0.706461,-1.549353,-1.559212,2.279938,1.870984
-1.348857,-1.305595,-1.405844,2.233313,1.946872
-0.920593,-1.06182,-1.075051,2.182582,2.005438
-0.492329,-0.980556,-0.906647,2.149995,2.017825
-0.920593,-0.818045,-0.669077,2.091535,2.017825
-0.706461,-0.574288,-0.66607,2.069088,2.017825
-0.706461,-0.330513,-0.341291,2.056109,1.99579
-0.492329,-0.289881,-0.257089,2.046366,1.939946
-0.706461,-0.168002,-0.097707,2.022395,1.879016
-0.706461,0.319531,0.308267,2.006474,1.81459
-0.706461,0.522674,0.551851,1.980671,1.745673
-0.492329,0.522674,0.717248,1.939919,1.6715
-0.706461,0.603938,0.551851,1.906324,1.585774
-0.706461,0.888327,0.87663,1.857624,1.505956
-0.278197,1.294613,1.369813,1.7964,1.4062
-0.064064,1.213349,1.210431,1.745483,1.300263
-0.278197,1.457124,1.451008,1.694969,1.201275
-0.064064,1.457124,1.53521,1.645916,1.117294
0.150068,1.700899,1.619412,1.595556,1.010542
-0.278197,1.619635,1.532203,1.539358,0.932905
-0.064064,1.538388,1.53521,1.477375,0.864125
-0.064064,1.538388,1.454015,1.409163,0.812806
0.3642,1.132102,1.135251,1.33575,0.7585
0.3642,1.294613,1.29764,1.263673,0.741804
0.578333,1.37586,1.381842,1.198856,0.741604
0.578333,1.253981,1.300647,1.144648,0.741604
0.578333,1.253981,1.219453,1.083628,0.744589
0.792464,1.132102,1.06007,1.026125,0.769625
0.792464,1.050838,1.06007,0.991216,0.799381
0.792464,0.766449,0.735291,0.937893,0.861605
1.006597,0.847695,0.819493,0.890694,0.942377
1.220729,0.603938,0.578916,0.845313,1.0424
1.220729,0.522674,0.578916,0.793881,1.145044
1.434861,0.278916,0.419534,0.770409,1.249759
1.434861,0.400795,0.419534,0.762573,1.361411
1.434861,0.319531,0.338339,0.762573,1.458504
1.220729,0.15702,0.172943,0.763203,1.570512
1.220729,-0.086738,-0.070642,0.779574,1.671138
1.434861,-0.249249,-0.230024,0.800967,1.786858
1.434861,-0.168002,-0.230024,0.819635,1.88025
1.648994,-0.696166,-0.551796,0.899557,1.970408
1.434861,-0.818045,-0.798387,0.936536,2.009864
1.220729,-0.980556,-0.882589,0.971728,2.042309
1.220729,-0.939941,-0.963784,1.024482,2.102918
1.220729,-1.102452,-1.044979,1.071813,2.141986
1.006597,-1.143067,-1.129181,1.124275,2.153756
0.578333,-0.736798,-0.729221,1.201738,2.159236
-0.064064,-0.899309,-0.981827,1.236097,2.159236
-0.064064,-0.574288,-0.657048,1.281696,2.157542
-0.492329,-0.533656,-0.500673,1.317676,2.142472
-0.706461,-0.371145,-0.341291,1.385606,2.094128
-0.706461,-0.12737,-0.178901,1.458443,2.00376
-0.706461,-0.12737,-0.097707,1.515363,1.90587
-0.706461,0.319531,0.308267,1.562382,1.784997
-0.920593,0.238284,0.224065,1.607974,1.653543
-0.920593,0.15702,0.14287,1.642943,1.554461
-1.134725,0.278916,0.383447,1.684315,1.432419
-1.134725,0.603938,0.627032,1.714948,1.335861
-1.134725,0.482042,0.464642,1.745243,1.226909
-1.348857,0.482042,0.461635,1.780305,1.118599
-1.56299,0.563306,0.539823,1.812729,1.018726
-1.134725,0.766449,0.708226,1.86475,0.914625
-1.56299,0.400795,0.296238,1.918059,0.838869
-1.134725,0.64457,0.627032,1.958817,0.784708
-1.348857,0.360163,0.299245,1.983512,0.777774
-1.56299,0.15702,0.133849,2.01408,0.777774
-1.56299,0.035141,-0.028541,2.049526,0.777774
-1.56299,-0.086738,-0.109736,2.090799,0.80601
-1.777122,-0.371145,-0.275132,2.14075,0.883125
-1.348857,-0.614902,-0.593897,2.186895,0.969863
-1.777122,-0.818045,-0.762301,2.236434,1.063836
-1.56299,-1.021188,-0.921683,2.27423,1.174294
-1.56299,-1.021188,-1.002878,2.32813,1.290797
-1.56299,-1.183699,-1.165267,2.366876,1.412019
-1.777122,-1.508721,-1.493054,2.371302,1.511722
-1.56299,-1.468106,-1.490046,2.371302,1.633243
-1.348857,-1.630617,-1.649429,2.371302,1.721886
-1.348857,-1.630617,-1.649429,2.349732,1.809421
-0.064064,-1.874374,-1.87497,2.308553,1.890743
-0.492329,-1.874374,-1.718595,2.244315,1.98385
0.578333,-1.671249,-1.622364,2.156492,2.073871
0.792464,-1.671249,-1.619357,2.058065,2.139258
0.792464,-1.183699,-1.213383,1.951969,2.193099
0.792464,-1.183699,-0.969798,1.837408,2.244087
1.220729,-1.021188,-1.044979,1.718591,2.2857
1.434861,-0.77743,-0.798387,1.608808,2.303
1.220729,-0.77743,-0.7202,1.558068,2.303
1.220729,-0.736798,-0.7202,1.452025,2.303
1.220729,-0.574288,-0.639005,1.357085,2.29431
1.006597,-0.411777,-0.479623,1.294832,2.255728
1.006597,-0.330513,-0.317233,1.252536,2.194217
0.792464,-0.371145,-0.32024,1.220585,2.151295
0.3642,0.116388,-0.001476,1.192764,2.080182
0.578333,0.15702,0.082726,1.112755,1.989998
0.578333,0.360163,0.407505,1.099046,1.888108
0.3642,0.563306,0.566887,1.088794,1.78178
0.3642,0.482042,0.648082,1.08,1.712
0.3642,0.807081,0.810472,1.065026,1.655381
0.3642,1.050838,1.135251,1.028057,1.526357
0.3642,1.050838,1.054056,0.980314,1.393272
0.3642,1.132102,1.703614,0.927762,1.24944
0.150068,1.660267,1.619412,0.8977,1.11149
0.3642,1.538388,1.541224,0.896,0.973181
-0.278197,1.538388,1.613398,0.896,0.867921
-0.064064,1.457124,1.210431,0.898452,0.776762
-0.492329,1.213349,1.204417,0.937683,0.704517
-0.706461,1.294613,1.201409,1.005699,0.647343
-0.706461,1.253981,1.282604,1.099529,0.600683
-0.706461,1.09147,1.03902,1.19375,0.575
-0.920593,1.050838,1.036013,1.300859,0.560757
-1.134725,0.807081,0.789421,1.404631,0.548604
-0.920593,0.847695,1.036013,1.516255,0.5415
-1.134725,0.685185,0.708226,1.632712,0.541036
-1.348857,0.847695,0.786414,1.747022,0.541036
-1.56299,0.766449,0.783407,1.86706,0.543902
-1.56299,0.64457,0.621017,1.96575,0.568375
-1.56299,0.725817,0.702212,2.062483,0.61158
-1.348857,0.319531,0.218051,2.137155,0.662537
-1.56299,0.238284,0.215043,2.199053,0.729284
-1.56299,-0.005491,-0.028541,2.250129,0.804892
-1.56299,-0.046123,-0.028541,2.33554,0.901848
-1.56299,-0.493023,-0.515709,2.373094,1.021804
-1.56299,-0.614902,-0.596904,2.378117,1.137944
-1.134725,-0.696166,-0.672084,2.378117,1.25445
-0.920593,-1.589985,-1.643414,2.377029,1.383508
-1.348857,-1.83376,-1.893013,2.361681,1.503438
-1.348857,-1.874374,-1.811818,2.344633,1.629823
-0.920593,-1.874374,-1.805804,2.252673,1.783293
-0.278197,-1.793128,-1.553198,2.2348,1.8801
0.578333,-1.793128,-1.703558,2.1955,1.954875
0.792464,-1.711864,-1.700551,2.153898,2.043811
0.150068,-1.305595,-0.654041,2.102275,2.126629
-0.278197,-1.143067,-1.147224,2.037027,2.208438
-0.278197,-1.021188,-0.984835,1.975355,2.25218
-0.278197,-0.980556,-0.90364,1.900494,2.2695
-0.064064,-0.533656,-0.494659,1.815825,2.2695
-0.278197,-0.493023,-0.416471,1.738836,2.2695
-0.492329,0.075773,0.06769,1.705413,2.265218
-0.492329,-0.005491,-0.013505,1.674485,2.215032
-0.492329,0.238284,0.148885,1.659583,2.144084
-0.492329,0.15702,0.148885,1.659484,2.05105
-0.706461,0.725817,0.714241,1.659484,1.932375
-0.706461,0.725817,0.714241,1.657374,1.879674
-0.492329,0.888327,0.798443,1.656398,1.736822
-0.492329,1.213349,1.204417,1.656398,1.602715
-0.706461,1.213349,1.201409,1.655772,1.447827
-0.706461,1.782146,1.769773,1.645006,1.307267
-0.278197,1.213349,1.207424,1.623068,1.194722
-0.278197,1.457124,1.451008,1.599521,1.070267
-0.278197,1.457124,1.451008,1.545559,0.954954
0.150068,1.538388,1.619412,1.488291,0.83896
0.150068,1.660267,1.700607,1.434438,0.76935
-0.278197,1.741514,1.694592,1.377107,0.719061
-0.064064,1.782146,1.6976,1.316764,0.686929
0.578333,1.37586,1.381842,1.265538,0.685
0.3642,1.213349,1.216445,1.220038,0.685
0.150068,1.132102,1.213438,1.147774,0.68525
-0.278197,0.928959,1.126229,1.066209,0.701027
0.578333,0.928959,0.894674,0.988993,0.751725
0.792464,0.888327,0.897681,0.946663,0.791996
0.578333,0.64457,0.813479,0.901187,0.859003
0.578333,0.64457,0.651089,0.864318,0.939846
0.792464,0.603938,0.572902,0.815637,1.026586
0.792464,0.400795,0.410512,0.771407,1.119911
0.792464,0.15702,0.248123,0.769064,1.219216
0.578333,-0.086738,0.001531,0.769064,1.321994
0.792464,-0.289881,-0.239046,0.769596,1.407718
0.3642,-0.289881,-0.24506,0.777202,1.486556
0.3642,-0.249249,-0.24506,0.801384,1.547664
-0.064064,-0.493023,-0.413464,0.845699,1.596552
-0.064064,-0.452391,-0.494659,0.904891,1.633794
0.150068,-0.736798,-0.735236,0.960257,1.658514
-0.064064,-0.939941,-0.900633,1.049049,1.676593
-0.492329,-1.143067,-1.069037,1.133875,1.68375
-0.920593,-1.06182,-1.075051,1.239524,1.692098
-0.706461,-1.143067,-1.234433,1.33654,1.699201
-0.492329,-1.143067,-1.150231,1.416375,1.709
-0.706461,-1.224331,-1.234433,1.497566,1.711546
-1.348857,-1.468106,-1.487039,1.616903,1.722904
-1.134725,-1.711864,-1.727616,1.731874,1.742612
-1.134725,-1.915006,-1.890006,1.846528,1.773919
-0.920593,-2.036902,-2.049388,1.929908,1.812538
-1.134725,-1.99627,-2.052395,2.026677,1.866733
-1.134725,-2.158781,-2.214785,2.103186,1.921992
-0.492329,-2.036902,-2.043374,2.174593,1.995714
-0.920593,-1.99627,-1.968193,2.2059,2.060118
1.220729,-1.630617,-1.694537,2.213583,2.093669
1.220729,-1.630617,-1.613342,2.213583,2.143557
1.220729,-1.224331,-1.288563,2.213583,2.18551
1.434861,-1.427474,-1.447945,2.1959,2.223173
1.434861,-0.858677,-0.879582,2.137347,2.25914
1.220729,-0.736798,-0.7202,2.070312,2.278515
1.434861,-0.533656,-0.473608,1.989946,2.297381
1.434861,-0.452391,-0.473608,1.909665,2.32188
1.648994,-0.289881,-0.227017,1.80845,2.35265
1.434861,-0.086738,-0.067635,1.704888,2.370963
1.434861,-0.046123,-0.067635,1.59779,2.383146
1.006597,0.075773,0.088741,1.490352,2.389676
1.220729,0.238284,0.254137,1.438034,2.389676
1.220729,0.15702,0.254137,1.367681,2.389676
1.220729,0.360163,0.335332,1.238719,2.386624
1.006597,0.482042,0.494714,1.140549,2.359471
1.006597,0.563306,0.575909,1.038571,2.314375
0.578333,0.807081,0.813479,0.969375,2.28075
0.578333,0.807081,0.732284,0.908798,2.219374
0.792464,0.888327,0.897681,0.829195,2.144603
0.3642,0.64457,0.648082,0.738272,2.052502
0.3642,0.725817,0.729277,0.724,1.95255
0.3642,0.807081,0.729277,0.724,1.842694
0.150068,0.807081,0.72627,0.724,1.727164
-0.278197,0.725817,0.80145,0.733452,1.636505
-0.706461,0.928959,0.87663,0.785448,1.528387
-0.492329,0.766449,0.717248,0.822717,1.439054
-0.706461,0.725817,0.714241,0.895839,1.33092
-0.492329,1.172734,1.123222,0.967564,1.232605
-0.706461,0.888327,0.87663,1.044269,1.143891
-0.706461,0.725817,0.714241,1.134186,1.053628
-1.134725,0.969591,0.951811,1.223855,0.96974
-1.348857,0.685185,0.705219,1.298057,0.891558
-1.134725,0.766449,0.789421,1.396145,0.801512
-1.348857,0.807081,0.786414,1.474305,0.743359
-1.56299,0.969591,0.945796,1.5577,0.6843
-1.348857,0.969591,0.948803,1.651648,0.641252
-1.348857,0.969591,0.948803,1.738019,0.612673
-1.134725,0.969591,0.951811,1.820372,0.589066
-1.348857,0.969591,0.867609,1.895782,0.568129
-1.56299,0.969591,0.864602,1.972452,0.563
-1.777122,0.603938,0.61801,2.01507,0.563
-1.348857,0.847695,0.786414,2.046719,0.563
-1.348857,0.400795,0.38044,2.056547,0.563375
-1.134725,0.238284,0.221058,2.056547,0.566533
-1.348857,0.197652,0.136856,2.056547,0.591303
-0.920593,-0.493023,-0.425493,2.045512,0.640629
-0.920593,-0.411777,-0.425493,2.026899,0.709063
-1.348857,-1.143067,-1.081065,2.008044,0.792526
-0.920593,-1.34621,-1.318635,1.9978,0.909256
-0.064064,-1.386842,-1.387801,1.9975,1.043739
0.792464,-1.224331,-1.213383,1.9975,1.121225
0.792464,-1.143067,-1.213383,1.9981,1.242079
0.578333,-1.224331,-1.135195,2.003186,1.384593
0.792464,-1.386842,-1.456967,2.003581,1.494716
1.220729,-0.980556,-1.207368,2.003581,1.622055
1.220729,-0.533656,-1.207368,2.00349,1.722087
1.220729,-0.574288,-0.55781,1.984187,1.812943
1.220729,-0.655534,-0.070642,1.947875,1.917625
1.434861,-0.12737,-0.067635,1.90327,2.003407
1.648994,0.075773,0.097762,1.84949,2.064119
1.434861,-0.046123,0.01356,1.777706,2.125016
1.648994,0.360163,0.260152,1.670282,2.186028
1.648994,0.278916,0.341346,1.578286,2.211239
1.220729,0.197652,0.172943,1.468729,2.221417
1.220729,0.360163,0.416527,1.374023,2.227568
1.220729,0.319531,0.335332,1.337588,2.229
1.006597,0.319531,0.332325,1.240832,2.225818
0.792464,0.522674,0.491707,1.127032,2.218272
0.792464,0.563306,0.572902,1.020041,2.208681
0.792464,0.482042,0.572902,0.925562,2.187008
0.792464,1.010223,0.978876,0.869441,2.150647
0.578333,0.928959,0.975868,0.830983,2.125412
0.578333,1.213349,1.300647,0.749801,2.099834
-0.064064,1.619635,1.616405,0.73165,2.060533
0.150068,1.700899,1.700607,0.73165,1.9605
0.150068,1.700899,1.700607,0.73165,1.851772
0.3642,1.619635,1.622419,0.736704,1.737795
0.3642,1.619635,1.622419,0.748,1.597846
-0.064064,1.660267,1.6976,0.748,1.467438
-0.492329,1.37586,1.366806,0.750135,1.358159
-0.278197,1.213349,1.126229,0.755099,1.219304
-0.492329,1.213349,1.204417,0.75769,1.106871
-0.278197,1.335245,1.207424,0.75799,1.017679
-0.492329,1.253981,1.204417,0.771519,0.895489
-0.278197,1.050838,1.207424,0.799311,0.815932
-1.134725,0.888327,0.870616,0.851702,0.737131
-1.348857,0.807081,0.867609,0.912321,0.6855
-1.348857,0.969591,0.867609,0.996429,0.642616
-1.348857,1.010223,0.948803,1.083,0.608
-1.777122,0.928959,0.861594,1.164125,0.58325
-1.56299,0.807081,0.783407,1.2716,0.5677
-1.348857,0.766449,0.705219,1.375172,0.556573
-1.348857,0.64457,0.54283,1.473771,0.544744
-1.134725,0.360163,0.302253,1.587995,0.52887
-1.56299,0.116388,0.052654,1.690807,0.528826
-1.56299,-0.289881,-0.272125,1.797143,0.528826
-1.348857,-0.614902,-0.593897,1.890745,0.530201
-1.348857,-0.655534,-0.675092,1.989513,0.552066
-0.920593,-0.899309,-0.912661,2.070667,0.588038
-1.348857,-1.102452,-1.081065,2.117857,0.626817
-1.348857,-1.102452,-1.081065,2.157095,0.698782
-1.56299,-1.589985,-1.652436,2.174446,0.772446
-1.134725,-1.711864,-1.890006,2.2001,0.8688
-0.920593,-1.83376,-1.886998,2.24348,0.976524
-0.920593,-1.630617,-1.643414,2.270151,1.087702
-0.492329,-1.630617,-1.718595,2.27869,1.186458
-0.278197,-1.99627,-1.959172,2.283202,1.294871
-0.706461,-1.874374,-1.721602,2.285377,1.400868
0.3642,-1.589985,-1.625371,2.286387,1.516743
0.578333,-1.427474,-1.459974,2.285987,1.634498
0.3642,-1.305595,-1.138202,2.285887,1.740157
0.792464,-1.021188,-0.969798,2.281513,1.832459
1.220729,-1.021188,-0.963784,2.270414,1.91627
1.006597,-0.939941,-0.966791,2.258893,2.001003
1.434861,-0.614902,-0.717193,2.242266,2.08086
1.434861,-0.493023,-0.473608,2.20528,2.12612
1.434861,-0.208634,-0.230024,2.149747,2.166592
1.434861,-0.168002,-0.392414,2.083685,2.200486
1.220729,-0.005491,-0.070642,2.012553,2.216315
1.220729,0.278916,0.254137,1.933937,2.230876
1.220729,0.197652,0.254137,1.856186,2.245303
1.220729,0.116388,0.172943,1.749811,2.253483
1.220729,0.64457,0.660111,1.625903,2.255139
1.006597,0.360163,0.41352,1.509364,2.255139
1.006597,0.482042,0.494714,1.388564,2.254656
0.792464,0.522674,0.572902,1.265611,2.248194
0.792464,0.563306,0.572902,1.160128,2.231843
0.792464,0.847695,0.897681,1.05389,2.207486
0.578333,1.335245,1.381842,0.960968,2.179911
0.3642,1.050838,0.972861,0.873389,2.138521
0.578333,1.172734,1.219453,0.795351,2.078562
0.3642,1.050838,1.054056,0.74963,2.007444
0.150068,1.213349,1.213438,0.719371,1.928104
0.150068,1.050838,1.051049,0.7075,1.849206
0.150068,1.050838,1.132243,0.7075,1.753033
0.150068,1.37586,1.132243,0.7075,1.659679
-0.492329,1.132102,1.123222,0.710795,1.54625
-0.278197,1.213349,1.126229,0.72845,1.434975
-0.492329,0.888327,0.879638,0.755341,1.326684
-0.920593,1.213349,1.117207,0.789054,1.217144
-1.134725,1.050838,1.1142,0.820091,1.133716
-0.920593,1.172734,1.198402,0.866367,1.036815
-1.348857,1.132102,1.111193,0.919375,0.942733
-0.492329,1.132102,1.123222,0.981007,0.863524
-0.492329,1.050838,1.042027,1.055292,0.795127
-0.706461,0.969591,0.87663,1.122487,0.747187
-0.920593,0.482042,0.386455,1.201393,0.703866
-0.064064,0.15702,0.073704,1.281191,0.665407
-0.064064,-0.086738,-0.00749,1.35047,0.631498
0.150068,-0.005491,-0.085678,1.4243,0.603475
0.3642,-0.493023,-0.40745,1.473204,0.6
0.3642,-0.736798,-0.651034,1.504372,0.6
0.578333,-0.655534,-0.648027,1.515079,0.6
0.578333,-0.614902,-0.648027,1.515095,0.610299
0.792464,-0.736798,-0.726214,1.515095,0.646286
1.006597,-0.736798,-0.723207,1.514144,0.701879
1.006597,-0.818045,-0.804402,1.503104,0.782348
1.220729,-1.183699,-0.963784,1.488956,0.870348
1.220729,-1.305595,-1.288563,1.480045,0.948834
1.006597,-1.386842,-1.29157,1.465672,1.029944
1.220729,-1.549353,-1.450953,1.457985,1.155986
0.578333,-1.955638,-1.947143,1.445791,1.292598
0.3642,-2.036902,-2.031345,1.436823,1.405685
-0.278197,-1.793128,-1.796782,1.425107,1.542189
-0.706461,-1.630617,-1.640407,1.416672,1.669842
-0.706461,-1.386842,-1.396823,1.416271,1.797871
-1.134725,-1.386842,-1.321642,1.421292,1.921792
-0.920593,-0.939941,-0.750272,1.415694,2.019645
-1.134725,-1.102452,-1.321642,1.412799,2.104842
-1.134725,-0.980556,-0.996863,1.421568,2.177499
-1.348857,-0.899309,-0.999871,1.437255,2.244941
-1.134725,-0.452391,-0.4285,1.459559,2.281757
-1.56299,-0.411777,-0.434515,1.535324,2.282132
-1.56299,-0.249249,-0.272125,1.622872,2.282132
-1.56299,-0.046123,-0.028541,1.693693,2.281013
-1.56299,0.197652,0.133849,1.769151,2.25263
-1.348857,0.15702,0.136856,1.871002,2.206238
-1.348857,0.360163,0.38044,1.948488,2.139896
-1.134725,0.725817,0.789421,2.009693,2.051251
-1.134725,0.522674,0.545837,2.046115,1.973811
-0.920593,0.482042,0.467649,2.083225,1.868316
-0.920593,0.685185,0.467649,2.116862,1.760848
-0.920593,1.09147,1.117207,2.145467,1.647512
-1.134725,1.132102,1.195395,2.1475,1.539821
-0.492329,1.09147,1.204417,2.1475,1.433476
-0.492329,0.969591,0.960832,2.146825,1.303122
-0.064064,0.969591,0.966847,2.132875,1.194097
-0.064064,0.888327,0.885652,2.093618,1.09954
-0.278197,0.64457,0.639061,2.043765,1.02015
-0.064064,0.563306,0.560873,1.980826,0.962722
0.3642,0.238284,0.323303,1.913867,0.897967
0.792464,0.035141,0.004539,1.838037,0.859558
1.006597,0.238284,0.25113,1.738045,0.8272
1.006597,0.15702,0.169935,1.631268,0.824
1.006597,-0.005491,0.007546,1.553598,0.824
1.006597,0.197652,0.169935,1.487417,0.8265
1.220729,0.116388,0.172943,1.414778,0.86192
1.220729,0.197652,0.172943,1.332792,0.91098
1.434861,0.075773,0.094755,1.253728,0.979843
1.434861,0.15702,0.17595,1.190923,1.075169
1.006597,-0.005491,0.007546,1.145845,1.176548
1.220729,-0.12737,-0.070642,1.1085,1.275815
1.220729,-0.249249,0.010553,1.064057,1.387671
1.434861,-0.330513,-0.230024,1.016394,1.507074
1.006597,-0.574288,-0.479623,0.98407,1.593079
1.006597,-0.858677,-0.804402,0.943447,1.683687
1.220729,-0.939941,-0.882589,0.905827,1.773061
0.792464,-1.143067,-1.132188,0.872195,1.840866
0.792464,-1.224331,-1.294578,0.841307,1.89279
0.578333,-1.34621,-1.378779,0.837125,1.929882
-0.278197,-1.955638,-1.959172,0.837125,1.962048
-0.492329,-1.671249,-1.880984,0.839125,1.995174
-0.706461,-1.752496,-1.883991,0.874389,2.029401
-0.920593,-1.83376,-1.805804,0.928332,2.05591
-1.134725,-1.589985,-1.565227,1.013598,2.082858
-1.348857,-1.264963,-1.243455,1.086244,2.114098
-1.134725,-1.143067,-1.159253,1.181557,2.140295
-1.56299,-1.102452,-1.084073,1.276,2.1645
-1.777122,-1.021188,-1.08708,1.368812,2.176437
-1.56299,-0.818045,-0.840488,1.467636,2.176437
-1.56299,-0.493023,-0.515709,1.580071,2.176437
-1.56299,-0.249249,-0.272125,1.661295,2.172562
-1.56299,-0.249249,-0.272125,1.745225,2.150283
-1.56299,-0.12737,-0.109736,1.835207,2.116248
-1.777122,0.238284,0.212036,1.932342,2.070368
-1.777122,0.360163,0.293231,2.006107,2.025523
-1.777122,0.319531,0.374426,2.097887,1.951428
-1.991254,0.360163,0.371419,2.151719,1.901225
-1.348857,0.400795,0.461635,2.182909,1.855648
-1.348857,0.522674,0.461635,2.229375,1.7535
-1.134725,0.766449,0.708226,2.265191,1.642996
-1.56299,0.766449,0.702212,2.297488,1.54617
-1.348857,0.64457,0.624024,2.32401,1.429479
-0.706461,0.278916,0.227072,2.351324,1.298318
-0.492329,0.15702,0.23008,2.35932,1.16953
-0.706461,0.319531,0.470657,2.35932,1.063465
-0.278197,0.197652,-0.010497,2.35932,0.956068
-0.064064,-0.086738,-0.088685,2.347157,0.888949
0.3642,-0.086738,-0.082671,2.32238,0.839334
0.150068,-0.493023,-0.410457,2.284425,0.800068
0.578333,-0.574288,-0.485637,2.243594,0.7935
0.578333,-0.452391,-0.485637,2.174799,0.7935
1.434861,-0.12737,-0.148829,2.098343,0.7935
1.434861,-0.493023,-0.392414,2.03043,0.809946
1.434861,-0.12737,-0.148829,1.965033,0.843863
1.434861,-0.330513,-0.230024,1.9023,0.881
1.434861,-0.208634,-0.230024,1.839639,0.939428
1.434861,-0.12737,-0.067635,1.780548,1.013192
1.434861,0.035141,0.01356,1.715847,1.107792
1.434861,0.075773,0.094755,1.660733,1.2119
1.434861,0.075773,0.17595,1.599858,1.330552
1.434861,0.360163,0.663118,1.532284,1.450578
1.434861,0.603938,0.663118,1.456852,1.56168
1.434861,0.64457,0.581923,1.372604,1.679005
1.220729,0.725817,0.741306,1.289603,1.78536
1.006597,0.603938,0.657104,1.198338,1.902493
0.792464,0.807081,0.816486,1.117186,1.999208
0.792464,0.847695,0.816486,1.03764,2.076144
0.792464,0.888327,0.897681,0.961636,2.136225
0.578333,1.37586,1.381842,0.896312,2.165
0.3642,1.37586,1.378835,0.84302,2.165
0.578333,1.700899,1.706621,0.792653,2.165
0.150068,1.700899,1.700607,0.738494,2.156026
0.150068,1.335245,1.375828,0.705794,2.107329
-0.064064,1.37586,1.372821,0.672643,2.036285
-0.278197,2.025921,2.019371,0.643281,1.945933
-0.706461,1.457124,1.444994,0.62567,1.832908
-0.492329,1.457124,1.285611,0.624048,1.727413
-0.920593,1.172734,1.279597,0.624048,1.612366
-0.706461,1.213349,1.201409,0.624048,1.499238
-0.706461,1.294613,1.282604,0.631289,1.353106
-0.492329,1.253981,1.204417,0.648587,1.227863
-1.134725,1.213349,1.195395,0.679535,1.100375
-1.134725,1.132102,1.1142,0.715975,0.989144
-1.348857,1.132102,1.029998,0.756524,0.897302
-0.920593,1.37586,1.360792,0.807912,0.811447
-1.134725,1.172734,0.951811,0.877488,0.721706
-0.920593,1.010223,0.954818,0.953798,0.643042
-0.492329,1.050838,1.042027,1.052241,0.582654
-1.134725,0.563306,0.545837,1.132864,0.547894
-0.706461,0.482042,0.470657,1.235509,0.518008
-0.492329,0.15702,0.06769,1.325552,0.498189
-0.278197,0.075773,0.070697,1.417554,0.493051
-0.278197,0.075773,-0.010497,1.507308,0.493
-0.064064,-0.289881,-0.332269,1.577968,0.493
0.3642,-0.655534,-0.651034,1.595919,0.494911
0.150068,-0.655534,-0.654041,1.64175,0.50875
0.578333,-0.736798,-0.648027,1.677647,0.517871
0.792464,-0.736798,-0.807409,1.704221,0.536221
1.006597,-0.736798,-0.723207,1.71393,0.568147
1.006597,-0.899309,-0.885597,1.714,0.628222
1.006597,-1.021188,-1.047986,1.714,0.698026
1.006597,-1.224331,-1.210376,1.711614,0.78812
1.220729,-1.264963,-1.288563,1.699164,0.904395
0.792464,-1.468106,-1.375772,1.6884,1.03107
1.006597,-1.508721,-1.45396,1.676789,1.15877
1.006597,-1.468106,-1.45396,1.665127,1.277812
0.578333,-1.630617,-1.541169,1.632657,1.408072
0.578333,-2.036902,-1.622364,1.580415,1.540605
0.150068,-1.955638,-2.034352,1.519167,1.664025
-0.492329,-1.671249,-1.718595,1.484375,1.785875
-0.920593,-1.549353,-1.481025,1.452637,1.884977
-1.134725,-1.630617,-1.646421,1.430309,1.953087
-1.56299,-1.021188,-1.084073,1.429368,2.022572
-1.348857,-1.021188,-0.918676,1.429368,2.095133
-1.348857,-0.858677,-0.837481,1.429368,2.145674
-1.56299,-0.533656,-0.19093,1.443295,2.190466
-1.777122,-0.696166,-0.843496,1.474071,2.225578
-1.777122,-0.411777,-0.437522,1.503745,2.245295
-1.777122,-0.208634,-0.275132,1.543739,2.254352
-1.348857,-0.12737,-0.106728,1.583447,2.254352
-1.777122,0.319531,0.293231,1.635836,2.254352
-1.56299,0.319531,0.215043,1.692669,2.249249
-1.777122,0.238284,0.212036,1.74584,2.22827
-1.777122,0.319531,0.293231,1.817883,2.182212
-1.56299,0.522674,0.539823,1.874173,2.13429
-1.777122,0.725817,0.536815,1.920403,2.078246
-1.348857,0.278916,0.299245,1.958738,2.01858
-1.348857,0.441427,0.38044,1.995478,1.950514
-1.134725,0.64457,0.627032,2.030357,1.870808
-1.134725,0.603938,0.708226,2.064398,1.788904
-1.348857,0.807081,0.867609,2.10039,1.695474
-1.348857,0.888327,0.867609,2.133754,1.597657
-1.348857,1.172734,1.192388,2.168013,1.486427
-1.134725,1.050838,1.033005,2.2006,1.380307
-0.920593,1.050838,1.036013,2.231,1.282125
-1.134725,1.132102,1.033005,2.269443,1.18031
-0.920593,1.172734,1.198402,2.292712,1.0862
-0.492329,1.335245,1.366806,2.295,0.993638
-0.920593,1.416492,1.441986,2.295,0.922709
-0.278197,1.497756,1.451008,2.295,0.869591
-0.492329,1.294613,1.285611,2.284302,0.821997
-0.492329,1.172734,1.204417,2.260392,0.784027
-0.706461,1.172734,1.120215,2.216343,0.739801
-0.278197,1.010223,1.045034,2.158064,0.699543
0.150068,0.888327,0.888659,2.10443,0.670676
0.150068,0.888327,0.888659,2.036061,0.649134
0.3642,0.563306,0.566887,1.956921,0.621973
-0.278197,0.319531,0.314282,1.862843,0.609413
-0.278197,0.075773,-0.010497,1.765439,0.597928
-0.278197,0.075773,0.151892,1.681957,0.597803
-0.492329,-0.086738,-0.175894,1.591287,0.597803
-0.064064,-0.574288,-0.575854,1.533991,0.599777
-0.064064,-0.899309,-0.981827,1.47133,0.61102
-0.278197,-1.06182,-1.147224,1.428258,0.624927
-0.706461,-1.305595,-1.315628,1.399119,0.642271
-0.278197,-1.468106,-1.553198,1.393443,0.65989
-0.064064,-1.468106,-1.550191,1.393443,0.685684
-0.278197,-1.671249,-1.553198,1.393443,0.7232
0.3642,-1.549353,-1.544176,1.394708,0.763397
0.792464,-1.589985,-1.538162,1.40107,0.823051
1.220729,-1.386842,-1.450953,1.412375,0.900375
1.006597,-1.305595,-1.29157,1.433628,0.987507
1.434861,-1.305595,-1.204361,1.486801,1.084567
1.220729,-1.021188,-1.044979,1.522733,1.184316
1.434861,-0.696166,-0.635998,1.561354,1.294218
1.434861,-0.533656,-0.554803,1.60809,1.403747
1.434861,-0.493023,-0.392414,1.67426,1.511975
1.220729,-0.168002,-0.151837,1.751457,1.606008
1.434861,0.075773,0.094755,1.810457,1.698508
1.434861,0.482042,0.500729,1.844623,1.800208
1.220729,0.15702,0.254137,1.853,1.904745
1.220729,0.319531,0.335332,1.853,1.986912
1.220729,0.400795,0.416527,1.853,2.072593
0.792464,0.64457,0.735291,1.845333,2.1257
1.006597,0.603938,0.657104,1.785034,2.195283
0.792464,0.685185,0.654097,1.698485,2.259788
1.006597,1.050838,0.981883,1.607633,2.299833
0.792464,0.64457,0.654097,1.491133,2.334802
0.578333,1.294613,1.300647,1.404369,2.348457
0.792464,1.335245,1.384849,1.310784,2.349164
0.3642,1.213349,1.29764,1.21,2.349164
0.3642,1.700899,1.703614,1.122426,2.347764
0.3642,1.579003,1.622419,1.028962,2.319917
0.150068,1.700899,1.781802,0.942721,2.27118
0.150068,1.782146,1.781802,0.857162,2.208992
-0.064064,1.37586,1.454015,0.794254,2.143837
0.150068,1.37586,1.457023,0.74371,2.069961
0.150068,1.457124,1.538217,0.70783,1.977949
-0.278197,1.37586,1.288619,0.680527,1.891355
-0.064064,1.37586,1.372821,0.668484,1.782171
-0.492329,1.132102,1.123222,0.668484,1.680904
-0.920593,1.294613,1.198402,0.667393,1.560839
-0.920593,1.172734,1.198402,0.664428,1.437
-0.920593,1.37586,1.279597,0.663673,1.33514
-0.920593,1.253981,1.279597,0.665798,1.221375
-1.134725,1.132102,1.195395,0.668146,1.125167
-0.706461,1.213349,1.201409,0.669999,1.016398
-0.920593,1.172734,1.117207,0.671657,0.920295
-0.920593,0.969591,0.954818,0.690648,0.832208
-0.920593,0.807081,0.792428,0.725596,0.760544
-0.492329,0.603938,0.636053,0.777261,0.699999
-0.706461,0.522674,0.308267,0.848831,0.642571
-0.706461,0.441427,0.470657,0.930619,0.59863
-0.064064,0.15702,0.154899,1.0372,0.5631
0.3642,-0.249249,-0.326255,1.136013,0.545814
0.578333,-0.493023,-0.485637,1.246046,0.53405
0.578333,-0.533656,-0.566832,1.351142,0.5249
1.006597,-0.655534,-0.723207,1.442435,0.524
1.006597,-0.77743,-0.723207,1.526887,0.524
1.220729,-0.939941,-0.963784,1.59086,0.524
1.220729,-1.021188,-0.963784,1.648468,0.527316
1.006597,-1.264963,-1.210376,1.677173,0.538499
0.792464,-1.630617,-1.538162,1.677897,0.55152
0.792464,-1.793128,-1.781746,1.677897,0.577305
0.792464,-1.99627,-2.02533,1.677397,0.61549
0.578333,-2.036902,-1.947143,1.655091,0.677331
0.150068,-2.118149,-2.115547,1.614414,0.757263
-0.492329,-2.199413,-2.124568,1.577528,0.831466
-0.706461,-2.036902,-2.046381,1.543369,0.906289
-1.134725,-1.752496,-1.890006,1.492228,1.035105
-1.348857,-1.711864,-1.811818,1.459551,1.159143
-1.134725,-1.468106,-1.484032,1.412304,1.336179
-1.56299,-1.224331,-1.327657,1.373474,1.456505
-1.348857,-1.143067,-1.16226,1.337556,1.591862
-1.348857,-0.939941,-0.837481,1.331446,1.71125
-1.777122,-0.77743,-0.843496,1.331446,1.836443
-1.777122,-0.452391,-0.437522,1.331446,1.95264
-1.348857,-0.249249,-0.350313,1.339261,2.056723
-1.56299,-0.249249,-0.272125,1.375722,2.142256
-1.777122,0.116388,0.049647,1.416697,2.206037
-1.56299,0.197652,0.133849,1.4799,2.2758
-1.777122,0.278916,0.212036,1.550725,2.325789
-1.56299,0.400795,0.377433,1.631801,2.341129
-1.134725,0.563306,0.627032,1.690976,2.341129
-1.348857,0.766449,0.705219,1.745918,2.341129
-1.348857,0.64457,0.624024,1.804675,2.334377
-1.348857,0.928959,0.867609,1.896375,2.315125
-1.56299,1.172734,1.108186,1.983695,2.272458
-1.134725,1.132102,1.520174,2.072145,2.19668
-0.920593,0.969591,1.036013,2.146175,2.113904
-0.706461,1.050838,1.03902,2.217713,2.016669
-0.492329,1.213349,1.204417,2.27672,1.917885
-0.706461,1.538388,1.526188,2.356298,1.792542
-0.492329,1.619635,1.61039,2.391179,1.673354
-0.492329,1.497756,1.529196,2.3965,1.514161
-0.492329,1.619635,1.61039,2.3965,1.387809
-0.278197,1.579003,1.532203,2.3965,1.287588
-0.492329,1.538388,1.529196,2.375224,1.221133
-0.492329,1.538388,1.448001,2.327846,1.1079
-0.706461,1.457124,1.444994,2.283578,0.997756
-1.134725,1.294613,1.27659,2.217629,0.890457
-0.492329,0.969591,0.879638,2.161469,0.822873
-0.492329,0.725817,0.717248,2.084952,0.745474
-0.706461,0.278916,0.308267,1.998544,0.685316
-0.492329,0.238284,0.311274,1.904156,0.651771
-0.492329,0.075773,-0.013505,1.810073,0.616864
-0.492329,0.075773,-0.013505,1.709998,0.592707
-0.278197,-0.289881,-0.335277,1.592484,0.579697
-0.492329,-0.411777,-0.419478,1.513997,0.573289
-0.706461,-0.736798,-0.747265,1.416555,0.573089
-0.492329,-0.818045,-0.825452,1.343633,0.572789
-0.492329,-1.224331,-1.312621,1.28733,0.573416
-0.492329,-1.183699,-1.150231,1.280607,0.574667
-0.278197,-1.468106,-1.472003,1.280607,0.576494
-0.064064,-1.549353,-1.550191,1.280607,0.589968
0.150068,-1.468106,-1.465989,1.301162,0.616186
0.3642,-1.711864,-1.462981,1.349217,0.670275
0.578333,-1.711864,-1.703558,1.398683,0.723987
1.220729,-1.468106,-1.532147,1.452784,0.789881
1.220729,-1.508721,-1.450953,1.51912,0.88482
1.220729,-1.06182,-1.044979,1.598944,0.998912
1.434861,-0.980556,-0.960777,1.681042,1.120397
1.220729,-0.939941,-0.882589,1.712444,1.248134
1.434861,-0.655534,-0.635998,1.748185,1.349768
1.220729,-0.452391,-0.395421,1.783779,1.417821
1.434861,-0.411777,-0.392414,1.832786,1.552312
1.434861,-0.12737,-0.392414,1.837,1.68345
1.434861,-0.411777,-0.392414,1.837,1.802236
1.434861,-0.289881,-0.148829,1.836105,1.896336
1.220729,0.075773,0.091748,1.812696,1.996719
1.220729,0.15702,0.091748,1.802433,2.063894
1.220729,-0.046123,-0.070642,1.758346,2.155141
1.220729,-0.046123,0.010553,1.686992,2.241279
0.792464,0.360163,0.410512,1.605556,2.30764
1.006597,0.64457,0.657104,1.514389,2.353889
0.792464,0.725817,0.735291,1.428476,2.373967
0.578333,0.603938,0.651089,1.378872,2.373967
0.578333,0.807081,0.894674,1.326392,2.373967
0.3642,1.050838,1.135251,1.2408,2.36578
0.150068,1.294613,1.213438,1.180084,2.354848
0.150068,1.294613,1.375828,1.112887,2.247797
0.150068,1.497756,1.538217,1.049744,1.931942
-0.064064,1.579003,1.53521,0.983923,1.696297
0.150068,1.37586,1.375828,0.946231,1.637528
-0.064064,1.741514,1.6976,0.85009,1.569797
-0.064064,1.538388,1.372821,0.82684,1.545433
-0.064064,1.497756,1.454015,0.82684,1.542664
0.3642,1.538388,1.622419,0.82684,1.542664
-0.492329,1.213349,1.204417,0.82931,1.518791
-0.064064,1.294613,1.291626,0.838258,1.514
-0.492329,1.213349,1.285611,0.853198,1.514
-0.920593,1.050838,1.036013,0.855481,1.495642
-1.134725,0.807081,0.789421,0.856075,1.467383
-1.134725,0.928959,0.951811,0.858187,1.423879
-1.134725,0.928959,0.789421,0.85913,1.312876
-1.348857,0.725817,0.705219,0.86186,1.171563
-1.56299,0.725817,0.702212,0.888595,1.057205
-1.777122,0.685185,0.61801,0.914321,0.971423
-1.56299,0.522674,0.621017,0.94442,0.880788
-1.777122,0.116388,0.130842,0.99289,0.81825
-1.777122,0.238284,0.130842,1.053115,0.634754
-1.56299,-0.005491,-0.028541,1.133171,0.597603
-1.348857,-0.208634,-0.187923,1.223798,0.57724
-1.777122,-0.452391,-0.437522,1.325194,0.556647
-1.56299,-0.533656,-0.596904,1.399822,0.544839
-1.56299,-0.77743,-0.759294,1.494898,0.536778
-1.56299,-0.939941,-1.002878,1.59821,0.536
-1.348857,-1.102452,-0.999871,1.702565,0.536
-1.56299,-1.143067,-1.408852,1.817391,0.53675
-1.134725,-1.630617,-1.240448,1.913467,0.551203
-1.134725,-1.83376,-1.890006,2.024392,0.597853
-0.920593,-2.118149,-2.211778,2.120401,0.64681
-0.492329,-2.036902,-2.043374,2.193544,0.712944
-0.064064,-1.955638,-1.956164,2.255964,0.79843
0.3642,-1.955638,-1.95015,2.308375,0.895
0.3642,-1.955638,-1.95015,2.358761,1.001927
0.792464,-1.793128,-1.781746,2.375681,1.112534
1.006597,-1.468106,-1.45396,2.377637,1.230882
1.220729,-1.427474,-1.369758,2.37873,1.358538
1.220729,-1.183699,-1.126174,2.378513,1.471713
1.220729,-0.939941,-1.044979,2.374876,1.590771
1.434861,-0.736798,-0.717193,2.360181,1.733547
1.434861,-0.899309,-0.879582,2.305508,1.873642
1.648994,-0.371145,-0.389406,2.254561,1.998477
1.434861,-0.330513,-0.311219,2.213132,2.10106
1.648994,-0.330513,-0.308212,2.156223,2.196412
1.648994,-0.086738,-0.064627,2.095195,2.267863
1.434861,-0.046123,0.01356,2.0133,2.3356
1.434861,0.075773,0.094755,1.913746,2.388614
1.220729,0.075773,0.091748,1.816742,2.420137
1.434861,0.319531,0.338339,1.722886,2.435434
1.006597,0.563306,0.575909,1.622995,2.446172
1.220729,0.482042,0.416527,1.508027,2.459393
1.434861,0.807081,0.825508,1.392633,2.46372
1.006597,0.888327,0.900688,1.271578,2.46372
1.006597,1.050838,1.144272,1.165099,2.46372
1.006597,0.969591,0.981883,1.06927,2.45393
0.578333,0.888327,0.975868,0.99457,2.439321
0.3642,1.294613,1.216445,0.898424,2.406254
0.3642,1.579003,1.541224,0.816166,2.354166
0.578333,1.37586,1.381842,0.75905,2.296429
0.3642,1.416492,1.46003,0.703718,2.221703
0.3642,1.37586,1.29764,0.659835,2.140585
0.578333,1.335245,1.381842,0.634492,2.043414
0.578333,1.253981,1.300647,0.621402,1.931837
0.3642,1.132102,1.216445,0.620556,1.815979
0.3642,0.888327,0.891666,0.620556,1.686824
0.3642,0.603938,0.648082,0.620767,1.55375
0.3642,0.482042,0.566887,0.628451,1.435
0.578333,0.482042,0.4887,0.637856,1.307224
0.3642,0.319531,0.404498,0.65072,1.192529
0.578333,0.075773,0.001531,0.671569,1.087269
0.792464,-0.005491,0.004539,0.68779,1.030629
0.578333,-0.330513,-0.323248,0.70624,0.991147
0.578333,-0.249249,-0.323248,0.729881,0.988529
1.006597,-0.736798,-0.642012,0.754946,0.988529
1.006597,-0.655534,-0.723207,0.786424,0.99504
1.220729,-0.939941,-0.963784,0.834076,1.034395
1.220729,-1.06182,-1.044979,0.876608,1.096607
0.792464,-1.34621,-1.375772,0.929166,1.179194
0.578333,-1.386842,-1.378779,0.968432,1.244243
0.792464,-1.386842,-1.375772,1.015265,1.329527
0.578333,-1.671249,-1.703558,1.063579,1.41989
0.150068,-1.874374,-1.871962,1.111425,1.502307
0.150068,-1.99627,-1.953157,1.148514,1.594167
-0.278197,-1.711864,-1.796782,1.18499,1.678105
-0.492329,-1.793128,-1.880984,1.225655,1.765604
-0.492329,-1.468106,-1.47501,1.270005,1.858923
-0.920593,-1.589985,-1.562219,1.331774,1.95931
-0.920593,-1.305595,-1.156246,1.400683,2.034454
-1.134725,-1.386842,-1.321642,1.460052,2.094133
-1.134725,-1.102452,-1.078058,1.520538,2.14072
-1.56299,-0.696166,-0.678099,1.5771,2.180033
-1.56299,-0.696166,-0.759294,1.637384,2.187
-1.348857,-0.371145,-0.431507,1.709629,2.187
-1.134725,-0.330513,-0.347305,1.777922,2.187
-1.56299,0.035141,-0.028541,1.847161,2.164015
-1.56299,-0.005491,-0.028541,1.90878,2.125312
-1.56299,0.116388,0.052654,1.955321,2.074501
-1.56299,0.400795,0.377433,2.025786,2.007984
-1.56299,0.482042,0.458628,2.091777,1.92734
-1.56299,0.522674,0.702212,2.132924,1.843665
-1.134725,0.522674,0.464642,2.168162,1.753664
-1.134725,0.685185,0.708226,2.200856,1.645908
-1.348857,0.766449,0.705219,2.22737,1.556976
-1.134725,0.807081,0.870616,2.242471,1.465081
-0.920593,0.888327,0.873623,2.265,1.339551
-0.920593,0.969591,0.873623,2.265,1.226891
-0.706461,1.172734,1.201409,2.265,1.0978
-0.064064,1.050838,1.129236,2.257125,0.98675
-0.278197,1.132102,1.207424,2.225797,0.907579
-0.492329,1.457124,1.529196,2.181037,0.833453
-0.492329,1.619635,1.61039,2.12177,0.789522
-0.492329,1.579003,1.529196,2.037327,0.738502
-0.492329,1.782146,1.77278,1.95668,0.701619
-0.278197,1.619635,1.694592,1.876801,0.677291
0.150068,1.782146,1.700607,1.7831,0.665548
-0.278197,1.700899,1.694592,1.684877,0.658992
0.150068,1.944657,1.944191,1.593328,0.64653
0.150068,1.538388,1.538217,1.528824,0.634117
0.3642,1.700899,1.703614,1.454588,0.617609
0.3642,1.782146,1.703614,1.386906,0.610067
0.150068,1.538388,1.619412,1.336327,0.604834
0.792464,1.497756,1.466044,1.294091,0.595997
0.578333,1.335245,1.381842,1.261402,0.5925
0.3642,0.969591,1.054056,1.223367,0.5925
0.3642,1.050838,0.972861,1.177171,0.5925
0.578333,1.09147,1.138258,1.1287,0.5963
0.3642,0.928959,0.891666,1.07088,0.606632
0.792464,0.888327,0.897681,1.007036,0.62239
1.006597,0.64457,0.657104,0.941583,0.643813
1.220729,0.603938,0.660111,0.869979,0.684769
1.434861,0.400795,0.419534,0.8333,0.7313
1.434861,0.400795,0.500729,0.825431,0.790672
1.434861,0.400795,0.500729,0.817,0.879738
1.434861,0.400795,0.419534,0.812983,0.958094
1.434861,0.482042,0.419534,0.810392,1.046733
1.648994,0.522674,0.584931,0.808844,1.135281
1.434861,0.197652,0.257144,0.802185,1.244037
1.434861,0.116388,0.17595,0.790097,1.357571
1.434861,-0.046123,-0.067635,0.76775,1.464125
1.434861,-0.12737,-0.067635,0.728225,1.556598
1.434861,0.035141,-0.067635,0.692164,1.6302
1.006597,-0.330513,-0.236038,0.679462,1.735791
0.792464,-0.614902,-0.157851,0.670171,1.823563
1.220729,-0.574288,-0.639005,0.668452,1.908578
1.006597,-0.614902,-0.560818,0.672707,1.954183
0.792464,-0.452391,-0.563825,0.674625,2.0061
0.578333,-0.655534,-0.648027,0.677714,2.040034
0.3642,-0.371145,-0.326255,0.70855,2.07084
-0.278197,-0.452391,-0.578861,0.734543,2.09228
-0.706461,-0.411777,-0.341291,0.770503,2.098575
-0.492329,-0.208634,-0.419478,0.866496,2.098575
-0.706461,-0.12737,-0.016512,0.966904,2.098575
-0.920593,0.400795,0.467649,1.056486,2.091922
-1.134725,0.319531,0.221058,1.125625,2.070159
-0.706461,0.319531,0.389462,1.198234,2.032708
-1.134725,0.441427,0.464642,1.279712,1.968626
-1.134725,0.685185,0.708226,1.341167,1.897531
-1.56299,0.685185,0.621017,1.410782,1.808597
-1.56299,0.685185,0.621017,1.448,1.708645
-1.56299,0.522674,0.539823,1.508314,1.604519
-1.348857,0.482042,0.461635,1.577284,1.501192
-1.777122,0.563306,0.455621,1.633368,1.413111
-1.348857,0.441427,0.38044,1.695701,1.318053
-1.348857,0.278916,0.299245,1.760022,1.218744
-1.777122,0.197652,0.212036,1.828364,1.11945
-1.991254,-0.086738,-0.11575,1.880637,1.023707
-1.56299,-0.168002,-0.109736,1.936592,0.937072
-1.348857,-0.411777,-0.431507,1.995309,0.869805
-1.56299,-0.533656,-0.596904,2.041901,0.823243
-1.348857,-0.655534,-0.675092,2.077695,0.812
-1.134725,-0.818045,-0.753279,2.106962,0.812
-1.56299,-1.143067,-1.165267,2.141018,0.812
-1.134725,-0.980556,-0.996863,2.169353,0.8268
-1.134725,-1.549353,-1.484032,2.189198,0.87538
-0.920593,-1.508721,-1.562219,2.210648,0.95459
-1.348857,-1.671249,-1.730623,2.227055,1.04451
-1.134725,-1.589985,-1.646421,2.241544,1.136738
-0.706461,-1.752496,-1.802797,2.267674,1.212454
-0.492329,-1.793128,-1.962179,2.288147,1.298093
-0.492329,-1.99627,-1.962179,2.29092,1.40834
-0.278197,-2.077517,-2.040366,2.291,1.531265
-0.064064,-2.036902,-2.037359,2.290811,1.650332
0.150068,-1.955638,-1.871962,2.290189,1.740739
0.3642,-1.793128,-1.78776,2.283305,1.812672
0.578333,-1.549353,-1.622364,2.251806,1.939744
1.006597,-1.468106,-1.45396,2.212807,2.041405
0.792464,-1.305595,-1.375772,2.165939,2.13308
1.220729,-1.224331,-1.207368,2.139143,2.190454
1.220729,-1.143067,-1.207368,2.097705,2.218788
1.006597,-0.858677,-0.723207,2.029875,2.24775
1.434861,-0.574288,-0.554803,1.965956,2.265578
1.434861,-0.452391,-0.392414,1.880413,2.294536
1.434861,-0.249249,-0.311219,1.795388,2.308074
1.434861,-0.289881,-0.311219,1.70155,2.314355
1.434861,-0.086738,-0.067635,1.586163,2.317467
1.434861,-0.046123,-0.067635,1.484269,2.318602
1.434861,0.400795,0.419534,1.370458,2.318602
1.434861,0.400795,0.419534,1.282419,2.318602
1.006597,0.278916,0.332325,1.176961,2.313543
1.220729,0.278916,0.254137,1.073157,2.295456
0.792464,0.482042,0.491707,0.982087,2.273598
0.792464,0.441427,0.491707,0.888588,2.232469
0.792464,0.847695,0.897681,0.82166,2.177123
0.578333,1.457124,1.463037,0.768296,2.112852
0.578333,1.010223,0.975868,0.716887,2.034867
0.150068,1.132102,1.132243,0.677815,1.956185
0.150068,1.579003,1.538217,0.670379,1.838116
0.150068,1.416492,1.457023,0.670379,1.710632
-0.064064,1.497756,1.778794,0.671164,1.585627
0.150068,1.700899,1.781802,0.696167,1.442343
0.3642,1.822778,1.947198,0.711141,1.358579
-0.064064,1.538388,1.53521,0.720683,1.232305
-0.064064,1.294613,1.372821,0.731492,1.127267
-0.064064,1.132102,1.129236,0.752823,1.009306
0.150068,1.213349,1.213438,0.787367,0.90978
-0.278197,1.294613,1.288619,0.833608,0.842275
0.150068,1.132102,1.051049,0.896624,0.798909
-0.064064,1.050838,1.129236,0.926933,0.784
-0.064064,0.807081,0.804457,0.979469,0.784
-0.064064,0.64457,0.642068,1.051507,0.784
-0.492329,0.725817,0.717248,1.137952,0.791934
-0.064064,0.075773,0.073704,1.196782,0.827379
0.150068,-0.168002,-0.085678,1.228875,0.872657
0.150068,-0.005491,-0.085678,1.246588,0.924746
0.3642,-0.168002,-0.163865,1.253435,0.985338
0.578333,-0.208634,-0.242053,1.265822,1.06191
1.006597,-0.289881,-0.073649,1.271906,1.15675
0.792464,-0.614902,-0.645019,1.273531,1.258956
0.792464,-0.77743,-0.807409,1.274008,1.37475
0.578333,-0.736798,-0.891611,1.277119,1.470793
1.006597,-1.102452,-1.047986,1.278,1.583588
0.792464,-1.06182,-1.050993,1.278264,1.690417
1.006597,-1.549353,-1.616349,1.287634,1.796189
1.220729,-1.468106,-1.532147,1.301089,1.890429
0.3642,-1.793128,-1.78776,1.320763,1.978515
-0.064064,-2.118149,-2.118554,1.358356,2.066581
-0.920593,-2.036902,-2.130583,1.404431,2.13524
-0.706461,-2.118149,-2.046381,1.465049,2.205273
-0.920593,-1.793128,-1.886998,1.530629,2.25718
-1.348857,-1.793128,-1.730623,1.5855,2.2915
-0.920593,-1.102452,-1.156246,1.647305,2.311958
-1.56299,-0.980556,-1.084073,1.700562,2.313208
-1.991254,-0.574288,-0.602918,1.75975,2.313208
-1.56299,-0.493023,-0.515709,1.831303,2.311009
-1.56299,-0.452391,-0.434515,1.912281,2.280681
-1.56299,-0.12737,-0.109736,1.987055,2.227567
-1.56299,0.116388,0.052654,2.043376,2.175371
-1.56299,0.197652,0.052654,2.083015,2.134902
-1.56299,0.238284,0.215043,2.129187,2.083287
-1.56299,0.197652,0.215043,2.194529,1.997831
-1.56299,0.238284,0.215043,2.248499,1.906563
-1.348857,0.400795,0.299245,2.283041,1.820438
-1.348857,0.685185,0.624024,2.30291,1.705901
-1.777122,0.766449,0.699205,2.315975,1.595371
-1.348857,0.725817,0.705219,2.332092,1.471946
-1.134725,0.888327,0.951811,2.3555,1.371669
-0.920593,1.09147,1.117207,2.358,1.257953
-1.348857,1.213349,1.273583,2.358,1.141684
-1.348857,1.294613,1.192388,2.358,1.045194
-1.134725,1.579003,1.601369,2.340139,0.952405
-0.278197,1.253981,1.288619,2.317768,0.879646
-0.278197,1.294613,1.532203,2.290744,0.823489
-0.064064,1.782146,1.6976,2.254291,0.783581
0.150068,1.619635,1.619412,2.193151,0.73946
0.150068,1.700899,1.781802,2.110915,0.698737
-0.064064,1.822778,1.859989,2.027169,0.666812
0.3642,1.86341,1.866003,1.9399,0.6409
-0.064064,1.944657,1.859989,1.835875,0.6165
0.3642,1.944657,1.947198,1.733474,0.598621
0.150068,2.025921,1.944191,1.626152,0.581477
-0.064064,1.944657,1.859989,1.507698,0.564035
0.150068,1.86341,1.862996,1.396575,0.55198
0.578333,1.37586,1.381842,1.289125,0.55
0.150068,1.457124,1.375828,1.187625,0.55
0.150068,1.213349,1.213438,1.077203,0.55
0.578333,1.294613,1.219453,0.986542,0.550333
0.150068,0.969591,0.969854,0.906023,0.553744
0.3642,0.847695,0.891666,0.831669,0.564217
0.3642,0.522674,0.566887,0.768311,0.591186
-0.064064,0.482042,0.479678,0.743678,0.62542
-0.064064,0.319531,0.317289,0.742578,0.6665
-0.492329,-0.005491,-0.013505,0.742578,0.702336
-0.706461,-0.371145,-0.422486,0.745392,0.757195
-0.920593,-0.330513,-0.344298,0.77257,0.826917
-0.920593,-0.493023,-0.506688,0.789267,0.887631
-1.134725,-0.574288,-0.672084,0.823148,0.938859
-1.134725,-0.655534,-0.672084,0.886455,1.006493
-1.348857,-0.899309,-0.837481,0.970124,1.065076
-1.348857,-1.102452,-1.16226,1.051436,1.114716
-1.348857,-1.224331,-1.16226,1.128309,1.152194
-1.56299,-1.427474,-1.408852,1.228541,1.197719
-1.56299,-1.427474,-1.408852,1.327789,1.248517
-1.777122,-1.468106,-1.493054,1.402722,1.267125
-1.991254,-1.264963,-1.414866,1.513175,1.298188
-1.134725,-0.574288,-0.834474,1.634129,1.325241
-0.064064,-0.696166,-0.900633,1.747409,1.362534
-0.278197,-0.574288,-0.497666,1.855629,1.404825
-0.278197,-0.493023,-0.497666,1.95655,1.46621
-0.278197,-0.411777,-0.416471,2.043919,1.537561
-0.278197,0.116388,-0.091692,2.090105,1.593366
0.150068,-0.005491,-0.004483,2.131462,1.654192
-0.064064,0.075773,0.073704,2.146866,1.733828
0.3642,-0.005491,0.079719,2.169537,1.791184
0.3642,0.319531,0.242108,2.171246,1.828628
0.3642,0.197652,0.323303,2.171246,1.82916
0.3642,0.64457,0.648082,2.169793,1.82916
0.3642,0.64457,0.566887,2.150391,1.82887
0.578333,0.64457,0.651089,2.120951,1.8056
0.578333,0.603938,0.651089,2.080507,1.741579
0.578333,0.603938,0.407505,2.045954,1.698944
0.792464,0.441427,0.410512,1.971179,1.645629
0.792464,0.603938,0.491707,1.905368,1.599276
0.792464,0.441427,0.410512,1.842986,1.546988
1.006597,0.238284,0.25113,1.783078,1.515824
1.006597,0.360163,0.332325,1.670485,1.476548
1.220729,0.238284,0.254137,1.558696,1.446138
1.220729,0.035141,0.091748,1.461978,1.430379
1.006597,0.035141,0.088741,1.374501,1.419317
1.220729,-0.086738,-0.395421,1.281504,1.416322
1.434861,-0.086738,-0.067635,1.186589,1.416322
1.220729,-0.249249,-0.151837,1.089084,1.416322
1.434861,-0.411777,-0.311219,1.03025,1.420331
1.648994,-0.452391,-0.389406,0.9797,1.4345
1.648994,-0.614902,-0.470601,0.93861,1.456215
1.220729,-0.818045,-0.801395,0.904283,1.486213
1.648994,-0.939941,-0.95777,0.881749,1.53219
1.434861,-1.143067,-1.204361,0.863891,1.5985
1.006597,-1.386842,-1.372765,0.839744,1.683219
1.006597,-1.427474,-1.29157,0.820424,1.74543
0.792464,-1.589985,-1.375772,0.816475,1.824219
1.220729,-1.915006,-1.856926,0.816475,1.910796
0.3642,-2.077517,-2.031345,0.8166,1.985152
-0.064064,-1.99627,-1.956164,0.8271,2.065555
-0.278197,-2.118149,-2.121561,0.85265,2.142675
-0.706461,-1.83376,-1.883991,0.89357,2.197541
-0.920593,-1.83376,-1.886998,0.959119,2.246967
-1.134725,-1.874374,-1.808811,1.026645,2.28734
-1.777122,-1.630617,-1.574248,1.097538,2.319392
-1.56299,-1.305595,-1.327657,1.184652,2.354988
-1.56299,-1.264963,-1.246462,1.274015,2.381259
-1.56299,-1.224331,-1.246462,1.390373,2.393966
-1.348857,-0.899309,-0.837481,1.483125,2.394
-1.777122,-0.736798,-0.681106,1.58719,2.394
-1.348857,-0.493023,-0.431507,1.645861,2.394
-1.56299,-0.289881,-0.272125,1.732562,2.390207
-1.56299,-0.086738,-0.028541,1.829093,2.369276
-1.777122,-0.005491,-0.031548,1.908851,2.339371
-1.777122,0.238284,0.212036,1.99988,2.291589
-1.348857,0.319531,0.299245,2.090375,2.223613
-1.348857,0.522674,0.461635,2.1875,2.14129
-1.134725,0.482042,0.545837,2.244504,2.057944
-1.134725,0.64457,0.627032,2.302452,1.966518
-1.134725,0.725817,0.708226,2.368897,1.863253
-1.348857,0.847695,0.867609,2.3959,1.763341
-0.706461,1.132102,1.03902,2.3965,1.6338
-1.134725,1.09147,1.1142,2.3965,1.508271
-0.492329,1.579003,1.61039,2.3945,1.391651
-0.278197,1.741514,1.694592,2.381129,1.295018
-0.492329,1.457124,1.448001,2.3613,1.215342
-0.492329,1.416492,1.448001,2.31824,1.115315
-0.278197,1.497756,1.532203,2.272851,1.019736
-0.064064,1.619635,1.53521,2.21524,0.9309
-0.064064,1.700899,1.6976,2.145589,0.879482
-0.064064,1.700899,1.616405,2.069166,0.82477
0.150068,1.619635,1.619412,1.991588,0.773967
0.3642,1.497756,1.541224,1.896311,0.716751
0.578333,1.619635,1.625426,1.797396,0.664019
0.792464,1.457124,1.466044,1.717381,0.631794
0.578333,1.335245,1.219453,1.621707,0.618055
0.578333,1.172734,1.138258,1.515451,0.616063
0.792464,1.172734,1.141265,1.43045,0.61605
0.792464,0.969591,0.978876,1.330243,0.61605
0.792464,0.928959,0.978876,1.244398,0.616523
1.220729,0.685185,0.660111,1.164913,0.622125
1.006597,0.482042,0.575909,1.06314,0.64174
1.220729,0.563306,0.578916,0.980417,0.673988
1.220729,0.482042,0.578916,0.91097,0.721233
1.434861,0.522674,0.500729,0.851495,0.777354
1.434861,0.441427,0.500729,0.8003,0.839446
1.434861,0.400795,0.500729,0.771794,0.902407
1.434861,0.238284,0.338339,0.736286,0.992714
1.220729,0.15702,0.172943,0.718667,1.089259
1.220729,0.238284,0.254137,0.701548,1.206537
1.220729,0.075773,0.091748,0.68634,1.313814
1.006597,-0.086738,-0.073649,0.669466,1.418197
1.006597,-0.289881,-0.317233,0.650212,1.520523
0.578333,-0.411777,-0.485637,0.637732,1.61682
0.578333,-0.411777,-0.485637,0.636733,1.722574
0.3642,-0.249249,-0.40745,0.636733,1.799105
0.150068,0.075773,-0.410457,0.638062,1.871156
-0.278197,0.075773,0.070697,0.656716,1.915705
-0.278197,-0.005491,-0.091692,0.685156,1.93022
-0.278197,0.238284,0.233087,0.726379,1.93032
-0.706461,0.075773,0.145878,0.775123,1.93032
-0.492329,0.319531,0.311274,0.83975,1.92791
-0.920593,0.15702,0.14287,0.926786,1.893898
-0.920593,0.278916,0.224065,1.007162,1.846245
-1.348857,0.603938,0.624024,1.082593,1.785279
-1.348857,0.807081,0.786414,1.169092,1.696214
-1.348857,0.482042,0.461635,1.242149,1.611747
-1.348857,0.522674,0.54283,1.319645,1.524672
-1.348857,0.603938,0.54283,1.406305,1.443477
-1.348857,0.64457,0.705219,1.468777,1.334786
-1.348857,0.725817,0.624024,1.521533,1.234677
-1.348857,0.685185,0.624024,1.590924,1.125142
-1.56299,0.603938,0.621017,1.659555,1.030557
-1.56299,0.522674,0.539823,1.72937,0.94069
-1.56299,0.319531,0.215043,1.802319,0.859244
-1.134725,-0.005491,-0.022526,1.875885,0.791323
-1.348857,-0.046123,-0.025534,1.945454,0.739
-1.56299,-0.289881,-0.109736,2.008074,0.710526
-0.706461,-0.655534,-0.66607,2.070375,0.708032
-1.134725,-0.899309,-0.996863,2.127549,0.708032
-1.56299,-0.980556,-1.084073,2.168157,0.710899
-1.134725,-1.224331,-1.240448,2.194794,0.744269
-0.706461,-1.427474,-1.559212,2.210832,0.793867
-0.920593,-1.508721,-1.562219,2.227697,0.848227
0.150068,-1.874374,-1.790768,2.247724,0.927494
-0.492329,-1.793128,-1.799789,2.276057,1.011551
-0.064064,-1.549353,-1.387801,2.276557,1.102752
0.3642,-1.589985,-1.625371,2.276557,1.219
0.792464,-1.549353,-1.538162,2.275918,1.346356
0.792464,-1.386842,-1.456967,2.26951,1.469235
0.578333,-1.34621,-1.541169,2.252002,1.605193
1.434861,-0.980556,-0.879582,2.213256,1.726722
1.434861,-0.736798,-0.635998,2.151612,1.851176
1.434861,-0.493023,-0.473608,2.075216,1.959291
1.220729,-0.168002,-0.151837,2.04703,2.046225
1.434861,-0.12737,-0.067635,2.015072,2.112949
1.434861,-0.12737,-0.067635,1.973553,2.15974
1.434861,0.15702,0.17595,1.914234,2.201753
1.434861,0.15702,0.17595,1.865545,2.217143
1.434861,0.400795,0.419534,1.813767,2.22073
1.434861,0.319531,0.338339,1.731706,2.221968
1.006597,0.482042,0.494714,1.624288,2.221968
1.006597,0.969591,0.981883,1.510098,2.221597
0.792464,1.09147,1.06007,1.454365,2.206122
0.792464,1.172734,1.303655,1.391407,2.187533
0.578333,1.37586,1.381842,1.252709,2.185505
0.3642,1.213349,1.216445,1.139673,2.164646
0.3642,1.294613,1.29764,1.029486,2.092078
0.150068,1.579003,1.538217,0.937518,1.882625
-0.064064,1.538388,1.53521,0.871415,1.791739
0.3642,1.700899,1.703614,0.786222,1.754463
0.150068,1.497756,1.457023,0.700026,1.704891
0.150068,1.538388,1.457023,0.675101,1.607679
-0.064064,1.619635,1.53521,0.6745,1.541687
-0.492329,1.457124,1.448001,0.6745,1.490659
-0.278197,1.132102,1.126229,0.675,1.427281
-0.492329,1.294613,1.204417,0.689505,1.382064
-0.920593,1.335245,1.279597,0.699074,1.327374
-0.920593,1.010223,1.036013,0.712654,1.24752
-0.492329,1.010223,0.960832,0.730722,1.121249
-1.134725,0.603938,0.627032,0.755383,1.021289
-1.56299,0.807081,0.702212,0.8001,0.9027
-1.56299,0.725817,0.621017,0.859364,0.806962
-1.134725,0.64457,0.627032,0.9241,0.739675
-1.56299,0.64457,0.621017,0.993628,0.685595
-1.56299,0.603938,0.539823,1.06946,0.644524
-1.56299,0.603938,0.539823,1.153709,0.610603
-1.56299,0.278916,0.215043,1.253511,0.592538
-1.56299,0.197652,0.133849,1.366766,0.592
-1.56299,0.075773,0.133849,1.470283,0.592
-1.348857,-0.12737,-0.106728,1.578656,0.592187
-1.348857,-0.208634,-0.269118,1.682258,0.595689
-1.348857,-0.452391,-0.512702,1.790558,0.600275
-1.348857,-0.574288,-0.593897,1.88239,0.615132
-1.348857,-0.858677,-0.918676,2.037568,0.647985
-0.920593,-0.980556,-1.075051,2.123076,0.683887
-1.134725,-0.939941,-0.915669,2.175891,0.729655
-1.134725,-1.427474,-1.402837,2.207544,0.775352
-1.56299,-1.630617,-1.652436,2.219915,0.841644
-1.991254,-1.671249,-1.577256,2.221529,0.913818
-1.134725,-1.874374,-1.890006,2.222512,0.9979
0.150068,-1.630617,-1.384794,2.232128,1.128093
-0.064064,-1.549353,-1.550191,2.233256,1.224255
0.3642,-1.386842,-1.381787,2.233256,1.323093
0.792464,-1.427474,-1.375772,2.233381,1.425519
0.792464,-1.34621,-1.294578,2.272025,1.52211
1.220729,-1.102452,-1.207368,2.3065,1.62766
1.220729,-1.021188,-0.963784,2.3065,1.71925
1.220729,-0.77743,-0.801395,2.3065,1.831492
1.434861,-0.533656,-0.473608,2.288813,1.947409
1.006597,-0.330513,-0.560818,2.23878,2.049075
1.434861,-0.411777,-0.392414,2.209132,2.105635
1.220729,-0.371145,-0.395421,2.153977,2.152739
1.434861,-0.452391,-0.392414,2.016501,2.189602
1.006597,-0.086738,-0.073649,1.966,2.198
1.006597,-0.005491,-0.073649,1.881771,2.198
0.792464,-0.086738,0.004539,1.797086,2.198
1.006597,0.075773,0.088741,1.73025,2.1944
0.578333,0.116388,0.245116,1.646337,2.187515
0.792464,0.360163,0.329318,1.550376,2.147834
0.792464,0.928959,0.897681,1.447069,2.131363
0.578333,0.766449,0.569895,1.347929,2.129235
0.578333,1.010223,1.057063,1.241811,2.127079
0.578333,0.969591,0.975868,1.155467,2.118642
0.3642,0.969591,1.054056,1.097092,2.089392
0.3642,1.37586,1.378835,1.050522,2.057894
-0.064064,1.538388,1.454015,1.019882,2.037452
-0.064064,1.457124,1.454015,0.999313,2.005796
0.3642,1.579003,1.29764,0.976709,1.93695
0.150068,1.619635,1.619412,0.971625,1.855875
-0.064064,1.050838,1.129236,0.963165,1.749134
-0.064064,1.132102,1.129236,0.956778,1.640935
-0.278197,1.213349,1.207424,0.949422,1.52192
-0.278197,1.213349,1.207424,0.93733,1.417073
-0.064064,1.132102,1.210431,0.933,1.310416
-0.492329,1.050838,1.123222,0.933,1.209216
-0.278197,1.010223,0.96384,0.933,1.116565
-0.706461,1.010223,0.957825,0.955306,1.036099
-0.492329,0.685185,0.717248,0.995046,0.897824
-0.278197,0.563306,0.557866,1.026812,0.818344
-0.278197,0.482042,0.476671,1.06172,0.772027
-0.278197,0.482042,0.557866,1.097895,0.736642
-0.278197,0.075773,-0.010497,1.147379,0.728
-0.064064,-0.046123,-0.00749,1.230845,0.728
0.150068,-0.168002,-0.166873,1.305762,0.728
0.3642,-0.330513,-0.326255,1.360856,0.745388
0.578333,-0.330513,-0.323248,1.406325,0.773425
0.3642,-0.289881,-0.40745,1.446418,0.814594
0.3642,-0.818045,-0.40745,1.470466,0.877782
0.3642,-0.696166,-0.732229,1.473849,0.964346
0.792464,-1.021188,-0.969798,1.473849,1.07765
1.006597,-0.939941,-0.966791,1.473556,1.198978
1.006597,-1.305595,-1.210376,1.459252,1.321724
1.006597,-1.386842,-1.372765,1.439343,1.424973
1.006597,-1.508721,-1.535155,1.412107,1.55645
0.792464,-1.589985,-1.538162,1.394066,1.681974
0.3642,-1.630617,-1.625371,1.390679,1.794193
0.150068,-1.386842,-1.384794,1.390679,1.889125
-0.278197,-1.549353,-1.553198,1.390679,1.938
-0.278197,-1.630617,-1.553198,1.398127,1.976565
-0.706461,-1.386842,-1.478018,1.428841,2.061653
-0.706461,-1.143067,-1.234433,1.472148,2.126104
-0.706461,-0.980556,-1.072044,1.531211,2.176154
-0.492329,-1.021188,-0.987842,1.584595,2.188
-1.56299,-0.411777,-0.434515,1.651827,2.188
-1.348857,-0.371145,-0.431507,1.726922,2.188
-1.777122,0.116388,0.130842,1.800718,2.17829
-1.777122,0.319531,0.293231,1.831296,2.149375
-1.348857,0.360163,0.38044,1.852282,2.106864
-1.56299,0.64457,0.702212,1.874901,2.057773
-1.348857,0.603938,0.624024,1.903883,1.979702
-1.777122,0.847695,0.7804,1.94001,1.874028
-1.348857,0.766449,0.786414,1.985591,1.756882
-1.134725,0.685185,0.789421,2.0101,1.628825
-1.56299,0.603938,0.621017,2.016523,1.502252
-1.348857,0.725817,0.624024,2.018,1.387829
-1.134725,0.563306,0.464642,2.018,1.258763
-1.348857,0.482042,0.54283,2.0175,1.153453
-1.56299,0.15702,0.133849,2.0138,1.041836
-1.348857,0.197652,0.218051,1.992422,0.950058
-1.134725,-0.12737,-0.184916,1.978131,0.877357
-1.56299,-0.493023,-0.515709,1.975043,0.810813
-1.56299,-0.411777,-0.434515,1.975043,0.763806
-1.777122,-0.736798,-0.762301,1.975234,0.748355
-1.777122,-0.899309,-0.92469,1.990858,0.748355
-0.920593,-0.980556,-0.993856,2.006212,0.748355
-1.348857,-1.427474,-1.487039,2.044865,0.761995
-1.348857,-1.589985,-1.568234,2.085542,0.814437
-1.134725,-1.874374,-1.890006,2.129383,0.89531
0.150068,-1.711864,-1.709573,2.1677,0.986317
0.150068,-1.793128,-2.034352,2.21167,1.078795
0.578333,-1.874374,-1.865948,2.233674,1.197853
0.792464,-1.508721,-1.538162,2.254452,1.298412
1.006597,-1.427474,-1.372765,2.264085,1.437949
1.434861,-1.386842,-1.285556,2.265591,1.564842
1.434861,-1.264963,-1.285556,2.265591,1.686824
1.220729,-1.143067,-1.126174,2.262045,1.802406
1.434861,-0.736798,-0.717193,2.250402,1.895962
1.648994,-0.655534,-0.632991,2.215603,2.008482
1.434861,-0.289881,-0.311219,2.168707,2.09873
1.434861,-0.289881,-0.311219,2.116267,2.157433
1.648994,-0.046123,0.016567,2.043125,2.21225
1.648994,-0.046123,-0.064627,1.967229,2.255174
1.434861,0.116388,0.17595,1.870656,2.302424
1.220729,-0.005491,0.010553,1.747349,2.355818
1.220729,0.15702,0.172943,1.633041,2.388229
1.220729,0.197652,0.172943,1.497825,2.417213
1.006597,0.400795,0.332325,1.384627,2.436026
1.006597,0.563306,0.575909,1.298679,2.44082
0.792464,1.09147,0.491707,1.20375,2.44082
0.792464,0.725817,0.816486,1.079686,2.44072
1.006597,1.010223,1.063078,0.968706,2.420685
0.792464,1.132102,1.141265,0.891828,2.38251
0.578333,1.213349,1.219453,0.825017,2.327887
0.150068,1.619635,1.619412,0.778173,2.277787
0.3642,1.416492,1.378835,0.737521,2.213932
0.3642,1.619635,1.622419,0.701502,2.118676
0.3642,1.700899,1.622419,0.6784,2.0189
0.150068,1.619635,1.538217,0.670802,1.901796
0.150068,1.619635,1.619412,0.67005,1.793003
0.150068,1.294613,1.294633,0.669351,1.674038
-0.064064,1.538388,1.53521,0.668665,1.545601
-0.278197,1.416492,1.369813,0.669183,1.423918
-0.706461,1.172734,1.120215,0.66973,1.295108
-0.706461,1.132102,1.120215,0.670938,1.161122
-1.134725,1.294613,1.033005,0.683653,1.031274
-1.134725,0.807081,0.870616,0.704132,0.939701
-1.134725,0.928959,0.870616,0.740417,0.845461
-1.348857,1.050838,1.029998,0.789233,0.765677
-1.56299,0.807081,0.783407,0.855719,0.691949
-1.56299,0.522674,0.539823,0.939044,0.623738
-1.56299,0.400795,0.377433,1.017284,0.583782
-1.348857,0.319531,0.299245,1.124107,0.555275
-1.56299,0.197652,0.296238,1.231292,0.539554
-1.56299,-0.005491,-0.028541,1.341742,0.527271
-1.348857,-0.12737,-0.187923,1.450824,0.523
-1.56299,-0.249249,-0.35332,1.555711,0.523
-1.348857,-1.264963,-1.487039,1.687636,0.523
-1.134725,-1.468106,-1.159253,1.807625,0.527875
-1.348857,-1.386842,-1.243455,1.905168,0.556723
-1.56299,-1.671249,-1.733631,1.993638,0.592911
-1.991254,-1.915006,-1.739645,2.060245,0.632383
-0.920593,-1.874374,-1.968193,2.135808,0.705327
-0.706461,-1.83376,-1.802797,2.186436,0.790527
-0.492329,-1.874374,-1.880984,2.223098,0.893907
0.578333,-1.874374,-1.865948,2.25296,1.006366
0.792464,-1.915006,-1.781746,2.278373,1.13003
0.792464,-1.630617,-1.456967,2.305909,1.259612
1.220729,-1.549353,-1.532147,2.325413,1.346637
1.434861,-1.264963,-1.285556,2.334691,1.456687
1.434861,-1.102452,-1.041972,2.335424,1.582116
1.434861,-0.939941,-0.879582,2.335424,1.709168
1.648994,-0.736798,-0.714185,2.331193,1.84075
1.648994,-0.411777,-0.389406,2.294745,1.950611
1.434861,-0.493023,-0.554803,2.259578,2.033488
1.434861,-0.696166,-0.635998,2.195379,2.134021
1.648994,-0.696166,-0.632991,2.139051,2.194324
1.648994,-0.655534,-0.551796,2.048404,2.256447
1.648994,-0.493023,-0.551796,1.950141,2.30899
1.434861,-0.614902,-0.635998,1.849667,2.340533
1.220729,-0.574288,-0.55781,1.753815,2.356415
1.220729,-0.12737,-0.151837,1.639047,2.37657
1.006597,-0.411777,-0.398428,1.517318,2.399669
0.792464,-0.12737,-0.076656,1.40245,2.4269
0.578333,-0.086738,-0.079663,1.293934,2.439332
0.150068,0.197652,0.320296,1.189781,2.439407
0.150068,0.400795,0.482685,1.099272,2.439407
0.150068,0.563306,0.482685,1.028615,2.43923
0.150068,0.888327,0.969854,0.983276,2.432626
0.150068,0.807081,0.807464,0.962552,2.413612
0.3642,0.928959,0.891666,0.961,2.379142
0.3642,0.888327,0.891666,0.961,2.319438
-0.492329,1.213349,1.285611,0.961,2.2515
-0.064064,1.497756,1.454015,0.969789,2.169357
-0.278197,1.253981,1.288619,0.99425,2.059375
-0.064064,1.294613,1.210431,1.005811,1.979308
-0.278197,1.253981,1.288619,1.01619,1.862493
-0.492329,1.294613,1.285611,1.016896,1.75087
-0.706461,1.213349,1.120215,1.017211,1.633466
-0.706461,1.132102,1.120215,1.018337,1.517624
-1.134725,1.050838,1.033005,1.019,1.423957
-1.348857,1.132102,1.029998,1.019122,1.350009
-0.920593,1.050838,1.036013,1.020411,1.249854
-1.134725,1.050838,1.033005,1.030248,1.111505
-0.920593,0.969591,0.954818,1.046625,1.020363
-0.920593,0.928959,0.954818,1.076995,0.9219
-1.348857,0.522674,0.624024,1.118869,0.831343
-1.56299,0.482042,0.539823,1.162389,0.766789
-1.348857,0.197652,0.299245,1.237105,0.69713
-1.134725,0.15702,0.139863,1.302367,0.659237
-0.920593,-0.046123,-0.019519,1.380539,0.625794
-0.492329,-0.168002,-0.175894,1.465071,0.601997
-0.492329,-0.046123,-0.013505,1.535125,0.599539
-0.706461,-0.452391,-0.422486,1.627178,0.599539
-0.278197,-0.899309,-0.90364,1.698548,0.599539
-0.064064,-1.468106,-1.468996,1.756645,0.61308
-0.064064,-1.630617,-1.631385,1.806389,0.639933
0.3642,-1.711864,-1.78776,1.830503,0.678633
-0.064064,-1.83376,-1.87497,1.854816,0.744677
-0.064064,-1.874374,-1.87497,1.879441,0.833471
-0.278197,-1.955638,-1.959172,1.907768,0.954306
-0.492329,-1.874374,-1.880984,1.926267,1.088698
-0.920593,-1.874374,-1.886998,1.932557,1.187054
-1.134725,-1.671249,-1.646421,1.938946,1.281399
-1.348857,-1.508721,-1.568234,1.94425,1.348125
-1.56299,-1.386842,-1.408852,1.946,1.475374
-1.56299,-1.143067,-1.165267,1.946,1.61563
-1.56299,-0.899309,-0.921683,1.946358,1.735929
-1.991254,-0.736798,-0.765308,1.94977,1.845345
-1.777122,-0.249249,-0.275132,1.954,1.919008
-1.348857,-0.289881,-0.187923,1.954049,1.984315
-1.777122,0.035141,0.130842,1.954562,2.071291
-1.777122,0.238284,0.130842,1.962966,2.113112
-1.56299,0.278916,0.296238,1.969109,2.118727
-1.348857,0.278916,0.218051,1.986258,2.118727
-1.134725,0.563306,0.383447,2.030585,2.118727
-1.56299,0.563306,0.458628,2.061616,2.099986
-1.348857,0.685185,0.705219,2.108169,2.040765
-0.920593,0.64457,0.711234,2.148527,1.97038
-1.348857,0.888327,0.786414,2.247434,1.864231
-0.920593,1.09147,1.036013,2.320705,1.752014
-0.920593,1.213349,1.198402,2.358216,1.649821
-0.706461,1.132102,1.120215,2.37,1.545679
-0.492329,1.213349,1.123222,2.37,1.419729
-0.278197,1.416492,1.369813,2.37,1.302279
-0.492329,1.37586,1.366806,2.359875,1.195875
-0.278197,1.416492,1.451008,2.298728,1.111861
-0.492329,1.538388,1.529196,2.227458,1.016862
-0.064064,1.457124,1.454015,2.175643,0.929311
-0.064064,1.294613,1.291626,2.118427,0.850265
0.150068,1.213349,1.294633,2.034229,0.791845
0.150068,1.253981,1.213438,1.958886,0.754962
0.3642,1.213349,1.216445,1.864025,0.719263
0.3642,1.132102,1.135251,1.777272,0.684587
1.434861,1.294613,1.312676,1.678929,0.659417
1.006597,0.807081,0.900688,1.573293,0.636486
0.792464,0.847695,0.816486,1.49088,0.6325
1.220729,0.725817,0.741306,1.38575,0.6325
1.434861,0.64457,0.663118,1.306186,0.6325
1.220729,0.685185,0.660111,1.2538,0.654
1.434861,0.766449,0.744313,1.2106,0.700625
1.434861,0.563306,0.581923,1.157518,0.740871
1.434861,0.482042,0.500729,1.092586,0.815142
1.434861,0.278916,0.257144,1.033059,0.890181
1.434861,0.15702,0.257144,0.976473,0.973681
1.220729,-0.086738,0.254137,0.9164,1.074884
1.434861,-0.168002,-0.148829,0.854296,1.17081
1.434861,-0.371145,-0.392414,0.774605,1.256258
1.648994,-0.574288,-0.551796,0.710454,1.348486
1.648994,-0.533656,-0.470601,0.663341,1.446516
1.434861,-0.736798,-0.717193,0.621371,1.546892
1.648994,-0.858677,-0.876575,0.59704,1.65689
1.434861,-1.183699,-1.123166,0.595,1.760591
1.220729,-1.305595,-1.288563,0.595,1.832615
1.006597,-1.468106,-1.535155,0.595622,1.904564
1.006597,-1.915006,-1.859934,0.628534,1.983613
1.006597,-1.83376,-1.778739,0.719601,2.070562
0.792464,-2.036902,-2.106525,0.817205,2.093258
-0.278197,-2.118149,-2.121561,0.884395,2.130183
-0.492329,-1.711864,-1.718595,0.963945,2.17519
-0.706461,-1.793128,-1.802797,1.032932,2.204087
-0.706461,-1.793128,-1.802797,1.125176,2.235472
-1.56299,-1.711864,-1.733631,1.212319,2.258938
-1.134725,-1.549353,-1.565227,1.28845,2.281607
-1.134725,-1.102452,-1.240448,1.345699,2.333625
-1.56299,-0.980556,-1.002878,1.416965,2.348
-1.56299,-1.06182,-1.002878,1.523336,2.348
-1.348857,-0.614902,-0.593897,1.614766,2.348
-1.777122,-0.493023,-0.518717,1.705813,2.323545
-1.777122,-0.330513,-0.112743,1.793447,2.27349
-1.777122,-0.208634,0.049647,1.891489,2.240636
-1.348857,-0.005491,-0.106728,2.007855,2.191519
-1.348857,0.15702,0.218051,2.082125,2.133125
-1.134725,0.563306,0.627032,2.139305,2.060229
-0.920593,0.685185,0.711234,2.186835,1.984406
-1.348857,0.766449,0.786414,2.221263,1.907898
-1.134725,1.09147,1.1142,2.248303,1.836592
-0.278197,1.294613,1.288619,2.25175,1.772393
-0.492329,1.253981,1.204417,2.252,1.670585
-0.492329,1.213349,1.204417,2.25175,1.561125
-0.278197,1.37586,1.369813,2.249136,1.452037
-0.492329,1.294613,1.204417,2.236308,1.358506
-0.064064,1.37586,1.291626,2.208328,1.278222
0.3642,1.213349,1.216445,2.185422,1.195432
0.150068,1.132102,1.213438,2.149411,1.093672
0.3642,1.294613,1.216445,2.101734,1.006235
0.150068,1.253981,1.213438,2.044375,0.92625
0.3642,1.050838,1.135251,1.985417,0.869278
0.792464,1.335245,1.303655,1.91975,0.815764
1.006597,1.37586,1.387857,1.85758,0.77162
0.792464,1.253981,1.141265,1.785267,0.725346
0.792464,0.807081,0.897681,1.710348,0.69103
1.006597,0.969591,0.981883,1.613374,0.659555
1.006597,0.847695,0.900688,1.531232,0.641
1.220729,0.725817,0.822501,1.461684,0.641
1.434861,0.64457,0.663118,1.39156,0.641
1.434861,0.64457,0.663118,1.342542,0.642243
1.434861,0.522674,0.581923,1.285515,0.665908
1.220729,0.319531,0.335332,1.212485,0.721257
1.434861,0.278916,0.257144,1.172305,0.754255
1.648994,0.319531,0.341346,1.103013,0.810963
1.648994,0.238284,0.260152,1.021435,0.8916
1.863126,-0.168002,-0.22401,0.941533,0.991891
1.648994,-0.452391,-0.389406,0.868437,1.099464
1.648994,-0.452391,-0.389406,0.804115,1.184883
1.434861,-0.736798,-0.717193,0.727971,1.293196
1.220729,-0.980556,-0.882589,0.668863,1.395133
1.434861,-0.980556,-1.041972,0.617757,1.515673
1.220729,-1.183699,-1.126174,0.595283,1.63035
1.220729,-1.305595,-1.288563,0.595283,1.732874
1.006597,-1.264963,-1.29157,0.595283,1.826308
0.792464,-1.34621,-1.375772,0.596906,1.916299
0.792464,-1.549353,-1.538162,0.619463,1.994524
0.792464,-1.264963,-1.294578,0.657145,2.062323
0.578333,-1.264963,-1.297585,0.716594,2.128397
1.006597,-1.06182,-0.966791,0.798265,2.180991
0.792464,-1.021188,-0.969798,0.889562,2.217763
0.3642,-0.736798,-0.732229,0.971719,2.251719
0.578333,-0.493023,-0.566832,1.061449,2.282793
0.150068,-0.330513,-0.248067,1.156103,2.308782
0.3642,-0.249249,-0.24506,1.250125,2.312
0.150068,0.035141,0.076712,1.330138,2.312
-0.064064,0.482042,0.479678,1.404365,2.3119
0.3642,0.563306,0.566887,1.431293,2.305625
0.150068,0.766449,0.807464,1.455768,2.28139
0.150068,0.888327,0.888659,1.461,2.249887
-0.064064,0.969591,1.048042,1.461,2.193759
-0.064064,1.294613,1.291626,1.461,2.132416
-0.064064,1.213349,1.372821,1.442879,2.057968
-0.278197,1.37586,1.369813,1.401733,1.93769
-0.064064,1.253981,1.210431,1.368188,1.854192
-0.064064,1.050838,1.048042,1.336502,1.753091
-0.278197,1.09147,1.045034,1.305981,1.636381
-0.064064,1.132102,1.129236,1.270125,1.54225
-0.492329,1.172734,1.204417,1.223748,1.44425
-0.706461,1.09147,1.120215,1.190649,1.365951
-1.134725,1.050838,1.033005,1.144567,1.255739
-1.348857,1.579003,1.517167,1.113207,1.145229
-0.920593,0.888327,0.873623,1.110424,1.040858
-0.920593,0.928959,0.792428,1.110424,0.926439
-1.134725,0.725817,0.708226,1.110424,0.830317
-1.56299,0.563306,0.621017,1.125502,0.759447
-1.348857,0.64457,0.624024,1.177623,0.693012
-1.348857,0.563306,0.624024,1.237482,0.649377
-1.777122,0.603938,0.536815,1.314838,0.612862
-1.777122,0.603938,0.536815,1.410721,0.582877
-1.56299,0.319531,0.296238,1.50188,0.571466
-1.348857,0.238284,0.218051,1.596958,0.566
-1.56299,-0.086738,-0.109736,1.688583,0.566
-1.777122,-0.330513,-0.356327,1.776492,0.566
-1.56299,-0.411777,-0.19093,1.858778,0.568418
-1.56299,-0.818045,-0.759294,1.950315,0.595353
-1.348857,-1.183699,-1.243455,2.027821,0.634325
-1.134725,-1.427474,-1.484032,2.112392,0.694635
-1.348857,-1.549353,-1.568234,2.175503,0.750058
-1.134725,-1.99627,-1.890006,2.225902,0.812647
-0.706461,-1.915006,-1.965186,2.29368,0.914921
-0.492329,-1.99627,-2.205763,2.3517,1.027025
-0.278197,-2.036902,-2.121561,2.366725,1.148667
-0.278197,-1.711864,-1.715587,2.370125,1.259402
-0.064064,-1.793128,-1.793775,2.37422,1.387107
0.578333,-1.468106,-1.459974,2.37589,1.4936
0.578333,-1.427474,-1.459974,2.37589,1.579486
0.792464,-1.224331,-1.375772,2.371378,1.719619
1.006597,-1.183699,-1.129181,2.324887,1.853116
1.006597,-0.77743,-0.804402,2.224199,2.007944
1.220729,-0.574288,-0.639005,2.170763,2.094023
1.220729,-0.574288,-0.55781,2.108383,2.146226
1.434861,-0.12737,-0.067635,2.060148,2.190526
1.648994,-0.046123,-0.064627,1.975365,2.200824
1.648994,-0.330513,-0.064627,1.846148,2.200824
1.434861,-0.046123,-0.067635,1.731511,2.200824
1.220729,-0.371145,-0.314226,1.641546,2.132965
1.006597,-0.249249,-0.317233,1.584225,2.069579
1.006597,-0.086738,-0.154844,1.549543,2.035181
1.006597,0.197652,0.169935,1.471111,2.013872
1.006597,0.238284,0.25113,1.367093,2.012337
0.792464,0.238284,0.248123,1.320875,2.012247
0.578333,0.360163,0.407505,1.241075,2.013193
0.578333,0.603938,0.32631,1.179221,2.017125
0.578333,0.725817,0.732284,1.1422,2.0285
0.3642,0.807081,0.810472,1.056185,2.0285
0.150068,1.050838,1.132243,0.958619,2.0285
-0.064064,1.37586,1.291626,0.909124,2.006578
-0.064064,1.497756,1.454015,0.894246,1.91576
-0.064064,1.660267,1.859989,0.892611,1.80969
-0.492329,1.86341,1.853975,0.890065,1.688865
-0.278197,1.050838,1.126229,0.8875,1.616032
-0.064064,1.37586,1.372821,0.8875,1.508006
-0.064064,1.213349,1.210431,0.8875,1.444861
-0.278197,1.213349,1.126229,0.89085,1.313907
-0.492329,1.132102,1.123222,0.91502,1.17323
-0.920593,1.050838,0.954818,0.949421,1.057116
-0.492329,0.725817,0.798443,0.987674,0.964241
-0.706461,0.766449,0.633046,1.027147,0.888774
-0.920593,0.563306,0.548844,1.082176,0.813676
-0.920593,0.319531,0.30526,1.157008,0.754563
-1.134725,0.035141,0.058668,1.239631,0.74825
-0.706461,-0.005491,-0.016512,1.316097,0.74825
-0.920593,-0.371145,-0.344298,1.392617,0.74825
-0.920593,-0.411777,-0.425493,1.465908,0.765098
-0.706461,-0.574288,-0.828459,1.537014,0.83205
-1.134725,-1.021188,-0.996863,1.632112,0.895302
-0.920593,-1.021188,-1.075051,1.711558,0.968704
-1.134725,-1.305595,-1.321642,1.779768,1.025638
-1.134725,-1.549353,-1.565227,1.813125,1.0725
-1.56299,-1.671249,-1.652436,1.845259,1.122038
-1.777122,-1.671249,-1.655443,1.903293,1.248993
-0.920593,-1.671249,-1.643414,1.963223,1.376347
-0.492329,-1.549353,-1.556205,2.035097,1.502631
-0.278197,-1.630617,-1.715587,2.083248,1.631387
-0.278197,-1.955638,-1.877977,2.131593,1.720454
0.150068,-1.508721,-1.628378,2.152355,1.841942
1.220729,-1.549353,-1.532147,2.152355,1.919875
1.220729,-1.386842,-1.369758,2.152355,1.985905
1.434861,-1.34621,-1.366751,2.143895,2.03069
1.006597,-0.736798,-0.804402,2.097396,2.072965
1.006597,-0.696166,-0.723207,2.021826,2.117496
1.434861,-0.371145,-0.473608,1.936526,2.15831
1.434861,-0.411777,-0.392414,1.8229,2.1986
1.434861,-0.371145,-0.311219,1.717691,2.236852
1.220729,-0.289881,-0.233031,1.588996,2.276183
1.434861,-0.289881,-0.230024,1.470873,2.30768
1.434861,-0.168002,-0.067635,1.373024,2.326665
1.434861,-0.046123,0.094755,1.249147,2.326665
1.006597,-0.086738,-0.154844,1.136902,2.326665
1.006597,0.197652,0.169935,1.031175,2.32009
1.006597,0.319531,0.41352,0.929938,2.291694
1.006597,0.603938,0.575909,0.883916,2.260012
0.792464,0.64457,0.897681,0.842487,2.20685
0.792464,0.847695,0.816486,0.805278,2.131382
0.792464,0.807081,0.816486,0.794718,2.047217
0.578333,0.969591,0.894674,0.794718,1.942375
0.3642,1.132102,1.135251,0.794718,1.839322
0.150068,1.335245,1.375828,0.802776,1.728418
0.3642,1.497756,1.378835,0.810047,1.674097
-0.064064,1.579003,1.616405,0.817192,1.649669
0.150068,1.37586,1.375828,0.825566,1.549441
-0.064064,1.497756,1.454015,0.83125,1.452437
0.150068,1.213349,1.213438,0.834682,1.330747
-0.064064,1.294613,1.291626,0.849829,1.209308
-0.064064,1.132102,1.210431,0.869896,1.104561
-0.278197,1.294613,1.207424,0.90234,1.020041
-0.278197,1.132102,1.126229,0.940758,0.815899
-0.492329,1.172734,1.204417,0.993245,0.74225
-0.278197,1.213349,1.207424,1.045194,0.699399
-0.278197,1.294613,1.288619,1.124925,0.666472
-0.706461,1.213349,1.201409,1.21475,0.647048
-0.492329,1.335245,1.366806,1.288988,0.646181
-0.492329,1.132102,1.204417,1.339463,0.646181
-0.064064,0.807081,0.885652,1.378011,0.646181
-0.492329,0.807081,0.798443,1.402024,0.657272
-0.278197,0.64457,0.639061,1.408136,0.688312
0.150068,0.482042,0.56388,1.408136,0.738425
-0.064064,0.482042,0.479678,1.408136,0.803
-0.064064,0.400795,0.479678,1.405984,0.862254
0.578333,0.360163,0.407505,1.389432,0.935359
0.3642,0.319531,0.404498,1.357963,1.031105
0.792464,0.278916,0.329318,1.326979,1.114438
0.792464,0.197652,0.085733,1.284119,1.207495
0.792464,0.197652,0.166928,1.233046,1.304525
1.006597,0.075773,0.169935,1.184104,1.407511
1.220729,0.238284,0.254137,1.138074,1.492322
1.220729,0.116388,0.172943,1.066214,1.594662
1.434861,0.116388,0.17595,1.00948,1.684285
1.434861,-0.168002,-0.148829,0.965406,1.775912
1.220729,-0.330513,-0.233031,0.960575,1.8635
1.648994,-0.452391,-0.389406,0.960575,1.925375
1.648994,-0.614902,-0.632991,0.961204,1.989685
1.434861,-0.818045,-0.798387,1.028128,2.045867
1.220729,-0.980556,-1.044979,1.122147,2.11111
1.434861,-1.183699,-1.123166,1.175181,2.166722
1.434861,-1.305595,-1.204361,1.228265,2.212385
1.220729,-1.427474,-1.450953,1.298925,2.249131
1.006597,-1.711864,-1.697544,1.379625,2.288508
1.006597,-1.874374,-1.859934,1.441407,2.320502
0.578333,-1.99627,-2.028338,1.469628,2.335269
0.3642,-1.83376,-2.112539,1.491836,2.3366
-0.064064,-2.199413,-2.199749,1.565397,2.336
-0.278197,-1.793128,-2.202756,1.6565,2.336
-0.492329,-1.793128,-1.799789,1.750708,2.327717
-0.920593,-1.508721,-1.562219,1.84405,2.3001
-1.134725,-1.589985,-1.646421,1.924543,2.255489
-1.56299,-1.305595,-1.408852,1.990078,2.205499
-1.348857,-1.34621,-1.32465,2.057612,2.140863
-1.348857,-1.183699,-1.16226,2.107447,2.06888
-1.348857,-1.143067,-1.16226,2.1455,1.98275
-1.348857,-0.980556,-1.081065,2.156806,1.903975
-0.920593,-1.102452,-1.156246,2.158377,1.838809
-1.134725,-0.980556,-1.078058,2.158377,1.795111
-0.920593,-0.818045,-0.912661,2.157824,1.760603
-0.920593,-0.696166,-0.831467,2.135965,1.731015
-0.706461,-0.614902,-0.747265,2.083755,1.707562
-0.278197,-0.533656,-0.335277,2.014101,1.699734
-0.064064,-0.655534,-0.575854,1.958125,1.677625
-0.064064,-0.452391,-0.251075,1.885724,1.654803
0.150068,-0.086738,-0.004483,1.803788,1.631076
0.3642,0.035141,-0.326255,1.717828,1.607154
0.578333,-0.005491,0.082726,1.629613,1.590232
0.578333,0.116388,0.163921,1.540873,1.574853
0.578333,0.319531,0.32631,1.451567,1.557658
0.792464,0.603938,0.654097,1.367856,1.553063
1.006597,0.603938,0.738299,1.264379,1.551153
1.006597,0.725817,0.738299,1.177161,1.548711
0.792464,0.807081,0.816486,1.086656,1.537859
1.006597,0.888327,0.900688,0.992927,1.517267
0.792464,1.010223,0.978876,0.923211,1.494613
1.006597,1.050838,1.063078,0.885729,1.465159
0.578333,1.172734,1.138258,0.836297,1.431099
0.3642,1.700899,1.29764,0.800475,1.404176
0.150068,1.619635,1.700607,0.766952,1.334171
0.150068,1.822778,1.700607,0.751875,1.231749
0.3642,1.253981,1.29764,0.751875,1.136448
0.150068,1.37586,1.294633,0.751875,1.04336
-0.278197,1.497756,1.369813,0.761375,0.962813
-0.706461,1.335245,1.363799,0.800319,0.900629
-0.278197,1.416492,1.369813,0.880155,0.843503
-0.492329,1.213349,1.204417,0.939158,0.807102
-0.492329,0.969591,1.042027,1.00273,0.779221
-0.492329,0.888327,0.879638,1.082508,0.753185
-0.278197,0.725817,0.720255,1.171136,0.724731
-0.278197,0.725817,0.80145,1.25235,0.70193
-0.706461,0.64457,0.633046,1.334688,0.696383
-0.706461,0.482042,0.551851,1.374841,0.696383
-0.920593,0.482042,0.467649,1.418073,0.696383
-0.706461,0.238284,0.145878,1.4893,0.707625
-1.134725,0.15702,0.139863,1.560524,0.738393
-1.56299,-0.208634,-0.19093,1.636694,0.783898
-1.56299,-0.208634,-0.19093,1.702969,0.835735
-1.348857,-0.493023,-0.512702,1.767658,0.893152
-1.348857,-0.614902,-0.593897,1.839847,0.96157
-1.56299,-0.818045,-0.840488,1.909148,1.03069
-1.348857,-0.858677,-0.837481,1.970746,1.088913
-1.348857,-1.102452,-1.16226,2.018046,1.189958
-1.56299,-1.224331,-1.246462,2.063375,1.290875
-1.134725,-1.427474,-1.402837,2.104253,1.376615
-1.56299,-1.671249,-1.652436,2.1481,1.4835
-1.56299,-1.793128,-1.89602,2.174883,1.590622
-1.134725,-2.321292,-2.295979,2.200118,1.690384
-0.706461,-2.199413,-2.127576,2.240613,1.811665
-0.492329,-2.118149,-2.124568,2.254424,1.898719
-0.278197,-2.158781,-2.121561,2.254424,1.978655
0.3642,-1.915006,-1.868955,2.254424,2.073375
1.006597,-1.386842,-1.372765,2.243832,2.155694
1.006597,-1.143067,-1.210376,2.220135,2.215461
1.434861,-0.77743,-0.798387,2.18943,2.261821
1.434861,-0.696166,-0.717193,2.123112,2.297018
1.434861,-0.77743,-0.717193,2.016051,2.320605
1.434861,-0.493023,-0.554803,1.920635,2.350735
1.648994,-0.208634,-0.145822,1.843885,2.373372
1.648994,-0.12737,-0.145822,1.750891,2.382484
1.434861,-0.289881,-0.230024,1.638405,2.391669
1.434861,0.075773,0.094755,1.506657,2.397862
1.434861,-0.046123,0.01356,1.403943,2.398725
1.648994,0.116388,0.260152,1.343743,2.398725
1.220729,0.15702,0.172943,1.2602,2.398625
1.434861,0.360163,0.338339,1.183729,2.386025
1.220729,0.400795,0.416527,1.103559,2.364109
1.220729,0.522674,0.660111,1.008338,2.325801
1.006597,0.522674,0.494714,0.93657,2.280237
1.006597,0.766449,0.819493,0.878798,2.2266
1.006597,0.847695,0.900688,0.81825,2.166875
0.578333,0.928959,0.894674,0.71625,2.096
0.578333,1.050838,1.057063,0.686337,2.005616
0.792464,0.969591,1.06007,0.676222,1.916274
0.3642,1.619635,1.541224,0.676097,1.816031
0.3642,1.579003,1.622419,0.676097,1.709688
0.3642,1.538388,1.541224,0.676141,1.615488
0.578333,1.782146,1.787816,0.679591,1.510629
0.150068,1.37586,1.375828,0.687671,1.405258
0.3642,1.294613,1.378835,0.722903,1.304436
0.578333,1.294613,1.300647,0.745701,1.214316
0.150068,1.37586,1.213438,0.748627,1.109434
0.150068,1.37586,1.375828,0.749878,1.028699
-0.064064,1.294613,1.291626,0.755104,0.966307
-0.064064,1.416492,1.372821,0.769229,0.909007
-0.492329,0.685185,0.717248,0.806887,0.863493
-0.706461,0.64457,0.714241,0.856308,0.823287
-1.348857,0.766449,0.705219,0.886292,0.795175
-1.348857,0.522674,0.461635,0.96055,0.763825
-1.134725,0.522674,0.464642,1.05892,0.739514
-1.56299,0.400795,0.377433,1.169625,0.715438
-1.134725,0.360163,0.302253,1.280981,0.694664
-1.134725,0.197652,0.221058,1.406686,0.673525
-1.56299,0.238284,0.215043,1.465356,0.656163
-1.348857,0.15702,0.136856,1.5615,0.640996
-1.348857,0.075773,0.136856,1.672379,0.639
-1.777122,0.197652,0.212036,1.774613,0.639
-1.348857,0.116388,0.055661,1.866125,0.639
-1.56299,0.116388,0.052654,1.94098,0.653662
-1.348857,0.400795,0.705219,2.015376,0.681927
-1.348857,-0.005491,-0.025534,2.069805,0.711307
-0.920593,-0.249249,-0.181909,2.132683,0.768074
-0.920593,0.197652,0.14287,2.166212,0.824187
-0.492329,0.278916,0.148885,2.188806,0.879894
-0.064064,0.441427,0.479678,2.197,0.924754
-0.064064,0.15702,0.154899,2.197,0.954156
-0.064064,0.319531,0.154899,2.197,0.979727
0.150068,0.319531,0.482685,2.194227,1.004182
0.150068,0.400795,0.482685,2.154383,1.025019
-0.064064,0.725817,0.966847,2.096355,1.045109
0.3642,0.807081,0.810472,2.041601,1.065665
0.578333,0.807081,0.813479,1.970377,1.0907
0.578333,1.050838,1.057063,1.902963,1.110947
0.578333,0.847695,0.894674,1.844023,1.134962
0.578333,0.969591,0.975868,1.743062,1.162282
0.792464,0.725817,0.654097,1.645172,1.178801
0.792464,0.807081,0.978876,1.526842,1.202541
1.006597,0.685185,0.657104,1.412342,1.220213
1.220729,0.766449,0.741306,1.303995,1.231379
0.792464,0.64457,0.654097,1.197207,1.244277
1.220729,0.522674,0.578916,1.086332,1.263449
1.220729,0.685185,0.660111,0.995405,1.276983
1.220729,0.400795,0.335332,0.927938,1.299169
1.220729,0.319531,0.254137,0.8595,1.332278
1.434861,0.197652,0.094755,0.802,1.371625
1.220729,-0.005491,-0.070642,0.7684,1.420754
1.434861,-0.208634,-0.148829,0.731767,1.484502
1.434861,-0.452391,-0.392414,0.697446,1.543364
1.220729,-0.574288,-0.55781,0.683682,1.599996
1.220729,-0.939941,-0.882589,0.683682,1.696856
1.220729,-0.980556,-0.882589,0.684682,1.7616
1.006597,-0.899309,-0.885597,0.70825,1.822
1.220729,-1.34621,-1.369758,0.730875,1.873
1.006597,-1.671249,-1.616349,0.783559,1.93027
1.006597,-1.793128,-1.778739,0.849878,1.982129
0.792464,-1.915006,-1.862941,0.934799,2.032584
-0.278197,-1.955638,-1.877977,1.024642,2.082565
-0.706461,-2.118149,-2.127576,1.118375,2.128397
-0.706461,-1.83376,-1.883991,1.221599,2.172647
-0.706461,-1.955638,-1.883991,1.320094,2.218109
-1.348857,-1.793128,-1.811818,1.440134,2.257446
-1.56299,-1.468106,-1.652436,1.55592,2.267334
-1.56299,-1.427474,-1.571241,1.662411,2.267334
-1.991254,-0.493023,-0.602918,1.769962,2.267334
-1.777122,-0.493023,-0.518717,1.863906,2.260119
-1.56299,-0.452391,-0.434515,1.940963,2.244989
-1.56299,-0.330513,-0.35332,2.016,2.219539
-1.991254,0.035141,0.04664,2.089881,2.173284
-1.56299,0.116388,0.052654,2.155469,2.116809
-1.56299,0.15702,0.133849,2.206744,2.056256
-1.56299,0.522674,0.458628,2.271919,1.974872
-1.777122,0.563306,0.536815,2.338024,1.894226
-1.348857,0.928959,0.786414,2.371653,1.798501
-1.348857,0.888327,0.867609,2.40427,1.679644
-1.134725,0.847695,0.870616,2.412549,1.549778
-1.134725,0.766449,0.789421,2.412663,1.421423
-1.348857,0.766449,0.624024,2.412663,1.31956
-0.920593,0.766449,0.792428,2.403284,1.2087
-1.348857,0.928959,1.029998,2.365375,1.087375
-0.278197,1.294613,1.369813,2.341689,0.986994
-0.492329,1.416492,1.366806,2.32918,0.897526
-0.492329,1.37586,1.366806,2.298036,0.835585
-0.064064,1.538388,1.454015,2.260996,0.791613
-0.492329,1.741514,1.853975,2.212084,0.741326
-0.278197,1.782146,1.856982,2.16005,0.704419
0.150068,1.700899,1.619412,2.077947,0.670067
-0.278197,1.741514,1.694592,2.00169,0.644789
0.578333,1.37586,1.463037,1.908833,0.626757
0.3642,1.37586,1.378835,1.811905,0.619717
0.578333,1.294613,1.300647,1.731726,0.616093
0.792464,1.253981,1.22246,1.62225,0.616
0.578333,1.132102,1.219453,1.518476,0.616
0.792464,1.132102,1.06007,1.410236,0.616
1.006597,0.969591,0.981883,1.312405,0.61625
1.006597,0.685185,0.657104,1.200391,0.623086
1.006597,0.603938,0.657104,1.091819,0.640065
1.220729,0.522674,0.578916,1.004753,0.666349
1.220729,0.482042,0.497722,0.93055,0.704791
1.434861,0.441427,0.500729,0.874295,0.748912
1.434861,0.400795,0.419534,0.823348,0.801843
1.648994,0.360163,0.341346,0.756355,0.887256
1.648994,0.15702,0.178957,0.712429,0.985654
1.648994,0.035141,0.016567,0.687335,1.090796
1.648994,-0.168002,-0.145822,0.668839,1.190117
1.434861,-0.086738,-0.148829,0.6457,1.3272
1.648994,-0.371145,-0.308212,0.628183,1.447819
1.648994,-0.655534,-0.632991,0.617733,1.573145
1.434861,-0.818045,-0.798387,0.617733,1.701901
1.434861,-0.939941,-0.960777,0.617733,1.805564
1.434861,-0.899309,-0.879582,0.6204,1.91893
1.220729,-1.34621,-1.288563,0.634255,2.006877
1.220729,-1.427474,-1.450953,0.65268,2.070386
1.006597,-1.549353,-1.535155,0.6715,2.10975
0.578333,-2.118149,-2.109532,0.705638,2.152008
0.578333,-2.118149,-2.109532,0.759234,2.209064
0.150068,-2.158781,-2.115547,0.831556,2.26096
-0.278197,-2.118149,-2.121561,0.913308,2.289693
-0.064064,-1.874374,-2.118554,1.012421,2.312033
-0.278197,-1.793128,-1.877977,1.121336,2.320011
-1.134725,-1.874374,-2.052395,1.222428,2.330946
-0.920593,-1.955638,-1.968193,1.320588,2.336906
-0.920593,-1.874374,-1.968193,1.427928,2.336906
-1.134725,-1.955638,-1.9712,1.533676,2.331642
0.150068,-1.99627,-2.034352,1.654833,2.305094
0.792464,-1.874374,-1.862941,1.75775,2.275878
0.792464,-1.630617,-1.538162,1.838005,2.27263
0.578333,-1.589985,-1.541169,1.91966,2.249229
1.220729,-1.183699,-1.207368,1.989422,2.225169
0.792464,-1.183699,-1.213383,2.042253,2.20092
0.578333,-1.183699,-1.21639,2.090131,2.192381
0.578333,-1.143067,-1.135195,2.099044,2.192381
0.578333,-0.899309,-0.972806,2.09918,2.192381
0.578333,-0.980556,-0.972806,2.09918,2.20702
0.3642,-0.939941,-0.975813,2.098054,2.229405
0.150068,-0.655534,-1.060015,2.076983,2.264442
0.3642,-0.533656,-0.569839,2.036111,2.299993
0.150068,-0.493023,-0.491652,1.980956,2.332374
-0.064064,-0.249249,-0.251075,1.920826,2.35668
-0.278197,-0.168002,-0.172887,1.8514,2.370272
-0.278197,-0.005491,-0.010497,1.764135,2.37293
-0.492329,-0.086738,-0.094699,1.687871,2.37293
-0.278197,0.278916,0.233087,1.616495,2.37293
-0.706461,0.64457,0.714241,1.578706,2.363536
-0.278197,0.563306,0.557866,1.548469,2.33795
-0.492329,0.807081,0.798443,1.533332,2.298576
-0.492329,0.928959,0.960832,1.530251,2.244211
-0.278197,1.213349,1.288619,1.53,2.172375
-0.278197,1.213349,1.126229,1.53,2.102695
-0.492329,1.294613,1.366806,1.530484,2.0153
-0.706461,1.741514,1.769773,1.533874,1.913616
-0.278197,1.457124,1.369813,1.548212,1.79694
-0.492329,1.538388,1.448001,1.555875,1.687468
-0.064064,1.619635,1.616405,1.557,1.54867
0.150068,1.782146,1.781802,1.557,1.437913
0.3642,1.660267,1.703614,1.557,1.315
-0.064064,1.619635,1.6976,1.555007,1.215239
-0.064064,1.782146,1.6976,1.547213,1.158123
0.150068,1.619635,1.619412,1.534496,1.068174
0.578333,1.457124,1.381842,1.480823,0.929437
0.578333,1.538388,1.463037,1.434712,0.841397
0.578333,1.416492,1.381842,1.3891,0.766238
0.578333,1.253981,1.300647,1.350245,0.705924
0.792464,1.335245,1.303655,1.290689,0.650542
0.578333,1.253981,1.300647,1.236494,0.606533
0.792464,1.09147,1.141265,1.171863,0.593
1.006597,0.969591,0.981883,1.092506,0.593
1.006597,0.888327,0.900688,1.01125,0.593
1.220729,0.603938,0.660111,0.943387,0.606578
1.220729,0.563306,0.578916,0.872411,0.65146
1.220729,0.563306,0.578916,0.819277,0.704225
1.648994,0.482042,0.503736,0.760829,0.784706
1.648994,0.400795,0.422541,0.718468,0.863817
1.434861,0.603938,0.419534,0.679168,0.956374
1.648994,0.278916,0.341346,0.64219,1.065307
1.434861,-0.208634,-0.148829,0.615394,1.162277
1.863126,-0.168002,-0.142815,0.591117,1.271645
1.648994,-0.330513,-0.308212,0.574482,1.359952
1.648994,-0.77743,-0.714185,0.555659,1.419712
1.648994,-0.858677,-0.79538,0.55,1.530603
1.648994,-1.102452,-1.038964,0.55,1.657314
1.648994,-1.143067,-1.120159,0.55,1.78539
1.434861,-1.34621,-1.366751,0.556574,1.898869
1.434861,-1.427474,-1.447945,0.571176,1.968234
1.006597,-1.589985,-1.616349,0.593467,2.035696
1.006597,-1.630617,-1.697544,0.635146,2.141609
1.220729,-1.549353,-1.532147,0.695307,2.262636
1.220729,-1.508721,-1.532147,0.771275,2.3245
1.220729,-1.630617,-1.613342,0.850515,2.362987
1.434861,-1.589985,-1.52914,0.930091,2.393026
1.434861,-1.427474,-1.366751,1.024273,2.420234
1.648994,-1.102452,-1.038964,1.11363,2.438474
1.434861,-1.102452,-1.123166,1.20949,2.452382
1.648994,-0.736798,-0.714185,1.291535,2.466477
1.648994,-0.736798,-0.714185,1.360865,2.47008
1.648994,-0.411777,-0.389406,1.427562,2.471545
1.648994,-0.208634,-0.227017,1.452095,2.473225
1.648994,-0.249249,-0.308212,1.452468,2.478576
1.434861,-0.086738,-0.067635,1.452468,2.482
1.434861,-0.086738,0.01356,1.449968,2.482
1.220729,-0.046123,0.091748,1.4098,2.482
1.220729,0.035141,0.091748,1.345607,2.4808
1.006597,-0.046123,0.007546,1.27756,2.438145
1.006597,0.075773,0.169935,1.232298,2.384207
1.006597,0.522674,0.494714,1.174452,2.360013
1.434861,0.725817,0.581923,1.095708,2.322256
0.578333,1.050838,1.057063,1.025065,2.266717
0.578333,0.888327,0.894674,0.977691,2.203665
0.578333,1.010223,0.975868,0.942319,2.126838
0.150068,1.253981,1.213438,0.921392,2.081565
0.150068,1.37586,1.375828,0.873564,2.026062
-0.064064,1.457124,1.53521,0.832097,1.941609
0.3642,1.416492,1.378835,0.831795,1.839769
0.3642,1.579003,1.46003,0.831,1.737375
-0.064064,1.37586,1.372821,0.830148,1.682932
-0.064064,1.457124,1.372821,0.828494,1.65464
-0.064064,1.37586,1.291626,0.826741,1.629819
-0.064064,1.132102,1.129236,0.825876,1.608191
-0.492329,1.457124,1.448001,0.825876,1.558883
-0.278197,1.37586,1.288619,0.825876,1.44751
-0.706461,1.213349,1.201409,0.830369,1.340179
-0.492329,1.294613,1.285611,0.854456,1.263724
-0.920593,1.050838,0.873623,0.884697,1.16728
-0.706461,1.010223,0.957825,0.920606,0.97659
-1.134725,0.928959,0.951811,0.980312,0.868813
-0.920593,0.928959,0.954818,1.051719,0.728457
-0.706461,0.969591,0.957825,1.148229,0.689856
-1.348857,0.64457,0.624024,1.240544,0.659844
-1.134725,0.522674,0.545837,1.33093,0.635758
-1.134725,0.522674,0.464642,1.413438,0.614104
-1.348857,0.197652,0.136856,1.506153,0.595986
-1.56299,0.116388,0.052654,1.582324,0.593467
-1.56299,-0.168002,-0.19093,1.683514,0.593467
-1.134725,-0.208634,-0.184916,1.763586,0.593887
-1.134725,-0.289881,-0.347305,1.832305,0.614998
-1.134725,-0.086738,-0.4285,1.896506,0.64133
-1.134725,-0.086738,-0.103721,1.951106,0.684487
-0.706461,-0.208634,-0.260096,1.985621,0.726412
-0.706461,-0.289881,-0.260096,2.020679,0.774223
-0.492329,-0.249249,-0.338284,2.0416,0.845798
-0.278197,-0.249249,-0.254082,2.043,0.936656
-0.278197,-0.086738,-0.091692,2.043,1.023507
0.150068,0.075773,-0.248067,2.043,1.102174
-0.064064,0.075773,0.073704,2.02896,1.17124
0.150068,0.400795,0.401491,1.986504,1.224829
0.3642,0.278916,0.242108,1.936186,1.2712
0.3642,0.482042,0.485693,1.860371,1.316366
0.3642,0.441427,0.485693,1.780625,1.345125
0.578333,0.238284,0.163921,1.690075,1.360228
0.792464,0.482042,0.572902,1.593517,1.370151
0.578333,0.197652,0.245116,1.483871,1.375164
1.006597,0.563306,0.575909,1.392346,1.381113
1.220729,0.64457,0.741306,1.311698,1.391276
1.006597,0.522674,0.575909,1.228667,1.404867
1.220729,0.522674,0.416527,1.162375,1.417375
1.220729,0.400795,0.416527,1.101101,1.435511
1.220729,0.563306,0.578916,1.04033,1.461202
1.220729,0.441427,0.416527,0.97688,1.501727
1.434861,0.360163,0.338339,0.921583,1.550109
1.648994,0.278916,0.341346,0.90275,1.569125
1.863126,0.319531,0.263159,0.864737,1.620258
1.434861,0.116388,0.17595,0.816,1.694
1.648994,-0.005491,0.016567,0.769389,1.767799
1.434861,-0.005491,0.01356,0.723639,1.839578
1.648994,-0.168002,-0.145822,0.690847,1.910754
1.648994,-0.289881,-0.308212,0.685,1.976321
1.434861,-0.452391,-0.311219,0.685,2.046862
1.434861,-0.736798,-0.717193,0.685,2.099309
1.434861,-0.818045,-0.798387,0.701523,2.141416
1.434861,-0.77743,-0.798387,0.736688,2.180274
1.648994,-0.980556,-0.95777,0.778433,2.214413
1.434861,-0.858677,-1.204361,0.838192,2.248927
1.220729,-1.224331,-1.207368,0.8824,2.27471
1.220729,-1.386842,-1.288563,0.952469,2.300666
0.792464,-1.468106,-1.456967,1.026522,2.324797
0.792464,-1.874374,-1.781746,1.109207,2.347149
0.3642,-1.711864,-1.625371,1.185383,2.354863
-0.064064,-1.427474,-1.71258,1.271162,2.354863
-0.492329,-2.118149,-2.043374,1.373359,2.354863
-0.278197,-1.874374,-1.959172,1.473671,2.348654
-0.706461,-1.671249,-1.640407,1.593942,2.326008
-0.706461,-1.711864,-1.965186,1.701451,2.306266
-0.920593,-1.630617,-1.562219,1.793869,2.288666
-1.348857,-1.224331,-1.32465,1.846781,2.265665
-1.348857,-1.224331,-1.16226,1.935579,2.220333
-1.56299,-1.102452,-1.084073,2.00698,2.17353
-1.348857,-0.980556,-0.999871,2.083125,2.108625
-1.348857,-0.696166,-0.756286,2.146888,2.036197
-1.56299,-0.533656,-0.596904,2.200102,1.948828
-1.56299,-0.411777,-0.35332,2.275408,1.857282
-1.777122,-0.533656,-0.518717,2.330704,1.749182
-1.56299,-0.086738,-0.028541,2.378022,1.657299
-1.348857,-0.168002,-0.106728,2.416806,1.55488
-1.348857,0.441427,0.055661,2.429,1.439654
-1.348857,0.116388,0.055661,2.429,1.344399
-1.348857,0.278916,0.218051,2.429,1.235626
-1.56299,0.319531,0.296238,2.40932,1.138292
-1.56299,0.360163,0.377433,2.357034,1.054908
-1.348857,0.522674,0.54283,2.32631,0.975371
-1.348857,0.64457,0.624024,2.280767,0.917013
-1.134725,0.928959,0.951811,2.224375,0.86575
-1.134725,1.010223,0.951811,2.173625,0.833
-0.706461,0.969591,0.957825,2.117157,0.79648
-0.920593,0.888327,0.954818,2.032188,0.764375
-0.920593,1.010223,0.954818,1.951177,0.731716
-0.920593,1.010223,1.036013,1.846799,0.702227
-0.706461,1.37586,1.363799,1.758224,0.683426
-0.492329,1.294613,1.285611,1.659892,0.664829
-0.064064,1.172734,1.210431,1.579125,0.656732
-0.064064,1.132102,1.129236,1.481521,0.656732
0.3642,0.928959,0.972861,1.382367,0.656732
0.150068,0.766449,0.807464,1.306773,0.657854
0.3642,0.888327,0.891666,1.250627,0.686283
0.578333,0.928959,0.975868,1.1835,0.7345
0.3642,0.807081,0.810472,1.116194,0.800859
0.3642,0.847695,0.810472,1.063941,0.871588
0.578333,0.725817,0.732284,1.022263,0.959424
0.792464,0.522674,0.491707,1.007456,1.052624
0.578333,0.400795,0.4887,0.993406,1.13761
0.792464,0.360163,0.410512,0.964542,1.220979
1.006597,0.075773,0.088741,0.95414,1.302571
0.792464,0.116388,0.166928,0.95414,1.3795
1.220729,-0.005491,-0.070642,0.95414,1.464234
0.3642,-0.493023,-0.488644,0.963184,1.546354
0.150068,-1.143067,-1.14121,1.006952,1.626364
0.578333,-1.264963,-1.297585,1.047119,1.698171
0.3642,-1.305595,-1.300592,1.106563,1.753801
-0.706461,-1.711864,-1.721602,1.159625,1.801
-0.278197,-1.793128,-1.796782,1.221364,1.841246
-0.492329,-1.874374,-1.880984,1.307423,1.879195
-0.492329,-1.955638,-1.962179,1.403167,1.922988
-0.492329,-2.118149,-2.124568,1.485228,1.956675
-0.706461,-2.036902,-2.046381,1.548336,1.988747
0.578333,-2.199413,-2.190727,1.637026,2.026773
0.3642,-2.036902,-2.031345,1.72301,2.078611
0.792464,-1.955638,-1.862941,1.805284,2.131647
1.006597,-1.468106,-1.45396,1.891076,2.170081
1.220729,-1.549353,-1.450953,1.947786,2.19931
1.434861,-1.427474,-1.447945,2.005567,2.234391
1.648994,-1.386842,-1.282549,2.02,2.26914
1.434861,-1.102452,-1.041972,2.02,2.302318
1.434861,-0.77743,-0.798387,2.02,2.332291
1.648994,-0.574288,-0.632991,2.01126,2.345305
1.434861,-0.736798,-0.717193,1.970228,2.36495
1.434861,-0.493023,-0.473608,1.890369,2.391579
1.434861,-0.452391,-0.392414,1.833828,2.397244
1.434861,-0.330513,-0.230024,1.735106,2.409883
1.863126,-0.208634,-0.142815,1.645073,2.4115
1.648994,-0.005491,0.016567,1.554097,2.4115
1.220729,-0.12737,-0.151837,1.44154,2.4115
1.220729,-0.086738,-0.070642,1.351873,2.407547
1.006597,-0.12737,-0.154844,1.246401,2.34554
0.792464,0.441427,0.004539,1.159942,2.325663
1.006597,0.603938,0.575909,1.060718,2.301479
0.578333,0.64457,0.813479,0.9866,2.26148
0.792464,0.725817,0.735291,0.938249,2.220437
0.578333,0.807081,0.732284,0.893733,2.178284
0.3642,0.969591,0.972861,0.877641,2.125125
0.150068,0.969591,0.969854,0.877521,2.084951
-0.064064,1.37586,1.372821,0.877521,2.036325
0.150068,1.37586,1.457023,0.878258,1.931519
0.150068,1.538388,1.538217,0.881314,1.825729
0.3642,1.37586,1.378835,0.882,1.720106
-0.064064,1.37586,1.372821,0.883305,1.6
-0.064064,1.457124,1.372821,0.88566,1.533023
0.150068,1.253981,1.213438,0.888122,1.488172
-0.064064,1.335245,1.291626,0.890953,1.365715
-0.492329,1.213349,1.204417,0.899638,1.246079
-0.492329,1.253981,1.204417,0.919093,1.11999
-0.920593,1.132102,1.117207,0.953351,1.010141
-1.348857,1.172734,1.354777,0.989838,0.935522
-0.920593,0.969591,0.954818,1.037362,0.856303
-1.348857,0.928959,0.867609,1.102057,0.653122
-1.134725,0.807081,0.870616,1.179747,0.605162
-1.134725,0.888327,0.870616,1.246937,0.586162
-1.56299,0.847695,0.783407,1.339109,0.563186
-1.348857,0.603938,0.54283,1.427207,0.547375
-1.56299,0.522674,0.539823,1.506605,0.5465
-1.56299,0.319531,0.377433,1.598504,0.5465
-1.777122,-0.086738,-0.031548,1.675617,0.549377
-1.348857,-0.371145,-0.431507,1.775249,0.569567
-1.56299,-0.493023,-0.434515,1.858262,0.591035
-1.348857,-0.574288,-0.593897,1.936784,0.644336
-1.348857,-0.818045,-0.837481,1.995318,0.70683
-0.920593,-0.899309,-0.912661,2.035223,0.761912
-0.706461,-1.468106,-1.559212,2.077354,0.841262
-0.920593,-1.468106,-1.643414,2.120297,0.938766
-0.492329,-1.955638,-1.962179,2.148757,1.059396
-0.278197,-1.83376,-1.796782,2.159199,1.175678
0.3642,-1.386842,-1.381787,2.163399,1.296303
0.3642,-1.143067,-1.057008,2.163399,1.430443
-0.064064,-0.736798,-0.738243,2.163399,1.554775
-0.064064,-0.736798,-0.819438,2.155495,1.675745
0.3642,-0.574288,-0.569839,2.135578,1.805394
0.578333,-0.371145,-0.404442,2.095318,1.904806
0.150068,-0.411777,-0.410457,2.053125,1.97975
-0.064064,0.15702,0.154899,2.015813,2.028407
-0.278197,0.400795,0.314282,1.96802,2.037129
-0.064064,0.64457,0.560873,1.913671,2.037129
-0.064064,0.725817,0.642068,1.867985,2.037129
-0.492329,0.928959,0.960832,1.814833,2.013505
-0.064064,0.969591,1.048042,1.755375,1.96
-0.064064,1.132102,1.048042,1.696708,1.883684
-0.278197,1.294613,1.288619,1.63875,1.787
0.150068,1.37586,1.375828,1.5897,1.6874
0.150068,1.457124,1.538217,1.553998,1.587861
0.3642,1.782146,1.784809,1.516133,1.479165
0.150068,1.619635,1.700607,1.490217,1.373534
0.150068,1.700899,1.781802,1.45725,1.253625
0.3642,1.86341,1.866003,1.416694,1.136131
0.3642,1.619635,1.703614,1.377293,1.038262
0.3642,1.538388,1.622419,1.330517,0.954141
0.578333,1.37586,1.381842,1.258509,0.868758
0.578333,1.335245,1.138258,1.207734,0.809084
0.578333,1.213349,1.219453,1.13195,0.747461
1.006597,1.050838,0.900688,1.051434,0.721511
1.006597,1.050838,0.981883,0.9716,0.721511
1.006597,1.010223,0.981883,0.901492,0.721511
1.006597,0.847695,0.900688,0.850644,0.724029
1.220729,0.522674,0.578916,0.808353,0.76541
1.648994,0.482042,0.584931,0.783875,0.801125
1.863126,0.563306,0.506743,0.74324,0.87018
1.434861,0.319531,0.500729,0.709111,0.963467
1.434861,0.319531,0.338339,0.683791,1.071953
1.434861,0.035141,0.01356,0.661432,1.197935
1.648994,-0.046123,-0.064627,0.636463,1.335865
1.648994,-0.289881,-0.145822,0.611735,1.4605
1.648994,-0.533656,-0.470601,0.58469,1.572956
1.648994,-0.574288,-0.551796,0.559882,1.697239
1.434861,-0.614902,-0.635998,0.558984,1.813783
1.434861,-0.655534,-0.635998,0.558984,1.908052
1.434861,-0.939941,-0.879582,0.559469,2.002428
1.220729,-0.818045,-0.801395,0.580105,2.075942
1.006597,-0.858677,-0.804402,0.617557,2.142004
1.006597,-0.411777,-0.479623,0.664596,2.209225
0.3642,-0.736798,-0.732229,0.723451,2.259105
0.150068,-0.452391,-0.410457,0.799652,2.287157
-0.278197,-0.493023,-0.416471,0.873213,2.287947
-0.278197,-0.249249,-0.254082,0.971488,2.287947
-0.706461,0.278916,0.227072,1.04952,2.286126
-0.492329,0.197652,0.148885,1.107925,2.262944
-0.706461,0.319531,0.389462,1.182084,2.206481
-0.920593,0.278916,0.30526,1.252148,2.132921
-1.134725,0.400795,0.545837,1.325723,2.030816
-1.348857,0.360163,0.705219,1.391992,1.916802
-0.920593,0.64457,0.630039,1.430125,1.816417
-1.348857,0.482042,0.461635,1.472838,1.689522
-1.348857,0.522674,0.54283,1.536682,1.567585
-1.348857,0.522674,0.54283,1.586782,1.455325
-1.56299,0.603938,0.539823,1.640901,1.342556
-1.134725,0.563306,0.545837,1.7046,1.2046
-1.56299,0.603938,0.539823,1.756687,1.084962
-1.348857,0.522674,0.461635,1.801273,0.999813
-1.56299,0.15702,0.215043,1.867942,0.899204
-1.56299,0.075773,0.133849,1.920894,0.830936
-1.134725,-0.208634,-0.184916,1.972136,0.775431
-1.56299,-0.371145,-0.35332,2.023348,0.744179
-1.56299,-0.411777,-0.434515,2.077048,0.744179
-1.56299,-0.696166,-0.596904,2.200963,0.744179
-1.56299,-0.980556,-0.759294,2.394104,0.749665
-1.348857,-0.818045,-0.837481,2.450637,0.781966
-0.920593,-1.183699,-1.156246,2.499569,0.839468
-1.134725,-1.305595,-1.402837,2.574259,0.900491
-0.920593,-1.386842,-1.724609,2.583824,0.9854
-0.920593,-1.955638,-2.049388,2.583824,1.090992
-1.134725,-2.036902,-1.9712,2.583824,1.203152
-0.492329,-1.955638,-1.962179,2.522887,1.324441
-0.064064,-2.036902,-2.037359,2.476603,1.430379
-0.064064,-2.036902,-1.956164,2.463448,1.550758
-0.064064,-1.793128,-1.956164,2.433843,1.60793
0.578333,-1.630617,-1.541169,2.411329,1.717591
1.006597,-1.427474,-1.29157,2.398996,1.828174
0.792464,-1.224331,-0.888604,2.349144,1.940107
1.434861,-0.818045,-0.798387,2.254626,2.044633
1.434861,-0.371145,-0.798387,2.201318,2.117894
1.220729,-0.533656,-0.476616,2.128954,2.188246
1.006597,-0.330513,-0.073649,2.026912,2.250253
1.648994,-0.005491,0.016567,1.947489,2.292779
1.648994,0.035141,0.097762,1.856529,2.309431
1.434861,0.075773,0.094755,1.776433,2.316877
1.220729,0.238284,0.254137,1.670712,2.32241
1.434861,0.360163,0.338339,1.566627,2.328825
1.220729,0.522674,0.497722,1.441301,2.328613
1.006597,0.563306,0.657104,1.325934,2.322915
1.220729,0.441427,0.416527,1.206803,2.319594
1.006597,0.847695,0.738299,1.08931,2.318935
0.792464,0.766449,0.735291,0.989259,2.298397
0.792464,1.294613,1.303655,0.869264,2.269448
0.3642,1.335245,1.29764,0.793,2.23425
0.578333,1.213349,1.138258,0.7356,2.1713
0.3642,1.416492,1.29764,0.693907,2.107386
0.3642,1.822778,1.703614,0.674812,2.014875
0.3642,1.497756,1.46003,0.673375,1.904498
-0.064064,1.457124,1.53521,0.673375,1.800001
-0.278197,1.538388,1.532203,0.673475,1.6837
0.150068,1.294613,1.294633,0.677324,1.560648
-0.064064,1.213349,1.291626,0.692456,1.447186
-0.492329,1.37586,1.366806,0.709085,1.313608
-0.278197,1.538388,1.451008,0.722622,1.190375
-0.278197,1.538388,1.451008,0.74959,1.105903
-0.278197,1.457124,1.451008,0.772845,1.070826
-0.492329,1.213349,1.204417,0.809485,1.040927
-0.278197,1.213349,1.207424,0.856332,1.002998
-0.492329,1.172734,1.123222,0.916125,0.943283
-0.064064,1.050838,0.966847,0.974256,0.887712
-0.492329,0.482042,0.554859,1.056683,0.843111
-0.278197,0.563306,0.476671,1.120939,0.814324
-0.064064,0.360163,0.398483,1.170792,0.796514
0.150068,0.238284,0.239101,1.19725,0.778379
0.150068,0.319531,0.239101,1.213567,0.778379
0.150068,-0.005491,-0.085678,1.241626,0.778379
0.3642,-0.168002,-0.163865,1.263268,0.857868
0.578333,-0.330513,-0.323248,1.280026,1.049829
0.792464,-0.330513,-0.401435,1.284353,1.104353
0.792464,-0.411777,-0.401435,1.305626,1.203907
1.006597,-0.574288,-0.642012,1.314402,1.320337
1.006597,-0.736798,-0.723207,1.314402,1.436415
1.220729,-0.858677,-0.801395,1.314402,1.547746
1.006597,-0.899309,-0.885597,1.311596,1.614748
1.220729,-1.143067,-1.126174,1.297499,1.661042
1.434861,-1.183699,-1.204361,1.275919,1.708838
1.220729,-1.468106,-1.369758,1.264131,1.778811
1.006597,-1.671249,-1.616349,1.264,1.88057
0.578333,-1.671249,-1.703558,1.264,2.019431
1.006597,-1.874374,-1.859934,1.2715,2.11025
1.220729,-1.99627,-2.019316,1.304324,2.173354
0.792464,-1.99627,-1.862941,1.336891,2.240686
-0.064064,-2.036902,-2.037359,1.380054,2.290375
-1.134725,-1.549353,-1.565227,1.445544,2.340438
-1.348857,-1.468106,-1.487039,1.51749,2.363333
-1.134725,-1.427474,-1.402837,1.59066,2.363958
-1.134725,-0.980556,-1.078058,1.6756,2.363958
-1.56299,-0.858677,-0.840488,1.769712,2.362469
-1.348857,-0.614902,-0.593897,1.847363,2.341373
-1.56299,-0.533656,-0.596904,1.918226,2.305891
-1.348857,-0.574288,-0.593897,1.99225,2.249
-1.56299,-0.168002,-0.272125,2.072621,2.166507
-1.56299,-0.12737,-0.109736,2.131061,2.084152
-1.348857,-0.289881,-0.269118,2.192766,1.977005
-1.56299,0.278916,-0.109736,2.226939,1.888443
-0.706461,0.15702,-0.016512,2.25715,1.801525
-0.492329,0.319531,0.392469,2.264,1.734227
-0.278197,0.482042,0.476671,2.264,1.633456
0.150068,0.725817,0.645075,2.264,1.53014
-0.064064,0.64457,0.642068,2.243598,1.424527
-0.278197,1.132102,1.045034,2.202524,1.350847
0.150068,1.132102,1.132243,2.140995,1.278622
0.150068,1.213349,1.213438,2.083485,1.217127
0.3642,1.538388,1.541224,2.000822,1.16664
0.150068,1.619635,1.700607,1.896455,1.116609
0.150068,1.782146,1.781802,1.762594,1.082335
0.150068,2.066553,2.025386,1.644703,1.060578
0.3642,2.269696,2.271977,1.587269,1.049538
0.150068,2.025921,1.944191,1.51991,1.033748
0.150068,1.86341,1.862996,1.397125,0.992868
0.150068,1.86341,1.944191,1.265811,0.948565
0.150068,1.457124,1.538217,1.136207,0.903211
0.150068,1.538388,1.538217,1.036844,0.856375
0.150068,1.619635,1.375828,0.945315,0.803335
-0.492329,1.37586,1.366806,0.836571,0.745569
-0.278197,1.416492,1.451008,0.79373,0.677251
-0.492329,1.294613,1.285611,0.79373,0.638406
-0.920593,1.09147,1.117207,0.796079,0.61572
-0.920593,0.888327,0.873623,0.804863,0.595397
-1.348857,0.847695,0.786414,0.856134,0.577048
-1.348857,0.766449,0.867609,0.945469,0.555313
-1.348857,0.888327,0.867609,1.0625,0.533125
-1.56299,0.400795,0.539823,1.182652,0.520943
-1.777122,0.482042,0.374426,1.29205,0.514925
-1.348857,0.238284,0.218051,1.409112,0.513
-1.348857,0.035141,0.055661,1.52852,0.513
-1.348857,-0.046123,-0.025534,1.649312,0.513
-1.56299,-0.249249,-0.19093,1.780653,0.52025
-1.56299,-0.289881,-0.272125,1.888544,0.555378
-1.777122,-0.330513,-0.356327,1.960038,0.590059
-1.56299,-0.289881,-0.272125,2.047778,0.645044
-1.348857,-0.330513,-0.350313,2.121787,0.705351
-1.134725,-0.289881,-0.266111,2.200161,0.781281
-0.920593,-0.208634,-0.263103,2.265056,0.863946
-0.706461,-0.168002,-0.260096,2.302251,0.955441
-0.920593,-0.574288,-0.587882,2.315934,1.028038
-0.492329,0.035141,-0.013505,2.315934,1.079715
-0.706461,-0.249249,-0.260096,2.315934,1.123943
-0.278197,0.197652,0.070697,2.313217,1.161879
-0.064064,-0.046123,-0.00749,2.27368,1.190925
-0.064064,-0.005491,-0.00749,2.203056,1.212376
0.3642,0.075773,0.160914,2.137569,1.237845
0.3642,0.075773,0.079719,2.065531,1.260823
0.3642,0.197652,0.323303,1.986406,1.278448
0.3642,0.278916,0.242108,1.902865,1.291904
0.792464,0.685185,0.816486,1.796164,1.311656
0.792464,0.563306,0.572902,1.7084,1.328833
0.792464,0.603938,0.572902,1.616675,1.3481
1.006597,0.563306,0.575909,1.520719,1.3735
1.006597,0.360163,0.332325,1.45489,1.387631
1.220729,0.360163,0.335332,1.343202,1.411136
1.220729,0.360163,0.416527,1.170202,1.46082
1.434861,0.238284,0.257144,1.05507,1.507712
1.434861,0.197652,0.257144,0.958058,1.570588
1.434861,0.116388,0.094755,0.869916,1.642075
1.434861,0.075773,0.094755,0.797091,1.713041
1.648994,-0.289881,-0.227017,0.745424,1.788976
1.648994,-0.208634,-0.227017,0.739971,1.8695
1.648994,-0.574288,-0.551796,0.739971,1.951463
1.648994,-0.696166,-0.714185,0.741071,2.034585
1.648994,-0.939941,-0.95777,0.759459,2.109772
1.863126,-1.021188,-1.117152,0.787698,2.175758
1.434861,-1.34621,-1.285556,0.829798,2.234163
1.434861,-1.549353,-1.52914,0.886073,2.282242
1.220729,-1.671249,-1.613342,0.965553,2.327956
0.792464,-1.874374,-1.862941,1.050894,2.360898
0.3642,-2.158781,-2.193734,1.144481,2.377331
0.3642,-1.99627,-1.95015,1.25178,2.3865
-0.920593,-1.955638,-1.968193,1.35925,2.387
-1.134725,-1.915006,-1.9712,1.469257,2.387
-0.706461,-1.630617,-1.640407,1.585645,2.386702
-1.134725,-1.711864,-1.727616,1.713165,2.363419
-0.920593,-1.508721,-1.481025,1.827537,2.324857
-1.134725,-1.143067,-1.321642,1.936256,2.273454
-0.706461,-1.183699,-1.234433,2.02193,2.227075
-1.348857,-0.899309,-0.999871,2.08685,2.174325
-0.492329,-0.574288,-0.581868,2.1364,2.102865
-0.278197,-0.493023,-0.497666,2.1415,2.025338
-0.064064,-0.249249,-0.251075,2.1415,1.945287
-0.492329,0.238284,0.23008,2.140375,1.87075
-0.064064,0.400795,0.317289,2.119774,1.802611
0.150068,0.278916,0.320296,2.074033,1.729463
0.150068,0.482042,0.401491,2.006627,1.662042
0.578333,0.563306,0.569895,1.916539,1.592113
0.3642,0.64457,0.566887,1.822816,1.541943
0.3642,0.725817,0.648082,1.732544,1.494041
0.578333,1.213349,1.219453,1.6285,1.449643
0.578333,1.294613,1.300647,1.507395,1.41775
0.578333,1.538388,1.463037,1.396,1.38275
0.578333,1.538388,1.381842,1.282216,1.336102
0.578333,1.538388,1.544232,1.190081,1.302552
0.150068,1.700899,1.700607,1.102808,1.250571
-0.064064,1.700899,1.6976,1.03402,1.199488
0.150068,1.37586,1.375828,0.950261,1.133431
0.150068,1.619635,1.619412,0.874401,1.054496
-0.064064,1.37586,1.454015,0.8226,0.975997
-0.064064,1.457124,1.454015,0.813,0.906296
-0.278197,1.457124,1.451008,0.813,0.852837
-0.064064,1.497756,1.372821,0.813,0.796291
-0.706461,0.888327,0.87663,0.829,0.741
-0.492329,0.928959,0.960832,0.8881,0.6863
-0.706461,0.807081,0.87663,0.978507,0.637417
-0.492329,0.888327,0.879638,1.065201,0.61621
-1.134725,0.725817,0.789421,1.181035,0.598831
-1.348857,0.725817,0.705219,1.290062,0.58525
-1.56299,0.482042,0.458628,1.3962,0.578511
-1.348857,0.522674,0.54283,1.511377,0.578389
-1.348857,0.400795,0.299245,1.635968,0.578389
-1.348857,0.15702,0.055661,1.745889,0.580042
-1.56299,-0.005491,0.052654,1.852371,0.596211
-1.777122,-0.208634,-0.193937,1.950574,0.615118
-1.777122,-0.289881,-0.356327,2.026134,0.651795
-1.56299,-0.12737,-0.19093,2.094991,0.702912
-1.134725,-0.168002,-0.184916,2.160058,0.775757
-1.134725,0.075773,-0.022526,2.201958,0.851396
-0.920593,0.075773,0.14287,2.227398,0.938617
-1.134725,-0.005491,-0.103721,2.235219,1.002631
-1.134725,0.319531,0.708226,2.235219,1.05288
-0.706461,0.238284,0.227072,2.235219,1.086318
-0.278197,0.603938,0.639061,2.2205,1.089081
-0.278197,0.64457,0.639061,2.179652,1.09075
0.150068,0.603938,0.56388,2.118,1.09075
0.3642,0.400795,0.485693,2.036762,1.085082
0.150068,0.15702,0.239101,1.923684,1.065087
0.3642,0.400795,0.404498,1.832792,1.060432
0.578333,0.441427,0.32631,1.744168,1.060432
0.792464,0.15702,0.166928,1.64405,1.060432
0.578333,0.075773,0.001531,1.538606,1.071824
0.792464,-0.168002,-0.239046,1.448644,1.099641
0.792464,-0.249249,-0.157851,1.370476,1.14316
1.006597,-0.452391,-0.479623,1.297435,1.210218
1.006597,-0.533656,-0.479623,1.241393,1.287585
1.220729,-0.899309,-0.801395,1.189462,1.391788
1.220729,-0.818045,-0.801395,1.149926,1.513547
0.792464,-1.102452,-1.050993,1.14,1.606176
1.006597,-1.386842,-1.372765,1.14,1.726318
1.006597,-1.427474,-1.535155,1.14,1.816652
1.006597,-1.508721,-1.45396,1.146553,1.926437
0.3642,-2.036902,-2.031345,1.188112,2.031843
-0.064064,-2.28066,-2.199749,1.248402,2.117174
-0.064064,-2.28066,-2.280943,1.321813,2.196923
-0.706461,-2.199413,-2.20877,1.379897,2.247797
-1.134725,-1.427474,-1.402837,1.462486,2.295979
-1.348857,-1.224331,-1.32465,1.54988,2.329125
-1.56299,-0.899309,-0.921683,1.640877,2.33
-1.348857,-0.77743,-0.756286,1.755687,2.33
-1.56299,-0.533656,-0.596904,1.850557,2.326418
-1.348857,-0.493023,-0.431507,1.942796,2.293073
-1.56299,-0.330513,-0.35332,2.020187,2.248875
-1.348857,0.116388,-0.025534,2.100161,2.18775
-1.56299,0.238284,0.052654,2.173904,2.109769
-1.348857,0.441427,0.461635,2.23077,2.026992
-1.56299,0.725817,0.864602,2.280918,1.924202
-1.348857,0.725817,0.705219,2.309194,1.832975
-1.348857,0.969591,0.867609,2.337875,1.716351
-1.134725,0.766449,0.708226,2.347,1.594907
-0.920593,0.928959,0.954818,2.347,1.4877
-0.920593,1.09147,1.036013,2.347,1.37608
-0.920593,1.132102,1.198402,2.342668,1.260921
-1.134725,1.782146,1.682563,2.315261,1.141016
-0.920593,1.457124,1.360792,2.266349,0.994963
-0.920593,1.335245,1.279597,2.215676,0.887083
-0.064064,1.619635,1.53521,2.15162,0.786462
-0.278197,1.700899,1.613398,2.097306,0.704402
-0.064064,1.700899,1.6976,2.025049,0.634529
-0.064064,1.538388,1.616405,1.940881,0.588033
0.150068,1.538388,1.619412,1.822916,0.546171
-0.064064,1.538388,1.53521,1.71452,0.521133
-0.064064,1.37586,1.291626,1.602952,0.5098
-0.064064,1.213349,1.372821,1.497803,0.5095
-0.064064,0.807081,0.885652,1.392188,0.5095
0.150068,0.725817,0.807464,1.270728,0.511967
-0.064064,0.400795,0.398483,1.171375,0.529875
0.150068,0.360163,0.401491,1.097137,0.558358
-0.706461,-0.086738,-0.097707,1.052738,0.600194
-0.492329,-0.12737,-0.338284,1.047125,0.628403
-0.706461,-0.411777,-0.50368,1.044,0.678731
-0.920593,-0.574288,-0.506688,1.044,0.887824
-1.134725,-0.533656,-0.59089,1.044,0.952
-0.706461,-0.858677,-0.828459,1.066407,0.977963
-1.134725,-0.858677,-0.996863,1.137744,1.053724
-1.134725,-1.143067,-1.159253,1.237316,1.143498
-0.920593,-1.34621,-1.156246,1.341514,1.240597
-1.134725,-1.793128,-1.727616,1.427169,1.303188
-0.920593,-1.83376,-1.886998,1.500934,1.363905
-0.706461,-1.793128,-1.802797,1.600422,1.429964
-0.278197,-2.077517,-1.877977,1.714072,1.460485
-0.706461,-2.036902,-1.965186,1.780343,1.496355
-0.492329,-1.793128,-1.799789,1.892865,1.532229
-0.492329,-1.711864,-1.799789,1.97475,1.572625
-0.706461,-1.427474,-1.315628,2.051613,1.651655
-0.064064,-1.34621,-1.387801,2.125026,1.755025
1.006597,-0.899309,-0.642012,2.159459,1.849794
1.006597,-1.021188,-0.966791,2.1842,1.92083
1.006597,-0.452391,-0.398428,2.188,2.019732
1.220729,-0.411777,-0.314226,2.188,2.075012
1.220729,-0.249249,-0.314226,2.187125,2.113938
1.434861,-0.005491,0.01356,2.161792,2.12875
1.434861,0.035141,0.094755,2.097456,2.13
1.434861,0.075773,0.17595,2.025,2.13
1.220729,0.15702,0.172943,1.933785,2.1293
1.434861,0.238284,0.257144,1.824509,2.118611
1.220729,0.360163,0.416527,1.720677,2.116802
1.006597,0.278916,0.332325,1.653595,2.114585
0.792464,0.319531,0.410512,1.525791,2.111131
0.792464,0.482042,0.572902,1.38679,2.105883
0.578333,0.522674,0.569895,1.252177,2.104334
0.578333,0.563306,0.651089,1.136297,2.099002
0.3642,0.888327,0.891666,1.033274,2.076806
-0.064064,0.807081,0.804457,0.959421,2.04879
0.150068,0.685185,0.72627,0.859507,2.006679
0.150068,0.725817,0.72627,0.794032,1.953678
-0.064064,0.969591,1.048042,0.78755,1.88432
-0.064064,1.050838,0.966847,0.78755,1.80375
0.150068,0.847695,0.888659,0.78755,1.718167
-0.064064,0.969591,0.885652,0.798504,1.620553
-0.064064,0.15702,0.236094,0.827974,1.528113
-0.278197,0.075773,0.151892,0.858963,1.492342
-0.278197,0.075773,0.070697,0.87587,1.464885
-0.492329,0.035141,0.06769,0.913919,1.438933
-0.706461,-0.411777,-0.422486,0.964679,1.419142
-0.920593,-0.533656,-0.506688,1.026167,1.365142
-1.348857,-0.493023,-0.512702,1.08116,1.322147
-1.348857,-0.533656,-0.512702,1.141245,1.310277
-1.56299,-0.574288,-0.678099,1.22158,1.301524
-1.777122,-0.736798,-0.762301,1.347367,1.296505
-0.920593,-1.183699,-1.156246,1.428662,1.285578
-0.920593,-1.143067,-1.156246,1.524814,1.236077
-0.920593,-1.508721,-1.562219,1.615338,1.236077
-0.920593,-1.549353,-1.562219,1.68555,1.236077
-0.706461,-1.711864,-1.802797,1.760811,1.264553
-0.492329,-1.549353,-1.556205,1.845315,1.301739
-0.278197,-1.34621,-1.634393,1.939751,1.317713
-0.064064,-1.183699,-1.468996,2.01375,1.339007
0.150068,-1.34621,-1.303599,2.081682,1.36474
-0.064064,-1.06182,-1.387801,2.145128,1.400822
1.220729,-0.939941,-0.963784,2.197858,1.450534
1.434861,-0.858677,-0.879582,2.222,1.505602
1.434861,-0.574288,-0.392414,2.222,1.55464
1.220729,-0.452391,-0.639005,2.222,1.642338
1.220729,-0.249249,-0.314226,2.201336,1.73631
1.434861,0.116388,0.094755,2.1691,1.8131
1.434861,-0.005491,0.094755,2.119185,1.886377
1.434861,0.15702,0.17595,2.067452,1.941476
1.648994,0.441427,0.503736,1.968404,1.999086
1.220729,0.238284,0.254137,1.930049,2.023127
1.006597,0.563306,0.575909,1.859709,2.060943
1.006597,0.563306,0.657104,1.757201,2.096182
1.006597,0.766449,0.819493,1.668513,2.129393
1.006597,1.09147,1.063078,1.589391,2.153466
0.792464,1.09147,1.06007,1.446177,2.185898
0.578333,0.928959,0.894674,1.318826,2.190839
0.792464,1.253981,1.303655,1.18914,2.190839
0.3642,1.213349,1.216445,1.084181,2.190839
0.150068,1.253981,1.213438,0.989477,2.175748
-0.064064,1.335245,1.372821,0.901888,2.118027
-0.064064,1.660267,1.53521,0.786537,2.049303
-0.064064,1.700899,1.616405,0.751964,1.973975
0.150068,1.538388,1.538217,0.724609,1.870786
-0.064064,1.538388,1.53521,0.720972,1.760327
-0.278197,1.294613,1.288619,0.720972,1.653843
-0.278197,1.172734,1.126229,0.720972,1.559453
-0.278197,0.969591,0.96384,0.727572,1.463648
-0.278197,1.050838,1.045034,0.753324,1.34135
-0.706461,0.969591,0.957825,0.773272,1.235481
-0.920593,1.010223,0.954818,0.788859,1.156785
-0.920593,0.725817,0.711234,0.818536,1.059664
-0.920593,0.64457,0.630039,0.86382,0.970942
-1.348857,0.603938,0.54283,0.9328,0.884266
-1.348857,0.563306,0.624024,1.021682,0.7855
-1.134725,0.725817,0.627032,1.07956,0.741569
-1.56299,0.603938,0.539823,1.138779,0.702875
-1.56299,0.482042,0.458628,1.220654,0.665557
-1.777122,0.563306,0.536815,1.334548,0.63458
-1.56299,0.482042,0.458628,1.442625,0.619875
-1.348857,0.400795,0.38044,1.5683,0.6181
-0.706461,0.482042,0.470657,1.690383,0.6175
-0.706461,0.238284,0.227072,1.796064,0.6175
-0.278197,0.482042,0.639061,1.898053,0.6175
-0.492329,0.888327,0.636053,1.993184,0.624184
-0.064064,0.807081,0.966847,2.069729,0.639655
0.150068,0.725817,0.56388,2.115661,0.658219
0.3642,0.807081,0.810472,2.118167,0.675125
0.792464,0.807081,1.06007,2.118167,0.694218
0.792464,1.010223,1.06007,2.117559,0.727307
0.792464,1.050838,1.06007,2.096416,0.764123
0.578333,1.132102,1.057063,2.043689,0.798519
1.006597,0.888327,0.981883,1.97655,0.834218
0.792464,0.563306,0.572902,1.889508,0.871232
1.220729,0.563306,0.578916,1.786463,0.906915
1.220729,0.563306,0.578916,1.693771,0.942835
1.220729,0.482042,0.578916,1.602934,1.055586
1.434861,0.522674,0.500729,1.504866,1.202796
1.648994,0.482042,0.422541,1.402692,1.242758
1.648994,0.360163,0.422541,1.285754,1.274168
1.648994,0.075773,0.178957,1.169006,1.317994
1.434861,0.035141,0.01356,1.041329,1.377932
1.648994,-0.005491,0.097762,0.934612,1.416107
1.648994,-0.371145,-0.308212,0.85139,1.460634
1.434861,-0.696166,-0.554803,0.777061,1.495335
1.648994,-0.858677,-0.79538,0.711983,1.525577
1.648994,-0.736798,-0.79538,0.669981,1.572433
1.434861,-1.224331,-1.123166,0.637489,1.67682
1.434861,-1.143067,-1.204361,0.634567,1.766557
1.220729,-1.549353,-1.450953,0.634567,1.846673
0.792464,-1.589985,-1.619357,0.63584,1.947165
0.792464,-1.874374,-1.862941,0.656588,2.010931
0.3642,-2.118149,-2.031345,0.692893,2.080145
0.150068,-2.036902,-2.034352,0.742194,2.148198
-1.134725,-1.630617,-1.646421,0.792716,2.197199
-1.348857,-1.589985,-1.568234,0.869465,2.24076
-1.777122,-1.427474,-1.655443,0.9745,2.272375
-1.56299,-1.386842,-1.327657,1.062894,2.293092
-1.348857,-1.305595,-1.243455,1.164258,2.307639
-1.348857,-1.06182,-1.081065,1.2702,2.312
-1.348857,-1.102452,-1.081065,1.392194,2.312
-1.56299,-0.939941,-0.921683,1.490731,2.312
-1.134725,-0.939941,-0.915669,1.605686,2.307265
-1.134725,-0.614902,-0.996863,1.72505,2.26345
-1.348857,-0.493023,-0.350313,1.800525,2.226611
-1.348857,-0.330513,-0.593897,1.913583,2.166145
-0.492329,-0.452391,-0.419478,1.995012,2.115519
-0.278197,-0.574288,-0.578861,2.084534,2.040626
-0.278197,-0.411777,-0.416471,2.146347,1.966444
-0.278197,-0.330513,-0.254082,2.197481,1.879062
-0.064064,-0.249249,-0.332269,2.209669,1.809203
-0.278197,-0.005491,0.070697,2.209669,1.755994
0.578333,0.15702,0.163921,2.209669,1.686535
0.792464,0.15702,0.166928,2.203538,1.626466
0.792464,0.522674,0.491707,2.166296,1.568654
0.792464,0.482042,0.491707,2.124184,1.504531
0.792464,0.563306,0.654097,2.06525,1.4684
0.578333,0.928959,0.975868,2.008734,1.457117
0.578333,1.050838,1.057063,1.936983,1.453705
0.578333,1.050838,1.057063,1.861793,1.453705
0.578333,1.09147,1.138258,1.758273,1.453705
0.578333,1.294613,1.300647,1.644266,1.462039
0.3642,1.294613,1.216445,1.519665,1.490113
0.3642,1.294613,1.29764,1.408856,1.505904
0.3642,1.294613,1.29764,1.29617,1.5065
0.150068,1.213349,1.213438,1.191306,1.5065
0.3642,1.172734,1.135251,1.091008,1.506149
0.150068,1.37586,1.213438,0.974617,1.487846
-0.064064,1.37586,1.454015,0.9188,1.451375
-0.064064,1.37586,1.291626,0.870308,1.399115
-0.064064,1.132102,1.129236,0.831835,1.3331
-0.278197,1.132102,1.126229,0.815215,1.258638
-0.706461,1.213349,1.120215,0.813008,1.201217
-1.134725,0.847695,0.789421,0.813008,1.119558
-1.134725,0.685185,0.708226,0.813008,1.042017
-0.920593,0.888327,0.873623,0.827929,0.985089
-1.134725,0.64457,0.627032,0.860787,0.912421
-1.134725,0.603938,0.545837,0.900156,0.851236
-1.348857,0.441427,0.461635,0.964589,0.79073
-1.348857,0.360163,0.461635,1.036836,0.74115
-1.348857,0.278916,0.218051,1.127711,0.71565
-1.56299,-0.005491,0.052654,1.2386,0.689
-1.56299,0.15702,0.133849,1.351245,0.664337
-1.348857,-0.371145,-0.350313,1.47907,0.635489
-1.134725,-0.411777,-0.4285,1.600672,0.635189
-1.348857,-0.736798,-0.756286,1.713992,0.635189
-1.56299,-0.77743,-0.678099,1.822467,0.63838
-1.134725,-0.858677,-0.915669,1.914275,0.656783
-1.134725,-1.224331,-1.240448,1.99236,0.683841
-0.920593,-1.508721,-1.481025,2.062917,0.730646
-0.492329,-1.589985,-1.556205,2.102267,0.789474
-0.920593,-1.752496,-1.805804,2.142803,0.895236
-0.492329,-1.874374,-1.799789,2.170075,1.004745
-0.920593,-1.671249,-1.724609,2.186335,1.124487
-0.920593,-1.386842,-1.39983,2.204359,1.2365
-0.920593,-1.508721,-1.481025,2.2076,1.373241
-0.920593,-1.224331,-1.318635,2.216083,1.499743
-1.134725,-1.06182,-1.159253,2.220654,1.620714
-0.706461,-0.899309,-0.828459,2.22114,1.721312
-0.492329,-0.655534,-0.663063,2.22114,1.81775
-0.920593,-0.574288,-0.506688,2.220384,1.9002
-1.134725,-0.330513,-0.347305,2.210691,1.954
-0.706461,-0.168002,-0.178901,2.18925,1.954
-0.920593,-0.046123,-0.100714,2.167583,1.954
-0.706461,-0.046123,0.145878,2.113576,1.948927
-0.706461,0.482042,0.470657,2.070909,1.887292
-0.706461,0.441427,0.470657,1.990309,1.788611
-0.706461,0.847695,0.87663,1.940803,1.705425
-0.492329,0.847695,0.798443,1.907841,1.572013
-0.920593,1.050838,1.036013,1.88246,1.443064
-0.492329,1.213349,1.204417,1.8438,1.314
-0.278197,1.09147,1.126229,1.808899,1.210785
0.150068,1.538388,1.538217,1.764479,1.117825
-0.064064,1.132102,1.129236,1.72022,1.033948
0.3642,1.37586,1.46003,1.66375,0.952625
0.150068,1.294613,1.294633,1.584136,0.875064
0.150068,1.253981,1.213438,1.492375,0.81825
0.3642,1.213349,1.216445,1.407717,0.792465
0.3642,0.969591,1.054056,1.343119,0.791831
0.3642,1.050838,1.054056,1.278828,0.791831
0.578333,0.888327,0.894674,1.180893,0.793706
1.006597,0.766449,0.738299,1.096439,0.829592
1.220729,0.603938,0.578916,1.024887,0.906504
1.006597,0.522674,0.575909,0.972827,0.988622
1.006597,0.482042,0.575909,0.930974,1.074738
1.006597,0.522674,0.494714,0.883512,1.180107
1.220729,0.319531,0.578916,0.828375,1.291375
1.220729,0.075773,0.091748,0.794123,1.406155
1.220729,-0.12737,-0.070642,0.777875,1.515304
1.434861,-0.208634,-0.230024,0.77675,1.623044
1.220729,-0.289881,-0.233031,0.77675,1.720348
1.648994,-0.574288,-0.551796,0.777105,1.801697
1.648994,-0.493023,-0.551796,0.79645,1.883529
1.648994,-0.980556,-1.038964,0.840375,1.979323
1.434861,-1.143067,-1.123166,0.887871,2.066652
1.648994,-1.183699,-1.201354,0.952792,2.147541
1.220729,-1.508721,-1.532147,1.018651,2.196353
1.648994,-1.549353,-1.526133,1.093203,2.250376
0.3642,-2.036902,-2.112539,1.182119,2.292275
0.3642,-2.118149,-2.112539,1.289295,2.340275
-1.134725,-1.874374,-1.808811,1.376862,2.349136
-1.348857,-1.630617,-1.568234,1.469375,2.349136
-1.56299,-1.427474,-1.490046,1.580619,2.349136
-1.777122,-1.386842,-1.411859,1.693003,2.320335
-1.56299,-0.899309,-0.921683,1.793695,2.280379
-1.348857,-0.818045,-0.918676,1.90873,2.240187
-1.56299,-0.452391,-0.596904,1.995523,2.190484
-1.56299,-0.533656,-0.596904,2.080973,2.122507
-1.56299,-0.330513,-0.596904,2.147693,2.052442
-1.56299,-0.12737,-0.19093,2.20339,1.966175
-1.56299,-0.371145,-0.35332,2.247529,1.876887
-1.991254,-0.411777,-0.440529,2.28857,1.796363
-1.777122,-0.371145,-0.437522,2.315606,1.696246
-1.56299,-0.371145,-0.434515,2.325379,1.603057
-1.56299,-0.493023,-0.434515,2.33,1.51091
-0.920593,-0.533656,-0.587882,2.32925,1.425087
-0.706461,-0.655534,-0.747265,2.324,1.366894
-0.492329,-0.939941,-0.906647,2.321843,1.34
-0.064064,-0.980556,-0.900633,2.313875,1.34
-0.064064,-0.980556,-0.981827,2.281363,1.34
0.150068,-0.818045,-0.816431,2.24178,1.343862
0.3642,-0.411777,-0.40745,2.211427,1.406165
0.578333,-0.493023,-0.404442,2.146765,1.470871
0.578333,-0.249249,-0.242053,2.063633,1.52755
0.792464,-0.249249,-0.239046,1.975936,1.583483
0.792464,0.035141,0.004539,1.872667,1.630405
1.006597,0.075773,0.169935,1.755899,1.648061
1.220729,0.075773,0.091748,1.649303,1.662028
1.006597,0.15702,0.088741,1.505981,1.6669
1.006597,0.563306,0.575909,1.365063,1.667
1.006597,0.725817,0.657104,1.271751,1.667
0.792464,0.807081,0.735291,1.161515,1.667
0.792464,0.928959,1.06007,1.074509,1.661987
0.792464,1.416492,1.466044,1.011667,1.642405
0.578333,1.37586,1.219453,0.95225,1.622075
0.578333,1.335245,1.300647,0.899365,1.585439
0.578333,1.497756,1.381842,0.830629,1.515283
0.3642,1.294613,1.784809,0.796318,1.439784
0.150068,1.700899,1.700607,0.770315,1.340219
0.150068,1.457124,1.538217,0.7647,1.267488
-0.064064,1.538388,1.454015,0.7647,1.2005
0.150068,1.782146,1.781802,0.765012,1.10893
-0.278197,1.619635,1.532203,0.768821,1.021125
-0.492329,1.782146,1.691585,0.788171,0.931327
-0.278197,1.782146,1.775787,0.832325,0.865638
-0.064064,1.457124,1.454015,0.891485,0.834457
-0.278197,1.213349,1.126229,0.953725,0.802035
-0.492329,1.497756,1.448001,1.018148,0.775397
-0.706461,1.213349,1.201409,1.110265,0.743076
-1.134725,1.253981,1.195395,1.201838,0.730883
-1.134725,0.64457,0.627032,1.298495,0.718573
-1.134725,0.603938,0.545837,1.389702,0.709522
-0.920593,0.400795,0.386455,1.475267,0.706742
-0.706461,0.360163,0.308267,1.561244,0.70985
-1.134725,-0.208634,-0.022526,1.636791,0.720751
-1.348857,-0.005491,-0.025534,1.6999,0.744589
-1.348857,-0.371145,-0.350313,1.761093,0.797772
-0.920593,-0.696166,-0.669077,1.806126,0.883679
-0.920593,-1.021188,-1.156246,1.844343,0.981133
-0.492329,-1.386842,-1.393816,1.87387,1.082881
-0.064064,-1.630617,-1.631385,1.895404,1.202583
0.3642,-1.427474,-1.544176,1.923932,1.311223
0.150068,-1.508721,-1.547183,1.928,1.364887
0.792464,-1.589985,-1.619357,1.928,1.492961
1.006597,-1.102452,-1.129181,1.928,1.612935
1.006597,-0.980556,-1.047986,1.921714,1.739248
1.220729,-1.06182,-1.044979,1.88675,1.860806
1.648994,-1.021188,-0.95777,1.839045,1.965567
1.220729,-0.696166,-0.7202,1.773032,2.055843
1.434861,-0.655534,-0.635998,1.712215,2.146645
1.434861,-0.411777,-0.473608,1.64307,2.264119
1.648994,-0.208634,-0.227017,1.608235,2.313709
1.434861,-0.371145,-0.311219,1.516675,2.353006
1.220729,-0.046123,0.010553,1.429934,2.36275
1.434861,0.116388,0.17595,1.345512,2.363
1.434861,0.15702,0.17595,1.256536,2.363
1.648994,-0.046123,-0.064627,1.16631,2.362306
1.648994,-0.208634,-0.145822,1.077436,2.343251
1.648994,-0.411777,-0.308212,0.935474,2.311672
1.434861,-0.046123,-0.067635,0.851899,2.28198
1.434861,-0.249249,-0.230024,0.794169,2.256585
1.220729,-0.371145,-0.314226,0.753625,2.239875
1.434861,-0.574288,-0.554803,0.748,2.238057
1.648994,-0.533656,-0.551796,0.748,2.234812
1.220729,-0.655534,-0.7202,0.748,2.228102
1.220729,-0.980556,-0.882589,0.770126,2.222279
1.434861,-1.224331,-1.285556,0.824865,2.217633
1.006597,-1.386842,-1.29157,0.90704,2.21352
0.578333,-1.508721,-1.459974,1.007304,2.206467
1.006597,-1.34621,-1.372765,1.108419,2.200183
0.578333,-1.671249,-1.459974,1.215773,2.192604
-1.348857,-1.711864,-1.649429,1.315124,2.18661
-1.777122,-1.630617,-1.655443,1.415091,2.179597
-1.777122,-1.549353,-1.655443,1.514909,2.174777
-1.56299,-1.549353,-1.571241,1.6071,2.173491
-1.134725,-0.899309,-0.915669,1.670869,2.168679
-1.56299,-0.818045,-0.840488,1.770804,2.146984
-1.56299,-0.452391,-0.434515,1.86644,2.110221
-1.777122,-0.371145,-0.437522,1.974355,2.050008
-1.56299,-0.12737,-0.434515,2.078843,1.983379
-1.56299,0.197652,0.133849,2.143273,1.90565
-1.56299,0.360163,0.296238,2.211306,1.810903
-1.134725,0.075773,-0.103721,2.271792,1.688623
-1.348857,0.441427,0.38044,2.288065,1.581605
-1.56299,0.64457,0.702212,2.288065,1.465457
-1.348857,0.766449,0.705219,2.288065,1.361585
-1.134725,0.766449,0.789421,2.281261,1.244438
-0.706461,1.132102,1.201409,2.252275,1.160387
-0.278197,1.132102,1.045034,2.209725,1.078305
-0.278197,1.09147,1.045034,2.152187,0.9767
-0.278197,1.294613,1.288619,2.088896,0.901558
0.150068,1.294613,1.294633,2.001705,0.8333
0.150068,1.294613,1.294633,1.906724,0.776036
0.3642,1.294613,1.29764,1.823804,0.738392
0.792464,1.010223,1.06007,1.721894,0.710714
0.3642,0.888327,0.972861,1.61925,0.71
0.3642,0.969591,0.972861,1.507717,0.71
0.792464,0.888327,0.978876,1.391693,0.7145
0.792464,0.807081,0.816486,1.292299,0.755048
1.006597,0.807081,0.819493,1.201362,0.815618
1.220729,0.725817,0.741306,1.109614,0.889382
1.220729,0.725817,0.741306,1.019451,0.978539
1.220729,0.522674,0.497722,0.951207,1.057894
1.220729,0.482042,0.497722,0.881294,1.148273
1.434861,0.278916,0.338339,0.811844,1.243656
1.434861,0.441427,0.419534,0.770352,1.310555
1.648994,0.319531,0.341346,0.731499,1.385526
1.648994,0.197652,0.260152,0.698504,1.458875
1.648994,-0.005491,0.097762,0.659993,1.541857
1.434861,-0.086738,-0.067635,0.619502,1.648748
1.648994,-0.046123,-0.064627,0.606522,1.72044
1.434861,-0.289881,-0.473608,0.606453,1.823951
1.220729,-0.249249,-0.314226,0.606453,1.932838
1.006597,-0.655534,-0.560818,0.60844,2.021865
1.434861,-0.696166,-0.717193,0.626517,2.096983
1.220729,-0.736798,-0.7202,0.655,2.153875
1.006597,-0.939941,-0.966791,0.698346,2.206807
0.792464,-0.858677,-0.888604,0.769515,2.245756
0.792464,-0.939941,-0.888604,0.845341,2.251
0.578333,-0.411777,-0.323248,0.943374,2.251
0.3642,-0.452391,-0.488644,1.025808,2.250375
-0.064064,-0.533656,-0.494659,1.104372,2.235433
-0.278197,-0.249249,-0.172887,1.168334,2.207477
-0.278197,-0.168002,-0.254082,1.286348,2.158115
-0.278197,0.197652,0.233087,1.369015,2.086899
-0.492329,0.64457,0.636053,1.415127,2.000427
-0.706461,0.441427,0.389462,1.445188,1.906661
-0.278197,0.482042,0.476671,1.471146,1.806274
-0.492329,0.522674,0.554859,1.501746,1.661019
-0.492329,0.563306,0.473664,1.519543,1.5415
-0.278197,0.969591,1.126229,1.531159,1.412733
-0.278197,0.969591,0.96384,1.54068,1.29183
-1.134725,0.725817,0.708226,1.560504,1.174922
-1.134725,0.685185,0.627032,1.596911,1.050043
-1.134725,0.482042,0.464642,1.649808,0.930531
-1.56299,0.482042,0.539823,1.699677,0.842356
-1.56299,0.400795,0.377433,1.766385,0.768144
-1.56299,0.238284,0.215043,1.816437,0.725656
-1.777122,0.319531,0.212036,1.863949,0.721278
-1.56299,-0.330513,-0.35332,1.926686,0.721278
-1.56299,-0.533656,-0.515709,2.00044,0.721278
-1.56299,-0.574288,-0.596904,2.072531,0.738373
-1.348857,-0.858677,-0.918676,2.140167,0.79676
-1.348857,-1.183699,-1.16226,2.197233,0.868041
-0.920593,-1.102452,-1.075051,2.235852,0.938873
-1.348857,-1.508721,-1.568234,2.279293,1.037573
-1.134725,-1.508721,-1.484032,2.305349,1.119106
-0.278197,-1.508721,-1.390808,2.307737,1.22106
0.150068,-1.549353,-1.547183,2.307737,1.341979
1.006597,-1.549353,-1.45396,2.307737,1.454163
0.792464,-1.021188,-1.050993,2.28911,1.585696
1.220729,-1.06182,-1.044979,2.261867,1.683797
1.006597,-0.77743,-0.804402,2.235065,1.751039
1.006597,-0.77743,-0.723207,2.182073,1.862684
1.220729,-0.452391,-0.395421,2.116035,1.955751
1.434861,-0.249249,-0.311219,2.034744,2.047653
1.220729,-0.046123,-0.070642,1.942417,2.12275
1.220729,-0.086738,-0.070642,1.842377,2.141659
0.792464,0.075773,0.085733,1.737843,2.158965
0.792464,0.075773,0.166928,1.635336,2.167256
0.578333,0.482042,0.4887,1.53086,2.167417
0.578333,0.400795,0.407505,1.430432,2.1655
0.792464,0.807081,0.735291,1.324879,2.164
0.578333,0.64457,0.651089,1.229125,2.128
0.792464,1.010223,0.978876,1.150831,2.069333
0.3642,1.294613,1.46003,1.093379,2.033181
0.578333,1.253981,1.300647,1.056383,1.989189
0.150068,1.660267,1.619412,1.01017,1.89255
0.3642,1.782146,1.703614,0.964925,1.785639
0.3642,1.619635,1.541224,0.937648,1.675255
0.150068,1.700899,1.619412,0.922594,1.598666
0.150068,1.457124,1.538217,0.907557,1.513035
0.150068,1.538388,1.619412,0.886339,1.403446
-0.064064,1.538388,1.53521,0.85565,1.280288
-0.064064,1.253981,1.210431,0.841,1.176694
-0.278197,1.538388,1.532203,0.841,1.062581
-0.706461,1.37586,1.363799,0.841,0.956332
-0.706461,1.132102,1.363799,0.848322,0.881913
-0.920593,1.050838,1.036013,0.874542,0.81475
-0.920593,0.969591,0.954818,0.911033,0.763089
-1.134725,0.685185,0.627032,0.97331,0.711388
-1.348857,0.766449,0.786414,1.056,0.671117
-1.134725,0.64457,0.627032,1.166,0.641396
-1.348857,0.685185,0.624024,1.260826,0.625225
-1.348857,0.441427,0.461635,1.364292,0.60476
-1.348857,0.603938,0.624024,1.475303,0.591379
-1.777122,0.278916,0.212036,1.598258,0.591379
-1.348857,0.238284,0.218051,1.70821,0.591379
-1.134725,0.116388,0.058668,1.811317,0.59644
-1.348857,-0.289881,-0.269118,1.9355,0.6292
-1.348857,-0.249249,-0.350313,2.091834,0.671498
-1.777122,-0.533656,-0.599911,2.181863,0.727081
-1.777122,-0.736798,-0.681106,2.25234,0.784746
-1.777122,-0.696166,-1.330664,2.31072,0.877299
-0.920593,-1.508721,-1.562219,2.320919,0.973
-0.492329,-2.036902,-2.043374,2.320919,1.064941
-0.278197,-1.874374,-1.959172,2.320919,1.1826
0.150068,-1.711864,-1.709573,2.31472,1.362692
0.3642,-1.630617,-1.706566,2.285631,1.481416
1.006597,-1.468106,-1.45396,2.254526,1.600317
1.434861,-1.224331,-1.204361,2.232518,1.678786
1.220729,-0.980556,-0.882589,2.210572,1.757468
1.220729,-0.939941,-0.882589,2.165969,1.854379
1.434861,-0.899309,-0.879582,2.100442,1.956112
1.220729,-0.533656,-0.476616,2.030125,2.036182
1.006597,-0.452391,-0.398428,1.965093,2.092241
1.434861,-0.452391,-0.392414,1.882925,2.14862
1.220729,-0.12737,-0.233031,1.803404,2.204477
1.006597,-0.208634,-0.154844,1.695227,2.253976
1.220729,0.197652,0.172943,1.600563,2.274719
1.220729,0.278916,0.254137,1.519,2.291
0.792464,0.64457,0.654097,1.449716,2.2945
0.792464,0.603938,0.572902,1.329871,2.2945
0.3642,0.807081,0.729277,1.245888,2.292574
0.578333,0.725817,0.732284,1.162336,2.252535
0.578333,1.132102,0.894674,1.093447,2.174574
0.3642,1.132102,1.216445,1.036132,2.086576
0.578333,1.579003,1.544232,0.991838,1.994506
0.150068,1.294613,1.375828,0.910148,1.869738
0.3642,1.213349,1.29764,0.876799,1.736179
0.150068,1.294613,1.213438,0.849131,1.617527
0.150068,1.213349,1.213438,0.825742,1.50625
0.150068,1.538388,1.538217,0.809658,1.466006
0.150068,1.619635,1.619412,0.808067,1.427027
-0.064064,1.782146,1.778794,0.808067,1.390574
-0.064064,1.86341,1.778794,0.808167,1.343277
0.150068,1.782146,1.781802,0.815016,1.274262
-0.064064,1.538388,1.53521,0.829973,1.199283
0.150068,1.619635,1.457023,0.854133,1.139243
-0.064064,1.294613,1.291626,0.887363,1.088913
0.3642,0.969591,0.972861,0.904704,0.96776
0.792464,0.888327,0.816486,0.907333,0.798554
0.792464,0.888327,0.897681,0.907333,0.797528
1.006597,0.847695,0.900688,0.904653,0.797528
0.792464,0.807081,0.816486,0.889586,0.801557
1.006597,0.725817,0.819493,0.870176,0.867041
1.006597,0.603938,0.575909,0.846514,0.953161
1.220729,0.482042,0.497722,0.8124,1.0629
1.434861,0.482042,0.500729,0.776955,1.175948
1.648994,0.522674,0.503736,0.748169,1.270661
1.434861,0.197652,0.17595,0.715964,1.390946
1.434861,0.278916,0.257144,0.690715,1.492262
1.648994,0.116388,0.178957,0.668966,1.589908
1.863126,0.075773,0.100769,0.650413,1.679639
1.648994,-0.208634,-0.227017,0.645076,1.761765
1.863126,-0.12737,-0.06162,0.645076,1.853892
1.648994,-0.289881,-0.308212,0.645076,1.946307
1.863126,-0.696166,-0.711178,0.653801,2.021674
1.434861,-0.980556,-0.960777,0.679609,2.08881
1.434861,-1.06182,-1.041972,0.712616,2.153941
1.220729,-1.021188,-0.963784,0.757228,2.211593
0.578333,-0.736798,-0.810416,0.805298,2.256037
0.792464,-0.493023,-0.48263,0.873752,2.294717
0.3642,-0.655534,-0.651034,0.985371,2.306
-0.064064,-0.411777,-0.251075,1.06157,2.306
-0.492329,-0.168002,-0.257089,1.139994,2.306
-0.492329,-0.249249,-0.257089,1.199924,2.294947
-0.064064,-0.005491,0.073704,1.263741,2.255578
-0.064064,0.360163,0.398483,1.318151,2.193193
-0.706461,0.563306,0.633046,1.359357,2.114817
-1.348857,0.441427,0.299245,1.378293,2.006724
-1.134725,0.360163,0.383447,1.390883,1.91015
-1.134725,0.482042,0.627032,1.414082,1.791322
-1.348857,0.482042,0.461635,1.446534,1.653553
-0.920593,0.400795,0.467649,1.485839,1.516843
-1.348857,0.400795,0.299245,1.535275,1.381452
-1.777122,0.197652,0.293231,1.586139,1.270871
-1.56299,0.360163,0.296238,1.646075,1.175554
-1.348857,0.238284,0.218051,1.704357,1.071939
-1.56299,-0.046123,-0.109736,1.787587,0.9741
-1.348857,-0.249249,-0.269118,1.873726,0.888417
-1.56299,-0.249249,-0.272125,1.957161,0.818246
-1.56299,-0.655534,-0.678099,2.017345,0.8038
-1.348857,-0.736798,-0.756286,2.059553,0.8038
-1.56299,-1.34621,-1.408852,2.102048,0.8038
-1.777122,-1.671249,-1.655443,2.149832,0.816362
-0.920593,-1.793128,-1.805804,2.1818,0.8774
-0.492329,-1.874374,-1.880984,2.207575,0.971629
0.150068,-1.549353,-1.465989,2.223508,1.069885
1.434861,-1.427474,-1.447945,2.237559,1.184196
1.220729,-1.386842,-1.369758,2.239779,1.286077
1.434861,-1.224331,-1.204361,2.239779,1.415867
1.434861,-0.899309,-0.879582,2.239779,1.548709
1.434861,-1.021188,-0.960777,2.237023,1.678448
1.434861,-0.655534,-0.554803,2.222517,1.79461
1.434861,-0.411777,-0.392414,2.194589,1.88746
1.648994,-0.249249,-0.227017,2.150324,1.979214
1.434861,-0.249249,-0.311219,2.096803,2.060059
1.434861,-0.371145,-0.392414,2.023483,2.136874
1.434861,-0.289881,-0.067635,1.935812,2.196143
1.220729,-0.574288,-0.55781,1.846089,2.231944
1.220729,-0.452391,-0.476616,1.719879,2.266426
1.220729,-0.452391,-0.476616,1.59896,2.283464
1.220729,-0.452391,-0.639005,1.51224,2.291349
0.792464,-0.371145,-0.32024,1.428224,2.294
0.792464,-0.289881,-0.32024,1.338685,2.293279
0.578333,-0.208634,-0.242053,1.222114,2.28953
0.578333,0.197652,0.245116,1.133375,2.288016
0.578333,0.197652,0.32631,1.048448,2.288426
0.3642,0.238284,0.160914,0.977029,2.286633
0.150068,0.400795,0.401491,0.938734,2.284607
-0.064064,0.360163,0.398483,0.919545,2.281541
-0.492329,0.685185,0.717248,0.919545,2.26923
-0.278197,0.888327,0.80145,0.919545,2.217927
-0.064064,0.725817,0.642068,0.928892,2.14526
-0.492329,0.64457,0.636053,0.966171,2.052932
-0.706461,0.766449,0.87663,1.023559,1.92846
-0.492329,0.725817,0.636053,1.062383,1.829963
-0.492329,0.725817,0.717248,1.099914,1.737976
-0.278197,0.603938,0.639061,1.135593,1.657269
-0.920593,0.278916,0.30526,1.156868,1.608551
-1.134725,0.238284,0.221058,1.183317,1.56102
-1.348857,0.15702,0.136856,1.221352,1.475818
-1.348857,-0.168002,-0.187923,1.264467,1.376889
-1.134725,-0.411777,-0.4285,1.304346,1.282157
-1.134725,-0.411777,-0.4285,1.363193,1.191502
-1.56299,-0.574288,-0.434515,1.412459,1.116953
-1.56299,-0.77743,-0.759294,1.470149,1.024335
-1.777122,-0.818045,-0.843496,1.549544,0.809977
-1.56299,-1.468106,-1.490046,1.635442,0.800922
-1.134725,-1.589985,-1.565227,1.71017,0.800922
-0.920593,-1.752496,-1.724609,1.766038,0.800922
0.3642,-1.549353,-1.544176,1.828311,0.821668
0.150068,-1.630617,-1.547183,1.927201,0.867166
1.220729,-1.427474,-1.450953,2.015787,0.92265
1.220729,-0.77743,-0.801395,2.101962,1.007621
1.648994,-0.818045,-0.79538,2.168312,1.101929
1.220729,-0.655534,-0.639005,2.237877,1.208485
1.434861,-0.655534,-0.635998,2.274094,1.318648
1.648994,-0.411777,-0.389406,2.283,1.400615
1.648994,-0.289881,-0.227017,2.283,1.507829
1.648994,-0.249249,-0.227017,2.283,1.611926
1.863126,-0.208634,0.019575,2.272582,1.722188
1.863126,-0.046123,0.019575,2.237427,1.830458
1.434861,-0.208634,-0.148829,2.205841,1.893185
1.220729,-0.086738,-0.151837,2.141276,1.967369
1.220729,0.035141,0.010553,2.077432,2.039411
1.220729,-0.086738,-0.070642,1.994145,2.107022
1.006597,0.278916,0.169935,1.894813,2.163656
1.220729,0.522674,0.578916,1.806076,2.20425
0.792464,0.482042,0.491707,1.70366,2.228825
0.578333,0.603938,0.407505,1.579112,2.258753
0.578333,0.807081,0.813479,1.483745,2.282699
0.578333,0.969591,0.975868,1.36525,2.295
0.3642,1.213349,1.29764,1.260105,2.295
0.578333,1.579003,1.463037,1.141241,2.295
0.578333,1.86341,1.869011,1.05751,2.29475
0.578333,1.579003,1.544232,0.969787,2.289468
0.578333,1.782146,1.869011,0.906927,2.274677
0.150068,1.457124,1.457023,0.866865,2.254364
-0.064064,1.457124,1.53521,0.837984,2.214488
0.150068,1.37586,1.375828,0.822333,2.160458
-0.278197,1.457124,1.369813,0.819744,2.089028
-0.064064,1.294613,1.372821,0.817429,2.027221
-0.064064,1.37586,1.210431,0.814456,1.942104
-0.278197,1.294613,1.288619,0.813458,1.825833
-0.492329,0.928959,0.879638,0.807375,1.727125
-0.706461,0.766449,0.795436,0.781818,1.597383
-0.920593,0.807081,0.711234,0.750725,1.47226
-1.134725,0.522674,0.627032,0.721136,1.372159
-1.348857,0.685185,0.624024,0.707678,1.252319
-1.134725,0.64457,0.545837,0.707678,1.144587
-0.920593,0.482042,0.467649,0.707678,1.046435
-0.920593,0.319531,0.30526,0.710623,0.989122
-0.706461,0.035141,-0.016512,0.74534,0.918218
-1.348857,-0.289881,-0.269118,0.792944,0.842549
-1.348857,-0.493023,-0.431507,0.870255,0.773487
-1.348857,-0.736798,-0.756286,0.962742,0.716177
-1.134725,-0.736798,-0.753279,1.064143,0.694294
-1.134725,-1.102452,-1.078058,1.177572,0.6905
-1.134725,-1.183699,-0.834474,1.29116,0.6905
-1.348857,-1.468106,-1.487039,1.385821,0.6905
-0.920593,-1.711864,-1.724609,1.500365,0.698135
-1.134725,-1.793128,-1.890006,1.603514,0.722694
-1.134725,-1.955638,-1.9712,1.70983,0.761264
-1.348857,-1.955638,-1.974208,1.797173,0.802427
-0.920593,-1.711864,-1.724609,1.868366,0.846282
-0.920593,-1.508721,-1.23744,1.942812,0.888934
-0.920593,-1.305595,-1.318635,2.011766,0.957979
-0.492329,-0.655534,-0.744258,2.081833,1.053831
-0.920593,-0.533656,-0.506688,2.120339,1.112507
-1.134725,-0.330513,-0.347305,2.136468,1.213479
-0.706461,-0.12737,-0.097707,2.180409,1.338637
-0.706461,0.035141,-0.016512,2.260273,1.452349
-0.706461,0.319531,0.389462,2.2785,1.583583
-0.492329,0.319531,0.311274,2.299875,1.68875
-0.278197,0.847695,0.720255,2.3397,1.8261
-0.492329,0.888327,0.879638,2.35739,1.938083
-0.492329,1.172734,1.204417,2.3575,2.0225
-0.064064,1.132102,1.291626,2.3575,2.058263
0.150068,1.538388,1.538217,2.346941,2.059904
0.3642,1.213349,1.378835,2.335134,2.059904
0.150068,1.294613,1.375828,2.305492,2.058904
0.578333,1.741514,1.463037,2.240697,2.019575
0.578333,1.457124,1.463037,2.160604,1.945958
0.3642,1.213349,1.29764,2.104115,1.87449
-0.064064,1.050838,1.048042,2.052503,1.76689
0.792464,0.847695,0.897681,2.001375,1.669625
0.792464,0.725817,0.816486,1.935811,1.566341
1.220729,0.847695,0.822501,1.877649,1.454049
1.220729,0.807081,0.741306,1.826649,1.33932
1.006597,0.64457,0.657104,1.764527,1.227233
1.006597,0.482042,0.494714,1.712928,1.152144
1.220729,0.278916,0.335332,1.635063,1.060844
1.220729,0.238284,0.254137,1.532792,0.978201
1.220729,-0.005491,0.172943,1.444859,0.917326
1.434861,-0.168002,-0.148829,1.390811,0.874456
1.220729,-0.289881,-0.233031,1.357134,0.860685
1.220729,-0.12737,-0.070642,1.273795,0.860685
1.434861,-0.939941,-0.879582,1.208415,0.860685
1.220729,-0.980556,-0.882589,1.123209,0.869374
1.006597,-1.224331,-1.210376,1.045386,0.917375
0.3642,-1.793128,-1.868955,1.002405,0.9785
0.150068,-1.793128,-1.790768,0.953711,1.044509
-0.492329,-1.508721,-1.556205,0.847913,1.117485
-1.348857,-1.468106,-1.487039,0.79677,1.222039
-1.348857,-1.264963,-1.32465,0.733608,1.330589
-1.348857,-1.183699,-1.243455,0.706342,1.416215
-1.134725,-1.183699,-1.159253,0.702,1.51465
-1.56299,-0.574288,-0.596904,0.702,1.589559
-1.56299,-0.614902,-0.678099,0.702,1.68413
-1.134725,-0.371145,-0.4285,0.706202,1.778558
-1.56299,-0.249249,-0.35332,0.727432,1.870012
-1.777122,-0.046123,-0.275132,0.765951,1.947344
-1.134725,0.238284,0.058668,0.833375,2.023167
-1.348857,0.278916,0.299245,0.909362,2.083161
-1.134725,0.685185,0.789421,0.991391,2.134062
-1.348857,0.725817,0.786414,1.086912,2.186653
-0.920593,0.807081,0.792428,1.197752,2.234239
-0.920593,1.213349,1.198402,1.298181,2.244
-0.492329,0.969591,0.960832,1.427649,2.244
-0.492329,1.132102,1.123222,1.54372,2.244
-0.492329,1.213349,1.285611,1.656295,2.232359
-0.278197,1.294613,1.288619,1.74887,2.202528
0.150068,1.538388,1.538217,1.844946,2.178953
-0.278197,1.416492,1.451008,1.921927,2.134204
0.150068,1.416492,1.457023,1.991937,2.070244
-0.064064,1.294613,1.372821,2.059555,1.98485
-0.064064,1.172734,1.210431,2.125841,1.887657
-0.064064,1.050838,1.048042,2.172927,1.817
0.3642,0.928959,0.972861,2.215472,1.726319
0.150068,0.928959,0.888659,2.247606,1.628837
0.3642,0.928959,0.972861,2.252969,1.485191
0.578333,0.928959,0.975868,2.252969,1.371636
0.792464,0.847695,0.897681,2.251669,1.273657
1.220729,0.888327,0.903695,2.2235,1.1915
0.792464,0.603938,0.654097,2.176125,1.104875
1.006597,0.603938,0.575909,2.123726,1.007063
1.006597,0.482042,0.494714,2.055909,0.935051
1.220729,0.319531,0.335332,1.977362,0.882089
1.434861,0.360163,0.419534,1.888928,0.822395
1.220729,0.400795,0.335332,1.805082,0.77496
1.220729,0.238284,0.335332,1.69769,0.72144
1.220729,0.238284,0.254137,1.6005,0.677425
1.434861,0.15702,0.17595,1.516491,0.667
1.220729,-0.005491,0.091748,1.427726,0.667
1.006597,0.075773,0.088741,1.348056,0.667
0.578333,-0.005491,0.001531,1.281193,0.677693
0.792464,-0.086738,-0.076656,1.220624,0.70788
0.3642,-0.086738,-0.001476,1.160945,0.753897
0.3642,0.075773,0.079719,1.112493,0.826529
0.150068,0.075773,0.076712,1.053301,0.904693
-0.278197,0.360163,0.395476,0.9925,1.005042
-0.706461,0.482042,0.714241,0.949895,1.092552
-0.278197,0.563306,0.476671,0.8885,1.19418
-0.492329,0.563306,0.554859,0.82932,1.296999
-0.492329,0.603938,0.636053,0.786226,1.394539
-0.278197,0.482042,0.395476,0.746465,1.478135
-1.134725,0.888327,0.870616,0.714089,1.553069
-0.920593,0.847695,0.792428,0.702265,1.662329
-1.134725,0.482042,0.545837,0.701784,1.742586
-1.56299,1.050838,0.702212,0.701784,1.816336
-1.348857,0.603938,0.54283,0.70298,1.875245
-1.777122,0.725817,0.61801,0.714419,1.898712
-1.56299,0.685185,0.621017,0.739297,1.899
-1.777122,0.482042,0.455621,0.784429,1.899
-1.991254,0.197652,0.127834,0.841248,1.8954
-1.56299,0.15702,0.215043,0.919967,1.848362
-1.777122,0.075773,0.049647,0.9906,1.7902
-1.56299,-0.046123,-0.028541,1.072266,1.707488
-1.348857,-0.289881,-0.269118,1.146115,1.626646
-1.348857,-0.289881,-0.269118,1.227736,1.531002
-1.777122,-0.77743,-0.762301,1.29452,1.440642
-1.348857,-0.980556,-0.999871,1.354014,1.340707
-1.56299,-1.102452,-1.165267,1.409065,1.235925
-1.56299,-1.224331,-1.165267,1.453996,1.163258
-1.348857,-1.386842,-1.487039,1.514584,1.062845
-0.920593,-1.671249,-1.643414,1.571182,0.963401
-0.920593,-1.752496,-1.562219,1.64121,0.888748
-0.492329,-1.874374,-1.880984,1.713541,0.822761
-0.706461,-1.915006,-1.883991,1.774104,0.776931
-0.920593,-2.118149,-2.130583,1.842487,0.738283
-1.134725,-1.99627,-2.13359,1.91168,0.736679
-0.278197,-1.955638,-1.959172,1.994191,0.736679
1.220729,-1.630617,-1.613342,2.083047,0.736679
1.006597,-1.508721,-1.45396,2.138233,0.766054
1.434861,-1.183699,-1.204361,2.180056,0.810735
1.434861,-1.021188,-1.041972,2.21894,0.858558
1.220729,-0.899309,-0.882589,2.252127,0.937363
1.006597,-0.858677,-0.804402,2.2945,1.025625
1.220729,-0.77743,-0.7202,2.3522,1.1315
1.220729,-0.736798,-0.7202,2.365875,1.232256
1.006597,-0.696166,-0.723207,2.373256,1.321818
0.792464,-0.452391,-0.48263,2.380885,1.417856
0.792464,-0.411777,-0.401435,2.382,1.543218
0.3642,-0.249249,-0.326255,2.382,1.662088
0.578333,-0.168002,-0.160858,2.381125,1.782723
0.3642,-0.168002,-0.163865,2.353635,1.882134
0.3642,0.197652,0.160914,2.295097,1.979203
0.3642,0.238284,0.160914,2.250198,2.069991
0.150068,0.319531,0.157906,2.208736,2.127029
-0.064064,0.15702,0.154899,2.156183,2.181
-0.064064,-0.12737,-0.088685,2.09229,2.218181
-0.278197,-0.12737,-0.091692,2.06182,2.232551
0.150068,-0.411777,-0.410457,1.983551,2.252162
0.150068,-0.574288,-0.410457,1.875293,2.273626
0.150068,-0.452391,-0.491652,1.762585,2.285323
-0.278197,-0.655534,-0.578861,1.649501,2.291586
-0.492329,-0.289881,-0.257089,1.540216,2.293131
-0.492329,-0.655534,-0.663063,1.440979,2.293131
-0.278197,-0.614902,-0.578861,1.320045,2.29039
-0.492329,-0.736798,-0.825452,1.236,2.26477
-0.278197,-0.939941,-0.90364,1.192818,2.209529
-0.706461,-0.574288,-0.66607,1.158502,2.150164
-0.278197,-0.736798,-0.74125,1.145,2.086757
-0.492329,-0.249249,-0.338284,1.145,1.981743
-0.278197,-0.411777,-0.335277,1.145,1.895706
0.150068,-0.168002,-0.166873,1.154376,1.796204
0.150068,0.238284,0.320296,1.176213,1.714562
0.3642,0.238284,0.242108,1.193857,1.648224
0.3642,0.278916,0.242108,1.227637,1.570844
0.3642,0.482042,0.485693,1.253498,1.53681
0.3642,0.482042,0.404498,1.300663,1.506249
0.578333,0.64457,0.651089,1.3595,1.484625
0.578333,0.685185,0.732284,1.426227,1.48
0.578333,1.050838,1.057063,1.489034,1.48
0.578333,1.132102,1.057063,1.533162,1.48
0.3642,1.37586,1.29764,1.595586,1.490163
0.578333,1.700899,1.706621,1.644323,1.512037
0.150068,1.741514,1.781802,1.690882,1.519417
0.3642,1.782146,1.784809,1.696,1.523278
0.3642,1.37586,1.378835,1.696,1.524983
0.3642,1.741514,1.784809,1.6946,1.529365
0.150068,1.700899,1.619412,1.670712,1.533561
-0.064064,1.822778,1.778794,1.62415,1.540835
-0.064064,1.782146,1.859989,1.55569,1.543
0.150068,1.86341,1.781802,1.4585,1.542321
-0.278197,1.782146,1.775787,1.351094,1.536778
-0.064064,1.416492,1.454015,1.272577,1.532875
-0.492329,1.457124,1.448001,1.180365,1.52371
-0.064064,1.294613,1.291626,1.090223,1.490662
-0.278197,1.294613,1.207424,1.013741,1.445761
-0.492329,1.132102,1.042027,0.939405,1.393798
-0.492329,1.132102,1.123222,0.888123,1.332174
-0.706461,1.050838,1.120215,0.853,1.2482
-0.920593,0.969591,0.873623,0.809324,1.161007
-0.706461,0.847695,0.87663,0.776733,1.077723
-1.134725,0.888327,0.789421,0.76007,1.004256
-1.348857,0.807081,0.786414,0.754617,0.955135
-1.134725,0.766449,0.708226,0.754367,0.87569
-1.134725,0.807081,0.789421,0.754367,0.807221
-1.348857,0.603938,0.54283,0.763504,0.738288
-1.56299,0.563306,0.539823,0.798097,0.692767
-1.56299,0.238284,0.296238,0.845595,0.670762
-1.56299,0.238284,0.215043,0.908514,0.654871
-1.56299,-0.005491,-0.028541,0.971938,0.639812
-1.348857,-0.208634,-0.269118,1.061521,0.632545
-1.777122,-0.249249,-0.275132,1.158345,0.630167
-1.56299,-0.77743,-0.840488,1.263541,0.629
-1.134725,-1.143067,-1.159253,1.379453,0.629
-0.920593,-1.102452,-1.156246,1.456266,0.628258
-1.348857,-1.589985,-1.568234,1.560219,0.623192
-0.920593,-1.630617,-1.643414,1.667375,0.621883
-1.134725,-1.711864,-1.727616,1.771536,0.621883
-0.706461,-1.671249,-1.640407,1.866601,0.622008
-0.278197,-1.793128,-1.877977,1.9338,0.631116
-0.492329,-1.711864,-1.799789,2.00287,0.674253
0.3642,-1.549353,-1.625371,2.052678,0.718934
0.150068,-1.102452,-0.735236,2.098982,0.774401
1.006597,-1.102452,-0.885597,2.148514,0.857619
1.434861,-1.06182,-1.123166,2.169286,0.944128
1.434861,-0.696166,-0.635998,2.184483,1.047402
1.220729,-0.614902,-0.55781,2.189496,1.158846
1.434861,-0.533656,-0.311219,2.190992,1.258896
1.220729,-0.330513,-0.314226,2.1955,1.379629
1.434861,-0.249249,-0.311219,2.193792,1.509095
1.434861,-0.208634,-0.230024,2.189746,1.621367
1.220729,-0.289881,-0.314226,2.184972,1.66925
1.220729,-0.046123,-0.070642,2.177085,1.767721
1.220729,-0.005491,0.010553,2.136997,1.885603
1.006597,-0.168002,-0.073649,2.079111,1.98958
1.220729,0.238284,0.335332,2.03059,2.055191
1.006597,0.400795,0.25113,1.96559,2.108474
0.792464,0.278916,0.329318,1.856801,2.157314
0.578333,0.64457,0.407505,1.720335,2.215895
1.006597,0.969591,1.063078,1.599098,2.266135
0.578333,1.050838,0.975868,1.514559,2.275286
0.3642,1.050838,1.054056,1.42149,2.275286
0.3642,1.09147,1.054056,1.315201,2.275263
0.3642,1.294613,1.378835,1.23542,2.27064
0.150068,1.457124,1.457023,1.139957,2.266984
-0.064064,1.457124,1.454015,1.056918,2.255586
-0.492329,1.619635,1.529196,0.995717,2.224954
-0.278197,1.457124,1.532203,0.944143,2.173362
-0.064064,1.294613,1.291626,0.88616,2.126089
-0.064064,1.132102,1.129236,0.862262,2.072849
-0.064064,1.132102,1.129236,0.845,2.031723
-0.278197,1.37586,1.207424,0.8332,1.9768
-0.278197,1.09147,0.96384,0.83,1.875051
-0.492329,0.969591,1.042027,0.829948,1.779703
-0.706461,0.888327,0.957825,0.829948,1.660398
-0.492329,0.888327,0.879638,0.829948,1.556464
-0.278197,0.807081,0.80145,0.83649,1.440214
-0.064064,0.888327,0.804457,0.843,1.335125
-0.278197,0.482042,0.557866,0.84425,1.310535
-0.064064,0.400795,0.317289,0.873872,1.196137
-0.064064,0.075773,0.073704,0.909536,1.088722
0.150068,-0.208634,-0.166873,0.961045,0.999514
0.150068,-0.168002,-0.166873,1.015331,0.930962
-0.278197,-0.330513,-0.416471,1.040296,0.889174
0.3642,-0.614902,-0.651034,1.078548,0.849467
0.578333,-0.858677,-0.891611,1.123166,0.80726
0.3642,-1.06182,-1.219397,1.190369,0.8008
0.3642,-1.386842,-1.300592,1.250847,0.8008
0.150068,-1.427474,-1.384794,1.311986,0.8008
0.578333,-2.118149,-2.109532,1.349611,0.80826
0.578333,-2.077517,-2.028338,1.369125,0.840875
-0.706461,-2.077517,-2.127576,1.401391,0.894663
-0.706461,-2.118149,-2.127576,1.419625,0.94175
-1.134725,-1.589985,-1.646421,1.438865,1.040449
-1.348857,-1.589985,-1.568234,1.446495,1.155315
-1.348857,-1.34621,-0.918676,1.463049,1.234034
-1.56299,-0.939941,-1.002878,1.4705,1.370707
-1.56299,-0.858677,-0.921683,1.475377,1.504284
-1.56299,-0.614902,-0.515709,1.485578,1.639796
-1.56299,-0.533656,-0.515709,1.512142,1.767833
-1.56299,-0.371145,-0.272125,1.534801,1.870201
-1.56299,-0.12737,-0.109736,1.575402,1.970222
-1.56299,0.035141,-0.028541,1.605273,2.079631
-1.777122,0.522674,0.536815,1.6373,2.1753
-1.134725,0.360163,0.383447,1.702835,2.238093
-1.134725,0.522674,0.464642,1.773452,2.273618
-0.920593,0.888327,0.873623,1.839661,2.275697
-0.706461,0.928959,0.957825,1.877224,2.275697
-0.492329,0.928959,0.879638,1.929043,2.274197
-0.706461,0.928959,0.957825,2.000046,2.233954
-0.278197,0.969591,1.045034,2.080955,2.140246
-0.278197,1.294613,1.369813,2.140856,2.035796
0.150068,1.37586,1.375828,2.178746,1.939578
-0.064064,1.37586,1.129236,2.210888,1.832624
0.578333,0.888327,0.894674,2.257296,1.713895
1.006597,1.010223,0.981883,2.274266,1.569008
0.578333,1.132102,1.057063,2.274266,1.431105
0.578333,0.64457,0.732284,2.274266,1.333
1.006597,0.766449,0.819493,2.263906,1.215284
1.220729,0.685185,0.741306,2.235651,1.123609
1.220729,0.522674,0.578916,2.187326,1.019035
1.220729,0.441427,0.416527,2.130208,0.933154
1.220729,0.278916,0.335332,2.060012,0.840259
1.434861,0.278916,0.338339,1.972612,0.771433
1.220729,0.278916,0.172943,1.891335,0.733094
1.434861,0.15702,0.17595,1.788021,0.689251
1.434861,-0.249249,-0.148829,1.698875,0.66875
1.434861,-0.086738,-0.067635,1.604499,0.6685
1.434861,-0.330513,-0.311219,1.516032,0.6685
1.220729,-0.452391,-0.314226,1.424922,0.67175
1.220729,-0.574288,-0.476616,1.344858,0.712865
1.006597,-0.533656,-0.560818,1.298595,0.752503
0.578333,-0.493023,-0.485637,1.221438,0.8354
0.578333,-0.533656,-0.566832,1.158181,0.916598
0.150068,-0.493023,-0.491652,1.116683,1.021409
0.3642,-0.330513,-0.40745,1.008097,1.124589
0.150068,-0.330513,-0.248067,0.938596,1.201652
0.150068,-0.086738,-0.248067,0.865885,1.312832
-0.278197,-0.046123,0.314282,0.797668,1.413045
-0.278197,0.075773,0.070697,0.763877,1.48804
-0.278197,0.197652,0.151892,0.735707,1.575203
-0.278197,0.116388,0.233087,0.72,1.665684
-0.492329,0.563306,0.636053,0.72,1.753541
-0.706461,0.807081,0.87663,0.72,1.846268
-1.134725,0.807081,0.789421,0.729502,1.9365
-1.134725,0.888327,0.870616,0.77159,2.011147
-1.348857,0.847695,0.867609,0.811957,2.055829
-1.56299,0.847695,0.864602,0.863029,2.083376
-1.134725,0.64457,0.627032,0.914026,2.0845
-1.134725,0.807081,0.708226,1.012607,2.0845
-1.348857,0.766449,0.786414,1.088462,2.079649
-1.348857,0.766449,0.705219,1.158632,2.033985
-1.348857,0.64457,0.54283,1.223156,1.96109
-1.56299,0.441427,0.458628,1.281,1.871625
-1.56299,0.400795,0.296238,1.325074,1.778972
-1.56299,0.15702,0.133849,1.368333,1.678968
-1.56299,-0.005491,-0.028541,1.392064,1.58245
-1.56299,-0.12737,-0.19093,1.4169,1.4872
-1.56299,-0.533656,-0.515709,1.4295,1.445875
-1.134725,-0.493023,-0.509695,1.470055,1.310662
-1.348857,-0.696166,-0.675092,1.523,1.159
-1.56299,-1.021188,-1.002878,1.583111,1.026155
-1.777122,-1.06182,-1.08708,1.643862,0.924033
-1.348857,-1.508721,-1.487039,1.712112,0.830816
-1.348857,-1.752496,-1.730623,1.768454,0.757713
-1.134725,-1.915006,-1.9712,1.83531,0.688685
-0.492329,-2.036902,-2.043374,1.912129,0.678932
0.150068,-1.793128,-1.790768,1.976637,0.678932
0.3642,-1.630617,-1.625371,2.027083,0.678932
1.220729,-1.630617,-1.613342,2.150102,0.707236
1.220729,-1.386842,-1.369758,2.295536,0.752731
1.220729,-1.264963,-1.288563,2.348191,0.831306
1.220729,-0.980556,-0.963784,2.391976,0.920412
1.434861,-0.939941,-0.879582,2.409777,1.010246
1.648994,-0.818045,-0.79538,2.409777,1.126953
1.434861,-0.493023,-0.554803,2.409777,1.22505
1.648994,-0.411777,-0.308212,2.399443,1.321279
1.648994,-0.249249,-0.227017,2.368556,1.42425
1.434861,-0.289881,-0.230024,2.363183,1.552211
1.434861,-0.168002,-0.067635,2.357496,1.676877
1.006597,-0.249249,-0.236038,2.352,1.774623
1.006597,0.116388,0.25113,2.351514,1.861797
1.006597,0.15702,0.169935,2.316127,1.954183
1.006597,0.319531,0.332325,2.253446,2.035891
0.578333,0.725817,0.651089,2.182547,2.114965
0.792464,0.64457,0.654097,2.100617,2.177917
0.3642,0.888327,0.891666,1.996023,2.237583
0.578333,0.725817,0.732284,1.885784,2.281369
0.3642,1.050838,1.054056,1.766658,2.322995
0.3642,1.132102,1.135251,1.653248,2.354946
0.150068,1.538388,1.538217,1.559724,2.367956
0.150068,1.619635,1.538217,1.459094,2.372819
0.3642,1.700899,1.703614,1.353372,2.372819
0.150068,1.619635,1.700607,1.250229,2.372819
0.578333,1.700899,1.706621,1.156351,2.362858
0.150068,1.457124,1.457023,1.097554,2.33437
-0.064064,1.416492,1.372821,1.037157,2.283933
-0.064064,1.37586,1.291626,0.999967,2.23146
-0.064064,1.335245,1.372821,0.968809,2.159079
0.150068,1.172734,1.294633,0.938124,2.077112
-0.920593,1.050838,1.036013,0.924916,1.978753
-0.492329,0.807081,0.879638,0.920199,1.864366
-0.706461,0.847695,0.87663,0.915118,1.764149
-1.134725,0.603938,0.627032,0.905526,1.638639
-1.348857,0.766449,0.705219,0.893125,1.55575
-1.777122,0.563306,0.7804,0.874552,1.424324
-1.348857,0.64457,0.54283,0.858607,1.307123
-1.348857,0.482042,0.38044,0.8495,1.173862
-1.348857,0.400795,0.461635,0.849,1.038664
-1.56299,0.278916,0.215043,0.849,0.943838
-1.56299,0.15702,0.133849,0.853615,0.85231
-1.56299,0.075773,0.133849,0.879166,0.781552
-1.348857,0.035141,-0.025534,0.924125,0.72275
-1.348857,-0.411777,-0.431507,0.994627,0.67559
-1.56299,-0.452391,-0.515709,1.085135,0.643445
-1.348857,-0.736798,-0.756286,1.183556,0.63903
-1.134725,-0.736798,-0.834474,1.294152,0.63903
-1.134725,-1.549353,-1.565227,1.40185,0.639089
-1.134725,-1.671249,-1.9712,1.515465,0.64114
-1.348857,-1.793128,-1.893013,1.613426,0.644174
-1.134725,-1.874374,-1.890006,1.742575,0.652612
-1.134725,-2.118149,-2.214785,1.850577,0.667224
-1.134725,-1.671249,-1.808811,1.941847,0.687139
-1.134725,-1.83376,-1.808811,2.023375,0.710417
-0.920593,-1.752496,-1.805804,2.087267,0.737187
-1.348857,-1.589985,-1.32465,2.139783,0.766698
-0.492329,-1.06182,-1.150231,2.1925,0.82575
-0.278197,-0.899309,-0.984835,2.218633,0.901563
-0.706461,-0.858677,-0.909654,2.229952,0.995154
-0.278197,-0.980556,-0.90364,2.242876,1.093273
-0.706461,-0.12737,-0.097707,2.267395,1.186434
-0.706461,-0.046123,-0.097707,2.284885,1.296208
-0.278197,0.15702,0.233087,2.2895,1.413129
-0.278197,0.441427,0.395476,2.304125,1.52188
-0.278197,0.725817,0.639061,2.313342,1.630953
-0.278197,0.64457,0.639061,2.331525,1.739206
-0.064064,1.010223,1.048042,2.352063,1.833847
-0.492329,0.888327,1.123222,2.364255,1.909519
-0.064064,1.050838,1.129236,2.365,1.980566
-0.064064,0.969591,1.048042,2.365,2.012766
0.3642,1.37586,1.378835,2.361828,2.012766
-0.064064,1.132102,1.048042,2.334249,2.012766
0.150068,1.132102,1.051049,2.28916,2.002401
0.3642,1.050838,1.135251,2.219012,1.942133
0.578333,1.09147,1.138258,2.167976,1.885791
0.150068,0.969591,1.051049,2.111125,1.8
0.792464,0.766449,0.816486,2.050189,1.709517
0.792464,0.64457,0.654097,2.002272,1.628477
1.006597,0.725817,0.819493,1.929792,1.524649
1.006597,0.482042,0.494714,1.852503,1.425037
1.220729,0.522674,0.497722,1.776464,1.315068
1.220729,0.441427,0.497722,1.703951,1.20277
1.220729,0.441427,0.416527,1.628759,1.103048
1.220729,0.360163,0.335332,1.545009,1.028736
1.434861,-0.330513,0.094755,1.458539,0.954876
1.863126,-0.005491,-0.06162,1.383221,0.904452
1.648994,-0.249249,-0.227017,1.315226,0.881041
1.648994,-0.289881,-0.227017,1.252057,0.881041
1.863126,-0.533656,-0.548789,1.202414,0.881041
1.648994,-0.858677,-0.79538,1.133906,0.891847
1.648994,-0.818045,-0.79538,1.060678,0.948001
1.434861,-1.143067,-1.123166,0.994302,1.030575
1.434861,-1.264963,-1.204361,0.938352,1.115263
1.434861,-1.508721,-1.447945,0.891606,1.192436
1.220729,-1.508721,-1.450953,0.839693,1.286168
0.578333,-1.874374,-1.865948,0.801082,1.381073
0.3642,-1.915006,-1.868955,0.789738,1.482397
0.150068,-1.508721,-1.709573,0.781585,1.585312
-0.492329,-1.305595,-1.231426,0.7805,1.675592
-0.492329,-0.899309,-0.663063,0.782437,1.767762
-0.706461,-0.736798,-0.909654,0.788,1.855458
-0.492329,-0.655534,-0.663063,0.790685,1.950854
-0.492329,-0.614902,-0.581868,0.85741,2.035052
-0.920593,-0.249249,-0.344298,0.916947,2.12521
-0.920593,-0.086738,-0.100714,0.939608,2.206644
-0.920593,-0.086738,-0.019519,0.976437,2.253771
-1.134725,0.360163,0.302253,1.093833,2.294975
-1.134725,0.278916,0.302253,1.187782,2.323957
-1.134725,0.563306,0.221058,1.28426,2.344661
-0.920593,0.197652,0.14287,1.368122,2.344661
-1.134725,0.075773,0.058668,1.432526,2.344661
-1.134725,0.319531,0.383447,1.515981,2.329442
-1.56299,0.278916,0.296238,1.611123,2.282492
-1.348857,0.482042,0.461635,1.657432,2.2319
-1.56299,0.197652,0.215043,1.712777,2.164844
-1.348857,0.116388,0.055661,1.749573,2.092042
-1.56299,-0.12737,-0.109736,1.7806,1.998564
-1.56299,-0.086738,-0.109736,1.826542,1.877371
-1.348857,-0.249249,-0.269118,1.85258,1.760113
-1.777122,-0.696166,-0.518717,1.878247,1.637889
-1.56299,-0.858677,-0.921683,1.888083,1.5152
-1.56299,-0.899309,-0.921683,1.897652,1.36424
-1.56299,-0.77743,-0.840488,1.912255,1.261467
-1.348857,-0.77743,-0.837481,1.946288,1.149858
-1.134725,-0.736798,-0.753279,1.972905,1.06105
-0.706461,-0.533656,-0.50368,1.99318,0.982874
-0.492329,-0.289881,-0.338284,2.024545,0.915713
-0.706461,-0.208634,-0.422486,2.093078,0.901863
0.3642,0.197652,0.242108,2.193331,0.901863
0.150068,0.238284,0.239101,2.279487,0.901863
0.3642,0.197652,0.242108,2.36471,0.918384
0.792464,0.441427,0.329318,2.394311,0.969672
0.578333,0.64457,0.651089,2.407035,1.047218
0.792464,0.603938,0.654097,2.4085,1.160173
0.3642,0.563306,0.566887,2.4085,1.257154
0.792464,0.807081,0.816486,2.407317,1.358029
1.006597,0.766449,0.738299,2.393125,1.434302
1.220729,0.685185,0.660111,2.3168,1.4881
1.220729,0.522674,0.660111,2.274499,1.52247
1.220729,0.522674,0.497722,2.235294,1.527
1.220729,0.441427,0.416527,2.152767,1.528115
1.220729,0.360163,0.416527,2.064864,1.529179
1.434861,0.482042,0.419534,1.960909,1.530255
1.648994,0.360163,0.341346,1.849972,1.528537
1.434861,0.319531,0.338339,1.755389,1.527021
1.434861,0.238284,0.257144,1.644002,1.526114
1.648994,0.116388,0.097762,1.514927,1.52509
1.648994,-0.168002,-0.145822,1.41837,1.515055
1.434861,-0.371145,-0.311219,1.32836,1.50684
1.434861,-0.289881,-0.230024,1.2505,1.490557
1.648994,-0.696166,-0.632991,1.150332,1.484114
1.434861,-0.736798,-0.717193,1.043891,1.484114
1.648994,-0.939941,-0.95777,0.951072,1.484114
1.648994,-1.021188,-0.95777,0.88058,1.494066
1.434861,-1.34621,-1.204361,0.817645,1.523176
1.220729,-1.427474,-1.369758,0.763387,1.563899
1.006597,-1.549353,-1.535155,0.717087,1.611272
0.578333,-1.752496,-1.703558,0.683933,1.685366
0.578333,-1.874374,-1.865948,0.667099,1.769598
0.578333,-1.955638,-1.947143,0.6645,1.859711
0.150068,-1.99627,-2.034352,0.6645,1.937258
0.3642,-2.118149,-2.112539,0.6645,2.001557
-0.920593,-1.752496,-1.643414,0.669748,2.05991
-1.134725,-1.386842,-1.402837,0.690311,2.115469
-1.134725,-1.34621,-1.402837,0.728346,2.157034
-1.134725,-1.427474,-1.484032,0.753574,2.181198
-1.348857,-0.899309,-0.918676,0.808383,2.220931
-1.348857,-0.818045,-0.756286,0.879006,2.247725
-1.348857,-0.77743,-0.756286,0.966337,2.274262
-1.56299,-0.330513,-0.35332,1.057205,2.302977
-1.56299,-0.208634,-0.272125,1.15732,2.327207
-1.56299,-0.289881,-0.272125,1.258592,2.350557
-1.56299,-0.046123,-0.109736,1.370101,2.363244
-1.777122,0.360163,0.293231,1.482454,2.363244
-1.348857,0.400795,0.299245,1.586492,2.363244
-1.134725,0.197652,0.221058,1.687266,2.359653
-1.56299,0.441427,0.702212,1.781193,2.330708
-1.348857,0.563306,0.624024,1.868038,2.296923
-1.134725,0.928959,0.708226,1.958454,2.242864
-1.134725,0.888327,0.870616,2.035818,2.180785
-1.348857,0.847695,0.867609,2.102204,2.105866
-1.777122,1.253981,1.186373,2.164733,2.007761
-1.348857,1.497756,1.517167,2.221167,1.905408
-1.134725,1.09147,1.1142,2.266428,1.802157
-0.706461,1.09147,1.120215,2.2952,1.7043
-0.278197,1.132102,1.045034,2.338888,1.605698
-0.278197,1.294613,1.288619,2.346484,1.503187
-0.492329,1.253981,1.285611,2.346484,1.459389
-0.706461,1.579003,1.932162,2.346484,1.394998
-0.492329,1.132102,1.204417,2.337528,1.289105
-0.492329,1.132102,1.042027,2.305811,1.20583
-0.278197,0.928959,0.96384,2.269927,1.124971
-0.492329,0.888327,0.879638,2.236409,1.038516
-0.064064,0.725817,0.723263,2.178694,0.949757
-0.064064,0.522674,0.560873,2.105286,0.870252
-0.064064,0.319531,0.398483,2.052087,0.811126
-0.064064,0.238284,0.317289,1.987229,0.752295
0.150068,0.035141,-0.004483,1.919808,0.702811
0.150068,-0.086738,-0.004483,1.844657,0.660707
-0.278197,-0.330513,-0.335277,1.780536,0.626708
-0.278197,-0.493023,-0.497666,1.72225,0.6175
-0.278197,-0.818045,-0.822445,1.635447,0.6175
0.150068,-0.899309,-0.897625,1.550925,0.6175
0.150068,-0.899309,-0.816431,1.470779,0.62441
0.150068,-0.980556,-0.897625,1.423354,0.644328
-0.064064,-1.468106,-1.387801,1.397487,0.663254
0.3642,-1.549353,-1.462981,1.369354,0.699808
0.792464,-1.468106,-1.538162,1.354923,0.751514
0.792464,-1.671249,-1.619357,1.354923,0.794733
1.006597,-1.427474,-1.45396,1.354923,0.803
0.792464,-1.589985,-1.538162,1.361443,0.821196
1.220729,-1.468106,-1.450953,1.424327,0.938101
1.220729,-1.264963,-1.207368,1.507302,1.046138
1.220729,-1.021188,-1.044979,1.594946,1.157618
1.434861,-0.899309,-0.960777,1.67359,1.296306
1.434861,-0.696166,-0.717193,1.701021,1.416745
1.434861,-0.493023,-0.635998,1.734584,1.542395
1.006597,-0.371145,-0.479623,1.751836,1.643637
1.434861,-0.411777,-0.311219,1.751836,1.75045
1.220729,-0.168002,-0.151837,1.751836,1.865568
1.006597,-0.289881,-0.236038,1.740349,1.975715
0.792464,0.15702,0.166928,1.700859,2.073186
1.220729,0.482042,0.497722,1.6892,2.135097
1.006597,0.278916,0.332325,1.676604,2.156796
1.006597,0.482042,0.494714,1.664414,2.175174
1.006597,0.969591,0.981883,1.658419,2.19539
0.578333,0.847695,0.894674,1.645625,2.208
0.792464,1.253981,1.22246,1.619207,2.208761
0.578333,1.132102,1.057063,1.568901,2.210043
0.3642,1.294613,1.29764,1.485622,2.209793
0.3642,1.416492,1.622419,1.403891,2.199673
0.150068,1.619635,1.619412,1.314941,2.176119
0.150068,1.457124,1.375828,1.198178,2.157809
-0.064064,1.579003,1.53521,1.04849,2.100943
0.3642,1.294613,1.216445,0.927179,2.006941
0.3642,1.213349,1.216445,0.839873,1.885031
-0.064064,1.457124,1.372821,0.807143,1.768106
-0.278197,1.457124,1.369813,0.78,1.6487
-0.492329,1.37586,1.448001,0.763,1.522125
-0.492329,1.294613,1.285611,0.762,1.416057
-0.706461,1.09147,1.120215,0.762,1.275256
-0.920593,1.09147,1.036013,0.762098,1.156175
-0.920593,0.766449,0.792428,0.774344,1.03619
-1.134725,0.888327,0.870616,0.798363,0.949726
-1.134725,0.807081,0.789421,0.832416,0.887886
-1.56299,0.807081,0.702212,0.877329,0.829866
-1.348857,0.725817,0.705219,0.933671,0.775873
-1.134725,0.522674,0.464642,1.002079,0.737461
-1.56299,0.278916,0.296238,1.074457,0.711173
-1.56299,0.238284,0.215043,1.154056,0.684269
-1.56299,0.075773,0.133849,1.240981,0.652408
-1.56299,-0.086738,-0.19093,1.318911,0.627875
-1.56299,-0.249249,-0.272125,1.401494,0.612195
-1.134725,-0.371145,-0.4285,1.497388,0.586901
-1.348857,-0.818045,-0.837481,1.583012,0.581
-1.56299,-0.980556,-0.921683,1.691488,0.581
-1.348857,-0.899309,-0.999871,1.798326,0.581
-1.134725,-1.305595,-0.834474,1.9039,0.6026
-1.134725,-1.508721,-1.484032,2.001,0.636125
-1.134725,-1.711864,-1.565227,2.077303,0.665772
-1.56299,-1.711864,-1.733631,2.1426,0.714565
-1.991254,-1.752496,-1.739645,2.189332,0.76968
-0.492329,-1.793128,-1.880984,2.250781,0.863993
-0.492329,-1.83376,-1.799789,2.29504,0.95221
-0.064064,-2.036902,-1.956164,2.3219,1.0512
0.3642,-1.955638,-2.031345,2.3432,1.144226
0.3642,-1.955638,-1.868955,2.347586,1.246476
0.150068,-1.752496,-1.709573,2.350973,1.365886
-0.064064,-1.711864,-1.71258,2.351091,1.476144
-0.064064,-1.793128,-1.793775,2.350085,1.570347
-0.492329,-1.468106,-1.47501,2.347872,1.646214
-0.278197,-1.549353,-1.553198,2.331847,1.77171
-0.492329,-1.589985,-1.556205,2.30325,1.8795
-0.920593,-1.143067,-1.23744,2.259291,1.976793
-0.492329,-1.143067,-1.150231,2.2317,2.051212
-0.706461,-1.183699,-1.234433,2.206625,2.106875
-0.920593,-0.818045,-0.831467,2.152522,2.174451
-0.706461,-0.614902,-0.909654,2.07182,2.238077
-1.134725,-0.493023,-0.509695,1.9965,2.277562
-0.920593,-0.411777,-0.506688,1.933829,2.2905
-1.348857,-0.086738,-0.187923,1.890687,2.2905
-0.920593,0.15702,0.061676,1.856748,2.2905
-0.920593,0.238284,0.224065,1.844921,2.280068
-0.706461,0.238284,0.227072,1.844921,2.229703
-1.134725,0.319531,0.383447,1.844921,2.14792
-0.920593,0.522674,0.711234,1.85023,2.03455
-0.706461,0.563306,0.551851,1.86895,1.92145
-1.134725,0.969591,0.870616,1.889309,1.807378
-0.706461,1.335245,1.201409,1.901207,1.698073
-0.492329,1.172734,0.960832,1.919209,1.571714
-0.278197,1.294613,1.207424,1.925,1.489238
-0.278197,1.416492,1.369813,1.925,1.381961
-0.492329,1.497756,1.448001,1.925,1.264465
-0.278197,1.741514,1.775787,1.917732,1.17585
-0.064064,1.86341,1.778794,1.88429,1.082537
-0.064064,1.619635,1.616405,1.860998,1.010754
0.150068,1.538388,1.538217,1.806461,0.931344
0.578333,1.457124,1.544232,1.733506,0.852403
0.578333,1.294613,1.381842,1.660024,0.803862
0.578333,1.132102,1.219453,1.564445,0.755576
0.578333,1.335245,1.300647,1.498363,0.715305
0.792464,1.132102,1.06007,1.40314,0.684043
0.792464,1.010223,1.06007,1.313058,0.667892
1.006597,0.888327,0.819493,1.218871,0.667892
0.792464,0.766449,0.816486,1.137488,0.667892
1.220729,0.888327,0.903695,1.073603,0.675476
1.006597,0.603938,0.575909,1.030145,0.718063
1.006597,0.441427,0.494714,0.96725,0.767375
1.434861,0.482042,0.500729,0.908758,0.832877
1.648994,0.522674,0.584931,0.85708,0.921485
1.648994,0.441427,0.503736,0.820278,1.032356
1.434861,0.319531,0.338339,0.783074,1.147253
1.648994,0.238284,0.260152,0.756282,1.261415
1.434861,0.035141,0.01356,0.714773,1.365862
1.434861,0.035141,0.094755,0.683751,1.471919
1.648994,-0.493023,-0.389406,0.659083,1.599467
1.434861,-0.493023,-0.473608,0.648051,1.706769
1.220729,-0.655534,-0.639005,0.647426,1.805032
1.220729,-0.818045,-0.7202,0.647426,1.881133
1.220729,-0.980556,-0.963784,0.647944,1.94138
0.792464,-1.021188,-1.050993,0.665327,1.982391
0.792464,-1.183699,-1.213383,0.706481,2.014739
0.578333,-1.183699,-1.21639,0.752492,2.0354
0.3642,-1.102452,-1.057008,0.8272,2.0554
0.3642,-0.818045,-0.732229,0.912668,2.063177
0.150068,-0.614902,-0.654041,1.012419,2.072437
-0.064064,-0.493023,-0.575854,1.098079,2.0805
0.150068,-0.086738,-0.085678,1.196822,2.0805
-0.278197,-0.086738,-0.010497,1.272192,2.0805
0.150068,-0.005491,-0.004483,1.324968,2.078083
-0.278197,0.360163,0.314282,1.368725,2.040121
-0.278197,0.807081,0.720255,1.393385,1.988292
0.150068,0.766449,0.807464,1.403663,1.928693
-0.492329,0.888327,0.798443,1.406,1.844188
-0.278197,0.969591,0.80145,1.406,1.753246
-0.920593,0.725817,0.792428,1.406,1.639961
-1.134725,0.928959,0.870616,1.396955,1.503515
-0.920593,0.766449,0.792428,1.392909,1.39626
-0.920593,1.050838,0.954818,1.392909,1.295116
-1.134725,1.010223,0.951811,1.392909,1.185412
-1.134725,0.807081,0.870616,1.407217,1.046064
-1.134725,0.725817,0.708226,1.440564,0.937155
-1.348857,0.563306,0.624024,1.486574,0.833003
-1.348857,0.603938,0.54283,1.527058,0.755211
-1.348857,0.400795,0.38044,1.604605,0.682719
-1.56299,0.15702,0.133849,1.7022,0.621694
-1.56299,0.035141,-0.028541,1.779829,0.597492
-1.56299,-0.046123,-0.109736,1.863499,0.596242
-1.134725,-0.411777,-0.4285,1.939571,0.596242
-1.348857,-0.493023,-0.512702,2.011112,0.598705
-1.56299,-0.899309,-1.002878,2.07575,0.628108
-1.56299,-1.264963,-1.571241,2.135456,0.696222
-1.348857,-1.630617,-1.649429,2.1801,0.7826
-1.348857,-1.711864,-1.811818,2.215437,0.908125
-0.920593,-1.83376,-1.805804,2.250249,1.01282
-0.064064,-2.28066,-2.199749,2.29189,1.134858
0.150068,-1.874374,-1.871962,2.313076,1.25483
0.3642,-1.955638,-1.95015,2.320798,1.401744
0.3642,-1.630617,-1.625371,2.321787,1.547364
0.3642,-1.589985,-1.706566,2.321787,1.662432
0.792464,-1.468106,-1.456967,2.321431,1.77625
0.792464,-1.143067,-1.132188,2.306774,1.880396
0.792464,-1.06182,-1.050993,2.273783,1.968008
1.434861,-1.021188,-0.960777,2.224358,2.056023
1.434861,-0.696166,-0.635998,2.164117,2.134832
1.220729,-0.533656,-0.55781,2.116624,2.183602
1.434861,-0.289881,-0.230024,2.049078,2.220671
1.648994,0.075773,-0.227017,1.982632,2.247174
1.434861,0.238284,0.257144,1.910149,2.27001
1.434861,-0.005491,0.01356,1.829083,2.27779
1.434861,0.075773,0.01356,1.744229,2.278
1.434861,0.116388,0.094755,1.700964,2.278
1.434861,0.319531,0.338339,1.622889,2.276747
1.006597,0.441427,0.494714,1.527391,2.247781
1.220729,0.238284,0.335332,1.416751,2.21669
0.792464,0.64457,0.572902,1.287786,2.211045
1.006597,0.64457,0.738299,1.19251,2.205341
0.792464,0.766449,0.816486,1.089617,2.188875
0.578333,1.213349,1.138258,0.970021,2.154188
0.792464,1.010223,0.978876,0.871679,2.114
0.578333,1.294613,1.381842,0.825131,2.085767
0.3642,1.294613,1.378835,0.80279,2.051837
0.3642,1.37586,1.29764,0.788012,1.98127
0.150068,1.538388,1.538217,0.787,1.886904
-0.064064,1.538388,1.6976,0.787,1.771859
-0.064064,1.457124,1.53521,0.787,1.681826
0.150068,1.619635,1.619412,0.789654,1.606302
-0.064064,1.37586,1.454015,0.795625,1.484625
0.150068,1.37586,1.375828,0.796421,1.364626
-0.278197,1.37586,1.369813,0.798175,1.245643
-0.278197,1.294613,1.288619,0.803674,1.148159
0.150068,1.132102,1.132243,0.834564,1.031324
-0.278197,0.969591,1.045034,0.880138,0.937673
-0.064064,0.888327,0.885652,0.903127,0.886692
-0.278197,0.888327,0.80145,0.927362,0.849726
-0.492329,0.64457,0.636053,0.955993,0.820239
-0.492329,0.482042,0.473664,1.003914,0.805212
-0.492329,0.522674,0.311274,1.072547,0.805212
0.150068,0.238284,0.239101,1.154243,0.805212
0.3642,-0.208634,-0.24506,1.219698,0.812739
0.578333,-0.289881,-0.323248,1.275789,0.845807
0.578333,-0.493023,-0.566832,1.301805,0.878266
0.3642,-0.574288,-0.651034,1.335492,0.936233
0.578333,-0.818045,-0.810416,1.351612,0.971077
1.006597,-0.939941,-0.885597,1.371543,1.057489
0.578333,-0.980556,-1.21639,1.376,1.161231
0.792464,-1.224331,-1.132188,1.376,1.250967
1.006597,-1.427474,-1.45396,1.378815,1.3985
1.006597,-1.589985,-1.697544,1.385903,1.560647
0.792464,-2.118149,-2.106525,1.387336,1.724571
0.3642,-2.077517,-2.112539,1.392249,1.864934
0.3642,-1.83376,-2.112539,1.415236,1.972222
-0.920593,-1.671249,-1.562219,1.441534,2.069824
-1.134725,-1.549353,-1.484032,1.484281,2.15786
-1.348857,-1.34621,-1.405844,1.53991,2.219709
-1.56299,-1.264963,-1.327657,1.62403,2.263618
-1.777122,-1.183699,-1.249469,1.71163,2.272438
-1.348857,-0.77743,-0.837481,1.783171,2.272438
-1.348857,-0.736798,-0.756286,1.826,2.272438
-1.56299,-0.696166,-0.678099,1.887248,2.268434
-1.348857,-0.371145,-0.431507,2.008102,2.233515
-1.348857,-0.086738,-0.187923,2.092761,2.177098
-1.348857,-0.12737,-0.106728,2.172062,2.09743
-1.56299,0.278916,0.377433,2.241863,1.997595
-1.56299,0.238284,0.215043,2.282835,1.907738
-1.777122,0.482042,0.374426,2.329817,1.794227
-1.348857,0.685185,0.705219,2.36419,1.657002
-1.348857,0.685185,0.705219,2.366262,1.547905
-0.920593,0.807081,0.792428,2.366262,1.429201
-0.920593,0.847695,0.873623,2.365506,1.325126
-1.348857,1.010223,0.867609,2.360112,1.220597
-1.134725,0.888327,0.870616,2.34999,1.124615
-0.920593,0.766449,0.711234,2.333586,1.03412
-1.134725,0.685185,0.708226,2.304682,0.94348
-0.706461,0.766449,0.795436,2.269182,0.874047
-0.492329,0.360163,0.392469,2.223064,0.803465
-0.706461,0.441427,0.389462,2.1728,0.755541
-0.706461,0.441427,0.389462,2.104971,0.717629
-0.492329,0.238284,0.23008,2.050746,0.712661
-0.492329,0.319531,0.23008,1.994137,0.712661
-0.492329,0.15702,0.148885,1.935625,0.715661
-0.064064,-0.12737,-0.088685,1.880858,0.736192
-0.278197,-0.533656,-0.497666,1.815075,0.79904
-0.064064,-0.330513,-0.413464,1.755018,0.890607
-0.064064,-0.574288,-0.494659,1.714249,0.977915
1.006597,-0.493023,-0.560818,1.670699,1.073605
1.220729,-0.533656,-0.55781,1.632724,1.174341
1.220729,-0.736798,-0.7202,1.597031,1.278367
1.434861,-0.533656,-0.554803,1.5521,1.404875
1.434861,-0.533656,-0.554803,1.508165,1.533129
1.648994,-0.249249,-0.227017,1.465063,1.649112
1.434861,-0.12737,0.094755,1.430375,1.72925
1.648994,0.278916,0.341346,1.368841,1.841556
1.648994,0.15702,0.178957,1.290076,1.957623
1.648994,0.116388,0.178957,1.201813,2.059431
1.648994,0.116388,0.178957,1.112589,2.138491
1.648994,0.116388,0.178957,1.026847,2.196425
1.648994,0.522674,0.584931,0.938695,2.244072
1.648994,0.15702,0.178957,0.869557,2.260917
1.863126,0.319531,0.263159,0.775226,2.260917
1.434861,0.15702,0.094755,0.695908,2.260917
1.220729,0.116388,0.091748,0.637501,2.255553
1.220729,0.278916,0.254137,0.601199,2.235945
1.006597,0.64457,0.657104,0.58796,2.211455
1.220729,0.563306,0.578916,0.58796,2.171998
1.006597,0.725817,0.819493,0.58796,2.110875
1.220729,1.172734,1.228474,0.59051,2.020032
1.006597,0.969591,1.063078,0.602125,1.936375
0.792464,1.172734,1.22246,0.611903,1.851069
0.578333,1.457124,1.463037,0.619747,1.741475
0.3642,1.457124,1.541224,0.623521,1.638877
0.150068,1.660267,1.619412,0.626249,1.523536
0.3642,1.700899,1.703614,0.628133,1.414375
0.150068,1.619635,1.619412,0.631386,1.305571
0.3642,1.37586,1.378835,0.639841,1.186852
0.3642,1.538388,1.541224,0.653769,1.09925
0.3642,1.619635,1.622419,0.680845,1.022646
0.150068,1.457124,1.457023,0.719774,0.931854
0.150068,1.538388,1.457023,0.774257,0.856877
-0.064064,1.497756,1.53521,0.838522,0.792896
0.150068,1.457124,1.375828,0.90019,0.741872
-0.920593,1.050838,1.036013,0.982403,0.670827
-0.920593,0.888327,0.954818,1.080193,0.628981
-1.348857,1.010223,0.867609,1.195663,0.595988
-1.777122,0.969591,0.861594,1.288571,0.573122
-1.348857,0.928959,0.948803,1.378877,0.548986
-1.348857,0.725817,0.624024,1.487048,0.527005
-1.348857,0.441427,0.461635,1.589746,0.524
-1.348857,0.563306,0.54283,1.69284,0.524
-0.920593,0.360163,0.386455,1.807547,0.524
-1.134725,0.197652,0.221058,1.885125,0.53325
-0.920593,-0.249249,-0.181909,1.958244,0.562183
-1.134725,-0.208634,-0.184916,2.025016,0.6078
-1.348857,-0.493023,-0.431507,2.072546,0.663729
-1.348857,-0.696166,-0.675092,2.128987,0.74089
-1.134725,-0.655534,-0.753279,2.179987,0.835013
-1.134725,-0.696166,-0.753279,2.212074,0.933491
-1.348857,-1.102452,-1.16226,2.225701,1.032067
-1.348857,-1.305595,-1.32465,2.248151,1.146358
-1.348857,-1.34621,-1.32465,2.265167,1.259173
-0.920593,-1.630617,-1.643414,2.274869,1.371255
-0.706461,-1.508721,-1.559212,2.274869,1.491464
-0.492329,-1.305595,-1.312621,2.274869,1.558243
-0.064064,-1.305595,-1.387801,2.27311,1.659724
-0.492329,-1.143067,-1.312621,2.253045,1.753866
0.3642,-1.224331,-1.300592,2.215679,1.858336
0.792464,-1.671249,-1.619357,2.168181,1.929094
0.792464,-1.34621,-1.132188,2.124893,1.984374
1.006597,-1.143067,-1.129181,2.0565,2.049813
1.220729,-1.021188,-1.044979,1.985295,2.090628
1.006597,-0.736798,-0.723207,1.871199,2.154036
1.434861,-0.980556,-0.879582,1.782921,2.184894
1.434861,-0.77743,-0.717193,1.707437,2.208346
1.434861,-0.614902,-0.635998,1.622473,2.221071
1.434861,-0.452391,-0.554803,1.533528,2.229032
1.434861,-0.330513,-0.311219,1.438369,2.244382
1.434861,-0.208634,-0.230024,1.354466,2.250656
1.006597,-0.289881,-0.398428,1.263716,2.249466
1.220729,-0.330513,-0.314226,1.170094,2.243373
0.792464,-0.371145,-0.32024,1.11375,2.243248
1.006597,-0.086738,-0.154844,1.074797,2.224669
1.006597,0.15702,0.169935,1.049112,2.201137
0.792464,0.15702,0.166928,1.030952,2.17221
0.792464,0.360163,0.410512,1.008778,2.123273
0.792464,0.522674,0.572902,0.999125,2.046676
0.578333,0.766449,0.975868,0.993658,1.94621
0.792464,0.847695,0.897681,0.984875,1.83775
0.578333,0.969591,0.975868,0.965283,1.714413
0.150068,1.294613,1.294633,0.940889,1.602736
0.578333,1.172734,1.544232,0.913252,1.488286
0.578333,1.538388,1.544232,0.895808,1.408505
0.150068,1.497756,1.457023,0.884818,1.348996
0.150068,1.782146,1.538217,0.871535,1.246562
0.3642,1.416492,1.46003,0.871066,1.133771
0.150068,1.172734,1.132243,0.871066,1.039031
-0.064064,1.579003,1.129236,0.873279,0.954066
0.150068,1.213349,1.213438,0.887238,0.888984
-0.278197,1.132102,1.207424,0.92062,0.822751
-0.706461,1.253981,1.201409,0.977045,0.7572
-0.278197,1.294613,1.288619,1.041125,0.713358
-0.278197,1.213349,1.207424,1.122836,0.680096
-0.278197,1.213349,1.207424,1.194625,0.665125
-0.492329,1.132102,1.123222,1.245594,0.6645
-0.278197,0.888327,0.80145,1.28833,0.6645
-0.278197,0.64457,0.639061,1.328307,0.6674
-0.492329,0.563306,0.636053,1.358627,0.708504
-0.278197,0.319531,0.314282,1.388242,0.779651
-0.064064,0.15702,0.236094,1.404865,0.857351
0.3642,0.035141,-0.001476,1.409142,0.951049
0.3642,-0.046123,-0.001476,1.408595,1.02358
0.3642,-0.005491,-0.001476,1.40823,1.048103
0.578333,-0.330513,-0.323248,1.408092,1.167767
0.578333,-0.614902,-0.566832,1.405429,1.299651
0.792464,-0.736798,-0.645019,1.401085,1.42677
0.792464,-0.655534,-0.726214,1.3924,1.5476
1.220729,-0.939941,-0.963784,1.3825,1.685104
1.648994,-0.939941,-0.95777,1.3825,1.826138
1.220729,-1.34621,-1.288563,1.3825,1.961534
1.220729,-1.549353,-1.450953,1.385776,2.054324
1.006597,-1.589985,-1.535155,1.417995,2.143567
0.578333,-1.589985,-1.622364,1.460369,2.20889
0.792464,-1.671249,-1.700551,1.513414,2.266537
0.578333,-2.077517,-2.109532,1.57558,2.304546
-1.134725,-1.99627,-2.052395,1.644749,2.3075
-1.134725,-1.874374,-1.890006,1.731017,2.3075
-1.134725,-1.671249,-1.646421,1.816162,2.3075
-1.348857,-1.671249,-1.649429,1.917886,2.277044
-1.134725,-1.630617,-1.646421,2.008135,2.225245
-1.348857,-1.305595,-1.243455,2.092684,2.163895
-1.348857,-1.143067,-1.16226,2.168831,2.096129
-1.348857,-1.021188,-1.081065,2.244225,2.010428
-1.348857,-0.736798,-0.756286,2.298345,1.924116
-1.56299,-0.452391,-0.515709,2.34946,1.813669
-1.56299,-0.493023,-0.434515,2.367898,1.72292
-1.56299,-0.168002,-0.19093,2.38075,1.611853
-1.56299,-0.12737,-0.19093,2.3815,1.524027
-1.56299,0.116388,0.052654,2.3815,1.405652
-1.777122,0.278916,0.212036,2.380344,1.29704
-1.56299,0.360163,0.296238,2.364033,1.187876
-1.56299,0.319531,0.296238,2.341871,1.109438
-1.348857,0.522674,0.461635,2.320845,1.003116
-0.920593,0.807081,0.873623,2.288197,0.905322
-0.920593,1.132102,1.279597,2.233058,0.809417
-1.348857,0.888327,0.867609,2.183229,0.734992
-1.134725,0.969591,0.951811,2.131027,0.689712
-0.920593,0.969591,0.873623,2.073615,0.669627
-0.920593,0.847695,0.792428,2.016172,0.669266
-0.706461,0.64457,0.633046,1.951979,0.669266
-0.492329,0.725817,0.636053,1.890857,0.674045
-0.064064,0.400795,0.398483,1.83921,0.709842
-0.278197,0.400795,0.314282,1.78358,0.757683
-0.706461,0.319531,0.308267,1.728034,0.821435
0.578333,-0.411777,-0.323248,1.680486,0.902892
1.006597,-0.371145,-0.398428,1.642367,0.991107
0.792464,-0.411777,-0.401435,1.607709,1.091411
1.006597,-0.452391,-0.479623,1.567667,1.213329
1.006597,-0.493023,-0.560818,1.521706,1.329737
1.434861,-0.614902,-0.635998,1.473957,1.436054
1.648994,-0.411777,-0.389406,1.414745,1.563166
1.434861,-0.411777,-0.392414,1.358531,1.670347
1.434861,-0.249249,-0.230024,1.292485,1.780631
1.434861,-0.005491,-0.067635,1.221125,1.888875
1.648994,-0.12737,-0.064627,1.137296,1.986088
1.648994,0.238284,0.341346,1.051443,2.065966
1.648994,0.197652,0.260152,0.98252,2.116437
1.434861,0.278916,0.419534,0.896928,2.171034
1.434861,0.278916,0.17595,0.827889,2.205958
1.434861,0.360163,0.419534,0.7539,2.210389
1.006597,0.360163,0.25113,0.692428,2.210389
1.006597,0.400795,0.332325,0.657326,2.210389
1.006597,0.725817,0.738299,0.633202,2.187916
0.792464,0.482042,1.06007,0.62891,2.135082
0.792464,0.847695,0.816486,0.62891,2.072628
0.792464,0.928959,0.897681,0.62891,1.988669
0.578333,1.172734,1.219453,0.63375,1.898881
0.578333,1.050838,1.057063,0.651658,1.782245
0.792464,1.132102,1.466044,0.672041,1.664089
0.3642,1.37586,1.46003,0.689797,1.542323
0.578333,1.457124,1.381842,0.717495,1.429362
0.150068,1.700899,1.781802,0.738617,1.319275
0.150068,1.619635,1.700607,0.764229,1.203317
-0.064064,1.538388,1.616405,0.804666,1.075317
-0.064064,1.37586,1.291626,0.834666,0.962133
-0.278197,1.416492,1.369813,0.88813,0.866523
-0.278197,1.253981,1.207424,0.948766,0.790866
-0.278197,1.294613,1.288619,1.027418,0.720068
-0.920593,1.213349,1.117207,1.085287,0.670269
-0.920593,1.050838,1.117207,1.174491,0.621237
-1.134725,1.050838,0.951811,1.279923,0.585949
-1.134725,0.563306,0.627032,1.388668,0.568015
-1.348857,0.64457,0.624024,1.484211,0.560504
-1.348857,0.563306,0.624024,1.582556,0.559672
-1.56299,0.64457,0.621017,1.680173,0.559672
-1.348857,0.64457,0.54283,1.795194,0.559672
-1.348857,0.563306,0.54283,1.908182,0.573344
-1.777122,0.441427,0.455621,2.01158,0.606879
-1.348857,0.360163,0.299245,2.094664,0.647256
-1.348857,0.319531,0.38044,2.160309,0.692538
-1.134725,0.319531,0.302253,2.192,0.737075
-1.348857,0.075773,0.055661,2.192,0.772735
-1.348857,-0.005491,-0.025534,2.192,0.829139
-1.134725,-0.046123,-0.022526,2.1824,0.883677
-0.706461,0.116388,0.064683,2.133875,0.943625
-0.706461,0.035141,0.064683,2.089434,0.990295
-0.492329,0.197652,0.311274,2.024056,1.036279
-0.278197,0.360163,0.314282,1.96622,1.063322
-0.492329,0.522674,0.473664,1.894235,1.10086
-0.278197,0.603938,0.557866,1.821722,1.123012
-0.278197,0.482042,0.476671,1.736783,1.142342
-0.064064,0.400795,0.479678,1.662648,1.1573
-0.064064,0.319531,0.398483,1.577115,1.166247
-0.064064,0.319531,0.317289,1.498159,1.177877
0.3642,0.400795,0.404498,1.419856,1.209277
0.150068,0.238284,0.320296,1.367781,1.250742
0.792464,-0.086738,0.004539,1.309545,1.307929
1.006597,-0.12737,-0.073649,1.241572,1.40224
1.006597,-0.289881,-0.236038,1.199472,1.467802
1.006597,-0.289881,-0.236038,1.190383,1.554407
1.434861,-0.411777,-0.392414,1.190383,1.655924
1.220729,-0.371145,-0.395421,1.190538,1.765244
1.220729,-0.655534,-0.639005,1.191845,1.855742
1.220729,-0.818045,-0.801395,1.199526,1.967995
1.220729,-0.818045,-0.7202,1.221874,2.058007
1.220729,-0.939941,-0.882589,1.251797,2.139663
1.434861,-1.264963,-1.285556,1.294436,2.210177
1.434861,-1.589985,-1.610335,1.336065,2.258113
1.434861,-1.630617,-1.610335,1.366847,2.312792
1.220729,-1.589985,-1.613342,1.388125,2.352671
0.792464,-1.99627,-1.944136,1.460285,2.357
0.3642,-2.077517,-2.031345,1.547634,2.357
-0.920593,-1.99627,-1.968193,1.620412,2.357
-1.348857,-1.83376,-1.811818,1.702602,2.345386
-1.348857,-1.793128,-1.811818,1.785774,2.322135
-1.134725,-1.468106,-1.484032,1.883103,2.28501
-0.706461,-1.386842,-1.396823,1.982875,2.235375
-1.134725,-0.736798,-0.753279,2.10375,2.17525
-1.134725,-0.77743,-0.834474,2.143402,2.130148
-1.56299,-0.655534,-0.678099,2.188014,2.056793
-1.777122,-0.452391,-0.518717,2.229632,1.979936
-1.777122,-0.12737,-0.112743,2.267383,1.898185
-1.56299,0.035141,-0.028541,2.300077,1.795724
-1.348857,0.035141,0.055661,2.312439,1.691595
-1.348857,0.15702,0.055661,2.32085,1.595706
-1.56299,0.278916,0.296238,2.328762,1.475075
-1.56299,0.319531,0.296238,2.337092,1.378521
-1.991254,0.807081,0.858587,2.337515,1.269397
-1.56299,0.725817,0.702212,2.336,1.157876
-1.348857,0.725817,0.786414,2.336,1.071878
-1.56299,0.928959,0.864602,2.33157,1.00476
-1.348857,0.969591,0.867609,2.299254,0.909975
-1.348857,1.213349,1.192388,2.267266,0.839907
-0.492329,1.294613,1.285611,2.21679,0.769658
-0.492329,1.457124,1.366806,2.176796,0.713469
-0.492329,1.37586,1.366806,2.10863,0.673086
-0.706461,1.37586,1.444994,2.034947,0.643099
-0.492329,1.619635,1.691585,1.956287,0.60891
-0.064064,1.619635,1.53521,1.864727,0.584761
-0.064064,1.822778,1.859989,1.770582,0.57341
0.150068,1.782146,1.700607,1.661393,0.565045
-0.278197,1.782146,1.694592,1.571693,0.556795
-0.278197,1.782146,1.694592,1.476577,0.555333
0.150068,1.660267,1.619412,1.389029,0.555333
0.150068,1.538388,1.619412,1.300803,0.555467
0.578333,1.944657,1.057063,1.203923,0.565218
0.3642,1.37586,1.378835,1.123587,0.585792
0.578333,1.294613,1.300647,1.048593,0.615086
0.792464,1.09147,1.22246,0.974007,0.664652
0.578333,1.132102,1.138258,0.904057,0.728596
0.578333,1.050838,1.138258,0.845399,0.804875
0.792464,0.969591,0.978876,0.810777,0.882412
0.578333,0.685185,0.732284,0.779557,0.973204
0.3642,0.563306,0.566887,0.763,1.053625
0.3642,0.522674,0.566887,0.763,1.116323
0.150068,0.319531,0.320296,0.763,1.175548
0.150068,0.238284,0.239101,0.772763,1.212542
-0.064064,0.075773,0.154899,0.814835,1.253617
-0.492329,0.238284,0.23008,0.867048,1.277009
-0.706461,0.035141,0.064683,0.942641,1.290675
-0.920593,-0.168002,-0.181909,1.028621,1.295
-1.348857,-0.493023,-0.512702,1.146663,1.295484
-1.348857,-0.574288,-0.593897,1.247297,1.295484
-0.920593,-0.696166,-0.669077,1.366806,1.295363
-1.348857,-0.77743,-0.593897,1.476484,1.294708
-0.920593,-1.021188,-0.993856,1.60214,1.293
-1.134725,-1.06182,-1.159253,1.721464,1.293
-1.134725,-1.224331,-1.321642,1.801586,1.293
-1.134725,-1.630617,-1.565227,1.881939,1.297914
-1.777122,-1.752496,-1.817833,1.969565,1.330287
-1.348857,-1.83376,-1.811818,2.041125,1.34975
-0.920593,-1.793128,-1.886998,2.095227,1.393262
-0.920593,-1.874374,-1.805804,2.156033,1.440132
-0.706461,-1.874374,-1.883991,2.196831,1.516021
-1.134725,-1.752496,-1.890006,2.252969,1.622875
-0.706461,-1.671249,-1.640407,2.284018,1.721028
0.578333,-1.630617,-1.784753,2.291504,1.829561
0.578333,-1.549353,-1.541169,2.291504,1.917755
0.578333,-1.589985,-1.622364,2.291404,1.984117
0.792464,-1.305595,-1.294578,2.284589,2.034254
1.006597,-1.021188,-1.047986,2.260693,2.053355
1.220729,-1.102452,-1.126174,2.207683,2.074745
1.220729,-0.736798,-0.7202,2.15268,2.089455
1.434861,-0.899309,-0.879582,2.082429,2.10596
1.434861,-0.696166,-0.554803,2.005881,2.121117
1.220729,-0.574288,-0.476616,1.926865,2.143989
1.648994,-0.411777,-0.389406,1.829807,2.167545
1.648994,-0.411777,-0.389406,1.728419,2.191883
1.434861,-0.086738,-0.067635,1.631544,2.210003
1.434861,-0.046123,-0.067635,1.531023,2.22216
1.220729,-0.086738,0.091748,1.438506,2.231994
1.434861,0.319531,0.338339,1.345417,2.242041
1.220729,0.400795,0.172943,1.24125,2.242984
1.220729,0.360163,0.335332,1.146243,2.242984
1.220729,0.319531,0.254137,1.060936,2.241738
1.006597,0.319531,0.332325,0.991102,2.226875
0.792464,0.238284,0.329318,0.930753,2.204305
0.792464,0.441427,0.410512,0.882089,2.172652
0.792464,0.563306,0.572902,0.8179,2.1161
0.578333,0.766449,0.732284,0.752983,2.04749
0.3642,0.64457,0.648082,0.728234,1.976434
0.3642,0.888327,0.972861,0.723122,1.901279
0.3642,0.969591,0.972861,0.723122,1.836041
0.150068,1.050838,1.051049,0.723122,1.739882
0.150068,1.213349,1.132243,0.727814,1.649663
-0.064064,1.213349,1.210431,0.731468,1.634493
-0.064064,1.050838,1.129236,0.749672,1.548113
-0.064064,1.294613,1.291626,0.752725,1.521
-0.278197,1.294613,1.288619,0.809241,1.438175
-0.278197,1.253981,1.288619,0.86508,1.30184
-0.492329,1.132102,1.204417,0.91196,1.176787
-0.278197,1.050838,1.126229,0.967875,1.048625
-0.492329,1.050838,1.042027,1.0207,0.9345
-0.064064,0.969591,0.885652,1.073376,0.843194
-0.278197,0.807081,0.80145,1.145643,0.762818
-0.706461,0.725817,0.795436,1.222216,0.719595
-0.920593,0.685185,0.711234,1.27968,0.709
-1.134725,0.603938,0.545837,1.352388,0.709
-1.134725,0.482042,0.383447,1.431612,0.709
-0.920593,0.319531,0.224065,1.518477,0.711963
-1.134725,0.197652,0.139863,1.606217,0.732401
-1.56299,0.116388,-0.19093,1.697356,0.762948
-1.348857,-0.12737,-0.187923,1.795325,0.813044
-1.348857,-0.371145,-0.350313,1.87837,0.855836
-1.348857,-0.168002,-0.269118,1.945574,0.902464
-1.134725,-0.533656,-0.59089,2.011134,0.958634
-1.348857,-0.533656,-0.593897,2.067892,1.018752
-0.920593,-0.655534,-0.669077,2.1094,1.08146
-1.134725,-0.858677,-0.753279,2.138165,1.166172
-0.920593,-0.858677,-0.831467,2.147529,1.240254
-1.56299,-1.183699,-1.246462,2.1505,1.316569
-1.134725,-1.224331,-1.159253,2.1505,1.417584
-0.920593,-0.980556,-0.993856,2.1502,1.500125
-0.492329,-0.899309,-0.987842,2.138944,1.599995
-0.492329,-0.493023,-0.906647,2.112108,1.690996
-0.278197,-0.533656,-0.660056,2.090863,1.750224
-0.278197,-0.736798,-0.416471,2.079383,1.780917
0.150068,-0.493023,-0.491652,2.052814,1.784
0.3642,-0.452391,-0.569839,2.030218,1.784
0.150068,-0.574288,-0.572846,1.973119,1.7832
-0.064064,-0.330513,-0.413464,1.918678,1.759975
0.150068,-0.493023,-0.491652,1.870875,1.723205
0.150068,-0.533656,-0.491652,1.802359,1.675425
0.150068,-0.493023,-0.491652,1.733767,1.632837
0.150068,-0.493023,-0.491652,1.663926,1.602626
0.150068,-0.289881,-0.004483,1.595344,1.581751
-0.064064,-0.411777,-0.332269,1.561485,1.571557
-0.492329,-0.289881,-0.175894,1.522821,1.556491
-0.064064,-0.330513,-0.251075,1.489713,1.542681
0.150068,-0.330513,-0.329262,1.475183,1.53461
0.150068,-0.208634,-0.166873,1.475,1.52975
0.150068,0.238284,0.239101,1.475,1.518511
0.3642,0.075773,0.160914,1.474136,1.504308
0.150068,0.482042,0.239101,1.472522,1.489761
0.150068,0.807081,0.72627,1.472522,1.468147
0.3642,0.888327,0.972861,1.472022,1.437673
0.578333,0.888327,0.975868,1.457407,1.41765
0.792464,0.969591,0.978876,1.411045,1.390177
0.578333,0.725817,0.813479,1.364409,1.36796
0.792464,0.807081,0.816486,1.33,1.345324
1.220729,0.766449,0.741306,1.283998,1.332
0.792464,0.725817,0.735291,1.195023,1.332
1.220729,0.725817,0.741306,1.107466,1.332
1.220729,0.725817,0.741306,1.039746,1.332375
1.434861,0.685185,0.581923,0.977989,1.348619
1.220729,0.441427,0.416527,0.92325,1.384125
1.220729,0.482042,0.416527,0.847,1.4388
1.434861,0.400795,0.419534,0.750628,1.508514
1.434861,0.15702,0.338339,0.714069,1.575169
1.434861,-0.005491,0.01356,0.69473,1.666828
1.434861,-0.168002,-0.230024,0.6935,1.737997
1.648994,-0.330513,-0.308212,0.6935,1.814569
1.648994,-0.614902,-0.470601,0.694018,1.882857
1.434861,-0.736798,-0.717193,0.715921,1.957886
1.434861,-0.77743,-0.798387,0.75659,2.0263
1.220729,-1.102452,-1.044979,0.805537,2.072824
1.434861,-1.34621,-1.366751,0.870218,2.116185
1.006597,-1.305595,-1.29157,0.946421,2.154002
0.578333,-1.752496,-1.703558,1.046978,2.191696
0.150068,-1.711864,-1.790768,1.155405,2.240909
-0.064064,-1.468106,-1.468996,1.232243,2.255635
-0.278197,-1.874374,-1.877977,1.32624,2.255635
-1.134725,-1.34621,-1.321642,1.437822,2.255635
-1.348857,-1.427474,-1.487039,1.560636,2.248934
-1.134725,-1.264963,-1.321642,1.662661,2.220004
-1.348857,-1.264963,-1.243455,1.751092,2.206013
-0.706461,-0.736798,-0.747265,1.863016,2.163868
-1.134725,-0.493023,-0.509695,1.9886,2.121725
-1.134725,-0.533656,-0.509695,2.064049,2.050281
-1.348857,-0.249249,-0.187923,2.12342,1.964018
-1.56299,-0.046123,-0.028541,2.178508,1.876894
-1.56299,0.035141,0.052654,2.250238,1.787976
-1.56299,0.116388,0.052654,2.283738,1.689601
-1.56299,0.15702,0.215043,2.298495,1.564636
-1.56299,0.319531,0.296238,2.299671,1.438673
-1.56299,0.278916,0.296238,2.299671,1.319609
-1.134725,0.522674,0.464642,2.29933,1.199439
-1.134725,0.441427,0.464642,2.286149,1.110294
-1.348857,0.441427,0.38044,2.23487,1.033205
-1.134725,0.400795,0.383447,2.174786,0.968168
-1.134725,0.319531,0.302253,2.122143,0.926054
-1.134725,0.116388,0.058668,2.063916,0.921678
-1.56299,0.116388,0.133849,2.014592,0.921678
-0.706461,-0.411777,-0.341291,2.005,0.921678
-0.920593,-0.655534,-0.669077,2.005,0.941826
-0.920593,-0.858677,-0.912661,2.005222,1.00152
-0.920593,-0.858677,-0.912661,2.015455,1.084069
-0.278197,-1.06182,-1.147224,2.034121,1.188966
-0.064064,-1.34621,-1.306606,2.06034,1.300661
0.578333,-1.427474,-1.459974,2.062375,1.397455
0.578333,-1.711864,-1.703558,2.0625,1.50131
0.578333,-1.630617,-1.622364,2.0625,1.615681
0.578333,-1.630617,-1.622364,2.0609,1.716559
0.578333,-1.549353,-1.541169,2.029963,1.779573
0.3642,-1.508721,-1.625371,1.990127,1.844519
0.578333,-1.589985,-1.541169,1.938952,1.924502
0.792464,-1.589985,-1.538162,1.914333,2.022779
0.578333,-1.874374,-1.784753,1.852611,2.091557
0.578333,-1.427474,-1.459974,1.815625,2.151018
0.578333,-1.34621,-1.378779,1.796834,2.197886
0.578333,-1.34621,-1.459974,1.771132,2.232719
0.578333,-1.305595,-1.297585,1.751224,2.267177
1.006597,-1.468106,-1.45396,1.732702,2.278
0.792464,-1.386842,-1.294578,1.715391,2.278
0.792464,-1.06182,-1.050993,1.693366,2.278
1.006597,-1.143067,-1.129181,1.670359,2.275585
1.006597,-1.224331,-1.129181,1.644261,2.265051
0.792464,-1.06182,-0.807409,1.620426,2.258319
0.578333,-0.655534,-0.648027,1.596991,2.255066
0.578333,-0.655534,-0.648027,1.555283,2.253461
0.792464,-0.493023,-0.563825,1.498679,2.248206
1.006597,-0.249249,-0.236038,1.455346,2.227669
0.792464,-0.168002,-0.076656,1.404681,2.195549
0.578333,0.075773,0.082726,1.351398,2.15333
0.578333,0.278916,0.32631,1.309992,2.102032
0.3642,0.075773,0.079719,1.253216,2.03755
0.578333,0.482042,0.4887,1.20571,1.966601
0.578333,0.725817,0.651089,1.161942,1.89029
0.578333,0.847695,0.813479,1.11771,1.804686
0.3642,1.010223,0.972861,1.077617,1.726456
0.3642,1.050838,1.135251,1.032625,1.644994
0.578333,1.497756,1.544232,0.992875,1.573875
0.3642,1.172734,1.054056,0.951036,1.48556
0.150068,1.416492,1.700607,0.91848,1.40979
0.150068,0.888327,0.969854,0.8937,1.361302
0.150068,1.010223,0.969854,0.8905,1.32861
0.150068,1.050838,1.051049,0.8905,1.298991
-0.492329,1.457124,1.366806,0.892835,1.282633
-0.706461,1.213349,1.201409,0.920765,1.247787
-0.706461,0.888327,0.87663,0.954387,1.174953
-0.706461,0.888327,0.87663,0.999956,1.100391
-0.706461,1.09147,1.03902,1.098016,1.002429
-0.920593,0.969591,0.954818,1.174692,0.91272
-1.134725,0.888327,0.870616,1.234156,0.777556
-1.134725,0.807081,0.870616,1.322408,0.655513
-1.56299,0.888327,0.864602,1.403286,0.616555
-1.348857,0.725817,0.624024,1.488046,0.58679
-1.348857,0.603938,0.624024,1.58951,0.581
-1.56299,0.400795,0.458628,1.672924,0.581
-1.56299,0.441427,0.377433,1.775333,0.581
-1.348857,0.238284,0.218051,1.871417,0.584
-1.56299,0.238284,0.215043,1.957707,0.602446
-1.56299,-0.208634,-0.19093,2.025556,0.633084
-1.348857,-0.330513,-0.431507,2.085209,0.680401
-1.56299,-0.289881,-0.35332,2.145081,0.75466
-1.348857,-0.655534,-0.675092,2.218685,0.823782
-1.56299,-0.858677,-0.840488,2.31502,0.927552
-1.56299,-1.386842,-1.490046,2.340843,1.031401
-1.134725,-1.671249,-1.646421,2.376907,1.179469
-0.492329,-1.630617,-1.718595,2.386767,1.308809
-0.064064,-1.468106,-1.550191,2.386767,1.414582
0.150068,-1.549353,-1.547183,2.386767,1.531051
0.792464,-1.549353,-1.538162,2.370611,1.650969
1.220729,-1.549353,-1.532147,2.264617,1.781167
1.434861,-0.980556,-1.041972,2.191492,1.934555
1.434861,-0.899309,-0.879582,2.135231,2.022302
1.434861,-0.858677,-0.798387,2.083354,2.079754
1.434861,-0.614902,-0.554803,2.038744,2.138921
1.434861,-0.574288,-0.473608,1.967034,2.198993
1.648994,-0.452391,-0.389406,1.87467,2.264711
1.863126,-0.411777,-0.305204,1.775182,2.307868
1.434861,-0.086738,-0.067635,1.701938,2.31528
1.434861,-0.249249,-0.311219,1.634363,2.319807
1.434861,-0.330513,-0.392414,1.527596,2.343145
1.220729,-0.330513,-0.314226,1.413327,2.358788
1.220729,-0.005491,-0.070642,1.345931,2.359457
1.220729,-0.005491,0.010553,1.255306,2.359457
1.220729,0.238284,0.172943,1.161975,2.357493
1.220729,0.197652,0.254137,1.056544,2.340998
1.006597,0.482042,0.41352,0.976076,2.315343
0.792464,0.482042,0.491707,0.93176,2.285896
0.792464,0.563306,0.491707,0.906442,2.263125
0.792464,0.807081,0.897681,0.841267,2.241345
0.792464,0.725817,0.816486,0.830583,2.181426
0.792464,0.888327,0.816486,0.829139,2.100667
0.792464,0.807081,0.735291,0.827014,2.01953
0.792464,0.64457,0.654097,0.82525,1.928486
0.792464,0.522674,0.572902,0.824352,1.852205
1.006597,0.482042,0.494714,0.818462,1.754916
0.792464,0.400795,0.410512,0.803252,1.66077
0.3642,0.400795,0.404498,0.797883,1.578869
0.3642,0.319531,0.323303,0.797883,1.506322
0.3642,0.278916,0.242108,0.797883,1.44614
0.578333,0.075773,0.163921,0.804362,1.408646
0.3642,0.116388,0.160914,0.822242,1.38907
-0.064064,-0.168002,-0.16988,0.850565,1.380218
0.3642,-0.330513,-0.326255,0.906235,1.377971
-0.278197,-0.330513,-0.335277,0.921,1.377971
-0.278197,-0.574288,-0.497666,0.922154,1.377971
-0.278197,-0.289881,-0.497666,0.944561,1.387132
-1.134725,-0.736798,-0.753279,0.978925,1.411404
-1.56299,-0.818045,-0.759294,1.005224,1.432235
-1.348857,-0.655534,-0.756286,1.018533,1.440011
-1.348857,-0.614902,-0.675092,1.103375,1.458745
-1.348857,-0.452391,-0.675092,1.20475,1.468273
-1.134725,-0.452391,-0.509695,1.297442,1.468273
-1.348857,-0.086738,-0.025534,1.414206,1.468273
-1.56299,-0.046123,-0.19093,1.823099,1.464346
-1.348857,0.15702,0.218051,1.993156,1.445046
-1.134725,0.15702,0.383447,2.034013,1.417417
-1.348857,0.482042,0.461635,2.065791,1.386877
-1.134725,0.482042,0.464642,2.087628,1.356033
-0.920593,0.685185,0.548844,2.123997,1.295642
-1.134725,1.09147,1.033005,2.16369,1.245476
-1.134725,1.050838,0.951811,2.179445,1.193372
-0.920593,0.969591,0.954818,2.180408,1.124525
-0.920593,1.538388,1.604376,2.180408,1.090505
-0.492329,1.253981,1.204417,2.178008,1.02995
-0.492329,1.416492,1.366806,2.164,0.953375
-0.064064,1.457124,1.454015,2.134537,0.88966
-0.492329,1.619635,1.61039,2.090939,0.834247
-0.278197,1.579003,1.694592,2.03678,0.778628
0.150068,1.619635,1.538217,1.9818,0.7266
0.3642,1.619635,1.622419,1.895978,0.676539
0.150068,1.457124,1.375828,1.806405,0.65266
0.578333,1.335245,1.300647,1.719192,0.632758
0.578333,1.132102,1.057063,1.632048,0.62085
0.3642,1.010223,0.972861,1.536101,0.619917
0.578333,1.050838,1.057063,1.449121,0.619917
0.792464,1.010223,0.978876,1.348485,0.620817
1.006597,0.807081,0.819493,1.242125,0.6375
1.220729,0.766449,0.741306,1.145374,0.673171
1.434861,0.563306,0.663118,1.09155,0.719623
1.006597,0.522674,0.494714,1.046087,0.775792
1.006597,0.400795,0.494714,0.989014,0.84235
1.220729,0.278916,0.335332,0.932152,0.926544
1.434861,0.278916,0.257144,0.882198,1.031986
1.434861,0.197652,0.17595,0.848388,1.129484
1.434861,0.075773,0.01356,0.8235,1.235625
1.434861,-0.168002,-0.230024,0.794566,1.357117
1.434861,-0.371145,-0.311219,0.746875,1.460438
1.648994,-0.289881,-0.308212,0.735906,1.566523
1.648994,-0.493023,-0.470601,0.735806,1.675644
1.220729,-0.818045,-0.801395,0.735806,1.77368
1.220729,-0.818045,-0.882589,0.737584,1.881482
1.434861,-1.183699,-1.204361,0.760281,1.976357
1.434861,-1.305595,-1.204361,0.803839,2.056938
1.220729,-1.305595,-1.288563,0.847189,2.117792
1.648994,-1.549353,-1.607328,0.94164,2.174197
0.150068,-2.036902,-2.034352,1.034697,2.21926
-0.920593,-2.199413,-2.130583,1.103097,2.248772
-0.706461,-1.874374,-1.883991,1.179108,2.272071
-0.920593,-1.711864,-1.805804,1.259271,2.291688
-1.348857,-1.549353,-1.487039,1.343321,2.303337
-0.920593,-1.427474,-1.481025,1.435964,2.306
-0.920593,-1.143067,-1.156246,1.483444,2.306
-1.348857,-0.533656,-0.512702,1.531689,2.306
-1.348857,-0.980556,-0.999871,1.614463,2.299277
-1.348857,-0.899309,-0.918676,1.71118,2.275636
-1.56299,-0.655534,-0.678099,1.801869,2.242118
-1.56299,-0.371145,-0.35332,1.86039,2.202249
-1.56299,-0.289881,-0.35332,1.928603,2.146248
-1.348857,-0.289881,-0.269118,1.981289,2.080878
-0.920593,0.075773,-0.019519,2.034,2.008583
-1.348857,0.035141,0.055661,2.082481,1.93059
-1.348857,0.278916,0.218051,2.122691,1.844288
-0.920593,0.319531,0.30526,2.148391,1.765387
-1.348857,0.64457,0.867609,2.17898,1.675395
-0.920593,0.563306,0.548844,2.200032,1.575352
-0.920593,0.603938,0.548844,2.224668,1.479826
-0.920593,0.725817,0.711234,2.232,1.382807
-1.134725,0.888327,0.870616,2.232,1.280488
-0.706461,1.132102,0.714241,2.232,1.189856
-0.492329,1.213349,0.960832,2.225202,1.071278
-0.706461,1.050838,1.03902,2.182666,0.989551
-0.492329,0.888327,0.879638,2.135796,0.919956
-0.492329,1.050838,1.042027,2.08352,0.860184
-0.278197,1.050838,1.045034,2.025188,0.816938
-0.064064,1.172734,1.048042,1.95396,0.773847
-0.278197,0.969591,0.96384,1.876799,0.736731
-0.064064,1.132102,1.129236,1.779859,0.718211
-0.064064,1.050838,1.048042,1.68978,0.715789
0.3642,1.050838,1.054056,1.609718,0.715789
0.578333,0.969591,0.975868,1.531228,0.715789
0.578333,0.685185,0.732284,1.457906,0.723026
0.3642,0.400795,0.323303,1.387174,0.739388
0.3642,0.278916,0.242108,1.317134,0.774583
0.3642,0.482042,0.404498,1.241123,0.837287
0.792464,0.319531,0.329318,1.189593,0.896863
0.792464,0.400795,0.410512,1.155543,0.946553
0.792464,0.197652,0.166928,1.128113,1.007953
1.006597,-0.046123,-0.073649,1.105825,1.075622
1.220729,-0.249249,-0.314226,1.088963,1.160726
1.434861,-0.330513,-0.311219,1.077475,1.250544
1.220729,-0.249249,-0.233031,1.069164,1.324446
1.434861,-0.289881,-0.311219,1.056532,1.407708
1.434861,-0.330513,-0.311219,1.032237,1.508353
1.434861,-0.411777,-0.392414,1.004578,1.61428
1.434861,-0.452391,-0.392414,0.995967,1.720272
1.434861,-0.614902,-0.554803,0.995867,1.816118
1.434861,-0.736798,-0.798387,0.995867,1.925056
1.434861,-0.858677,-0.798387,0.996059,2.002859
1.220729,-1.143067,-1.126174,1.002859,2.082351
1.220729,-1.102452,-1.044979,1.087629,2.150404
1.006597,-1.224331,-1.210376,1.206394,2.207802
0.792464,-1.305595,-1.294578,1.242,2.2345
0.792464,-1.386842,-1.294578,1.281589,2.249742
0.3642,-1.468106,-1.381787,1.328794,2.259168
0.578333,-1.305595,-1.297585,1.361842,2.259754
-0.492329,-1.711864,-1.718595,1.412869,2.259754
-0.492329,-1.752496,-1.556205,1.4498,2.259071
-0.492329,-1.711864,-1.718595,1.479017,2.250345
-0.706461,-1.264963,-1.315628,1.506497,2.241492
-0.278197,-1.386842,-1.390808,1.55458,2.237714
-0.706461,-1.264963,-1.315628,1.617805,2.232752
-0.492329,-1.06182,-1.150231,1.686183,2.227047
-0.706461,-1.06182,-1.072044,1.739565,2.213722
-0.492329,-1.06182,-0.987842,1.799817,2.181278
-0.920593,-1.021188,-1.075051,1.850138,2.147742
-0.920593,-0.818045,-0.506688,1.906999,2.098562
-1.348857,-0.574288,-0.593897,1.948203,2.044846
-0.706461,-0.452391,-0.422486,1.9788,1.9834
-0.492329,-0.452391,-0.419478,1.996715,1.911431
-0.492329,-0.249249,-0.257089,2.000754,1.848198
-0.278197,-0.046123,-0.091692,2.001253,1.779983
-0.706461,0.15702,0.308267,2.001253,1.715099
-0.920593,0.15702,0.224065,2.000131,1.681074
-0.706461,0.400795,0.470657,1.995662,1.629342
-0.492329,0.888327,0.879638,1.990622,1.585167
-0.920593,1.132102,1.198402,1.976431,1.50846
-0.492329,1.010223,1.042027,1.953164,1.425416
-0.492329,1.172734,1.123222,1.9346,1.33185
-0.492329,1.132102,1.123222,1.904239,1.249726
-0.064064,1.37586,1.53521,1.873956,1.184327
-0.278197,1.538388,1.451008,1.83299,1.112039
-0.278197,1.497756,1.532203,1.788386,1.036382
-0.064064,1.619635,1.616405,1.745973,0.960318
0.150068,1.660267,1.700607,1.702563,0.878992
-0.064064,1.335245,1.53521,1.634803,0.815056
0.3642,1.457124,1.378835,1.565323,0.765589
0.3642,1.335245,1.378835,1.50793,0.722234
0.578333,1.37586,1.381842,1.433284,0.680634
0.578333,1.416492,1.381842,1.350306,0.658229
0.3642,1.213349,1.216445,1.250193,0.65748
0.3642,1.09147,1.054056,1.152478,0.65748
0.3642,0.847695,0.891666,1.083818,0.65961
0.578333,0.847695,0.813479,1.015951,0.692532
0.3642,0.441427,0.485693,0.95825,0.740125
0.150068,0.278916,0.239101,0.904307,0.806279
0.150068,-0.005491,-0.004483,0.880105,0.863122
-0.064064,-0.249249,-0.16988,0.880105,0.925803
0.150068,-0.452391,-0.410457,0.880105,0.969516
-0.278197,-0.574288,-0.578861,0.881578,0.98698
-0.278197,-0.980556,-0.90364,0.905606,1.022203
-0.920593,-1.102452,-1.075051,0.97175,1.090925
-0.706461,-1.427474,-1.396823,1.044152,1.150243
-0.920593,-1.508721,-1.318635,1.121561,1.220681
-0.920593,-1.793128,-1.805804,1.209769,1.279282
-0.706461,-2.036902,-2.046381,1.344201,1.328691
-0.706461,-1.793128,-1.802797,1.466769,1.432837
-0.492329,-1.793128,-1.718595,1.5501,1.511043
-0.064064,-1.874374,-1.87497,1.644506,1.564642
0.578333,-1.711864,-1.784753,1.7113,1.618696
0.792464,-1.671249,-1.700551,1.782961,1.664207
1.648994,-1.386842,-1.526133,1.86129,1.736986
1.434861,-1.143067,-1.041972,1.921306,1.816493
1.434861,-1.06182,-1.041972,2.002331,1.886731
1.434861,-0.493023,-0.473608,2.061196,1.931818
1.434861,-0.411777,-0.392414,2.087957,1.99617
1.648994,-0.411777,-0.389406,2.089,2.045431
1.648994,-0.289881,-0.308212,2.089,2.096671
1.434861,-0.046123,0.01356,2.085057,2.140943
1.434861,-0.086738,-0.067635,2.046381,2.17291
1.434861,-0.005491,0.094755,1.952193,2.207142
1.220729,0.116388,0.172943,1.847527,2.244455
1.006597,0.197652,0.169935,1.743401,2.280988
0.792464,0.15702,0.735291,1.623057,2.320796
0.792464,0.603938,0.654097,1.512386,2.352607
0.792464,0.766449,0.816486,1.397894,2.366
0.578333,0.807081,0.813479,1.28975,2.366
0.3642,1.050838,1.054056,1.18368,2.366
0.3642,1.050838,1.135251,1.076871,2.363766
0.150068,1.294613,1.294633,0.98551,2.328715
0.3642,1.457124,1.378835,0.92152,2.273101
0.578333,1.335245,1.381842,0.878262,2.21183
0.3642,1.457124,1.46003,0.843,2.1264
0.3642,1.416492,1.541224,0.814469,2.012299
0.3642,1.213349,1.135251,0.805724,1.886553
-0.064064,1.457124,1.372821,0.804228,1.747155
0.150068,1.132102,1.213438,0.804,1.628487
-0.278197,1.416492,1.288619,0.804,1.502383
-0.064064,1.335245,1.372821,0.804541,1.407182
-0.064064,1.457124,1.372821,0.805,1.280654
0.150068,1.09147,1.457023,0.809378,1.173697
-0.064064,1.213349,1.129236,0.826566,1.052596
0.150068,1.294613,1.213438,0.854671,0.960556
-0.706461,0.766449,0.795436,0.890865,0.874588
0.150068,0.441427,-0.248067,0.934052,0.81391
-0.064064,0.238284,0.236094,0.987719,0.769163
0.150068,0.319531,0.320296,1.0383,0.7451
0.150068,-0.005491,-0.085678,1.092008,0.743
0.578333,-0.249249,-0.242053,1.141458,0.743
0.3642,-0.493023,-0.488644,1.170119,0.743507
0.3642,-0.696166,-0.732229,1.196969,0.755991
0.578333,-0.736798,-0.729221,1.206606,0.772212
0.792464,-1.021188,-1.050993,1.207,0.773
1.006597,-1.102452,-1.129181,1.228319,0.798855
0.578333,-1.224331,-1.21639,1.263083,0.862609
1.006597,-1.549353,-1.535155,1.279219,0.956269
0.792464,-1.386842,-1.375772,1.287304,1.06075
0.578333,-1.793128,-1.784753,1.289627,1.200958
0.578333,-1.793128,-1.865948,1.291484,1.346463
0.792464,-1.711864,-1.781746,1.299464,1.498314
0.3642,-1.955638,-1.868955,1.31953,1.632483
-0.706461,-2.158781,-2.20877,1.329167,1.751986
-0.920593,-2.118149,-2.130583,1.339375,1.862798
-1.134725,-1.793128,-1.890006,1.364209,1.960488
-1.134725,-1.874374,-1.808811,1.410176,2.057861
-1.348857,-1.630617,-1.730623,1.460828,2.121629
-0.920593,-1.508721,-1.562219,1.52705,2.186017
-1.348857,-1.34621,-1.32465,1.596381,2.241248
-1.56299,-1.386842,-1.327657,1.683461,2.2804
-1.134725,-1.305595,-1.321642,1.775332,2.304872
-1.56299,-0.533656,-0.515709,1.83958,2.3095
-1.134725,-0.899309,-0.915669,1.912138,2.3095
-1.134725,-0.655534,-0.753279,1.961685,2.3095
-1.56299,-0.330513,-0.515709,2.0358,2.2976
-1.56299,-0.086738,-0.19093,2.0955,2.246
-1.134725,-0.086738,-0.103721,2.117035,2.206888
-1.348857,-0.12737,-0.187923,2.123994,2.155932
-1.56299,0.197652,0.052654,2.149405,2.077058
-1.134725,0.238284,0.221058,2.169138,2.012037
-0.706461,0.360163,0.308267,2.185612,1.918406
-0.706461,0.319531,0.308267,2.205324,1.837815
-0.706461,0.563306,0.308267,2.212728,1.754896
-0.278197,0.847695,0.882645,2.23475,1.673232
-0.492329,0.969591,0.960832,2.244173,1.57749
-0.706461,1.294613,1.363799,2.244173,1.489024
-0.278197,0.888327,0.882645,2.244173,1.367602
-0.492329,0.888327,0.879638,2.232718,1.249539
-0.278197,0.807081,0.80145,2.196757,1.17953
0.150068,1.172734,1.132243,2.162198,1.095597
0.3642,1.132102,1.135251,2.115973,1.032385
0.578333,1.213349,1.138258,2.03568,0.967321
0.578333,0.928959,0.732284,1.96353,0.91822
0.150068,0.847695,1.051049,1.875761,0.890207
1.006597,0.969591,1.144272,1.7776,0.868689
0.792464,0.603938,0.735291,1.678298,0.863574
1.220729,0.725817,0.741306,1.58591,0.863574
1.220729,0.64457,0.660111,1.497851,0.863574
1.006597,0.64457,0.575909,1.395317,0.877399
1.006597,0.238284,0.25113,1.291093,0.910703
1.006597,0.238284,0.25113,1.206588,0.9507
1.434861,0.116388,0.094755,1.11186,1.018682
1.434861,-0.086738,0.094755,1.052125,1.092875
1.648994,-0.289881,-0.227017,0.993409,1.163895
1.434861,-0.371145,-0.311219,0.93662,1.231856
1.434861,-0.452391,-0.473608,0.883381,1.297475
1.863126,-0.899309,-0.792373,0.833973,1.38721
1.220729,-1.021188,-1.044979,0.791055,1.491859
1.006597,-1.34621,-1.372765,0.776221,1.574299
1.006597,-1.549353,-1.535155,0.775835,1.646677
1.006597,-1.711864,-1.616349,0.775835,1.71975
0.792464,-1.711864,-1.781746,0.775835,1.789033
0.578333,-1.793128,-1.784753,0.797517,1.882845
1.006597,-1.83376,-1.778739,0.876913,1.954344
-0.706461,-1.630617,-1.640407,0.986172,2.013729
-0.920593,-1.630617,-1.643414,1.152211,2.076628
-0.706461,-1.671249,-1.721602,1.269381,2.145375
-0.492329,-1.83376,-1.799789,1.346776,2.203935
-0.492329,-1.711864,-1.718595,1.421395,2.249823
-0.706461,-1.752496,-1.721602,1.466041,2.265867
-0.920593,-1.549353,-1.562219,1.561233,2.279492
0.150068,-1.793128,-1.709573,1.629125,2.279492
0.3642,-1.711864,-1.706566,1.651797,2.279492
-0.064064,-1.305595,-1.387801,1.683527,2.276147
0.150068,-1.305595,-1.222404,1.764067,2.258467
0.3642,-1.224331,-1.219397,1.861984,2.229812
0.578333,-0.939941,-0.972806,1.934568,2.203381
0.578333,-0.289881,-0.323248,2.000802,2.166875
1.006597,-0.493023,-0.560818,2.021199,2.155609
1.006597,-0.208634,-0.154844,2.030652,2.13106
1.006597,-0.005491,-0.073649,2.030652,2.122805
1.006597,0.319531,0.088741,2.030652,2.120314
1.220729,0.400795,0.416527,2.016732,2.11851
1.006597,0.482042,0.41352,1.983487,2.11594
1.006597,0.522674,0.575909,1.923177,2.107983
1.006597,0.563306,0.575909,1.852298,2.092731
1.006597,0.888327,0.900688,1.768701,2.079325
0.792464,0.847695,0.816486,1.670257,2.076837
0.578333,0.766449,0.813479,1.540113,2.0658
0.792464,1.253981,1.22246,1.451556,2.046089
0.3642,1.213349,1.135251,1.328825,2.021674
0.3642,1.213349,1.216445,1.219705,1.994924
0.3642,1.213349,1.29764,1.122778,1.955326
0.150068,1.213349,1.213438,1.037125,1.90729
0.3642,1.213349,1.216445,0.963475,1.849142
0.150068,0.928959,0.969854,0.907626,1.772079
-0.064064,0.969591,0.966847,0.872197,1.684414
-0.064064,0.969591,0.966847,0.853215,1.592691
-0.492329,0.969591,0.960832,0.853,1.563313
-0.492329,1.37586,0.879638,0.853,1.548611
-0.492329,0.888327,0.960832,0.8543,1.516337
-0.492329,0.888327,0.879638,0.875505,1.41448
-0.706461,0.685185,0.714241,0.936865,1.326579
-0.706461,0.685185,0.714241,1.006767,1.215295
-1.134725,0.64457,0.627032,1.060636,1.142503
-1.134725,0.766449,0.708226,1.123475,1.08025
-1.134725,0.847695,0.708226,1.180535,0.90202
-1.348857,0.766449,0.786414,1.250856,0.828635
-0.920593,0.64457,0.711234,1.340521,0.798933
-0.706461,0.563306,0.633046,1.421067,0.76684
-0.920593,0.482042,0.467649,1.482197,0.750928
-0.920593,0.278916,0.30526,1.571267,0.72743
-0.920593,0.238284,0.30526,1.664972,0.704945
-0.706461,-0.005491,-0.016512,1.750002,0.685044
-0.492329,-0.574288,-0.581868,1.832527,0.676
-0.492329,-0.736798,-0.663063,1.890203,0.676
-0.920593,-1.102452,-1.075051,1.930252,0.676
-1.134725,-1.264963,-1.321642,1.954252,0.6811
-0.920593,-1.34621,-1.318635,1.954984,0.705905
-0.706461,-1.386842,-1.396823,1.954984,0.752786
-0.706461,-1.427474,-1.478018,1.953488,0.813292
0.3642,-1.468106,-1.462981,1.942137,0.881621
0.578333,-1.711864,-1.703558,1.931141,0.956152
1.006597,-1.671249,-1.697544,1.927831,1.039236
1.006597,-1.630617,-1.616349,1.927831,1.131845
1.006597,-1.508721,-1.45396,1.927831,1.234503
1.220729,-1.549353,-1.532147,1.936265,1.346907
1.220729,-1.264963,-1.288563,1.962511,1.422022
1.434861,-1.143067,-1.123166,1.972568,1.477513
1.220729,-0.696166,-0.639005,1.975692,1.602655
1.648994,-1.06182,-1.038964,1.975692,1.71604
1.648994,-0.371145,-0.389406,1.97487,1.82619
1.648994,-0.289881,-0.308212,1.955865,1.929994
1.648994,-0.086738,-0.064627,1.929373,2.006475
1.648994,-0.12737,-0.064627,1.888449,2.077477
1.434861,0.238284,0.257144,1.83231,2.14156
1.434861,0.278916,0.17595,1.773083,2.185865
1.648994,0.319531,0.341346,1.697,2.235929
1.220729,0.441427,0.416527,1.636683,2.268373
1.434861,0.197652,0.257144,1.548935,2.304898
1.648994,0.116388,0.260152,1.466581,2.333157
1.648994,0.197652,0.178957,1.384159,2.349902
1.863126,0.441427,0.425548,1.312758,2.361409
1.648994,0.360163,0.422541,1.223404,2.361409
2.077258,0.238284,0.184971,1.111682,2.361409
1.863126,0.15702,0.181964,1.023985,2.357742
1.648994,-0.12737,-0.064627,0.937671,2.336614
1.434861,-0.005491,0.01356,0.8489,2.31065
1.648994,-0.046123,-0.064627,0.763502,2.278022
1.648994,-0.086738,-0.064627,0.693867,2.248596
1.434861,0.075773,0.094755,0.612402,2.218124
1.220729,0.075773,0.172943,0.573388,2.196619
1.006597,0.482042,0.494714,0.553258,2.174755
1.006597,0.319531,0.332325,0.553133,2.15286
0.792464,0.441427,0.410512,0.553133,2.138219
0.792464,0.725817,0.735291,0.555506,2.131203
0.792464,0.725817,0.816486,0.587378,2.129284
0.3642,0.725817,0.648082,0.632486,2.123699
0.3642,0.725817,0.729277,0.690133,2.102254
0.3642,1.09147,1.135251,0.746517,2.070049
0.150068,1.294613,1.213438,0.792449,2.033923
-0.064064,1.294613,1.291626,0.833568,1.978755
-0.278197,1.294613,1.207424,0.853753,1.930944
-0.064064,1.294613,1.291626,0.867672,1.854362
-0.064064,1.37586,1.372821,0.885669,1.767935
-0.064064,1.132102,1.210431,0.905444,1.755663
-0.278197,1.172734,1.207424,0.9455,1.755507
-0.064064,1.132102,1.129236,0.982893,1.744535
-0.064064,0.847695,0.885652,1.02496,1.736851
0.150068,0.807081,0.807464,1.062718,1.736592
0.150068,0.64457,0.56388,1.083249,1.714686
0.150068,0.319531,0.320296,1.112518,1.613713
-0.278197,0.238284,0.314282,1.130457,1.532099
-0.064064,0.035141,-0.00749,1.14896,1.454425
0.150068,-0.005491,-0.004483,1.161406,1.163375
0.150068,-0.086738,-0.085678,1.172501,0.902477
-0.706461,-0.249249,-0.341291,1.182654,0.891347
-0.920593,-0.249249,-0.263103,1.191476,0.891347
-0.706461,-0.086738,-0.097707,1.20534,0.898569
-0.920593,0.075773,0.061676,1.219537,0.946883
-1.134725,0.197652,0.221058,1.248565,1.021349
-1.348857,0.319531,0.218051,1.280226,1.106997
-1.777122,0.319531,0.293231,1.313051,1.171233
-1.56299,0.197652,0.133849,1.357784,1.218452
-1.348857,0.319531,0.299245,1.421344,1.275828
-1.56299,0.319531,0.377433,1.531835,1.301013
-1.56299,0.238284,0.296238,1.576854,1.3014
-1.134725,0.197652,0.221058,1.649547,1.3014
-1.348857,0.035141,-0.025534,1.7303,1.293015
-0.920593,0.035141,-0.019519,1.76643,1.270553
-1.348857,-0.168002,-0.269118,1.828015,1.21265
-1.348857,-0.289881,-0.269118,1.896274,1.148846
-1.134725,-0.371145,-0.4285,1.949608,1.086711
-0.920593,-0.533656,-0.587882,1.98965,1.011943
-1.348857,-1.386842,-1.32465,2.025668,0.961605
-1.134725,-1.305595,-1.321642,2.079615,0.936
-1.134725,-1.508721,-1.565227,2.141314,0.936
-0.920593,-1.752496,-1.886998,2.187655,0.936
-0.706461,-1.955638,-1.965186,2.231598,0.946021
-0.492329,-1.955638,-2.043374,2.244424,0.985736
-0.064064,-2.199413,-2.199749,2.268335,1.045114
-0.278197,-2.118149,-2.121561,2.31921,1.112194
0.578333,-1.874374,-1.784753,2.353019,1.200937
1.006597,-1.793128,-1.778739,2.356168,1.309259
1.434861,-1.386842,-1.447945,2.356168,1.418689
1.648994,-0.939941,-1.038964,2.354878,1.513025
1.863126,-0.77743,-0.629983,2.345728,1.606329
1.863126,-0.493023,-0.629983,2.312791,1.748814
1.648994,-0.371145,-0.470601,2.270614,1.867501
1.648994,-0.411777,-0.308212,2.181857,1.973015
1.434861,-0.208634,-0.148829,2.08944,2.080839
1.434861,-0.086738,0.01356,2.022393,2.167108
1.648994,0.035141,0.341346,1.94102,2.25652
1.434861,-0.12737,-0.148829,1.8595,2.320625
1.220729,-0.046123,-0.070642,1.763474,2.344752
1.434861,-0.12737,-0.067635,1.685629,2.365779
1.220729,0.035141,-0.070642,1.590764,2.377434
1.006597,0.238284,0.25113,1.488348,2.381711
1.006597,0.441427,0.494714,1.397545,2.38684
1.006597,0.563306,0.575909,1.278525,2.388234
1.006597,0.725817,0.738299,1.21625,2.388234
0.792464,0.725817,0.816486,1.127275,2.388234
0.792464,0.928959,0.816486,1.028242,2.383395
0.578333,1.132102,1.057063,0.957142,2.372094
0.3642,1.294613,1.29764,0.8904,2.3491
0.578333,1.538388,1.381842,0.851616,2.286568
0.3642,1.782146,1.46003,0.812435,2.202169
0.150068,1.37586,1.375828,0.78325,2.13925
0.150068,1.37586,1.294633,0.781,2.073722
-0.064064,1.213349,1.291626,0.781,1.987042
-0.278197,1.294613,1.288619,0.782663,1.885051
-0.278197,1.294613,1.288619,0.815321,1.767768
-0.278197,1.213349,1.207424,0.828617,1.658385
-0.278197,1.294613,1.207424,0.839736,1.600557
-0.064064,1.172734,1.210431,0.842552,1.572531
-0.064064,1.132102,1.210431,0.846749,1.489524
-0.278197,0.888327,0.882645,0.848004,1.465033
-0.064064,0.888327,0.804457,0.856523,1.4485
-0.278197,0.725817,0.720255,0.87727,1.343821
0.150068,0.400795,0.401491,0.905268,1.231238
0.3642,0.319531,0.323303,0.926746,1.146943
0.3642,0.075773,-0.001476,0.969568,1.063673
-0.064064,-0.046123,-0.00749,1.012629,0.996962
0.3642,-0.249249,-0.24506,1.071765,0.942243
-0.064064,-0.736798,-0.738243,1.131053,0.779111
0.3642,-0.818045,-0.894618,1.186674,0.752943
0.3642,-1.06182,-1.057008,1.221167,0.752943
0.792464,-1.264963,-1.213383,1.24115,0.752943
0.792464,-1.386842,-1.456967,1.255284,0.767638
0.578333,-1.549353,-1.541169,1.269659,0.819406
0.3642,-1.711864,-1.706566,1.27485,0.885292
0.150068,-1.671249,-1.709573,1.28451,0.965374
-0.064064,-1.83376,-1.793775,1.296006,1.048472
-1.134725,-1.793128,-1.808811,1.30868,1.167736
-1.134725,-1.915006,-1.9712,1.324129,1.291899
-1.134725,-1.671249,-1.727616,1.3443,1.4271
-0.706461,-1.589985,-1.883991,1.367611,1.554442
-1.134725,-1.305595,-1.808811,1.394169,1.642093
-1.56299,-1.224331,-1.246462,1.427571,1.748281
-1.348857,-1.102452,-1.16226,1.466359,1.856101
-1.134725,-0.980556,-0.915669,1.518938,1.960032
-1.56299,-0.77743,-0.840488,1.580082,2.053068
-1.56299,-0.655534,-0.678099,1.638231,2.118542
-1.56299,0.035141,-0.028541,1.707319,2.171002
-1.991254,-0.005491,0.04664,1.772777,2.204031
-1.56299,-0.046123,-0.028541,1.83899,2.204031
-1.56299,0.400795,0.458628,1.917222,2.204031
-1.348857,0.319531,0.38044,1.990559,2.201534
-1.134725,0.522674,0.464642,2.064611,2.163317
-1.134725,0.482042,0.464642,2.13204,2.099991
-1.134725,0.725817,0.545837,2.185857,2.027089
-0.706461,0.685185,0.714241,2.23175,1.951375
-0.920593,0.64457,0.630039,2.29412,1.840273
-0.706461,0.969591,1.120215,2.3544,1.751717
-0.706461,1.050838,1.03902,2.385776,1.675085
-0.706461,1.050838,1.03902,2.407493,1.570071
-0.706461,1.050838,1.03902,2.425781,1.472844
-0.920593,0.969591,0.954818,2.428637,1.373926
-0.706461,0.847695,0.87663,2.428637,1.266
-0.706461,0.847695,0.795436,2.428637,1.181454
-0.278197,0.807081,0.80145,2.410243,1.08343
-0.278197,0.563306,0.476671,2.341017,0.986316
0.150068,0.319531,0.401491,2.284497,0.91207
-0.706461,-0.12737,-0.178901,2.208773,0.837058
-0.278197,-0.411777,-0.335277,2.103944,0.786758
0.150068,-0.411777,-0.329262,2.002446,0.710092
-0.064064,-0.818045,-0.819438,1.918125,0.669694
0.150068,-0.736798,-0.735236,1.823431,0.662778
0.578333,-0.818045,-0.810416,1.741976,0.662778
0.792464,-1.102452,-1.050993,1.679641,0.662778
1.006597,-1.183699,-0.966791,1.62719,0.674042
1.220729,-1.427474,-1.369758,1.596452,0.69174
1.220729,-1.224331,-1.288563,1.576897,0.737633
1.434861,-1.143067,-1.204361,1.572821,0.803681
1.434861,-0.655534,-0.635998,1.572821,0.896097
1.434861,-0.696166,-0.635998,1.572821,0.982004
1.648994,-0.493023,-0.551796,1.57755,1.077803
1.434861,-0.411777,-0.392414,1.597174,1.168289
1.648994,-0.168002,-0.145822,1.610404,1.283921
2.077258,0.278916,0.266166,1.611807,1.401831
1.434861,0.319531,0.419534,1.611807,1.507631
1.220729,0.400795,0.416527,1.611682,1.587186
1.006597,0.482042,0.575909,1.602397,1.684816
1.006597,0.563306,0.657104,1.571927,1.801759
1.006597,0.807081,0.819493,1.528665,1.904901
0.792464,0.969591,0.978876,1.472899,1.999692
0.578333,1.294613,1.300647,1.406126,2.082119
0.792464,1.010223,0.978876,1.3363,2.1476
0.3642,1.213349,1.216445,1.268766,2.196528
0.3642,1.213349,1.135251,1.182351,2.232394
0.3642,1.294613,1.29764,1.10229,2.2345
-0.064064,1.700899,1.616405,1.025493,2.2345
0.150068,1.538388,1.619412,0.955969,2.23125
0.150068,1.497756,1.538217,0.891281,2.201979
-0.064064,1.294613,1.372821,0.8343,2.142
-0.278197,1.294613,1.288619,0.799955,2.083122
-0.278197,1.294613,1.288619,0.778094,2.001625
-0.278197,1.37586,1.451008,0.772643,1.915119
-0.278197,1.416492,1.369813,0.767161,1.814455
-0.492329,1.457124,1.448001,0.767,1.720794
-0.492329,1.213349,1.285611,0.767,1.682867
-0.920593,1.132102,1.198402,0.772466,1.545729
-0.706461,1.253981,1.201409,0.786371,1.484797
-0.920593,0.928959,0.954818,0.795527,1.352916
-0.920593,0.888327,0.873623,0.80431,1.222141
-1.348857,0.847695,0.867609,0.81494,1.10297
-1.56299,0.847695,0.783407,0.840984,0.984118
-1.134725,0.725817,0.789421,0.885505,0.880509
-0.920593,0.563306,0.630039,0.941005,0.799146
-1.348857,0.563306,0.54283,0.998551,0.738526
-1.56299,0.482042,0.458628,1.044377,0.703571
-1.134725,0.116388,0.221058,1.115642,0.666833
-1.348857,0.15702,0.218051,1.194305,0.641022
-1.134725,0.238284,0.221058,1.270024,0.623936
-1.348857,0.197652,0.136856,1.362716,0.606451
-0.492329,0.15702,0.148885,1.449682,0.600966
-0.706461,0.319531,0.308267,1.538433,0.600966
-0.278197,0.075773,0.070697,1.631442,0.600966
0.150068,0.319531,0.157906,1.737429,0.603479
-0.064064,0.238284,-0.00749,1.8305,0.61925
-0.064064,-0.005491,0.073704,1.907832,0.640482
-0.064064,0.15702,0.154899,1.992755,0.677178
1.006597,0.441427,0.494714,2.039636,0.71018
0.792464,0.278916,0.329318,2.048503,0.753342
0.792464,0.116388,0.166928,2.048503,0.798024
1.006597,0.035141,0.007546,2.048503,0.843305
0.792464,-0.005491,-0.076656,2.032717,0.880914
1.006597,-0.12737,-0.073649,1.99627,0.911615
1.220729,0.035141,0.091748,1.922729,0.951965
1.434861,0.075773,-0.067635,1.849437,0.987429
1.434861,0.116388,0.17595,1.775254,1.034772
1.648994,0.116388,0.178957,1.688764,1.076495
1.648994,0.075773,0.097762,1.592963,1.119953
1.648994,-0.12737,-0.064627,1.52449,1.156223
1.648994,-0.046123,-0.064627,1.51625,1.162
1.863126,-0.086738,-0.06162,1.424582,1.230632
1.648994,-0.249249,-0.227017,1.335166,1.310196
1.863126,-0.249249,-0.22401,1.270158,1.379466
1.648994,-0.574288,-0.632991,1.177975,1.459128
1.434861,-0.655534,-0.635998,1.103375,1.5375
1.648994,-0.858677,-0.876575,1.031664,1.628862
1.434861,-1.06182,-1.041972,0.961536,1.722125
1.220729,-1.264963,-1.207368,0.895806,1.818627
0.792464,-1.386842,-1.375772,0.841764,1.900363
1.220729,-1.549353,-1.613342,0.798396,1.970156
0.792464,-1.83376,-1.862941,0.751103,2.053568
0.792464,-1.99627,-1.944136,0.74036,2.112502
0.3642,-1.955638,-1.95015,0.74036,2.171068
-0.920593,-1.955638,-1.968193,0.74036,2.219942
-0.920593,-1.711864,-1.805804,0.756983,2.255394
-0.920593,-1.83376,-1.886998,0.815112,2.295089
-1.348857,-1.549353,-1.487039,0.896971,2.336832
-1.56299,-1.508721,-1.571241,0.990083,2.361778
-1.991254,-1.386842,-1.414866,1.086604,2.386625
-1.56299,-1.183699,-1.246462,1.180104,2.411875
-1.134725,-1.06182,-1.078058,1.28626,2.43081
-1.56299,-0.696166,-0.678099,1.397413,2.432517
-1.348857,-0.533656,-0.593897,1.501738,2.432517
-1.348857,-0.533656,-0.675092,1.620961,2.432392
-1.56299,-0.411777,-0.272125,1.721472,2.411006
-1.348857,-0.168002,-0.187923,1.809554,2.385249
-1.348857,0.035141,-0.025534,1.923268,2.326014
-1.56299,0.035141,0.052654,2.022965,2.258878
-1.348857,0.278916,0.218051,2.126484,2.163989
-1.134725,0.197652,0.221058,2.203612,2.068661
-1.348857,0.238284,0.299245,2.274313,1.947637
-1.134725,0.64457,0.627032,2.309625,1.8645
-0.920593,0.685185,0.873623,2.354999,1.745733
-0.920593,0.725817,0.792428,2.388753,1.630118
-0.920593,0.847695,0.873623,2.3902,1.509253
-0.706461,1.253981,1.201409,2.3902,1.393988
-0.706461,1.294613,1.282604,2.388525,1.289783
-0.278197,1.37586,1.369813,2.363333,1.182929
-0.064064,1.457124,1.372821,2.33069,1.083238
-0.064064,1.579003,1.372821,2.269426,0.988925
0.150068,1.660267,1.700607,2.201279,0.924024
-0.064064,1.619635,1.616405,2.113887,0.861567
-0.064064,1.416492,1.454015,2.043159,0.819594
-0.064064,1.457124,1.454015,1.973304,0.785799
-0.064064,1.294613,1.291626,1.87823,0.752661
-0.064064,1.213349,1.291626,1.782095,0.726302
-0.278197,1.213349,1.207424,1.683419,0.697971
-0.278197,1.050838,1.045034,1.587406,0.671821
-0.064064,0.807081,0.804457,1.503964,0.64926
0.150068,0.725817,0.72627,1.430674,0.631066
-0.064064,0.725817,0.723263,1.345045,0.616413
-0.492329,0.482042,0.392469,1.258639,0.608909
-0.492329,0.400795,0.392469,1.195375,0.606
-0.278197,0.197652,0.151892,1.157774,0.606
-0.492329,-0.005491,0.06769,1.129247,0.606
-0.492329,-0.330513,-0.338284,1.124819,0.606975
-0.278197,-0.493023,-0.497666,1.124819,0.623064
-0.492329,-0.574288,-0.581868,1.124819,0.673671
-0.920593,-0.818045,-0.831467,1.136086,0.732668
-1.134725,-1.102452,-1.078058,1.176062,0.798491
-1.56299,-1.021188,-1.165267,1.225125,0.855375
-1.348857,-1.264963,-1.32465,1.278567,0.9222
-0.278197,-1.671249,-1.634393,1.33958,0.997601
-0.492329,-1.793128,-1.799789,1.41001,1.089059
-0.706461,-1.99627,-1.965186,1.475927,1.17955
-0.492329,-2.077517,-2.043374,1.538017,1.232693
0.3642,-1.83376,-1.868955,1.630067,1.299022
0.150068,-1.671249,-1.465989,1.722288,1.383309
1.220729,-1.102452,-1.126174,1.812453,1.472651
0.792464,-1.224331,-1.132188,1.882474,1.560806
1.220729,-1.06182,-1.044979,1.940557,1.645472
1.220729,-0.452391,-0.476616,1.986657,1.71372
1.220729,-0.371145,-0.314226,2.023919,1.787382
1.220729,-0.005491,0.010553,2.03941,1.872964
1.220729,0.319531,0.335332,2.044,1.97025
1.220729,0.116388,0.254137,2.044,2.059648
1.006597,0.603938,0.575909,2.043537,2.132136
1.220729,0.603938,0.660111,2.030858,2.168379
1.220729,0.563306,0.578916,2.005712,2.19705
1.220729,0.64457,0.660111,1.970671,2.206
0.792464,0.563306,0.572902,1.921185,2.206
1.006597,0.563306,0.657104,1.845398,2.206
0.578333,0.400795,0.4887,1.754591,2.19845
0.578333,0.685185,0.651089,1.642393,2.173684
0.578333,0.807081,0.651089,1.524366,2.142427
0.578333,0.685185,0.651089,1.389235,2.110133
0.578333,0.847695,0.813479,1.262457,2.068904
-0.278197,0.807081,0.80145,1.137885,2.023375
-0.278197,0.685185,0.639061,1.005045,1.964854
-0.492329,0.64457,0.636053,0.893182,1.897586
-0.492329,0.725817,0.717248,0.7944,1.834035
-0.492329,0.725817,0.717248,0.722875,1.7825
-0.706461,0.807081,0.87663,0.684689,1.731299
-0.706461,0.928959,0.87663,0.683585,1.670933
-0.492329,0.807081,0.798443,0.683585,1.642222
-0.706461,0.888327,0.87663,0.685758,1.583712
-0.492329,0.888327,0.879638,0.732614,1.510298
-0.278197,0.969591,0.882645,0.771997,1.464137
-0.064064,0.807081,0.885652,0.83167,1.398577
0.150068,0.847695,0.807464,0.908471,1.322672
0.150068,0.603938,0.72627,0.9954,1.245
0.578333,0.725817,0.32631,1.084916,1.167674
0.792464,0.563306,0.572902,1.174256,1.092035
1.006597,0.928959,0.981883,1.260486,1.018593
0.792464,0.807081,0.897681,1.33256,0.963949
0.792464,0.847695,0.816486,1.413819,0.916012
1.006597,1.010223,0.981883,1.483581,0.89125
1.006597,0.766449,0.819493,1.504525,0.889
1.006597,0.807081,0.819493,1.504525,0.889
1.006597,0.766449,0.738299,1.504525,0.889
1.006597,0.847695,0.900688,1.490802,0.908388
1.220729,0.928959,0.98489,1.437106,0.956863
1.220729,1.010223,0.98489,1.352251,1.03542
1.006597,0.725817,0.657104,1.243848,1.12396
1.006597,0.807081,0.819493,1.141946,1.197025
1.006597,0.847695,0.900688,1.00905,1.28637
0.792464,0.807081,0.897681,0.891286,1.360999
1.006597,0.766449,0.819493,0.797515,1.426751
1.006597,0.807081,0.819493,0.709121,1.48531
1.006597,1.010223,0.981883,0.635034,1.529334
1.006597,0.766449,0.738299,0.584543,1.562355
1.006597,0.766449,0.819493,0.552168,1.58098
0.792464,0.807081,0.816486,0.529532,1.590355
1.006597,0.766449,0.738299,0.518689,1.59718
1.006597,0.64457,0.738299,0.517571,1.603866
1.006597,0.725817,0.819493,0.517,1.607778
1.006597,0.807081,0.819493,0.514406,1.611969
1.006597,0.766449,0.819493,0.507741,1.618431
1.006597,0.725817,0.738299,0.49087,1.623383
0.792464,0.725817,0.735291,0.49,1.62865
1.006597,0.807081,0.819493,0.489536,1.633561
0.792464,0.766449,0.735291,0.488729,1.635856
1.006597,0.888327,0.900688,0.488777,1.641595
1.220729,0.64457,0.660111,0.488173,1.645
1.220729,0.725817,0.741306,0.487102,1.645
1.006597,0.685185,0.657104,0.485599,1.645
1.220729,0.766449,0.741306,0.485298,1.645
1.006597,0.685185,0.738299,0.48148,1.644381
1.006597,0.807081,0.900688,0.473195,1.643102
1.006597,0.725817,0.738299,0.466446,1.641417
1.006597,0.766449,0.819493,0.464846,1.641503
0.792464,0.847695,0.816486,0.463692,1.641959
1.006597,1.050838,0.981883,0.462538,1.642415
1.006597,0.888327,0.900688,0.461513,1.642821
1.220729,1.010223,0.98489,0.460359,1.643277
0.792464,0.807081,0.816486,0.459205,1.643733
1.006597,0.888327,0.900688,0.458051,1.644189
1.006597,0.563306,0.575909,0.456897,1.644645
1.006597,0.685185,0.738299,0.453814,1.647975
1.220729,0.685185,0.578916,0.441299,1.666754
1.434861,0.563306,0.500729,0.438164,1.685937
1.434861,0.482042,0.419534,0.438164,1.703792
1.648994,0.278916,0.341346,0.438164,1.726199
1.434861,0.197652,0.17595,0.445394,1.744394
1.434861,0.15702,0.094755,0.463,1.763714
1.434861,-0.208634,-0.230024,0.4875,1.787375
1.434861,-0.249249,-0.311219,0.517238,1.812052
1.220729,-0.533656,-0.476616,0.554898,1.85033
1.434861,-0.655534,-0.717193,0.5957,1.902316
1.220729,-0.899309,-0.801395,0.646811,1.956711
1.006597,-0.899309,-0.885597,0.694625,1.996875
0.578333,-0.736798,-0.810416,0.751372,2.037068
0.578333,-0.818045,-0.891611,0.822082,2.075215
0.578333,-0.614902,-0.648027,0.899888,2.090956
0.150068,-0.655534,-0.654041,0.979477,2.090956
-0.278197,-0.411777,-0.497666,1.060303,2.090956
0.150068,-0.289881,-0.410457,1.138394,2.082473
-0.278197,0.15702,0.151892,1.216045,2.037613
-0.492329,0.15702,0.148885,1.275086,1.985211
-0.706461,0.15702,0.145878,1.331623,1.913298
-0.706461,0.15702,0.145878,1.352,1.876
-1.134725,0.116388,0.139863,1.388672,1.802532
-1.348857,0.278916,0.299245,1.440153,1.686631
-1.56299,0.441427,0.458628,1.488387,1.564328
-1.134725,0.441427,0.464642,1.548106,1.414968
-1.348857,0.563306,0.54283,1.61375,1.27965
-1.348857,0.603938,0.54283,1.682985,1.165247
-1.348857,0.441427,0.54283,1.751502,1.072424
-1.56299,0.522674,0.458628,1.833983,0.98705
-1.777122,0.035141,0.049647,1.90824,0.921889
-1.777122,0.075773,0.049647,1.99036,0.873369
-1.348857,-0.208634,-0.187923,2.050496,0.865014
-1.348857,-0.452391,-0.350313,2.10778,0.865014
-1.348857,-0.493023,-0.512702,2.161204,0.865014
-1.777122,-0.614902,-0.681106,2.211074,0.894429
-1.348857,-0.696166,-0.756286,2.256428,0.952884
-1.56299,-1.102452,-1.084073,2.277625,1.017558
-1.56299,-0.980556,-1.084073,2.295031,1.098985
-1.348857,-1.468106,-1.081065,2.301076,1.184513
-0.706461,-1.955638,-1.965186,2.305711,1.286346
-1.134725,-2.077517,-2.052395,2.319764,1.386573
-0.920593,-1.752496,-1.968193,2.324113,1.498218
-0.492329,-1.793128,-1.799789,2.324113,1.595009
-0.706461,-1.711864,-1.640407,2.324113,1.720417
-0.706461,-1.508721,-1.478018,2.299866,1.835146
-1.134725,-1.183699,-1.240448,2.248278,1.940299
-0.920593,-1.021188,-1.23744,2.192984,2.02263
-0.706461,-0.939941,-0.990849,2.154158,2.042059
-0.064064,-0.493023,-0.494659,2.107857,2.042059
-0.706461,-0.168002,-0.260096,2.048074,2.042059
-0.706461,0.035141,0.064683,1.991173,2.030162
-0.706461,0.278916,0.308267,1.967898,1.944625
-0.706461,0.197652,0.308267,1.950078,1.849195
-0.492329,0.400795,0.23008,1.932487,1.723412
-0.492329,0.807081,0.798443,1.908217,1.631817
-0.064064,0.807081,0.804457,1.861562,1.524559
-0.064064,1.050838,1.048042,1.81575,1.420375
-0.064064,1.172734,1.210431,1.766846,1.31117
0.150068,0.969591,0.888659,1.71736,1.204629
-0.064064,1.294613,1.210431,1.666975,1.135131
0.150068,1.213349,1.375828,1.611228,1.041724
0.3642,1.457124,1.378835,1.529271,0.957289
0.578333,1.294613,1.300647,1.455402,0.902418
0.3642,1.253981,1.29764,1.377984,0.861
0.3642,1.213349,1.216445,1.31571,0.8475
0.3642,0.969591,1.054056,1.234042,0.8475
0.792464,0.685185,0.654097,1.166387,0.8475
1.006597,0.563306,0.575909,1.091482,0.854149
0.792464,0.807081,0.735291,1.04159,0.883218
1.220729,0.725817,0.741306,1.002333,0.927888
1.220729,0.725817,0.741306,0.949875,1.010084
1.220729,0.64457,0.660111,0.882387,1.090145
1.220729,0.603938,0.660111,0.823219,1.170535
1.220729,0.360163,0.335332,0.761617,1.271156
1.434861,0.319531,0.338339,0.708649,1.39877
1.434861,0.238284,0.257144,0.67965,1.505083
1.434861,0.15702,0.17595,0.670544,1.60124
1.648994,-0.046123,0.016567,0.670169,1.704508
1.434861,0.035141,0.01356,0.670169,1.793964
1.648994,-0.12737,-0.064627,0.673059,1.884238
1.648994,-0.208634,-0.145822,0.692858,1.96703
1.863126,-0.289881,-0.386399,0.729629,2.043929
1.648994,-0.452391,-0.389406,0.776059,2.106078
1.434861,-0.696166,-0.635998,0.831065,2.15348
1.434861,-0.736798,-0.717193,0.963608,2.199303
1.220729,-0.939941,-0.801395,1.048735,2.232069
1.006597,-1.06182,-1.047986,1.103318,2.242
1.006597,-0.858677,-1.047986,1.172923,2.242
1.006597,-0.980556,-0.966791,1.245304,2.242
0.578333,-0.899309,-0.891611,1.311702,2.23571
0.578333,-0.736798,-0.729221,1.344791,2.199772
0.3642,-0.574288,-0.651034,1.359033,2.153387
0.792464,-0.411777,-0.401435,1.372365,2.091575
-0.064064,-0.330513,-0.332269,1.390544,2.027113
-0.064064,-0.493023,-0.494659,1.409369,1.94094
-0.492329,0.15702,0.148885,1.432526,1.867814
-0.920593,0.075773,0.061676,1.456087,1.768746
-1.134725,0.197652,0.221058,1.48,1.66
-1.134725,0.441427,0.383447,1.514187,1.558313
-0.920593,0.522674,0.467649,1.565017,1.433814
-1.134725,0.482042,0.464642,1.626589,1.308618
-1.134725,0.522674,0.464642,1.690084,1.192166
-1.348857,0.360163,0.38044,1.74699,1.10124
-0.920593,0.238284,0.224065,1.82043,1.003962
-1.348857,0.116388,0.055661,1.902264,0.922797
-1.56299,-0.046123,-0.028541,1.958342,0.869394
-1.348857,-0.005491,-0.025534,2.047295,0.847308
-1.777122,-0.493023,-0.518717,2.138303,0.847308
-1.56299,-0.533656,-0.515709,2.209909,0.847308
-1.134725,-0.411777,-0.509695,2.26542,0.866102
-1.348857,-0.696166,-0.675092,2.301799,0.910572
-1.56299,-1.021188,-1.084073,2.338835,0.982874
-1.777122,-1.102452,-1.08708,2.399792,1.088093
-2.205386,-1.427474,-1.417873,2.42301,1.198213
-1.348857,-1.793128,-1.811818,2.4245,1.309032
-0.278197,-1.874374,-1.877977,2.4245,1.406619
0.3642,-1.711864,-1.706566,2.424305,1.515737
0.792464,-1.589985,-1.619357,2.418696,1.623014
1.006597,-1.508721,-1.535155,2.378948,1.747703
1.434861,-1.305595,-1.204361,2.30674,1.84805
1.220729,-1.06182,-1.044979,2.208102,1.944657
1.220729,-0.939941,-0.882589,2.122762,2.031559
1.006597,-0.736798,-0.642012,2.018508,2.100194
1.434861,-0.655534,-0.635998,1.920324,2.159576
1.434861,-0.574288,-0.554803,1.823519,2.216308
1.220729,-0.452391,-0.395421,1.7052,2.266474
1.434861,-0.330513,-0.311219,1.604427,2.276412
1.434861,-0.249249,-0.230024,1.529167,2.280055
1.434861,-0.046123,-0.067635,1.453117,2.285719
1.220729,-0.046123,-0.070642,1.366201,2.285234
1.006597,-0.046123,0.007546,1.263427,2.2778
1.220729,0.035141,0.091748,1.164875,2.276412
1.006597,0.278916,0.25113,1.083256,2.2677
0.792464,0.522674,0.572902,1.012954,2.235868
0.792464,0.725817,0.572902,0.954762,2.185329
1.006597,1.09147,1.063078,0.864234,2.149961
0.578333,1.050838,1.219453,0.799699,2.115875
0.792464,0.888327,0.897681,0.777547,2.027815
0.3642,0.928959,0.891666,0.762366,1.923822
0.3642,1.09147,1.054056,0.756625,1.80925
0.578333,1.457124,1.463037,0.755,1.707144
0.3642,1.213349,1.216445,0.755,1.588938
0.3642,1.37586,1.378835,0.755,1.478777
-0.064064,1.538388,1.53521,0.756875,1.34877
0.3642,1.294613,1.378835,0.760875,1.259125
0.792464,1.335245,1.303655,0.774496,1.168426
-0.064064,1.132102,1.129236,0.81362,1.053971
-0.492329,1.457124,1.448001,0.851618,0.947727
-0.064064,1.294613,1.291626,0.893895,0.857501
-0.492329,1.335245,1.204417,0.943509,0.779978
-0.278197,1.37586,1.369813,0.991991,0.725586
-0.492329,1.294613,1.366806,1.058171,0.673119
-0.706461,1.294613,1.282604,1.137677,0.632958
-0.706461,1.09147,1.120215,1.203871,0.61846
-0.706461,1.010223,1.03902,1.270584,0.618
-0.920593,1.132102,1.036013,1.335634,0.618
-0.064064,0.563306,0.642068,1.384911,0.618875
-0.492329,0.360163,0.392469,1.415285,0.635385
-0.920593,0.441427,0.386455,1.421141,0.662535
-0.064064,0.238284,0.154899,1.421141,0.71194
0.3642,0.15702,0.079719,1.421141,0.775754
0.578333,-0.005491,0.082726,1.42,0.83
0.792464,-0.330513,-0.401435,1.418863,0.834371
0.792464,-0.574288,-0.48263,1.395059,0.92697
0.792464,-0.614902,-0.563825,1.367912,1.042748
0.578333,-0.818045,-0.810416,1.341625,1.163125
1.006597,-1.143067,-1.129181,1.318546,1.287738
0.578333,-1.427474,-1.378779,1.302422,1.418648
0.792464,-1.508721,-1.538162,1.297028,1.544177
0.3642,-1.671249,-1.706566,1.29659,1.668512
0.150068,-1.915006,-2.115547,1.29659,1.778159
-0.278197,-2.118149,-2.202756,1.297465,1.794375
-0.920593,-1.955638,-1.968193,1.318265,1.891159
-0.920593,-1.630617,-1.562219,1.362375,2.00025
-0.920593,-1.34621,-1.39983,1.425387,2.086764
-1.134725,-1.468106,-1.402837,1.498134,2.14827
-1.348857,-1.34621,-1.405844,1.571855,2.185658
-1.134725,-1.102452,-1.078058,1.634355,2.189725
-1.134725,-1.102452,-1.159253,1.714866,2.189725
-1.348857,-1.508721,-1.730623,1.78877,2.18788
-1.134725,-1.549353,-1.565227,1.913082,2.160555
-0.920593,-1.549353,-1.562219,1.99002,2.117003
-0.920593,-1.589985,-1.562219,2.0418,2.082175
0.150068,-1.468106,-1.384794,2.065425,2.0555
0.3642,-1.508721,-1.462981,2.108296,2.004458
0.792464,-1.386842,-1.375772,2.135782,1.955829
1.006597,-1.102452,-1.047986,2.164468,1.910356
1.006597,-1.143067,-1.129181,2.177572,1.875846
1.220729,-0.574288,-0.476616,2.178019,1.864492
1.434861,-0.655534,-0.554803,2.178019,1.864492
1.220729,-0.330513,-0.314226,2.176742,1.864492
1.220729,-0.330513,-0.314226,2.168117,1.868785
1.434861,-0.12737,-0.148829,2.151649,1.880623
1.220729,-0.12737,-0.151837,2.10706,1.91988
1.434861,0.360163,0.419534,2.04666,1.967188
1.006597,0.319531,0.25113,1.981868,2.007988
1.006597,0.238284,0.25113,1.895114,2.049628
1.006597,0.522674,0.575909,1.777328,2.090834
1.220729,0.441427,0.497722,1.674021,2.119184
0.792464,0.928959,0.897681,1.556323,2.144216
0.578333,0.928959,0.975868,1.447056,2.164
0.792464,1.416492,1.384849,1.343686,2.164
0.792464,1.37586,1.384849,1.234752,2.164
0.578333,1.294613,1.381842,1.132966,2.15675
0.3642,1.172734,1.216445,1.03617,2.125558
0.578333,1.86341,1.869011,0.960283,2.076569
0.3642,1.497756,1.46003,0.895273,2.003138
0.150068,1.538388,1.538217,0.843019,1.919483
0.150068,1.538388,1.538217,0.799226,1.816524
-0.064064,1.538388,1.291626,0.762282,1.709631
-0.064064,1.457124,1.454015,0.753197,1.604186
-0.278197,1.335245,1.369813,0.747804,1.49883
-0.278197,1.253981,1.288619,0.746,1.376253
-0.278197,1.619635,1.288619,0.746,1.3291
-0.706461,1.497756,1.526188,0.746,1.239923
-0.920593,1.294613,1.360792,0.746628,1.114141
-0.920593,1.09147,1.198402,0.756706,1.00177
-1.134725,1.010223,1.033005,0.785799,0.910281
-0.920593,0.725817,0.711234,0.829099,0.834946
-1.134725,0.725817,0.627032,0.875579,0.75539
-1.348857,0.64457,0.624024,0.947401,0.6939
-1.348857,0.766449,0.705219,1.033324,0.642412
-1.134725,0.482042,0.464642,1.125922,0.613668
-1.56299,0.400795,0.458628,1.229618,0.592381
-1.56299,0.319531,0.296238,1.345,0.583973
-1.777122,0.035141,0.049647,1.460203,0.583964
-1.348857,0.116388,0.136856,1.582356,0.583964
-1.56299,-0.208634,-0.19093,1.681741,0.583964
-1.56299,-0.371145,-0.35332,1.786367,0.592953
-1.56299,-0.452391,-0.434515,1.893115,0.616629
-1.134725,-0.614902,-0.59089,1.984819,0.657267
-1.134725,-0.696166,-0.59089,2.056766,0.705954
-0.920593,-0.899309,-0.831467,2.11233,0.75933
-1.134725,-0.574288,-0.509695,2.151264,0.819846
-0.706461,-0.655534,-0.66607,2.174632,0.887266
-0.064064,-0.736798,-0.738243,2.176918,0.958032
0.578333,-0.77743,-0.810416,2.176918,1.050534
0.792464,-0.858677,-0.888604,2.176918,1.119793
1.006597,-0.939941,-0.966791,2.173875,1.194625
1.434861,-0.818045,-0.798387,2.162818,1.246114
1.434861,-0.736798,-0.635998,2.130661,1.306612
1.434861,-0.655534,-0.635998,2.087428,1.368999
1.648994,-0.533656,-0.551796,2.035158,1.435477
1.863126,-0.086738,-0.06162,1.977996,1.4993
1.648994,-0.12737,-0.145822,1.918047,1.564543
1.434861,0.035141,0.01356,1.84246,1.643215
1.434861,0.075773,0.094755,1.747993,1.738533
1.434861,0.15702,0.17595,1.662978,1.826614
1.434861,0.116388,0.094755,1.579014,1.914335
1.434861,0.278916,0.257144,1.495961,1.975974
1.220729,0.197652,0.335332,1.397263,2.040299
0.792464,0.725817,1.06007,1.309197,2.108693
1.220729,0.441427,0.416527,1.237386,2.174159
1.006597,0.603938,0.575909,1.103027,2.237108
0.792464,0.807081,0.816486,1.010669,2.246992
0.792464,1.132102,0.816486,0.929087,2.246992
0.792464,0.888327,0.897681,0.857122,2.246992
0.792464,1.010223,1.06007,0.764485,2.237662
0.578333,0.969591,1.057063,0.700219,2.192594
0.578333,1.132102,1.219453,0.6543,2.1305
0.3642,1.37586,1.29764,0.628,2.055527
0.3642,1.294613,1.378835,0.626,1.98632
0.150068,1.538388,1.457023,0.626,1.896468
0.3642,1.619635,1.541224,0.626,1.786309
0.150068,1.538388,1.538217,0.633723,1.677384
0.150068,1.457124,1.457023,0.657706,1.567729
0.150068,1.294613,1.294633,0.681427,1.46501
0.150068,1.050838,1.132243,0.702042,1.356039
-0.278197,1.213349,1.207424,0.719657,1.241736
-0.064064,1.132102,1.129236,0.736207,1.137689
-0.492329,1.172734,1.204417,0.756356,1.037992
-0.278197,1.213349,1.207424,0.790163,0.919767
-0.706461,1.172734,1.201409,0.834472,0.82246
-0.278197,1.050838,1.126229,0.873862,0.764785
-0.064064,0.807081,0.804457,0.930908,0.715331
-0.278197,0.847695,0.80145,0.991203,0.683348
-0.278197,0.725817,0.720255,1.062114,0.660614
-0.706461,0.522674,0.551851,1.140192,0.6555
-0.278197,0.441427,0.557866,1.219846,0.6555
-0.706461,-0.005491,0.064683,1.296405,0.6555
-0.278197,-0.005491,-0.091692,1.372375,0.6625
-0.492329,-0.289881,-0.338284,1.415631,0.678277
-0.492329,-0.330513,-0.257089,1.439473,0.701508
-0.278197,-0.411777,-0.416471,1.452317,0.733338
-0.492329,-0.696166,-0.744258,1.471336,0.774666
-0.492329,-0.939941,-0.906647,1.493425,0.828414
-0.920593,-0.899309,-0.993856,1.518914,0.892231
-0.492329,-1.06182,-1.150231,1.542176,0.965293
-0.920593,-1.427474,-1.481025,1.570187,1.055662
-0.920593,-1.630617,-1.643414,1.628154,1.172975
-0.706461,-1.468106,-1.478018,1.681121,1.240861
-0.492329,-2.036902,-2.043374,1.745981,1.328944
-0.278197,-1.793128,-1.877977,1.801499,1.420741
-0.492329,-1.915006,-1.962179,1.8524,1.5149
0.150068,-1.549353,-1.953157,1.901261,1.611476
0.578333,-1.508721,-1.459974,1.94581,1.689685
0.792464,-1.711864,-1.538162,1.964733,1.768415
1.006597,-1.711864,-1.697544,1.989546,1.864058
1.006597,-1.305595,-1.210376,1.996558,1.946387
1.220729,-1.386842,-1.369758,1.997302,2.036394
1.220729,-0.818045,-0.801395,1.997302,2.094875
1.434861,-0.899309,-0.798387,1.994488,2.1609
1.434861,-0.614902,-0.554803,1.978565,2.213006
1.648994,-0.77743,-0.714185,1.943755,2.250674
1.648994,-0.655534,-0.551796,1.9008,2.27518
1.434861,0.035141,0.094755,1.840163,2.306727
1.863126,-0.086738,-0.06162,1.762403,2.327826
1.648994,0.116388,-0.145822,1.663272,2.350928
1.434861,-0.005491,0.094755,1.542406,2.372277
1.220729,0.075773,0.091748,1.427403,2.381138
1.434861,0.075773,0.094755,1.306169,2.389848
1.648994,0.197652,0.260152,1.201006,2.390274
1.220729,0.441427,0.497722,1.091807,2.390274
1.220729,0.563306,0.741306,0.987657,2.388491
1.220729,0.603938,0.660111,0.888064,2.372586
1.006597,0.807081,0.819493,0.808371,2.33859
1.006597,0.888327,0.900688,0.742214,2.290933
0.578333,1.172734,1.057063,0.703208,2.23875
0.578333,1.132102,1.138258,0.665746,2.157654
0.578333,1.37586,1.219453,0.644926,2.059966
0.3642,1.294613,1.29764,0.642,1.950033
0.578333,1.37586,1.300647,0.642,1.834312
0.3642,1.619635,1.622419,0.642,1.735067
0.578333,1.579003,1.463037,0.644914,1.607699
0.3642,1.416492,1.46003,0.65025,1.49572
0.150068,1.416492,1.457023,0.657176,1.391622
0.150068,1.538388,1.457023,0.663944,1.349266
0.150068,1.457124,1.538217,0.691919,1.212235
-0.064064,1.457124,1.53521,0.727418,1.073231
-0.064064,1.416492,1.454015,0.756633,0.98486
0.3642,1.37586,1.378835,0.808683,0.891507
-0.064064,1.294613,1.210431,0.867587,0.802544
0.150068,0.847695,0.72627,0.92512,0.7458
0.578333,0.807081,0.813479,0.98625,0.738
0.150068,0.482042,0.56388,1.032236,0.738
0.3642,0.725817,0.648082,1.074917,0.73909
0.578333,0.441427,0.651089,1.112751,0.785255
0.792464,0.238284,0.248123,1.130738,0.845689
0.792464,0.238284,0.166928,1.169532,0.919629
1.006597,0.116388,0.169935,1.169532,1.003
1.006597,-0.005491,0.088741,1.17062,1.1179
1.006597,-0.249249,-0.073649,1.183678,1.242861
1.220729,-0.371145,-0.314226,1.1865,1.376683
1.220729,-0.371145,-0.395421,1.1865,1.50258
1.220729,-0.736798,-0.639005,1.247306,1.619989
1.434861,-0.939941,-0.960777,1.296576,1.736899
1.434861,-0.939941,-0.879582,1.312317,1.850773
1.863126,-0.899309,-1.035957,1.345963,1.948082
1.434861,-1.508721,-1.52914,1.388906,2.051289
1.006597,-1.711864,-1.697544,1.432933,2.124437
1.006597,-1.630617,-1.697544,1.454303,2.182954
0.578333,-1.955638,-1.865948,1.47043,2.224898
0.150068,-2.240028,-2.196741,1.483849,2.257066
-0.064064,-2.361924,-2.280943,1.509728,2.288736
-0.064064,-2.321292,-2.280943,1.573026,2.305459
-1.134725,-1.752496,-1.808811,1.642136,2.305459
-1.134725,-1.99627,-1.890006,1.742605,2.305459
-1.56299,-1.183699,-1.246462,1.837802,2.301951
-1.56299,-1.102452,-1.084073,1.913717,2.276485
-1.56299,-0.939941,-0.921683,2.026929,2.237605
-1.56299,-0.899309,-0.921683,2.105488,2.182404
-1.348857,-0.452391,-0.593897,2.178654,2.085473
-1.348857,0.319531,0.218051,2.251704,1.97711
-1.56299,0.319531,0.215043,2.293411,1.869533
-1.56299,0.278916,0.296238,2.316861,1.781999
-1.348857,0.441427,0.38044,2.328414,1.67254
-1.134725,0.563306,0.545837,2.337705,1.5525
-1.348857,0.725817,0.705219,2.34225,1.428291
-1.348857,0.847695,0.786414,2.3435,1.311891
-1.134725,0.969591,1.1142,2.342694,1.190655
-1.56299,0.847695,0.783407,2.340735,1.068063
-0.920593,1.253981,1.198402,2.332294,0.971287
-0.706461,1.132102,1.120215,2.307875,0.883741
-0.706461,1.213349,1.201409,2.278071,0.817854
-0.492329,1.335245,1.366806,2.230975,0.751969
-0.492329,1.37586,1.285611,2.171117,0.692701
-0.278197,1.457124,1.532203,2.090277,0.658017
0.3642,1.822778,1.784809,1.993992,0.627664
-0.064064,1.660267,1.6976,1.898348,0.610131
0.3642,1.782146,1.866003,1.796034,0.594315
0.150068,1.944657,1.944191,1.703994,0.578563
0.150068,1.944657,1.944191,1.596085,0.560538
0.3642,2.147799,2.109588,1.472191,0.5551
0.3642,2.107167,2.028393,1.358734,0.5551
-0.064064,1.944657,1.941184,1.265834,0.5551
-0.064064,1.86341,1.941184,1.177092,0.555906
0.150068,1.944657,1.862996,1.090124,0.5587
0.150068,1.700899,1.700607,1.004007,0.559634
0.3642,1.457124,1.541224,0.928767,0.566335
-0.064064,1.457124,1.454015,0.871529,0.5735
-0.064064,1.050838,1.048042,0.849442,0.5735
-0.278197,0.969591,0.96384,0.8485,0.5736
-0.278197,0.807081,0.882645,0.8485,0.575
-0.706461,0.075773,0.145878,0.8525,0.576
-0.706461,0.116388,0.064683,0.886999,0.576
-1.134725,-0.086738,-0.103721,0.945894,0.577023
-1.348857,-0.330513,-0.350313,1.01975,0.587386
-1.134725,-0.289881,-0.266111,1.102227,0.608258
-0.706461,-0.614902,-0.66607,1.231029,0.648044
-1.134725,-0.818045,-0.834474,1.322272,0.677497
-1.134725,-1.224331,-1.321642,1.439707,0.719128
-1.348857,-1.671249,-1.649429,1.559299,0.763476
-0.920593,-1.793128,-1.724609,1.64743,0.805557
-1.348857,-1.711864,-1.730623,1.763218,0.880749
-0.492329,-1.549353,-1.556205,1.85063,0.95226
-0.278197,-1.83376,-1.553198,1.943915,1.032621
0.578333,-1.711864,-1.703558,2.023075,1.118612
0.578333,-1.589985,-1.622364,2.069348,1.178728
1.006597,-1.549353,-1.535155,2.107148,1.276529
1.434861,-1.508721,-1.447945,2.136273,1.406741
1.434861,-0.818045,-0.798387,2.16511,1.517956
1.434861,-0.818045,-0.798387,2.1782,1.634006
1.434861,-0.818045,-0.798387,2.1782,1.724409
1.648994,-0.574288,-0.551796,2.1782,1.822853
1.434861,-0.411777,-0.392414,2.171597,1.944218
1.648994,-0.289881,-0.308212,2.129298,2.038475
1.434861,-0.289881,-0.311219,2.10125,2.085125
1.648994,-0.330513,0.016567,2.052018,2.125754
1.434861,-0.086738,-0.148829,1.973016,2.171402
1.220729,-0.168002,-0.151837,1.887118,2.21543
1.220729,0.035141,0.091748,1.773195,2.25473
1.220729,0.116388,0.091748,1.679875,2.2685
1.006597,0.238284,0.25113,1.572516,2.289732
1.006597,0.482042,0.494714,1.455212,2.318937
1.006597,0.969591,0.900688,1.368702,2.347038
0.792464,0.807081,0.816486,1.282904,2.353921
0.792464,0.928959,0.978876,1.18525,2.353921
0.578333,1.172734,1.138258,1.083937,2.353589
0.3642,0.888327,0.891666,1.003985,2.337539
0.150068,1.253981,1.294633,0.946865,2.2979
0.3642,1.538388,1.622419,0.912894,2.242296
0.3642,1.538388,1.541224,0.887704,2.172985
0.150068,1.457124,1.375828,0.800667,2.084155
0.3642,1.37586,1.29764,0.778375,1.982285
0.150068,1.335245,1.132243,0.760732,1.846977
-0.064064,1.335245,1.372821,0.756266,1.731
-0.064064,1.253981,1.291626,0.756266,1.635549
-0.064064,1.213349,1.291626,0.756266,1.539586
-0.278197,1.37586,1.288619,0.762119,1.430871
-0.278197,1.294613,1.288619,0.768017,1.349997
-0.706461,1.294613,1.363799,0.776436,1.231406
-0.492329,1.213349,1.204417,0.793375,1.119875
-0.278197,1.213349,1.207424,0.828237,1.005748
-0.278197,1.050838,1.045034,0.881625,0.916738
-0.064064,1.132102,1.048042,0.929871,0.836776
-0.278197,1.132102,1.045034,0.980192,0.775559
-0.064064,0.563306,0.642068,1.021051,0.732985
0.150068,0.482042,0.482685,1.094351,0.69471
-0.064064,0.319531,0.317289,1.173759,0.671985
0.3642,0.238284,0.242108,1.253877,0.660206
0.150068,-0.086738,-0.004483,1.305255,0.658844
0.578333,-0.086738,-0.079663,1.342652,0.658844
0.3642,-0.005491,-0.082671,1.380722,0.659444
0.578333,-0.289881,-0.323248,1.401336,0.677956
0.578333,-0.452391,-0.485637,1.404302,0.7208
0.792464,-0.574288,-0.563825,1.404302,0.746
0.578333,-0.818045,-0.729221,1.404302,0.768781
1.006597,-0.899309,-0.804402,1.400169,0.864405
1.220729,-1.102452,-1.126174,1.384792,0.953314
1.434861,-1.34621,-1.285556,1.359236,1.080276
1.220729,-1.468106,-1.369758,1.341668,1.223521
0.792464,-1.671249,-1.700551,1.3318,1.353404
0.792464,-1.793128,-1.700551,1.331,1.4945
0.150068,-1.793128,-1.871962,1.331,1.621417
-0.706461,-1.915006,-2.20877,1.33142,1.732148
-1.348857,-1.793128,-1.811818,1.344801,1.826514
-0.920593,-1.468106,-1.39983,1.379536,1.928191
-1.134725,-1.427474,-1.484032,1.416446,2.019716
-0.706461,-1.06182,-0.990849,1.4615,2.074959
-1.134725,-0.980556,-0.996863,1.522798,2.140037
-1.348857,-0.980556,-0.999871,1.596325,2.190809
-1.134725,-0.858677,-0.834474,1.695694,2.20764
-1.348857,-0.696166,-0.512702,1.779163,2.20764
-1.56299,-0.696166,-0.759294,1.873028,2.20764
-1.777122,-0.046123,-0.193937,1.969557,2.198602
-1.777122,-0.046123,-0.031548,2.038772,2.168316
-1.56299,0.075773,-0.028541,2.109827,2.111967
-1.134725,0.482042,0.464642,2.167985,2.048558
-1.56299,0.278916,0.296238,2.218808,1.970895
-1.348857,0.441427,0.461635,2.256255,1.889256
-1.56299,0.969591,0.945796,2.281949,1.806393
-1.134725,0.64457,0.545837,2.289093,1.708241
-1.348857,0.685185,0.705219,2.291464,1.591426
-1.134725,0.685185,0.708226,2.291464,1.487541
-1.134725,0.807081,0.789421,2.291464,1.375114
-0.706461,0.766449,0.714241,2.289982,1.295554
-0.920593,0.807081,0.711234,2.28005,1.184765
-0.492329,0.807081,0.879638,2.260993,1.074838
-0.492329,0.563306,0.554859,2.227069,0.975277
-0.492329,0.360163,0.392469,2.186981,0.893998
-0.492329,0.197652,0.148885,2.145777,0.829772
-0.064064,0.15702,0.073704,2.100184,0.773188
0.150068,-0.168002,-0.085678,2.058409,0.760535
-0.064064,0.075773,0.073704,1.991503,0.760535
-0.278197,-0.411777,-0.335277,1.927837,0.760535
-0.064064,-0.411777,-0.494659,1.849415,0.773709
0.150068,-0.736798,-0.735236,1.779573,0.823154
0.150068,-1.143067,-0.654041,1.733045,0.879203
0.578333,-1.143067,-1.135195,1.692805,0.950585
1.006597,-1.143067,-1.210376,1.667521,1.028884
1.220729,-1.102452,-1.044979,1.654069,1.120462
1.006597,-1.06182,-1.047986,1.641474,1.221881
1.006597,-1.102452,-1.129181,1.62595,1.315327
1.434861,-0.858677,-0.879582,1.612653,1.43553
1.434861,-0.899309,-0.879582,1.603191,1.556019
1.434861,-0.533656,-0.473608,1.589157,1.639743
1.648994,-0.371145,-0.308212,1.558706,1.749258
1.434861,-0.12737,-0.230024,1.515929,1.861157
1.863126,-0.208634,-0.142815,1.47006,1.972728
1.434861,0.075773,0.01356,1.41775,2.068904
1.434861,-0.046123,-0.067635,1.392638,2.123194
1.220729,0.075773,0.010553,1.37622,2.133365
1.220729,0.116388,0.254137,1.344903,2.161252
1.006597,0.319531,0.332325,1.254561,2.1695
1.006597,0.563306,0.494714,1.176788,2.1695
1.006597,0.563306,0.575909,1.102503,2.1695
0.792464,0.847695,0.654097,1.050548,2.149218
1.006597,0.969591,0.981883,1.008506,2.114338
0.792464,0.807081,0.816486,0.86168,2.083656
0.3642,1.050838,1.054056,0.797954,2.040098
0.578333,1.132102,1.057063,0.77918,1.935403
0.578333,1.213349,1.219453,0.771355,1.826867
0.150068,1.538388,1.457023,0.768662,1.699298
0.3642,1.700899,1.622419,0.767395,1.626094
0.150068,1.538388,1.538217,0.762227,1.523147
0.150068,1.741514,1.862996,0.75068,1.391104
0.150068,1.782146,1.781802,0.745723,1.262343
0.150068,1.497756,1.538217,0.745723,1.144131
0.150068,1.294613,1.294633,0.745723,1.025923
-0.064064,1.294613,1.291626,0.749149,0.925525
-0.492329,1.335245,1.204417,0.777277,0.85299
-0.492329,1.09147,1.123222,0.821097,0.793279
-0.706461,1.010223,1.03902,0.863921,0.75167
-0.706461,1.09147,1.03902,0.926773,0.717455
-1.134725,0.725817,0.627032,1.008809,0.6918
-1.56299,0.603938,0.539823,1.104181,0.668875
-1.56299,0.522674,0.539823,1.186833,0.654436
-1.991254,0.238284,0.127834,1.29437,0.63891
-1.348857,-0.046123,-0.106728,1.372459,0.628715
-1.348857,-0.208634,-0.269118,1.465939,0.622774
-1.56299,-0.371145,-0.515709,1.57758,0.622774
-1.777122,-0.574288,-0.599911,1.653302,0.622774
-1.991254,-0.614902,-0.602918,1.769551,0.629265
-1.56299,-0.77743,-0.840488,1.87455,0.673462
-1.348857,-1.06182,-1.081065,1.997061,0.718716
-1.134725,-1.427474,-1.646421,2.078885,0.772946
-1.348857,-1.264963,-1.32465,2.167245,0.822568
-0.706461,-1.427474,-1.396823,2.227081,0.883707
-0.492329,-2.118149,-2.124568,2.264563,0.978928
0.150068,-1.793128,-1.871962,2.329808,1.080373
-0.064064,-1.671249,-1.71258,2.407667,1.182294
-0.064064,-1.793128,-1.956164,2.415605,1.27206
0.3642,-1.955638,-1.95015,2.416459,1.368644
0.578333,-1.874374,-1.865948,2.416542,1.4565
0.792464,-1.915006,-1.944136,2.414747,1.551675
0.578333,-1.752496,-1.784753,2.41208,1.631123
0.792464,-1.793128,-1.781746,2.380369,1.762458
0.3642,-1.793128,-1.78776,2.282734,1.888953
0.578333,-1.711864,-1.703558,2.205674,1.989719
-0.064064,-1.468106,-1.550191,2.146183,2.089651
-0.064064,-1.224331,-1.225412,2.078,2.184375
-0.064064,-0.899309,-0.981827,2.0216,2.252367
-0.492329,-0.939941,-0.987842,1.959103,2.311308
-0.064064,-0.980556,-0.900633,1.892677,2.346373
-0.492329,-0.818045,-0.825452,1.857851,2.349411
-0.706461,-0.493023,-0.422486,1.807341,2.349411
-0.706461,-0.411777,-0.341291,1.775147,2.349411
-0.706461,-0.005491,-0.016512,1.757844,2.34327
-0.920593,0.035141,-0.100714,1.7466,2.3238
-0.706461,0.238284,0.227072,1.74525,2.285913
-0.278197,0.360163,0.395476,1.745,2.217652
-0.278197,0.441427,0.395476,1.745,2.143433
-1.134725,1.050838,1.195395,1.745,2.039119
-0.278197,1.050838,1.126229,1.7468,1.933085
-0.064064,1.050838,1.048042,1.7475,1.808049
0.150068,1.132102,1.132243,1.7475,1.685923
-0.064064,1.619635,1.616405,1.7477,1.571634
-0.278197,1.660267,1.613398,1.743131,1.458866
-0.064064,1.538388,1.616405,1.737731,1.350871
-0.064064,1.782146,1.6976,1.7287,1.22375
0.150068,1.86341,1.862996,1.691492,1.097303
-0.064064,1.86341,1.778794,1.646112,1.017625
0.150068,1.619635,1.700607,1.588822,0.936211
0.3642,1.538388,1.541224,1.531323,0.858935
0.578333,1.335245,1.300647,1.470149,0.803485
0.578333,1.37586,1.463037,1.394609,0.755315
1.006597,1.294613,1.306662,1.326956,0.717612
0.578333,1.294613,1.300647,1.270113,0.688614
0.792464,1.294613,1.22246,1.20008,0.669735
1.006597,0.766449,0.819493,1.13762,0.668057
1.006597,0.482042,0.494714,1.053645,0.668057
1.434861,0.603938,0.581923,0.978159,0.668057
1.434861,0.64457,0.663118,0.929946,0.67743
1.434861,0.969591,1.150287,0.88844,0.708134
1.648994,0.482042,0.260152,0.841432,0.749019
1.648994,0.522674,0.503736,0.796298,0.808801
1.434861,0.319531,0.419534,0.75569,0.89495
1.648994,0.197652,0.260152,0.738973,0.968471
1.648994,0.116388,0.260152,0.722269,1.072363
1.434861,-0.046123,0.01356,0.705813,1.17473
1.648994,-0.12737,-0.145822,0.688972,1.27538
1.648994,-0.411777,-0.389406,0.666221,1.394621
1.434861,-0.614902,-0.635998,0.64238,1.5158
1.434861,-0.696166,-0.635998,0.619552,1.633137
1.434861,-0.736798,-0.798387,0.60525,1.728969
1.006597,-0.77743,-0.804402,0.603,1.821012
1.006597,-0.858677,-0.804402,0.603,1.915286
0.578333,-1.102452,-0.972806,0.603096,1.983956
0.792464,-1.468106,-1.375772,0.610117,2.047186
0.3642,-1.468106,-1.381787,0.63146,2.088898
-0.064064,-1.671249,-1.631385,0.674707,2.130741
-0.278197,-1.06182,-0.822445,0.733201,2.160578
-0.278197,-1.386842,-1.472003,0.808135,2.181758
-0.064064,-1.102452,-1.144217,0.887062,2.191241
-1.134725,-1.021188,-1.078058,0.899367,2.192
-1.134725,-0.899309,-0.915669,0.988693,2.192
-1.348857,-0.655534,-0.918676,1.124875,2.1915
-1.348857,-0.371145,-0.431507,1.255513,2.183787
-1.348857,-0.249249,-0.025534,1.383312,2.16643
-1.134725,-0.12737,-0.103721,1.481242,2.147084
-1.348857,0.116388,0.055661,1.565689,2.116442
-1.56299,0.15702,0.215043,1.640749,2.083307
-1.56299,0.278916,0.133849,1.739509,2.035057
-1.777122,0.400795,0.536815,1.835769,1.988911
-1.348857,0.563306,0.54283,1.923722,1.930457
-1.134725,0.64457,0.627032,2.025368,1.858211
-1.134725,0.766449,0.708226,2.079412,1.787796
-1.348857,0.847695,0.867609,2.135486,1.694331
-0.920593,0.888327,0.873623,2.182359,1.59241
-0.706461,1.010223,1.03902,2.23475,1.4826
-0.920593,1.050838,1.036013,2.253302,1.374739
-0.492329,1.132102,1.042027,2.253302,1.26744
-0.920593,1.132102,1.117207,2.253302,1.131726
-0.278197,1.538388,1.451008,2.252376,1.031241
-0.278197,1.457124,1.451008,2.236,0.939091
-0.278197,1.37586,1.451008,2.218118,0.852688
0.150068,1.457124,1.294633,2.191828,0.790077
0.150068,1.416492,1.375828,2.150334,0.717022
-0.278197,1.294613,1.288619,2.108007,0.660902
0.3642,1.213349,1.135251,2.046426,0.621092
0.578333,1.213349,1.219453,1.974053,0.589538
0.578333,1.050838,1.138258,1.906642,0.567169
0.578333,1.132102,1.138258,1.813388,0.555955
0.792464,1.09147,1.141265,1.733501,0.55594
1.006597,0.888327,0.900688,1.636592,0.55594
1.006597,0.64457,0.657104,1.532998,0.556565
1.220729,0.766449,0.741306,1.431327,0.574814
1.220729,0.64457,0.660111,1.342804,0.607395
1.434861,0.64457,0.663118,1.264875,0.648625
1.434861,0.482042,0.500729,1.19997,0.705497
1.434861,0.482042,0.500729,1.120032,0.765794
1.434861,0.360163,0.419534,1.038059,0.840359
1.434861,0.15702,0.17595,0.955143,0.939961
1.648994,0.035141,0.097762,0.880596,1.028614
1.434861,-0.086738,-0.067635,0.827173,1.119256
1.648994,-0.12737,-0.064627,0.766938,1.207
1.648994,-0.168002,-0.145822,0.714189,1.2811
1.648994,-0.12737,-0.227017,0.67547,1.37157
1.648994,-0.12737,-0.064627,0.649022,1.471581
1.648994,-0.12737,-0.145822,0.632397,1.574343
1.434861,0.400795,-0.067635,0.630556,1.662539
1.220729,0.116388,0.091748,0.630556,1.765604
1.220729,0.116388,0.254137,0.630556,1.861697
0.792464,0.15702,0.166928,0.634692,1.942006
0.792464,0.278916,0.329318,0.644221,2.011867
0.578333,0.563306,0.651089,0.660947,2.077389
0.3642,0.725817,0.323303,0.689006,2.129612
0.150068,0.400795,0.401491,0.714166,2.146621
0.150068,0.725817,0.807464,0.736235,2.146621
-0.278197,0.64457,0.639061,0.751454,2.146621
-0.278197,0.725817,0.720255,0.765706,2.141602
-0.278197,0.685185,0.557866,0.785957,2.092353
-0.492329,0.807081,0.798443,0.815099,2.017923
-0.920593,1.010223,0.954818,0.846088,1.930806
-0.920593,1.010223,0.954818,0.881361,1.822855
-0.920593,0.969591,0.954818,0.9125,1.73625
-0.706461,0.766449,0.714241,0.9361,1.6747
-1.348857,0.563306,0.54283,0.976766,1.587651
-1.348857,0.603938,0.54283,1.051613,1.455287
-1.56299,0.603938,0.621017,1.133858,1.328828
-1.348857,0.441427,0.461635,1.218486,1.211298
-1.348857,0.360163,0.38044,1.313922,1.085479
-1.777122,0.075773,0.049647,1.385931,0.9917
-1.348857,-0.046123,-0.106728,1.494082,0.874818
-1.56299,-0.330513,-0.35332,1.591024,0.795484
-1.777122,-0.289881,-0.275132,1.681184,0.747243
-1.348857,-0.818045,-0.837481,1.776879,0.697852
-1.348857,-1.102452,-1.081065,1.840525,0.665973
-1.777122,-1.264963,-1.249469,1.931349,0.659
-1.777122,-1.305595,-1.249469,2.028992,0.659
-1.134725,-1.752496,-1.727616,2.11,0.6608
-0.706461,-2.240028,-2.20877,2.179125,0.695
-0.492329,-2.199413,-2.205763,2.226117,0.730108
-1.348857,-1.955638,-1.974208,2.269218,0.795872
0.578333,-1.955638,-1.947143,2.315597,0.88422
0.578333,-1.711864,-1.622364,2.339432,0.985668
1.648994,-1.549353,-1.444938,2.36575,1.1015
1.434861,-1.386842,-1.447945,2.376364,1.224101
1.434861,-0.980556,-1.447945,2.377,1.357062
1.220729,-0.899309,-0.882589,2.377,1.460682
1.648994,-0.818045,-0.714185,2.376206,1.564304
1.220729,-0.411777,-0.314226,2.374466,1.638786
1.648994,-0.208634,-0.145822,2.354886,1.736152
1.648994,-0.208634,-0.227017,2.312,1.879
1.648994,-0.168002,-0.145822,2.279873,1.975406
1.648994,-0.249249,-0.227017,2.212802,2.076518
1.863126,-0.249249,-0.22401,2.127775,2.175044
1.434861,-0.493023,-0.311219,2.05661,2.2461
1.648994,-0.330513,-0.551796,1.959325,2.310031
1.434861,-0.533656,-0.554803,1.86925,2.344625
1.434861,-0.614902,-0.554803,1.77149,2.362707
1.220729,-0.574288,-0.55781,1.636417,2.38432
1.006597,-0.493023,-0.479623,1.511,2.395783
-0.278197,-0.371145,-0.416471,1.394793,2.401236
-0.064064,-0.493023,-0.494659,1.265139,2.408695
0.150068,-0.086738,-0.491652,1.135429,2.410986
-0.492329,0.15702,0.148885,1.028375,2.412773
-0.706461,0.482042,0.470657,0.9127,2.413883
-0.492329,-0.12737,-0.094699,0.829544,2.413627
-1.134725,0.278916,0.139863,0.789417,2.413
-1.348857,0.238284,0.218051,0.7875,2.412375
-1.348857,0.197652,0.218051,0.7875,2.398491
-1.348857,0.278916,0.299245,0.7819,2.364616
-0.920593,0.603938,0.630039,0.818833,2.321803
-1.56299,0.400795,0.377433,0.901392,2.270463
-1.56299,0.319531,0.296238,0.999771,2.172134
-1.348857,0.482042,0.38044,1.070389,2.089436
-1.56299,0.482042,0.458628,1.147041,1.989096
-1.56299,0.482042,0.458628,1.211952,1.898125
-1.348857,0.360163,0.38044,1.268479,1.802266
-1.56299,0.197652,0.133849,1.343208,1.690131
-1.56299,-0.086738,-0.028541,1.398247,1.584556
-1.56299,-0.208634,-0.272125,1.452361,1.471925
-1.991254,-0.12737,-0.11575,1.514289,1.384855
-1.56299,-0.452391,-0.515709,1.586059,1.274792
-1.56299,-0.655534,-0.678099,1.6602,1.175417
-1.348857,-0.818045,-0.756286,1.742917,1.083367
-1.348857,-0.939941,-0.999871,1.81584,1.007625
-1.348857,-1.630617,-1.568234,1.882044,0.945439
-0.706461,-2.28066,-2.20877,1.965861,0.882996
-0.492329,-2.118149,-2.124568,2.049534,0.830204
-0.064064,-2.077517,-2.118554,2.122994,0.794022
-0.064064,-2.036902,-2.037359,2.190875,0.785889
-0.492329,-1.915006,-1.799789,2.315665,0.785889
0.3642,-1.793128,-1.78776,2.3807,0.785889
0.3642,-1.630617,-1.625371,2.415622,0.79416
0.792464,-1.83376,-1.781746,2.43558,0.839338
0.3642,-1.711864,-1.706566,2.444607,0.905419
0.792464,-1.793128,-1.781746,2.444861,0.972807
-0.064064,-1.386842,-1.550191,2.444861,1.0646
-0.064064,-1.549353,-1.550191,2.443736,1.166913
0.3642,-1.468106,-1.544176,2.432598,1.267288
-0.064064,-1.468106,-1.550191,2.430244,1.365193
-0.064064,-1.021188,-1.063022,2.43,1.470705
-0.492329,-0.330513,-0.419478,2.429742,1.577859
-0.706461,-0.330513,-0.50368,2.429004,1.667745
-1.134725,-0.086738,-0.103721,2.425564,1.760354
-0.706461,0.238284,0.308267,2.37325,1.859875
-0.492329,0.360163,0.392469,2.299753,1.961346
-0.706461,0.603938,0.551851,2.237469,2.038503
-0.278197,0.766449,0.720255,2.179806,2.137407
-0.278197,1.132102,1.126229,2.09868,2.221627
-0.064064,1.213349,1.210431,2.021867,2.293746
-0.492329,1.37586,1.366806,1.947541,2.344997
-0.064064,1.538388,1.454015,1.892055,2.369
0.3642,1.741514,1.784809,1.867485,2.369
0.150068,1.700899,1.700607,1.828889,2.369
0.150068,1.700899,1.781802,1.789812,2.366318
0.150068,1.782146,1.700607,1.769226,2.350692
0.3642,1.619635,1.622419,1.7555,2.327
1.220729,1.294613,1.228474,1.755,2.27709
0.792464,1.050838,1.141265,1.755,2.208746
0.792464,1.132102,1.141265,1.755026,2.122373
0.792464,1.09147,1.141265,1.757721,2.047676
1.006597,1.050838,1.063078,1.7627,1.988035
1.006597,0.969591,0.900688,1.772115,1.871929
1.220729,0.847695,0.822501,1.774,1.734508
1.648994,0.888327,0.828515,1.774,1.613053
1.434861,0.522674,0.581923,1.773702,1.47003
1.648994,0.400795,0.503736,1.764263,1.345228
1.648994,0.522674,0.503736,1.730198,1.219331
1.434861,0.319531,0.581923,1.683581,1.108606
1.863126,0.197652,0.181964,1.640638,1.02083
1.648994,0.075773,0.097762,1.569267,0.924489
1.648994,-0.005491,0.016567,1.484625,0.854094
1.648994,-0.086738,-0.064627,1.400569,0.799538
1.648994,-0.371145,-0.389406,1.312222,0.752818
1.648994,-0.452391,-0.470601,1.249558,0.729711
1.648994,-0.77743,-0.714185,1.148062,0.728
1.648994,-0.818045,-0.79538,1.059375,0.728
1.648994,-0.939941,-0.79538,0.984945,0.733
1.434861,-1.102452,-1.041972,0.921375,0.77125
1.434861,-1.34621,-1.285556,0.87646,0.82466
1.220729,-1.549353,-1.613342,0.834031,0.893314
0.792464,-1.427474,-1.375772,0.802408,0.969997
1.006597,-1.83376,-1.778739,0.780917,1.072147
1.220729,-2.077517,-2.019316,0.75596,1.181756
0.792464,-2.077517,-2.106525,0.733494,1.285386
0.150068,-2.199413,-1.871962,0.696347,1.412182
-0.706461,-2.199413,-2.20877,0.6875,1.504194
-0.706461,-2.28066,-2.289965,0.6875,1.59985
-1.134725,-1.99627,-2.052395,0.6875,1.70036
-0.064064,-2.036902,-2.118554,0.69712,1.817234
0.150068,-1.955638,-1.953157,0.70491,1.912602
-0.278197,-1.630617,-1.634393,0.706956,1.991572
0.3642,-1.427474,-1.462981,0.720087,2.06127
0.3642,-1.224331,-1.219397,0.738945,2.120847
0.150068,-1.06182,-1.14121,0.761892,2.167609
0.3642,-0.696166,-0.732229,0.786086,2.211983
0.792464,-0.330513,-0.239046,0.806303,2.244349
0.792464,-0.330513,-0.401435,0.841135,2.267363
0.578333,-0.168002,-0.242053,0.901926,2.284308
0.578333,-0.086738,-0.079663,0.985991,2.301306
0.3642,0.197652,0.160914,1.068463,2.31971
0.578333,0.238284,0.001531,1.167214,2.337981
0.792464,0.15702,0.248123,1.27653,2.353095
0.792464,0.360163,0.329318,1.377103,2.365087
0.578333,1.050838,1.057063,1.488124,2.367846
0.578333,1.172734,1.138258,1.589297,2.367846
0.578333,1.132102,1.219453,1.680935,2.367815
0.792464,1.213349,1.303655,1.775774,2.361693
0.3642,1.579003,1.541224,1.862393,2.34885
0.578333,1.944657,1.869011,1.957502,2.327104
0.3642,1.904042,1.622419,2.006207,2.317429
0.3642,1.700899,1.703614,2.0329,2.31639
0.150068,1.782146,1.781802,2.034,2.316193
0.3642,1.700899,1.622419,2.034,2.315362
0.150068,1.457124,1.538217,2.032,2.313727
0.150068,1.37586,1.294633,2.003906,2.3135
-0.064064,1.538388,1.53521,1.947534,2.3134
-0.278197,1.37586,1.451008,1.88375,2.296625
-0.278197,1.132102,1.207424,1.846989,2.259328
-0.706461,1.37586,1.526188,1.760625,2.210875
-0.706461,0.969591,0.87663,1.708766,2.157278
-0.920593,0.847695,0.873623,1.601278,2.033735
-0.706461,0.807081,0.795436,1.506768,1.961604
-1.56299,0.969591,0.864602,1.423869,1.882911
-1.348857,0.766449,0.786414,1.343,1.8035
-1.348857,0.64457,0.624024,1.290955,1.751557
-1.348857,0.725817,0.624024,1.204419,1.665657
-1.56299,0.563306,0.539823,1.123437,1.571971
-1.991254,0.482042,0.533808,1.05463,1.480053
-1.56299,0.441427,0.377433,0.980327,1.376523
-1.56299,0.238284,0.296238,0.908624,1.281842
-1.56299,0.238284,0.215043,0.838986,1.186012
-1.348857,-0.086738,-0.106728,0.795583,1.106344
-1.56299,-0.208634,-0.19093,0.744058,1.000924
-1.56299,-0.249249,-0.35332,0.728,0.909521
-1.777122,-0.330513,-0.437522,0.728,0.829955
-1.348857,-0.493023,-0.350313,0.728,0.771172
-1.777122,-0.77743,-0.843496,0.742607,0.724809
-1.56299,-1.06182,-1.084073,0.791883,0.686302
-1.777122,-1.06182,-1.168275,0.854542,0.651772
-1.348857,-1.468106,-1.32465,0.940472,0.62075
-1.56299,-1.427474,-1.490046,1.038725,0.601867
-1.134725,-1.711864,-1.808811,1.143432,0.590314
-0.706461,-2.036902,-2.127576,1.246908,0.580562
-0.920593,-1.99627,-1.968193,1.354132,0.568917
-0.064064,-2.036902,-2.118554,1.471052,0.551115
0.150068,-2.077517,-2.034352,1.5973,0.543409
0.3642,-1.83376,-1.78776,1.704621,0.543409
0.578333,-1.589985,-1.622364,1.799012,0.543409
0.792464,-1.427474,-1.375772,1.896791,0.545358
1.006597,-1.427474,-1.45396,1.986054,0.559156
1.006597,-1.468106,-1.372765,2.066143,0.578107
1.434861,-1.183699,-1.123166,2.138241,0.616826
1.220729,-0.939941,-0.882589,2.198474,0.668071
1.006597,-0.858677,-0.885597,2.221212,0.720295
1.220729,-0.574288,-0.395421,2.250363,0.797992
1.006597,-0.736798,-0.723207,2.291755,0.870496
1.006597,-0.371145,-0.398428,2.323896,0.975816
1.006597,-0.249249,-0.236038,2.353508,1.081283
1.220729,0.15702,0.335332,2.374828,1.167531
1.006597,0.238284,0.25113,2.420149,1.254986
1.006597,0.197652,0.25113,2.463375,1.343958
0.792464,0.360163,0.410512,2.498116,1.449295
0.792464,0.563306,0.572902,2.499727,1.550248
0.792464,0.766449,0.735291,2.499727,1.64225
0.792464,0.847695,0.897681,2.499627,1.750559
0.792464,1.132102,1.141265,2.488627,1.84627
0.792464,1.538388,1.466044,2.433031,1.941423
0.3642,1.497756,1.46003,2.365688,2.026546
0.578333,1.416492,1.381842,2.250062,2.109233
0.3642,1.619635,1.622419,2.160323,2.179442
-0.064064,1.86341,1.778794,2.086409,2.238652
0.578333,1.700899,1.706621,1.999593,2.292037
0.3642,1.700899,1.784809,1.901905,2.331051
0.3642,1.700899,1.703614,1.796307,2.352583
0.3642,1.579003,1.541224,1.687858,2.355351
0.3642,1.294613,1.378835,1.590226,2.355351
0.150068,1.294613,1.294633,1.501046,2.355276
0.150068,1.213349,1.213438,1.407709,2.339621
0.150068,1.294613,1.213438,1.323805,2.298643
-0.278197,1.37586,1.288619,1.261471,2.249502
-0.278197,1.213349,1.045034,1.195311,2.193053
-0.278197,1.294613,1.207424,1.125521,2.127119
-0.278197,0.888327,0.882645,1.059008,2.041488
-0.706461,1.010223,0.957825,1.006492,1.95502
-0.706461,1.050838,1.03902,0.957312,1.859083
-0.492329,1.010223,1.042027,0.915818,1.761739
-0.920593,0.969591,0.954818,0.875168,1.65414
-0.920593,1.050838,0.954818,0.839878,1.556517
-0.920593,0.807081,0.873623,0.822708,1.442827
-0.706461,0.685185,0.633046,0.815313,1.322662
-0.706461,0.64457,0.633046,0.796364,1.222799
-0.706461,0.522674,0.470657,0.77326,1.113588
-0.706461,0.197652,0.145878,0.748523,1.021331
-0.920593,-0.086738,-0.019519,0.704841,0.89815
-0.492329,-0.005491,-0.094699,0.689,0.822081
-0.278197,-0.168002,-0.172887,0.689,0.758586
-0.278197,-0.452391,-0.416471,0.69,0.721009
-0.064064,-0.452391,-0.494659,0.694125,0.694003
-0.064064,-0.655534,-0.657048,0.738834,0.676427
0.3642,-0.899309,-1.057008,0.806549,0.666615
0.150068,-1.305595,-1.303599,0.89888,0.65518
0.578333,-1.589985,-1.622364,1.00982,0.64424
0.150068,-1.630617,-1.628378,1.111084,0.635226
0.578333,-1.874374,-1.784753,1.227149,0.627131
0.150068,-1.793128,-1.790768,1.340482,0.616232
0.3642,-1.955638,-1.95015,1.519125,0.600499
-0.064064,-2.036902,-2.118554,1.686167,0.596618
-0.278197,-2.199413,-2.202756,1.771711,0.596618
-0.278197,-1.99627,-2.040366,1.847105,0.596618
-1.56299,-2.077517,-2.139604,1.88975,0.607156
-1.348857,-2.036902,-2.055402,1.893,0.643116
-1.348857,-1.83376,-1.811818,1.893,0.687929
-1.56299,-1.630617,-1.571241,1.882181,0.759368
-1.348857,-1.34621,-1.405844,1.852856,0.856469
-1.348857,-1.305595,-1.405844,1.847893,0.960096
-1.348857,-1.021188,-1.081065,1.837839,1.071607
-1.56299,-0.858677,-1.002878,1.831892,1.121179
-1.777122,-0.858677,-0.762301,1.802014,1.212842
-1.56299,-0.574288,-0.596904,1.763592,1.35693
-1.777122,-0.330513,-0.356327,1.735353,1.482813
-1.56299,-0.289881,-0.35332,1.716145,1.615609
-1.56299,-0.289881,-0.272125,1.691929,1.746295
-1.134725,0.319531,0.221058,1.687,1.853634
-1.348857,0.238284,0.218051,1.687,1.952519
-1.348857,0.441427,0.38044,1.6894,2.055255
-1.348857,0.278916,0.299245,1.721768,2.119007
-1.348857,0.888327,0.786414,1.735191,2.159385
-1.348857,0.766449,0.705219,1.77803,2.196652
-0.920593,0.685185,0.630039,1.831534,2.229266
-0.706461,0.847695,1.03902,1.88581,2.2531
-0.492329,0.888327,0.960832,1.960319,2.2531
-0.706461,0.766449,0.795436,2.005648,2.2531
-0.920593,0.969591,1.279597,2.069941,2.242273
-0.492329,1.213349,1.204417,2.127191,2.216937
-0.706461,1.132102,1.120215,2.169804,2.177771
-0.278197,1.213349,1.207424,2.205435,2.13285
0.150068,1.09147,1.132243,2.25581,2.055475
0.150068,0.807081,0.888659,2.297372,1.95885
-0.064064,1.213349,1.129236,2.31775,1.85325
0.150068,1.132102,1.132243,2.319,1.753382
0.3642,0.969591,1.054056,2.319,1.639086
0.3642,1.050838,1.054056,2.318158,1.533194
0.792464,1.010223,0.978876,2.309333,1.429458
0.792464,0.64457,0.654097,2.296123,1.336377
0.792464,0.603938,0.654097,2.257879,1.235122
1.006597,0.807081,0.738299,2.222926,1.137515
1.220729,0.766449,0.741306,2.183164,1.056773
1.648994,1.619635,2.533605,2.137306,0.980334
1.220729,0.64457,0.660111,2.082336,0.918867
1.434861,0.360163,0.419534,2.01924,0.850551
1.434861,0.238284,0.338339,1.950182,0.798695
1.434861,0.278916,0.257144,1.872036,0.751559
1.434861,0.197652,0.257144,1.781011,0.714351
1.648994,0.035141,0.016567,1.6945,0.686875
1.434861,-0.005491,0.01356,1.611405,0.684
1.648994,-0.168002,-0.145822,1.529603,0.684
1.648994,-0.371145,-0.308212,1.46065,0.6848
1.648994,-0.411777,-0.470601,1.385954,0.707297
1.648994,-0.655534,-0.632991,1.345559,0.73298
1.648994,-0.818045,-0.876575,1.272183,0.780296
1.648994,-0.939941,-0.95777,1.209715,0.836147
1.434861,-1.183699,-1.285556,1.140196,0.91952
1.434861,-1.305595,-1.285556,1.083796,0.990202
1.220729,-1.468106,-1.369758,1.016798,1.079936
1.006597,-1.305595,-1.372765,0.946136,1.186348
1.006597,-0.980556,-1.047986,0.869,1.27875
0.792464,-0.736798,-0.726214,0.778206,1.426274
0.578333,-0.899309,-0.810416,0.734437,1.531024
0.578333,-0.77743,-0.729221,0.697085,1.641228
0.3642,-0.736798,-0.732229,0.688523,1.703909
-0.064064,-0.493023,-0.494659,0.688886,1.774456
0.3642,-0.249249,-0.40745,0.688886,1.855153
-0.064064,-0.168002,-0.16988,0.691568,1.92671
0.150068,0.15702,0.157906,0.711989,2.005243
-0.064064,0.15702,0.236094,0.746204,2.070535
-0.492329,0.807081,0.798443,0.781859,2.125424
-0.278197,0.563306,0.395476,0.8263,2.181
-0.706461,0.64457,0.633046,0.882665,2.234013
-0.492329,0.482042,0.473664,0.951122,2.276792
-0.706461,0.563306,0.551851,1.012494,2.302539
-0.706461,0.847695,0.551851,1.102761,2.305512
-0.706461,0.725817,0.714241,1.194127,2.305512
-1.134725,1.010223,0.951811,1.291,2.305512
-1.348857,0.928959,0.948803,1.351647,2.282715
-1.134725,0.725817,0.708226,1.400581,2.232423
-1.348857,0.685185,0.705219,1.432119,2.163252
-1.134725,0.563306,0.545837,1.463303,2.075983
-1.134725,0.563306,0.708226,1.485235,1.979759
-1.348857,0.522674,0.54283,1.499315,1.874161
-1.348857,0.482042,0.461635,1.50525,1.755734
-1.777122,0.319531,0.212036,1.509046,1.633415
-1.348857,0.116388,0.136856,1.510302,1.502967
-1.777122,-0.086738,-0.193937,1.514026,1.397509
-1.777122,-0.249249,-0.275132,1.525628,1.280396
-1.56299,-0.493023,-0.596904,1.532277,1.157919
-1.56299,-0.614902,-0.596904,1.544234,1.056253
-1.56299,-0.899309,-0.921683,1.56275,0.96
-1.348857,-0.980556,-0.999871,1.5941,0.8568
-0.920593,-1.264963,-1.23744,1.649531,0.794861
-0.920593,-1.874374,-1.886998,1.718412,0.739138
-0.706461,-2.158781,-2.127576,1.791647,0.678531
-0.492329,-2.036902,-2.043374,1.855753,0.646903
0.578333,-1.83376,-1.865948,1.97453,0.6445
0.578333,-1.874374,-1.865948,2.057059,0.6445
0.792464,-1.752496,-1.781746,2.121875,0.657375
1.006597,-1.549353,-1.535155,2.183695,0.693643
1.220729,-1.508721,-1.369758,2.234187,0.743549
1.220729,-1.305595,-1.288563,2.275172,0.811524
1.220729,-1.102452,-1.126174,2.313487,0.895445
1.220729,-0.818045,-0.7202,2.32579,0.985351
1.220729,-0.736798,-0.801395,2.345261,1.096914
1.434861,-0.533656,-0.554803,2.363797,1.21473
1.648994,-0.289881,-0.308212,2.373109,1.326442
1.648994,-0.330513,-0.389406,2.374,1.45939
1.434861,-0.452391,-0.473608,2.3725,1.567757
1.434861,-0.168002,-0.230024,2.368,1.684012
1.434861,-0.249249,-0.230024,2.365403,1.796625
1.434861,-0.005491,-0.067635,2.357532,1.897164
1.434861,-0.005491,0.01356,2.29715,2.000314
1.220729,-0.005491,0.010553,2.226722,2.109498
1.220729,-0.046123,0.010553,2.163753,2.191133
1.220729,0.238284,0.091748,2.110725,2.239944
1.006597,0.400795,0.41352,2.024632,2.289016
1.006597,0.441427,0.41352,1.908029,2.332261
0.792464,0.725817,0.735291,1.791463,2.371502
0.578333,0.563306,0.4887,1.675627,2.393361
0.3642,0.807081,0.729277,1.564581,2.401735
0.3642,0.725817,0.729277,1.454916,2.402579
0.3642,0.928959,0.891666,1.3497,2.402659
0.3642,1.09147,0.972861,1.230716,2.402467
0.3642,1.010223,0.972861,1.1385,2.400875
0.150068,0.888327,0.888659,1.053375,2.392125
-0.064064,0.64457,0.723263,0.975229,2.373049
0.150068,0.807081,0.807464,0.918073,2.337976
-0.064064,0.725817,0.804457,0.877059,2.291784
-0.920593,0.725817,0.711234,0.849863,2.239751
-0.706461,0.603938,0.551851,0.821747,2.17514
-0.920593,0.522674,0.467649,0.8023,2.077331
-0.920593,0.278916,0.30526,0.793,1.969677
-0.706461,0.238284,0.227072,0.793,1.819443
-0.920593,0.319531,0.30526,0.793,1.718582
-0.920593,0.319531,0.30526,0.795868,1.620348
-1.348857,0.360163,0.38044,0.804875,1.522875
-1.134725,0.360163,0.383447,0.822078,1.422886
-0.706461,0.238284,0.227072,0.845655,1.371502
-0.920593,0.075773,0.061676,0.886274,1.340239
-1.134725,0.035141,-0.022526,0.93992,1.303184
-0.920593,-0.005491,-0.019519,0.998195,1.241993
-1.348857,-0.086738,-0.106728,1.041224,1.194498
-1.56299,-0.249249,-0.272125,1.101849,1.147847
-1.348857,-0.533656,-0.593897,1.172936,1.109656
-0.920593,-0.533656,-0.263103,1.249699,1.085145
-1.348857,-0.736798,-0.756286,1.337788,0.90885
-1.777122,-0.858677,-0.843496,1.429824,0.876111
-1.134725,-1.143067,-1.240448,1.513036,0.871918
-0.920593,-1.143067,-1.156246,1.590151,0.866605
-1.348857,-1.305595,-1.32465,1.694434,0.860493
-1.134725,-1.752496,-1.808811,1.786917,0.860293
0.792464,-1.83376,-1.862941,1.8713,0.860293
0.3642,-1.711864,-1.706566,1.946123,0.863334
-0.064064,-1.549353,-1.550191,2.003775,0.879958
0.578333,-1.386842,-1.378779,2.051595,0.896245
0.792464,-1.468106,-1.375772,2.098032,0.925165
0.3642,-1.224331,-1.219397,2.120422,0.973412
-0.064064,-1.102452,-1.144217,2.14475,1.025533
0.3642,-1.143067,-1.138202,2.174909,1.084113
0.150068,-0.980556,-1.060015,2.210062,1.171384
-0.064064,-0.736798,-0.819438,2.251252,1.255438
-0.064064,-0.818045,-0.738243,2.292136,1.328527
-0.278197,-0.818045,-0.74125,2.308675,1.411708
0.150068,-0.330513,-0.410457,2.321607,1.480469
0.150068,-0.168002,-0.248067,2.329902,1.544875
0.3642,-0.086738,-0.163865,2.329902,1.635587
-0.064064,0.400795,0.398483,2.329902,1.716957
-0.064064,0.319531,0.317289,2.30512,1.797729
0.3642,0.197652,0.242108,2.247978,1.894465
0.150068,0.360163,0.401491,2.206093,1.988022
0.792464,0.522674,0.491707,2.160058,2.046102
0.578333,0.482042,0.569895,2.109185,2.110619
0.578333,0.603938,0.651089,2.049199,2.154672
1.006597,0.888327,0.900688,1.972702,2.190275
1.006597,0.807081,0.900688,1.896309,2.208151
1.006597,0.685185,0.657104,1.816008,2.21
1.220729,0.400795,0.416527,1.741974,2.21
1.220729,0.441427,0.416527,1.673075,2.21
1.220729,0.563306,0.578916,1.629245,2.189418
1.434861,0.441427,0.500729,1.59175,2.155
1.434861,0.482042,0.419534,1.576665,2.104643
1.220729,0.319531,0.416527,1.560324,2.030824
1.648994,0.400795,0.422541,1.550049,1.949961
1.648994,0.360163,0.422541,1.543571,1.850896
1.648994,0.075773,0.016567,1.533643,1.756738
1.434861,-0.005491,0.01356,1.505802,1.668356
1.434861,-0.371145,-0.230024,1.462764,1.57754
1.648994,-0.493023,-0.470601,1.417203,1.512203
1.863126,-0.736798,-0.711178,1.36204,1.45188
1.648994,-0.858677,-0.79538,1.29916,1.40831
1.434861,-0.899309,-0.879582,1.234744,1.371804
1.434861,-0.980556,-0.960777,1.172014,1.357975
1.220729,-1.34621,-1.288563,1.106555,1.357975
1.220729,-1.427474,-1.369758,1.031082,1.357975
1.006597,-1.549353,-1.45396,0.945387,1.369723
0.792464,-1.793128,-1.781746,0.877898,1.411025
0.792464,-1.874374,-1.781746,0.811084,1.468084
0.150068,-2.199413,-1.709573,0.764831,1.518669
-0.278197,-1.955638,-1.959172,0.714823,1.588553
-0.278197,-1.915006,-1.877977,0.685,1.678029
-0.706461,-1.83376,-1.802797,0.684952,1.75619
-0.706461,-1.386842,-1.396823,0.684758,1.850742
-1.134725,-1.508721,-1.402837,0.686403,1.924629
-0.920593,-1.427474,-1.39983,0.702525,1.984213
-1.134725,-1.06182,-1.078058,0.74625,2.094463
-1.348857,-1.06182,-1.081065,0.793294,2.163517
-1.56299,-0.858677,-0.840488,0.844893,2.217876
-1.348857,-0.452391,-0.593897,0.898281,2.26102
-1.348857,-0.411777,-0.431507,0.934873,2.293807
-1.56299,-0.330513,-0.35332,1.012849,2.322172
-1.348857,-0.289881,-0.350313,1.102056,2.350161
-1.348857,-0.12737,-0.187923,1.203927,2.369233
-1.56299,-0.005491,-0.028541,1.303427,2.369233
-1.348857,0.075773,0.055661,1.416654,2.369233
-1.134725,0.15702,0.139863,1.520327,2.369038
-1.348857,0.482042,0.38044,1.618952,2.351277
-0.920593,0.441427,0.467649,1.708391,2.313635
-0.920593,0.319531,0.30526,1.802798,2.267138
-1.134725,0.685185,0.627032,1.929191,2.217736
-1.134725,0.928959,0.951811,2.007889,2.168883
-1.134725,0.807081,0.789421,2.075652,2.097599
-0.706461,1.457124,1.363799,2.133105,2.016504
-0.492329,1.37586,1.366806,2.176361,1.935313
-0.278197,1.050838,1.126229,2.214458,1.843458
-0.064064,1.132102,1.210431,2.240351,1.747456
-0.278197,1.416492,1.288619,2.249213,1.65925
-0.064064,1.579003,1.53521,2.255286,1.579209
-0.064064,1.822778,1.778794,2.255611,1.476623
0.150068,2.025921,2.025386,2.252527,1.375567
0.150068,1.619635,1.700607,2.248338,1.282521
0.150068,1.660267,1.619412,2.244059,1.201214
0.3642,1.579003,1.541224,2.221935,1.137794
0.578333,1.782146,1.787816,2.190303,1.062921
0.150068,1.457124,1.457023,2.138977,0.995184
0.3642,1.457124,1.46003,2.083577,0.930841
0.150068,1.213349,1.213438,2.014898,0.870362
0.578333,1.213349,1.219453,1.946173,0.825139
0.792464,0.969591,0.897681,1.857834,0.78595
1.006597,0.928959,0.900688,1.769875,0.752564
1.006597,0.766449,0.819493,1.703652,0.697101
1.220729,0.64457,0.660111,1.599116,0.660837
1.220729,0.685185,0.660111,1.46542,0.607233
1.220729,0.482042,0.578916,1.350663,0.586568
1.220729,0.441427,0.416527,1.268764,0.583885
1.434861,0.482042,0.500729,1.196081,0.583885
1.220729,0.482042,0.497722,1.131978,0.583885
1.220729,0.319531,0.335332,1.038825,0.603003
1.220729,0.075773,0.172943,0.972076,0.631508
0.792464,0.035141,0.085733,0.923159,0.667458
0.792464,-0.168002,-0.157851,0.880165,0.721457
0.578333,-0.168002,-0.160858,0.846156,0.792281
0.578333,0.278916,-0.160858,0.808503,0.884679
0.150068,0.075773,0.076712,0.766646,0.990065
0.150068,0.075773,0.076712,0.74206,1.078448
-0.278197,0.238284,0.314282,0.725876,1.177458
-0.492329,0.400795,0.473664,0.710714,1.28808
-0.920593,0.400795,0.467649,0.709153,1.39796
-0.492329,0.441427,0.392469,0.709153,1.507307
-0.706461,0.482042,0.470657,0.709236,1.601282
-0.706461,0.441427,0.470657,0.7175,1.67425
-0.492329,0.482042,0.554859,0.731367,1.717243
-0.920593,0.563306,0.548844,0.757854,1.739942
-0.920593,0.807081,0.792428,0.795213,1.740042
-1.348857,0.400795,0.786414,0.850911,1.740042
-1.134725,0.563306,0.464642,0.914964,1.735271
-1.56299,0.64457,0.621017,0.982895,1.694063
-1.348857,0.522674,0.54283,1.059525,1.629105
-1.348857,0.603938,0.54283,1.128535,1.561606
-1.56299,0.563306,0.539823,1.207787,1.475305
-1.348857,0.319531,0.38044,1.283577,1.384479
-1.56299,0.238284,0.133849,1.343706,1.302981
-1.56299,0.116388,0.133849,1.422313,1.197256
-1.134725,-0.493023,-0.509695,1.49775,1.097
-1.348857,-0.736798,-0.756286,1.574145,1.011579
-1.56299,-0.899309,-0.840488,1.630111,0.94447
-1.777122,-1.06182,-1.08708,1.699438,0.884342
-1.348857,-1.224331,-1.16226,1.779106,0.83694
-1.134725,-1.427474,-1.484032,1.883644,0.778314
-1.134725,-1.874374,-1.890006,1.964244,0.749756
-0.706461,-1.955638,-1.965186,2.033293,0.749756
-0.492329,-2.158781,-1.962179,2.186724,0.749756
0.578333,-2.036902,-2.028338,2.3768,0.755408
0.3642,-2.077517,-2.031345,2.430655,0.784009
0.3642,-1.955638,-1.95015,2.467088,0.843644
0.792464,-1.793128,-1.700551,2.476441,0.928065
1.006597,-1.752496,-1.697544,2.476441,1.021265
1.006597,-1.630617,-1.535155,2.476441,1.13639
1.220729,-1.468106,-1.450953,2.462801,1.231857
1.220729,-1.34621,-1.369758,2.369821,1.332997
1.434861,-1.224331,-1.204361,2.349671,1.452236
1.220729,-0.980556,-0.963784,2.345074,1.58737
1.220729,-1.06182,-0.963784,2.33091,1.702598
1.220729,-0.77743,-0.801395,2.323705,1.793541
1.434861,-0.574288,-0.554803,2.304874,1.913856
1.220729,-0.533656,-0.55781,2.253851,2.0402
1.220729,-0.411777,-0.395421,2.204977,2.128106
1.220729,-0.371145,-0.395421,2.148175,2.20735
1.220729,-0.168002,-0.151837,2.052409,2.275757
1.006597,-0.046123,-0.154844,1.953824,2.332469
1.006597,-0.046123,0.007546,1.872076,2.37103
1.006597,0.319531,0.25113,1.790815,2.398625
0.792464,0.482042,0.572902,1.70308,2.400875
1.006597,0.319531,0.332325,1.612329,2.400875
0.792464,0.847695,0.897681,1.53111,2.399588
0.792464,1.09147,1.06007,1.485837,2.35781
0.792464,0.969591,0.978876,1.450739,2.3346
0.3642,1.213349,1.216445,1.377947,2.309457
0.3642,1.37586,1.46003,1.30637,2.276652
0.3642,1.538388,1.541224,1.224769,2.217568
0.3642,1.700899,1.784809,1.173346,2.16688
0.150068,1.741514,1.862996,1.12608,2.115089
0.150068,1.985289,2.025386,1.086188,2.079497
0.3642,1.741514,1.784809,1.002343,2.024496
0.150068,1.538388,1.619412,0.950445,1.931153
0.3642,1.660267,1.378835,0.933254,1.781125
0.3642,1.37586,1.378835,0.918378,1.676634
0.150068,1.416492,1.375828,0.905036,1.577793
-0.278197,1.538388,1.451008,0.891096,1.453129
-0.278197,1.457124,1.451008,0.862401,1.333318
-0.278197,1.457124,1.451008,0.826952,1.222807
-0.278197,1.457124,1.369813,0.791242,1.110912
-0.278197,0.888327,0.882645,0.764375,1.01625
-0.492329,0.888327,0.798443,0.747639,0.932782
-0.920593,0.928959,0.873623,0.746,0.850326
-0.706461,0.807081,0.795436,0.746,0.784132
-1.134725,0.766449,0.708226,0.747991,0.741463
-1.134725,0.64457,0.708226,0.775791,0.711982
-1.134725,0.522674,0.545837,0.832144,0.683026
-0.920593,0.482042,0.467649,0.897301,0.664545
-1.134725,0.400795,0.383447,0.979094,0.651011
-1.348857,0.116388,0.136856,1.078916,0.643122
-1.134725,0.035141,0.139863,1.1635,0.639094
-1.348857,-0.168002,-0.269118,1.274895,0.631334
-1.348857,-0.289881,-0.269118,1.3885,0.619503
-1.777122,-0.574288,-0.599911,1.503321,0.615512
-1.991254,-0.493023,-0.521724,1.611585,0.615512
-1.56299,-0.858677,-0.840488,1.728485,0.615512
-1.777122,-0.899309,-0.92469,1.826166,0.619203
-1.991254,-0.939941,-0.927698,1.902608,0.636345
-1.777122,-1.102452,-1.08708,1.979505,0.668739
-1.56299,-1.06182,-1.002878,2.048058,0.715362
-1.134725,-1.021188,-1.078058,2.111616,0.782372
-1.348857,-0.858677,-0.837481,2.166563,0.861737
-0.920593,-0.574288,-0.425493,2.209167,0.944705
-0.920593,-0.736798,-0.750272,2.250378,1.054235
-0.064064,-0.574288,-0.494659,2.300297,1.165672
-0.278197,-0.330513,-0.254082,2.31976,1.256596
-0.278197,-0.208634,-0.172887,2.345087,1.352894
-0.064064,0.075773,-0.00749,2.357,1.422449
-0.064064,0.319531,0.398483,2.357,1.487367
0.150068,0.319531,0.320296,2.357,1.53325
0.3642,0.319531,0.323303,2.341467,1.5335
0.792464,0.400795,0.329318,2.293148,1.5335
0.792464,0.766449,0.816486,2.263267,1.5315
0.792464,0.725817,0.816486,2.213091,1.527859
1.006597,0.64457,0.738299,2.135815,1.52226
1.006597,0.563306,0.575909,2.016558,1.511675
1.434861,0.441427,0.500729,1.920831,1.485065
1.434861,0.522674,0.500729,1.827568,1.468082
1.434861,0.400795,0.419534,1.768465,1.454551
1.648994,0.400795,0.422541,1.666658,1.438016
1.648994,0.563306,0.422541,1.553505,1.428353
1.648994,0.197652,0.178957,1.482556,1.425776
1.434861,0.035141,0.094755,1.366682,1.425034
1.648994,-0.086738,-0.064627,1.265,1.425034
1.648994,-0.208634,-0.227017,1.160517,1.425034
1.648994,-0.371145,-0.308212,1.048292,1.450162
1.648994,-0.655534,-0.632991,0.944398,1.502077
1.434861,-0.736798,-0.635998,0.855764,1.558243
1.434861,-0.980556,-0.960777,0.781566,1.624407
1.648994,-1.264963,-1.201354,0.730266,1.692895
1.434861,-1.468106,-1.366751,0.692383,1.775875
1.434861,-1.34621,-1.366751,0.686031,1.857839
1.220729,-1.711864,-1.694537,0.686031,1.949861
0.792464,-1.711864,-1.862941,0.686031,2.026726
0.578333,-2.077517,-2.028338,0.696802,2.080015
0.578333,-2.036902,-2.028338,0.72801,2.13765
0.150068,-2.036902,-2.034352,0.779123,2.187808
0.150068,-1.874374,-2.034352,0.855708,2.233488
0.150068,-1.874374,-1.953157,0.94425,2.26975
-0.278197,-1.793128,-1.877977,1.04195,2.297413
-0.492329,-1.671249,-1.718595,1.144845,2.317407
-0.920593,-1.427474,-1.481025,1.230718,2.324407
-1.134725,-1.427474,-1.402837,1.30923,2.340077
-1.348857,-1.386842,-1.405844,1.417272,2.349893
-1.134725,-1.305595,-1.321642,1.525529,2.349893
-1.348857,-1.06182,-1.081065,1.651443,2.34917
-1.348857,-1.021188,-0.999871,1.716371,2.333207
-1.56299,-0.655534,-0.678099,1.772584,2.310545
-1.348857,-0.371145,-0.350313,1.82974,2.293903
-1.777122,-0.168002,-0.193937,1.884226,2.251719
-1.56299,-0.330513,-0.272125,1.944875,2.195149
-1.348857,-0.168002,-0.187923,1.993967,2.131708
-1.56299,0.278916,0.133849,2.044542,2.054625
-1.134725,0.197652,0.139863,2.085307,1.977624
-1.56299,0.563306,0.215043,2.127911,1.881871
-1.56299,0.238284,0.296238,2.174938,1.782272
-1.348857,0.522674,0.461635,2.212962,1.690982
-1.134725,0.441427,0.464642,2.247243,1.5914
-1.348857,0.807081,0.705219,2.267323,1.489711
-1.134725,0.766449,0.708226,2.271111,1.3792
-1.348857,0.928959,0.948803,2.271111,1.276246
-1.134725,1.010223,0.951811,2.271111,1.185522
-0.706461,0.847695,0.714241,2.26333,1.10983
-0.706461,0.563306,0.551851,2.243415,1.033052
-0.492329,0.766449,0.717248,2.213548,0.964222
-0.920593,0.400795,0.954818,2.177762,0.906274
-0.064064,0.360163,0.398483,2.107829,0.846965
-0.064064,0.15702,0.236094,2.051075,0.797177
-0.492329,-0.168002,-0.094699,1.998728,0.757719
-0.064064,-0.493023,-0.332269,1.951241,0.732096
-0.278197,-0.493023,-0.416471,1.895139,0.731596
0.150068,-0.736798,-0.654041,1.838599,0.731596
0.150068,-0.655534,-0.654041,1.779443,0.732107
-0.278197,-0.858677,-0.90364,1.728923,0.768444
0.578333,-1.305595,-1.21639,1.690876,0.836314
0.578333,-1.305595,-1.21639,1.681865,0.912117
0.792464,-1.264963,-1.213383,1.672855,0.978983
1.220729,-1.386842,-1.369758,1.668399,1.079066
1.220729,-1.386842,-1.126174,1.6665,1.203229
1.220729,-0.899309,-0.963784,1.668249,1.328875
1.434861,-0.939941,-0.879582,1.667975,1.446086
1.434861,-0.736798,-0.798387,1.665631,1.60044
1.648994,-0.655534,-0.714185,1.66359,1.728106
1.648994,-0.614902,-0.632991,1.63889,1.829693
1.648994,-0.493023,-0.470601,1.589466,1.923367
1.648994,-0.046123,-0.064627,1.545215,2.01991
1.434861,-0.086738,-0.148829,1.501477,2.115314
1.434861,0.075773,0.094755,1.465676,2.176794
1.648994,0.075773,0.178957,1.4087,2.240123
1.434861,0.197652,0.257144,1.344266,2.253058
1.434861,0.400795,0.419534,1.268494,2.253058
1.220729,0.319531,0.416527,1.190625,2.253058
1.006597,0.441427,0.41352,1.127121,2.208826
1.006597,0.522674,0.494714,1.060373,2.189459
0.792464,0.603938,0.654097,1.004698,2.168145
0.792464,0.928959,0.978876,0.932292,2.13455
0.792464,1.050838,1.06007,0.876875,2.076938
0.792464,1.010223,0.978876,0.832926,2.013744
0.578333,0.969591,1.057063,0.792349,1.970125
0.578333,1.213349,1.138258,0.76573,1.942165
0.150068,1.09147,1.213438,0.752289,1.892462
0.150068,1.09147,0.888659,0.747,1.842635
-0.064064,1.213349,1.210431,0.747,1.767949
0.150068,1.335245,1.294633,0.747,1.68445
-0.278197,1.660267,1.126229,0.749004,1.600386
-1.134725,1.213349,1.195395,0.774199,1.464734
-0.920593,0.888327,0.873623,0.798302,1.378395
-0.920593,0.969591,0.954818,0.855456,1.260538
-1.134725,0.969591,0.870616,0.905908,1.137557
-1.134725,0.807081,0.870616,0.955398,1.029129
-1.134725,0.847695,0.870616,1.029861,0.901579
-1.134725,0.685185,0.708226,1.108595,0.812373
-1.134725,0.522674,0.464642,1.202801,0.73763
-1.348857,0.482042,0.461635,1.303625,0.675
-0.920593,0.319531,0.467649,1.381406,0.643109
-1.348857,0.319531,0.299245,1.472818,0.609387
-1.134725,0.278916,0.221058,1.569848,0.601
-1.56299,-0.086738,-0.109736,1.679412,0.601
-1.56299,-0.493023,-0.515709,1.799375,0.60175
-1.777122,-0.696166,-0.762301,1.878712,0.61525
-1.56299,-0.77743,-0.840488,1.966103,0.649946
-1.348857,-0.980556,-0.918676,2.020948,0.686031
-1.134725,-1.102452,-1.078058,2.084002,0.748841
-1.56299,-1.427474,-1.408852,2.135166,0.820952
-1.56299,-1.589985,-1.571241,2.1774,0.9169
-1.56299,-1.711864,-1.571241,2.215687,1.035148
-0.492329,-1.793128,-1.799789,2.237762,1.140817
0.3642,-1.468106,-1.544176,2.2593,1.2617
0.578333,-1.630617,-1.541169,2.279863,1.375916
0.792464,-1.671249,-1.619357,2.304677,1.473182
1.006597,-1.630617,-1.616349,2.3092,1.597186
1.006597,-1.508721,-1.697544,2.3092,1.660411
1.220729,-1.589985,-1.532147,2.3092,1.742082
1.434861,-0.980556,-1.041972,2.2998,1.844375
1.648994,-1.102452,-1.038964,2.268203,1.917642
1.648994,-0.939941,-0.79538,2.221129,1.992296
1.648994,-0.77743,-0.79538,2.16761,2.054828
1.648994,-0.614902,-0.632991,2.084247,2.132511
1.648994,-0.533656,-0.551796,1.997436,2.194819
1.648994,-0.493023,-0.470601,1.88266,2.259315
1.434861,-0.452391,-0.392414,1.76941,2.308953
1.434861,-0.249249,-0.230024,1.656738,2.354241
1.434861,0.035141,0.01356,1.543476,2.396093
1.434861,0.035141,0.094755,1.438926,2.426013
1.220729,0.075773,0.091748,1.32487,2.445654
1.434861,0.522674,0.581923,1.207696,2.446407
1.220729,0.441427,0.416527,1.1112,2.446407
1.220729,0.807081,0.822501,1.034089,2.442555
1.220729,0.725817,0.741306,0.982886,2.420633
1.006597,0.725817,0.738299,0.92436,2.380701
0.792464,0.969591,0.978876,0.88487,2.33131
0.792464,1.37586,1.384849,0.844104,2.258278
1.006597,1.335245,1.387857,0.808134,2.182359
0.792464,1.172734,1.22246,0.774022,2.077164
0.578333,1.416492,1.463037,0.727534,1.958396
0.578333,1.253981,1.381842,0.693376,1.8639
-0.064064,1.700899,1.616405,0.669773,1.76494
-0.278197,1.538388,1.532203,0.662,1.666964
-0.278197,1.132102,1.126229,0.662,1.555597
-0.278197,1.050838,0.96384,0.662,1.441295
-0.920593,1.213349,1.198402,0.677046,1.340405
-1.134725,1.132102,1.033005,0.713985,1.237448
-0.920593,1.010223,0.954818,0.742075,1.149632
-0.706461,0.969591,1.03902,0.771082,1.063835
-0.920593,0.64457,0.630039,0.819209,0.977983
-1.134725,0.563306,0.545837,0.863471,0.904742
-1.348857,0.563306,0.54283,0.906166,0.828608
-1.134725,0.563306,0.545837,0.96425,0.767
-1.348857,0.116388,0.136856,1.012029,0.713504
-1.777122,0.15702,0.049647,1.065088,0.675138
-1.134725,-0.452391,-0.4285,1.126763,0.648877
-1.56299,-0.655534,-0.678099,1.215546,0.617487
-1.348857,-0.736798,-0.756286,1.292777,0.601125
-1.134725,-0.818045,-0.915669,1.393382,0.6
-0.920593,-0.939941,-0.912661,1.486645,0.6
-1.56299,-1.183699,-1.165267,1.565764,0.600222
-1.56299,-1.183699,-1.246462,1.660685,0.614861
-1.134725,-0.980556,-0.996863,1.751474,0.637339
-0.920593,-1.224331,-1.156246,1.815381,0.669648
-0.706461,-1.34621,-1.396823,1.8555,0.70775
-0.492329,-1.427474,-1.47501,1.91405,0.788252
-0.064064,-1.305595,-1.387801,1.968548,0.884132
0.150068,-1.224331,-1.303599,2.008105,0.959515
0.150068,-1.264963,-1.303599,2.06041,1.079461
0.578333,-1.264963,-1.21639,2.093081,1.186411
0.792464,-0.858677,-0.807409,2.113318,1.297382
0.792464,-1.183699,-1.132188,2.148297,1.410839
1.006597,-0.980556,-0.966791,2.166667,1.500644
1.220729,-0.939941,-0.882589,2.174992,1.565928
1.434861,-0.493023,-0.473608,2.199112,1.602266
1.220729,-0.533656,-0.476616,2.203066,1.633565
1.434861,-0.046123,-0.230024,2.203066,1.689867
1.434861,-0.046123,-0.067635,2.185563,1.708617
1.434861,-0.086738,-0.067635,2.14702,1.729593
1.648994,0.278916,0.260152,2.122125,1.76715
1.220729,0.197652,0.497722,2.065109,1.804156
1.434861,0.116388,0.17595,1.984254,1.858738
1.220729,0.238284,0.254137,1.897205,1.914893
1.220729,0.15702,0.172943,1.808247,1.964237
1.220729,0.197652,0.254137,1.71112,2.010378
1.006597,0.400795,0.494714,1.6005,2.064
1.006597,0.441427,0.41352,1.489125,2.102
1.220729,0.725817,0.660111,1.379304,2.123287
1.006597,0.847695,0.900688,1.273701,2.137715
0.792464,1.37586,1.384849,1.181316,2.150699
0.578333,1.010223,1.057063,1.073917,2.15279
0.3642,1.172734,1.135251,0.985724,2.15279
0.3642,1.457124,1.46003,0.908555,2.152311
0.3642,1.050838,1.135251,0.83892,2.134223
0.3642,1.335245,1.29764,0.794576,2.108742
0.150068,1.37586,1.457023,0.760009,2.067734
-0.064064,1.37586,1.372821,0.737031,2.00428
-0.278197,1.497756,1.451008,0.728653,1.930635
-0.064064,1.294613,1.372821,0.727,1.83952
-0.064064,1.213349,1.454015,0.727,1.731554
-0.278197,1.294613,1.288619,0.727,1.608
-0.706461,1.457124,1.444994,0.73184,1.504976
-0.492329,1.457124,0.960832,0.738709,1.390677
-0.706461,1.132102,1.120215,0.743174,1.28541
-0.920593,1.132102,1.117207,0.748563,1.200342
-0.920593,0.969591,1.198402,0.765125,1.105833
-0.920593,0.766449,0.711234,0.791734,1.0027
-1.134725,0.64457,0.708226,0.832016,0.905211
-1.348857,0.685185,0.624024,0.883843,0.839956
-1.56299,0.64457,0.621017,0.948283,0.781986
-1.348857,0.685185,0.624024,1.018712,0.730195
-1.56299,0.64457,0.621017,1.11014,0.6841
-1.348857,0.685185,0.705219,1.236488,0.63196
-1.134725,0.725817,0.627032,1.317333,0.617579
-1.134725,0.603938,0.545837,1.383739,0.617579
-1.134725,0.603938,0.545837,1.485312,0.617579
-0.920593,0.522674,0.467649,1.562466,0.618959
-0.706461,0.319531,0.389462,1.659134,0.621066
-0.492329,0.15702,0.148885,1.759325,0.622357
-0.278197,0.15702,0.151892,1.848187,0.6258
-0.278197,0.15702,0.151892,1.928917,0.641698
0.150068,-0.005491,-0.004483,1.989814,0.660479
0.150068,0.400795,0.320296,2.0165,0.67286
0.578333,0.400795,0.4887,2.0165,0.686891
1.006597,0.441427,0.41352,2.0165,0.71468
1.006597,0.319531,0.25113,2.01153,0.749508
0.792464,0.075773,0.085733,1.968192,0.804676
1.220729,0.116388,0.091748,1.906783,0.875183
1.006597,0.197652,0.25113,1.832843,0.942073
1.220729,0.278916,0.335332,1.746647,1.010812
1.434861,0.278916,0.257144,1.65312,1.087304
1.434861,0.360163,0.419534,1.581682,1.145789
1.434861,0.278916,0.257144,1.476651,1.236187
1.648994,0.075773,0.097762,1.3782,1.322426
1.434861,-0.046123,0.01356,1.264503,1.415178
1.434861,-0.12737,-0.067635,1.151216,1.498118
1.220729,-0.208634,-0.151837,1.039207,1.588403
1.434861,-0.249249,-0.230024,0.944848,1.681705
1.434861,-0.533656,-0.554803,0.87153,1.767978
1.434861,-0.696166,-0.635998,0.8215,1.84025
1.648994,-0.980556,-0.876575,0.788711,1.898813
1.434861,-0.980556,-1.041972,0.782922,1.958208
1.434861,-1.589985,-1.52914,0.782922,2.016984
1.434861,-1.630617,-1.610335,0.782922,2.076694
0.578333,-1.955638,-1.865948,0.807252,2.121622
0.792464,-2.077517,-2.02533,0.858972,2.15725
-0.492329,-2.118149,-2.043374,0.929518,2.193192
-0.492329,-2.158781,-2.124568,1.015158,2.222429
-0.706461,-2.077517,-2.127576,1.148831,2.273461
-0.920593,-1.874374,-1.968193,1.23195,2.322219
-1.348857,-1.793128,-1.893013,1.311986,2.343149
-1.134725,-1.508721,-1.565227,1.428217,2.353896
-1.134725,-1.468106,-1.484032,1.547607,2.35752
-1.348857,-1.183699,-1.32465,1.6548,2.35752
-1.56299,-1.305595,-1.327657,1.756319,2.35677
-1.348857,-1.021188,-0.999871,1.862229,2.3381
-1.348857,-0.899309,-0.918676,1.977456,2.301494
-1.56299,-0.452391,-0.515709,2.049006,2.263641
-1.56299,-0.411777,-0.35332,2.124356,2.197959
-1.56299,-0.168002,-0.272125,2.18253,2.119768
-1.348857,-0.086738,-0.106728,2.213268,2.052264
-1.348857,0.116388,-0.106728,2.249528,1.961008
-1.348857,0.319531,0.299245,2.280151,1.865655
-1.348857,0.360163,0.38044,2.284312,1.783903
-1.56299,0.888327,0.864602,2.285641,1.672186
-1.56299,0.888327,0.864602,2.285758,1.5564
-1.348857,0.64457,0.624024,2.285641,1.452238
-1.134725,0.807081,0.708226,2.283984,1.350755
-1.134725,0.969591,1.033005,2.277108,1.226794
-0.706461,1.09147,1.120215,2.264767,1.109443
-0.706461,1.213349,1.201409,2.234425,0.990054
-0.278197,1.37586,1.451008,2.203212,0.880946
-0.492329,1.660267,1.61039,2.167473,0.808012
-0.492329,1.294613,1.366806,2.1165,0.7303
-0.492329,1.416492,1.448001,2.060161,0.663485
-0.064064,1.579003,1.616405,1.990693,0.615437
-0.064064,1.741514,1.6976,1.907392,0.587905
-0.064064,1.619635,1.616405,1.808123,0.568356
0.150068,1.700899,1.700607,1.708219,0.560788
0.150068,1.619635,1.619412,1.602115,0.554336
0.578333,1.37586,1.381842,1.468192,0.554
0.3642,1.497756,1.46003,1.349865,0.554
0.3642,1.294613,1.46003,1.245205,0.554628
0.3642,1.37586,1.378835,1.163652,0.565333
0.150068,1.213349,1.213438,1.072143,0.609371
0.578333,1.172734,1.219453,0.952024,0.650608
0.3642,1.132102,1.216445,0.884939,0.694395
0.3642,1.132102,1.135251,0.839935,0.745713
0.578333,1.050838,1.057063,0.824064,0.789382
0.150068,1.010223,1.051049,0.824064,0.850696
-0.064064,1.253981,1.210431,0.824064,0.905753
-0.064064,0.847695,0.560873,0.829129,0.948198
-0.278197,0.685185,0.557866,0.846757,0.959198
-0.064064,0.725817,0.560873,0.884766,0.959329
-0.492329,0.563306,0.554859,0.942901,0.959329
-1.134725,0.278916,0.302253,1.021051,0.958079
-0.920593,0.075773,0.14287,1.107484,0.943145
-1.134725,-0.005491,0.058668,1.218826,0.911804
-1.134725,-0.046123,-0.103721,1.346149,0.885545
-1.348857,-0.208634,-0.187923,1.469596,0.8836
-1.56299,-0.493023,-0.515709,1.59912,0.8836
-1.56299,-0.533656,-0.434515,1.700625,0.8836
-1.134725,-0.655534,-0.59089,1.801431,0.904165
-1.134725,-1.06182,-0.996863,1.889738,0.93866
-1.348857,-1.06182,-1.081065,1.984759,0.989546
-1.348857,-1.34621,-1.32465,2.076461,1.071822
-1.348857,-1.305595,-1.32465,2.133875,1.151375
-1.134725,-1.549353,-1.565227,2.17791,1.259934
-1.134725,-1.83376,-1.727616,2.223107,1.364418
-1.348857,-1.793128,-1.811818,2.247928,1.4757
-0.278197,-1.711864,-1.715587,2.266294,1.586482
0.150068,-1.630617,-1.547183,2.268717,1.705222
0.3642,-1.671249,-1.868955,2.268717,1.803168
0.578333,-1.508721,-1.541169,2.268717,1.8964
0.792464,-1.874374,-1.862941,2.248643,1.9802
1.220729,-1.549353,-1.613342,2.208025,2.053167
1.220729,-1.752496,-1.694537,2.171141,2.106319
1.220729,-1.34621,-1.288563,2.132415,2.127139
1.434861,-1.305595,-1.285556,2.06243,2.1642
1.434861,-1.102452,-1.041972,1.982396,2.20997
1.220729,-0.939941,-1.044979,1.870348,2.249656
1.648994,-0.899309,-0.876575,1.750948,2.296743
1.863126,-0.533656,-0.629983,1.677639,2.330429
1.648994,-0.533656,-0.551796,1.613434,2.351045
1.648994,-0.371145,-0.308212,1.513837,2.37566
1.863126,0.075773,0.100769,1.410696,2.389156
1.648994,0.035141,0.097762,1.301976,2.389708
1.863126,0.278916,0.263159,1.204787,2.389708
1.434861,0.238284,0.257144,1.115261,2.389708
1.648994,0.116388,0.178957,1.017807,2.385528
1.863126,0.360163,0.344354,0.931277,2.373163
1.648994,0.075773,0.097762,0.839627,2.229386
1.648994,0.360163,0.341346,0.7595,2.0995
1.434861,-0.005491,0.01356,0.69421,2.078274
1.220729,-0.086738,-0.070642,0.644642,2.051361
1.434861,0.15702,0.17595,0.63769,2.031563
1.220729,0.15702,0.254137,0.63769,2.02915
1.220729,0.238284,0.254137,0.63769,2.00524
1.006597,0.522674,0.575909,0.64877,1.980195
1.006597,0.64457,0.494714,0.671658,1.953074
1.006597,1.132102,1.063078,0.695821,1.923657
0.792464,0.969591,0.978876,0.715908,1.874457
0.3642,0.847695,0.891666,0.735299,1.77078
0.578333,1.010223,0.975868,0.745171,1.672499
0.3642,1.213349,1.216445,0.749171,1.560496
0.578333,1.619635,1.625426,0.750617,1.469255
0.3642,1.538388,1.46003,0.752696,1.35449
0.150068,1.619635,1.619412,0.757121,1.243728
0.150068,1.741514,1.781802,0.765003,1.13209
-0.064064,1.37586,1.372821,0.780762,1.025677
0.150068,1.294613,1.213438,0.799044,0.954664
-0.278197,1.416492,1.288619,0.838508,0.875095
-0.278197,1.416492,1.451008,0.872067,0.8152
-0.278197,1.416492,1.369813,0.926453,0.76186
-0.492329,1.538388,1.529196,1.0015,0.728196
-0.492329,1.37586,1.366806,1.086745,0.685346
-0.492329,1.253981,1.285611,1.180486,0.650314
-0.920593,1.050838,1.117207,1.299309,0.612003
-0.706461,1.213349,1.201409,1.356537,0.556895
-0.920593,0.969591,0.954818,1.446779,0.527717
-1.134725,1.457124,1.357784,1.5467,0.518
-0.920593,0.888327,0.792428,1.65275,0.518
-1.348857,0.888327,0.867609,1.727721,0.518
-1.56299,0.847695,0.783407,1.826131,0.52053
-1.56299,0.685185,0.702212,1.910994,0.537072
-1.134725,0.522674,0.464642,1.995328,0.577346
-1.348857,0.400795,0.38044,2.061616,0.625612
-1.348857,0.197652,0.218051,2.12152,0.694959
-1.56299,0.197652,0.215043,2.169927,0.764917
-1.991254,-0.086738,-0.196945,2.225,0.8495
-1.56299,-0.289881,-0.272125,2.271064,0.939528
-1.56299,-0.452391,-0.434515,2.309865,1.054389
-1.348857,-0.614902,-0.593897,2.347707,1.167862
-1.56299,-0.736798,-0.840488,2.368145,1.28663
-1.56299,-1.021188,-1.002878,2.384625,1.385764
-1.56299,-1.224331,-1.246462,2.386,1.512963
-1.134725,-1.305595,-1.402837,2.386,1.607554
-1.134725,-1.874374,-1.890006,2.385797,1.703228
-0.920593,-1.793128,-1.805804,2.374022,1.770718
-0.920593,-1.386842,-1.39983,2.334805,1.821006
-0.920593,-1.264963,-1.318635,2.299038,1.862385
-0.920593,-1.34621,-1.39983,2.256956,1.868975
-0.706461,-1.143067,-1.234433,2.196023,1.868975
-0.492329,-1.102452,-1.069037,2.125114,1.868975
-0.064064,-1.06182,-0.981827,2.042973,1.867718
-0.278197,-0.818045,-0.74125,1.961454,1.8618
-0.278197,-0.655534,-0.74125,1.893625,1.840625
-0.492329,-0.411777,-0.419478,1.831177,1.810896
-0.492329,-0.493023,-0.419478,1.763848,1.758098
-0.492329,-0.086738,-0.094699,1.722349,1.704856
-0.706461,-0.208634,-0.178901,1.689446,1.6305
-0.278197,-0.005491,0.070697,1.660039,1.555523
0.150068,0.116388,0.157906,1.6225,1.468311
-0.064064,0.400795,0.398483,1.564693,1.413426
-0.064064,0.563306,0.642068,1.536473,1.334928
0.150068,0.64457,0.72627,1.519361,1.29955
0.3642,0.64457,0.729277,1.5018,1.276075
0.3642,0.522674,0.566887,1.470695,1.255266
0.150068,0.482042,0.401491,1.418633,1.244857
0.150068,0.482042,0.401491,1.354186,1.244857
0.150068,0.400795,0.482685,1.290175,1.244857
0.792464,0.522674,0.491707,1.240743,1.251446
0.792464,0.563306,0.491707,1.18367,1.288789
0.578333,0.64457,0.569895,1.125015,1.346411
0.792464,0.360163,0.410512,1.084617,1.399631
0.578333,0.522674,0.4887,1.056788,1.42638
0.3642,0.319531,0.404498,1.045,1.447676
0.578333,0.238284,0.32631,1.045,1.46825
0.3642,0.238284,0.242108,1.045,1.490993
0.578333,0.075773,0.082726,1.052681,1.526496
0.578333,-0.168002,-0.079663,1.086087,1.563677
0.792464,-0.330513,-0.239046,1.125689,1.608198
0.792464,-0.371145,-0.401435,1.16538,1.658563
0.578333,-0.696166,-0.648027,1.211631,1.720319
0.3642,-0.899309,-0.813423,1.272587,1.805513
0.3642,-0.818045,-0.732229,1.323121,1.885148
0.3642,-0.818045,-0.894618,1.379043,1.971438
1.006597,-1.752496,-1.697544,1.4445,2.060916
0.150068,-1.955638,-1.953157,1.501429,2.123914
-0.278197,-2.036902,-2.040366,1.557963,2.185216
-0.064064,-2.036902,-2.118554,1.619385,2.24916
-1.134725,-2.118149,-2.13359,1.689586,2.288186
-1.134725,-2.077517,-2.052395,1.758944,2.296738
-0.920593,-1.793128,-1.805804,1.860053,2.296738
-1.348857,-1.386842,-1.487039,1.98921,2.296738
-1.348857,-1.589985,-1.568234,2.072336,2.281362
-1.56299,-1.264963,-1.246462,2.115036,2.228349
-1.56299,-0.899309,-0.840488,2.1765,2.168866
-1.777122,-0.614902,-0.681106,2.237544,2.100182
-1.777122,-0.452391,-0.437522,2.280622,1.945898
-1.56299,-0.208634,-0.272125,2.33073,1.850287
-1.56299,0.075773,-0.028541,2.340542,1.756007
-1.56299,-0.005491,-0.028541,2.343681,1.672487
-1.777122,0.197652,0.212036,2.345617,1.566768
-1.56299,0.441427,0.377433,2.344484,1.47582
-1.348857,0.319531,0.38044,2.344145,1.374579
-1.134725,0.563306,0.545837,2.342503,1.250055
-1.348857,0.563306,0.624024,2.332944,1.144324
-1.56299,0.766449,0.702212,2.309008,1.036565
-0.920593,0.766449,0.711234,2.278233,0.948446
-0.920593,1.050838,0.954818,2.245958,0.872958
-0.706461,1.050838,1.03902,2.208783,0.793633
-0.920593,1.09147,1.117207,2.173836,0.724367
-0.706461,1.132102,1.120215,2.10814,0.665971
-0.492329,1.335245,1.123222,2.038439,0.622781
-0.706461,1.132102,1.201409,1.95416,0.586556
-0.492329,1.457124,1.529196,1.872878,0.563772
-0.278197,1.86341,1.775787,1.79073,0.55104
0.150068,1.782146,1.781802,1.69436,0.538633
-0.064064,1.619635,1.616405,1.592326,0.535
0.150068,1.457124,1.457023,1.481169,0.535
0.3642,1.37586,1.378835,1.387288,0.535
0.150068,1.457124,1.375828,1.311271,0.541875
-0.278197,1.335245,1.451008,1.245114,0.562381
0.150068,1.213349,1.213438,1.192686,0.591674
-0.064064,1.132102,1.129236,1.155249,0.643939
0.3642,1.132102,1.054056,1.115461,0.757562
0.578333,1.010223,0.975868,1.079455,0.93209
0.578333,1.050838,0.975868,1.041953,1.013583
0.792464,0.725817,0.735291,1.005172,1.10193
0.792464,0.522674,0.491707,0.964173,1.197369
0.792464,0.766449,0.735291,0.928602,1.285132
1.006597,0.64457,0.657104,0.87394,1.360805
1.434861,0.441427,0.419534,0.836691,1.400653
1.220729,0.64457,0.660111,0.793716,1.445752
1.434861,0.441427,0.500729,0.749124,1.498212
1.434861,0.116388,0.17595,0.704945,1.591022
1.434861,0.482042,0.419534,0.681003,1.674427
1.434861,0.319531,0.338339,0.651625,1.76525
1.434861,0.278916,0.257144,0.632375,1.8386
1.863126,0.319531,0.425548,0.6275,1.92124
1.648994,0.238284,0.260152,0.6275,2.01247
1.863126,0.035141,0.019575,0.6275,2.084276
1.863126,-0.249249,0.100769,0.642125,2.154625
1.648994,-0.168002,-0.145822,0.672542,2.209687
1.434861,-0.330513,-0.311219,0.7157,2.2603
1.434861,-0.696166,-0.554803,0.762125,2.299339
1.434861,-0.574288,-0.554803,0.814221,2.322993
1.648994,-0.736798,-0.79538,0.866558,2.323793
1.648994,-0.818045,-0.79538,0.909119,2.323793
1.434861,-0.614902,-0.717193,0.934352,2.320063
1.434861,-0.655534,-0.554803,0.940434,2.303375
1.434861,-0.452391,-0.392414,0.94186,2.275717
1.434861,-0.12737,-0.148829,0.942,2.230875
1.220729,-0.12737,-0.151837,0.941977,2.163237
1.220729,-0.086738,-0.070642,0.940781,2.080207
1.434861,-0.12737,-0.148829,0.939625,1.999977
0.792464,0.441427,0.491707,0.938503,1.89427
0.792464,0.400795,0.491707,0.938503,1.771091
0.578333,0.847695,1.057063,0.937537,1.6667
0.578333,1.050838,0.975868,0.936,1.577906
0.578333,0.888327,0.894674,0.936,1.449489
0.3642,1.213349,1.216445,0.936,1.336522
0.150068,1.457124,1.457023,0.937626,1.199147
0.150068,1.37586,1.375828,0.939,1.07046
0.150068,1.782146,1.700607,0.939,0.937296
-0.064064,1.619635,1.616405,0.946716,0.843788
-0.064064,1.37586,1.454015,0.977276,0.752272
-0.278197,1.457124,1.451008,1.020896,0.685349
-0.064064,1.132102,1.210431,1.078144,0.651603
-0.064064,1.132102,1.129236,1.154763,0.59945
-0.492329,1.132102,1.123222,1.239458,0.557662
-0.492329,1.294613,1.448001,1.359899,0.524
-0.492329,1.457124,1.448001,1.432114,0.505904
-0.920593,1.37586,1.441986,1.525337,0.50263
-0.492329,1.253981,1.285611,1.622607,0.50263
-0.920593,0.969591,0.954818,1.718019,0.50263
-1.134725,0.969591,0.870616,1.819741,0.507175
-1.134725,0.847695,0.870616,1.916878,0.529191
-1.134725,0.766449,0.789421,2.014679,0.571119
-1.348857,0.888327,0.867609,2.091748,0.621794
-1.777122,0.603938,0.536815,2.155085,0.677221
-1.348857,0.319531,0.299245,2.210849,0.750954
-1.56299,0.360163,0.296238,2.239988,0.821732
-1.348857,0.116388,0.136856,2.2756,0.9271
-1.56299,0.15702,0.133849,2.296101,1.037575
-1.56299,-0.411777,-0.434515,2.300843,1.16103
-1.56299,-0.411777,-0.434515,2.302131,1.28668
-1.56299,-0.736798,-0.759294,2.302868,1.3995
-0.706461,-0.899309,-0.909654,2.302943,1.527642
-0.920593,-1.671249,-1.724609,2.302943,1.615288
-0.920593,-1.955638,-1.968193,2.300668,1.731615
-1.134725,-1.915006,-1.890006,2.291928,1.840975
-1.134725,-1.955638,-1.9712,2.279834,1.926472
-0.706461,-1.793128,-1.802797,2.261891,1.986343
-0.920593,-1.874374,-1.886998,2.241999,1.9985
-0.920593,-1.305595,-1.318635,2.201178,1.9985
-0.920593,-1.305595,-1.318635,2.156219,1.9985
-0.492329,-1.021188,-1.069037,2.088524,1.973991
-0.278197,-0.939941,-0.984835,2.015187,1.906988
-0.278197,-0.655534,-0.578861,1.945416,1.837559
-0.492329,-0.330513,-0.257089,1.87113,1.757733
-0.492329,-0.208634,-0.175894,1.81544,1.673897
-0.064064,-0.086738,-0.088685,1.746421,1.576353
-0.064064,-0.086738,-0.088685,1.669733,1.487225
-0.492329,0.400795,0.392469,1.617919,1.416912
-0.064064,0.482042,0.398483,1.565247,1.353415
-0.064064,0.400795,0.398483,1.532462,1.31466
0.150068,0.522674,0.72627,1.464844,1.253033
0.3642,0.807081,0.729277,1.369724,1.217947
0.150068,0.64457,0.645075,1.287052,1.217947
0.150068,0.725817,0.72627,1.231208,1.217947
0.150068,0.522674,0.56388,1.182125,1.222223
0.578333,0.64457,0.732284,1.1284,1.2509
0.3642,0.482042,0.404498,1.070206,1.29339
0.3642,0.766449,0.404498,1.01888,1.346872
0.578333,0.441427,0.407505,0.96675,1.405018
0.792464,0.685185,0.735291,0.91107,1.458425
0.792464,0.563306,0.654097,0.844863,1.513363
1.006597,0.807081,0.819493,0.780109,1.568772
1.220729,0.64457,0.660111,0.713344,1.632027
1.220729,0.725817,0.741306,0.651907,1.704882
1.220729,0.603938,0.578916,0.606239,1.785371
1.220729,0.482042,0.497722,0.59213,1.861778
1.434861,0.563306,0.581923,0.592,1.928464
1.648994,0.603938,0.584931,0.592,1.998122
1.648994,0.64457,0.503736,0.59375,2.06081
1.648994,0.522674,0.503736,0.623629,2.104588
1.648994,0.441427,0.422541,0.677183,2.139871
1.434861,0.238284,0.257144,0.733774,2.145885
1.434861,0.116388,0.17595,0.807462,2.145885
1.648994,-0.168002,-0.145822,0.878731,2.145885
1.434861,-0.330513,-0.311219,0.970585,2.140194
1.648994,-0.452391,-0.308212,1.058089,2.114171
1.434861,-0.574288,-0.554803,1.099513,2.072437
1.434861,-0.655534,-0.635998,1.141635,2.005047
1.220729,-0.371145,-0.395421,1.173902,1.92847
1.220729,-0.411777,-0.395421,1.201494,1.84562
0.792464,-0.452391,-0.401435,1.222872,1.763512
0.792464,-0.452391,-0.32024,1.24888,1.654485
0.578333,-0.330513,-0.323248,1.258882,1.520925
0.3642,-0.249249,-0.163865,1.272861,1.383667
0.3642,0.075773,-0.082671,1.32158,1.258884
-0.064064,0.278916,0.317289,1.380165,1.141517
0.150068,0.075773,0.157906,1.436974,1.062031
-0.278197,0.888327,0.882645,1.499981,0.953003
-0.278197,0.482042,0.476671,1.550429,0.872239
-0.278197,0.441427,0.476671,1.612403,0.822426
-0.492329,0.441427,0.473664,1.685958,0.802311
-0.706461,0.725817,0.714241,1.746189,0.802311
-0.706461,0.847695,0.795436,1.816766,0.802311
-1.134725,0.847695,0.870616,1.864277,0.805781
-1.134725,0.888327,0.870616,1.912923,0.844171
-0.706461,0.888327,0.87663,1.976625,0.900375
-0.920593,0.766449,0.792428,2.040046,0.969933
-0.920593,0.603938,0.630039,2.098438,1.053611
-1.134725,0.319531,0.383447,2.141359,1.124283
-0.920593,0.319531,0.386455,2.180846,1.21117
-0.920593,0.278916,0.224065,2.209656,1.316904
-1.134725,-0.005491,0.058668,2.2475,1.4105
-0.920593,-0.046123,-0.019519,2.276411,1.51471
-1.134725,-0.12737,-0.103721,2.296775,1.623112
-1.348857,-0.452391,-0.512702,2.298,1.725443
-1.348857,-0.533656,-0.675092,2.298,1.772193
-1.348857,-0.736798,-0.837481,2.298,1.831318
-1.56299,-0.899309,-0.921683,2.28151,1.887394
-1.134725,-1.264963,-1.240448,2.24366,1.958895
-0.706461,-1.143067,-1.153238,2.195152,2.017491
-1.348857,-1.386842,-1.405844,2.133538,2.058529
-1.134725,-1.549353,-1.565227,2.046663,2.105167
-1.134725,-1.468106,-1.565227,1.953343,2.132091
-1.348857,-1.630617,-1.568234,1.860164,2.16185
-0.492329,-1.752496,-1.799789,1.741857,2.197924
-0.064064,-1.874374,-1.793775,1.654902,2.227324
0.3642,-1.874374,-1.868955,1.606138,2.233814
0.3642,-1.874374,-1.625371,1.484875,2.233814
0.578333,-1.508721,-1.459974,1.387893,2.233814
0.792464,-1.468106,-1.456967,1.298823,2.218817
1.006597,-1.102452,-1.129181,1.25608,2.184764
1.220729,-1.021188,-0.963784,1.221058,2.135725
1.220729,-0.655534,-0.7202,1.193683,2.075735
1.434861,-0.655534,-0.717193,1.130071,1.976203
1.220729,-0.77743,-0.7202,1.051529,1.858062
1.220729,-0.371145,-0.314226,1.034836,1.785468
1.006597,-0.493023,-0.479623,1.003532,1.705511
1.220729,-0.411777,-0.395421,0.966458,1.639921
1.006597,-0.574288,-0.560818,0.919479,1.565861
1.006597,-0.493023,-0.479623,0.864933,1.527516
0.792464,-0.086738,-0.076656,0.817294,1.482824
1.006597,0.15702,0.088741,0.767371,1.385453
0.792464,0.319531,0.329318,0.733593,1.293028
0.792464,0.400795,0.410512,0.716083,1.192062
0.792464,0.522674,0.572902,0.716083,1.110052
0.578333,0.928959,0.894674,0.716083,1.048078
0.578333,0.969591,0.975868,0.725303,0.886258
0.578333,1.253981,1.300647,0.760931,0.771966
0.578333,1.457124,1.381842,0.813411,0.716973
0.578333,1.37586,1.381842,0.878075,0.674036
0.3642,1.457124,1.46003,0.953544,0.64227
0.150068,1.538388,1.538217,1.039856,0.619949
0.3642,1.619635,1.541224,1.115545,0.613721
0.3642,1.579003,1.541224,1.212669,0.613721
0.150068,1.741514,1.700607,1.298686,0.613721
-0.064064,1.619635,1.53521,1.395871,0.614677
-0.064064,1.457124,1.454015,1.490672,0.627464
-0.064064,1.457124,1.454015,1.59,0.6505
-0.278197,1.497756,1.451008,1.680147,0.684851
0.150068,1.050838,1.051049,1.75103,0.72145
-0.064064,1.132102,1.048042,1.824443,0.770747
-0.492329,0.969591,0.960832,1.894674,0.833865
-0.706461,0.928959,0.957825,1.950434,0.913349
-0.492329,0.928959,0.960832,2.008086,1.006586
-0.706461,0.807081,0.795436,2.055359,1.089344
-0.706461,0.766449,0.795436,2.1156,1.1814
-1.134725,0.64457,0.627032,2.166375,1.280625
-0.920593,0.522674,0.467649,2.197448,1.374061
-1.134725,0.441427,0.383447,2.24054,1.479336
-0.706461,0.075773,0.064683,2.273997,1.560172
-1.134725,0.035141,0.058668,2.288,1.659063
-1.134725,0.035141,-0.022526,2.288,1.756225
-0.920593,-0.330513,-0.344298,2.28271,1.85958
-1.134725,-0.77743,-0.834474,2.259265,1.943767
-1.134725,-0.818045,-0.834474,2.224605,2.044993
-0.920593,-1.143067,-1.075051,2.181692,2.104846
-1.134725,-1.143067,-1.159253,2.131078,2.149617
-1.134725,-1.224331,-1.240448,2.0811,2.162672
-1.134725,-1.386842,-1.646421,2.055808,2.162672
-1.134725,-1.549353,-1.565227,2.028496,2.162672
-1.134725,-1.671249,-1.646421,2.005751,2.153824
-0.706461,-1.793128,-1.802797,2.005751,2.127829
-0.706461,-2.036902,-2.046381,2.005751,2.034058
-0.278197,-2.118149,-2.121561,2.007001,1.967622
-0.706461,-2.199413,-2.046381,2.010524,1.882931
-0.706461,-1.99627,-2.046381,2.012243,1.790016
-1.134725,-1.589985,-1.646421,2.014567,1.722967
-0.920593,-1.549353,-1.643414,2.025912,1.567837
-1.134725,-1.386842,-1.402837,2.028,1.44237
-0.920593,-1.508721,-1.481025,2.028,1.32295
-0.706461,-1.264963,-1.072044,2.028,1.19425
-0.920593,-0.77743,-0.831467,2.016023,1.07867
-1.134725,-0.980556,-0.915669,1.983137,0.986667
-1.134725,-0.736798,-0.753279,1.958778,0.919671
-0.920593,-0.696166,-0.669077,1.925609,0.842809
-1.134725,-0.12737,-0.103721,1.870077,0.778502
-0.920593,-0.371145,-0.181909,1.8171,0.732816
-1.348857,-0.046123,-0.106728,1.736655,0.680573
-1.134725,-0.086738,-0.103721,1.674125,0.656125
-0.920593,0.075773,0.061676,1.608667,0.646
-1.348857,0.197652,0.218051,1.538459,0.646
-0.920593,0.685185,0.548844,1.465165,0.646
-0.920593,0.441427,0.548844,1.391656,0.654018
-0.920593,0.766449,0.954818,1.340042,0.691719
-1.134725,1.010223,1.033005,1.304685,0.74415
-0.920593,0.807081,0.873623,1.264659,0.820441
-0.706461,0.888327,0.87663,1.232044,0.920168
-0.706461,1.294613,1.201409,1.19952,1.028685
-0.706461,1.213349,1.120215,1.179942,1.108426
-0.920593,1.09147,1.279597,1.161066,1.212542
-0.064064,1.538388,1.53521,1.139633,1.302037
-0.064064,1.253981,1.291626,1.116204,1.403717
-0.064064,1.213349,1.210431,1.0844,1.510892
0.150068,1.213349,1.132243,1.043206,1.617836
-0.064064,0.969591,0.966847,1.001458,1.7259
-0.278197,0.807081,0.80145,0.973293,1.804804
0.150068,0.603938,0.645075,0.939154,1.890137
0.150068,0.522674,0.56388,0.913988,1.971483
0.3642,0.603938,0.566887,0.912033,2.032519
1.006597,0.197652,0.25113,0.912033,2.07925
0.792464,0.15702,0.085733,0.912033,2.110168
1.006597,-0.005491,-0.073649,0.929618,2.145228
1.006597,-0.005491,0.007546,0.971636,2.175313
1.220729,-0.046123,0.010553,1.044513,2.212074
1.220729,0.116388,0.172943,1.109996,2.235987
1.220729,0.075773,0.091748,1.187248,2.254513
1.434861,0.116388,0.094755,1.272875,2.2725
1.220729,-0.046123,-0.070642,1.347125,2.285625
1.434861,-0.086738,-0.067635,1.426323,2.29075
1.434861,-0.086738,-0.067635,1.511372,2.29075
1.648994,-0.208634,-0.145822,1.566729,2.29075
1.434861,-0.574288,-0.473608,1.666722,2.287721
1.434861,-0.655534,-0.717193,1.721583,2.278152
1.434861,-0.655534,-0.635998,1.773396,2.25607
1.434861,-0.77743,-0.798387,1.849848,2.21807
1.648994,-0.858677,-0.95777,1.909048,2.187644
1.220729,-0.980556,-1.044979,1.948591,2.167882
1.220729,-1.264963,-1.207368,1.967401,2.154446
1.220729,-1.224331,-1.126174,1.968924,2.154166
0.578333,-1.874374,-1.784753,1.970447,2.153887
0.3642,-1.915006,-1.544176,1.97197,2.153607
-0.064064,-1.711864,-1.631385,1.973492,2.153327
-0.064064,-1.874374,-1.87497,1.939478,2.180904
-0.278197,-1.752496,-1.877977,1.865265,2.241509
-0.278197,-1.874374,-1.877977,1.803164,2.2794
-0.706461,-1.874374,-1.883991,1.740201,2.296391
-0.492329,-1.83376,-2.043374,1.685123,2.305648
-0.492329,-1.955638,-2.043374,1.575377,2.325765
-0.920593,-1.955638,-1.968193,1.474971,2.331
-0.492329,-1.99627,-2.043374,1.377471,2.331
0.3642,-2.158781,-2.193734,1.286003,2.331
0.3642,-2.077517,-2.112539,1.183588,2.320633
0.3642,-1.99627,-2.031345,1.093648,2.300244
1.006597,-1.711864,-1.697544,1.017099,2.269379
1.006597,-1.508721,-1.45396,0.952435,2.23208
1.006597,-1.224331,-1.210376,0.889696,2.182817
1.434861,-1.305595,-1.204361,0.83693,2.128783
1.220729,-1.183699,-1.126174,0.8056,2.058877
1.648994,-0.899309,-0.95777,0.802,1.970621
1.648994,-0.858677,-0.876575,0.802,1.890863
1.434861,-0.533656,-0.473608,0.8041,1.801811
1.434861,-0.452391,-0.392414,0.837967,1.771424
1.434861,-0.208634,-0.148829,0.919339,1.771424
1.434861,-0.208634,-0.230024,1.006443,1.764961
1.220729,-0.208634,-0.151837,1.054694,1.75734
1.220729,0.035141,0.172943,1.088018,1.756815
1.220729,0.15702,0.091748,1.122018,1.741407
1.220729,0.847695,0.660111,1.18281,1.639377
1.006597,0.035141,0.088741,1.240487,1.538001
1.006597,0.319531,0.25113,1.276228,1.437625
0.792464,0.400795,0.410512,1.292834,1.170097
0.792464,0.441427,0.572902,1.307587,0.972245
0.792464,0.847695,0.816486,1.390475,0.773403
0.578333,0.807081,0.813479,1.47575,0.692
0.3642,1.172734,1.216445,1.560199,0.660898
0.792464,0.969591,1.06007,1.651415,0.642026
-0.064064,0.969591,0.966847,1.727083,0.635634
-0.064064,1.172734,1.048042,1.802304,0.623831
-0.492329,1.132102,1.204417,1.877989,0.622831
-0.064064,1.132102,1.129236,1.962795,0.624031
-0.278197,1.132102,1.207424,2.077125,0.640411
-0.706461,1.050838,1.03902,2.135371,0.680978
-0.706461,1.09147,0.957825,2.180627,0.728734
-0.920593,0.807081,0.792428,2.211457,0.767445
-0.706461,0.928959,0.87663,2.230412,0.857713
-0.920593,0.807081,0.873623,2.240525,0.9734
-0.706461,0.888327,0.87663,2.246054,1.096014
-1.348857,0.888327,0.867609,2.248323,1.208502
-0.920593,0.847695,0.873623,2.250646,1.303875
-1.134725,0.522674,0.627032,2.250646,1.399323
-1.348857,0.319531,0.299245,2.250646,1.504029
-1.348857,0.035141,0.055661,2.243629,1.607707
-1.134725,-0.005491,-0.022526,2.213625,1.719884
-0.920593,-0.330513,-0.344298,2.201625,1.794417
-1.348857,-0.696166,-0.675092,2.197,1.848395
-1.777122,-0.77743,-0.843496,2.196912,1.874059
-1.348857,-1.021188,-1.081065,2.196647,1.872735
-1.56299,-1.34621,-1.327657,2.196382,1.871412
-1.56299,-1.549353,-1.571241,2.196118,1.870088
-1.134725,-1.711864,-1.727616,2.198,1.832428
-1.348857,-1.752496,-1.893013,2.198,1.772
-1.348857,-1.711864,-1.730623,2.194908,1.667125
-1.348857,-1.671249,-1.730623,2.192125,1.568865
-1.56299,-1.34621,-1.327657,2.185886,1.476211
-1.348857,-1.34621,-1.405844,2.178671,1.377743
-1.134725,-1.305595,-1.240448,2.170524,1.271192
-1.134725,-0.696166,-0.672084,2.132142,1.19725
-0.920593,-0.858677,-1.075051,2.093625,1.119375
-1.348857,-0.249249,0.055661,2.055806,1.055458
-1.134725,-0.086738,-0.184916,1.996033,1.009792
-1.348857,-0.046123,-0.025534,1.927897,0.975037
-1.56299,0.075773,0.133849,1.834076,0.94214
-0.706461,-0.005491,0.064683,1.73067,0.929567
-0.920593,0.15702,0.061676,1.625547,0.908152
-1.348857,0.482042,0.461635,1.534548,0.891561
-0.920593,0.563306,0.548844,1.460701,0.884377
-0.706461,0.725817,0.714241,1.373252,0.883
-0.492329,0.563306,0.554859,1.309,0.883
-0.706461,0.766449,0.795436,1.227008,0.88788
-0.278197,0.807081,0.882645,1.142858,0.911858
-0.278197,0.969591,1.045034,1.086355,0.953787
-0.064064,1.132102,1.129236,1.034302,1.023685
-0.278197,1.09147,1.207424,0.998125,1.091625
-0.278197,1.050838,1.126229,0.962118,1.173956
0.150068,1.050838,1.051049,0.925371,1.270318
0.578333,0.928959,0.975868,0.895327,1.369779
0.578333,0.969591,0.894674,0.865863,1.485757
0.150068,0.807081,0.807464,0.850829,1.585356
0.578333,0.725817,0.651089,0.847051,1.688524
0.792464,0.64457,0.572902,0.847051,1.787824
0.792464,0.522674,0.572902,0.847051,1.876921
1.006597,0.319531,0.41352,0.859293,1.963674
1.220729,0.197652,0.254137,0.889608,2.036487
1.220729,0.15702,0.091748,0.946022,2.118446
1.006597,0.035141,0.088741,1.018294,2.184944
1.434861,-0.208634,-0.148829,1.097282,2.236273
1.648994,-0.330513,-0.308212,1.205962,2.288759
1.434861,-0.371145,-0.554803,1.31283,2.336752
1.434861,-0.574288,-0.554803,1.432282,2.3685
1.434861,-0.899309,-0.879582,1.53192,2.3695
1.220729,-1.224331,-1.126174,1.664394,2.3695
1.220729,-1.305595,-1.288563,1.781125,2.369375
0.792464,-1.589985,-1.538162,1.895177,2.347297
1.006597,-1.83376,-1.778739,1.99459,2.305054
1.006597,-1.955638,-1.859934,2.064904,2.253927
-0.278197,-1.874374,-1.959172,2.127809,2.18779
-0.492329,-1.874374,-1.880984,2.139419,2.140297
-0.706461,-1.793128,-1.802797,2.139419,2.096721
-0.706461,-1.711864,-1.721602,2.139419,2.065875
-0.278197,-1.793128,-1.715587,2.132572,2.038848
0.150068,-1.711864,-1.709573,2.053509,2.023337
0.150068,-1.508721,-1.547183,1.944577,2.01304
0.578333,-1.305595,-1.378779,1.838417,1.990948
0.792464,-1.305595,-1.294578,1.790544,1.977257
0.578333,-1.102452,-1.054,1.674743,1.957542
0.3642,-0.655534,-0.569839,1.567508,1.946796
0.578333,-0.655534,-0.648027,1.470827,1.924162
1.006597,-0.655534,-0.642012,1.363426,1.886059
0.792464,-0.330513,-0.32024,1.266929,1.853918
0.792464,-0.249249,-0.157851,1.160615,1.815985
1.006597,0.035141,0.007546,1.058452,1.772497
1.006597,0.319531,0.25113,0.981592,1.72637
1.006597,0.400795,0.332325,0.919886,1.666258
1.006597,0.400795,0.494714,0.911316,1.63728
1.006597,0.563306,0.575909,0.911316,1.619231
0.792464,0.725817,0.735291,0.911316,1.59635
0.792464,0.888327,0.897681,0.917862,1.58875
0.578333,0.807081,0.894674,0.9219,1.516258
0.792464,0.847695,0.897681,0.927101,1.436654
0.792464,0.888327,0.978876,0.957831,1.336877
0.3642,1.37586,1.378835,1.004587,1.228203
0.150068,1.497756,1.538217,1.061261,1.133629
0.150068,1.538388,1.538217,1.112895,1.004946
-0.064064,1.294613,1.291626,1.132064,0.819756
-0.492329,1.09147,1.123222,1.172,0.728
-0.278197,1.050838,1.126229,1.264896,0.672115
-0.920593,0.969591,0.873623,1.356924,0.654233
-0.706461,0.725817,0.714241,1.453218,0.653167
-0.920593,0.563306,0.548844,1.533293,0.653167
-1.134725,0.603938,0.545837,1.635707,0.653357
-1.348857,0.400795,0.461635,1.742884,0.664655
-1.56299,0.400795,0.296238,1.848241,0.687178
-1.348857,0.319531,0.299245,1.935473,0.72395
-1.56299,0.441427,0.296238,2.01286,0.764813
-1.134725,-0.12737,-0.103721,2.078663,0.817326
-1.348857,-0.208634,-0.187923,2.130434,0.881913
-1.777122,-0.086738,-0.193937,2.171036,0.949257
-2.205386,-0.533656,-0.605926,2.202488,1.019343
-1.777122,-0.452391,-0.681106,2.234865,1.102661
-1.56299,-0.614902,-0.678099,2.23878,1.169922
-1.348857,-0.614902,-0.593897,2.239,1.226536
-1.348857,-0.655534,-0.675092,2.23894,1.283447
-0.920593,-0.330513,-0.263103,2.237877,1.312917
-1.348857,-0.289881,-0.350313,2.227359,1.317442
-1.134725,-0.046123,-0.103721,2.199688,1.32175
-0.706461,-0.371145,-0.341291,2.15667,1.322
-0.492329,-0.086738,-0.175894,2.105973,1.3218
-0.278197,0.15702,0.151892,2.027534,1.317677
-0.492329,0.075773,-0.013505,1.966,1.309
-0.492329,0.15702,0.148885,1.921632,1.297009
-0.492329,0.685185,0.717248,1.802505,1.266774
0.3642,0.441427,0.485693,1.670543,1.2516
0.578333,0.725817,0.732284,1.534849,1.2515
0.150068,0.522674,0.482685,1.406651,1.2515
0.578333,0.441427,0.407505,1.282556,1.252181
1.006597,0.603938,0.575909,1.182061,1.260594
1.220729,0.482042,0.497722,1.094223,1.290048
1.220729,0.522674,0.578916,1.013799,1.345451
1.434861,0.278916,0.257144,0.934239,1.425561
1.434861,0.197652,0.17595,0.862375,1.518625
1.648994,0.15702,0.178957,0.810898,1.610395
1.220729,0.197652,0.172943,0.763634,1.718529
1.434861,0.197652,0.17595,0.71859,1.811016
1.648994,0.035141,0.016567,0.698545,1.908948
1.434861,-0.168002,-0.148829,0.698545,2.008585
1.648994,-0.289881,-0.389406,0.698545,2.054833
1.648994,-0.533656,-0.389406,0.707261,2.138875
1.434861,-0.696166,-0.635998,0.747009,2.20525
1.434861,-0.899309,-0.879582,0.814078,2.254261
1.648994,-1.143067,-1.120159,0.895569,2.297426
1.434861,-1.305595,-1.285556,0.969987,2.326259
1.434861,-1.427474,-1.366751,1.063891,2.350483
1.220729,-1.468106,-1.532147,1.14756,2.373224
1.006597,-1.671249,-1.697544,1.204967,2.418227
0.792464,-1.752496,-1.700551,1.320972,2.418284
-0.278197,-1.874374,-1.877977,1.44228,2.418227
-0.492329,-2.158781,-2.043374,1.496769,2.41625
-0.278197,-1.915006,-2.121561,1.582216,2.413791
0.150068,-1.915006,-1.953157,1.707655,2.396095
0.3642,-1.793128,-1.706566,1.816806,2.368625
0.792464,-1.711864,-1.700551,1.891255,2.354437
0.3642,-1.468106,-1.462981,1.923645,2.350941
0.3642,-1.468106,-1.300592,1.923645,2.34951
1.220729,-0.939941,-1.207368,1.923645,2.338583
1.220729,-0.818045,-0.801395,1.920073,2.318952
1.006597,-0.655534,-0.642012,1.874639,2.285807
1.220729,-0.493023,-0.395421,1.783722,2.260385
1.006597,-0.411777,-0.317233,1.682289,2.229073
1.006597,-0.046123,-0.073649,1.59846,2.192071
1.220729,0.116388,0.335332,1.493026,2.140071
1.006597,0.075773,0.169935,1.40767,2.085308
1.006597,0.64457,0.657104,1.308763,2.021322
1.006597,0.685185,0.738299,1.211228,1.959956
0.792464,0.928959,0.897681,1.128238,1.903339
1.006597,1.050838,1.063078,1.056781,1.845271
1.006597,1.132102,1.063078,0.984119,1.772505
0.792464,1.253981,1.22246,0.918368,1.691154
0.578333,1.213349,1.219453,0.856944,1.60292
0.3642,1.253981,1.29764,0.805179,1.541329
0.578333,1.294613,1.300647,0.776328,1.515626
0.3642,1.37586,1.46003,0.758508,1.493648
0.3642,1.579003,1.541224,0.757441,1.4725
0.150068,1.619635,1.619412,0.757441,1.443428
0.150068,1.457124,1.457023,0.758066,1.416965
0.150068,1.294613,1.375828,0.790155,1.342603
-0.064064,1.294613,1.291626,0.836938,1.267201
-0.278197,1.294613,1.288619,0.881243,1.220841
0.150068,1.132102,1.213438,0.931669,1.059158
-0.278197,1.132102,1.126229,0.975087,0.999005
-0.492329,1.050838,1.042027,1.042291,0.929229
-0.706461,1.010223,1.03902,1.130422,0.780381
-1.134725,0.725817,0.708226,1.21725,0.75375
-1.134725,0.807081,0.789421,1.319775,0.738357
-1.348857,0.725817,0.624024,1.420739,0.729785
-1.348857,0.563306,0.54283,1.546985,0.722328
-1.348857,0.482042,0.461635,1.658365,0.722328
-1.348857,0.400795,0.38044,1.771858,0.722328
-1.348857,0.319531,0.299245,1.872538,0.729431
-0.920593,0.116388,0.061676,1.95652,0.754372
-1.991254,-0.574288,-0.602918,2.027939,0.797382
-1.777122,-0.939941,-0.92469,2.090173,0.854464
-1.134725,-1.264963,-1.240448,2.12874,0.920111
-1.56299,-1.183699,-1.246462,2.167945,0.999151
-0.706461,-1.468106,-1.478018,2.200204,1.08151
-0.064064,-1.589985,-1.631385,2.20205,1.197597
0.3642,-1.711864,-1.78776,2.20205,1.316601
0.792464,-1.874374,-1.944136,2.20034,1.428364
1.006597,-1.671249,-1.616349,2.181088,1.547963
1.006597,-1.711864,-1.697544,2.153054,1.640879
1.434861,-1.386842,-1.366751,2.118929,1.733875
1.434861,-1.183699,-1.123166,2.057703,1.845082
1.648994,-0.818045,-0.79538,1.980568,1.956913
1.434861,-1.021188,-1.041972,1.910182,2.042234
1.434861,-0.939941,-0.960777,1.834796,2.113784
1.006597,-1.021188,-1.047986,1.737487,2.192391
1.006597,-0.980556,-1.047986,1.653088,2.250523
1.220729,-0.858677,-0.801395,1.567509,2.300083
1.220729,-0.858677,-0.801395,1.473855,2.329253
0.792464,-0.858677,-0.888604,1.440382,2.330275
0.3642,-0.736798,-0.813423,1.389904,2.330275
0.3642,-0.818045,-0.732229,1.355233,2.328242
0.3642,-0.330513,-0.488644,1.35431,2.299248
0.3642,-0.696166,-0.651034,1.35431,2.25683
-0.492329,-0.736798,-0.663063,1.357069,2.206349
-1.134725,-0.086738,-0.103721,1.385401,2.143175
-1.134725,0.15702,0.221058,1.403438,2.079664
-0.706461,0.319531,0.227072,1.435,2.008149
-1.348857,0.725817,0.867609,1.49657,1.907869
-0.920593,0.64457,0.630039,1.577007,1.835715
-0.706461,0.725817,0.714241,1.606382,1.816906
-0.706461,0.766449,0.795436,1.676066,1.750545
-0.492329,0.807081,0.636053,1.752339,1.66329
-0.064064,0.766449,0.804457,1.826628,1.565148
-0.492329,1.132102,1.042027,1.900229,1.459305
-0.278197,1.050838,1.045034,1.969773,1.357027
-0.064064,0.969591,1.048042,2.001819,1.255212
-0.064064,1.213349,1.454015,2.004,1.150238
0.150068,1.294613,1.375828,2.004,1.056146
-0.278197,1.253981,1.288619,1.9991,0.951438
-0.278197,1.09147,1.126229,1.9465,0.87425
0.578333,0.969591,1.057063,1.878135,0.808983
0.150068,0.725817,0.807464,1.796646,0.744397
0.578333,0.725817,0.732284,1.717201,0.697525
0.578333,0.400795,0.4887,1.6237,0.65733
0.578333,0.482042,0.4887,1.506375,0.648534
0.792464,0.360163,0.491707,1.426323,0.648534
1.006597,0.441427,0.41352,1.337275,0.648534
1.220729,0.522674,0.416527,1.27726,0.654809
1.220729,0.15702,0.254137,1.200406,0.69542
1.220729,0.197652,0.172943,1.148116,0.762599
1.434861,0.035141,0.094755,1.094486,0.84284
1.648994,-0.046123,-0.064627,1.054406,0.942752
1.648994,-0.208634,-0.308212,1.021933,1.056936
1.434861,-0.411777,-0.311219,0.992497,1.159845
1.648994,-0.493023,-0.389406,0.960674,1.265981
1.220729,-0.614902,-0.55781,0.927041,1.384346
1.648994,-0.77743,-0.714185,0.888768,1.487572
1.434861,-0.939941,-0.879582,0.85079,1.599995
1.220729,-1.021188,-1.044979,0.82805,1.713087
1.006597,-1.143067,-1.129181,0.823849,1.817325
1.006597,-1.386842,-1.372765,0.823849,1.91215
0.792464,-1.589985,-1.538162,0.823849,1.98089
0.792464,-1.34621,-1.456967,0.833737,2.052531
0.792464,-0.818045,-0.888604,0.894598,2.129143
0.578333,-0.736798,-0.729221,0.978982,2.210042
0.578333,-0.289881,-0.485637,1.037326,2.25966
0.578333,-0.330513,-0.404442,1.104394,2.274838
0.578333,-0.289881,-0.323248,1.175254,2.275342
0.3642,-0.208634,-0.163865,1.25898,2.275342
0.150068,0.238284,0.239101,1.340861,2.273485
0.150068,0.319531,0.320296,1.418027,2.248796
0.150068,0.482042,0.645075,1.462861,2.216363
-0.278197,0.888327,1.045034,1.490831,2.173165
-0.278197,0.888327,0.882645,1.49525,2.127557
-0.706461,0.725817,1.201409,1.49525,2.076703
-0.492329,1.172734,1.204417,1.49525,2.02685
-0.492329,1.37586,1.366806,1.493113,1.988709
-0.492329,1.294613,1.285611,1.466941,1.901288
-0.492329,1.294613,1.285611,1.449397,1.838096
-0.492329,1.213349,1.204417,1.445053,1.826497
-0.706461,1.09147,1.03902,1.401823,1.716064
-0.492329,1.050838,1.042027,1.368372,1.586277
-0.706461,1.050838,1.03902,1.337748,1.420603
-0.920593,0.969591,0.954818,1.32,1.25175
-1.134725,0.725817,0.708226,1.313907,1.108731
-1.134725,0.64457,0.627032,1.313907,0.974579
-0.920593,0.603938,0.630039,1.313907,0.863834
-1.134725,0.766449,0.708226,1.324044,0.779588
-1.348857,0.278916,0.867609,1.363778,0.728003
-1.777122,0.482042,0.536815,1.40267,0.699372
-1.134725,0.928959,0.951811,1.452765,0.687202
-0.920593,0.685185,0.630039,1.512,0.687202
-0.920593,0.603938,0.630039,1.586442,0.687202
-0.920593,0.563306,0.548844,1.659875,0.687776
-0.920593,0.563306,0.548844,1.733327,0.698618
-0.706461,0.563306,0.551851,1.800811,0.714343
-0.278197,0.278916,0.314282,1.858596,0.734339
-0.706461,0.319531,0.308267,1.904232,0.748089
-0.278197,1.010223,1.045034,1.957125,0.761125
-0.278197,0.522674,0.476671,2.007958,0.777994
0.150068,0.441427,0.482685,2.045704,0.789979
-0.064064,0.15702,0.236094,2.046705,0.790546
0.150068,0.400795,0.401491,2.047705,0.791112
0.3642,0.319531,0.242108,2.048594,0.791615
0.578333,0.360163,0.245116,2.035553,0.79193
0.3642,0.15702,0.242108,1.980359,0.79218
0.578333,0.197652,0.163921,1.912647,0.80528
1.006597,0.075773,0.007546,1.838783,0.831877
1.006597,0.035141,0.007546,1.753235,0.875549
1.006597,-0.086738,0.007546,1.687252,0.923913
1.220729,-0.086738,-0.070642,1.623534,0.973464
1.220729,-0.12737,-0.151837,1.54495,1.032397
1.434861,-0.208634,-0.230024,1.4645,1.098183
1.220729,-0.249249,-0.233031,1.396847,1.161628
1.434861,-0.533656,-0.473608,1.324292,1.235944
1.220729,-0.736798,-0.7202,1.258206,1.308528
1.434861,-0.858677,-0.879582,1.193949,1.382829
1.434861,-1.021188,-0.960777,1.102527,1.483855
1.220729,-1.102452,-1.126174,1.048205,1.579677
1.434861,-1.06182,-1.041972,1.0,1.68775
1.006597,-1.427474,-1.372765,0.9765,1.78878
0.792464,-1.386842,-1.456967,0.976,1.890617
0.792464,-1.427474,-1.456967,0.976,1.940345
0.150068,-1.711864,-1.709573,0.980206,1.984892
-0.278197,-1.793128,-1.796782,1.017619,2.062433
0.150068,-1.508721,-1.465989,1.074768,2.124151
-0.706461,-1.386842,-1.478018,1.14825,2.181625
-0.706461,-1.305595,-1.315628,1.2295,2.222375
-1.134725,-1.183699,-0.834474,1.321979,2.251599
-0.920593,-1.143067,-1.156246,1.420329,2.294473
-0.920593,-1.427474,-1.39983,1.504882,2.331553
-0.706461,-1.468106,-1.640407,1.590173,2.331553
-0.492329,-1.711864,-1.6374,1.682351,2.331553
-0.278197,-1.102452,-1.147224,1.7695,2.327316
-0.278197,-1.34621,-1.390808,1.840469,2.305241
0.150068,-1.06182,-0.816431,1.909589,2.2371
0.792464,-1.183699,-1.213383,1.987533,2.135678
1.006597,-0.858677,-0.885597,2.057611,2.062511
1.006597,-0.980556,-1.047986,2.10802,1.983611
1.006597,-0.655534,-0.642012,2.129125,1.931625
1.006597,-0.249249,-0.236038,2.132544,1.86821
1.220729,-0.411777,-0.314226,2.131993,1.818578
1.434861,-0.12737,-0.067635,2.131993,1.789825
1.434861,-0.005491,-0.067635,2.128696,1.789825
1.434861,0.197652,0.17595,2.070803,1.789825
1.434861,-0.12737,-0.067635,2.002298,1.793957
1.006597,0.035141,0.088741,1.933699,1.819779
1.220729,-0.005491,0.010553,1.855038,1.86023
1.220729,-0.086738,-0.070642,1.756649,1.91481
0.792464,0.15702,0.166928,1.666651,1.949957
1.006597,0.075773,0.088741,1.532569,1.9785
0.792464,0.360163,0.329318,1.43625,1.995717
0.792464,0.482042,0.410512,1.333069,1.997
0.792464,0.766449,0.654097,1.236483,1.997
0.3642,1.213349,1.135251,1.162906,1.997
0.792464,1.132102,1.141265,1.07972,1.992378
-0.064064,1.132102,1.210431,1.013336,1.976194
-0.064064,1.37586,1.291626,0.956521,1.950469
0.150068,1.132102,1.132243,0.923499,1.915779
-0.706461,1.457124,1.526188,0.915865,1.875933
-0.064064,1.335245,1.372821,0.915865,1.827867
-0.278197,1.132102,1.207424,0.915865,1.793937
-0.278197,1.253981,1.207424,0.937059,1.752703
-0.492329,1.132102,1.204417,1.075519,1.746041
-0.492329,1.132102,1.123222,1.153724,1.716467
-0.492329,1.050838,1.042027,1.192898,1.624516
-0.706461,1.050838,1.03902,1.239556,1.531549
-0.706461,0.969591,0.957825,1.277563,1.428102
-0.492329,0.319531,0.06769,1.279774,1.314995
-0.492329,0.075773,0.06769,1.279774,1.194295
-1.56299,-0.411777,-0.35332,1.28535,1.095865
-1.56299,-0.330513,-0.35332,1.244307,0.978537
-1.134725,-0.533656,-0.59089,1.23286,0.784864
-0.920593,-0.77743,-0.831467,1.23286,0.666181
-1.134725,-0.77743,-0.834474,1.238003,0.648903
-1.134725,-0.899309,-0.915669,1.277565,0.648903
-0.492329,-1.386842,-1.47501,1.31924,0.652335
-0.492329,-1.630617,-1.556205,1.362678,0.662624
-0.064064,-1.711864,-1.71258,1.42175,0.678375
0.150068,-1.711864,-1.628378,1.493872,0.707108
0.3642,-1.589985,-1.544176,1.559379,0.736786
0.578333,-1.508721,-1.541169,1.618262,0.7679
0.792464,-1.305595,-1.294578,1.676347,0.803226
1.006597,-1.102452,-1.047986,1.726417,0.834373
1.220729,-1.06182,-1.044979,1.775755,0.872442
1.434861,-1.021188,-0.960777,1.824003,0.929023
1.648994,-0.77743,-0.714185,1.86016,0.99456
1.434861,-0.533656,-0.554803,1.892125,1.076875
1.434861,-0.411777,-0.554803,1.916505,1.163002
1.648994,-0.411777,-0.389406,1.947539,1.247402
1.434861,-0.046123,-0.067635,1.96,1.3
1.648994,-0.289881,-0.227017,1.962563,1.315376
1.648994,0.075773,0.016567,1.968,1.422797
1.648994,-0.046123,0.097762,1.968,1.528753
1.434861,-0.12737,-0.148829,1.968,1.64608
1.434861,-0.005491,0.01356,1.963454,1.777252
1.434861,-0.208634,-0.230024,1.937891,1.895347
1.220729,-0.208634,-0.233031,1.898417,1.993751
1.220729,-0.12737,-0.151837,1.837232,2.08784
0.792464,0.075773,0.166928,1.768292,2.171641
0.792464,0.360163,0.572902,1.692146,2.227682
0.792464,0.807081,0.735291,1.599625,2.272205
1.006597,0.888327,0.900688,1.527295,2.306539
0.578333,0.766449,0.894674,1.459921,2.32903
0.578333,0.64457,0.732284,1.38442,2.3337
0.578333,0.64457,0.651089,1.307096,2.3337
0.578333,0.888327,0.894674,1.232972,2.3337
0.150068,1.172734,1.213438,1.153875,2.33205
-0.064064,1.294613,1.291626,1.082721,2.320723
0.3642,1.335245,1.29764,1.024215,2.282529
-0.064064,1.253981,1.291626,0.949299,2.256016
0.150068,0.969591,0.969854,0.891898,2.226287
-0.278197,1.213349,1.207424,0.876,2.185616
-0.278197,1.172734,1.126229,0.876,2.152282
0.150068,1.050838,1.132243,0.876,2.098635
-0.278197,1.010223,1.045034,0.877924,2.039763
-0.278197,1.050838,1.045034,0.89216,1.951982
-0.706461,1.050838,0.957825,0.902074,1.863904
-0.492329,0.888327,0.960832,0.911708,1.770193
-0.920593,0.725817,0.711234,0.922446,1.662648
-0.920593,0.603938,0.630039,0.932641,1.557118
-0.706461,0.522674,0.551851,0.94164,1.491049
-1.134725,0.563306,0.464642,0.946829,1.458189
-0.920593,0.603938,0.548844,0.952816,1.410965
-1.348857,0.725817,0.624024,0.975546,1.332829
-1.134725,0.807081,0.789421,0.990321,1.242799
-1.134725,0.725817,0.708226,1.014002,1.147881
-1.134725,0.603938,0.627032,1.042125,1.085875
-1.134725,0.64457,0.545837,1.0839,1.0232
-1.134725,0.563306,0.545837,1.138963,0.920754
-0.920593,0.441427,0.467649,1.208056,0.766356
-0.920593,0.400795,0.467649,1.280261,0.751173
-0.920593,0.441427,0.386455,1.355002,0.748
-0.492329,0.116388,0.06769,1.445367,0.748
-0.706461,-0.086738,-0.097707,1.537125,0.748
-0.278197,0.075773,0.070697,1.630716,0.748997
-0.278197,-0.005491,-0.010497,1.713936,0.761883
0.150068,-0.452391,-0.491652,1.793867,0.771665
-0.278197,-0.574288,-0.578861,1.858897,0.787757
-0.278197,-0.655534,-0.660056,1.908719,0.802031
-0.064064,-0.818045,-0.819438,1.957327,0.817714
-0.064064,-0.736798,-0.819438,1.986839,0.83154
0.3642,-1.224331,-1.219397,1.991129,0.844868
0.3642,-1.224331,-1.219397,1.997402,0.860957
0.578333,-1.224331,-1.21639,1.9985,0.878283
0.792464,-1.264963,-1.213383,1.996696,0.916572
1.220729,-1.183699,-1.126174,1.988294,0.975304
1.434861,-0.818045,-0.798387,1.953237,1.041541
1.434861,-0.696166,-0.635998,1.919164,1.101922
1.648994,-0.533656,-0.470601,1.910772,1.170763
1.434861,-0.574288,-0.554803,1.867355,1.244972
1.648994,-0.574288,-0.551796,1.812389,1.345352
1.434861,-0.371145,-0.473608,1.76676,1.451547
1.434861,-0.452391,-0.392414,1.695858,1.557877
1.434861,-0.371145,-0.392414,1.63432,1.657258
1.648994,-0.249249,-0.227017,1.591364,1.769917
0.792464,-0.371145,-0.32024,1.541003,1.87304
1.006597,-0.086738,-0.073649,1.468307,1.963207
1.006597,0.035141,0.007546,1.425429,2.034321
0.792464,0.197652,0.410512,1.367334,2.094348
0.792464,0.400795,0.329318,1.302425,2.142775
0.792464,0.278916,0.329318,1.238453,2.181712
0.792464,0.64457,0.572902,1.164644,2.216566
0.150068,0.888327,0.888659,1.099857,2.239711
0.150068,1.213349,1.213438,1.052024,2.244358
0.150068,1.294613,1.213438,1.0415,2.244358
-0.278197,1.294613,1.369813,1.0415,2.244358
-0.064064,1.132102,1.210431,1.0415,2.229602
-0.278197,1.213349,1.207424,1.045625,2.179625
-0.706461,0.888327,0.957825,1.055885,2.099372
-0.278197,0.807081,0.80145,1.066375,1.9985
-0.492329,0.928959,0.798443,1.07,1.936
-0.492329,0.685185,0.636053,1.07,1.885747
-0.706461,0.441427,0.389462,1.07,1.797625
-1.134725,0.482042,0.383447,1.07,1.7305
-1.56299,-0.249249,-0.272125,1.064702,1.631652
-1.348857,-0.289881,-0.350313,1.048171,1.489294
-1.56299,-0.371145,-0.35332,1.048,1.332833
-1.134725,-0.574288,-0.59089,1.048,1.188048
-0.492329,-0.614902,-0.581868,1.049731,1.077725
-0.278197,-0.411777,-0.335277,1.072875,0.980236
-0.278197,-0.411777,-0.416471,1.128257,0.865902
0.150068,-0.086738,-0.085678,1.217749,0.773603
0.578333,-0.005491,-0.079663,1.277023,0.722526
0.150068,0.400795,0.72627,1.340664,0.716845
0.792464,0.278916,0.329318,1.431999,0.716845
1.006597,0.278916,0.169935,1.545094,0.716845
1.220729,0.563306,0.578916,1.663561,0.727126
1.220729,0.482042,0.497722,1.755091,0.747914
1.006597,0.563306,0.575909,1.8401,0.784355
1.220729,0.319531,0.335332,1.924078,0.842794
1.434861,0.319531,0.338339,2.006676,0.921102
1.434861,0.15702,0.257144,2.073471,1.00648
1.648994,0.319531,-0.064627,2.101145,1.08922
1.648994,-0.249249,-0.227017,2.102477,1.164875
1.648994,-0.208634,-0.308212,2.102477,1.224486
1.434861,-0.533656,-0.554803,2.099456,1.282992
1.434861,-0.696166,-0.798387,2.067967,1.324495
1.434861,-0.899309,-0.879582,1.986401,1.365866
1.220729,-1.183699,-1.126174,1.897771,1.39346
1.434861,-1.102452,-1.123166,1.818121,1.415634
1.220729,-1.711864,-1.694537,1.723561,1.439954
1.220729,-1.793128,-1.694537,1.618168,1.46719
0.792464,-1.386842,-1.456967,1.490018,1.492327
1.006597,-1.264963,-1.210376,1.367722,1.515403
0.578333,-0.980556,-0.972806,1.284398,1.530939
0.792464,-1.06182,-0.969798,1.174147,1.556733
0.578333,-0.939941,-0.891611,1.07551,1.584585
0.3642,-0.818045,-0.894618,0.9807,1.6222
0.150068,-0.736798,-0.654041,0.8855,1.675875
0.150068,-0.168002,-0.166873,0.810463,1.732809
-0.064064,-0.168002,-0.16988,0.745028,1.79927
-0.064064,0.15702,0.073704,0.70771,1.863937
-0.064064,-0.005491,0.073704,0.704114,1.93912
-0.492329,0.319531,0.392469,0.704114,2.006694
-0.492329,0.563306,0.554859,0.707191,2.065526
-0.492329,0.400795,0.392469,0.750043,2.129029
-0.492329,0.928959,0.798443,0.814946,2.186024
-0.706461,0.441427,0.470657,0.929909,2.250722
-0.920593,0.847695,0.873623,1.047572,2.306389
-1.134725,0.563306,0.789421,1.155998,2.332618
-1.56299,0.725817,0.621017,1.254836,2.335575
-1.56299,0.64457,0.539823,1.313568,2.334214
-1.991254,0.64457,0.533808,1.400227,2.334214
-1.348857,0.360163,0.54283,1.48608,2.322662
-1.56299,0.075773,0.052654,1.537419,2.289998
-1.777122,0.075773,0.049647,1.569226,2.238411
-1.777122,-0.12737,-0.112743,1.574,2.184714
-1.777122,-0.289881,-0.275132,1.574,2.113505
-1.348857,-0.655534,-0.837481,1.574,2.021947
-1.348857,-0.858677,-0.918676,1.559183,1.928072
-1.134725,-0.939941,-0.672084,1.538162,1.847919
-1.56299,-1.305595,-1.327657,1.524821,1.741328
-1.134725,-1.427474,-1.484032,1.521,1.614268
-1.134725,-1.874374,-1.808811,1.521,1.487516
-1.134725,-1.874374,-1.9712,1.521,1.362533
-0.920593,-2.036902,-1.968193,1.53002,1.242028
-1.134725,-1.793128,-1.727616,1.564106,1.108361
-1.134725,-1.468106,-1.484032,1.60898,0.996784
-0.920593,-1.386842,-1.481025,1.672463,0.905584
-0.920593,-0.939941,-0.993856,1.74055,0.837393
-0.920593,-0.899309,-0.912661,1.813554,0.78193
-1.134725,-0.696166,-0.59089,1.892964,0.740981
-1.134725,-0.818045,-0.834474,1.987722,0.73467
-1.134725,-0.655534,-0.672084,2.056544,0.73467
-0.920593,-0.574288,-0.587882,2.118695,0.736236
-0.706461,-0.086738,-0.016512,2.1785,0.759125
-1.134725,0.238284,0.221058,2.236884,0.808605
-1.134725,0.238284,0.221058,2.275157,0.874917
-0.920593,0.278916,0.548844,2.296538,0.963429
-0.492329,0.807081,0.717248,2.307028,1.078694
-0.920593,0.725817,0.792428,2.309451,1.167077
-1.134725,0.888327,0.789421,2.310258,1.306828
-0.706461,0.969591,1.120215,2.308633,1.427948
-0.706461,1.050838,1.03902,2.273448,1.56456
-0.920593,0.888327,1.117207,2.232375,1.729375
-0.064064,1.132102,1.129236,2.205849,1.824839
-0.064064,1.253981,1.210431,2.177627,1.914142
0.150068,1.213349,1.213438,2.168168,1.938306
-0.064064,1.457124,1.454015,2.168085,1.938306
0.150068,1.619635,1.619412,2.15931,1.938306
0.150068,1.538388,1.619412,2.155625,1.923064
0.578333,1.579003,1.544232,2.152,1.865179
0.578333,1.538388,1.544232,2.152,1.791521
0.3642,1.37586,1.378835,2.141597,1.697087
0.3642,1.213349,1.378835,2.127778,1.57818
0.792464,1.172734,1.22246,2.10355,1.488069
0.792464,1.294613,1.22246,2.069175,1.376753
0.3642,1.213349,1.29764,2.028291,1.26923
0.578333,1.213349,1.138258,1.982202,1.174916
0.578333,1.050838,1.057063,1.931681,1.072944
0.578333,1.09147,1.057063,1.896839,0.988564
0.578333,0.928959,1.057063,1.835683,0.912427
0.3642,0.725817,0.485693,1.767713,0.874523
0.578333,0.563306,0.407505,1.689668,0.835902
0.150068,0.400795,0.401491,1.595957,0.806463
0.150068,0.725817,0.645075,1.504215,0.793987
-0.278197,0.360163,0.395476,1.404588,0.781617
-0.492329,0.482042,0.473664,1.310984,0.767616
-0.920593,0.400795,0.386455,1.213099,0.760238
-0.920593,0.238284,0.061676,1.108791,0.76
-1.134725,0.238284,0.139863,1.017685,0.76
-1.56299,0.197652,0.133849,0.952,0.763937
-1.348857,0.238284,0.218051,0.906212,0.7946
-1.348857,0.075773,0.055661,0.862112,0.849441
-1.348857,-0.046123,0.055661,0.821256,0.917684
-1.56299,-0.289881,-0.272125,0.815,1.006471
-1.348857,-0.330513,-0.350313,0.815,1.091125
-1.56299,-0.533656,-0.596904,0.815,1.163014
-1.348857,-0.655534,-0.512702,0.824976,1.213389
-1.348857,-0.818045,-0.837481,0.83775,1.227
-1.56299,-0.939941,-1.002878,0.899627,1.227
-1.348857,-0.818045,-0.756286,0.940486,1.227
-1.348857,-0.858677,-0.918676,1.003543,1.224053
-0.920593,-0.77743,-0.750272,1.031507,1.21345
-0.706461,-0.452391,-0.747265,1.084064,1.177157
-0.492329,-0.249249,-0.500673,1.168806,1.131907
-0.920593,-0.12737,0.14287,1.264202,1.089111
0.3642,-0.371145,-0.40745,1.381601,1.050702
0.150068,0.238284,0.157906,1.465284,1.02968
0.578333,0.075773,0.082726,1.563744,1.0067
0.792464,-0.046123,0.004539,1.681565,0.978748
0.792464,0.075773,0.085733,1.787156,0.975504
0.792464,0.482042,0.410512,1.893405,0.975504
1.006597,0.035141,0.088741,1.986675,0.976345
1.006597,0.116388,0.169935,2.063473,1.00659
1.220729,0.319531,0.335332,2.128392,1.061801
1.220729,0.360163,0.335332,2.160551,1.111645
1.434861,0.238284,0.257144,2.190975,1.192984
1.648994,0.15702,0.178957,2.200465,1.288085
1.434861,0.15702,0.17595,2.20412,1.360268
1.434861,0.116388,0.17595,2.20412,1.419903
1.434861,0.15702,0.17595,2.20412,1.463431
1.863126,-0.046123,0.019575,2.169344,1.493784
1.863126,-0.289881,-0.305204,2.110792,1.521592
1.434861,-0.411777,-0.392414,2.03225,1.53125
1.434861,-0.533656,-0.554803,1.935504,1.535
1.434861,-0.736798,-0.717193,1.850625,1.5355
1.220729,-0.818045,-0.882589,1.714251,1.5355
1.220729,-1.183699,-1.126174,1.590073,1.5355
1.220729,-1.305595,-1.207368,1.443557,1.535969
1.220729,-1.549353,-1.532147,1.329404,1.538257
1.006597,-1.83376,-1.778739,1.250821,1.54257
1.006597,-1.711864,-1.697544,1.150879,1.56192
0.578333,-1.630617,-1.622364,1.084108,1.594524
0.3642,-1.752496,-1.462981,1.00549,1.628967
0.150068,-1.793128,-1.871962,0.923976,1.662834
-0.920593,-1.589985,-1.562219,0.846252,1.720195
-0.706461,-1.386842,-1.396823,0.764243,1.815738
-0.278197,-1.508721,-1.553198,0.74306,1.873565
-0.492329,-1.468106,-1.393816,0.74306,1.9401
-0.920593,-1.468106,-1.481025,0.74306,2.00775
-0.278197,-1.305595,-1.228419,0.750737,2.080542
-0.278197,-1.06182,-1.147224,0.787425,2.139032
-0.064064,-0.899309,-0.900633,0.857887,2.199624
-0.278197,-0.77743,-0.660056,0.932984,2.245898
0.150068,-0.330513,-0.329262,1.017141,2.282853
0.578333,-0.289881,-0.242053,1.118107,2.318234
0.3642,0.035141,-0.001476,1.212375,2.3325
0.578333,-0.12737,-0.160858,1.310879,2.3325
0.578333,-0.005491,-0.079663,1.426908,2.3325
1.006597,0.238284,0.25113,1.512353,2.33056
0.578333,0.685185,0.569895,1.612573,2.305406
0.578333,0.766449,0.651089,1.693405,2.280667
0.578333,0.888327,0.813479,1.791159,2.235775
0.792464,1.213349,1.303655,1.87825,2.183875
0.792464,1.213349,1.22246,1.936395,2.13968
0.578333,1.37586,1.381842,1.98118,2.091177
0.792464,1.294613,1.303655,2.012064,2.038167
0.578333,1.457124,1.625426,2.012086,2.009807
0.3642,1.619635,1.703614,2.012086,1.983625
0.3642,1.619635,1.622419,2.010961,1.95933
0.578333,1.944657,1.869011,1.962498,1.932714
0.3642,1.619635,1.703614,1.892744,1.89595
0.150068,1.457124,1.457023,1.811388,1.861607
0.150068,1.538388,1.619412,1.711412,1.844306
0.150068,1.37586,1.457023,1.624,1.810403
-0.064064,1.457124,1.454015,1.521581,1.762864
-0.064064,1.294613,1.291626,1.41501,1.710756
-1.134725,1.010223,1.1142,1.317825,1.661227
-0.920593,0.807081,0.792428,1.25,1.620165
-1.348857,0.725817,0.705219,1.19928,1.569104
-1.56299,0.888327,0.783407,1.109437,1.507055
-1.134725,0.563306,0.627032,1.031428,1.477295
-1.56299,0.563306,0.458628,0.949274,1.393256
-1.56299,0.197652,0.215043,0.88115,1.294098
-1.348857,0.197652,0.136856,0.844715,1.204007
-1.56299,-0.208634,-0.19093,0.798788,1.112792
-1.56299,-0.046123,-0.19093,0.788152,1.030664
-1.56299,-0.168002,-0.109736,0.788152,0.931584
-1.348857,-0.736798,-0.756286,0.788152,0.844073
-0.920593,-0.77743,-0.750272,0.795488,0.786682
-1.134725,-0.899309,-0.915669,0.835052,0.737982
-1.348857,-1.224331,-1.16226,0.864319,0.704792
-1.134725,-1.630617,-1.646421,0.928451,0.673953
-1.134725,-1.589985,-1.646421,1.012605,0.647283
-0.920593,-1.874374,-1.886998,1.114677,0.63214
-0.706461,-1.99627,-1.965186,1.218,0.625625
-0.278197,-1.874374,-1.959172,1.317152,0.623109
0.3642,-1.630617,-1.625371,1.420292,0.616524
0.578333,-1.549353,-1.459974,1.534254,0.61
1.434861,-1.264963,-1.204361,1.648093,0.61
1.220729,-1.143067,-1.126174,1.763963,0.61
1.434861,-1.021188,-0.960777,1.8732,0.6187
1.648994,-1.102452,-1.038964,1.968784,0.655734
1.220729,-0.858677,-0.7202,2.037606,0.695456
1.006597,-0.655534,-0.642012,2.1038,0.7632
0.792464,-0.168002,-0.157851,2.157461,0.843199
0.792464,-0.046123,-0.076656,2.203132,0.953771
1.220729,0.035141,0.091748,2.223189,1.062659
0.792464,0.075773,0.085733,2.230254,1.18425
0.792464,0.441427,0.491707,2.233708,1.312587
0.792464,0.360163,0.410512,2.233708,1.432279
0.578333,0.441427,0.4887,2.231715,1.547523
0.578333,0.522674,0.569895,2.223372,1.623929
0.3642,0.928959,0.891666,2.200622,1.753574
-0.064064,1.213349,1.210431,2.155479,1.889332
0.3642,1.132102,1.135251,2.121665,1.951968
0.3642,1.457124,1.378835,2.060468,2.046425
0.150068,1.457124,1.538217,2.00175,2.134792
0.150068,1.050838,1.051049,1.890926,2.212515
-0.064064,1.010223,1.048042,1.798785,2.26835
-0.064064,1.213349,1.129236,1.732438,2.29203
-0.278197,1.132102,1.126229,1.64771,2.299
-0.492329,1.132102,1.123222,1.53541,2.299
-0.706461,0.969591,1.120215,1.42652,2.299
-0.706461,0.969591,0.957825,1.340558,2.293355
-0.278197,1.010223,0.96384,1.284581,2.266545
-0.064064,0.888327,0.885652,1.224018,2.222222
-0.064064,0.725817,0.804457,1.165321,2.159971
0.150068,0.522674,0.56388,1.112365,2.072109
0.150068,0.482042,0.401491,1.063375,1.957875
-0.064064,0.15702,0.154899,1.027884,1.851075
-0.278197,-0.168002,-0.172887,0.997047,1.746645
-0.064064,-0.249249,-0.16988,0.972907,1.66694
0.150068,-0.249249,-0.248067,0.952025,1.575721
0.578333,-0.493023,-0.485637,0.949667,1.483413
0.578333,-0.736798,-0.485637,0.949667,1.366014
0.150068,-0.77743,-0.816431,0.952106,1.227371
0.578333,-0.899309,-0.891611,0.970856,1.106843
1.006597,-1.143067,-1.047986,1.003126,1.005805
1.220729,-1.427474,-1.369758,1.05024,0.911888
0.792464,-1.589985,-1.619357,1.092386,0.84382
0.578333,-1.793128,-1.784753,1.127088,0.804537
1.006597,-1.793128,-1.778739,1.184228,0.773493
-0.492329,-2.036902,-2.043374,1.248525,0.773414
-0.706461,-1.99627,-1.721602,1.299394,0.773414
-1.134725,-1.589985,-1.646421,1.351846,0.779185
-1.348857,-1.508721,-1.568234,1.393125,0.80975
-1.777122,-1.386842,-1.330664,1.4032,0.832519
-1.348857,-0.899309,-0.918676,1.416086,0.895834
-1.134725,-0.980556,-0.996863,1.417667,0.981379
-1.56299,-0.614902,-0.515709,1.417667,1.085622
-1.348857,-0.371145,-0.350313,1.419667,1.200458
-1.348857,-0.249249,-0.269118,1.413024,1.318262
-1.348857,-0.289881,-0.350313,1.405057,1.420197
-1.777122,0.278916,0.374426,1.404819,1.534288
-1.348857,0.197652,0.38044,1.404819,1.70546
-1.134725,0.278916,0.221058,1.406784,1.823149
-1.134725,0.238284,0.221058,1.419721,1.921967
-1.348857,0.563306,0.624024,1.4415,1.998501
-1.348857,0.766449,0.786414,1.473784,2.065134
-1.134725,0.928959,0.870616,1.526853,2.147989
-0.920593,0.888327,0.873623,1.591669,2.211484
-0.492329,1.050838,1.042027,1.665356,2.250181
-0.492329,0.969591,0.960832,1.713075,2.257
-0.706461,1.497756,1.444994,1.77575,2.257
-0.278197,1.294613,1.451008,1.879537,2.257
0.150068,1.86341,1.781802,1.960006,2.254357
-0.064064,1.700899,1.778794,2.039525,2.211175
0.150068,1.700899,1.619412,2.110285,2.140015
0.3642,1.741514,1.947198,2.144236,2.080153
0.150068,1.538388,1.619412,2.181574,1.986696
0.3642,1.86341,1.866003,2.215351,1.879903
0.3642,1.782146,1.866003,2.235777,1.755116
0.3642,1.782146,1.784809,2.249084,1.646774
0.150068,1.538388,1.294633,2.258068,1.508603
0.3642,1.335245,1.29764,2.2629,1.384625
0.792464,1.213349,1.303655,2.2629,1.280258
0.792464,1.132102,1.22246,2.2629,1.13886
1.006597,1.294613,1.225467,2.260323,1.040584
0.578333,0.969591,0.975868,2.230437,0.951769
1.006597,0.888327,0.981883,2.187825,0.878627
1.006597,0.888327,0.900688,2.112643,0.802846
1.006597,0.928959,0.900688,2.033952,0.750664
1.220729,0.969591,0.903695,1.942601,0.70471
1.220729,0.766449,0.822501,1.850588,0.663388
1.220729,0.685185,0.741306,1.752121,0.628367
1.220729,0.766449,0.741306,1.664577,0.59503
1.006597,0.563306,0.657104,1.569473,0.572294
1.006597,0.64457,0.657104,1.462837,0.553075
0.792464,0.64457,0.654097,1.359386,0.53698
1.006597,0.685185,0.657104,1.265625,0.533
0.578333,0.360163,0.407505,1.1272,0.533
0.578333,0.400795,0.407505,1.03445,0.533986
0.578333,0.725817,0.732284,0.948601,0.548808
0.3642,0.563306,0.648082,0.8849,0.5733
0.150068,0.319531,0.320296,0.832212,0.61885
-0.278197,0.563306,0.476671,0.794574,0.683631
0.150068,0.400795,0.401491,0.770875,0.760125
-0.278197,0.482042,0.395476,0.749094,0.842812
-0.706461,0.319531,0.308267,0.724292,0.94441
-0.706461,0.319531,0.308267,0.702436,1.069625
-0.706461,0.64457,0.633046,0.693817,1.173823
-0.920593,0.685185,0.630039,0.684758,1.274745
-1.348857,0.603938,0.54283,0.673201,1.37164
-1.134725,0.563306,0.545837,0.6685,1.4571
-1.134725,0.563306,0.545837,0.6685,1.527628
-1.348857,0.15702,0.136856,0.6685,1.574709
-0.920593,0.238284,0.14287,0.6745,1.584161
-1.777122,-0.411777,0.049647,0.695447,1.584161
-1.348857,-0.411777,-0.431507,0.720908,1.584161
-1.348857,-0.533656,-0.512702,0.750246,1.574246
-1.134725,-0.77743,-0.753279,0.793346,1.54319
-0.920593,-0.980556,-0.912661,0.854349,1.491287
-1.134725,-1.143067,-1.240448,0.878,1.47
-1.348857,-1.34621,-1.487039,0.894809,1.454283
-1.134725,-1.630617,-1.565227,0.973357,1.381834
-1.134725,-1.589985,-1.646421,1.0677,1.3051
-0.920593,-1.915006,-1.886998,1.182002,1.225332
-0.706461,-1.955638,-1.965186,1.293043,1.156881
-0.278197,-1.793128,-1.796782,1.403589,1.089679
-0.064064,-1.589985,-1.468996,1.526379,1.011377
0.150068,-1.468106,-1.384794,1.638368,0.944993
0.578333,-1.34621,-1.297585,1.751433,0.896994
0.792464,-1.183699,-1.294578,1.833828,0.892313
1.006597,-1.06182,-1.129181,1.902894,0.888563
1.220729,-0.939941,-0.963784,1.969415,0.887313
1.006597,-0.371145,-0.479623,2.025021,0.903511
1.434861,-0.655534,-0.635998,2.106367,0.972043
1.220729,-0.452391,-0.55781,2.145806,1.058809
1.220729,-0.208634,-0.151837,2.1665,1.146707
1.434861,-0.086738,-0.067635,2.195415,1.263033
1.648994,-0.046123,-0.064627,2.22,1.381357
1.434861,-0.208634,-0.148829,2.22,1.477001
1.220729,-0.12737,-0.151837,2.22,1.578561
1.220729,0.116388,0.254137,2.22,1.644409
1.220729,-0.12737,0.010553,2.199609,1.755119
1.220729,0.075773,0.091748,2.156875,1.86325
1.220729,-0.168002,-0.151837,2.106976,1.96331
1.006597,-0.086738,-0.073649,2.048835,2.046456
0.792464,0.197652,0.248123,1.972736,2.099642
1.006597,0.278916,0.25113,1.932228,2.13517
0.578333,0.360163,0.407505,1.903154,2.15425
0.578333,0.725817,0.732284,1.848225,2.155
0.578333,0.64457,0.569895,1.778982,2.155
0.3642,0.64457,0.648082,1.716977,2.155
0.578333,0.725817,0.732284,1.66762,2.143125
0.578333,0.969591,0.975868,1.648992,2.137234
0.150068,0.969591,0.969854,1.627939,2.130618
0.150068,1.335245,1.294633,1.528677,2.128953
-0.278197,1.335245,1.369813,1.419684,2.128004
-0.064064,1.253981,1.210431,1.309712,2.127021
-0.278197,1.457124,1.451008,1.205589,2.125875
0.150068,0.888327,0.888659,1.120364,2.116764
-0.278197,0.928959,0.96384,1.017581,2.100903
-0.064064,1.050838,0.804457,0.880214,2.084894
-0.492329,1.132102,1.042027,0.825995,2.057004
-0.492329,1.010223,1.042027,0.824,2.022
-0.920593,1.132102,1.117207,0.824,1.958707
-0.920593,1.09147,1.036013,0.828442,1.885678
-0.706461,0.888327,0.87663,0.848264,1.818505
-0.920593,0.969591,0.954818,0.874612,1.734092
-1.348857,0.766449,0.705219,0.895061,1.65077
-1.348857,0.766449,0.54283,0.908256,1.558075
-1.134725,0.766449,0.789421,0.913875,1.456913
-1.56299,0.725817,0.783407,0.920583,1.387911
-1.348857,0.766449,0.786414,0.945206,1.311673
-1.134725,0.766449,0.789421,0.961522,1.232241
-1.348857,0.766449,0.786414,0.981112,1.110107
-0.920593,0.685185,0.630039,1.011348,1.006138
-1.348857,0.360163,0.38044,1.057927,0.907162
-1.56299,0.116388,0.133849,1.11225,0.828625
-1.56299,0.075773,0.052654,1.177717,0.757925
-1.348857,-0.371145,-0.350313,1.243505,0.701508
-1.134725,-0.533656,-0.509695,1.309865,0.661779
-1.134725,-0.655534,-0.672084,1.382481,0.644766
-1.134725,-0.696166,-0.672084,1.468991,0.627638
-1.348857,-0.899309,-0.837481,1.545894,0.615061
-0.920593,-0.899309,-0.993856,1.62602,0.60562
-1.134725,-1.224331,-1.159253,1.715677,0.594097
-1.56299,-1.427474,-1.490046,1.790158,0.588592
-1.348857,-1.468106,-1.487039,1.858886,0.588393
-1.134725,-1.549353,-1.565227,1.919552,0.588393
-0.706461,-1.508721,-1.559212,1.97853,0.589115
-0.278197,-1.468106,-1.553198,2.040605,0.603317
0.578333,-1.671249,-1.622364,2.094434,0.631058
0.3642,-1.549353,-1.544176,2.129018,0.666951
0.3642,-1.427474,-1.462981,2.152967,0.711089
-0.064064,-1.183699,-1.144217,2.176256,0.761781
-0.064064,-0.899309,-0.981827,2.193179,0.821124
-0.278197,-0.77743,-0.822445,2.193656,0.895105
-0.064064,-0.655534,-0.738243,2.193656,0.996203
0.150068,-0.574288,-0.572846,2.193422,1.102304
-0.278197,-0.411777,-0.416471,2.190092,1.197224
-0.706461,-0.005491,-0.016512,2.183915,1.287416
-0.492329,-0.005491,0.06769,2.173924,1.399291
-0.064064,0.319531,0.317289,2.161162,1.497066
-0.278197,0.319531,0.395476,2.146117,1.603576
0.150068,0.603938,0.401491,2.128616,1.695045
0.150068,0.64457,0.56388,2.122493,1.758654
-0.278197,0.64457,0.720255,2.098826,1.812205
-0.492329,1.050838,1.123222,2.038162,1.95589
-0.492329,1.050838,1.123222,2.018499,2.007906
-0.064064,1.132102,1.129236,1.990497,2.045962
-0.064064,1.050838,1.129236,1.963144,2.077662
0.150068,1.132102,1.132243,1.922021,2.089812
-0.064064,1.294613,1.372821,1.871438,2.089812
0.3642,1.538388,1.46003,1.825469,2.089812
0.150068,1.294613,1.294633,1.797617,2.085832
0.150068,1.619635,1.619412,1.773238,2.057352
-0.064064,1.457124,1.454015,1.738235,2.030504
0.150068,1.538388,1.457023,1.716572,1.9929
0.150068,1.37586,1.375828,1.703243,1.926975
0.578333,1.050838,1.138258,1.688426,1.842539
0.150068,0.888327,0.888659,1.675064,1.743122
0.150068,1.010223,0.969854,1.665609,1.650269
0.792464,0.685185,0.654097,1.663149,1.602624
0.792464,0.603938,0.654097,1.64314,1.488359
1.006597,0.522674,0.494714,1.617901,1.384378
1.220729,0.360163,0.416527,1.58186,1.278957
1.220729,0.319531,0.335332,1.539887,1.182949
1.220729,0.116388,0.172943,1.504446,1.091617
1.220729,0.035141,0.091748,1.467133,1.013581
1.434861,-0.046123,-0.067635,1.419567,0.936503
1.648994,0.075773,0.097762,1.386868,0.870301
1.648994,-0.12737,-0.145822,1.337345,0.819645
1.648994,-0.330513,-0.308212,1.285442,0.78519
1.434861,-0.452391,-0.392414,1.239482,0.767125
1.434861,-0.655534,-0.635998,1.195115,0.767
1.648994,-0.77743,-0.79538,1.132626,0.767
1.434861,-0.858677,-0.879582,1.070244,0.76933
1.434861,-0.980556,-0.960777,0.992693,0.801882
1.434861,-1.143067,-1.123166,0.941241,0.850057
1.434861,-1.264963,-1.204361,0.935279,0.900613
1.006597,-1.549353,-1.45396,0.928717,0.971121
1.006597,-1.671249,-1.697544,0.921753,1.046554
0.792464,-1.711864,-1.700551,0.913909,1.146423
0.792464,-1.630617,-1.700551,0.904125,1.285877
1.006597,-1.468106,-1.45396,0.902243,1.360962
1.006597,-1.386842,-1.372765,0.898477,1.446796
0.578333,-1.264963,-1.054,0.862375,1.551125
0.792464,-1.021188,-0.969798,0.846445,1.630987
0.792464,-0.939941,-0.888604,0.844056,1.725958
0.792464,-0.818045,-0.807409,0.844056,1.818627
0.578333,-0.574288,-0.485637,0.844792,1.910125
0.3642,-0.452391,-0.40745,0.86325,1.987625
0.578333,-0.168002,-0.485637,0.896497,2.070094
0.578333,-0.371145,-0.079663,0.93862,2.13944
1.006597,-0.046123,0.007546,0.990699,2.194081
0.792464,0.360163,0.248123,1.04953,2.240987
0.3642,0.522674,0.485693,1.097323,2.263355
0.3642,0.64457,0.648082,1.141802,2.276352
0.150068,0.725817,0.72627,1.1835,2.285
0.578333,0.969591,0.975868,1.2613,2.290577
0.578333,0.969591,0.975868,1.351153,2.290577
0.150068,1.335245,1.294633,1.417818,2.290577
0.3642,1.335245,1.29764,1.488652,2.286452
0.578333,1.294613,1.300647,1.541023,2.268277
0.3642,1.457124,1.46003,1.557422,2.249099
0.150068,1.37586,1.457023,1.557422,2.22926
0.3642,1.37586,1.29764,1.557422,2.199594
0.150068,1.132102,1.213438,1.546603,2.158913
-0.064064,1.294613,1.210431,1.510925,2.109793
0.150068,1.619635,1.538217,1.468029,2.052562
-0.064064,1.538388,1.53521,1.418897,1.9788
0.150068,1.37586,1.375828,1.369011,1.897573
-0.278197,1.335245,1.369813,1.318833,1.812657
-0.278197,1.132102,1.288619,1.275686,1.733797
-0.278197,1.09147,1.126229,1.225192,1.649457
-0.278197,1.050838,0.96384,1.169979,1.552167
-0.492329,0.928959,0.960832,1.129238,1.475996
-0.492329,1.132102,1.123222,1.085525,1.408262
-1.134725,1.010223,0.951811,1.034916,1.331905
-0.920593,0.928959,0.792428,0.9851,1.2706
-1.134725,1.010223,0.951811,0.9593,1.23353
-1.348857,0.969591,0.867609,0.92399,1.157
-1.134725,0.685185,0.627032,0.90907,1.077522
-1.348857,0.482042,0.461635,0.911718,1.01112
-0.920593,0.603938,0.711234,0.91238,0.944833
-1.56299,0.685185,0.864602,0.91569,0.886914
-1.348857,0.685185,0.705219,0.944856,0.817037
-1.134725,0.64457,0.627032,0.986906,0.757737
-1.348857,0.522674,0.461635,1.047417,0.706439
-1.56299,0.278916,0.296238,1.116365,0.669123
-1.348857,0.238284,0.299245,1.186195,0.641655
-0.920593,0.360163,0.30526,1.256813,0.617824
-1.348857,0.116388,0.136856,1.31245,0.606363
-1.348857,-0.208634,-0.269118,1.384271,0.603993
-1.777122,-0.249249,-0.356327,1.462159,0.603116
-1.56299,-0.452391,-0.515709,1.53429,0.602605
-1.991254,-0.736798,-0.765308,1.615564,0.600706
-1.991254,-0.818045,-0.765308,1.696294,0.593863
-1.56299,-0.980556,-1.084073,1.787825,0.58653
-1.348857,-1.224331,-1.243455,1.871387,0.583189
-1.56299,-1.468106,-1.490046,1.948576,0.583011
-1.56299,-1.589985,-1.652436,2.021014,0.583011
-1.348857,-1.589985,-1.649429,2.084209,0.583633
-1.56299,-1.83376,-1.814825,2.144556,0.597204
-0.920593,-1.874374,-1.886998,2.186077,0.625743
-0.706461,-1.793128,-1.802797,2.211974,0.669926
-0.492329,-1.711864,-1.718595,2.229354,0.718354
-0.492329,-1.468106,-1.880984,2.23775,0.765
-0.278197,-1.793128,-1.796782,2.244626,0.834664
0.150068,-1.793128,-1.790768,2.251635,0.912134
0.150068,-1.793128,-1.790768,2.255285,1.000238
0.3642,-1.711864,-1.706566,2.264321,1.109349
0.150068,-1.711864,-1.709573,2.277194,1.193963
-0.064064,-1.549353,-1.550191,2.286785,1.292091
-0.492329,-1.386842,-1.393816,2.2993,1.391051
-0.064064,-1.264963,-1.306606,2.310903,1.483864
-0.706461,-1.143067,-1.072044,2.326625,1.601481
-0.920593,-0.655534,-0.669077,2.331,1.708004
-0.492329,-0.574288,-0.581868,2.331,1.809259
-0.920593,-0.12737,-0.181909,2.331,1.908768
-0.492329,-0.086738,-0.175894,2.314,1.9864
-0.492329,-0.208634,-0.175894,2.261145,2.067311
-0.492329,0.116388,0.148885,2.204113,2.126727
-1.777122,0.482042,0.293231,2.153031,2.158478
-0.492329,0.278916,0.311274,2.07712,2.174569
-0.920593,0.603938,0.792428,2.016595,2.179
-0.920593,0.64457,0.711234,1.954452,2.179
-0.492329,0.64457,0.636053,1.903603,2.179
-0.064064,0.888327,0.885652,1.876808,2.170166
-0.064064,0.888327,0.885652,1.876028,2.129407
-0.492329,1.010223,1.123222,1.876028,2.082757
-0.278197,1.09147,1.045034,1.876153,2.036156
0.150068,0.969591,0.969854,1.877,2.005
0.3642,0.969591,0.972861,1.878875,1.985875
0.3642,1.37586,1.29764,1.896696,1.910592
0.150068,1.294613,1.375828,1.92758,1.798447
0.150068,1.457124,1.375828,1.928923,1.67532
0.150068,1.37586,1.375828,1.928923,1.547987
-0.278197,1.294613,1.288619,1.927587,1.424346
0.3642,1.050838,1.054056,1.908152,1.298459
0.3642,0.888327,0.972861,1.87225,1.180125
0.792464,0.847695,0.897681,1.837266,1.112995
0.578333,0.969591,1.057063,1.751737,1.02213
0.578333,0.969591,0.894674,1.684207,0.95894
1.006597,0.888327,0.819493,1.630332,0.905888
1.434861,0.807081,0.744313,1.56475,0.859125
1.220729,0.603938,0.578916,1.494012,0.823095
0.792464,0.441427,0.491707,1.427706,0.800158
0.792464,0.278916,0.329318,1.360657,0.794814
1.220729,0.197652,0.254137,1.322706,0.793459
1.434861,0.035141,0.094755,1.275848,0.792556
1.434861,0.15702,0.094755,1.244064,0.797698
1.434861,-0.249249,-0.230024,1.163708,0.83421
1.648994,-0.12737,-0.145822,1.09179,0.866317
1.648994,-0.289881,-0.227017,1.041828,0.906818
1.434861,-0.289881,-0.311219,0.997402,0.941989
1.434861,-0.574288,-0.554803,0.981428,0.964435
1.648994,-0.696166,-0.714185,0.971154,1.012147
1.434861,-0.980556,-0.960777,0.963895,1.068882
1.434861,-1.102452,-1.123166,0.947565,1.142912
1.220729,-1.021188,-0.963784,0.928109,1.224468
1.006597,-1.06182,-1.047986,0.907349,1.322684
1.220729,-1.264963,-1.207368,0.886957,1.417147
1.434861,-1.102452,-1.204361,0.873684,1.495004
1.006597,-1.06182,-1.047986,0.8406,1.574324
1.006597,-1.021188,-0.966791,0.786688,1.669267
0.792464,-0.939941,-0.888604,0.78325,1.7625
0.792464,-0.614902,-0.645019,0.78325,1.858027
0.578333,-0.899309,-0.972806,0.783413,1.936255
0.3642,-0.736798,-0.651034,0.804679,2.024335
0.150068,-0.574288,-0.572846,0.851078,2.102487
0.150068,-0.371145,-0.410457,0.9054,2.160938
-0.064064,-0.249249,-0.16988,0.960448,2.204869
0.150068,-0.086738,-0.166873,1.021099,2.242576
0.150068,0.15702,0.157906,1.078431,2.267609
0.150068,-0.005491,0.076712,1.145283,2.276967
-0.278197,0.360163,0.639061,1.203388,2.276967
-0.278197,0.319531,0.720255,1.258483,2.276967
-0.492329,0.64457,0.554859,1.301232,2.270789
-0.920593,0.725817,0.711234,1.33104,2.24655
-0.706461,0.725817,0.714241,1.34775,2.21525
-0.920593,0.725817,0.711234,1.360249,2.169605
-0.706461,0.563306,0.551851,1.368974,2.115327
-0.920593,0.725817,0.630039,1.375914,2.044887
-0.920593,0.482042,0.467649,1.38461,1.974848
-0.920593,0.482042,0.467649,1.387071,1.959893
-1.134725,0.64457,0.627032,1.389352,1.892216
-1.348857,0.64457,0.624024,1.39,1.873
-1.348857,0.766449,0.705219,1.39,1.873
-1.134725,0.400795,0.464642,1.392676,1.852195
-0.706461,0.360163,0.389462,1.399443,1.778566
-1.134725,0.035141,-0.022526,1.409659,1.698122
-1.348857,0.075773,-0.106728,1.431225,1.580001
-1.348857,0.035141,-0.025534,1.459814,1.445576
-1.56299,-0.411777,-0.35332,1.497056,1.28007
-1.56299,-0.533656,-0.515709,1.535039,1.11603
-1.134725,-0.736798,-0.672084,1.577658,0.966001
-1.56299,-1.102452,-1.165267,1.618098,0.850124
-1.777122,-1.427474,-1.493054,1.682191,0.743446
-1.348857,-1.34621,-1.649429,1.743125,0.694875
-0.278197,-1.671249,-1.634393,1.802822,0.669186
-0.492329,-1.468106,-1.47501,1.870412,0.66025
-0.064064,-1.468106,-1.550191,1.932303,0.66025
-0.064064,-1.671249,-1.631385,2.007744,0.66025
0.3642,-1.793128,-1.78776,2.076025,0.661525
0.578333,-1.874374,-1.865948,2.124987,0.690897
0.792464,-1.874374,-1.781746,2.162859,0.737367
0.792464,-1.468106,-1.456967,2.18623,0.781815
0.792464,-1.427474,-1.619357,2.206804,0.849331
1.006597,-1.427474,-1.372765,2.220103,0.927315
1.006597,-1.143067,-1.210376,2.242936,1.01984
1.220729,-1.224331,-1.207368,2.279817,1.109221
1.006597,-1.06182,-1.047986,2.28431,1.196063
1.220729,-0.818045,-0.801395,2.290906,1.274688
1.220729,-0.655534,-0.7202,2.295503,1.359484
1.220729,-0.736798,-0.801395,2.295838,1.447865
1.434861,-0.77743,-0.554803,2.295503,1.526011
1.220729,-0.818045,-0.801395,2.29038,1.614234
1.220729,-0.614902,-0.55781,2.252815,1.70292
1.220729,-0.614902,-0.55781,2.22726,1.775671
1.220729,-0.614902,-0.55781,2.183409,1.879048
1.220729,-0.533656,-0.55781,2.134893,1.963562
1.220729,-0.493023,-0.55781,2.109395,2.00696
1.006597,-0.533656,-0.560818,2.065915,2.062459
1.006597,-0.533656,-0.479623,2.001799,2.110484
1.220729,-0.736798,-0.7202,1.906555,2.161865
1.006597,-0.371145,-0.398428,1.842175,2.203369
1.220729,-0.208634,-0.151837,1.7813,2.234468
1.220729,-0.12737,-0.070642,1.73815,2.24203
1.220729,-0.086738,-0.070642,1.684063,2.252935
1.648994,0.197652,0.260152,1.617334,2.266519
1.220729,0.400795,0.416527,1.547568,2.267
1.220729,0.522674,0.497722,1.497957,2.267
0.792464,0.319531,0.329318,1.447941,2.2665
0.792464,0.319531,0.329318,1.371302,2.256461
0.792464,0.482042,0.491707,1.305033,2.243857
0.792464,0.64457,0.491707,1.252347,2.236392
0.578333,0.807081,0.732284,1.203382,2.227131
1.006597,0.888327,0.900688,1.170674,2.218802
0.792464,0.969591,0.978876,1.17005,2.211827
0.3642,1.294613,1.378835,1.17005,2.204077
0.150068,1.132102,1.132243,1.173648,2.193182
0.3642,1.213349,1.216445,1.211738,2.179083
0.3642,1.294613,1.378835,1.214,2.163806
0.3642,1.132102,1.135251,1.214,2.146058
0.150068,1.497756,1.294633,1.213629,2.128389
-0.064064,1.619635,1.616405,1.206487,2.106356
0.578333,1.457124,1.381842,1.1887,2.074518
0.3642,1.010223,0.972861,1.063223,2.036626
-0.706461,1.010223,1.03902,0.986671,1.996798
-0.492329,0.888327,0.960832,0.95465,1.939777
-0.492329,0.847695,0.879638,0.921053,1.868388
-0.706461,0.685185,0.633046,0.89656,1.803017
-0.920593,0.522674,0.630039,0.87925,1.7415
-0.920593,0.563306,0.467649,0.859753,1.65787
-0.920593,0.603938,0.548844,0.843648,1.560857
-1.348857,0.725817,0.624024,0.837807,1.466632
-1.56299,0.563306,0.621017,0.836081,1.377367
-1.134725,0.64457,0.627032,0.835758,1.31107
-0.706461,0.685185,0.633046,0.835806,1.254468
-0.920593,0.563306,0.630039,0.837339,1.172523
-1.134725,0.482042,0.464642,0.8547,1.095938
-1.348857,0.400795,0.38044,0.877841,1.027936
-1.134725,0.238284,0.139863,0.913565,0.955
-0.706461,0.116388,0.064683,0.940833,0.88848
-0.920593,-0.168002,-0.181909,0.985734,0.819838
-0.706461,-0.086738,-0.016512,1.032673,0.767593
-0.706461,-0.005491,0.064683,1.07098,0.736673
-0.706461,0.15702,0.145878,1.135474,0.721516
0.150068,0.238284,0.239101,1.204735,0.711184
0.578333,0.075773,0.163921,1.272219,0.708267
0.3642,-0.005491,0.079719,1.3517,0.708267
0.578333,0.075773,0.163921,1.431532,0.708267
0.792464,0.075773,0.085733,1.524711,0.709253
0.792464,0.15702,0.166928,1.618602,0.709875
0.792464,0.15702,0.166928,1.691502,0.71041
1.006597,0.319531,0.332325,1.7585,0.712142
1.006597,0.360163,0.41352,1.832848,0.7145
1.006597,0.15702,0.169935,1.911497,0.723649
1.220729,0.15702,0.254137,1.98302,0.737875
1.220729,0.116388,0.172943,2.031863,0.750493
1.434861,0.035141,0.094755,2.057252,0.769377
1.220729,0.15702,0.172943,2.058,0.789875
1.434861,0.197652,0.17595,2.058,0.820727
1.648994,-0.208634,-0.145822,2.055652,0.869746
1.434861,0.116388,0.094755,2.035957,0.917688
1.220729,0.035141,-0.070642,2.02959,0.993528
1.434861,0.075773,0.094755,1.993352,1.057098
1.434861,-0.208634,-0.230024,1.934461,1.117339
1.434861,-0.411777,-0.392414,1.869917,1.175758
1.648994,-0.452391,-0.470601,1.791183,1.232133
1.434861,-0.655534,-0.717193,1.704709,1.276953
1.434861,-0.858677,-0.879582,1.622063,1.325801
1.434861,-0.858677,-0.798387,1.5205,1.36805
1.220729,-1.06182,-1.126174,1.39288,1.417341
1.220729,-1.34621,-1.288563,1.339025,1.4546
1.006597,-1.468106,-1.45396,1.25325,1.507478
1.006597,-1.589985,-1.535155,1.173125,1.549125
0.578333,-1.630617,-1.622364,1.050481,1.643994
0.578333,-1.955638,-1.947143,0.980975,1.706245
0.3642,-2.118149,-2.031345,0.924073,1.764113
0.3642,-2.118149,-2.031345,0.876158,1.818479
0.150068,-1.99627,-2.034352,0.848125,1.871625
-0.278197,-1.915006,-1.959172,0.846,1.936263
-0.706461,-1.549353,-1.559212,0.846,1.98669
-0.492329,-1.630617,-1.6374,0.8463,2.012252
-0.920593,-1.34621,-1.318635,0.854521,2.044217
-0.920593,-1.34621,-1.318635,0.877023,2.076807
-0.920593,-1.305595,-1.39983,0.905058,2.102075
-1.134725,-1.143067,-1.159253,0.953871,2.123204
-1.348857,-1.021188,-1.16226,1.065438,2.146427
-1.348857,-0.614902,-0.593897,1.118148,2.165151
-1.348857,-0.452391,-0.512702,1.133,2.229699
-1.134725,-0.533656,-0.509695,1.133,2.26
-1.348857,-0.208634,-0.187923,1.141113,2.26
-1.134725,-0.208634,-0.266111,1.194731,2.269648
-1.348857,0.035141,0.055661,1.284875,2.28817
-1.134725,-0.371145,-0.347305,1.404508,2.311687
-1.348857,-0.371145,-0.350313,1.521619,2.322338
-0.920593,-0.249249,-0.263103,1.593061,2.322338
-1.134725,-0.371145,-0.347305,1.603542,2.322338
-1.134725,-0.493023,-0.509695,1.705571,2.317754
-1.134725,-0.574288,-0.59089,1.84883,2.282825
-1.348857,-0.452391,-0.593897,1.943286,2.231418
-1.134725,-0.655534,-0.59089,2.006388,2.165629
-1.56299,-0.980556,-0.921683,2.059333,2.09286
-0.064064,-1.143067,-1.144217,2.106014,2.007776
-0.278197,-1.224331,-1.147224,2.141719,1.910079
0.3642,-1.264963,-1.300592,2.153375,1.799536
0.3642,-1.143067,-1.300592,2.162001,1.698251
0.792464,-1.264963,-1.294578,2.168758,1.597484
1.220729,-1.183699,-1.207368,2.168187,1.508641
1.434861,-1.183699,-1.204361,2.159366,1.420661
1.434861,-1.102452,-1.041972,2.155294,1.346084
1.220729,-0.493023,-0.476616,2.152412,1.280912
1.434861,-0.493023,-0.473608,2.148,1.2215
1.434861,-0.452391,-0.392414,2.141944,1.2215
1.648994,0.116388,0.097762,2.132563,1.2215
1.648994,0.075773,0.097762,2.12442,1.226847
1.434861,0.035141,0.094755,2.107119,1.264744
1.648994,0.15702,0.178957,2.097915,1.331066
1.434861,0.075773,0.17595,2.089522,1.398125
1.220729,0.278916,0.254137,2.081291,1.457459
1.220729,0.400795,0.335332,2.068439,1.548842
1.220729,0.441427,0.335332,2.013743,1.646405
1.006597,0.603938,0.657104,1.950888,1.745767
0.792464,0.807081,0.735291,1.888658,1.836463
0.792464,0.685185,0.654097,1.81407,1.941201
0.792464,0.888327,0.978876,1.731931,2.024716
0.792464,0.685185,0.654097,1.6181,2.1155
0.3642,0.888327,0.891666,1.47375,2.191385
0.150068,0.969591,0.888659,1.355124,2.245638
0.150068,0.766449,0.72627,1.245413,2.284362
0.150068,0.725817,0.72627,1.148219,2.307687
0.150068,0.807081,0.807464,1.043506,2.311
-0.278197,1.050838,1.045034,0.94979,2.311
-0.492329,0.563306,0.636053,0.886627,2.3091
-0.706461,0.482042,0.470657,0.803575,2.27125
-1.134725,0.725817,0.627032,0.752227,2.220961
-0.706461,0.603938,0.551851,0.710651,2.150825
-1.134725,0.563306,0.545837,0.683875,2.068564
-0.920593,0.441427,0.467649,0.681,1.97198
-1.134725,0.075773,-0.184916,0.681,1.852875
-1.134725,-0.289881,-0.266111,0.6812,1.730508
-1.134725,-0.208634,-0.347305,0.695946,1.649054
-1.134725,-0.655534,-0.672084,0.740565,1.527849
-1.348857,-0.899309,-0.918676,0.792119,1.402652
-1.348857,-0.858677,-0.837481,0.851609,1.295745
-1.134725,-1.143067,-1.159253,0.926373,1.187412
-1.348857,-1.34621,-1.405844,1.019247,1.085707
-0.920593,-1.549353,-1.562219,1.107516,1.019039
-0.492329,-1.793128,-1.799789,1.23891,0.928536
-0.492329,-1.752496,-1.718595,1.320288,0.872091
-0.706461,-1.99627,-2.046381,1.441857,0.824761
0.578333,-1.874374,-2.109532,1.564712,0.786347
0.792464,-1.955638,-1.944136,1.668516,0.783
1.220729,-1.427474,-1.369758,1.784128,0.783
1.220729,-1.224331,-1.288563,1.87875,0.783
1.648994,-1.305595,-1.282549,1.965379,0.800053
1.434861,-1.224331,-1.123166,2.038119,0.841131
1.220729,-0.899309,-0.963784,2.09357,0.897774
1.220729,-0.899309,-0.963784,2.141058,0.967486
1.006597,-0.736798,-0.723207,2.196542,1.046972
1.006597,-0.574288,-0.560818,2.223837,1.153792
0.792464,-0.371145,-0.401435,2.233455,1.273475
0.792464,-0.249249,-0.32024,2.236078,1.380912
0.792464,-0.086738,-0.157851,2.237188,1.500177
0.3642,0.075773,0.079719,2.23725,1.619197
0.3642,0.238284,0.485693,2.236675,1.742938
-0.064064,0.360163,0.398483,2.233509,1.873906
0.150068,0.563306,0.56388,2.214825,1.988622
0.150068,0.64457,0.645075,2.164253,2.117582
-0.278197,1.050838,0.96384,2.124665,2.197286
-0.064064,1.213349,1.210431,2.056656,2.292344
-0.064064,1.172734,1.129236,1.983638,2.365089
-0.278197,1.213349,1.288619,1.8818,2.4214
0.150068,1.37586,1.294633,1.752645,2.465378
0.150068,1.497756,1.457023,1.677692,2.471004
-0.064064,1.457124,1.454015,1.567469,2.471004
0.3642,1.416492,1.378835,1.473708,2.471004
0.150068,1.457124,1.375828,1.390489,2.454245
0.3642,1.37586,1.378835,1.31726,2.400508
0.3642,1.172734,1.29764,1.262038,2.326404
0.578333,1.335245,1.300647,1.22925,2.235125
0.792464,1.050838,0.978876,1.18461,2.157662
0.792464,0.807081,0.735291,1.1655,2.0292
1.006597,0.766449,0.819493,1.1655,1.867035
0.578333,0.441427,0.4887,1.166,1.737509
1.006597,0.482042,0.575909,1.168975,1.647375
1.220729,0.522674,0.497722,1.174779,1.564276
1.220729,0.441427,0.416527,1.181429,1.434042
1.220729,0.075773,0.091748,1.190375,1.30861
1.220729,0.15702,0.172943,1.1905,1.1867
1.434861,-0.12737,-0.067635,1.1905,1.072477
1.648994,-0.249249,-0.227017,1.189589,1.026589
1.648994,-0.289881,-0.145822,1.169895,0.947299
1.434861,-0.655534,-0.635998,1.161909,0.883599
1.648994,-0.655534,-0.632991,1.139012,0.866938
1.434861,-1.021188,-0.960777,1.097806,0.866938
1.434861,-1.021188,-1.041972,1.053366,0.866938
1.006597,-1.224331,-1.29157,1.006797,0.897733
1.006597,-1.427474,-1.372765,0.956715,0.962091
1.220729,-1.386842,-1.450953,0.914569,1.042007
0.578333,-2.118149,-2.028338,0.864974,1.13087
-0.064064,-1.83376,-1.71258,0.817298,1.232817
-0.064064,-1.874374,-1.956164,0.786304,1.344508
-0.920593,-1.427474,-1.39983,0.781217,1.445905
-0.920593,-1.630617,-1.562219,0.781217,1.552711
-0.920593,-1.06182,-1.318635,0.781217,1.6425
-0.920593,-0.980556,-1.075051,0.786811,1.75142
-1.134725,-1.102452,-1.159253,0.811288,1.843512
-1.348857,-1.06182,-1.081065,0.862491,1.918098
-0.706461,-1.386842,-1.396823,0.915482,1.993698
-0.706461,-1.264963,-1.315628,0.973256,2.069875
0.150068,-1.468106,-1.465989,1.047237,2.130399
0.3642,-1.386842,-1.381787,1.124778,2.17493
0.578333,-1.386842,-1.297585,1.209393,2.212613
0.792464,-1.305595,-1.213383,1.301917,2.243397
1.220729,-0.980556,-0.963784,1.374048,2.260354
1.220729,-0.980556,-0.963784,1.450162,2.26143
1.220729,-0.818045,-0.801395,1.557614,2.26143
1.220729,-0.493023,-0.476616,1.656383,2.259158
1.220729,-0.330513,-0.151837,1.741108,2.218875
1.434861,-0.411777,-0.392414,1.874881,2.160612
1.220729,-0.330513,-0.233031,1.959866,2.115531
1.434861,0.15702,0.17595,2.015674,2.052436
1.220729,-0.005491,0.010553,2.046836,1.995959
1.434861,0.278916,0.257144,2.045857,1.941388
1.220729,0.15702,0.172943,2.045857,1.882176
1.220729,0.482042,0.497722,2.045857,1.848441
1.434861,0.563306,0.906703,2.021,1.845587
1.220729,0.400795,0.416527,1.984511,1.845587
0.792464,0.563306,0.572902,1.950973,1.845587
0.792464,0.888327,0.816486,1.915354,1.865075
0.578333,1.050838,1.057063,1.866263,1.909466
0.792464,1.132102,1.22246,1.80888,1.959984
0.578333,1.132102,1.219453,1.7354,2.0152
0.3642,1.213349,1.29764,1.649861,2.062804
0.3642,1.172734,1.216445,1.557624,2.100143
0.150068,1.132102,1.132243,1.448506,2.13535
0.150068,1.213349,1.213438,1.358226,2.151227
-0.064064,1.050838,1.129236,1.242604,2.154
-0.064064,1.213349,1.210431,1.138508,2.154
-0.064064,1.294613,1.372821,1.044573,2.1528
-0.064064,1.213349,1.372821,0.952178,2.127776
-0.706461,0.847695,0.87663,0.884238,2.093067
-0.706461,1.132102,1.201409,0.824168,2.038023
-0.706461,0.969591,0.87663,0.77964,1.965477
-1.134725,0.807081,0.870616,0.759559,1.880796
-0.706461,0.685185,0.633046,0.758,1.78989
-1.134725,0.725817,0.708226,0.758,1.704282
-0.706461,0.522674,0.470657,0.758176,1.624648
-1.348857,0.15702,0.218051,0.763362,1.52436
-0.920593,0.116388,0.14287,0.776947,1.398216
-1.56299,-0.452391,-0.434515,0.797676,1.275097
-1.348857,-0.493023,-0.512702,0.82645,1.157946
-1.348857,-0.614902,-0.675092,0.864329,1.075605
-1.348857,-0.858677,-0.837481,0.892954,1.009956
-1.348857,-0.980556,-1.081065,0.944456,0.904244
-0.920593,-1.021188,-1.075051,0.995751,0.81043
-1.348857,-1.34621,-1.32465,1.077182,0.731097
-1.134725,-1.549353,-1.646421,1.168041,0.677761
-0.706461,-1.589985,-1.478018,1.243583,0.647649
-1.134725,-1.386842,-1.402837,1.329395,0.6195
-1.134725,-1.468106,-1.484032,1.408722,0.603
-0.920593,-1.386842,-1.39983,1.49095,0.603
-1.134725,-1.06182,-0.915669,1.58346,0.603
-0.706461,-0.939941,-0.909654,1.677713,0.605313
-1.348857,-0.330513,-0.350313,1.773133,0.622991
-0.920593,-0.330513,-0.344298,1.859193,0.648193
-0.920593,-0.168002,-0.344298,1.9401,0.6943
-0.920593,0.075773,0.061676,2.014591,0.747769
-0.920593,-0.005491,-0.019519,2.079373,0.809215
-0.706461,0.238284,0.308267,2.138288,0.876163
-0.706461,0.319531,0.308267,2.180226,0.951567
-0.706461,0.685185,0.551851,2.207323,1.052696
-0.492329,0.64457,0.636053,2.232958,1.163637
-0.064064,0.725817,0.723263,2.264262,1.255818
-0.492329,0.847695,0.798443,2.289513,1.361595
-0.706461,0.969591,0.957825,2.291951,1.444656
-0.492329,1.09147,1.123222,2.291951,1.559813
-0.064064,0.969591,1.048042,2.291951,1.662693
-0.278197,1.213349,1.126229,2.285981,1.759203
-0.278197,1.294613,1.288619,2.266303,1.838924
-0.064064,1.457124,1.291626,2.236948,1.904638
0.150068,1.457124,1.457023,2.2004,1.932
0.150068,1.37586,1.375828,2.16225,1.932
-0.064064,1.416492,1.372821,2.127348,1.932
0.3642,1.132102,1.216445,2.087172,1.923353
0.150068,1.457124,1.213438,2.0625,1.892625
0.578333,1.132102,1.219453,2.03438,1.8388
1.006597,0.928959,1.063078,1.998681,1.731162
1.006597,0.685185,0.738299,1.974655,1.633313
1.006597,0.766449,0.819493,1.960387,1.564465
1.006597,0.725817,0.738299,1.934848,1.466024
0.792464,0.725817,0.735291,1.891092,1.380756
1.220729,0.238284,0.254137,1.855084,1.297375
1.220729,0.400795,0.416527,1.829955,1.181406
1.434861,0.360163,0.338339,1.801174,1.087774
1.220729,0.238284,0.335332,1.765118,1.002933
1.434861,0.278916,0.257144,1.713445,0.912502
1.434861,0.15702,0.17595,1.691686,0.88193
1.648994,0.035141,0.016567,1.65466,0.851781
1.648994,-0.330513,-0.227017,1.605941,0.814054
1.434861,-0.330513,-0.392414,1.534184,0.765934
1.648994,-0.371145,-0.389406,1.462733,0.738
1.434861,-0.533656,-0.473608,1.397533,0.738
1.434861,-0.696166,-0.717193,1.336706,0.738
1.434861,-1.021188,-0.960777,1.278964,0.742213
1.434861,-0.980556,-0.960777,1.195123,0.771413
1.434861,-1.224331,-1.123166,1.114688,0.82135
1.434861,-1.06182,-1.041972,1.053173,0.886358
1.220729,-0.858677,-0.963784,1.003934,0.954767
1.220729,-0.655534,-0.639005,0.956617,1.032144
1.434861,-0.574288,-0.554803,0.900021,1.109509
1.006597,-0.655534,-0.642012,0.833264,1.195028
0.792464,-0.452391,-0.401435,0.787397,1.293747
0.792464,-0.411777,-0.32024,0.762637,1.391217
0.578333,-0.411777,-0.323248,0.741709,1.486372
0.3642,-0.005491,-0.001476,0.723597,1.581535
0.3642,-0.086738,-0.001476,0.71475,1.67814
0.3642,0.522674,0.485693,0.71475,1.778029
-0.064064,0.278916,0.479678,0.71475,1.868675
0.150068,0.441427,0.482685,0.718228,1.947405
-0.278197,0.482042,0.395476,0.742916,2.030641
-0.278197,0.400795,0.476671,0.781134,2.102637
-0.706461,0.847695,0.714241,0.830542,2.163708
-0.492329,1.132102,1.042027,0.962498,2.211643
-0.492329,1.09147,1.123222,1.052724,2.24858
-0.278197,1.253981,0.882645,1.109971,2.26275
-0.278197,0.888327,0.882645,1.167106,2.263
-0.706461,1.132102,1.03902,1.239729,2.263
-0.492329,1.050838,1.042027,1.287856,2.26125
-0.920593,1.09147,1.117207,1.293212,2.241187
-0.920593,0.807081,0.792428,1.293212,2.226859
-1.134725,0.928959,0.951811,1.292337,2.195173
-1.134725,0.969591,0.870616,1.281895,2.142356
-0.706461,0.969591,0.87663,1.265001,2.076434
-1.134725,1.700899,0.789421,1.244395,2.001113
-0.920593,0.441427,0.467649,1.230092,1.908506
-0.706461,0.482042,0.389462,1.222175,1.825375
-0.920593,0.075773,0.061676,1.22,1.795
-1.56299,-0.330513,-0.35332,1.22,1.795
-1.991254,-0.452391,-0.521724,1.22,1.760718
-1.134725,-0.980556,-0.996863,1.22,1.644142
-0.920593,-0.858677,-0.912661,1.22,1.503071
-1.134725,-1.34621,-1.321642,1.227468,1.376129
-1.134725,-1.305595,-1.321642,1.253406,1.270672
-1.56299,-1.589985,-1.652436,1.298875,1.115072
-0.920593,-1.630617,-1.724609,1.347069,0.972813
0.150068,-1.955638,-1.465989,1.404,0.835541
0.792464,-1.711864,-1.781746,1.476793,0.713582
0.792464,-1.224331,-1.456967,1.541458,0.646664
1.220729,-1.671249,-1.532147,1.612358,0.598171
1.434861,-1.549353,-1.447945,1.693265,0.570121
1.434861,-1.143067,-1.123166,1.773576,0.568996
1.434861,-1.183699,-1.123166,1.857394,0.568996
1.648994,-0.858677,-0.876575,1.925763,0.569939
1.434861,-0.614902,-0.392414,1.988511,0.59946
1.006597,-0.168002,0.41352,2.042172,0.649949
1.434861,-0.614902,-0.635998,2.0862,0.706824
1.648994,-0.493023,-0.389406,2.118415,0.786884
1.434861,-0.330513,-0.311219,2.144743,0.866943
1.220729,-0.330513,-0.314226,2.163067,0.956533
1.220729,-0.371145,-0.314226,2.175876,1.069692
1.220729,-0.208634,-0.070642,2.180872,1.190559
1.220729,-0.208634,-0.151837,2.181044,1.288937
1.006597,0.116388,0.007546,2.182153,1.396185
1.006597,0.116388,0.169935,2.185,1.548795
1.006597,0.725817,0.738299,2.185375,1.703665
0.792464,0.603938,0.654097,2.18237,1.810773
0.792464,0.563306,0.654097,2.179509,1.920048
0.578333,0.64457,0.732284,2.166082,2.007595
0.578333,0.928959,0.813479,2.148,2.0845
0.3642,0.969591,0.810472,2.116385,2.151804
0.150068,1.213349,1.213438,2.07003,2.211514
0.3642,1.213349,1.216445,2.004367,2.263998
0.3642,1.253981,1.378835,1.907972,2.311435
0.3642,1.497756,1.46003,1.754931,2.356135
0.3642,1.294613,1.216445,1.682163,2.372745
0.3642,1.213349,1.216445,1.601771,2.383427
-0.064064,1.050838,1.129236,1.479766,2.41125
-0.064064,1.172734,1.210431,1.38274,2.4165
-0.278197,1.213349,1.288619,1.292718,2.4165
-0.278197,1.37586,1.288619,1.212002,2.4165
-0.706461,1.335245,1.363799,1.131569,2.410266
-0.492329,1.213349,1.204417,1.067875,2.39225
-0.278197,1.09147,1.126229,1.00463,2.359572
-0.920593,0.807081,0.873623,0.957301,2.316215
-0.920593,1.010223,0.954818,0.932932,2.26145
-0.920593,0.807081,0.792428,0.912672,2.199685
-1.134725,0.766449,0.708226,0.897278,2.134322
-0.920593,0.766449,0.792428,0.890309,2.055702
-1.348857,0.563306,0.624024,0.88986,1.95259
-1.348857,0.685185,0.705219,0.88986,1.850101
-1.134725,0.441427,0.383447,0.890627,1.810724
-1.348857,0.319531,0.299245,0.903958,1.797096
-1.134725,0.116388,0.221058,0.923813,1.781764
-1.348857,0.035141,0.136856,0.935981,1.76648
-1.348857,-0.046123,-0.106728,0.936626,1.706902
-1.348857,-0.208634,-0.269118,0.940801,1.609185
-1.56299,-0.371145,-0.35332,0.946019,1.474
-1.348857,-0.493023,-0.512702,0.948932,1.361674
-1.134725,-0.899309,-0.915669,0.969905,1.186662
-1.134725,-0.77743,-0.753279,0.99002,1.056143
-0.920593,-1.305595,-1.562219,1.010572,0.895028
-1.134725,-1.224331,-1.240448,1.02942,0.632239
-1.134725,-1.386842,-1.484032,1.081805,0.572019
-0.706461,-1.711864,-1.721602,1.131205,0.552905
-0.278197,-1.752496,-1.796782,1.194301,0.536461
-0.706461,-2.199413,-2.20877,1.281174,0.519608
-0.920593,-2.158781,-2.049388,1.355762,0.510407
-0.492329,-2.077517,-2.124568,1.455084,0.5125
-0.706461,-1.99627,-1.965186,1.535375,0.517892
-0.278197,-1.752496,-1.796782,1.632112,0.523
-1.134725,-1.468106,-1.402837,1.7275,0.523
-0.706461,-1.305595,-1.072044,1.814748,0.530899
-1.134725,-1.224331,-1.240448,1.899362,0.55459
-1.348857,-0.696166,-0.756286,1.979371,0.577551
-1.348857,-0.696166,-0.756286,2.053469,0.610633
-1.777122,-0.371145,-0.437522,2.111977,0.652662
-1.777122,-0.533656,-0.518717,2.1631,0.7023
-1.56299,-0.046123,-0.028541,2.198916,0.753654
-1.56299,0.238284,0.215043,2.223688,0.817431
-1.56299,0.319531,-0.028541,2.239818,0.895167
-1.777122,0.238284,0.212036,2.245066,0.97842
-1.348857,0.278916,0.299245,2.246231,1.079611
-1.134725,0.563306,0.627032,2.246241,1.194517
-0.920593,0.563306,0.630039,2.246241,1.287878
-1.348857,0.807081,0.705219,2.244246,1.402983
-1.134725,0.766449,0.708226,2.232451,1.510543
-0.920593,0.725817,0.711234,2.225478,1.611637
-0.920593,1.09147,1.036013,2.216411,1.724343
-1.134725,1.010223,1.033005,2.211884,1.814078
-1.134725,0.888327,0.951811,2.209375,1.910467
-0.920593,1.213349,0.954818,2.198394,1.980046
-0.492329,1.132102,1.204417,2.180539,2.04876
-0.278197,1.335245,1.288619,2.158535,2.108921
-0.278197,1.619635,1.613398,2.122126,2.168473
0.150068,1.619635,1.619412,2.0899,2.217427
-0.064064,1.37586,1.454015,2.056513,2.261205
0.150068,1.660267,1.700607,2.033773,2.27875
-0.064064,1.782146,1.6976,2.033773,2.28
-0.064064,1.700899,1.778794,2.033773,2.28
0.150068,1.86341,1.781802,2.039886,2.264105
0.150068,1.619635,1.619412,2.078247,2.210545
0.3642,1.37586,1.541224,2.118,2.13025
0.578333,1.132102,1.138258,2.138,2.09
0.578333,1.213349,1.138258,2.142418,2.064517
1.006597,1.37586,1.387857,2.168927,1.937922
1.220729,1.294613,1.228474,2.202494,1.798507
0.792464,0.807081,0.897681,2.219778,1.664511
1.006597,0.685185,0.657104,2.221,1.5387
1.006597,0.563306,0.657104,2.221,1.41394
1.006597,0.522674,0.575909,2.221,1.27459
1.220729,0.360163,0.497722,2.204704,1.155627
1.220729,0.563306,0.335332,2.182572,1.052662
1.220729,0.441427,0.335332,2.167483,0.966287
1.648994,0.400795,0.422541,2.135559,0.88349
1.648994,0.238284,0.260152,2.093917,0.813974
1.648994,0.15702,0.178957,2.036527,0.749543
1.434861,0.197652,0.17595,1.967727,0.699833
1.648994,-0.005491,0.097762,1.90111,0.662862
1.648994,-0.086738,-0.064627,1.834057,0.636333
1.648994,-0.289881,-0.227017,1.754869,0.62222
1.648994,-0.208634,-0.145822,1.672033,0.614738
1.648994,-0.371145,-0.389406,1.577825,0.60713
1.648994,-0.493023,-0.470601,1.493645,0.601836
1.648994,-0.452391,-0.470601,1.407,0.601836
1.220729,-0.330513,-0.395421,1.338715,0.601836
1.220729,-0.371145,-0.395421,1.252128,0.606293
1.220729,-0.574288,-0.55781,1.179047,0.624366
0.792464,-0.493023,-0.48263,1.103115,0.643472
0.792464,-0.330513,-0.239046,1.02602,0.671403
0.578333,-0.168002,-0.160858,0.969628,0.706235
0.3642,0.400795,0.404498,0.920109,0.742722
0.150068,-0.005491,-0.004483,0.88018,0.791382
0.150068,0.197652,0.157906,0.866114,0.867808
0.150068,0.238284,0.239101,0.849822,0.971971
-0.064064,0.319531,0.398483,0.840546,1.033541
-0.064064,0.15702,0.236094,0.83841,1.117665
-0.278197,0.725817,0.720255,0.837818,1.211475
-0.492329,0.847695,0.798443,0.835294,1.320527
-0.492329,0.807081,0.717248,0.824968,1.436617
-0.278197,0.685185,0.639061,0.778105,1.55125
-0.492329,0.64457,0.636053,0.738769,1.641287
-1.134725,0.64457,0.627032,0.714123,1.738063
-1.134725,0.685185,0.708226,0.692512,1.837075
-1.56299,0.847695,0.783407,0.672477,1.930964
-0.706461,0.522674,0.551851,0.66641,2.013727
-0.278197,0.441427,0.395476,0.66641,2.081898
-0.706461,-0.086738,-0.016512,0.66641,2.130437
-0.706461,-0.452391,-0.50368,0.673464,2.165237
-0.706461,-0.696166,-0.66607,0.707399,2.198338
-0.278197,-0.655534,-0.74125,0.807608,2.227935
-0.920593,-1.386842,-1.318635,0.87275,2.234
-0.706461,-1.305595,-1.478018,0.929474,2.234
-0.492329,-1.427474,-1.47501,0.9775,2.234
1.006597,-1.671249,-1.616349,1.009744,2.225734
1.434861,-1.549353,-1.610335,1.024537,2.200331
1.648994,-1.427474,-1.444938,1.037557,2.158744
1.220729,-1.143067,-1.126174,1.048611,2.095144
1.220729,-0.899309,-0.882589,1.061583,2.01625
1.434861,-0.696166,-0.635998,1.070894,1.936128
1.434861,-0.655534,-0.635998,1.086086,1.840601
1.434861,-0.614902,-0.635998,1.100875,1.78025
1.434861,-0.655534,-0.635998,1.114,1.733
1.434861,-0.371145,-0.392414,1.114535,1.731643
1.220729,-0.493023,-0.476616,1.147261,1.649776
1.006597,-0.452391,-0.479623,1.211854,1.500148
1.006597,-0.289881,-0.236038,1.270246,1.36729
1.006597,-0.249249,-0.154844,1.331527,1.226876
1.006597,0.075773,-0.154844,1.385614,1.125758
1.006597,0.238284,0.25113,1.446646,1.013345
1.006597,0.441427,0.332325,1.514567,0.888206
0.578333,0.482042,0.813479,1.590777,0.787792
0.792464,0.522674,0.491707,1.648107,0.741627
0.578333,0.64457,0.651089,1.699895,0.715438
0.578333,0.563306,0.569895,1.758419,0.71425
0.578333,0.603938,0.651089,1.814792,0.71425
0.3642,0.928959,0.891666,1.86415,0.7145
0.3642,1.132102,1.216445,1.901229,0.734404
0.3642,1.294613,1.216445,1.921125,0.7685
0.3642,1.294613,1.216445,1.927638,0.811187
0.3642,1.132102,1.054056,1.927738,0.871062
-0.064064,1.050838,1.048042,1.927738,0.929176
-0.278197,1.132102,1.126229,1.926397,1.006972
-0.064064,1.09147,1.048042,1.91827,1.094081
-0.064064,0.888327,0.966847,1.913329,1.160361
-0.064064,0.969591,0.966847,1.913,1.255577
-0.492329,1.335245,1.366806,1.913,1.334125
-0.492329,1.253981,1.204417,1.913308,1.414207
-0.920593,1.172734,1.117207,1.916035,1.535529
-0.920593,1.132102,1.117207,1.917516,1.646636
-0.706461,0.928959,0.87663,1.917516,1.764829
-0.706461,0.807081,0.795436,1.917516,1.887932
-0.706461,0.969591,0.957825,1.908785,1.999991
-0.920593,0.563306,0.630039,1.882875,2.10475
-1.134725,0.64457,0.627032,1.848492,2.194519
-1.348857,0.725817,0.867609,1.806132,2.274555
-1.348857,0.603938,0.54283,1.756548,2.336834
-1.348857,0.278916,0.299245,1.688693,2.395375
-1.777122,0.15702,0.212036,1.621982,2.429134
-1.56299,0.075773,0.133849,1.532418,2.44912
-1.134725,-0.005491,0.058668,1.46057,2.44965
-1.348857,-0.046123,-0.025534,1.420545,2.44965
-1.56299,-0.086738,-0.109736,1.342523,2.448566
-1.56299,-0.046123,-0.109736,1.268966,2.435375
-1.56299,-0.005491,-0.028541,1.190056,2.407387
-1.56299,-0.046123,-0.028541,1.144549,2.367938
-1.56299,0.035141,-0.028541,1.077746,2.302613
-1.56299,0.238284,0.133849,1.032278,2.222781
-1.56299,0.116388,0.133849,0.970777,2.15259
-1.134725,0.319531,0.383447,0.9303,2.082029
-0.706461,0.441427,0.470657,0.920965,2.037569
-0.706461,0.482042,0.389462,0.910433,1.943083
-0.278197,0.15702,0.151892,0.901195,1.844918
-0.492329,0.64457,0.636053,0.895932,1.758218
-0.492329,0.64457,0.554859,0.895345,1.64925
-0.492329,0.807081,0.798443,0.895345,1.577516
-0.706461,0.969591,0.87663,0.895403,1.522685
-0.492329,1.09147,1.123222,0.900578,1.413881
-0.278197,0.969591,1.045034,0.905974,1.348299
-0.064064,1.010223,1.048042,0.929978,1.233234
-0.064064,1.132102,1.048042,0.963458,1.131736
0.150068,1.253981,1.457023,0.991992,1.01913
-0.064064,1.37586,1.372821,1.00947,0.961068
-0.064064,1.457124,1.372821,1.041607,0.875117
0.150068,1.37586,1.375828,1.060899,0.827088
0.578333,1.416492,1.463037,1.092562,0.758043
0.792464,1.294613,1.384849,1.154161,0.696911
0.578333,1.172734,1.138258,1.227515,0.648927
0.578333,1.213349,1.219453,1.291678,0.612512
0.578333,1.213349,1.219453,1.386598,0.578413
0.578333,1.132102,1.057063,1.484931,0.54916
0.792464,1.213349,1.22246,1.585817,0.528672
0.3642,0.969591,1.054056,1.669921,0.528
0.578333,1.050838,1.057063,1.750889,0.528
0.150068,1.050838,1.051049,1.845106,0.528875
0.3642,0.969591,0.972861,1.94016,0.54526
0.3642,0.888327,0.972861,2.022703,0.579137
0.3642,0.807081,0.810472,2.090875,0.626625
0.150068,0.807081,0.807464,2.16408,0.69202
0.578333,0.807081,0.813479,2.21037,0.767236
-0.064064,0.319531,0.317289,2.247334,0.84109
0.150068,0.400795,0.320296,2.281576,0.91754
-0.064064,0.116388,0.154899,2.291678,0.989216
-0.492329,0.15702,0.148885,2.291678,1.083805
-0.706461,0.075773,0.064683,2.291678,1.132712
-0.706461,-0.168002,-0.097707,2.2842,1.151853
-0.706461,-0.12737,-0.178901,2.272375,1.149892
-0.492329,-0.289881,-0.338284,2.2563,1.145767
-1.777122,-0.411777,-0.437522,2.235653,1.14401
-0.920593,-0.452391,-0.425493,2.206919,1.120898
-0.706461,-0.330513,-0.422486,2.166534,1.089748
-0.706461,-0.736798,-0.66607,2.104,1.050209
-1.348857,-0.858677,-0.837481,2.031358,1.017023
-0.920593,-1.021188,-0.993856,1.945986,0.987172
-0.706461,-1.021188,-1.072044,1.875005,0.968255
-0.492329,-1.549353,-1.47501,1.785512,0.948377
-0.492329,-1.671249,-1.6374,1.706127,0.92922
-0.278197,-1.549353,-1.553198,1.623764,0.907828
-0.706461,-1.386842,-1.315628,1.543029,0.882955
0.3642,-1.224331,-1.138202,1.472693,0.861633
0.3642,-1.305595,-1.057008,1.400347,0.840044
0.3642,-1.34621,-1.462981,1.324031,0.8335
0.578333,-1.305595,-1.297585,1.269051,0.8335
0.792464,-1.386842,-1.294578,1.202343,0.8335
0.792464,-1.264963,-1.375772,1.119171,0.84298
1.006597,-1.143067,-1.129181,1.042629,0.872608
1.006597,-1.102452,-1.047986,0.989,0.90425
1.006597,-1.021188,-1.047986,0.935457,0.950945
1.006597,-0.858677,-0.723207,0.905127,0.998266
1.006597,-0.493023,-0.479623,0.887129,1.043959
1.006597,-0.493023,-0.642012,0.885649,1.092493
1.220729,-0.086738,-0.070642,0.885649,1.134062
1.006597,-0.046123,0.007546,0.886349,1.176695
1.434861,-0.086738,-0.067635,0.899925,1.213146
1.220729,-0.249249,-0.233031,0.926075,1.22892
1.220729,-0.046123,0.091748,0.950129,1.23125
1.220729,0.15702,0.172943,0.973975,1.23225
1.006597,0.116388,0.088741,0.992477,1.2323
0.792464,0.197652,0.166928,1.047407,1.23065
1.006597,0.116388,0.169935,1.12952,1.224576
1.006597,0.603938,0.575909,1.185393,1.211297
0.792464,0.685185,0.572902,1.253589,1.199313
0.792464,0.725817,0.735291,1.334105,1.195834
0.792464,1.010223,0.978876,1.420882,1.195
0.578333,1.172734,1.219453,1.510127,1.195
0.792464,1.09147,1.141265,1.613461,1.195242
0.792464,1.050838,1.141265,1.707648,1.198894
0.3642,1.619635,1.541224,1.779157,1.213952
0.3642,1.619635,1.622419,1.846359,1.236239
0.3642,1.700899,1.703614,1.916871,1.258731
0.3642,1.700899,1.703614,1.975793,1.284444
0.3642,1.619635,1.622419,2.034564,1.31298
0.3642,1.538388,1.622419,2.083154,1.348591
0.150068,1.37586,1.375828,2.122927,1.392218
-0.064064,1.37586,1.372821,2.154919,1.446494
0.150068,1.37586,1.294633,2.187673,1.49386
0.3642,1.213349,1.29764,2.193,1.566368
0.3642,1.294613,1.216445,2.193,1.638775
-0.064064,1.253981,1.210431,2.193,1.709997
-0.278197,1.294613,1.288619,2.1875,1.7964
-0.064064,1.050838,1.129236,2.167807,1.877393
-0.278197,0.928959,1.045034,2.131794,1.95304
-0.278197,0.847695,0.882645,2.096221,2.002801
-0.706461,0.766449,0.714241,2.048044,2.045123
-0.920593,0.563306,0.548844,2.002533,2.065516
-0.920593,0.725817,0.630039,1.946698,2.081606
-0.920593,0.603938,0.548844,1.87079,2.095453
-0.706461,0.603938,0.633046,1.794945,2.106973
-0.920593,0.64457,0.630039,1.722827,2.11744
-0.920593,0.522674,0.467649,1.640355,2.130884
-1.134725,0.319531,0.302253,1.569877,2.146627
-1.134725,0.15702,0.221058,1.486657,2.156626
-1.348857,0.075773,0.055661,1.412222,2.157
-1.348857,0.035141,-0.025534,1.344694,2.157
-1.348857,-0.168002,-0.187923,1.289696,2.154375
-1.56299,-0.289881,-0.35332,1.216625,2.128625
-1.134725,-0.411777,-0.4285,1.120525,2.108704
-1.134725,-0.614902,-0.59089,1.05273,2.081955
-1.348857,-0.818045,-0.837481,0.995053,2.051088
-1.348857,-0.899309,-0.918676,0.943594,2.025969
-1.134725,-0.899309,-0.915669,0.9009,1.9814
-0.920593,-1.143067,-1.075051,0.872561,1.926133
-0.920593,-1.183699,-1.23744,0.856875,1.863125
-0.492329,-1.224331,-1.231426,0.843628,1.789021
-0.706461,-1.630617,-1.559212,0.839788,1.76101
-0.920593,-1.83376,-1.805804,0.831469,1.687205
-1.134725,-1.83376,-1.808811,0.822875,1.59525
-0.278197,-2.118149,-2.040366,0.81628,1.536811
-0.064064,-1.874374,-1.956164,0.8023,1.435
0.3642,-1.671249,-1.706566,0.786613,1.335475
0.150068,-1.874374,-1.953157,0.776733,1.2682
0.3642,-1.83376,-1.78776,0.762322,1.163384
0.578333,-1.224331,-0.891611,0.750905,1.066392
1.434861,-1.711864,-1.69153,0.750563,0.979873
1.434861,-1.630617,-1.610335,0.750563,0.90225
1.434861,-1.305595,-1.366751,0.753521,0.801488
1.434861,-1.34621,-1.285556,0.778476,0.726486
1.220729,-1.06182,-1.044979,0.8216,0.665107
1.220729,-1.102452,-1.044979,0.875112,0.620538
1.434861,-0.939941,-0.879582,0.929478,0.59974
1.434861,-0.899309,-0.879582,1.005824,0.596
1.648994,-0.736798,-0.714185,1.094268,0.596
1.648994,-0.533656,-0.470601,1.194282,0.596
1.434861,-0.696166,-0.717193,1.277054,0.601143
1.220729,-0.858677,-0.801395,1.363533,0.607461
1.434861,-0.818045,-0.798387,1.45741,0.61643
1.006597,-0.939941,-0.885597,1.542736,0.626294
1.006597,-0.533656,-0.560818,1.628972,0.643561
0.792464,-0.574288,-0.563825,1.705633,0.662329
0.792464,-0.168002,-0.239046,1.772874,0.682276
0.578333,-0.330513,-0.404442,1.859342,0.712742
0.578333,-0.249249,-0.242053,1.926776,0.742993
0.3642,-0.371145,-0.326255,1.978835,0.795689
0.150068,-0.330513,-0.329262,2.060797,0.843605
-0.278197,-0.330513,-0.335277,2.100734,0.878079
-0.278197,0.075773,0.070697,2.135581,0.937692
-0.278197,0.197652,0.151892,2.16005,1.017965
-0.278197,0.319531,0.395476,2.175349,1.089793
-0.064064,0.400795,0.398483,2.19074,1.183693
-0.278197,0.522674,0.395476,2.194433,1.272152
-0.706461,0.969591,1.201409,2.20066,1.366108
-0.278197,0.888327,0.882645,2.202475,1.437088
-0.278197,0.888327,0.96384,2.202475,1.524692
-0.278197,1.09147,1.126229,2.202062,1.615215
-0.492329,1.253981,1.204417,2.19894,1.704812
-0.064064,1.294613,1.210431,2.188771,1.790698
-0.278197,1.213349,1.288619,2.175094,1.87531
-0.064064,1.37586,1.372821,2.161074,1.96002
0.3642,1.619635,1.703614,2.146103,2.045799
0.3642,1.700899,1.622419,2.123198,2.122072
0.150068,1.538388,1.619412,2.090843,2.195072
0.150068,1.700899,1.700607,2.052869,2.256872
-0.278197,1.497756,1.451008,2.006978,2.30342
0.150068,1.294613,1.294633,1.940067,2.350803
0.3642,1.213349,1.216445,1.872276,2.386894
0.578333,1.416492,1.381842,1.7843,2.425746
0.578333,1.172734,1.138258,1.696669,2.462468
0.578333,0.969591,1.057063,1.624807,2.486044
0.792464,0.64457,0.654097,1.553671,2.503337
1.006597,0.15702,0.25113,1.482225,2.510388
1.220729,0.197652,0.091748,1.409489,2.510388
1.220729,0.15702,0.172943,1.340934,2.510388
1.434861,0.15702,0.17595,1.273358,2.506039
1.434861,0.15702,0.17595,1.21175,2.485
1.648994,0.116388,0.178957,1.161321,2.449096
1.434861,-0.168002,-0.067635,1.123268,2.41264
1.434861,-0.005491,0.17595,1.092117,2.374369
1.434861,-0.330513,-0.230024,1.084,2.336711
1.434861,-0.208634,-0.230024,1.084,2.282942
1.434861,-0.289881,-0.311219,1.085693,2.213402
1.434861,-0.77743,-0.798387,1.113698,2.140024
1.434861,-0.858677,-0.717193,1.145025,2.065541
1.863126,-0.77743,-0.873568,1.172851,2.000728
1.648994,-0.899309,-0.876575,1.205871,1.917174
1.220729,-1.183699,-1.207368,1.231,1.852
1.006597,-1.224331,-1.29157,1.231,1.852
0.792464,-1.386842,-1.375772,1.231,1.852
0.578333,-1.589985,-1.541169,1.236955,1.836476
0.3642,-1.508721,-1.625371,1.275502,1.721802
-0.064064,-1.915006,-1.71258,1.305968,1.596029
-0.278197,-1.874374,-1.796782,1.330802,1.470593
-0.278197,-1.955638,-2.040366,1.35478,1.31803
-0.064064,-1.874374,-1.87497,1.365,1.166393
-0.492329,-2.118149,-2.043374,1.365,1.08241
-1.134725,-1.630617,-1.646421,1.365,0.961202
-1.348857,-1.671249,-1.649429,1.361469,0.85263
-1.134725,-1.793128,-1.808811,1.324895,0.770684
-1.348857,-1.793128,-1.649429,1.279375,0.72925
0.150068,-1.83376,-1.790768,1.23391,0.718243
0.150068,-1.630617,-1.628378,1.189727,0.718243
0.3642,-1.793128,-1.706566,1.147901,0.718243
0.578333,-1.630617,-1.703558,1.112423,0.722349
0.578333,-1.386842,-1.378779,1.054341,0.747338
0.578333,-1.021188,-0.972806,1.008195,0.780767
0.578333,-0.858677,-0.891611,0.96376,0.823838
0.792464,-0.899309,-0.888604,0.934504,0.869693
0.578333,-0.696166,-0.729221,0.923047,0.920785
0.792464,-0.411777,-0.401435,0.90582,0.975412
0.792464,-0.289881,-0.32024,0.876028,1.053489
0.792464,0.035141,0.004539,0.870641,1.144276
0.792464,0.15702,0.085733,0.870641,1.185107
0.578333,0.278916,0.163921,0.868041,1.253541
0.578333,0.197652,0.163921,0.866508,1.35297
0.792464,0.522674,0.572902,0.866508,1.45983
0.578333,0.603938,0.569895,0.865633,1.556765
0.792464,0.969591,0.978876,0.846007,1.675415
0.792464,0.888327,0.897681,0.843,1.789025
0.792464,1.010223,1.06007,0.843,1.87025
0.578333,1.132102,1.138258,0.843,1.963038
0.3642,1.132102,1.216445,0.851352,2.031868
0.3642,1.37586,1.378835,0.870018,2.075544
0.578333,1.579003,1.544232,0.897948,2.109032
0.578333,1.700899,1.625426,0.937686,2.137521
0.3642,1.619635,1.541224,0.98909,2.161675
0.3642,1.538388,1.541224,1.044064,2.1796
0.3642,1.37586,1.378835,1.117894,2.196702
0.3642,1.213349,1.29764,1.198489,2.213685
0.3642,1.294613,1.29764,1.295701,2.229562
0.3642,1.457124,1.541224,1.381383,2.244615
0.3642,1.37586,1.29764,1.455902,2.254067
0.150068,1.213349,1.213438,1.535376,2.257471
-0.278197,1.213349,1.207424,1.620582,2.257662
-0.064064,1.294613,1.291626,1.704886,2.257662
-0.278197,1.132102,1.126229,1.744279,2.253904
-0.492329,0.888327,1.123222,1.822864,2.235072
-0.278197,0.807081,0.80145,1.928314,2.203093
-0.920593,0.685185,0.711234,1.994368,2.172949
-0.706461,0.888327,0.87663,2.03076,2.157552
-1.134725,0.888327,0.789421,2.069161,2.133014
-0.920593,0.725817,0.792428,2.074816,2.113837
-0.706461,0.725817,0.714241,2.074816,2.1045
-1.134725,0.685185,0.708226,2.074816,2.1045
-1.348857,0.400795,0.38044,2.052931,2.1045
-1.56299,0.482042,0.458628,1.975948,2.105021
-1.348857,0.400795,0.38044,1.917188,2.115246
-1.56299,0.278916,0.215043,1.855093,2.116161
-1.56299,0.238284,0.215043,1.785842,2.116161
-1.777122,-0.208634,-0.275132,1.70907,2.115329
-1.777122,-0.411777,-0.437522,1.638875,2.101375
-1.991254,-0.452391,-0.521724,1.56327,2.076659
-2.205386,-0.574288,-0.605926,1.480204,2.036166
-1.777122,-0.696166,-0.681106,1.395379,1.99225
-1.348857,-0.452391,-0.512702,1.2963,1.932892
-1.56299,-0.533656,-0.515709,1.21925,1.885296
-1.348857,-0.493023,-0.512702,1.149071,1.825109
-1.56299,-0.12737,-0.109736,1.092502,1.77141
-1.348857,-0.168002,-0.187923,1.064689,1.699935
-1.134725,-0.086738,-0.103721,1.042456,1.616444
-1.134725,0.116388,0.139863,1.015857,1.566238
-1.134725,0.238284,0.139863,0.964789,1.46503
-1.348857,0.603938,0.624024,0.924375,1.365861
-1.134725,0.685185,0.708226,0.888603,1.265532
-1.134725,0.847695,0.789421,0.858137,1.168345
-0.920593,1.294613,1.279597,0.839424,1.093321
-1.134725,1.253981,1.357784,0.80454,1.04096
-0.278197,1.253981,0.96384,0.758,0.966537
-0.492329,1.09147,1.042027,0.758,0.885703
-0.064064,1.37586,1.454015,0.758,0.823712
-0.064064,1.37586,1.454015,0.761448,0.781536
-0.064064,1.497756,1.454015,0.781386,0.75011
-0.064064,1.253981,1.291626,0.815431,0.725449
0.3642,1.37586,1.29764,0.862632,0.711199
0.150068,1.294613,1.375828,0.926185,0.70116
0.3642,1.253981,1.216445,0.99452,0.693524
0.792464,1.09147,1.141265,1.086806,0.682534
0.578333,1.213349,1.219453,1.170002,0.674643
0.792464,1.010223,1.141265,1.265369,0.662203
0.578333,0.888327,0.894674,1.35359,0.65055
0.150068,0.807081,0.72627,1.441934,0.641009
0.3642,0.603938,0.566887,1.535764,0.63636
0.3642,0.522674,0.485693,1.612785,0.635
-0.064064,0.482042,0.398483,1.7014,0.635
-0.064064,0.319531,0.317289,1.787922,0.635
-0.064064,0.319531,0.236094,1.851282,0.636359
-0.278197,0.238284,0.233087,1.916012,0.640925
-0.492329,0.15702,0.23008,1.968565,0.655264
-0.706461,-0.12737,-0.097707,2.045,0.678455
-0.706461,-0.12737,-0.178901,2.11425,0.725625
-1.134725,-0.371145,-0.347305,2.187649,0.785547
-0.920593,-0.371145,-0.344298,2.243455,0.85202
-1.348857,-0.533656,-0.512702,2.28491,0.901375
-1.134725,-0.533656,-0.59089,2.320806,0.969819
-1.56299,-0.493023,-0.515709,2.348696,1.042204
-1.134725,-0.818045,-0.834474,2.368357,1.119609
-1.134725,-0.980556,-1.078058,2.376438,1.196914
-1.348857,-1.224331,-1.243455,2.376563,1.274273
-1.134725,-1.305595,-1.321642,2.376563,1.335089
-0.920593,-1.711864,-1.643414,2.375344,1.360391
-1.348857,-1.83376,-1.811818,2.355169,1.362
-0.278197,-1.83376,-1.796782,2.325297,1.362
-0.064064,-1.793128,-1.793775,2.2909,1.3557
-0.278197,-1.630617,-1.715587,2.24742,1.313241
-0.278197,-1.549353,-1.877977,2.195582,1.248295
-0.492329,-1.630617,-1.556205,2.124028,1.173896
1.220729,-1.589985,-1.613342,2.057096,1.096112
1.006597,-1.143067,-1.129181,1.983807,1.013641
1.220729,-1.508721,-1.532147,1.916293,0.935329
1.006597,-1.021188,-0.966791,1.845381,0.86751
1.006597,-0.818045,-0.885597,1.771092,0.814706
1.220729,-0.77743,-0.639005,1.698663,0.768136
1.220729,-0.696166,-0.639005,1.626207,0.72903
1.220729,-0.574288,-0.55781,1.548832,0.705969
1.434861,-0.208634,-0.230024,1.479401,0.704516
1.006597,-0.411777,-0.398428,1.387906,0.704516
1.220729,-0.289881,-0.314226,1.307439,0.704573
1.006597,-0.411777,-0.398428,1.223549,0.723287
1.006597,-0.12737,-0.073649,1.133065,0.769766
0.792464,-0.005491,-0.076656,1.063347,0.822467
0.792464,0.075773,0.085733,1.010064,0.89792
0.792464,0.238284,0.248123,0.962151,0.971742
0.792464,0.441427,0.491707,0.933001,1.052128
0.792464,0.563306,0.410512,0.9235,1.117443
0.3642,0.928959,0.891666,0.9235,1.1674
0.578333,0.888327,0.813479,0.9235,1.196268
0.150068,1.010223,0.888659,0.94615,1.20065
0.3642,1.050838,1.135251,1.008499,1.20065
0.3642,1.132102,1.135251,1.108649,1.1999
0.3642,1.132102,1.135251,1.162443,1.191915
0.3642,1.050838,1.054056,1.24025,1.18
0.150068,1.253981,1.213438,1.326419,1.166947
0.150068,1.253981,1.213438,1.41626,1.165
-0.064064,1.294613,1.291626,1.540011,1.165
-0.064064,1.132102,1.210431,1.651142,1.165
-0.064064,1.132102,1.129236,1.743879,1.169007
-0.064064,1.213349,1.210431,1.804032,1.192496
-0.278197,1.213349,1.207424,1.899944,1.212359
-0.278197,1.294613,1.207424,1.982514,1.252926
-0.492329,1.37586,1.285611,2.065107,1.32973
-0.278197,1.619635,1.613398,2.138323,1.395923
-0.064064,1.37586,1.291626,2.196289,1.477043
-0.492329,1.538388,1.61039,2.235305,1.561991
-0.706461,1.741514,1.688578,2.2575,1.63075
-0.278197,1.700899,1.775787,2.2672,1.699599
-0.278197,1.985289,1.938177,2.268,1.805623
-0.492329,1.822778,1.77278,2.268,1.900472
-0.278197,1.741514,1.694592,2.262389,1.992972
0.150068,1.660267,1.700607,2.2276,2.064898
-0.064064,1.741514,1.778794,2.15788,2.141194
0.150068,1.416492,1.457023,2.08307,2.193427
0.150068,1.457124,1.375828,2.004395,2.235146
0.578333,1.294613,1.300647,1.884473,2.271676
0.150068,1.294613,1.294633,1.781235,2.300908
0.578333,1.132102,1.138258,1.68978,2.313554
0.578333,1.253981,1.219453,1.611891,2.314
0.578333,0.888327,0.975868,1.512223,2.314
1.006597,0.928959,0.819493,1.465995,2.313175
0.578333,0.807081,0.732284,1.412636,2.300859
0.792464,0.685185,0.572902,1.328009,2.273092
1.220729,0.563306,0.578916,1.25751,2.24145
0.792464,0.563306,0.572902,1.20121,2.186877
1.220729,0.441427,0.497722,1.125842,2.131292
1.220729,0.441427,0.416527,1.0805,2.0908
1.220729,0.278916,0.335332,1.036933,2.036365
1.434861,0.116388,0.17595,0.966844,1.975797
1.434861,-0.168002,-0.148829,0.953934,1.902738
1.648994,-0.12737,-0.064627,0.953934,1.815821
1.434861,-0.411777,-0.392414,0.953934,1.727868
1.434861,-0.289881,-0.311219,0.95701,1.679116
1.434861,-0.533656,-0.473608,0.95925,1.65125
1.648994,-0.77743,-0.714185,0.961,1.639953
1.648994,-0.818045,-0.79538,0.961875,1.611193
1.648994,-1.021188,-0.95777,0.963224,1.521111
1.434861,-1.102452,-1.123166,0.988463,1.402727
1.006597,-1.34621,-1.372765,1.008423,1.298446
1.434861,-1.589985,-1.610335,1.031106,1.193134
1.006597,-1.549353,-1.535155,1.062232,1.094536
0.578333,-1.508721,-1.541169,1.094289,0.945774
0.578333,-1.793128,-1.784753,1.135928,0.723508
0.3642,-1.83376,-1.625371,1.181872,0.67541
0.150068,-2.077517,-2.034352,1.226958,0.639501
-0.492329,-2.077517,-2.043374,1.243322,0.624859
-0.492329,-1.874374,-1.880984,1.28353,0.620848
-0.064064,-1.874374,-1.87497,1.324204,0.619664
0.3642,-1.711864,-1.706566,1.35361,0.615705
0.578333,-1.711864,-1.703558,1.364,0.612842
0.792464,-1.549353,-1.538162,1.364,0.6115
0.792464,-1.427474,-1.456967,1.364,0.598307
0.3642,-0.980556,-1.057008,1.358375,0.575441
0.792464,-0.899309,-0.969798,1.316284,0.5608
1.220729,-1.021188,-0.963784,1.267552,0.56
1.006597,-0.574288,-0.560818,1.20638,0.56
1.220729,-0.533656,-0.395421,1.15275,0.56
1.220729,-0.411777,-0.314226,1.149,0.56
1.006597,-0.208634,-0.236038,1.136768,0.586116
1.220729,-0.208634,-0.233031,1.07785,0.645845
1.006597,0.075773,-0.154844,1.028605,0.7324
1.220729,0.278916,0.335332,0.9765,0.869567
1.220729,0.319531,0.416527,0.918744,0.97961
1.006597,0.441427,0.41352,0.879668,1.06801
1.006597,0.441427,0.494714,0.844722,1.178435
1.006597,0.603938,0.657104,0.814382,1.268827
1.220729,0.888327,0.822501,0.788625,1.35975
0.792464,0.766449,0.735291,0.765278,1.4461
0.578333,1.050838,0.975868,0.736317,1.5274
0.792464,1.294613,1.303655,0.733615,1.608148
0.792464,1.213349,1.22246,0.733615,1.710355
0.578333,1.457124,1.544232,0.733615,1.793175
0.578333,1.294613,1.463037,0.745014,1.873762
0.3642,1.294613,1.378835,0.765298,1.940369
0.150068,1.172734,1.213438,0.791875,1.99925
0.3642,1.213349,1.135251,0.827603,2.060308
0.3642,1.050838,1.135251,0.875689,2.120689
0.150068,1.294613,1.213438,0.94412,2.169447
-0.064064,1.294613,1.210431,1.028156,2.214902
-0.278197,1.213349,1.207424,1.07794,2.243653
-0.492329,1.09147,1.042027,1.157058,2.281722
-0.278197,1.050838,1.126229,1.212609,2.304957
-0.492329,0.807081,0.879638,1.274462,2.323973
-0.492329,0.766449,0.798443,1.359178,2.339794
-0.920593,0.888327,0.711234,1.43835,2.343611
-1.348857,0.928959,0.948803,1.529667,2.346735
-1.134725,0.807081,0.789421,1.625016,2.347016
-1.348857,0.888327,0.786414,1.692893,2.346079
-0.920593,0.725817,0.711234,1.73992,2.341089
-1.348857,0.603938,0.461635,1.810618,2.330742
-1.348857,0.482042,0.461635,1.862846,2.324459
-1.56299,0.482042,0.458628,1.889008,2.315668
-1.777122,-0.12737,-0.193937,1.8905,2.305552
-1.56299,-0.086738,-0.109736,1.8905,2.29845
-1.348857,-0.249249,-0.350313,1.8901,2.291625
-1.348857,-0.655534,-0.675092,1.882643,2.275258
-1.777122,-0.614902,-0.599911,1.853476,2.262567
-1.56299,-0.655534,-0.678099,1.78441,2.24546
-1.134725,-0.736798,-0.672084,1.712804,2.225149
-1.777122,-1.34621,-1.411859,1.656233,2.211515
-1.56299,-1.34621,-1.327657,1.584745,2.204171
-1.348857,-1.305595,-1.243455,1.552753,2.197706
-1.348857,-1.264963,-1.243455,1.498189,2.187985
-1.56299,-1.183699,-1.246462,1.405918,2.169605
-1.348857,-1.224331,-1.16226,1.32488,2.148025
-1.134725,-1.34621,-1.321642,1.24201,2.116464
-0.920593,-1.143067,-1.075051,1.164923,2.075451
-0.492329,-0.980556,-0.987842,1.095087,2.021777
-0.920593,-1.102452,-1.075051,1.0035,1.9575
-0.920593,-0.736798,-0.750272,0.878521,1.885875
-0.064064,-0.655534,-0.657048,0.812109,1.811691
-0.064064,-0.452391,-0.575854,0.767496,1.718454
-0.492329,0.075773,0.473664,0.738561,1.640587
-0.064064,-0.168002,-0.16988,0.72982,1.566067
0.150068,-0.168002,-0.085678,0.72982,1.48082
0.578333,-0.168002,-0.160858,0.72982,1.401153
0.3642,-0.086738,-0.082671,0.731678,1.299466
0.578333,0.197652,0.32631,0.735304,1.247264
0.578333,0.319531,0.32631,0.748763,1.188043
0.792464,0.319531,0.329318,0.76874,1.111204
1.006597,0.400795,0.41352,0.819471,1.039447
1.006597,0.400795,0.41352,0.870987,0.972277
0.792464,0.888327,0.897681,0.928043,0.889205
0.792464,0.563306,0.572902,0.97638,0.81865
0.792464,0.766449,0.816486,1.038134,0.761258
0.578333,0.807081,0.813479,1.1385,0.714375
0.578333,0.888327,0.894674,1.247998,0.677689
0.578333,0.888327,0.894674,1.354,0.644125
0.3642,0.969591,0.972861,1.441064,0.613734
0.150068,1.294613,1.294633,1.549197,0.596352
0.150068,1.253981,1.375828,1.655672,0.596
0.3642,1.132102,1.135251,1.746938,0.596
-0.064064,1.294613,1.291626,1.819769,0.59725
0.150068,1.132102,1.213438,1.910569,0.621814
0.150068,1.294613,1.294633,2.00245,0.673102
-0.064064,1.416492,1.372821,2.077239,0.71927
0.3642,1.700899,1.703614,2.134407,0.789471
0.150068,1.700899,1.781802,2.182681,0.849508
0.150068,1.700899,1.700607,2.217426,0.907631
-0.064064,1.619635,1.6976,2.249898,1.000033
0.150068,1.700899,1.700607,2.269593,1.079214
0.150068,1.538388,1.538217,2.287461,1.182133
0.150068,1.457124,1.538217,2.303706,1.283535
0.3642,1.497756,1.46003,2.315815,1.377571
0.578333,1.132102,1.219453,2.320594,1.485173
0.792464,0.969591,1.06007,2.320594,1.58058
0.578333,0.766449,0.813479,2.320594,1.670904
0.3642,0.685185,0.648082,2.318272,1.745321
0.792464,0.563306,0.572902,2.303217,1.799467
0.578333,0.482042,0.4887,2.278469,1.839187
1.220729,0.197652,0.254137,2.242255,1.8517
1.006597,0.197652,0.007546,2.208198,1.852
1.220729,0.197652,0.091748,2.190188,1.852
1.006597,0.035141,0.007546,2.147044,1.851306
1.434861,-0.086738,-0.067635,2.087477,1.836375
1.648994,-0.208634,-0.145822,2.012858,1.815136
1.220729,-0.208634,-0.233031,1.974,1.801
1.434861,-0.614902,-0.635998,1.931125,1.781875
1.434861,-0.818045,-0.717193,1.840636,1.74556
1.220729,-0.736798,-0.7202,1.755473,1.717222
1.648994,-0.899309,-0.79538,1.648933,1.690732
1.434861,-0.980556,-0.960777,1.5255,1.670625
1.434861,-1.34621,-1.285556,1.440475,1.6507
1.434861,-1.34621,-1.366751,1.352532,1.630987
1.220729,-1.630617,-1.532147,1.254669,1.617628
1.006597,-1.711864,-1.697544,1.169696,1.613949
0.792464,-1.83376,-1.781746,1.09135,1.609167
0.578333,-1.874374,-1.865948,1.041128,1.599724
1.006597,-1.793128,-1.859934,0.980323,1.579613
-0.706461,-2.158781,-1.965186,0.918262,1.55373
-0.492329,-2.321292,-2.286958,0.864665,1.511604
-0.706461,-2.077517,-2.127576,0.844,1.484128
-0.706461,-2.158781,-2.046381,0.844,1.442752
-1.134725,-1.752496,-1.808811,0.844,1.397128
-1.134725,-1.793128,-1.727616,0.844016,1.374529
-1.348857,-1.549353,-1.649429,0.849913,1.307759
-1.134725,-1.183699,-1.159253,0.872738,1.2333
-1.56299,-0.939941,-1.002878,0.908202,1.151369
-1.348857,-1.06182,-1.081065,0.95409,1.046872
-1.56299,-0.939941,-0.921683,0.993919,0.966186
-1.56299,-0.493023,-0.515709,1.040935,0.876593
-1.56299,-0.330513,-0.434515,1.07976,0.798083
-1.56299,-0.289881,-0.35332,1.0877,0.73018
-1.991254,-0.249249,0.04664,1.088,0.68924
-1.56299,0.116388,0.052654,1.088,0.68208
-1.56299,0.197652,0.215043,1.087092,0.68208
-1.777122,0.360163,0.374426,1.083419,0.68208
-1.56299,0.278916,0.296238,1.05863,0.692061
-1.56299,0.400795,0.458628,1.031493,0.727174
-1.56299,0.482042,0.458628,1.006669,0.787872
-1.348857,0.360163,0.38044,0.990113,0.862472
-1.348857,0.766449,0.705219,0.976238,0.959602
-1.134725,0.888327,0.870616,0.968369,1.059246
-0.920593,0.928959,0.954818,0.952883,1.157279
-0.920593,0.888327,0.954818,0.941233,1.271954
-0.706461,1.213349,1.282604,0.931299,1.388326
-0.492329,1.010223,1.204417,0.922,1.4905
-0.706461,0.969591,0.957825,0.913332,1.597475
-0.492329,1.253981,1.204417,0.906629,1.698618
-0.278197,0.969591,0.96384,0.906,1.782843
-0.064064,1.132102,1.210431,0.906,1.881433
-0.064064,1.37586,1.291626,0.907437,1.963498
0.150068,1.497756,1.538217,0.922517,2.037021
-0.278197,1.416492,1.451008,0.952026,2.081455
-0.064064,1.132102,1.210431,0.994411,2.120841
0.150068,1.213349,1.213438,1.046028,2.173529
0.150068,0.888327,0.888659,1.111633,2.223636
0.578333,0.888327,0.894674,1.196894,2.268375
0.792464,0.807081,0.816486,1.252467,2.299537
0.3642,0.725817,0.729277,1.31387,2.326232
1.006597,0.482042,0.494714,1.403467,2.344173
1.006597,0.400795,0.494714,1.50108,2.348749
1.220729,0.197652,0.254137,1.600135,2.349992
1.220729,0.278916,0.254137,1.659225,2.349992
1.648994,0.278916,0.260152,1.750166,2.349404
1.648994,0.360163,0.260152,1.845588,2.346903
1.434861,0.238284,0.257144,1.911777,2.329553
1.648994,0.441427,0.097762,1.984858,2.295664
1.434861,0.035141,0.17595,2.045576,2.251951
1.434861,0.035141,0.01356,2.0935,2.2004
1.434861,-0.168002,-0.148829,2.11775,2.167315
1.648994,-0.289881,-0.227017,2.177824,2.068124
1.434861,-0.208634,-0.230024,2.24425,1.961895
1.434861,-0.574288,-0.554803,2.320994,1.865598
1.648994,-0.533656,-0.551796,2.377332,1.736361
1.648994,-0.533656,-0.551796,2.40476,1.619683
1.220729,-1.102452,-1.126174,2.430624,1.514371
1.434861,-1.224331,-1.123166,2.434464,1.391346
1.220729,-1.264963,-1.207368,2.434464,1.285167
1.006597,-1.549353,-1.535155,2.434464,1.177595
1.220729,-1.589985,-1.694537,2.409918,1.080893
1.006597,-1.671249,-1.697544,2.354643,0.997731
1.006597,-1.752496,-1.697544,2.315757,0.916231
0.792464,-1.305595,-1.294578,2.26184,0.855977
0.792464,-1.305595,-1.375772,2.2137,0.80362
0.792464,-1.183699,-1.213383,2.171613,0.748097
0.792464,-1.06182,-0.969798,2.10182,0.705588
0.792464,-0.980556,-0.969798,2.035336,0.665413
0.150068,-0.655534,-0.654041,1.961871,0.636421
0.150068,-0.655534,-0.654041,1.882609,0.621816
0.150068,-0.330513,-0.248067,1.799574,0.617
-0.064064,0.15702,0.073704,1.719834,0.617
-0.278197,0.15702,0.151892,1.636324,0.617
-0.278197,0.116388,0.395476,1.54755,0.626445
-0.064064,0.319531,0.236094,1.477634,0.648266
-0.492329,0.278916,0.311274,1.403879,0.66793
-0.278197,0.400795,0.395476,1.340201,0.68731
-0.492329,0.563306,0.473664,1.285862,0.707656
-0.492329,0.725817,0.717248,1.227531,0.736987
-0.492329,0.725817,0.717248,1.169523,0.777916
-0.706461,0.766449,0.714241,1.125886,0.825572
-1.134725,0.766449,0.870616,1.094597,0.8802
-0.920593,0.563306,0.548844,1.079336,0.94471
-1.348857,0.441427,0.461635,1.065199,1.026159
-1.134725,0.888327,0.870616,1.028762,1.107419
-1.56299,0.603938,0.621017,0.98882,1.195688
-1.348857,0.603938,0.624024,0.949528,1.30185
-1.348857,0.725817,0.705219,0.914033,1.400534
-1.56299,0.603938,0.621017,0.873885,1.508438
-1.56299,0.685185,0.621017,0.834168,1.611496
-1.348857,0.319531,0.299245,0.764781,1.72769
-1.134725,0.238284,0.221058,0.7425,1.827292
-1.348857,0.075773,0.055661,0.7425,1.919035
-1.777122,-0.168002,-0.193937,0.7425,1.996135
-1.777122,-0.330513,-0.356327,0.74575,2.051017
-1.777122,-0.533656,-0.599911,0.769057,2.099113
-0.920593,-0.77743,-0.831467,0.800864,2.130699
-1.134725,-1.102452,-1.078058,0.831411,2.147364
-0.920593,-1.102452,-1.075051,0.895105,2.173648
-1.348857,-1.34621,-1.32465,0.955541,2.19693
-1.134725,-1.34621,-1.402837,1.032146,2.220903
-1.348857,-1.589985,-1.649429,1.120255,2.243471
-0.920593,-1.711864,-1.724609,1.207317,2.259004
0.150068,-2.118149,-2.034352,1.290812,2.279458
0.578333,-1.386842,-1.459974,1.368145,2.288331
0.792464,-1.508721,-1.456967,1.442833,2.288331
0.578333,-1.549353,-1.622364,1.506712,2.288331
1.006597,-1.468106,-1.535155,1.538843,2.284832
1.220729,-1.386842,-1.450953,1.543844,2.264275
1.220729,-1.34621,-1.369758,1.543844,2.203192
1.434861,-1.386842,-1.366751,1.543469,2.145304
1.434861,-1.102452,-1.041972,1.537155,2.114091
1.434861,-0.818045,-0.798387,1.530119,2.078891
1.648994,-0.818045,-0.714185,1.510756,2.021286
1.434861,-0.614902,-0.635998,1.480304,1.927099
1.220729,-0.046123,-0.070642,1.45825,1.82875
1.434861,-0.371145,-0.311219,1.457,1.812886
1.434861,-0.168002,-0.230024,1.456526,1.721442
1.434861,0.116388,0.01356,1.456526,1.669083
1.220729,-0.249249,-0.233031,1.456526,1.513617
1.220729,-0.208634,-0.151837,1.460832,1.354127
1.006597,-0.12737,-0.154844,1.473755,1.216415
1.220729,0.035141,0.010553,1.496552,1.078735
1.006597,0.035141,0.088741,1.539163,0.946065
1.006597,0.075773,0.25113,1.59454,0.84713
1.006597,0.360163,0.332325,1.666982,0.764641
0.792464,0.928959,0.897681,1.734264,0.712576
0.578333,0.725817,0.732284,1.814487,0.672873
0.578333,0.807081,0.813479,1.885854,0.663996
0.3642,0.807081,0.891666,1.971483,0.663996
0.578333,0.928959,0.975868,2.055037,0.663996
0.578333,1.213349,1.219453,2.121877,0.674886
0.3642,1.050838,1.135251,2.177218,0.713633
0.3642,1.132102,1.216445,2.210061,0.745665
-0.064064,1.37586,1.454015,2.244386,0.811408
-0.064064,1.294613,1.291626,2.265142,0.888647
0.150068,1.294613,1.213438,2.271659,0.986403
0.150068,1.172734,1.132243,2.272,1.086825
0.150068,1.213349,1.132243,2.272,1.181172
0.578333,1.213349,1.300647,2.271139,1.300316
0.3642,1.37586,1.378835,2.262319,1.425806
0.150068,1.294613,1.213438,2.251045,1.540984
0.3642,1.132102,1.135251,2.244441,1.645877
0.3642,1.132102,1.135251,2.229788,1.75486
0.150068,1.050838,1.132243,2.197568,1.842828
0.792464,0.847695,0.816486,2.160818,1.94826
0.3642,0.563306,0.648082,2.103489,2.079107
0.3642,0.522674,0.404498,2.048791,2.1735
0.578333,0.400795,0.407505,1.992423,2.23326
0.792464,0.319531,0.329318,1.951298,2.270294
1.006597,-0.005491,0.007546,1.870917,2.293998
1.220729,0.238284,0.254137,1.806036,2.309318
1.220729,0.15702,0.091748,1.736423,2.320712
1.220729,-0.005491,-0.070642,1.6355,2.3491
1.434861,-0.249249,-0.148829,1.54225,2.363
1.220729,-0.086738,-0.070642,1.458109,2.37225
1.434861,-0.371145,-0.392414,1.368756,2.373
1.434861,-0.411777,-0.392414,1.276896,2.373
1.434861,-0.330513,-0.311219,1.182205,2.372541
1.434861,-0.411777,-0.392414,1.093168,2.35962
1.863126,-0.452391,-0.386399,1.018375,2.331
1.434861,-0.696166,-0.635998,0.941588,2.292088
1.434861,-0.818045,-0.798387,0.877766,2.242746
1.648994,-1.021188,-0.95777,0.838553,2.186604
1.648994,-1.021188,-1.038964,0.810481,2.125595
1.434861,-1.427474,-1.366751,0.792458,2.052616
1.434861,-1.427474,-1.447945,0.789704,1.961058
1.434861,-1.508721,-1.52914,0.789059,1.874387
1.006597,-1.630617,-1.616349,0.789,1.7807
1.220729,-1.752496,-1.694537,0.789,1.688254
1.006597,-1.874374,-1.859934,0.789386,1.611071
0.792464,-1.99627,-1.944136,0.790494,1.581047
-0.278197,-2.199413,-2.202756,0.795452,1.473209
-0.706461,-2.036902,-2.046381,0.803101,1.388494
-0.706461,-2.036902,-2.046381,0.832759,1.289004
-1.134725,-1.793128,-1.808811,0.874821,1.185233
-1.134725,-1.793128,-1.727616,0.915382,1.079659
-1.134725,-1.06182,-1.159253,0.954791,1.008767
-1.348857,-1.06182,-1.081065,1.021551,0.93725
-1.56299,-1.021188,-1.084073,1.073909,0.894048
-1.134725,-1.021188,-0.996863,1.123982,0.8617
-1.56299,-0.858677,-0.921683,1.156115,0.856426
-0.492329,-0.736798,-0.663063,1.15732,0.856426
-0.706461,-0.086738,-0.097707,1.15732,0.865869
0.3642,-0.086738,-0.082671,1.15724,0.894069
0.150068,-0.168002,-0.085678,1.138236,0.919866
0.3642,0.075773,0.079719,1.11998,0.971204
0.3642,0.360163,0.404498,1.100282,1.044484
0.150068,0.522674,0.482685,1.081416,1.128782
0.3642,0.64457,0.729277,1.065666,1.220048
0.3642,0.64457,0.648082,1.047465,1.331073
0.150068,1.050838,1.051049,1.028659,1.435854
0.150068,0.888327,0.888659,1.009507,1.53571
0.150068,1.132102,1.213438,0.988824,1.647066
0.3642,1.294613,1.29764,0.971361,1.75106
0.150068,1.538388,1.457023,0.953413,1.85743
-0.064064,1.37586,1.454015,0.9451,1.957055
-0.064064,1.37586,1.291626,0.9451,2.057539
-0.278197,1.294613,1.207424,0.9451,2.148337
-0.278197,1.132102,1.207424,0.953153,2.229041
-0.278197,1.132102,1.045034,1.028724,2.292455
-0.064064,1.050838,1.129236,1.093217,2.332592
-0.492329,0.969591,1.042027,1.142296,2.35623
-0.278197,0.725817,0.80145,1.19185,2.365577
-0.706461,0.888327,0.957825,1.262759,2.367652
-0.706461,0.807081,0.87663,1.323924,2.368
-0.920593,0.685185,0.873623,1.391852,2.368804
-0.492329,0.360163,0.473664,1.438392,2.371747
-0.492329,0.360163,0.392469,1.481035,2.373
-0.706461,0.360163,0.308267,1.557022,2.373
-0.920593,0.278916,0.30526,1.614625,2.373
-1.134725,0.197652,0.139863,1.692135,2.370514
-1.348857,0.116388,0.055661,1.76402,2.35559
-1.134725,-0.168002,-0.103721,1.848484,2.323976
-0.920593,-0.249249,-0.263103,1.922756,2.280008
-0.920593,-0.411777,-0.506688,2.002064,2.21772
-0.920593,-0.452391,-0.425493,2.055167,2.193502
-0.920593,-0.574288,-0.587882,2.071004,2.147153
-0.920593,-0.858677,-0.912661,2.115165,2.04229
-0.706461,-0.980556,-0.909654,2.152674,1.924393
-0.920593,-1.102452,-1.075051,2.157233,1.837637
-0.920593,-1.305595,-1.318635,2.157233,1.778956
-0.920593,-1.386842,-1.39983,2.157233,1.723358
-1.134725,-1.34621,-1.402837,2.133546,1.684625
-1.348857,-1.468106,-1.487039,2.070068,1.647345
-0.492329,-1.386842,-1.556205,2.026688,1.61775
0.150068,-1.711864,-1.790768,1.959652,1.605621
0.3642,-1.711864,-1.706566,1.884045,1.594821
0.578333,-1.793128,-1.703558,1.812562,1.579976
0.578333,-1.549353,-1.541169,1.737112,1.55733
1.006597,-1.183699,-1.210376,1.639349,1.524821
1.006597,-1.021188,-1.047986,1.552787,1.49221
1.006597,-1.021188,-1.047986,1.460074,1.450569
1.006597,-0.655534,-0.642012,1.371892,1.407499
1.220729,-0.655534,-0.639005,1.282133,1.35866
1.434861,-0.696166,-0.635998,1.186885,1.310558
1.434861,-0.452391,-0.473608,1.1279,1.2556
1.434861,-0.493023,-0.473608,1.087756,1.20582
1.434861,-0.411777,-0.392414,1.032014,1.123186
1.220729,-0.533656,-0.476616,0.993643,1.036821
0.792464,-0.655534,-0.563825,0.993643,0.96996
1.006597,-0.77743,-0.723207,0.993643,0.917351
1.006597,-0.452391,-0.398428,0.995271,0.871347
0.792464,-0.452391,-0.48263,1.022082,0.818847
0.792464,-0.655534,-0.645019,1.061416,0.779421
0.578333,-0.371145,-0.404442,1.120752,0.755242
0.3642,-0.493023,-0.651034,1.208997,0.739881
0.3642,-0.980556,-0.975813,1.302215,0.731573
0.150068,-0.980556,-0.97882,1.386777,0.731323
-0.064064,-1.06182,-1.063022,1.46688,0.731323
-0.492329,-0.818045,-0.906647,1.549317,0.732542
-0.278197,-0.939941,-0.984835,1.618151,0.750209
-0.706461,-0.574288,-0.584875,1.683471,0.783074
-0.706461,-0.696166,-0.66607,1.730162,0.821383
-1.134725,-0.533656,-0.59089,1.768463,0.868239
-1.348857,-0.411777,-0.512702,1.827599,0.967357
-1.134725,-0.289881,-0.266111,1.925236,1.031808
-1.348857,-0.289881,-0.350313,1.973925,1.07949
-1.348857,-0.12737,-0.187923,2.026498,1.143685
-1.56299,0.360163,0.296238,2.063625,1.178375
-1.348857,0.278916,0.218051,2.114925,1.250672
-1.348857,0.441427,0.54283,2.156664,1.345774
-1.348857,0.522674,0.867609,2.179339,1.439914
-1.348857,0.603938,0.461635,2.190656,1.546555
-1.134725,0.482042,0.383447,2.198458,1.647583
-0.706461,0.400795,0.389462,2.201333,1.720538
-0.920593,0.807081,0.711234,2.201333,1.819375
-1.134725,0.847695,0.951811,2.201333,1.901227
-0.706461,1.010223,0.795436,2.183065,1.973093
-0.492329,1.010223,0.960832,2.135385,2.032727
-0.278197,1.050838,1.045034,2.073116,2.084023
-0.278197,1.294613,1.288619,1.996291,2.133029
-0.064064,1.416492,1.372821,1.925617,2.168602
-0.492329,1.132102,1.123222,1.816808,2.203017
-0.064064,1.294613,1.291626,1.7025,2.215103
0.150068,1.213349,1.213438,1.606521,2.229823
0.150068,1.132102,1.132243,1.5115,2.246951
0.3642,0.807081,0.891666,1.421809,2.248652
0.792464,0.847695,0.897681,1.31974,2.248652
0.3642,0.807081,0.729277,1.231022,2.248652
0.792464,0.969591,0.897681,1.157197,2.238841
1.006597,0.888327,0.900688,1.084835,2.216792
1.006597,0.685185,0.657104,1.048523,2.202313
1.006597,0.64457,0.657104,1.046903,2.175405
0.792464,0.563306,0.572902,1.046903,2.143259
1.006597,0.319531,0.332325,1.050445,2.099108
1.220729,0.278916,0.335332,1.087777,2.041108
1.434861,0.360163,0.419534,1.149262,1.974762
1.648994,0.319531,0.341346,1.220183,1.910637
1.434861,0.400795,0.419534,1.295233,1.858318
1.648994,0.197652,0.260152,1.377152,1.800269
1.220729,0.278916,0.254137,1.471928,1.742087
1.648994,-0.12737,-0.064627,1.532921,1.705162
1.220729,-0.005491,0.010553,1.567,1.691683
1.434861,-0.208634,-0.230024,1.6228,1.6525
1.863126,-0.371145,-0.305204,1.703243,1.60704
1.648994,-0.371145,-0.389406,1.779788,1.554012
1.220729,-0.614902,-0.639005,1.848365,1.494601
1.434861,-0.614902,-0.554803,1.919651,1.413677
1.648994,-0.899309,-0.79538,1.979945,1.321556
1.434861,-0.899309,-0.879582,2.029261,1.227253
1.220729,-1.021188,-0.963784,2.062161,1.15071
1.434861,-1.183699,-1.123166,2.0806,1.076
1.220729,-1.264963,-1.288563,2.0815,0.997125
1.006597,-1.386842,-1.372765,2.0815,0.924675
1.006597,-1.589985,-1.616349,2.077171,0.862746
1.006597,-1.711864,-1.697544,2.048402,0.821065
0.792464,-1.671249,-1.619357,2.0126,0.78545
0.792464,-1.549353,-1.456967,1.968625,0.764858
0.792464,-1.183699,-1.213383,1.920459,0.747003
1.006597,-1.224331,-1.210376,1.859375,0.73225
1.006597,-1.224331,-1.210376,1.789967,0.73
0.792464,-1.224331,-1.132188,1.722547,0.73
1.220729,-1.224331,-1.207368,1.642198,0.73
0.578333,-0.818045,-0.810416,1.553271,0.734683
0.578333,-0.452391,-0.485637,1.471834,0.741364
0.578333,-0.330513,-0.404442,1.392638,0.750031
0.578333,0.238284,0.245116,1.310589,0.76892
0.3642,0.278916,0.242108,1.242767,0.789697
0.3642,0.400795,0.404498,1.16744,0.831528
-0.064064,0.522674,0.479678,1.092856,0.891826
0.150068,0.278916,0.320296,1.0365,0.9593
0.150068,0.482042,0.320296,1.001688,1.031201
-0.064064,0.725817,0.560873,0.989652,1.098623
-0.064064,0.725817,0.885652,0.954073,1.179122
-0.278197,0.888327,0.882645,0.925868,1.269141
-0.492329,0.807081,0.879638,0.889823,1.36195
-0.278197,0.969591,1.045034,0.863422,1.464058
-0.064064,0.969591,1.048042,0.832663,1.552425
-0.278197,0.563306,0.639061,0.807836,1.638758
-0.278197,0.725817,0.639061,0.75256,1.730048
-0.492329,0.725817,0.636053,0.712166,1.80481
-0.920593,1.132102,0.792428,0.7072,1.881789
-0.706461,0.928959,0.714241,0.7072,1.967655
-0.706461,0.888327,0.795436,0.7072,2.040761
-1.134725,0.766449,0.708226,0.718275,2.089079
-1.348857,0.807081,0.786414,0.747,2.1301
-1.348857,0.766449,0.786414,0.782465,2.160984
-1.348857,0.725817,0.705219,0.829472,2.184226
-1.56299,0.685185,0.702212,0.936829,2.202668
-1.991254,0.766449,0.858587,1.051619,2.21869
-1.56299,0.64457,0.621017,1.114476,2.230711
-1.991254,0.603938,0.533808,1.17854,2.242109
-1.348857,0.278916,0.299245,1.244192,2.256238
-0.920593,0.035141,-0.019519,1.263043,2.259545
-0.920593,-0.208634,-0.263103,1.341623,2.264676
-1.134725,-0.574288,-0.672084,1.414675,2.264676
-0.920593,-0.736798,-0.669077,1.455208,2.264676
-1.134725,-0.899309,-0.915669,1.480001,2.26262
-1.348857,-0.939941,-0.999871,1.500818,2.250016
-1.348857,-1.143067,-1.16226,1.507923,2.241996
-0.920593,-1.224331,-1.318635,1.507923,2.226477
-0.920593,-1.711864,-1.724609,1.507923,2.212771
-1.134725,-1.711864,-1.646421,1.4963,2.185756
-1.134725,-1.711864,-1.727616,1.466405,2.150173
-0.492329,-1.468106,-1.6374,1.425627,2.099557
-0.706461,-1.508721,-1.559212,1.386615,2.048635
-0.492329,-1.549353,-1.556205,1.348081,1.98614
-0.492329,-1.427474,-1.47501,1.31074,1.909475
-0.278197,-1.549353,-1.553198,1.279067,1.819164
0.792464,-1.468106,-1.538162,1.268715,1.73462
0.578333,-1.589985,-1.541169,1.267,1.678672
0.578333,-1.549353,-1.541169,1.255375,1.614044
-0.064064,-1.386842,-1.306606,1.228633,1.591271
-0.064064,-1.386842,-1.387801,1.221,1.483672
-0.064064,-1.021188,-1.144217,1.222738,1.372394
-0.492329,-0.818045,-0.906647,1.24317,1.293641
-0.492329,-0.899309,-0.825452,1.250942,1.150997
-0.492329,-0.452391,-0.500673,1.261887,1.085212
-0.706461,-0.371145,-0.50368,1.289289,1.005968
-0.492329,-0.493023,-0.500673,1.34119,0.903997
-0.706461,-0.330513,-0.422486,1.405613,0.810121
-0.706461,-0.086738,-0.178901,1.475591,0.732691
-0.920593,0.15702,0.14287,1.547719,0.692719
-0.706461,0.360163,0.308267,1.6135,0.66925
-0.492329,0.482042,0.311274,1.704362,0.645191
-0.492329,0.807081,0.798443,1.787036,0.628301
-0.064064,0.969591,0.804457,1.867829,0.617057
0.150068,0.807081,0.72627,1.951005,0.6145
-0.278197,0.969591,0.96384,2.011985,0.6145
-0.278197,0.969591,0.96384,2.075909,0.6145
-0.278197,0.969591,0.96384,2.129101,0.627214
-0.064064,1.213349,1.210431,2.168757,0.6665
0.150068,1.294613,1.294633,2.190144,0.713814
0.3642,1.213349,1.216445,2.203845,0.763726
0.3642,1.172734,1.216445,2.212517,0.831111
0.150068,1.213349,1.132243,2.219548,0.912519
0.3642,1.050838,0.972861,2.227282,1.014082
0.578333,0.847695,0.894674,2.233044,1.117044
0.578333,0.888327,0.813479,2.236989,1.198448
0.3642,1.050838,1.054056,2.240522,1.294807
0.792464,0.888327,0.978876,2.240772,1.375743
1.006597,0.847695,0.900688,2.240772,1.477821
1.220729,0.969591,0.903695,2.240692,1.567474
1.220729,0.725817,0.741306,2.233971,1.657539
1.220729,0.563306,0.578916,2.215675,1.749975
1.220729,0.441427,0.335332,2.174815,1.859785
1.220729,0.278916,0.335332,2.138686,1.936575
1.434861,0.238284,0.257144,2.10826,1.97464
1.434861,0.075773,0.094755,2.081106,2.032702
1.434861,0.15702,0.094755,2.002886,2.073179
1.648994,0.075773,0.097762,1.942841,2.113856
1.863126,0.15702,0.100769,1.896172,2.120139
1.434861,-0.371145,-0.392414,1.853422,2.12473
1.434861,-0.411777,-0.392414,1.81528,2.1281
1.434861,-0.533656,-0.635998,1.774673,2.133013
1.648994,-0.77743,-0.714185,1.726191,2.1368
1.220729,-1.06182,-0.963784,1.70612,2.137
1.434861,-1.06182,-1.041972,1.70612,2.137
1.006597,-1.264963,-1.210376,1.70612,2.135033
1.220729,-1.102452,-1.126174,1.70978,2.112625
1.006597,-1.386842,-1.372765,1.732055,2.0687
0.792464,-1.508721,-1.619357,1.740984,2.030352
-0.064064,-1.793128,-1.71258,1.744464,1.989768
0.150068,-1.793128,-1.790768,1.74565,1.9796
0.3642,-1.711864,-1.706566,1.762662,1.917026
0.3642,-1.630617,-1.625371,1.792184,1.806109
0.3642,-1.589985,-1.544176,1.813,1.682192
0.3642,-1.468106,-1.462981,1.813,1.583234
0.792464,-1.468106,-1.456967,1.813,1.461408
0.792464,-1.102452,-1.050993,1.812075,1.348951
0.792464,-0.980556,-0.969798,1.808436,1.254182
0.578333,-0.818045,-0.810416,1.796703,1.163274
0.792464,-0.655534,-0.645019,1.752148,1.097248
0.792464,-0.371145,-0.401435,1.694508,1.042888
0.792464,-0.493023,-0.401435,1.636683,0.998217
1.006597,-0.371145,-0.236038,1.567809,0.955347
1.006597,-0.168002,-0.073649,1.497129,0.923172
1.006597,0.075773,0.088741,1.425152,0.902985
0.792464,-0.005491,0.085733,1.356075,0.897004
0.792464,0.116388,0.166928,1.299106,0.897004
0.792464,0.278916,0.329318,1.225359,0.897004
0.578333,0.360163,0.407505,1.161421,0.904465
0.792464,0.563306,0.654097,1.107987,0.930504
0.792464,0.807081,0.816486,1.065975,0.958115
0.792464,1.132102,1.22246,1.0204,0.986841
0.792464,1.172734,1.141265,0.978385,1.03788
0.792464,1.050838,1.141265,0.949534,1.101334
0.578333,1.132102,1.219453,0.910772,1.177594
0.578333,1.213349,1.219453,0.882189,1.249174
0.3642,1.37586,1.378835,0.860883,1.315167
0.3642,1.37586,1.46003,0.842765,1.391402
0.578333,1.579003,1.463037,0.828514,1.460602
0.3642,1.538388,1.541224,0.807148,1.538843
0.3642,1.457124,1.46003,0.781594,1.616333
0.150068,1.213349,1.213438,0.780687,1.699547
0.3642,1.457124,1.29764,0.780687,1.781967
0.150068,1.37586,1.375828,0.780687,1.85157
0.150068,1.213349,1.213438,0.790583,1.93641
-0.278197,1.132102,1.126229,0.819659,2.015991
-0.278197,1.213349,1.207424,0.875192,2.075607
-0.064064,1.132102,1.048042,0.917788,2.123767
-0.492329,1.050838,0.960832,0.95763,2.155034
-0.706461,0.766449,0.795436,1.0081,2.182303
-0.920593,0.807081,0.792428,1.06912,2.205094
-0.920593,0.603938,0.630039,1.132846,2.221327
-1.134725,0.685185,0.627032,1.187538,2.231344
-1.134725,0.64457,0.627032,1.245125,2.239
-1.348857,0.725817,0.705219,1.304641,2.24
-1.134725,0.603938,0.627032,1.377836,2.24
-0.920593,0.563306,0.548844,1.447299,2.23976
-1.134725,0.441427,0.464642,1.527962,2.231381
-1.348857,0.238284,0.299245,1.595938,2.215915
-1.348857,0.238284,0.218051,1.669097,2.1901
-0.920593,-0.046123,-0.019519,1.698011,2.169922
-1.348857,0.075773,-0.025534,1.698313,2.15864
-0.920593,-0.249249,-0.263103,1.698313,2.152041
-2.205386,-0.696166,-0.68712,1.696189,2.1509
-0.706461,-1.021188,-0.909654,1.674621,2.144271
-1.134725,-0.980556,-0.996863,1.63675,2.13375
-1.134725,-1.549353,-1.484032,1.583173,2.117469
-1.134725,-1.83376,-1.808811,1.525983,2.095783
-0.920593,-1.671249,-1.724609,1.452917,2.067005
-0.492329,-1.630617,-1.6374,1.374642,2.013938
-0.920593,-1.671249,-1.643414,1.30028,1.97162
-1.134725,-1.427474,-1.646421,1.2347,1.925449
-1.56299,-1.264963,-1.246462,1.165894,1.877998
-1.56299,-1.224331,-1.165267,1.103291,1.843587
-0.920593,-1.427474,-1.39983,1.038851,1.78869
-0.706461,-1.589985,-1.315628,0.9888,1.732564
-0.492329,-1.793128,-1.799789,0.944445,1.67036
-0.492329,-1.793128,-1.799789,0.924,1.639
-0.064064,-1.549353,-1.468996,0.897244,1.593849
0.150068,-1.386842,-1.547183,0.851959,1.498796
0.578333,-1.305595,-1.459974,0.840958,1.408392
0.578333,-1.386842,-1.378779,0.835898,1.310077
0.578333,-1.386842,-1.297585,0.83375,1.236067
1.006597,-0.980556,-0.966791,0.834028,1.168356
1.006597,-1.102452,-1.047986,0.83591,1.072783
1.220729,-1.102452,-1.044979,0.836,0.987668
1.220729,-0.858677,-0.801395,0.8575,0.904648
1.220729,-0.655534,-0.55781,0.897353,0.851493
1.220729,-0.493023,-0.55781,0.935316,0.793795
1.434861,-0.533656,-0.554803,0.96416,0.753747
1.434861,-0.330513,-0.311219,1.015415,0.723889
1.648994,-0.371145,-0.389406,1.104388,0.701517
1.220729,-0.289881,-0.395421,1.172211,0.688874
1.434861,-0.12737,-0.148829,1.248084,0.676332
1.006597,-0.046123,-0.073649,1.3125,0.666809
1.220729,-0.12737,-0.151837,1.399075,0.662141
1.006597,-0.12737,0.007546,1.485463,0.662
1.006597,0.197652,0.169935,1.568,0.662
1.006597,0.319531,0.332325,1.647512,0.663032
1.006597,0.563306,0.494714,1.723505,0.671767
1.006597,0.888327,0.819493,1.80811,0.696039
0.792464,0.522674,0.735291,1.889948,0.722583
0.578333,0.807081,0.813479,1.9501,0.748767
0.3642,0.969591,0.891666,2.016168,0.777205
0.3642,1.132102,1.216445,2.074818,0.811811
0.150068,1.457124,1.375828,2.13547,0.873777
0.150068,1.497756,1.700607,2.187403,0.94375
0.3642,1.457124,1.46003,2.210842,1.023923
0.150068,1.822778,1.619412,2.233445,1.123143
0.150068,1.457124,1.457023,2.247633,1.163171
0.3642,1.172734,1.216445,2.263028,1.267263
0.150068,1.213349,1.294633,2.277053,1.371551
0.3642,1.253981,1.29764,2.290987,1.470491
-0.064064,1.538388,1.454015,2.303027,1.574881
-0.064064,1.416492,1.454015,2.304213,1.685056
-0.064064,1.457124,1.53521,2.304213,1.774125
-0.064064,1.457124,1.53521,2.304213,1.847664
0.3642,1.579003,1.541224,2.291998,1.921008
-0.064064,1.294613,1.291626,2.269968,1.975988
-0.064064,1.213349,1.291626,2.236892,2.017684
-0.064064,1.172734,1.129236,2.208568,2.031682
-0.064064,1.253981,1.210431,2.177655,2.031682
-0.064064,1.213349,1.129236,2.138292,2.031982
0.150068,0.482042,0.56388,2.095185,2.036143
0.578333,0.15702,0.163921,2.050143,2.037
0.578333,0.319531,0.32631,2.01015,2.037
0.3642,0.075773,0.160914,1.97055,2.03975
0.578333,0.116388,0.082726,1.91899,2.065576
0.792464,-0.005491,-0.076656,1.861651,2.09744
0.578333,-0.249249,-0.242053,1.802347,2.131353
0.792464,-0.249249,-0.239046,1.73899,2.16339
0.792464,-0.330513,-0.32024,1.670701,2.190311
1.220729,-0.655534,-0.639005,1.590655,2.217208
1.220729,-0.614902,-0.55781,1.519967,2.230808
1.220729,-0.655534,-0.801395,1.425667,2.241475
1.220729,-0.77743,-0.639005,1.345468,2.246231
1.434861,-1.183699,-1.204361,1.256139,2.246975
1.220729,-1.224331,-1.126174,1.167704,2.246975
1.434861,-1.224331,-1.204361,1.098919,2.246975
1.434861,-0.980556,-0.960777,1.034567,2.241065
1.220729,-1.34621,-1.369758,0.978922,2.226682
0.792464,-1.508721,-1.456967,0.922184,2.199057
1.220729,-1.752496,-1.694537,0.858516,2.151167
1.220729,-1.793128,-1.938121,0.823228,2.11372
1.220729,-1.915006,-1.938121,0.807582,2.060052
0.3642,-1.955638,-2.031345,0.802783,2.011547
0.3642,-1.955638,-2.031345,0.801,1.9444
-0.064064,-2.118149,-2.118554,0.797875,1.852125
-0.492329,-1.955638,-1.962179,0.7965,1.754313
-0.920593,-1.99627,-1.968193,0.796,1.662505
-1.134725,-1.874374,-1.890006,0.796,1.60013
-1.134725,-1.83376,-1.890006,0.796,1.549536
-1.134725,-1.874374,-1.890006,0.808175,1.443553
-1.134725,-1.589985,-1.565227,0.82,1.326024
-0.920593,-1.549353,-1.562219,0.821571,1.205268
-1.348857,-1.183699,-1.16226,0.824639,1.098694
-1.134725,-1.021188,-0.996863,0.826199,1.004121
-1.348857,-0.858677,-0.918676,0.854724,0.91763
-1.134725,-0.939941,-0.996863,0.883737,0.8322
-0.920593,-0.899309,-0.993856,0.916488,0.769662
-0.920593,-1.386842,-1.318635,0.942375,0.721125
-0.706461,-1.305595,-1.315628,0.97228,0.67758
-0.492329,-1.06182,-1.150231,1.027253,0.6655
-0.492329,-1.224331,-1.312621,1.094082,0.6655
-0.064064,-0.980556,-1.063022,1.148707,0.6655
-0.064064,-1.06182,-1.063022,1.180658,0.67401
-0.064064,-0.980556,-0.900633,1.20983,0.697892
0.3642,-0.939941,-0.894618,1.219,0.738236
0.792464,-0.452391,-0.401435,1.219,0.805664
0.578333,-0.12737,0.082726,1.219,0.879155
0.3642,0.319531,0.404498,1.2176,0.9338
0.578333,0.482042,0.407505,1.210965,1.030838
0.792464,0.400795,0.410512,1.20554,1.121371
0.792464,0.482042,0.491707,1.201353,1.221889
0.792464,0.64457,0.654097,1.198,1.329626
0.792464,0.807081,0.816486,1.198,1.443918
0.578333,1.050838,1.057063,1.198,1.547153
0.578333,1.172734,1.057063,1.198195,1.612342
0.578333,1.010223,1.057063,1.202655,1.709675
0.578333,1.050838,1.057063,1.209265,1.83805
0.578333,1.416492,1.544232,1.219691,1.921202
0.3642,1.700899,1.622419,1.234683,2.014472
0.578333,1.741514,1.544232,1.244363,2.092197
0.578333,1.579003,1.625426,1.268283,2.182186
0.578333,1.457124,1.463037,1.298026,2.251053
0.3642,1.37586,1.378835,1.334484,2.305998
0.150068,1.538388,1.538217,1.372532,2.348427
0.3642,1.538388,1.541224,1.418179,2.392523
0.3642,1.37586,1.46003,1.474783,2.425212
0.150068,1.457124,1.457023,1.527483,2.447003
0.3642,1.335245,1.378835,1.59009,2.451513
-0.492329,1.37586,1.448001,1.659643,2.451513
-0.278197,1.172734,1.126229,1.731038,2.451513
0.150068,1.09147,0.969854,1.800724,2.443815
-0.492329,1.37586,1.285611,1.847029,2.428965
-0.706461,1.132102,1.03902,1.896573,2.408385
-0.920593,0.807081,0.792428,1.95043,2.378883
-0.920593,0.928959,0.873623,2.000797,2.34175
-0.706461,0.969591,0.87663,2.052942,2.29498
-0.706461,0.847695,0.795436,2.08865,2.2492
-1.134725,0.603938,0.627032,2.114588,2.198806
-1.56299,0.563306,0.539823,2.14066,2.128582
-1.348857,0.603938,0.624024,2.170252,2.04928
-0.920593,0.725817,0.711234,2.199697,1.948439
-1.134725,0.685185,0.708226,2.200768,1.849833
-1.56299,0.441427,0.215043,2.200768,1.780531
-1.134725,0.197652,0.221058,2.200713,1.73431
-1.134725,0.075773,-0.022526,2.193435,1.717
-1.134725,0.075773,0.139863,2.183,1.717
-1.134725,-0.168002,0.058668,2.17079,1.717
-1.56299,-0.452391,-0.515709,2.136213,1.719252
-1.56299,-0.371145,-0.434515,2.086849,1.733481
-1.134725,-0.452391,-0.509695,2.014949,1.762309
-1.348857,-0.614902,-0.593897,1.956928,1.775732
-1.777122,-0.899309,-0.92469,1.861953,1.785955
-1.348857,-1.102452,-1.16226,1.762438,1.792875
-1.56299,-1.224331,-1.246462,1.662873,1.793
-1.56299,-1.183699,-1.246462,1.564994,1.793
-1.348857,-1.34621,-1.405844,1.458861,1.792444
-1.348857,-1.305595,-1.32465,1.368973,1.778576
-1.56299,-1.183699,-1.246462,1.288211,1.757618
-1.348857,-1.021188,-1.081065,1.240726,1.741721
-1.56299,-1.021188,-1.002878,1.147116,1.702119
-0.492329,-0.818045,-0.825452,1.058936,1.64887
-0.920593,-0.939941,-0.019519,0.985333,1.582436
-0.278197,-0.330513,-0.416471,0.929612,1.521392
-0.064064,-0.289881,-0.251075,0.889709,1.467868
-0.278197,-0.330513,-0.254082,0.865561,1.405859
0.150068,0.075773,-0.004483,0.837,1.334978
-0.278197,0.441427,0.476671,0.8281,1.239109
0.578333,0.238284,0.245116,0.815971,1.146955
0.578333,0.360163,0.407505,0.793119,1.045409
0.578333,0.441427,0.4887,0.782066,0.964347
0.578333,0.522674,0.569895,0.782,0.920804
0.792464,0.766449,0.897681,0.782,0.865842
1.006597,0.847695,0.900688,0.785625,0.81675
1.006597,0.685185,0.657104,0.830444,0.776922
1.006597,0.766449,0.819493,0.856051,0.736395
1.220729,0.603938,0.578916,0.905871,0.705157
1.006597,0.563306,0.575909,0.983943,0.674227
1.434861,0.685185,0.581923,1.06931,0.647273
1.434861,0.522674,0.581923,1.159471,0.624209
1.220729,0.482042,0.497722,1.244092,0.60933
1.434861,0.400795,0.500729,1.3043,0.599
1.434861,0.238284,0.338339,1.376168,0.59282
1.434861,0.360163,0.257144,1.452583,0.592435
1.434861,0.15702,0.17595,1.545609,0.592435
1.648994,-0.046123,0.016567,1.638829,0.592435
1.648994,-0.168002,-0.064627,1.73139,0.59769
1.648994,-0.371145,-0.227017,1.805477,0.606625
1.434861,-0.452391,-0.473608,1.875278,0.61555
1.648994,-0.493023,-0.470601,1.980415,0.627866
1.648994,-0.574288,-0.714185,2.062658,0.643331
1.434861,-0.858677,-0.879582,2.139938,0.670318
1.434861,-0.939941,-0.879582,2.19721,0.702558
1.434861,-1.224331,-1.204361,2.241342,0.750086
1.434861,-1.264963,-1.285556,2.2758,0.7968
1.220729,-1.549353,-1.613342,2.302181,0.854136
1.006597,-1.752496,-1.778739,2.321905,0.924589
1.434861,-2.036902,-2.016309,2.329461,1.011526
0.3642,-1.874374,-1.868955,2.333491,1.099053
-0.064064,-2.036902,-2.199749,2.334818,1.203129
-0.064064,-2.28066,-2.280943,2.334818,1.297327
-0.706461,-2.036902,-2.127576,2.334818,1.397639
-0.706461,-1.83376,-2.127576,2.332391,1.498141
-0.492329,-1.752496,-1.718595,2.322313,1.599835
-0.278197,-1.549353,-1.634393,2.316213,1.679567
-0.064064,-1.549353,-1.550191,2.306891,1.734544
0.150068,-1.305595,-1.303599,2.287672,1.79284
0.150068,-1.305595,-1.303599,2.260826,1.827299
0.3642,-0.980556,-1.057008,2.231062,1.8285
-0.064064,-1.06182,-0.981827,2.200677,1.8285
0.150068,-0.452391,-0.491652,2.187899,1.825603
0.578333,-0.493023,-0.485637,2.156547,1.801146
0.3642,-0.168002,-0.24506,2.077018,1.788222
0.792464,-0.574288,-0.563825,1.990258,1.769404
0.3642,-0.005491,-0.001476,1.9035,1.727625
0.3642,0.116388,0.160914,1.819076,1.684025
0.578333,0.278916,0.32631,1.741724,1.643777
0.578333,0.319531,0.32631,1.647972,1.602468
0.578333,0.685185,0.651089,1.523337,1.572451
0.792464,0.685185,0.735291,1.428251,1.540976
0.3642,1.050838,1.054056,1.365075,1.495627
0.578333,1.132102,1.381842,1.284375,1.46425
0.578333,1.294613,1.300647,1.236875,1.45825
0.3642,1.37586,1.378835,1.156162,1.458
0.3642,1.416492,1.46003,1.051331,1.458
0.578333,1.37586,1.463037,0.95175,1.469186
0.578333,1.904042,1.869011,0.859958,1.493855
0.150068,1.619635,1.619412,0.805789,1.525878
0.3642,1.538388,1.541224,0.751791,1.570653
0.150068,1.700899,1.781802,0.706655,1.625185
0.150068,1.416492,1.375828,0.67836,1.686141
0.3642,1.37586,1.378835,0.6675,1.754245
0.150068,1.457124,1.457023,0.6675,1.819226
-0.064064,1.172734,1.454015,0.6675,1.886863
-0.278197,1.132102,1.207424,0.672,1.942375
-0.278197,1.213349,1.126229,0.700309,1.988598
-0.706461,0.969591,1.03902,0.744085,2.032048
-0.492329,0.888327,0.879638,0.79219,2.070953
-0.492329,0.888327,0.798443,0.857704,2.115021
-0.492329,0.64457,0.636053,0.907242,2.144295
-1.777122,0.603938,0.61801,0.981774,2.182623
-0.920593,0.278916,0.30526,1.060157,2.220198
-1.134725,0.075773,0.058668,1.143517,2.25835
-1.348857,-0.005491,-0.025534,1.221043,2.295696
-1.348857,-0.12737,-0.106728,1.244875,2.306875
-0.920593,-0.208634,-0.100714,1.328086,2.341437
-1.134725,-0.371145,-0.672084,1.42575,2.372777
-1.56299,-0.655534,-0.759294,1.503574,2.384286
-0.706461,-0.899309,-0.909654,1.596961,2.387562
-0.920593,-0.980556,-0.831467,1.693133,2.390932
-1.134725,-1.183699,-1.159253,1.76721,2.391
-1.134725,-1.508721,-1.484032,1.822538,2.388619
-1.134725,-1.508721,-1.565227,1.869322,2.385493
-1.134725,-1.549353,-1.565227,1.890729,2.368574
-0.706461,-1.99627,-2.20877,1.892188,2.33076
-0.278197,-2.158781,-2.121561,1.892188,2.297921
-0.278197,-1.874374,-1.959172,1.890245,2.274353
-0.492329,-1.793128,-1.799789,1.868482,2.226289
-0.706461,-1.671249,-1.559212,1.838925,2.1659
-0.706461,-1.386842,-1.396823,1.802076,2.087486
-0.920593,-1.224331,-1.318635,1.740439,2.016007
-0.706461,-0.655534,-0.66607,1.658114,1.959015
-1.134725,-0.655534,-0.672084,1.574926,1.890553
-0.706461,-0.411777,-0.422486,1.498463,1.83931
-0.706461,-0.208634,-0.260096,1.409858,1.78756
-0.706461,-0.086738,-0.016512,1.326967,1.731149
-0.492329,-0.005491,0.06769,1.246457,1.675155
-0.920593,0.360163,0.30526,1.173312,1.61374
-0.492329,0.319531,0.311274,1.106649,1.548845
-0.492329,0.400795,0.392469,1.034746,1.468629
-0.492329,0.563306,0.473664,0.962527,1.386041
-0.278197,0.847695,0.80145,0.914575,1.314081
-0.278197,0.807081,0.80145,0.870528,1.232227
0.150068,1.213349,0.888659,0.84,1.177
-0.064064,1.132102,1.129236,0.831562,1.157161
-0.064064,1.132102,1.129236,0.802765,1.065806
-0.064064,1.213349,1.210431,0.801,0.967465
-0.064064,1.37586,1.291626,0.801,0.870625
0.150068,1.497756,1.457023,0.801147,0.799459
0.150068,1.538388,1.538217,0.8184,0.73878
0.578333,1.538388,1.706621,0.854375,0.696321
0.150068,1.172734,1.132243,0.9164,0.674489
0.578333,1.213349,1.219453,0.992643,0.674
0.792464,1.132102,1.141265,1.072875,0.674
0.3642,0.969591,0.972861,1.166818,0.674087
0.3642,1.09147,1.054056,1.2485,0.679834
0.578333,0.847695,0.894674,1.345195,0.692314
0.792464,0.807081,0.735291,1.43579,0.707748
1.006597,0.603938,0.657104,1.520979,0.724537
1.006597,0.482042,0.41352,1.61315,0.7477
1.006597,0.482042,0.494714,1.71425,0.774
1.220729,0.360163,0.416527,1.804843,0.809438
1.648994,0.441427,0.503736,1.89197,0.856591
1.220729,0.319531,0.335332,1.967857,0.911052
1.220729,0.197652,0.091748,2.037899,0.981407
1.434861,-0.005491,0.01356,2.07995,1.0448
1.220729,-0.005491,0.010553,2.133443,1.1291
1.434861,-0.249249,-0.148829,2.175127,1.229323
1.220729,-0.208634,-0.233031,2.209781,1.349951
1.220729,-0.289881,-0.314226,2.231407,1.455243
1.220729,-0.452391,-0.476616,2.240624,1.55278
1.006597,-0.493023,-0.479623,2.243067,1.654906
1.434861,-1.143067,-1.204361,2.243067,1.745122
1.434861,-1.224331,-1.204361,2.243067,1.8507
1.006597,-0.980556,-1.047986,2.223708,1.959878
1.220729,-0.980556,-1.044979,2.186111,2.044664
1.434861,-1.183699,-1.123166,2.145997,2.115654
1.220729,-0.980556,-0.963784,2.109606,2.156592
1.220729,-1.143067,-1.044979,2.0751,2.156592
1.006597,-1.06182,-0.966791,2.031279,2.156592
0.578333,-0.77743,-0.810416,1.97964,2.149516
0.792464,-0.939941,-0.888604,1.954922,2.089109
0.3642,-0.736798,-0.732229,1.944185,2.009032
0.3642,-0.696166,-0.732229,1.917639,1.909708
0.578333,-0.168002,-0.160858,1.88575,1.808047
0.150068,0.075773,-0.004483,1.853903,1.705567
0.150068,0.15702,0.076712,1.821533,1.601253
0.3642,0.075773,-0.001476,1.794901,1.516065
0.3642,0.238284,0.242108,1.760852,1.410506
0.3642,0.522674,0.485693,1.726785,1.319915
0.150068,0.482042,0.482685,1.687365,1.233904
-0.064064,0.64457,0.723263,1.642681,1.165174
-0.278197,0.766449,0.720255,1.611978,1.119658
-0.064064,0.725817,0.804457,1.571196,1.063632
-0.278197,1.010223,1.045034,1.519162,1.001476
-0.278197,0.807081,0.882645,1.454411,0.943117
-0.278197,0.969591,0.720255,1.391017,0.893083
-0.492329,0.928959,0.960832,1.324668,0.849306
-0.492329,0.563306,0.554859,1.259952,0.812887
-0.064064,0.766449,0.966847,1.191341,0.797629
-0.706461,1.050838,0.87663,1.120291,0.797629
-0.920593,1.050838,0.954818,1.084546,0.797629
-0.706461,1.050838,0.957825,1.021013,0.80221
-1.134725,0.807081,0.870616,0.967227,0.83648
-0.920593,0.969591,0.954818,0.930125,0.922883
-1.348857,0.766449,0.705219,0.89469,1.0136
-1.134725,0.441427,0.464642,0.86734,1.104996
-1.134725,0.563306,0.545837,0.853572,1.18507
-1.348857,0.400795,0.299245,0.850875,1.242231
-1.56299,0.238284,0.296238,0.849,1.335323
-1.56299,0.197652,0.377433,0.849,1.444751
-1.777122,0.075773,0.049647,0.851083,1.531754
-1.56299,-0.168002,-0.272125,0.856592,1.599612
-1.348857,-0.168002,-0.269118,0.867243,1.666282
-1.348857,-0.493023,-0.512702,0.881867,1.729694
-1.134725,-0.736798,-0.753279,0.902275,1.817741
-1.134725,-0.858677,-0.834474,0.91948,1.882379
-1.56299,-1.06182,-0.759294,0.941817,1.950987
-1.56299,-1.183699,-1.165267,0.964936,2.005169
-1.348857,-1.143067,-1.16226,0.999394,2.069373
-1.777122,-1.224331,-1.249469,1.037667,2.127008
-0.706461,-1.305595,-1.315628,1.082229,2.173752
-0.278197,-1.386842,-1.390808,1.116506,2.201416
-0.492329,-1.549353,-1.556205,1.172701,2.235339
0.3642,-1.386842,-1.300592,1.233126,2.2538
0.3642,-1.305595,-1.381787,1.291625,2.255
0.578333,-1.305595,-1.378779,1.331212,2.255
0.578333,-1.386842,-1.297585,1.346342,2.2517
0.792464,-1.06182,-1.050993,1.346802,2.227144
1.220729,-1.224331,-1.126174,1.346802,2.194545
1.006597,-0.899309,-0.723207,1.346432,2.134608
1.220729,-0.77743,-0.7202,1.34532,2.082699
1.434861,-0.533656,-0.473608,1.34532,2.012668
1.220729,-0.736798,-0.801395,1.344216,1.942877
1.434861,-0.533656,-0.473608,1.341285,1.86776
1.220729,-0.452391,-0.476616,1.337875,1.788522
1.220729,-0.493023,-0.476616,1.336,1.716044
1.220729,-0.086738,-0.151837,1.340681,1.650625
1.220729,-0.086738,-0.070642,1.336625,1.63762
1.006597,-0.12737,-0.154844,1.336,1.573557
0.792464,-0.046123,0.004539,1.336,1.530511
0.792464,-0.005491,0.004539,1.321135,1.409959
1.006597,0.278916,0.332325,1.31704,1.29244
1.006597,0.685185,0.657104,1.31704,1.185606
1.006597,0.64457,0.738299,1.31704,1.073518
0.578333,0.64457,0.732284,1.330077,0.959899
0.578333,0.563306,0.651089,1.375031,0.865623
0.578333,0.807081,0.813479,1.423635,0.785187
0.3642,0.888327,0.891666,1.477286,0.73152
0.3642,0.64457,1.135251,1.548079,0.684876
0.3642,1.213349,1.29764,1.632104,0.64934
0.3642,1.253981,1.29764,1.722606,0.624355
0.150068,1.213349,1.132243,1.808554,0.618692
0.150068,0.969591,0.969854,1.883107,0.618692
-0.278197,1.050838,1.045034,1.951354,0.618692
-0.278197,1.132102,1.045034,2.018101,0.627479
-0.278197,1.050838,0.96384,2.082352,0.666609
-0.492329,1.09147,1.042027,2.133418,0.719383
-0.278197,1.294613,1.207424,2.178889,0.785678
-0.492329,1.132102,1.204417,2.220373,0.862135
-0.492329,1.294613,1.204417,2.246412,0.926591
-0.492329,1.09147,1.042027,2.268537,1.018191
-0.706461,1.09147,1.03902,2.28346,1.118941
-1.134725,0.969591,0.951811,2.2863,1.226635
-0.492329,0.969591,0.879638,2.2863,1.327475
0.150068,0.685185,0.645075,2.2863,1.418492
-0.064064,0.319531,0.317289,2.277096,1.535387
0.3642,0.238284,0.242108,2.249905,1.642704
0.792464,0.238284,0.248123,2.220335,1.729124
0.578333,-0.249249,-0.242053,2.18754,1.802534
0.792464,-0.208634,-0.157851,2.149102,1.860737
0.792464,-0.249249,-0.239046,2.093248,1.916052
1.006597,-0.330513,-0.236038,2.014402,1.977199
1.434861,-0.493023,-0.473608,1.931756,2.031181
1.220729,-0.533656,-0.55781,1.858477,2.062004
1.220729,-0.574288,-0.55781,1.762479,2.105051
1.006597,-0.533656,-0.479623,1.66861,2.145688
1.220729,-0.939941,-0.963784,1.554229,2.19384
1.220729,-0.980556,-0.963784,1.439517,2.227288
1.220729,-1.06182,-1.044979,1.34375,2.23706
1.006597,-1.06182,-1.047986,1.2518,2.23706
0.578333,-1.630617,-1.541169,1.178786,2.23706
0.578333,-1.549353,-1.541169,1.105016,2.232384
0.150068,-1.630617,-1.709573,1.046728,2.214619
-0.064064,-1.874374,-1.87497,0.994617,2.182291
-0.278197,-1.83376,-1.877977,0.962293,2.139545
-0.278197,-1.955638,-1.877977,0.945046,2.081478
-0.706461,-1.671249,-1.640407,0.943,2.018375
-0.920593,-1.83376,-1.886998,0.9425,1.932373
-0.920593,-1.711864,-1.724609,0.940187,1.839278
-0.920593,-1.427474,-1.318635,0.93437,1.730759
-1.134725,-1.34621,-1.321642,0.935021,1.637643
-1.348857,-1.183699,-1.243455,0.937711,1.576847
-1.134725,-1.34621,-1.321642,0.941211,1.508832
-1.348857,-0.899309,-0.918676,0.941412,1.425177
-1.348857,-0.696166,-0.675092,0.942164,1.354974
-1.777122,-0.655534,-0.681106,0.958679,1.26819
-1.56299,-0.330513,-0.35332,0.979958,1.164394
-1.348857,-0.411777,-0.350313,1.005778,1.055986
-1.777122,-0.005491,-0.031548,1.02744,0.967168
-1.56299,0.075773,0.133849,1.077485,0.880673
-1.134725,0.319531,0.221058,1.149308,0.800506
-1.134725,0.197652,0.221058,1.213896,0.741425
-1.56299,0.603938,0.539823,1.286826,0.68959
-1.134725,1.050838,1.033005,1.337259,0.662123
-1.134725,0.807081,1.033005,1.39489,0.661
-0.920593,0.807081,0.792428,1.443988,0.661
-0.920593,0.807081,0.711234,1.480447,0.6624
-0.920593,0.807081,0.711234,1.484421,0.682425
-0.706461,0.847695,0.795436,1.484421,0.711863
-0.278197,0.888327,0.720255,1.488234,0.764871
-0.706461,0.888327,0.795436,1.475522,0.834692
-0.706461,0.685185,0.633046,1.463233,0.917825
-0.492329,0.482042,0.473664,1.438921,1.046156
-0.920593,0.441427,0.386455,1.395687,1.184252
-0.492329,0.238284,0.23008,1.361278,1.275166
-0.706461,0.075773,0.064683,1.334755,1.333726
-0.278197,-0.086738,-0.091692,1.305887,1.416507
-0.492329,-0.086738,-0.094699,1.2758,1.491082
-0.492329,-0.411777,-0.500673,1.233369,1.570625
-0.278197,-0.574288,-0.497666,1.180222,1.662666
-0.064064,-0.736798,-0.819438,1.171844,1.733975
-0.278197,-0.899309,-0.90364,1.171844,1.819337
-0.706461,-0.980556,-1.072044,1.171844,1.903025
-0.278197,-1.183699,-1.147224,1.174672,1.978982
0.3642,-1.386842,-1.381787,1.198032,2.04373
0.792464,-1.102452,-1.132188,1.23289,2.097291
1.006597,-1.630617,-1.535155,1.279111,2.136853
1.220729,-1.508721,-1.450953,1.332042,2.163039
1.220729,-1.468106,-1.450953,1.393354,2.18141
1.434861,-1.305595,-1.285556,1.446208,2.190048
1.648994,-1.102452,-1.038964,1.50357,2.193258
1.648994,-1.183699,-1.120159,1.584688,2.193693
1.434861,-0.655534,-0.635998,1.649607,2.193693
1.434861,-0.696166,-0.717193,1.711712,2.192888
1.434861,-0.614902,-0.554803,1.772734,2.176881
1.434861,-0.452391,-0.473608,1.840284,2.157337
1.220729,-0.005491,0.010553,1.90187,2.132823
1.434861,-0.168002,-0.148829,1.942432,2.108254
1.434861,-0.086738,-0.067635,1.981557,2.068357
1.434861,0.116388,0.338339,2.016972,2.01664
1.434861,0.116388,0.17595,2.049128,1.948649
1.006597,0.15702,0.169935,2.076659,1.888417
1.006597,0.278916,0.25113,2.088734,1.840434
1.006597,0.278916,0.332325,2.098633,1.768119
1.006597,0.725817,0.738299,2.109667,1.687192
0.792464,0.522674,0.654097,2.12045,1.604094
0.792464,0.563306,0.654097,2.13,1.524144
0.792464,0.522674,0.572902,2.13,1.442323
0.792464,0.482042,0.491707,2.13,1.34367
1.006597,0.482042,0.41352,2.12975,1.263956
0.578333,0.319531,0.32631,2.122066,1.177835
0.578333,0.116388,0.082726,2.10314,1.11048
0.150068,0.15702,0.157906,2.067268,1.035116
-0.064064,0.238284,0.154899,2.0205,0.96525
-0.492329,0.238284,0.23008,1.97638,0.907843
-0.064064,-0.005491,-0.00749,1.914313,0.855406
-0.278197,-0.168002,-0.172887,1.855176,0.82206
-0.706461,0.035141,0.064683,1.797833,0.808995
-0.706461,-0.086738,-0.097707,1.746622,0.808673
-0.920593,0.15702,0.14287,1.69569,0.808673
-0.706461,-0.046123,-0.016512,1.648693,0.810081
-0.920593,0.197652,0.224065,1.613625,0.829748
-0.492329,-0.168002,-0.094699,1.6135,0.858707
-0.706461,-0.086738,-0.178901,1.6135,0.889105
-0.492329,-0.208634,-0.175894,1.614875,0.91624
-0.492329,-0.411777,-0.338284,1.659965,0.964882
-0.706461,-0.330513,-0.422486,1.725709,1.027684
-0.920593,-0.696166,-0.669077,1.75976,1.110367
-0.920593,-0.818045,-0.669077,1.784779,1.195353
-0.920593,-1.305595,-1.318635,1.79925,1.301775
-0.278197,-1.630617,-1.553198,1.799312,1.409668
0.150068,-1.549353,-1.628378,1.799312,1.506596
1.006597,-1.386842,-1.29157,1.797104,1.626628
1.006597,-1.143067,-1.129181,1.756346,1.747732
1.220729,-0.736798,-0.7202,1.723518,1.855198
1.220729,-0.818045,-0.801395,1.701827,1.9591
1.220729,-0.939941,-0.882589,1.675076,2.054015
1.434861,-0.614902,-0.635998,1.641102,2.146337
1.220729,-0.614902,-0.55781,1.58129,2.243068
1.434861,-0.574288,-0.554803,1.512362,2.318259
1.434861,-0.614902,-0.554803,1.43508,2.382071
1.220729,0.116388,-0.151837,1.354625,2.429143
1.220729,-0.858677,-0.882589,1.298261,2.438072
1.220729,-0.77743,-0.7202,1.222567,2.438072
1.006597,-1.021188,-0.966791,1.1468,2.438072
0.792464,-0.818045,-0.807409,1.058723,2.395651
0.578333,-0.899309,-0.810416,0.985043,2.335089
0.3642,-0.77743,-0.732229,0.90959,2.271163
0.150068,-0.899309,-0.897625,0.855761,2.216292
-0.278197,-0.899309,-0.90364,0.813653,2.174868
-0.706461,-0.736798,-0.66607,0.773187,2.091851
-0.706461,-0.655534,-0.747265,0.760133,2.010324
-0.920593,-0.493023,-0.587882,0.76,1.916278
-0.706461,-0.493023,-0.584875,0.76,1.829
-0.920593,0.075773,0.061676,0.764944,1.730278
-1.348857,0.075773,0.055661,0.79893,1.640473
-1.348857,0.197652,0.136856,0.848888,1.566094
-0.920593,0.197652,0.224065,0.888485,1.52169
-1.134725,0.400795,0.383447,0.930904,1.489399
-1.348857,0.360163,0.38044,1.011187,1.441041
-1.348857,0.441427,0.705219,1.100378,1.401226
-1.777122,0.685185,0.699205,1.200023,1.362836
-0.706461,1.010223,0.795436,1.302284,1.328588
-0.706461,1.010223,0.957825,1.401214,1.300286
-0.920593,1.335245,1.523181,1.494506,1.274346
-0.706461,1.010223,0.957825,1.591742,1.251122
-0.706461,1.09147,1.120215,1.686751,1.215349
-0.492329,1.37586,1.285611,1.777107,1.180717
-0.064064,1.294613,1.372821,1.846965,1.159396
-0.064064,1.294613,1.291626,1.913852,1.1495
-0.278197,1.335245,1.369813,1.955378,1.1495
0.150068,1.213349,1.294633,1.985499,1.1495
0.150068,1.294613,1.294633,1.992491,1.151733
0.150068,1.09147,1.132243,1.993601,1.175091
0.150068,1.132102,0.888659,1.993601,1.202602
0.578333,0.969591,0.894674,1.992185,1.265683
0.792464,0.928959,0.816486,1.987874,1.36922
0.3642,0.766449,0.810472,1.981785,1.474244
0.792464,0.64457,0.735291,1.9769,1.55
0.578333,0.685185,0.569895,1.968137,1.618609
0.792464,0.360163,0.329318,1.94668,1.72892
0.792464,0.238284,0.248123,1.910625,1.860854
1.220729,0.400795,0.335332,1.845436,1.966984
1.220729,0.238284,0.254137,1.774605,2.058778
1.220729,-0.005491,0.010553,1.689045,2.131092
1.220729,-0.208634,-0.151837,1.615719,2.184135
1.220729,-0.208634,-0.233031,1.517505,2.228276
1.220729,-0.086738,-0.151837,1.42175,2.254
1.434861,-0.208634,-0.230024,1.323976,2.261
1.220729,-0.168002,-0.151837,1.219753,2.261
1.006597,-0.249249,-0.154844,1.128102,2.261
0.792464,-0.330513,-0.32024,1.064089,2.258571
0.578333,-0.330513,-0.404442,1.048,2.242536
0.3642,-0.289881,-0.326255,1.048,2.2286
0.150068,-0.005491,-0.004483,1.048,2.211896
-0.064064,0.15702,0.154899,1.061149,2.181859
0.150068,-0.046123,-0.085678,1.120636,2.128883
-0.064064,0.400795,0.398483,1.183155,2.071673
-0.278197,0.15702,0.151892,1.251094,2.00734
-0.278197,0.319531,0.233087,1.32725,1.936
-0.920593,0.563306,0.548844,1.41,1.8517
-0.706461,0.522674,0.551851,1.4775,1.777125
-1.134725,0.725817,0.708226,1.495219,1.75566
-0.920593,0.725817,0.711234,1.573587,1.65769
-1.134725,0.64457,0.708226,1.641426,1.576902
-1.134725,0.482042,0.464642,1.715223,1.48656
-0.920593,0.278916,0.30526,1.784361,1.407285
-1.134725,0.400795,0.383447,1.860215,1.314987
-1.348857,0.278916,0.218051,1.91675,1.22625
-1.348857,0.197652,0.136856,1.9565,1.148
-1.56299,-0.005491,-0.028541,1.986815,1.066811
-1.348857,-0.330513,-0.269118,1.989651,1.008251
-1.56299,-0.289881,-0.35332,1.989651,0.947326
-1.134725,-0.980556,-0.915669,1.989276,0.895625
-0.920593,-0.939941,-0.993856,1.974875,0.85275
-0.706461,-1.183699,-1.153238,1.932983,0.820521
-0.064064,-1.468106,-1.550191,1.877076,0.784363
0.150068,-1.468106,-1.465989,1.817457,0.760934
0.578333,-1.305595,-1.297585,1.707167,0.737456
0.792464,-0.939941,-0.888604,1.615363,0.7276
0.3642,-0.249249,-0.24506,1.527185,0.7275
1.220729,-0.899309,-0.882589,1.4477,0.727875
1.006597,-0.533656,-0.560818,1.38262,0.729686
1.006597,-0.655534,-0.642012,1.315299,0.744971
1.006597,-0.452391,-0.398428,1.236405,0.778954
0.792464,-0.086738,0.004539,1.174446,0.818972
1.006597,-0.086738,-0.073649,1.123757,0.865611
1.006597,-0.005491,0.007546,1.082513,0.919068
1.006597,0.238284,0.25113,1.040404,0.994027
1.006597,0.522674,0.575909,1.004923,1.072298
0.792464,0.482042,0.572902,0.974008,1.151944
0.578333,0.64457,0.651089,0.940068,1.228796
0.578333,0.563306,0.651089,0.918663,1.328248
0.150068,1.09147,1.132243,0.914772,1.419319
0.3642,1.09147,1.054056,0.914772,1.509861
0.150068,1.132102,1.132243,0.914772,1.600158
0.3642,1.497756,0.972861,0.938311,1.686247
-0.064064,0.888327,0.885652,0.990408,1.762431
-0.064064,0.969591,0.966847,1.017592,1.819204
-0.064064,0.807081,0.885652,1.041092,1.843297
-0.064064,0.807081,0.804457,1.062125,1.843297
-0.278197,0.969591,0.96384,1.083773,1.843297
-0.278197,1.213349,1.126229,1.099307,1.835061
-0.278197,1.132102,1.045034,1.111221,1.80175
-0.492329,0.969591,0.960832,1.116263,1.747319
-0.920593,0.888327,0.873623,1.133686,1.682064
-0.492329,0.888327,0.960832,1.156539,1.634818
-0.920593,0.847695,0.630039,1.188824,1.578422
-1.348857,0.482042,0.38044,1.223035,1.51866
-1.348857,0.400795,0.461635,1.275679,1.435443
-1.348857,0.278916,0.218051,1.34959,1.327893
-1.56299,0.238284,0.215043,1.409916,1.223936
-1.134725,-0.330513,-0.266111,1.490604,1.119871
-0.706461,-0.330513,-0.260096,1.562673,1.023604
-1.134725,-0.533656,-0.59089,1.682223,0.889
-1.134725,-0.77743,-0.834474,1.777153,0.823103
-0.920593,-0.818045,-0.831467,1.853416,0.812956
-0.920593,-0.655534,-0.750272,1.921112,0.813697
-1.348857,-0.574288,-0.756286,1.968052,0.820964
-1.134725,-0.533656,-0.59089,2.021596,0.829107
-0.920593,-0.655534,-0.750272,2.06032,0.865865
-0.492329,-0.533656,-0.500673,2.107201,0.938888
-0.706461,-0.371145,-0.422486,2.144486,1.030265
-0.064064,-0.411777,-0.575854,2.166888,1.126089
0.150068,-0.493023,-0.491652,2.178309,1.22263
-0.064064,-0.493023,-0.413464,2.1786,1.321896
0.150068,-0.330513,-0.329262,2.1786,1.42095
0.150068,-0.005491,-0.004483,2.1782,1.5393
0.3642,-0.086738,-0.001476,2.163307,1.64308
0.150068,0.441427,0.239101,2.121696,1.755338
0.3642,0.360163,0.323303,2.074367,1.843397
0.3642,0.482042,0.485693,2.016465,1.923127
0.3642,0.360163,0.485693,1.962978,1.979308
0.578333,0.400795,0.4887,1.895111,2.02265
0.792464,0.685185,0.735291,1.788152,2.057949
1.006597,0.807081,0.819493,1.699318,2.080958
1.006597,0.685185,0.738299,1.605064,2.099053
1.006597,0.522674,0.575909,1.504828,2.109419
1.006597,0.563306,0.575909,1.459148,2.109419
1.006597,0.522674,0.575909,1.39852,2.109419
1.220729,0.563306,0.578916,1.32462,2.103952
0.792464,0.563306,0.491707,1.256178,2.077277
0.792464,0.278916,0.329318,1.199539,2.03731
1.006597,0.360163,0.41352,1.141867,1.985828
1.220729,-0.12737,-0.070642,1.086844,1.907316
1.220729,-0.12737,-0.070642,1.029843,1.824216
1.006597,-0.086738,-0.154844,0.94748,1.751871
1.006597,-0.249249,-0.236038,0.921907,1.679883
1.006597,-0.411777,-0.479623,0.901472,1.5954
1.006597,-0.614902,-0.560818,0.888628,1.536
0.792464,-0.77743,-0.807409,0.887838,1.536
1.006597,-0.899309,-1.129181,0.887838,1.522336
0.792464,-1.224331,-1.132188,0.892161,1.410842
-0.278197,-1.305595,-1.309614,0.91525,1.330403
-0.064064,-1.549353,-1.631385,0.937096,1.228013
-0.278197,-1.711864,-1.715587,0.990577,1.107811
-0.706461,-1.589985,-1.721602,1.051496,1.005586
-1.134725,-1.468106,-1.402837,1.116847,0.917461
-1.134725,-1.468106,-1.484032,1.189863,0.832766
-0.920593,-1.386842,-1.39983,1.259378,0.768438
-0.492329,-0.980556,-1.069037,1.348992,0.724444
-0.920593,-0.533656,-0.344298,1.435309,0.699231
-0.920593,-0.493023,-0.506688,1.517951,0.6871
-1.348857,-0.208634,-0.187923,1.601793,0.6865
-1.56299,-0.005491,-0.028541,1.670541,0.6865
-1.56299,-0.12737,-0.109736,1.754906,0.689469
-1.348857,-0.086738,-0.025534,1.831551,0.710996
-1.348857,0.15702,0.136856,1.915636,0.757958
-1.134725,0.15702,0.139863,1.9865,0.80975
-1.348857,0.116388,0.136856,2.043182,0.870523
-1.348857,0.238284,0.461635,2.089326,0.941069
-0.920593,0.400795,0.30526,2.126144,1.024204
-0.920593,0.400795,0.386455,2.147289,1.103564
-0.920593,0.441427,0.386455,2.152,1.2084
-0.706461,0.685185,0.714241,2.152,1.299545
-0.706461,0.807081,0.714241,2.152,1.387449
-0.492329,0.847695,0.798443,2.145694,1.453239
-0.278197,0.522674,0.639061,2.119253,1.51105
-0.278197,0.64457,0.557866,2.092141,1.547009
-0.064064,0.563306,0.560873,2.072043,1.562973
-0.278197,0.563306,0.557866,2.064383,1.574848
-0.064064,0.441427,0.479678,2.047946,1.589474
-0.278197,0.400795,0.476671,2.0256,1.5905
0.150068,-0.086738,-0.085678,1.980559,1.5905
0.150068,-0.005491,-0.085678,1.917624,1.59074
-0.064064,-0.249249,-0.251075,1.84962,1.586091
0.792464,-0.696166,-0.645019,1.771347,1.565931
0.792464,-0.818045,-0.807409,1.661634,1.531832
0.792464,-0.818045,-0.807409,1.55025,1.49
1.220729,-0.899309,-0.882589,1.435,1.4505
1.434861,-0.858677,-0.960777,1.336938,1.396013
1.434861,-0.77743,-0.635998,1.273069,1.379627
1.434861,-0.655534,-0.635998,1.201497,1.378267
1.434861,-0.493023,-0.473608,1.138652,1.378267
1.648994,-0.208634,-0.227017,1.064206,1.379067
1.434861,-0.208634,-0.230024,0.993375,1.393359
1.648994,0.116388,0.097762,0.92402,1.422109
1.863126,0.075773,0.100769,0.869276,1.453659
1.648994,0.035141,0.097762,0.833378,1.483345
1.434861,0.15702,0.17595,0.794369,1.528534
1.434861,0.278916,0.257144,0.785472,1.5677
1.434861,0.075773,0.094755,0.785472,1.61277
1.220729,0.603938,0.660111,0.785472,1.6618
1.006597,0.928959,0.738299,0.798725,1.715014
1.006597,0.847695,0.981883,0.833873,1.775584
1.006597,1.132102,1.144272,0.889415,1.83371
1.006597,1.050838,1.144272,0.951292,1.875868
0.578333,0.969591,0.975868,1.025018,1.911164
0.3642,1.09147,1.135251,1.095749,1.940175
0.3642,0.807081,0.810472,1.180715,1.971244
0.578333,0.888327,0.975868,1.252802,1.992729
0.3642,1.050838,1.135251,1.336593,2.010871
-0.064064,1.010223,0.966847,1.434347,2.027237
0.150068,1.050838,1.051049,1.526104,2.039954
0.578333,1.213349,1.138258,1.606472,2.044078
-0.064064,0.725817,0.804457,1.681305,2.044078
0.150068,0.482042,0.482685,1.723202,2.044078
0.3642,0.319531,0.323303,1.800028,2.042066
0.150068,0.116388,0.157906,1.879776,2.017756
0.150068,-0.086738,0.076712,1.940228,1.983193
0.150068,-0.208634,-0.085678,1.984842,1.937818
0.3642,-0.371145,-0.40745,1.995163,1.922284
0.578333,-0.696166,-0.810416,2.029588,1.865876
0.792464,-0.939941,-0.888604,2.07155,1.763328
0.792464,-1.06182,-0.969798,2.116619,1.638877
0.792464,-1.386842,-1.294578,2.137974,1.552914
0.578333,-1.630617,-1.541169,2.160988,1.448637
0.578333,-1.589985,-1.541169,2.174024,1.357574
1.006597,-1.752496,-1.697544,2.174815,1.246648
0.578333,-1.955638,-1.865948,2.174815,1.15928
0.792464,-1.874374,-1.862941,2.173119,1.084356
-0.706461,-1.671249,-1.721602,2.151063,1.018687
-0.706461,-1.711864,-1.721602,2.11705,0.973525
-0.920593,-1.589985,-1.643414,2.067703,0.925561
-1.348857,-1.021188,-1.081065,2.007424,0.884696
-1.134725,-0.980556,-0.996863,1.930513,0.859119
-1.348857,-0.493023,-0.512702,1.851875,0.854422
-0.920593,-0.655534,-0.669077,1.788093,0.854422
-1.134725,-0.533656,-0.59089,1.71992,0.854422
-0.706461,-0.493023,-0.422486,1.653301,0.858234
-0.278197,-0.452391,-0.416471,1.602732,0.879465
-0.278197,-0.411777,-0.335277,1.588868,0.889852
-0.278197,-0.208634,-0.254082,1.584468,0.946455
-0.064064,-0.086738,-0.16988,1.550339,1.032439
0.3642,0.400795,0.323303,1.533118,1.128088
0.150068,0.238284,0.239101,1.516356,1.241078
-0.064064,0.766449,0.723263,1.508311,1.348457
0.3642,0.603938,0.648082,1.49244,1.468667
0.792464,0.400795,0.329318,1.4765,1.597875
0.792464,0.807081,0.897681,1.463322,1.725928
0.792464,0.807081,0.735291,1.423579,1.840181
1.006597,0.725817,0.738299,1.37575,1.963125
1.220729,0.847695,0.741306,1.321996,2.066332
1.006597,0.847695,0.819493,1.253864,2.165123
1.006597,0.685185,0.819493,1.186856,2.235981
1.220729,0.64457,0.741306,1.116707,2.29309
1.220729,0.766449,0.741306,1.074646,2.314486
1.006597,0.522674,0.494714,0.977609,2.314486
1.006597,0.360163,0.41352,0.886309,2.314486
1.220729,0.482042,0.497722,0.830861,2.274165
1.006597,-0.046123,0.007546,0.768678,2.209308
1.006597,0.075773,0.169935,0.729145,2.1497
0.792464,-0.005491,0.085733,0.71172,2.079325
0.792464,-0.086738,0.004539,0.705,2.013744
0.3642,-0.086738,-0.082671,0.705,1.904114
0.3642,0.075773,-0.001476,0.705,1.813524
-0.064064,-0.005491,-0.00749,0.705,1.762
-0.492329,0.238284,0.23008,0.725022,1.67483
-0.492329,0.15702,0.148885,0.761593,1.536546
-0.492329,0.400795,0.473664,0.814257,1.389419
-0.706461,0.563306,0.551851,0.887892,1.25292
-0.920593,0.64457,0.467649,0.94911,1.14683
-0.920593,0.400795,0.386455,1.029039,1.050174
-1.134725,0.238284,0.302253,1.085523,1.016
-1.134725,0.319531,0.221058,1.141091,1.016
-0.920593,0.035141,0.061676,1.181379,1.016
-1.134725,-0.005491,-0.022526,1.210041,1.02275
-1.134725,-0.289881,-0.266111,1.22483,1.079135
-1.348857,-0.493023,-0.512702,1.231126,1.169105
-1.348857,-0.493023,-0.512702,1.23457,1.275786
-1.348857,-0.899309,-0.918676,1.239823,1.372706
-1.56299,-0.818045,-0.840488,1.254572,1.479123
-1.134725,-1.102452,-1.078058,1.286823,1.605188
-1.348857,-1.589985,-1.568234,1.319125,1.717
-1.348857,-1.711864,-1.811818,1.355846,1.828074
-1.56299,-1.955638,-1.814825,1.390782,1.922832
0.150068,-1.955638,-1.871962,1.432851,2.007824
0.150068,-1.305595,-1.384794,1.480705,2.09693
0.150068,-1.630617,-1.547183,1.521908,2.160425
0.150068,-1.468106,-1.465989,1.575896,2.221568
0.150068,-1.06182,-1.14121,1.62792,2.270011
0.578333,-1.06182,-1.054,1.6681,2.301788
0.150068,-0.980556,-0.97882,1.688434,2.305706
0.150068,-0.574288,-0.654041,1.722923,2.305706
0.3642,-0.574288,-0.732229,1.795771,2.304866
-0.278197,-0.086738,-0.254082,1.900709,2.265892
-0.492329,0.075773,0.06769,1.998288,2.18954
-0.492329,0.197652,0.148885,2.097491,2.108106
-0.278197,0.482042,0.476671,2.140513,2.037592
-0.278197,0.482042,0.476671,2.159607,1.942744
-0.706461,0.685185,0.633046,2.152207,1.845708
-0.278197,0.807081,0.882645,2.152207,1.743786
-0.278197,0.969591,0.882645,2.147176,1.677666
-0.064064,0.969591,0.966847,2.091089,1.590623
-0.064064,1.294613,1.291626,2.006175,1.522756
-0.278197,1.294613,1.288619,1.918971,1.472096
-0.064064,0.969591,1.048042,1.837928,1.420413
0.150068,1.294613,1.213438,1.738292,1.384274
0.3642,1.37586,1.29764,1.631652,1.349454
0.3642,1.294613,1.29764,1.530013,1.339223
0.3642,1.172734,1.378835,1.435677,1.339223
0.578333,0.888327,0.975868,1.327769,1.339223
0.578333,0.888327,0.894674,1.262456,1.341111
0.578333,0.928959,0.732284,1.165733,1.350839
0.792464,0.847695,0.897681,1.062283,1.369166
1.006597,0.888327,0.900688,0.975482,1.401843
0.792464,0.807081,0.816486,0.895733,1.439534
1.006597,0.807081,0.738299,0.82806,1.478389
1.006597,0.725817,0.738299,0.782649,1.508417
1.220729,0.522674,0.578916,0.765133,1.536189
1.006597,0.522674,0.575909,0.765133,1.566525
0.792464,0.278916,0.329318,0.765133,1.599353
1.220729,0.197652,0.172943,0.771122,1.604571
1.220729,0.116388,0.172943,0.828438,1.604571
1.006597,-0.208634,-0.236038,0.910373,1.604571
0.792464,-0.249249,-0.239046,0.996162,1.586744
0.792464,-0.411777,-0.48263,1.053872,1.561917
0.3642,-0.533656,-0.569839,1.141898,1.51555
0.3642,-0.655534,-0.569839,1.234708,1.451878
0.3642,-0.818045,-0.894618,1.318028,1.382754
-0.064064,-0.899309,-0.819438,1.4143,1.297
-0.064064,-1.021188,-0.819438,1.461,1.255
-0.278197,-1.021188,-0.984835,1.545061,1.185747
-0.492329,-1.143067,-1.150231,1.686657,1.07937
-0.706461,-1.143067,-1.153238,1.794756,1.026923
-0.920593,-1.305595,-1.318635,1.889505,1.0238
-1.134725,-1.386842,-1.484032,1.960269,1.025
-1.348857,-1.630617,-1.568234,2.036456,1.025
-1.134725,-1.589985,-1.646421,2.119691,1.056095
-0.920593,-1.711864,-1.643414,2.18293,1.128501
-1.348857,-1.793128,-1.893013,2.225482,1.211639
-0.920593,-2.077517,-2.049388,2.25694,1.311202
0.150068,-2.118149,-2.115547,2.278423,1.427197
0.578333,-1.955638,-2.028338,2.281779,1.544793
0.792464,-1.955638,-1.944136,2.281779,1.64607
1.006597,-1.955638,-1.941128,2.280608,1.753036
1.220729,-1.386842,-1.450953,2.253825,1.88383
1.220729,-1.386842,-1.369758,2.205869,2.002042
1.434861,-1.427474,-1.366751,2.139683,2.109078
1.434861,-1.021188,-1.041972,2.088262,2.165102
1.434861,-0.939941,-0.960777,2.005778,2.1985
1.648994,-0.858677,-0.79538,1.935292,2.1985
1.434861,-0.371145,-0.392414,1.85176,2.1985
1.434861,-0.411777,-0.392414,1.777428,2.184526
1.434861,-0.371145,-0.311219,1.762,2.173
1.434861,-0.249249,-0.230024,1.74998,2.133298
1.220729,-0.168002,-0.151837,1.714625,2.033375
1.220729,0.116388,0.172943,1.694055,1.964234
1.220729,0.482042,0.497722,1.663979,1.836222
1.006597,0.319531,0.332325,1.631431,1.685326
0.792464,0.685185,0.654097,1.604398,1.525143
0.578333,0.603938,0.651089,1.584808,1.390263
0.578333,0.807081,0.813479,1.5659,1.240053
0.3642,1.050838,1.054056,1.5408,1.096908
0.150068,1.050838,1.051049,1.487507,0.9912
0.578333,0.969591,1.057063,1.46039,0.905323
0.578333,1.09147,1.057063,1.416722,0.855221
0.792464,1.050838,1.384849,1.361266,0.824786
0.578333,1.132102,1.138258,1.309091,0.82081
0.578333,1.213349,1.138258,1.236861,0.82081
0.3642,1.132102,1.135251,1.164746,0.82281
0.3642,1.132102,1.135251,1.126793,0.849177
0.3642,0.969591,0.972861,1.066996,0.897539
0.578333,0.969591,0.894674,1.027027,0.966226
0.3642,0.603938,0.566887,0.994227,1.029868
-0.064064,0.400795,0.317289,0.949295,1.099727
-0.278197,0.319531,0.233087,0.885804,1.183688
-0.064064,-0.086738,-0.00749,0.843,1.27675
-0.064064,-0.168002,-0.16988,0.806,1.36425
-0.492329,-0.249249,-0.257089,0.774,1.450233
-0.706461,-0.574288,-0.584875,0.774,1.52134
-0.920593,-0.574288,-0.587882,0.774,1.577556
-0.706461,-0.899309,-0.909654,0.782443,1.639711
-0.920593,-0.77743,-0.993856,0.820678,1.681253
-0.920593,-0.980556,-0.993856,0.890386,1.718353
-0.706461,-1.386842,-1.478018,0.980411,1.739409
-0.920593,-1.630617,-1.643414,1.079968,1.748422
-1.134725,-1.711864,-1.727616,1.192827,1.748792
-1.134725,-1.711864,-1.727616,1.278524,1.749087
-1.134725,-1.874374,-1.646421,1.398591,1.750911
-1.134725,-1.671249,-1.646421,1.493236,1.751
-1.134725,-1.589985,-1.646421,1.526373,1.751321
-1.348857,-1.589985,-1.568234,1.674735,1.754198
-1.134725,-0.818045,-0.834474,1.775776,1.76987
-1.56299,-0.818045,-0.840488,1.869127,1.796305
-1.134725,-0.696166,-0.753279,1.984903,1.834765
-1.348857,-0.493023,-0.593897,2.043564,1.866645
-1.134725,-0.533656,-0.509695,2.064497,1.933163
-1.348857,-0.208634,-0.187923,2.065463,2.001974
-1.56299,0.15702,0.133849,2.065463,2.066149
-1.348857,0.15702,0.218051,2.065021,2.125201
-0.920593,0.319531,0.30526,2.04586,2.173538
-1.134725,0.482042,0.464642,2.014925,2.213237
-1.134725,0.685185,0.708226,1.941842,2.265103
-0.920593,0.725817,0.630039,1.835625,2.295625
-0.920593,0.725817,0.792428,1.763752,2.323155
-0.706461,0.888327,0.87663,1.698266,2.353512
-0.278197,1.416492,1.451008,1.657022,2.375455
-0.064064,1.172734,1.129236,1.586371,2.379532
-0.278197,1.050838,1.126229,1.481207,2.379532
-0.064064,1.294613,1.291626,1.389788,2.379532
0.150068,1.294613,1.294633,1.305923,2.37307
0.150068,1.538388,1.538217,1.217215,2.33889
0.578333,1.700899,1.706621,1.149407,2.284709
0.578333,1.619635,1.706621,1.049072,2.215493
0.3642,1.416492,1.46003,0.919231,2.121799
0.578333,1.416492,1.381842,0.880346,2.008025
0.578333,1.457124,1.381842,0.853516,1.901898
0.578333,1.253981,1.300647,0.841858,1.776296
0.578333,1.132102,1.138258,0.841,1.677
1.006597,0.969591,0.981883,0.841,1.598381
1.006597,0.807081,0.819493,0.841232,1.465959
1.220729,0.766449,0.741306,0.849162,1.370023
1.220729,0.847695,0.822501,0.881544,1.26407
1.220729,0.807081,0.741306,0.9005,1.238675
1.220729,0.685185,0.660111,0.903022,1.238675
1.220729,0.685185,0.660111,0.913655,1.238675
1.648994,0.725817,0.74732,0.963637,1.244755
1.434861,0.685185,0.663118,0.97691,1.255982
1.648994,0.563306,0.584931,0.99275,1.26525
1.434861,0.725817,0.663118,0.994,1.266
1.434861,0.64457,0.663118,1.01025,1.271625
1.220729,0.685185,0.741306,1.036635,1.285528
0.792464,0.441427,0.410512,1.084333,1.315717
1.006597,0.400795,0.41352,1.106849,1.325839
0.578333,0.603938,0.651089,1.204532,1.342471
0.150068,0.603938,0.645075,1.331817,1.369824
0.3642,0.400795,0.404498,1.392929,1.391793
-0.064064,0.563306,0.479678,1.484125,1.416485
-0.064064,0.685185,0.885652,1.607722,1.438625
-0.064064,0.563306,0.560873,1.730255,1.498893
-0.492329,0.400795,0.392469,1.831581,1.60167
-0.492329,0.319531,0.473664,1.90261,1.695653
-0.920593,0.400795,0.386455,1.97039,1.800407
-0.920593,0.319531,0.30526,2.028916,1.885345
-1.134725,0.035141,-0.022526,2.059315,1.953837
-0.706461,-0.086738,-0.097707,2.100843,1.969444
-0.920593,-0.249249,-0.263103,2.144804,1.969444
-1.134725,-0.371145,-0.4285,2.177277,1.969444
-1.134725,-0.655534,-0.672084,2.194995,1.94087
-1.348857,-0.655534,-0.593897,2.198125,1.8632
-1.348857,-0.899309,-0.918676,2.198488,1.775255
-0.492329,-1.224331,-1.231426,2.198488,1.662761
-0.706461,-1.468106,-1.315628,2.196157,1.537128
-1.134725,-1.468106,-1.240448,2.190063,1.413094
-0.706461,-1.874374,-1.802797,2.170715,1.326661
-0.706461,-1.955638,-1.883991,2.133128,1.233519
-0.492329,-1.874374,-1.880984,2.109426,1.144689
-0.278197,-1.874374,-1.877977,2.07975,1.047625
0.150068,-1.549353,-1.790768,2.042173,0.949493
0.150068,-1.386842,-1.303599,1.973104,0.864558
-0.064064,-0.980556,-1.063022,1.897466,0.806889
0.150068,-0.858677,-0.897625,1.800923,0.753786
0.3642,-0.696166,-0.569839,1.747969,0.729146
0.3642,-0.614902,-0.651034,1.628392,0.682531
0.150068,-0.411777,-0.329262,1.507125,0.65825
0.150068,-0.168002,-0.166873,1.402967,0.657
-0.278197,0.15702,0.151892,1.269237,0.657
-0.278197,0.563306,0.557866,1.144116,0.657276
-0.278197,0.603938,0.639061,1.039312,0.682176
-0.064064,0.482042,0.560873,0.958625,0.7175
-0.278197,0.969591,0.96384,0.913297,0.751378
-0.278197,1.132102,1.126229,0.887619,0.809031
-0.064064,0.888327,0.966847,0.865093,0.885714
-0.278197,0.888327,0.882645,0.8362,0.984063
0.150068,1.010223,1.051049,0.817887,1.077229
0.150068,1.010223,0.969854,0.798329,1.199679
0.578333,0.928959,0.975868,0.779564,1.327008
0.150068,0.888327,0.888659,0.758021,1.452731
0.3642,0.807081,0.891666,0.725938,1.558984
0.150068,0.685185,0.56388,0.662125,1.6715
0.3642,0.360163,0.404498,0.635649,1.744251
0.792464,0.15702,0.248123,0.625929,1.774154
0.792464,0.075773,0.085733,0.627609,1.773884
1.006597,0.035141,0.007546,0.629498,1.77358
1.220729,-0.086738,0.010553,0.631388,1.773276
1.220729,-0.005491,0.010553,0.658871,1.73588
1.006597,0.116388,0.332325,0.710502,1.663607
1.434861,-0.046123,0.094755,0.773042,1.578278
1.434861,0.238284,0.17595,0.801298,1.541129
1.434861,0.400795,0.419534,0.865722,1.467647
1.434861,0.319531,0.419534,0.96395,1.369242
1.434861,0.563306,0.581923,1.09275,1.256437
1.006597,0.522674,0.575909,1.222324,1.157276
1.434861,0.64457,0.581923,1.333894,1.078346
1.220729,0.685185,0.578916,1.430398,1.019419
1.220729,0.766449,0.903695,1.551769,0.981747
1.006597,0.969591,0.900688,1.671647,0.981347
0.792464,0.969591,0.978876,1.786221,0.981347
0.792464,1.050838,1.141265,1.86845,0.986201
0.792464,1.132102,1.141265,1.950405,1.02597
0.792464,1.050838,1.141265,2.026253,1.074437
0.578333,1.010223,1.057063,2.126134,1.142739
1.006597,1.09147,1.063078,2.184993,1.237912
1.006597,1.213349,1.225467,2.228422,1.336191
1.220729,0.928959,0.98489,2.2627,1.451589
